order_number,order_key,store,order_type,status,ordered_day,shipped_day,pnl_day,warehouse,carrier,units,packages,shipping_cost,pick_pack_cost,packaging_cost,total_cost,cost_status,cost_currency
151621,6636101370166,Cattasaurus - shoproxstore - Shopify,direct_to_consumer,fulfilled,2025-06-01,,2025-06-01,NV3,ShipMonk,1,0,13.88,2.26,0.0,16.14,shipmonk_estimate,USD
151628,6636298862902,Cattasaurus - shoproxstore - Shopify,direct_to_consumer,fulfilled,2025-06-01,2025-06-03,2025-06-01,PA2,OnTrac,1,1,16.87,2.26,0.0,19.13,shipmonk_estimate,USD
151631_1,43a0d731-bab2-4635-9bea-7610cfba8e0c,Cattasaurus - shoproxstore - Shopify,direct_to_consumer,fulfilled,2025-06-01,2025-06-04,2025-06-01,NV3,USPS,1,1,5.1,1.89,0.3,7.29,shipmonk_estimate,USD
151633,6636387270966,Cattasaurus - shoproxstore - Shopify,direct_to_consumer,fulfilled,2025-06-01,2025-06-04,2025-06-01,PA2,FedEx,2,1,18.42,2.63,0.0,21.05,shipmonk_estimate,USD
151635,6636473811254,Cattasaurus - shoproxstore - Shopify,direct_to_consumer,fulfilled,2025-06-01,2025-06-06,2025-06-01,PA2,FedEx,3,1,19.47,3.0,0.0,22.47,shipmonk_estimate,USD
151648_1,c2d6643f-6705-4cc9-bbc2-5b2db240183a,Cattasaurus - shoproxstore - Shopify,direct_to_consumer,fulfilled,2025-06-02,2025-06-04,2025-06-02,PA2,USPS,1,1,5.43,1.89,0.0,7.32,shipmonk_estimate,USD
151653_1,64273689-f3c0-4419-b728-630b5130b5e9,Cattasaurus - shoproxstore - Shopify,direct_to_consumer,fulfilled,2025-06-02,2025-06-04,2025-06-02,PA2,USPS,2,1,6.68,3.37,0.3,10.35,shipmonk_estimate,USD
151657,6637627670838,Cattasaurus - shoproxstore - Shopify,direct_to_consumer,fulfilled,2025-06-02,2025-07-24,2025-06-02,NV3,OnTrac,1,1,11.02,2.5,0.0,13.52,shipmonk_estimate,USD
151658,6637628031286,Cattasaurus - shoproxstore - Shopify,direct_to_consumer,fulfilled,2025-06-02,2025-06-03,2025-06-02,PA2,USPS,1,1,5.61,1.89,0.0,7.5,shipmonk_estimate,USD
151669_1,3771ba73-8890-4b0a-86f8-839fb09632f0,Cattasaurus - shoproxstore - Shopify,direct_to_consumer,fulfilled,2025-06-02,2025-06-04,2025-06-02,PA2,OnTrac,1,1,6.21,1.89,0.0,8.1,shipmonk_estimate,USD
151678,6638111260982,Cattasaurus - shoproxstore - Shopify,direct_to_consumer,fulfilled,2025-06-02,2025-06-06,2025-06-02,PA2,FedEx,3,1,27.95,3.0,0.0,30.95,shipmonk_estimate,USD
151684_1,92425a72-d5ff-406b-a9f4-d87db845b227,Cattasaurus - shoproxstore - Shopify,direct_to_consumer,fulfilled,2025-06-02,2025-06-04,2025-06-02,PA2,DHL eCommerce,1,1,4.97,1.89,0.5,7.36,shipmonk_estimate,USD
151701,6639214494006,Cattasaurus - shoproxstore - Shopify,direct_to_consumer,fulfilled,2025-06-03,2025-06-06,2025-06-03,PA2,FedEx,3,1,27.38,3.0,0.0,30.38,shipmonk_estimate,USD
151706_1,93c9a20f-84c4-419c-a675-722a1e3bea5c,Cattasaurus - shoproxstore - Shopify,direct_to_consumer,fulfilled,2025-06-03,2025-06-06,2025-06-03,PA2,DHL eCommerce,1,1,5.68,1.89,0.0,7.57,shipmonk_estimate,USD
151708,6639391015222,Cattasaurus - shoproxstore - Shopify,direct_to_consumer,fulfilled,2025-06-03,2025-06-06,2025-06-03,PA2,OnTrac,2,1,13.26,2.63,0.0,15.89,shipmonk_estimate,USD
151709_1,2d18a77b-ba50-4725-9436-8438611976a3,Cattasaurus - shoproxstore - Shopify,direct_to_consumer,fulfilled,2025-06-03,2025-06-06,2025-06-03,PA2,OnTrac,1,1,6.21,1.89,0.0,8.1,shipmonk_estimate,USD
151717,6639663481142,Cattasaurus - shoproxstore - Shopify,direct_to_consumer,fulfilled,2025-06-03,2025-06-05,2025-06-03,PA2,FedEx,1,1,16.87,2.26,0.0,19.13,shipmonk_estimate,USD
151723_1,60f9cee5-848a-43bf-b0c7-e5cbaf8089de,Cattasaurus - shoproxstore - Shopify,direct_to_consumer,fulfilled,2025-06-03,2025-06-06,2025-06-03,PA2,DHL eCommerce,1,1,5.68,1.89,0.0,7.57,shipmonk_estimate,USD
151730_1,419d0e2e-1613-4fbe-a764-5addb4470984,Cattasaurus - shoproxstore - Shopify,direct_to_consumer,fulfilled,2025-06-03,2025-06-06,2025-06-03,PA2,DHL eCommerce,2,1,8.68,3.0,0.5,12.18,shipmonk_estimate,USD
151732,6640007217462,Cattasaurus - shoproxstore - Shopify,direct_to_consumer,fulfilled,2025-06-03,2025-06-05,2025-06-03,PA2,OnTrac,1,1,6.21,1.89,0.0,8.1,shipmonk_estimate,USD
151138-01,1b03fae1-cf3d-42bb-9118-3becb6358227,Cattasaurus - shoproxstore - Shopify,direct_to_consumer,fulfilled,2025-06-04,2025-06-04,2025-06-04,PA2,FedEx,2,1,21.18,2.63,0.0,23.81,shipmonk_estimate,USD
151364-01,b69a7b34-3159-4a45-a7ee-27e95256d4e4,Cattasaurus - shoproxstore - Shopify,direct_to_consumer,fulfilled,2025-06-04,2025-06-04,2025-06-04,PA2,USPS,1,1,5.61,1.89,0.0,7.5,shipmonk_estimate,USD
151737_1,714a4c49-378d-4dc2-bce4-c1f45a0c9f11,Cattasaurus - shoproxstore - Shopify,direct_to_consumer,fulfilled,2025-06-04,2025-06-06,2025-06-04,PA2,DHL eCommerce,1,1,6.21,1.89,0.0,8.1,shipmonk_estimate,USD
151739_1,852719ca-ac0c-49cf-95d2-16bf90dd1f02,Cattasaurus - shoproxstore - Shopify,direct_to_consumer,fulfilled,2025-06-04,2025-06-07,2025-06-04,PA2,DHL eCommerce,1,1,4.89,1.89,0.3,7.08,shipmonk_estimate,USD
151753,6641042063670,Cattasaurus - shoproxstore - Shopify,direct_to_consumer,fulfilled,2025-06-04,2025-06-06,2025-06-04,PA2,OnTrac,1,1,15.36,2.26,0.0,17.62,shipmonk_estimate,USD
151756_1,2ba5bd05-6846-4c9d-9c9b-f439a3335236,Cattasaurus - shoproxstore - Shopify,direct_to_consumer,fulfilled,2025-06-04,2025-06-06,2025-06-04,PA2,OnTrac,1,1,5.61,1.89,0.0,7.5,shipmonk_estimate,USD
151760_1,d2629806-3e60-42fa-a3ff-24fd1b7907dc,Cattasaurus - shoproxstore - Shopify,direct_to_consumer,fulfilled,2025-06-04,2025-06-06,2025-06-04,PA2,DHL eCommerce,1,1,4.97,2.26,0.3,7.53,shipmonk_estimate,USD
151761_1,3d2933fa-2449-4b00-a292-8ba5b6220a13,Cattasaurus - shoproxstore - Shopify,direct_to_consumer,fulfilled,2025-06-04,2025-06-06,2025-06-04,PA2,OnTrac,1,1,5.61,1.89,0.0,7.5,shipmonk_estimate,USD
151764_1,cc9119fa-f4fc-48ff-8f85-11fc44dedf9e,Cattasaurus - shoproxstore - Shopify,direct_to_consumer,fulfilled,2025-06-04,2025-06-06,2025-06-04,PA2,USPS,1,1,4.64,1.89,0.3,6.83,shipmonk_estimate,USD
151767_1,a3ecc55a-00dd-4a29-a52d-611db9c955dd,Cattasaurus - shoproxstore - Shopify,direct_to_consumer,fulfilled,2025-06-04,2025-06-06,2025-06-04,PA2,OnTrac,1,1,6.21,1.89,0.0,8.1,shipmonk_estimate,USD
151778_1,533d24cf-736f-4945-91bd-35a16d8b1141,Cattasaurus - shoproxstore - Shopify,direct_to_consumer,fulfilled,2025-06-05,2025-06-06,2025-06-05,PA2,OnTrac,1,1,6.21,1.89,0.0,8.1,shipmonk_estimate,USD
151782_1,d9dc57c2-c62a-407e-bd0c-85703ec0dc05,Cattasaurus - shoproxstore - Shopify,direct_to_consumer,fulfilled,2025-06-05,2025-06-07,2025-06-05,PA2,OnTrac,1,1,5.41,1.89,0.0,7.3,shipmonk_estimate,USD
151791,6642440175926,Cattasaurus - shoproxstore - Shopify,direct_to_consumer,fulfilled,2025-06-05,2025-06-06,2025-06-05,PA2,OnTrac,1,1,16.85,2.63,0.0,19.48,shipmonk_estimate,USD
151795_1,e5e84d7e-e739-4026-ac9f-0e1b2e8ffd6d,Cattasaurus - shoproxstore - Shopify,direct_to_consumer,fulfilled,2025-06-05,2025-06-07,2025-06-05,PA2,OnTrac,1,1,5.61,1.89,0.0,7.5,shipmonk_estimate,USD
151811,6642906104118,Cattasaurus - shoproxstore - Shopify,direct_to_consumer,fulfilled,2025-06-05,2025-06-07,2025-06-05,PA2,OnTrac,1,1,5.41,1.89,0.0,7.3,shipmonk_estimate,USD
151812_1,221b2b4d-9101-4b9f-acff-cae54f52aece,Cattasaurus - shoproxstore - Shopify,direct_to_consumer,fulfilled,2025-06-05,2025-06-07,2025-06-05,PA2,DHL eCommerce,1,1,5.41,2.26,0.5,8.17,shipmonk_estimate,USD
151813_1,073f0483-20a9-45fa-a400-75bece998e06,Cattasaurus - shoproxstore - Shopify,direct_to_consumer,fulfilled,2025-06-05,2025-06-07,2025-06-05,PA2,DHL eCommerce,1,1,5.61,1.89,0.0,7.5,shipmonk_estimate,USD
151817_1,f4efaf7c-4002-4e68-9f12-f8aa73671053,Cattasaurus - shoproxstore - Shopify,direct_to_consumer,fulfilled,2025-06-05,2025-06-09,2025-06-05,NV3,DHL eCommerce,1,1,4.89,1.89,0.3,7.08,shipmonk_estimate,USD
151819_1,babdbe4e-fd8b-4386-8f81-d30605d874de,Cattasaurus - shoproxstore - Shopify,direct_to_consumer,fulfilled,2025-06-05,2025-06-07,2025-06-05,PA2,USPS,1,1,4.89,1.89,0.3,7.08,shipmonk_estimate,USD
151821_1,3dacb9b0-f24d-428c-a9d2-3530b87cdf41,Cattasaurus - shoproxstore - Shopify,direct_to_consumer,fulfilled,2025-06-05,2025-06-07,2025-06-05,PA2,OnTrac,1,1,6.21,1.89,0.0,8.1,shipmonk_estimate,USD
151823_1,b8c9ca8b-6076-4edb-bcd1-8eb649e9c0fb,Cattasaurus - shoproxstore - Shopify,direct_to_consumer,fulfilled,2025-06-05,2025-06-07,2025-06-05,PA2,DHL eCommerce,1,1,5.68,2.26,0.5,8.44,shipmonk_estimate,USD
151825_1,5c328a63-873d-4b0f-88bf-7a405d7e8003,Cattasaurus - shoproxstore - Shopify,direct_to_consumer,fulfilled,2025-06-05,2025-06-07,2025-06-05,PA2,OnTrac,1,1,5.41,1.89,0.0,7.3,shipmonk_estimate,USD
151827_1,41b5f987-727a-4e56-95ae-00a2ae137182,Cattasaurus - shoproxstore - Shopify,direct_to_consumer,fulfilled,2025-06-05,2025-06-07,2025-06-05,PA2,DHL eCommerce,1,1,4.62,1.89,0.3,6.81,shipmonk_estimate,USD
151831_1,d776302b-8cf3-47c1-8002-322f6f6c4c5b,Cattasaurus - shoproxstore - Shopify,direct_to_consumer,fulfilled,2025-06-05,2025-06-16,2025-06-05,PA2,USPS,1,1,4.89,1.89,0.3,7.08,shipmonk_estimate,USD
151834_1,1cf47f76-d131-453e-84fa-7875bc2a2bf7,Cattasaurus - shoproxstore - Shopify,direct_to_consumer,fulfilled,2025-06-05,2025-06-07,2025-06-05,PA2,USPS,1,1,4.64,1.89,0.3,6.83,shipmonk_estimate,USD
151837_1,22a1e241-ec3b-4285-bee9-e190a0e3141c,Cattasaurus - shoproxstore - Shopify,direct_to_consumer,fulfilled,2025-06-05,2025-06-07,2025-06-05,PA2,OnTrac,1,1,5.41,1.89,0.0,7.3,shipmonk_estimate,USD
151838,6643316064566,Cattasaurus - shoproxstore - Shopify,direct_to_consumer,fulfilled,2025-06-05,2025-06-07,2025-06-05,PA2,OnTrac,1,1,6.21,1.89,0.0,8.1,shipmonk_estimate,USD
151843_1,05296ae1-3c8f-4ea8-abf5-239b7826becb,Cattasaurus - shoproxstore - Shopify,direct_to_consumer,fulfilled,2025-06-05,2025-06-09,2025-06-05,NV3,USPS,1,1,4.64,1.89,0.3,6.83,shipmonk_estimate,USD
INF029,86d7384e-7122-4332-ac49-4218c6fbf73a,Cattasaurus - Manual Store,direct_to_consumer,fulfilled,2025-06-05,2025-06-05,2025-06-05,PA2,FedEx,1,1,19.64,2.26,0.0,21.9,shipmonk_estimate,USD
151850_1,ab0ba0d0-11b5-421f-a16d-aeb3efcb1f39,Cattasaurus - shoproxstore - Shopify,direct_to_consumer,fulfilled,2025-06-06,2025-06-13,2025-06-06,PA2,OnTrac,1,1,6.21,1.89,0.0,8.1,shipmonk_estimate,USD
151852_1,1db534a3-bc2f-4df6-964a-815285c1136d,Cattasaurus - shoproxstore - Shopify,direct_to_consumer,fulfilled,2025-06-06,2025-06-13,2025-06-06,PA2,OnTrac,1,1,5.61,1.89,0.0,7.5,shipmonk_estimate,USD
151859_1,8660cfba-6141-4e69-97af-a945532b8c4f,Cattasaurus - shoproxstore - Shopify,direct_to_consumer,fulfilled,2025-06-06,2025-06-15,2025-06-06,PA2,OnTrac,1,1,5.41,1.89,0.0,7.3,shipmonk_estimate,USD
151861_1,02f8c102-4620-4e4c-a497-7af379ebaf52,Cattasaurus - shoproxstore - Shopify,direct_to_consumer,fulfilled,2025-06-06,2025-06-13,2025-06-06,PA2,OnTrac,2,1,6.35,2.63,0.5,9.48,shipmonk_estimate,USD
151867_1,4a1941a1-ce28-4437-80d3-76d8d7309edf,Cattasaurus - shoproxstore - Shopify,direct_to_consumer,fulfilled,2025-06-06,2025-06-12,2025-06-06,NV3,USPS,1,1,5.68,2.26,0.5,8.44,shipmonk_estimate,USD
151870_1,52af1cd2-bf74-4e1f-8eb3-d2732d1eeed3,Cattasaurus - shoproxstore - Shopify,direct_to_consumer,fulfilled,2025-06-06,2025-06-13,2025-06-06,PA2,OnTrac,1,1,6.21,1.89,0.0,8.1,shipmonk_estimate,USD
151874_1,cbb90cd1-d955-4d78-9579-bb3e81254e74,Cattasaurus - shoproxstore - Shopify,direct_to_consumer,fulfilled,2025-06-06,2025-06-15,2025-06-06,PA2,OnTrac,1,1,6.21,1.89,0.0,8.1,shipmonk_estimate,USD
151878_1,d41eeac1-4ae4-4d38-8816-0e2496084b60,Cattasaurus - shoproxstore - Shopify,direct_to_consumer,fulfilled,2025-06-06,2025-06-16,2025-06-06,PA2,DHL eCommerce,1,1,5.68,1.89,0.0,7.57,shipmonk_estimate,USD
151881_1,9a59820b-71e8-4da4-b5fe-7a2840612d6a,Cattasaurus - shoproxstore - Shopify,direct_to_consumer,fulfilled,2025-06-06,2025-06-13,2025-06-06,PA2,OnTrac,1,1,6.21,1.89,0.0,8.1,shipmonk_estimate,USD
151887_1,e9348ca7-005e-4d52-aa72-a237060c3bb9,Cattasaurus - shoproxstore - Shopify,direct_to_consumer,fulfilled,2025-06-06,2025-06-13,2025-06-06,PA2,DHL eCommerce,1,1,4.64,1.89,0.3,6.83,shipmonk_estimate,USD
151898_1,d7bc61ea-9ffa-44a9-9ea1-0df3f87dcea7,Cattasaurus - shoproxstore - Shopify,direct_to_consumer,fulfilled,2025-06-06,2025-06-16,2025-06-06,PA2,DHL eCommerce,1,1,4.62,1.89,0.3,6.81,shipmonk_estimate,USD
151908_1,16c01c52-2c6f-4970-abdf-1331d3cec8ea,Cattasaurus - shoproxstore - Shopify,direct_to_consumer,fulfilled,2025-06-06,2025-06-13,2025-06-06,PA2,OnTrac,1,1,6.21,1.89,0.0,8.1,shipmonk_estimate,USD
111-4473681-0422619,111-4473681-0422619,Cattasaurus - Amazon USA,direct_to_consumer,fulfilled,2025-06-07,2025-06-09,2025-06-07,NV3,USPS,1,1,4.89,1.89,0.3,7.08,shipmonk_estimate,USD
151909,6645487665462,Cattasaurus - shoproxstore - Shopify,direct_to_consumer,fulfilled,2025-06-07,2025-06-08,2025-06-07,PA2,FedEx,2,1,19.64,2.63,0.0,22.27,shipmonk_estimate,USD
151913_1,93e3582f-7994-41a1-a854-1e97c86b9b86,Cattasaurus - shoproxstore - Shopify,direct_to_consumer,fulfilled,2025-06-07,2025-06-13,2025-06-07,PA2,DHL eCommerce,1,1,4.64,1.89,0.5,7.03,shipmonk_estimate,USD
151914_1,8b02c77e-a604-4e46-9d31-5c753d1d0263,Cattasaurus - shoproxstore - Shopify,direct_to_consumer,fulfilled,2025-06-07,2025-06-15,2025-06-07,PA2,DHL eCommerce,1,1,5.41,1.89,0.0,7.3,shipmonk_estimate,USD
151915_1,62c30be8-2642-4e10-9950-e492f16492b4,Cattasaurus - shoproxstore - Shopify,direct_to_consumer,fulfilled,2025-06-07,2025-06-13,2025-06-07,PA2,USPS,1,1,4.97,1.89,0.5,7.36,shipmonk_estimate,USD
151916_1,1258ff18-e5f2-4cec-a114-86a0aebaeb1b,Cattasaurus - shoproxstore - Shopify,direct_to_consumer,fulfilled,2025-06-07,2025-06-13,2025-06-07,PA2,DHL eCommerce,1,1,4.89,1.89,0.5,7.28,shipmonk_estimate,USD
151920_1,dde5a752-f668-446d-9ead-37eb64ec327c,Cattasaurus - shoproxstore - Shopify,direct_to_consumer,fulfilled,2025-06-07,2025-06-13,2025-06-07,PA2,DHL eCommerce,2,1,5.68,2.26,0.5,8.44,shipmonk_estimate,USD
151921_1,344e55c9-0f8e-429f-9880-3a43104550a5,Cattasaurus - shoproxstore - Shopify,direct_to_consumer,fulfilled,2025-06-07,2025-06-12,2025-06-07,NV3,USPS,1,1,4.89,1.89,0.3,7.08,shipmonk_estimate,USD
151924_1,9a74bc14-3888-40d5-a9cb-d50b7f0e0664,Cattasaurus - shoproxstore - Shopify,direct_to_consumer,fulfilled,2025-06-07,2025-06-12,2025-06-07,NV3,DHL eCommerce,1,1,5.1,1.89,0.3,7.29,shipmonk_estimate,USD
151929_1,0e52d1a6-b6a8-46f6-be2a-f8fc7e5d068b,Cattasaurus - shoproxstore - Shopify,direct_to_consumer,fulfilled,2025-06-07,2025-06-15,2025-06-07,PA2,USPS,1,1,5.43,1.89,0.0,7.32,shipmonk_estimate,USD
151935_1,6595f2e3-a34f-43f0-b8a4-eef8c76cf98c,Cattasaurus - shoproxstore - Shopify,direct_to_consumer,fulfilled,2025-06-07,2025-06-13,2025-06-07,PA2,DHL eCommerce,2,1,7.26,2.26,0.5,10.02,shipmonk_estimate,USD
151936_1,dce07907-0911-4b6f-bf99-f46a97f3ab94,Cattasaurus - shoproxstore - Shopify,direct_to_consumer,fulfilled,2025-06-07,2025-06-13,2025-06-07,PA2,DHL eCommerce,1,1,4.64,1.89,0.5,7.03,shipmonk_estimate,USD
151938_1,b7553eea-1dd0-4781-8adf-0f92a5a0a786,Cattasaurus - shoproxstore - Shopify,direct_to_consumer,fulfilled,2025-06-07,2025-06-13,2025-06-07,PA2,OnTrac,1,1,6.21,1.89,0.0,8.1,shipmonk_estimate,USD
151950_1,be8103f9-7204-4f52-979c-7f63c59aabd4,Cattasaurus - shoproxstore - Shopify,direct_to_consumer,fulfilled,2025-06-07,2025-06-12,2025-06-07,NV3,DHL eCommerce,1,1,4.97,1.89,0.3,7.16,shipmonk_estimate,USD
151953_1,191719b6-6870-4e2f-8c88-b81dd1169973,Cattasaurus - shoproxstore - Shopify,direct_to_consumer,fulfilled,2025-06-07,2025-06-12,2025-06-07,NV3,USPS,1,1,5.1,1.89,0.3,7.29,shipmonk_estimate,USD
151958_1,8de735e1-2fe5-49bb-aac8-d8308eaabcb7,Cattasaurus - shoproxstore - Shopify,direct_to_consumer,fulfilled,2025-06-07,2025-06-13,2025-06-07,PA2,DHL eCommerce,1,1,4.97,1.89,0.5,7.36,shipmonk_estimate,USD
151961_1,95b9c2ba-dcc4-4588-89bc-7fff51d1d4f8,Cattasaurus - shoproxstore - Shopify,direct_to_consumer,fulfilled,2025-06-07,2025-06-15,2025-06-07,PA2,DHL eCommerce,1,1,5.61,1.89,0.0,7.5,shipmonk_estimate,USD
151962_1,d08e01d5-9800-4aee-88f8-f9804e9f81c7,Cattasaurus - shoproxstore - Shopify,direct_to_consumer,fulfilled,2025-06-07,2025-06-27,2025-06-07,NV3,DHL eCommerce,1,1,5.68,2.26,0.5,8.44,shipmonk_estimate,USD
151968_1,7f816457-cbfa-4257-94c6-a400ecd3ba11,Cattasaurus - shoproxstore - Shopify,direct_to_consumer,fulfilled,2025-06-07,2025-06-16,2025-06-07,PA2,USPS,1,1,5.77,1.89,0.0,7.66,shipmonk_estimate,USD
151980,6646456090934,Cattasaurus - shoproxstore - Shopify,direct_to_consumer,fulfilled,2025-06-07,2025-06-09,2025-06-07,PA2,USPS,1,1,5.77,1.89,0.0,7.66,shipmonk_estimate,USD
151986,6646567403830,Cattasaurus - shoproxstore - Shopify,direct_to_consumer,fulfilled,2025-06-07,2025-06-09,2025-06-07,NV3,FedEx,1,1,23.93,2.26,0.0,26.19,shipmonk_estimate,USD
151987_1,1b788558-8dd0-4dd8-a39a-148b7215b56f,Cattasaurus - shoproxstore - Shopify,direct_to_consumer,fulfilled,2025-06-07,2025-06-13,2025-06-07,PA2,OnTrac,1,1,6.21,1.89,0.0,8.1,shipmonk_estimate,USD
151990,6646597419318,Cattasaurus - shoproxstore - Shopify,direct_to_consumer,fulfilled,2025-06-07,2025-06-09,2025-06-07,PA2,OnTrac,1,1,19.64,2.26,0.0,21.9,shipmonk_estimate,USD
151993_1,435d6c12-f6de-40a9-814f-c2ad2193692f,Cattasaurus - shoproxstore - Shopify,direct_to_consumer,fulfilled,2025-06-07,2025-06-13,2025-06-07,PA2,DHL eCommerce,1,1,4.97,1.89,0.5,7.36,shipmonk_estimate,USD
151997_1,024dad03-c790-4f77-8182-988f9d798f7a,Cattasaurus - shoproxstore - Shopify,direct_to_consumer,fulfilled,2025-06-07,2025-06-13,2025-06-07,PA2,OnTrac,1,1,5.43,1.89,0.0,7.32,shipmonk_estimate,USD
152002_1,69aee7b3-e848-4e3c-b6b2-bdf8df0b28cd,Cattasaurus - shoproxstore - Shopify,direct_to_consumer,fulfilled,2025-06-07,2025-06-15,2025-06-07,PA2,USPS,1,1,5.68,2.26,0.5,8.44,shipmonk_estimate,USD
149754-01,49097da7-3b7a-470c-9670-56bc3656bfd0,Cattasaurus - shoproxstore - Shopify,direct_to_consumer,fulfilled,2025-06-08,2025-06-08,2025-06-08,PA2,UPS,1,1,15.52,2.26,0.0,17.78,shipmonk_estimate,USD
152006_1,d04293eb-6aec-4b88-8939-aa7da3c24b30,Cattasaurus - shoproxstore - Shopify,direct_to_consumer,fulfilled,2025-06-08,2025-06-13,2025-06-08,PA2,DHL eCommerce,1,1,4.89,1.89,0.5,7.28,shipmonk_estimate,USD
152012_1,4e93b61a-13e0-4274-99a4-fd1639c49039,Cattasaurus - shoproxstore - Shopify,direct_to_consumer,fulfilled,2025-06-08,2025-06-13,2025-06-08,PA2,OnTrac,1,1,5.61,1.89,0.0,7.5,shipmonk_estimate,USD
152013_1,2ccec3cf-58ba-488c-ac4f-d1faece49e72,Cattasaurus - shoproxstore - Shopify,direct_to_consumer,fulfilled,2025-06-08,2025-06-15,2025-06-08,PA2,DHL eCommerce,1,1,5.77,1.89,0.0,7.66,shipmonk_estimate,USD
152016_1,7049e119-1662-4c9e-bda6-ea8361a325f4,Cattasaurus - shoproxstore - Shopify,direct_to_consumer,fulfilled,2025-06-08,2025-06-13,2025-06-08,PA2,OnTrac,1,1,5.77,1.89,0.0,7.66,shipmonk_estimate,USD
152028_1,f0b5aa99-30e5-4215-a396-deb2fb9d1d78,Cattasaurus - shoproxstore - Shopify,direct_to_consumer,fulfilled,2025-06-08,2025-06-13,2025-06-08,PA2,USPS,1,1,6.21,1.89,0.0,8.1,shipmonk_estimate,USD
152029_1,a467f755-0bcc-4635-8101-1f56a1fb5a7e,Cattasaurus - shoproxstore - Shopify,direct_to_consumer,fulfilled,2025-06-08,2025-06-15,2025-06-08,PA2,DHL eCommerce,1,1,5.43,2.26,0.5,8.19,shipmonk_estimate,USD
152035_1,be09cf12-8836-49fb-bb89-69d1789e59b2,Cattasaurus - shoproxstore - Shopify,direct_to_consumer,fulfilled,2025-06-08,2025-06-13,2025-06-08,PA2,DHL eCommerce,1,1,5.61,2.26,0.5,8.37,shipmonk_estimate,USD
152039_1,fc4b1385-c169-44c2-935b-08b75a30d0b5,Cattasaurus - shoproxstore - Shopify,direct_to_consumer,fulfilled,2025-06-08,2025-06-13,2025-06-08,PA2,DHL eCommerce,1,1,4.62,1.89,0.5,7.01,shipmonk_estimate,USD
152040_1,555bf368-0461-4724-b635-63c5845c5a01,Cattasaurus - shoproxstore - Shopify,direct_to_consumer,fulfilled,2025-06-08,2025-06-12,2025-06-08,NV3,USPS,1,1,4.89,1.89,0.3,7.08,shipmonk_estimate,USD
152047_1,c757cf07-9cab-4ee2-b0db-9aa84c43c75c,Cattasaurus - shoproxstore - Shopify,direct_to_consumer,fulfilled,2025-06-08,2025-06-16,2025-06-08,PA2,DHL eCommerce,1,1,4.64,1.89,0.3,6.83,shipmonk_estimate,USD
152051,6648125161782,Cattasaurus - shoproxstore - Shopify,direct_to_consumer,fulfilled,2025-06-08,2025-07-25,2025-06-08,PA2,OnTrac,1,1,11.02,2.5,0.0,13.52,shipmonk_estimate,USD
152052_1,9c138d6b-7e14-4e32-ac76-915cc4aaa239,Cattasaurus - shoproxstore - Shopify,direct_to_consumer,fulfilled,2025-06-08,2025-06-13,2025-06-08,PA2,OnTrac,1,1,6.21,1.89,0.0,8.1,shipmonk_estimate,USD
152053_1,4779eef4-f8b4-402b-a191-fcba33954324,Cattasaurus - shoproxstore - Shopify,direct_to_consumer,fulfilled,2025-06-08,2025-06-13,2025-06-08,PA2,DHL eCommerce,1,1,4.62,1.89,0.5,7.01,shipmonk_estimate,USD
113-0885817-0430604,113-0885817-0430604,Cattasaurus - Amazon USA,direct_to_consumer,fulfilled,2025-06-09,2025-06-10,2025-06-09,NV3,USPS,1,1,4.97,1.89,0.3,7.16,shipmonk_estimate,USD
152061,6648623235382,Cattasaurus - shoproxstore - Shopify,direct_to_consumer,fulfilled,2025-06-09,2025-06-09,2025-06-09,PA2,OnTrac,2,1,16.87,2.63,0.0,19.5,shipmonk_estimate,USD
152063_1,29a65f06-14c7-4859-ab83-b7011cddeac7,Cattasaurus - shoproxstore - Shopify,direct_to_consumer,fulfilled,2025-06-09,2025-06-13,2025-06-09,PA2,DHL eCommerce,1,1,4.89,1.89,0.5,7.28,shipmonk_estimate,USD
152073_1,eebeb50a-babe-45ad-afd5-b310879d22a1,Cattasaurus - shoproxstore - Shopify,direct_to_consumer,fulfilled,2025-06-09,2025-06-13,2025-06-09,PA2,DHL eCommerce,2,1,6.68,2.26,0.5,9.44,shipmonk_estimate,USD
152074_1,835a0e82-d7b4-449c-a42b-26ddd5053228,Cattasaurus - shoproxstore - Shopify,direct_to_consumer,fulfilled,2025-06-09,2025-06-13,2025-06-09,PA2,OnTrac,1,1,5.61,1.89,0.0,7.5,shipmonk_estimate,USD
152082_1,d35a984b-cdfb-447b-bde6-8954e55965fa,Cattasaurus - shoproxstore - Shopify,direct_to_consumer,fulfilled,2025-06-09,2025-06-13,2025-06-09,PA2,DHL eCommerce,1,1,5.41,1.89,0.0,7.3,shipmonk_estimate,USD
152083_1,b1cb4f4b-67c1-4e45-868b-766f11ca8f00,Cattasaurus - shoproxstore - Shopify,direct_to_consumer,fulfilled,2025-06-09,2025-06-13,2025-06-09,PA2,OnTrac,1,1,5.43,1.89,0.0,7.32,shipmonk_estimate,USD
152086_1,2ae66924-0225-4d0e-8119-3a29f82cea16,Cattasaurus - shoproxstore - Shopify,direct_to_consumer,fulfilled,2025-06-09,2025-06-15,2025-06-09,PA2,DHL eCommerce,1,1,5.94,1.89,0.0,7.83,shipmonk_estimate,USD
152097_1,2d5d18ed-4931-40a2-b84f-4a4452e9c636,Cattasaurus - shoproxstore - Shopify,direct_to_consumer,fulfilled,2025-06-09,2025-06-13,2025-06-09,PA2,DHL eCommerce,1,1,5.94,1.89,0.0,7.83,shipmonk_estimate,USD
152100_1,72cfd3c8-0666-4807-bbdd-2acda0261869,Cattasaurus - shoproxstore - Shopify,direct_to_consumer,fulfilled,2025-06-09,2025-06-12,2025-06-09,NV3,USPS,1,1,5.1,1.89,0.3,7.29,shipmonk_estimate,USD
152101,6649496961334,Cattasaurus - shoproxstore - Shopify,direct_to_consumer,fulfilled,2025-06-09,2025-06-11,2025-06-09,PA2,OnTrac,2,1,19.64,2.63,0.0,22.27,shipmonk_estimate,USD
152106_1,8b31de27-5e9f-47ec-9ee6-b690df465626,Cattasaurus - shoproxstore - Shopify,direct_to_consumer,fulfilled,2025-06-09,2025-06-13,2025-06-09,PA2,DHL eCommerce,1,1,4.64,1.89,0.5,7.03,shipmonk_estimate,USD
152110,6649672859958,Cattasaurus - shoproxstore - Shopify,direct_to_consumer,fulfilled,2025-06-09,2025-07-24,2025-06-09,NV3,FedEx,1,1,14.48,2.5,0.0,16.98,shipmonk_estimate,USD
152118,6649996050742,Cattasaurus - shoproxstore - Shopify,direct_to_consumer,fulfilled,2025-06-09,2025-06-13,2025-06-09,PA2,OnTrac,2,1,25.89,2.63,0.0,28.52,shipmonk_estimate,USD
152129_1,d329e5f6-00d1-4af3-9caa-c9537d6d0c79,Cattasaurus - shoproxstore - Shopify,direct_to_consumer,fulfilled,2025-06-10,2025-06-15,2025-06-10,PA2,USPS,1,1,5.41,1.89,0.0,7.3,shipmonk_estimate,USD
152130_1,489be922-85a4-4436-81b0-130638bb2015,Cattasaurus - shoproxstore - Shopify,direct_to_consumer,fulfilled,2025-06-10,2025-06-15,2025-06-10,PA2,DHL eCommerce,1,1,6.68,3.74,0.3,10.72,shipmonk_estimate,USD
152132,6650454802742,Cattasaurus - shoproxstore - Shopify,direct_to_consumer,fulfilled,2025-06-10,2025-08-19,2025-06-10,PA2,OnTrac,1,1,5.41,1.5,0.0,6.91,shipmonk_estimate,USD
152132_1,4d29d90f-6ff8-412f-89a8-054eea8a87c4,Cattasaurus - shoproxstore - Shopify,direct_to_consumer,fulfilled,2025-06-10,2025-08-20,2025-06-10,PA2,OnTrac,1,1,13.53,7.5,0.0,21.03,shipmonk_estimate,USD
152138_1,5ab35377-bcab-437c-b7d3-fd059ef8251d,Cattasaurus - shoproxstore - Shopify,direct_to_consumer,fulfilled,2025-06-10,2025-06-16,2025-06-10,PA2,DHL eCommerce,1,1,4.64,1.89,0.3,6.83,shipmonk_estimate,USD
152146_1,d3e62209-227e-4f40-944a-5b14eba100a0,Cattasaurus - shoproxstore - Shopify,direct_to_consumer,fulfilled,2025-06-10,2025-06-15,2025-06-10,PA2,DHL eCommerce,1,1,5.61,1.89,0.0,7.5,shipmonk_estimate,USD
152150_1,440c8119-5aec-4860-83e9-580f24b776a5,Cattasaurus - shoproxstore - Shopify,direct_to_consumer,fulfilled,2025-06-10,2025-06-15,2025-06-10,PA2,DHL eCommerce,1,1,5.61,1.89,0.0,7.5,shipmonk_estimate,USD
152151_1,9cbb834d-e49e-48af-ab89-dca2790a9df1,Cattasaurus - shoproxstore - Shopify,direct_to_consumer,fulfilled,2025-06-10,2025-06-15,2025-06-10,PA2,DHL eCommerce,1,1,5.77,1.89,0.0,7.66,shipmonk_estimate,USD
152153_1,c0af4bf5-d79e-463b-943f-a1b957ecc3ee,Cattasaurus - shoproxstore - Shopify,direct_to_consumer,fulfilled,2025-06-10,2025-06-16,2025-06-10,PA2,USPS,1,1,4.89,1.89,0.3,7.08,shipmonk_estimate,USD
152159_1,8d64ef4e-91d9-4cd8-a4fc-adda5de94b3a,Cattasaurus - shoproxstore - Shopify,direct_to_consumer,fulfilled,2025-06-10,2025-06-16,2025-06-10,NV3,DHL eCommerce,1,1,5.1,1.89,0.3,7.29,shipmonk_estimate,USD
152161_1,79851081-616c-480a-9293-855f5882c383,Cattasaurus - shoproxstore - Shopify,direct_to_consumer,fulfilled,2025-06-10,2025-06-15,2025-06-10,PA2,DHL eCommerce,1,1,5.68,1.89,0.0,7.57,shipmonk_estimate,USD
152176_1,7ac68ffe-756f-40db-90ca-3832387ed8e4,Cattasaurus - shoproxstore - Shopify,direct_to_consumer,fulfilled,2025-06-10,2025-06-16,2025-06-10,PA2,DHL eCommerce,1,1,4.89,1.89,0.3,7.08,shipmonk_estimate,USD
152181_1,5425c33d-f3fb-42f4-a65b-322ac92c502f,Cattasaurus - shoproxstore - Shopify,direct_to_consumer,fulfilled,2025-06-10,2025-06-16,2025-06-10,PA2,DHL eCommerce,1,1,4.97,1.89,0.3,7.16,shipmonk_estimate,USD
152185,6651573535030,Cattasaurus - shoproxstore - Shopify,direct_to_consumer,fulfilled,2025-06-10,2025-06-12,2025-06-10,PA2,DHL eCommerce,2,1,6.46,2.26,0.5,9.22,shipmonk_estimate,USD
152195_1,01b685a1-eaac-43d2-8460-cb344988c568,Cattasaurus - shoproxstore - Shopify,direct_to_consumer,fulfilled,2025-06-11,2025-06-15,2025-06-11,PA2,DHL eCommerce,1,1,5.94,1.89,0.0,7.83,shipmonk_estimate,USD
152205_1,cc3af3e5-f5c8-4617-9cd6-eb408c1bc92e,Cattasaurus - shoproxstore - Shopify,direct_to_consumer,fulfilled,2025-06-11,2025-06-15,2025-06-11,PA2,OnTrac,1,1,5.41,1.89,0.0,7.3,shipmonk_estimate,USD
152210_1,e7e5eea2-f08c-4945-b549-fa88fde49d01,Cattasaurus - shoproxstore - Shopify,direct_to_consumer,fulfilled,2025-06-11,2025-06-15,2025-06-11,PA2,DHL eCommerce,1,1,5.68,1.89,0.0,7.57,shipmonk_estimate,USD
152211_1,fa70fa42-ec4c-466a-8649-cb7c90c38a89,Cattasaurus - shoproxstore - Shopify,direct_to_consumer,fulfilled,2025-06-11,2025-06-15,2025-06-11,PA2,OnTrac,1,1,5.41,1.89,0.0,7.3,shipmonk_estimate,USD
152215_1,b4fe2de3-b8dc-443b-9217-f24107d4b76e,Cattasaurus - shoproxstore - Shopify,direct_to_consumer,fulfilled,2025-06-11,2025-06-16,2025-06-11,PA2,USPS,1,1,4.89,1.89,0.3,7.08,shipmonk_estimate,USD
152223_1,793bd56e-fa3a-4084-8983-3b8d6188b43a,Cattasaurus - shoproxstore - Shopify,direct_to_consumer,fulfilled,2025-06-11,2025-06-15,2025-06-11,PA2,DHL eCommerce,1,1,5.77,1.89,0.0,7.66,shipmonk_estimate,USD
152224_1,7bb62cbf-0674-4aae-b38c-c32e95c31a2b,Cattasaurus - shoproxstore - Shopify,direct_to_consumer,fulfilled,2025-06-11,2025-06-15,2025-06-11,PA2,OnTrac,1,1,6.21,1.89,0.0,8.1,shipmonk_estimate,USD
152229_1,3963d95d-5919-4022-a662-1d47fd0daa03,Cattasaurus - shoproxstore - Shopify,direct_to_consumer,fulfilled,2025-06-11,2025-06-15,2025-06-11,PA2,USPS,1,1,5.68,1.89,0.0,7.57,shipmonk_estimate,USD
152236_1,3bcf3463-3e79-4773-b27d-a55e2de3138a,Cattasaurus - shoproxstore - Shopify,direct_to_consumer,fulfilled,2025-06-11,2025-06-15,2025-06-11,PA2,USPS,1,1,4.89,1.89,0.3,7.08,shipmonk_estimate,USD
152237_1,2f3e2856-2cde-40c5-ba9b-ac8e70417c42,Cattasaurus - shoproxstore - Shopify,direct_to_consumer,fulfilled,2025-06-11,2025-06-16,2025-06-11,PA2,DHL eCommerce,1,1,5.61,1.89,0.3,7.8,shipmonk_estimate,USD
152249_1,8d275f7f-c53d-4617-a1d0-0b8fe4acddd8,Cattasaurus - shoproxstore - Shopify,direct_to_consumer,fulfilled,2025-06-11,2025-06-15,2025-06-11,PA2,DHL eCommerce,1,1,5.94,1.89,0.0,7.83,shipmonk_estimate,USD
152251_1,7670d6bd-6311-4908-abd6-66488d817c3e,Cattasaurus - shoproxstore - Shopify,direct_to_consumer,fulfilled,2025-06-11,2025-06-15,2025-06-11,PA2,DHL eCommerce,2,1,6.62,2.26,0.5,9.38,shipmonk_estimate,USD
152254,6653022404918,Cattasaurus - shoproxstore - Shopify,direct_to_consumer,fulfilled,2025-06-11,2025-06-13,2025-06-11,PA2,OnTrac,1,1,5.43,1.89,0.0,7.32,shipmonk_estimate,USD
152257,6653180084534,Cattasaurus - shoproxstore - Shopify,direct_to_consumer,fulfilled,2025-06-11,2025-06-13,2025-06-11,NV3,FedEx,1,1,19.64,2.26,0.0,21.9,shipmonk_estimate,USD
152258,6653187096886,Cattasaurus - shoproxstore - Shopify,direct_to_consumer,fulfilled,2025-06-11,2025-07-24,2025-06-11,NV3,OnTrac,1,1,12.58,2.5,0.0,15.08,shipmonk_estimate,USD
152259_1,f3f68613-77cd-4f3a-9a74-fbe87d67e684,Cattasaurus - shoproxstore - Shopify,direct_to_consumer,fulfilled,2025-06-11,2025-06-15,2025-06-11,PA2,OnTrac,1,1,6.21,1.89,0.0,8.1,shipmonk_estimate,USD
152261_1,0d4d97f3-a38e-43c7-a471-6ae46000c324,Cattasaurus - shoproxstore - Shopify,direct_to_consumer,fulfilled,2025-06-11,2025-06-16,2025-06-11,NV3,DHL eCommerce,1,1,5.77,2.26,0.5,8.53,shipmonk_estimate,USD
152264_1,df26a98a-2e6d-48c3-bed0-4e39301864f1,Cattasaurus - shoproxstore - Shopify,direct_to_consumer,fulfilled,2025-06-11,2025-06-15,2025-06-11,PA2,DHL eCommerce,2,1,6.68,2.26,0.5,9.44,shipmonk_estimate,USD
152265_1,7b5922bb-08fe-474c-915a-df476c4723db,Cattasaurus - shoproxstore - Shopify,direct_to_consumer,fulfilled,2025-06-11,2025-06-16,2025-06-11,NV3,DHL eCommerce,1,1,5.68,2.26,0.5,8.44,shipmonk_estimate,USD
152268,6653509697846,Cattasaurus - shoproxstore - Shopify,direct_to_consumer,fulfilled,2025-06-11,2025-06-13,2025-06-11,NV3,FedEx,1,1,19.64,2.26,0.0,21.9,shipmonk_estimate,USD
152269,6653528932662,Cattasaurus - shoproxstore - Shopify,direct_to_consumer,fulfilled,2025-06-11,2025-06-13,2025-06-11,PA2,OnTrac,1,1,6.21,1.89,0.0,8.1,shipmonk_estimate,USD
152272_1,e8a67fb7-05e0-4ac2-82ec-d3a354283115,Cattasaurus - shoproxstore - Shopify,direct_to_consumer,fulfilled,2025-06-11,2025-06-16,2025-06-11,NV3,USPS,1,1,5.77,2.26,0.5,8.53,shipmonk_estimate,USD
152274,6653647716662,Cattasaurus - shoproxstore - Shopify,direct_to_consumer,fulfilled,2025-06-11,2025-06-13,2025-06-11,PA2,OnTrac,1,1,14.8,2.26,0.0,17.06,shipmonk_estimate,USD
152277_1,10cf8e59-023f-400e-89ea-ca1337500a17,Cattasaurus - shoproxstore - Shopify,direct_to_consumer,fulfilled,2025-06-11,2025-06-15,2025-06-11,PA2,DHL eCommerce,1,1,5.68,1.89,0.0,7.57,shipmonk_estimate,USD
152286_1,216caf31-8983-4a44-8625-a1790f7faa60,Cattasaurus - shoproxstore - Shopify,direct_to_consumer,fulfilled,2025-06-12,2025-06-16,2025-06-12,NV3,DHL eCommerce,1,1,6.74,2.63,0.5,9.87,shipmonk_estimate,USD
152295_1,e40387bc-03e2-4e3f-beca-b52f813915fb,Cattasaurus - shoproxstore - Shopify,direct_to_consumer,fulfilled,2025-06-12,2025-06-15,2025-06-12,PA2,DHL eCommerce,1,1,5.61,1.89,0.0,7.5,shipmonk_estimate,USD
152300_1,c3b9185d-c834-448c-b20d-0ab941e909ef,Cattasaurus - shoproxstore - Shopify,direct_to_consumer,fulfilled,2025-06-12,2025-06-15,2025-06-12,PA2,USPS,1,1,5.77,1.89,0.0,7.66,shipmonk_estimate,USD
152301,6654438179126,Cattasaurus - shoproxstore - Shopify,direct_to_consumer,fulfilled,2025-06-12,2025-06-13,2025-06-12,PA2,OnTrac,2,1,19.64,2.63,0.0,22.27,shipmonk_estimate,USD
152302_1,89646c49-b8da-44d7-a5a3-33d1f3b03237,Cattasaurus - shoproxstore - Shopify,direct_to_consumer,fulfilled,2025-06-12,2025-06-15,2025-06-12,PA2,DHL eCommerce,3,1,8.89,2.63,0.5,12.02,shipmonk_estimate,USD
152303_1,386b2025-192a-48ab-95aa-460c476c3fb8,Cattasaurus - shoproxstore - Shopify,direct_to_consumer,fulfilled,2025-06-12,2025-06-15,2025-06-12,PA2,OnTrac,2,1,6.62,2.26,0.5,9.38,shipmonk_estimate,USD
152306,6654502011190,Cattasaurus - shoproxstore - Shopify,direct_to_consumer,fulfilled,2025-06-12,2025-06-13,2025-06-12,PA2,OnTrac,1,1,15.36,2.26,0.0,17.62,shipmonk_estimate,USD
152310_1,123a3331-f4f5-4c5e-b632-c0a2758acf42,Cattasaurus - shoproxstore - Shopify,direct_to_consumer,fulfilled,2025-06-12,2025-06-16,2025-06-12,PA2,DHL eCommerce,1,1,4.64,1.89,0.3,6.83,shipmonk_estimate,USD
152314_1,7395dc72-223c-4343-8efe-5341e14cf853,Cattasaurus - shoproxstore - Shopify,direct_to_consumer,fulfilled,2025-06-12,2025-06-16,2025-06-12,PA2,DHL eCommerce,1,1,4.62,1.89,0.3,6.81,shipmonk_estimate,USD
152316_1,eea844be-8951-4c23-8053-376709d9d026,Cattasaurus - shoproxstore - Shopify,direct_to_consumer,fulfilled,2025-06-12,2025-06-15,2025-06-12,PA2,USPS,1,1,5.68,1.89,0.0,7.57,shipmonk_estimate,USD
152317_1,b4d676bc-dc35-49c1-9e63-f98314a3a7dd,Cattasaurus - shoproxstore - Shopify,direct_to_consumer,fulfilled,2025-06-12,2025-06-15,2025-06-12,PA2,OnTrac,1,1,5.61,1.89,0.0,7.5,shipmonk_estimate,USD
152319_1,884bb50c-1678-4fd9-bef2-933aa2593958,Cattasaurus - shoproxstore - Shopify,direct_to_consumer,fulfilled,2025-06-12,2025-06-15,2025-06-12,PA2,DHL eCommerce,1,1,4.62,1.89,0.3,6.81,shipmonk_estimate,USD
152340_1,25784021-2101-4723-9f1e-ac2b69d20653,Cattasaurus - shoproxstore - Shopify,direct_to_consumer,fulfilled,2025-06-12,2025-06-16,2025-06-12,NV3,USPS,1,1,4.97,1.89,0.3,7.16,shipmonk_estimate,USD
152342_1,a1149510-d96a-46f0-87a9-f228dbd224f2,Cattasaurus - shoproxstore - Shopify,direct_to_consumer,fulfilled,2025-06-12,2025-06-15,2025-06-12,PA2,OnTrac,1,1,6.21,1.89,0.0,8.1,shipmonk_estimate,USD
152343,6655242010934,Cattasaurus - shoproxstore - Shopify,direct_to_consumer,fulfilled,2025-06-12,2025-06-16,2025-06-12,NV3,FedEx,1,1,16.91,2.26,0.0,19.17,shipmonk_estimate,USD
152345_1,cda755a4-8f1b-4688-a130-af453a66c2fc,Cattasaurus - shoproxstore - Shopify,direct_to_consumer,fulfilled,2025-06-12,2025-06-17,2025-06-12,PA2,USPS,1,1,5.61,1.89,0.0,7.5,shipmonk_estimate,USD
152354_1,57f94dad-9136-4c5f-8948-f0ae6cfcf978,Cattasaurus - shoproxstore - Shopify,direct_to_consumer,fulfilled,2025-06-12,2025-06-15,2025-06-12,PA2,USPS,1,1,6.35,2.63,0.5,9.48,shipmonk_estimate,USD
152360_1,1b9b6e57-9ecf-425e-84dd-7c4308a3eab9,Cattasaurus - shoproxstore - Shopify,direct_to_consumer,fulfilled,2025-06-13,2025-06-16,2025-06-13,PA2,USPS,1,1,4.64,1.89,0.3,6.83,shipmonk_estimate,USD
152361_1,9f02097b-78d6-4aec-a8ac-c7ab8873eee8,Cattasaurus - shoproxstore - Shopify,direct_to_consumer,fulfilled,2025-06-13,2025-06-16,2025-06-13,PA2,DHL eCommerce,1,1,4.64,1.89,0.3,6.83,shipmonk_estimate,USD
152372,6656163414326,Cattasaurus - shoproxstore - Shopify,direct_to_consumer,fulfilled,2025-06-13,2025-07-25,2025-06-13,PA2,OnTrac,1,1,11.02,2.5,0.0,13.52,shipmonk_estimate,USD
152373,6656183140662,Cattasaurus - shoproxstore - Shopify,direct_to_consumer,fulfilled,2025-06-13,2025-07-25,2025-06-13,PA2,OnTrac,1,1,11.02,2.5,0.0,13.52,shipmonk_estimate,USD
152374,6656183271734,Cattasaurus - shoproxstore - Shopify,direct_to_consumer,fulfilled,2025-06-13,2025-08-20,2025-06-13,PA2,FedEx,1,1,21.88,7.5,0.0,29.38,shipmonk_estimate,USD
152374_1,c2b6c12d-c802-4030-866e-757717383893,Cattasaurus - shoproxstore - Shopify,direct_to_consumer,fulfilled,2025-06-13,2025-06-17,2025-06-13,PA2,DHL eCommerce,2,1,6.74,2.26,0.5,9.5,shipmonk_estimate,USD
152375,6656184385846,Cattasaurus - shoproxstore - Shopify,direct_to_consumer,fulfilled,2025-06-13,2025-06-14,2025-06-13,PA2,OnTrac,1,1,6.21,1.89,0.0,8.1,shipmonk_estimate,USD
152377_1,c10d4e28-cc89-45c0-8024-1961ed9c4008,Cattasaurus - shoproxstore - Shopify,direct_to_consumer,fulfilled,2025-06-13,2025-06-17,2025-06-13,PA2,USPS,1,1,5.68,1.89,0.0,7.57,shipmonk_estimate,USD
152380_1,f662316e-0ed7-4392-b94e-c2367a966c8b,Cattasaurus - shoproxstore - Shopify,direct_to_consumer,fulfilled,2025-06-13,2025-06-17,2025-06-13,PA2,USPS,1,1,5.43,1.89,0.0,7.32,shipmonk_estimate,USD
152382,6656322699574,Cattasaurus - shoproxstore - Shopify,direct_to_consumer,fulfilled,2025-06-13,2025-07-24,2025-06-13,NV3,OnTrac,1,1,11.02,2.5,0.0,13.52,shipmonk_estimate,USD
152383_1,9030f671-2b79-4a2f-aa74-285c6d3aa2f7,Cattasaurus - shoproxstore - Shopify,direct_to_consumer,fulfilled,2025-06-13,2025-06-16,2025-06-13,PA2,DHL eCommerce,1,1,4.64,1.89,0.3,6.83,shipmonk_estimate,USD
152384_1,da0f3b74-48b6-4f86-bf05-8de71b673bb4,Cattasaurus - shoproxstore - Shopify,direct_to_consumer,fulfilled,2025-06-13,2025-06-17,2025-06-13,PA2,USPS,1,1,5.61,1.89,0.0,7.5,shipmonk_estimate,USD
152388_1,7fefe984-46dc-481d-8619-7f0b2efc9e02,Cattasaurus - shoproxstore - Shopify,direct_to_consumer,fulfilled,2025-06-13,2025-06-17,2025-06-13,PA2,OnTrac,1,1,6.21,1.89,0.0,8.1,shipmonk_estimate,USD
152389_1,5bee6da8-711e-4d2b-ba07-91a9e35f8b5c,Cattasaurus - shoproxstore - Shopify,direct_to_consumer,fulfilled,2025-06-13,2025-06-17,2025-06-13,PA2,USPS,1,1,5.61,1.89,0.0,7.5,shipmonk_estimate,USD
152403_1,9738f8ad-6f3b-4d40-bf79-64813cbfec93,Cattasaurus - shoproxstore - Shopify,direct_to_consumer,fulfilled,2025-06-13,2025-06-17,2025-06-13,PA2,DHL eCommerce,1,1,5.77,1.89,0.0,7.66,shipmonk_estimate,USD
152405_1,98ce58e6-6555-4d68-806f-1fe1382ab0cf,Cattasaurus - shoproxstore - Shopify,direct_to_consumer,fulfilled,2025-06-13,2025-06-17,2025-06-13,PA2,USPS,1,1,5.61,1.89,0.0,7.5,shipmonk_estimate,USD
152408,6656695009590,Cattasaurus - shoproxstore - Shopify,direct_to_consumer,fulfilled,2025-06-13,2025-08-20,2025-06-13,PA2,FedEx,1,1,23.45,7.5,0.0,30.95,shipmonk_estimate,USD
152413,6656764477750,Cattasaurus - shoproxstore - Shopify,direct_to_consumer,fulfilled,2025-06-13,2025-06-15,2025-06-13,PA2,DHL eCommerce,1,1,5.94,1.89,0.0,7.83,shipmonk_estimate,USD
152414,6656828834102,Cattasaurus - shoproxstore - Shopify,direct_to_consumer,fulfilled,2025-06-13,2025-07-10,2025-06-13,PA2,USPS,1,1,19.01,1.8,0.0,20.81,shipmonk_estimate,USD
152415_1,312448d5-f0d1-463c-88da-fe8dd3f447cb,Cattasaurus - shoproxstore - Shopify,direct_to_consumer,fulfilled,2025-06-13,2025-06-17,2025-06-13,PA2,USPS,1,1,5.41,1.89,0.0,7.3,shipmonk_estimate,USD
152421_1,0a862c77-7935-494b-aecb-5103e86e46e2,Cattasaurus - shoproxstore - Shopify,direct_to_consumer,fulfilled,2025-06-13,2025-06-17,2025-06-13,PA2,DHL eCommerce,1,1,5.77,1.89,0.0,7.66,shipmonk_estimate,USD
152430,6657015611702,Cattasaurus - shoproxstore - Shopify,direct_to_consumer,fulfilled,2025-06-13,2025-06-16,2025-06-13,NV3,FedEx,1,1,23.93,2.26,0.0,26.19,shipmonk_estimate,USD
152437_1,efbf0302-befe-4696-9cfb-79d554557088,Cattasaurus - shoproxstore - Shopify,direct_to_consumer,fulfilled,2025-06-13,2025-06-18,2025-06-13,PA2,OnTrac,1,1,6.21,1.89,0.0,8.1,shipmonk_estimate,USD
152442_1,b92d6a92-44e4-4e36-9077-611564f38efa,Cattasaurus - shoproxstore - Shopify,direct_to_consumer,fulfilled,2025-06-13,2025-06-18,2025-06-13,PA2,USPS,1,1,4.97,1.89,0.5,7.36,shipmonk_estimate,USD
152444_1,a1fdd1a8-57e0-4091-a20c-c42b48dad551,Cattasaurus - shoproxstore - Shopify,direct_to_consumer,fulfilled,2025-06-13,2025-06-18,2025-06-13,PA2,DHL eCommerce,1,1,5.94,1.89,0.0,7.83,shipmonk_estimate,USD
152446_1,fdf15153-27f2-4d34-b9e6-c8fc185544d7,Cattasaurus - shoproxstore - Shopify,direct_to_consumer,fulfilled,2025-06-13,2025-06-17,2025-06-13,NV3,DHL eCommerce,1,1,5.1,1.89,0.3,7.29,shipmonk_estimate,USD
152450_1,df47746c-a78e-4b57-b328-9ba96e42bd8d,Cattasaurus - shoproxstore - Shopify,direct_to_consumer,fulfilled,2025-06-13,2025-06-18,2025-06-13,PA2,USPS,1,1,5.43,1.89,0.0,7.32,shipmonk_estimate,USD
152452_1,be0080e5-290b-4664-925d-22b13ff3096e,Cattasaurus - shoproxstore - Shopify,direct_to_consumer,fulfilled,2025-06-13,2025-06-18,2025-06-13,PA2,USPS,1,1,4.64,1.89,0.5,7.03,shipmonk_estimate,USD
152455_1,5abdda40-1a06-489d-9794-7ee534c633f2,Cattasaurus - shoproxstore - Shopify,direct_to_consumer,fulfilled,2025-06-14,2025-06-18,2025-06-14,PA2,USPS,1,1,5.43,1.89,0.0,7.32,shipmonk_estimate,USD
152460_1,c387d49c-706a-4bc8-8043-314a37f6110c,Cattasaurus - shoproxstore - Shopify,direct_to_consumer,fulfilled,2025-06-14,2025-06-18,2025-06-14,PA2,USPS,1,1,5.61,1.89,0.0,7.5,shipmonk_estimate,USD
152461_1,90df9d2e-8f67-4970-8881-24a6dfacb787,Cattasaurus - shoproxstore - Shopify,direct_to_consumer,fulfilled,2025-06-14,2025-06-17,2025-06-14,PA2,OnTrac,2,1,6.35,2.26,0.5,9.11,shipmonk_estimate,USD
152464,6657831993654,Cattasaurus - shoproxstore - Shopify,direct_to_consumer,fulfilled,2025-06-14,2025-06-15,2025-06-14,PA2,USPS,1,1,5.68,1.89,0.0,7.57,shipmonk_estimate,USD
152468_1,24da5f27-37b3-446c-8a60-b42cfb296c1a,Cattasaurus - shoproxstore - Shopify,direct_to_consumer,fulfilled,2025-06-14,2025-06-18,2025-06-14,PA2,USPS,1,1,4.62,1.89,0.5,7.01,shipmonk_estimate,USD
152476_1,b6cf6043-f6a5-4f85-8424-c195bc9959d3,Cattasaurus - shoproxstore - Shopify,direct_to_consumer,fulfilled,2025-06-14,2025-06-18,2025-06-14,PA2,DHL eCommerce,1,1,5.77,1.89,0.0,7.66,shipmonk_estimate,USD
152477_1,05a6a71e-2534-4384-b472-c82b639d51e0,Cattasaurus - shoproxstore - Shopify,direct_to_consumer,fulfilled,2025-06-14,2025-06-17,2025-06-14,NV3,USPS,1,1,4.64,1.89,0.3,6.83,shipmonk_estimate,USD
152488_1,ee822cc3-22c2-4382-8e5f-b9247b408f5b,Cattasaurus - shoproxstore - Shopify,direct_to_consumer,fulfilled,2025-06-14,2025-06-17,2025-06-14,NV3,DHL eCommerce,1,1,4.97,1.89,0.3,7.16,shipmonk_estimate,USD
152493_1,5ad2e279-6593-4c0b-8957-5e58e6366840,Cattasaurus - shoproxstore - Shopify,direct_to_consumer,fulfilled,2025-06-14,2025-06-18,2025-06-14,PA2,USPS,2,1,5.43,2.26,0.7,8.39,shipmonk_estimate,USD
152494_1,fe000fa5-52ba-4efe-b399-5892b9a838c7,Cattasaurus - shoproxstore - Shopify,direct_to_consumer,fulfilled,2025-06-14,2025-06-18,2025-06-14,PA2,USPS,1,1,6.21,1.89,0.0,8.1,shipmonk_estimate,USD
152495_1,c92baeb2-d8dd-41fb-a020-0d644027d184,Cattasaurus - shoproxstore - Shopify,direct_to_consumer,fulfilled,2025-06-14,2025-06-17,2025-06-14,NV3,USPS,1,1,4.89,1.89,0.3,7.08,shipmonk_estimate,USD
152496_1,34bc004e-9409-4672-a701-523065e2fa09,Cattasaurus - shoproxstore - Shopify,direct_to_consumer,fulfilled,2025-06-14,2025-06-17,2025-06-14,PA2,DHL eCommerce,2,1,7.26,2.26,0.5,10.02,shipmonk_estimate,USD
152497,6658235859254,Cattasaurus - shoproxstore - Shopify,direct_to_consumer,fulfilled,2025-06-14,2025-08-05,2025-06-14,NV3,OnTrac,1,1,28.72,2.1,0.0,30.82,shipmonk_estimate,USD
152498_1,bd0a5920-c341-4136-96e2-8f48de85b74f,Cattasaurus - shoproxstore - Shopify,direct_to_consumer,fulfilled,2025-06-14,2025-06-17,2025-06-14,NV3,USPS,1,1,4.64,1.89,0.3,6.83,shipmonk_estimate,USD
152502,6658289762614,Cattasaurus - shoproxstore - Shopify,direct_to_consumer,fulfilled,2025-06-14,2025-06-15,2025-06-14,PA2,DHL eCommerce,1,1,5.94,1.89,0.0,7.83,shipmonk_estimate,USD
152505,6658314993974,Cattasaurus - shoproxstore - Shopify,direct_to_consumer,fulfilled,2025-06-14,2025-06-15,2025-06-14,PA2,FedEx,1,1,19.64,2.26,0.0,21.9,shipmonk_estimate,USD
152507,6658452914486,Cattasaurus - shoproxstore - Shopify,direct_to_consumer,fulfilled,2025-06-14,2025-06-16,2025-06-14,PA2,DHL eCommerce,1,1,5.68,1.89,0.0,7.57,shipmonk_estimate,USD
152509_1,e9d63bc1-dcea-4550-a2d5-41c38b813c9c,Cattasaurus - shoproxstore - Shopify,direct_to_consumer,fulfilled,2025-06-14,2025-06-18,2025-06-14,PA2,USPS,1,1,5.77,1.89,0.0,7.66,shipmonk_estimate,USD
152511_1,abcbaa7e-d831-416b-bc24-648afce0e222,Cattasaurus - shoproxstore - Shopify,direct_to_consumer,fulfilled,2025-06-14,2025-06-18,2025-06-14,PA2,USPS,1,1,4.64,1.89,0.5,7.03,shipmonk_estimate,USD
152512_1,3d24c3ff-90da-412b-90e4-efa427672750,Cattasaurus - shoproxstore - Shopify,direct_to_consumer,fulfilled,2025-06-14,2025-06-18,2025-06-14,PA2,USPS,1,1,4.89,1.89,0.5,7.28,shipmonk_estimate,USD
152513_1,a653a309-79bc-4a54-b95c-9bc1bb617b1e,Cattasaurus - shoproxstore - Shopify,direct_to_consumer,fulfilled,2025-06-14,2025-06-18,2025-06-14,PA2,USPS,1,1,5.68,1.89,0.0,7.57,shipmonk_estimate,USD
152516_1,ec85cef7-359f-4273-91b5-80ccc5512293,Cattasaurus - shoproxstore - Shopify,direct_to_consumer,fulfilled,2025-06-14,2025-06-18,2025-06-14,PA2,USPS,1,1,5.68,1.89,0.0,7.57,shipmonk_estimate,USD
152517_1,7634a294-915c-4d80-a604-fac2fd3c4bde,Cattasaurus - shoproxstore - Shopify,direct_to_consumer,fulfilled,2025-06-14,2025-06-18,2025-06-14,PA2,USPS,1,1,5.43,1.89,0.0,7.32,shipmonk_estimate,USD
152527_1,0cdec657-6829-4fbd-ad4f-8dce485b53d0,Cattasaurus - shoproxstore - Shopify,direct_to_consumer,fulfilled,2025-06-14,2025-06-18,2025-06-14,PA2,USPS,1,1,5.77,1.89,0.0,7.66,shipmonk_estimate,USD
152542_1,8d89c2e7-370e-4274-a44c-e2d0b3299e02,Cattasaurus - shoproxstore - Shopify,direct_to_consumer,fulfilled,2025-06-14,2025-06-18,2025-06-14,PA2,USPS,1,1,4.97,1.89,0.5,7.36,shipmonk_estimate,USD
152548_1,3829b62a-33aa-4af7-9c59-1756ba75afc6,Cattasaurus - shoproxstore - Shopify,direct_to_consumer,fulfilled,2025-06-14,2025-06-17,2025-06-14,PA2,DHL eCommerce,2,1,7.01,2.26,0.5,9.77,shipmonk_estimate,USD
152558_1,79229d96-9e8c-4132-bc03-d666a212e308,Cattasaurus - shoproxstore - Shopify,direct_to_consumer,fulfilled,2025-06-15,2025-06-18,2025-06-15,PA2,USPS,1,1,4.62,1.89,0.5,7.01,shipmonk_estimate,USD
152559_1,9fefe33f-87ee-45f8-8af3-98d5da9421b2,Cattasaurus - shoproxstore - Shopify,direct_to_consumer,fulfilled,2025-06-15,2025-06-18,2025-06-15,PA2,USPS,1,1,4.97,1.89,0.5,7.36,shipmonk_estimate,USD
152561_1,02cbae8d-41a0-4f6f-aa14-b90897db200f,Cattasaurus - shoproxstore - Shopify,direct_to_consumer,fulfilled,2025-06-15,2025-06-17,2025-06-15,NV3,DHL eCommerce,1,1,5.1,1.89,0.3,7.29,shipmonk_estimate,USD
152578_1,61067f51-db43-4177-abb9-21b9416d4682,Cattasaurus - shoproxstore - Shopify,direct_to_consumer,fulfilled,2025-06-15,2025-06-17,2025-06-15,NV3,DHL eCommerce,1,1,4.97,1.89,0.3,7.16,shipmonk_estimate,USD
152579_1,e7cc52f9-0395-4e1d-9e8a-54d020b061d2,Cattasaurus - shoproxstore - Shopify,direct_to_consumer,fulfilled,2025-06-15,2025-06-18,2025-06-15,PA2,USPS,1,1,4.62,1.89,0.5,7.01,shipmonk_estimate,USD
152580_1,b0839a82-3d99-486d-b019-da3bd0b8e1a2,Cattasaurus - shoproxstore - Shopify,direct_to_consumer,fulfilled,2025-06-15,2025-06-18,2025-06-15,PA2,USPS,1,1,4.62,1.89,0.5,7.01,shipmonk_estimate,USD
152582_1,57f595a1-9fd8-4fc7-93da-02d5b729b0dc,Cattasaurus - shoproxstore - Shopify,direct_to_consumer,fulfilled,2025-06-15,2025-06-18,2025-06-15,PA2,USPS,1,1,4.89,1.89,0.5,7.28,shipmonk_estimate,USD
152583,6659720413494,Cattasaurus - shoproxstore - Shopify,direct_to_consumer,fulfilled,2025-06-15,2025-07-25,2025-06-15,PA2,OnTrac,1,1,11.02,2.5,0.0,13.52,shipmonk_estimate,USD
152586_1,d2bae3bf-3409-4008-9cb9-3442f1324246,Cattasaurus - shoproxstore - Shopify,direct_to_consumer,fulfilled,2025-06-15,2025-06-18,2025-06-15,PA2,DHL eCommerce,1,1,5.94,1.89,0.0,7.83,shipmonk_estimate,USD
152591_1,1690c995-903a-4b76-8006-b41dd95a5126,Cattasaurus - shoproxstore - Shopify,direct_to_consumer,fulfilled,2025-06-15,2025-06-17,2025-06-15,PA2,DHL eCommerce,2,1,6.46,2.26,0.5,9.22,shipmonk_estimate,USD
152593_1,7074000c-f5ae-4d25-8959-41712a6db7b3,Cattasaurus - shoproxstore - Shopify,direct_to_consumer,fulfilled,2025-06-15,2025-06-18,2025-06-15,PA2,DHL eCommerce,2,1,7.26,2.26,0.5,10.02,shipmonk_estimate,USD
152595,6659906502966,Cattasaurus - shoproxstore - Shopify,direct_to_consumer,fulfilled,2025-06-15,2025-06-16,2025-06-15,PA2,DHL eCommerce,1,1,5.68,1.89,0.0,7.57,shipmonk_estimate,USD
152607_1,78e7d8cc-cdac-49a4-98ba-e713eeb43e93,Cattasaurus - shoproxstore - Shopify,direct_to_consumer,fulfilled,2025-06-15,2025-06-18,2025-06-15,PA2,DHL eCommerce,3,1,6.62,2.63,0.5,9.75,shipmonk_estimate,USD
152614_1,9bf6553a-a686-46cd-9053-4716f61fb5ad,Cattasaurus - shoproxstore - Shopify,direct_to_consumer,fulfilled,2025-06-15,2025-06-18,2025-06-15,PA2,USPS,1,1,4.97,1.89,0.5,7.36,shipmonk_estimate,USD
152623_1,84d3cc1f-1cbf-40dd-8231-dcce9df7f85a,Cattasaurus - shoproxstore - Shopify,direct_to_consumer,fulfilled,2025-06-15,2025-06-17,2025-06-15,PA2,DHL eCommerce,2,1,6.46,2.26,0.5,9.22,shipmonk_estimate,USD
152625_1,6084d32a-b5c6-4517-98c8-69cece2f3276,Cattasaurus - shoproxstore - Shopify,direct_to_consumer,fulfilled,2025-06-15,2025-06-18,2025-06-15,PA2,USPS,1,1,4.64,1.89,0.5,7.03,shipmonk_estimate,USD
152626_1,26461c43-e700-46a0-a139-ec34f66d460c,Cattasaurus - shoproxstore - Shopify,direct_to_consumer,fulfilled,2025-06-15,2025-06-17,2025-06-15,NV3,DHL eCommerce,1,1,5.1,1.89,0.3,7.29,shipmonk_estimate,USD
152630_1,a27cbcfe-c87b-4b34-83ea-f477a38fe1fe,Cattasaurus - shoproxstore - Shopify,direct_to_consumer,fulfilled,2025-06-15,2025-06-18,2025-06-15,PA2,USPS,1,1,4.89,1.89,0.5,7.28,shipmonk_estimate,USD
152636,6660580999478,Cattasaurus - shoproxstore - Shopify,direct_to_consumer,fulfilled,2025-06-15,2025-06-17,2025-06-15,PA2,USPS,1,1,5.61,1.89,0.0,7.5,shipmonk_estimate,USD
152639_1,f28af372-f64a-49a5-82bd-350910263faf,Cattasaurus - shoproxstore - Shopify,direct_to_consumer,fulfilled,2025-06-15,2025-06-17,2025-06-15,NV3,USPS,1,1,4.97,1.89,0.3,7.16,shipmonk_estimate,USD
152645_1,b06c3ce8-7411-46d8-9f1a-a7ee50e12081,Cattasaurus - shoproxstore - Shopify,direct_to_consumer,fulfilled,2025-06-16,2025-06-18,2025-06-16,PA2,USPS,1,1,5.43,1.89,0.0,7.32,shipmonk_estimate,USD
152650,6661139923254,Cattasaurus - shoproxstore - Shopify,direct_to_consumer,fulfilled,2025-06-16,2025-08-06,2025-06-16,PA2,FedEx,1,1,22.22,2.1,0.0,24.32,shipmonk_estimate,USD
152651_1,1216737d-45ad-4bf0-a5f1-dba17ba5a397,Cattasaurus - shoproxstore - Shopify,direct_to_consumer,fulfilled,2025-06-16,2025-06-17,2025-06-16,PA2,DHL eCommerce,2,1,6.46,2.26,0.5,9.22,shipmonk_estimate,USD
152657_1,c6316f7e-6f47-4744-84df-e656112229cf,Cattasaurus - shoproxstore - Shopify,direct_to_consumer,fulfilled,2025-06-16,2025-06-18,2025-06-16,PA2,DHL eCommerce,1,1,5.77,1.89,0.0,7.66,shipmonk_estimate,USD
152663,6661415239990,Cattasaurus - shoproxstore - Shopify,direct_to_consumer,fulfilled,2025-06-16,2025-08-05,2025-06-16,NV3,OnTrac,1,1,12.8,2.1,0.0,14.9,shipmonk_estimate,USD
152664,6661570265398,Cattasaurus - shoproxstore - Shopify,direct_to_consumer,fulfilled,2025-06-16,2025-08-06,2025-06-16,NV3,FedEx,1,1,27.15,2.1,0.0,29.25,shipmonk_estimate,USD
152669_1,b4696064-876e-466d-80f9-b9706f0a3057,Cattasaurus - shoproxstore - Shopify,direct_to_consumer,fulfilled,2025-06-16,2025-06-21,2025-06-16,PA2,DHL eCommerce,1,1,5.94,1.89,0.0,7.83,shipmonk_estimate,USD
152671_1,f8a1c9b2-0700-4522-a274-8530badd1e8d,Cattasaurus - shoproxstore - Shopify,direct_to_consumer,fulfilled,2025-06-16,2025-06-20,2025-06-16,PA2,USPS,1,1,4.89,1.89,0.5,7.28,shipmonk_estimate,USD
152674,6662358794550,Cattasaurus - shoproxstore - Shopify,direct_to_consumer,fulfilled,2025-06-16,2025-08-08,2025-06-16,PA2,FedEx,2,1,15.97,1.8,0.0,17.77,shipmonk_estimate,USD
152674_1,f2e6c71d-f5f6-434d-be0a-a9b37e0eee8a,Cattasaurus - shoproxstore - Shopify,direct_to_consumer,fulfilled,2025-06-16,2025-08-07,2025-06-16,NV3,USPS,1,1,5.1,1.5,0.3,6.9,shipmonk_estimate,USD
152675,6662375637302,Cattasaurus - shoproxstore - Shopify,direct_to_consumer,fulfilled,2025-06-16,2025-08-05,2025-06-16,NV3,OnTrac,3,1,27.15,3.0,0.0,30.15,shipmonk_estimate,USD
152676_1,a25a1948-52da-4e45-8459-895601085579,Cattasaurus - shoproxstore - Shopify,direct_to_consumer,fulfilled,2025-06-16,2025-06-21,2025-06-16,PA2,USPS,1,1,5.94,1.89,0.0,7.83,shipmonk_estimate,USD
152677_1,5ff99b0d-dcf0-42bf-99ea-06a6aeaff733,Cattasaurus - shoproxstore - Shopify,direct_to_consumer,fulfilled,2025-06-16,2025-06-21,2025-06-16,PA2,DHL eCommerce,1,1,5.94,1.89,0.0,7.83,shipmonk_estimate,USD
152680_1,cb637b18-ac7a-49ed-91fb-07a9921e7042,Cattasaurus - shoproxstore - Shopify,direct_to_consumer,fulfilled,2025-06-16,2025-06-21,2025-06-16,PA2,OnTrac,1,1,6.21,1.89,0.0,8.1,shipmonk_estimate,USD
152688,6662590398774,Cattasaurus - shoproxstore - Shopify,direct_to_consumer,fulfilled,2025-06-16,2025-08-05,2025-06-16,NV3,OnTrac,2,1,18.81,2.4,0.0,21.21,shipmonk_estimate,USD
152692,6662684508470,Cattasaurus - shoproxstore - Shopify,direct_to_consumer,fulfilled,2025-06-16,2025-08-05,2025-06-16,NV3,OnTrac,1,1,16.52,2.1,0.0,18.62,shipmonk_estimate,USD
152694,6662703874358,Cattasaurus - shoproxstore - Shopify,direct_to_consumer,fulfilled,2025-06-16,2025-08-06,2025-06-16,PA2,FedEx,1,1,20.97,2.1,0.0,23.07,shipmonk_estimate,USD
152695,6662712262966,Cattasaurus - shoproxstore - Shopify,direct_to_consumer,fulfilled,2025-06-16,2025-07-25,2025-06-16,PA2,FedEx,1,1,11.6,2.5,0.0,14.1,shipmonk_estimate,USD
152699_1,1bed529a-6d3f-4800-81a0-21eff8183f03,Cattasaurus - shoproxstore - Shopify,direct_to_consumer,fulfilled,2025-06-16,2025-06-20,2025-06-16,PA2,USPS,1,1,4.97,1.89,0.5,7.36,shipmonk_estimate,USD
INF026,60a8f780-55c9-41d4-b72b-3bd4a3dae076,Cattasaurus - Manual Store,direct_to_consumer,fulfilled,2025-06-16,2025-06-16,2025-06-16,NV3,FedEx,1,1,15.36,2.26,0.0,17.62,shipmonk_estimate,USD
152714_1,d1067128-5295-4e60-9e68-61af62cf82c2,Cattasaurus - shoproxstore - Shopify,direct_to_consumer,fulfilled,2025-06-17,2025-06-21,2025-06-17,PA2,USPS,1,1,5.43,1.89,0.0,7.32,shipmonk_estimate,USD
152719_1,5017d5b0-e8cd-4edf-9d92-a9afb2a58125,Cattasaurus - shoproxstore - Shopify,direct_to_consumer,fulfilled,2025-06-17,2025-06-21,2025-06-17,PA2,USPS,1,1,5.68,1.89,0.0,7.57,shipmonk_estimate,USD
152720_1,95fa2230-ca1a-43d6-80c2-c27c7951062e,Cattasaurus - shoproxstore - Shopify,direct_to_consumer,fulfilled,2025-06-17,2025-06-20,2025-06-17,PA2,USPS,1,1,4.97,1.89,0.3,7.16,shipmonk_estimate,USD
152723,6663503020342,Cattasaurus - shoproxstore - Shopify,direct_to_consumer,fulfilled,2025-06-17,2025-08-04,2025-06-17,PA2,FedEx,1,1,15.9,1.8,0.0,17.7,shipmonk_estimate,USD
152724_1,66a78ac5-db34-45bd-a020-fbaff43e1b3c,Cattasaurus - shoproxstore - Shopify,direct_to_consumer,fulfilled,2025-06-17,2025-06-21,2025-06-17,PA2,OnTrac,1,1,6.21,1.89,0.0,8.1,shipmonk_estimate,USD
152725,6663516029238,Cattasaurus - shoproxstore - Shopify,direct_to_consumer,fulfilled,2025-06-17,2025-08-06,2025-06-17,PA2,FedEx,1,1,12.8,2.1,0.0,14.9,shipmonk_estimate,USD
152728_1,bd717327-89dd-4591-87b9-e9ecd4c3ac7e,Cattasaurus - shoproxstore - Shopify,direct_to_consumer,fulfilled,2025-06-17,2025-06-21,2025-06-17,PA2,USPS,2,1,6.74,2.26,0.5,9.5,shipmonk_estimate,USD
152731,6663623901494,Cattasaurus - shoproxstore - Shopify,direct_to_consumer,fulfilled,2025-06-17,2025-08-06,2025-06-17,PA2,FedEx,1,1,17.94,2.1,0.0,20.04,shipmonk_estimate,USD
152732_1,0f8c1d33-24ba-4ea2-9de1-39583045a807,Cattasaurus - shoproxstore - Shopify,direct_to_consumer,fulfilled,2025-06-17,2025-06-21,2025-06-17,PA2,USPS,1,1,5.68,1.89,0.0,7.57,shipmonk_estimate,USD
152737_1,49aa11fb-f569-4fee-b967-ef0001f68164,Cattasaurus - shoproxstore - Shopify,direct_to_consumer,fulfilled,2025-06-17,2025-06-21,2025-06-17,PA2,USPS,1,1,6.21,1.89,0.0,8.1,shipmonk_estimate,USD
152741,6663832699190,Cattasaurus - shoproxstore - Shopify,direct_to_consumer,fulfilled,2025-06-17,2025-08-05,2025-06-17,NV3,OnTrac,2,1,23.29,2.4,0.0,25.69,shipmonk_estimate,USD
152749,6663996539190,Cattasaurus - shoproxstore - Shopify,direct_to_consumer,fulfilled,2025-06-17,2025-06-19,2025-06-17,PA2,USPS,1,1,5.61,1.89,0.0,7.5,shipmonk_estimate,USD
152752,6664019837238,Cattasaurus - shoproxstore - Shopify,direct_to_consumer,fulfilled,2025-06-17,2025-08-06,2025-06-17,PA2,FedEx,1,1,20.97,2.1,0.0,23.07,shipmonk_estimate,USD
152753,6664023474486,Cattasaurus - shoproxstore - Shopify,direct_to_consumer,fulfilled,2025-06-17,,2025-06-17,PA2,unknown,1,0,0.0,1.2,0.0,1.2,shipmonk_estimate,USD
152754,6664042676534,Cattasaurus - shoproxstore - Shopify,direct_to_consumer,fulfilled,2025-06-17,2025-06-19,2025-06-17,PA2,OnTrac,1,1,19.64,2.26,0.0,21.9,shipmonk_estimate,USD
152757_1,ded0ef27-734c-4b1d-be08-4f0bf3e7fe13,Cattasaurus - shoproxstore - Shopify,direct_to_consumer,fulfilled,2025-06-17,2025-06-20,2025-06-17,PA2,USPS,1,1,4.64,1.89,0.5,7.03,shipmonk_estimate,USD
152758,6664118960438,Cattasaurus - shoproxstore - Shopify,direct_to_consumer,fulfilled,2025-06-17,2025-08-06,2025-06-17,PA2,FedEx,1,1,16.38,2.1,0.0,18.48,shipmonk_estimate,USD
152761,6664129741110,Cattasaurus - shoproxstore - Shopify,direct_to_consumer,fulfilled,2025-06-17,2025-08-06,2025-06-17,PA2,FedEx,1,1,14.71,2.1,0.0,16.81,shipmonk_estimate,USD
152767_1,ece5a751-4f2d-44bb-bc69-0d9c932b1579,Cattasaurus - shoproxstore - Shopify,direct_to_consumer,fulfilled,2025-06-17,2025-06-20,2025-06-17,PA2,USPS,1,1,4.64,1.89,0.5,7.03,shipmonk_estimate,USD
152769,6664216478006,Cattasaurus - shoproxstore - Shopify,direct_to_consumer,fulfilled,2025-06-17,2025-08-06,2025-06-17,PA2,UPS,1,1,12.42,1.8,0.0,14.22,shipmonk_estimate,USD
152771_1,6b8038c6-f843-4d8e-9b13-211b857d2871,Cattasaurus - shoproxstore - Shopify,direct_to_consumer,fulfilled,2025-06-17,2025-06-21,2025-06-17,PA2,USPS,1,1,5.41,1.89,0.0,7.3,shipmonk_estimate,USD
152772_1,baeaee2c-8bbc-4d44-a228-b961cb5f0afa,Cattasaurus - shoproxstore - Shopify,direct_to_consumer,fulfilled,2025-06-17,2025-06-20,2025-06-17,PA2,USPS,1,1,4.64,1.89,0.5,7.03,shipmonk_estimate,USD
152777,6664349450550,Cattasaurus - shoproxstore - Shopify,direct_to_consumer,fulfilled,2025-06-17,2025-08-06,2025-06-17,PA2,UPS,1,1,13.34,1.8,0.0,15.14,shipmonk_estimate,USD
152778_1,c9a3ad56-d5f3-42e9-bc4a-c0e192ce7b33,Cattasaurus - shoproxstore - Shopify,direct_to_consumer,fulfilled,2025-06-17,2025-06-20,2025-06-17,PA2,USPS,1,1,4.64,1.89,0.5,7.03,shipmonk_estimate,USD
152781_1,30a38117-2705-4b99-88e9-e43cc8492428,Cattasaurus - shoproxstore - Shopify,direct_to_consumer,fulfilled,2025-06-17,2025-06-21,2025-06-17,PA2,USPS,2,1,6.68,2.26,0.5,9.44,shipmonk_estimate,USD
152786,6664547172662,Cattasaurus - shoproxstore - Shopify,direct_to_consumer,fulfilled,2025-06-17,2025-08-06,2025-06-17,PA2,OnTrac,1,1,12.8,1.8,0.0,14.6,shipmonk_estimate,USD
152787,6664588001590,Cattasaurus - shoproxstore - Shopify,direct_to_consumer,fulfilled,2025-06-17,2025-06-19,2025-06-17,PA2,USPS,2,1,6.74,2.26,0.5,9.5,shipmonk_estimate,USD
152790,6664641085750,Cattasaurus - shoproxstore - Shopify,direct_to_consumer,fulfilled,2025-06-17,2025-06-19,2025-06-17,PA2,DHL eCommerce,2,1,7.26,2.26,0.5,10.02,shipmonk_estimate,USD
152793_1,3d5676c4-0179-4f7e-b416-8aedcc9fde82,Cattasaurus - shoproxstore - Shopify,direct_to_consumer,fulfilled,2025-06-18,2025-06-21,2025-06-18,PA2,USPS,1,1,5.43,1.89,0.0,7.32,shipmonk_estimate,USD
152794_1,e2ea3f1f-e2f8-4014-ae70-0db4ccb56f38,Cattasaurus - shoproxstore - Shopify,direct_to_consumer,fulfilled,2025-06-18,2025-06-21,2025-06-18,PA2,USPS,1,1,5.43,1.89,0.0,7.32,shipmonk_estimate,USD
152797_1,a0d3e6fd-b36c-40fe-9f8c-a6c1ad6085a0,Cattasaurus - shoproxstore - Shopify,direct_to_consumer,fulfilled,2025-06-18,2025-06-21,2025-06-18,PA2,USPS,1,1,5.68,1.89,0.0,7.57,shipmonk_estimate,USD
152800,6665054486838,Cattasaurus - shoproxstore - Shopify,direct_to_consumer,fulfilled,2025-06-18,2025-08-06,2025-06-18,NV3,OnTrac,2,1,20.64,2.4,0.0,23.04,shipmonk_estimate,USD
152801,6665057861942,Cattasaurus - shoproxstore - Shopify,direct_to_consumer,fulfilled,2025-06-18,2025-08-05,2025-06-18,NV3,OnTrac,2,1,18.81,2.4,0.0,21.21,shipmonk_estimate,USD
152802,6665066905910,Cattasaurus - shoproxstore - Shopify,direct_to_consumer,fulfilled,2025-06-18,2025-08-05,2025-06-18,NV3,UPS,1,1,13.34,1.8,0.0,15.14,shipmonk_estimate,USD
152803_1,c78d5baf-dbee-4bb3-b679-cf359cc426ee,Cattasaurus - shoproxstore - Shopify,direct_to_consumer,fulfilled,2025-06-18,2025-06-21,2025-06-18,PA2,USPS,1,1,5.43,1.89,0.0,7.32,shipmonk_estimate,USD
152811,6665269608758,Cattasaurus - shoproxstore - Shopify,direct_to_consumer,fulfilled,2025-06-18,2025-08-05,2025-06-18,NV3,UPS,2,1,14.1,2.4,0.0,16.5,shipmonk_estimate,USD
152813,6665281175862,Cattasaurus - shoproxstore - Shopify,direct_to_consumer,fulfilled,2025-06-18,2025-09-22,2025-06-18,NV3,OnTrac,1,1,15.97,1.8,0.0,17.77,shipmonk_estimate,USD
152818,6665422471478,Cattasaurus - shoproxstore - Shopify,direct_to_consumer,fulfilled,2025-06-18,2025-08-06,2025-06-18,PA2,FedEx,1,1,14.71,2.1,0.0,16.81,shipmonk_estimate,USD
152827,6665586016566,Cattasaurus - shoproxstore - Shopify,direct_to_consumer,fulfilled,2025-06-18,2025-08-06,2025-06-18,PA2,OnTrac,1,1,15.67,1.8,0.0,17.47,shipmonk_estimate,USD
152830,6665658958134,Cattasaurus - shoproxstore - Shopify,direct_to_consumer,fulfilled,2025-06-18,2025-08-05,2025-06-18,NV3,OnTrac,1,1,11.77,2.1,0.0,13.87,shipmonk_estimate,USD
152831,6665664364854,Cattasaurus - shoproxstore - Shopify,direct_to_consumer,fulfilled,2025-06-18,2025-08-06,2025-06-18,NV3,OnTrac,1,1,13.34,2.1,0.0,15.44,shipmonk_estimate,USD
152838,6665733472566,Cattasaurus - shoproxstore - Shopify,direct_to_consumer,fulfilled,2025-06-18,2025-08-05,2025-06-18,NV3,OnTrac,1,1,14.1,1.8,0.0,15.9,shipmonk_estimate,USD
152839,6665760801078,Cattasaurus - shoproxstore - Shopify,direct_to_consumer,fulfilled,2025-06-18,2025-08-06,2025-06-18,NV3,FedEx,2,1,23.29,2.4,0.0,25.69,shipmonk_estimate,USD
152843,6665786196278,Cattasaurus - shoproxstore - Shopify,direct_to_consumer,fulfilled,2025-06-18,2025-09-15,2025-06-18,NV3,FedEx,2,1,19.41,2.1,0.0,21.51,shipmonk_estimate,USD
152843_1,3225493a-96f7-48af-9abc-1adb81a3bd19,Cattasaurus - shoproxstore - Shopify,direct_to_consumer,fulfilled,2025-06-18,2025-06-21,2025-06-18,PA2,DHL eCommerce,2,1,7.01,2.26,0.5,9.77,shipmonk_estimate,USD
152844_1,4e0d7e9f-0905-472b-9741-1dea634e62af,Cattasaurus - shoproxstore - Shopify,direct_to_consumer,fulfilled,2025-06-18,2025-06-21,2025-06-18,PA2,USPS,1,1,5.68,1.89,0.0,7.57,shipmonk_estimate,USD
152845_1,1111baa0-a5c7-4fa0-b777-76fbaa5b9ca5,Cattasaurus - shoproxstore - Shopify,direct_to_consumer,fulfilled,2025-06-18,2025-06-20,2025-06-18,NV3,USPS,1,1,4.62,2.26,0.3,7.18,shipmonk_estimate,USD
152846_1,afd36d44-6d0f-4624-ad44-e203b8894c46,Cattasaurus - shoproxstore - Shopify,direct_to_consumer,fulfilled,2025-06-18,2025-06-21,2025-06-18,PA2,USPS,1,1,5.68,1.89,0.0,7.57,shipmonk_estimate,USD
152848,6665896788278,Cattasaurus - shoproxstore - Shopify,direct_to_consumer,fulfilled,2025-06-18,2025-08-08,2025-06-18,PA2,OnTrac,2,1,11.77,2.1,0.0,13.87,shipmonk_estimate,USD
152849_1,2bf630f6-c64f-4dc3-bf9a-53b6149a2c24,Cattasaurus - shoproxstore - Shopify,direct_to_consumer,fulfilled,2025-06-18,2025-06-21,2025-06-18,PA2,USPS,1,1,5.94,1.89,0.0,7.83,shipmonk_estimate,USD
152853,6666011410742,Cattasaurus - shoproxstore - Shopify,direct_to_consumer,fulfilled,2025-06-18,2025-08-06,2025-06-18,NV3,OnTrac,1,1,12.8,2.1,0.0,14.9,shipmonk_estimate,USD
152854,6666015310134,Cattasaurus - shoproxstore - Shopify,direct_to_consumer,fulfilled,2025-06-18,2025-08-06,2025-06-18,PA2,OnTrac,1,1,12.13,2.1,0.0,14.23,shipmonk_estimate,USD
152858_1,cf7413dc-c71a-490a-94c2-7bb5ad32cad9,Cattasaurus - shoproxstore - Shopify,direct_to_consumer,fulfilled,2025-06-18,2025-06-20,2025-06-18,PA2,USPS,1,1,4.64,1.89,0.5,7.03,shipmonk_estimate,USD
111-5120299-1837857,111-5120299-1837857,Cattasaurus - Amazon USA,direct_to_consumer,fulfilled,2025-06-19,2025-06-20,2025-06-19,PA2,USPS,1,1,4.62,1.89,0.3,6.81,shipmonk_estimate,USD
152861,6666468950326,Cattasaurus - shoproxstore - Shopify,direct_to_consumer,fulfilled,2025-06-19,2025-08-06,2025-06-19,NV3,FedEx,2,1,21.85,2.4,0.0,24.25,shipmonk_estimate,USD
152866,6666607165750,Cattasaurus - shoproxstore - Shopify,direct_to_consumer,fulfilled,2025-06-19,2025-08-05,2025-06-19,NV3,OnTrac,1,1,16.52,1.8,0.0,18.32,shipmonk_estimate,USD
152869_1,04be437d-0ac5-4985-a7c7-8ac441921f17,Cattasaurus - shoproxstore - Shopify,direct_to_consumer,fulfilled,2025-06-19,2025-06-21,2025-06-19,PA2,DHL eCommerce,2,1,6.68,2.26,0.5,9.44,shipmonk_estimate,USD
152870,6666662183222,Cattasaurus - shoproxstore - Shopify,direct_to_consumer,fulfilled,2025-06-19,2025-08-06,2025-06-19,PA2,FedEx,1,1,16.38,2.1,0.0,18.48,shipmonk_estimate,USD
152871,6666662445366,Cattasaurus - shoproxstore - Shopify,direct_to_consumer,fulfilled,2025-06-19,2025-06-20,2025-06-19,PA2,OnTrac,4,1,10.42,3.74,0.5,14.66,shipmonk_estimate,USD
152875_1,eb0fbe20-003e-4612-a178-14fc57401475,Cattasaurus - shoproxstore - Shopify,direct_to_consumer,fulfilled,2025-06-19,2025-06-20,2025-06-19,PA2,USPS,1,1,4.97,1.89,0.5,7.36,shipmonk_estimate,USD
152876,6666711695670,Cattasaurus - shoproxstore - Shopify,direct_to_consumer,fulfilled,2025-06-19,,2025-06-19,NV3,ShipMonk,1,0,21.85,1.8,0.0,23.65,shipmonk_estimate,USD
152879_1,de5a25ae-e358-4789-836c-e9331a5f0f34,Cattasaurus - shoproxstore - Shopify,direct_to_consumer,fulfilled,2025-06-19,2025-06-21,2025-06-19,PA2,USPS,2,1,5.41,2.26,0.5,8.17,shipmonk_estimate,USD
152884,6666803183926,Cattasaurus - shoproxstore - Shopify,direct_to_consumer,fulfilled,2025-06-19,2025-08-06,2025-06-19,PA2,OnTrac,1,1,10.86,1.8,0.0,12.66,shipmonk_estimate,USD
152888,6666922033462,Cattasaurus - shoproxstore - Shopify,direct_to_consumer,fulfilled,2025-06-19,2025-08-05,2025-06-19,NV3,FedEx,1,1,21.85,2.1,0.0,23.95,shipmonk_estimate,USD
152891,6666936713526,Cattasaurus - shoproxstore - Shopify,direct_to_consumer,fulfilled,2025-06-19,2025-08-06,2025-06-19,PA2,OnTrac,1,1,12.13,2.1,0.0,14.23,shipmonk_estimate,USD
152896_1,79431d51-0b7a-4fcc-aced-48ae39d9b952,Cattasaurus - shoproxstore - Shopify,direct_to_consumer,fulfilled,2025-06-19,2025-06-21,2025-06-19,PA2,USPS,1,1,4.64,1.89,0.3,6.83,shipmonk_estimate,USD
152898,6667176935734,Cattasaurus - shoproxstore - Shopify,direct_to_consumer,fulfilled,2025-06-19,2025-06-21,2025-06-19,PA2,FedEx,1,1,16.87,2.26,0.0,19.13,shipmonk_estimate,USD
152901_1,897f9ac4-4877-4dd3-aaf0-6eb518fe5208,Cattasaurus - shoproxstore - Shopify,direct_to_consumer,fulfilled,2025-06-19,2025-06-21,2025-06-19,PA2,USPS,1,1,4.97,1.89,0.3,7.16,shipmonk_estimate,USD
152913_1,be268cea-341d-42b7-99b0-af1004c3b01a,Cattasaurus - shoproxstore - Shopify,direct_to_consumer,fulfilled,2025-06-19,2025-06-21,2025-06-19,PA2,DHL eCommerce,1,1,5.94,1.89,0.0,7.83,shipmonk_estimate,USD
152916_1,becba09c-fd4c-46ac-b32e-27eca4e28dac,Cattasaurus - shoproxstore - Shopify,direct_to_consumer,fulfilled,2025-06-19,2025-06-21,2025-06-19,PA2,USPS,1,1,4.62,1.89,0.3,6.81,shipmonk_estimate,USD
152919,6667850875190,Cattasaurus - shoproxstore - Shopify,direct_to_consumer,fulfilled,2025-06-19,,2025-06-19,NV3,ShipMonk,1,0,6.21,1.5,0.0,7.71,shipmonk_estimate,USD
152920,6667870535990,Cattasaurus - shoproxstore - Shopify,direct_to_consumer,fulfilled,2025-06-19,2025-08-06,2025-06-19,PA2,OnTrac,1,1,16.52,1.8,0.0,18.32,shipmonk_estimate,USD
152922_1,cf2949d2-6100-4086-8d68-0c9418a73ab8,Cattasaurus - shoproxstore - Shopify,direct_to_consumer,fulfilled,2025-06-19,2025-06-23,2025-06-19,NV3,DHL eCommerce,1,1,4.97,1.89,0.3,7.16,shipmonk_estimate,USD
152932,6668432933174,Cattasaurus - shoproxstore - Shopify,direct_to_consumer,fulfilled,2025-06-20,2025-08-06,2025-06-20,PA2,FedEx,1,1,13.15,2.1,0.0,15.25,shipmonk_estimate,USD
152933,6668478906678,Cattasaurus - shoproxstore - Shopify,direct_to_consumer,fulfilled,2025-06-20,2025-08-06,2025-06-20,NV3,OnTrac,1,1,12.8,2.1,0.0,14.9,shipmonk_estimate,USD
152942,6668646318390,Cattasaurus - shoproxstore - Shopify,direct_to_consumer,fulfilled,2025-06-20,2025-07-24,2025-06-20,PA2,OnTrac,1,1,10.81,3.5,0.0,14.31,shipmonk_estimate,USD
152945,6668700811574,Cattasaurus - shoproxstore - Shopify,direct_to_consumer,fulfilled,2025-06-20,2025-06-22,2025-06-20,PA2,OnTrac,1,1,19.64,2.26,0.0,21.9,shipmonk_estimate,USD
152948,6668736790838,Cattasaurus - shoproxstore - Shopify,direct_to_consumer,fulfilled,2025-06-20,2025-08-05,2025-06-20,NV3,FedEx,1,1,18.09,2.1,0.0,20.19,shipmonk_estimate,USD
152952_1,0bdfa1ee-461e-4388-9d2d-362f6e62b2d2,Cattasaurus - shoproxstore - Shopify,direct_to_consumer,fulfilled,2025-06-20,2025-06-23,2025-06-20,PA2,USPS,1,1,4.97,1.89,0.3,7.16,shipmonk_estimate,USD
152954_1,15cefdc0-2cb4-4772-8962-6ad94042069a,Cattasaurus - shoproxstore - Shopify,direct_to_consumer,fulfilled,2025-06-20,2025-06-24,2025-06-20,PA2,USPS,1,1,5.68,1.89,0.0,7.57,shipmonk_estimate,USD
152958,6669202784566,Cattasaurus - shoproxstore - Shopify,direct_to_consumer,fulfilled,2025-06-20,2025-08-05,2025-06-20,NV3,FedEx,2,1,16.52,2.4,0.0,18.92,shipmonk_estimate,USD
152959,6669271367990,Cattasaurus - shoproxstore - Shopify,direct_to_consumer,fulfilled,2025-06-20,2025-08-06,2025-06-20,PA2,OnTrac,1,1,20.97,2.1,0.0,23.07,shipmonk_estimate,USD
152960,6669276873014,Cattasaurus - shoproxstore - Shopify,direct_to_consumer,fulfilled,2025-06-20,2025-08-05,2025-06-20,NV3,FedEx,2,1,14.11,2.4,0.0,16.51,shipmonk_estimate,USD
152961_1,64a35326-fd17-497b-8a21-fa6c0d510028,Cattasaurus - shoproxstore - Shopify,direct_to_consumer,fulfilled,2025-06-20,2025-06-24,2025-06-20,PA2,USPS,1,1,5.43,1.89,0.0,7.32,shipmonk_estimate,USD
152962,6669324648758,Cattasaurus - shoproxstore - Shopify,direct_to_consumer,fulfilled,2025-06-20,2025-08-06,2025-06-20,PA2,OnTrac,1,1,14.1,1.8,0.0,15.9,shipmonk_estimate,USD
152963_1,c655471d-3af0-41c5-83eb-d5fed64e5b49,Cattasaurus - shoproxstore - Shopify,direct_to_consumer,fulfilled,2025-06-20,2025-06-24,2025-06-20,PA2,USPS,1,1,5.61,1.89,0.0,7.5,shipmonk_estimate,USD
152964_1,e101b5dc-777c-4849-ae77-4c0d07d3ea34,Cattasaurus - shoproxstore - Shopify,direct_to_consumer,fulfilled,2025-06-20,2025-06-24,2025-06-20,PA2,USPS,1,1,5.61,1.89,0.0,7.5,shipmonk_estimate,USD
152965_1,1f96eae9-32c8-4bd9-b04c-cffb04b633f8,Cattasaurus - shoproxstore - Shopify,direct_to_consumer,fulfilled,2025-06-20,2025-06-24,2025-06-20,PA2,DHL eCommerce,1,1,5.77,1.89,0.0,7.66,shipmonk_estimate,USD
152966_1,22277a8e-5818-46af-bc64-477f122fdc89,Cattasaurus - shoproxstore - Shopify,direct_to_consumer,fulfilled,2025-06-20,2025-06-23,2025-06-20,NV3,USPS,1,1,4.64,1.89,0.3,6.83,shipmonk_estimate,USD
114-5478967-2437859,114-5478967-2437859,Cattasaurus - Amazon USA,direct_to_consumer,fulfilled,2025-06-21,2025-06-22,2025-06-21,PA2,USPS,1,1,5.1,1.89,0.5,7.49,shipmonk_estimate,USD
150337-01,258b1e27-1384-44a2-aaa0-3d9f1bfffa01,Cattasaurus - shoproxstore - Shopify,direct_to_consumer,fulfilled,2025-06-21,2025-06-21,2025-06-21,PA2,OnTrac,2,1,6.46,3.37,0.3,10.13,shipmonk_estimate,USD
152397-01,6d816bad-c05f-4aa1-bde9-677311bd6a01,Cattasaurus - shoproxstore - Shopify,direct_to_consumer,fulfilled,2025-06-21,2025-06-21,2025-06-21,PA2,USPS,1,1,4.64,1.89,0.3,6.83,shipmonk_estimate,USD
152974,6669809713462,Cattasaurus - shoproxstore - Shopify,direct_to_consumer,fulfilled,2025-06-21,2025-08-07,2025-06-21,NV3,UPS,2,1,88.42,2.7,0.0,91.12,shipmonk_estimate,USD
152977_1,6b3c3d41-0307-4a08-b845-96ec987e29ad,Cattasaurus - shoproxstore - Shopify,direct_to_consumer,fulfilled,2025-06-21,2025-06-23,2025-06-21,PA2,USPS,1,1,4.89,1.89,0.3,7.08,shipmonk_estimate,USD
152978_1,3d65c115-884d-4f25-ad9d-fd076d3c85d3,Cattasaurus - shoproxstore - Shopify,direct_to_consumer,fulfilled,2025-06-21,2025-06-24,2025-06-21,PA2,ShipMonk,1,1,0.0,1.89,0.0,1.89,shipmonk_estimate,USD
152979_1,c01adfb8-d2eb-405c-bf92-8547f7e18787,Cattasaurus - shoproxstore - Shopify,direct_to_consumer,fulfilled,2025-06-21,2025-06-24,2025-06-21,PA2,ShipMonk,1,1,0.0,1.89,0.0,1.89,shipmonk_estimate,USD
152980_1,d4986c9f-0e41-4ba5-9997-7bd07f121e00,Cattasaurus - shoproxstore - Shopify,direct_to_consumer,fulfilled,2025-06-21,2025-06-24,2025-06-21,PA2,ShipMonk,1,1,0.0,1.89,0.0,1.89,shipmonk_estimate,USD
152984_1,ca4872d1-da3c-4ffc-8ec3-1a09aed3b010,Cattasaurus - shoproxstore - Shopify,direct_to_consumer,fulfilled,2025-06-21,2025-06-23,2025-06-21,PA2,USPS,1,1,4.97,1.89,0.3,7.16,shipmonk_estimate,USD
152985_1,e84eba59-5843-406a-a13c-b2b4cc9aa11f,Cattasaurus - shoproxstore - Shopify,direct_to_consumer,fulfilled,2025-06-21,2025-06-24,2025-06-21,PA2,USPS,1,1,5.43,1.89,0.0,7.32,shipmonk_estimate,USD
152987,6670303035702,Cattasaurus - shoproxstore - Shopify,direct_to_consumer,fulfilled,2025-06-21,2025-07-24,2025-06-21,NV3,UPS,1,1,14.06,2.5,0.0,16.56,shipmonk_estimate,USD
152990_1,5f65ceaa-29a1-4adf-9e34-fccc82de9a55,Cattasaurus - shoproxstore - Shopify,direct_to_consumer,fulfilled,2025-06-21,2025-06-24,2025-06-21,PA2,OnTrac,1,1,6.21,1.89,0.0,8.1,shipmonk_estimate,USD
152992,6670446657846,Cattasaurus - shoproxstore - Shopify,direct_to_consumer,fulfilled,2025-06-21,2025-08-05,2025-06-21,NV3,OnTrac,1,1,14.11,2.1,0.0,16.21,shipmonk_estimate,USD
152993,6670446854454,Cattasaurus - shoproxstore - Shopify,direct_to_consumer,fulfilled,2025-06-21,2025-08-06,2025-06-21,PA2,FedEx,1,1,19.4,2.1,0.0,21.5,shipmonk_estimate,USD
152994,6670534574390,Cattasaurus - shoproxstore - Shopify,direct_to_consumer,fulfilled,2025-06-21,2025-08-20,2025-06-21,PA2,FedEx,1,1,25.81,7.5,0.0,33.31,shipmonk_estimate,USD
152997,6670627143990,Cattasaurus - shoproxstore - Shopify,direct_to_consumer,fulfilled,2025-06-21,2025-08-06,2025-06-21,PA2,FedEx,1,1,20.97,2.1,0.0,23.07,shipmonk_estimate,USD
152998_1,98b8ac07-3eea-4bb1-b8f4-45c2ae5a8d57,Cattasaurus - shoproxstore - Shopify,direct_to_consumer,fulfilled,2025-06-21,2025-06-24,2025-06-21,PA2,USPS,1,1,5.43,1.89,0.0,7.32,shipmonk_estimate,USD
153000,6670695006518,Cattasaurus - shoproxstore - Shopify,direct_to_consumer,fulfilled,2025-06-21,2025-08-07,2025-06-21,PA2,FedEx,1,1,17.94,2.1,0.0,20.04,shipmonk_estimate,USD
153000_1,bda43d74-55ed-4d6b-aaf2-c0f26e98fcaf,Cattasaurus - shoproxstore - Shopify,direct_to_consumer,fulfilled,2025-06-21,2025-08-07,2025-06-21,PA2,FedEx,1,1,17.94,2.1,0.0,20.04,shipmonk_estimate,USD
153002,6670727708982,Cattasaurus - shoproxstore - Shopify,direct_to_consumer,fulfilled,2025-06-21,2025-08-06,2025-06-21,NV3,OnTrac,1,1,20.28,2.1,0.0,22.38,shipmonk_estimate,USD
153004_1,ed3e5994-20d2-4f16-9371-cab8fbe5e948,Cattasaurus - shoproxstore - Shopify,direct_to_consumer,fulfilled,2025-06-21,2025-06-23,2025-06-21,NV3,USPS,1,1,4.97,1.89,0.3,7.16,shipmonk_estimate,USD
153007_1,a254beb4-bf31-4df6-8d4b-c836a7c46ff3,Cattasaurus - shoproxstore - Shopify,direct_to_consumer,fulfilled,2025-06-21,2025-06-23,2025-06-21,PA2,USPS,1,1,4.89,1.89,0.3,7.08,shipmonk_estimate,USD
153010,6670891942198,Cattasaurus - shoproxstore - Shopify,direct_to_consumer,fulfilled,2025-06-21,2025-08-06,2025-06-21,NV3,OnTrac,2,1,18.81,2.4,0.0,21.21,shipmonk_estimate,USD
153011,6670950170934,Cattasaurus - shoproxstore - Shopify,direct_to_consumer,fulfilled,2025-06-21,2025-08-06,2025-06-21,NV3,FedEx,1,1,15.68,2.1,0.0,17.78,shipmonk_estimate,USD
153012_1,a63abc23-15f7-485b-bab7-c98c3e8b4692,Cattasaurus - shoproxstore - Shopify,direct_to_consumer,fulfilled,2025-06-21,2025-06-23,2025-06-21,NV3,DHL eCommerce,3,1,6.62,2.63,0.5,9.75,shipmonk_estimate,USD
153016,6671093006646,Cattasaurus - shoproxstore - Shopify,direct_to_consumer,fulfilled,2025-06-21,2025-08-05,2025-06-21,NV3,UPS,1,1,17.53,2.1,0.0,19.63,shipmonk_estimate,USD
153018,6671143108918,Cattasaurus - shoproxstore - Shopify,direct_to_consumer,fulfilled,2025-06-21,2025-06-23,2025-06-21,NV3,FedEx,1,1,23.93,2.26,0.0,26.19,shipmonk_estimate,USD
153019,6671150219574,Cattasaurus - shoproxstore - Shopify,direct_to_consumer,fulfilled,2025-06-21,2025-06-23,2025-06-21,PA2,OnTrac,1,1,6.21,1.89,0.0,8.1,shipmonk_estimate,USD
153020,6671158378806,Cattasaurus - shoproxstore - Shopify,direct_to_consumer,fulfilled,2025-06-21,2025-08-08,2025-06-21,PA2,FedEx,2,1,29.23,1.8,0.0,31.03,shipmonk_estimate,USD
153025,6671642526006,Cattasaurus - shoproxstore - Shopify,direct_to_consumer,fulfilled,2025-06-22,2025-08-06,2025-06-22,PA2,FedEx,1,1,20.97,2.1,0.0,23.07,shipmonk_estimate,USD
153027,6671674310966,Cattasaurus - shoproxstore - Shopify,direct_to_consumer,fulfilled,2025-06-22,2025-08-06,2025-06-22,PA2,OnTrac,1,1,14.1,1.8,0.0,15.9,shipmonk_estimate,USD
153028,6671679815990,Cattasaurus - shoproxstore - Shopify,direct_to_consumer,fulfilled,2025-06-22,2025-08-05,2025-06-22,NV3,OnTrac,2,1,23.29,2.4,0.0,25.69,shipmonk_estimate,USD
153031,6671713796406,Cattasaurus - shoproxstore - Shopify,direct_to_consumer,fulfilled,2025-06-22,2025-08-06,2025-06-22,PA2,FedEx,1,1,19.4,2.1,0.0,21.5,shipmonk_estimate,USD
153032,6671733227830,Cattasaurus - shoproxstore - Shopify,direct_to_consumer,fulfilled,2025-06-22,2025-06-23,2025-06-22,PA2,FedEx,2,1,19.64,2.63,0.0,22.27,shipmonk_estimate,USD
153037_1,9a7c6766-80ae-4fb7-af4a-95fdf284d129,Cattasaurus - shoproxstore - Shopify,direct_to_consumer,fulfilled,2025-06-22,2025-06-24,2025-06-22,PA2,USPS,2,1,6.46,2.26,0.5,9.22,shipmonk_estimate,USD
153038,6671821865270,Cattasaurus - shoproxstore - Shopify,direct_to_consumer,fulfilled,2025-06-22,2025-08-05,2025-06-22,NV3,OnTrac,1,1,27.15,2.1,0.0,29.25,shipmonk_estimate,USD
153040_1,2fb6e931-da6a-4f3b-ba61-dcd8138f597e,Cattasaurus - shoproxstore - Shopify,direct_to_consumer,fulfilled,2025-06-22,2025-06-25,2025-06-22,PA2,USPS,1,1,5.61,1.89,0.0,7.5,shipmonk_estimate,USD
153042,6671889826102,Cattasaurus - shoproxstore - Shopify,direct_to_consumer,fulfilled,2025-06-22,2025-08-06,2025-06-22,NV3,FedEx,2,1,20.28,2.4,0.0,22.68,shipmonk_estimate,USD
153046_1,1cfd4892-8256-4330-ae83-df31bf255d9c,Cattasaurus - shoproxstore - Shopify,direct_to_consumer,fulfilled,2025-06-22,2025-06-25,2025-06-22,PA2,USPS,1,1,5.41,2.26,0.5,8.17,shipmonk_estimate,USD
153047_1,1b875268-0f7c-44f4-a8a1-06dadcabc99a,Cattasaurus - shoproxstore - Shopify,direct_to_consumer,fulfilled,2025-06-22,2025-06-25,2025-06-22,PA2,USPS,1,1,5.77,1.89,0.0,7.66,shipmonk_estimate,USD
153049,6672117891382,Cattasaurus - shoproxstore - Shopify,direct_to_consumer,fulfilled,2025-06-22,2025-08-06,2025-06-22,PA2,FedEx,1,1,19.4,2.1,0.0,21.5,shipmonk_estimate,USD
153050,6672162586934,Cattasaurus - shoproxstore - Shopify,direct_to_consumer,fulfilled,2025-06-22,2025-08-06,2025-06-22,NV3,OnTrac,1,1,11.58,2.1,0.0,13.68,shipmonk_estimate,USD
153051,6672182575414,Cattasaurus - shoproxstore - Shopify,direct_to_consumer,fulfilled,2025-06-22,2025-08-05,2025-06-22,NV3,OnTrac,1,1,14.11,2.1,0.0,16.21,shipmonk_estimate,USD
153053_1,55b37d16-c4dc-43c0-a030-2655f92fd960,Cattasaurus - shoproxstore - Shopify,direct_to_consumer,fulfilled,2025-06-22,2025-06-24,2025-06-22,PA2,USPS,1,1,5.68,1.89,0.0,7.57,shipmonk_estimate,USD
153054_1,b7a78123-a837-47b7-8b20-f308011688c4,Cattasaurus - shoproxstore - Shopify,direct_to_consumer,fulfilled,2025-06-22,2025-06-24,2025-06-22,NV3,USPS,1,1,5.1,1.89,0.3,7.29,shipmonk_estimate,USD
153055_1,419dd1fa-2de4-497d-af6c-e1653c4f318f,Cattasaurus - shoproxstore - Shopify,direct_to_consumer,fulfilled,2025-06-22,2025-06-25,2025-06-22,PA2,USPS,2,1,5.68,3.0,0.3,8.98,shipmonk_estimate,USD
153057,6672267641142,Cattasaurus - shoproxstore - Shopify,direct_to_consumer,fulfilled,2025-06-22,2025-08-07,2025-06-22,PA2,FedEx,1,1,15.95,7.5,0.0,23.45,shipmonk_estimate,USD
153057_1,ad634758-e499-4dbf-926f-7886182c241e,Cattasaurus - shoproxstore - Shopify,direct_to_consumer,fulfilled,2025-06-22,2025-06-25,2025-06-22,PA2,USPS,1,1,5.61,1.89,0.0,7.5,shipmonk_estimate,USD
153065_1,4ea4dc77-28fc-4ea6-aa5f-7306126d9ffb,Cattasaurus - shoproxstore - Shopify,direct_to_consumer,fulfilled,2025-06-22,2025-06-24,2025-06-22,NV3,USPS,1,1,4.64,1.89,0.3,6.83,shipmonk_estimate,USD
153068,6672501670198,Cattasaurus - shoproxstore - Shopify,direct_to_consumer,fulfilled,2025-06-22,2025-08-05,2025-06-22,NV3,OnTrac,1,1,20.28,2.1,0.0,22.38,shipmonk_estimate,USD
153070,6672531292470,Cattasaurus - shoproxstore - Shopify,direct_to_consumer,fulfilled,2025-06-22,2025-08-06,2025-06-22,PA2,OnTrac,1,1,10.86,1.8,0.0,12.66,shipmonk_estimate,USD
153072_1,7310d729-b311-45de-9871-5bf086ac40e6,Cattasaurus - shoproxstore - Shopify,direct_to_consumer,fulfilled,2025-06-22,2025-06-25,2025-06-22,PA2,USPS,1,1,5.94,1.89,0.0,7.83,shipmonk_estimate,USD
153074,6672630382902,Cattasaurus - shoproxstore - Shopify,direct_to_consumer,fulfilled,2025-06-22,2025-08-05,2025-06-22,NV3,OnTrac,1,1,14.1,2.1,0.0,16.2,shipmonk_estimate,USD
153079,6672723640630,Cattasaurus - shoproxstore - Shopify,direct_to_consumer,fulfilled,2025-06-22,2025-06-24,2025-06-22,PA2,FedEx,2,1,21.18,2.63,0.0,23.81,shipmonk_estimate,USD
153081_1,56bc6e21-82c9-4d68-ac72-0124d340b2c2,Cattasaurus - shoproxstore - Shopify,direct_to_consumer,fulfilled,2025-06-22,2025-06-25,2025-06-22,PA2,DHL eCommerce,1,1,5.94,1.89,0.0,7.83,shipmonk_estimate,USD
153084,6672778297654,Cattasaurus - shoproxstore - Shopify,direct_to_consumer,fulfilled,2025-06-22,2025-08-06,2025-06-22,PA2,USPS,1,1,20.33,2.1,0.0,22.43,shipmonk_estimate,USD
153086,6672851140918,Cattasaurus - shoproxstore - Shopify,direct_to_consumer,fulfilled,2025-06-22,2025-06-24,2025-06-22,PA2,DHL eCommerce,1,1,5.77,1.89,0.0,7.66,shipmonk_estimate,USD
153090,6672955343158,Cattasaurus - shoproxstore - Shopify,direct_to_consumer,fulfilled,2025-06-22,2025-08-06,2025-06-22,PA2,FedEx,1,1,31.86,2.1,0.0,33.96,shipmonk_estimate,USD
153092,6673026023734,Cattasaurus - shoproxstore - Shopify,direct_to_consumer,fulfilled,2025-06-22,2025-08-06,2025-06-22,NV3,OnTrac,1,1,14.1,2.1,0.0,16.2,shipmonk_estimate,USD
153096_1,7e13140f-af40-4cf6-85c7-85207584fb5c,Cattasaurus - shoproxstore - Shopify,direct_to_consumer,fulfilled,2025-06-23,2025-06-25,2025-06-23,PA2,USPS,1,1,4.62,1.89,0.5,7.01,shipmonk_estimate,USD
153097,6673417109814,Cattasaurus - shoproxstore - Shopify,direct_to_consumer,fulfilled,2025-06-23,2025-08-05,2025-06-23,NV3,OnTrac,2,1,12.8,2.4,0.0,15.2,shipmonk_estimate,USD
153099_1,65ab3d78-46eb-4ef4-82a4-c7b81fa6dabb,Cattasaurus - shoproxstore - Shopify,direct_to_consumer,fulfilled,2025-06-23,2025-06-25,2025-06-23,PA2,USPS,1,1,5.61,1.89,0.0,7.5,shipmonk_estimate,USD
153103,6673538253110,Cattasaurus - shoproxstore - Shopify,direct_to_consumer,fulfilled,2025-06-23,2025-08-06,2025-06-23,PA2,FedEx,1,1,20.28,1.8,0.0,22.08,shipmonk_estimate,USD
153105,6673563975990,Cattasaurus - shoproxstore - Shopify,direct_to_consumer,fulfilled,2025-06-23,2025-08-05,2025-06-23,NV3,OnTrac,2,1,14.1,2.4,0.0,16.5,shipmonk_estimate,USD
153106,6673573609782,Cattasaurus - shoproxstore - Shopify,direct_to_consumer,fulfilled,2025-06-23,2025-08-06,2025-06-23,PA2,FedEx,1,1,13.15,2.1,0.0,15.25,shipmonk_estimate,USD
153110,6673657758006,Cattasaurus - shoproxstore - Shopify,direct_to_consumer,fulfilled,2025-06-23,2025-08-06,2025-06-23,PA2,UPS,1,1,13.34,1.8,0.0,15.14,shipmonk_estimate,USD
153115,6673876582710,Cattasaurus - shoproxstore - Shopify,direct_to_consumer,fulfilled,2025-06-23,2025-08-06,2025-06-23,PA2,FedEx,1,1,20.97,2.1,0.0,23.07,shipmonk_estimate,USD
153118,6674019189046,Cattasaurus - shoproxstore - Shopify,direct_to_consumer,fulfilled,2025-06-23,2025-08-05,2025-06-23,NV3,OnTrac,1,1,11.58,2.1,0.0,13.68,shipmonk_estimate,USD
153119,6674084397366,Cattasaurus - shoproxstore - Shopify,direct_to_consumer,fulfilled,2025-06-23,2025-08-06,2025-06-23,PA2,FedEx,1,1,16.38,2.1,0.0,18.48,shipmonk_estimate,USD
153120,6674145313078,Cattasaurus - shoproxstore - Shopify,direct_to_consumer,fulfilled,2025-06-23,2025-08-06,2025-06-23,PA2,FedEx,1,1,19.4,2.1,0.0,21.5,shipmonk_estimate,USD
153121,6674168185142,Cattasaurus - shoproxstore - Shopify,direct_to_consumer,fulfilled,2025-06-23,2025-08-06,2025-06-23,PA2,OnTrac,1,1,14.11,1.8,0.0,15.91,shipmonk_estimate,USD
153124_1,1ff387a9-7844-49f9-a930-6245a5b88ced,Cattasaurus - shoproxstore - Shopify,direct_to_consumer,fulfilled,2025-06-23,2025-07-01,2025-06-23,PA2,USPS,1,1,4.62,1.5,0.3,6.42,shipmonk_estimate,USD
153125,6674269569334,Cattasaurus - shoproxstore - Shopify,direct_to_consumer,fulfilled,2025-06-23,2025-08-06,2025-06-23,PA2,OnTrac,1,1,14.1,1.8,0.0,15.9,shipmonk_estimate,USD
153126_1,96eaf3dd-62da-4915-bcc3-fe1e8a602b5c,Cattasaurus - shoproxstore - Shopify,direct_to_consumer,fulfilled,2025-06-23,2025-06-30,2025-06-23,PA2,USPS,1,1,5.41,2.26,0.5,8.17,shipmonk_estimate,USD
153127,6674412896566,Cattasaurus - shoproxstore - Shopify,direct_to_consumer,fulfilled,2025-06-23,2025-08-05,2025-06-23,NV3,FedEx,1,1,11.77,2.1,0.0,13.87,shipmonk_estimate,USD
153129,6674481512758,Cattasaurus - shoproxstore - Shopify,direct_to_consumer,fulfilled,2025-06-23,2025-07-17,2025-06-23,PA2,FedEx,1,2,25.48,3.6,0.0,29.08,shipmonk_estimate,USD
153135_1,dbd89bfd-feb8-4e19-9a70-bf7e6e3729e7,Cattasaurus - shoproxstore - Shopify,direct_to_consumer,fulfilled,2025-06-24,2025-07-01,2025-06-24,PA2,USPS,1,1,5.1,1.5,0.3,6.9,shipmonk_estimate,USD
153136_1,2fe46008-d4da-4f53-b986-0dfe55b6481a,Cattasaurus - shoproxstore - Shopify,direct_to_consumer,fulfilled,2025-06-24,2025-07-01,2025-06-24,PA2,USPS,1,1,4.62,1.5,0.3,6.42,shipmonk_estimate,USD
153138_1,0f87e243-5154-4e15-9664-6fccde85691c,Cattasaurus - shoproxstore - Shopify,direct_to_consumer,fulfilled,2025-06-24,2025-06-30,2025-06-24,PA2,USPS,1,1,6.68,2.63,0.5,9.81,shipmonk_estimate,USD
153147,6675295207734,Cattasaurus - shoproxstore - Shopify,direct_to_consumer,fulfilled,2025-06-24,2025-07-09,2025-06-24,PA2,OnTrac,1,1,14.32,2.1,0.0,16.42,shipmonk_estimate,USD
153148_1,fe7e1c99-b398-4fbb-be42-53d64f4d99d2,Cattasaurus - shoproxstore - Shopify,direct_to_consumer,fulfilled,2025-06-24,2025-06-28,2025-06-24,PA2,USPS,1,1,4.97,1.89,0.3,7.16,shipmonk_estimate,USD
153149_1,2efb2399-9e00-4ddb-8fba-e8b6108076ba,Cattasaurus - shoproxstore - Shopify,direct_to_consumer,fulfilled,2025-06-24,2025-07-01,2025-06-24,PA2,USPS,1,1,4.64,1.5,0.3,6.44,shipmonk_estimate,USD
153151,6675385352502,Cattasaurus - shoproxstore - Shopify,direct_to_consumer,fulfilled,2025-06-24,2025-07-17,2025-06-24,PA2,FedEx,1,1,16.45,2.1,0.0,18.55,shipmonk_estimate,USD
153154,6675499483446,Cattasaurus - shoproxstore - Shopify,direct_to_consumer,fulfilled,2025-06-24,2025-07-25,2025-06-24,PA2,OnTrac,1,1,10.04,2.5,0.0,12.54,shipmonk_estimate,USD
153165,6675673547062,Cattasaurus - shoproxstore - Shopify,direct_to_consumer,fulfilled,2025-06-24,2025-06-30,2025-06-24,NV3,USPS,1,1,4.97,1.89,0.3,7.16,shipmonk_estimate,USD
153177,6675836109110,Cattasaurus - shoproxstore - Shopify,direct_to_consumer,fulfilled,2025-06-24,2025-08-06,2025-06-24,PA2,FedEx,1,1,33.43,2.1,0.0,35.53,shipmonk_estimate,USD
153185_1,b7e154b2-5751-4de6-a4f4-2ce99c0acd9f,Cattasaurus - shoproxstore - Shopify,direct_to_consumer,fulfilled,2025-06-24,2025-06-30,2025-06-24,NV3,USPS,1,1,4.89,1.89,0.3,7.08,shipmonk_estimate,USD
153189,6676277526838,Cattasaurus - shoproxstore - Shopify,direct_to_consumer,fulfilled,2025-06-25,2025-07-22,2025-06-25,NV3,FedEx,1,2,43.52,3.0,0.0,46.52,shipmonk_estimate,USD
153195_1,55dcd685-edb3-423a-a34d-af10ebb6a8c8,Cattasaurus - shoproxstore - Shopify,direct_to_consumer,fulfilled,2025-06-25,2025-07-01,2025-06-25,PA2,USPS,1,1,4.64,1.5,0.3,6.44,shipmonk_estimate,USD
153197,6676550189366,Cattasaurus - shoproxstore - Shopify,direct_to_consumer,fulfilled,2025-06-25,2025-06-26,2025-06-25,NV3,DHL eCommerce,1,1,5.43,2.26,0.5,8.19,shipmonk_estimate,USD
153199,6676577845558,Cattasaurus - shoproxstore - Shopify,direct_to_consumer,fulfilled,2025-06-25,2025-07-11,2025-06-25,PA2,OnTrac,1,1,27.61,2.1,0.0,29.71,shipmonk_estimate,USD
153206_1,eb303d01-9e4b-4e07-9e95-07320399c1ab,Cattasaurus - shoproxstore - Shopify,direct_to_consumer,fulfilled,2025-06-25,2025-06-30,2025-06-25,NV3,USPS,1,1,4.64,1.89,0.3,6.83,shipmonk_estimate,USD
153209,6676812202294,Cattasaurus - shoproxstore - Shopify,direct_to_consumer,fulfilled,2025-06-25,2025-06-26,2025-06-25,PA2,USPS,1,1,4.89,1.89,0.3,7.08,shipmonk_estimate,USD
153213_1,e21d462c-9222-4f4c-ba75-32d0568e9844,Cattasaurus - shoproxstore - Shopify,direct_to_consumer,fulfilled,2025-06-25,2025-06-30,2025-06-25,NV3,USPS,1,1,4.64,1.89,0.3,6.83,shipmonk_estimate,USD
153215_1,a0947983-4cba-43b3-a444-88a2a04fcb35,Cattasaurus - shoproxstore - Shopify,direct_to_consumer,fulfilled,2025-06-25,2025-07-01,2025-06-25,PA2,USPS,1,1,5.1,1.5,0.3,6.9,shipmonk_estimate,USD
153216,6676913553718,Cattasaurus - shoproxstore - Shopify,direct_to_consumer,fulfilled,2025-06-25,2025-07-11,2025-06-25,PA2,OnTrac,1,1,17.02,2.1,0.0,19.12,shipmonk_estimate,USD
153218_1,87ec4897-d1e5-4b7a-9d70-4bc42614bd16,Cattasaurus - shoproxstore - Shopify,direct_to_consumer,fulfilled,2025-06-25,2025-07-03,2025-06-25,NV3,USPS,1,1,5.1,1.5,0.3,6.9,shipmonk_estimate,USD
153222,6676980400438,Cattasaurus - shoproxstore - Shopify,direct_to_consumer,fulfilled,2025-06-25,2025-08-06,2025-06-25,PA2,OnTrac,1,1,12.8,1.8,0.0,14.6,shipmonk_estimate,USD
153237_1,e2ea7396-17fb-4aa6-bf84-6122bd990f8f,Cattasaurus - shoproxstore - Shopify,direct_to_consumer,fulfilled,2025-06-25,2025-06-30,2025-06-25,PA2,USPS,1,1,5.61,2.26,0.5,8.37,shipmonk_estimate,USD
153249_1,3287fc97-f3d9-493c-831b-191647e374ad,Cattasaurus - shoproxstore - Shopify,direct_to_consumer,fulfilled,2025-06-25,2025-07-01,2025-06-25,PA2,USPS,1,1,3.83,1.5,0.3,5.63,shipmonk_estimate,USD
153252,6677444919606,Cattasaurus - shoproxstore - Shopify,direct_to_consumer,fulfilled,2025-06-25,2025-06-27,2025-06-25,PA2,FedEx,1,1,21.18,2.26,0.0,23.44,shipmonk_estimate,USD
153253_1,13fa176a-c7f8-4d1e-8bb0-065c1d20ad30,Cattasaurus - shoproxstore - Shopify,direct_to_consumer,fulfilled,2025-06-25,2025-06-30,2025-06-25,NV3,DHL eCommerce,1,1,5.77,2.26,0.5,8.53,shipmonk_estimate,USD
153263_1,291f7f98-cd92-4b59-9493-60436f0bb09f,Cattasaurus - shoproxstore - Shopify,direct_to_consumer,fulfilled,2025-06-25,2025-07-01,2025-06-25,PA2,USPS,2,1,5.61,2.1,0.3,8.01,shipmonk_estimate,USD
153267_1,612bd2b1-d4ea-4826-a81f-12f2b181cd2c,Cattasaurus - shoproxstore - Shopify,direct_to_consumer,fulfilled,2025-06-25,2025-07-04,2025-06-25,PA2,USPS,1,1,4.62,1.5,0.3,6.42,shipmonk_estimate,USD
153268,6677643166006,Cattasaurus - shoproxstore - Shopify,direct_to_consumer,fulfilled,2025-06-25,2025-07-29,2025-06-25,NV3,FedEx,1,1,21.76,1.8,0.0,23.56,shipmonk_estimate,USD
151996-01,965d58bd-2ef2-4311-80e8-62b9e0845838,Cattasaurus - shoproxstore - Shopify,direct_to_consumer,fulfilled,2025-06-26,2025-06-28,2025-06-26,PA2,USPS,1,1,4.89,1.89,0.3,7.08,shipmonk_estimate,USD
153276,6677943714102,Cattasaurus - shoproxstore - Shopify,direct_to_consumer,fulfilled,2025-06-26,2025-07-29,2025-06-26,NV3,FedEx,1,1,21.76,1.8,0.0,23.56,shipmonk_estimate,USD
153303_1,8b0aaecb-06b7-4d63-b1d7-f88490ea1796,Cattasaurus - shoproxstore - Shopify,direct_to_consumer,fulfilled,2025-06-26,2025-07-01,2025-06-26,PA2,USPS,1,1,4.97,1.5,0.3,6.77,shipmonk_estimate,USD
153310,6678301049142,Cattasaurus - shoproxstore - Shopify,direct_to_consumer,fulfilled,2025-06-26,2025-06-27,2025-06-26,PA2,FedEx,1,1,19.64,2.63,0.0,22.27,shipmonk_estimate,USD
153312_1,30a401e8-b26b-459e-9bc3-d6f53de4fc35,Cattasaurus - shoproxstore - Shopify,direct_to_consumer,fulfilled,2025-06-26,2025-07-01,2025-06-26,PA2,USPS,1,1,4.62,1.5,0.3,6.42,shipmonk_estimate,USD
153320,6678398533942,Cattasaurus - shoproxstore - Shopify,direct_to_consumer,fulfilled,2025-06-26,2025-09-14,2025-06-26,PA2,FedEx,1,1,14.1,2.1,0.0,16.2,shipmonk_estimate,USD
153324_1,9a8b5a52-a84e-4007-b03b-a8f92a05da55,Cattasaurus - shoproxstore - Shopify,direct_to_consumer,fulfilled,2025-06-26,2025-07-01,2025-06-26,PA2,USPS,1,1,4.89,1.5,0.3,6.69,shipmonk_estimate,USD
153341_1,8a717423-334c-4b77-aaa0-c102ce384de0,Cattasaurus - shoproxstore - Shopify,direct_to_consumer,fulfilled,2025-06-26,2025-06-30,2025-06-26,NV3,USPS,1,1,4.64,1.89,0.3,6.83,shipmonk_estimate,USD
153345_1,83d6021e-8506-4f72-aaec-075578f92a95,Cattasaurus - shoproxstore - Shopify,direct_to_consumer,fulfilled,2025-06-26,2025-06-30,2025-06-26,NV3,DHL eCommerce,2,1,4.97,2.26,0.3,7.53,shipmonk_estimate,USD
153346_1,9a77cd8c-3576-4b03-a6d6-e4ab2fbf1ab4,Cattasaurus - shoproxstore - Shopify,direct_to_consumer,fulfilled,2025-06-26,2025-07-08,2025-06-26,NV3,DHL eCommerce,1,1,5.51,1.5,0.3,7.31,shipmonk_estimate,USD
153352_1,513dc343-a488-4e27-8358-48592714ae0d,Cattasaurus - shoproxstore - Shopify,direct_to_consumer,fulfilled,2025-06-26,2025-06-30,2025-06-26,NV3,USPS,1,1,4.64,1.89,0.3,6.83,shipmonk_estimate,USD
153356,6678787391798,Cattasaurus - shoproxstore - Shopify,direct_to_consumer,fulfilled,2025-06-26,2025-07-15,2025-06-26,PA2,USPS,1,1,13.79,1.8,0.0,15.59,shipmonk_estimate,USD
153356_1,8d57b060-c082-4d07-9236-4e1f6ac20776,Cattasaurus - shoproxstore - Shopify,direct_to_consumer,fulfilled,2025-06-26,2025-07-15,2025-06-26,NV3,USPS,1,1,5.28,1.5,0.3,7.08,shipmonk_estimate,USD
153365_1,4ff2e58e-c95d-4583-918f-8e39d2444d83,Cattasaurus - shoproxstore - Shopify,direct_to_consumer,fulfilled,2025-06-26,2025-07-01,2025-06-26,PA2,USPS,1,1,4.89,1.5,0.3,6.69,shipmonk_estimate,USD
153388_1,657ab398-6eea-4b2c-9520-f95b08a53607,Cattasaurus - shoproxstore - Shopify,direct_to_consumer,fulfilled,2025-06-26,2025-06-30,2025-06-26,NV3,DHL eCommerce,1,1,4.97,1.89,0.3,7.16,shipmonk_estimate,USD
153393_1,b0a0a2cb-d063-4ac3-8fda-43441a232544,Cattasaurus - shoproxstore - Shopify,direct_to_consumer,fulfilled,2025-06-26,2025-07-01,2025-06-26,PA2,USPS,1,1,4.62,1.5,0.3,6.42,shipmonk_estimate,USD
153396,6679161372982,Cattasaurus - shoproxstore - Shopify,direct_to_consumer,fulfilled,2025-06-26,2025-07-21,2025-06-26,NV3,OnTrac,1,1,20.2,1.8,0.0,22.0,shipmonk_estimate,USD
153407_1,259dc0b0-694f-416c-bc98-e7699d6ae442,Cattasaurus - shoproxstore - Shopify,direct_to_consumer,fulfilled,2025-06-26,2025-07-01,2025-06-26,PA2,USPS,1,1,4.62,1.5,0.3,6.42,shipmonk_estimate,USD
153408,6679256531254,Cattasaurus - shoproxstore - Shopify,direct_to_consumer,fulfilled,2025-06-26,2025-07-21,2025-06-26,NV3,OnTrac,1,1,15.9,2.1,0.0,18.0,shipmonk_estimate,USD
153410_1,b75ca69d-de20-46c1-9e13-368bb59779b8,Cattasaurus - shoproxstore - Shopify,direct_to_consumer,fulfilled,2025-06-26,2025-07-01,2025-06-26,PA2,USPS,1,1,4.64,1.5,0.3,6.44,shipmonk_estimate,USD
153411,6679283859766,Cattasaurus - shoproxstore - Shopify,direct_to_consumer,fulfilled,2025-06-26,2025-06-30,2025-06-26,NV3,FedEx,1,1,19.64,2.26,0.0,21.9,shipmonk_estimate,USD
153415_1,e4756341-6525-44fc-a02b-165cb199d016,Cattasaurus - shoproxstore - Shopify,direct_to_consumer,fulfilled,2025-06-26,2025-06-30,2025-06-26,NV3,DHL eCommerce,1,1,4.97,1.89,0.3,7.16,shipmonk_estimate,USD
153418_1,a8d92b11-0dda-4001-8c04-68707ee508f6,Cattasaurus - shoproxstore - Shopify,direct_to_consumer,fulfilled,2025-06-26,2025-06-30,2025-06-26,NV3,USPS,1,1,4.64,1.89,0.3,6.83,shipmonk_estimate,USD
153429_1,71f562ff-4635-4596-8ed1-de02616b9599,Cattasaurus - shoproxstore - Shopify,direct_to_consumer,fulfilled,2025-06-27,2025-07-01,2025-06-27,PA2,USPS,1,1,4.62,1.5,0.3,6.42,shipmonk_estimate,USD
153436,6679787405622,Cattasaurus - shoproxstore - Shopify,direct_to_consumer,fulfilled,2025-06-27,2025-07-28,2025-06-27,NV3,OnTrac,1,1,17.46,1.8,0.0,19.26,shipmonk_estimate,USD
153440_1,97f67b87-e322-4dbd-aced-37c38478b5fb,Cattasaurus - shoproxstore - Shopify,direct_to_consumer,fulfilled,2025-06-27,2025-07-03,2025-06-27,PA2,USPS,1,1,5.1,1.5,0.3,6.9,shipmonk_estimate,USD
153443_1,7897384d-6a3d-4200-9ed8-78dcde1ed57b,Cattasaurus - shoproxstore - Shopify,direct_to_consumer,fulfilled,2025-06-27,2025-07-07,2025-06-27,NV3,USPS,1,1,4.64,1.5,0.3,6.44,shipmonk_estimate,USD
153445,6679852056886,Cattasaurus - shoproxstore - Shopify,direct_to_consumer,fulfilled,2025-06-27,2025-06-30,2025-06-27,NV3,FedEx,2,2,30.72,4.15,0.0,34.87,shipmonk_estimate,USD
153447_1,aef9b171-3633-4f26-a349-65df1cc893cb,Cattasaurus - shoproxstore - Shopify,direct_to_consumer,fulfilled,2025-06-27,2025-07-03,2025-06-27,PA2,USPS,1,1,4.97,1.5,0.3,6.77,shipmonk_estimate,USD
153463_1,7f105c1e-515b-4722-bb90-108af80b47a4,Cattasaurus - shoproxstore - Shopify,direct_to_consumer,fulfilled,2025-06-27,2025-07-02,2025-06-27,PA2,USPS,1,1,5.61,1.8,0.5,7.91,shipmonk_estimate,USD
153468,6680030871862,Cattasaurus - shoproxstore - Shopify,direct_to_consumer,fulfilled,2025-06-27,2025-07-24,2025-06-27,PA2,UPS,1,1,17.74,3.5,0.0,21.24,shipmonk_estimate,USD
153470,6680044110134,Cattasaurus - shoproxstore - Shopify,direct_to_consumer,fulfilled,2025-06-27,2025-07-09,2025-06-27,PA2,USPS,1,1,24.7,2.1,0.0,26.8,shipmonk_estimate,USD
153471_1,96ce19c7-7a11-427b-ab97-917f42ab8c98,Cattasaurus - shoproxstore - Shopify,direct_to_consumer,fulfilled,2025-06-27,2025-07-02,2025-06-27,NV3,DHL eCommerce,1,1,5.43,1.8,0.5,7.73,shipmonk_estimate,USD
153475,6680077762870,Cattasaurus - shoproxstore - Shopify,direct_to_consumer,fulfilled,2025-06-27,2025-07-24,2025-06-27,PA2,OnTrac,1,1,10.25,3.5,0.0,13.75,shipmonk_estimate,USD
153475_1,64ecb45b-3606-409e-8f3e-8ec74452008e,Cattasaurus - shoproxstore - Shopify,direct_to_consumer,fulfilled,2025-06-27,2025-07-03,2025-06-27,PA2,USPS,1,1,4.89,1.5,0.3,6.69,shipmonk_estimate,USD
153478,6680113971510,Cattasaurus - shoproxstore - Shopify,direct_to_consumer,fulfilled,2025-06-27,2025-07-21,2025-06-27,NV3,FedEx,1,1,21.76,1.8,0.0,23.56,shipmonk_estimate,USD
153486_1,9c7cd0cb-15d5-4f50-800a-5352b486463c,Cattasaurus - shoproxstore - Shopify,direct_to_consumer,fulfilled,2025-06-27,2025-07-03,2025-06-27,PA2,USPS,1,1,4.89,1.5,0.3,6.69,shipmonk_estimate,USD
153502_1,2c3d4da6-2e00-4e26-9baa-80c41b97e905,Cattasaurus - shoproxstore - Shopify,direct_to_consumer,fulfilled,2025-06-27,2025-07-02,2025-06-27,NV3,DHL eCommerce,1,1,5.1,1.5,0.3,6.9,shipmonk_estimate,USD
153516_1,5738b6a4-b475-4487-9d0a-2fc1c68b92b2,Cattasaurus - shoproxstore - Shopify,direct_to_consumer,fulfilled,2025-06-27,2025-07-02,2025-06-27,NV3,USPS,1,1,4.64,1.5,0.3,6.44,shipmonk_estimate,USD
153525_1,cbc3539d-72a1-4928-b256-911482a20062,Cattasaurus - shoproxstore - Shopify,direct_to_consumer,fulfilled,2025-06-27,2025-07-03,2025-06-27,PA2,USPS,1,1,4.97,1.5,0.3,6.77,shipmonk_estimate,USD
153541,6681339986230,Cattasaurus - shoproxstore - Shopify,direct_to_consumer,fulfilled,2025-06-27,2025-07-25,2025-06-27,NV3,OnTrac,1,1,20.2,2.1,0.0,22.3,shipmonk_estimate,USD
153549,6681799065910,Cattasaurus - shoproxstore - Shopify,direct_to_consumer,fulfilled,2025-06-27,2025-06-30,2025-06-27,NV3,FedEx,1,1,16.87,2.26,0.0,19.13,shipmonk_estimate,USD
153554_1,6fadf593-6942-4749-9cd1-f1ead41bb42e,Cattasaurus - shoproxstore - Shopify,direct_to_consumer,fulfilled,2025-06-27,2025-07-03,2025-06-27,PA2,USPS,2,1,5.68,2.1,0.3,8.08,shipmonk_estimate,USD
153555_1,cd48179e-6a46-4835-a0ab-5bb4d5f0fc26,Cattasaurus - shoproxstore - Shopify,direct_to_consumer,fulfilled,2025-06-27,2025-07-03,2025-06-27,PA2,USPS,1,1,4.97,1.8,0.3,7.07,shipmonk_estimate,USD
153563,6682251985206,Cattasaurus - shoproxstore - Shopify,direct_to_consumer,fulfilled,2025-06-27,2025-07-30,2025-06-27,NV3,UPS,1,1,17.46,2.1,0.0,19.56,shipmonk_estimate,USD
153563_1,130589c4-896d-4418-b29b-810b6cc00384,Cattasaurus - shoproxstore - Shopify,direct_to_consumer,fulfilled,2025-06-27,2025-07-02,2025-06-27,NV3,USPS,1,1,5.1,1.5,0.3,6.9,shipmonk_estimate,USD
153565,6682294485302,Cattasaurus - shoproxstore - Shopify,direct_to_consumer,fulfilled,2025-06-27,2025-06-29,2025-06-27,PA2,USPS,2,1,3.83,2.26,0.3,6.39,shipmonk_estimate,USD
153575_1,c74214f7-2aae-4a7d-bb25-78f328be17a9,Cattasaurus - shoproxstore - Shopify,direct_to_consumer,fulfilled,2025-06-27,2025-07-03,2025-06-27,PA2,USPS,1,1,4.97,1.5,0.3,6.77,shipmonk_estimate,USD
153576,6682696352054,Cattasaurus - shoproxstore - Shopify,direct_to_consumer,fulfilled,2025-06-27,2025-07-28,2025-06-27,NV3,OnTrac,1,1,14.34,1.8,0.0,16.14,shipmonk_estimate,USD
153580_1,ddc706b0-a4a9-4cb4-9a17-96bdc3e548c7,Cattasaurus - shoproxstore - Shopify,direct_to_consumer,fulfilled,2025-06-27,2025-07-02,2025-06-27,NV3,USPS,1,1,4.64,1.5,0.3,6.44,shipmonk_estimate,USD
153585,6683106738486,Cattasaurus - shoproxstore - Shopify,direct_to_consumer,fulfilled,2025-06-27,,2025-06-27,PA2,ShipMonk,1,0,14.2,7.14,0.0,21.34,shipmonk_estimate,USD
153589_1,d7bf44de-b4b4-41db-a4fa-63391b85c9c7,Cattasaurus - shoproxstore - Shopify,direct_to_consumer,fulfilled,2025-06-27,2025-07-02,2025-06-27,NV3,USPS,1,1,4.89,1.5,0.3,6.69,shipmonk_estimate,USD
153597,6684179333430,Cattasaurus - shoproxstore - Shopify,direct_to_consumer,fulfilled,2025-06-28,2025-08-06,2025-06-28,NV3,OnTrac,2,1,20.64,2.4,0.0,23.04,shipmonk_estimate,USD
153601_1,3479d5a4-a52a-406c-9e36-5f76e76b185b,Cattasaurus - shoproxstore - Shopify,direct_to_consumer,fulfilled,2025-06-28,2025-07-03,2025-06-28,PA2,USPS,1,1,4.89,1.5,0.3,6.69,shipmonk_estimate,USD
153605_1,fb2ca4a5-806d-4488-ba39-6b3e65005505,Cattasaurus - shoproxstore - Shopify,direct_to_consumer,fulfilled,2025-06-28,2025-07-03,2025-06-28,PA2,USPS,1,1,4.89,1.5,0.3,6.69,shipmonk_estimate,USD
153609_1,a9946b13-68a4-4564-9528-0ce901d970a9,Cattasaurus - shoproxstore - Shopify,direct_to_consumer,fulfilled,2025-06-28,2025-07-03,2025-06-28,PA2,USPS,1,1,5.41,2.4,0.3,8.11,shipmonk_estimate,USD
153610_1,ac8450ea-97d3-4227-95e9-13644ddc76e3,Cattasaurus - shoproxstore - Shopify,direct_to_consumer,fulfilled,2025-06-28,2025-07-03,2025-06-28,PA2,USPS,1,1,4.64,1.5,0.3,6.44,shipmonk_estimate,USD
153614_1,e9f2869f-9402-46fe-97af-524c7e0962d6,Cattasaurus - shoproxstore - Shopify,direct_to_consumer,fulfilled,2025-06-28,2025-07-03,2025-06-28,PA2,USPS,1,1,4.97,1.5,0.3,6.77,shipmonk_estimate,USD
153618_1,41149267-f0c1-40ac-b512-e52081cb5bbe,Cattasaurus - shoproxstore - Shopify,direct_to_consumer,fulfilled,2025-06-28,2025-07-03,2025-06-28,PA2,USPS,1,1,4.64,1.5,0.3,6.44,shipmonk_estimate,USD
153621_1,0556fddd-1fde-4eef-a624-49d8bf9a0a23,Cattasaurus - shoproxstore - Shopify,direct_to_consumer,fulfilled,2025-06-28,2025-07-02,2025-06-28,PA2,USPS,1,1,4.64,1.5,0.3,6.44,shipmonk_estimate,USD
153626_1,0edfb69f-eeea-489e-9d9e-3ecb9472c1a8,Cattasaurus - shoproxstore - Shopify,direct_to_consumer,fulfilled,2025-06-28,2025-07-02,2025-06-28,NV3,USPS,1,1,4.64,1.5,0.3,6.44,shipmonk_estimate,USD
153628,6684375941430,Cattasaurus - shoproxstore - Shopify,direct_to_consumer,fulfilled,2025-06-28,2025-06-29,2025-06-28,PA2,USPS,1,1,4.64,1.89,0.3,6.83,shipmonk_estimate,USD
153633_1,235c7ffa-d1eb-467b-9964-ded0aa41d84b,Cattasaurus - shoproxstore - Shopify,direct_to_consumer,fulfilled,2025-06-28,2025-07-02,2025-06-28,PA2,USPS,1,1,5.61,1.8,0.5,7.91,shipmonk_estimate,USD
153646_1,53fa458e-87fc-4e5d-94ff-c4d660f5058a,Cattasaurus - shoproxstore - Shopify,direct_to_consumer,fulfilled,2025-06-28,2025-07-02,2025-06-28,NV3,DHL eCommerce,1,1,5.68,1.8,0.5,7.98,shipmonk_estimate,USD
153647,6684506521910,Cattasaurus - shoproxstore - Shopify,direct_to_consumer,fulfilled,2025-06-28,2025-06-30,2025-06-28,PA2,OnTrac,1,1,16.87,2.63,0.0,19.5,shipmonk_estimate,USD
153650,6684523888950,Cattasaurus - shoproxstore - Shopify,direct_to_consumer,fulfilled,2025-06-28,2025-06-30,2025-06-28,PA2,FedEx,1,1,24.48,3.0,0.0,27.48,shipmonk_estimate,USD
153661_1,936a5ce3-ae9b-4e88-959d-1207d12a4830,Cattasaurus - shoproxstore - Shopify,direct_to_consumer,fulfilled,2025-06-28,2025-07-02,2025-06-28,NV3,DHL eCommerce,1,1,4.64,1.5,0.3,6.44,shipmonk_estimate,USD
153669_1,c7c8f272-4372-42fa-9acb-ddb07826ba30,Cattasaurus - shoproxstore - Shopify,direct_to_consumer,fulfilled,2025-06-28,2025-07-03,2025-06-28,PA2,USPS,1,1,4.62,1.5,0.3,6.42,shipmonk_estimate,USD
153674_1,1b46468d-e17f-4780-9261-ccf7f6e5fba2,Cattasaurus - shoproxstore - Shopify,direct_to_consumer,fulfilled,2025-06-28,2025-07-03,2025-06-28,PA2,USPS,1,1,4.97,1.5,0.3,6.77,shipmonk_estimate,USD
153676_1,6e698546-b20c-4f57-b880-9fe1084ea97a,Cattasaurus - shoproxstore - Shopify,direct_to_consumer,fulfilled,2025-06-28,2025-07-03,2025-06-28,PA2,USPS,1,1,4.64,1.5,0.3,6.44,shipmonk_estimate,USD
153700_1,f1e42a06-df83-4b74-8d98-75ae0b5eadf0,Cattasaurus - shoproxstore - Shopify,direct_to_consumer,fulfilled,2025-06-28,2025-07-02,2025-06-28,NV3,DHL eCommerce,1,1,4.97,1.5,0.3,6.77,shipmonk_estimate,USD
153713_1,7b72100d-8e30-4312-ac4b-d7f33df44188,Cattasaurus - shoproxstore - Shopify,direct_to_consumer,fulfilled,2025-06-28,2025-07-02,2025-06-28,NV3,USPS,1,1,4.89,1.5,0.3,6.69,shipmonk_estimate,USD
153717_1,ccdd13f0-3d0c-47a0-a9a3-73ad058fb806,Cattasaurus - shoproxstore - Shopify,direct_to_consumer,fulfilled,2025-06-28,2025-07-02,2025-06-28,PA2,DHL eCommerce,1,1,6.68,2.1,0.5,9.28,shipmonk_estimate,USD
153719,6685108994358,Cattasaurus - shoproxstore - Shopify,direct_to_consumer,fulfilled,2025-06-28,2025-07-11,2025-06-28,PA2,UPS,1,1,18.55,2.1,0.0,20.65,shipmonk_estimate,USD
153719_1,2b83a8cd-ca32-463c-bf72-d1c46f88b418,Cattasaurus - shoproxstore - Shopify,direct_to_consumer,fulfilled,2025-06-28,2025-07-10,2025-06-28,NV3,USPS,1,1,5.1,1.5,0.3,6.9,shipmonk_estimate,USD
153720_1,3a7f4d6e-a96c-414f-9606-ec11f2971e7c,Cattasaurus - shoproxstore - Shopify,direct_to_consumer,fulfilled,2025-06-28,2025-07-02,2025-06-28,NV3,USPS,1,1,5.1,1.5,0.3,6.9,shipmonk_estimate,USD
153739_1,70a92e98-f434-482c-b085-d4bf07304a97,Cattasaurus - shoproxstore - Shopify,direct_to_consumer,fulfilled,2025-06-28,2025-07-02,2025-06-28,NV3,DHL eCommerce,1,1,5.1,1.8,0.3,7.2,shipmonk_estimate,USD
153752_1,7736ac87-78b5-412b-a679-391041aa203a,Cattasaurus - shoproxstore - Shopify,direct_to_consumer,fulfilled,2025-06-29,2025-07-03,2025-06-29,PA2,USPS,1,1,4.62,1.5,0.3,6.42,shipmonk_estimate,USD
153755_1,f6d9e834-9277-40af-97b8-49d923a5ba6e,Cattasaurus - shoproxstore - Shopify,direct_to_consumer,fulfilled,2025-06-29,2025-07-02,2025-06-29,PA2,USPS,1,1,5.61,1.8,0.5,7.91,shipmonk_estimate,USD
153768_1,20714ac5-e240-480b-b6a3-a4c290858508,Cattasaurus - shoproxstore - Shopify,direct_to_consumer,fulfilled,2025-06-29,2025-07-03,2025-06-29,PA2,USPS,1,1,4.97,1.5,0.3,6.77,shipmonk_estimate,USD
153769_1,c2f4660d-5d37-4fc7-bdac-ab9f58113b43,Cattasaurus - shoproxstore - Shopify,direct_to_consumer,fulfilled,2025-06-29,2025-07-03,2025-06-29,NV3,DHL eCommerce,1,1,4.97,1.5,0.3,6.77,shipmonk_estimate,USD
153770_1,176b7f0d-86c1-40c9-95a8-570ce3f5c12d,Cattasaurus - shoproxstore - Shopify,direct_to_consumer,fulfilled,2025-06-29,2025-07-04,2025-06-29,PA2,USPS,1,1,5.1,1.5,0.3,6.9,shipmonk_estimate,USD
153773_1,239e6301-7523-49dd-a585-5a9f710e4d26,Cattasaurus - shoproxstore - Shopify,direct_to_consumer,fulfilled,2025-06-29,2025-07-03,2025-06-29,PA2,USPS,1,1,5.77,1.8,0.5,8.07,shipmonk_estimate,USD
153778_1,718d300b-69ab-4c0a-878f-78b338cfc249,Cattasaurus - shoproxstore - Shopify,direct_to_consumer,fulfilled,2025-06-29,2025-07-03,2025-06-29,NV3,DHL eCommerce,1,1,4.97,1.5,0.3,6.77,shipmonk_estimate,USD
153779_1,3c631166-d89c-40c0-91ff-d17897c41bac,Cattasaurus - shoproxstore - Shopify,direct_to_consumer,fulfilled,2025-06-29,2025-07-03,2025-06-29,NV3,USPS,1,1,4.64,1.5,0.3,6.44,shipmonk_estimate,USD
153796_1,25332c0c-405e-4300-a469-54aa62353937,Cattasaurus - shoproxstore - Shopify,direct_to_consumer,fulfilled,2025-06-29,2025-07-03,2025-06-29,NV3,USPS,2,1,5.61,1.8,0.3,7.71,shipmonk_estimate,USD
153801_1,c974f53a-6129-4e9e-b2a7-d2e288f4039e,Cattasaurus - shoproxstore - Shopify,direct_to_consumer,fulfilled,2025-06-29,2025-07-03,2025-06-29,NV3,USPS,1,1,4.89,1.5,0.3,6.69,shipmonk_estimate,USD
153804_1,99f9ceb3-a9b7-4161-910f-41b3de7b3ab9,Cattasaurus - shoproxstore - Shopify,direct_to_consumer,fulfilled,2025-06-29,2025-07-03,2025-06-29,NV3,DHL eCommerce,1,1,5.43,1.8,0.5,7.73,shipmonk_estimate,USD
153808_1,dfd0b5e5-939b-4f27-8ec2-eb9cdc29f22d,Cattasaurus - shoproxstore - Shopify,direct_to_consumer,fulfilled,2025-06-29,2025-07-03,2025-06-29,NV3,USPS,1,1,4.64,1.5,0.3,6.44,shipmonk_estimate,USD
153818_1,7c714d3c-3bc1-4a17-b71d-a7cc291e972c,Cattasaurus - shoproxstore - Shopify,direct_to_consumer,fulfilled,2025-06-29,2025-07-03,2025-06-29,PA2,USPS,1,1,6.68,2.1,0.5,9.28,shipmonk_estimate,USD
153820_1,f4c2e906-96e8-4aef-be90-a0e12ac2e6fc,Cattasaurus - shoproxstore - Shopify,direct_to_consumer,fulfilled,2025-06-29,2025-07-04,2025-06-29,PA2,USPS,1,1,4.89,1.8,0.3,6.99,shipmonk_estimate,USD
153835_1,de1a6a09-cc9e-4f10-8d7d-c23f6526f7e3,Cattasaurus - shoproxstore - Shopify,direct_to_consumer,fulfilled,2025-06-29,2025-07-03,2025-06-29,PA2,DHL eCommerce,1,1,6.62,2.1,0.5,9.22,shipmonk_estimate,USD
153837_1,2e567778-1f03-4da5-a8ba-42dad8334923,Cattasaurus - shoproxstore - Shopify,direct_to_consumer,fulfilled,2025-06-29,2025-07-03,2025-06-29,PA2,DHL eCommerce,1,1,6.62,2.1,0.5,9.22,shipmonk_estimate,USD
153840,6686378131766,Cattasaurus - shoproxstore - Shopify,direct_to_consumer,fulfilled,2025-06-29,2025-07-28,2025-06-29,NV3,FedEx,1,1,21.76,1.8,0.0,23.56,shipmonk_estimate,USD
153842_1,e0e112b0-9339-4921-8728-490eaf24a346,Cattasaurus - shoproxstore - Shopify,direct_to_consumer,fulfilled,2025-06-29,2025-07-04,2025-06-29,PA2,USPS,1,1,5.1,1.5,0.3,6.9,shipmonk_estimate,USD
153851,6686465917238,Cattasaurus - shoproxstore - Shopify,direct_to_consumer,fulfilled,2025-06-29,2025-07-01,2025-06-29,NV3,FedEx,1,1,15.36,1.8,0.0,17.16,shipmonk_estimate,USD
153852_1,f81f4725-4a02-470a-98bd-63ec3440bf25,Cattasaurus - shoproxstore - Shopify,direct_to_consumer,fulfilled,2025-06-29,2025-07-04,2025-06-29,PA2,USPS,1,1,4.89,1.5,0.3,6.69,shipmonk_estimate,USD
153858_1,c38cf775-fc00-44c7-9b2b-f27001badbe3,Cattasaurus - shoproxstore - Shopify,direct_to_consumer,fulfilled,2025-06-29,2025-07-03,2025-06-29,NV3,USPS,1,1,5.77,1.8,0.5,8.07,shipmonk_estimate,USD
153861_1,1fbc39c2-afcd-4a7a-813f-29a0f7e53d5f,Cattasaurus - shoproxstore - Shopify,direct_to_consumer,fulfilled,2025-06-29,2025-07-04,2025-06-29,PA2,USPS,1,1,4.97,1.5,0.3,6.77,shipmonk_estimate,USD
153867,6686650007862,Cattasaurus - shoproxstore - Shopify,direct_to_consumer,fulfilled,2025-06-29,2025-07-09,2025-06-29,PA2,USPS,1,1,26.26,2.1,0.0,28.36,shipmonk_estimate,USD
153868_1,352154fc-045b-468d-b128-fcc86c22fcc9,Cattasaurus - shoproxstore - Shopify,direct_to_consumer,fulfilled,2025-06-29,2025-06-30,2025-06-29,NV3,DHL eCommerce,1,1,5.68,2.26,0.5,8.44,shipmonk_estimate,USD
153875,6686709678390,Cattasaurus - shoproxstore - Shopify,direct_to_consumer,fulfilled,2025-06-29,2025-07-01,2025-06-29,NV3,FedEx,1,1,16.87,1.8,0.0,18.67,shipmonk_estimate,USD
153877_1,8b44e9f3-aab2-4023-b76e-2366198863d3,Cattasaurus - shoproxstore - Shopify,direct_to_consumer,fulfilled,2025-06-29,2025-07-03,2025-06-29,NV3,DHL eCommerce,1,1,5.1,1.5,0.3,6.9,shipmonk_estimate,USD
153881_1,d928a67d-5b94-454a-b4f7-cc49ad8528c3,Cattasaurus - shoproxstore - Shopify,direct_to_consumer,fulfilled,2025-06-29,2025-07-04,2025-06-29,PA2,USPS,1,1,5.41,1.8,0.5,7.71,shipmonk_estimate,USD
153892_1,29ab446d-a39d-4182-b034-996e9ee3ff05,Cattasaurus - shoproxstore - Shopify,direct_to_consumer,fulfilled,2025-06-29,2025-07-04,2025-06-29,PA2,USPS,3,1,5.61,2.1,0.3,8.01,shipmonk_estimate,USD
153897_1,a4056091-573b-49b4-85d0-77b00fe3db76,Cattasaurus - shoproxstore - Shopify,direct_to_consumer,fulfilled,2025-06-29,2025-07-04,2025-06-29,PA2,USPS,1,1,4.97,1.5,0.3,6.77,shipmonk_estimate,USD
153901_1,241fee28-328c-44a7-b32f-64c447e0db62,Cattasaurus - shoproxstore - Shopify,direct_to_consumer,fulfilled,2025-06-29,2025-07-03,2025-06-29,NV3,USPS,1,1,4.89,1.5,0.3,6.69,shipmonk_estimate,USD
153909_1,d97033d3-d94e-4784-914b-d694b05dc830,Cattasaurus - shoproxstore - Shopify,direct_to_consumer,fulfilled,2025-06-29,2025-07-03,2025-06-29,NV3,USPS,1,1,4.89,1.5,0.3,6.69,shipmonk_estimate,USD
153912_1,7c60fc51-9ac3-4472-a6eb-ed13713ebb56,Cattasaurus - shoproxstore - Shopify,direct_to_consumer,fulfilled,2025-06-29,2025-07-04,2025-06-29,PA2,USPS,2,1,5.68,1.8,0.3,7.78,shipmonk_estimate,USD
153913_1,6c92b297-488a-420a-91f8-40f805a3776d,Cattasaurus - shoproxstore - Shopify,direct_to_consumer,fulfilled,2025-06-29,2025-07-03,2025-06-29,NV3,USPS,1,1,4.89,1.5,0.3,6.69,shipmonk_estimate,USD
153915_1,472b21b5-b337-418d-a02e-12e06f90c730,Cattasaurus - shoproxstore - Shopify,direct_to_consumer,fulfilled,2025-06-29,2025-07-05,2025-06-29,PA2,USPS,1,1,4.97,1.5,0.3,6.77,shipmonk_estimate,USD
153917_1,b6dddb39-99b2-4268-be17-c45c7c430312,Cattasaurus - shoproxstore - Shopify,direct_to_consumer,fulfilled,2025-06-29,2025-07-04,2025-06-29,NV3,USPS,1,1,4.89,1.5,0.3,6.69,shipmonk_estimate,USD
153918_1,f3bf8dda-ec4c-4ab2-9d39-d65302d1567e,Cattasaurus - shoproxstore - Shopify,direct_to_consumer,fulfilled,2025-06-29,2025-07-04,2025-06-29,NV3,DHL eCommerce,1,1,5.68,1.8,0.5,7.98,shipmonk_estimate,USD
153919_1,32b8ea8c-0f48-4eaa-93aa-db8fb90e903e,Cattasaurus - shoproxstore - Shopify,direct_to_consumer,fulfilled,2025-06-29,2025-07-05,2025-06-29,PA2,DHL eCommerce,1,1,6.62,2.1,0.5,9.22,shipmonk_estimate,USD
153947,6687646908726,Cattasaurus - shoproxstore - Shopify,direct_to_consumer,fulfilled,2025-06-30,2025-07-01,2025-06-30,PA2,OnTrac,1,1,16.87,1.8,0.0,18.67,shipmonk_estimate,USD
153961_1,c9adc0ce-d8cf-44c0-929b-f5fc084fe906,Cattasaurus - shoproxstore - Shopify,direct_to_consumer,fulfilled,2025-06-30,2025-07-05,2025-06-30,PA2,USPS,1,1,4.64,1.5,0.3,6.44,shipmonk_estimate,USD
153967_1,b7bb5735-6e3b-49b3-bcd4-f1d873ff5e7d,Cattasaurus - shoproxstore - Shopify,direct_to_consumer,fulfilled,2025-06-30,2025-07-05,2025-06-30,PA2,USPS,1,1,4.64,1.5,0.3,6.44,shipmonk_estimate,USD
153968_1,4f3756ce-a90a-4684-84d8-0ca706f3e964,Cattasaurus - shoproxstore - Shopify,direct_to_consumer,fulfilled,2025-06-30,2025-07-04,2025-06-30,NV3,DHL eCommerce,1,1,5.1,1.5,0.3,6.9,shipmonk_estimate,USD
153974,6687964758326,Cattasaurus - shoproxstore - Shopify,direct_to_consumer,fulfilled,2025-06-30,2025-07-15,2025-06-30,PA2,USPS,2,1,16.18,2.1,0.0,18.28,shipmonk_estimate,USD
153989_1,33aa2fc7-9064-45ba-acb7-a32ddcf8c0cd,Cattasaurus - shoproxstore - Shopify,direct_to_consumer,fulfilled,2025-06-30,2025-07-04,2025-06-30,NV3,USPS,1,1,4.89,1.5,0.3,6.69,shipmonk_estimate,USD
153990_1,8fffed95-d13e-410b-ae95-e03e99862e38,Cattasaurus - shoproxstore - Shopify,direct_to_consumer,fulfilled,2025-06-30,2025-07-04,2025-06-30,NV3,DHL eCommerce,1,1,4.97,1.5,0.3,6.77,shipmonk_estimate,USD
154002_1,7ae12917-a030-4a24-88bb-4be2218163e6,Cattasaurus - shoproxstore - Shopify,direct_to_consumer,fulfilled,2025-06-30,2025-07-05,2025-06-30,PA2,USPS,1,1,4.97,1.5,0.3,6.77,shipmonk_estimate,USD
154004_1,f09e93c7-16fb-4b8a-b747-6fa8c3874f3a,Cattasaurus - shoproxstore - Shopify,direct_to_consumer,fulfilled,2025-06-30,2025-07-05,2025-06-30,PA2,USPS,1,1,4.97,1.5,0.3,6.77,shipmonk_estimate,USD
154007,6688320553270,Cattasaurus - shoproxstore - Shopify,direct_to_consumer,fulfilled,2025-06-30,2025-07-02,2025-06-30,NV3,FedEx,1,1,19.11,2.1,0.0,21.21,shipmonk_estimate,USD
154015_1,286c4baa-909d-44ae-9a9e-5427abc230a4,Cattasaurus - shoproxstore - Shopify,direct_to_consumer,fulfilled,2025-06-30,2025-07-05,2025-06-30,PA2,USPS,1,1,4.62,1.5,0.3,6.42,shipmonk_estimate,USD
154029,6688597999926,Cattasaurus - shoproxstore - Shopify,direct_to_consumer,fulfilled,2025-06-30,2025-07-02,2025-06-30,PA2,FedEx,2,1,21.18,2.4,0.0,23.58,shipmonk_estimate,USD
154035,6688679133494,Cattasaurus - shoproxstore - Shopify,direct_to_consumer,fulfilled,2025-06-30,2025-07-22,2025-06-30,NV3,OnTrac,1,1,12.58,2.5,0.0,15.08,shipmonk_estimate,USD
