order_number,order_key,store,order_type,status,ordered_day,shipped_day,pnl_day,warehouse,carrier,units,packages,shipping_cost,pick_pack_cost,packaging_cost,total_cost,cost_status,cost_currency
105033-01,55a4413b-2170-41f3-ba7a-ee9d5676ab4e,Cattasaurus - shoproxstore - Shopify,direct_to_consumer,fulfilled,2025-01-01,2025-01-02,2025-01-01,PA2,FedEx,1,1,13.79,1.89,0.0,15.68,shipmonk_estimate,USD
109008-01,724d3a15-510f-4573-8191-2e664480b055,Cattasaurus - shoproxstore - Shopify,direct_to_consumer,fulfilled,2025-01-01,2025-01-02,2025-01-01,NV3,FedEx,1,1,23.93,4.11,0.0,28.04,shipmonk_estimate,USD
109485-01,ac73cc37-0e3d-475f-b697-539dd866230e,Cattasaurus - shoproxstore - Shopify,direct_to_consumer,fulfilled,2025-01-01,2025-01-02,2025-01-01,NV3,FedEx,1,1,13.79,2.26,0.0,16.05,shipmonk_estimate,USD
111-4036338-5261821,111-4036338-5261821,Cattasaurus - Amazon USA,direct_to_consumer,fulfilled,2025-01-01,2025-01-02,2025-01-01,NV3,FedEx,1,1,24.94,2.26,0.0,27.2,shipmonk_estimate,USD
112-7323222-0995456,112-7323222-0995456,Cattasaurus - Amazon USA,direct_to_consumer,fulfilled,2025-01-01,2025-01-02,2025-01-01,PA2,FedEx,1,1,13.09,2.26,0.0,15.35,shipmonk_estimate,USD
113-0857341-8478663,113-0857341-8478663,Cattasaurus - Amazon USA,direct_to_consumer,fulfilled,2025-01-01,2025-01-02,2025-01-01,PA2,FedEx,1,1,13.09,2.26,0.0,15.35,shipmonk_estimate,USD
113-5993846-7630643,113-5993846-7630643,Cattasaurus - Amazon USA,direct_to_consumer,fulfilled,2025-01-01,2025-01-02,2025-01-01,PA2,FedEx,1,1,15.16,2.26,0.0,17.42,shipmonk_estimate,USD
117049-01,53a54fae-98ca-41fc-8a83-390817856023,Cattasaurus - shoproxstore - Shopify,direct_to_consumer,fulfilled,2025-01-01,2025-01-02,2025-01-01,NV3,FedEx,1,1,20.11,2.26,0.0,22.37,shipmonk_estimate,USD
118542-01,2856c76f-c525-4212-9419-eeb944a26d3e,Cattasaurus - shoproxstore - Shopify,direct_to_consumer,fulfilled,2025-01-01,2025-01-02,2025-01-01,NV3,FedEx,2,1,21.9,2.63,0.0,24.53,shipmonk_estimate,USD
120781-01,9534156c-311c-4c1f-aa8f-afc021829d87,Cattasaurus - shoproxstore - Shopify,direct_to_consumer,fulfilled,2025-01-01,2025-01-02,2025-01-01,NV3,FedEx,1,1,13.79,2.26,0.0,16.05,shipmonk_estimate,USD
124006-01,9abbe0d5-a757-455f-a8bb-9ba494d6301d,Cattasaurus - shoproxstore - Shopify,direct_to_consumer,fulfilled,2025-01-01,2025-01-02,2025-01-01,PA2,UPS,1,1,17.41,2.63,0.0,20.04,shipmonk_estimate,USD
124070-01,f8ac03e3-5d27-4879-8c55-59d74c30ab68,Cattasaurus - shoproxstore - Shopify,direct_to_consumer,fulfilled,2025-01-01,2025-01-02,2025-01-01,NV3,FedEx,1,1,23.95,2.26,0.0,26.21,shipmonk_estimate,USD
124150-01,45ab52f0-3c61-487a-8707-eab1fedfdfd9,Cattasaurus - shoproxstore - Shopify,direct_to_consumer,fulfilled,2025-01-01,2025-01-02,2025-01-01,NV3,FedEx,2,1,16.61,2.63,0.0,19.24,shipmonk_estimate,USD
124892-01,d4eb9d09-950c-4818-afbd-335ff12266d5,Cattasaurus - shoproxstore - Shopify,direct_to_consumer,fulfilled,2025-01-01,2025-01-02,2025-01-01,NV3,FedEx,1,1,22.57,2.26,0.0,24.83,shipmonk_estimate,USD
127363-01,ac08fbf6-ea4a-48fe-8c34-44ed03ef01b2,Cattasaurus - shoproxstore - Shopify,direct_to_consumer,fulfilled,2025-01-01,2025-01-03,2025-01-01,PA2,FedEx,1,1,14.01,2.26,0.0,16.27,shipmonk_estimate,USD
128487-01,7709d461-b994-4e33-9a98-f9da46a9251b,Cattasaurus - shoproxstore - Shopify,direct_to_consumer,fulfilled,2025-01-01,2025-01-02,2025-01-01,NV3,FedEx,1,1,24.94,2.26,0.0,27.2,shipmonk_estimate,USD
130095,6336278200630,Cattasaurus - shoproxstore - Shopify,direct_to_consumer,fulfilled,2025-01-01,2025-01-02,2025-01-01,NV3,UPS,1,1,15.41,2.63,0.0,18.04,shipmonk_estimate,USD
130096,6336434209078,Cattasaurus - shoproxstore - Shopify,direct_to_consumer,fulfilled,2025-01-01,2025-01-02,2025-01-01,PA2,FedEx,1,1,16.61,2.63,0.0,19.24,shipmonk_estimate,USD
130098,6336452002102,Cattasaurus - shoproxstore - Shopify,direct_to_consumer,fulfilled,2025-01-01,2025-01-02,2025-01-01,NV3,UPS,1,1,18.01,2.63,0.0,20.64,shipmonk_estimate,USD
130099,6336481034550,Cattasaurus - shoproxstore - Shopify,direct_to_consumer,fulfilled,2025-01-01,2025-01-03,2025-01-01,PA2,FedEx,2,1,17.31,3.0,0.0,20.31,shipmonk_estimate,USD
130100,6336485228854,Cattasaurus - shoproxstore - Shopify,direct_to_consumer,fulfilled,2025-01-01,2025-01-03,2025-01-01,PA2,FedEx,1,1,12.98,2.63,0.0,15.61,shipmonk_estimate,USD
130101,6336487620918,Cattasaurus - shoproxstore - Shopify,direct_to_consumer,fulfilled,2025-01-01,2025-01-02,2025-01-01,NV3,FedEx,1,1,18.01,2.63,0.0,20.64,shipmonk_estimate,USD
130102,6336500924726,Cattasaurus - shoproxstore - Shopify,direct_to_consumer,fulfilled,2025-01-01,2025-01-03,2025-01-01,PA2,FedEx,1,1,18.03,2.63,0.0,20.66,shipmonk_estimate,USD
130103,6336508657974,Cattasaurus - shoproxstore - Shopify,direct_to_consumer,fulfilled,2025-01-01,2025-01-02,2025-01-01,NV3,FedEx,3,1,19.34,3.0,0.0,22.34,shipmonk_estimate,USD
130105,6336515703094,Cattasaurus - shoproxstore - Shopify,direct_to_consumer,fulfilled,2025-01-01,2025-01-03,2025-01-01,PA2,FedEx,1,1,14.01,3.0,0.0,17.01,shipmonk_estimate,USD
130106,6336517898550,Cattasaurus - shoproxstore - Shopify,direct_to_consumer,fulfilled,2025-01-01,2025-01-03,2025-01-01,PA2,FedEx,1,1,23.54,2.63,0.0,26.17,shipmonk_estimate,USD
130107,6336519340342,Cattasaurus - shoproxstore - Shopify,direct_to_consumer,fulfilled,2025-01-01,2025-01-03,2025-01-01,PA2,FedEx,1,1,14.01,2.63,0.0,16.64,shipmonk_estimate,USD
130108,6336519831862,Cattasaurus - shoproxstore - Shopify,direct_to_consumer,fulfilled,2025-01-01,2025-01-03,2025-01-01,PA2,FedEx,1,1,15.16,2.63,0.0,17.79,shipmonk_estimate,USD
130109,6336530940214,Cattasaurus - shoproxstore - Shopify,direct_to_consumer,fulfilled,2025-01-01,2025-01-02,2025-01-01,NV3,FedEx,1,1,17.31,2.63,0.0,19.94,shipmonk_estimate,USD
130110,6336539787574,Cattasaurus - shoproxstore - Shopify,direct_to_consumer,fulfilled,2025-01-01,2025-01-03,2025-01-01,PA2,FedEx,1,1,13.09,2.63,0.0,15.72,shipmonk_estimate,USD
130111,6336540934454,Cattasaurus - shoproxstore - Shopify,direct_to_consumer,fulfilled,2025-01-01,2025-01-03,2025-01-01,PA2,FedEx,2,1,18.03,2.63,0.0,20.66,shipmonk_estimate,USD
130112,6336543555894,Cattasaurus - shoproxstore - Shopify,direct_to_consumer,fulfilled,2025-01-01,2025-01-03,2025-01-01,PA2,FedEx,1,1,16.55,2.63,0.0,19.18,shipmonk_estimate,USD
130113,6336544276790,Cattasaurus - shoproxstore - Shopify,direct_to_consumer,fulfilled,2025-01-01,2025-01-03,2025-01-01,PA2,FedEx,1,1,13.09,2.63,0.0,15.72,shipmonk_estimate,USD
130114,6336545030454,Cattasaurus - shoproxstore - Shopify,direct_to_consumer,fulfilled,2025-01-01,2025-01-03,2025-01-01,PA2,FedEx,1,1,18.03,2.63,0.0,20.66,shipmonk_estimate,USD
130115,6336551518518,Cattasaurus - shoproxstore - Shopify,direct_to_consumer,fulfilled,2025-01-01,2025-01-02,2025-01-01,NV3,FedEx,2,1,27.48,3.0,0.0,30.48,shipmonk_estimate,USD
130116,6336551649590,Cattasaurus - shoproxstore - Shopify,direct_to_consumer,fulfilled,2025-01-01,2025-01-03,2025-01-01,PA2,UPS,1,1,14.49,2.63,0.0,17.12,shipmonk_estimate,USD
130117,6336559251766,Cattasaurus - shoproxstore - Shopify,direct_to_consumer,fulfilled,2025-01-01,2025-01-03,2025-01-01,PA2,FedEx,1,1,16.55,2.26,0.0,18.81,shipmonk_estimate,USD
130118,6336559481142,Cattasaurus - shoproxstore - Shopify,direct_to_consumer,fulfilled,2025-01-01,2025-01-03,2025-01-01,NV3,UPS,1,1,15.41,2.63,0.0,18.04,shipmonk_estimate,USD
130119,6336561381686,Cattasaurus - shoproxstore - Shopify,direct_to_consumer,fulfilled,2025-01-01,2025-01-03,2025-01-01,PA2,FedEx,2,1,18.01,3.0,0.0,21.01,shipmonk_estimate,USD
130120,6336562200886,Cattasaurus - shoproxstore - Shopify,direct_to_consumer,fulfilled,2025-01-01,2025-01-03,2025-01-01,PA2,FedEx,1,1,13.79,2.63,0.0,16.42,shipmonk_estimate,USD
130121,6336563740982,Cattasaurus - shoproxstore - Shopify,direct_to_consumer,fulfilled,2025-01-01,2025-01-03,2025-01-01,PA2,UPS,1,1,15.19,2.63,0.0,17.82,shipmonk_estimate,USD
130122,6336573899062,Cattasaurus - shoproxstore - Shopify,direct_to_consumer,fulfilled,2025-01-01,2025-01-03,2025-01-01,NV3,FedEx,1,1,18.03,2.63,0.0,20.66,shipmonk_estimate,USD
130123,6336587268406,Cattasaurus - shoproxstore - Shopify,direct_to_consumer,fulfilled,2025-01-01,2025-01-03,2025-01-01,PA2,FedEx,2,1,16.61,3.0,0.0,19.61,shipmonk_estimate,USD
130124,6336595624246,Cattasaurus - shoproxstore - Shopify,direct_to_consumer,fulfilled,2025-01-01,2025-01-03,2025-01-01,PA2,FedEx,1,1,13.09,2.26,0.0,15.35,shipmonk_estimate,USD
130125,6336595984694,Cattasaurus - shoproxstore - Shopify,direct_to_consumer,fulfilled,2025-01-01,2025-01-03,2025-01-01,PA2,FedEx,1,1,19.34,2.63,0.0,21.97,shipmonk_estimate,USD
130126,6336596803894,Cattasaurus - shoproxstore - Shopify,direct_to_consumer,fulfilled,2025-01-01,2025-01-03,2025-01-01,PA2,FedEx,1,1,23.54,2.63,0.0,26.17,shipmonk_estimate,USD
130127,6336600342838,Cattasaurus - shoproxstore - Shopify,direct_to_consumer,fulfilled,2025-01-01,2025-01-03,2025-01-01,PA2,UPS,1,1,15.41,3.0,0.0,18.41,shipmonk_estimate,USD
130128,6336602014006,Cattasaurus - shoproxstore - Shopify,direct_to_consumer,fulfilled,2025-01-01,2025-01-02,2025-01-01,NV3,FedEx,1,1,26.08,2.26,0.0,28.34,shipmonk_estimate,USD
130129,6336606110006,Cattasaurus - shoproxstore - Shopify,direct_to_consumer,fulfilled,2025-01-01,2025-01-03,2025-01-01,PA2,FedEx,1,1,16.64,2.63,0.0,19.27,shipmonk_estimate,USD
130130,6336623608118,Cattasaurus - shoproxstore - Shopify,direct_to_consumer,fulfilled,2025-01-01,2025-01-03,2025-01-01,PA2,UPS,1,1,18.01,2.63,0.0,20.64,shipmonk_estimate,USD
130131,6336634650934,Cattasaurus - shoproxstore - Shopify,direct_to_consumer,fulfilled,2025-01-01,2025-01-03,2025-01-01,PA2,FedEx,2,1,18.03,3.0,0.0,21.03,shipmonk_estimate,USD
130132,6336635699510,Cattasaurus - shoproxstore - Shopify,direct_to_consumer,fulfilled,2025-01-01,2025-01-03,2025-01-01,PA2,FedEx,1,1,14.01,2.63,0.0,16.64,shipmonk_estimate,USD
130133,6336638910774,Cattasaurus - shoproxstore - Shopify,direct_to_consumer,fulfilled,2025-01-01,2025-01-03,2025-01-01,PA2,FedEx,1,1,13.09,2.63,0.0,15.72,shipmonk_estimate,USD
130134,6336646414646,Cattasaurus - shoproxstore - Shopify,direct_to_consumer,fulfilled,2025-01-01,2025-01-03,2025-01-01,PA2,FedEx,1,1,15.16,2.63,0.0,17.79,shipmonk_estimate,USD
130135,6336649822518,Cattasaurus - shoproxstore - Shopify,direct_to_consumer,fulfilled,2025-01-01,2025-01-03,2025-01-01,PA2,FedEx,2,1,14.01,2.63,0.0,16.64,shipmonk_estimate,USD
130136,6336652083510,Cattasaurus - shoproxstore - Shopify,direct_to_consumer,fulfilled,2025-01-01,2025-01-03,2025-01-01,PA2,FedEx,1,1,14.01,2.63,0.0,16.64,shipmonk_estimate,USD
130137,6336664994102,Cattasaurus - shoproxstore - Shopify,direct_to_consumer,fulfilled,2025-01-01,2025-01-03,2025-01-01,PA2,FedEx,1,1,19.34,2.63,0.0,21.97,shipmonk_estimate,USD
130138,6336667648310,Cattasaurus - shoproxstore - Shopify,direct_to_consumer,fulfilled,2025-01-01,2025-01-03,2025-01-01,NV3,FedEx,1,1,20.57,2.26,0.0,22.83,shipmonk_estimate,USD
130139,6336670859574,Cattasaurus - shoproxstore - Shopify,direct_to_consumer,fulfilled,2025-01-01,2025-01-03,2025-01-01,PA2,FedEx,1,1,19.34,2.63,0.0,21.97,shipmonk_estimate,USD
130141,6336676135222,Cattasaurus - shoproxstore - Shopify,direct_to_consumer,fulfilled,2025-01-01,2025-01-03,2025-01-01,PA2,FedEx,2,1,19.18,3.0,0.0,22.18,shipmonk_estimate,USD
130142,6336682098998,Cattasaurus - shoproxstore - Shopify,direct_to_consumer,fulfilled,2025-01-01,2025-01-03,2025-01-01,PA2,FedEx,1,1,16.64,2.63,0.0,19.27,shipmonk_estimate,USD
130143,6336685932854,Cattasaurus - shoproxstore - Shopify,direct_to_consumer,fulfilled,2025-01-01,2025-01-03,2025-01-01,NV3,UPS,1,1,18.01,2.63,0.0,20.64,shipmonk_estimate,USD
130144,6336686686518,Cattasaurus - shoproxstore - Shopify,direct_to_consumer,fulfilled,2025-01-01,2025-01-03,2025-01-01,PA2,FedEx,1,1,22.15,2.63,0.0,24.78,shipmonk_estimate,USD
130145,6336690651446,Cattasaurus - shoproxstore - Shopify,direct_to_consumer,fulfilled,2025-01-01,2025-01-03,2025-01-01,NV3,FedEx,1,1,18.71,2.26,0.0,20.97,shipmonk_estimate,USD
130147,6336697598262,Cattasaurus - shoproxstore - Shopify,direct_to_consumer,fulfilled,2025-01-01,2025-01-03,2025-01-01,NV3,FedEx,2,1,19.34,3.0,0.0,22.34,shipmonk_estimate,USD
130148,6336699105590,Cattasaurus - shoproxstore - Shopify,direct_to_consumer,fulfilled,2025-01-01,2025-01-03,2025-01-01,PA2,FedEx,1,1,16.64,2.63,0.0,19.27,shipmonk_estimate,USD
130149,6336702611766,Cattasaurus - shoproxstore - Shopify,direct_to_consumer,fulfilled,2025-01-01,2025-01-03,2025-01-01,NV3,FedEx,1,1,14.01,2.63,0.0,16.64,shipmonk_estimate,USD
130150,6336702939446,Cattasaurus - shoproxstore - Shopify,direct_to_consumer,fulfilled,2025-01-01,2025-01-03,2025-01-01,PA2,DHL eCommerce,2,1,9.37,2.26,0.5,12.13,shipmonk_estimate,USD
130152,6336707264822,Cattasaurus - shoproxstore - Shopify,direct_to_consumer,fulfilled,2025-01-01,2025-01-03,2025-01-01,PA2,FedEx,1,1,18.71,2.63,0.0,21.34,shipmonk_estimate,USD
130153,6336715161910,Cattasaurus - shoproxstore - Shopify,direct_to_consumer,fulfilled,2025-01-01,2025-01-03,2025-01-01,PA2,UPS,2,1,18.01,3.0,0.0,21.01,shipmonk_estimate,USD
130154,6336716996918,Cattasaurus - shoproxstore - Shopify,direct_to_consumer,fulfilled,2025-01-01,2025-01-03,2025-01-01,PA2,UPS,1,1,18.01,2.26,0.0,20.27,shipmonk_estimate,USD
130155,6336717586742,Cattasaurus - shoproxstore - Shopify,direct_to_consumer,fulfilled,2025-01-01,2025-01-03,2025-01-01,PA2,FedEx,1,1,19.34,2.63,0.0,21.97,shipmonk_estimate,USD
130156,6336721584438,Cattasaurus - shoproxstore - Shopify,direct_to_consumer,fulfilled,2025-01-01,2025-01-03,2025-01-01,NV3,FedEx,2,1,16.64,4.11,0.0,20.75,shipmonk_estimate,USD
130157,6336721617206,Cattasaurus - shoproxstore - Shopify,direct_to_consumer,fulfilled,2025-01-01,2025-01-03,2025-01-01,PA2,FedEx,2,1,15.16,3.0,0.0,18.16,shipmonk_estimate,USD
130159,6336724042038,Cattasaurus - shoproxstore - Shopify,direct_to_consumer,fulfilled,2025-01-01,2025-01-03,2025-01-01,PA2,FedEx,2,1,23.96,3.0,0.0,26.96,shipmonk_estimate,USD
130160,6336759234870,Cattasaurus - shoproxstore - Shopify,direct_to_consumer,fulfilled,2025-01-01,2025-01-03,2025-01-01,PA2,FedEx,1,1,12.98,2.63,0.0,15.61,shipmonk_estimate,USD
130161,6336760086838,Cattasaurus - shoproxstore - Shopify,direct_to_consumer,fulfilled,2025-01-01,2025-01-03,2025-01-01,PA2,FedEx,1,1,13.09,2.63,0.0,15.72,shipmonk_estimate,USD
130162,6336761561398,Cattasaurus - shoproxstore - Shopify,direct_to_consumer,fulfilled,2025-01-01,2025-01-03,2025-01-01,NV3,FedEx,1,1,18.71,2.63,0.0,21.34,shipmonk_estimate,USD
130164,6336770867510,Cattasaurus - shoproxstore - Shopify,direct_to_consumer,fulfilled,2025-01-01,2025-01-03,2025-01-01,PA2,FedEx,1,1,15.19,2.63,0.0,17.82,shipmonk_estimate,USD
130167,6336778699062,Cattasaurus - shoproxstore - Shopify,direct_to_consumer,fulfilled,2025-01-01,2025-01-03,2025-01-01,PA2,FedEx,1,1,19.34,2.63,0.0,21.97,shipmonk_estimate,USD
130168,6336780730678,Cattasaurus - shoproxstore - Shopify,direct_to_consumer,fulfilled,2025-01-01,2025-01-03,2025-01-01,PA2,FedEx,1,1,14.01,2.63,0.0,16.64,shipmonk_estimate,USD
130169,6336780861750,Cattasaurus - shoproxstore - Shopify,direct_to_consumer,fulfilled,2025-01-01,2025-01-03,2025-01-01,PA2,FedEx,2,1,23.54,2.63,0.0,26.17,shipmonk_estimate,USD
130169_1,8fdd470b-67c4-4b1a-9e0a-01c4fe7aa59d,Cattasaurus - shoproxstore - Shopify,direct_to_consumer,fulfilled,2025-01-01,2025-01-03,2025-01-01,PA2,FedEx,2,1,23.54,2.63,0.0,26.17,shipmonk_estimate,USD
130170,6336795312438,Cattasaurus - shoproxstore - Shopify,direct_to_consumer,fulfilled,2025-01-01,2025-01-03,2025-01-01,PA2,FedEx,1,1,16.64,2.63,0.0,19.27,shipmonk_estimate,USD
130172,6336798130486,Cattasaurus - shoproxstore - Shopify,direct_to_consumer,fulfilled,2025-01-01,2025-01-03,2025-01-01,NV3,FedEx,1,1,14.01,2.63,0.0,16.64,shipmonk_estimate,USD
130173,6336807600438,Cattasaurus - shoproxstore - Shopify,direct_to_consumer,fulfilled,2025-01-01,2025-01-03,2025-01-01,PA2,FedEx,2,1,28.88,3.0,0.0,31.88,shipmonk_estimate,USD
130175,6336814383414,Cattasaurus - shoproxstore - Shopify,direct_to_consumer,fulfilled,2025-01-01,2025-01-03,2025-01-01,PA2,FedEx,1,1,19.34,2.63,0.0,21.97,shipmonk_estimate,USD
130175_1,295c0388-2187-495e-8207-09ee9c68ab95,Cattasaurus - shoproxstore - Shopify,direct_to_consumer,fulfilled,2025-01-01,2025-01-03,2025-01-01,PA2,FedEx,1,1,19.34,2.63,0.0,21.97,shipmonk_estimate,USD
130176,6336824213814,Cattasaurus - shoproxstore - Shopify,direct_to_consumer,fulfilled,2025-01-01,2025-01-03,2025-01-01,NV3,FedEx,1,1,14.01,2.63,0.0,16.64,shipmonk_estimate,USD
130177,6336827425078,Cattasaurus - shoproxstore - Shopify,direct_to_consumer,fulfilled,2025-01-01,2025-01-03,2025-01-01,PA2,FedEx,1,1,13.79,2.26,0.0,16.05,shipmonk_estimate,USD
130180,6336837157174,Cattasaurus - shoproxstore - Shopify,direct_to_consumer,fulfilled,2025-01-01,2025-01-03,2025-01-01,PA2,FedEx,1,1,19.34,2.63,0.0,21.97,shipmonk_estimate,USD
130181,6336871432502,Cattasaurus - shoproxstore - Shopify,direct_to_consumer,fulfilled,2025-01-01,2025-01-03,2025-01-01,PA2,FedEx,1,1,16.61,2.26,0.0,18.87,shipmonk_estimate,USD
130184,6336888668470,Cattasaurus - shoproxstore - Shopify,direct_to_consumer,fulfilled,2025-01-01,2025-01-03,2025-01-01,PA2,FedEx,1,1,14.01,2.63,0.0,16.64,shipmonk_estimate,USD
130185,6336889979190,Cattasaurus - shoproxstore - Shopify,direct_to_consumer,fulfilled,2025-01-01,2025-01-03,2025-01-01,PA2,FedEx,1,1,26.92,2.63,0.0,29.55,shipmonk_estimate,USD
130186,6336895222070,Cattasaurus - shoproxstore - Shopify,direct_to_consumer,fulfilled,2025-01-01,2025-01-03,2025-01-01,PA2,FedEx,1,1,19.34,2.63,0.0,21.97,shipmonk_estimate,USD
130187,6336904167734,Cattasaurus - shoproxstore - Shopify,direct_to_consumer,fulfilled,2025-01-01,2025-01-03,2025-01-01,PA2,FedEx,3,1,20.57,3.37,0.0,23.94,shipmonk_estimate,USD
130188,6336908132662,Cattasaurus - shoproxstore - Shopify,direct_to_consumer,fulfilled,2025-01-01,2025-01-03,2025-01-01,PA2,FedEx,1,1,16.61,2.63,0.0,19.24,shipmonk_estimate,USD
130189,6336911737142,Cattasaurus - shoproxstore - Shopify,direct_to_consumer,fulfilled,2025-01-01,2025-01-03,2025-01-01,PA2,FedEx,1,1,24.94,2.63,0.0,27.57,shipmonk_estimate,USD
130191,6336920617270,Cattasaurus - shoproxstore - Shopify,direct_to_consumer,fulfilled,2025-01-01,2025-01-03,2025-01-01,NV3,USPS,1,1,17.41,2.63,0.0,20.04,shipmonk_estimate,USD
130192,6336926220598,Cattasaurus - shoproxstore - Shopify,direct_to_consumer,fulfilled,2025-01-01,2025-01-03,2025-01-01,NV3,FedEx,1,1,14.01,2.63,0.0,16.64,shipmonk_estimate,USD
130193,6336926515510,Cattasaurus - shoproxstore - Shopify,direct_to_consumer,fulfilled,2025-01-01,2025-01-03,2025-01-01,PA2,FedEx,1,1,23.54,2.63,0.0,26.17,shipmonk_estimate,USD
130195,6336928252214,Cattasaurus - shoproxstore - Shopify,direct_to_consumer,fulfilled,2025-01-01,2025-01-03,2025-01-01,PA2,FedEx,1,1,16.64,2.63,0.0,19.27,shipmonk_estimate,USD
130196,6336929661238,Cattasaurus - shoproxstore - Shopify,direct_to_consumer,fulfilled,2025-01-01,2025-01-03,2025-01-01,PA2,FedEx,1,1,16.61,2.63,0.0,19.24,shipmonk_estimate,USD
130197,6336937034038,Cattasaurus - shoproxstore - Shopify,direct_to_consumer,fulfilled,2025-01-01,2025-01-03,2025-01-01,PA2,UPS,1,1,15.19,2.26,0.0,17.45,shipmonk_estimate,USD
130198,6336941097270,Cattasaurus - shoproxstore - Shopify,direct_to_consumer,fulfilled,2025-01-01,2025-01-03,2025-01-01,NV3,FedEx,2,1,27.48,2.63,0.0,30.11,shipmonk_estimate,USD
130200,6336947552566,Cattasaurus - shoproxstore - Shopify,direct_to_consumer,fulfilled,2025-01-01,2025-01-03,2025-01-01,NV3,FedEx,1,1,16.61,2.63,0.0,19.24,shipmonk_estimate,USD
130202,6336961937718,Cattasaurus - shoproxstore - Shopify,direct_to_consumer,fulfilled,2025-01-01,2025-01-03,2025-01-01,NV3,FedEx,1,1,14.01,2.63,0.0,16.64,shipmonk_estimate,USD
130203,6336964559158,Cattasaurus - shoproxstore - Shopify,direct_to_consumer,fulfilled,2025-01-01,2025-01-03,2025-01-01,PA2,FedEx,1,1,20.74,2.63,0.0,23.37,shipmonk_estimate,USD
130204,6336967573814,Cattasaurus - shoproxstore - Shopify,direct_to_consumer,fulfilled,2025-01-01,2025-01-03,2025-01-01,NV3,FedEx,1,1,16.61,2.63,0.0,19.24,shipmonk_estimate,USD
130205,6336970391862,Cattasaurus - shoproxstore - Shopify,direct_to_consumer,fulfilled,2025-01-01,2025-01-03,2025-01-01,PA2,FedEx,1,1,18.01,2.63,0.0,20.64,shipmonk_estimate,USD
130206,6336970817846,Cattasaurus - shoproxstore - Shopify,direct_to_consumer,fulfilled,2025-01-01,2025-01-03,2025-01-01,PA2,FedEx,1,1,23.54,2.63,0.0,26.17,shipmonk_estimate,USD
130208,6336987922742,Cattasaurus - shoproxstore - Shopify,direct_to_consumer,fulfilled,2025-01-01,2025-01-03,2025-01-01,PA2,UPS,1,1,14.38,2.63,0.0,17.01,shipmonk_estimate,USD
130209,6336991789366,Cattasaurus - shoproxstore - Shopify,direct_to_consumer,fulfilled,2025-01-01,2025-01-03,2025-01-01,NV3,FedEx,3,1,16.55,3.37,0.0,19.92,shipmonk_estimate,USD
130210,6336993329462,Cattasaurus - shoproxstore - Shopify,direct_to_consumer,fulfilled,2025-01-01,2025-01-03,2025-01-01,PA2,FedEx,1,1,23.54,2.63,0.0,26.17,shipmonk_estimate,USD
130212,6336996868406,Cattasaurus - shoproxstore - Shopify,direct_to_consumer,fulfilled,2025-01-01,2025-01-03,2025-01-01,PA2,FedEx,1,1,14.01,2.63,0.0,16.64,shipmonk_estimate,USD
130213,6336999522614,Cattasaurus - shoproxstore - Shopify,direct_to_consumer,fulfilled,2025-01-01,2025-01-03,2025-01-01,PA2,FedEx,1,1,26.92,2.63,0.0,29.55,shipmonk_estimate,USD
130214,6337004732726,Cattasaurus - shoproxstore - Shopify,direct_to_consumer,fulfilled,2025-01-01,2025-01-03,2025-01-01,PA2,FedEx,1,1,23.54,2.63,0.0,26.17,shipmonk_estimate,USD
130215,6337006698806,Cattasaurus - shoproxstore - Shopify,direct_to_consumer,fulfilled,2025-01-01,2025-01-03,2025-01-01,NV3,FedEx,1,1,18.71,2.63,0.0,21.34,shipmonk_estimate,USD
130217,6337016693046,Cattasaurus - shoproxstore - Shopify,direct_to_consumer,fulfilled,2025-01-01,2025-01-03,2025-01-01,PA2,UPS,1,1,15.41,2.63,0.0,18.04,shipmonk_estimate,USD
130218,6337017184566,Cattasaurus - shoproxstore - Shopify,direct_to_consumer,fulfilled,2025-01-01,2025-01-03,2025-01-01,PA2,UPS,1,1,15.41,2.63,0.0,18.04,shipmonk_estimate,USD
130219,6337025376566,Cattasaurus - shoproxstore - Shopify,direct_to_consumer,fulfilled,2025-01-01,2025-01-03,2025-01-01,PA2,UPS,1,1,15.41,2.63,0.0,18.04,shipmonk_estimate,USD
130221,6337031668022,Cattasaurus - shoproxstore - Shopify,direct_to_consumer,fulfilled,2025-01-01,2025-01-03,2025-01-01,PA2,FedEx,1,1,16.64,2.63,0.0,19.27,shipmonk_estimate,USD
130222,6337035010358,Cattasaurus - shoproxstore - Shopify,direct_to_consumer,fulfilled,2025-01-01,2025-01-03,2025-01-01,PA2,FedEx,1,1,23.54,2.63,0.0,26.17,shipmonk_estimate,USD
130223,6337036452150,Cattasaurus - shoproxstore - Shopify,direct_to_consumer,fulfilled,2025-01-01,2025-01-03,2025-01-01,PA2,UPS,1,1,14.38,2.63,0.0,17.01,shipmonk_estimate,USD
130224,6337038025014,Cattasaurus - shoproxstore - Shopify,direct_to_consumer,fulfilled,2025-01-01,2025-01-03,2025-01-01,PA2,FedEx,2,1,17.31,3.0,0.0,20.31,shipmonk_estimate,USD
130225,6337041727798,Cattasaurus - shoproxstore - Shopify,direct_to_consumer,fulfilled,2025-01-01,2025-01-03,2025-01-01,PA2,FedEx,1,1,13.79,2.63,0.0,16.42,shipmonk_estimate,USD
130226,6337044283702,Cattasaurus - shoproxstore - Shopify,direct_to_consumer,fulfilled,2025-01-01,2025-01-03,2025-01-01,NV3,FedEx,1,1,13.79,2.63,0.0,16.42,shipmonk_estimate,USD
130227,6337053065526,Cattasaurus - shoproxstore - Shopify,direct_to_consumer,fulfilled,2025-01-01,2025-01-03,2025-01-01,PA2,FedEx,2,1,15.81,3.0,0.0,18.81,shipmonk_estimate,USD
130229,6337060569398,Cattasaurus - shoproxstore - Shopify,direct_to_consumer,fulfilled,2025-01-01,2025-01-03,2025-01-01,NV3,FedEx,1,1,14.01,2.63,0.0,16.64,shipmonk_estimate,USD
130230,6337065484598,Cattasaurus - shoproxstore - Shopify,direct_to_consumer,fulfilled,2025-01-01,2025-01-03,2025-01-01,PA2,FedEx,1,1,16.61,2.26,0.0,18.87,shipmonk_estimate,USD
130231,6337065877814,Cattasaurus - shoproxstore - Shopify,direct_to_consumer,fulfilled,2025-01-01,2025-01-03,2025-01-01,PA2,UPS,1,1,18.01,2.63,0.0,20.64,shipmonk_estimate,USD
130232,6337070530870,Cattasaurus - shoproxstore - Shopify,direct_to_consumer,fulfilled,2025-01-01,2025-01-03,2025-01-01,PA2,FedEx,1,1,19.34,2.63,0.0,21.97,shipmonk_estimate,USD
130233,6337072398646,Cattasaurus - shoproxstore - Shopify,direct_to_consumer,fulfilled,2025-01-01,2025-01-03,2025-01-01,NV3,FedEx,1,1,20.74,2.63,0.0,23.37,shipmonk_estimate,USD
130234,6337075151158,Cattasaurus - shoproxstore - Shopify,direct_to_consumer,fulfilled,2025-01-01,2025-01-03,2025-01-01,PA2,FedEx,1,1,20.74,2.63,0.0,23.37,shipmonk_estimate,USD
130236,6337089044790,Cattasaurus - shoproxstore - Shopify,direct_to_consumer,fulfilled,2025-01-01,2025-01-03,2025-01-01,PA2,FedEx,1,1,19.34,2.63,0.0,21.97,shipmonk_estimate,USD
130237,6337102217526,Cattasaurus - shoproxstore - Shopify,direct_to_consumer,fulfilled,2025-01-01,2025-01-03,2025-01-01,PA2,FedEx,1,1,19.34,2.63,0.0,21.97,shipmonk_estimate,USD
130238,6337103495478,Cattasaurus - shoproxstore - Shopify,direct_to_consumer,fulfilled,2025-01-01,2025-01-03,2025-01-01,NV3,FedEx,1,1,16.61,2.63,0.0,19.24,shipmonk_estimate,USD
130240,6337122533686,Cattasaurus - shoproxstore - Shopify,direct_to_consumer,fulfilled,2025-01-01,2025-01-03,2025-01-01,NV3,FedEx,1,1,14.01,2.63,0.0,16.64,shipmonk_estimate,USD
130241,6337141309750,Cattasaurus - shoproxstore - Shopify,direct_to_consumer,fulfilled,2025-01-01,2025-01-03,2025-01-01,PA2,FedEx,1,1,23.54,2.26,0.0,25.8,shipmonk_estimate,USD
130242,6337149436214,Cattasaurus - shoproxstore - Shopify,direct_to_consumer,fulfilled,2025-01-01,2025-01-03,2025-01-01,NV3,FedEx,1,1,18.71,2.63,0.0,21.34,shipmonk_estimate,USD
130243,6337149337910,Cattasaurus - shoproxstore - Shopify,direct_to_consumer,fulfilled,2025-01-01,2025-01-03,2025-01-01,PA2,UPS,1,1,14.38,2.26,0.0,16.64,shipmonk_estimate,USD
130244,6337156481334,Cattasaurus - shoproxstore - Shopify,direct_to_consumer,fulfilled,2025-01-01,2025-01-03,2025-01-01,PA2,FedEx,2,1,19.18,3.0,0.0,22.18,shipmonk_estimate,USD
130245,6337162445110,Cattasaurus - shoproxstore - Shopify,direct_to_consumer,fulfilled,2025-01-01,2025-01-03,2025-01-01,NV3,FedEx,1,1,20.11,2.63,0.0,22.74,shipmonk_estimate,USD
130248,6337186857270,Cattasaurus - shoproxstore - Shopify,direct_to_consumer,fulfilled,2025-01-01,2025-01-03,2025-01-01,PA2,FedEx,1,1,16.55,2.63,0.0,19.18,shipmonk_estimate,USD
130249,6337188987190,Cattasaurus - shoproxstore - Shopify,direct_to_consumer,fulfilled,2025-01-01,2025-01-03,2025-01-01,PA2,UPS,1,1,14.38,2.26,0.0,16.64,shipmonk_estimate,USD
130250,6337194033462,Cattasaurus - shoproxstore - Shopify,direct_to_consumer,fulfilled,2025-01-01,2025-01-03,2025-01-01,NV3,FedEx,1,1,13.79,2.63,0.0,16.42,shipmonk_estimate,USD
130251,6337209598262,Cattasaurus - shoproxstore - Shopify,direct_to_consumer,fulfilled,2025-01-01,2025-01-03,2025-01-01,NV3,FedEx,1,1,15.21,2.63,0.0,17.84,shipmonk_estimate,USD
130252,6337220542774,Cattasaurus - shoproxstore - Shopify,direct_to_consumer,fulfilled,2025-01-01,2025-01-03,2025-01-01,PA2,FedEx,1,1,13.09,2.63,0.0,15.72,shipmonk_estimate,USD
130253,6337245184310,Cattasaurus - shoproxstore - Shopify,direct_to_consumer,fulfilled,2025-01-01,2025-01-03,2025-01-01,PA2,FedEx,3,1,28.32,3.37,0.0,31.69,shipmonk_estimate,USD
130254,6337253409078,Cattasaurus - shoproxstore - Shopify,direct_to_consumer,fulfilled,2025-01-01,2025-01-03,2025-01-01,PA2,FedEx,1,1,18.71,2.63,0.0,21.34,shipmonk_estimate,USD
130255,6337256948022,Cattasaurus - shoproxstore - Shopify,direct_to_consumer,fulfilled,2025-01-01,2025-01-03,2025-01-01,NV3,FedEx,1,1,16.61,2.26,0.0,18.87,shipmonk_estimate,USD
130256,6337264943414,Cattasaurus - shoproxstore - Shopify,direct_to_consumer,fulfilled,2025-01-01,2025-01-03,2025-01-01,PA2,FedEx,2,1,20.74,3.0,0.0,23.74,shipmonk_estimate,USD
130257,6337267990838,Cattasaurus - shoproxstore - Shopify,direct_to_consumer,fulfilled,2025-01-01,2025-01-03,2025-01-01,PA2,FedEx,1,1,16.64,3.0,0.0,19.64,shipmonk_estimate,USD
130260,6337282736438,Cattasaurus - shoproxstore - Shopify,direct_to_consumer,fulfilled,2025-01-01,2025-01-03,2025-01-01,PA2,FedEx,1,1,14.49,2.63,0.0,17.12,shipmonk_estimate,USD
130261,6337285947702,Cattasaurus - shoproxstore - Shopify,direct_to_consumer,fulfilled,2025-01-01,2025-01-03,2025-01-01,PA2,FedEx,2,1,19.34,2.63,0.0,21.97,shipmonk_estimate,USD
130261_1,7df9f253-1529-432e-9f01-dc926182e142,Cattasaurus - shoproxstore - Shopify,direct_to_consumer,fulfilled,2025-01-01,2025-01-03,2025-01-01,PA2,FedEx,1,1,19.34,2.63,0.0,21.97,shipmonk_estimate,USD
130262,6337288896822,Cattasaurus - shoproxstore - Shopify,direct_to_consumer,fulfilled,2025-01-01,2025-01-03,2025-01-01,PA2,FedEx,2,1,20.57,3.0,0.0,23.57,shipmonk_estimate,USD
130263,6337296073014,Cattasaurus - shoproxstore - Shopify,direct_to_consumer,fulfilled,2025-01-01,2025-01-03,2025-01-01,PA2,FedEx,1,1,12.4,2.63,0.0,15.03,shipmonk_estimate,USD
130264,6337311932726,Cattasaurus - shoproxstore - Shopify,direct_to_consumer,fulfilled,2025-01-01,2025-01-03,2025-01-01,NV3,FedEx,1,1,14.01,2.63,0.0,16.64,shipmonk_estimate,USD
130268,6337342374198,Cattasaurus - shoproxstore - Shopify,direct_to_consumer,fulfilled,2025-01-01,2025-01-03,2025-01-01,PA2,FedEx,1,1,19.34,2.63,0.0,21.97,shipmonk_estimate,USD
130269,6337352073526,Cattasaurus - shoproxstore - Shopify,direct_to_consumer,fulfilled,2025-01-01,2025-01-03,2025-01-01,NV3,FedEx,1,1,20.11,2.63,0.0,22.74,shipmonk_estimate,USD
130271,6337361609014,Cattasaurus - shoproxstore - Shopify,direct_to_consumer,fulfilled,2025-01-01,2025-01-03,2025-01-01,PA2,FedEx,1,1,12.98,2.63,0.0,15.61,shipmonk_estimate,USD
122740,6281598533942,Cattasaurus - shoproxstore - Shopify,direct_to_consumer,fulfilled,2024-12-08,2025-01-02,,NV3,FedEx,2,1,17.31,3.0,0.0,20.31,shipmonk_estimate,USD
129801,6333664166198,Cattasaurus - shoproxstore - Shopify,direct_to_consumer,fulfilled,2024-12-30,2025-01-02,,PA2,FedEx,1,1,19.34,2.63,0.0,21.97,shipmonk_estimate,USD
129804,6333684187446,Cattasaurus - shoproxstore - Shopify,direct_to_consumer,fulfilled,2024-12-30,2025-01-02,,NV3,FedEx,1,1,18.71,2.63,0.0,21.34,shipmonk_estimate,USD
129807,6333696409910,Cattasaurus - shoproxstore - Shopify,direct_to_consumer,fulfilled,2024-12-30,2025-01-02,,PA2,FedEx,1,1,15.16,2.63,0.0,17.79,shipmonk_estimate,USD
129811,6333721411894,Cattasaurus - shoproxstore - Shopify,direct_to_consumer,fulfilled,2024-12-30,2025-01-02,,PA2,FedEx,3,1,21.17,3.37,0.0,24.54,shipmonk_estimate,USD
129812,6333723443510,Cattasaurus - shoproxstore - Shopify,direct_to_consumer,fulfilled,2024-12-30,2025-01-02,,PA2,FedEx,1,1,16.61,2.63,0.0,19.24,shipmonk_estimate,USD
129815,6333733273910,Cattasaurus - shoproxstore - Shopify,direct_to_consumer,fulfilled,2024-12-30,2025-01-02,,NV3,FedEx,1,1,20.74,2.63,0.0,23.37,shipmonk_estimate,USD
129818,6333744972086,Cattasaurus - shoproxstore - Shopify,direct_to_consumer,fulfilled,2024-12-30,2025-01-02,,PA2,FedEx,1,1,16.61,2.63,0.0,19.24,shipmonk_estimate,USD
129820,6333750083894,Cattasaurus - shoproxstore - Shopify,direct_to_consumer,fulfilled,2024-12-30,2025-01-02,,PA2,FedEx,2,1,15.81,3.0,0.0,18.81,shipmonk_estimate,USD
129821,6333750870326,Cattasaurus - shoproxstore - Shopify,direct_to_consumer,fulfilled,2024-12-30,2025-01-02,,NV3,UPS,1,1,15.19,2.63,0.0,17.82,shipmonk_estimate,USD
129824,6333756277046,Cattasaurus - shoproxstore - Shopify,direct_to_consumer,fulfilled,2024-12-30,2025-01-02,,PA2,USPS,1,1,21.72,2.63,0.0,24.35,shipmonk_estimate,USD
129825,6333769613622,Cattasaurus - shoproxstore - Shopify,direct_to_consumer,fulfilled,2024-12-30,2025-01-02,,PA2,FedEx,2,1,15.16,3.0,0.0,18.16,shipmonk_estimate,USD
129826,6333770006838,Cattasaurus - shoproxstore - Shopify,direct_to_consumer,fulfilled,2024-12-30,2025-01-02,,PA2,FedEx,1,1,13.09,2.63,0.0,15.72,shipmonk_estimate,USD
129827,6333786226998,Cattasaurus - shoproxstore - Shopify,direct_to_consumer,fulfilled,2024-12-30,2025-01-02,,PA2,FedEx,1,1,14.01,2.63,0.0,16.64,shipmonk_estimate,USD
129828,6333791437110,Cattasaurus - shoproxstore - Shopify,direct_to_consumer,fulfilled,2024-12-30,2025-01-02,,PA2,FedEx,3,1,17.31,3.37,0.0,20.68,shipmonk_estimate,USD
129830,6333818339638,Cattasaurus - shoproxstore - Shopify,direct_to_consumer,fulfilled,2024-12-30,2025-01-02,,PA2,FedEx,2,1,17.31,3.0,0.0,20.31,shipmonk_estimate,USD
129831,6333818732854,Cattasaurus - shoproxstore - Shopify,direct_to_consumer,fulfilled,2024-12-30,2025-01-02,,NV3,UPS,2,1,15.19,3.0,0.0,18.19,shipmonk_estimate,USD
129832,6333823222070,Cattasaurus - shoproxstore - Shopify,direct_to_consumer,fulfilled,2024-12-30,2025-01-02,,PA2,FedEx,2,1,22.57,2.63,0.0,25.2,shipmonk_estimate,USD
129833,6333823516982,Cattasaurus - shoproxstore - Shopify,direct_to_consumer,fulfilled,2024-12-30,2025-01-02,,PA2,FedEx,3,1,24.94,3.37,0.0,28.31,shipmonk_estimate,USD
129834,6333824663862,Cattasaurus - shoproxstore - Shopify,direct_to_consumer,fulfilled,2024-12-30,2025-01-02,,NV3,FedEx,1,1,20.11,2.63,0.0,22.74,shipmonk_estimate,USD
129836,6333827318070,Cattasaurus - shoproxstore - Shopify,direct_to_consumer,fulfilled,2024-12-30,2025-01-02,,PA2,FedEx,1,1,16.61,2.26,0.0,18.87,shipmonk_estimate,USD
129837,6333839212854,Cattasaurus - shoproxstore - Shopify,direct_to_consumer,fulfilled,2024-12-30,2025-01-02,,PA2,FedEx,1,1,16.61,2.26,0.0,18.87,shipmonk_estimate,USD
129838,6333848617270,Cattasaurus - shoproxstore - Shopify,direct_to_consumer,fulfilled,2024-12-30,2025-01-02,,PA2,FedEx,1,1,16.64,2.63,0.0,19.27,shipmonk_estimate,USD
129841,6333859430710,Cattasaurus - shoproxstore - Shopify,direct_to_consumer,fulfilled,2024-12-30,2025-01-02,,PA2,FedEx,2,1,22.57,3.0,0.0,25.57,shipmonk_estimate,USD
129842,6333872898358,Cattasaurus - shoproxstore - Shopify,direct_to_consumer,fulfilled,2024-12-30,2025-01-02,,PA2,FedEx,1,1,14.01,2.63,0.0,16.64,shipmonk_estimate,USD
129844,6333894590774,Cattasaurus - shoproxstore - Shopify,direct_to_consumer,fulfilled,2024-12-30,2025-01-02,,PA2,FedEx,1,1,16.61,2.63,0.0,19.24,shipmonk_estimate,USD
129846,6333900849462,Cattasaurus - shoproxstore - Shopify,direct_to_consumer,fulfilled,2024-12-30,2025-01-02,,PA2,FedEx,1,1,18.01,2.63,0.0,20.64,shipmonk_estimate,USD
129848,6333905568054,Cattasaurus - shoproxstore - Shopify,direct_to_consumer,fulfilled,2024-12-30,2025-01-02,,NV3,FedEx,1,1,18.71,2.63,0.0,21.34,shipmonk_estimate,USD
129851,6333928505654,Cattasaurus - shoproxstore - Shopify,direct_to_consumer,fulfilled,2024-12-30,2025-01-02,,NV3,FedEx,2,1,16.61,3.0,0.0,19.61,shipmonk_estimate,USD
129852,6333942137142,Cattasaurus - shoproxstore - Shopify,direct_to_consumer,fulfilled,2024-12-30,2025-01-02,,PA2,FedEx,1,1,18.71,2.26,0.0,20.97,shipmonk_estimate,USD
129853,6333944594742,Cattasaurus - shoproxstore - Shopify,direct_to_consumer,fulfilled,2024-12-30,2025-01-02,,NV3,FedEx,1,1,20.11,2.63,0.0,22.74,shipmonk_estimate,USD
129857,6333969006902,Cattasaurus - shoproxstore - Shopify,direct_to_consumer,fulfilled,2024-12-30,2025-01-02,,PA2,FedEx,1,1,18.71,2.63,0.0,21.34,shipmonk_estimate,USD
129861,6333976215862,Cattasaurus - shoproxstore - Shopify,direct_to_consumer,fulfilled,2024-12-30,2025-01-02,,PA2,FedEx,2,1,15.16,3.0,0.0,18.16,shipmonk_estimate,USD
129862,6333993648438,Cattasaurus - shoproxstore - Shopify,direct_to_consumer,fulfilled,2024-12-30,2025-01-02,,NV3,FedEx,1,1,16.61,2.63,0.0,19.24,shipmonk_estimate,USD
129864,6333998530870,Cattasaurus - shoproxstore - Shopify,direct_to_consumer,fulfilled,2024-12-30,2025-01-02,,PA2,FedEx,1,1,16.61,2.63,0.0,19.24,shipmonk_estimate,USD
129865,6334009475382,Cattasaurus - shoproxstore - Shopify,direct_to_consumer,fulfilled,2024-12-30,2025-01-02,,PA2,FedEx,2,1,16.61,2.63,0.0,19.24,shipmonk_estimate,USD
129866,6334019273014,Cattasaurus - shoproxstore - Shopify,direct_to_consumer,fulfilled,2024-12-30,2025-01-02,,PA2,FedEx,2,1,14.38,2.63,0.0,17.01,shipmonk_estimate,USD
129867,6334026907958,Cattasaurus - shoproxstore - Shopify,direct_to_consumer,fulfilled,2024-12-30,2025-01-02,,NV3,FedEx,1,1,13.79,2.63,0.0,16.42,shipmonk_estimate,USD
129868,6334030053686,Cattasaurus - shoproxstore - Shopify,direct_to_consumer,fulfilled,2024-12-30,2025-01-02,,NV3,FedEx,1,1,13.79,2.63,0.0,16.42,shipmonk_estimate,USD
129869,6334038311222,Cattasaurus - shoproxstore - Shopify,direct_to_consumer,fulfilled,2024-12-30,2025-01-02,,PA2,FedEx,1,1,18.03,2.26,0.0,20.29,shipmonk_estimate,USD
129870,6334047879478,Cattasaurus - shoproxstore - Shopify,direct_to_consumer,fulfilled,2024-12-30,2025-01-02,,PA2,FedEx,1,1,23.54,2.26,0.0,25.8,shipmonk_estimate,USD
129872,6334065180982,Cattasaurus - shoproxstore - Shopify,direct_to_consumer,fulfilled,2024-12-30,2025-01-02,,PA2,FedEx,1,1,13.79,2.26,0.0,16.05,shipmonk_estimate,USD
129874,6334085988662,Cattasaurus - shoproxstore - Shopify,direct_to_consumer,fulfilled,2024-12-30,2025-01-02,,PA2,UPS,1,1,15.19,2.63,0.0,17.82,shipmonk_estimate,USD
129875,6334096965942,Cattasaurus - shoproxstore - Shopify,direct_to_consumer,fulfilled,2024-12-30,2025-01-02,,PA2,FedEx,1,1,14.49,2.63,0.0,17.12,shipmonk_estimate,USD
129876,6334097850678,Cattasaurus - shoproxstore - Shopify,direct_to_consumer,fulfilled,2024-12-30,2025-01-02,,PA2,UPS,1,1,15.41,2.63,0.0,18.04,shipmonk_estimate,USD
129877,6334106534198,Cattasaurus - shoproxstore - Shopify,direct_to_consumer,fulfilled,2024-12-30,2025-01-02,,NV3,FedEx,1,1,18.71,2.63,0.0,21.34,shipmonk_estimate,USD
129878,6334106599734,Cattasaurus - shoproxstore - Shopify,direct_to_consumer,fulfilled,2024-12-30,2025-01-02,,PA2,FedEx,2,1,13.09,3.0,0.0,16.09,shipmonk_estimate,USD
129881,6334129537334,Cattasaurus - shoproxstore - Shopify,direct_to_consumer,fulfilled,2024-12-30,2025-01-02,,PA2,UPS,1,1,18.01,2.63,0.0,20.64,shipmonk_estimate,USD
129882,6334137434422,Cattasaurus - shoproxstore - Shopify,direct_to_consumer,fulfilled,2024-12-30,2025-01-02,,NV3,FedEx,1,1,16.61,2.63,0.0,19.24,shipmonk_estimate,USD
129883,6334139728182,Cattasaurus - shoproxstore - Shopify,direct_to_consumer,fulfilled,2024-12-30,2025-01-02,,PA2,FedEx,2,1,22.57,2.26,0.0,24.83,shipmonk_estimate,USD
129887,6334161551670,Cattasaurus - shoproxstore - Shopify,direct_to_consumer,fulfilled,2024-12-30,2025-01-02,,NV3,FedEx,1,1,19.18,2.26,0.0,21.44,shipmonk_estimate,USD
129889,6334166008118,Cattasaurus - shoproxstore - Shopify,direct_to_consumer,fulfilled,2024-12-30,2025-01-02,,PA2,FedEx,1,1,16.55,2.63,0.0,19.18,shipmonk_estimate,USD
129891,6334170956086,Cattasaurus - shoproxstore - Shopify,direct_to_consumer,fulfilled,2024-12-30,2025-01-02,,PA2,UPS,1,1,18.01,2.63,0.0,20.64,shipmonk_estimate,USD
129892,6334179541302,Cattasaurus - shoproxstore - Shopify,direct_to_consumer,fulfilled,2024-12-30,2025-01-02,,PA2,FedEx,1,1,15.16,2.63,0.0,17.79,shipmonk_estimate,USD
129894,6334212473142,Cattasaurus - shoproxstore - Shopify,direct_to_consumer,fulfilled,2024-12-30,2025-01-02,,PA2,FedEx,1,1,20.57,2.63,0.0,23.2,shipmonk_estimate,USD
129895,6334213325110,Cattasaurus - shoproxstore - Shopify,direct_to_consumer,fulfilled,2024-12-30,2025-01-02,,NV3,FedEx,1,1,13.79,2.63,0.0,16.42,shipmonk_estimate,USD
129896,6334226825526,Cattasaurus - shoproxstore - Shopify,direct_to_consumer,fulfilled,2024-12-30,2025-01-02,,NV3,FedEx,1,1,14.01,2.63,0.0,16.64,shipmonk_estimate,USD
129899,6334233608502,Cattasaurus - shoproxstore - Shopify,direct_to_consumer,fulfilled,2024-12-30,2025-01-02,,PA2,FedEx,3,1,19.34,3.74,0.0,23.08,shipmonk_estimate,USD
129902,6334265327926,Cattasaurus - shoproxstore - Shopify,direct_to_consumer,fulfilled,2024-12-30,2025-01-02,,PA2,FedEx,1,1,16.61,2.63,0.0,19.24,shipmonk_estimate,USD
129903,6334272799030,Cattasaurus - shoproxstore - Shopify,direct_to_consumer,fulfilled,2024-12-30,2025-01-02,,PA2,FedEx,1,1,12.98,2.63,0.0,15.61,shipmonk_estimate,USD
129905,6334298390838,Cattasaurus - shoproxstore - Shopify,direct_to_consumer,fulfilled,2024-12-30,2025-01-02,,PA2,FedEx,1,1,13.79,2.63,0.0,16.42,shipmonk_estimate,USD
129906,6334329291062,Cattasaurus - shoproxstore - Shopify,direct_to_consumer,fulfilled,2024-12-30,2025-01-02,,PA2,FedEx,1,1,12.98,2.26,0.0,15.24,shipmonk_estimate,USD
129909,6334355112246,Cattasaurus - shoproxstore - Shopify,direct_to_consumer,fulfilled,2024-12-30,2025-01-02,,PA2,FedEx,1,1,23.54,2.63,0.0,26.17,shipmonk_estimate,USD
129910,6334371037494,Cattasaurus - shoproxstore - Shopify,direct_to_consumer,fulfilled,2024-12-30,2025-01-02,,PA2,FedEx,1,1,12.98,2.26,0.0,15.24,shipmonk_estimate,USD
129911,6334373429558,Cattasaurus - shoproxstore - Shopify,direct_to_consumer,fulfilled,2024-12-30,2025-01-02,,PA2,UPS,1,1,14.38,2.63,0.0,17.01,shipmonk_estimate,USD
129913,6334380638518,Cattasaurus - shoproxstore - Shopify,direct_to_consumer,fulfilled,2024-12-30,2025-01-02,,PA2,FedEx,1,1,13.79,2.63,0.0,16.42,shipmonk_estimate,USD
129914,6334390796598,Cattasaurus - shoproxstore - Shopify,direct_to_consumer,fulfilled,2024-12-30,2025-01-02,,PA2,FedEx,1,1,16.64,2.63,0.0,19.27,shipmonk_estimate,USD
129915,6334395318582,Cattasaurus - shoproxstore - Shopify,direct_to_consumer,fulfilled,2024-12-30,2025-01-02,,PA2,FedEx,1,1,27.48,2.63,0.0,30.11,shipmonk_estimate,USD
129916,6334399349046,Cattasaurus - shoproxstore - Shopify,direct_to_consumer,fulfilled,2024-12-30,2025-01-02,,PA2,FedEx,4,1,20.57,3.74,0.0,24.31,shipmonk_estimate,USD
129917,6334409277750,Cattasaurus - shoproxstore - Shopify,direct_to_consumer,fulfilled,2024-12-30,2025-01-02,,PA2,FedEx,2,1,13.79,3.0,0.0,16.79,shipmonk_estimate,USD
129918,6334412849462,Cattasaurus - shoproxstore - Shopify,direct_to_consumer,fulfilled,2024-12-30,2025-01-02,,PA2,UPS,1,1,15.41,2.63,0.0,18.04,shipmonk_estimate,USD
129919,6334418092342,Cattasaurus - shoproxstore - Shopify,direct_to_consumer,fulfilled,2024-12-30,2025-01-02,,PA2,FedEx,1,1,23.54,2.63,0.0,26.17,shipmonk_estimate,USD
129920,6334426546486,Cattasaurus - shoproxstore - Shopify,direct_to_consumer,fulfilled,2024-12-30,2025-01-02,,PA2,FedEx,1,1,16.61,2.26,0.0,18.87,shipmonk_estimate,USD
129924,6334449353014,Cattasaurus - shoproxstore - Shopify,direct_to_consumer,fulfilled,2024-12-30,2025-01-02,,PA2,FedEx,1,1,16.61,2.63,0.0,19.24,shipmonk_estimate,USD
129925,6334449615158,Cattasaurus - shoproxstore - Shopify,direct_to_consumer,fulfilled,2024-12-30,2025-01-02,,PA2,FedEx,2,1,23.96,2.26,0.0,26.22,shipmonk_estimate,USD
129926,6334454202678,Cattasaurus - shoproxstore - Shopify,direct_to_consumer,fulfilled,2024-12-30,2025-01-02,,NV3,FedEx,1,1,14.01,2.63,0.0,16.64,shipmonk_estimate,USD
129928,6334495588662,Cattasaurus - shoproxstore - Shopify,direct_to_consumer,fulfilled,2024-12-30,2025-01-02,,PA2,FedEx,1,1,28.88,2.26,0.0,31.14,shipmonk_estimate,USD
129929,6334495719734,Cattasaurus - shoproxstore - Shopify,direct_to_consumer,fulfilled,2024-12-30,2025-01-02,,PA2,FedEx,1,1,17.94,2.63,0.0,20.57,shipmonk_estimate,USD
129932,6334517117238,Cattasaurus - shoproxstore - Shopify,direct_to_consumer,fulfilled,2024-12-30,2025-01-02,,NV3,FedEx,1,1,24.94,2.26,0.0,27.2,shipmonk_estimate,USD
129934,6334522425654,Cattasaurus - shoproxstore - Shopify,direct_to_consumer,fulfilled,2024-12-30,2025-01-02,,PA2,FedEx,1,1,13.09,2.63,0.0,15.72,shipmonk_estimate,USD
129935,6334528684342,Cattasaurus - shoproxstore - Shopify,direct_to_consumer,fulfilled,2024-12-30,2025-01-02,,PA2,FedEx,1,1,16.61,2.63,0.0,19.24,shipmonk_estimate,USD
129936,6334543233334,Cattasaurus - shoproxstore - Shopify,direct_to_consumer,fulfilled,2024-12-30,2025-01-02,,PA2,FedEx,1,1,13.09,2.63,0.0,15.72,shipmonk_estimate,USD
129938,6334597038390,Cattasaurus - shoproxstore - Shopify,direct_to_consumer,fulfilled,2024-12-30,2025-01-02,,PA2,FedEx,2,1,14.41,3.0,0.0,17.41,shipmonk_estimate,USD
111-0894867-1821019,111-0894867-1821019,Cattasaurus - Amazon USA,direct_to_consumer,fulfilled,2024-12-31,2025-01-02,,NV3,FedEx,1,1,16.64,2.26,0.0,18.9,shipmonk_estimate,USD
111-8463416-3221810,111-8463416-3221810,Cattasaurus - Amazon USA,direct_to_consumer,fulfilled,2024-12-31,2025-01-02,,PA2,FedEx,1,1,13.09,2.26,0.0,15.35,shipmonk_estimate,USD
112-7533706-4197851,112-7533706-4197851,Cattasaurus - Amazon USA,direct_to_consumer,fulfilled,2024-12-31,2025-01-02,,PA2,FedEx,1,1,16.64,2.26,0.0,18.9,shipmonk_estimate,USD
113-4051827-4215421,113-4051827-4215421,Cattasaurus - Amazon USA,direct_to_consumer,fulfilled,2024-12-31,2025-01-02,,PA2,DHL eCommerce,1,1,5.41,1.89,0.3,7.6,shipmonk_estimate,USD
120244-01,defe0ba0-aac6-436b-89c8-23ca17e9cfb4,Cattasaurus - shoproxstore - Shopify,direct_to_consumer,fulfilled,2024-12-31,2025-01-02,,PA2,FedEx,1,1,18.71,4.11,0.0,22.82,shipmonk_estimate,USD
129939,6334626103606,Cattasaurus - shoproxstore - Shopify,direct_to_consumer,fulfilled,2024-12-31,2025-01-02,,PA2,UPS,1,1,15.19,2.63,0.0,17.82,shipmonk_estimate,USD
129941,6334702092598,Cattasaurus - shoproxstore - Shopify,direct_to_consumer,fulfilled,2024-12-31,2025-01-02,,NV3,FedEx,1,1,13.79,2.63,0.0,16.42,shipmonk_estimate,USD
129944,6334778212662,Cattasaurus - shoproxstore - Shopify,direct_to_consumer,fulfilled,2024-12-31,2025-01-02,,PA2,FedEx,1,1,18.03,2.26,0.0,20.29,shipmonk_estimate,USD
129945,6334791123254,Cattasaurus - shoproxstore - Shopify,direct_to_consumer,fulfilled,2024-12-31,2025-01-02,,PA2,FedEx,1,1,14.01,2.63,0.0,16.64,shipmonk_estimate,USD
129946,6334803181878,Cattasaurus - shoproxstore - Shopify,direct_to_consumer,fulfilled,2024-12-31,2025-01-02,,PA2,FedEx,1,1,12.98,2.63,0.0,15.61,shipmonk_estimate,USD
129947,6334805770550,Cattasaurus - shoproxstore - Shopify,direct_to_consumer,fulfilled,2024-12-31,2025-01-02,,PA2,FedEx,1,1,12.98,2.63,0.0,15.61,shipmonk_estimate,USD
129948,6334811898166,Cattasaurus - shoproxstore - Shopify,direct_to_consumer,fulfilled,2024-12-31,2025-01-02,,PA2,UPS,1,1,18.01,2.63,0.0,20.64,shipmonk_estimate,USD
129949,6334814617910,Cattasaurus - shoproxstore - Shopify,direct_to_consumer,fulfilled,2024-12-31,2025-01-02,,NV3,FedEx,1,1,18.71,2.63,0.0,21.34,shipmonk_estimate,USD
129950,6334829429046,Cattasaurus - shoproxstore - Shopify,direct_to_consumer,fulfilled,2024-12-31,2025-01-02,,NV3,FedEx,1,1,18.71,2.63,0.0,21.34,shipmonk_estimate,USD
129951,6334832443702,Cattasaurus - shoproxstore - Shopify,direct_to_consumer,fulfilled,2024-12-31,2025-01-02,,PA2,FedEx,1,1,16.61,2.63,0.0,19.24,shipmonk_estimate,USD
129952,6334845616438,Cattasaurus - shoproxstore - Shopify,direct_to_consumer,fulfilled,2024-12-31,2025-01-02,,PA2,FedEx,1,1,13.79,2.63,0.0,16.42,shipmonk_estimate,USD
129953,6334846533942,Cattasaurus - shoproxstore - Shopify,direct_to_consumer,fulfilled,2024-12-31,2025-01-02,,PA2,UPS,1,1,18.01,2.63,0.0,20.64,shipmonk_estimate,USD
129954,6334846992694,Cattasaurus - shoproxstore - Shopify,direct_to_consumer,fulfilled,2024-12-31,2025-01-02,,PA2,FedEx,1,1,22.57,2.63,0.0,25.2,shipmonk_estimate,USD
129955,6334847123766,Cattasaurus - shoproxstore - Shopify,direct_to_consumer,fulfilled,2024-12-31,2025-01-02,,PA2,UPS,1,1,15.41,2.63,0.0,18.04,shipmonk_estimate,USD
129956,6334848926006,Cattasaurus - shoproxstore - Shopify,direct_to_consumer,fulfilled,2024-12-31,2025-01-02,,PA2,FedEx,1,1,16.61,2.63,0.0,19.24,shipmonk_estimate,USD
129957,6334857019702,Cattasaurus - shoproxstore - Shopify,direct_to_consumer,fulfilled,2024-12-31,2025-01-02,,PA2,UPS,1,1,15.41,2.63,0.0,18.04,shipmonk_estimate,USD
129960,6334861214006,Cattasaurus - shoproxstore - Shopify,direct_to_consumer,fulfilled,2024-12-31,2025-01-02,,PA2,FedEx,1,1,18.03,2.63,0.0,20.66,shipmonk_estimate,USD
129961,6334863638838,Cattasaurus - shoproxstore - Shopify,direct_to_consumer,fulfilled,2024-12-31,2025-01-02,,NV3,UPS,1,1,15.41,2.63,0.0,18.04,shipmonk_estimate,USD
129964,6334890344758,Cattasaurus - shoproxstore - Shopify,direct_to_consumer,fulfilled,2024-12-31,2025-01-02,,PA2,FedEx,1,1,20.74,2.26,0.0,23.0,shipmonk_estimate,USD
129965,6334902206774,Cattasaurus - shoproxstore - Shopify,direct_to_consumer,fulfilled,2024-12-31,2025-01-02,,PA2,UPS,1,1,18.01,2.63,0.0,20.64,shipmonk_estimate,USD
129967,6334906761526,Cattasaurus - shoproxstore - Shopify,direct_to_consumer,fulfilled,2024-12-31,2025-01-02,,PA2,FedEx,1,1,26.92,2.26,0.0,29.18,shipmonk_estimate,USD
129968,6334910202166,Cattasaurus - shoproxstore - Shopify,direct_to_consumer,fulfilled,2024-12-31,2025-01-02,,PA2,FedEx,1,1,15.24,2.63,0.0,17.87,shipmonk_estimate,USD
129969,6334918361398,Cattasaurus - shoproxstore - Shopify,direct_to_consumer,fulfilled,2024-12-31,2025-01-02,,PA2,FedEx,1,1,13.79,2.63,0.0,16.42,shipmonk_estimate,USD
129971,6334930092342,Cattasaurus - shoproxstore - Shopify,direct_to_consumer,fulfilled,2024-12-31,2025-01-02,,PA2,FedEx,1,1,18.71,2.26,0.0,20.97,shipmonk_estimate,USD
129974,6334934778166,Cattasaurus - shoproxstore - Shopify,direct_to_consumer,fulfilled,2024-12-31,2025-01-02,,PA2,FedEx,1,1,14.01,2.63,0.0,16.64,shipmonk_estimate,USD
129975,6334941888822,Cattasaurus - shoproxstore - Shopify,direct_to_consumer,fulfilled,2024-12-31,2025-01-02,,PA2,FedEx,1,1,18.71,2.63,0.0,21.34,shipmonk_estimate,USD
129976,6334952997174,Cattasaurus - shoproxstore - Shopify,direct_to_consumer,fulfilled,2024-12-31,2025-01-02,,PA2,FedEx,1,1,19.34,2.63,0.0,21.97,shipmonk_estimate,USD
129977,6334954209590,Cattasaurus - shoproxstore - Shopify,direct_to_consumer,fulfilled,2024-12-31,2025-01-02,,NV3,UPS,1,1,15.41,2.26,0.0,17.67,shipmonk_estimate,USD
129979,6334962204982,Cattasaurus - shoproxstore - Shopify,direct_to_consumer,fulfilled,2024-12-31,2025-01-02,,PA2,FedEx,1,1,16.61,2.63,0.0,19.24,shipmonk_estimate,USD
129981,6334984978742,Cattasaurus - shoproxstore - Shopify,direct_to_consumer,fulfilled,2024-12-31,2025-01-02,,PA2,UPS,2,2,37.01,3.0,0.0,40.01,shipmonk_estimate,USD
129983,6334991270198,Cattasaurus - shoproxstore - Shopify,direct_to_consumer,fulfilled,2024-12-31,2025-01-02,,PA2,FedEx,1,1,16.64,2.63,0.0,19.27,shipmonk_estimate,USD
129984,6334996021558,Cattasaurus - shoproxstore - Shopify,direct_to_consumer,fulfilled,2024-12-31,2025-01-02,,PA2,FedEx,1,1,14.01,2.63,0.0,16.64,shipmonk_estimate,USD
129986,6335000936758,Cattasaurus - shoproxstore - Shopify,direct_to_consumer,fulfilled,2024-12-31,2025-01-02,,PA2,FedEx,1,1,18.03,2.63,0.0,20.66,shipmonk_estimate,USD
129987,6335001919798,Cattasaurus - shoproxstore - Shopify,direct_to_consumer,fulfilled,2024-12-31,2025-01-02,,PA2,FedEx,1,1,15.16,2.63,0.0,17.79,shipmonk_estimate,USD
129988,6335005786422,Cattasaurus - shoproxstore - Shopify,direct_to_consumer,fulfilled,2024-12-31,2025-01-02,,PA2,FedEx,1,1,16.61,2.63,0.0,19.24,shipmonk_estimate,USD
129989,6335005950262,Cattasaurus - shoproxstore - Shopify,direct_to_consumer,fulfilled,2024-12-31,2025-01-02,,NV3,FedEx,1,1,13.79,2.63,0.0,16.42,shipmonk_estimate,USD
129991,6335031640374,Cattasaurus - shoproxstore - Shopify,direct_to_consumer,fulfilled,2024-12-31,2025-01-02,,PA2,UPS,1,1,18.01,2.63,0.0,20.64,shipmonk_estimate,USD
129992,6335032033590,Cattasaurus - shoproxstore - Shopify,direct_to_consumer,fulfilled,2024-12-31,2025-01-02,,NV3,FedEx,2,1,18.71,3.0,0.0,21.71,shipmonk_estimate,USD
129993,6335055495478,Cattasaurus - shoproxstore - Shopify,direct_to_consumer,fulfilled,2024-12-31,2025-01-02,,PA2,FedEx,1,1,14.01,2.63,0.0,16.64,shipmonk_estimate,USD
129994,6335068373302,Cattasaurus - shoproxstore - Shopify,direct_to_consumer,fulfilled,2024-12-31,2025-01-02,,PA2,FedEx,1,1,16.55,2.63,0.0,19.18,shipmonk_estimate,USD
129997,6335097962806,Cattasaurus - shoproxstore - Shopify,direct_to_consumer,fulfilled,2024-12-31,2025-01-02,,PA2,FedEx,1,1,19.34,2.26,0.0,21.6,shipmonk_estimate,USD
129998,6335105040694,Cattasaurus - shoproxstore - Shopify,direct_to_consumer,fulfilled,2024-12-31,2025-01-02,,PA2,FedEx,1,1,15.24,2.63,0.0,17.87,shipmonk_estimate,USD
129999,6335108055350,Cattasaurus - shoproxstore - Shopify,direct_to_consumer,fulfilled,2024-12-31,2025-01-02,,NV3,FedEx,1,1,16.61,2.63,0.0,19.24,shipmonk_estimate,USD
130000,6335115985206,Cattasaurus - shoproxstore - Shopify,direct_to_consumer,fulfilled,2024-12-31,2025-01-02,,PA2,FedEx,1,1,19.34,2.63,0.0,21.97,shipmonk_estimate,USD
130001,6335126798646,Cattasaurus - shoproxstore - Shopify,direct_to_consumer,fulfilled,2024-12-31,2025-01-02,,NV3,UPS,1,1,18.01,2.63,0.0,20.64,shipmonk_estimate,USD
130002,6335130370358,Cattasaurus - shoproxstore - Shopify,direct_to_consumer,fulfilled,2024-12-31,2025-01-02,,PA2,FedEx,1,1,14.01,2.63,0.0,16.64,shipmonk_estimate,USD
130005,6335140233526,Cattasaurus - shoproxstore - Shopify,direct_to_consumer,fulfilled,2024-12-31,2025-01-02,,PA2,UPS,1,1,18.01,2.63,0.0,20.64,shipmonk_estimate,USD
130006,6335143051574,Cattasaurus - shoproxstore - Shopify,direct_to_consumer,fulfilled,2024-12-31,2025-01-02,,NV3,UPS,1,1,15.41,2.63,0.0,18.04,shipmonk_estimate,USD
130011,6335173034294,Cattasaurus - shoproxstore - Shopify,direct_to_consumer,fulfilled,2024-12-31,2025-01-02,,PA2,FedEx,2,1,19.34,2.63,0.0,21.97,shipmonk_estimate,USD
130011_1,c99c6d7a-0ecc-4f8c-a5d6-e57c2531c3f3,Cattasaurus - shoproxstore - Shopify,direct_to_consumer,fulfilled,2024-12-31,2025-01-02,,PA2,FedEx,2,1,22.57,2.26,0.0,24.83,shipmonk_estimate,USD
130013,6335190466870,Cattasaurus - shoproxstore - Shopify,direct_to_consumer,fulfilled,2024-12-31,2025-01-02,,NV3,FedEx,1,1,14.01,2.63,0.0,16.64,shipmonk_estimate,USD
130014,6335194726710,Cattasaurus - shoproxstore - Shopify,direct_to_consumer,fulfilled,2024-12-31,2025-01-02,,PA2,FedEx,3,1,17.31,3.0,0.0,20.31,shipmonk_estimate,USD
130016,6335206981942,Cattasaurus - shoproxstore - Shopify,direct_to_consumer,fulfilled,2024-12-31,2025-01-02,,NV3,FedEx,1,1,16.61,2.63,0.0,19.24,shipmonk_estimate,USD
130017,6335221203254,Cattasaurus - shoproxstore - Shopify,direct_to_consumer,fulfilled,2024-12-31,2025-01-02,,PA2,FedEx,1,1,20.11,2.63,0.0,22.74,shipmonk_estimate,USD
130019,6335244763446,Cattasaurus - shoproxstore - Shopify,direct_to_consumer,fulfilled,2024-12-31,2025-01-02,,NV3,FedEx,1,1,13.79,2.63,0.0,16.42,shipmonk_estimate,USD
130020,6335251513654,Cattasaurus - shoproxstore - Shopify,direct_to_consumer,fulfilled,2024-12-31,2025-01-02,,PA2,FedEx,1,1,19.34,2.63,0.0,21.97,shipmonk_estimate,USD
130022,6335260066102,Cattasaurus - shoproxstore - Shopify,direct_to_consumer,fulfilled,2024-12-31,2025-01-02,,PA2,UPS,1,1,14.38,2.63,0.0,17.01,shipmonk_estimate,USD
130023,6335267340598,Cattasaurus - shoproxstore - Shopify,direct_to_consumer,fulfilled,2024-12-31,2025-01-02,,NV3,FedEx,2,1,18.71,3.0,0.0,21.71,shipmonk_estimate,USD
130024,6335276581174,Cattasaurus - shoproxstore - Shopify,direct_to_consumer,fulfilled,2024-12-31,2025-01-02,,PA2,FedEx,2,1,18.03,2.63,0.0,20.66,shipmonk_estimate,USD
130024_1,e8b50c84-9f62-4083-a922-acf60507c681,Cattasaurus - shoproxstore - Shopify,direct_to_consumer,fulfilled,2024-12-31,2025-01-02,,PA2,FedEx,2,1,18.03,2.63,0.0,20.66,shipmonk_estimate,USD
130025,6335290999094,Cattasaurus - shoproxstore - Shopify,direct_to_consumer,fulfilled,2024-12-31,2025-01-02,,NV3,FedEx,1,1,18.71,2.63,0.0,21.34,shipmonk_estimate,USD
130026,6335294767414,Cattasaurus - shoproxstore - Shopify,direct_to_consumer,fulfilled,2024-12-31,2025-01-02,,PA2,FedEx,2,1,17.31,3.0,0.0,20.31,shipmonk_estimate,USD
130027,6335297454390,Cattasaurus - shoproxstore - Shopify,direct_to_consumer,fulfilled,2024-12-31,2025-01-02,,PA2,UPS,1,1,15.19,2.63,0.0,17.82,shipmonk_estimate,USD
130028,6335306826038,Cattasaurus - shoproxstore - Shopify,direct_to_consumer,fulfilled,2024-12-31,2025-01-02,,PA2,FedEx,1,1,16.61,2.63,0.0,19.24,shipmonk_estimate,USD
130030,6335318491446,Cattasaurus - shoproxstore - Shopify,direct_to_consumer,fulfilled,2024-12-31,2025-01-02,,PA2,FedEx,1,1,16.61,2.63,0.0,19.24,shipmonk_estimate,USD
130031,6335322980662,Cattasaurus - shoproxstore - Shopify,direct_to_consumer,fulfilled,2024-12-31,2025-01-02,,NV3,FedEx,1,1,27.48,2.26,0.0,29.74,shipmonk_estimate,USD
130035,6335349063990,Cattasaurus - shoproxstore - Shopify,direct_to_consumer,fulfilled,2024-12-31,2025-01-02,,NV3,FedEx,1,1,13.79,2.63,0.0,16.42,shipmonk_estimate,USD
130036,6335361286454,Cattasaurus - shoproxstore - Shopify,direct_to_consumer,fulfilled,2024-12-31,2025-01-02,,PA2,FedEx,1,1,15.41,2.63,0.0,18.04,shipmonk_estimate,USD
130041,6335375442230,Cattasaurus - shoproxstore - Shopify,direct_to_consumer,fulfilled,2024-12-31,2025-01-02,,PA2,FedEx,1,1,13.79,2.63,0.0,16.42,shipmonk_estimate,USD
130042,6335377342774,Cattasaurus - shoproxstore - Shopify,direct_to_consumer,fulfilled,2024-12-31,2025-01-02,,PA2,UPS,1,1,18.01,2.63,0.0,20.64,shipmonk_estimate,USD
130044,6335377506614,Cattasaurus - shoproxstore - Shopify,direct_to_consumer,fulfilled,2024-12-31,2025-01-02,,PA2,FedEx,1,1,12.98,2.63,0.0,15.61,shipmonk_estimate,USD
130045,6335378325814,Cattasaurus - shoproxstore - Shopify,direct_to_consumer,fulfilled,2024-12-31,2025-01-02,,PA2,FedEx,1,1,18.71,2.63,0.0,21.34,shipmonk_estimate,USD
130046,6335385108790,Cattasaurus - shoproxstore - Shopify,direct_to_consumer,fulfilled,2024-12-31,2025-01-02,,NV3,FedEx,1,1,13.79,2.63,0.0,16.42,shipmonk_estimate,USD
130047,6335407423798,Cattasaurus - shoproxstore - Shopify,direct_to_consumer,fulfilled,2024-12-31,2025-01-02,,NV3,FedEx,1,1,18.71,2.63,0.0,21.34,shipmonk_estimate,USD
130048,6335407948086,Cattasaurus - shoproxstore - Shopify,direct_to_consumer,fulfilled,2024-12-31,2025-01-02,,PA2,FedEx,1,1,13.09,2.63,0.0,15.72,shipmonk_estimate,USD
130049,6335414993206,Cattasaurus - shoproxstore - Shopify,direct_to_consumer,fulfilled,2024-12-31,2025-01-02,,PA2,FedEx,1,1,19.34,2.26,0.0,21.6,shipmonk_estimate,USD
130050,6335415058742,Cattasaurus - shoproxstore - Shopify,direct_to_consumer,fulfilled,2024-12-31,2025-01-02,,PA2,FedEx,1,1,16.61,2.63,0.0,19.24,shipmonk_estimate,USD
130051,6335430197558,Cattasaurus - shoproxstore - Shopify,direct_to_consumer,fulfilled,2024-12-31,2025-01-02,,NV3,FedEx,1,1,16.61,2.63,0.0,19.24,shipmonk_estimate,USD
130052,6335441404214,Cattasaurus - shoproxstore - Shopify,direct_to_consumer,fulfilled,2024-12-31,2025-01-02,,PA2,FedEx,1,1,14.01,4.11,0.0,18.12,shipmonk_estimate,USD
130053,6335448252726,Cattasaurus - shoproxstore - Shopify,direct_to_consumer,fulfilled,2024-12-31,2025-01-02,,PA2,UPS,1,1,15.41,2.63,0.0,18.04,shipmonk_estimate,USD
130054,6335453954358,Cattasaurus - shoproxstore - Shopify,direct_to_consumer,fulfilled,2024-12-31,2025-01-02,,PA2,FedEx,1,1,20.74,2.63,0.0,23.37,shipmonk_estimate,USD
130059,6335476760886,Cattasaurus - shoproxstore - Shopify,direct_to_consumer,fulfilled,2024-12-31,2025-01-02,,NV3,FedEx,4,1,16.55,3.37,0.0,19.92,shipmonk_estimate,USD
130062,6335492981046,Cattasaurus - shoproxstore - Shopify,direct_to_consumer,fulfilled,2024-12-31,2025-01-02,,PA2,UPS,1,1,14.38,2.63,0.0,17.01,shipmonk_estimate,USD
130063,6335497601334,Cattasaurus - shoproxstore - Shopify,direct_to_consumer,fulfilled,2024-12-31,2025-01-02,,PA2,FedEx,1,1,12.98,2.63,0.0,15.61,shipmonk_estimate,USD
130064,6335515361590,Cattasaurus - shoproxstore - Shopify,direct_to_consumer,fulfilled,2024-12-31,2025-01-02,,PA2,FedEx,2,1,17.31,3.0,0.0,20.31,shipmonk_estimate,USD
130065,6335516574006,Cattasaurus - shoproxstore - Shopify,direct_to_consumer,fulfilled,2024-12-31,2025-01-02,,PA2,FedEx,1,1,13.79,2.63,0.0,16.42,shipmonk_estimate,USD
130066,6335517720886,Cattasaurus - shoproxstore - Shopify,direct_to_consumer,fulfilled,2024-12-31,2025-01-02,,PA2,FedEx,1,1,13.79,2.26,0.0,16.05,shipmonk_estimate,USD
130067,6335520145718,Cattasaurus - shoproxstore - Shopify,direct_to_consumer,fulfilled,2024-12-31,2025-01-02,,NV3,FedEx,1,1,18.01,2.63,0.0,20.64,shipmonk_estimate,USD
130069,6335525388598,Cattasaurus - shoproxstore - Shopify,direct_to_consumer,fulfilled,2024-12-31,2025-01-02,,PA2,FedEx,1,1,19.34,2.26,0.0,21.6,shipmonk_estimate,USD
130070,6335528206646,Cattasaurus - shoproxstore - Shopify,direct_to_consumer,fulfilled,2024-12-31,2025-01-02,,PA2,FedEx,1,1,23.54,2.26,0.0,25.8,shipmonk_estimate,USD
130072,6335567724854,Cattasaurus - shoproxstore - Shopify,direct_to_consumer,fulfilled,2024-12-31,2025-01-02,,PA2,FedEx,1,1,14.01,2.63,0.0,16.64,shipmonk_estimate,USD
130074,6335603212598,Cattasaurus - shoproxstore - Shopify,direct_to_consumer,fulfilled,2024-12-31,2025-01-02,,PA2,DHL eCommerce,2,1,8.03,2.26,0.5,10.79,shipmonk_estimate,USD
130075,6335606161718,Cattasaurus - shoproxstore - Shopify,direct_to_consumer,fulfilled,2024-12-31,2025-01-02,,PA2,FedEx,1,1,13.79,2.63,0.0,16.42,shipmonk_estimate,USD
130077,6335613272374,Cattasaurus - shoproxstore - Shopify,direct_to_consumer,fulfilled,2024-12-31,2025-01-02,,PA2,FedEx,2,1,22.57,2.26,0.0,24.83,shipmonk_estimate,USD
130077_1,7574c9b4-7ab0-4d9c-ba2c-3e5a1c6427fe,Cattasaurus - shoproxstore - Shopify,direct_to_consumer,fulfilled,2024-12-31,2025-01-02,,PA2,FedEx,2,1,19.34,2.63,0.0,21.97,shipmonk_estimate,USD
130078,6335629394230,Cattasaurus - shoproxstore - Shopify,direct_to_consumer,fulfilled,2024-12-31,2025-01-02,,PA2,FedEx,1,1,20.11,2.63,0.0,22.74,shipmonk_estimate,USD
130080,6335677595958,Cattasaurus - shoproxstore - Shopify,direct_to_consumer,fulfilled,2024-12-31,2025-01-02,,PA2,FedEx,1,1,13.09,2.26,0.0,15.35,shipmonk_estimate,USD
130081,6335688245558,Cattasaurus - shoproxstore - Shopify,direct_to_consumer,fulfilled,2024-12-31,2025-01-02,,PA2,FedEx,2,1,13.79,3.37,0.0,17.16,shipmonk_estimate,USD
130082,6335689687350,Cattasaurus - shoproxstore - Shopify,direct_to_consumer,fulfilled,2024-12-31,2025-01-02,,PA2,FedEx,1,1,16.61,2.63,0.0,19.24,shipmonk_estimate,USD
130083,6335778128182,Cattasaurus - shoproxstore - Shopify,direct_to_consumer,fulfilled,2024-12-31,2025-01-02,,PA2,FedEx,1,1,20.74,2.63,0.0,23.37,shipmonk_estimate,USD
130084,6335782486326,Cattasaurus - shoproxstore - Shopify,direct_to_consumer,fulfilled,2024-12-31,2025-01-02,,PA2,FedEx,1,1,19.34,2.63,0.0,21.97,shipmonk_estimate,USD
130085,6335795953974,Cattasaurus - shoproxstore - Shopify,direct_to_consumer,fulfilled,2024-12-31,2025-01-02,,NV3,FedEx,1,1,16.61,4.11,0.0,20.72,shipmonk_estimate,USD
130087,6335797657910,Cattasaurus - shoproxstore - Shopify,direct_to_consumer,fulfilled,2024-12-31,2025-01-02,,NV3,FedEx,1,1,12.4,2.63,0.0,15.03,shipmonk_estimate,USD
130088,6335801524534,Cattasaurus - shoproxstore - Shopify,direct_to_consumer,fulfilled,2024-12-31,2025-01-02,,NV3,FedEx,2,1,23.54,3.0,0.0,26.54,shipmonk_estimate,USD
130090,6336216596790,Cattasaurus - shoproxstore - Shopify,direct_to_consumer,fulfilled,2024-12-31,2025-01-02,,NV3,FedEx,1,1,18.71,2.26,0.0,20.97,shipmonk_estimate,USD
130091,6336219349302,Cattasaurus - shoproxstore - Shopify,direct_to_consumer,fulfilled,2024-12-31,2025-01-02,,PA2,FedEx,1,1,14.01,3.0,0.0,17.01,shipmonk_estimate,USD
130092,6336232718646,Cattasaurus - shoproxstore - Shopify,direct_to_consumer,fulfilled,2024-12-31,2025-01-02,,NV3,FedEx,2,1,27.48,2.26,0.0,29.74,shipmonk_estimate,USD
130092_1,afb564a0-cf13-4bc2-ad0b-c62c22a216d6,Cattasaurus - shoproxstore - Shopify,direct_to_consumer,fulfilled,2024-12-31,2025-01-02,,NV3,FedEx,2,1,23.54,2.63,0.0,26.17,shipmonk_estimate,USD
130093,6336239632694,Cattasaurus - shoproxstore - Shopify,direct_to_consumer,fulfilled,2024-12-31,2025-01-02,,NV3,UPS,1,1,18.01,2.63,0.0,20.64,shipmonk_estimate,USD
111-0130305-9441877,111-0130305-9441877,Cattasaurus - Amazon USA,direct_to_consumer,fulfilled,2025-01-02,2025-01-03,2025-01-02,PA2,FedEx,1,1,19.34,2.26,0.0,21.6,shipmonk_estimate,USD
113-6077274-0858667,113-6077274-0858667,Cattasaurus - Amazon USA,direct_to_consumer,fulfilled,2025-01-02,2025-01-03,2025-01-02,NV3,FedEx,1,1,24.94,2.26,0.0,27.2,shipmonk_estimate,USD
114-0929550-2850662,114-0929550-2850662,Cattasaurus - Amazon USA,direct_to_consumer,fulfilled,2025-01-02,2025-01-03,2025-01-02,PA2,FedEx,1,1,16.64,2.26,0.0,18.9,shipmonk_estimate,USD
114-4980020-0833811,114-4980020-0833811,Cattasaurus - Amazon USA,direct_to_consumer,fulfilled,2025-01-02,2025-01-03,2025-01-02,NV3,FedEx,1,1,16.64,2.26,0.0,18.9,shipmonk_estimate,USD
123905-01,33e049ff-90df-4bac-b939-4c8956c3dd33,Cattasaurus - shoproxstore - Shopify,direct_to_consumer,fulfilled,2025-01-02,2025-01-03,2025-01-02,NV3,FedEx,1,1,25.75,2.26,0.0,28.01,shipmonk_estimate,USD
127071-01,d684753f-478b-40f8-ad3f-3d2de12375f0,Cattasaurus - shoproxstore - Shopify,direct_to_consumer,fulfilled,2025-01-02,2025-01-03,2025-01-02,PA2,FedEx,1,1,16.64,2.26,0.0,18.9,shipmonk_estimate,USD
127387-01,4404def2-8fcc-4c21-84e7-14a29df326e3,Cattasaurus - shoproxstore - Shopify,direct_to_consumer,fulfilled,2025-01-02,2025-01-03,2025-01-02,PA2,UPS,1,1,15.41,2.63,0.0,18.04,shipmonk_estimate,USD
128063-01,76dde2e7-47d9-4220-a2be-901fab506a4b,Cattasaurus - shoproxstore - Shopify,direct_to_consumer,fulfilled,2025-01-02,2025-01-03,2025-01-02,NV3,FedEx,1,1,13.79,3.0,0.0,16.79,shipmonk_estimate,USD
128097-01,319cfc66-1409-4ac4-ac88-5424ad074e0b,Cattasaurus - shoproxstore - Shopify,direct_to_consumer,fulfilled,2025-01-02,2025-01-03,2025-01-02,PA2,UPS,1,1,15.19,4.11,0.0,19.3,shipmonk_estimate,USD
130272,6337545175350,Cattasaurus - shoproxstore - Shopify,direct_to_consumer,fulfilled,2025-01-02,2025-01-03,2025-01-02,PA2,FedEx,1,1,14.49,2.26,0.0,16.75,shipmonk_estimate,USD
130273,6337756660022,Cattasaurus - shoproxstore - Shopify,direct_to_consumer,fulfilled,2025-01-02,2025-01-03,2025-01-02,NV3,FedEx,1,1,13.79,2.63,0.0,16.42,shipmonk_estimate,USD
130274,6337774682422,Cattasaurus - shoproxstore - Shopify,direct_to_consumer,fulfilled,2025-01-02,2025-01-03,2025-01-02,NV3,FedEx,2,1,21.17,3.0,0.0,24.17,shipmonk_estimate,USD
130276,6337938424118,Cattasaurus - shoproxstore - Shopify,direct_to_consumer,fulfilled,2025-01-02,2025-01-03,2025-01-02,PA2,FedEx,1,1,28.32,2.63,0.0,30.95,shipmonk_estimate,USD
130278,6337974731062,Cattasaurus - shoproxstore - Shopify,direct_to_consumer,fulfilled,2025-01-02,2025-01-03,2025-01-02,PA2,FedEx,1,1,12.98,2.63,0.0,15.61,shipmonk_estimate,USD
130279,6337997209910,Cattasaurus - shoproxstore - Shopify,direct_to_consumer,fulfilled,2025-01-02,2025-01-03,2025-01-02,PA2,FedEx,2,1,17.31,3.0,0.0,20.31,shipmonk_estimate,USD
130280,6338059600182,Cattasaurus - shoproxstore - Shopify,direct_to_consumer,fulfilled,2025-01-02,2025-01-03,2025-01-02,PA2,FedEx,1,1,13.79,1.89,0.0,15.68,shipmonk_estimate,USD
130282,6338070872374,Cattasaurus - shoproxstore - Shopify,direct_to_consumer,fulfilled,2025-01-02,2025-01-03,2025-01-02,PA2,FedEx,1,1,13.79,2.26,0.0,16.05,shipmonk_estimate,USD
130283,6338118156598,Cattasaurus - shoproxstore - Shopify,direct_to_consumer,fulfilled,2025-01-02,2025-01-03,2025-01-02,PA2,FedEx,3,1,23.54,3.0,0.0,26.54,shipmonk_estimate,USD
130284,6338179268918,Cattasaurus - shoproxstore - Shopify,direct_to_consumer,fulfilled,2025-01-02,2025-01-03,2025-01-02,PA2,FedEx,1,1,20.11,2.63,0.0,22.74,shipmonk_estimate,USD
130290,6338248769846,Cattasaurus - shoproxstore - Shopify,direct_to_consumer,fulfilled,2025-01-02,2025-01-03,2025-01-02,PA2,FedEx,3,1,15.24,3.37,0.0,18.61,shipmonk_estimate,USD
130291,6338278752566,Cattasaurus - shoproxstore - Shopify,direct_to_consumer,fulfilled,2025-01-02,2025-01-03,2025-01-02,PA2,FedEx,1,1,13.79,2.63,0.0,16.42,shipmonk_estimate,USD
130292,6338297823542,Cattasaurus - shoproxstore - Shopify,direct_to_consumer,fulfilled,2025-01-02,2025-01-03,2025-01-02,NV3,FedEx,1,1,14.01,2.63,0.0,16.64,shipmonk_estimate,USD
130293,6338299167030,Cattasaurus - shoproxstore - Shopify,direct_to_consumer,fulfilled,2025-01-02,2025-01-03,2025-01-02,PA2,FedEx,1,1,12.98,2.26,0.0,15.24,shipmonk_estimate,USD
130294,6338309816630,Cattasaurus - shoproxstore - Shopify,direct_to_consumer,fulfilled,2025-01-02,2025-01-03,2025-01-02,PA2,FedEx,2,1,16.61,3.0,0.0,19.61,shipmonk_estimate,USD
130295,6338357723446,Cattasaurus - shoproxstore - Shopify,direct_to_consumer,fulfilled,2025-01-02,2025-01-03,2025-01-02,PA2,FedEx,1,1,19.34,2.63,0.0,21.97,shipmonk_estimate,USD
130296,6338371354934,Cattasaurus - shoproxstore - Shopify,direct_to_consumer,fulfilled,2025-01-02,2025-01-03,2025-01-02,PA2,FedEx,1,1,22.57,3.0,0.0,25.57,shipmonk_estimate,USD
130297,6338381873462,Cattasaurus - shoproxstore - Shopify,direct_to_consumer,fulfilled,2025-01-02,2025-01-03,2025-01-02,PA2,FedEx,2,1,22.18,3.0,0.0,25.18,shipmonk_estimate,USD
130298,6338390458678,Cattasaurus - shoproxstore - Shopify,direct_to_consumer,fulfilled,2025-01-02,2025-01-03,2025-01-02,PA2,FedEx,1,1,19.34,2.26,0.0,21.6,shipmonk_estimate,USD
130302,6338462810422,Cattasaurus - shoproxstore - Shopify,direct_to_consumer,fulfilled,2025-01-02,2025-01-06,2025-01-02,PA2,FedEx,1,1,19.51,2.63,0.0,22.14,shipmonk_estimate,USD
130303,6338463007030,Cattasaurus - shoproxstore - Shopify,direct_to_consumer,fulfilled,2025-01-02,2025-01-03,2025-01-02,PA2,FedEx,1,1,12.98,2.63,0.0,15.61,shipmonk_estimate,USD
130304,6338474836278,Cattasaurus - shoproxstore - Shopify,direct_to_consumer,fulfilled,2025-01-02,2025-01-06,2025-01-02,NV3,FedEx,1,1,18.87,2.63,0.0,21.5,shipmonk_estimate,USD
130306,6338495775030,Cattasaurus - shoproxstore - Shopify,direct_to_consumer,fulfilled,2025-01-02,2025-01-06,2025-01-02,NV3,FedEx,1,1,23.75,2.63,0.0,26.38,shipmonk_estimate,USD
130308,6338545221942,Cattasaurus - shoproxstore - Shopify,direct_to_consumer,fulfilled,2025-01-02,2025-01-06,2025-01-02,NV3,FedEx,3,1,17.46,3.0,0.0,20.46,shipmonk_estimate,USD
130309,6338577629494,Cattasaurus - shoproxstore - Shopify,direct_to_consumer,fulfilled,2025-01-02,2025-01-06,2025-01-02,PA2,FedEx,1,1,18.19,2.63,0.0,20.82,shipmonk_estimate,USD
130310,6338577989942,Cattasaurus - shoproxstore - Shopify,direct_to_consumer,fulfilled,2025-01-02,2025-01-06,2025-01-02,PA2,FedEx,1,1,19.51,2.63,0.0,22.14,shipmonk_estimate,USD
130311,6338583232822,Cattasaurus - shoproxstore - Shopify,direct_to_consumer,fulfilled,2025-01-02,2025-01-03,2025-01-02,PA2,FedEx,1,1,19.34,2.26,0.0,21.6,shipmonk_estimate,USD
130312,6338634580278,Cattasaurus - shoproxstore - Shopify,direct_to_consumer,fulfilled,2025-01-02,2025-01-03,2025-01-02,PA2,UPS,1,1,15.41,1.89,0.0,17.3,shipmonk_estimate,USD
130313,6338642936118,Cattasaurus - shoproxstore - Shopify,direct_to_consumer,fulfilled,2025-01-02,2025-01-03,2025-01-02,PA2,UPS,1,1,15.19,2.26,0.0,17.45,shipmonk_estimate,USD
130314,6338658009398,Cattasaurus - shoproxstore - Shopify,direct_to_consumer,fulfilled,2025-01-02,2025-01-06,2025-01-02,PA2,FedEx,1,1,19.51,2.63,0.0,22.14,shipmonk_estimate,USD
130315,6338671182134,Cattasaurus - shoproxstore - Shopify,direct_to_consumer,fulfilled,2025-01-02,2025-01-03,2025-01-02,PA2,DHL eCommerce,2,1,7.88,2.26,0.9,11.04,shipmonk_estimate,USD
130317,6338672984374,Cattasaurus - shoproxstore - Shopify,direct_to_consumer,fulfilled,2025-01-02,2025-01-03,2025-01-02,PA2,FedEx,1,1,20.11,2.26,0.0,22.37,shipmonk_estimate,USD
130318_1,d5de36b6-dcd8-46cc-9778-5acb18a301b9,Cattasaurus - shoproxstore - Shopify,direct_to_consumer,fulfilled,2025-01-02,2025-01-20,2025-01-02,NV3,DHL eCommerce,1,1,6.46,1.89,0.9,9.25,shipmonk_estimate,USD
130319,6338697593142,Cattasaurus - shoproxstore - Shopify,direct_to_consumer,fulfilled,2025-01-02,2025-01-03,2025-01-02,PA2,FedEx,1,1,14.01,2.26,0.0,16.27,shipmonk_estimate,USD
130321,6338707161398,Cattasaurus - shoproxstore - Shopify,direct_to_consumer,fulfilled,2025-01-02,2025-01-06,2025-01-02,PA2,FedEx,2,1,18.87,3.0,0.0,21.87,shipmonk_estimate,USD
130322,6338708111670,Cattasaurus - shoproxstore - Shopify,direct_to_consumer,fulfilled,2025-01-02,2025-01-06,2025-01-02,NV3,FedEx,1,1,13.91,2.26,0.0,16.17,shipmonk_estimate,USD
130323,6338709913910,Cattasaurus - shoproxstore - Shopify,direct_to_consumer,fulfilled,2025-01-02,2025-01-06,2025-01-02,PA2,FedEx,1,1,18.19,2.26,0.0,20.45,shipmonk_estimate,USD
130324,6338710208822,Cattasaurus - shoproxstore - Shopify,direct_to_consumer,fulfilled,2025-01-02,2025-01-06,2025-01-02,PA2,FedEx,1,1,13.21,2.63,0.0,15.84,shipmonk_estimate,USD
130325,6338721087798,Cattasaurus - shoproxstore - Shopify,direct_to_consumer,fulfilled,2025-01-02,2025-01-06,2025-01-02,NV3,FedEx,1,1,15.29,2.63,0.0,17.92,shipmonk_estimate,USD
130327,6338824700214,Cattasaurus - shoproxstore - Shopify,direct_to_consumer,fulfilled,2025-01-02,2025-01-06,2025-01-02,PA2,FedEx,3,1,24.17,3.37,0.0,27.54,shipmonk_estimate,USD
130328,6338832335158,Cattasaurus - shoproxstore - Shopify,direct_to_consumer,fulfilled,2025-01-02,2025-01-06,2025-01-02,PA2,FedEx,1,1,14.14,2.63,0.0,16.77,shipmonk_estimate,USD
130329,6338930770230,Cattasaurus - shoproxstore - Shopify,direct_to_consumer,fulfilled,2025-01-02,2025-01-06,2025-01-02,PA2,FedEx,1,1,18.87,2.63,0.0,21.5,shipmonk_estimate,USD
130330,6338937782582,Cattasaurus - shoproxstore - Shopify,direct_to_consumer,fulfilled,2025-01-02,2025-01-06,2025-01-02,PA2,FedEx,1,1,18.19,2.26,0.0,20.45,shipmonk_estimate,USD
130331,6338938405174,Cattasaurus - shoproxstore - Shopify,direct_to_consumer,fulfilled,2025-01-02,2025-01-06,2025-01-02,PA2,FedEx,1,1,19.51,2.26,0.0,21.77,shipmonk_estimate,USD
130332,6338957476150,Cattasaurus - shoproxstore - Shopify,direct_to_consumer,fulfilled,2025-01-02,2025-01-06,2025-01-02,NV3,FedEx,1,1,16.78,2.63,0.0,19.41,shipmonk_estimate,USD
130333,6338969436470,Cattasaurus - shoproxstore - Shopify,direct_to_consumer,fulfilled,2025-01-02,2025-01-06,2025-01-02,PA2,FedEx,1,1,20.92,2.63,0.0,23.55,shipmonk_estimate,USD
130334,6338971861302,Cattasaurus - shoproxstore - Shopify,direct_to_consumer,fulfilled,2025-01-02,2025-01-06,2025-01-02,PA2,FedEx,1,1,20.75,3.0,0.0,23.75,shipmonk_estimate,USD
130335,6338978677046,Cattasaurus - shoproxstore - Shopify,direct_to_consumer,fulfilled,2025-01-02,2025-01-06,2025-01-02,PA2,FedEx,1,1,18.19,2.63,0.0,20.82,shipmonk_estimate,USD
130336,6338982052150,Cattasaurus - shoproxstore - Shopify,direct_to_consumer,fulfilled,2025-01-02,2025-01-06,2025-01-02,PA2,FedEx,1,1,16.78,2.63,0.0,19.41,shipmonk_estimate,USD
130337,6338992177462,Cattasaurus - shoproxstore - Shopify,direct_to_consumer,fulfilled,2025-01-02,2025-01-06,2025-01-02,PA2,FedEx,1,1,16.78,2.26,0.0,19.04,shipmonk_estimate,USD
130338,6339004563766,Cattasaurus - shoproxstore - Shopify,direct_to_consumer,fulfilled,2025-01-02,2025-01-06,2025-01-02,PA2,FedEx,1,1,14.14,2.63,0.0,16.77,shipmonk_estimate,USD
130339,6339026092342,Cattasaurus - shoproxstore - Shopify,direct_to_consumer,fulfilled,2025-01-02,2025-01-06,2025-01-02,PA2,FedEx,1,1,15.29,2.63,0.0,17.92,shipmonk_estimate,USD
130340,6339034480950,Cattasaurus - shoproxstore - Shopify,direct_to_consumer,fulfilled,2025-01-02,2025-01-06,2025-01-02,PA2,UPS,1,1,15.55,2.63,0.0,18.18,shipmonk_estimate,USD
130342,6339060629814,Cattasaurus - shoproxstore - Shopify,direct_to_consumer,fulfilled,2025-01-02,2025-01-06,2025-01-02,PA2,FedEx,1,1,16.76,2.63,0.0,19.39,shipmonk_estimate,USD
130344,6339103850806,Cattasaurus - shoproxstore - Shopify,direct_to_consumer,fulfilled,2025-01-02,2025-01-06,2025-01-02,PA2,FedEx,1,1,13.21,2.63,0.0,15.84,shipmonk_estimate,USD
130345,6339131441462,Cattasaurus - shoproxstore - Shopify,direct_to_consumer,fulfilled,2025-01-02,2025-01-06,2025-01-02,PA2,FedEx,1,1,14.14,2.63,0.0,16.77,shipmonk_estimate,USD
130346,6339140878646,Cattasaurus - shoproxstore - Shopify,direct_to_consumer,fulfilled,2025-01-02,2025-01-06,2025-01-02,PA2,FedEx,1,1,15.29,2.63,0.0,17.92,shipmonk_estimate,USD
130347,6339146613046,Cattasaurus - shoproxstore - Shopify,direct_to_consumer,fulfilled,2025-01-02,2025-01-06,2025-01-02,NV3,FedEx,1,1,20.28,2.63,0.0,22.91,shipmonk_estimate,USD
130348,6339154116918,Cattasaurus - shoproxstore - Shopify,direct_to_consumer,fulfilled,2025-01-02,2025-01-06,2025-01-02,NV3,UPS,1,1,18.17,2.63,0.0,20.8,shipmonk_estimate,USD
130349,6339158704438,Cattasaurus - shoproxstore - Shopify,direct_to_consumer,fulfilled,2025-01-02,2025-01-06,2025-01-02,NV3,FedEx,1,1,14.14,2.63,0.0,16.77,shipmonk_estimate,USD
130350,6339171909942,Cattasaurus - shoproxstore - Shopify,direct_to_consumer,fulfilled,2025-01-02,2025-01-06,2025-01-02,PA2,FedEx,1,1,13.91,2.63,0.0,16.54,shipmonk_estimate,USD
130351,6339192848694,Cattasaurus - shoproxstore - Shopify,direct_to_consumer,fulfilled,2025-01-02,2025-01-06,2025-01-02,PA2,UPS,1,1,15.55,2.63,0.0,18.18,shipmonk_estimate,USD
130352,6339195896118,Cattasaurus - shoproxstore - Shopify,direct_to_consumer,fulfilled,2025-01-02,2025-01-06,2025-01-02,PA2,UPS,1,1,14.62,2.63,0.0,17.25,shipmonk_estimate,USD
130353,6339214770486,Cattasaurus - shoproxstore - Shopify,direct_to_consumer,fulfilled,2025-01-02,2025-01-06,2025-01-02,PA2,DHL eCommerce,1,1,6.52,1.89,0.9,9.31,shipmonk_estimate,USD
130354,6339242262838,Cattasaurus - shoproxstore - Shopify,direct_to_consumer,fulfilled,2025-01-02,2025-01-06,2025-01-02,PA2,FedEx,1,1,14.14,2.63,0.0,16.77,shipmonk_estimate,USD
130355,6339254845750,Cattasaurus - shoproxstore - Shopify,direct_to_consumer,fulfilled,2025-01-02,2025-01-06,2025-01-02,PA2,FedEx,1,1,29.13,3.0,0.0,32.13,shipmonk_estimate,USD
130356,6339259892022,Cattasaurus - shoproxstore - Shopify,direct_to_consumer,fulfilled,2025-01-02,2025-01-06,2025-01-02,PA2,FedEx,1,1,23.75,2.26,0.0,26.01,shipmonk_estimate,USD
130357,6339291840822,Cattasaurus - shoproxstore - Shopify,direct_to_consumer,fulfilled,2025-01-02,2025-01-06,2025-01-02,NV3,DHL eCommerce,2,1,7.4,2.26,0.3,9.96,shipmonk_estimate,USD
130358,6339293741366,Cattasaurus - shoproxstore - Shopify,direct_to_consumer,fulfilled,2025-01-02,2025-01-06,2025-01-02,PA2,FedEx,1,1,13.21,2.63,0.0,15.84,shipmonk_estimate,USD
130359,6339308585270,Cattasaurus - shoproxstore - Shopify,direct_to_consumer,fulfilled,2025-01-02,2025-01-06,2025-01-02,NV3,FedEx,1,1,13.91,2.63,0.0,16.54,shipmonk_estimate,USD
130360,6339330900278,Cattasaurus - shoproxstore - Shopify,direct_to_consumer,fulfilled,2025-01-02,2025-01-06,2025-01-02,PA2,FedEx,1,1,15.29,2.63,0.0,17.92,shipmonk_estimate,USD
130361,6339341091126,Cattasaurus - shoproxstore - Shopify,direct_to_consumer,fulfilled,2025-01-02,2025-01-06,2025-01-02,PA2,FedEx,1,1,16.7,2.26,0.0,18.96,shipmonk_estimate,USD
130362,6339344793910,Cattasaurus - shoproxstore - Shopify,direct_to_consumer,fulfilled,2025-01-02,2025-01-06,2025-01-02,NV3,UPS,1,1,15.55,2.63,0.0,18.18,shipmonk_estimate,USD
130363,6339351052598,Cattasaurus - shoproxstore - Shopify,direct_to_consumer,fulfilled,2025-01-02,2025-01-06,2025-01-02,PA2,FedEx,1,1,18.19,2.63,0.0,20.82,shipmonk_estimate,USD
130364,6339358523702,Cattasaurus - shoproxstore - Shopify,direct_to_consumer,fulfilled,2025-01-02,2025-01-06,2025-01-02,NV3,FedEx,3,1,19.34,3.0,0.0,22.34,shipmonk_estimate,USD
130365,6339359539510,Cattasaurus - shoproxstore - Shopify,direct_to_consumer,fulfilled,2025-01-02,2025-01-06,2025-01-02,PA2,FedEx,1,1,18.87,2.63,0.0,21.5,shipmonk_estimate,USD
130366,6339369206070,Cattasaurus - shoproxstore - Shopify,direct_to_consumer,fulfilled,2025-01-02,2025-01-06,2025-01-02,PA2,FedEx,1,1,16.76,2.26,0.0,19.02,shipmonk_estimate,USD
130367,6339387785526,Cattasaurus - shoproxstore - Shopify,direct_to_consumer,fulfilled,2025-01-02,2025-01-06,2025-01-02,PA2,UPS,2,1,14.62,2.63,0.0,17.25,shipmonk_estimate,USD
130367_1,c7788e9c-af1b-4d03-a288-4cc7923f7a17,Cattasaurus - shoproxstore - Shopify,direct_to_consumer,fulfilled,2025-01-02,2025-01-06,2025-01-02,PA2,UPS,2,1,14.62,2.63,0.0,17.25,shipmonk_estimate,USD
130369,6339421929782,Cattasaurus - shoproxstore - Shopify,direct_to_consumer,fulfilled,2025-01-02,2025-01-06,2025-01-02,PA2,FedEx,1,1,20.92,2.63,0.0,23.55,shipmonk_estimate,USD
130370,6339431039286,Cattasaurus - shoproxstore - Shopify,direct_to_consumer,fulfilled,2025-01-02,2025-01-06,2025-01-02,PA2,FedEx,1,1,13.91,2.63,0.0,16.54,shipmonk_estimate,USD
130372,6339469443382,Cattasaurus - shoproxstore - Shopify,direct_to_consumer,fulfilled,2025-01-02,2025-01-06,2025-01-02,PA2,FedEx,1,1,16.78,2.63,0.0,19.41,shipmonk_estimate,USD
130373,6339479470390,Cattasaurus - shoproxstore - Shopify,direct_to_consumer,fulfilled,2025-01-02,2025-01-06,2025-01-02,PA2,FedEx,1,1,20.92,2.63,0.0,23.55,shipmonk_estimate,USD
130374,6339494543670,Cattasaurus - shoproxstore - Shopify,direct_to_consumer,fulfilled,2025-01-02,2025-01-06,2025-01-02,NV3,FedEx,1,1,16.76,2.63,0.0,19.39,shipmonk_estimate,USD
130376,6339510436150,Cattasaurus - shoproxstore - Shopify,direct_to_consumer,fulfilled,2025-01-02,2025-01-06,2025-01-02,PA2,FedEx,1,1,20.92,2.63,0.0,23.55,shipmonk_estimate,USD
130377,6339524788534,Cattasaurus - shoproxstore - Shopify,direct_to_consumer,fulfilled,2025-01-02,2025-01-06,2025-01-02,PA2,UPS,2,1,15.32,3.0,0.0,18.32,shipmonk_estimate,USD
130378,6339527672118,Cattasaurus - shoproxstore - Shopify,direct_to_consumer,fulfilled,2025-01-02,2025-01-06,2025-01-02,PA2,DHL eCommerce,2,1,7.88,2.26,0.5,10.64,shipmonk_estimate,USD
130379,6339531800886,Cattasaurus - shoproxstore - Shopify,direct_to_consumer,fulfilled,2025-01-02,2025-01-06,2025-01-02,PA2,FedEx,2,1,24.17,3.0,0.0,27.17,shipmonk_estimate,USD
130380,6339548217654,Cattasaurus - shoproxstore - Shopify,direct_to_consumer,fulfilled,2025-01-02,2025-01-06,2025-01-02,PA2,UPS,1,1,18.17,2.63,0.0,20.8,shipmonk_estimate,USD
130381,6339616047414,Cattasaurus - shoproxstore - Shopify,direct_to_consumer,fulfilled,2025-01-02,2025-01-06,2025-01-02,PA2,FedEx,1,1,13.09,2.63,0.0,15.72,shipmonk_estimate,USD
130382,6339707076918,Cattasaurus - shoproxstore - Shopify,direct_to_consumer,fulfilled,2025-01-02,2025-01-06,2025-01-02,PA2,FedEx,1,1,20.92,2.63,0.0,23.55,shipmonk_estimate,USD
130383,6339729359158,Cattasaurus - shoproxstore - Shopify,direct_to_consumer,fulfilled,2025-01-02,2025-01-06,2025-01-02,PA2,FedEx,1,1,16.78,2.63,0.0,19.41,shipmonk_estimate,USD
130384,6339733553462,Cattasaurus - shoproxstore - Shopify,direct_to_consumer,fulfilled,2025-01-02,2025-01-06,2025-01-02,PA2,FedEx,1,1,19.51,2.63,0.0,22.14,shipmonk_estimate,USD
130385,6339739124022,Cattasaurus - shoproxstore - Shopify,direct_to_consumer,fulfilled,2025-01-02,2025-01-06,2025-01-02,PA2,UPS,1,1,18.17,2.63,0.0,20.8,shipmonk_estimate,USD
130387,6339784933686,Cattasaurus - shoproxstore - Shopify,direct_to_consumer,fulfilled,2025-01-02,2025-01-06,2025-01-02,NV3,FedEx,1,1,20.75,2.26,0.0,23.01,shipmonk_estimate,USD
130388,6339792273718,Cattasaurus - shoproxstore - Shopify,direct_to_consumer,fulfilled,2025-01-02,2025-01-16,2025-01-02,NV3,FedEx,1,1,16.72,2.63,0.0,19.35,shipmonk_estimate,USD
130389,6339804397878,Cattasaurus - shoproxstore - Shopify,direct_to_consumer,fulfilled,2025-01-02,2025-01-06,2025-01-02,PA2,UPS,1,1,18.17,2.63,0.0,20.8,shipmonk_estimate,USD
130390,6339849355574,Cattasaurus - shoproxstore - Shopify,direct_to_consumer,fulfilled,2025-01-02,2025-01-06,2025-01-02,PA2,FedEx,2,1,16.7,3.0,0.0,19.7,shipmonk_estimate,USD
130391_1,08cc0ae6-ca15-4fbf-85db-79ea0943009a,Cattasaurus - shoproxstore - Shopify,direct_to_consumer,fulfilled,2025-01-02,2025-01-20,2025-01-02,NV3,DHL eCommerce,1,1,6.46,1.89,0.9,9.25,shipmonk_estimate,USD
130392,6339953230134,Cattasaurus - shoproxstore - Shopify,direct_to_consumer,fulfilled,2025-01-02,2025-01-06,2025-01-02,PA2,FedEx,1,1,18.19,2.63,0.0,20.82,shipmonk_estimate,USD
130393,6339967844662,Cattasaurus - shoproxstore - Shopify,direct_to_consumer,fulfilled,2025-01-02,2025-01-06,2025-01-02,PA2,FedEx,1,1,16.7,2.63,0.0,19.33,shipmonk_estimate,USD
130394,6340000252214,Cattasaurus - shoproxstore - Shopify,direct_to_consumer,fulfilled,2025-01-02,2025-01-06,2025-01-02,PA2,FedEx,2,1,16.78,3.0,0.0,19.78,shipmonk_estimate,USD
130395,6340096721206,Cattasaurus - shoproxstore - Shopify,direct_to_consumer,fulfilled,2025-01-02,2025-01-06,2025-01-02,PA2,FedEx,1,1,19.51,2.63,0.0,22.14,shipmonk_estimate,USD
130396,6340114153782,Cattasaurus - shoproxstore - Shopify,direct_to_consumer,fulfilled,2025-01-02,2025-01-06,2025-01-02,PA2,UPS,1,1,18.17,2.26,0.0,20.43,shipmonk_estimate,USD
130397,6340150657334,Cattasaurus - shoproxstore - Shopify,direct_to_consumer,fulfilled,2025-01-02,2025-01-06,2025-01-02,PA2,FedEx,1,1,16.7,2.63,0.0,19.33,shipmonk_estimate,USD
130398,6340216684854,Cattasaurus - shoproxstore - Shopify,direct_to_consumer,fulfilled,2025-01-02,2025-01-06,2025-01-02,PA2,FedEx,1,1,20.92,2.63,0.0,23.55,shipmonk_estimate,USD
130399,6340218683702,Cattasaurus - shoproxstore - Shopify,direct_to_consumer,fulfilled,2025-01-02,2025-01-06,2025-01-02,PA2,FedEx,3,1,14.53,3.0,0.0,17.53,shipmonk_estimate,USD
130400,6340405821750,Cattasaurus - shoproxstore - Shopify,direct_to_consumer,fulfilled,2025-01-02,2025-01-06,2025-01-02,NV3,FedEx,1,1,14.14,2.26,0.0,16.4,shipmonk_estimate,USD
130401,6340434264374,Cattasaurus - shoproxstore - Shopify,direct_to_consumer,fulfilled,2025-01-02,2025-01-06,2025-01-02,NV3,FedEx,1,1,22.76,2.26,0.0,25.02,shipmonk_estimate,USD
130402,6340463362358,Cattasaurus - shoproxstore - Shopify,direct_to_consumer,fulfilled,2025-01-02,2025-01-06,2025-01-02,NV3,FedEx,1,1,14.14,2.63,0.0,16.77,shipmonk_estimate,USD
130404,6340484006198,Cattasaurus - shoproxstore - Shopify,direct_to_consumer,fulfilled,2025-01-02,2025-01-06,2025-01-02,NV3,FedEx,1,1,16.78,2.26,0.0,19.04,shipmonk_estimate,USD
120427-01,f312ac9d-9bbd-4a9f-9cc5-19a0999ae2b1,Cattasaurus - shoproxstore - Shopify,direct_to_consumer,fulfilled,2024-12-30,2025-01-03,,NV3,FedEx,2,1,19.34,2.63,0.0,21.97,shipmonk_estimate,USD
112-8392759-0108223,112-8392759-0108223,Cattasaurus - Amazon USA,direct_to_consumer,fulfilled,2025-01-03,2025-01-03,2025-01-03,PA2,FedEx,1,1,16.64,1.89,0.0,18.53,shipmonk_estimate,USD
113-1488615-1695458,113-1488615-1695458,Cattasaurus - Amazon USA,direct_to_consumer,fulfilled,2025-01-03,2025-01-03,2025-01-03,PA2,FedEx,1,1,20.74,2.26,0.0,23.0,shipmonk_estimate,USD
113-7614021-6907409,113-7614021-6907409,Cattasaurus - Amazon USA,direct_to_consumer,fulfilled,2025-01-03,2025-01-06,2025-01-03,NV3,FedEx,1,1,18.19,2.26,0.0,20.45,shipmonk_estimate,USD
114-3023585-3057820,114-3023585-3057820,Cattasaurus - Amazon USA,direct_to_consumer,fulfilled,2025-01-03,2025-01-06,2025-01-03,PA2,FedEx,1,1,16.78,2.26,0.0,19.04,shipmonk_estimate,USD
114-4195863-4749854,114-4195863-4749854,Cattasaurus - Amazon USA,direct_to_consumer,fulfilled,2025-01-03,2025-01-03,2025-01-03,NV3,FedEx,1,1,15.16,2.26,0.0,17.42,shipmonk_estimate,USD
125414-01,65c25e22-b079-46cb-8c8a-4d67d7ba5a5f,Cattasaurus - shoproxstore - Shopify,direct_to_consumer,fulfilled,2025-01-03,2025-01-06,2025-01-03,NV3,FedEx,1,1,24.13,2.26,0.0,26.39,shipmonk_estimate,USD
125566-01,e724d71b-c782-4a5c-b620-285664f94a58,Cattasaurus - shoproxstore - Shopify,direct_to_consumer,fulfilled,2025-01-03,2025-01-06,2025-01-03,PA2,FedEx,1,1,13.21,2.63,0.0,15.84,shipmonk_estimate,USD
130405,6340974117174,Cattasaurus - shoproxstore - Shopify,direct_to_consumer,fulfilled,2025-01-03,2025-01-06,2025-01-03,PA2,UPS,1,1,20.28,2.63,0.0,22.91,shipmonk_estimate,USD
130407,6341039849782,Cattasaurus - shoproxstore - Shopify,direct_to_consumer,fulfilled,2025-01-03,2025-01-06,2025-01-03,PA2,FedEx,1,1,16.7,2.63,0.0,19.33,shipmonk_estimate,USD
130408,6341050794294,Cattasaurus - shoproxstore - Shopify,direct_to_consumer,fulfilled,2025-01-03,2025-01-06,2025-01-03,PA2,UPS,2,1,15.32,3.0,0.0,18.32,shipmonk_estimate,USD
130409,6341051842870,Cattasaurus - shoproxstore - Shopify,direct_to_consumer,fulfilled,2025-01-03,2025-01-06,2025-01-03,PA2,FedEx,1,1,13.21,2.63,0.0,15.84,shipmonk_estimate,USD
130410,6341063770422,Cattasaurus - shoproxstore - Shopify,direct_to_consumer,fulfilled,2025-01-03,2025-01-06,2025-01-03,PA2,FedEx,1,1,20.92,2.26,0.0,23.18,shipmonk_estimate,USD
130411,6341102731574,Cattasaurus - shoproxstore - Shopify,direct_to_consumer,fulfilled,2025-01-03,2025-01-06,2025-01-03,PA2,FedEx,1,1,13.21,2.63,0.0,15.84,shipmonk_estimate,USD
130412,6341138940214,Cattasaurus - shoproxstore - Shopify,direct_to_consumer,fulfilled,2025-01-03,2025-01-06,2025-01-03,PA2,FedEx,1,1,13.21,2.63,0.0,15.84,shipmonk_estimate,USD
130413,6341146247478,Cattasaurus - shoproxstore - Shopify,direct_to_consumer,fulfilled,2025-01-03,2025-01-06,2025-01-03,PA2,FedEx,1,1,19.51,2.63,0.0,22.14,shipmonk_estimate,USD
130414,6341175607606,Cattasaurus - shoproxstore - Shopify,direct_to_consumer,fulfilled,2025-01-03,2025-01-06,2025-01-03,PA2,FedEx,1,1,15.29,2.63,0.0,17.92,shipmonk_estimate,USD
130415,6341176000822,Cattasaurus - shoproxstore - Shopify,direct_to_consumer,fulfilled,2025-01-03,2025-01-06,2025-01-03,NV3,UPS,1,1,20.28,2.63,0.0,22.91,shipmonk_estimate,USD
130416,6341206868278,Cattasaurus - shoproxstore - Shopify,direct_to_consumer,fulfilled,2025-01-03,2025-01-06,2025-01-03,NV3,FedEx,1,1,16.76,2.63,0.0,19.39,shipmonk_estimate,USD
130417,6341227381046,Cattasaurus - shoproxstore - Shopify,direct_to_consumer,fulfilled,2025-01-03,2025-01-06,2025-01-03,PA2,FedEx,1,1,19.51,2.63,0.0,22.14,shipmonk_estimate,USD
130418,6341231640886,Cattasaurus - shoproxstore - Shopify,direct_to_consumer,fulfilled,2025-01-03,2025-01-06,2025-01-03,PA2,UPS,1,1,15.55,2.63,0.0,18.18,shipmonk_estimate,USD
130419,6341315068214,Cattasaurus - shoproxstore - Shopify,direct_to_consumer,fulfilled,2025-01-03,2025-01-03,2025-01-03,PA2,FedEx,1,1,15.16,2.63,0.0,17.79,shipmonk_estimate,USD
130420,6341322703158,Cattasaurus - shoproxstore - Shopify,direct_to_consumer,fulfilled,2025-01-03,2025-01-03,2025-01-03,PA2,FedEx,1,1,22.57,2.26,0.0,24.83,shipmonk_estimate,USD
130421,6341334991158,Cattasaurus - shoproxstore - Shopify,direct_to_consumer,fulfilled,2025-01-03,2025-01-06,2025-01-03,PA2,FedEx,1,1,19.51,2.63,0.0,22.14,shipmonk_estimate,USD
130422,6341361959222,Cattasaurus - shoproxstore - Shopify,direct_to_consumer,fulfilled,2025-01-03,2025-01-06,2025-01-03,PA2,FedEx,2,1,16.06,3.0,0.0,19.06,shipmonk_estimate,USD
130423,6341374902582,Cattasaurus - shoproxstore - Shopify,direct_to_consumer,fulfilled,2025-01-03,2025-01-06,2025-01-03,PA2,FedEx,1,1,14.14,2.63,0.0,16.77,shipmonk_estimate,USD
130424,6341412880694,Cattasaurus - shoproxstore - Shopify,direct_to_consumer,fulfilled,2025-01-03,2025-01-06,2025-01-03,PA2,FedEx,1,1,15.29,2.26,0.0,17.55,shipmonk_estimate,USD
130425,6341413404982,Cattasaurus - shoproxstore - Shopify,direct_to_consumer,fulfilled,2025-01-03,2025-01-06,2025-01-03,PA2,UPS,1,1,14.5,2.26,0.0,16.76,shipmonk_estimate,USD
130426,6341414355254,Cattasaurus - shoproxstore - Shopify,direct_to_consumer,fulfilled,2025-01-03,2025-01-06,2025-01-03,PA2,FedEx,1,1,19.51,2.63,0.0,22.14,shipmonk_estimate,USD
130427,6341428543798,Cattasaurus - shoproxstore - Shopify,direct_to_consumer,fulfilled,2025-01-03,2025-01-06,2025-01-03,PA2,FedEx,1,1,15.29,2.63,0.0,17.92,shipmonk_estimate,USD
130428,6341441749302,Cattasaurus - shoproxstore - Shopify,direct_to_consumer,fulfilled,2025-01-03,2025-01-06,2025-01-03,PA2,FedEx,1,1,18.19,2.26,0.0,20.45,shipmonk_estimate,USD
130429,6341442240822,Cattasaurus - shoproxstore - Shopify,direct_to_consumer,fulfilled,2025-01-03,2025-01-06,2025-01-03,PA2,FedEx,1,1,25.16,2.63,0.0,27.79,shipmonk_estimate,USD
130430,6341448499510,Cattasaurus - shoproxstore - Shopify,direct_to_consumer,fulfilled,2025-01-03,2025-01-06,2025-01-03,PA2,UPS,1,1,15.55,2.63,0.0,18.18,shipmonk_estimate,USD
130431,6341450662198,Cattasaurus - shoproxstore - Shopify,direct_to_consumer,fulfilled,2025-01-03,2025-01-06,2025-01-03,NV3,FedEx,2,1,18.87,3.0,0.0,21.87,shipmonk_estimate,USD
130432,6341469438262,Cattasaurus - shoproxstore - Shopify,direct_to_consumer,fulfilled,2025-01-03,2025-01-06,2025-01-03,PA2,FedEx,1,1,16.76,2.63,0.0,19.39,shipmonk_estimate,USD
130433,6341520359734,Cattasaurus - shoproxstore - Shopify,direct_to_consumer,fulfilled,2025-01-03,2025-01-06,2025-01-03,PA2,FedEx,1,1,20.92,2.63,0.0,23.55,shipmonk_estimate,USD
130434,6341530321206,Cattasaurus - shoproxstore - Shopify,direct_to_consumer,fulfilled,2025-01-03,2025-01-06,2025-01-03,PA2,FedEx,1,1,19.51,2.63,0.0,22.14,shipmonk_estimate,USD
130435,6341557977398,Cattasaurus - shoproxstore - Shopify,direct_to_consumer,fulfilled,2025-01-03,2025-01-06,2025-01-03,PA2,FedEx,1,1,16.78,2.63,0.0,19.41,shipmonk_estimate,USD
130437,6341579669814,Cattasaurus - shoproxstore - Shopify,direct_to_consumer,fulfilled,2025-01-03,2025-01-06,2025-01-03,PA2,FedEx,1,1,16.78,2.63,0.0,19.41,shipmonk_estimate,USD
130438,6341599035702,Cattasaurus - shoproxstore - Shopify,direct_to_consumer,fulfilled,2025-01-03,2025-01-06,2025-01-03,PA2,FedEx,1,1,23.75,2.63,0.0,26.38,shipmonk_estimate,USD
130439,6341610176822,Cattasaurus - shoproxstore - Shopify,direct_to_consumer,fulfilled,2025-01-03,2025-01-06,2025-01-03,PA2,FedEx,1,1,15.29,2.26,0.0,17.55,shipmonk_estimate,USD
130440,6341610373430,Cattasaurus - shoproxstore - Shopify,direct_to_consumer,fulfilled,2025-01-03,2025-01-06,2025-01-03,NV3,FedEx,2,1,23.75,3.0,0.0,26.75,shipmonk_estimate,USD
130441,6341690097974,Cattasaurus - shoproxstore - Shopify,direct_to_consumer,fulfilled,2025-01-03,2025-01-06,2025-01-03,PA2,FedEx,1,1,19.51,2.63,0.0,22.14,shipmonk_estimate,USD
130442,6341698355510,Cattasaurus - shoproxstore - Shopify,direct_to_consumer,fulfilled,2025-01-03,2025-01-06,2025-01-03,PA2,FedEx,1,1,13.21,2.63,0.0,15.84,shipmonk_estimate,USD
130443,6341703729462,Cattasaurus - shoproxstore - Shopify,direct_to_consumer,fulfilled,2025-01-03,2025-01-06,2025-01-03,PA2,FedEx,1,1,19.51,2.26,0.0,21.77,shipmonk_estimate,USD
130444,6341723783478,Cattasaurus - shoproxstore - Shopify,direct_to_consumer,fulfilled,2025-01-03,2025-01-06,2025-01-03,PA2,FedEx,1,1,23.75,2.63,0.0,26.38,shipmonk_estimate,USD
130445,6341723914550,Cattasaurus - shoproxstore - Shopify,direct_to_consumer,fulfilled,2025-01-03,2025-01-06,2025-01-03,PA2,FedEx,1,1,16.7,2.63,0.0,19.33,shipmonk_estimate,USD
130446,6341732598070,Cattasaurus - shoproxstore - Shopify,direct_to_consumer,fulfilled,2025-01-03,2025-01-06,2025-01-03,PA2,FedEx,1,1,14.14,2.26,0.0,16.4,shipmonk_estimate,USD
130447,6341748425014,Cattasaurus - shoproxstore - Shopify,direct_to_consumer,fulfilled,2025-01-03,2025-01-06,2025-01-03,PA2,FedEx,1,1,19.51,2.63,0.0,22.14,shipmonk_estimate,USD
130448,6341787255094,Cattasaurus - shoproxstore - Shopify,direct_to_consumer,fulfilled,2025-01-03,2025-01-06,2025-01-03,PA2,FedEx,1,1,13.91,2.63,0.0,16.54,shipmonk_estimate,USD
130449,6341795086646,Cattasaurus - shoproxstore - Shopify,direct_to_consumer,fulfilled,2025-01-03,2025-01-06,2025-01-03,NV3,FedEx,1,1,16.76,2.63,0.0,19.39,shipmonk_estimate,USD
130450,6341802459446,Cattasaurus - shoproxstore - Shopify,direct_to_consumer,fulfilled,2025-01-03,2025-01-06,2025-01-03,PA2,FedEx,1,1,16.7,2.63,0.0,19.33,shipmonk_estimate,USD
130451,6341817401654,Cattasaurus - shoproxstore - Shopify,direct_to_consumer,fulfilled,2025-01-03,2025-01-06,2025-01-03,NV3,FedEx,1,1,18.87,2.63,0.0,21.5,shipmonk_estimate,USD
130452,6341827232054,Cattasaurus - shoproxstore - Shopify,direct_to_consumer,fulfilled,2025-01-03,2025-01-06,2025-01-03,PA2,UPS,1,1,18.17,2.63,0.0,20.8,shipmonk_estimate,USD
130454,6341858197814,Cattasaurus - shoproxstore - Shopify,direct_to_consumer,fulfilled,2025-01-03,2025-01-06,2025-01-03,PA2,USPS,3,1,23.02,3.0,0.0,26.02,shipmonk_estimate,USD
130456,6341890638134,Cattasaurus - shoproxstore - Shopify,direct_to_consumer,fulfilled,2025-01-03,2025-01-06,2025-01-03,NV3,FedEx,1,1,19.99,3.0,0.0,22.99,shipmonk_estimate,USD
130457,6341906465078,Cattasaurus - shoproxstore - Shopify,direct_to_consumer,fulfilled,2025-01-03,2025-01-06,2025-01-03,PA2,FedEx,1,1,14.14,2.63,0.0,16.77,shipmonk_estimate,USD
130458,6341957058870,Cattasaurus - shoproxstore - Shopify,direct_to_consumer,fulfilled,2025-01-03,2025-01-06,2025-01-03,PA2,UPS,2,1,15.55,2.63,0.0,18.18,shipmonk_estimate,USD
130459,6341971018038,Cattasaurus - shoproxstore - Shopify,direct_to_consumer,fulfilled,2025-01-03,2025-01-06,2025-01-03,PA2,FedEx,1,1,13.09,2.63,0.0,15.72,shipmonk_estimate,USD
130461,6341978718518,Cattasaurus - shoproxstore - Shopify,direct_to_consumer,fulfilled,2025-01-03,2025-01-06,2025-01-03,NV3,UPS,1,1,18.17,2.63,0.0,20.8,shipmonk_estimate,USD
130462,6341992415542,Cattasaurus - shoproxstore - Shopify,direct_to_consumer,fulfilled,2025-01-03,2025-01-06,2025-01-03,PA2,FedEx,1,1,20.92,2.26,0.0,23.18,shipmonk_estimate,USD
130463,6342035374390,Cattasaurus - shoproxstore - Shopify,direct_to_consumer,fulfilled,2025-01-03,2025-01-06,2025-01-03,PA2,FedEx,1,1,19.51,2.26,0.0,21.77,shipmonk_estimate,USD
130464,6342046449974,Cattasaurus - shoproxstore - Shopify,direct_to_consumer,fulfilled,2025-01-03,2025-01-06,2025-01-03,PA2,FedEx,2,1,13.09,2.63,0.0,15.72,shipmonk_estimate,USD
130465,6342064013622,Cattasaurus - shoproxstore - Shopify,direct_to_consumer,fulfilled,2025-01-03,2025-01-06,2025-01-03,NV3,FedEx,1,1,15.29,2.63,0.0,17.92,shipmonk_estimate,USD
130466,6342071058742,Cattasaurus - shoproxstore - Shopify,direct_to_consumer,fulfilled,2025-01-03,2025-01-06,2025-01-03,PA2,FedEx,1,1,16.78,2.26,0.0,19.04,shipmonk_estimate,USD
130467,6342109659446,Cattasaurus - shoproxstore - Shopify,direct_to_consumer,fulfilled,2025-01-03,2025-01-06,2025-01-03,NV3,UPS,1,1,18.17,2.63,0.0,20.8,shipmonk_estimate,USD
130469,6342129680694,Cattasaurus - shoproxstore - Shopify,direct_to_consumer,fulfilled,2025-01-03,2025-01-06,2025-01-03,PA2,FedEx,1,1,16.78,2.63,0.0,19.41,shipmonk_estimate,USD
130470,6342140690742,Cattasaurus - shoproxstore - Shopify,direct_to_consumer,fulfilled,2025-01-03,2025-01-06,2025-01-03,PA2,FedEx,2,1,23.75,3.0,0.0,26.75,shipmonk_estimate,USD
130472,6342173163830,Cattasaurus - shoproxstore - Shopify,direct_to_consumer,fulfilled,2025-01-03,2025-01-06,2025-01-03,PA2,FedEx,1,1,19.51,2.63,0.0,22.14,shipmonk_estimate,USD
130473,6342178210102,Cattasaurus - shoproxstore - Shopify,direct_to_consumer,fulfilled,2025-01-03,2025-01-06,2025-01-03,PA2,FedEx,1,1,16.78,2.63,0.0,19.41,shipmonk_estimate,USD
130474,6342252691766,Cattasaurus - shoproxstore - Shopify,direct_to_consumer,fulfilled,2025-01-03,2025-01-06,2025-01-03,PA2,FedEx,1,1,13.09,2.26,0.0,15.35,shipmonk_estimate,USD
130475,6342257246518,Cattasaurus - shoproxstore - Shopify,direct_to_consumer,fulfilled,2025-01-03,2025-01-06,2025-01-03,PA2,FedEx,1,1,16.78,2.63,0.0,19.41,shipmonk_estimate,USD
130476_1,0364f494-1705-44be-a8d9-2ecf841b9e05,Cattasaurus - shoproxstore - Shopify,direct_to_consumer,fulfilled,2025-01-03,2025-01-20,2025-01-03,NV3,DHL eCommerce,2,1,6.62,3.74,0.3,10.66,shipmonk_estimate,USD
130477,6342263472438,Cattasaurus - shoproxstore - Shopify,direct_to_consumer,fulfilled,2025-01-03,2025-01-06,2025-01-03,PA2,FedEx,2,1,19.51,3.0,0.0,22.51,shipmonk_estimate,USD
130479,6342266782006,Cattasaurus - shoproxstore - Shopify,direct_to_consumer,fulfilled,2025-01-03,2025-01-06,2025-01-03,PA2,FedEx,1,1,12.73,2.63,0.0,15.36,shipmonk_estimate,USD
130481,6342347129142,Cattasaurus - shoproxstore - Shopify,direct_to_consumer,fulfilled,2025-01-03,2025-01-06,2025-01-03,NV3,UPS,1,1,20.28,2.26,0.0,22.54,shipmonk_estimate,USD
130482,6342398738742,Cattasaurus - shoproxstore - Shopify,direct_to_consumer,fulfilled,2025-01-03,2025-01-06,2025-01-03,PA2,UPS,1,1,15.55,2.26,0.0,17.81,shipmonk_estimate,USD
130483,6342401458486,Cattasaurus - shoproxstore - Shopify,direct_to_consumer,fulfilled,2025-01-03,2025-01-06,2025-01-03,NV3,FedEx,1,1,16.76,2.63,0.0,19.39,shipmonk_estimate,USD
130484,6342417908022,Cattasaurus - shoproxstore - Shopify,direct_to_consumer,fulfilled,2025-01-03,2025-01-06,2025-01-03,PA2,FedEx,1,1,16.7,2.63,0.0,19.33,shipmonk_estimate,USD
130485,6342438093110,Cattasaurus - shoproxstore - Shopify,direct_to_consumer,fulfilled,2025-01-03,2025-01-06,2025-01-03,PA2,FedEx,1,1,19.51,2.63,0.0,22.14,shipmonk_estimate,USD
130486,6342477873462,Cattasaurus - shoproxstore - Shopify,direct_to_consumer,fulfilled,2025-01-03,2025-01-06,2025-01-03,NV3,FedEx,3,1,20.92,3.0,0.0,23.92,shipmonk_estimate,USD
130487,6342485246262,Cattasaurus - shoproxstore - Shopify,direct_to_consumer,fulfilled,2025-01-03,2025-01-06,2025-01-03,PA2,FedEx,1,1,20.92,2.26,0.0,23.18,shipmonk_estimate,USD
130488,6342485606710,Cattasaurus - shoproxstore - Shopify,direct_to_consumer,fulfilled,2025-01-03,2025-01-06,2025-01-03,PA2,UPSMI,2,1,8.2,2.26,0.5,10.96,shipmonk_estimate,USD
130489,6342489801014,Cattasaurus - shoproxstore - Shopify,direct_to_consumer,fulfilled,2025-01-03,2025-01-06,2025-01-03,PA2,FedEx,1,1,18.17,2.26,0.0,20.43,shipmonk_estimate,USD
130490,6342516146486,Cattasaurus - shoproxstore - Shopify,direct_to_consumer,fulfilled,2025-01-03,2025-01-06,2025-01-03,PA2,FedEx,2,1,18.87,3.0,0.0,21.87,shipmonk_estimate,USD
130492,6342537085238,Cattasaurus - shoproxstore - Shopify,direct_to_consumer,fulfilled,2025-01-03,2025-01-06,2025-01-03,PA2,FedEx,1,1,19.51,2.26,0.0,21.77,shipmonk_estimate,USD
130494,6342550847798,Cattasaurus - shoproxstore - Shopify,direct_to_consumer,fulfilled,2025-01-03,2025-01-06,2025-01-03,PA2,FedEx,1,1,13.09,2.26,0.0,15.35,shipmonk_estimate,USD
130495,6342563529014,Cattasaurus - shoproxstore - Shopify,direct_to_consumer,fulfilled,2025-01-03,2025-01-06,2025-01-03,NV3,FedEx,1,1,13.91,2.63,0.0,16.54,shipmonk_estimate,USD
130496,6342583943478,Cattasaurus - shoproxstore - Shopify,direct_to_consumer,fulfilled,2025-01-03,2025-01-06,2025-01-03,PA2,FedEx,1,1,18.19,2.63,0.0,20.82,shipmonk_estimate,USD
130498,6342610321718,Cattasaurus - shoproxstore - Shopify,direct_to_consumer,fulfilled,2025-01-03,2025-01-06,2025-01-03,PA2,FedEx,2,1,25.16,3.0,0.0,28.16,shipmonk_estimate,USD
130500,6342617497910,Cattasaurus - shoproxstore - Shopify,direct_to_consumer,fulfilled,2025-01-03,2025-01-06,2025-01-03,PA2,FedEx,1,1,16.78,2.26,0.0,19.04,shipmonk_estimate,USD
130501,6342643745078,Cattasaurus - shoproxstore - Shopify,direct_to_consumer,fulfilled,2025-01-03,2025-01-06,2025-01-03,PA2,FedEx,1,1,11.68,2.26,0.0,13.94,shipmonk_estimate,USD
130502,6342662979894,Cattasaurus - shoproxstore - Shopify,direct_to_consumer,fulfilled,2025-01-03,2025-01-06,2025-01-03,PA2,FedEx,1,1,18.19,2.26,0.0,20.45,shipmonk_estimate,USD
130503,6342664094006,Cattasaurus - shoproxstore - Shopify,direct_to_consumer,fulfilled,2025-01-03,2025-01-06,2025-01-03,NV3,FedEx,2,1,16.78,3.37,0.0,20.15,shipmonk_estimate,USD
130504,6342686212406,Cattasaurus - shoproxstore - Shopify,direct_to_consumer,fulfilled,2025-01-03,2025-01-06,2025-01-03,PA2,FedEx,3,1,19.34,3.0,0.0,22.34,shipmonk_estimate,USD
130505,6342736642358,Cattasaurus - shoproxstore - Shopify,direct_to_consumer,fulfilled,2025-01-03,2025-01-06,2025-01-03,PA2,FedEx,1,1,18.19,2.63,0.0,20.82,shipmonk_estimate,USD
130506,6342741819702,Cattasaurus - shoproxstore - Shopify,direct_to_consumer,fulfilled,2025-01-03,2025-01-06,2025-01-03,PA2,FedEx,1,1,15.29,2.63,0.0,17.92,shipmonk_estimate,USD
130507,6342825148726,Cattasaurus - shoproxstore - Shopify,direct_to_consumer,fulfilled,2025-01-03,2025-01-06,2025-01-03,PA2,FedEx,1,1,19.51,2.63,0.0,22.14,shipmonk_estimate,USD
130509,6342846021942,Cattasaurus - shoproxstore - Shopify,direct_to_consumer,fulfilled,2025-01-03,2025-01-06,2025-01-03,PA2,FedEx,3,1,16.78,3.37,0.0,20.15,shipmonk_estimate,USD
130511,6342898712886,Cattasaurus - shoproxstore - Shopify,direct_to_consumer,fulfilled,2025-01-03,2025-01-06,2025-01-03,PA2,FedEx,1,1,20.92,2.63,0.0,23.55,shipmonk_estimate,USD
130512,6342899106102,Cattasaurus - shoproxstore - Shopify,direct_to_consumer,fulfilled,2025-01-03,2025-01-06,2025-01-03,NV3,FedEx,1,1,16.76,2.63,0.0,19.39,shipmonk_estimate,USD
130513,6342946193718,Cattasaurus - shoproxstore - Shopify,direct_to_consumer,fulfilled,2025-01-03,2025-01-06,2025-01-03,PA2,FedEx,1,1,15.29,2.26,0.0,17.55,shipmonk_estimate,USD
130514,6342950682934,Cattasaurus - shoproxstore - Shopify,direct_to_consumer,fulfilled,2025-01-03,2025-01-06,2025-01-03,PA2,UPS,1,1,15.55,2.26,0.0,17.81,shipmonk_estimate,USD
130515,6342963331382,Cattasaurus - shoproxstore - Shopify,direct_to_consumer,fulfilled,2025-01-03,2025-01-06,2025-01-03,PA2,FedEx,1,1,13.21,2.63,0.0,15.84,shipmonk_estimate,USD
130516,6342987940150,Cattasaurus - shoproxstore - Shopify,direct_to_consumer,fulfilled,2025-01-03,2025-01-06,2025-01-03,PA2,FedEx,1,1,19.51,2.63,0.0,22.14,shipmonk_estimate,USD
130517,6343007011126,Cattasaurus - shoproxstore - Shopify,direct_to_consumer,fulfilled,2025-01-03,2025-01-06,2025-01-03,NV3,FedEx,1,1,13.91,2.63,0.0,16.54,shipmonk_estimate,USD
130518,6343023100214,Cattasaurus - shoproxstore - Shopify,direct_to_consumer,fulfilled,2025-01-03,2025-01-06,2025-01-03,NV3,FedEx,1,1,18.87,2.26,0.0,21.13,shipmonk_estimate,USD
130519,6343027982646,Cattasaurus - shoproxstore - Shopify,direct_to_consumer,fulfilled,2025-01-03,2025-01-06,2025-01-03,NV3,FedEx,1,1,15.35,2.26,0.0,17.61,shipmonk_estimate,USD
130520,6343077200182,Cattasaurus - shoproxstore - Shopify,direct_to_consumer,fulfilled,2025-01-03,2025-01-06,2025-01-03,PA2,FedEx,3,1,22.76,3.0,0.0,25.76,shipmonk_estimate,USD
130521,6343168164150,Cattasaurus - shoproxstore - Shopify,direct_to_consumer,fulfilled,2025-01-03,2025-01-06,2025-01-03,PA2,UPS,1,1,15.55,2.26,0.0,17.81,shipmonk_estimate,USD
130522,6343227506998,Cattasaurus - shoproxstore - Shopify,direct_to_consumer,fulfilled,2025-01-03,2025-01-06,2025-01-03,PA2,FedEx,1,1,15.29,2.63,0.0,17.92,shipmonk_estimate,USD
130523,6343228653878,Cattasaurus - shoproxstore - Shopify,direct_to_consumer,fulfilled,2025-01-03,2025-01-06,2025-01-03,PA2,UPS,1,1,15.32,2.63,0.0,17.95,shipmonk_estimate,USD
130524,6343238287670,Cattasaurus - shoproxstore - Shopify,direct_to_consumer,fulfilled,2025-01-03,2025-01-06,2025-01-03,PA2,FedEx,1,1,13.21,2.26,0.0,15.47,shipmonk_estimate,USD
130525,6343245037878,Cattasaurus - shoproxstore - Shopify,direct_to_consumer,fulfilled,2025-01-03,2025-01-06,2025-01-03,PA2,FedEx,1,1,16.78,2.63,0.0,19.41,shipmonk_estimate,USD
130526,6343276233014,Cattasaurus - shoproxstore - Shopify,direct_to_consumer,fulfilled,2025-01-03,2025-01-06,2025-01-03,PA2,DHL eCommerce,3,1,8.2,2.63,0.5,11.33,shipmonk_estimate,USD
130527,6343286554934,Cattasaurus - shoproxstore - Shopify,direct_to_consumer,fulfilled,2025-01-03,2025-01-06,2025-01-03,PA2,FedEx,1,1,16.78,2.26,0.0,19.04,shipmonk_estimate,USD
130528,6343309918518,Cattasaurus - shoproxstore - Shopify,direct_to_consumer,fulfilled,2025-01-03,2025-01-06,2025-01-03,PA2,FedEx,2,1,14.62,3.0,0.0,17.62,shipmonk_estimate,USD
130529,6343313228086,Cattasaurus - shoproxstore - Shopify,direct_to_consumer,fulfilled,2025-01-03,2025-01-06,2025-01-03,PA2,FedEx,1,1,18.19,2.63,0.0,20.82,shipmonk_estimate,USD
130530,6343380992310,Cattasaurus - shoproxstore - Shopify,direct_to_consumer,fulfilled,2025-01-03,2025-01-06,2025-01-03,PA2,FedEx,1,1,16.78,2.63,0.0,19.41,shipmonk_estimate,USD
130531,6343483851062,Cattasaurus - shoproxstore - Shopify,direct_to_consumer,fulfilled,2025-01-03,2025-01-06,2025-01-03,PA2,FedEx,3,1,24.17,3.0,0.0,27.17,shipmonk_estimate,USD
130532,6343511212342,Cattasaurus - shoproxstore - Shopify,direct_to_consumer,fulfilled,2025-01-03,2025-01-06,2025-01-03,PA2,USPS,1,1,27.91,2.63,0.0,30.54,shipmonk_estimate,USD
112-1202893-8744214,112-1202893-8744214,Cattasaurus - Amazon USA,direct_to_consumer,fulfilled,2025-01-04,2025-01-06,2025-01-04,PA2,FedEx,1,1,16.78,2.26,0.0,19.04,shipmonk_estimate,USD
113-7920316-8047402,113-7920316-8047402,Cattasaurus - Amazon USA,direct_to_consumer,fulfilled,2025-01-04,2025-01-06,2025-01-04,NV3,FedEx,1,1,16.78,2.26,0.0,19.04,shipmonk_estimate,USD
113-8512939-7281835,113-8512939-7281835,Cattasaurus - Amazon USA,direct_to_consumer,fulfilled,2025-01-04,2025-01-06,2025-01-04,PA2,FedEx,1,1,23.75,2.26,0.0,26.01,shipmonk_estimate,USD
114-4339286-2467455,114-4339286-2467455,Cattasaurus - Amazon USA,direct_to_consumer,fulfilled,2025-01-04,2025-01-06,2025-01-04,NV3,DHL eCommerce,1,1,4.75,1.89,0.3,6.94,shipmonk_estimate,USD
118203-01,43b73615-f798-4a71-839c-7aed124f728b,Cattasaurus - shoproxstore - Shopify,direct_to_consumer,fulfilled,2025-01-04,2025-01-06,2025-01-04,PA2,FedEx,1,1,16.76,2.26,0.0,19.02,shipmonk_estimate,USD
128346-01,d220a0bf-8d47-4296-849f-74f8d1b43155,Cattasaurus - shoproxstore - Shopify,direct_to_consumer,fulfilled,2025-01-04,2025-01-06,2025-01-04,NV3,FedEx,1,1,18.19,2.63,0.0,20.82,shipmonk_estimate,USD
130533,6343727415606,Cattasaurus - shoproxstore - Shopify,direct_to_consumer,fulfilled,2025-01-04,2025-01-06,2025-01-04,PA2,FedEx,1,1,16.78,2.63,0.0,19.41,shipmonk_estimate,USD
130534,6344031568182,Cattasaurus - shoproxstore - Shopify,direct_to_consumer,fulfilled,2025-01-04,2025-01-06,2025-01-04,NV3,FedEx,1,1,15.29,2.63,0.0,17.92,shipmonk_estimate,USD
130535,6344044216630,Cattasaurus - shoproxstore - Shopify,direct_to_consumer,fulfilled,2025-01-04,2025-01-06,2025-01-04,PA2,FedEx,1,1,13.21,2.26,0.0,15.47,shipmonk_estimate,USD
130536,6344143896886,Cattasaurus - shoproxstore - Shopify,direct_to_consumer,fulfilled,2025-01-04,2025-01-06,2025-01-04,PA2,UPS,1,1,14.62,2.63,0.0,17.25,shipmonk_estimate,USD
130537,6344215920950,Cattasaurus - shoproxstore - Shopify,direct_to_consumer,fulfilled,2025-01-04,2025-01-06,2025-01-04,PA2,FedEx,1,1,16.76,2.63,0.0,19.39,shipmonk_estimate,USD
130538,6344244330806,Cattasaurus - shoproxstore - Shopify,direct_to_consumer,fulfilled,2025-01-04,2025-01-06,2025-01-04,NV3,FedEx,1,1,16.78,2.26,0.0,19.04,shipmonk_estimate,USD
130539,6344246165814,Cattasaurus - shoproxstore - Shopify,direct_to_consumer,fulfilled,2025-01-04,2025-01-06,2025-01-04,NV3,FedEx,1,1,15.29,2.26,0.0,17.55,shipmonk_estimate,USD
130540,6344258748726,Cattasaurus - shoproxstore - Shopify,direct_to_consumer,fulfilled,2025-01-04,2025-01-06,2025-01-04,NV3,FedEx,1,1,27.72,2.63,0.0,30.35,shipmonk_estimate,USD
130541,6344266645814,Cattasaurus - shoproxstore - Shopify,direct_to_consumer,fulfilled,2025-01-04,2025-01-06,2025-01-04,PA2,FedEx,1,1,16.7,2.63,0.0,19.33,shipmonk_estimate,USD
130542,6344268644662,Cattasaurus - shoproxstore - Shopify,direct_to_consumer,fulfilled,2025-01-04,2025-01-06,2025-01-04,PA2,UPS,1,1,18.17,2.63,0.0,20.8,shipmonk_estimate,USD
130543,6344268710198,Cattasaurus - shoproxstore - Shopify,direct_to_consumer,fulfilled,2025-01-04,2025-01-06,2025-01-04,PA2,FedEx,1,1,25.16,2.63,0.0,27.79,shipmonk_estimate,USD
130544,6344280867126,Cattasaurus - shoproxstore - Shopify,direct_to_consumer,fulfilled,2025-01-04,2025-01-07,2025-01-04,PA2,FedEx,1,1,15.29,2.63,0.0,17.92,shipmonk_estimate,USD
130545,6344295416118,Cattasaurus - shoproxstore - Shopify,direct_to_consumer,fulfilled,2025-01-04,2025-01-06,2025-01-04,PA2,FedEx,1,1,13.21,2.63,0.0,15.84,shipmonk_estimate,USD
130546,6344306917686,Cattasaurus - shoproxstore - Shopify,direct_to_consumer,fulfilled,2025-01-04,2025-01-06,2025-01-04,PA2,FedEx,1,1,20.92,2.63,0.0,23.55,shipmonk_estimate,USD
130547,6344326676790,Cattasaurus - shoproxstore - Shopify,direct_to_consumer,fulfilled,2025-01-04,2025-01-06,2025-01-04,NV3,FedEx,1,1,18.87,2.63,0.0,21.5,shipmonk_estimate,USD
130548,6344336539958,Cattasaurus - shoproxstore - Shopify,direct_to_consumer,fulfilled,2025-01-04,2025-01-13,2025-01-04,PA2,DHL eCommerce,3,1,13.45,3.37,1.5,18.32,shipmonk_estimate,USD
130549,6344452931894,Cattasaurus - shoproxstore - Shopify,direct_to_consumer,fulfilled,2025-01-04,2025-01-06,2025-01-04,PA2,FedEx,1,1,13.21,2.63,0.0,15.84,shipmonk_estimate,USD
130550,6344455422262,Cattasaurus - shoproxstore - Shopify,direct_to_consumer,fulfilled,2025-01-04,2025-01-06,2025-01-04,NV3,UPS,1,1,20.28,2.63,0.0,22.91,shipmonk_estimate,USD
130551,6344458404150,Cattasaurus - shoproxstore - Shopify,direct_to_consumer,fulfilled,2025-01-04,2025-01-06,2025-01-04,PA2,FedEx,2,1,15.29,3.0,0.0,18.29,shipmonk_estimate,USD
130552,6344495431990,Cattasaurus - shoproxstore - Shopify,direct_to_consumer,fulfilled,2025-01-04,2025-01-06,2025-01-04,PA2,DHL eCommerce,1,1,7.91,1.89,0.0,9.8,shipmonk_estimate,USD
130554,6344503460150,Cattasaurus - shoproxstore - Shopify,direct_to_consumer,fulfilled,2025-01-04,2025-01-06,2025-01-04,PA2,FedEx,1,1,19.51,2.63,0.0,22.14,shipmonk_estimate,USD
130555,6344523120950,Cattasaurus - shoproxstore - Shopify,direct_to_consumer,fulfilled,2025-01-04,2025-01-06,2025-01-04,NV3,FedEx,1,1,23.75,2.26,0.0,26.01,shipmonk_estimate,USD
130556,6344527479094,Cattasaurus - shoproxstore - Shopify,direct_to_consumer,fulfilled,2025-01-04,2025-01-06,2025-01-04,PA2,UPS,1,1,15.55,2.63,0.0,18.18,shipmonk_estimate,USD
130557,6344543306038,Cattasaurus - shoproxstore - Shopify,direct_to_consumer,fulfilled,2025-01-04,2025-01-06,2025-01-04,PA2,UPS,1,1,18.17,2.63,0.0,20.8,shipmonk_estimate,USD
130558,6344550580534,Cattasaurus - shoproxstore - Shopify,direct_to_consumer,fulfilled,2025-01-04,2025-01-06,2025-01-04,PA2,DHL eCommerce,2,1,7.47,2.26,0.5,10.23,shipmonk_estimate,USD
130559,6344573059382,Cattasaurus - shoproxstore - Shopify,direct_to_consumer,fulfilled,2025-01-04,2025-01-06,2025-01-04,PA2,FedEx,1,1,13.21,2.63,0.0,15.84,shipmonk_estimate,USD
130562,6344595013942,Cattasaurus - shoproxstore - Shopify,direct_to_consumer,fulfilled,2025-01-04,2025-01-06,2025-01-04,NV3,DHL eCommerce,1,1,8.1,1.89,0.0,9.99,shipmonk_estimate,USD
130563,6344606023990,Cattasaurus - shoproxstore - Shopify,direct_to_consumer,fulfilled,2025-01-04,2025-01-06,2025-01-04,PA2,FedEx,1,1,14.14,2.63,0.0,16.77,shipmonk_estimate,USD
130564,6344608186678,Cattasaurus - shoproxstore - Shopify,direct_to_consumer,fulfilled,2025-01-04,2025-01-06,2025-01-04,PA2,USPS,1,1,19.73,2.26,0.0,21.99,shipmonk_estimate,USD
130565,6344612348214,Cattasaurus - shoproxstore - Shopify,direct_to_consumer,fulfilled,2025-01-04,2025-01-06,2025-01-04,NV3,FedEx,1,1,27.72,2.26,0.0,29.98,shipmonk_estimate,USD
130567,6344632369462,Cattasaurus - shoproxstore - Shopify,direct_to_consumer,fulfilled,2025-01-04,2025-01-06,2025-01-04,PA2,FedEx,1,1,15.35,2.63,0.0,17.98,shipmonk_estimate,USD
130568,6344647704886,Cattasaurus - shoproxstore - Shopify,direct_to_consumer,fulfilled,2025-01-04,2025-01-06,2025-01-04,PA2,FedEx,2,1,22.09,3.0,0.0,25.09,shipmonk_estimate,USD
130569,6344652816694,Cattasaurus - shoproxstore - Shopify,direct_to_consumer,fulfilled,2025-01-04,2025-01-06,2025-01-04,PA2,FedEx,1,1,14.14,2.63,0.0,16.77,shipmonk_estimate,USD
130570,6344661270838,Cattasaurus - shoproxstore - Shopify,direct_to_consumer,fulfilled,2025-01-04,2025-01-06,2025-01-04,PA2,FedEx,1,1,16.76,2.63,0.0,19.39,shipmonk_estimate,USD
130572,6344697413942,Cattasaurus - shoproxstore - Shopify,direct_to_consumer,fulfilled,2025-01-04,2025-01-06,2025-01-04,PA2,FedEx,1,1,14.14,2.63,0.0,16.77,shipmonk_estimate,USD
130575,6344730345782,Cattasaurus - shoproxstore - Shopify,direct_to_consumer,fulfilled,2025-01-04,2025-01-06,2025-01-04,PA2,FedEx,1,1,15.29,2.63,0.0,17.92,shipmonk_estimate,USD
130576,6344732574006,Cattasaurus - shoproxstore - Shopify,direct_to_consumer,fulfilled,2025-01-04,2025-01-06,2025-01-04,PA2,FedEx,3,1,25.16,3.0,0.0,28.16,shipmonk_estimate,USD
130577,6344734343478,Cattasaurus - shoproxstore - Shopify,direct_to_consumer,fulfilled,2025-01-04,2025-01-06,2025-01-04,PA2,FedEx,1,1,16.76,2.63,0.0,19.39,shipmonk_estimate,USD
130578,6344773927222,Cattasaurus - shoproxstore - Shopify,direct_to_consumer,fulfilled,2025-01-04,2025-01-06,2025-01-04,NV3,FedEx,1,1,16.76,2.63,0.0,19.39,shipmonk_estimate,USD
130579,6344786706742,Cattasaurus - shoproxstore - Shopify,direct_to_consumer,fulfilled,2025-01-04,2025-01-06,2025-01-04,PA2,FedEx,1,1,14.14,2.63,0.0,16.77,shipmonk_estimate,USD
130580,6344795226422,Cattasaurus - shoproxstore - Shopify,direct_to_consumer,fulfilled,2025-01-04,2025-01-06,2025-01-04,PA2,FedEx,1,1,28.56,2.63,0.0,31.19,shipmonk_estimate,USD
130581,6344826716470,Cattasaurus - shoproxstore - Shopify,direct_to_consumer,fulfilled,2025-01-04,2025-01-06,2025-01-04,PA2,UPS,1,1,15.55,2.63,0.0,18.18,shipmonk_estimate,USD
130582,6344826847542,Cattasaurus - shoproxstore - Shopify,direct_to_consumer,fulfilled,2025-01-04,2025-01-06,2025-01-04,PA2,FedEx,1,1,13.21,2.26,0.0,15.47,shipmonk_estimate,USD
130583,6344834548022,Cattasaurus - shoproxstore - Shopify,direct_to_consumer,fulfilled,2025-01-04,2025-01-06,2025-01-04,NV3,FedEx,1,1,18.87,2.63,0.0,21.5,shipmonk_estimate,USD
130584,6344835793206,Cattasaurus - shoproxstore - Shopify,direct_to_consumer,fulfilled,2025-01-04,2025-01-06,2025-01-04,NV3,FedEx,1,1,18.87,2.63,0.0,21.5,shipmonk_estimate,USD
130586,6344843460918,Cattasaurus - shoproxstore - Shopify,direct_to_consumer,fulfilled,2025-01-04,2025-01-06,2025-01-04,PA2,UPS,1,1,14.5,2.26,0.0,16.76,shipmonk_estimate,USD
130587,6344846541110,Cattasaurus - shoproxstore - Shopify,direct_to_consumer,fulfilled,2025-01-04,2025-01-06,2025-01-04,PA2,FedEx,2,1,18.87,3.0,0.0,21.87,shipmonk_estimate,USD
130588,6344880128310,Cattasaurus - shoproxstore - Shopify,direct_to_consumer,fulfilled,2025-01-04,2025-01-06,2025-01-04,PA2,FedEx,1,1,14.14,2.63,0.0,16.77,shipmonk_estimate,USD
130589,6344886616374,Cattasaurus - shoproxstore - Shopify,direct_to_consumer,fulfilled,2025-01-04,2025-01-06,2025-01-04,PA2,FedEx,1,1,13.21,2.63,0.0,15.84,shipmonk_estimate,USD
130590,6344888090934,Cattasaurus - shoproxstore - Shopify,direct_to_consumer,fulfilled,2025-01-04,2025-01-06,2025-01-04,PA2,FedEx,1,1,19.51,2.26,0.0,21.77,shipmonk_estimate,USD
130591,6344892678454,Cattasaurus - shoproxstore - Shopify,direct_to_consumer,fulfilled,2025-01-04,2025-01-06,2025-01-04,PA2,FedEx,1,1,16.76,2.63,0.0,19.39,shipmonk_estimate,USD
130592,6344901165366,Cattasaurus - shoproxstore - Shopify,direct_to_consumer,fulfilled,2025-01-04,2025-01-06,2025-01-04,PA2,FedEx,1,1,20.92,2.63,0.0,23.55,shipmonk_estimate,USD
130593,6344917221686,Cattasaurus - shoproxstore - Shopify,direct_to_consumer,fulfilled,2025-01-04,2025-01-06,2025-01-04,PA2,FedEx,2,1,22.76,3.0,0.0,25.76,shipmonk_estimate,USD
130594,6344924299574,Cattasaurus - shoproxstore - Shopify,direct_to_consumer,fulfilled,2025-01-04,2025-01-06,2025-01-04,PA2,FedEx,1,1,18.87,2.63,0.0,21.5,shipmonk_estimate,USD
130595,6344957657398,Cattasaurus - shoproxstore - Shopify,direct_to_consumer,fulfilled,2025-01-04,2025-01-06,2025-01-04,PA2,FedEx,1,1,20.92,2.63,0.0,23.55,shipmonk_estimate,USD
130596,6344966537526,Cattasaurus - shoproxstore - Shopify,direct_to_consumer,fulfilled,2025-01-04,2025-01-06,2025-01-04,NV3,FedEx,2,1,13.91,2.63,0.0,16.54,shipmonk_estimate,USD
130598,6345023553846,Cattasaurus - shoproxstore - Shopify,direct_to_consumer,fulfilled,2025-01-04,2025-01-06,2025-01-04,PA2,FedEx,3,1,19.51,3.37,0.0,22.88,shipmonk_estimate,USD
130599,6345028010294,Cattasaurus - shoproxstore - Shopify,direct_to_consumer,fulfilled,2025-01-04,2025-01-06,2025-01-04,PA2,FedEx,1,1,20.92,2.63,0.0,23.55,shipmonk_estimate,USD
130600,6345032073526,Cattasaurus - shoproxstore - Shopify,direct_to_consumer,fulfilled,2025-01-04,2025-01-06,2025-01-04,PA2,FedEx,1,1,19.51,2.63,0.0,22.14,shipmonk_estimate,USD
130602,6345039708470,Cattasaurus - shoproxstore - Shopify,direct_to_consumer,fulfilled,2025-01-04,2025-01-06,2025-01-04,PA2,FedEx,1,1,20.92,2.63,0.0,23.55,shipmonk_estimate,USD
130603,6345042166070,Cattasaurus - shoproxstore - Shopify,direct_to_consumer,fulfilled,2025-01-04,2025-01-06,2025-01-04,PA2,FedEx,1,1,19.51,2.63,0.0,22.14,shipmonk_estimate,USD
130604,6345066152246,Cattasaurus - shoproxstore - Shopify,direct_to_consumer,fulfilled,2025-01-04,2025-01-06,2025-01-04,PA2,FedEx,1,1,23.75,2.63,0.0,26.38,shipmonk_estimate,USD
130605,6345120121142,Cattasaurus - shoproxstore - Shopify,direct_to_consumer,fulfilled,2025-01-04,2025-01-06,2025-01-04,PA2,FedEx,1,1,16.78,2.63,0.0,19.41,shipmonk_estimate,USD
130606,6345123430710,Cattasaurus - shoproxstore - Shopify,direct_to_consumer,fulfilled,2025-01-04,2025-01-06,2025-01-04,NV3,DHL eCommerce,2,1,7.9,2.26,0.3,10.46,shipmonk_estimate,USD
130607,6345136701750,Cattasaurus - shoproxstore - Shopify,direct_to_consumer,fulfilled,2025-01-04,2025-01-06,2025-01-04,PA2,FedEx,2,1,19.51,3.0,0.0,22.51,shipmonk_estimate,USD
130608,6345167962422,Cattasaurus - shoproxstore - Shopify,direct_to_consumer,fulfilled,2025-01-04,2025-01-06,2025-01-04,PA2,FedEx,3,1,15.29,3.37,0.0,18.66,shipmonk_estimate,USD
130609,6345171861814,Cattasaurus - shoproxstore - Shopify,direct_to_consumer,fulfilled,2025-01-04,2025-01-06,2025-01-04,PA2,FedEx,1,1,16.78,2.63,0.0,19.41,shipmonk_estimate,USD
130610,6345175662902,Cattasaurus - shoproxstore - Shopify,direct_to_consumer,fulfilled,2025-01-04,2025-01-07,2025-01-04,PA2,FedEx,1,1,18.1,2.26,0.0,20.36,shipmonk_estimate,USD
130611,6345196110134,Cattasaurus - shoproxstore - Shopify,direct_to_consumer,fulfilled,2025-01-04,2025-01-06,2025-01-04,PA2,FedEx,1,1,19.51,2.63,0.0,22.14,shipmonk_estimate,USD
130612,6345197715766,Cattasaurus - shoproxstore - Shopify,direct_to_consumer,fulfilled,2025-01-04,2025-01-06,2025-01-04,NV3,FedEx,1,1,19.93,2.63,0.0,22.56,shipmonk_estimate,USD
130613,6345256698166,Cattasaurus - shoproxstore - Shopify,direct_to_consumer,fulfilled,2025-01-04,2025-01-06,2025-01-04,PA2,FedEx,1,1,13.21,2.63,0.0,15.84,shipmonk_estimate,USD
130614,6345269510454,Cattasaurus - shoproxstore - Shopify,direct_to_consumer,fulfilled,2025-01-04,2025-01-06,2025-01-04,PA2,FedEx,1,1,20.92,2.63,0.0,23.55,shipmonk_estimate,USD
130615,6345305522486,Cattasaurus - shoproxstore - Shopify,direct_to_consumer,fulfilled,2025-01-04,2025-01-06,2025-01-04,PA2,FedEx,1,1,12.5,2.63,0.0,15.13,shipmonk_estimate,USD
130616,6345306702134,Cattasaurus - shoproxstore - Shopify,direct_to_consumer,fulfilled,2025-01-04,2025-01-06,2025-01-04,PA2,FedEx,1,1,19.51,2.63,0.0,22.14,shipmonk_estimate,USD
130617,6345316106550,Cattasaurus - shoproxstore - Shopify,direct_to_consumer,fulfilled,2025-01-04,2025-01-06,2025-01-04,PA2,FedEx,1,1,13.91,2.63,0.0,16.54,shipmonk_estimate,USD
130618,6345328066870,Cattasaurus - shoproxstore - Shopify,direct_to_consumer,fulfilled,2025-01-04,2025-01-06,2025-01-04,PA2,FedEx,1,1,22.76,3.0,0.0,25.76,shipmonk_estimate,USD
130619,6345379447094,Cattasaurus - shoproxstore - Shopify,direct_to_consumer,fulfilled,2025-01-04,2025-01-07,2025-01-04,PA2,FedEx,2,1,19.51,2.63,0.0,22.14,shipmonk_estimate,USD
130619_1,62a2b7db-5cee-4507-9a56-6536dd0295bc,Cattasaurus - shoproxstore - Shopify,direct_to_consumer,fulfilled,2025-01-04,2025-01-07,2025-01-04,PA2,FedEx,2,1,19.51,2.63,0.0,22.14,shipmonk_estimate,USD
130620,6345411723574,Cattasaurus - shoproxstore - Shopify,direct_to_consumer,fulfilled,2025-01-04,2025-01-06,2025-01-04,PA2,FedEx,1,1,13.21,2.26,0.0,15.47,shipmonk_estimate,USD
130621,6345418637622,Cattasaurus - shoproxstore - Shopify,direct_to_consumer,fulfilled,2025-01-04,2025-01-06,2025-01-04,PA2,FedEx,1,1,13.21,2.26,0.0,15.47,shipmonk_estimate,USD
130622,6345448522038,Cattasaurus - shoproxstore - Shopify,direct_to_consumer,fulfilled,2025-01-04,2025-01-06,2025-01-04,PA2,FedEx,1,1,23.75,2.63,0.0,26.38,shipmonk_estimate,USD
130624,6345475785014,Cattasaurus - shoproxstore - Shopify,direct_to_consumer,fulfilled,2025-01-04,2025-01-06,2025-01-04,NV3,FedEx,3,1,15.29,3.37,0.0,18.66,shipmonk_estimate,USD
130625,6345487221046,Cattasaurus - shoproxstore - Shopify,direct_to_consumer,fulfilled,2025-01-04,2025-01-06,2025-01-04,NV3,FedEx,1,1,15.29,2.63,0.0,17.92,shipmonk_estimate,USD
130626,6345512714550,Cattasaurus - shoproxstore - Shopify,direct_to_consumer,fulfilled,2025-01-04,2025-01-06,2025-01-04,PA2,UPS,1,1,15.32,2.63,0.0,17.95,shipmonk_estimate,USD
130627,6345530147126,Cattasaurus - shoproxstore - Shopify,direct_to_consumer,fulfilled,2025-01-04,2025-01-06,2025-01-04,NV3,FedEx,1,1,18.87,2.63,0.0,21.5,shipmonk_estimate,USD
130628,6345552068918,Cattasaurus - shoproxstore - Shopify,direct_to_consumer,fulfilled,2025-01-04,2025-01-06,2025-01-04,PA2,FedEx,1,1,16.78,2.63,0.0,19.41,shipmonk_estimate,USD
130629,6345565241654,Cattasaurus - shoproxstore - Shopify,direct_to_consumer,fulfilled,2025-01-04,2025-01-06,2025-01-04,PA2,UPS,1,1,14.5,2.26,0.0,16.76,shipmonk_estimate,USD
130630,6345572221238,Cattasaurus - shoproxstore - Shopify,direct_to_consumer,fulfilled,2025-01-04,2025-01-06,2025-01-04,PA2,FedEx,1,1,13.09,2.63,0.0,15.72,shipmonk_estimate,USD
130631,6345578381622,Cattasaurus - shoproxstore - Shopify,direct_to_consumer,fulfilled,2025-01-04,2025-01-06,2025-01-04,PA2,FedEx,1,1,19.51,2.63,0.0,22.14,shipmonk_estimate,USD
130632,6345587065142,Cattasaurus - shoproxstore - Shopify,direct_to_consumer,fulfilled,2025-01-04,2025-01-06,2025-01-04,PA2,FedEx,1,1,20.92,2.63,0.0,23.55,shipmonk_estimate,USD
130633,6345612067126,Cattasaurus - shoproxstore - Shopify,direct_to_consumer,fulfilled,2025-01-04,2025-01-06,2025-01-04,PA2,FedEx,1,1,16.78,2.63,0.0,19.41,shipmonk_estimate,USD
130634,6345626779958,Cattasaurus - shoproxstore - Shopify,direct_to_consumer,fulfilled,2025-01-04,2025-01-06,2025-01-04,PA2,FedEx,1,1,13.09,2.63,0.0,15.72,shipmonk_estimate,USD
130635,6345627173174,Cattasaurus - shoproxstore - Shopify,direct_to_consumer,fulfilled,2025-01-04,2025-01-06,2025-01-04,NV3,FedEx,1,1,13.91,2.63,0.0,16.54,shipmonk_estimate,USD
130636,6345711157558,Cattasaurus - shoproxstore - Shopify,direct_to_consumer,fulfilled,2025-01-04,2025-01-06,2025-01-04,PA2,FedEx,1,1,20.92,2.63,0.0,23.55,shipmonk_estimate,USD
130637,6345738879286,Cattasaurus - shoproxstore - Shopify,direct_to_consumer,fulfilled,2025-01-04,2025-01-06,2025-01-04,NV3,FedEx,1,1,18.87,2.63,0.0,21.5,shipmonk_estimate,USD
130638,6345754738998,Cattasaurus - shoproxstore - Shopify,direct_to_consumer,fulfilled,2025-01-04,2025-01-06,2025-01-04,PA2,FedEx,1,1,18.19,2.26,0.0,20.45,shipmonk_estimate,USD
130639,6345767551286,Cattasaurus - shoproxstore - Shopify,direct_to_consumer,fulfilled,2025-01-04,2025-01-06,2025-01-04,NV3,FedEx,1,1,14.14,2.63,0.0,16.77,shipmonk_estimate,USD
130640,6345773580598,Cattasaurus - shoproxstore - Shopify,direct_to_consumer,fulfilled,2025-01-04,2025-01-06,2025-01-04,NV3,UPS,1,1,20.28,2.63,0.0,22.91,shipmonk_estimate,USD
130641,6345789800758,Cattasaurus - shoproxstore - Shopify,direct_to_consumer,fulfilled,2025-01-04,2025-01-06,2025-01-04,PA2,FedEx,1,1,15.29,2.63,0.0,17.92,shipmonk_estimate,USD
130642,6345809658166,Cattasaurus - shoproxstore - Shopify,direct_to_consumer,fulfilled,2025-01-04,2025-01-06,2025-01-04,PA2,FedEx,1,1,27.15,2.63,0.0,29.78,shipmonk_estimate,USD
130643,6345852518710,Cattasaurus - shoproxstore - Shopify,direct_to_consumer,fulfilled,2025-01-04,2025-01-06,2025-01-04,PA2,FedEx,1,1,18.87,2.63,0.0,21.5,shipmonk_estimate,USD
130644,6345855664438,Cattasaurus - shoproxstore - Shopify,direct_to_consumer,fulfilled,2025-01-04,2025-01-06,2025-01-04,PA2,FedEx,1,1,28.56,2.26,0.0,30.82,shipmonk_estimate,USD
130645,6345906192694,Cattasaurus - shoproxstore - Shopify,direct_to_consumer,fulfilled,2025-01-04,2025-01-06,2025-01-04,PA2,FedEx,1,1,16.7,2.63,0.0,19.33,shipmonk_estimate,USD
130646,6345918382390,Cattasaurus - shoproxstore - Shopify,direct_to_consumer,fulfilled,2025-01-04,2025-01-06,2025-01-04,PA2,FedEx,1,1,15.29,2.26,0.0,17.55,shipmonk_estimate,USD
130648,6345929589046,Cattasaurus - shoproxstore - Shopify,direct_to_consumer,fulfilled,2025-01-04,2025-01-06,2025-01-04,PA2,FedEx,1,1,16.76,2.26,0.0,19.02,shipmonk_estimate,USD
130649,6345936798006,Cattasaurus - shoproxstore - Shopify,direct_to_consumer,fulfilled,2025-01-04,2025-01-07,2025-01-04,PA2,UPS,1,1,15.32,2.63,0.0,17.95,shipmonk_estimate,USD
130650,6345941942582,Cattasaurus - shoproxstore - Shopify,direct_to_consumer,fulfilled,2025-01-04,2025-01-06,2025-01-04,PA2,FedEx,1,1,20.92,2.63,0.0,23.55,shipmonk_estimate,USD
130651,6345964388662,Cattasaurus - shoproxstore - Shopify,direct_to_consumer,fulfilled,2025-01-04,2025-01-06,2025-01-04,PA2,FedEx,1,1,13.91,2.26,0.0,16.17,shipmonk_estimate,USD
130652,6345970024758,Cattasaurus - shoproxstore - Shopify,direct_to_consumer,fulfilled,2025-01-04,2025-01-06,2025-01-04,PA2,FedEx,2,1,13.21,3.0,0.0,16.21,shipmonk_estimate,USD
130653,6345974907190,Cattasaurus - shoproxstore - Shopify,direct_to_consumer,fulfilled,2025-01-04,2025-01-06,2025-01-04,PA2,DHL eCommerce,2,1,9.24,2.26,0.3,11.8,shipmonk_estimate,USD
130654,6346009936182,Cattasaurus - shoproxstore - Shopify,direct_to_consumer,fulfilled,2025-01-04,2025-01-06,2025-01-04,NV3,FedEx,1,1,19.51,2.26,0.0,21.77,shipmonk_estimate,USD
130656,6346064134454,Cattasaurus - shoproxstore - Shopify,direct_to_consumer,fulfilled,2025-01-04,2025-01-06,2025-01-04,PA2,FedEx,1,1,18.19,2.26,0.0,20.45,shipmonk_estimate,USD
130657,6346071048502,Cattasaurus - shoproxstore - Shopify,direct_to_consumer,fulfilled,2025-01-04,2025-01-06,2025-01-04,PA2,FedEx,1,1,20.92,2.63,0.0,23.55,shipmonk_estimate,USD
130658,6346093494582,Cattasaurus - shoproxstore - Shopify,direct_to_consumer,fulfilled,2025-01-04,2025-01-06,2025-01-04,PA2,FedEx,1,1,16.7,2.63,0.0,19.33,shipmonk_estimate,USD
130659,6346105094454,Cattasaurus - shoproxstore - Shopify,direct_to_consumer,fulfilled,2025-01-04,2025-01-06,2025-01-04,PA2,FedEx,1,1,13.21,2.63,0.0,15.84,shipmonk_estimate,USD
130660,6346121347382,Cattasaurus - shoproxstore - Shopify,direct_to_consumer,fulfilled,2025-01-04,2025-01-06,2025-01-04,PA2,DHL eCommerce,1,1,5.47,2.26,0.5,8.23,shipmonk_estimate,USD
130661,6346134421814,Cattasaurus - shoproxstore - Shopify,direct_to_consumer,fulfilled,2025-01-04,2025-01-06,2025-01-04,PA2,FedEx,1,1,19.51,2.63,0.0,22.14,shipmonk_estimate,USD
130664,6346162274614,Cattasaurus - shoproxstore - Shopify,direct_to_consumer,fulfilled,2025-01-04,2025-01-06,2025-01-04,PA2,FedEx,1,1,18.87,2.63,0.0,21.5,shipmonk_estimate,USD
130665,6346162897206,Cattasaurus - shoproxstore - Shopify,direct_to_consumer,fulfilled,2025-01-04,2025-01-06,2025-01-04,PA2,FedEx,1,1,20.92,2.63,0.0,23.55,shipmonk_estimate,USD
130666,6346167583030,Cattasaurus - shoproxstore - Shopify,direct_to_consumer,fulfilled,2025-01-04,2025-01-06,2025-01-04,PA2,FedEx,1,1,20.92,2.63,0.0,23.55,shipmonk_estimate,USD
130667,6346200351030,Cattasaurus - shoproxstore - Shopify,direct_to_consumer,fulfilled,2025-01-04,2025-01-06,2025-01-04,PA2,FedEx,1,1,16.76,2.63,0.0,19.39,shipmonk_estimate,USD
130668,6346234331446,Cattasaurus - shoproxstore - Shopify,direct_to_consumer,fulfilled,2025-01-04,2025-01-06,2025-01-04,PA2,UPS,1,1,18.17,2.63,0.0,20.8,shipmonk_estimate,USD
130669,6346237837622,Cattasaurus - shoproxstore - Shopify,direct_to_consumer,fulfilled,2025-01-04,2025-01-06,2025-01-04,NV3,FedEx,1,1,18.17,2.63,0.0,20.8,shipmonk_estimate,USD
130670,6346242818358,Cattasaurus - shoproxstore - Shopify,direct_to_consumer,fulfilled,2025-01-04,2025-01-06,2025-01-04,PA2,FedEx,1,1,16.76,2.63,0.0,19.39,shipmonk_estimate,USD
130671,6346245112118,Cattasaurus - shoproxstore - Shopify,direct_to_consumer,fulfilled,2025-01-04,2025-01-06,2025-01-04,PA2,FedEx,1,1,23.75,2.63,0.0,26.38,shipmonk_estimate,USD
130672,6346339385654,Cattasaurus - shoproxstore - Shopify,direct_to_consumer,fulfilled,2025-01-04,2025-01-06,2025-01-04,PA2,UPS,1,1,15.55,2.63,0.0,18.18,shipmonk_estimate,USD
130673,6346388013366,Cattasaurus - shoproxstore - Shopify,direct_to_consumer,fulfilled,2025-01-04,2025-01-06,2025-01-04,NV3,FedEx,1,1,25.16,2.63,0.0,27.79,shipmonk_estimate,USD
130675,6346462658870,Cattasaurus - shoproxstore - Shopify,direct_to_consumer,fulfilled,2025-01-04,2025-01-06,2025-01-04,PA2,FedEx,1,1,13.91,2.63,0.0,16.54,shipmonk_estimate,USD
130676,6346466033974,Cattasaurus - shoproxstore - Shopify,direct_to_consumer,fulfilled,2025-01-04,2025-01-06,2025-01-04,PA2,FedEx,1,1,16.7,2.63,0.0,19.33,shipmonk_estimate,USD
130677,6346522886454,Cattasaurus - shoproxstore - Shopify,direct_to_consumer,fulfilled,2025-01-04,2025-01-06,2025-01-04,PA2,FedEx,1,1,13.09,2.63,0.0,15.72,shipmonk_estimate,USD
111-3835403-9765813,111-3835403-9765813,Cattasaurus - Amazon USA,direct_to_consumer,fulfilled,2025-01-05,2025-01-06,2025-01-05,PA2,FedEx,1,1,18.19,2.26,0.0,20.45,shipmonk_estimate,USD
111-9461390-9680247,111-9461390-9680247,Cattasaurus - Amazon USA,direct_to_consumer,fulfilled,2025-01-05,2025-01-06,2025-01-05,NV3,FedEx,1,1,18.19,2.26,0.0,20.45,shipmonk_estimate,USD
112-0042791-8304268,112-0042791-8304268,Cattasaurus - Amazon USA,direct_to_consumer,fulfilled,2025-01-05,2025-01-06,2025-01-05,PA2,FedEx,1,1,16.78,2.26,0.0,19.04,shipmonk_estimate,USD
113-4491744-0672251,113-4491744-0672251,Cattasaurus - Amazon USA,direct_to_consumer,fulfilled,2025-01-05,2025-01-06,2025-01-05,PA2,FedEx,1,1,19.51,2.26,0.0,21.77,shipmonk_estimate,USD
128102-01,53dd71b0-6ae4-4a33-8204-76fefe9c0543,Cattasaurus - shoproxstore - Shopify,direct_to_consumer,fulfilled,2025-01-05,2025-01-06,2025-01-05,PA2,FedEx,1,1,18.19,2.26,0.0,20.45,shipmonk_estimate,USD
130678,6346941661494,Cattasaurus - shoproxstore - Shopify,direct_to_consumer,fulfilled,2025-01-05,2025-01-06,2025-01-05,PA2,FedEx,1,1,23.75,2.63,0.0,26.38,shipmonk_estimate,USD
130679,6347034460470,Cattasaurus - shoproxstore - Shopify,direct_to_consumer,fulfilled,2025-01-05,2025-01-06,2025-01-05,PA2,FedEx,1,1,13.21,2.63,0.0,15.84,shipmonk_estimate,USD
130680,6347102126390,Cattasaurus - shoproxstore - Shopify,direct_to_consumer,fulfilled,2025-01-05,2025-01-06,2025-01-05,PA2,FedEx,1,1,13.91,2.63,0.0,16.54,shipmonk_estimate,USD
130681,6347215995190,Cattasaurus - shoproxstore - Shopify,direct_to_consumer,fulfilled,2025-01-05,2025-01-06,2025-01-05,NV3,FedEx,1,1,16.06,3.0,0.0,19.06,shipmonk_estimate,USD
130682,6347256496438,Cattasaurus - shoproxstore - Shopify,direct_to_consumer,fulfilled,2025-01-05,2025-01-07,2025-01-05,PA2,FedEx,1,1,23.75,2.63,0.0,26.38,shipmonk_estimate,USD
130683,6347267637558,Cattasaurus - shoproxstore - Shopify,direct_to_consumer,fulfilled,2025-01-05,2025-01-06,2025-01-05,PA2,FedEx,1,1,13.91,2.26,0.0,16.17,shipmonk_estimate,USD
130684,6347307254070,Cattasaurus - shoproxstore - Shopify,direct_to_consumer,fulfilled,2025-01-05,2025-01-07,2025-01-05,PA2,DHL eCommerce,2,1,9.23,2.26,0.5,11.99,shipmonk_estimate,USD
130685,6347307647286,Cattasaurus - shoproxstore - Shopify,direct_to_consumer,fulfilled,2025-01-05,2025-01-07,2025-01-05,PA2,UPS,1,1,18.17,2.63,0.0,20.8,shipmonk_estimate,USD
130686,6347337302326,Cattasaurus - shoproxstore - Shopify,direct_to_consumer,fulfilled,2025-01-05,2025-01-07,2025-01-05,PA2,FedEx,1,1,13.21,2.63,0.0,15.84,shipmonk_estimate,USD
130687,6347376165174,Cattasaurus - shoproxstore - Shopify,direct_to_consumer,fulfilled,2025-01-05,2025-01-07,2025-01-05,PA2,FedEx,2,1,24.17,3.0,0.0,27.17,shipmonk_estimate,USD
130687_1,dc3a683f-33fc-408c-bbfa-f488515defda,Cattasaurus - shoproxstore - Shopify,direct_to_consumer,fulfilled,2025-01-05,2025-01-07,2025-01-05,PA2,FedEx,1,1,19.99,3.0,0.0,22.99,shipmonk_estimate,USD
130688,6347415224630,Cattasaurus - shoproxstore - Shopify,direct_to_consumer,fulfilled,2025-01-05,2025-01-07,2025-01-05,PA2,UPS,1,1,15.32,2.63,0.0,17.95,shipmonk_estimate,USD
130691,6347453759798,Cattasaurus - shoproxstore - Shopify,direct_to_consumer,fulfilled,2025-01-05,2025-02-02,2025-01-05,PA2,UPS,2,1,15.32,2.26,0.0,17.58,shipmonk_estimate,USD
130692,6347453923638,Cattasaurus - shoproxstore - Shopify,direct_to_consumer,fulfilled,2025-01-05,2025-01-07,2025-01-05,PA2,FedEx,1,1,19.51,2.63,0.0,22.14,shipmonk_estimate,USD
130693,6347462869302,Cattasaurus - shoproxstore - Shopify,direct_to_consumer,fulfilled,2025-01-05,2025-01-07,2025-01-05,PA2,FedEx,1,1,23.75,2.63,0.0,26.38,shipmonk_estimate,USD
130694,6347500749110,Cattasaurus - shoproxstore - Shopify,direct_to_consumer,fulfilled,2025-01-05,2025-01-07,2025-01-05,PA2,FedEx,2,1,24.17,3.0,0.0,27.17,shipmonk_estimate,USD
130695,6347518443830,Cattasaurus - shoproxstore - Shopify,direct_to_consumer,fulfilled,2025-01-05,2025-01-07,2025-01-05,PA2,FedEx,1,1,16.7,2.63,0.0,19.33,shipmonk_estimate,USD
130696,6347542036790,Cattasaurus - shoproxstore - Shopify,direct_to_consumer,fulfilled,2025-01-05,2025-01-07,2025-01-05,PA2,UPS,2,1,18.17,3.0,0.0,21.17,shipmonk_estimate,USD
130697,6347549999414,Cattasaurus - shoproxstore - Shopify,direct_to_consumer,fulfilled,2025-01-05,2025-01-07,2025-01-05,PA2,FedEx,1,1,20.92,2.63,0.0,23.55,shipmonk_estimate,USD
130698,6347580637494,Cattasaurus - shoproxstore - Shopify,direct_to_consumer,fulfilled,2025-01-05,2025-01-07,2025-01-05,PA2,UPS,2,1,14.62,3.0,0.0,17.62,shipmonk_estimate,USD
130699,6347581227318,Cattasaurus - shoproxstore - Shopify,direct_to_consumer,fulfilled,2025-01-05,2025-02-15,2025-01-05,PA2,UPS,1,1,14.53,2.26,0.0,16.79,shipmonk_estimate,USD
130700,6347581554998,Cattasaurus - shoproxstore - Shopify,direct_to_consumer,fulfilled,2025-01-05,2025-01-06,2025-01-05,NV3,FedEx,2,1,18.87,3.0,0.0,21.87,shipmonk_estimate,USD
130701,6347597119798,Cattasaurus - shoproxstore - Shopify,direct_to_consumer,fulfilled,2025-01-05,2025-01-07,2025-01-05,PA2,UPS,2,1,18.17,3.0,0.0,21.17,shipmonk_estimate,USD
130702,6347599774006,Cattasaurus - shoproxstore - Shopify,direct_to_consumer,fulfilled,2025-01-05,2025-01-07,2025-01-05,PA2,FedEx,1,1,18.58,3.0,0.0,21.58,shipmonk_estimate,USD
130703,6347637686582,Cattasaurus - shoproxstore - Shopify,direct_to_consumer,fulfilled,2025-01-05,2025-01-06,2025-01-05,PA2,FedEx,1,1,13.09,2.26,0.0,15.35,shipmonk_estimate,USD
130704,6347643879734,Cattasaurus - shoproxstore - Shopify,direct_to_consumer,fulfilled,2025-01-05,2025-01-07,2025-01-05,PA2,FedEx,1,1,19.51,2.63,0.0,22.14,shipmonk_estimate,USD
130705,6347650531638,Cattasaurus - shoproxstore - Shopify,direct_to_consumer,fulfilled,2025-01-05,2025-01-07,2025-01-05,PA2,FedEx,1,1,15.29,2.26,0.0,17.55,shipmonk_estimate,USD
130706,6347692835126,Cattasaurus - shoproxstore - Shopify,direct_to_consumer,fulfilled,2025-01-05,2025-01-06,2025-01-05,PA2,FedEx,1,1,14.14,2.26,0.0,16.4,shipmonk_estimate,USD
130708,6347742150966,Cattasaurus - shoproxstore - Shopify,direct_to_consumer,fulfilled,2025-01-05,2025-01-07,2025-01-05,PA2,FedEx,1,1,14.14,2.63,0.0,16.77,shipmonk_estimate,USD
130709,6347758207286,Cattasaurus - shoproxstore - Shopify,direct_to_consumer,fulfilled,2025-01-05,2025-01-07,2025-01-05,PA2,FedEx,1,1,15.29,2.63,0.0,17.92,shipmonk_estimate,USD
130710,6347764203830,Cattasaurus - shoproxstore - Shopify,direct_to_consumer,fulfilled,2025-01-05,2025-01-07,2025-01-05,PA2,FedEx,1,1,25.16,2.63,0.0,27.79,shipmonk_estimate,USD
130711,6347807654198,Cattasaurus - shoproxstore - Shopify,direct_to_consumer,fulfilled,2025-01-05,2025-01-07,2025-01-05,PA2,DHL eCommerce,4,1,8.2,3.0,0.5,11.7,shipmonk_estimate,USD
130712,6347825709366,Cattasaurus - shoproxstore - Shopify,direct_to_consumer,fulfilled,2025-01-05,2025-01-07,2025-01-05,PA2,FedEx,1,1,16.76,2.63,0.0,19.39,shipmonk_estimate,USD
130713,6347829739830,Cattasaurus - shoproxstore - Shopify,direct_to_consumer,fulfilled,2025-01-05,2025-01-07,2025-01-05,NV3,FedEx,3,1,29.13,3.37,0.0,32.5,shipmonk_estimate,USD
130714,6347835900214,Cattasaurus - shoproxstore - Shopify,direct_to_consumer,fulfilled,2025-01-05,2025-01-07,2025-01-05,PA2,FedEx,2,1,19.51,3.0,0.0,22.51,shipmonk_estimate,USD
130715,6347836621110,Cattasaurus - shoproxstore - Shopify,direct_to_consumer,fulfilled,2025-01-05,2025-01-07,2025-01-05,PA2,FedEx,1,1,14.14,2.63,0.0,16.77,shipmonk_estimate,USD
130716,6347847074102,Cattasaurus - shoproxstore - Shopify,direct_to_consumer,fulfilled,2025-01-05,2025-01-07,2025-01-05,PA2,FedEx,1,1,13.91,2.63,0.0,16.54,shipmonk_estimate,USD
130718,6347863425334,Cattasaurus - shoproxstore - Shopify,direct_to_consumer,fulfilled,2025-01-05,2025-01-07,2025-01-05,NV3,FedEx,1,1,23.75,2.26,0.0,26.01,shipmonk_estimate,USD
130719,6347868897590,Cattasaurus - shoproxstore - Shopify,direct_to_consumer,fulfilled,2025-01-05,2025-01-07,2025-01-05,PA2,FedEx,1,1,19.51,2.63,0.0,22.14,shipmonk_estimate,USD
130720,6347892523318,Cattasaurus - shoproxstore - Shopify,direct_to_consumer,fulfilled,2025-01-05,2025-01-07,2025-01-05,PA2,FedEx,1,1,13.21,2.26,0.0,15.47,shipmonk_estimate,USD
130721,6347892785462,Cattasaurus - shoproxstore - Shopify,direct_to_consumer,fulfilled,2025-01-05,2025-01-07,2025-01-05,NV3,UPS,1,1,15.55,2.63,0.0,18.18,shipmonk_estimate,USD
130722,6347908481334,Cattasaurus - shoproxstore - Shopify,direct_to_consumer,fulfilled,2025-01-05,2025-01-07,2025-01-05,PA2,FedEx,1,1,19.51,2.63,0.0,22.14,shipmonk_estimate,USD
130723,6347932369206,Cattasaurus - shoproxstore - Shopify,direct_to_consumer,fulfilled,2025-01-05,2025-01-07,2025-01-05,NV3,FedEx,2,1,16.78,2.63,0.0,19.41,shipmonk_estimate,USD
130724,6347946590518,Cattasaurus - shoproxstore - Shopify,direct_to_consumer,fulfilled,2025-01-05,2025-01-07,2025-01-05,PA2,FedEx,1,1,13.21,2.63,0.0,15.84,shipmonk_estimate,USD
130725,6347954422070,Cattasaurus - shoproxstore - Shopify,direct_to_consumer,fulfilled,2025-01-05,2025-01-07,2025-01-05,PA2,FedEx,1,1,13.91,2.63,0.0,16.54,shipmonk_estimate,USD
130726,6348000559414,Cattasaurus - shoproxstore - Shopify,direct_to_consumer,fulfilled,2025-01-05,2025-01-07,2025-01-05,PA2,FedEx,2,1,15.29,2.63,0.0,17.92,shipmonk_estimate,USD
130727,6348001575222,Cattasaurus - shoproxstore - Shopify,direct_to_consumer,fulfilled,2025-01-05,2025-01-07,2025-01-05,PA2,FedEx,1,1,16.78,2.63,0.0,19.41,shipmonk_estimate,USD
130728,6348010029366,Cattasaurus - shoproxstore - Shopify,direct_to_consumer,fulfilled,2025-01-05,2025-01-06,2025-01-05,PA2,FedEx,1,1,16.76,2.26,0.0,19.02,shipmonk_estimate,USD
130729,6348017959222,Cattasaurus - shoproxstore - Shopify,direct_to_consumer,fulfilled,2025-01-05,2025-01-07,2025-01-05,PA2,FedEx,1,1,20.92,2.26,0.0,23.18,shipmonk_estimate,USD
130730,6348064555318,Cattasaurus - shoproxstore - Shopify,direct_to_consumer,fulfilled,2025-01-05,2025-01-07,2025-01-05,PA2,FedEx,1,1,16.76,2.63,0.0,19.39,shipmonk_estimate,USD
130731,6348102041910,Cattasaurus - shoproxstore - Shopify,direct_to_consumer,fulfilled,2025-01-05,2025-01-07,2025-01-05,PA2,FedEx,2,1,13.09,3.0,0.0,16.09,shipmonk_estimate,USD
130732,6348121932086,Cattasaurus - shoproxstore - Shopify,direct_to_consumer,fulfilled,2025-01-05,2025-01-07,2025-01-05,PA2,FedEx,1,1,20.92,2.63,0.0,23.55,shipmonk_estimate,USD
130733,6348126880054,Cattasaurus - shoproxstore - Shopify,direct_to_consumer,fulfilled,2025-01-05,2025-01-07,2025-01-05,PA2,FedEx,1,1,14.14,2.63,0.0,16.77,shipmonk_estimate,USD
130734,6348138316086,Cattasaurus - shoproxstore - Shopify,direct_to_consumer,fulfilled,2025-01-05,2025-01-07,2025-01-05,PA2,FedEx,1,1,20.92,2.63,0.0,23.55,shipmonk_estimate,USD
130735,6348169511222,Cattasaurus - shoproxstore - Shopify,direct_to_consumer,fulfilled,2025-01-05,2025-01-07,2025-01-05,PA2,FedEx,1,1,18.19,2.63,0.0,20.82,shipmonk_estimate,USD
130736,6348181504310,Cattasaurus - shoproxstore - Shopify,direct_to_consumer,fulfilled,2025-01-05,2025-01-07,2025-01-05,PA2,FedEx,2,1,29.13,3.0,0.0,32.13,shipmonk_estimate,USD
130738,6348249596214,Cattasaurus - shoproxstore - Shopify,direct_to_consumer,fulfilled,2025-01-05,2025-01-07,2025-01-05,PA2,FedEx,1,1,18.19,2.63,0.0,20.82,shipmonk_estimate,USD
130739,6348252840246,Cattasaurus - shoproxstore - Shopify,direct_to_consumer,fulfilled,2025-01-05,2025-01-07,2025-01-05,PA2,FedEx,1,1,13.91,2.63,0.0,16.54,shipmonk_estimate,USD
130740,6348296978742,Cattasaurus - shoproxstore - Shopify,direct_to_consumer,fulfilled,2025-01-05,2025-01-07,2025-01-05,PA2,FedEx,1,1,16.78,2.26,0.0,19.04,shipmonk_estimate,USD
130741,6348307366198,Cattasaurus - shoproxstore - Shopify,direct_to_consumer,fulfilled,2025-01-05,2025-01-07,2025-01-05,PA2,FedEx,1,1,16.7,2.26,0.0,18.96,shipmonk_estimate,USD
130742,6348341281078,Cattasaurus - shoproxstore - Shopify,direct_to_consumer,fulfilled,2025-01-05,2025-01-07,2025-01-05,PA2,FedEx,1,1,29.13,3.0,0.0,32.13,shipmonk_estimate,USD
130743,6348348031286,Cattasaurus - shoproxstore - Shopify,direct_to_consumer,fulfilled,2025-01-05,2025-01-07,2025-01-05,PA2,FedEx,1,1,14.14,2.26,0.0,16.4,shipmonk_estimate,USD
130744,6348371788086,Cattasaurus - shoproxstore - Shopify,direct_to_consumer,fulfilled,2025-01-05,2025-01-07,2025-01-05,NV3,FedEx,1,1,20.92,2.26,0.0,23.18,shipmonk_estimate,USD
130745,6348394692918,Cattasaurus - shoproxstore - Shopify,direct_to_consumer,fulfilled,2025-01-05,2025-01-07,2025-01-05,PA2,FedEx,1,1,20.92,2.63,0.0,23.55,shipmonk_estimate,USD
130746,6348421529910,Cattasaurus - shoproxstore - Shopify,direct_to_consumer,fulfilled,2025-01-05,2025-01-07,2025-01-05,NV3,FedEx,1,1,16.7,2.26,0.0,18.96,shipmonk_estimate,USD
130747,6348431065398,Cattasaurus - shoproxstore - Shopify,direct_to_consumer,fulfilled,2025-01-05,2025-01-07,2025-01-05,NV3,FedEx,1,1,16.76,2.63,0.0,19.39,shipmonk_estimate,USD
130748,6348483952950,Cattasaurus - shoproxstore - Shopify,direct_to_consumer,fulfilled,2025-01-05,2025-01-07,2025-01-05,PA2,FedEx,1,1,16.76,2.63,0.0,19.39,shipmonk_estimate,USD
130749,6348496339254,Cattasaurus - shoproxstore - Shopify,direct_to_consumer,fulfilled,2025-01-05,2025-01-07,2025-01-05,NV3,FedEx,2,1,23.75,3.0,0.0,26.75,shipmonk_estimate,USD
130750,6348579045686,Cattasaurus - shoproxstore - Shopify,direct_to_consumer,fulfilled,2025-01-05,2025-01-07,2025-01-05,PA2,FedEx,1,1,16.76,2.63,0.0,19.39,shipmonk_estimate,USD
130751,6348580258102,Cattasaurus - shoproxstore - Shopify,direct_to_consumer,fulfilled,2025-01-05,2025-01-07,2025-01-05,PA2,FedEx,1,1,16.76,2.63,0.0,19.39,shipmonk_estimate,USD
130752,6348614238518,Cattasaurus - shoproxstore - Shopify,direct_to_consumer,fulfilled,2025-01-05,2025-01-07,2025-01-05,PA2,UPS,1,1,14.5,2.26,0.0,16.76,shipmonk_estimate,USD
130753,6348627378486,Cattasaurus - shoproxstore - Shopify,direct_to_consumer,fulfilled,2025-01-05,2025-01-07,2025-01-05,PA2,FedEx,4,1,23.75,3.37,0.0,27.12,shipmonk_estimate,USD
130754,6348667388214,Cattasaurus - shoproxstore - Shopify,direct_to_consumer,fulfilled,2025-01-05,2025-01-07,2025-01-05,NV3,UPS,1,1,18.17,2.63,0.0,20.8,shipmonk_estimate,USD
130755,6348685672758,Cattasaurus - shoproxstore - Shopify,direct_to_consumer,fulfilled,2025-01-05,2025-01-07,2025-01-05,NV3,FedEx,1,1,18.87,2.63,0.0,21.5,shipmonk_estimate,USD
130756,6348687933750,Cattasaurus - shoproxstore - Shopify,direct_to_consumer,fulfilled,2025-01-05,2025-01-07,2025-01-05,PA2,FedEx,1,1,23.75,2.63,0.0,26.38,shipmonk_estimate,USD
130757,6348687999286,Cattasaurus - shoproxstore - Shopify,direct_to_consumer,fulfilled,2025-01-05,2025-01-07,2025-01-05,NV3,UPS,1,1,18.17,2.63,0.0,20.8,shipmonk_estimate,USD
130759,6348735906102,Cattasaurus - shoproxstore - Shopify,direct_to_consumer,fulfilled,2025-01-05,2025-01-07,2025-01-05,PA2,FedEx,1,1,15.29,2.63,0.0,17.92,shipmonk_estimate,USD
130760,6348740264246,Cattasaurus - shoproxstore - Shopify,direct_to_consumer,fulfilled,2025-01-05,2025-01-07,2025-01-05,PA2,UPS,1,1,18.17,2.63,0.0,20.8,shipmonk_estimate,USD
130761,6348768608566,Cattasaurus - shoproxstore - Shopify,direct_to_consumer,fulfilled,2025-01-05,2025-01-07,2025-01-05,PA2,FedEx,1,1,27.15,2.63,0.0,29.78,shipmonk_estimate,USD
130762,6348798427446,Cattasaurus - shoproxstore - Shopify,direct_to_consumer,fulfilled,2025-01-05,2025-01-07,2025-01-05,NV3,FedEx,1,1,16.76,2.26,0.0,19.02,shipmonk_estimate,USD
130763,6348812845366,Cattasaurus - shoproxstore - Shopify,direct_to_consumer,fulfilled,2025-01-05,2025-01-07,2025-01-05,PA2,FedEx,1,1,14.14,2.63,0.0,16.77,shipmonk_estimate,USD
130764,6348814319926,Cattasaurus - shoproxstore - Shopify,direct_to_consumer,fulfilled,2025-01-05,2025-01-07,2025-01-05,PA2,UPS,1,1,15.32,2.63,0.0,17.95,shipmonk_estimate,USD
130765,6348856066358,Cattasaurus - shoproxstore - Shopify,direct_to_consumer,fulfilled,2025-01-05,2025-01-07,2025-01-05,NV3,FedEx,1,1,16.76,2.63,0.0,19.39,shipmonk_estimate,USD
130766_1,ee16cd60-ef8a-41fe-a086-80c128d48b9c,Cattasaurus - shoproxstore - Shopify,direct_to_consumer,fulfilled,2025-01-05,2025-01-20,2025-01-05,NV3,DHL eCommerce,1,1,5.68,1.89,0.0,7.57,shipmonk_estimate,USD
130767,6348883329334,Cattasaurus - shoproxstore - Shopify,direct_to_consumer,fulfilled,2025-01-05,2025-01-07,2025-01-05,NV3,FedEx,1,1,13.91,2.63,0.0,16.54,shipmonk_estimate,USD
130768,6348918489398,Cattasaurus - shoproxstore - Shopify,direct_to_consumer,fulfilled,2025-01-05,2025-01-07,2025-01-05,PA2,FedEx,1,1,19.51,2.63,0.0,22.14,shipmonk_estimate,USD
130769,6348950765878,Cattasaurus - shoproxstore - Shopify,direct_to_consumer,fulfilled,2025-01-05,2025-01-07,2025-01-05,PA2,FedEx,1,1,19.51,2.63,0.0,22.14,shipmonk_estimate,USD
130770,6348961972534,Cattasaurus - shoproxstore - Shopify,direct_to_consumer,fulfilled,2025-01-05,2025-01-07,2025-01-05,PA2,FedEx,1,1,13.21,2.63,0.0,15.84,shipmonk_estimate,USD
130771,6348972491062,Cattasaurus - shoproxstore - Shopify,direct_to_consumer,fulfilled,2025-01-05,2025-01-07,2025-01-05,PA2,FedEx,1,1,20.92,2.63,0.0,23.55,shipmonk_estimate,USD
130772,6348980420918,Cattasaurus - shoproxstore - Shopify,direct_to_consumer,fulfilled,2025-01-05,2025-01-07,2025-01-05,NV3,FedEx,1,1,16.78,2.26,0.0,19.04,shipmonk_estimate,USD
130773,6349026984246,Cattasaurus - shoproxstore - Shopify,direct_to_consumer,fulfilled,2025-01-05,2025-01-07,2025-01-05,NV3,FedEx,1,1,13.91,2.63,0.0,16.54,shipmonk_estimate,USD
130774,6349035340086,Cattasaurus - shoproxstore - Shopify,direct_to_consumer,fulfilled,2025-01-05,2025-01-07,2025-01-05,NV3,DHL eCommerce,3,1,9.63,2.63,0.3,12.56,shipmonk_estimate,USD
130775,6349036880182,Cattasaurus - shoproxstore - Shopify,direct_to_consumer,fulfilled,2025-01-05,2025-01-07,2025-01-05,PA2,FedEx,1,1,18.87,2.63,0.0,21.5,shipmonk_estimate,USD
130776,6349056999734,Cattasaurus - shoproxstore - Shopify,direct_to_consumer,fulfilled,2025-01-05,2025-01-07,2025-01-05,PA2,FedEx,1,1,13.09,2.63,0.0,15.72,shipmonk_estimate,USD
130777,6349058933046,Cattasaurus - shoproxstore - Shopify,direct_to_consumer,fulfilled,2025-01-05,2025-01-07,2025-01-05,NV3,FedEx,1,1,18.87,2.63,0.0,21.5,shipmonk_estimate,USD
130778,6349076267318,Cattasaurus - shoproxstore - Shopify,direct_to_consumer,fulfilled,2025-01-05,2025-01-07,2025-01-05,PA2,FedEx,1,1,13.09,2.63,0.0,15.72,shipmonk_estimate,USD
130779,6349076365622,Cattasaurus - shoproxstore - Shopify,direct_to_consumer,fulfilled,2025-01-05,2025-01-07,2025-01-05,PA2,UPS,1,1,15.32,2.63,0.0,17.95,shipmonk_estimate,USD
130780,6349080461622,Cattasaurus - shoproxstore - Shopify,direct_to_consumer,fulfilled,2025-01-05,2025-01-07,2025-01-05,PA2,UPS,1,1,15.55,2.63,0.0,18.18,shipmonk_estimate,USD
130781,6349083935030,Cattasaurus - shoproxstore - Shopify,direct_to_consumer,fulfilled,2025-01-05,2025-01-07,2025-01-05,PA2,FedEx,1,1,18.87,2.63,0.0,21.5,shipmonk_estimate,USD
130782,6349086949686,Cattasaurus - shoproxstore - Shopify,direct_to_consumer,fulfilled,2025-01-05,2025-01-07,2025-01-05,NV3,UPS,1,1,18.17,2.63,0.0,20.8,shipmonk_estimate,USD
130783,6349096386870,Cattasaurus - shoproxstore - Shopify,direct_to_consumer,fulfilled,2025-01-05,2025-01-07,2025-01-05,PA2,FedEx,1,1,14.14,2.63,0.0,16.77,shipmonk_estimate,USD
130784,6349101367606,Cattasaurus - shoproxstore - Shopify,direct_to_consumer,fulfilled,2025-01-05,2025-01-07,2025-01-05,PA2,FedEx,1,1,16.76,2.26,0.0,19.02,shipmonk_estimate,USD
130785,6349103825206,Cattasaurus - shoproxstore - Shopify,direct_to_consumer,fulfilled,2025-01-05,2025-01-07,2025-01-05,PA2,FedEx,2,1,15.29,2.26,0.0,17.55,shipmonk_estimate,USD
130786,6349109952822,Cattasaurus - shoproxstore - Shopify,direct_to_consumer,fulfilled,2025-01-05,2025-01-07,2025-01-05,PA2,FedEx,1,1,27.15,2.63,0.0,29.78,shipmonk_estimate,USD
130787,6349118931254,Cattasaurus - shoproxstore - Shopify,direct_to_consumer,fulfilled,2025-01-05,2025-01-07,2025-01-05,PA2,FedEx,1,1,13.91,2.63,0.0,16.54,shipmonk_estimate,USD
130788,6349125812534,Cattasaurus - shoproxstore - Shopify,direct_to_consumer,fulfilled,2025-01-05,2025-01-07,2025-01-05,NV3,FedEx,1,1,18.87,2.63,0.0,21.5,shipmonk_estimate,USD
130789,6349158777142,Cattasaurus - shoproxstore - Shopify,direct_to_consumer,fulfilled,2025-01-05,2025-01-07,2025-01-05,NV3,FedEx,1,1,13.91,2.63,0.0,16.54,shipmonk_estimate,USD
130790,6349196624182,Cattasaurus - shoproxstore - Shopify,direct_to_consumer,fulfilled,2025-01-05,2025-01-07,2025-01-05,PA2,FedEx,1,1,13.91,2.63,0.0,16.54,shipmonk_estimate,USD
130791,6349226639670,Cattasaurus - shoproxstore - Shopify,direct_to_consumer,fulfilled,2025-01-05,2025-01-07,2025-01-05,PA2,FedEx,1,1,16.76,2.63,0.0,19.39,shipmonk_estimate,USD
130792,6349242859830,Cattasaurus - shoproxstore - Shopify,direct_to_consumer,fulfilled,2025-01-05,2025-01-07,2025-01-05,NV3,FedEx,1,1,16.76,2.63,0.0,19.39,shipmonk_estimate,USD
130793,6349264748854,Cattasaurus - shoproxstore - Shopify,direct_to_consumer,fulfilled,2025-01-05,2025-01-07,2025-01-05,PA2,FedEx,1,1,13.09,2.63,0.0,15.72,shipmonk_estimate,USD
130794,6349265568054,Cattasaurus - shoproxstore - Shopify,direct_to_consumer,fulfilled,2025-01-05,2025-01-07,2025-01-05,NV3,UPS,1,1,15.55,2.63,0.0,18.18,shipmonk_estimate,USD
130795,6349302235446,Cattasaurus - shoproxstore - Shopify,direct_to_consumer,fulfilled,2025-01-05,2025-01-07,2025-01-05,PA2,UPS,1,1,15.32,2.63,0.0,17.95,shipmonk_estimate,USD
130796,6349329236278,Cattasaurus - shoproxstore - Shopify,direct_to_consumer,fulfilled,2025-01-05,2025-01-07,2025-01-05,PA2,FedEx,1,1,18.58,3.0,0.0,21.58,shipmonk_estimate,USD
130797,6349358563638,Cattasaurus - shoproxstore - Shopify,direct_to_consumer,fulfilled,2025-01-05,2025-01-07,2025-01-05,NV3,FedEx,1,1,18.58,3.0,0.0,21.58,shipmonk_estimate,USD
130798,6349371605302,Cattasaurus - shoproxstore - Shopify,direct_to_consumer,fulfilled,2025-01-05,2025-01-07,2025-01-05,NV3,FedEx,1,1,13.91,2.63,0.0,16.54,shipmonk_estimate,USD
130799,6349382058294,Cattasaurus - shoproxstore - Shopify,direct_to_consumer,fulfilled,2025-01-05,2025-01-07,2025-01-05,PA2,FedEx,1,1,13.91,2.63,0.0,16.54,shipmonk_estimate,USD
115289,6259718422838,Cattasaurus - shoproxstore - Shopify,direct_to_consumer,fulfilled,2024-11-28,2025-01-06,,PA2,FedEx,1,1,28.56,2.63,0.0,31.19,shipmonk_estimate,USD
127231,6298240155958,Cattasaurus - shoproxstore - Shopify,direct_to_consumer,fulfilled,2024-12-18,2025-01-06,,NV3,FedEx,1,1,14.14,2.63,0.0,16.77,shipmonk_estimate,USD
112-0123068-9475432,112-0123068-9475432,Cattasaurus - Amazon USA,direct_to_consumer,fulfilled,2025-01-06,2025-01-07,2025-01-06,PA2,FedEx,1,1,16.78,2.26,0.0,19.04,shipmonk_estimate,USD
112438-01,b753982f-bba8-4e81-b577-73523ff4c9a4,Cattasaurus - shoproxstore - Shopify,direct_to_consumer,fulfilled,2025-01-06,2025-01-06,2025-01-06,PA2,UPS,1,1,15.55,2.26,0.0,17.81,shipmonk_estimate,USD
114-7590026-0712217,114-7590026-0712217,Cattasaurus - Amazon USA,direct_to_consumer,fulfilled,2025-01-06,2025-01-07,2025-01-06,NV3,FedEx,1,1,23.75,2.26,0.0,26.01,shipmonk_estimate,USD
118309-01,c5e3bebd-105b-4b39-b96c-5ca6f63fa121,Cattasaurus - shoproxstore - Shopify,direct_to_consumer,fulfilled,2025-01-06,2025-01-06,2025-01-06,PA2,FedEx,1,1,16.06,3.0,0.0,19.06,shipmonk_estimate,USD
124642-01,aec23a31-e315-4fd7-875b-f4a4e0a73dcd,Cattasaurus - shoproxstore - Shopify,direct_to_consumer,fulfilled,2025-01-06,2025-01-07,2025-01-06,NV3,FedEx,1,1,16.76,2.26,0.0,19.02,shipmonk_estimate,USD
126242-01,acf9e95b-8f22-4551-9087-4576f69dab35,Cattasaurus - shoproxstore - Shopify,direct_to_consumer,fulfilled,2025-01-06,2025-01-07,2025-01-06,PA2,FedEx,1,1,13.09,3.0,0.0,16.09,shipmonk_estimate,USD
127186-01,77eb496d-8fc9-4f44-a858-1c1d119dc3c3,Cattasaurus - shoproxstore - Shopify,direct_to_consumer,fulfilled,2025-01-06,2025-01-06,2025-01-06,PA2,UPS,1,1,18.17,2.26,0.0,20.43,shipmonk_estimate,USD
128047-01,df18002b-f0ea-420d-940f-5f62f1490037,Cattasaurus - shoproxstore - Shopify,direct_to_consumer,fulfilled,2025-01-06,2025-01-07,2025-01-06,NV3,FedEx,1,1,13.91,2.63,0.0,16.54,shipmonk_estimate,USD
128098-01,604fd9c9-03ef-4635-b1b7-65a27409ef4c,Cattasaurus - shoproxstore - Shopify,direct_to_consumer,fulfilled,2025-01-06,2025-01-07,2025-01-06,NV3,UPS,1,1,15.55,2.63,0.0,18.18,shipmonk_estimate,USD
129562-01,996d913e-d664-490a-a58c-0e99bfe8f9fb,Cattasaurus - shoproxstore - Shopify,direct_to_consumer,fulfilled,2025-01-06,2025-01-06,2025-01-06,PA2,FedEx,1,1,16.76,2.26,0.0,19.02,shipmonk_estimate,USD
130800,6349398638902,Cattasaurus - shoproxstore - Shopify,direct_to_consumer,fulfilled,2025-01-06,2025-01-07,2025-01-06,NV3,FedEx,1,1,14.14,2.63,0.0,16.77,shipmonk_estimate,USD
130801,6349404963126,Cattasaurus - shoproxstore - Shopify,direct_to_consumer,fulfilled,2025-01-06,2025-01-07,2025-01-06,NV3,FedEx,1,1,18.87,2.63,0.0,21.5,shipmonk_estimate,USD
130802,6349571424566,Cattasaurus - shoproxstore - Shopify,direct_to_consumer,fulfilled,2025-01-06,2025-01-07,2025-01-06,PA2,FedEx,1,1,16.76,2.26,0.0,19.02,shipmonk_estimate,USD
130803,6349583515958,Cattasaurus - shoproxstore - Shopify,direct_to_consumer,fulfilled,2025-01-06,2025-01-07,2025-01-06,PA2,UPS,1,1,15.55,2.26,0.0,17.81,shipmonk_estimate,USD
130804,6349599113526,Cattasaurus - shoproxstore - Shopify,direct_to_consumer,fulfilled,2025-01-06,2025-01-07,2025-01-06,PA2,UPS,1,1,15.32,2.26,0.0,17.58,shipmonk_estimate,USD
130805,6349606519094,Cattasaurus - shoproxstore - Shopify,direct_to_consumer,fulfilled,2025-01-06,2025-01-07,2025-01-06,PA2,UPS,1,1,15.55,2.63,0.0,18.18,shipmonk_estimate,USD
130806,6349619265846,Cattasaurus - shoproxstore - Shopify,direct_to_consumer,fulfilled,2025-01-06,2025-01-07,2025-01-06,PA2,FedEx,1,1,14.14,2.63,0.0,16.77,shipmonk_estimate,USD
130807,6349642170678,Cattasaurus - shoproxstore - Shopify,direct_to_consumer,fulfilled,2025-01-06,2025-01-07,2025-01-06,PA2,FedEx,2,1,19.51,2.63,0.0,22.14,shipmonk_estimate,USD
130807_1,53bf5e61-ceb7-49f3-b3eb-26c31dda1b05,Cattasaurus - shoproxstore - Shopify,direct_to_consumer,fulfilled,2025-01-06,2025-01-07,2025-01-06,PA2,FedEx,1,1,19.51,2.63,0.0,22.14,shipmonk_estimate,USD
130809,6349653737782,Cattasaurus - shoproxstore - Shopify,direct_to_consumer,fulfilled,2025-01-06,2025-01-07,2025-01-06,PA2,FedEx,1,1,19.51,2.63,0.0,22.14,shipmonk_estimate,USD
130810,6349655900470,Cattasaurus - shoproxstore - Shopify,direct_to_consumer,fulfilled,2025-01-06,2025-01-07,2025-01-06,NV3,FedEx,1,1,16.76,2.63,0.0,19.39,shipmonk_estimate,USD
130811,6349656588598,Cattasaurus - shoproxstore - Shopify,direct_to_consumer,fulfilled,2025-01-06,2025-01-07,2025-01-06,PA2,FedEx,1,1,20.92,2.63,0.0,23.55,shipmonk_estimate,USD
130812,6349660717366,Cattasaurus - shoproxstore - Shopify,direct_to_consumer,fulfilled,2025-01-06,2025-01-07,2025-01-06,PA2,UPS,2,2,36.8,3.0,0.0,39.8,shipmonk_estimate,USD
130813,6349669105974,Cattasaurus - shoproxstore - Shopify,direct_to_consumer,fulfilled,2025-01-06,2025-01-07,2025-01-06,PA2,FedEx,1,1,15.55,2.26,0.0,17.81,shipmonk_estimate,USD
130814,6349675921718,Cattasaurus - shoproxstore - Shopify,direct_to_consumer,fulfilled,2025-01-06,2025-01-07,2025-01-06,PA2,FedEx,1,1,13.09,2.26,0.0,15.35,shipmonk_estimate,USD
130815,6349676577078,Cattasaurus - shoproxstore - Shopify,direct_to_consumer,fulfilled,2025-01-06,2025-01-07,2025-01-06,PA2,FedEx,3,1,22.76,3.37,0.0,26.13,shipmonk_estimate,USD
130816,6349679264054,Cattasaurus - shoproxstore - Shopify,direct_to_consumer,fulfilled,2025-01-06,2025-01-07,2025-01-06,PA2,UPS,2,1,18.17,2.63,0.0,20.8,shipmonk_estimate,USD
130817,6349692502326,Cattasaurus - shoproxstore - Shopify,direct_to_consumer,fulfilled,2025-01-06,2025-01-07,2025-01-06,NV3,FedEx,1,1,16.76,2.26,0.0,19.02,shipmonk_estimate,USD
130818,6349693452598,Cattasaurus - shoproxstore - Shopify,direct_to_consumer,fulfilled,2025-01-06,2025-01-07,2025-01-06,NV3,FedEx,1,1,14.14,2.63,0.0,16.77,shipmonk_estimate,USD
130819,6349707051318,Cattasaurus - shoproxstore - Shopify,direct_to_consumer,fulfilled,2025-01-06,2025-01-07,2025-01-06,PA2,FedEx,1,1,23.75,2.63,0.0,26.38,shipmonk_estimate,USD
130820,6349712982326,Cattasaurus - shoproxstore - Shopify,direct_to_consumer,fulfilled,2025-01-06,2025-01-07,2025-01-06,PA2,FedEx,1,1,13.09,2.63,0.0,15.72,shipmonk_estimate,USD
130821,6349713441078,Cattasaurus - shoproxstore - Shopify,direct_to_consumer,fulfilled,2025-01-06,2025-01-07,2025-01-06,PA2,FedEx,1,1,13.09,2.63,0.0,15.72,shipmonk_estimate,USD
130822,6349713867062,Cattasaurus - shoproxstore - Shopify,direct_to_consumer,fulfilled,2025-01-06,2025-01-07,2025-01-06,PA2,FedEx,2,1,18.19,3.0,0.0,21.19,shipmonk_estimate,USD
130823,6349715243318,Cattasaurus - shoproxstore - Shopify,direct_to_consumer,fulfilled,2025-01-06,2025-01-07,2025-01-06,PA2,UPS,1,1,18.17,2.63,0.0,20.8,shipmonk_estimate,USD
130824,6349733036342,Cattasaurus - shoproxstore - Shopify,direct_to_consumer,fulfilled,2025-01-06,2025-01-07,2025-01-06,PA2,FedEx,2,1,16.7,3.0,0.0,19.7,shipmonk_estimate,USD
130825,6349741883702,Cattasaurus - shoproxstore - Shopify,direct_to_consumer,fulfilled,2025-01-06,2025-01-07,2025-01-06,NV3,UPS,1,1,18.17,2.63,0.0,20.8,shipmonk_estimate,USD
130826,6349751124278,Cattasaurus - shoproxstore - Shopify,direct_to_consumer,fulfilled,2025-01-06,2025-01-07,2025-01-06,PA2,UPS,2,1,18.17,3.0,0.0,21.17,shipmonk_estimate,USD
130827,6349751714102,Cattasaurus - shoproxstore - Shopify,direct_to_consumer,fulfilled,2025-01-06,2025-01-07,2025-01-06,PA2,DHL eCommerce,1,1,7.69,1.89,0.5,10.08,shipmonk_estimate,USD
130828,6349762494774,Cattasaurus - shoproxstore - Shopify,direct_to_consumer,fulfilled,2025-01-06,2025-01-07,2025-01-06,PA2,UPS,1,1,18.17,2.63,0.0,20.8,shipmonk_estimate,USD
130829,6349765411126,Cattasaurus - shoproxstore - Shopify,direct_to_consumer,fulfilled,2025-01-06,2025-01-07,2025-01-06,PA2,FedEx,1,1,13.21,2.63,0.0,15.84,shipmonk_estimate,USD
130830,6349776978230,Cattasaurus - shoproxstore - Shopify,direct_to_consumer,fulfilled,2025-01-06,2025-01-07,2025-01-06,PA2,UPS,1,1,14.5,2.63,0.0,17.13,shipmonk_estimate,USD
130831,6349784482102,Cattasaurus - shoproxstore - Shopify,direct_to_consumer,fulfilled,2025-01-06,2025-01-07,2025-01-06,PA2,FedEx,1,1,14.14,2.63,0.0,16.77,shipmonk_estimate,USD
130832,6349789364534,Cattasaurus - shoproxstore - Shopify,direct_to_consumer,fulfilled,2025-01-06,2025-01-07,2025-01-06,PA2,FedEx,1,1,13.91,2.63,0.0,16.54,shipmonk_estimate,USD
130833,6349795524918,Cattasaurus - shoproxstore - Shopify,direct_to_consumer,fulfilled,2025-01-06,2025-01-07,2025-01-06,PA2,FedEx,1,1,19.51,2.63,0.0,22.14,shipmonk_estimate,USD
130834,6349805781302,Cattasaurus - shoproxstore - Shopify,direct_to_consumer,fulfilled,2025-01-06,2025-01-07,2025-01-06,PA2,UPS,1,1,15.32,2.63,0.0,17.95,shipmonk_estimate,USD
130835,6349810073910,Cattasaurus - shoproxstore - Shopify,direct_to_consumer,fulfilled,2025-01-06,2025-01-07,2025-01-06,PA2,FedEx,1,1,16.76,2.63,0.0,19.39,shipmonk_estimate,USD
130836,6349819314486,Cattasaurus - shoproxstore - Shopify,direct_to_consumer,fulfilled,2025-01-06,2025-01-07,2025-01-06,PA2,FedEx,1,1,15.29,2.63,0.0,17.92,shipmonk_estimate,USD
130838,6349829341494,Cattasaurus - shoproxstore - Shopify,direct_to_consumer,fulfilled,2025-01-06,2025-01-07,2025-01-06,PA2,FedEx,1,1,13.09,2.63,0.0,15.72,shipmonk_estimate,USD
130839,6349829767478,Cattasaurus - shoproxstore - Shopify,direct_to_consumer,fulfilled,2025-01-06,2025-01-07,2025-01-06,PA2,FedEx,1,1,20.92,2.63,0.0,23.55,shipmonk_estimate,USD
130840,6349869678902,Cattasaurus - shoproxstore - Shopify,direct_to_consumer,fulfilled,2025-01-06,2025-01-07,2025-01-06,PA2,FedEx,1,1,16.76,2.63,0.0,19.39,shipmonk_estimate,USD
130841,6349875839286,Cattasaurus - shoproxstore - Shopify,direct_to_consumer,fulfilled,2025-01-06,2025-01-08,2025-01-06,NV3,FedEx,3,1,14.84,3.74,0.0,18.58,shipmonk_estimate,USD
130842,6349892944182,Cattasaurus - shoproxstore - Shopify,direct_to_consumer,fulfilled,2025-01-06,2025-01-07,2025-01-06,PA2,UPS,1,1,14.5,2.63,0.0,17.13,shipmonk_estimate,USD
130843,6349895139638,Cattasaurus - shoproxstore - Shopify,direct_to_consumer,fulfilled,2025-01-06,2025-01-07,2025-01-06,PA2,FedEx,2,1,15.29,3.0,0.0,18.29,shipmonk_estimate,USD
130844,6349899530550,Cattasaurus - shoproxstore - Shopify,direct_to_consumer,fulfilled,2025-01-06,2025-01-08,2025-01-06,NV3,FedEx,1,1,0.0,2.63,0.0,2.63,shipmonk_estimate,USD
130845,6349899989302,Cattasaurus - shoproxstore - Shopify,direct_to_consumer,fulfilled,2025-01-06,2025-01-07,2025-01-06,PA2,FedEx,1,1,20.92,2.26,0.0,23.18,shipmonk_estimate,USD
130846,6349922926902,Cattasaurus - shoproxstore - Shopify,direct_to_consumer,fulfilled,2025-01-06,2025-01-08,2025-01-06,NV3,UPS,1,1,20.28,2.63,0.0,22.91,shipmonk_estimate,USD
130847,6349932822838,Cattasaurus - shoproxstore - Shopify,direct_to_consumer,fulfilled,2025-01-06,2025-01-07,2025-01-06,PA2,FedEx,2,1,16.76,3.0,0.0,19.76,shipmonk_estimate,USD
130848,6349934919990,Cattasaurus - shoproxstore - Shopify,direct_to_consumer,fulfilled,2025-01-06,2025-01-07,2025-01-06,PA2,UPS,1,1,15.32,2.63,0.0,17.95,shipmonk_estimate,USD
130849,6349937213750,Cattasaurus - shoproxstore - Shopify,direct_to_consumer,fulfilled,2025-01-06,2025-01-07,2025-01-06,PA2,UPS,1,1,18.17,2.63,0.0,20.8,shipmonk_estimate,USD
130850,6349989314870,Cattasaurus - shoproxstore - Shopify,direct_to_consumer,fulfilled,2025-01-06,2025-01-08,2025-01-06,PA2,FedEx,2,1,15.29,3.37,0.0,18.66,shipmonk_estimate,USD
130851,6350009368886,Cattasaurus - shoproxstore - Shopify,direct_to_consumer,fulfilled,2025-01-06,2025-01-08,2025-01-06,NV3,FedEx,1,1,18.87,2.63,0.0,21.5,shipmonk_estimate,USD
130852,6350027817270,Cattasaurus - shoproxstore - Shopify,direct_to_consumer,fulfilled,2025-01-06,2025-01-08,2025-01-06,PA2,UPS,1,1,14.5,3.0,0.0,17.5,shipmonk_estimate,USD
130853,6350034764086,Cattasaurus - shoproxstore - Shopify,direct_to_consumer,fulfilled,2025-01-06,2025-01-08,2025-01-06,PA2,FedEx,3,1,24.17,3.37,0.0,27.54,shipmonk_estimate,USD
130854,6350035091766,Cattasaurus - shoproxstore - Shopify,direct_to_consumer,fulfilled,2025-01-06,2025-01-08,2025-01-06,NV3,UPS,1,1,18.17,2.63,0.0,20.8,shipmonk_estimate,USD
130855,6350041219382,Cattasaurus - shoproxstore - Shopify,direct_to_consumer,fulfilled,2025-01-06,2025-01-08,2025-01-06,NV3,FedEx,1,1,15.29,2.63,0.0,17.92,shipmonk_estimate,USD
130856,6350098530614,Cattasaurus - shoproxstore - Shopify,direct_to_consumer,fulfilled,2025-01-06,2025-01-08,2025-01-06,PA2,FedEx,2,1,27.72,3.0,0.0,30.72,shipmonk_estimate,USD
130857,6350099775798,Cattasaurus - shoproxstore - Shopify,direct_to_consumer,fulfilled,2025-01-06,2025-01-08,2025-01-06,PA2,FedEx,1,1,13.09,2.63,0.0,15.72,shipmonk_estimate,USD
130858,6350106132790,Cattasaurus - shoproxstore - Shopify,direct_to_consumer,fulfilled,2025-01-06,2025-01-08,2025-01-06,PA2,FedEx,1,1,13.91,2.63,0.0,16.54,shipmonk_estimate,USD
130859,6350114423094,Cattasaurus - shoproxstore - Shopify,direct_to_consumer,fulfilled,2025-01-06,2025-01-08,2025-01-06,PA2,UPS,1,1,15.55,2.63,0.0,18.18,shipmonk_estimate,USD
130860,6350115832118,Cattasaurus - shoproxstore - Shopify,direct_to_consumer,fulfilled,2025-01-06,2025-01-08,2025-01-06,PA2,FedEx,1,1,15.29,2.63,0.0,17.92,shipmonk_estimate,USD
130861,6350122811702,Cattasaurus - shoproxstore - Shopify,direct_to_consumer,fulfilled,2025-01-06,2025-01-08,2025-01-06,NV3,FedEx,1,1,18.19,2.63,0.0,20.82,shipmonk_estimate,USD
130862,6350126088502,Cattasaurus - shoproxstore - Shopify,direct_to_consumer,fulfilled,2025-01-06,2025-01-08,2025-01-06,PA2,FedEx,1,1,20.92,2.63,0.0,23.55,shipmonk_estimate,USD
130863,6350144995638,Cattasaurus - shoproxstore - Shopify,direct_to_consumer,fulfilled,2025-01-06,2025-01-08,2025-01-06,NV3,FedEx,1,1,18.87,2.26,0.0,21.13,shipmonk_estimate,USD
130864,6350149746998,Cattasaurus - shoproxstore - Shopify,direct_to_consumer,fulfilled,2025-01-06,2025-01-08,2025-01-06,PA2,FedEx,1,1,16.76,2.63,0.0,19.39,shipmonk_estimate,USD
130865,6350159970614,Cattasaurus - shoproxstore - Shopify,direct_to_consumer,fulfilled,2025-01-06,2025-01-08,2025-01-06,NV3,UPS,2,1,18.17,3.0,0.0,21.17,shipmonk_estimate,USD
130866,6350174617910,Cattasaurus - shoproxstore - Shopify,direct_to_consumer,fulfilled,2025-01-06,2025-01-08,2025-01-06,PA2,FedEx,1,1,14.14,2.63,0.0,16.77,shipmonk_estimate,USD
130867,6350178124086,Cattasaurus - shoproxstore - Shopify,direct_to_consumer,fulfilled,2025-01-06,2025-01-08,2025-01-06,NV3,FedEx,1,1,16.76,2.63,0.0,19.39,shipmonk_estimate,USD
130868,6350182416694,Cattasaurus - shoproxstore - Shopify,direct_to_consumer,fulfilled,2025-01-06,2025-01-08,2025-01-06,PA2,FedEx,1,1,14.14,2.63,0.0,16.77,shipmonk_estimate,USD
130869,6350202732854,Cattasaurus - shoproxstore - Shopify,direct_to_consumer,fulfilled,2025-01-06,2025-01-08,2025-01-06,PA2,UPS,1,1,18.17,2.63,0.0,20.8,shipmonk_estimate,USD
130870,6350207222070,Cattasaurus - shoproxstore - Shopify,direct_to_consumer,fulfilled,2025-01-06,2025-01-08,2025-01-06,PA2,USPS,2,1,31.13,3.0,0.0,34.13,shipmonk_estimate,USD
130871,6350212137270,Cattasaurus - shoproxstore - Shopify,direct_to_consumer,fulfilled,2025-01-06,2025-01-08,2025-01-06,PA2,FedEx,1,1,16.78,2.26,0.0,19.04,shipmonk_estimate,USD
130872,6350218330422,Cattasaurus - shoproxstore - Shopify,direct_to_consumer,fulfilled,2025-01-06,2025-01-08,2025-01-06,PA2,FedEx,1,1,20.92,2.63,0.0,23.55,shipmonk_estimate,USD
130873,6350221902134,Cattasaurus - shoproxstore - Shopify,direct_to_consumer,fulfilled,2025-01-06,2025-01-08,2025-01-06,PA2,FedEx,1,1,19.51,2.63,0.0,22.14,shipmonk_estimate,USD
130874,6350225441078,Cattasaurus - shoproxstore - Shopify,direct_to_consumer,fulfilled,2025-01-06,2025-01-08,2025-01-06,PA2,UPS,1,1,18.17,2.63,0.0,20.8,shipmonk_estimate,USD
130875,6350232944950,Cattasaurus - shoproxstore - Shopify,direct_to_consumer,fulfilled,2025-01-06,2025-01-08,2025-01-06,PA2,FedEx,2,1,14.53,2.63,0.0,17.16,shipmonk_estimate,USD
130876,6350241399094,Cattasaurus - shoproxstore - Shopify,direct_to_consumer,fulfilled,2025-01-06,2025-01-08,2025-01-06,PA2,FedEx,2,1,20.92,3.0,0.0,23.92,shipmonk_estimate,USD
130877,6350272266550,Cattasaurus - shoproxstore - Shopify,direct_to_consumer,fulfilled,2025-01-06,2025-01-08,2025-01-06,PA2,FedEx,1,1,13.91,2.63,0.0,16.54,shipmonk_estimate,USD
130878,6350280851766,Cattasaurus - shoproxstore - Shopify,direct_to_consumer,fulfilled,2025-01-06,2025-01-08,2025-01-06,PA2,FedEx,1,1,22.76,2.26,0.0,25.02,shipmonk_estimate,USD
130879,6350290092342,Cattasaurus - shoproxstore - Shopify,direct_to_consumer,fulfilled,2025-01-06,2025-01-08,2025-01-06,PA2,FedEx,1,1,16.76,2.63,0.0,19.39,shipmonk_estimate,USD
130880,6350302478646,Cattasaurus - shoproxstore - Shopify,direct_to_consumer,fulfilled,2025-01-06,2025-01-08,2025-01-06,NV3,FedEx,1,1,18.19,2.26,0.0,20.45,shipmonk_estimate,USD
130881,6350325219638,Cattasaurus - shoproxstore - Shopify,direct_to_consumer,fulfilled,2025-01-06,2025-01-08,2025-01-06,PA2,FedEx,1,1,24.17,2.26,0.0,26.43,shipmonk_estimate,USD
130882,6350329381174,Cattasaurus - shoproxstore - Shopify,direct_to_consumer,fulfilled,2025-01-06,2025-01-08,2025-01-06,PA2,FedEx,1,1,16.76,2.63,0.0,19.39,shipmonk_estimate,USD
130883,6350374109494,Cattasaurus - shoproxstore - Shopify,direct_to_consumer,fulfilled,2025-01-06,2025-01-08,2025-01-06,NV3,FedEx,1,1,13.91,2.63,0.0,16.54,shipmonk_estimate,USD
130884,6350384267574,Cattasaurus - shoproxstore - Shopify,direct_to_consumer,fulfilled,2025-01-06,2025-01-08,2025-01-06,PA2,FedEx,2,1,13.09,3.0,0.0,16.09,shipmonk_estimate,USD
130885,6350389739830,Cattasaurus - shoproxstore - Shopify,direct_to_consumer,fulfilled,2025-01-06,2025-01-08,2025-01-06,PA2,FedEx,1,1,16.76,2.63,0.0,19.39,shipmonk_estimate,USD
130886,6350405370166,Cattasaurus - shoproxstore - Shopify,direct_to_consumer,fulfilled,2025-01-06,2025-01-08,2025-01-06,PA2,FedEx,1,1,22.76,2.26,0.0,25.02,shipmonk_estimate,USD
130887,6350414643510,Cattasaurus - shoproxstore - Shopify,direct_to_consumer,fulfilled,2025-01-06,2025-01-08,2025-01-06,PA2,UPS,1,1,14.62,2.26,0.0,16.88,shipmonk_estimate,USD
130888,6350425620790,Cattasaurus - shoproxstore - Shopify,direct_to_consumer,fulfilled,2025-01-06,2025-01-08,2025-01-06,NV3,FedEx,1,1,14.14,2.63,0.0,16.77,shipmonk_estimate,USD
130889,6350427685174,Cattasaurus - shoproxstore - Shopify,direct_to_consumer,fulfilled,2025-01-06,2025-01-13,2025-01-06,NV3,FedEx,1,1,22.09,2.63,0.0,24.72,shipmonk_estimate,USD
130890,6350436827446,Cattasaurus - shoproxstore - Shopify,direct_to_consumer,fulfilled,2025-01-06,2025-01-08,2025-01-06,PA2,FedEx,1,1,14.14,2.63,0.0,16.77,shipmonk_estimate,USD
130891,6350445871414,Cattasaurus - shoproxstore - Shopify,direct_to_consumer,fulfilled,2025-01-06,2025-02-26,2025-01-06,PA2,FedEx,1,1,16.73,2.63,0.0,19.36,shipmonk_estimate,USD
130892,6350447608118,Cattasaurus - shoproxstore - Shopify,direct_to_consumer,fulfilled,2025-01-06,2025-01-08,2025-01-06,PA2,FedEx,1,1,16.78,2.63,0.0,19.41,shipmonk_estimate,USD
130893,6350453080374,Cattasaurus - shoproxstore - Shopify,direct_to_consumer,fulfilled,2025-01-06,2025-01-14,2025-01-06,NV3,FedEx,1,1,16.34,2.63,0.0,18.97,shipmonk_estimate,USD
130894,6350457864502,Cattasaurus - shoproxstore - Shopify,direct_to_consumer,fulfilled,2025-01-06,2025-01-08,2025-01-06,PA2,FedEx,1,1,22.76,2.26,0.0,25.02,shipmonk_estimate,USD
130895,6350474608950,Cattasaurus - shoproxstore - Shopify,direct_to_consumer,fulfilled,2025-01-06,2025-01-08,2025-01-06,PA2,UPS,1,1,18.17,2.63,0.0,20.8,shipmonk_estimate,USD
130896,6350504231222,Cattasaurus - shoproxstore - Shopify,direct_to_consumer,fulfilled,2025-01-06,2025-01-08,2025-01-06,PA2,FedEx,1,1,19.34,2.26,0.0,21.6,shipmonk_estimate,USD
130897,6350508392758,Cattasaurus - shoproxstore - Shopify,direct_to_consumer,fulfilled,2025-01-06,2025-01-08,2025-01-06,PA2,FedEx,1,1,14.14,2.63,0.0,16.77,shipmonk_estimate,USD
130898,6350523334966,Cattasaurus - shoproxstore - Shopify,direct_to_consumer,fulfilled,2025-01-06,2025-01-08,2025-01-06,PA2,FedEx,1,1,20.92,2.63,0.0,23.55,shipmonk_estimate,USD
130899,6350608138550,Cattasaurus - shoproxstore - Shopify,direct_to_consumer,fulfilled,2025-01-06,2025-01-08,2025-01-06,NV3,FedEx,1,1,18.87,2.63,0.0,21.5,shipmonk_estimate,USD
130900,6350612201782,Cattasaurus - shoproxstore - Shopify,direct_to_consumer,fulfilled,2025-01-06,2025-01-08,2025-01-06,PA2,FedEx,1,1,16.76,2.63,0.0,19.39,shipmonk_estimate,USD
130901,6350628290870,Cattasaurus - shoproxstore - Shopify,direct_to_consumer,fulfilled,2025-01-06,2025-01-08,2025-01-06,PA2,FedEx,1,1,18.19,2.63,0.0,20.82,shipmonk_estimate,USD
130902,6350633238838,Cattasaurus - shoproxstore - Shopify,direct_to_consumer,fulfilled,2025-01-06,2025-01-08,2025-01-06,NV3,FedEx,1,1,16.76,2.63,0.0,19.39,shipmonk_estimate,USD
130903,6350638645558,Cattasaurus - shoproxstore - Shopify,direct_to_consumer,fulfilled,2025-01-06,2025-01-08,2025-01-06,NV3,FedEx,1,1,23.75,2.63,0.0,26.38,shipmonk_estimate,USD
130904,6350639202614,Cattasaurus - shoproxstore - Shopify,direct_to_consumer,fulfilled,2025-01-06,2025-01-08,2025-01-06,NV3,FedEx,1,1,18.87,2.63,0.0,21.5,shipmonk_estimate,USD
130905,6350849507638,Cattasaurus - shoproxstore - Shopify,direct_to_consumer,fulfilled,2025-01-06,2025-01-08,2025-01-06,PA2,FedEx,1,1,14.14,2.63,0.0,16.77,shipmonk_estimate,USD
130906,6350882570550,Cattasaurus - shoproxstore - Shopify,direct_to_consumer,fulfilled,2025-01-06,2025-01-08,2025-01-06,PA2,FedEx,1,1,16.78,2.63,0.0,19.41,shipmonk_estimate,USD
105199,6210072379702,Cattasaurus - shoproxstore - Shopify,direct_to_consumer,fulfilled,2024-11-03,2025-01-07,,PA2,FedEx,3,1,25.57,3.37,0.0,28.94,shipmonk_estimate,USD
113-1701719-8623418,113-1701719-8623418,Cattasaurus - Amazon USA,direct_to_consumer,fulfilled,2025-01-07,2025-01-08,2025-01-07,NV3,FedEx,1,1,16.78,2.26,0.0,19.04,shipmonk_estimate,USD
130907,6351043756342,Cattasaurus - shoproxstore - Shopify,direct_to_consumer,fulfilled,2025-01-07,2025-01-08,2025-01-07,NV3,FedEx,1,1,16.76,2.63,0.0,19.39,shipmonk_estimate,USD
130909,6351335653686,Cattasaurus - shoproxstore - Shopify,direct_to_consumer,fulfilled,2025-01-07,2025-01-08,2025-01-07,PA2,FedEx,1,1,13.09,2.63,0.0,15.72,shipmonk_estimate,USD
130910,6351433892150,Cattasaurus - shoproxstore - Shopify,direct_to_consumer,fulfilled,2025-01-07,2025-01-08,2025-01-07,NV3,FedEx,1,1,18.87,2.63,0.0,21.5,shipmonk_estimate,USD
130911,6351543959862,Cattasaurus - shoproxstore - Shopify,direct_to_consumer,fulfilled,2025-01-07,2025-01-08,2025-01-07,PA2,FedEx,1,1,13.21,2.26,0.0,15.47,shipmonk_estimate,USD
130912,6351586984246,Cattasaurus - shoproxstore - Shopify,direct_to_consumer,fulfilled,2025-01-07,2025-01-08,2025-01-07,PA2,FedEx,1,1,17.46,2.26,0.0,19.72,shipmonk_estimate,USD
130913,6351615164726,Cattasaurus - shoproxstore - Shopify,direct_to_consumer,fulfilled,2025-01-07,2025-01-08,2025-01-07,PA2,FedEx,1,1,15.94,2.26,0.0,18.2,shipmonk_estimate,USD
130914,6351637512502,Cattasaurus - shoproxstore - Shopify,direct_to_consumer,fulfilled,2025-01-07,2025-01-08,2025-01-07,PA2,FedEx,2,1,17.46,2.63,0.0,20.09,shipmonk_estimate,USD
130915,6351640822070,Cattasaurus - shoproxstore - Shopify,direct_to_consumer,fulfilled,2025-01-07,2025-01-08,2025-01-07,PA2,FedEx,1,1,16.76,2.63,0.0,19.39,shipmonk_estimate,USD
130916,6351654977846,Cattasaurus - shoproxstore - Shopify,direct_to_consumer,fulfilled,2025-01-07,2025-01-08,2025-01-07,NV3,FedEx,1,1,15.35,2.63,0.0,17.98,shipmonk_estimate,USD
130917,6351674638646,Cattasaurus - shoproxstore - Shopify,direct_to_consumer,fulfilled,2025-01-07,2025-01-08,2025-01-07,PA2,FedEx,1,1,16.76,2.63,0.0,19.39,shipmonk_estimate,USD
130918,6351688368438,Cattasaurus - shoproxstore - Shopify,direct_to_consumer,fulfilled,2025-01-07,2025-01-08,2025-01-07,PA2,FedEx,1,1,15.35,2.63,0.0,17.98,shipmonk_estimate,USD
130919,6351689646390,Cattasaurus - shoproxstore - Shopify,direct_to_consumer,fulfilled,2025-01-07,2025-01-08,2025-01-07,PA2,FedEx,1,1,13.91,2.63,0.0,16.54,shipmonk_estimate,USD
130920,6351700918582,Cattasaurus - shoproxstore - Shopify,direct_to_consumer,fulfilled,2025-01-07,2025-01-08,2025-01-07,NV3,FedEx,1,1,20.28,2.63,0.0,22.91,shipmonk_estimate,USD
130922,6351726248246,Cattasaurus - shoproxstore - Shopify,direct_to_consumer,fulfilled,2025-01-07,2025-01-08,2025-01-07,NV3,FedEx,1,1,18.87,2.26,0.0,21.13,shipmonk_estimate,USD
130923,6351751086390,Cattasaurus - shoproxstore - Shopify,direct_to_consumer,fulfilled,2025-01-07,2025-01-08,2025-01-07,PA2,FedEx,1,1,20.75,1.89,0.0,22.64,shipmonk_estimate,USD
130924,6351772614966,Cattasaurus - shoproxstore - Shopify,direct_to_consumer,fulfilled,2025-01-07,2025-01-08,2025-01-07,PA2,FedEx,2,1,20.92,3.0,0.0,23.92,shipmonk_estimate,USD
130925,6351775105334,Cattasaurus - shoproxstore - Shopify,direct_to_consumer,fulfilled,2025-01-07,2025-01-08,2025-01-07,PA2,DHL eCommerce,3,1,6.54,2.63,0.5,9.67,shipmonk_estimate,USD
130926,6351799484726,Cattasaurus - shoproxstore - Shopify,direct_to_consumer,fulfilled,2025-01-07,2025-01-08,2025-01-07,PA2,FedEx,1,1,19.51,2.63,0.0,22.14,shipmonk_estimate,USD
130927,6351843524918,Cattasaurus - shoproxstore - Shopify,direct_to_consumer,fulfilled,2025-01-07,2025-01-08,2025-01-07,PA2,FedEx,1,1,13.21,2.63,0.0,15.84,shipmonk_estimate,USD
130928,6351849586998,Cattasaurus - shoproxstore - Shopify,direct_to_consumer,fulfilled,2025-01-07,2025-01-08,2025-01-07,PA2,FedEx,1,1,16.76,2.63,0.0,19.39,shipmonk_estimate,USD
130929,6351861678390,Cattasaurus - shoproxstore - Shopify,direct_to_consumer,fulfilled,2025-01-07,2025-01-08,2025-01-07,NV3,UPS,1,1,20.28,2.63,0.0,22.91,shipmonk_estimate,USD
130930,6351886254390,Cattasaurus - shoproxstore - Shopify,direct_to_consumer,fulfilled,2025-01-07,2025-01-09,2025-01-07,NV3,FedEx,1,1,18.19,2.63,0.0,20.82,shipmonk_estimate,USD
130931,6351899164982,Cattasaurus - shoproxstore - Shopify,direct_to_consumer,fulfilled,2025-01-07,2025-01-08,2025-01-07,PA2,FedEx,1,1,18.19,2.63,0.0,20.82,shipmonk_estimate,USD
130932,6351912010038,Cattasaurus - shoproxstore - Shopify,direct_to_consumer,fulfilled,2025-01-07,2025-01-08,2025-01-07,PA2,UPS,1,1,15.32,2.26,0.0,17.58,shipmonk_estimate,USD
130933,6351926460726,Cattasaurus - shoproxstore - Shopify,direct_to_consumer,fulfilled,2025-01-07,2025-01-08,2025-01-07,PA2,FedEx,1,1,19.51,2.63,0.0,22.14,shipmonk_estimate,USD
130934,6351931867446,Cattasaurus - shoproxstore - Shopify,direct_to_consumer,fulfilled,2025-01-07,2025-01-09,2025-01-07,PA2,FedEx,1,1,13.09,2.63,0.0,15.72,shipmonk_estimate,USD
130935,6351940124982,Cattasaurus - shoproxstore - Shopify,direct_to_consumer,fulfilled,2025-01-07,2025-01-08,2025-01-07,PA2,FedEx,1,1,27.15,2.63,0.0,29.78,shipmonk_estimate,USD
130936,6351966470454,Cattasaurus - shoproxstore - Shopify,direct_to_consumer,fulfilled,2025-01-07,2025-01-09,2025-01-07,PA2,FedEx,1,1,0.0,2.63,0.0,2.63,shipmonk_estimate,USD
130937,6351969288502,Cattasaurus - shoproxstore - Shopify,direct_to_consumer,fulfilled,2025-01-07,2025-01-08,2025-01-07,PA2,FedEx,2,1,19.34,2.63,0.0,21.97,shipmonk_estimate,USD
130938,6351974859062,Cattasaurus - shoproxstore - Shopify,direct_to_consumer,fulfilled,2025-01-07,2025-01-08,2025-01-07,PA2,FedEx,3,1,19.34,3.0,0.0,22.34,shipmonk_estimate,USD
130939,6351975317814,Cattasaurus - shoproxstore - Shopify,direct_to_consumer,fulfilled,2025-01-07,2025-01-08,2025-01-07,PA2,FedEx,1,1,16.7,2.63,0.0,19.33,shipmonk_estimate,USD
130940,6352011133238,Cattasaurus - shoproxstore - Shopify,direct_to_consumer,fulfilled,2025-01-07,2025-01-09,2025-01-07,PA2,FedEx,1,1,16.76,2.63,0.0,19.39,shipmonk_estimate,USD
130941,6352012149046,Cattasaurus - shoproxstore - Shopify,direct_to_consumer,fulfilled,2025-01-07,2025-01-08,2025-01-07,PA2,FedEx,1,1,15.29,2.63,0.0,17.92,shipmonk_estimate,USD
130942,6352030236982,Cattasaurus - shoproxstore - Shopify,direct_to_consumer,fulfilled,2025-01-07,2025-01-09,2025-01-07,NV3,FedEx,1,1,13.91,2.26,0.0,16.17,shipmonk_estimate,USD
130943,6352034464054,Cattasaurus - shoproxstore - Shopify,direct_to_consumer,fulfilled,2025-01-07,2025-01-09,2025-01-07,PA2,UPS,1,1,18.17,2.63,0.0,20.8,shipmonk_estimate,USD
130944,6352039379254,Cattasaurus - shoproxstore - Shopify,direct_to_consumer,fulfilled,2025-01-07,2025-01-09,2025-01-07,PA2,UPS,1,1,15.55,2.63,0.0,18.18,shipmonk_estimate,USD
130945,6352055697718,Cattasaurus - shoproxstore - Shopify,direct_to_consumer,fulfilled,2025-01-07,2025-01-09,2025-01-07,PA2,UPS,1,1,14.5,2.63,0.0,17.13,shipmonk_estimate,USD
130946,6352105505078,Cattasaurus - shoproxstore - Shopify,direct_to_consumer,fulfilled,2025-01-07,2025-01-09,2025-01-07,PA2,UPS,1,1,18.17,2.63,0.0,20.8,shipmonk_estimate,USD
130947,6352123232566,Cattasaurus - shoproxstore - Shopify,direct_to_consumer,fulfilled,2025-01-07,2025-01-09,2025-01-07,NV3,FedEx,1,1,13.91,2.63,0.0,16.54,shipmonk_estimate,USD
130948,6352131359030,Cattasaurus - shoproxstore - Shopify,direct_to_consumer,fulfilled,2025-01-07,2025-01-08,2025-01-07,PA2,FedEx,1,1,16.78,2.63,0.0,19.41,shipmonk_estimate,USD
130949,6352135225654,Cattasaurus - shoproxstore - Shopify,direct_to_consumer,fulfilled,2025-01-07,2025-01-09,2025-01-07,PA2,UPS,1,1,15.32,2.63,0.0,17.95,shipmonk_estimate,USD
130950,6352147251510,Cattasaurus - shoproxstore - Shopify,direct_to_consumer,fulfilled,2025-01-07,2025-01-09,2025-01-07,PA2,FedEx,1,1,13.91,2.63,0.0,16.54,shipmonk_estimate,USD
130951,6352205513014,Cattasaurus - shoproxstore - Shopify,direct_to_consumer,fulfilled,2025-01-07,2025-01-09,2025-01-07,PA2,FedEx,1,1,16.76,2.63,0.0,19.39,shipmonk_estimate,USD
130952,6352279437622,Cattasaurus - shoproxstore - Shopify,direct_to_consumer,fulfilled,2025-01-07,2025-01-25,2025-01-07,PA2,FedEx,1,1,20.92,2.26,0.0,23.18,shipmonk_estimate,USD
130953,6352303456566,Cattasaurus - shoproxstore - Shopify,direct_to_consumer,fulfilled,2025-01-07,2025-01-09,2025-01-07,NV3,UPS,1,1,15.55,2.63,0.0,18.18,shipmonk_estimate,USD
130954,6352304800054,Cattasaurus - shoproxstore - Shopify,direct_to_consumer,fulfilled,2025-01-07,2025-01-09,2025-01-07,NV3,FedEx,2,1,18.87,3.0,0.0,21.87,shipmonk_estimate,USD
130955,6352368435510,Cattasaurus - shoproxstore - Shopify,direct_to_consumer,fulfilled,2025-01-07,2025-01-09,2025-01-07,PA2,FedEx,1,1,14.14,2.63,0.0,16.77,shipmonk_estimate,USD
130956,6352402317622,Cattasaurus - shoproxstore - Shopify,direct_to_consumer,fulfilled,2025-01-07,2025-01-08,2025-01-07,PA2,FedEx,1,1,23.75,2.63,0.0,26.38,shipmonk_estimate,USD
130957,6352416866614,Cattasaurus - shoproxstore - Shopify,direct_to_consumer,fulfilled,2025-01-07,2025-01-09,2025-01-07,NV3,USPS,1,1,14.79,2.63,0.0,17.42,shipmonk_estimate,USD
130958,6352418636086,Cattasaurus - shoproxstore - Shopify,direct_to_consumer,fulfilled,2025-01-07,2025-01-09,2025-01-07,PA2,UPS,1,1,15.32,2.63,0.0,17.95,shipmonk_estimate,USD
130959,6352443113782,Cattasaurus - shoproxstore - Shopify,direct_to_consumer,fulfilled,2025-01-07,2025-01-08,2025-01-07,PA2,FedEx,2,1,18.58,3.37,0.0,21.95,shipmonk_estimate,USD
130960,6352466247990,Cattasaurus - shoproxstore - Shopify,direct_to_consumer,fulfilled,2025-01-07,2025-01-09,2025-01-07,NV3,UPS,1,1,18.17,2.63,0.0,20.8,shipmonk_estimate,USD
130961,6352466936118,Cattasaurus - shoproxstore - Shopify,direct_to_consumer,fulfilled,2025-01-07,2025-01-09,2025-01-07,NV3,UPS,1,1,20.28,2.63,0.0,22.91,shipmonk_estimate,USD
130962,6352478110006,Cattasaurus - shoproxstore - Shopify,direct_to_consumer,fulfilled,2025-01-07,2025-01-09,2025-01-07,PA2,FedEx,1,1,16.76,2.63,0.0,19.39,shipmonk_estimate,USD
130963,6352521789750,Cattasaurus - shoproxstore - Shopify,direct_to_consumer,fulfilled,2025-01-07,2025-01-09,2025-01-07,PA2,FedEx,1,1,16.76,2.63,0.0,19.39,shipmonk_estimate,USD
130964,6352529129782,Cattasaurus - shoproxstore - Shopify,direct_to_consumer,fulfilled,2025-01-07,2025-01-09,2025-01-07,PA2,FedEx,1,1,13.09,2.63,0.0,15.72,shipmonk_estimate,USD
130965,6352556327222,Cattasaurus - shoproxstore - Shopify,direct_to_consumer,fulfilled,2025-01-07,2025-01-09,2025-01-07,NV3,UPS,1,1,20.28,2.63,0.0,22.91,shipmonk_estimate,USD
130966,6352568516918,Cattasaurus - shoproxstore - Shopify,direct_to_consumer,fulfilled,2025-01-07,2025-01-09,2025-01-07,PA2,FedEx,2,1,13.21,2.63,0.0,15.84,shipmonk_estimate,USD
130967,6352568779062,Cattasaurus - shoproxstore - Shopify,direct_to_consumer,fulfilled,2025-01-07,2025-01-09,2025-01-07,PA2,FedEx,1,1,15.29,2.26,0.0,17.55,shipmonk_estimate,USD
130968,6352605643062,Cattasaurus - shoproxstore - Shopify,direct_to_consumer,fulfilled,2025-01-07,2025-01-17,2025-01-07,NV3,FedEx,1,1,16.34,2.63,0.0,18.97,shipmonk_estimate,USD
130969,6352623141174,Cattasaurus - shoproxstore - Shopify,direct_to_consumer,fulfilled,2025-01-07,2025-01-09,2025-01-07,PA2,FedEx,1,1,13.91,1.89,0.0,15.8,shipmonk_estimate,USD
130970,6352627204406,Cattasaurus - shoproxstore - Shopify,direct_to_consumer,fulfilled,2025-01-07,2025-01-09,2025-01-07,PA2,FedEx,1,1,16.78,2.63,0.0,19.41,shipmonk_estimate,USD
130971,6352647717174,Cattasaurus - shoproxstore - Shopify,direct_to_consumer,fulfilled,2025-01-07,2025-01-09,2025-01-07,NV3,FedEx,4,1,16.06,4.11,0.0,20.17,shipmonk_estimate,USD
130972,6352653713718,Cattasaurus - shoproxstore - Shopify,direct_to_consumer,fulfilled,2025-01-07,2025-01-09,2025-01-07,PA2,UPS,1,1,18.17,2.63,0.0,20.8,shipmonk_estimate,USD
130973,6352655515958,Cattasaurus - shoproxstore - Shopify,direct_to_consumer,fulfilled,2025-01-07,2025-01-09,2025-01-07,NV3,UPS,1,1,15.55,2.63,0.0,18.18,shipmonk_estimate,USD
130974,6352700244278,Cattasaurus - shoproxstore - Shopify,direct_to_consumer,fulfilled,2025-01-07,2025-01-09,2025-01-07,PA2,FedEx,2,1,13.21,2.63,0.0,15.84,shipmonk_estimate,USD
130975,6352714170678,Cattasaurus - shoproxstore - Shopify,direct_to_consumer,fulfilled,2025-01-07,2025-01-20,2025-01-07,NV3,FedEx,1,1,20.92,2.63,0.0,23.55,shipmonk_estimate,USD
130976,6352716202294,Cattasaurus - shoproxstore - Shopify,direct_to_consumer,fulfilled,2025-01-07,2025-01-09,2025-01-07,PA2,FedEx,1,1,13.91,2.63,0.0,16.54,shipmonk_estimate,USD
130977,6352725311798,Cattasaurus - shoproxstore - Shopify,direct_to_consumer,fulfilled,2025-01-07,2025-01-09,2025-01-07,PA2,UPS,1,1,14.5,2.63,0.0,17.13,shipmonk_estimate,USD
130978,6352728555830,Cattasaurus - shoproxstore - Shopify,direct_to_consumer,fulfilled,2025-01-07,2025-01-09,2025-01-07,PA2,FedEx,1,1,18.87,2.63,0.0,21.5,shipmonk_estimate,USD
130979,6352731242806,Cattasaurus - shoproxstore - Shopify,direct_to_consumer,fulfilled,2025-01-07,2025-01-09,2025-01-07,PA2,UPS,1,1,18.17,2.63,0.0,20.8,shipmonk_estimate,USD
130980,6352782721334,Cattasaurus - shoproxstore - Shopify,direct_to_consumer,fulfilled,2025-01-07,2025-01-09,2025-01-07,PA2,FedEx,1,1,12.5,2.63,0.0,15.13,shipmonk_estimate,USD
130981,6352819847478,Cattasaurus - shoproxstore - Shopify,direct_to_consumer,fulfilled,2025-01-07,2025-01-09,2025-01-07,PA2,UPS,1,1,18.17,2.63,0.0,20.8,shipmonk_estimate,USD
130982,6352855761206,Cattasaurus - shoproxstore - Shopify,direct_to_consumer,fulfilled,2025-01-07,2025-01-09,2025-01-07,PA2,FedEx,1,1,14.14,2.63,0.0,16.77,shipmonk_estimate,USD
130983,6352882991414,Cattasaurus - shoproxstore - Shopify,direct_to_consumer,fulfilled,2025-01-07,2025-01-09,2025-01-07,PA2,FedEx,1,1,18.19,2.63,0.0,20.82,shipmonk_estimate,USD
130984,6352930013494,Cattasaurus - shoproxstore - Shopify,direct_to_consumer,fulfilled,2025-01-07,2025-01-09,2025-01-07,NV3,DHL eCommerce,3,1,7.88,4.85,0.5,13.23,shipmonk_estimate,USD
130985,6352942858550,Cattasaurus - shoproxstore - Shopify,direct_to_consumer,fulfilled,2025-01-07,2025-01-09,2025-01-07,NV3,FedEx,1,1,13.91,2.63,0.0,16.54,shipmonk_estimate,USD
130986,6352981328182,Cattasaurus - shoproxstore - Shopify,direct_to_consumer,fulfilled,2025-01-07,2025-01-09,2025-01-07,PA2,FedEx,1,1,13.09,1.89,0.0,14.98,shipmonk_estimate,USD
130987,6353000497462,Cattasaurus - shoproxstore - Shopify,direct_to_consumer,fulfilled,2025-01-07,2025-01-09,2025-01-07,PA2,FedEx,1,1,14.14,1.89,0.0,16.03,shipmonk_estimate,USD
130988,6353039786294,Cattasaurus - shoproxstore - Shopify,direct_to_consumer,fulfilled,2025-01-07,2025-01-09,2025-01-07,PA2,FedEx,1,1,16.76,2.63,0.0,19.39,shipmonk_estimate,USD
130989,6353068622134,Cattasaurus - shoproxstore - Shopify,direct_to_consumer,fulfilled,2025-01-07,2025-01-09,2025-01-07,PA2,FedEx,1,1,27.15,2.26,0.0,29.41,shipmonk_estimate,USD
130990,6353099063606,Cattasaurus - shoproxstore - Shopify,direct_to_consumer,fulfilled,2025-01-07,2025-01-09,2025-01-07,NV3,FedEx,1,1,13.91,2.63,0.0,16.54,shipmonk_estimate,USD
130991,6353127375158,Cattasaurus - shoproxstore - Shopify,direct_to_consumer,fulfilled,2025-01-07,2025-01-09,2025-01-07,PA2,FedEx,1,1,16.76,2.63,0.0,19.39,shipmonk_estimate,USD
130992,6353162109238,Cattasaurus - shoproxstore - Shopify,direct_to_consumer,fulfilled,2025-01-07,2025-01-09,2025-01-07,NV3,UPS,1,1,20.28,2.63,0.0,22.91,shipmonk_estimate,USD
130993,6353164763446,Cattasaurus - shoproxstore - Shopify,direct_to_consumer,fulfilled,2025-01-07,2025-01-09,2025-01-07,PA2,FedEx,1,1,16.76,2.63,0.0,19.39,shipmonk_estimate,USD
130994,6353165058358,Cattasaurus - shoproxstore - Shopify,direct_to_consumer,fulfilled,2025-01-07,2025-01-09,2025-01-07,NV3,FedEx,1,1,14.14,2.63,0.0,16.77,shipmonk_estimate,USD
130995,6353223352630,Cattasaurus - shoproxstore - Shopify,direct_to_consumer,fulfilled,2025-01-07,2025-01-09,2025-01-07,NV3,UPS,1,1,20.28,2.63,0.0,22.91,shipmonk_estimate,USD
130996,6353229709622,Cattasaurus - shoproxstore - Shopify,direct_to_consumer,fulfilled,2025-01-07,2025-01-09,2025-01-07,PA2,UPS,1,1,18.17,2.63,0.0,20.8,shipmonk_estimate,USD
130997,6353289871670,Cattasaurus - shoproxstore - Shopify,direct_to_consumer,fulfilled,2025-01-07,2025-01-09,2025-01-07,PA2,FedEx,1,1,13.09,2.63,0.0,15.72,shipmonk_estimate,USD
130998,6353291051318,Cattasaurus - shoproxstore - Shopify,direct_to_consumer,fulfilled,2025-01-07,2025-01-09,2025-01-07,PA2,FedEx,1,1,19.51,2.26,0.0,21.77,shipmonk_estimate,USD
130999,6353314545974,Cattasaurus - shoproxstore - Shopify,direct_to_consumer,fulfilled,2025-01-07,2025-01-09,2025-01-07,PA2,FedEx,1,1,20.92,2.26,0.0,23.18,shipmonk_estimate,USD
131000,6353370874166,Cattasaurus - shoproxstore - Shopify,direct_to_consumer,fulfilled,2025-01-07,2025-01-09,2025-01-07,PA2,UPS,1,1,15.55,2.63,0.0,18.18,shipmonk_estimate,USD
131001,6353422221622,Cattasaurus - shoproxstore - Shopify,direct_to_consumer,fulfilled,2025-01-07,2025-01-09,2025-01-07,NV3,FedEx,1,1,14.14,2.26,0.0,16.4,shipmonk_estimate,USD
131002,6353433493814,Cattasaurus - shoproxstore - Shopify,direct_to_consumer,fulfilled,2025-01-07,2025-01-09,2025-01-07,PA2,FedEx,1,1,18.87,2.63,0.0,21.5,shipmonk_estimate,USD
131003,6353451024694,Cattasaurus - shoproxstore - Shopify,direct_to_consumer,fulfilled,2025-01-07,2025-01-09,2025-01-07,PA2,FedEx,1,1,19.51,2.63,0.0,22.14,shipmonk_estimate,USD
131004,6353453351222,Cattasaurus - shoproxstore - Shopify,direct_to_consumer,fulfilled,2025-01-07,2025-01-09,2025-01-07,NV3,UPS,2,1,15.55,3.0,0.0,18.55,shipmonk_estimate,USD
131005,6353467932982,Cattasaurus - shoproxstore - Shopify,direct_to_consumer,fulfilled,2025-01-07,2025-01-09,2025-01-07,NV3,FedEx,1,1,23.75,2.63,0.0,26.38,shipmonk_estimate,USD
131006,6353542250806,Cattasaurus - shoproxstore - Shopify,direct_to_consumer,fulfilled,2025-01-07,2025-01-09,2025-01-07,PA2,FedEx,1,1,25.16,2.63,0.0,27.79,shipmonk_estimate,USD
131007,6353546510646,Cattasaurus - shoproxstore - Shopify,direct_to_consumer,fulfilled,2025-01-07,2025-01-09,2025-01-07,PA2,FedEx,1,1,20.92,2.63,0.0,23.55,shipmonk_estimate,USD
131008,6353594122550,Cattasaurus - shoproxstore - Shopify,direct_to_consumer,fulfilled,2025-01-07,2025-01-09,2025-01-07,NV3,FedEx,1,1,16.76,2.63,0.0,19.39,shipmonk_estimate,USD
131009,6353624498486,Cattasaurus - shoproxstore - Shopify,direct_to_consumer,fulfilled,2025-01-07,2025-01-09,2025-01-07,NV3,FedEx,2,1,14.14,3.0,0.0,17.14,shipmonk_estimate,USD
131010,6353638687030,Cattasaurus - shoproxstore - Shopify,direct_to_consumer,fulfilled,2025-01-07,2025-01-09,2025-01-07,NV3,FedEx,1,1,19.51,2.63,0.0,22.14,shipmonk_estimate,USD
131011,6353663820086,Cattasaurus - shoproxstore - Shopify,direct_to_consumer,fulfilled,2025-01-07,2025-01-09,2025-01-07,NV3,FedEx,1,1,18.87,2.63,0.0,21.5,shipmonk_estimate,USD
131012,6353709596982,Cattasaurus - shoproxstore - Shopify,direct_to_consumer,fulfilled,2025-01-07,2025-01-09,2025-01-07,PA2,UPS,1,1,18.17,2.26,0.0,20.43,shipmonk_estimate,USD
131013,6353813733686,Cattasaurus - shoproxstore - Shopify,direct_to_consumer,fulfilled,2025-01-07,2025-01-09,2025-01-07,PA2,UPS,1,1,18.17,2.26,0.0,20.43,shipmonk_estimate,USD
131014,6353825759542,Cattasaurus - shoproxstore - Shopify,direct_to_consumer,fulfilled,2025-01-07,2025-01-09,2025-01-07,PA2,UPS,1,1,15.55,2.26,0.0,17.81,shipmonk_estimate,USD
131015,6353913479478,Cattasaurus - shoproxstore - Shopify,direct_to_consumer,fulfilled,2025-01-07,2025-01-09,2025-01-07,PA2,FedEx,2,2,26.18,3.0,0.0,29.18,shipmonk_estimate,USD
131016,6354001592630,Cattasaurus - shoproxstore - Shopify,direct_to_consumer,fulfilled,2025-01-07,2025-01-09,2025-01-07,PA2,FedEx,2,1,16.76,3.0,0.0,19.76,shipmonk_estimate,USD
131017,6354006769974,Cattasaurus - shoproxstore - Shopify,direct_to_consumer,fulfilled,2025-01-07,2025-01-09,2025-01-07,NV3,DHL eCommerce,1,1,4.55,1.89,0.3,6.74,shipmonk_estimate,USD
129871,6334054891830,Cattasaurus - shoproxstore - Shopify,direct_to_consumer,fulfilled,2024-12-30,2025-01-08,,NV3,DHL eCommerce,2,1,8.88,2.26,0.3,11.44,shipmonk_estimate,USD
108592-02,8133ad13-cdb1-4467-8bc1-cb4c0542439f,Cattasaurus - shoproxstore - Shopify,direct_to_consumer,fulfilled,2025-01-08,2025-01-08,2025-01-08,PA2,UPS,1,1,18.17,2.26,0.0,20.43,shipmonk_estimate,USD
108648-01,5233f08e-174b-4049-8994-67d80133e871,Cattasaurus - shoproxstore - Shopify,direct_to_consumer,fulfilled,2025-01-08,2025-01-08,2025-01-08,NV3,FedEx,1,1,25.57,2.26,0.0,27.83,shipmonk_estimate,USD
111-9349844-5669045,111-9349844-5669045,Cattasaurus - Amazon USA,direct_to_consumer,fulfilled,2025-01-08,2025-01-09,2025-01-08,PA2,FedEx,2,1,19.51,2.63,0.0,22.14,shipmonk_estimate,USD
112-0145573-1357804,112-0145573-1357804,Cattasaurus - Amazon USA,direct_to_consumer,fulfilled,2025-01-08,2025-01-09,2025-01-08,PA2,FedEx,1,1,20.92,1.89,0.0,22.81,shipmonk_estimate,USD
114-6665822-4689014,114-6665822-4689014,Cattasaurus - Amazon USA,direct_to_consumer,fulfilled,2025-01-08,2025-01-09,2025-01-08,PA2,FedEx,1,1,19.51,1.89,0.0,21.4,shipmonk_estimate,USD
114604-01,e46a1f98-8afb-4a2c-89f4-93927f13e4e5,Cattasaurus - shoproxstore - Shopify,direct_to_consumer,fulfilled,2025-01-08,2025-01-08,2025-01-08,PA2,UPS,1,1,18.17,2.26,0.0,20.43,shipmonk_estimate,USD
123916-01,80198a95-0efd-4349-bc19-f5d7d7a65ea2,Cattasaurus - shoproxstore - Shopify,direct_to_consumer,fulfilled,2025-01-08,2025-01-08,2025-01-08,PA2,FedEx,1,1,23.75,2.63,0.0,26.38,shipmonk_estimate,USD
125244-01,638a24f1-af94-4459-956d-ff058a9368c3,Cattasaurus - shoproxstore - Shopify,direct_to_consumer,fulfilled,2025-01-08,2025-01-08,2025-01-08,PA2,FedEx,1,1,14.14,2.26,0.0,16.4,shipmonk_estimate,USD
131018,6354095997238,Cattasaurus - shoproxstore - Shopify,direct_to_consumer,fulfilled,2025-01-08,2025-01-09,2025-01-08,PA2,FedEx,1,1,15.29,2.63,0.0,17.92,shipmonk_estimate,USD
131019,6354120048950,Cattasaurus - shoproxstore - Shopify,direct_to_consumer,fulfilled,2025-01-08,2025-01-09,2025-01-08,PA2,FedEx,1,1,16.78,2.26,0.0,19.04,shipmonk_estimate,USD
131020,6354189844790,Cattasaurus - shoproxstore - Shopify,direct_to_consumer,fulfilled,2025-01-08,2025-01-09,2025-01-08,PA2,FedEx,1,1,14.14,2.26,0.0,16.4,shipmonk_estimate,USD
131021,6354392023350,Cattasaurus - shoproxstore - Shopify,direct_to_consumer,fulfilled,2025-01-08,2025-01-09,2025-01-08,PA2,FedEx,2,1,13.21,3.0,0.0,16.21,shipmonk_estimate,USD
131022,6354431738166,Cattasaurus - shoproxstore - Shopify,direct_to_consumer,fulfilled,2025-01-08,2025-01-09,2025-01-08,PA2,FedEx,2,1,19.51,3.0,0.0,22.51,shipmonk_estimate,USD
131023,6354532172086,Cattasaurus - shoproxstore - Shopify,direct_to_consumer,fulfilled,2025-01-08,2025-01-09,2025-01-08,PA2,FedEx,1,1,19.51,2.26,0.0,21.77,shipmonk_estimate,USD
131024,6354537447734,Cattasaurus - shoproxstore - Shopify,direct_to_consumer,fulfilled,2025-01-08,2025-01-09,2025-01-08,PA2,FedEx,1,1,13.21,2.26,0.0,15.47,shipmonk_estimate,USD
131025,6354682675510,Cattasaurus - shoproxstore - Shopify,direct_to_consumer,fulfilled,2025-01-08,2025-01-09,2025-01-08,PA2,UPS,1,1,18.17,2.63,0.0,20.8,shipmonk_estimate,USD
131026,6354690965814,Cattasaurus - shoproxstore - Shopify,direct_to_consumer,fulfilled,2025-01-08,2025-01-09,2025-01-08,PA2,FedEx,1,1,25.16,2.26,0.0,27.42,shipmonk_estimate,USD
131027,6354714001718,Cattasaurus - shoproxstore - Shopify,direct_to_consumer,fulfilled,2025-01-08,2025-01-09,2025-01-08,PA2,FedEx,1,1,20.92,2.63,0.0,23.55,shipmonk_estimate,USD
131028,6354751291702,Cattasaurus - shoproxstore - Shopify,direct_to_consumer,fulfilled,2025-01-08,2025-01-09,2025-01-08,PA2,DHL eCommerce,3,1,7.88,2.63,0.5,11.01,shipmonk_estimate,USD
131029,6354751947062,Cattasaurus - shoproxstore - Shopify,direct_to_consumer,fulfilled,2025-01-08,2025-01-09,2025-01-08,PA2,FedEx,1,1,16.7,2.63,0.0,19.33,shipmonk_estimate,USD
131030,6354762498358,Cattasaurus - shoproxstore - Shopify,direct_to_consumer,fulfilled,2025-01-08,2025-01-09,2025-01-08,PA2,UPS,1,1,15.32,2.63,0.0,17.95,shipmonk_estimate,USD
131031,6354764595510,Cattasaurus - shoproxstore - Shopify,direct_to_consumer,fulfilled,2025-01-08,2025-01-09,2025-01-08,PA2,FedEx,1,1,14.14,2.63,0.0,16.77,shipmonk_estimate,USD
131032,6354791072054,Cattasaurus - shoproxstore - Shopify,direct_to_consumer,fulfilled,2025-01-08,2025-01-09,2025-01-08,PA2,FedEx,2,1,18.87,3.0,0.0,21.87,shipmonk_estimate,USD
131033,6354801623350,Cattasaurus - shoproxstore - Shopify,direct_to_consumer,fulfilled,2025-01-08,2025-01-09,2025-01-08,PA2,FedEx,1,1,19.51,2.63,0.0,22.14,shipmonk_estimate,USD
131034,6354813878582,Cattasaurus - shoproxstore - Shopify,direct_to_consumer,fulfilled,2025-01-08,2025-01-09,2025-01-08,PA2,FedEx,1,1,19.51,2.63,0.0,22.14,shipmonk_estimate,USD
131035,6354836422966,Cattasaurus - shoproxstore - Shopify,direct_to_consumer,fulfilled,2025-01-08,2025-01-09,2025-01-08,PA2,FedEx,1,1,13.91,2.63,0.0,16.54,shipmonk_estimate,USD
131036,6354839896374,Cattasaurus - shoproxstore - Shopify,direct_to_consumer,fulfilled,2025-01-08,2025-01-09,2025-01-08,PA2,FedEx,1,1,13.91,2.63,0.0,16.54,shipmonk_estimate,USD
131037,6354850971958,Cattasaurus - shoproxstore - Shopify,direct_to_consumer,fulfilled,2025-01-08,2025-01-09,2025-01-08,PA2,USPS,1,1,14.79,2.63,0.0,17.42,shipmonk_estimate,USD
131038,6354895962422,Cattasaurus - shoproxstore - Shopify,direct_to_consumer,fulfilled,2025-01-08,2025-01-09,2025-01-08,NV3,FedEx,1,1,18.87,2.26,0.0,21.13,shipmonk_estimate,USD
131039,6354930729270,Cattasaurus - shoproxstore - Shopify,direct_to_consumer,fulfilled,2025-01-08,2025-01-09,2025-01-08,PA2,FedEx,1,1,20.92,2.26,0.0,23.18,shipmonk_estimate,USD
131040_1,0323c3aa-2d5d-48cb-91c2-3a46f4f7d477,Cattasaurus - shoproxstore - Shopify,direct_to_consumer,fulfilled,2025-01-08,2025-01-20,2025-01-08,NV3,DHL eCommerce,1,1,6.62,1.89,0.9,9.41,shipmonk_estimate,USD
131041,6354951897398,Cattasaurus - shoproxstore - Shopify,direct_to_consumer,fulfilled,2025-01-08,2025-01-09,2025-01-08,PA2,FedEx,1,1,23.75,2.26,0.0,26.01,shipmonk_estimate,USD
131042,6354999116086,Cattasaurus - shoproxstore - Shopify,direct_to_consumer,fulfilled,2025-01-08,2025-01-09,2025-01-08,PA2,FedEx,1,1,14.14,2.63,0.0,16.77,shipmonk_estimate,USD
131043,6355011371318,Cattasaurus - shoproxstore - Shopify,direct_to_consumer,fulfilled,2025-01-08,2025-01-10,2025-01-08,NV3,FedEx,1,1,20.28,2.63,0.0,22.91,shipmonk_estimate,USD
131044,6355015500086,Cattasaurus - shoproxstore - Shopify,direct_to_consumer,fulfilled,2025-01-08,2025-01-09,2025-01-08,PA2,UPS,1,1,14.62,2.63,0.0,17.25,shipmonk_estimate,USD
131045,6355031818550,Cattasaurus - shoproxstore - Shopify,direct_to_consumer,fulfilled,2025-01-08,2025-01-09,2025-01-08,PA2,FedEx,1,1,16.76,2.63,0.0,19.39,shipmonk_estimate,USD
131046,6355048005942,Cattasaurus - shoproxstore - Shopify,direct_to_consumer,fulfilled,2025-01-08,2025-01-09,2025-01-08,PA2,FedEx,1,1,13.09,2.63,0.0,15.72,shipmonk_estimate,USD
131047,6355057017142,Cattasaurus - shoproxstore - Shopify,direct_to_consumer,fulfilled,2025-01-08,2025-01-09,2025-01-08,PA2,FedEx,1,1,14.14,2.63,0.0,16.77,shipmonk_estimate,USD
131048,6355060982070,Cattasaurus - shoproxstore - Shopify,direct_to_consumer,fulfilled,2025-01-08,2025-01-09,2025-01-08,PA2,FedEx,1,1,14.62,2.26,0.0,16.88,shipmonk_estimate,USD
131049,6355061866806,Cattasaurus - shoproxstore - Shopify,direct_to_consumer,fulfilled,2025-01-08,2025-01-10,2025-01-08,NV3,FedEx,1,1,13.91,2.63,0.0,16.54,shipmonk_estimate,USD
131050,6355067732278,Cattasaurus - shoproxstore - Shopify,direct_to_consumer,fulfilled,2025-01-08,2025-01-09,2025-01-08,PA2,FedEx,1,1,20.92,2.26,0.0,23.18,shipmonk_estimate,USD
131051,6355072057654,Cattasaurus - shoproxstore - Shopify,direct_to_consumer,fulfilled,2025-01-08,2025-01-10,2025-01-08,NV3,FedEx,1,1,25.16,2.63,0.0,27.79,shipmonk_estimate,USD
131052,6355121996086,Cattasaurus - shoproxstore - Shopify,direct_to_consumer,fulfilled,2025-01-08,2025-01-10,2025-01-08,NV3,UPS,3,1,15.55,3.37,0.0,18.92,shipmonk_estimate,USD
131054,6355163971894,Cattasaurus - shoproxstore - Shopify,direct_to_consumer,fulfilled,2025-01-08,2025-01-10,2025-01-08,NV3,FedEx,1,1,18.87,2.63,0.0,21.5,shipmonk_estimate,USD
131055,6355169902902,Cattasaurus - shoproxstore - Shopify,direct_to_consumer,fulfilled,2025-01-08,2025-01-10,2025-01-08,NV3,USPS,1,1,17.55,2.63,0.0,20.18,shipmonk_estimate,USD
131056,6355198738742,Cattasaurus - shoproxstore - Shopify,direct_to_consumer,fulfilled,2025-01-08,2025-01-09,2025-01-08,PA2,FedEx,1,1,19.51,2.63,0.0,22.14,shipmonk_estimate,USD
131057,6355206701366,Cattasaurus - shoproxstore - Shopify,direct_to_consumer,fulfilled,2025-01-08,2025-01-09,2025-01-08,PA2,FedEx,1,1,25.16,2.63,0.0,27.79,shipmonk_estimate,USD
131058,6355222692150,Cattasaurus - shoproxstore - Shopify,direct_to_consumer,fulfilled,2025-01-08,2025-01-10,2025-01-08,NV3,FedEx,1,1,14.14,2.63,0.0,16.77,shipmonk_estimate,USD
131059,6355232129334,Cattasaurus - shoproxstore - Shopify,direct_to_consumer,fulfilled,2025-01-08,2025-01-10,2025-01-08,NV3,FedEx,1,1,23.75,2.63,0.0,26.38,shipmonk_estimate,USD
131060,6355235143990,Cattasaurus - shoproxstore - Shopify,direct_to_consumer,fulfilled,2025-01-08,2025-01-10,2025-01-08,NV3,UPS,1,1,20.28,2.63,0.0,22.91,shipmonk_estimate,USD
131061,6355239305526,Cattasaurus - shoproxstore - Shopify,direct_to_consumer,fulfilled,2025-01-08,2025-01-10,2025-01-08,NV3,FedEx,1,1,14.14,2.63,0.0,16.77,shipmonk_estimate,USD
131062,6355242025270,Cattasaurus - shoproxstore - Shopify,direct_to_consumer,fulfilled,2025-01-08,2025-01-09,2025-01-08,PA2,FedEx,1,1,19.51,1.89,0.0,21.4,shipmonk_estimate,USD
131063,6355271975222,Cattasaurus - shoproxstore - Shopify,direct_to_consumer,fulfilled,2025-01-08,2025-01-09,2025-01-08,PA2,FedEx,2,1,25.16,2.63,0.0,27.79,shipmonk_estimate,USD
131064,6355278823734,Cattasaurus - shoproxstore - Shopify,direct_to_consumer,fulfilled,2025-01-08,2025-01-09,2025-01-08,PA2,FedEx,1,1,16.78,2.26,0.0,19.04,shipmonk_estimate,USD
131065,6355333349686,Cattasaurus - shoproxstore - Shopify,direct_to_consumer,fulfilled,2025-01-08,2025-01-09,2025-01-08,PA2,FedEx,1,1,25.16,2.26,0.0,27.42,shipmonk_estimate,USD
131066,6355339936054,Cattasaurus - shoproxstore - Shopify,direct_to_consumer,fulfilled,2025-01-08,2025-01-10,2025-01-08,PA2,DHL eCommerce,1,1,7.71,1.89,0.5,10.1,shipmonk_estimate,USD
131067,6355369492790,Cattasaurus - shoproxstore - Shopify,direct_to_consumer,fulfilled,2025-01-08,2025-01-09,2025-01-08,PA2,UPS,1,1,18.17,2.63,0.0,20.8,shipmonk_estimate,USD
131068,6355398197558,Cattasaurus - shoproxstore - Shopify,direct_to_consumer,fulfilled,2025-01-08,2025-01-10,2025-01-08,PA2,FedEx,1,1,16.76,2.26,0.0,19.02,shipmonk_estimate,USD
131069,6355427295542,Cattasaurus - shoproxstore - Shopify,direct_to_consumer,fulfilled,2025-01-08,2025-01-09,2025-01-08,PA2,FedEx,1,1,16.76,2.63,0.0,19.39,shipmonk_estimate,USD
131070,6355456262454,Cattasaurus - shoproxstore - Shopify,direct_to_consumer,fulfilled,2025-01-08,2025-01-10,2025-01-08,NV3,UPS,1,1,18.17,2.63,0.0,20.8,shipmonk_estimate,USD
131071,6355457147190,Cattasaurus - shoproxstore - Shopify,direct_to_consumer,fulfilled,2025-01-08,2025-01-10,2025-01-08,NV3,FedEx,1,1,18.19,2.63,0.0,20.82,shipmonk_estimate,USD
131072,6355480084790,Cattasaurus - shoproxstore - Shopify,direct_to_consumer,fulfilled,2025-01-08,2025-01-10,2025-01-08,PA2,FedEx,1,1,19.51,2.26,0.0,21.77,shipmonk_estimate,USD
131073,6355495649590,Cattasaurus - shoproxstore - Shopify,direct_to_consumer,fulfilled,2025-01-08,2025-01-10,2025-01-08,PA2,UPS,1,1,15.32,2.26,0.0,17.58,shipmonk_estimate,USD
131074,6355514622262,Cattasaurus - shoproxstore - Shopify,direct_to_consumer,fulfilled,2025-01-08,2025-01-10,2025-01-08,NV3,FedEx,1,1,19.34,2.26,0.0,21.6,shipmonk_estimate,USD
131076,6355548995894,Cattasaurus - shoproxstore - Shopify,direct_to_consumer,fulfilled,2025-01-08,2025-01-10,2025-01-08,PA2,UPS,2,1,15.32,3.0,0.0,18.32,shipmonk_estimate,USD
131077,6355572392246,Cattasaurus - shoproxstore - Shopify,direct_to_consumer,fulfilled,2025-01-08,2025-01-10,2025-01-08,PA2,FedEx,1,1,14.14,2.26,0.0,16.4,shipmonk_estimate,USD
131078,6355576062262,Cattasaurus - shoproxstore - Shopify,direct_to_consumer,fulfilled,2025-01-08,2025-01-10,2025-01-08,PA2,FedEx,1,1,16.76,2.63,0.0,19.39,shipmonk_estimate,USD
131079,6355593068854,Cattasaurus - shoproxstore - Shopify,direct_to_consumer,fulfilled,2025-01-08,2025-01-10,2025-01-08,PA2,FedEx,1,1,18.19,2.26,0.0,20.45,shipmonk_estimate,USD
131080,6355612074294,Cattasaurus - shoproxstore - Shopify,direct_to_consumer,fulfilled,2025-01-08,2025-01-10,2025-01-08,PA2,FedEx,1,1,14.14,2.63,0.0,16.77,shipmonk_estimate,USD
131081,6355638452534,Cattasaurus - shoproxstore - Shopify,direct_to_consumer,fulfilled,2025-01-08,2025-01-10,2025-01-08,NV3,FedEx,1,1,15.29,2.63,0.0,17.92,shipmonk_estimate,USD
131082,6355686064438,Cattasaurus - shoproxstore - Shopify,direct_to_consumer,fulfilled,2025-01-08,2025-01-10,2025-01-08,NV3,FedEx,1,1,18.87,2.63,0.0,21.5,shipmonk_estimate,USD
131083,6355696976182,Cattasaurus - shoproxstore - Shopify,direct_to_consumer,fulfilled,2025-01-08,2025-01-10,2025-01-08,PA2,UPS,1,1,15.55,2.63,0.0,18.18,shipmonk_estimate,USD
131084,6355755696438,Cattasaurus - shoproxstore - Shopify,direct_to_consumer,fulfilled,2025-01-08,2025-01-10,2025-01-08,PA2,FedEx,1,1,16.25,3.0,0.0,19.25,shipmonk_estimate,USD
131085,6355758055734,Cattasaurus - shoproxstore - Shopify,direct_to_consumer,fulfilled,2025-01-08,2025-01-10,2025-01-08,PA2,UPS,1,1,18.17,2.63,0.0,20.8,shipmonk_estimate,USD
131086,6355823264054,Cattasaurus - shoproxstore - Shopify,direct_to_consumer,fulfilled,2025-01-08,2025-01-10,2025-01-08,PA2,FedEx,1,1,16.7,2.63,0.0,19.33,shipmonk_estimate,USD
131087,6355827491126,Cattasaurus - shoproxstore - Shopify,direct_to_consumer,fulfilled,2025-01-08,2025-01-10,2025-01-08,PA2,UPS,2,2,36.34,3.0,0.0,39.34,shipmonk_estimate,USD
131088,6355836895542,Cattasaurus - shoproxstore - Shopify,direct_to_consumer,fulfilled,2025-01-08,2025-01-10,2025-01-08,PA2,FedEx,1,1,13.09,2.63,0.0,15.72,shipmonk_estimate,USD
131089,6355861930294,Cattasaurus - shoproxstore - Shopify,direct_to_consumer,fulfilled,2025-01-08,2025-01-10,2025-01-08,NV3,FedEx,1,1,16.76,2.63,0.0,19.39,shipmonk_estimate,USD
131090,6355914162486,Cattasaurus - shoproxstore - Shopify,direct_to_consumer,fulfilled,2025-01-08,2025-01-10,2025-01-08,PA2,UPS,1,1,15.55,2.63,0.0,18.18,shipmonk_estimate,USD
131091,6355937165622,Cattasaurus - shoproxstore - Shopify,direct_to_consumer,fulfilled,2025-01-08,2025-01-10,2025-01-08,NV3,FedEx,3,1,16.76,3.37,0.0,20.13,shipmonk_estimate,USD
131092,6355949912374,Cattasaurus - shoproxstore - Shopify,direct_to_consumer,fulfilled,2025-01-08,2025-01-10,2025-01-08,PA2,FedEx,1,1,13.09,2.63,0.0,15.72,shipmonk_estimate,USD
131093,6355966361910,Cattasaurus - shoproxstore - Shopify,direct_to_consumer,fulfilled,2025-01-08,2025-01-10,2025-01-08,PA2,UPS,2,2,36.34,3.0,0.0,39.34,shipmonk_estimate,USD
131095,6355994116406,Cattasaurus - shoproxstore - Shopify,direct_to_consumer,fulfilled,2025-01-08,2025-01-10,2025-01-08,NV3,FedEx,1,1,16.76,2.63,0.0,19.39,shipmonk_estimate,USD
131096,6355999654198,Cattasaurus - shoproxstore - Shopify,direct_to_consumer,fulfilled,2025-01-08,2025-01-10,2025-01-08,PA2,UPS,1,1,15.55,2.63,0.0,18.18,shipmonk_estimate,USD
131097,6356000047414,Cattasaurus - shoproxstore - Shopify,direct_to_consumer,fulfilled,2025-01-08,2025-01-10,2025-01-08,PA2,UPS,1,1,15.55,2.63,0.0,18.18,shipmonk_estimate,USD
131098,6356019577142,Cattasaurus - shoproxstore - Shopify,direct_to_consumer,fulfilled,2025-01-08,2025-01-10,2025-01-08,PA2,FedEx,1,1,16.76,2.63,0.0,19.39,shipmonk_estimate,USD
131099,6356024688950,Cattasaurus - shoproxstore - Shopify,direct_to_consumer,fulfilled,2025-01-08,2025-01-10,2025-01-08,NV3,FedEx,1,1,18.87,2.63,0.0,21.5,shipmonk_estimate,USD
131100,6356051067190,Cattasaurus - shoproxstore - Shopify,direct_to_consumer,fulfilled,2025-01-08,2025-01-10,2025-01-08,PA2,FedEx,1,1,27.72,2.26,0.0,29.98,shipmonk_estimate,USD
131102,6356120404278,Cattasaurus - shoproxstore - Shopify,direct_to_consumer,fulfilled,2025-01-08,2025-01-10,2025-01-08,PA2,UPS,1,1,15.32,2.63,0.0,17.95,shipmonk_estimate,USD
131103,6356182729014,Cattasaurus - shoproxstore - Shopify,direct_to_consumer,fulfilled,2025-01-08,2025-01-10,2025-01-08,PA2,FedEx,1,1,16.76,2.63,0.0,19.39,shipmonk_estimate,USD
131104,6356187382070,Cattasaurus - shoproxstore - Shopify,direct_to_consumer,fulfilled,2025-01-08,2025-01-10,2025-01-08,PA2,FedEx,1,1,13.09,2.63,0.0,15.72,shipmonk_estimate,USD
131105,6356207599926,Cattasaurus - shoproxstore - Shopify,direct_to_consumer,fulfilled,2025-01-08,2025-01-10,2025-01-08,NV3,FedEx,1,1,16.76,2.26,0.0,19.02,shipmonk_estimate,USD
131106,6356213399862,Cattasaurus - shoproxstore - Shopify,direct_to_consumer,fulfilled,2025-01-08,2025-01-10,2025-01-08,NV3,FedEx,2,1,16.76,3.0,0.0,19.76,shipmonk_estimate,USD
131107,6356237549878,Cattasaurus - shoproxstore - Shopify,direct_to_consumer,fulfilled,2025-01-08,2025-01-10,2025-01-08,NV3,FedEx,1,1,18.87,2.63,0.0,21.5,shipmonk_estimate,USD
131108,6356281458998,Cattasaurus - shoproxstore - Shopify,direct_to_consumer,fulfilled,2025-01-08,2025-01-10,2025-01-08,PA2,FedEx,1,1,16.76,2.63,0.0,19.39,shipmonk_estimate,USD
131109,6356304101686,Cattasaurus - shoproxstore - Shopify,direct_to_consumer,fulfilled,2025-01-08,2025-01-10,2025-01-08,PA2,UPS,1,1,14.5,2.63,0.0,17.13,shipmonk_estimate,USD
131110,6356330217782,Cattasaurus - shoproxstore - Shopify,direct_to_consumer,fulfilled,2025-01-08,2025-01-10,2025-01-08,NV3,FedEx,1,1,14.14,2.63,0.0,16.77,shipmonk_estimate,USD
131111,6356343685430,Cattasaurus - shoproxstore - Shopify,direct_to_consumer,fulfilled,2025-01-08,2025-01-10,2025-01-08,NV3,UPS,1,1,15.55,2.63,0.0,18.18,shipmonk_estimate,USD
131112,6356356530486,Cattasaurus - shoproxstore - Shopify,direct_to_consumer,fulfilled,2025-01-08,2025-01-10,2025-01-08,NV3,FedEx,1,1,18.87,2.63,0.0,21.5,shipmonk_estimate,USD
131113,6356362985782,Cattasaurus - shoproxstore - Shopify,direct_to_consumer,fulfilled,2025-01-08,2025-01-10,2025-01-08,PA2,FedEx,1,1,20.92,2.63,0.0,23.55,shipmonk_estimate,USD
131114,6356366131510,Cattasaurus - shoproxstore - Shopify,direct_to_consumer,fulfilled,2025-01-08,2025-01-10,2025-01-08,PA2,FedEx,1,1,16.78,2.63,0.0,19.41,shipmonk_estimate,USD
131115,6356391493942,Cattasaurus - shoproxstore - Shopify,direct_to_consumer,fulfilled,2025-01-08,2025-01-10,2025-01-08,PA2,FedEx,2,1,15.29,3.0,0.0,18.29,shipmonk_estimate,USD
131116,6356402635062,Cattasaurus - shoproxstore - Shopify,direct_to_consumer,fulfilled,2025-01-08,2025-01-10,2025-01-08,PA2,UPS,1,1,15.55,2.63,0.0,18.18,shipmonk_estimate,USD
131117,6356402962742,Cattasaurus - shoproxstore - Shopify,direct_to_consumer,fulfilled,2025-01-08,2025-01-10,2025-01-08,NV3,FedEx,1,1,22.09,2.63,0.0,24.72,shipmonk_estimate,USD
131118,6356424818998,Cattasaurus - shoproxstore - Shopify,direct_to_consumer,fulfilled,2025-01-08,2025-01-10,2025-01-08,NV3,FedEx,1,1,25.16,2.26,0.0,27.42,shipmonk_estimate,USD
131119,6356425539894,Cattasaurus - shoproxstore - Shopify,direct_to_consumer,fulfilled,2025-01-08,2025-01-10,2025-01-08,PA2,FedEx,1,1,16.76,2.63,0.0,19.39,shipmonk_estimate,USD
131120,6356429308214,Cattasaurus - shoproxstore - Shopify,direct_to_consumer,fulfilled,2025-01-08,2025-01-10,2025-01-08,PA2,FedEx,1,1,24.17,2.63,0.0,26.8,shipmonk_estimate,USD
131121,6356432290102,Cattasaurus - shoproxstore - Shopify,direct_to_consumer,fulfilled,2025-01-08,2025-01-13,2025-01-08,PA2,FedEx,1,1,14.26,2.63,0.0,16.89,shipmonk_estimate,USD
131121_1,61ba5e9e-9b89-41d0-8e37-f5861a9a6a76,Cattasaurus - shoproxstore - Shopify,direct_to_consumer,fulfilled,2025-01-08,2025-01-13,2025-01-08,PA2,FedEx,1,1,14.26,2.63,0.0,16.89,shipmonk_estimate,USD
131122,6356434321718,Cattasaurus - shoproxstore - Shopify,direct_to_consumer,fulfilled,2025-01-08,2025-01-10,2025-01-08,NV3,FedEx,1,1,16.76,2.26,0.0,19.02,shipmonk_estimate,USD
131123,6356456243510,Cattasaurus - shoproxstore - Shopify,direct_to_consumer,fulfilled,2025-01-08,2025-01-10,2025-01-08,PA2,FedEx,1,1,14.14,2.63,0.0,16.77,shipmonk_estimate,USD
131124,6356511719734,Cattasaurus - shoproxstore - Shopify,direct_to_consumer,fulfilled,2025-01-08,2025-01-10,2025-01-08,PA2,FedEx,1,1,20.92,2.26,0.0,23.18,shipmonk_estimate,USD
131125,6356524499254,Cattasaurus - shoproxstore - Shopify,direct_to_consumer,fulfilled,2025-01-08,2025-01-10,2025-01-08,NV3,FedEx,1,1,13.91,2.26,0.0,16.17,shipmonk_estimate,USD
131126,6356579090742,Cattasaurus - shoproxstore - Shopify,direct_to_consumer,fulfilled,2025-01-08,2025-01-10,2025-01-08,PA2,UPS,2,1,14.5,2.63,0.0,17.13,shipmonk_estimate,USD
131127,6356583907638,Cattasaurus - shoproxstore - Shopify,direct_to_consumer,fulfilled,2025-01-08,2025-01-10,2025-01-08,PA2,UPS,1,1,18.17,2.63,0.0,20.8,shipmonk_estimate,USD
131128,6356641349942,Cattasaurus - shoproxstore - Shopify,direct_to_consumer,fulfilled,2025-01-08,2025-01-10,2025-01-08,NV3,UPS,1,1,20.28,2.63,0.0,22.91,shipmonk_estimate,USD
131129,6356971094326,Cattasaurus - shoproxstore - Shopify,direct_to_consumer,fulfilled,2025-01-08,2025-01-10,2025-01-08,PA2,FedEx,2,1,15.29,3.0,0.0,18.29,shipmonk_estimate,USD
129823,6333751656758,Cattasaurus - shoproxstore - Shopify,direct_to_consumer,fulfilled,2024-12-30,2025-01-09,,PA2,FedEx,1,1,14.14,2.63,0.0,16.77,shipmonk_estimate,USD
130086,6335796117814,Cattasaurus - shoproxstore - Shopify,direct_to_consumer,fulfilled,2024-12-31,2025-01-09,,PA2,FedEx,1,1,18.19,3.74,0.0,21.93,shipmonk_estimate,USD
100155-01,52e7bfd0-44ab-4d26-8c13-1f14079ef983,Cattasaurus - shoproxstore - Shopify,direct_to_consumer,fulfilled,2025-01-09,2025-01-10,2025-01-09,NV3,FedEx,1,1,22.09,2.63,0.0,24.72,shipmonk_estimate,USD
123929-01,0c1d0d6b-33ec-481b-9c77-a35ced2f094d,Cattasaurus - shoproxstore - Shopify,direct_to_consumer,fulfilled,2025-01-09,2025-01-09,2025-01-09,PA2,FedEx,2,1,13.91,2.63,0.0,16.54,shipmonk_estimate,USD
127636-01,e2cc44f8-c51b-4937-8963-8b99eac729ef,Cattasaurus - shoproxstore - Shopify,direct_to_consumer,fulfilled,2025-01-09,2025-01-09,2025-01-09,NV3,UPS,1,1,20.28,2.63,0.0,22.91,shipmonk_estimate,USD
128112-01,dc5a7bb2-e6d9-4bb6-8e40-518dfbf57f9c,Cattasaurus - shoproxstore - Shopify,direct_to_consumer,fulfilled,2025-01-09,2025-01-09,2025-01-09,PA2,FedEx,1,1,16.76,2.26,0.0,19.02,shipmonk_estimate,USD
131130,6357324497206,Cattasaurus - shoproxstore - Shopify,direct_to_consumer,fulfilled,2025-01-09,2025-01-13,2025-01-09,PA2,FedEx,1,1,20.4,3.0,0.0,23.4,shipmonk_estimate,USD
131130_1,a98185cb-3586-4b55-89de-737513ec3776,Cattasaurus - shoproxstore - Shopify,direct_to_consumer,fulfilled,2025-01-09,2025-01-13,2025-01-09,PA2,FedEx,1,1,20.4,3.0,0.0,23.4,shipmonk_estimate,USD
131130_2,a7deeac3-9ec4-4dec-8828-9a8c305eeee3,Cattasaurus - shoproxstore - Shopify,direct_to_consumer,fulfilled,2025-01-09,2025-01-13,2025-01-09,PA2,FedEx,1,1,20.4,3.0,0.0,23.4,shipmonk_estimate,USD
131131,6357360869686,Cattasaurus - shoproxstore - Shopify,direct_to_consumer,fulfilled,2025-01-09,2025-01-10,2025-01-09,PA2,FedEx,2,1,16.78,3.0,0.0,19.78,shipmonk_estimate,USD
131132,6357446492470,Cattasaurus - shoproxstore - Shopify,direct_to_consumer,fulfilled,2025-01-09,2025-01-10,2025-01-09,PA2,UPS,1,1,15.32,2.63,0.0,17.95,shipmonk_estimate,USD
131133,6357511045430,Cattasaurus - shoproxstore - Shopify,direct_to_consumer,fulfilled,2025-01-09,2025-01-10,2025-01-09,PA2,FedEx,1,1,18.19,2.63,0.0,20.82,shipmonk_estimate,USD
131134,6357520515382,Cattasaurus - shoproxstore - Shopify,direct_to_consumer,fulfilled,2025-01-09,2025-01-10,2025-01-09,NV3,FedEx,1,1,23.5,2.63,0.0,26.13,shipmonk_estimate,USD
131135,6357558395190,Cattasaurus - shoproxstore - Shopify,direct_to_consumer,fulfilled,2025-01-09,2025-01-10,2025-01-09,PA2,FedEx,2,1,19.51,3.0,0.0,22.51,shipmonk_estimate,USD
131136,6357586542902,Cattasaurus - shoproxstore - Shopify,direct_to_consumer,fulfilled,2025-01-09,2025-01-10,2025-01-09,PA2,UPS,1,1,18.17,2.26,0.0,20.43,shipmonk_estimate,USD
131137,6357597552950,Cattasaurus - shoproxstore - Shopify,direct_to_consumer,fulfilled,2025-01-09,2025-01-10,2025-01-09,NV3,FedEx,1,1,24.16,2.63,0.0,26.79,shipmonk_estimate,USD
131138,6357610332470,Cattasaurus - shoproxstore - Shopify,direct_to_consumer,fulfilled,2025-01-09,2025-01-10,2025-01-09,PA2,FedEx,1,1,16.76,2.26,0.0,19.02,shipmonk_estimate,USD
131139,6357610758454,Cattasaurus - shoproxstore - Shopify,direct_to_consumer,fulfilled,2025-01-09,2025-01-10,2025-01-09,PA2,FedEx,1,1,16.76,2.26,0.0,19.02,shipmonk_estimate,USD
131140,6357611544886,Cattasaurus - shoproxstore - Shopify,direct_to_consumer,fulfilled,2025-01-09,2025-01-13,2025-01-09,PA2,FedEx,1,1,14.15,2.63,0.0,16.78,shipmonk_estimate,USD
131141,6357619507510,Cattasaurus - shoproxstore - Shopify,direct_to_consumer,fulfilled,2025-01-09,2025-01-13,2025-01-09,PA2,FedEx,2,1,19.93,3.0,0.0,22.93,shipmonk_estimate,USD
131142,6357619769654,Cattasaurus - shoproxstore - Shopify,direct_to_consumer,fulfilled,2025-01-09,2025-01-10,2025-01-09,PA2,FedEx,1,1,19.51,2.63,0.0,22.14,shipmonk_estimate,USD
131143,6357627207990,Cattasaurus - shoproxstore - Shopify,direct_to_consumer,fulfilled,2025-01-09,2025-01-10,2025-01-09,PA2,FedEx,1,1,19.51,1.89,0.0,21.4,shipmonk_estimate,USD
131144,6357627404598,Cattasaurus - shoproxstore - Shopify,direct_to_consumer,fulfilled,2025-01-09,2025-01-10,2025-01-09,NV3,FedEx,1,1,22.09,2.26,0.0,24.35,shipmonk_estimate,USD
131145,6357635924278,Cattasaurus - shoproxstore - Shopify,direct_to_consumer,fulfilled,2025-01-09,2025-01-10,2025-01-09,PA2,FedEx,2,1,19.51,2.26,0.0,21.77,shipmonk_estimate,USD
131146,6357654176054,Cattasaurus - shoproxstore - Shopify,direct_to_consumer,fulfilled,2025-01-09,2025-01-10,2025-01-09,NV3,FedEx,1,1,22.09,2.26,0.0,24.35,shipmonk_estimate,USD
131147,6357726036278,Cattasaurus - shoproxstore - Shopify,direct_to_consumer,fulfilled,2025-01-09,2025-01-10,2025-01-09,PA2,FedEx,1,1,18.19,2.63,0.0,20.82,shipmonk_estimate,USD
131148,6357769584950,Cattasaurus - shoproxstore - Shopify,direct_to_consumer,fulfilled,2025-01-09,2025-01-10,2025-01-09,NV3,FedEx,1,1,27.72,2.26,0.0,29.98,shipmonk_estimate,USD
131149,6357772992822,Cattasaurus - shoproxstore - Shopify,direct_to_consumer,fulfilled,2025-01-09,2025-01-10,2025-01-09,PA2,FedEx,1,1,13.21,2.26,0.0,15.47,shipmonk_estimate,USD
131150,6357795635510,Cattasaurus - shoproxstore - Shopify,direct_to_consumer,fulfilled,2025-01-09,2025-01-10,2025-01-09,PA2,FedEx,2,1,23.75,3.0,0.0,26.75,shipmonk_estimate,USD
131151,6357807726902,Cattasaurus - shoproxstore - Shopify,direct_to_consumer,fulfilled,2025-01-09,2025-02-01,2025-01-09,PA2,UPS,1,1,18.17,2.26,0.0,20.43,shipmonk_estimate,USD
131152,6357827617078,Cattasaurus - shoproxstore - Shopify,direct_to_consumer,fulfilled,2025-01-09,2025-01-10,2025-01-09,NV3,FedEx,1,1,22.09,2.63,0.0,24.72,shipmonk_estimate,USD
131153,6357849702710,Cattasaurus - shoproxstore - Shopify,direct_to_consumer,fulfilled,2025-01-09,2025-01-10,2025-01-09,NV3,UPS,1,1,20.28,2.63,0.0,22.91,shipmonk_estimate,USD
131154,6357865759030,Cattasaurus - shoproxstore - Shopify,direct_to_consumer,fulfilled,2025-01-09,2025-02-01,2025-01-09,PA2,UPS,1,1,14.35,2.26,0.0,16.61,shipmonk_estimate,USD
131155,6357879914806,Cattasaurus - shoproxstore - Shopify,direct_to_consumer,fulfilled,2025-01-09,2025-01-13,2025-01-09,NV3,FedEx,1,1,25.22,2.63,0.0,27.85,shipmonk_estimate,USD
131156,6357905178934,Cattasaurus - shoproxstore - Shopify,direct_to_consumer,fulfilled,2025-01-09,2025-02-02,2025-01-09,PA2,UPS,1,1,15.55,2.63,0.0,18.18,shipmonk_estimate,USD
131157,6357917696310,Cattasaurus - shoproxstore - Shopify,direct_to_consumer,fulfilled,2025-01-09,2025-01-13,2025-01-09,NV3,UPS,1,1,21.46,2.63,0.0,24.09,shipmonk_estimate,USD
131158,6357949153590,Cattasaurus - shoproxstore - Shopify,direct_to_consumer,fulfilled,2025-01-09,2025-02-03,2025-01-09,PA2,FedEx,2,1,14.02,2.26,0.0,16.28,shipmonk_estimate,USD
131159,6357954330934,Cattasaurus - shoproxstore - Shopify,direct_to_consumer,fulfilled,2025-01-09,2025-01-13,2025-01-09,NV3,FedEx,2,1,24.8,3.0,0.0,27.8,shipmonk_estimate,USD
131160,6357954920758,Cattasaurus - shoproxstore - Shopify,direct_to_consumer,fulfilled,2025-01-09,2025-02-02,2025-01-09,PA2,FedEx,1,1,18.75,2.63,0.0,21.38,shipmonk_estimate,USD
131161,6357988573494,Cattasaurus - shoproxstore - Shopify,direct_to_consumer,fulfilled,2025-01-09,2025-01-13,2025-01-09,NV3,FedEx,1,1,14.15,2.26,0.0,16.41,shipmonk_estimate,USD
131162,6358008922422,Cattasaurus - shoproxstore - Shopify,direct_to_consumer,fulfilled,2025-01-09,2025-02-02,2025-01-09,PA2,FedEx,2,1,12.97,2.26,0.0,15.23,shipmonk_estimate,USD
131163,6358026813750,Cattasaurus - shoproxstore - Shopify,direct_to_consumer,fulfilled,2025-01-09,2025-02-02,2025-01-09,PA2,FedEx,1,1,16.64,2.63,0.0,19.27,shipmonk_estimate,USD
131164,6358084485430,Cattasaurus - shoproxstore - Shopify,direct_to_consumer,fulfilled,2025-01-09,2025-01-13,2025-01-09,NV3,FedEx,1,1,14.97,2.63,0.0,17.6,shipmonk_estimate,USD
131166,6358194225462,Cattasaurus - shoproxstore - Shopify,direct_to_consumer,fulfilled,2025-01-09,2025-02-02,2025-01-09,PA2,FedEx,2,1,13.79,2.26,0.0,16.05,shipmonk_estimate,USD
131167,6358316941622,Cattasaurus - shoproxstore - Shopify,direct_to_consumer,fulfilled,2025-01-09,2025-02-02,2025-01-09,PA2,FedEx,2,1,14.02,2.26,0.0,16.28,shipmonk_estimate,USD
131168,6358334177590,Cattasaurus - shoproxstore - Shopify,direct_to_consumer,fulfilled,2025-01-09,2025-01-13,2025-01-09,PA2,FedEx,3,1,17.87,3.37,0.0,21.24,shipmonk_estimate,USD
131169,6358371402038,Cattasaurus - shoproxstore - Shopify,direct_to_consumer,fulfilled,2025-01-09,2025-02-02,2025-01-09,PA2,FedEx,1,1,16.64,2.63,0.0,19.27,shipmonk_estimate,USD
131170,6358392799542,Cattasaurus - shoproxstore - Shopify,direct_to_consumer,fulfilled,2025-01-09,2025-01-13,2025-01-09,NV3,FedEx,1,1,15.19,2.26,0.0,17.45,shipmonk_estimate,USD
131171,6358452896054,Cattasaurus - shoproxstore - Shopify,direct_to_consumer,fulfilled,2025-01-09,2025-01-13,2025-01-09,PA2,FedEx,1,1,16.34,2.63,0.0,18.97,shipmonk_estimate,USD
131172,6358475047222,Cattasaurus - shoproxstore - Shopify,direct_to_consumer,fulfilled,2025-01-09,2025-01-13,2025-01-09,NV3,UPS,1,1,19.34,2.63,0.0,21.97,shipmonk_estimate,USD
131173,6358485303606,Cattasaurus - shoproxstore - Shopify,direct_to_consumer,fulfilled,2025-01-09,2025-01-13,2025-01-09,NV3,UPS,1,1,21.46,2.63,0.0,24.09,shipmonk_estimate,USD
131174,6358544974134,Cattasaurus - shoproxstore - Shopify,direct_to_consumer,fulfilled,2025-01-09,2025-02-02,2025-01-09,PA2,FedEx,1,1,13.79,2.63,0.0,16.42,shipmonk_estimate,USD
131175,6358565486902,Cattasaurus - shoproxstore - Shopify,direct_to_consumer,fulfilled,2025-01-09,2025-02-04,2025-01-09,PA2,UPS,1,1,14.53,2.26,0.0,16.79,shipmonk_estimate,USD
131176,6358597894454,Cattasaurus - shoproxstore - Shopify,direct_to_consumer,fulfilled,2025-01-09,2025-01-13,2025-01-09,PA2,FedEx,1,1,22.09,2.63,0.0,24.72,shipmonk_estimate,USD
131177,6358617358646,Cattasaurus - shoproxstore - Shopify,direct_to_consumer,fulfilled,2025-01-09,2025-02-02,2025-01-09,PA2,FedEx,1,1,16.64,2.63,0.0,19.27,shipmonk_estimate,USD
131178,6358646751542,Cattasaurus - shoproxstore - Shopify,direct_to_consumer,fulfilled,2025-01-09,2025-01-13,2025-01-09,NV3,UPS,1,1,19.34,2.63,0.0,21.97,shipmonk_estimate,USD
131179,6358649897270,Cattasaurus - shoproxstore - Shopify,direct_to_consumer,fulfilled,2025-01-09,2025-02-02,2025-01-09,PA2,UPS,1,1,18.17,2.63,0.0,20.8,shipmonk_estimate,USD
131180,6358676373814,Cattasaurus - shoproxstore - Shopify,direct_to_consumer,fulfilled,2025-01-09,2025-01-13,2025-01-09,NV3,FedEx,1,1,14.97,2.63,0.0,17.6,shipmonk_estimate,USD
131181,6358679224630,Cattasaurus - shoproxstore - Shopify,direct_to_consumer,fulfilled,2025-01-09,2025-02-04,2025-01-09,PA2,UPS,1,1,15.58,2.26,0.0,17.84,shipmonk_estimate,USD
131182,6358683681078,Cattasaurus - shoproxstore - Shopify,direct_to_consumer,fulfilled,2025-01-09,2025-01-13,2025-01-09,NV3,FedEx,1,1,19.93,2.63,0.0,22.56,shipmonk_estimate,USD
131183,6358757605686,Cattasaurus - shoproxstore - Shopify,direct_to_consumer,fulfilled,2025-01-09,2025-01-13,2025-01-09,NV3,FedEx,1,1,19.93,2.63,0.0,22.56,shipmonk_estimate,USD
131184_1,3b0115de-2f6b-4476-9af2-5cc4e8aabe97,Cattasaurus - shoproxstore - Shopify,direct_to_consumer,fulfilled,2025-01-09,2025-01-20,2025-01-09,NV3,DHL eCommerce,2,1,11.22,2.26,1.5,14.98,shipmonk_estimate,USD
131185,6358831825206,Cattasaurus - shoproxstore - Shopify,direct_to_consumer,fulfilled,2025-01-09,2025-01-13,2025-01-09,PA2,FedEx,1,1,19.36,2.63,0.0,21.99,shipmonk_estimate,USD
131186,6358928556342,Cattasaurus - shoproxstore - Shopify,direct_to_consumer,fulfilled,2025-01-09,2025-02-02,2025-01-09,PA2,UPS,1,1,14.02,2.63,0.0,16.65,shipmonk_estimate,USD
131187,6358948053302,Cattasaurus - shoproxstore - Shopify,direct_to_consumer,fulfilled,2025-01-09,2025-01-13,2025-01-09,NV3,FedEx,1,1,17.81,2.63,0.0,20.44,shipmonk_estimate,USD
131188,6358947889462,Cattasaurus - shoproxstore - Shopify,direct_to_consumer,fulfilled,2025-01-09,2025-02-02,2025-01-09,PA2,UPS,1,1,15.55,2.63,0.0,18.18,shipmonk_estimate,USD
131189,6358997270838,Cattasaurus - shoproxstore - Shopify,direct_to_consumer,fulfilled,2025-01-09,2025-01-13,2025-01-09,NV3,FedEx,1,1,15.19,2.63,0.0,17.82,shipmonk_estimate,USD
131190,6359000678710,Cattasaurus - shoproxstore - Shopify,direct_to_consumer,fulfilled,2025-01-09,2025-02-02,2025-01-09,PA2,FedEx,1,1,16.64,2.63,0.0,19.27,shipmonk_estimate,USD
131192,6359032955190,Cattasaurus - shoproxstore - Shopify,direct_to_consumer,fulfilled,2025-01-09,2025-01-13,2025-01-09,PA2,FedEx,1,1,16.34,1.89,0.0,18.23,shipmonk_estimate,USD
131193,6359042392374,Cattasaurus - shoproxstore - Shopify,direct_to_consumer,fulfilled,2025-01-09,2025-01-13,2025-01-09,NV3,UPS,1,1,24.8,2.63,0.0,27.43,shipmonk_estimate,USD
131194,6359054123318,Cattasaurus - shoproxstore - Shopify,direct_to_consumer,fulfilled,2025-01-09,2025-02-04,2025-01-09,PA2,FedEx,1,1,13.0,2.26,0.0,15.26,shipmonk_estimate,USD
131195,6359072080182,Cattasaurus - shoproxstore - Shopify,direct_to_consumer,fulfilled,2025-01-09,2025-01-13,2025-01-09,NV3,FedEx,1,1,19.93,2.63,0.0,22.56,shipmonk_estimate,USD
131196,6359113302326,Cattasaurus - shoproxstore - Shopify,direct_to_consumer,fulfilled,2025-01-09,2025-02-02,2025-01-09,PA2,FedEx,1,1,14.02,2.63,0.0,16.65,shipmonk_estimate,USD
131197,6359131390262,Cattasaurus - shoproxstore - Shopify,direct_to_consumer,fulfilled,2025-01-09,2025-01-13,2025-01-09,PA2,FedEx,1,1,22.09,2.63,0.0,24.72,shipmonk_estimate,USD
131198,6359140663606,Cattasaurus - shoproxstore - Shopify,direct_to_consumer,fulfilled,2025-01-09,2025-01-13,2025-01-09,NV3,FedEx,1,1,19.93,2.63,0.0,22.56,shipmonk_estimate,USD
131199,6359202529590,Cattasaurus - shoproxstore - Shopify,direct_to_consumer,fulfilled,2025-01-09,2025-01-13,2025-01-09,NV3,FedEx,1,1,19.93,2.63,0.0,22.56,shipmonk_estimate,USD
131200,6359212949814,Cattasaurus - shoproxstore - Shopify,direct_to_consumer,fulfilled,2025-01-09,2025-01-13,2025-01-09,NV3,FedEx,1,1,17.81,2.63,0.0,20.44,shipmonk_estimate,USD
131201,6359232217398,Cattasaurus - shoproxstore - Shopify,direct_to_consumer,fulfilled,2025-01-09,2025-01-13,2025-01-09,NV3,FedEx,1,1,19.93,2.63,0.0,22.56,shipmonk_estimate,USD
131202,6359235756342,Cattasaurus - shoproxstore - Shopify,direct_to_consumer,fulfilled,2025-01-09,2025-01-13,2025-01-09,PA2,DHL eCommerce,1,1,7.71,1.89,0.0,9.6,shipmonk_estimate,USD
131203,6359274291510,Cattasaurus - shoproxstore - Shopify,direct_to_consumer,fulfilled,2025-01-09,2025-02-02,2025-01-09,PA2,FedEx,1,1,16.64,2.63,0.0,19.27,shipmonk_estimate,USD
131204,6359282909494,Cattasaurus - shoproxstore - Shopify,direct_to_consumer,fulfilled,2025-01-09,2025-02-02,2025-01-09,PA2,FedEx,1,1,13.79,2.63,0.0,16.42,shipmonk_estimate,USD
131205,6359303225654,Cattasaurus - shoproxstore - Shopify,direct_to_consumer,fulfilled,2025-01-09,2025-01-13,2025-01-09,NV3,FedEx,1,1,19.93,2.63,0.0,22.56,shipmonk_estimate,USD
131206,6359304110390,Cattasaurus - shoproxstore - Shopify,direct_to_consumer,fulfilled,2025-01-09,2025-02-03,2025-01-09,PA2,FedEx,2,1,17.47,3.0,0.0,20.47,shipmonk_estimate,USD
131207,6359315579190,Cattasaurus - shoproxstore - Shopify,direct_to_consumer,fulfilled,2025-01-09,2025-02-05,2025-01-09,PA2,FedEx,1,1,20.03,2.63,0.0,22.66,shipmonk_estimate,USD
131208,6359370236214,Cattasaurus - shoproxstore - Shopify,direct_to_consumer,fulfilled,2025-01-09,2025-02-02,2025-01-09,PA2,FedEx,1,1,18.75,2.63,0.0,21.38,shipmonk_estimate,USD
131209,6359371415862,Cattasaurus - shoproxstore - Shopify,direct_to_consumer,fulfilled,2025-01-09,2025-01-13,2025-01-09,NV3,FedEx,1,1,14.97,2.63,0.0,17.6,shipmonk_estimate,USD
131210,6359385899318,Cattasaurus - shoproxstore - Shopify,direct_to_consumer,fulfilled,2025-01-09,2025-02-02,2025-01-09,PA2,UPS,1,1,14.5,2.63,0.0,17.13,shipmonk_estimate,USD
131211,6359393829174,Cattasaurus - shoproxstore - Shopify,direct_to_consumer,fulfilled,2025-01-09,2025-02-06,2025-01-09,PA2,FedEx,1,1,14.05,2.26,0.0,16.31,shipmonk_estimate,USD
131211_1,f91aa2e8-1bca-43ad-b0d8-89587e6dfd5c,Cattasaurus - shoproxstore - Shopify,direct_to_consumer,fulfilled,2025-01-09,2025-02-06,2025-01-09,NV3,DHL eCommerce,1,1,5.94,1.89,0.3,8.13,shipmonk_estimate,USD
131212,6359430660406,Cattasaurus - shoproxstore - Shopify,direct_to_consumer,fulfilled,2025-01-09,2025-02-02,2025-01-09,PA2,FedEx,1,1,13.79,2.63,0.0,16.42,shipmonk_estimate,USD
131213,6359462576438,Cattasaurus - shoproxstore - Shopify,direct_to_consumer,fulfilled,2025-01-09,2025-01-13,2025-01-09,NV3,FedEx,1,1,19.93,2.63,0.0,22.56,shipmonk_estimate,USD
131214,6359501373750,Cattasaurus - shoproxstore - Shopify,direct_to_consumer,fulfilled,2025-01-09,2025-02-02,2025-01-09,PA2,FedEx,1,1,12.97,2.63,0.0,15.6,shipmonk_estimate,USD
131215,6359510516022,Cattasaurus - shoproxstore - Shopify,direct_to_consumer,fulfilled,2025-01-09,2025-01-13,2025-01-09,NV3,FedEx,1,1,17.81,2.63,0.0,20.44,shipmonk_estimate,USD
131216,6359513170230,Cattasaurus - shoproxstore - Shopify,direct_to_consumer,fulfilled,2025-01-09,2025-01-13,2025-01-09,PA2,FedEx,1,1,19.36,2.63,0.0,21.99,shipmonk_estimate,USD
131217,6359557341494,Cattasaurus - shoproxstore - Shopify,direct_to_consumer,fulfilled,2025-01-09,2025-01-13,2025-01-09,NV3,FedEx,1,1,19.93,2.63,0.0,22.56,shipmonk_estimate,USD
131219,6359629693238,Cattasaurus - shoproxstore - Shopify,direct_to_consumer,fulfilled,2025-01-09,2025-01-13,2025-01-09,PA2,FedEx,1,1,20.56,2.63,0.0,23.19,shipmonk_estimate,USD
131220,6359653712182,Cattasaurus - shoproxstore - Shopify,direct_to_consumer,fulfilled,2025-01-09,2025-01-13,2025-01-09,NV3,FedEx,1,1,15.19,2.63,0.0,17.82,shipmonk_estimate,USD
131221,6359908155702,Cattasaurus - shoproxstore - Shopify,direct_to_consumer,fulfilled,2025-01-09,2025-01-13,2025-01-09,NV3,UPS,1,1,16.34,2.63,0.0,18.97,shipmonk_estimate,USD
131222,6360006164790,Cattasaurus - shoproxstore - Shopify,direct_to_consumer,fulfilled,2025-01-09,2025-01-13,2025-01-09,NV3,UPS,1,1,21.46,2.63,0.0,24.09,shipmonk_estimate,USD
131223,6360089067830,Cattasaurus - shoproxstore - Shopify,direct_to_consumer,fulfilled,2025-01-09,2025-01-13,2025-01-09,PA2,FedEx,2,1,20.56,3.37,0.0,23.93,shipmonk_estimate,USD
111-4835224-7106633,111-4835224-7106633,Cattasaurus - Amazon USA,direct_to_consumer,fulfilled,2025-01-10,2025-01-10,2025-01-10,PA2,FedEx,1,1,15.29,2.26,0.0,17.55,shipmonk_estimate,USD
125017-01,b609aec7-d0e2-4e1e-b12b-da7d1c580711,Cattasaurus - shoproxstore - Shopify,direct_to_consumer,fulfilled,2025-01-10,2025-01-13,2025-01-10,PA2,FedEx,1,1,16.34,2.63,0.0,18.97,shipmonk_estimate,USD
125513-01,4149982b-ba25-48de-99cf-d8880a59cb04,Cattasaurus - shoproxstore - Shopify,direct_to_consumer,fulfilled,2025-01-10,2025-01-13,2025-01-10,NV3,FedEx,1,1,13.62,2.63,0.0,16.25,shipmonk_estimate,USD
129125-01,7e1675f9-9fe7-440c-b45b-aeebaf428dbe,Cattasaurus - shoproxstore - Shopify,direct_to_consumer,fulfilled,2025-01-10,2025-01-13,2025-01-10,NV3,FedEx,1,1,16.34,2.26,0.0,18.6,shipmonk_estimate,USD
131224,6360368447798,Cattasaurus - shoproxstore - Shopify,direct_to_consumer,fulfilled,2025-01-10,2025-01-13,2025-01-10,PA2,FedEx,1,1,14.26,2.63,0.0,16.89,shipmonk_estimate,USD
131225,6360414191926,Cattasaurus - shoproxstore - Shopify,direct_to_consumer,fulfilled,2025-01-10,2025-01-13,2025-01-10,PA2,FedEx,1,1,20.4,3.0,0.0,23.4,shipmonk_estimate,USD
131226,6360450761014,Cattasaurus - shoproxstore - Shopify,direct_to_consumer,fulfilled,2025-01-10,2025-01-13,2025-01-10,PA2,FedEx,1,1,20.56,2.63,0.0,23.19,shipmonk_estimate,USD
131227,6360587469110,Cattasaurus - shoproxstore - Shopify,direct_to_consumer,fulfilled,2025-01-10,2025-02-05,2025-01-10,PA2,FedEx,1,1,18.5,2.63,0.0,21.13,shipmonk_estimate,USD
131229,6360629215542,Cattasaurus - shoproxstore - Shopify,direct_to_consumer,fulfilled,2025-01-10,2025-02-02,2025-01-10,PA2,UPS,1,1,15.55,2.63,0.0,18.18,shipmonk_estimate,USD
131230,6360631574838,Cattasaurus - shoproxstore - Shopify,direct_to_consumer,fulfilled,2025-01-10,2025-02-02,2025-01-10,PA2,FedEx,1,1,14.02,2.63,0.0,16.65,shipmonk_estimate,USD
131231,6360640389430,Cattasaurus - shoproxstore - Shopify,direct_to_consumer,fulfilled,2025-01-10,2025-01-13,2025-01-10,NV3,FedEx,1,1,25.22,2.26,0.0,27.48,shipmonk_estimate,USD
131232,6360682889526,Cattasaurus - shoproxstore - Shopify,direct_to_consumer,fulfilled,2025-01-10,2025-02-02,2025-01-10,PA2,FedEx,2,1,16.64,2.26,0.0,18.9,shipmonk_estimate,USD
131233,6360703402294,Cattasaurus - shoproxstore - Shopify,direct_to_consumer,fulfilled,2025-01-10,2025-01-13,2025-01-10,PA2,FedEx,1,1,19.36,2.63,0.0,21.99,shipmonk_estimate,USD
131234,6360758092086,Cattasaurus - shoproxstore - Shopify,direct_to_consumer,fulfilled,2025-01-10,2025-02-03,2025-01-10,PA2,FedEx,2,1,14.02,2.26,0.0,16.28,shipmonk_estimate,USD
131235,6360789451062,Cattasaurus - shoproxstore - Shopify,direct_to_consumer,fulfilled,2025-01-10,2025-02-02,2025-01-10,PA2,UPS,1,1,15.32,2.63,0.0,17.95,shipmonk_estimate,USD
131236,6360824906038,Cattasaurus - shoproxstore - Shopify,direct_to_consumer,fulfilled,2025-01-10,2025-01-13,2025-01-10,NV3,FedEx,1,1,20.56,2.63,0.0,23.19,shipmonk_estimate,USD
131237,6360825725238,Cattasaurus - shoproxstore - Shopify,direct_to_consumer,fulfilled,2025-01-10,2025-01-13,2025-01-10,NV3,FedEx,1,1,16.72,2.63,0.0,19.35,shipmonk_estimate,USD
131238,6360826937654,Cattasaurus - shoproxstore - Shopify,direct_to_consumer,fulfilled,2025-01-10,2025-02-02,2025-01-10,PA2,FedEx,1,1,13.79,2.63,0.0,16.42,shipmonk_estimate,USD
131239,6360839291190,Cattasaurus - shoproxstore - Shopify,direct_to_consumer,fulfilled,2025-01-10,2025-01-13,2025-01-10,NV3,UPS,2,1,21.46,3.0,0.0,24.46,shipmonk_estimate,USD
131240,6360856592694,Cattasaurus - shoproxstore - Shopify,direct_to_consumer,fulfilled,2025-01-10,2025-01-13,2025-01-10,PA2,FedEx,1,1,14.26,2.63,0.0,16.89,shipmonk_estimate,USD
131241,6360861966646,Cattasaurus - shoproxstore - Shopify,direct_to_consumer,fulfilled,2025-01-10,2025-01-13,2025-01-10,NV3,FedEx,1,1,21.46,2.63,0.0,24.09,shipmonk_estimate,USD
131242,6360886804790,Cattasaurus - shoproxstore - Shopify,direct_to_consumer,fulfilled,2025-01-10,2025-01-13,2025-01-10,NV3,FedEx,1,1,23.15,2.63,0.0,25.78,shipmonk_estimate,USD
131243,6360897749302,Cattasaurus - shoproxstore - Shopify,direct_to_consumer,fulfilled,2025-01-10,2025-01-13,2025-01-10,NV3,USPS,1,1,20.48,2.63,0.0,23.11,shipmonk_estimate,USD
131244,6360901943606,Cattasaurus - shoproxstore - Shopify,direct_to_consumer,fulfilled,2025-01-10,2025-02-02,2025-01-10,PA2,UPS,1,1,18.17,2.63,0.0,20.8,shipmonk_estimate,USD
131245,6360922390838,Cattasaurus - shoproxstore - Shopify,direct_to_consumer,fulfilled,2025-01-10,2025-01-13,2025-01-10,NV3,FedEx,1,1,17.81,2.63,0.0,20.44,shipmonk_estimate,USD
131246,6360925208886,Cattasaurus - shoproxstore - Shopify,direct_to_consumer,fulfilled,2025-01-10,2025-01-13,2025-01-10,PA2,FedEx,1,1,22.09,2.63,0.0,24.72,shipmonk_estimate,USD
131247,6360932122934,Cattasaurus - shoproxstore - Shopify,direct_to_consumer,fulfilled,2025-01-10,2025-01-13,2025-01-10,NV3,FedEx,1,1,13.44,2.26,0.0,15.7,shipmonk_estimate,USD
131248,6360975442230,Cattasaurus - shoproxstore - Shopify,direct_to_consumer,fulfilled,2025-01-10,2025-02-02,2025-01-10,PA2,FedEx,1,1,16.64,2.63,0.0,19.27,shipmonk_estimate,USD
131249,6360994873654,Cattasaurus - shoproxstore - Shopify,direct_to_consumer,fulfilled,2025-01-10,2025-02-02,2025-01-10,PA2,FedEx,1,1,13.79,2.63,0.0,16.42,shipmonk_estimate,USD
131250,6361018597686,Cattasaurus - shoproxstore - Shopify,direct_to_consumer,fulfilled,2025-01-10,2025-02-02,2025-01-10,PA2,FedEx,1,1,13.79,2.63,0.0,16.42,shipmonk_estimate,USD
131251,6361023807798,Cattasaurus - shoproxstore - Shopify,direct_to_consumer,fulfilled,2025-01-10,2025-01-13,2025-01-10,NV3,FedEx,1,1,17.84,2.63,0.0,20.47,shipmonk_estimate,USD
131253,6361137348918,Cattasaurus - shoproxstore - Shopify,direct_to_consumer,fulfilled,2025-01-10,2025-01-13,2025-01-10,PA2,FedEx,3,1,16.34,3.37,0.0,19.71,shipmonk_estimate,USD
131254,6361145180470,Cattasaurus - shoproxstore - Shopify,direct_to_consumer,fulfilled,2025-01-10,2025-01-13,2025-01-10,NV3,FedEx,1,1,0.0,2.63,0.0,2.63,shipmonk_estimate,USD
131255,6361147179318,Cattasaurus - shoproxstore - Shopify,direct_to_consumer,fulfilled,2025-01-10,2025-01-13,2025-01-10,PA2,FedEx,1,1,20.56,2.63,0.0,23.19,shipmonk_estimate,USD
131256,6361162973494,Cattasaurus - shoproxstore - Shopify,direct_to_consumer,fulfilled,2025-01-10,2025-01-13,2025-01-10,PA2,FedEx,1,1,20.56,2.63,0.0,23.19,shipmonk_estimate,USD
131257,6361171067190,Cattasaurus - shoproxstore - Shopify,direct_to_consumer,fulfilled,2025-01-10,2025-01-13,2025-01-10,NV3,FedEx,1,1,17.81,2.63,0.0,20.44,shipmonk_estimate,USD
131258,6361187123510,Cattasaurus - shoproxstore - Shopify,direct_to_consumer,fulfilled,2025-01-10,2025-02-04,2025-01-10,PA2,UPS,1,1,18.2,2.26,0.0,20.46,shipmonk_estimate,USD
131259,6361208815926,Cattasaurus - shoproxstore - Shopify,direct_to_consumer,fulfilled,2025-01-10,2025-01-13,2025-01-10,NV3,UPS,1,1,21.46,2.63,0.0,24.09,shipmonk_estimate,USD
131260,6361399394614,Cattasaurus - shoproxstore - Shopify,direct_to_consumer,fulfilled,2025-01-10,2025-01-13,2025-01-10,NV3,FedEx,1,1,15.19,2.63,0.0,17.82,shipmonk_estimate,USD
131261,6361544261942,Cattasaurus - shoproxstore - Shopify,direct_to_consumer,fulfilled,2025-01-10,2025-01-13,2025-01-10,NV3,FedEx,1,1,24.68,2.63,0.0,27.31,shipmonk_estimate,USD
131262,6361619693878,Cattasaurus - shoproxstore - Shopify,direct_to_consumer,fulfilled,2025-01-10,2025-01-13,2025-01-10,PA2,FedEx,1,1,15.79,2.26,0.0,18.05,shipmonk_estimate,USD
131263,6361673138486,Cattasaurus - shoproxstore - Shopify,direct_to_consumer,fulfilled,2025-01-10,2025-01-13,2025-01-10,NV3,FedEx,1,1,25.22,2.63,0.0,27.85,shipmonk_estimate,USD
131264,6361686475062,Cattasaurus - shoproxstore - Shopify,direct_to_consumer,fulfilled,2025-01-10,2025-01-13,2025-01-10,NV3,FedEx,1,1,17.84,2.63,0.0,20.47,shipmonk_estimate,USD
131265,6361757286710,Cattasaurus - shoproxstore - Shopify,direct_to_consumer,fulfilled,2025-01-10,2025-02-04,2025-01-10,PA2,FedEx,2,1,13.82,2.63,0.0,16.45,shipmonk_estimate,USD
131266,6361781436726,Cattasaurus - shoproxstore - Shopify,direct_to_consumer,fulfilled,2025-01-10,2025-02-05,2025-01-10,PA2,FedEx,1,1,14.75,2.63,0.0,17.38,shipmonk_estimate,USD
131267,6361819840822,Cattasaurus - shoproxstore - Shopify,direct_to_consumer,fulfilled,2025-01-10,2025-02-02,2025-01-10,PA2,FedEx,1,1,12.97,2.63,0.0,15.6,shipmonk_estimate,USD
131268,6361886196022,Cattasaurus - shoproxstore - Shopify,direct_to_consumer,fulfilled,2025-01-10,2025-01-13,2025-01-10,PA2,FedEx,1,1,22.09,2.63,0.0,24.72,shipmonk_estimate,USD
131269,6362010353974,Cattasaurus - shoproxstore - Shopify,direct_to_consumer,fulfilled,2025-01-10,2025-02-02,2025-01-10,PA2,UPS,1,1,14.5,2.63,0.0,17.13,shipmonk_estimate,USD
131270,6362072383798,Cattasaurus - shoproxstore - Shopify,direct_to_consumer,fulfilled,2025-01-10,2025-02-04,2025-01-10,PA2,FedEx,1,1,13.0,2.26,0.0,15.26,shipmonk_estimate,USD
131271,6362098434358,Cattasaurus - shoproxstore - Shopify,direct_to_consumer,fulfilled,2025-01-10,2025-02-02,2025-01-10,PA2,UPS,1,1,15.55,2.63,0.0,18.18,shipmonk_estimate,USD
131272,6362252116278,Cattasaurus - shoproxstore - Shopify,direct_to_consumer,fulfilled,2025-01-10,2025-01-13,2025-01-10,NV3,UPS,1,1,21.46,2.63,0.0,24.09,shipmonk_estimate,USD
131273,6362362937654,Cattasaurus - shoproxstore - Shopify,direct_to_consumer,fulfilled,2025-01-10,2025-01-13,2025-01-10,PA2,DHL eCommerce,2,1,6.37,2.26,0.5,9.13,shipmonk_estimate,USD
131274,6362494730550,Cattasaurus - shoproxstore - Shopify,direct_to_consumer,fulfilled,2025-01-10,2025-02-02,2025-01-10,PA2,FedEx,1,1,14.02,2.63,0.0,16.65,shipmonk_estimate,USD
131275,6362620363062,Cattasaurus - shoproxstore - Shopify,direct_to_consumer,fulfilled,2025-01-10,2025-02-02,2025-01-10,PA2,FedEx,1,1,14.02,2.63,0.0,16.65,shipmonk_estimate,USD
131276,6362952499510,Cattasaurus - shoproxstore - Shopify,direct_to_consumer,fulfilled,2025-01-10,2025-02-02,2025-01-10,PA2,FedEx,1,1,16.64,2.63,0.0,19.27,shipmonk_estimate,USD
131277,6363021214006,Cattasaurus - shoproxstore - Shopify,direct_to_consumer,fulfilled,2025-01-10,2025-01-13,2025-01-10,PA2,FedEx,1,1,22.09,2.63,0.0,24.72,shipmonk_estimate,USD
131278,6363046936886,Cattasaurus - shoproxstore - Shopify,direct_to_consumer,fulfilled,2025-01-10,2025-01-13,2025-01-10,NV3,FedEx,1,1,19.93,2.63,0.0,22.56,shipmonk_estimate,USD
131279,6363111686454,Cattasaurus - shoproxstore - Shopify,direct_to_consumer,fulfilled,2025-01-10,2025-02-02,2025-01-10,PA2,UPS,2,1,15.55,2.26,0.0,17.81,shipmonk_estimate,USD
131280,6363372421430,Cattasaurus - shoproxstore - Shopify,direct_to_consumer,fulfilled,2025-01-10,2025-01-13,2025-01-10,NV3,FedEx,1,1,15.19,2.63,0.0,17.82,shipmonk_estimate,USD
131281,6363381694774,Cattasaurus - shoproxstore - Shopify,direct_to_consumer,fulfilled,2025-01-10,2025-02-02,2025-01-10,PA2,FedEx,1,1,16.64,2.63,0.0,19.27,shipmonk_estimate,USD
131282,6363519615286,Cattasaurus - shoproxstore - Shopify,direct_to_consumer,fulfilled,2025-01-10,2025-01-13,2025-01-10,NV3,FedEx,1,1,15.19,2.63,0.0,17.82,shipmonk_estimate,USD
131283,6363597472054,Cattasaurus - shoproxstore - Shopify,direct_to_consumer,fulfilled,2025-01-10,2025-02-03,2025-01-10,PA2,FedEx,2,1,16.64,2.26,0.0,18.9,shipmonk_estimate,USD
131284,6363715895606,Cattasaurus - shoproxstore - Shopify,direct_to_consumer,fulfilled,2025-01-10,2025-02-02,2025-01-10,PA2,FedEx,1,1,16.64,2.63,0.0,19.27,shipmonk_estimate,USD
131285,6363837497654,Cattasaurus - shoproxstore - Shopify,direct_to_consumer,fulfilled,2025-01-10,2025-01-13,2025-01-10,NV3,UPS,1,1,19.34,2.63,0.0,21.97,shipmonk_estimate,USD
131286,6363966996790,Cattasaurus - shoproxstore - Shopify,direct_to_consumer,fulfilled,2025-01-10,2025-01-13,2025-01-10,PA2,UPS,1,1,15.79,2.63,0.0,18.42,shipmonk_estimate,USD
131287,6363980562742,Cattasaurus - shoproxstore - Shopify,direct_to_consumer,fulfilled,2025-01-10,2025-02-02,2025-01-10,PA2,UPS,1,1,18.17,2.63,0.0,20.8,shipmonk_estimate,USD
131288,6363994226998,Cattasaurus - shoproxstore - Shopify,direct_to_consumer,fulfilled,2025-01-10,2025-01-13,2025-01-10,NV3,FedEx,1,1,17.84,2.63,0.0,20.47,shipmonk_estimate,USD
131289,6364047376694,Cattasaurus - shoproxstore - Shopify,direct_to_consumer,fulfilled,2025-01-10,2025-01-13,2025-01-10,NV3,FedEx,1,1,14.97,2.63,0.0,17.6,shipmonk_estimate,USD
131290,6364281995574,Cattasaurus - shoproxstore - Shopify,direct_to_consumer,fulfilled,2025-01-10,2025-01-13,2025-01-10,PA2,FedEx,1,1,19.36,1.89,0.0,21.25,shipmonk_estimate,USD
131292,6364481126710,Cattasaurus - shoproxstore - Shopify,direct_to_consumer,fulfilled,2025-01-10,2025-02-02,2025-01-10,PA2,FedEx,1,1,14.02,2.63,0.0,16.65,shipmonk_estimate,USD
131293,6364532670774,Cattasaurus - shoproxstore - Shopify,direct_to_consumer,fulfilled,2025-01-10,2025-02-02,2025-01-10,PA2,FedEx,1,1,14.02,2.63,0.0,16.65,shipmonk_estimate,USD
131294,6364563013942,Cattasaurus - shoproxstore - Shopify,direct_to_consumer,fulfilled,2025-01-10,2025-01-13,2025-01-10,NV3,UPS,1,1,21.46,2.63,0.0,24.09,shipmonk_estimate,USD
131295,6364575596854,Cattasaurus - shoproxstore - Shopify,direct_to_consumer,fulfilled,2025-01-10,2025-01-13,2025-01-10,NV3,FedEx,1,1,14.97,2.63,0.0,17.6,shipmonk_estimate,USD
131296,6364583362870,Cattasaurus - shoproxstore - Shopify,direct_to_consumer,fulfilled,2025-01-10,2025-01-13,2025-01-10,NV3,UPS,1,1,21.46,2.63,0.0,24.09,shipmonk_estimate,USD
131297,6364585034038,Cattasaurus - shoproxstore - Shopify,direct_to_consumer,fulfilled,2025-01-10,2025-01-13,2025-01-10,NV3,FedEx,2,1,14.97,3.0,0.0,17.97,shipmonk_estimate,USD
131298,6364589424950,Cattasaurus - shoproxstore - Shopify,direct_to_consumer,fulfilled,2025-01-10,2025-01-13,2025-01-10,NV3,USPS,1,1,14.79,2.63,0.0,17.42,shipmonk_estimate,USD
131299,6364613378358,Cattasaurus - shoproxstore - Shopify,direct_to_consumer,fulfilled,2025-01-10,2025-01-13,2025-01-10,PA2,FedEx,1,1,14.26,2.63,0.0,16.89,shipmonk_estimate,USD
131300,6364645687606,Cattasaurus - shoproxstore - Shopify,direct_to_consumer,fulfilled,2025-01-10,2025-01-13,2025-01-10,NV3,UPS,1,1,19.63,3.0,0.0,22.63,shipmonk_estimate,USD
131301,6364672491830,Cattasaurus - shoproxstore - Shopify,direct_to_consumer,fulfilled,2025-01-10,2025-01-13,2025-01-10,PA2,FedEx,1,1,14.26,2.26,0.0,16.52,shipmonk_estimate,USD
131302,6364687991094,Cattasaurus - shoproxstore - Shopify,direct_to_consumer,fulfilled,2025-01-10,2025-02-02,2025-01-10,PA2,UPS,1,1,15.55,2.63,0.0,18.18,shipmonk_estimate,USD
131303,6364711256374,Cattasaurus - shoproxstore - Shopify,direct_to_consumer,fulfilled,2025-01-10,2025-02-02,2025-01-10,PA2,FedEx,1,1,12.97,2.63,0.0,15.6,shipmonk_estimate,USD
131304,6364731605302,Cattasaurus - shoproxstore - Shopify,direct_to_consumer,fulfilled,2025-01-10,2025-01-13,2025-01-10,NV3,FedEx,1,1,17.81,2.63,0.0,20.44,shipmonk_estimate,USD
131306,6364799467830,Cattasaurus - shoproxstore - Shopify,direct_to_consumer,fulfilled,2025-01-10,2025-01-13,2025-01-10,NV3,DHL eCommerce,1,1,8.29,1.89,0.0,10.18,shipmonk_estimate,USD
131307,6364817948982,Cattasaurus - shoproxstore - Shopify,direct_to_consumer,fulfilled,2025-01-10,2025-01-13,2025-01-10,NV3,UPS,1,1,21.46,2.63,0.0,24.09,shipmonk_estimate,USD
131308,6364838265142,Cattasaurus - shoproxstore - Shopify,direct_to_consumer,fulfilled,2025-01-10,2025-01-13,2025-01-10,NV3,FedEx,1,1,19.93,2.63,0.0,22.56,shipmonk_estimate,USD
131309,6364867035446,Cattasaurus - shoproxstore - Shopify,direct_to_consumer,fulfilled,2025-01-10,2025-01-13,2025-01-10,PA2,FedEx,1,1,28.21,2.63,0.0,30.84,shipmonk_estimate,USD
131310,6364945154358,Cattasaurus - shoproxstore - Shopify,direct_to_consumer,fulfilled,2025-01-10,2025-01-13,2025-01-10,NV3,UPS,1,1,21.46,2.63,0.0,24.09,shipmonk_estimate,USD
131311,6364954034486,Cattasaurus - shoproxstore - Shopify,direct_to_consumer,fulfilled,2025-01-10,2025-01-13,2025-01-10,NV3,FedEx,1,1,19.93,2.26,0.0,22.19,shipmonk_estimate,USD
131312,6364954722614,Cattasaurus - shoproxstore - Shopify,direct_to_consumer,fulfilled,2025-01-10,2025-01-13,2025-01-10,NV3,UPS,1,1,16.72,2.63,0.0,19.35,shipmonk_estimate,USD
131313,6365089825078,Cattasaurus - shoproxstore - Shopify,direct_to_consumer,fulfilled,2025-01-10,2025-01-13,2025-01-10,NV3,UPS,2,1,16.5,2.63,0.0,19.13,shipmonk_estimate,USD
131314,6365106766134,Cattasaurus - shoproxstore - Shopify,direct_to_consumer,fulfilled,2025-01-10,2025-01-13,2025-01-10,NV3,FedEx,1,1,17.81,2.63,0.0,20.44,shipmonk_estimate,USD
131315,6365116268854,Cattasaurus - shoproxstore - Shopify,direct_to_consumer,fulfilled,2025-01-10,2025-02-02,2025-01-10,PA2,FedEx,1,1,16.64,2.63,0.0,19.27,shipmonk_estimate,USD
131316,6365130686774,Cattasaurus - shoproxstore - Shopify,direct_to_consumer,fulfilled,2025-01-10,2025-01-13,2025-01-10,NV3,FedEx,1,1,14.26,2.63,0.0,16.89,shipmonk_estimate,USD
131317,6365158768950,Cattasaurus - shoproxstore - Shopify,direct_to_consumer,fulfilled,2025-01-10,2025-02-02,2025-01-10,PA2,FedEx,2,1,22.37,3.0,0.0,25.37,shipmonk_estimate,USD
131317_1,44436c4e-dcc5-4097-a428-88a9334fccd8,Cattasaurus - shoproxstore - Shopify,direct_to_consumer,fulfilled,2025-01-10,2025-02-02,2025-01-10,PA2,UPS,1,1,18.17,2.63,0.0,20.8,shipmonk_estimate,USD
131318,6365168337206,Cattasaurus - shoproxstore - Shopify,direct_to_consumer,fulfilled,2025-01-10,2025-02-02,2025-01-10,PA2,UPS,1,1,18.17,2.63,0.0,20.8,shipmonk_estimate,USD
131319,6365174235446,Cattasaurus - shoproxstore - Shopify,direct_to_consumer,fulfilled,2025-01-10,2025-02-04,2025-01-10,PA2,FedEx,1,1,16.67,2.26,0.0,18.93,shipmonk_estimate,USD
131320,6365180395830,Cattasaurus - shoproxstore - Shopify,direct_to_consumer,fulfilled,2025-01-10,2025-01-13,2025-01-10,NV3,FedEx,1,1,21.46,2.63,0.0,24.09,shipmonk_estimate,USD
131321,6365181444406,Cattasaurus - shoproxstore - Shopify,direct_to_consumer,fulfilled,2025-01-10,2025-02-02,2025-01-10,PA2,FedEx,1,1,14.02,2.63,0.0,16.65,shipmonk_estimate,USD
131322,6365207757110,Cattasaurus - shoproxstore - Shopify,direct_to_consumer,fulfilled,2025-01-10,2025-02-02,2025-01-10,PA2,FedEx,1,1,16.64,2.63,0.0,19.27,shipmonk_estimate,USD
131323,6365243015478,Cattasaurus - shoproxstore - Shopify,direct_to_consumer,fulfilled,2025-01-10,2025-01-13,2025-01-10,PA2,USPS,1,1,23.31,2.63,0.0,25.94,shipmonk_estimate,USD
131324,6365248913718,Cattasaurus - shoproxstore - Shopify,direct_to_consumer,fulfilled,2025-01-10,2025-01-13,2025-01-10,NV3,FedEx,1,1,19.93,2.63,0.0,22.56,shipmonk_estimate,USD
131325,6365257597238,Cattasaurus - shoproxstore - Shopify,direct_to_consumer,fulfilled,2025-01-10,2025-01-13,2025-01-10,NV3,FedEx,1,1,24.8,2.63,0.0,27.43,shipmonk_estimate,USD
131326,6365263003958,Cattasaurus - shoproxstore - Shopify,direct_to_consumer,fulfilled,2025-01-10,2025-01-13,2025-01-10,NV3,FedEx,1,1,15.19,2.63,0.0,17.82,shipmonk_estimate,USD
131327,6365341876534,Cattasaurus - shoproxstore - Shopify,direct_to_consumer,fulfilled,2025-01-10,2025-01-13,2025-01-10,NV3,FedEx,1,1,14.97,2.26,0.0,17.23,shipmonk_estimate,USD
131328,6365442834742,Cattasaurus - shoproxstore - Shopify,direct_to_consumer,fulfilled,2025-01-10,2025-02-02,2025-01-10,PA2,USPS,2,1,16.59,3.0,0.0,19.59,shipmonk_estimate,USD
131329,6365453484342,Cattasaurus - shoproxstore - Shopify,direct_to_consumer,fulfilled,2025-01-10,2025-01-13,2025-01-10,PA2,FedEx,3,1,26.33,3.37,0.0,29.7,shipmonk_estimate,USD
106662-01,9152bee7-75e2-47e6-b3ac-0b761f7b6212,Cattasaurus - shoproxstore - Shopify,direct_to_consumer,fulfilled,2025-01-11,2025-01-13,2025-01-11,NV3,FedEx,1,1,19.93,4.11,0.0,24.04,shipmonk_estimate,USD
106849-01,e8a70041-d626-408e-b8c8-9bf1091f7b81,Cattasaurus - shoproxstore - Shopify,direct_to_consumer,fulfilled,2025-01-11,2025-01-15,2025-01-11,NV3,FedEx,1,1,16.31,2.26,0.0,18.57,shipmonk_estimate,USD
112-2025103-0938614,112-2025103-0938614,Cattasaurus - Amazon USA,direct_to_consumer,fulfilled,2025-01-11,2025-01-13,2025-01-11,PA2,FedEx,1,1,20.56,2.26,0.0,22.82,shipmonk_estimate,USD
114-9206289-0932209,114-9206289-0932209,Cattasaurus - Amazon USA,direct_to_consumer,fulfilled,2025-01-11,2025-01-13,2025-01-11,PA2,FedEx,1,1,17.84,2.26,0.0,20.1,shipmonk_estimate,USD
114-9771148-2683423,114-9771148-2683423,Cattasaurus - Amazon USA,direct_to_consumer,fulfilled,2025-01-11,2025-01-13,2025-01-11,PA2,FedEx,1,1,20.56,1.89,0.0,22.45,shipmonk_estimate,USD
119745-01,8679834c-93e2-4cde-bb24-7377dd6556b0,Cattasaurus - shoproxstore - Shopify,direct_to_consumer,fulfilled,2025-01-11,2025-01-13,2025-01-11,NV3,UPS,1,1,16.72,2.26,0.0,18.98,shipmonk_estimate,USD
131331,6365995467062,Cattasaurus - shoproxstore - Shopify,direct_to_consumer,fulfilled,2025-01-11,2025-02-05,2025-01-11,PA2,UPS,1,1,15.58,2.63,0.0,18.21,shipmonk_estimate,USD
131332,6366047273270,Cattasaurus - shoproxstore - Shopify,direct_to_consumer,fulfilled,2025-01-11,2025-02-05,2025-01-11,PA2,FedEx,1,1,13.82,2.63,0.0,16.45,shipmonk_estimate,USD
131333,6366096064822,Cattasaurus - shoproxstore - Shopify,direct_to_consumer,fulfilled,2025-01-11,2025-01-13,2025-01-11,PA2,UPS,1,1,15.79,2.63,0.0,18.42,shipmonk_estimate,USD
131334,6366153474358,Cattasaurus - shoproxstore - Shopify,direct_to_consumer,fulfilled,2025-01-11,2025-01-13,2025-01-11,PA2,FedEx,1,1,19.36,2.63,0.0,21.99,shipmonk_estimate,USD
131335,6366155079990,Cattasaurus - shoproxstore - Shopify,direct_to_consumer,fulfilled,2025-01-11,2025-01-13,2025-01-11,NV3,USPS,1,1,19.73,2.63,0.0,22.36,shipmonk_estimate,USD
131336,6366170087734,Cattasaurus - shoproxstore - Shopify,direct_to_consumer,fulfilled,2025-01-11,2025-02-06,2025-01-11,PA2,FedEx,2,1,13.0,3.0,0.0,16.0,shipmonk_estimate,USD
131337,6366186045750,Cattasaurus - shoproxstore - Shopify,direct_to_consumer,fulfilled,2025-01-11,2025-02-04,2025-01-11,PA2,FedEx,1,1,18.79,2.26,0.0,21.05,shipmonk_estimate,USD
131338,6366230642998,Cattasaurus - shoproxstore - Shopify,direct_to_consumer,fulfilled,2025-01-11,2025-02-02,2025-01-11,PA2,FedEx,1,1,17.23,2.63,0.0,19.86,shipmonk_estimate,USD
131339,6366241292598,Cattasaurus - shoproxstore - Shopify,direct_to_consumer,fulfilled,2025-01-11,2025-01-13,2025-01-11,NV3,UPS,1,1,16.72,2.63,0.0,19.35,shipmonk_estimate,USD
131340,6366274552118,Cattasaurus - shoproxstore - Shopify,direct_to_consumer,fulfilled,2025-01-11,2025-02-04,2025-01-11,PA2,FedEx,1,1,14.05,2.26,0.0,16.31,shipmonk_estimate,USD
131341,6366282350902,Cattasaurus - shoproxstore - Shopify,direct_to_consumer,fulfilled,2025-01-11,2025-01-13,2025-01-11,PA2,FedEx,1,1,16.34,2.63,0.0,18.97,shipmonk_estimate,USD
131343,6366326391094,Cattasaurus - shoproxstore - Shopify,direct_to_consumer,fulfilled,2025-01-11,2025-01-13,2025-01-11,PA2,FedEx,1,1,14.26,2.63,0.0,16.89,shipmonk_estimate,USD
131344,6366332158262,Cattasaurus - shoproxstore - Shopify,direct_to_consumer,fulfilled,2025-01-11,2025-01-20,2025-01-11,NV3,FedEx,2,1,14.02,3.0,0.0,17.02,shipmonk_estimate,USD
131345,6366359945526,Cattasaurus - shoproxstore - Shopify,direct_to_consumer,fulfilled,2025-01-11,2025-02-02,2025-01-11,PA2,FedEx,1,1,13.79,2.63,0.0,16.42,shipmonk_estimate,USD
131346,6366373773622,Cattasaurus - shoproxstore - Shopify,direct_to_consumer,fulfilled,2025-01-11,2025-02-03,2025-01-11,PA2,FedEx,2,1,14.02,2.26,0.0,16.28,shipmonk_estimate,USD
131347,6366376460598,Cattasaurus - shoproxstore - Shopify,direct_to_consumer,fulfilled,2025-01-11,2025-02-02,2025-01-11,PA2,FedEx,1,1,16.64,2.63,0.0,19.27,shipmonk_estimate,USD
131348,6366385635638,Cattasaurus - shoproxstore - Shopify,direct_to_consumer,fulfilled,2025-01-11,2025-02-02,2025-01-11,PA2,FedEx,1,1,18.75,2.63,0.0,21.38,shipmonk_estimate,USD
131349,6366392811830,Cattasaurus - shoproxstore - Shopify,direct_to_consumer,fulfilled,2025-01-11,2025-01-13,2025-01-11,NV3,FedEx,1,1,24.8,2.63,0.0,27.43,shipmonk_estimate,USD
131350,6366395007286,Cattasaurus - shoproxstore - Shopify,direct_to_consumer,fulfilled,2025-01-11,2025-01-13,2025-01-11,PA2,FedEx,1,1,14.26,2.63,0.0,16.89,shipmonk_estimate,USD
131351,6366409359670,Cattasaurus - shoproxstore - Shopify,direct_to_consumer,fulfilled,2025-01-11,2025-02-02,2025-01-11,PA2,UPS,1,1,18.17,2.63,0.0,20.8,shipmonk_estimate,USD
131352,6366415716662,Cattasaurus - shoproxstore - Shopify,direct_to_consumer,fulfilled,2025-01-11,2025-02-02,2025-01-11,PA2,UPS,1,1,14.5,2.63,0.0,17.13,shipmonk_estimate,USD
131353,6366417027382,Cattasaurus - shoproxstore - Shopify,direct_to_consumer,fulfilled,2025-01-11,2025-02-02,2025-01-11,PA2,FedEx,1,1,14.02,2.63,0.0,16.65,shipmonk_estimate,USD
131354,6366426333494,Cattasaurus - shoproxstore - Shopify,direct_to_consumer,fulfilled,2025-01-11,2025-02-02,2025-01-11,PA2,UPS,1,1,18.17,2.63,0.0,20.8,shipmonk_estimate,USD
131355,6366442750262,Cattasaurus - shoproxstore - Shopify,direct_to_consumer,fulfilled,2025-01-11,2025-02-02,2025-01-11,PA2,FedEx,1,1,12.97,2.63,0.0,15.6,shipmonk_estimate,USD
131356,6366445044022,Cattasaurus - shoproxstore - Shopify,direct_to_consumer,fulfilled,2025-01-11,2025-01-14,2025-01-11,NV3,FedEx,1,1,26.33,2.63,0.0,28.96,shipmonk_estimate,USD
131357,6366455202102,Cattasaurus - shoproxstore - Shopify,direct_to_consumer,fulfilled,2025-01-11,2025-02-02,2025-01-11,PA2,UPS,1,1,18.17,2.63,0.0,20.8,shipmonk_estimate,USD
131358,6366471225654,Cattasaurus - shoproxstore - Shopify,direct_to_consumer,fulfilled,2025-01-11,2025-02-04,2025-01-11,PA2,UPS,1,1,15.58,2.26,0.0,17.84,shipmonk_estimate,USD
131359,6366491738422,Cattasaurus - shoproxstore - Shopify,direct_to_consumer,fulfilled,2025-01-11,2025-01-13,2025-01-11,NV3,FedEx,1,1,17.12,3.0,0.0,20.12,shipmonk_estimate,USD
131360,6366495736118,Cattasaurus - shoproxstore - Shopify,direct_to_consumer,fulfilled,2025-01-11,2025-02-02,2025-01-11,PA2,FedEx,1,1,20.28,2.63,0.0,22.91,shipmonk_estimate,USD
131361,6366496358710,Cattasaurus - shoproxstore - Shopify,direct_to_consumer,fulfilled,2025-01-11,2025-02-04,2025-01-11,PA2,FedEx,1,1,16.67,2.26,0.0,18.93,shipmonk_estimate,USD
131363,6366550196534,Cattasaurus - shoproxstore - Shopify,direct_to_consumer,fulfilled,2025-01-11,2025-02-06,2025-01-11,PA2,FedEx,1,1,14.05,2.26,0.0,16.31,shipmonk_estimate,USD
131363_1,335556e5-f802-460d-ab8a-b0fd033fe875,Cattasaurus - shoproxstore - Shopify,direct_to_consumer,fulfilled,2025-01-11,2025-02-06,2025-01-11,NV3,DHL eCommerce,1,1,6.21,1.89,0.3,8.4,shipmonk_estimate,USD
131365,6366595678518,Cattasaurus - shoproxstore - Shopify,direct_to_consumer,fulfilled,2025-01-11,2025-01-14,2025-01-11,PA2,FedEx,1,1,20.56,2.63,0.0,23.19,shipmonk_estimate,USD
131365_1,55016c71-802a-4e52-97ef-b7cb73516ff4,Cattasaurus - shoproxstore - Shopify,direct_to_consumer,fulfilled,2025-01-11,2025-01-14,2025-01-11,PA2,FedEx,1,1,20.56,2.63,0.0,23.19,shipmonk_estimate,USD
131366,6366607769910,Cattasaurus - shoproxstore - Shopify,direct_to_consumer,fulfilled,2025-01-11,2025-02-02,2025-01-11,PA2,UPS,1,1,15.32,2.63,0.0,17.95,shipmonk_estimate,USD
131367,6366647976246,Cattasaurus - shoproxstore - Shopify,direct_to_consumer,fulfilled,2025-01-11,2025-01-13,2025-01-11,PA2,FedEx,1,1,16.34,2.63,0.0,18.97,shipmonk_estimate,USD
131368,6366651023670,Cattasaurus - shoproxstore - Shopify,direct_to_consumer,fulfilled,2025-01-11,2025-02-02,2025-01-11,PA2,FedEx,1,1,13.79,2.63,0.0,16.42,shipmonk_estimate,USD
131369,6366657577270,Cattasaurus - shoproxstore - Shopify,direct_to_consumer,fulfilled,2025-01-11,2025-02-02,2025-01-11,PA2,FedEx,1,1,12.97,2.63,0.0,15.6,shipmonk_estimate,USD
131370,6366676812086,Cattasaurus - shoproxstore - Shopify,direct_to_consumer,fulfilled,2025-01-11,2025-01-13,2025-01-11,NV3,FedEx,1,1,19.93,2.63,0.0,22.56,shipmonk_estimate,USD
131371,6366684774710,Cattasaurus - shoproxstore - Shopify,direct_to_consumer,fulfilled,2025-01-11,2025-01-13,2025-01-11,NV3,FedEx,2,2,39.83,3.0,0.0,42.83,shipmonk_estimate,USD
131372,6366693228854,Cattasaurus - shoproxstore - Shopify,direct_to_consumer,fulfilled,2025-01-11,2025-02-02,2025-01-11,PA2,UPS,1,1,15.55,2.63,0.0,18.18,shipmonk_estimate,USD
131373,6366701682998,Cattasaurus - shoproxstore - Shopify,direct_to_consumer,fulfilled,2025-01-11,2025-02-02,2025-01-11,PA2,FedEx,1,1,14.02,2.63,0.0,16.65,shipmonk_estimate,USD
131374,6366713119030,Cattasaurus - shoproxstore - Shopify,direct_to_consumer,fulfilled,2025-01-11,2025-02-02,2025-01-11,PA2,FedEx,1,1,16.64,2.63,0.0,19.27,shipmonk_estimate,USD
131375,6366747787574,Cattasaurus - shoproxstore - Shopify,direct_to_consumer,fulfilled,2025-01-11,2025-01-13,2025-01-11,NV3,FedEx,1,1,19.93,2.63,0.0,22.56,shipmonk_estimate,USD
131376,6366763745590,Cattasaurus - shoproxstore - Shopify,direct_to_consumer,fulfilled,2025-01-11,2025-01-13,2025-01-11,NV3,UPS,1,1,16.72,2.63,0.0,19.35,shipmonk_estimate,USD
131377,6366784422198,Cattasaurus - shoproxstore - Shopify,direct_to_consumer,fulfilled,2025-01-11,2025-01-13,2025-01-11,NV3,FedEx,1,1,19.93,2.63,0.0,22.56,shipmonk_estimate,USD
131378,6366804443446,Cattasaurus - shoproxstore - Shopify,direct_to_consumer,fulfilled,2025-01-11,2025-02-05,2025-01-11,PA2,FedEx,1,1,15.98,2.63,0.0,18.61,shipmonk_estimate,USD
131379,6366809063734,Cattasaurus - shoproxstore - Shopify,direct_to_consumer,fulfilled,2025-01-11,2025-02-05,2025-01-11,PA2,USPS,1,1,16.28,2.63,0.0,18.91,shipmonk_estimate,USD
131380,6366818763062,Cattasaurus - shoproxstore - Shopify,direct_to_consumer,fulfilled,2025-01-11,2025-01-13,2025-01-11,PA2,FedEx,1,1,23.82,2.26,0.0,26.08,shipmonk_estimate,USD
131381,6366842192182,Cattasaurus - shoproxstore - Shopify,direct_to_consumer,fulfilled,2025-01-11,2025-01-13,2025-01-11,NV3,FedEx,1,1,23.15,2.63,0.0,25.78,shipmonk_estimate,USD
131382,6366853529910,Cattasaurus - shoproxstore - Shopify,direct_to_consumer,fulfilled,2025-01-11,2025-01-13,2025-01-11,PA2,FedEx,1,1,29.74,2.63,0.0,32.37,shipmonk_estimate,USD
131383,6366861590838,Cattasaurus - shoproxstore - Shopify,direct_to_consumer,fulfilled,2025-01-11,2025-02-04,2025-01-11,PA2,FedEx,1,1,13.82,2.26,0.0,16.08,shipmonk_estimate,USD
131384,6366862016822,Cattasaurus - shoproxstore - Shopify,direct_to_consumer,fulfilled,2025-01-11,2025-01-13,2025-01-11,NV3,FedEx,1,1,17.81,2.26,0.0,20.07,shipmonk_estimate,USD
131385,6366907007286,Cattasaurus - shoproxstore - Shopify,direct_to_consumer,fulfilled,2025-01-11,2025-02-03,2025-01-11,PA2,UPS,2,1,0.0,2.26,0.0,2.26,shipmonk_estimate,USD
131386,6366915592502,Cattasaurus - shoproxstore - Shopify,direct_to_consumer,fulfilled,2025-01-11,2025-02-02,2025-01-11,PA2,UPS,1,1,15.55,2.63,0.0,18.18,shipmonk_estimate,USD
131387,6366931026230,Cattasaurus - shoproxstore - Shopify,direct_to_consumer,fulfilled,2025-01-11,2025-01-13,2025-01-11,NV3,FedEx,1,1,22.09,2.63,0.0,24.72,shipmonk_estimate,USD
131388,6366959370550,Cattasaurus - shoproxstore - Shopify,direct_to_consumer,fulfilled,2025-01-11,2025-01-13,2025-01-11,PA2,FedEx,1,1,17.84,2.63,0.0,20.47,shipmonk_estimate,USD
131389,6366985421110,Cattasaurus - shoproxstore - Shopify,direct_to_consumer,fulfilled,2025-01-11,2025-01-13,2025-01-11,NV3,UPS,1,1,16.72,2.63,0.0,19.35,shipmonk_estimate,USD
131390,6366989615414,Cattasaurus - shoproxstore - Shopify,direct_to_consumer,fulfilled,2025-01-11,2025-01-13,2025-01-11,NV3,FedEx,1,1,26.74,2.63,0.0,29.37,shipmonk_estimate,USD
131391,6367042863414,Cattasaurus - shoproxstore - Shopify,direct_to_consumer,fulfilled,2025-01-11,2025-01-13,2025-01-11,NV3,FedEx,1,1,25.22,2.63,0.0,27.85,shipmonk_estimate,USD
131392,6367071895862,Cattasaurus - shoproxstore - Shopify,direct_to_consumer,fulfilled,2025-01-11,2025-01-13,2025-01-11,NV3,FedEx,1,1,17.81,2.63,0.0,20.44,shipmonk_estimate,USD
131393,6367143493942,Cattasaurus - shoproxstore - Shopify,direct_to_consumer,fulfilled,2025-01-11,2025-01-13,2025-01-11,NV3,UPS,1,1,19.34,2.63,0.0,21.97,shipmonk_estimate,USD
131394,6367153422646,Cattasaurus - shoproxstore - Shopify,direct_to_consumer,fulfilled,2025-01-11,2025-01-16,2025-01-11,NV3,FedEx,2,1,19.93,3.0,0.0,22.93,shipmonk_estimate,USD
131395,6367173869878,Cattasaurus - shoproxstore - Shopify,direct_to_consumer,fulfilled,2025-01-11,2025-01-13,2025-01-11,NV3,FedEx,1,1,26.74,2.63,0.0,29.37,shipmonk_estimate,USD
131396,6367187992886,Cattasaurus - shoproxstore - Shopify,direct_to_consumer,fulfilled,2025-01-11,2025-01-13,2025-01-11,PA2,UPS,1,1,14.26,2.26,0.0,16.52,shipmonk_estimate,USD
131397,6367220760886,Cattasaurus - shoproxstore - Shopify,direct_to_consumer,fulfilled,2025-01-11,2025-01-13,2025-01-11,NV3,FedEx,1,1,23.15,2.63,0.0,25.78,shipmonk_estimate,USD
131398,6367224332598,Cattasaurus - shoproxstore - Shopify,direct_to_consumer,fulfilled,2025-01-11,2025-01-13,2025-01-11,PA2,UPS,1,1,17.87,2.63,0.0,20.5,shipmonk_estimate,USD
131399,6367228559670,Cattasaurus - shoproxstore - Shopify,direct_to_consumer,fulfilled,2025-01-11,2025-01-13,2025-01-11,NV3,FedEx,1,1,25.22,2.63,0.0,27.85,shipmonk_estimate,USD
131400,6367276499254,Cattasaurus - shoproxstore - Shopify,direct_to_consumer,fulfilled,2025-01-11,2025-01-13,2025-01-11,NV3,FedEx,1,1,16.34,2.63,0.0,18.97,shipmonk_estimate,USD
131401,6367302254902,Cattasaurus - shoproxstore - Shopify,direct_to_consumer,fulfilled,2025-01-11,2025-01-13,2025-01-11,NV3,FedEx,1,1,15.19,2.63,0.0,17.82,shipmonk_estimate,USD
131402,6367306383670,Cattasaurus - shoproxstore - Shopify,direct_to_consumer,fulfilled,2025-01-11,2025-01-13,2025-01-11,NV3,FedEx,1,1,25.22,2.63,0.0,27.85,shipmonk_estimate,USD
131403,6367312314678,Cattasaurus - shoproxstore - Shopify,direct_to_consumer,fulfilled,2025-01-11,2025-01-13,2025-01-11,NV3,UPS,1,1,16.72,2.63,0.0,19.35,shipmonk_estimate,USD
131405,6367359861046,Cattasaurus - shoproxstore - Shopify,direct_to_consumer,fulfilled,2025-01-11,2025-01-13,2025-01-11,PA2,FedEx,1,1,22.09,2.26,0.0,24.35,shipmonk_estimate,USD
131406,6367387615542,Cattasaurus - shoproxstore - Shopify,direct_to_consumer,fulfilled,2025-01-11,2025-01-13,2025-01-11,PA2,FedEx,2,1,23.82,2.63,0.0,26.45,shipmonk_estimate,USD
131409,6367409963318,Cattasaurus - shoproxstore - Shopify,direct_to_consumer,fulfilled,2025-01-11,2025-01-13,2025-01-11,NV3,FedEx,1,1,23.15,2.63,0.0,25.78,shipmonk_estimate,USD
131410,6367415632182,Cattasaurus - shoproxstore - Shopify,direct_to_consumer,fulfilled,2025-01-11,2025-01-13,2025-01-11,NV3,FedEx,1,1,19.93,2.63,0.0,22.56,shipmonk_estimate,USD
131411,6367427854646,Cattasaurus - shoproxstore - Shopify,direct_to_consumer,fulfilled,2025-01-11,2025-01-13,2025-01-11,NV3,FedEx,1,1,24.68,2.63,0.0,27.31,shipmonk_estimate,USD
131412,6367456657718,Cattasaurus - shoproxstore - Shopify,direct_to_consumer,fulfilled,2025-01-11,2025-01-13,2025-01-11,NV3,FedEx,1,1,26.74,2.63,0.0,29.37,shipmonk_estimate,USD
131414,6367486837046,Cattasaurus - shoproxstore - Shopify,direct_to_consumer,fulfilled,2025-01-11,2025-01-13,2025-01-11,NV3,FedEx,1,1,26.74,2.63,0.0,29.37,shipmonk_estimate,USD
131415,6367494701366,Cattasaurus - shoproxstore - Shopify,direct_to_consumer,fulfilled,2025-01-11,2025-01-13,2025-01-11,NV3,FedEx,1,1,24.68,2.63,0.0,27.31,shipmonk_estimate,USD
131416,6367569740086,Cattasaurus - shoproxstore - Shopify,direct_to_consumer,fulfilled,2025-01-11,2025-01-13,2025-01-11,NV3,FedEx,2,1,15.19,2.63,0.0,17.82,shipmonk_estimate,USD
131417,6367597691190,Cattasaurus - shoproxstore - Shopify,direct_to_consumer,fulfilled,2025-01-11,2025-01-13,2025-01-11,PA2,FedEx,1,1,29.74,2.26,0.0,32.0,shipmonk_estimate,USD
131418,6367601688886,Cattasaurus - shoproxstore - Shopify,direct_to_consumer,fulfilled,2025-01-11,2025-01-13,2025-01-11,NV3,FedEx,1,1,26.74,2.63,0.0,29.37,shipmonk_estimate,USD
131419,6367627084086,Cattasaurus - shoproxstore - Shopify,direct_to_consumer,fulfilled,2025-01-11,2025-01-13,2025-01-11,PA2,FedEx,2,1,20.56,2.26,0.0,22.82,shipmonk_estimate,USD
131420,6367627772214,Cattasaurus - shoproxstore - Shopify,direct_to_consumer,fulfilled,2025-01-11,2025-01-13,2025-01-11,NV3,FedEx,1,1,23.69,2.63,0.0,26.32,shipmonk_estimate,USD
131421,6367673090358,Cattasaurus - shoproxstore - Shopify,direct_to_consumer,fulfilled,2025-01-11,2025-01-13,2025-01-11,NV3,FedEx,1,1,0.0,2.63,0.0,2.63,shipmonk_estimate,USD
131423,6367727747382,Cattasaurus - shoproxstore - Shopify,direct_to_consumer,fulfilled,2025-01-11,2025-01-13,2025-01-11,NV3,FedEx,1,1,26.74,2.63,0.0,29.37,shipmonk_estimate,USD
131424,6367743639862,Cattasaurus - shoproxstore - Shopify,direct_to_consumer,fulfilled,2025-01-11,2025-01-13,2025-01-11,PA2,FedEx,1,1,20.05,2.26,0.0,22.31,shipmonk_estimate,USD
131425,6367753634102,Cattasaurus - shoproxstore - Shopify,direct_to_consumer,fulfilled,2025-01-11,2025-01-13,2025-01-11,NV3,FedEx,1,1,16.34,2.26,0.0,18.6,shipmonk_estimate,USD
131426,6367888212278,Cattasaurus - shoproxstore - Shopify,direct_to_consumer,fulfilled,2025-01-11,2025-01-13,2025-01-11,NV3,UPS,1,1,19.34,2.63,0.0,21.97,shipmonk_estimate,USD
131427,6367904497974,Cattasaurus - shoproxstore - Shopify,direct_to_consumer,fulfilled,2025-01-11,2025-01-13,2025-01-11,NV3,FedEx,1,1,20.56,2.63,0.0,23.19,shipmonk_estimate,USD
131428,6367914393910,Cattasaurus - shoproxstore - Shopify,direct_to_consumer,fulfilled,2025-01-11,2025-01-13,2025-01-11,NV3,FedEx,2,1,19.93,3.0,0.0,22.93,shipmonk_estimate,USD
131429,6367927501110,Cattasaurus - shoproxstore - Shopify,direct_to_consumer,fulfilled,2025-01-11,2025-01-13,2025-01-11,NV3,FedEx,1,1,20.56,2.63,0.0,23.19,shipmonk_estimate,USD
131430,6367937724726,Cattasaurus - shoproxstore - Shopify,direct_to_consumer,fulfilled,2025-01-11,2025-01-13,2025-01-11,NV3,FedEx,1,1,26.74,2.63,0.0,29.37,shipmonk_estimate,USD
131431,6367962333494,Cattasaurus - shoproxstore - Shopify,direct_to_consumer,fulfilled,2025-01-11,2025-01-13,2025-01-11,NV3,FedEx,1,1,14.82,2.26,0.0,17.08,shipmonk_estimate,USD
131432,6367990219062,Cattasaurus - shoproxstore - Shopify,direct_to_consumer,fulfilled,2025-01-11,2025-01-13,2025-01-11,NV3,FedEx,1,1,25.22,2.63,0.0,27.85,shipmonk_estimate,USD
131433,6368045531446,Cattasaurus - shoproxstore - Shopify,direct_to_consumer,fulfilled,2025-01-11,2025-01-13,2025-01-11,NV3,USPS,1,1,20.48,2.63,0.0,23.11,shipmonk_estimate,USD
131434,6368046285110,Cattasaurus - shoproxstore - Shopify,direct_to_consumer,fulfilled,2025-01-11,2025-01-13,2025-01-11,NV3,FedEx,1,1,14.15,2.63,0.0,16.78,shipmonk_estimate,USD
131435,6368090423606,Cattasaurus - shoproxstore - Shopify,direct_to_consumer,fulfilled,2025-01-11,2025-01-13,2025-01-11,NV3,UPS,1,1,24.68,2.26,0.0,26.94,shipmonk_estimate,USD
131436,6368104972598,Cattasaurus - shoproxstore - Shopify,direct_to_consumer,fulfilled,2025-01-11,2025-01-13,2025-01-11,NV3,FedEx,1,1,19.93,2.63,0.0,22.56,shipmonk_estimate,USD
131437,6368121159990,Cattasaurus - shoproxstore - Shopify,direct_to_consumer,fulfilled,2025-01-11,2025-01-14,2025-01-11,PA2,FedEx,1,1,14.26,2.63,0.0,16.89,shipmonk_estimate,USD
131437_1,08d26d3f-8f77-470c-888c-cdf4f18ee479,Cattasaurus - shoproxstore - Shopify,direct_to_consumer,fulfilled,2025-01-11,2025-01-14,2025-01-11,NV3,FedEx,1,1,25.22,2.63,0.0,27.85,shipmonk_estimate,USD
131437_2,1f5127d0-3c09-4567-91e6-fbb01c86ee09,Cattasaurus - shoproxstore - Shopify,direct_to_consumer,fulfilled,2025-01-11,2025-01-14,2025-01-11,PA2,FedEx,1,1,14.26,2.63,0.0,16.89,shipmonk_estimate,USD
131438,6368127713590,Cattasaurus - shoproxstore - Shopify,direct_to_consumer,fulfilled,2025-01-11,2025-01-13,2025-01-11,NV3,FedEx,1,1,18.52,2.26,0.0,20.78,shipmonk_estimate,USD
131439,6368135676214,Cattasaurus - shoproxstore - Shopify,direct_to_consumer,fulfilled,2025-01-11,2025-01-13,2025-01-11,PA2,FedEx,1,1,28.78,3.0,0.0,31.78,shipmonk_estimate,USD
131440,6368159498550,Cattasaurus - shoproxstore - Shopify,direct_to_consumer,fulfilled,2025-01-11,2025-01-13,2025-01-11,PA2,FedEx,1,1,17.84,2.63,0.0,20.47,shipmonk_estimate,USD
131441,6368174080310,Cattasaurus - shoproxstore - Shopify,direct_to_consumer,fulfilled,2025-01-11,2025-01-13,2025-01-11,NV3,FedEx,1,1,26.74,2.63,0.0,29.37,shipmonk_estimate,USD
131442,6368224477494,Cattasaurus - shoproxstore - Shopify,direct_to_consumer,fulfilled,2025-01-11,2025-01-13,2025-01-11,NV3,FedEx,1,1,25.22,2.63,0.0,27.85,shipmonk_estimate,USD
131443,6368275857718,Cattasaurus - shoproxstore - Shopify,direct_to_consumer,fulfilled,2025-01-11,2025-01-13,2025-01-11,PA2,FedEx,2,1,16.34,3.0,0.0,19.34,shipmonk_estimate,USD
131444,6368357777718,Cattasaurus - shoproxstore - Shopify,direct_to_consumer,fulfilled,2025-01-11,2025-01-13,2025-01-11,PA2,FedEx,1,1,16.34,1.89,0.0,18.23,shipmonk_estimate,USD
131445,6368427475254,Cattasaurus - shoproxstore - Shopify,direct_to_consumer,fulfilled,2025-01-11,2025-01-13,2025-01-11,NV3,FedEx,1,1,23.15,2.63,0.0,25.78,shipmonk_estimate,USD
131446,6368650920246,Cattasaurus - shoproxstore - Shopify,direct_to_consumer,fulfilled,2025-01-11,2025-01-13,2025-01-11,NV3,UPS,1,1,24.68,2.63,0.0,27.31,shipmonk_estimate,USD
131447,6368666222902,Cattasaurus - shoproxstore - Shopify,direct_to_consumer,fulfilled,2025-01-11,2025-01-13,2025-01-11,NV3,FedEx,1,1,14.15,2.63,0.0,16.78,shipmonk_estimate,USD
131448,6368736477494,Cattasaurus - shoproxstore - Shopify,direct_to_consumer,fulfilled,2025-01-11,2025-01-13,2025-01-11,NV3,UPS,1,1,19.34,2.63,0.0,21.97,shipmonk_estimate,USD
111-2947524-6093819,111-2947524-6093819,Cattasaurus - Amazon USA,direct_to_consumer,fulfilled,2025-01-12,2025-01-13,2025-01-12,PA2,FedEx,1,1,17.84,1.89,0.0,19.73,shipmonk_estimate,USD
112-9718322-3205030,112-9718322-3205030,Cattasaurus - Amazon USA,direct_to_consumer,fulfilled,2025-01-12,2025-01-13,2025-01-12,PA2,FedEx,1,1,20.56,1.89,0.0,22.45,shipmonk_estimate,USD
131449,6368817873206,Cattasaurus - shoproxstore - Shopify,direct_to_consumer,fulfilled,2025-01-12,2025-02-02,2025-01-12,PA2,FedEx,1,1,13.79,2.63,0.0,16.42,shipmonk_estimate,USD
131450,6368831078710,Cattasaurus - shoproxstore - Shopify,direct_to_consumer,fulfilled,2025-01-12,2025-01-13,2025-01-12,PA2,FedEx,1,1,16.34,2.63,0.0,18.97,shipmonk_estimate,USD
131451,6368966672694,Cattasaurus - shoproxstore - Shopify,direct_to_consumer,fulfilled,2025-01-12,2025-01-13,2025-01-12,NV3,FedEx,1,1,15.19,2.63,0.0,17.82,shipmonk_estimate,USD
131452,6369087750454,Cattasaurus - shoproxstore - Shopify,direct_to_consumer,fulfilled,2025-01-12,2025-02-02,2025-01-12,PA2,FedEx,1,1,12.97,2.63,0.0,15.6,shipmonk_estimate,USD
131453,6369266794806,Cattasaurus - shoproxstore - Shopify,direct_to_consumer,fulfilled,2025-01-12,2025-01-13,2025-01-12,PA2,FedEx,1,1,20.56,2.26,0.0,22.82,shipmonk_estimate,USD
131455,6369345306934,Cattasaurus - shoproxstore - Shopify,direct_to_consumer,fulfilled,2025-01-12,2025-02-02,2025-01-12,PA2,FedEx,2,1,20.84,3.0,0.0,23.84,shipmonk_estimate,USD
131455_1,2a925f0b-3eb1-4d5d-8f8c-db57a13e6750,Cattasaurus - shoproxstore - Shopify,direct_to_consumer,fulfilled,2025-01-12,2025-02-02,2025-01-12,PA2,FedEx,1,1,16.64,2.63,0.0,19.27,shipmonk_estimate,USD
131456,6369369686326,Cattasaurus - shoproxstore - Shopify,direct_to_consumer,fulfilled,2025-01-12,2025-02-02,2025-01-12,PA2,UPS,1,1,14.5,2.63,0.0,17.13,shipmonk_estimate,USD
131457,6369385611574,Cattasaurus - shoproxstore - Shopify,direct_to_consumer,fulfilled,2025-01-12,2025-02-02,2025-01-12,PA2,FedEx,1,1,14.02,2.63,0.0,16.65,shipmonk_estimate,USD
131458,6369388069174,Cattasaurus - shoproxstore - Shopify,direct_to_consumer,fulfilled,2025-01-12,2025-02-02,2025-01-12,PA2,UPS,1,1,15.32,2.63,0.0,17.95,shipmonk_estimate,USD
131459,6369400652086,Cattasaurus - shoproxstore - Shopify,direct_to_consumer,fulfilled,2025-01-12,2025-01-13,2025-01-12,NV3,UPS,1,1,21.46,2.63,0.0,24.09,shipmonk_estimate,USD
131460,6369414480182,Cattasaurus - shoproxstore - Shopify,direct_to_consumer,fulfilled,2025-01-12,2025-01-13,2025-01-12,PA2,FedEx,1,1,20.56,2.63,0.0,23.19,shipmonk_estimate,USD
131461,6369439777078,Cattasaurus - shoproxstore - Shopify,direct_to_consumer,fulfilled,2025-01-12,2025-02-02,2025-01-12,PA2,UPS,1,1,15.32,2.63,0.0,17.95,shipmonk_estimate,USD
131462,6369442070838,Cattasaurus - shoproxstore - Shopify,direct_to_consumer,fulfilled,2025-01-12,2025-02-02,2025-01-12,PA2,FedEx,1,1,13.79,2.63,0.0,16.42,shipmonk_estimate,USD
131463,6369456554294,Cattasaurus - shoproxstore - Shopify,direct_to_consumer,fulfilled,2025-01-12,2025-01-13,2025-01-12,NV3,UPS,1,1,21.46,2.63,0.0,24.09,shipmonk_estimate,USD
131464,6369484472630,Cattasaurus - shoproxstore - Shopify,direct_to_consumer,fulfilled,2025-01-12,2025-01-13,2025-01-12,NV3,FedEx,1,1,19.93,2.63,0.0,22.56,shipmonk_estimate,USD
131465,6369500660022,Cattasaurus - shoproxstore - Shopify,direct_to_consumer,fulfilled,2025-01-12,2025-01-13,2025-01-12,PA2,FedEx,1,1,20.56,2.63,0.0,23.19,shipmonk_estimate,USD
131466,6369503150390,Cattasaurus - shoproxstore - Shopify,direct_to_consumer,fulfilled,2025-01-12,2025-01-14,2025-01-12,PA2,FedEx,1,1,20.4,3.0,0.0,23.4,shipmonk_estimate,USD
131467,6369540145462,Cattasaurus - shoproxstore - Shopify,direct_to_consumer,fulfilled,2025-01-12,2025-02-04,2025-01-12,PA2,FedEx,1,1,14.05,2.26,0.0,16.31,shipmonk_estimate,USD
131468,6369558790454,Cattasaurus - shoproxstore - Shopify,direct_to_consumer,fulfilled,2025-01-12,2025-01-14,2025-01-12,PA2,FedEx,1,1,22.09,2.63,0.0,24.72,shipmonk_estimate,USD
131469,6369560887606,Cattasaurus - shoproxstore - Shopify,direct_to_consumer,fulfilled,2025-01-12,2025-02-02,2025-01-12,PA2,UPS,1,1,15.55,2.63,0.0,18.18,shipmonk_estimate,USD
131470,6369564131638,Cattasaurus - shoproxstore - Shopify,direct_to_consumer,fulfilled,2025-01-12,2025-01-14,2025-01-12,PA2,UPS,1,1,17.87,2.63,0.0,20.5,shipmonk_estimate,USD
131471,6369582022966,Cattasaurus - shoproxstore - Shopify,direct_to_consumer,fulfilled,2025-01-12,2025-02-02,2025-01-12,PA2,FedEx,1,1,14.02,2.63,0.0,16.65,shipmonk_estimate,USD
131472,6369590477110,Cattasaurus - shoproxstore - Shopify,direct_to_consumer,fulfilled,2025-01-12,2025-01-13,2025-01-12,NV3,FedEx,1,1,19.93,2.63,0.0,22.56,shipmonk_estimate,USD
131473,6369614496054,Cattasaurus - shoproxstore - Shopify,direct_to_consumer,fulfilled,2025-01-12,2025-02-02,2025-01-12,PA2,FedEx,1,1,14.02,2.63,0.0,16.65,shipmonk_estimate,USD
131474,6369615348022,Cattasaurus - shoproxstore - Shopify,direct_to_consumer,fulfilled,2025-01-12,2025-01-13,2025-01-12,NV3,FedEx,1,1,20.4,2.26,0.0,22.66,shipmonk_estimate,USD
131475,6369623998774,Cattasaurus - shoproxstore - Shopify,direct_to_consumer,fulfilled,2025-01-12,2025-02-02,2025-01-12,PA2,FedEx,1,1,16.64,2.63,0.0,19.27,shipmonk_estimate,USD
131476,6369626358070,Cattasaurus - shoproxstore - Shopify,direct_to_consumer,fulfilled,2025-01-12,2025-01-14,2025-01-12,PA2,FedEx,1,1,17.87,2.63,0.0,20.5,shipmonk_estimate,USD
131477,6369641234742,Cattasaurus - shoproxstore - Shopify,direct_to_consumer,fulfilled,2025-01-12,2025-02-02,2025-01-12,PA2,FedEx,1,1,16.64,2.63,0.0,19.27,shipmonk_estimate,USD
131478,6369661976886,Cattasaurus - shoproxstore - Shopify,direct_to_consumer,fulfilled,2025-01-12,2025-01-13,2025-01-12,NV3,FedEx,1,1,19.93,2.63,0.0,22.56,shipmonk_estimate,USD
131479,6369706737974,Cattasaurus - shoproxstore - Shopify,direct_to_consumer,fulfilled,2025-01-12,2025-01-14,2025-01-12,PA2,UPS,1,1,15.79,2.63,0.0,18.42,shipmonk_estimate,USD
131480,6369722302774,Cattasaurus - shoproxstore - Shopify,direct_to_consumer,fulfilled,2025-01-12,2025-01-14,2025-01-12,NV3,FedEx,1,1,20.56,2.63,0.0,23.19,shipmonk_estimate,USD
131481,6369752613174,Cattasaurus - shoproxstore - Shopify,direct_to_consumer,fulfilled,2025-01-12,2025-01-14,2025-01-12,PA2,FedEx,2,1,16.34,3.0,0.0,19.34,shipmonk_estimate,USD
131482,6369755627830,Cattasaurus - shoproxstore - Shopify,direct_to_consumer,fulfilled,2025-01-12,2025-01-14,2025-01-12,NV3,UPS,2,1,16.72,3.0,0.0,19.72,shipmonk_estimate,USD
131483,6369764081974,Cattasaurus - shoproxstore - Shopify,direct_to_consumer,fulfilled,2025-01-12,2025-02-02,2025-01-12,PA2,FedEx,1,1,14.02,2.63,0.0,16.65,shipmonk_estimate,USD
131484,6369765065014,Cattasaurus - shoproxstore - Shopify,direct_to_consumer,fulfilled,2025-01-12,2025-01-14,2025-01-12,PA2,FedEx,1,1,16.34,2.26,0.0,18.6,shipmonk_estimate,USD
131485,6369771094326,Cattasaurus - shoproxstore - Shopify,direct_to_consumer,fulfilled,2025-01-12,2025-02-02,2025-01-12,PA2,FedEx,1,1,13.79,2.63,0.0,16.42,shipmonk_estimate,USD
131486,6369777287478,Cattasaurus - shoproxstore - Shopify,direct_to_consumer,fulfilled,2025-01-12,2025-01-14,2025-01-12,NV3,UPS,1,1,16.72,2.63,0.0,19.35,shipmonk_estimate,USD
131488,6369797439798,Cattasaurus - shoproxstore - Shopify,direct_to_consumer,fulfilled,2025-01-12,2025-01-14,2025-01-12,PA2,FedEx,1,1,22.09,2.63,0.0,24.72,shipmonk_estimate,USD
131489,6369801208118,Cattasaurus - shoproxstore - Shopify,direct_to_consumer,fulfilled,2025-01-12,2025-01-14,2025-01-12,NV3,FedEx,1,1,17.81,2.63,0.0,20.44,shipmonk_estimate,USD
131490,6369812906294,Cattasaurus - shoproxstore - Shopify,direct_to_consumer,fulfilled,2025-01-12,2025-01-14,2025-01-12,NV3,UPS,1,1,21.46,2.63,0.0,24.09,shipmonk_estimate,USD
131491,6369824145718,Cattasaurus - shoproxstore - Shopify,direct_to_consumer,fulfilled,2025-01-12,2025-02-02,2025-01-12,PA2,UPS,1,1,15.55,2.63,0.0,18.18,shipmonk_estimate,USD
131492,6369859535158,Cattasaurus - shoproxstore - Shopify,direct_to_consumer,fulfilled,2025-01-12,2025-01-14,2025-01-12,PA2,FedEx,3,1,16.34,3.37,0.0,19.71,shipmonk_estimate,USD
131493,6369868972342,Cattasaurus - shoproxstore - Shopify,direct_to_consumer,fulfilled,2025-01-12,2025-02-02,2025-01-12,PA2,FedEx,1,1,13.79,2.63,0.0,16.42,shipmonk_estimate,USD
131494,6369882341686,Cattasaurus - shoproxstore - Shopify,direct_to_consumer,fulfilled,2025-01-12,2025-01-13,2025-01-12,NV3,FedEx,1,1,19.36,2.63,0.0,21.99,shipmonk_estimate,USD
131494_1,cfd2b08e-bc21-4b08-8e54-424abe5db723,Cattasaurus - shoproxstore - Shopify,direct_to_consumer,fulfilled,2025-01-12,2025-01-13,2025-01-12,NV3,FedEx,1,1,19.36,2.63,0.0,21.99,shipmonk_estimate,USD
131495,6369892303158,Cattasaurus - shoproxstore - Shopify,direct_to_consumer,fulfilled,2025-01-12,2025-02-02,2025-01-12,PA2,FedEx,1,1,13.79,2.63,0.0,16.42,shipmonk_estimate,USD
131496,6369919926582,Cattasaurus - shoproxstore - Shopify,direct_to_consumer,fulfilled,2025-01-12,2025-02-02,2025-01-12,PA2,UPS,1,1,18.17,2.63,0.0,20.8,shipmonk_estimate,USD
131497,6369923662134,Cattasaurus - shoproxstore - Shopify,direct_to_consumer,fulfilled,2025-01-12,2025-01-14,2025-01-12,NV3,UPS,1,1,21.46,2.63,0.0,24.09,shipmonk_estimate,USD
131498,6369924383030,Cattasaurus - shoproxstore - Shopify,direct_to_consumer,fulfilled,2025-01-12,2025-01-14,2025-01-12,NV3,FedEx,1,1,23.82,2.26,0.0,26.08,shipmonk_estimate,USD
131499,6369960067382,Cattasaurus - shoproxstore - Shopify,direct_to_consumer,fulfilled,2025-01-12,2025-02-02,2025-01-12,PA2,FedEx,1,1,16.64,2.63,0.0,19.27,shipmonk_estimate,USD
131500,6369963442486,Cattasaurus - shoproxstore - Shopify,direct_to_consumer,fulfilled,2025-01-12,2025-01-14,2025-01-12,NV3,FedEx,1,1,17.81,2.63,0.0,20.44,shipmonk_estimate,USD
131501,6369971503414,Cattasaurus - shoproxstore - Shopify,direct_to_consumer,fulfilled,2025-01-12,2025-02-02,2025-01-12,PA2,FedEx,1,1,18.75,2.63,0.0,21.38,shipmonk_estimate,USD
131502,6369978548534,Cattasaurus - shoproxstore - Shopify,direct_to_consumer,fulfilled,2025-01-12,2025-01-14,2025-01-12,NV3,FedEx,1,1,19.93,2.63,0.0,22.56,shipmonk_estimate,USD
131503,6369997259062,Cattasaurus - shoproxstore - Shopify,direct_to_consumer,fulfilled,2025-01-12,2025-01-14,2025-01-12,PA2,FedEx,1,1,20.56,2.63,0.0,23.19,shipmonk_estimate,USD
131504,6370001322294,Cattasaurus - shoproxstore - Shopify,direct_to_consumer,fulfilled,2025-01-12,2025-01-14,2025-01-12,PA2,FedEx,1,1,17.84,2.63,0.0,20.47,shipmonk_estimate,USD
131505,6370004631862,Cattasaurus - shoproxstore - Shopify,direct_to_consumer,fulfilled,2025-01-12,2025-01-14,2025-01-12,NV3,DHL eCommerce,1,1,7.91,1.89,0.0,9.8,shipmonk_estimate,USD
131506,6370008170806,Cattasaurus - shoproxstore - Shopify,direct_to_consumer,fulfilled,2025-01-12,2025-01-14,2025-01-12,NV3,FedEx,1,1,19.93,2.63,0.0,22.56,shipmonk_estimate,USD
131507,6370039300406,Cattasaurus - shoproxstore - Shopify,direct_to_consumer,fulfilled,2025-01-12,2025-02-02,2025-01-12,PA2,FedEx,1,1,16.64,2.63,0.0,19.27,shipmonk_estimate,USD
131508,6370126594358,Cattasaurus - shoproxstore - Shopify,direct_to_consumer,fulfilled,2025-01-12,2025-02-02,2025-01-12,PA2,UPS,1,1,15.55,2.63,0.0,18.18,shipmonk_estimate,USD
131509,6370136424758,Cattasaurus - shoproxstore - Shopify,direct_to_consumer,fulfilled,2025-01-12,2025-01-14,2025-01-12,PA2,FedEx,1,1,34.7,2.26,0.0,36.96,shipmonk_estimate,USD
131510,6370145337654,Cattasaurus - shoproxstore - Shopify,direct_to_consumer,fulfilled,2025-01-12,2025-01-14,2025-01-12,PA2,DHL eCommerce,1,1,10.73,2.26,0.5,13.49,shipmonk_estimate,USD
131511,6370155626806,Cattasaurus - shoproxstore - Shopify,direct_to_consumer,fulfilled,2025-01-12,2025-01-14,2025-01-12,PA2,FedEx,1,1,17.87,2.63,0.0,20.5,shipmonk_estimate,USD
131512,6370158674230,Cattasaurus - shoproxstore - Shopify,direct_to_consumer,fulfilled,2025-01-12,2025-01-14,2025-01-12,NV3,FedEx,2,1,19.93,3.0,0.0,22.93,shipmonk_estimate,USD
131513,6370183479606,Cattasaurus - shoproxstore - Shopify,direct_to_consumer,fulfilled,2025-01-12,2025-01-14,2025-01-12,PA2,FedEx,1,1,17.84,2.63,0.0,20.47,shipmonk_estimate,USD
131514,6370192982326,Cattasaurus - shoproxstore - Shopify,direct_to_consumer,fulfilled,2025-01-12,2025-02-02,2025-01-12,PA2,FedEx,1,1,13.79,2.63,0.0,16.42,shipmonk_estimate,USD
131515,6370195734838,Cattasaurus - shoproxstore - Shopify,direct_to_consumer,fulfilled,2025-01-12,2025-01-14,2025-01-12,NV3,FedEx,1,1,26.33,1.89,0.0,28.22,shipmonk_estimate,USD
131516,6370297348406,Cattasaurus - shoproxstore - Shopify,direct_to_consumer,fulfilled,2025-01-12,2025-02-02,2025-01-12,PA2,FedEx,1,1,14.02,2.63,0.0,16.65,shipmonk_estimate,USD
131517,6370356920630,Cattasaurus - shoproxstore - Shopify,direct_to_consumer,fulfilled,2025-01-12,2025-01-25,2025-01-12,PA2,FedEx,1,1,20.92,2.63,0.0,23.55,shipmonk_estimate,USD
131518,6370394702134,Cattasaurus - shoproxstore - Shopify,direct_to_consumer,fulfilled,2025-01-12,2025-02-02,2025-01-12,PA2,FedEx,2,1,19.26,3.0,0.0,22.26,shipmonk_estimate,USD
131519,6370404630838,Cattasaurus - shoproxstore - Shopify,direct_to_consumer,fulfilled,2025-01-12,2025-01-14,2025-01-12,PA2,FedEx,1,1,22.09,2.63,0.0,24.72,shipmonk_estimate,USD
131520,6370469544246,Cattasaurus - shoproxstore - Shopify,direct_to_consumer,fulfilled,2025-01-12,2025-02-03,2025-01-12,PA2,UPS,2,1,15.35,2.26,0.0,17.61,shipmonk_estimate,USD
131521,6370488844598,Cattasaurus - shoproxstore - Shopify,direct_to_consumer,fulfilled,2025-01-12,2025-01-14,2025-01-12,NV3,FedEx,1,1,19.93,2.63,0.0,22.56,shipmonk_estimate,USD
131522,6370500837686,Cattasaurus - shoproxstore - Shopify,direct_to_consumer,fulfilled,2025-01-12,2025-02-02,2025-01-12,PA2,FedEx,2,1,13.63,3.0,0.0,16.63,shipmonk_estimate,USD
131523,6370531049782,Cattasaurus - shoproxstore - Shopify,direct_to_consumer,fulfilled,2025-01-12,2025-01-14,2025-01-12,NV3,DHL eCommerce,1,1,5.47,1.89,0.0,7.36,shipmonk_estimate,USD
131524,6370537963830,Cattasaurus - shoproxstore - Shopify,direct_to_consumer,fulfilled,2025-01-12,2025-01-14,2025-01-12,NV3,FedEx,2,2,35.62,3.0,0.0,38.62,shipmonk_estimate,USD
131525,6370545533238,Cattasaurus - shoproxstore - Shopify,direct_to_consumer,fulfilled,2025-01-12,2025-01-14,2025-01-12,PA2,FedEx,1,1,21.93,2.26,0.0,24.19,shipmonk_estimate,USD
131527,6370587541814,Cattasaurus - shoproxstore - Shopify,direct_to_consumer,fulfilled,2025-01-12,2025-01-14,2025-01-12,NV3,FedEx,1,1,19.93,2.63,0.0,22.56,shipmonk_estimate,USD
131528,6370638463286,Cattasaurus - shoproxstore - Shopify,direct_to_consumer,fulfilled,2025-01-12,2025-01-14,2025-01-12,PA2,FedEx,1,1,17.87,2.26,0.0,20.13,shipmonk_estimate,USD
131529,6370667331894,Cattasaurus - shoproxstore - Shopify,direct_to_consumer,fulfilled,2025-01-12,2025-02-04,2025-01-12,PA2,FedEx,1,1,14.05,2.26,0.0,16.31,shipmonk_estimate,USD
131530,6370685157686,Cattasaurus - shoproxstore - Shopify,direct_to_consumer,fulfilled,2025-01-12,2025-02-02,2025-01-12,PA2,FedEx,1,1,16.64,2.63,0.0,19.27,shipmonk_estimate,USD
131531,6370688958774,Cattasaurus - shoproxstore - Shopify,direct_to_consumer,fulfilled,2025-01-12,2025-01-14,2025-01-12,NV3,UPS,1,1,19.34,2.63,0.0,21.97,shipmonk_estimate,USD
131532,6370704982326,Cattasaurus - shoproxstore - Shopify,direct_to_consumer,fulfilled,2025-01-12,2025-02-06,2025-01-12,PA2,FedEx,2,1,18.91,3.74,0.0,22.65,shipmonk_estimate,USD
131532_1,a3f25f56-875c-4cb8-bc14-de68372b708c,Cattasaurus - shoproxstore - Shopify,direct_to_consumer,fulfilled,2025-01-12,2025-02-05,2025-01-12,PA2,FedEx,1,1,16.28,2.63,0.0,18.91,shipmonk_estimate,USD
131532_2,4b704ba1-a0bf-4caa-bf6d-43205bb5fa95,Cattasaurus - shoproxstore - Shopify,direct_to_consumer,fulfilled,2025-01-12,2025-02-05,2025-01-12,NV3,DHL eCommerce,1,1,7.26,2.26,0.3,9.82,shipmonk_estimate,USD
131533,6370717237558,Cattasaurus - shoproxstore - Shopify,direct_to_consumer,fulfilled,2025-01-12,2025-02-02,2025-01-12,PA2,FedEx,1,1,16.64,2.63,0.0,19.27,shipmonk_estimate,USD
131534,6370724839734,Cattasaurus - shoproxstore - Shopify,direct_to_consumer,fulfilled,2025-01-12,2025-01-14,2025-01-12,PA2,FedEx,1,1,17.87,2.63,0.0,20.5,shipmonk_estimate,USD
131535,6370797814070,Cattasaurus - shoproxstore - Shopify,direct_to_consumer,fulfilled,2025-01-12,2025-02-02,2025-01-12,PA2,UPS,1,1,15.55,2.63,0.0,18.18,shipmonk_estimate,USD
131536,6370827534646,Cattasaurus - shoproxstore - Shopify,direct_to_consumer,fulfilled,2025-01-12,2025-02-02,2025-01-12,PA2,FedEx,1,1,16.64,2.63,0.0,19.27,shipmonk_estimate,USD
131537,6370840346934,Cattasaurus - shoproxstore - Shopify,direct_to_consumer,fulfilled,2025-01-12,2025-02-02,2025-01-12,PA2,FedEx,1,1,12.97,2.63,0.0,15.6,shipmonk_estimate,USD
131539,6370850177334,Cattasaurus - shoproxstore - Shopify,direct_to_consumer,fulfilled,2025-01-12,2025-01-14,2025-01-12,NV3,UPS,1,1,21.46,2.63,0.0,24.09,shipmonk_estimate,USD
131540,6370850799926,Cattasaurus - shoproxstore - Shopify,direct_to_consumer,fulfilled,2025-01-12,2025-01-14,2025-01-12,NV3,FedEx,1,1,17.81,2.63,0.0,20.44,shipmonk_estimate,USD
131541,6370894512438,Cattasaurus - shoproxstore - Shopify,direct_to_consumer,fulfilled,2025-01-12,2025-01-14,2025-01-12,NV3,FedEx,1,1,18.87,2.26,0.0,21.13,shipmonk_estimate,USD
131543,6370935472438,Cattasaurus - shoproxstore - Shopify,direct_to_consumer,fulfilled,2025-01-12,2025-01-14,2025-01-12,PA2,FedEx,1,1,17.84,2.26,0.0,20.1,shipmonk_estimate,USD
131544,6370935963958,Cattasaurus - shoproxstore - Shopify,direct_to_consumer,fulfilled,2025-01-12,2025-01-14,2025-01-12,PA2,FedEx,1,1,17.84,2.26,0.0,20.1,shipmonk_estimate,USD
131545,6370938126646,Cattasaurus - shoproxstore - Shopify,direct_to_consumer,fulfilled,2025-01-12,2025-01-14,2025-01-12,NV3,FedEx,1,1,19.93,2.63,0.0,22.56,shipmonk_estimate,USD
131546,6370938585398,Cattasaurus - shoproxstore - Shopify,direct_to_consumer,fulfilled,2025-01-12,2025-01-14,2025-01-12,NV3,FedEx,1,1,14.97,2.63,0.0,17.6,shipmonk_estimate,USD
131547,6370957656374,Cattasaurus - shoproxstore - Shopify,direct_to_consumer,fulfilled,2025-01-12,2025-01-14,2025-01-12,NV3,FedEx,1,1,14.97,2.63,0.0,17.6,shipmonk_estimate,USD
131548,6370973712694,Cattasaurus - shoproxstore - Shopify,direct_to_consumer,fulfilled,2025-01-12,2025-01-14,2025-01-12,NV3,FedEx,2,1,23.15,3.0,0.0,26.15,shipmonk_estimate,USD
131549,6371024798006,Cattasaurus - shoproxstore - Shopify,direct_to_consumer,fulfilled,2025-01-12,2025-01-14,2025-01-12,NV3,FedEx,1,1,30.3,2.26,0.0,32.56,shipmonk_estimate,USD
131550,6371040428342,Cattasaurus - shoproxstore - Shopify,direct_to_consumer,fulfilled,2025-01-12,2025-01-14,2025-01-12,NV3,FedEx,1,1,24.8,2.26,0.0,27.06,shipmonk_estimate,USD
131551,6371044524342,Cattasaurus - shoproxstore - Shopify,direct_to_consumer,fulfilled,2025-01-12,2025-02-02,2025-01-12,PA2,FedEx,1,1,12.97,2.63,0.0,15.6,shipmonk_estimate,USD
131553,6371095576886,Cattasaurus - shoproxstore - Shopify,direct_to_consumer,fulfilled,2025-01-12,2025-02-02,2025-01-12,PA2,FedEx,1,1,12.97,2.63,0.0,15.6,shipmonk_estimate,USD
131555,6371109634358,Cattasaurus - shoproxstore - Shopify,direct_to_consumer,fulfilled,2025-01-12,2025-01-14,2025-01-12,NV3,FedEx,1,1,15.19,2.63,0.0,17.82,shipmonk_estimate,USD
131556,6371127165238,Cattasaurus - shoproxstore - Shopify,direct_to_consumer,fulfilled,2025-01-12,2025-01-14,2025-01-12,NV3,FedEx,2,1,19.93,3.0,0.0,22.93,shipmonk_estimate,USD
131557,6371150823734,Cattasaurus - shoproxstore - Shopify,direct_to_consumer,fulfilled,2025-01-12,2025-01-14,2025-01-12,NV3,FedEx,1,1,23.82,2.26,0.0,26.08,shipmonk_estimate,USD
131558,6371156820278,Cattasaurus - shoproxstore - Shopify,direct_to_consumer,fulfilled,2025-01-12,2025-01-14,2025-01-12,NV3,FedEx,1,1,17.81,2.63,0.0,20.44,shipmonk_estimate,USD
131559,6371205710134,Cattasaurus - shoproxstore - Shopify,direct_to_consumer,fulfilled,2025-01-12,2025-02-04,2025-01-12,PA2,UPS,1,1,15.58,2.26,0.0,17.84,shipmonk_estimate,USD
131560,6371235037494,Cattasaurus - shoproxstore - Shopify,direct_to_consumer,fulfilled,2025-01-12,2025-02-02,2025-01-12,PA2,FedEx,1,1,18.75,2.63,0.0,21.38,shipmonk_estimate,USD
131561,6371238805814,Cattasaurus - shoproxstore - Shopify,direct_to_consumer,fulfilled,2025-01-12,2025-02-02,2025-01-12,PA2,UPS,1,1,15.32,2.63,0.0,17.95,shipmonk_estimate,USD
131562,6371248242998,Cattasaurus - shoproxstore - Shopify,direct_to_consumer,fulfilled,2025-01-12,2025-01-14,2025-01-12,PA2,FedEx,1,1,28.78,2.26,0.0,31.04,shipmonk_estimate,USD
131563,6371264430390,Cattasaurus - shoproxstore - Shopify,direct_to_consumer,fulfilled,2025-01-12,2025-01-14,2025-01-12,NV3,FedEx,1,1,15.19,2.63,0.0,17.82,shipmonk_estimate,USD
131564,6371289792822,Cattasaurus - shoproxstore - Shopify,direct_to_consumer,fulfilled,2025-01-12,2025-01-14,2025-01-12,PA2,FedEx,1,1,24.8,2.63,0.0,27.43,shipmonk_estimate,USD
131565,6371292545334,Cattasaurus - shoproxstore - Shopify,direct_to_consumer,fulfilled,2025-01-12,2025-01-14,2025-01-12,NV3,FedEx,1,1,17.81,2.63,0.0,20.44,shipmonk_estimate,USD
131566,6371302310198,Cattasaurus - shoproxstore - Shopify,direct_to_consumer,fulfilled,2025-01-12,2025-01-14,2025-01-12,NV3,UPS,1,1,21.46,2.63,0.0,24.09,shipmonk_estimate,USD
131567,6371341795638,Cattasaurus - shoproxstore - Shopify,direct_to_consumer,fulfilled,2025-01-12,2025-02-02,2025-01-12,PA2,FedEx,1,1,12.97,2.63,0.0,15.6,shipmonk_estimate,USD
131568,6371341893942,Cattasaurus - shoproxstore - Shopify,direct_to_consumer,fulfilled,2025-01-12,2025-02-02,2025-01-12,PA2,FedEx,1,1,12.97,2.63,0.0,15.6,shipmonk_estimate,USD
131569,6371351593270,Cattasaurus - shoproxstore - Shopify,direct_to_consumer,fulfilled,2025-01-12,2025-01-14,2025-01-12,NV3,UPS,1,1,16.5,2.63,0.0,19.13,shipmonk_estimate,USD
131570,6371371352374,Cattasaurus - shoproxstore - Shopify,direct_to_consumer,fulfilled,2025-01-12,2025-01-14,2025-01-12,NV3,UPS,2,2,30.17,3.0,0.0,33.17,shipmonk_estimate,USD
131571,6371424895286,Cattasaurus - shoproxstore - Shopify,direct_to_consumer,fulfilled,2025-01-12,2025-02-02,2025-01-12,PA2,UPS,1,1,14.5,2.63,0.0,17.13,shipmonk_estimate,USD
131572_1,9e9af33a-491c-4cbe-b80c-2b96d207de92,Cattasaurus - shoproxstore - Shopify,direct_to_consumer,fulfilled,2025-01-12,2025-01-15,2025-01-12,NV3,FedEx,1,1,15.19,2.63,0.0,17.82,shipmonk_estimate,USD
131573,6371489120566,Cattasaurus - shoproxstore - Shopify,direct_to_consumer,fulfilled,2025-01-12,2025-02-02,2025-01-12,PA2,UPS,1,1,15.32,2.63,0.0,17.95,shipmonk_estimate,USD
131574,6371522281782,Cattasaurus - shoproxstore - Shopify,direct_to_consumer,fulfilled,2025-01-12,2025-01-14,2025-01-12,NV3,FedEx,2,1,17.81,3.0,0.0,20.81,shipmonk_estimate,USD
131575,6371643752758,Cattasaurus - shoproxstore - Shopify,direct_to_consumer,fulfilled,2025-01-12,2025-01-14,2025-01-12,PA2,FedEx,1,1,22.09,2.63,0.0,24.72,shipmonk_estimate,USD
131576,6371729080630,Cattasaurus - shoproxstore - Shopify,direct_to_consumer,fulfilled,2025-01-12,2025-01-14,2025-01-12,NV3,FedEx,1,1,15.9,3.0,0.0,18.9,shipmonk_estimate,USD
131577,6371850223926,Cattasaurus - shoproxstore - Shopify,direct_to_consumer,fulfilled,2025-01-12,2025-02-02,2025-01-12,PA2,FedEx,1,1,14.02,2.63,0.0,16.65,shipmonk_estimate,USD
131579,6371933782326,Cattasaurus - shoproxstore - Shopify,direct_to_consumer,fulfilled,2025-01-12,2025-01-14,2025-01-12,PA2,FedEx,1,1,20.56,2.63,0.0,23.19,shipmonk_estimate,USD
129433,6326839935286,Cattasaurus - shoproxstore - Shopify,direct_to_consumer,fulfilled,2024-12-28,2025-01-13,,PA2,UPS,1,1,16.72,2.63,0.0,19.35,shipmonk_estimate,USD
129453,6327117185334,Cattasaurus - shoproxstore - Shopify,direct_to_consumer,fulfilled,2024-12-28,2025-01-13,,NV3,FedEx,1,1,19.93,2.63,0.0,22.56,shipmonk_estimate,USD
107767-01,2c6feb1f-fe3e-4f36-afff-8608fb411766,Cattasaurus - shoproxstore - Shopify,direct_to_consumer,fulfilled,2025-01-13,2025-01-13,2025-01-13,NV3,FedEx,1,1,16.34,2.26,0.0,18.6,shipmonk_estimate,USD
113-2754375-2834662,113-2754375-2834662,Cattasaurus - Amazon USA,direct_to_consumer,fulfilled,2025-01-13,2025-01-14,2025-01-13,NV3,FedEx,1,1,16.34,2.26,0.0,18.6,shipmonk_estimate,USD
113-4119537-7611401,113-4119537-7611401,Cattasaurus - Amazon USA,direct_to_consumer,fulfilled,2025-01-13,2025-01-14,2025-01-13,PA2,FedEx,1,1,19.36,2.26,0.0,21.62,shipmonk_estimate,USD
128783-01,f04c2df7-c66f-419b-9522-0bda80dccfc8,Cattasaurus - shoproxstore - Shopify,direct_to_consumer,fulfilled,2025-01-13,2025-01-13,2025-01-13,NV3,USPS,1,1,23.31,2.26,0.0,25.57,shipmonk_estimate,USD
131580,6372239737142,Cattasaurus - shoproxstore - Shopify,direct_to_consumer,fulfilled,2025-01-13,2025-01-14,2025-01-13,PA2,FedEx,1,1,18.52,2.26,0.0,20.78,shipmonk_estimate,USD
131581,6372385849654,Cattasaurus - shoproxstore - Shopify,direct_to_consumer,fulfilled,2025-01-13,2025-02-02,2025-01-13,PA2,FedEx,1,1,14.02,2.63,0.0,16.65,shipmonk_estimate,USD
131582,6372412588342,Cattasaurus - shoproxstore - Shopify,direct_to_consumer,fulfilled,2025-01-13,2025-01-14,2025-01-13,NV3,FedEx,1,1,19.93,2.63,0.0,22.56,shipmonk_estimate,USD
131583,6372466426166,Cattasaurus - shoproxstore - Shopify,direct_to_consumer,fulfilled,2025-01-13,2025-02-02,2025-01-13,PA2,FedEx,1,1,16.64,2.63,0.0,19.27,shipmonk_estimate,USD
131584,6372469276982,Cattasaurus - shoproxstore - Shopify,direct_to_consumer,fulfilled,2025-01-13,2025-02-02,2025-01-13,PA2,FedEx,1,1,14.02,2.63,0.0,16.65,shipmonk_estimate,USD
131585,6372538941750,Cattasaurus - shoproxstore - Shopify,direct_to_consumer,fulfilled,2025-01-13,2025-02-02,2025-01-13,PA2,FedEx,1,1,12.97,2.63,0.0,15.6,shipmonk_estimate,USD
131586,6372545495350,Cattasaurus - shoproxstore - Shopify,direct_to_consumer,fulfilled,2025-01-13,2025-02-02,2025-01-13,PA2,UPS,1,1,18.17,2.63,0.0,20.8,shipmonk_estimate,USD
131587,6372557914422,Cattasaurus - shoproxstore - Shopify,direct_to_consumer,fulfilled,2025-01-13,2025-01-14,2025-01-13,NV3,UPS,1,1,16.72,2.63,0.0,19.35,shipmonk_estimate,USD
131588,6372568629558,Cattasaurus - shoproxstore - Shopify,direct_to_consumer,fulfilled,2025-01-13,2025-02-02,2025-01-13,PA2,FedEx,1,1,16.64,2.63,0.0,19.27,shipmonk_estimate,USD
131590,6372607328566,Cattasaurus - shoproxstore - Shopify,direct_to_consumer,fulfilled,2025-01-13,2025-02-02,2025-01-13,PA2,FedEx,1,1,13.79,2.63,0.0,16.42,shipmonk_estimate,USD
131591,6372612505910,Cattasaurus - shoproxstore - Shopify,direct_to_consumer,fulfilled,2025-01-13,2025-02-02,2025-01-13,PA2,UPS,1,1,15.55,2.63,0.0,18.18,shipmonk_estimate,USD
131592,6372693475638,Cattasaurus - shoproxstore - Shopify,direct_to_consumer,fulfilled,2025-01-13,2025-01-14,2025-01-13,PA2,FedEx,1,1,21.93,3.0,0.0,24.93,shipmonk_estimate,USD
131592_1,db449a0a-aaad-4d98-99dd-dbb31f4388d8,Cattasaurus - shoproxstore - Shopify,direct_to_consumer,fulfilled,2025-01-13,2025-01-14,2025-01-13,PA2,FedEx,1,1,21.93,3.0,0.0,24.93,shipmonk_estimate,USD
131593,6372694589750,Cattasaurus - shoproxstore - Shopify,direct_to_consumer,fulfilled,2025-01-13,2025-01-14,2025-01-13,NV3,FedEx,1,1,17.81,2.63,0.0,20.44,shipmonk_estimate,USD
131594,6372716675382,Cattasaurus - shoproxstore - Shopify,direct_to_consumer,fulfilled,2025-01-13,2025-02-05,2025-01-13,PA2,FedEx,1,1,17.51,2.63,0.0,20.14,shipmonk_estimate,USD
131595,6372729127222,Cattasaurus - shoproxstore - Shopify,direct_to_consumer,fulfilled,2025-01-13,2025-01-14,2025-01-13,PA2,FedEx,3,1,16.34,3.37,0.0,19.71,shipmonk_estimate,USD
131596,6372736565558,Cattasaurus - shoproxstore - Shopify,direct_to_consumer,fulfilled,2025-01-13,2025-02-02,2025-01-13,PA2,FedEx,2,1,16.64,2.26,0.0,18.9,shipmonk_estimate,USD
131598,6372752228662,Cattasaurus - shoproxstore - Shopify,direct_to_consumer,fulfilled,2025-01-13,2025-01-15,2025-01-13,NV3,FedEx,1,1,19.93,2.63,0.0,22.56,shipmonk_estimate,USD
131599,6372761960758,Cattasaurus - shoproxstore - Shopify,direct_to_consumer,fulfilled,2025-01-13,2025-01-14,2025-01-13,NV3,UPS,1,1,19.34,2.63,0.0,21.97,shipmonk_estimate,USD
131600,6372786536758,Cattasaurus - shoproxstore - Shopify,direct_to_consumer,fulfilled,2025-01-13,2025-02-02,2025-01-13,PA2,UPS,1,1,15.55,2.63,0.0,18.18,shipmonk_estimate,USD
131604,6372838768950,Cattasaurus - shoproxstore - Shopify,direct_to_consumer,fulfilled,2025-01-13,2025-01-14,2025-01-13,PA2,FedEx,1,1,19.36,2.63,0.0,21.99,shipmonk_estimate,USD
131605,6372881727798,Cattasaurus - shoproxstore - Shopify,direct_to_consumer,fulfilled,2025-01-13,2025-01-15,2025-01-13,NV3,FedEx,1,1,19.93,2.63,0.0,22.56,shipmonk_estimate,USD
131606,6372890050870,Cattasaurus - shoproxstore - Shopify,direct_to_consumer,fulfilled,2025-01-13,2025-01-15,2025-01-13,NV3,FedEx,1,1,17.81,2.63,0.0,20.44,shipmonk_estimate,USD
131607,6372894114102,Cattasaurus - shoproxstore - Shopify,direct_to_consumer,fulfilled,2025-01-13,2025-01-15,2025-01-13,NV3,UPS,1,1,16.5,2.63,0.0,19.13,shipmonk_estimate,USD
131609,6372980457782,Cattasaurus - shoproxstore - Shopify,direct_to_consumer,fulfilled,2025-01-13,2025-01-14,2025-01-13,PA2,FedEx,2,1,17.84,3.0,0.0,20.84,shipmonk_estimate,USD
131610,6373051302198,Cattasaurus - shoproxstore - Shopify,direct_to_consumer,fulfilled,2025-01-13,2025-01-15,2025-01-13,NV3,FedEx,1,1,26.74,2.26,0.0,29.0,shipmonk_estimate,USD
131611,6373053890870,Cattasaurus - shoproxstore - Shopify,direct_to_consumer,fulfilled,2025-01-13,2025-01-14,2025-01-13,PA2,FedEx,1,1,26.33,2.63,0.0,28.96,shipmonk_estimate,USD
131612,6373092753718,Cattasaurus - shoproxstore - Shopify,direct_to_consumer,fulfilled,2025-01-13,2025-01-15,2025-01-13,NV3,FedEx,1,1,15.19,2.63,0.0,17.82,shipmonk_estimate,USD
131613,6373099864374,Cattasaurus - shoproxstore - Shopify,direct_to_consumer,fulfilled,2025-01-13,2025-01-15,2025-01-13,NV3,UPS,1,1,19.34,2.63,0.0,21.97,shipmonk_estimate,USD
131614,6373109891382,Cattasaurus - shoproxstore - Shopify,direct_to_consumer,fulfilled,2025-01-13,2025-01-15,2025-01-13,NV3,FedEx,1,1,25.22,2.63,0.0,27.85,shipmonk_estimate,USD
131615,6373131190582,Cattasaurus - shoproxstore - Shopify,direct_to_consumer,fulfilled,2025-01-13,2025-01-15,2025-01-13,NV3,FedEx,1,1,19.34,2.63,0.0,21.97,shipmonk_estimate,USD
131616,6373140922678,Cattasaurus - shoproxstore - Shopify,direct_to_consumer,fulfilled,2025-01-13,2025-01-15,2025-01-13,NV3,FedEx,1,1,24.8,2.63,0.0,27.43,shipmonk_estimate,USD
131617,6373189157174,Cattasaurus - shoproxstore - Shopify,direct_to_consumer,fulfilled,2025-01-13,2025-01-15,2025-01-13,NV3,FedEx,2,2,37.44,3.0,0.0,40.44,shipmonk_estimate,USD
131618,6373219598646,Cattasaurus - shoproxstore - Shopify,direct_to_consumer,fulfilled,2025-01-13,2025-01-15,2025-01-13,NV3,FedEx,1,1,23.15,2.26,0.0,25.41,shipmonk_estimate,USD
131619,6373225529654,Cattasaurus - shoproxstore - Shopify,direct_to_consumer,fulfilled,2025-01-13,2025-01-15,2025-01-13,NV3,FedEx,1,1,17.87,2.63,0.0,20.5,shipmonk_estimate,USD
131620,6373230969142,Cattasaurus - shoproxstore - Shopify,direct_to_consumer,fulfilled,2025-01-13,2025-01-15,2025-01-13,PA2,FedEx,1,1,17.84,2.26,0.0,20.1,shipmonk_estimate,USD
131621,6373251416374,Cattasaurus - shoproxstore - Shopify,direct_to_consumer,fulfilled,2025-01-13,2025-02-02,2025-01-13,PA2,FedEx,2,1,18.75,2.26,0.0,21.01,shipmonk_estimate,USD
131622,6373263343926,Cattasaurus - shoproxstore - Shopify,direct_to_consumer,fulfilled,2025-01-13,2025-01-15,2025-01-13,NV3,FedEx,1,1,19.93,2.63,0.0,22.56,shipmonk_estimate,USD
131623,6373271109942,Cattasaurus - shoproxstore - Shopify,direct_to_consumer,fulfilled,2025-01-13,2025-01-15,2025-01-13,PA2,FedEx,1,1,17.84,2.63,0.0,20.47,shipmonk_estimate,USD
131624,6373338317110,Cattasaurus - shoproxstore - Shopify,direct_to_consumer,fulfilled,2025-01-13,2025-01-15,2025-01-13,PA2,FedEx,1,1,26.33,2.26,0.0,28.59,shipmonk_estimate,USD
131625,6373357945142,Cattasaurus - shoproxstore - Shopify,direct_to_consumer,fulfilled,2025-01-13,2025-01-15,2025-01-13,NV3,FedEx,1,1,19.36,2.26,0.0,21.62,shipmonk_estimate,USD
131626,6373362860342,Cattasaurus - shoproxstore - Shopify,direct_to_consumer,fulfilled,2025-01-13,2025-01-15,2025-01-13,NV3,FedEx,1,1,23.15,2.26,0.0,25.41,shipmonk_estimate,USD
131627,6373369807158,Cattasaurus - shoproxstore - Shopify,direct_to_consumer,fulfilled,2025-01-13,2025-01-15,2025-01-13,NV3,FedEx,1,1,24.68,2.63,0.0,27.31,shipmonk_estimate,USD
131628,6373378195766,Cattasaurus - shoproxstore - Shopify,direct_to_consumer,fulfilled,2025-01-13,2025-02-05,2025-01-13,PA2,FedEx,1,1,17.51,2.63,0.0,20.14,shipmonk_estimate,USD
131630,6373429575990,Cattasaurus - shoproxstore - Shopify,direct_to_consumer,fulfilled,2025-01-13,2025-01-15,2025-01-13,NV3,USPS,1,1,17.55,2.63,0.0,20.18,shipmonk_estimate,USD
131631,6373449597238,Cattasaurus - shoproxstore - Shopify,direct_to_consumer,fulfilled,2025-01-13,2025-01-15,2025-01-13,PA2,FedEx,1,1,17.84,1.89,0.0,19.73,shipmonk_estimate,USD
131632,6373495734582,Cattasaurus - shoproxstore - Shopify,direct_to_consumer,fulfilled,2025-01-13,2025-01-15,2025-01-13,PA2,FedEx,1,1,24.8,2.63,0.0,27.43,shipmonk_estimate,USD
131633,6373522080054,Cattasaurus - shoproxstore - Shopify,direct_to_consumer,fulfilled,2025-01-13,2025-01-15,2025-01-13,NV3,UPS,1,1,19.34,2.63,0.0,21.97,shipmonk_estimate,USD
131634,6373558059318,Cattasaurus - shoproxstore - Shopify,direct_to_consumer,fulfilled,2025-01-13,2025-01-15,2025-01-13,NV3,FedEx,1,1,25.22,2.63,0.0,27.85,shipmonk_estimate,USD
131635,6373627265334,Cattasaurus - shoproxstore - Shopify,direct_to_consumer,fulfilled,2025-01-13,2025-01-14,2025-01-13,PA2,FedEx,1,1,17.87,2.63,0.0,20.5,shipmonk_estimate,USD
131635_1,a84f2fa2-514e-4ead-910f-373ae399d416,Cattasaurus - shoproxstore - Shopify,direct_to_consumer,fulfilled,2025-01-13,2025-01-14,2025-01-13,PA2,FedEx,1,1,17.87,2.63,0.0,20.5,shipmonk_estimate,USD
131635_2,91f2b79c-4b53-480c-893d-f4dc40378199,Cattasaurus - shoproxstore - Shopify,direct_to_consumer,fulfilled,2025-01-13,2025-01-14,2025-01-13,PA2,FedEx,1,1,17.87,2.63,0.0,20.5,shipmonk_estimate,USD
131636,6373671239990,Cattasaurus - shoproxstore - Shopify,direct_to_consumer,fulfilled,2025-01-13,2025-01-15,2025-01-13,NV3,FedEx,1,1,26.74,2.63,0.0,29.37,shipmonk_estimate,USD
131637,6373676417334,Cattasaurus - shoproxstore - Shopify,direct_to_consumer,fulfilled,2025-01-13,2025-01-15,2025-01-13,NV3,FedEx,1,1,14.97,2.63,0.0,17.6,shipmonk_estimate,USD
131638,6373696176438,Cattasaurus - shoproxstore - Shopify,direct_to_consumer,fulfilled,2025-01-13,2025-01-15,2025-01-13,PA2,FedEx,1,1,29.74,2.26,0.0,32.0,shipmonk_estimate,USD
131639,6373728715062,Cattasaurus - shoproxstore - Shopify,direct_to_consumer,fulfilled,2025-01-13,2025-01-15,2025-01-13,PA2,UPS,1,1,15.79,2.26,0.0,18.05,shipmonk_estimate,USD
131640,6373737398582,Cattasaurus - shoproxstore - Shopify,direct_to_consumer,fulfilled,2025-01-13,2025-01-15,2025-01-13,PA2,FedEx,1,1,20.56,2.26,0.0,22.82,shipmonk_estimate,USD
131642,6373772362038,Cattasaurus - shoproxstore - Shopify,direct_to_consumer,fulfilled,2025-01-13,2025-01-15,2025-01-13,NV3,FedEx,1,1,14.97,2.63,0.0,17.6,shipmonk_estimate,USD
131643,6373783961910,Cattasaurus - shoproxstore - Shopify,direct_to_consumer,fulfilled,2025-01-13,2025-01-15,2025-01-13,NV3,UPS,3,1,21.46,3.37,0.0,24.83,shipmonk_estimate,USD
131644,6373828264246,Cattasaurus - shoproxstore - Shopify,direct_to_consumer,fulfilled,2025-01-13,2025-02-02,2025-01-13,PA2,FedEx,2,1,12.97,2.26,0.0,15.23,shipmonk_estimate,USD
131645,6373835702582,Cattasaurus - shoproxstore - Shopify,direct_to_consumer,fulfilled,2025-01-13,2025-01-15,2025-01-13,NV3,FedEx,1,1,25.22,2.63,0.0,27.85,shipmonk_estimate,USD
131646,6373845598518,Cattasaurus - shoproxstore - Shopify,direct_to_consumer,fulfilled,2025-01-13,2025-01-15,2025-01-13,NV3,DHL eCommerce,1,1,8.66,2.26,0.9,11.82,shipmonk_estimate,USD
131647,6373857231158,Cattasaurus - shoproxstore - Shopify,direct_to_consumer,fulfilled,2025-01-13,2025-01-20,2025-01-13,NV3,DHL eCommerce,1,1,5.61,1.89,0.0,7.5,shipmonk_estimate,USD
131648,6373874368822,Cattasaurus - shoproxstore - Shopify,direct_to_consumer,fulfilled,2025-01-13,2025-01-15,2025-01-13,NV3,FedEx,1,1,25.22,2.63,0.0,27.85,shipmonk_estimate,USD
131649,6373889999158,Cattasaurus - shoproxstore - Shopify,direct_to_consumer,fulfilled,2025-01-13,2025-01-15,2025-01-13,NV3,FedEx,1,1,24.8,2.63,0.0,27.43,shipmonk_estimate,USD
131650,6373893439798,Cattasaurus - shoproxstore - Shopify,direct_to_consumer,fulfilled,2025-01-13,2025-01-15,2025-01-13,NV3,FedEx,1,1,26.74,2.63,0.0,29.37,shipmonk_estimate,USD
131651,6373918802230,Cattasaurus - shoproxstore - Shopify,direct_to_consumer,fulfilled,2025-01-13,2025-01-15,2025-01-13,NV3,FedEx,1,1,25.22,2.63,0.0,27.85,shipmonk_estimate,USD
131652,6373935448374,Cattasaurus - shoproxstore - Shopify,direct_to_consumer,fulfilled,2025-01-13,2025-01-15,2025-01-13,NV3,UPS,1,1,21.46,2.26,0.0,23.72,shipmonk_estimate,USD
131653,6374032376118,Cattasaurus - shoproxstore - Shopify,direct_to_consumer,fulfilled,2025-01-13,2025-02-02,2025-01-13,PA2,UPS,1,1,14.5,2.63,0.0,17.13,shipmonk_estimate,USD
131653_1,d84ecaa9-d796-4d62-9d7c-2072898b0306,Cattasaurus - shoproxstore - Shopify,direct_to_consumer,fulfilled,2025-01-13,2025-02-05,2025-01-13,PA2,FedEx,1,1,14.65,2.63,0.0,17.28,shipmonk_estimate,USD
131654,6374045909302,Cattasaurus - shoproxstore - Shopify,direct_to_consumer,fulfilled,2025-01-13,2025-01-15,2025-01-13,NV3,FedEx,1,1,19.36,2.26,0.0,21.62,shipmonk_estimate,USD
131655,6374051643702,Cattasaurus - shoproxstore - Shopify,direct_to_consumer,fulfilled,2025-01-13,2025-01-15,2025-01-13,PA2,FedEx,1,1,16.34,2.26,0.0,18.6,shipmonk_estimate,USD
131656,6374058656054,Cattasaurus - shoproxstore - Shopify,direct_to_consumer,fulfilled,2025-01-13,2025-01-15,2025-01-13,NV3,FedEx,1,1,15.19,2.63,0.0,17.82,shipmonk_estimate,USD
131657,6374064718134,Cattasaurus - shoproxstore - Shopify,direct_to_consumer,fulfilled,2025-01-13,2025-01-15,2025-01-13,NV3,FedEx,1,1,23.15,2.63,0.0,25.78,shipmonk_estimate,USD
131658,6374078513462,Cattasaurus - shoproxstore - Shopify,direct_to_consumer,fulfilled,2025-01-13,2025-01-15,2025-01-13,NV3,FedEx,1,1,17.81,2.63,0.0,20.44,shipmonk_estimate,USD
131659,6374112002358,Cattasaurus - shoproxstore - Shopify,direct_to_consumer,fulfilled,2025-01-13,2025-01-15,2025-01-13,NV3,UPS,1,1,21.46,2.63,0.0,24.09,shipmonk_estimate,USD
131660,6374179406134,Cattasaurus - shoproxstore - Shopify,direct_to_consumer,fulfilled,2025-01-13,2025-01-15,2025-01-13,PA2,FedEx,1,1,22.09,2.63,0.0,24.72,shipmonk_estimate,USD
131661,6374186287414,Cattasaurus - shoproxstore - Shopify,direct_to_consumer,fulfilled,2025-01-13,2025-01-15,2025-01-13,NV3,UPS,1,1,16.5,2.63,0.0,19.13,shipmonk_estimate,USD
131662,6374206734646,Cattasaurus - shoproxstore - Shopify,direct_to_consumer,fulfilled,2025-01-13,2025-01-15,2025-01-13,PA2,UPS,1,1,15.79,2.26,0.0,18.05,shipmonk_estimate,USD
131663,6374217777462,Cattasaurus - shoproxstore - Shopify,direct_to_consumer,fulfilled,2025-01-13,2025-01-15,2025-01-13,PA2,UPS,1,1,15.79,2.63,0.0,18.42,shipmonk_estimate,USD
131664,6374252085558,Cattasaurus - shoproxstore - Shopify,direct_to_consumer,fulfilled,2025-01-13,2025-01-15,2025-01-13,NV3,FedEx,1,1,26.74,2.63,0.0,29.37,shipmonk_estimate,USD
131665,6374258934070,Cattasaurus - shoproxstore - Shopify,direct_to_consumer,fulfilled,2025-01-13,2025-01-15,2025-01-13,NV3,FedEx,1,1,23.15,2.63,0.0,25.78,shipmonk_estimate,USD
131666,6374307365174,Cattasaurus - shoproxstore - Shopify,direct_to_consumer,fulfilled,2025-01-13,2025-01-15,2025-01-13,PA2,FedEx,1,1,20.56,2.26,0.0,22.82,shipmonk_estimate,USD
131667,6374309232950,Cattasaurus - shoproxstore - Shopify,direct_to_consumer,fulfilled,2025-01-13,2025-01-15,2025-01-13,NV3,FedEx,1,1,19.93,2.63,0.0,22.56,shipmonk_estimate,USD
131668,6374317359414,Cattasaurus - shoproxstore - Shopify,direct_to_consumer,fulfilled,2025-01-13,2025-01-15,2025-01-13,NV3,FedEx,1,1,16.34,2.63,0.0,18.97,shipmonk_estimate,USD
131670,6374334497078,Cattasaurus - shoproxstore - Shopify,direct_to_consumer,fulfilled,2025-01-13,2025-01-15,2025-01-13,NV3,FedEx,1,1,15.19,2.26,0.0,17.45,shipmonk_estimate,USD
131671,6374360678710,Cattasaurus - shoproxstore - Shopify,direct_to_consumer,fulfilled,2025-01-13,2025-01-15,2025-01-13,NV3,UPS,1,1,16.72,2.63,0.0,19.35,shipmonk_estimate,USD
131673,6374394822966,Cattasaurus - shoproxstore - Shopify,direct_to_consumer,fulfilled,2025-01-13,2025-01-15,2025-01-13,NV3,FedEx,2,1,17.81,3.0,0.0,20.81,shipmonk_estimate,USD
131674,6374399672630,Cattasaurus - shoproxstore - Shopify,direct_to_consumer,fulfilled,2025-01-13,2025-01-15,2025-01-13,NV3,FedEx,1,1,24.75,3.0,0.0,27.75,shipmonk_estimate,USD
131674_1,e271d4dd-4cb4-4e08-b094-133e91ef6912,Cattasaurus - shoproxstore - Shopify,direct_to_consumer,fulfilled,2025-01-13,2025-01-15,2025-01-13,NV3,FedEx,1,1,24.75,3.0,0.0,27.75,shipmonk_estimate,USD
131675,6374407176502,Cattasaurus - shoproxstore - Shopify,direct_to_consumer,fulfilled,2025-01-13,2025-01-15,2025-01-13,NV3,FedEx,3,1,19.34,3.37,0.0,22.71,shipmonk_estimate,USD
131676,6374409470262,Cattasaurus - shoproxstore - Shopify,direct_to_consumer,fulfilled,2025-01-13,2025-01-15,2025-01-13,NV3,FedEx,1,1,25.22,2.26,0.0,27.48,shipmonk_estimate,USD
131677,6374450233654,Cattasaurus - shoproxstore - Shopify,direct_to_consumer,fulfilled,2025-01-13,2025-03-20,2025-01-13,PA2,FedEx,2,1,25.68,3.0,0.0,28.68,shipmonk_estimate,USD
131678,6374484508982,Cattasaurus - shoproxstore - Shopify,direct_to_consumer,fulfilled,2025-01-13,2025-01-15,2025-01-13,NV3,FedEx,2,1,22.09,3.0,0.0,25.09,shipmonk_estimate,USD
131679,6374503350582,Cattasaurus - shoproxstore - Shopify,direct_to_consumer,fulfilled,2025-01-13,2025-01-15,2025-01-13,NV3,UPS,1,1,21.46,2.63,0.0,24.09,shipmonk_estimate,USD
131680,6374503416118,Cattasaurus - shoproxstore - Shopify,direct_to_consumer,fulfilled,2025-01-13,2025-01-15,2025-01-13,PA2,FedEx,1,1,20.56,2.26,0.0,22.82,shipmonk_estimate,USD
129432,6326816047414,Cattasaurus - shoproxstore - Shopify,direct_to_consumer,fulfilled,2024-12-28,2025-01-14,,NV3,FedEx,1,1,15.19,2.63,0.0,17.82,shipmonk_estimate,USD
129730,6332897263926,Cattasaurus - shoproxstore - Shopify,direct_to_consumer,fulfilled,2024-12-29,2025-01-14,,NV3,FedEx,1,1,15.19,2.63,0.0,17.82,shipmonk_estimate,USD
111-2234602-0471463,111-2234602-0471463,Cattasaurus - Amazon USA,direct_to_consumer,fulfilled,2025-01-14,2025-01-15,2025-01-14,PA2,FedEx,1,1,14.26,2.26,0.0,16.52,shipmonk_estimate,USD
115940-01,10100916-abd8-4007-a1f8-855c68ff434c,Cattasaurus - shoproxstore - Shopify,direct_to_consumer,fulfilled,2025-01-14,2025-01-15,2025-01-14,NV3,FedEx,1,1,19.36,2.63,0.0,21.99,shipmonk_estimate,USD
122259_2-01,7a5557ae-4829-41fd-b708-2257d6686d58,Cattasaurus - shoproxstore - Shopify,direct_to_consumer,fulfilled,2025-01-14,2025-01-14,2025-01-14,PA2,FedEx,1,1,22.09,2.63,0.0,24.72,shipmonk_estimate,USD
124104-01,a30bd5e3-92bd-4891-8b34-63be3a11373f,Cattasaurus - shoproxstore - Shopify,direct_to_consumer,fulfilled,2025-01-14,2025-01-14,2025-01-14,NV3,UPS,1,1,16.72,2.26,0.0,18.98,shipmonk_estimate,USD
127343-01,9b4b1eb3-c60b-41d3-99b5-e5cd49c6b95c,Cattasaurus - shoproxstore - Shopify,direct_to_consumer,fulfilled,2025-01-14,2025-01-14,2025-01-14,PA2,FedEx,1,1,14.26,1.89,0.0,16.15,shipmonk_estimate,USD
129072-01,e8915a65-215a-4222-89a0-3cd2410b77ee,Cattasaurus - shoproxstore - Shopify,direct_to_consumer,fulfilled,2025-01-14,2025-02-04,2025-01-14,PA2,FedEx,1,1,16.67,2.26,0.0,18.93,shipmonk_estimate,USD
131681,6374732792118,Cattasaurus - shoproxstore - Shopify,direct_to_consumer,fulfilled,2025-01-14,2025-01-15,2025-01-14,PA2,FedEx,1,1,22.09,2.26,0.0,24.35,shipmonk_estimate,USD
131682,6374762545462,Cattasaurus - shoproxstore - Shopify,direct_to_consumer,fulfilled,2025-01-14,2025-02-02,2025-01-14,PA2,FedEx,1,1,14.02,2.63,0.0,16.65,shipmonk_estimate,USD
131683,6374779846966,Cattasaurus - shoproxstore - Shopify,direct_to_consumer,fulfilled,2025-01-14,2025-02-05,2025-01-14,PA2,FedEx,1,1,15.98,2.63,0.0,18.61,shipmonk_estimate,USD
131684,6374806552886,Cattasaurus - shoproxstore - Shopify,direct_to_consumer,fulfilled,2025-01-14,2025-01-15,2025-01-14,NV3,FedEx,1,1,14.97,2.63,0.0,17.6,shipmonk_estimate,USD
131685,6374832046390,Cattasaurus - shoproxstore - Shopify,direct_to_consumer,fulfilled,2025-01-14,2025-01-15,2025-01-14,NV3,FedEx,2,1,26.74,3.0,0.0,29.74,shipmonk_estimate,USD
131686,6374838337846,Cattasaurus - shoproxstore - Shopify,direct_to_consumer,fulfilled,2025-01-14,2025-01-15,2025-01-14,PA2,FedEx,1,1,16.34,2.26,0.0,18.6,shipmonk_estimate,USD
131687,6374857015606,Cattasaurus - shoproxstore - Shopify,direct_to_consumer,fulfilled,2025-01-14,2025-01-15,2025-01-14,NV3,FedEx,1,1,32.58,2.63,0.0,35.21,shipmonk_estimate,USD
131688,6374860751158,Cattasaurus - shoproxstore - Shopify,direct_to_consumer,fulfilled,2025-01-14,2025-01-15,2025-01-14,NV3,FedEx,1,1,24.8,2.63,0.0,27.43,shipmonk_estimate,USD
131689,6374865764662,Cattasaurus - shoproxstore - Shopify,direct_to_consumer,fulfilled,2025-01-14,2025-01-15,2025-01-14,PA2,FedEx,1,1,22.09,2.26,0.0,24.35,shipmonk_estimate,USD
131690,6374873432374,Cattasaurus - shoproxstore - Shopify,direct_to_consumer,fulfilled,2025-01-14,2025-01-15,2025-01-14,NV3,FedEx,2,1,0.0,3.0,0.0,3.0,shipmonk_estimate,USD
131691,6374888669494,Cattasaurus - shoproxstore - Shopify,direct_to_consumer,fulfilled,2025-01-14,2025-01-15,2025-01-14,PA2,FedEx,1,1,14.26,2.63,0.0,16.89,shipmonk_estimate,USD
131692,6374894633270,Cattasaurus - shoproxstore - Shopify,direct_to_consumer,fulfilled,2025-01-14,2025-01-15,2025-01-14,PA2,FedEx,1,1,15.79,2.26,0.0,18.05,shipmonk_estimate,USD
131693,6374901383478,Cattasaurus - shoproxstore - Shopify,direct_to_consumer,fulfilled,2025-01-14,2025-01-16,2025-01-14,NV3,UPS,1,1,21.46,2.63,0.0,24.09,shipmonk_estimate,USD
131694,6374913409334,Cattasaurus - shoproxstore - Shopify,direct_to_consumer,fulfilled,2025-01-14,2025-01-15,2025-01-14,PA2,FedEx,1,1,24.8,1.89,0.0,26.69,shipmonk_estimate,USD
131695,6374945718582,Cattasaurus - shoproxstore - Shopify,direct_to_consumer,fulfilled,2025-01-14,2025-01-16,2025-01-14,NV3,UPS,1,1,21.46,2.63,0.0,24.09,shipmonk_estimate,USD
131696,6374953648438,Cattasaurus - shoproxstore - Shopify,direct_to_consumer,fulfilled,2025-01-14,2025-01-15,2025-01-14,NV3,FedEx,3,1,22.97,3.74,2.5,29.21,shipmonk_estimate,USD
131697,6374957613366,Cattasaurus - shoproxstore - Shopify,direct_to_consumer,fulfilled,2025-01-14,2025-01-16,2025-01-14,NV3,FedEx,1,1,25.22,2.63,0.0,27.85,shipmonk_estimate,USD
131698,6375007650102,Cattasaurus - shoproxstore - Shopify,direct_to_consumer,fulfilled,2025-01-14,2025-01-16,2025-01-14,NV3,FedEx,2,1,23.15,3.0,0.0,26.15,shipmonk_estimate,USD
131699,6375019053366,Cattasaurus - shoproxstore - Shopify,direct_to_consumer,fulfilled,2025-01-14,2025-01-16,2025-01-14,NV3,FedEx,1,1,25.22,2.63,0.0,27.85,shipmonk_estimate,USD
131700,6375020888374,Cattasaurus - shoproxstore - Shopify,direct_to_consumer,fulfilled,2025-01-14,2025-01-16,2025-01-14,NV3,FedEx,2,2,35.62,3.0,0.0,38.62,shipmonk_estimate,USD
131701,6375061553462,Cattasaurus - shoproxstore - Shopify,direct_to_consumer,fulfilled,2025-01-14,2025-01-16,2025-01-14,NV3,FedEx,1,1,26.61,3.0,0.0,29.61,shipmonk_estimate,USD
131702,6375080493366,Cattasaurus - shoproxstore - Shopify,direct_to_consumer,fulfilled,2025-01-14,2025-01-16,2025-01-14,NV3,UPS,1,1,16.72,2.63,0.0,19.35,shipmonk_estimate,USD
131703,6375093633334,Cattasaurus - shoproxstore - Shopify,direct_to_consumer,fulfilled,2025-01-14,2025-01-16,2025-01-14,PA2,FedEx,1,1,17.81,2.26,0.0,20.07,shipmonk_estimate,USD
131704,6375126991158,Cattasaurus - shoproxstore - Shopify,direct_to_consumer,fulfilled,2025-01-14,2025-01-16,2025-01-14,NV3,FedEx,1,1,24.8,2.63,0.0,27.43,shipmonk_estimate,USD
131705,6375134200118,Cattasaurus - shoproxstore - Shopify,direct_to_consumer,fulfilled,2025-01-14,2025-01-15,2025-01-14,PA2,FedEx,2,1,22.09,3.0,0.0,25.09,shipmonk_estimate,USD
131706,6375144849718,Cattasaurus - shoproxstore - Shopify,direct_to_consumer,fulfilled,2025-01-14,2025-01-16,2025-01-14,NV3,FedEx,1,1,25.22,2.63,0.0,27.85,shipmonk_estimate,USD
131707,6375152255286,Cattasaurus - shoproxstore - Shopify,direct_to_consumer,fulfilled,2025-01-14,2025-01-16,2025-01-14,PA2,FedEx,1,1,24.8,2.63,0.0,27.43,shipmonk_estimate,USD
131708,6375167820086,Cattasaurus - shoproxstore - Shopify,direct_to_consumer,fulfilled,2025-01-14,2025-01-16,2025-01-14,PA2,FedEx,1,1,28.21,2.26,0.0,30.47,shipmonk_estimate,USD
131709,6375190855990,Cattasaurus - shoproxstore - Shopify,direct_to_consumer,fulfilled,2025-01-14,2025-01-16,2025-01-14,PA2,FedEx,1,1,20.56,2.26,0.0,22.82,shipmonk_estimate,USD
131710,6375221264694,Cattasaurus - shoproxstore - Shopify,direct_to_consumer,fulfilled,2025-01-14,2025-01-16,2025-01-14,NV3,FedEx,1,1,15.19,2.63,0.0,17.82,shipmonk_estimate,USD
131711,6375233618230,Cattasaurus - shoproxstore - Shopify,direct_to_consumer,fulfilled,2025-01-14,2025-01-16,2025-01-14,PA2,FedEx,1,1,17.84,2.26,0.0,20.1,shipmonk_estimate,USD
131712,6375239713078,Cattasaurus - shoproxstore - Shopify,direct_to_consumer,fulfilled,2025-01-14,2025-01-16,2025-01-14,PA2,DHL eCommerce,1,1,7.69,1.89,0.5,10.08,shipmonk_estimate,USD
131713,6375250755894,Cattasaurus - shoproxstore - Shopify,direct_to_consumer,fulfilled,2025-01-14,2025-01-16,2025-01-14,PA2,FedEx,1,1,16.34,2.26,0.0,18.6,shipmonk_estimate,USD
131714,6375279100214,Cattasaurus - shoproxstore - Shopify,direct_to_consumer,fulfilled,2025-01-14,2025-01-16,2025-01-14,NV3,FedEx,1,1,17.84,2.26,0.0,20.1,shipmonk_estimate,USD
131715,6375289356598,Cattasaurus - shoproxstore - Shopify,direct_to_consumer,fulfilled,2025-01-14,2025-01-16,2025-01-14,NV3,FedEx,1,1,15.9,3.0,0.0,18.9,shipmonk_estimate,USD
131716,6375308362038,Cattasaurus - shoproxstore - Shopify,direct_to_consumer,fulfilled,2025-01-14,2025-01-16,2025-01-14,NV3,FedEx,1,1,25.22,2.63,0.0,27.85,shipmonk_estimate,USD
131717,6375336280374,Cattasaurus - shoproxstore - Shopify,direct_to_consumer,fulfilled,2025-01-14,2025-01-16,2025-01-14,NV3,UPS,1,1,19.34,2.63,0.0,21.97,shipmonk_estimate,USD
131718,6375353844022,Cattasaurus - shoproxstore - Shopify,direct_to_consumer,fulfilled,2025-01-14,2025-01-16,2025-01-14,NV3,FedEx,2,1,22.09,3.0,0.0,25.09,shipmonk_estimate,USD
131719,6375359742262,Cattasaurus - shoproxstore - Shopify,direct_to_consumer,fulfilled,2025-01-14,2025-01-16,2025-01-14,PA2,FedEx,1,1,22.09,2.63,0.0,24.72,shipmonk_estimate,USD
131720,6375363543350,Cattasaurus - shoproxstore - Shopify,direct_to_consumer,fulfilled,2025-01-14,2025-01-16,2025-01-14,NV3,FedEx,1,1,15.9,3.0,0.0,18.9,shipmonk_estimate,USD
131721,6375374291254,Cattasaurus - shoproxstore - Shopify,direct_to_consumer,fulfilled,2025-01-14,2025-01-16,2025-01-14,NV3,FedEx,2,1,25.22,2.63,0.0,27.85,shipmonk_estimate,USD
131722,6375379534134,Cattasaurus - shoproxstore - Shopify,direct_to_consumer,fulfilled,2025-01-14,2025-01-16,2025-01-14,PA2,FedEx,1,1,17.84,2.63,0.0,20.47,shipmonk_estimate,USD
131723,6375381401910,Cattasaurus - shoproxstore - Shopify,direct_to_consumer,fulfilled,2025-01-14,2025-01-16,2025-01-14,NV3,FedEx,1,1,17.84,2.63,0.0,20.47,shipmonk_estimate,USD
131724,6375385628982,Cattasaurus - shoproxstore - Shopify,direct_to_consumer,fulfilled,2025-01-14,2025-01-16,2025-01-14,NV3,FedEx,1,1,23.15,2.63,0.0,25.78,shipmonk_estimate,USD
131725,6375389397302,Cattasaurus - shoproxstore - Shopify,direct_to_consumer,fulfilled,2025-01-14,2025-01-16,2025-01-14,NV3,FedEx,1,1,25.22,2.63,0.0,27.85,shipmonk_estimate,USD
131726,6375395688758,Cattasaurus - shoproxstore - Shopify,direct_to_consumer,fulfilled,2025-01-14,2025-01-16,2025-01-14,PA2,FedEx,1,1,17.84,2.63,0.0,20.47,shipmonk_estimate,USD
131727,6375425114422,Cattasaurus - shoproxstore - Shopify,direct_to_consumer,fulfilled,2025-01-14,2025-01-16,2025-01-14,NV3,FedEx,1,1,17.81,2.63,0.0,20.44,shipmonk_estimate,USD
131728,6375427211574,Cattasaurus - shoproxstore - Shopify,direct_to_consumer,fulfilled,2025-01-14,2025-01-16,2025-01-14,NV3,FedEx,1,1,26.74,2.63,0.0,29.37,shipmonk_estimate,USD
131729,6375449297206,Cattasaurus - shoproxstore - Shopify,direct_to_consumer,fulfilled,2025-01-14,2025-01-16,2025-01-14,NV3,FedEx,1,1,19.34,2.63,0.0,21.97,shipmonk_estimate,USD
131730,6375452180790,Cattasaurus - shoproxstore - Shopify,direct_to_consumer,fulfilled,2025-01-14,2025-01-16,2025-01-14,NV3,FedEx,1,1,26.74,2.63,0.0,29.37,shipmonk_estimate,USD
131731,6375464993078,Cattasaurus - shoproxstore - Shopify,direct_to_consumer,fulfilled,2025-01-14,2025-01-16,2025-01-14,NV3,FedEx,2,1,25.22,3.0,0.0,28.22,shipmonk_estimate,USD
131732,6375475118390,Cattasaurus - shoproxstore - Shopify,direct_to_consumer,fulfilled,2025-01-14,2025-01-16,2025-01-14,NV3,FedEx,1,1,13.67,2.26,0.0,15.93,shipmonk_estimate,USD
131733,6375500546358,Cattasaurus - shoproxstore - Shopify,direct_to_consumer,fulfilled,2025-01-14,2025-01-16,2025-01-14,NV3,FedEx,1,1,25.22,2.63,0.0,27.85,shipmonk_estimate,USD
131734,6375532495158,Cattasaurus - shoproxstore - Shopify,direct_to_consumer,fulfilled,2025-01-14,2025-01-16,2025-01-14,NV3,UPS,1,1,16.72,2.63,0.0,19.35,shipmonk_estimate,USD
131735,6375576928566,Cattasaurus - shoproxstore - Shopify,direct_to_consumer,fulfilled,2025-01-14,2025-01-16,2025-01-14,NV3,FedEx,1,1,25.22,2.63,0.0,27.85,shipmonk_estimate,USD
131736,6375578894646,Cattasaurus - shoproxstore - Shopify,direct_to_consumer,fulfilled,2025-01-14,2025-01-16,2025-01-14,NV3,UPS,1,1,19.34,2.63,0.0,21.97,shipmonk_estimate,USD
131737,6375583482166,Cattasaurus - shoproxstore - Shopify,direct_to_consumer,fulfilled,2025-01-14,2025-01-16,2025-01-14,NV3,FedEx,1,1,25.22,2.63,0.0,27.85,shipmonk_estimate,USD
131738,6375588725046,Cattasaurus - shoproxstore - Shopify,direct_to_consumer,fulfilled,2025-01-14,2025-01-16,2025-01-14,NV3,FedEx,1,1,17.81,2.63,0.0,20.44,shipmonk_estimate,USD
131739,6375601602870,Cattasaurus - shoproxstore - Shopify,direct_to_consumer,fulfilled,2025-01-14,2025-01-16,2025-01-14,NV3,UPS,1,1,19.34,2.63,0.0,21.97,shipmonk_estimate,USD
131740,6375602422070,Cattasaurus - shoproxstore - Shopify,direct_to_consumer,fulfilled,2025-01-14,2025-01-16,2025-01-14,NV3,FedEx,1,1,14.97,2.63,0.0,17.6,shipmonk_estimate,USD
131741,6375607992630,Cattasaurus - shoproxstore - Shopify,direct_to_consumer,fulfilled,2025-01-14,2025-01-16,2025-01-14,PA2,FedEx,1,1,19.36,2.63,0.0,21.99,shipmonk_estimate,USD
131742,6375638991158,Cattasaurus - shoproxstore - Shopify,direct_to_consumer,fulfilled,2025-01-14,2025-01-16,2025-01-14,NV3,FedEx,1,1,15.19,2.63,0.0,17.82,shipmonk_estimate,USD
131743,6375641252150,Cattasaurus - shoproxstore - Shopify,direct_to_consumer,fulfilled,2025-01-14,2025-01-16,2025-01-14,NV3,FedEx,2,1,23.15,3.0,0.0,26.15,shipmonk_estimate,USD
131744,6375647674678,Cattasaurus - shoproxstore - Shopify,direct_to_consumer,fulfilled,2025-01-14,2025-01-16,2025-01-14,PA2,FedEx,1,1,20.56,2.63,0.0,23.19,shipmonk_estimate,USD
131745,6375658783030,Cattasaurus - shoproxstore - Shopify,direct_to_consumer,fulfilled,2025-01-14,2025-01-16,2025-01-14,NV3,FedEx,3,1,26.33,3.37,0.0,29.7,shipmonk_estimate,USD
131746,6375715045686,Cattasaurus - shoproxstore - Shopify,direct_to_consumer,fulfilled,2025-01-14,2025-01-16,2025-01-14,NV3,FedEx,1,1,16.34,2.63,0.0,18.97,shipmonk_estimate,USD
131747,6375766884662,Cattasaurus - shoproxstore - Shopify,direct_to_consumer,fulfilled,2025-01-14,2025-01-16,2025-01-14,NV3,FedEx,1,1,19.93,2.63,0.0,22.56,shipmonk_estimate,USD
131748,6375804010806,Cattasaurus - shoproxstore - Shopify,direct_to_consumer,fulfilled,2025-01-14,2025-01-16,2025-01-14,NV3,FedEx,1,1,24.68,2.63,0.0,27.31,shipmonk_estimate,USD
131749,6375831077174,Cattasaurus - shoproxstore - Shopify,direct_to_consumer,fulfilled,2025-01-14,2025-01-16,2025-01-14,NV3,FedEx,1,1,15.19,2.63,0.0,17.82,shipmonk_estimate,USD
131750,6375862599990,Cattasaurus - shoproxstore - Shopify,direct_to_consumer,fulfilled,2025-01-14,2025-01-16,2025-01-14,NV3,FedEx,1,1,26.74,2.63,0.0,29.37,shipmonk_estimate,USD
131751,6375888027958,Cattasaurus - shoproxstore - Shopify,direct_to_consumer,fulfilled,2025-01-14,2025-01-16,2025-01-14,NV3,FedEx,1,1,19.36,2.63,0.0,21.99,shipmonk_estimate,USD
131752,6375904018742,Cattasaurus - shoproxstore - Shopify,direct_to_consumer,fulfilled,2025-01-14,2025-01-16,2025-01-14,NV3,FedEx,1,1,26.74,2.26,0.0,29.0,shipmonk_estimate,USD
108838,6230308815158,Cattasaurus - shoproxstore - Shopify,direct_to_consumer,fulfilled,2024-11-17,2025-01-15,,PA2,UPS,1,1,16.5,4.11,0.0,20.61,shipmonk_estimate,USD
125045,6291489161526,Cattasaurus - shoproxstore - Shopify,direct_to_consumer,fulfilled,2024-12-14,2025-01-15,,PA2,UPS,1,1,16.72,2.26,0.0,18.98,shipmonk_estimate,USD
129424,6326653223222,Cattasaurus - shoproxstore - Shopify,direct_to_consumer,fulfilled,2024-12-28,2025-01-15,,PA2,UPS,1,1,19.34,2.26,0.0,21.6,shipmonk_estimate,USD
129482,6327663100214,Cattasaurus - shoproxstore - Shopify,direct_to_consumer,fulfilled,2024-12-28,2025-01-15,,NV3,FedEx,1,1,26.33,2.63,0.0,28.96,shipmonk_estimate,USD
112-7509874-5720255,112-7509874-5720255,Cattasaurus - Amazon USA,direct_to_consumer,fulfilled,2025-01-15,2025-01-16,2025-01-15,PA2,FedEx,1,1,24.8,2.26,0.0,27.06,shipmonk_estimate,USD
125023-01,7c442086-ccf5-40ad-9d12-9c8e576bdff2,Cattasaurus - shoproxstore - Shopify,direct_to_consumer,fulfilled,2025-01-15,2025-02-04,2025-01-15,PA2,UPS,1,1,14.06,2.26,0.0,16.32,shipmonk_estimate,USD
129543-01,23e791ba-46b4-43f5-baf1-902927466a4c,Cattasaurus - shoproxstore - Shopify,direct_to_consumer,fulfilled,2025-01-15,2025-01-15,2025-01-15,PA2,FedEx,1,1,16.34,1.89,0.0,18.23,shipmonk_estimate,USD
131753,6376020246838,Cattasaurus - shoproxstore - Shopify,direct_to_consumer,fulfilled,2025-01-15,2025-01-16,2025-01-15,PA2,FedEx,1,1,26.33,2.63,0.0,28.96,shipmonk_estimate,USD
131754,6376135426358,Cattasaurus - shoproxstore - Shopify,direct_to_consumer,fulfilled,2025-01-15,2025-01-16,2025-01-15,NV3,FedEx,1,1,25.22,2.63,0.0,27.85,shipmonk_estimate,USD
131755,6376151941430,Cattasaurus - shoproxstore - Shopify,direct_to_consumer,fulfilled,2025-01-15,2025-01-16,2025-01-15,NV3,FedEx,1,1,25.22,2.63,0.0,27.85,shipmonk_estimate,USD
131756,6376157380918,Cattasaurus - shoproxstore - Shopify,direct_to_consumer,fulfilled,2025-01-15,2025-01-16,2025-01-15,NV3,FedEx,1,1,26.74,2.63,0.0,29.37,shipmonk_estimate,USD
131757,6376161706294,Cattasaurus - shoproxstore - Shopify,direct_to_consumer,fulfilled,2025-01-15,2025-01-16,2025-01-15,NV3,FedEx,1,1,19.93,2.63,0.0,22.56,shipmonk_estimate,USD
131758,6376168259894,Cattasaurus - shoproxstore - Shopify,direct_to_consumer,fulfilled,2025-01-15,2025-01-16,2025-01-15,PA2,DHL eCommerce,1,1,11.65,2.26,0.5,14.41,shipmonk_estimate,USD
131759,6376190935350,Cattasaurus - shoproxstore - Shopify,direct_to_consumer,fulfilled,2025-01-15,2025-01-16,2025-01-15,NV3,FedEx,1,1,19.93,2.63,0.0,22.56,shipmonk_estimate,USD
131760,6376196342070,Cattasaurus - shoproxstore - Shopify,direct_to_consumer,fulfilled,2025-01-15,2025-01-16,2025-01-15,NV3,FedEx,1,1,14.97,2.63,0.0,17.6,shipmonk_estimate,USD
131761,6376239989046,Cattasaurus - shoproxstore - Shopify,direct_to_consumer,fulfilled,2025-01-15,2025-01-16,2025-01-15,NV3,FedEx,2,1,15.19,3.0,0.0,18.19,shipmonk_estimate,USD
131762,6376254144822,Cattasaurus - shoproxstore - Shopify,direct_to_consumer,fulfilled,2025-01-15,2025-01-16,2025-01-15,NV3,UPS,1,1,21.46,2.63,0.0,24.09,shipmonk_estimate,USD
131763,6376256733494,Cattasaurus - shoproxstore - Shopify,direct_to_consumer,fulfilled,2025-01-15,2025-01-16,2025-01-15,PA2,FedEx,2,1,20.56,2.63,0.0,23.19,shipmonk_estimate,USD
131764,6376276885814,Cattasaurus - shoproxstore - Shopify,direct_to_consumer,fulfilled,2025-01-15,2025-01-16,2025-01-15,PA2,FedEx,1,1,24.8,2.26,0.0,27.06,shipmonk_estimate,USD
131765,6376277410102,Cattasaurus - shoproxstore - Shopify,direct_to_consumer,fulfilled,2025-01-15,2025-01-16,2025-01-15,PA2,FedEx,2,1,19.36,3.0,0.0,22.36,shipmonk_estimate,USD
131766,6376360182070,Cattasaurus - shoproxstore - Shopify,direct_to_consumer,fulfilled,2025-01-15,2025-01-16,2025-01-15,NV3,FedEx,1,1,14.97,2.63,0.0,17.6,shipmonk_estimate,USD
131767,6376417689910,Cattasaurus - shoproxstore - Shopify,direct_to_consumer,fulfilled,2025-01-15,2025-01-16,2025-01-15,PA2,FedEx,1,1,14.26,2.63,0.0,16.89,shipmonk_estimate,USD
131768,6376419328310,Cattasaurus - shoproxstore - Shopify,direct_to_consumer,fulfilled,2025-01-15,2025-01-17,2025-01-15,NV3,FedEx,2,2,39.86,3.0,0.0,42.86,shipmonk_estimate,USD
131769,6376455012662,Cattasaurus - shoproxstore - Shopify,direct_to_consumer,fulfilled,2025-01-15,2025-01-16,2025-01-15,NV3,FedEx,1,1,14.97,2.63,0.0,17.6,shipmonk_estimate,USD
131770,6376463499574,Cattasaurus - shoproxstore - Shopify,direct_to_consumer,fulfilled,2025-01-15,2025-01-16,2025-01-15,NV3,FedEx,1,1,17.87,2.63,0.0,20.5,shipmonk_estimate,USD
131771,6376473297206,Cattasaurus - shoproxstore - Shopify,direct_to_consumer,fulfilled,2025-01-15,2025-02-04,2025-01-15,PA2,FedEx,1,1,13.0,2.26,0.0,15.26,shipmonk_estimate,USD
131772,6376499347766,Cattasaurus - shoproxstore - Shopify,direct_to_consumer,fulfilled,2025-01-15,2025-01-16,2025-01-15,PA2,FedEx,1,1,17.84,2.26,0.0,20.1,shipmonk_estimate,USD
131774,6376509047094,Cattasaurus - shoproxstore - Shopify,direct_to_consumer,fulfilled,2025-01-15,2025-02-02,2025-01-15,PA2,FedEx,1,1,16.64,2.63,0.0,19.27,shipmonk_estimate,USD
131775,6376525496630,Cattasaurus - shoproxstore - Shopify,direct_to_consumer,fulfilled,2025-01-15,2025-02-02,2025-01-15,PA2,UPS,1,1,18.17,2.63,0.0,20.8,shipmonk_estimate,USD
131776,6376555741494,Cattasaurus - shoproxstore - Shopify,direct_to_consumer,fulfilled,2025-01-15,2025-01-16,2025-01-15,PA2,UPS,1,1,15.79,2.26,0.0,18.05,shipmonk_estimate,USD
131777,6376558526774,Cattasaurus - shoproxstore - Shopify,direct_to_consumer,fulfilled,2025-01-15,2025-02-02,2025-01-15,PA2,UPS,1,1,14.5,2.63,0.0,17.13,shipmonk_estimate,USD
131778,6376571306294,Cattasaurus - shoproxstore - Shopify,direct_to_consumer,fulfilled,2025-01-15,2025-01-17,2025-01-15,NV3,UPS,2,1,19.34,2.63,0.0,21.97,shipmonk_estimate,USD
131780,6376598372662,Cattasaurus - shoproxstore - Shopify,direct_to_consumer,fulfilled,2025-01-15,2025-02-04,2025-01-15,PA2,FedEx,1,1,16.67,2.26,0.0,18.93,shipmonk_estimate,USD
131781,6376601911606,Cattasaurus - shoproxstore - Shopify,direct_to_consumer,fulfilled,2025-01-15,2025-02-06,2025-01-15,PA2,FedEx,1,1,14.05,2.26,0.0,16.31,shipmonk_estimate,USD
131781_1,a7ecd7d6-c587-4a88-974a-65e0a85ef09b,Cattasaurus - shoproxstore - Shopify,direct_to_consumer,fulfilled,2025-01-15,2025-02-06,2025-01-15,NV3,DHL eCommerce,1,1,5.94,1.89,0.3,8.13,shipmonk_estimate,USD
131782,6376628224310,Cattasaurus - shoproxstore - Shopify,direct_to_consumer,fulfilled,2025-01-15,2025-01-17,2025-01-15,NV3,FedEx,1,1,15.19,2.63,0.0,17.82,shipmonk_estimate,USD
131783,6376645886262,Cattasaurus - shoproxstore - Shopify,direct_to_consumer,fulfilled,2025-01-15,2025-02-02,2025-01-15,PA2,FedEx,1,1,14.02,2.63,0.0,16.65,shipmonk_estimate,USD
131784,6376669839670,Cattasaurus - shoproxstore - Shopify,direct_to_consumer,fulfilled,2025-01-15,2025-01-17,2025-01-15,NV3,FedEx,1,1,14.97,2.63,0.0,17.6,shipmonk_estimate,USD
131785,6376683831606,Cattasaurus - shoproxstore - Shopify,direct_to_consumer,fulfilled,2025-01-15,2025-01-17,2025-01-15,PA2,FedEx,1,1,24.8,2.63,0.0,27.43,shipmonk_estimate,USD
131786,6376684945718,Cattasaurus - shoproxstore - Shopify,direct_to_consumer,fulfilled,2025-01-15,2025-02-02,2025-01-15,PA2,FedEx,1,1,14.02,2.63,0.0,16.65,shipmonk_estimate,USD
131787,6376686682422,Cattasaurus - shoproxstore - Shopify,direct_to_consumer,fulfilled,2025-01-15,2025-02-05,2025-01-15,PA2,FedEx,1,1,20.03,2.63,0.0,22.66,shipmonk_estimate,USD
131788,6376687075638,Cattasaurus - shoproxstore - Shopify,direct_to_consumer,fulfilled,2025-01-15,2025-01-17,2025-01-15,NV3,FedEx,1,1,14.15,2.63,0.0,16.78,shipmonk_estimate,USD
131789,6376694120758,Cattasaurus - shoproxstore - Shopify,direct_to_consumer,fulfilled,2025-01-15,2025-02-02,2025-01-15,PA2,FedEx,1,1,16.64,2.63,0.0,19.27,shipmonk_estimate,USD
131790,6376714305846,Cattasaurus - shoproxstore - Shopify,direct_to_consumer,fulfilled,2025-01-15,2025-01-17,2025-01-15,NV3,FedEx,1,1,19.93,2.63,0.0,22.56,shipmonk_estimate,USD
131791,6376744386870,Cattasaurus - shoproxstore - Shopify,direct_to_consumer,fulfilled,2025-01-15,2025-01-16,2025-01-15,PA2,FedEx,2,1,20.56,2.63,0.0,23.19,shipmonk_estimate,USD
131792,6376754184502,Cattasaurus - shoproxstore - Shopify,direct_to_consumer,fulfilled,2025-01-15,2025-01-16,2025-01-15,PA2,DHL eCommerce,1,1,10.73,2.26,0.5,13.49,shipmonk_estimate,USD
131793,6376758772022,Cattasaurus - shoproxstore - Shopify,direct_to_consumer,fulfilled,2025-01-15,2025-02-02,2025-01-15,PA2,UPS,1,1,15.55,2.63,0.0,18.18,shipmonk_estimate,USD
131794,6376762245430,Cattasaurus - shoproxstore - Shopify,direct_to_consumer,fulfilled,2025-01-15,2025-01-20,2025-01-15,NV3,FedEx,1,1,19.99,3.0,0.0,22.99,shipmonk_estimate,USD
131795,6376762769718,Cattasaurus - shoproxstore - Shopify,direct_to_consumer,fulfilled,2025-01-15,2025-02-02,2025-01-15,PA2,FedEx,1,1,16.64,2.63,0.0,19.27,shipmonk_estimate,USD
131796,6376763031862,Cattasaurus - shoproxstore - Shopify,direct_to_consumer,fulfilled,2025-01-15,2025-02-02,2025-01-15,PA2,FedEx,1,1,13.79,2.63,0.0,16.42,shipmonk_estimate,USD
131797,6376773681462,Cattasaurus - shoproxstore - Shopify,direct_to_consumer,fulfilled,2025-01-15,2025-01-17,2025-01-15,PA2,FedEx,1,1,20.56,2.63,0.0,23.19,shipmonk_estimate,USD
131798,6376792916278,Cattasaurus - shoproxstore - Shopify,direct_to_consumer,fulfilled,2025-01-15,2025-01-20,2025-01-15,PA2,FedEx,1,1,25.16,2.26,0.0,27.42,shipmonk_estimate,USD
131799,6376816607542,Cattasaurus - shoproxstore - Shopify,direct_to_consumer,fulfilled,2025-01-15,2025-02-02,2025-01-15,PA2,FedEx,1,1,18.75,2.63,0.0,21.38,shipmonk_estimate,USD
131800,6376837873974,Cattasaurus - shoproxstore - Shopify,direct_to_consumer,fulfilled,2025-01-15,2025-01-17,2025-01-15,NV3,UPS,1,1,19.34,2.63,0.0,21.97,shipmonk_estimate,USD
131802,6376900624694,Cattasaurus - shoproxstore - Shopify,direct_to_consumer,fulfilled,2025-01-15,2025-02-02,2025-01-15,PA2,FedEx,1,1,14.02,2.63,0.0,16.65,shipmonk_estimate,USD
131803,6376901607734,Cattasaurus - shoproxstore - Shopify,direct_to_consumer,fulfilled,2025-01-15,2025-01-20,2025-01-15,NV3,UPS,3,1,20.28,3.37,0.0,23.65,shipmonk_estimate,USD
131804,6376929493302,Cattasaurus - shoproxstore - Shopify,direct_to_consumer,fulfilled,2025-01-15,2025-02-05,2025-01-15,PA2,UPS,1,1,15.35,2.26,0.0,17.61,shipmonk_estimate,USD
131805,6376951284022,Cattasaurus - shoproxstore - Shopify,direct_to_consumer,fulfilled,2025-01-15,2025-01-17,2025-01-15,NV3,FedEx,1,1,25.22,2.63,0.0,27.85,shipmonk_estimate,USD
131806,6376956264758,Cattasaurus - shoproxstore - Shopify,direct_to_consumer,fulfilled,2025-01-15,2025-02-02,2025-01-15,PA2,UPS,1,1,14.5,2.63,0.0,17.13,shipmonk_estimate,USD
131807,6376970453302,Cattasaurus - shoproxstore - Shopify,direct_to_consumer,fulfilled,2025-01-15,2025-01-17,2025-01-15,NV3,FedEx,1,1,19.93,2.63,0.0,22.56,shipmonk_estimate,USD
131808,6376980611382,Cattasaurus - shoproxstore - Shopify,direct_to_consumer,fulfilled,2025-01-15,2025-01-23,2025-01-15,NV3,UPS,1,1,20.28,2.63,0.0,22.91,shipmonk_estimate,USD
131809,6377021309238,Cattasaurus - shoproxstore - Shopify,direct_to_consumer,fulfilled,2025-01-15,2025-01-17,2025-01-15,NV3,FedEx,1,1,25.22,2.63,0.0,27.85,shipmonk_estimate,USD
131810,6377058107702,Cattasaurus - shoproxstore - Shopify,direct_to_consumer,fulfilled,2025-01-15,2025-01-17,2025-01-15,NV3,UPS,1,1,21.46,2.63,0.0,24.09,shipmonk_estimate,USD
131811,6377076293942,Cattasaurus - shoproxstore - Shopify,direct_to_consumer,fulfilled,2025-01-15,2025-01-17,2025-01-15,NV3,FedEx,1,1,23.15,2.63,0.0,25.78,shipmonk_estimate,USD
131812,6377092088118,Cattasaurus - shoproxstore - Shopify,direct_to_consumer,fulfilled,2025-01-15,2025-02-02,2025-01-15,PA2,FedEx,1,1,12.49,2.63,0.0,15.12,shipmonk_estimate,USD
131813,6377112305974,Cattasaurus - shoproxstore - Shopify,direct_to_consumer,fulfilled,2025-01-15,2025-01-17,2025-01-15,NV3,UPS,1,1,21.46,2.63,0.0,24.09,shipmonk_estimate,USD
131814,6377131344182,Cattasaurus - shoproxstore - Shopify,direct_to_consumer,fulfilled,2025-01-15,2025-01-17,2025-01-15,NV3,FedEx,1,1,15.19,2.63,0.0,17.82,shipmonk_estimate,USD
131815,6377157296438,Cattasaurus - shoproxstore - Shopify,direct_to_consumer,fulfilled,2025-01-15,2025-01-17,2025-01-15,NV3,FedEx,1,1,25.22,2.63,0.0,27.85,shipmonk_estimate,USD
131816,6377205334326,Cattasaurus - shoproxstore - Shopify,direct_to_consumer,fulfilled,2025-01-15,2025-01-17,2025-01-15,NV3,FedEx,1,1,21.46,2.63,0.0,24.09,shipmonk_estimate,USD
131817,6377207693622,Cattasaurus - shoproxstore - Shopify,direct_to_consumer,fulfilled,2025-01-15,2025-01-17,2025-01-15,NV3,FedEx,1,1,14.97,2.26,0.0,17.23,shipmonk_estimate,USD
131818,6377235906870,Cattasaurus - shoproxstore - Shopify,direct_to_consumer,fulfilled,2025-01-15,2025-01-17,2025-01-15,NV3,FedEx,1,1,16.34,2.63,0.0,18.97,shipmonk_estimate,USD
131819,6377294233910,Cattasaurus - shoproxstore - Shopify,direct_to_consumer,fulfilled,2025-01-15,2025-01-17,2025-01-15,PA2,FedEx,1,1,14.26,2.63,0.0,16.89,shipmonk_estimate,USD
131820,6377310716214,Cattasaurus - shoproxstore - Shopify,direct_to_consumer,fulfilled,2025-01-15,2025-01-17,2025-01-15,NV3,FedEx,1,1,15.19,2.63,0.0,17.82,shipmonk_estimate,USD
131821,6377367961910,Cattasaurus - shoproxstore - Shopify,direct_to_consumer,fulfilled,2025-01-15,2025-01-17,2025-01-15,NV3,FedEx,1,1,23.15,2.63,0.0,25.78,shipmonk_estimate,USD
131822,6377445261622,Cattasaurus - shoproxstore - Shopify,direct_to_consumer,fulfilled,2025-01-15,2025-01-20,2025-01-15,NV3,DHL eCommerce,2,1,16.0,2.26,1.5,19.76,shipmonk_estimate,USD
131822_1,d16a5676-7a05-4e3a-9d65-646f7ebd3e70,Cattasaurus - shoproxstore - Shopify,direct_to_consumer,fulfilled,2025-01-15,2025-01-17,2025-01-15,PA2,FedEx,1,1,17.87,2.26,0.0,20.13,shipmonk_estimate,USD
131823,6377445425462,Cattasaurus - shoproxstore - Shopify,direct_to_consumer,fulfilled,2025-01-15,2025-01-17,2025-01-15,NV3,FedEx,1,1,23.15,2.63,0.0,25.78,shipmonk_estimate,USD
131824,6377485500726,Cattasaurus - shoproxstore - Shopify,direct_to_consumer,fulfilled,2025-01-15,2025-01-17,2025-01-15,NV3,FedEx,1,1,24.68,2.63,0.0,27.31,shipmonk_estimate,USD
131825,6377501557046,Cattasaurus - shoproxstore - Shopify,direct_to_consumer,fulfilled,2025-01-15,2025-01-17,2025-01-15,NV3,FedEx,1,1,25.22,2.63,0.0,27.85,shipmonk_estimate,USD
131826,6377501753654,Cattasaurus - shoproxstore - Shopify,direct_to_consumer,fulfilled,2025-01-15,2025-01-17,2025-01-15,NV3,FedEx,1,1,26.74,2.63,0.0,29.37,shipmonk_estimate,USD
131827,6377537962294,Cattasaurus - shoproxstore - Shopify,direct_to_consumer,fulfilled,2025-01-15,2025-01-17,2025-01-15,NV3,UPS,1,1,24.68,2.63,0.0,27.31,shipmonk_estimate,USD
131828,6377569026358,Cattasaurus - shoproxstore - Shopify,direct_to_consumer,fulfilled,2025-01-15,2025-01-17,2025-01-15,NV3,FedEx,1,1,23.15,2.63,0.0,25.78,shipmonk_estimate,USD
131829,6377576595766,Cattasaurus - shoproxstore - Shopify,direct_to_consumer,fulfilled,2025-01-15,2025-01-20,2025-01-15,NV3,FedEx,2,1,33.9,3.37,0.0,37.27,shipmonk_estimate,USD
131830,6377585541430,Cattasaurus - shoproxstore - Shopify,direct_to_consumer,fulfilled,2025-01-15,2025-01-17,2025-01-15,NV3,FedEx,1,1,25.22,2.63,0.0,27.85,shipmonk_estimate,USD
131831,6377604677942,Cattasaurus - shoproxstore - Shopify,direct_to_consumer,fulfilled,2025-01-15,2025-01-17,2025-01-15,PA2,FedEx,1,1,16.34,2.63,0.0,18.97,shipmonk_estimate,USD
131832,6377616376118,Cattasaurus - shoproxstore - Shopify,direct_to_consumer,fulfilled,2025-01-15,2025-01-17,2025-01-15,NV3,FedEx,1,1,23.15,2.63,0.0,25.78,shipmonk_estimate,USD
131833,6377631908150,Cattasaurus - shoproxstore - Shopify,direct_to_consumer,fulfilled,2025-01-15,2025-01-17,2025-01-15,NV3,FedEx,1,1,26.74,2.63,0.0,29.37,shipmonk_estimate,USD
131834,6377645769014,Cattasaurus - shoproxstore - Shopify,direct_to_consumer,fulfilled,2025-01-15,2025-01-17,2025-01-15,NV3,FedEx,1,1,25.22,2.63,0.0,27.85,shipmonk_estimate,USD
131835,6377655533878,Cattasaurus - shoproxstore - Shopify,direct_to_consumer,fulfilled,2025-01-15,2025-01-17,2025-01-15,NV3,FedEx,1,1,15.19,2.63,0.0,17.82,shipmonk_estimate,USD
131836,6377700557110,Cattasaurus - shoproxstore - Shopify,direct_to_consumer,fulfilled,2025-01-15,2025-01-17,2025-01-15,NV3,UPS,1,1,16.72,2.63,0.0,19.35,shipmonk_estimate,USD
131837,6377744433462,Cattasaurus - shoproxstore - Shopify,direct_to_consumer,fulfilled,2025-01-15,2025-01-17,2025-01-15,NV3,FedEx,1,1,26.74,2.63,0.0,29.37,shipmonk_estimate,USD
131838,6377746628918,Cattasaurus - shoproxstore - Shopify,direct_to_consumer,fulfilled,2025-01-15,2025-01-17,2025-01-15,PA2,UPS,1,1,15.79,2.63,0.0,18.42,shipmonk_estimate,USD
131840,6377829531958,Cattasaurus - shoproxstore - Shopify,direct_to_consumer,fulfilled,2025-01-15,2025-01-17,2025-01-15,NV3,FedEx,1,1,16.34,2.63,0.0,18.97,shipmonk_estimate,USD
131841,6377857548598,Cattasaurus - shoproxstore - Shopify,direct_to_consumer,fulfilled,2025-01-15,2025-01-17,2025-01-15,NV3,FedEx,1,1,24.68,2.63,0.0,27.31,shipmonk_estimate,USD
131842,6377897460022,Cattasaurus - shoproxstore - Shopify,direct_to_consumer,fulfilled,2025-01-15,2025-01-17,2025-01-15,PA2,FedEx,1,1,24.8,2.63,0.0,27.43,shipmonk_estimate,USD
131843,6377936683318,Cattasaurus - shoproxstore - Shopify,direct_to_consumer,fulfilled,2025-01-15,2025-01-17,2025-01-15,NV3,FedEx,1,1,25.22,2.63,0.0,27.85,shipmonk_estimate,USD
131844,6377951756598,Cattasaurus - shoproxstore - Shopify,direct_to_consumer,fulfilled,2025-01-15,2025-01-17,2025-01-15,NV3,FedEx,1,1,23.15,2.63,0.0,25.78,shipmonk_estimate,USD
131845,6377966698806,Cattasaurus - shoproxstore - Shopify,direct_to_consumer,fulfilled,2025-01-15,2025-01-17,2025-01-15,NV3,FedEx,1,1,23.15,2.63,0.0,25.78,shipmonk_estimate,USD
131846,6378058711350,Cattasaurus - shoproxstore - Shopify,direct_to_consumer,fulfilled,2025-01-15,2025-01-17,2025-01-15,NV3,FedEx,1,1,17.84,2.63,0.0,20.47,shipmonk_estimate,USD
131847,6378313318710,Cattasaurus - shoproxstore - Shopify,direct_to_consumer,fulfilled,2025-01-15,2025-01-17,2025-01-15,NV3,FedEx,2,1,16.34,3.0,0.0,19.34,shipmonk_estimate,USD
131848,6378527654198,Cattasaurus - shoproxstore - Shopify,direct_to_consumer,fulfilled,2025-01-15,2025-01-17,2025-01-15,NV3,FedEx,1,1,19.93,2.26,0.0,22.19,shipmonk_estimate,USD
131849,6378540728630,Cattasaurus - shoproxstore - Shopify,direct_to_consumer,fulfilled,2025-01-15,2025-01-17,2025-01-15,NV3,FedEx,1,1,23.15,2.63,0.0,25.78,shipmonk_estimate,USD
131850,6378543448374,Cattasaurus - shoproxstore - Shopify,direct_to_consumer,fulfilled,2025-01-15,2025-02-06,2025-01-15,PA2,FedEx,1,1,13.82,2.26,0.0,16.08,shipmonk_estimate,USD
131850_1,a99387c7-aa51-474f-a3be-e9355dac5e0b,Cattasaurus - shoproxstore - Shopify,direct_to_consumer,fulfilled,2025-01-15,2025-02-06,2025-01-15,NV3,DHL eCommerce,1,1,6.21,1.89,0.3,8.4,shipmonk_estimate,USD
129697,6332758851894,Cattasaurus - shoproxstore - Shopify,direct_to_consumer,fulfilled,2024-12-29,2025-01-16,,NV3,UPS,1,1,16.72,2.63,0.0,19.35,shipmonk_estimate,USD
111-2187804-7281848,111-2187804-7281848,Cattasaurus - Amazon USA,direct_to_consumer,fulfilled,2025-01-16,2025-01-16,2025-01-16,PA2,FedEx,1,1,14.26,2.26,0.0,16.52,shipmonk_estimate,USD
111-4739624-5425841,111-4739624-5425841,Cattasaurus - Amazon USA,direct_to_consumer,fulfilled,2025-01-16,2025-01-17,2025-01-16,NV3,DHL eCommerce,1,1,4.94,1.89,0.3,7.13,shipmonk_estimate,USD
112-7064058-3701023,112-7064058-3701023,Cattasaurus - Amazon USA,direct_to_consumer,fulfilled,2025-01-16,2025-01-16,2025-01-16,PA2,DHL eCommerce,1,1,4.52,1.89,0.3,6.71,shipmonk_estimate,USD
115735-01,fd54e346-55d1-45c0-95a1-3910f846e3f7,Cattasaurus - shoproxstore - Shopify,direct_to_consumer,fulfilled,2025-01-16,2025-01-17,2025-01-16,PA2,UPS,1,1,15.03,2.26,0.0,17.29,shipmonk_estimate,USD
125545-01,771ae160-694d-495e-916e-8fa0f7b30c50,Cattasaurus - shoproxstore - Shopify,direct_to_consumer,fulfilled,2025-01-16,2025-01-17,2025-01-16,NV3,FedEx,1,1,16.14,2.26,0.0,18.4,shipmonk_estimate,USD
131852,6378934993206,Cattasaurus - shoproxstore - Shopify,direct_to_consumer,fulfilled,2025-01-16,2025-01-17,2025-01-16,NV3,FedEx,1,1,23.15,2.63,0.0,25.78,shipmonk_estimate,USD
131853,6378936140086,Cattasaurus - shoproxstore - Shopify,direct_to_consumer,fulfilled,2025-01-16,2025-01-17,2025-01-16,PA2,FedEx,1,1,20.56,2.63,0.0,23.19,shipmonk_estimate,USD
131854,6379085168950,Cattasaurus - shoproxstore - Shopify,direct_to_consumer,fulfilled,2025-01-16,2025-01-17,2025-01-16,PA2,FedEx,1,1,16.34,2.63,0.0,18.97,shipmonk_estimate,USD
131855,6379096047926,Cattasaurus - shoproxstore - Shopify,direct_to_consumer,fulfilled,2025-01-16,2025-01-17,2025-01-16,NV3,FedEx,1,1,24.68,2.63,0.0,27.31,shipmonk_estimate,USD
131856,6379104796982,Cattasaurus - shoproxstore - Shopify,direct_to_consumer,fulfilled,2025-01-16,2025-01-17,2025-01-16,PA2,FedEx,1,1,14.26,2.26,0.0,16.52,shipmonk_estimate,USD
131857,6379179999542,Cattasaurus - shoproxstore - Shopify,direct_to_consumer,fulfilled,2025-01-16,2025-01-17,2025-01-16,NV3,FedEx,1,1,26.74,2.63,0.0,29.37,shipmonk_estimate,USD
131858,6379222565174,Cattasaurus - shoproxstore - Shopify,direct_to_consumer,fulfilled,2025-01-16,2025-01-17,2025-01-16,NV3,FedEx,1,1,17.81,2.63,0.0,20.44,shipmonk_estimate,USD
131859,6379239342390,Cattasaurus - shoproxstore - Shopify,direct_to_consumer,fulfilled,2025-01-16,2025-01-17,2025-01-16,PA2,FedEx,1,1,17.84,2.63,0.0,20.47,shipmonk_estimate,USD
131860,6379317002550,Cattasaurus - shoproxstore - Shopify,direct_to_consumer,fulfilled,2025-01-16,2025-02-02,2025-01-16,PA2,FedEx,1,1,16.64,2.63,0.0,19.27,shipmonk_estimate,USD
131861,6379317231926,Cattasaurus - shoproxstore - Shopify,direct_to_consumer,fulfilled,2025-01-16,2025-01-17,2025-01-16,NV3,FedEx,1,1,19.93,2.63,0.0,22.56,shipmonk_estimate,USD
131862,6379330404662,Cattasaurus - shoproxstore - Shopify,direct_to_consumer,fulfilled,2025-01-16,2025-02-06,2025-01-16,PA2,UPS,2,1,15.35,3.0,0.0,18.35,shipmonk_estimate,USD
131862_1,538376ea-5a62-4456-9f1e-444f1a4f723e,Cattasaurus - shoproxstore - Shopify,direct_to_consumer,fulfilled,2025-01-16,2025-02-06,2025-01-16,NV3,DHL eCommerce,1,1,6.21,1.89,0.3,8.4,shipmonk_estimate,USD
131863,6379354718518,Cattasaurus - shoproxstore - Shopify,direct_to_consumer,fulfilled,2025-01-16,2025-01-17,2025-01-16,PA2,FedEx,1,1,19.36,2.26,0.0,21.62,shipmonk_estimate,USD
131864,6379366220086,Cattasaurus - shoproxstore - Shopify,direct_to_consumer,fulfilled,2025-01-16,2025-01-17,2025-01-16,PA2,UPS,1,1,17.87,2.63,0.0,20.5,shipmonk_estimate,USD
131865,6379381227830,Cattasaurus - shoproxstore - Shopify,direct_to_consumer,fulfilled,2025-01-16,2025-01-17,2025-01-16,PA2,FedEx,1,1,16.34,2.63,0.0,18.97,shipmonk_estimate,USD
131866,6379421434166,Cattasaurus - shoproxstore - Shopify,direct_to_consumer,fulfilled,2025-01-16,2025-02-04,2025-01-16,PA2,UPS,1,1,18.2,2.26,0.0,20.46,shipmonk_estimate,USD
131867,6379423236406,Cattasaurus - shoproxstore - Shopify,direct_to_consumer,fulfilled,2025-01-16,2025-01-17,2025-01-16,PA2,FedEx,1,1,14.26,2.26,0.0,16.52,shipmonk_estimate,USD
131868,6379472650550,Cattasaurus - shoproxstore - Shopify,direct_to_consumer,fulfilled,2025-01-16,2025-01-17,2025-01-16,PA2,FedEx,1,1,17.84,2.63,0.0,20.47,shipmonk_estimate,USD
131868_1,98be9220-d660-4585-a7a7-cc4e4e5ea8fe,Cattasaurus - shoproxstore - Shopify,direct_to_consumer,fulfilled,2025-01-16,2025-01-20,2025-01-16,NV3,DHL eCommerce,2,1,14.55,2.26,1.5,18.31,shipmonk_estimate,USD
131869,6379478548790,Cattasaurus - shoproxstore - Shopify,direct_to_consumer,fulfilled,2025-01-16,2025-02-02,2025-01-16,PA2,FedEx,1,1,13.79,2.63,0.0,16.42,shipmonk_estimate,USD
131870,6379478778166,Cattasaurus - shoproxstore - Shopify,direct_to_consumer,fulfilled,2025-01-16,2025-01-17,2025-01-16,NV3,FedEx,2,1,19.93,3.0,0.0,22.93,shipmonk_estimate,USD
131871,6379479728438,Cattasaurus - shoproxstore - Shopify,direct_to_consumer,fulfilled,2025-01-16,2025-01-20,2025-01-16,NV3,FedEx,1,1,18.75,2.63,0.0,21.38,shipmonk_estimate,USD
131872,6379501027638,Cattasaurus - shoproxstore - Shopify,direct_to_consumer,fulfilled,2025-01-16,2025-02-04,2025-01-16,PA2,UPS,2,1,18.2,2.63,0.0,20.83,shipmonk_estimate,USD
131873,6379566661942,Cattasaurus - shoproxstore - Shopify,direct_to_consumer,fulfilled,2025-01-16,2025-01-17,2025-01-16,PA2,FedEx,2,1,17.84,3.0,0.0,20.84,shipmonk_estimate,USD
131874,6379571020086,Cattasaurus - shoproxstore - Shopify,direct_to_consumer,fulfilled,2025-01-16,2025-01-17,2025-01-16,PA2,FedEx,1,1,19.36,1.89,0.0,21.25,shipmonk_estimate,USD
131875,6379604181302,Cattasaurus - shoproxstore - Shopify,direct_to_consumer,fulfilled,2025-01-16,2025-02-02,2025-01-16,PA2,FedEx,1,1,12.97,2.63,0.0,15.6,shipmonk_estimate,USD
131876,6379612504374,Cattasaurus - shoproxstore - Shopify,direct_to_consumer,fulfilled,2025-01-16,2025-01-17,2025-01-16,PA2,FedEx,1,1,14.26,2.63,0.0,16.89,shipmonk_estimate,USD
131877,6379628921142,Cattasaurus - shoproxstore - Shopify,direct_to_consumer,fulfilled,2025-01-16,2025-01-17,2025-01-16,PA2,FedEx,2,1,24.8,2.63,0.0,27.43,shipmonk_estimate,USD
131879,6379657232694,Cattasaurus - shoproxstore - Shopify,direct_to_consumer,fulfilled,2025-01-16,2025-01-17,2025-01-16,PA2,FedEx,1,1,16.34,2.26,0.0,18.6,shipmonk_estimate,USD
131880,6379662344502,Cattasaurus - shoproxstore - Shopify,direct_to_consumer,fulfilled,2025-01-16,2025-02-02,2025-01-16,PA2,UPS,1,1,15.32,2.63,0.0,17.95,shipmonk_estimate,USD
131881,6379663917366,Cattasaurus - shoproxstore - Shopify,direct_to_consumer,fulfilled,2025-01-16,2025-02-02,2025-01-16,PA2,FedEx,1,1,18.17,2.63,0.0,20.8,shipmonk_estimate,USD
131883,6379702452534,Cattasaurus - shoproxstore - Shopify,direct_to_consumer,fulfilled,2025-01-16,2025-01-20,2025-01-16,NV3,FedEx,1,1,18.19,2.63,0.0,20.82,shipmonk_estimate,USD
131884,6379706614070,Cattasaurus - shoproxstore - Shopify,direct_to_consumer,fulfilled,2025-01-16,2025-01-20,2025-01-16,NV3,FedEx,1,1,15.17,2.63,0.0,17.8,shipmonk_estimate,USD
131885,6379731878198,Cattasaurus - shoproxstore - Shopify,direct_to_consumer,fulfilled,2025-01-16,2025-01-19,2025-01-16,PA2,FedEx,1,1,16.7,2.63,0.0,19.33,shipmonk_estimate,USD
131886,6379733090614,Cattasaurus - shoproxstore - Shopify,direct_to_consumer,fulfilled,2025-01-16,2025-01-20,2025-01-16,NV3,FedEx,1,1,14.02,2.63,0.0,16.65,shipmonk_estimate,USD
131888,6379787059510,Cattasaurus - shoproxstore - Shopify,direct_to_consumer,fulfilled,2025-01-16,2025-02-02,2025-01-16,PA2,FedEx,1,1,12.97,2.63,0.0,15.6,shipmonk_estimate,USD
131889,6379802951990,Cattasaurus - shoproxstore - Shopify,direct_to_consumer,fulfilled,2025-01-16,2025-01-19,2025-01-16,PA2,FedEx,1,1,20.56,2.26,0.0,22.82,shipmonk_estimate,USD
131890,6379813732662,Cattasaurus - shoproxstore - Shopify,direct_to_consumer,fulfilled,2025-01-16,2025-02-02,2025-01-16,PA2,FedEx,1,1,18.75,2.63,0.0,21.38,shipmonk_estimate,USD
131891,6379823006006,Cattasaurus - shoproxstore - Shopify,direct_to_consumer,fulfilled,2025-01-16,2025-02-02,2025-01-16,PA2,FedEx,1,1,12.97,2.63,0.0,15.6,shipmonk_estimate,USD
131893,6379898405174,Cattasaurus - shoproxstore - Shopify,direct_to_consumer,fulfilled,2025-01-16,2025-01-20,2025-01-16,NV3,FedEx,3,1,18.75,3.0,0.0,21.75,shipmonk_estimate,USD
131895,6380015059254,Cattasaurus - shoproxstore - Shopify,direct_to_consumer,fulfilled,2025-01-16,2025-01-20,2025-01-16,NV3,FedEx,1,1,16.64,2.63,0.0,19.27,shipmonk_estimate,USD
131896,6380046221622,Cattasaurus - shoproxstore - Shopify,direct_to_consumer,fulfilled,2025-01-16,2025-02-02,2025-01-16,PA2,UPS,1,1,18.17,2.63,0.0,20.8,shipmonk_estimate,USD
131897,6380072698166,Cattasaurus - shoproxstore - Shopify,direct_to_consumer,fulfilled,2025-01-16,2025-02-02,2025-01-16,PA2,FedEx,1,1,16.64,2.63,0.0,19.27,shipmonk_estimate,USD
131898,6380096127286,Cattasaurus - shoproxstore - Shopify,direct_to_consumer,fulfilled,2025-01-16,2025-01-19,2025-01-16,PA2,FedEx,1,1,23.63,2.63,0.0,26.26,shipmonk_estimate,USD
131900,6380123914550,Cattasaurus - shoproxstore - Shopify,direct_to_consumer,fulfilled,2025-01-16,2025-02-05,2025-01-16,PA2,UPS,1,1,20.32,2.63,0.0,22.95,shipmonk_estimate,USD
131901,6380141543734,Cattasaurus - shoproxstore - Shopify,direct_to_consumer,fulfilled,2025-01-16,2025-02-02,2025-01-16,PA2,FedEx,1,1,18.75,2.63,0.0,21.38,shipmonk_estimate,USD
131902,6380159041846,Cattasaurus - shoproxstore - Shopify,direct_to_consumer,fulfilled,2025-01-16,2025-02-02,2025-01-16,PA2,FedEx,1,1,16.64,2.63,0.0,19.27,shipmonk_estimate,USD
131903,6380181979446,Cattasaurus - shoproxstore - Shopify,direct_to_consumer,fulfilled,2025-01-16,2025-02-04,2025-01-16,PA2,UPS,1,1,18.2,2.26,0.0,20.46,shipmonk_estimate,USD
131904,6380187484470,Cattasaurus - shoproxstore - Shopify,direct_to_consumer,fulfilled,2025-01-16,2025-01-20,2025-01-16,NV3,FedEx,1,1,15.17,2.63,0.0,17.8,shipmonk_estimate,USD
131905,6380190794038,Cattasaurus - shoproxstore - Shopify,direct_to_consumer,fulfilled,2025-01-16,2025-01-20,2025-01-16,NV3,FedEx,1,1,18.75,2.63,0.0,21.38,shipmonk_estimate,USD
131906,6380200460598,Cattasaurus - shoproxstore - Shopify,direct_to_consumer,fulfilled,2025-01-16,2025-02-02,2025-01-16,PA2,FedEx,1,1,16.64,2.63,0.0,19.27,shipmonk_estimate,USD
131907,6380206293302,Cattasaurus - shoproxstore - Shopify,direct_to_consumer,fulfilled,2025-01-16,2025-01-20,2025-01-16,NV3,FedEx,1,1,18.75,2.63,0.0,21.38,shipmonk_estimate,USD
131908,6380216090934,Cattasaurus - shoproxstore - Shopify,direct_to_consumer,fulfilled,2025-01-16,2025-01-19,2025-01-16,PA2,FedEx,1,1,15.17,2.26,0.0,17.43,shipmonk_estimate,USD
131909,6380228411702,Cattasaurus - shoproxstore - Shopify,direct_to_consumer,fulfilled,2025-01-16,2025-01-19,2025-01-16,PA2,FedEx,1,1,16.7,2.63,0.0,19.33,shipmonk_estimate,USD
131910,6380255772982,Cattasaurus - shoproxstore - Shopify,direct_to_consumer,fulfilled,2025-01-16,2025-02-03,2025-01-16,PA2,FedEx,2,1,16.64,2.63,0.0,19.27,shipmonk_estimate,USD
131911,6380268388662,Cattasaurus - shoproxstore - Shopify,direct_to_consumer,fulfilled,2025-01-16,2025-01-19,2025-01-16,PA2,FedEx,1,1,23.63,2.26,0.0,25.89,shipmonk_estimate,USD
131912,6380305121590,Cattasaurus - shoproxstore - Shopify,direct_to_consumer,fulfilled,2025-01-16,2025-02-02,2025-01-16,PA2,FedEx,2,1,22.37,3.0,0.0,25.37,shipmonk_estimate,USD
131913,6380308169014,Cattasaurus - shoproxstore - Shopify,direct_to_consumer,fulfilled,2025-01-16,2025-02-02,2025-01-16,PA2,FedEx,1,1,16.64,2.63,0.0,19.27,shipmonk_estimate,USD
131915,6380374163766,Cattasaurus - shoproxstore - Shopify,direct_to_consumer,fulfilled,2025-01-16,2025-01-20,2025-01-16,NV3,FedEx,1,1,16.64,2.63,0.0,19.27,shipmonk_estimate,USD
131916,6380380553526,Cattasaurus - shoproxstore - Shopify,direct_to_consumer,fulfilled,2025-01-16,2025-01-19,2025-01-16,PA2,FedEx,1,1,16.66,2.26,0.0,18.92,shipmonk_estimate,USD
131917,6380415254838,Cattasaurus - shoproxstore - Shopify,direct_to_consumer,fulfilled,2025-01-16,2025-02-02,2025-01-16,PA2,UPS,1,1,15.55,2.63,0.0,18.18,shipmonk_estimate,USD
131918,6380417581366,Cattasaurus - shoproxstore - Shopify,direct_to_consumer,fulfilled,2025-01-16,2025-01-20,2025-01-16,NV3,FedEx,1,1,16.64,2.63,0.0,19.27,shipmonk_estimate,USD
131919,6380435996982,Cattasaurus - shoproxstore - Shopify,direct_to_consumer,fulfilled,2025-01-16,2025-01-20,2025-01-16,NV3,UPS,1,1,15.55,2.63,0.0,18.18,shipmonk_estimate,USD
131920,6380453986614,Cattasaurus - shoproxstore - Shopify,direct_to_consumer,fulfilled,2025-01-16,2025-01-20,2025-01-16,NV3,FedEx,1,1,18.75,2.63,0.0,21.38,shipmonk_estimate,USD
131921,6380473909558,Cattasaurus - shoproxstore - Shopify,direct_to_consumer,fulfilled,2025-01-16,2025-02-02,2025-01-16,PA2,FedEx,1,1,14.02,2.63,0.0,16.65,shipmonk_estimate,USD
131922,6380491473206,Cattasaurus - shoproxstore - Shopify,direct_to_consumer,fulfilled,2025-01-16,2025-01-20,2025-01-16,NV3,UPS,1,1,15.55,2.63,0.0,18.18,shipmonk_estimate,USD
131923,6380492194102,Cattasaurus - shoproxstore - Shopify,direct_to_consumer,fulfilled,2025-01-16,2025-01-20,2025-01-16,NV3,FedEx,1,1,19.39,2.63,0.0,22.02,shipmonk_estimate,USD
131924,6380517785910,Cattasaurus - shoproxstore - Shopify,direct_to_consumer,fulfilled,2025-01-16,2025-01-19,2025-01-16,PA2,FedEx,1,1,16.66,2.26,0.0,18.92,shipmonk_estimate,USD
131925,6380549636406,Cattasaurus - shoproxstore - Shopify,direct_to_consumer,fulfilled,2025-01-16,2025-02-06,2025-01-16,PA2,USPS,2,1,25.75,3.37,0.0,29.12,shipmonk_estimate,USD
131926,6380565233974,Cattasaurus - shoproxstore - Shopify,direct_to_consumer,fulfilled,2025-01-16,2025-02-02,2025-01-16,PA2,UPS,1,1,15.32,2.63,0.0,17.95,shipmonk_estimate,USD
131927,6380572803382,Cattasaurus - shoproxstore - Shopify,direct_to_consumer,fulfilled,2025-01-16,2025-01-19,2025-01-16,PA2,FedEx,1,1,18.19,2.63,0.0,20.82,shipmonk_estimate,USD
131928,6380600197430,Cattasaurus - shoproxstore - Shopify,direct_to_consumer,fulfilled,2025-01-16,2025-02-02,2025-01-16,PA2,FedEx,1,1,14.02,2.63,0.0,16.65,shipmonk_estimate,USD
131929,6380646891830,Cattasaurus - shoproxstore - Shopify,direct_to_consumer,fulfilled,2025-01-16,2025-01-20,2025-01-16,NV3,USPS,1,1,16.59,2.26,0.0,18.85,shipmonk_estimate,USD
131930,6380688015670,Cattasaurus - shoproxstore - Shopify,direct_to_consumer,fulfilled,2025-01-16,2025-01-20,2025-01-16,NV3,FedEx,1,1,15.17,2.63,0.0,17.8,shipmonk_estimate,USD
110641-01,559dc437-f222-498a-81e4-466a58c8b6fc,Cattasaurus - shoproxstore - Shopify,direct_to_consumer,fulfilled,2025-01-17,2025-01-20,2025-01-17,NV3,FedEx,1,1,18.75,2.26,0.0,21.01,shipmonk_estimate,USD
111-2826723-9245826,111-2826723-9245826,Cattasaurus - Amazon USA,direct_to_consumer,fulfilled,2025-01-17,2025-01-19,2025-01-17,PA2,FedEx,1,1,14.26,2.26,0.0,16.52,shipmonk_estimate,USD
125327-01,3530ea54-323a-4700-81aa-81f38b64225b,Cattasaurus - shoproxstore - Shopify,direct_to_consumer,fulfilled,2025-01-17,2025-01-17,2025-01-17,PA2,FedEx,1,1,17.84,1.89,0.0,19.73,shipmonk_estimate,USD
126235-01,d2a35b5f-ac2b-46a7-9241-9f0a1c9fb2e9,Cattasaurus - shoproxstore - Shopify,direct_to_consumer,fulfilled,2025-01-17,2025-01-17,2025-01-17,PA2,FedEx,1,1,17.81,2.63,0.0,20.44,shipmonk_estimate,USD
126237-01,0778d503-3e15-4fd5-8ab5-82ba9df804f3,Cattasaurus - shoproxstore - Shopify,direct_to_consumer,fulfilled,2025-01-17,2025-02-04,2025-01-17,PA2,FedEx,1,1,13.0,2.26,0.0,15.26,shipmonk_estimate,USD
127343-01-01,123facda-9e89-4f8a-b21b-73e3975d46e6,Cattasaurus - shoproxstore - Shopify,direct_to_consumer,fulfilled,2025-01-17,2025-01-17,2025-01-17,PA2,FedEx,1,1,14.26,1.89,0.0,16.15,shipmonk_estimate,USD
131931,6380886458678,Cattasaurus - shoproxstore - Shopify,direct_to_consumer,fulfilled,2025-01-17,2025-01-19,2025-01-17,PA2,FedEx,1,1,16.66,2.26,0.0,18.92,shipmonk_estimate,USD
131932,6380897993014,Cattasaurus - shoproxstore - Shopify,direct_to_consumer,fulfilled,2025-01-17,2025-01-19,2025-01-17,PA2,FedEx,1,1,19.39,2.63,0.0,22.02,shipmonk_estimate,USD
131933,6380914508086,Cattasaurus - shoproxstore - Shopify,direct_to_consumer,fulfilled,2025-01-17,2025-02-02,2025-01-17,PA2,UPS,1,1,15.55,2.63,0.0,18.18,shipmonk_estimate,USD
131934,6380916179254,Cattasaurus - shoproxstore - Shopify,direct_to_consumer,fulfilled,2025-01-17,2025-01-19,2025-01-17,PA2,FedEx,1,1,27.04,2.63,0.0,29.67,shipmonk_estimate,USD
131935,6380917260598,Cattasaurus - shoproxstore - Shopify,direct_to_consumer,fulfilled,2025-01-17,2025-02-03,2025-01-17,PA2,UPS,2,1,15.35,2.63,0.0,17.98,shipmonk_estimate,USD
131936,6380919619894,Cattasaurus - shoproxstore - Shopify,direct_to_consumer,fulfilled,2025-01-17,2025-01-19,2025-01-17,PA2,FedEx,2,1,0.0,3.0,0.0,3.0,shipmonk_estimate,USD
131937,6380924436790,Cattasaurus - shoproxstore - Shopify,direct_to_consumer,fulfilled,2025-01-17,2025-02-02,2025-01-17,PA2,FedEx,1,1,14.02,2.26,0.0,16.28,shipmonk_estimate,USD
131938,6380930367798,Cattasaurus - shoproxstore - Shopify,direct_to_consumer,fulfilled,2025-01-17,2025-02-04,2025-01-17,PA2,UPS,2,1,15.58,2.63,0.0,18.21,shipmonk_estimate,USD
131939,6380939673910,Cattasaurus - shoproxstore - Shopify,direct_to_consumer,fulfilled,2025-01-17,2025-02-02,2025-01-17,PA2,FedEx,1,1,12.97,2.26,0.0,15.23,shipmonk_estimate,USD
131940,6381027262774,Cattasaurus - shoproxstore - Shopify,direct_to_consumer,fulfilled,2025-01-17,2025-01-20,2025-01-17,NV3,FedEx,1,1,16.64,2.63,0.0,19.27,shipmonk_estimate,USD
131941,6381027688758,Cattasaurus - shoproxstore - Shopify,direct_to_consumer,fulfilled,2025-01-17,2025-02-02,2025-01-17,PA2,UPS,1,1,18.17,2.26,0.0,20.43,shipmonk_estimate,USD
131942,6381056753974,Cattasaurus - shoproxstore - Shopify,direct_to_consumer,fulfilled,2025-01-17,2025-02-02,2025-01-17,PA2,UPS,2,1,17.54,3.0,0.0,20.54,shipmonk_estimate,USD
131943,6381069893942,Cattasaurus - shoproxstore - Shopify,direct_to_consumer,fulfilled,2025-01-17,2025-01-20,2025-01-17,NV3,FedEx,1,1,13.79,2.63,0.0,16.42,shipmonk_estimate,USD
131944,6381091029302,Cattasaurus - shoproxstore - Shopify,direct_to_consumer,fulfilled,2025-01-17,2025-02-02,2025-01-17,PA2,FedEx,1,1,16.64,2.26,0.0,18.9,shipmonk_estimate,USD
131945,6381104529718,Cattasaurus - shoproxstore - Shopify,direct_to_consumer,fulfilled,2025-01-17,2025-01-20,2025-01-17,NV3,FedEx,1,1,15.11,2.63,0.0,17.74,shipmonk_estimate,USD
131946,6381124813110,Cattasaurus - shoproxstore - Shopify,direct_to_consumer,fulfilled,2025-01-17,2025-01-19,2025-01-17,PA2,FedEx,1,1,13.09,2.26,0.0,15.35,shipmonk_estimate,USD
131947,6381147029814,Cattasaurus - shoproxstore - Shopify,direct_to_consumer,fulfilled,2025-01-17,2025-01-19,2025-01-17,PA2,FedEx,2,1,16.66,2.63,0.0,19.29,shipmonk_estimate,USD
131948,6381159383350,Cattasaurus - shoproxstore - Shopify,direct_to_consumer,fulfilled,2025-01-17,2025-01-20,2025-01-17,NV3,FedEx,2,1,16.02,3.37,0.0,19.39,shipmonk_estimate,USD
131950,6381179797814,Cattasaurus - shoproxstore - Shopify,direct_to_consumer,fulfilled,2025-01-17,2025-01-19,2025-01-17,PA2,FedEx,2,1,27.6,3.37,0.0,30.97,shipmonk_estimate,USD
131951,6381189529910,Cattasaurus - shoproxstore - Shopify,direct_to_consumer,fulfilled,2025-01-17,2025-01-19,2025-01-17,PA2,FedEx,2,1,23.63,3.0,0.0,26.63,shipmonk_estimate,USD
131952,6381196837174,Cattasaurus - shoproxstore - Shopify,direct_to_consumer,fulfilled,2025-01-17,2025-01-19,2025-01-17,PA2,FedEx,1,1,15.17,2.63,0.0,17.8,shipmonk_estimate,USD
131953,6381200015670,Cattasaurus - shoproxstore - Shopify,direct_to_consumer,fulfilled,2025-01-17,2025-01-20,2025-01-17,NV3,FedEx,1,1,13.79,2.63,0.0,16.42,shipmonk_estimate,USD
131954,6381203783990,Cattasaurus - shoproxstore - Shopify,direct_to_consumer,fulfilled,2025-01-17,2025-02-02,2025-01-17,PA2,UPS,2,1,14.5,3.0,0.0,17.5,shipmonk_estimate,USD
131955,6381204537654,Cattasaurus - shoproxstore - Shopify,direct_to_consumer,fulfilled,2025-01-17,2025-02-04,2025-01-17,PA2,FedEx,2,1,13.0,2.26,0.0,15.26,shipmonk_estimate,USD
131956,6381214597430,Cattasaurus - shoproxstore - Shopify,direct_to_consumer,fulfilled,2025-01-17,2025-01-19,2025-01-17,PA2,FedEx,1,1,13.09,2.63,0.0,15.72,shipmonk_estimate,USD
131957,6381221478710,Cattasaurus - shoproxstore - Shopify,direct_to_consumer,fulfilled,2025-01-17,2025-01-19,2025-01-17,PA2,FedEx,1,1,20.92,2.63,0.0,23.55,shipmonk_estimate,USD
131958,6381228785974,Cattasaurus - shoproxstore - Shopify,direct_to_consumer,fulfilled,2025-01-17,2025-02-06,2025-01-17,NV3,FedEx,1,1,23.68,2.63,0.0,26.31,shipmonk_estimate,USD
131958_1,17e0c77a-705f-4c36-842a-240f1622bec2,Cattasaurus - shoproxstore - Shopify,direct_to_consumer,fulfilled,2025-01-17,2025-01-20,2025-01-17,NV3,FedEx,1,1,18.75,2.63,0.0,21.38,shipmonk_estimate,USD
131959,6381230981430,Cattasaurus - shoproxstore - Shopify,direct_to_consumer,fulfilled,2025-01-17,2025-02-02,2025-01-17,PA2,FedEx,1,1,16.64,2.26,0.0,18.9,shipmonk_estimate,USD
131960,6381232652598,Cattasaurus - shoproxstore - Shopify,direct_to_consumer,fulfilled,2025-01-17,2025-01-20,2025-01-17,NV3,FedEx,1,1,18.75,2.63,0.0,21.38,shipmonk_estimate,USD
131961,6381260570934,Cattasaurus - shoproxstore - Shopify,direct_to_consumer,fulfilled,2025-01-17,2025-01-20,2025-01-17,NV3,FedEx,1,1,13.79,2.63,0.0,16.42,shipmonk_estimate,USD
131962,6381271384374,Cattasaurus - shoproxstore - Shopify,direct_to_consumer,fulfilled,2025-01-17,2025-01-19,2025-01-17,PA2,FedEx,1,1,18.19,2.63,0.0,20.82,shipmonk_estimate,USD
131963,6381283868982,Cattasaurus - shoproxstore - Shopify,direct_to_consumer,fulfilled,2025-01-17,2025-02-06,2025-01-17,PA2,FedEx,2,1,13.0,3.0,0.0,16.0,shipmonk_estimate,USD
131963_1,25b12d7f-8bed-4e54-910c-1702fe4d5719,Cattasaurus - shoproxstore - Shopify,direct_to_consumer,fulfilled,2025-01-17,2025-02-06,2025-01-17,NV3,DHL eCommerce,1,1,6.21,1.89,0.3,8.4,shipmonk_estimate,USD
131964,6381286916406,Cattasaurus - shoproxstore - Shopify,direct_to_consumer,fulfilled,2025-01-17,2025-01-19,2025-01-17,PA2,DHL eCommerce,1,1,7.87,1.89,0.0,9.76,shipmonk_estimate,USD
131966,6381303333174,Cattasaurus - shoproxstore - Shopify,direct_to_consumer,fulfilled,2025-01-17,2025-01-20,2025-01-17,NV3,FedEx,1,1,18.75,2.63,0.0,21.38,shipmonk_estimate,USD
131967,6381318766902,Cattasaurus - shoproxstore - Shopify,direct_to_consumer,fulfilled,2025-01-17,2025-01-20,2025-01-17,NV3,FedEx,1,1,13.79,2.63,0.0,16.42,shipmonk_estimate,USD
131968,6381339017526,Cattasaurus - shoproxstore - Shopify,direct_to_consumer,fulfilled,2025-01-17,2025-02-02,2025-01-17,PA2,FedEx,1,1,13.79,2.26,0.0,16.05,shipmonk_estimate,USD
131969,6381342359862,Cattasaurus - shoproxstore - Shopify,direct_to_consumer,fulfilled,2025-01-17,2025-01-20,2025-01-17,NV3,FedEx,1,1,20.28,2.63,0.0,22.91,shipmonk_estimate,USD
131970,6381348061494,Cattasaurus - shoproxstore - Shopify,direct_to_consumer,fulfilled,2025-01-17,2025-01-20,2025-01-17,NV3,DHL eCommerce,2,1,8.1,3.0,0.5,11.6,shipmonk_estimate,USD
131971,6381351272758,Cattasaurus - shoproxstore - Shopify,direct_to_consumer,fulfilled,2025-01-17,2025-01-19,2025-01-17,PA2,FedEx,2,1,16.7,3.0,0.0,19.7,shipmonk_estimate,USD
131973,6381377028406,Cattasaurus - shoproxstore - Shopify,direct_to_consumer,fulfilled,2025-01-17,2025-01-19,2025-01-17,PA2,FedEx,1,1,20.56,2.63,0.0,23.19,shipmonk_estimate,USD
131974,6381383975222,Cattasaurus - shoproxstore - Shopify,direct_to_consumer,fulfilled,2025-01-17,2025-02-02,2025-01-17,PA2,FedEx,1,1,14.02,2.26,0.0,16.28,shipmonk_estimate,USD
131975,6381385187638,Cattasaurus - shoproxstore - Shopify,direct_to_consumer,fulfilled,2025-01-17,2025-02-02,2025-01-17,PA2,FedEx,2,2,27.58,5.26,0.0,32.84,shipmonk_estimate,USD
131976,6381406454070,Cattasaurus - shoproxstore - Shopify,direct_to_consumer,fulfilled,2025-01-17,2025-01-19,2025-01-17,PA2,FedEx,1,1,20.92,2.63,0.0,23.55,shipmonk_estimate,USD
131977,6381406683446,Cattasaurus - shoproxstore - Shopify,direct_to_consumer,fulfilled,2025-01-17,2025-01-20,2025-01-17,NV3,FedEx,1,1,16.64,2.63,0.0,19.27,shipmonk_estimate,USD
131978,6381419299126,Cattasaurus - shoproxstore - Shopify,direct_to_consumer,fulfilled,2025-01-17,2025-01-20,2025-01-17,NV3,FedEx,1,1,14.02,2.63,0.0,16.65,shipmonk_estimate,USD
131979,6381423329590,Cattasaurus - shoproxstore - Shopify,direct_to_consumer,fulfilled,2025-01-17,2025-02-02,2025-01-17,PA2,UPS,2,1,15.55,3.0,0.0,18.55,shipmonk_estimate,USD
131980,6381435322678,Cattasaurus - shoproxstore - Shopify,direct_to_consumer,fulfilled,2025-01-17,2025-01-20,2025-01-17,NV3,FedEx,1,1,13.79,2.63,0.0,16.42,shipmonk_estimate,USD
131981,6381436600630,Cattasaurus - shoproxstore - Shopify,direct_to_consumer,fulfilled,2025-01-17,2025-01-20,2025-01-17,NV3,FedEx,1,1,15.94,3.0,0.0,18.94,shipmonk_estimate,USD
131982,6381444432182,Cattasaurus - shoproxstore - Shopify,direct_to_consumer,fulfilled,2025-01-17,2025-01-20,2025-01-17,NV3,UPS,1,1,18.17,2.63,0.0,20.8,shipmonk_estimate,USD
131983,6381446005046,Cattasaurus - shoproxstore - Shopify,direct_to_consumer,fulfilled,2025-01-17,2025-02-04,2025-01-17,PA2,FedEx,1,1,16.67,2.26,0.0,18.93,shipmonk_estimate,USD
131984,6381449216310,Cattasaurus - shoproxstore - Shopify,direct_to_consumer,fulfilled,2025-01-17,2025-01-20,2025-01-17,NV3,UPS,1,1,15.55,2.63,0.0,18.18,shipmonk_estimate,USD
131986,6381486735670,Cattasaurus - shoproxstore - Shopify,direct_to_consumer,fulfilled,2025-01-17,2025-01-19,2025-01-17,PA2,FedEx,1,1,15.17,2.26,0.0,17.43,shipmonk_estimate,USD
131987,6381494468918,Cattasaurus - shoproxstore - Shopify,direct_to_consumer,fulfilled,2025-01-17,2025-02-02,2025-01-17,PA2,FedEx,1,1,16.64,2.26,0.0,18.9,shipmonk_estimate,USD
131988,6381543915830,Cattasaurus - shoproxstore - Shopify,direct_to_consumer,fulfilled,2025-01-17,2025-02-02,2025-01-17,PA2,FedEx,1,1,14.02,2.26,0.0,16.28,shipmonk_estimate,USD
131989,6381568327990,Cattasaurus - shoproxstore - Shopify,direct_to_consumer,fulfilled,2025-01-17,2025-01-19,2025-01-17,PA2,FedEx,1,1,27.04,2.63,0.0,29.67,shipmonk_estimate,USD
131990,6381580255542,Cattasaurus - shoproxstore - Shopify,direct_to_consumer,fulfilled,2025-01-17,2025-01-20,2025-01-17,NV3,FedEx,1,1,18.17,2.63,0.0,20.8,shipmonk_estimate,USD
131991,6381630882102,Cattasaurus - shoproxstore - Shopify,direct_to_consumer,fulfilled,2025-01-17,2025-01-20,2025-01-17,NV3,FedEx,1,1,16.64,2.63,0.0,19.27,shipmonk_estimate,USD
131992,6381637665078,Cattasaurus - shoproxstore - Shopify,direct_to_consumer,fulfilled,2025-01-17,2025-02-02,2025-01-17,PA2,FedEx,1,1,12.97,2.26,0.0,15.23,shipmonk_estimate,USD
131993,6381665583414,Cattasaurus - shoproxstore - Shopify,direct_to_consumer,fulfilled,2025-01-17,2025-01-19,2025-01-17,PA2,FedEx,1,1,19.39,2.63,0.0,22.02,shipmonk_estimate,USD
131994,6381666009398,Cattasaurus - shoproxstore - Shopify,direct_to_consumer,fulfilled,2025-01-17,2025-02-05,2025-01-17,PA2,FedEx,1,1,20.03,2.63,0.0,22.66,shipmonk_estimate,USD
131995,6381672890678,Cattasaurus - shoproxstore - Shopify,direct_to_consumer,fulfilled,2025-01-17,2025-01-19,2025-01-17,PA2,FedEx,1,1,23.63,2.63,0.0,26.26,shipmonk_estimate,USD
131996,6381679804726,Cattasaurus - shoproxstore - Shopify,direct_to_consumer,fulfilled,2025-01-17,2025-02-02,2025-01-17,PA2,FedEx,1,1,16.64,2.26,0.0,18.9,shipmonk_estimate,USD
131997,6381684490550,Cattasaurus - shoproxstore - Shopify,direct_to_consumer,fulfilled,2025-01-17,2025-02-02,2025-01-17,PA2,UPS,2,1,18.17,3.0,0.0,21.17,shipmonk_estimate,USD
131998,6381691765046,Cattasaurus - shoproxstore - Shopify,direct_to_consumer,fulfilled,2025-01-17,2025-01-20,2025-01-17,NV3,UPS,1,1,18.17,2.63,0.0,20.8,shipmonk_estimate,USD
131999,6381693829430,Cattasaurus - shoproxstore - Shopify,direct_to_consumer,fulfilled,2025-01-17,2025-01-20,2025-01-17,NV3,FedEx,1,1,16.64,2.26,0.0,18.9,shipmonk_estimate,USD
132000,6381734199606,Cattasaurus - shoproxstore - Shopify,direct_to_consumer,fulfilled,2025-01-17,2025-02-02,2025-01-17,PA2,FedEx,1,1,16.64,2.26,0.0,18.9,shipmonk_estimate,USD
132001_1,960ad10e-9524-47c9-83f6-40420993387d,Cattasaurus - shoproxstore - Shopify,direct_to_consumer,fulfilled,2025-01-17,2025-01-21,2025-01-17,NV3,DHL eCommerce,1,1,5.68,1.89,0.0,7.57,shipmonk_estimate,USD
132002,6381778272566,Cattasaurus - shoproxstore - Shopify,direct_to_consumer,fulfilled,2025-01-17,2025-01-19,2025-01-17,PA2,FedEx,1,1,13.09,2.63,0.0,15.72,shipmonk_estimate,USD
132003,6381785383222,Cattasaurus - shoproxstore - Shopify,direct_to_consumer,fulfilled,2025-01-17,2025-02-02,2025-01-17,PA2,FedEx,1,1,16.64,2.26,0.0,18.9,shipmonk_estimate,USD
132004,6381788758326,Cattasaurus - shoproxstore - Shopify,direct_to_consumer,fulfilled,2025-01-17,2025-01-20,2025-01-17,NV3,UPS,1,1,20.28,2.63,0.0,22.91,shipmonk_estimate,USD
132005,6381824901430,Cattasaurus - shoproxstore - Shopify,direct_to_consumer,fulfilled,2025-01-17,2025-02-02,2025-01-17,PA2,FedEx,1,1,13.79,2.26,0.0,16.05,shipmonk_estimate,USD
132007,6381855211830,Cattasaurus - shoproxstore - Shopify,direct_to_consumer,fulfilled,2025-01-17,2025-01-20,2025-01-17,NV3,FedEx,1,1,12.97,2.26,0.0,15.23,shipmonk_estimate,USD
132008,6381858783542,Cattasaurus - shoproxstore - Shopify,direct_to_consumer,fulfilled,2025-01-17,2025-01-19,2025-01-17,PA2,FedEx,1,1,18.87,2.63,0.0,21.5,shipmonk_estimate,USD
132009,6381861830966,Cattasaurus - shoproxstore - Shopify,direct_to_consumer,fulfilled,2025-01-17,2025-02-06,2025-01-17,PA2,FedEx,2,1,20.32,2.63,0.0,22.95,shipmonk_estimate,USD
132009_1,8a5504e3-c679-4e5b-8691-cd3fdc3ae741,Cattasaurus - shoproxstore - Shopify,direct_to_consumer,fulfilled,2025-01-17,2025-02-06,2025-01-17,NV3,DHL eCommerce,1,1,5.77,1.89,0.3,7.96,shipmonk_estimate,USD
132010,6381883425078,Cattasaurus - shoproxstore - Shopify,direct_to_consumer,fulfilled,2025-01-17,2025-01-20,2025-01-17,NV3,UPS,1,1,15.55,2.63,0.0,18.18,shipmonk_estimate,USD
132011,6381907935542,Cattasaurus - shoproxstore - Shopify,direct_to_consumer,fulfilled,2025-01-17,2025-01-19,2025-01-17,PA2,FedEx,1,1,19.39,2.63,0.0,22.02,shipmonk_estimate,USD
132012,6381933330742,Cattasaurus - shoproxstore - Shopify,direct_to_consumer,fulfilled,2025-01-17,2025-02-02,2025-01-17,PA2,FedEx,1,1,14.02,2.26,0.0,16.28,shipmonk_estimate,USD
132014,6382010499382,Cattasaurus - shoproxstore - Shopify,direct_to_consumer,fulfilled,2025-01-17,2025-02-02,2025-01-17,PA2,UPS,1,1,15.55,2.26,0.0,17.81,shipmonk_estimate,USD
132016,6382035894582,Cattasaurus - shoproxstore - Shopify,direct_to_consumer,fulfilled,2025-01-17,2025-02-02,2025-01-17,PA2,FedEx,1,1,14.02,2.26,0.0,16.28,shipmonk_estimate,USD
132017,6382039499062,Cattasaurus - shoproxstore - Shopify,direct_to_consumer,fulfilled,2025-01-17,2025-01-19,2025-01-17,PA2,FedEx,1,1,25.16,2.63,0.0,27.79,shipmonk_estimate,USD
132018,6382050410806,Cattasaurus - shoproxstore - Shopify,direct_to_consumer,fulfilled,2025-01-17,2025-02-02,2025-01-17,PA2,FedEx,1,1,13.79,2.26,0.0,16.05,shipmonk_estimate,USD
132019,6382073839926,Cattasaurus - shoproxstore - Shopify,direct_to_consumer,fulfilled,2025-01-17,2025-01-20,2025-01-17,NV3,FedEx,1,1,13.79,2.63,0.0,16.42,shipmonk_estimate,USD
132020,6382081540406,Cattasaurus - shoproxstore - Shopify,direct_to_consumer,fulfilled,2025-01-17,2025-01-19,2025-01-17,PA2,FedEx,1,1,25.16,2.63,0.0,27.79,shipmonk_estimate,USD
132020_1,051d40d2-498d-4186-9246-d7f88128ba6c,Cattasaurus - shoproxstore - Shopify,direct_to_consumer,fulfilled,2025-01-17,2025-01-20,2025-01-17,NV3,FedEx,1,1,25.16,2.63,0.0,27.79,shipmonk_estimate,USD
132021,6382091010358,Cattasaurus - shoproxstore - Shopify,direct_to_consumer,fulfilled,2025-01-17,2025-02-05,2025-01-17,PA2,FedEx,1,1,20.32,2.63,0.0,22.95,shipmonk_estimate,USD
132022,6382093304118,Cattasaurus - shoproxstore - Shopify,direct_to_consumer,fulfilled,2025-01-17,2025-02-03,2025-01-17,PA2,FedEx,1,1,16.64,2.26,0.0,18.9,shipmonk_estimate,USD
132024,6382108475702,Cattasaurus - shoproxstore - Shopify,direct_to_consumer,fulfilled,2025-01-17,2025-01-20,2025-01-17,NV3,UPS,1,1,18.17,2.63,0.0,20.8,shipmonk_estimate,USD
132026,6382129086774,Cattasaurus - shoproxstore - Shopify,direct_to_consumer,fulfilled,2025-01-17,2025-01-19,2025-01-17,PA2,FedEx,1,1,18.19,2.63,0.0,20.82,shipmonk_estimate,USD
132027,6382170079542,Cattasaurus - shoproxstore - Shopify,direct_to_consumer,fulfilled,2025-01-17,2025-02-03,2025-01-17,PA2,FedEx,1,1,14.02,2.26,0.0,16.28,shipmonk_estimate,USD
132028,6382182859062,Cattasaurus - shoproxstore - Shopify,direct_to_consumer,fulfilled,2025-01-17,2025-01-19,2025-01-17,PA2,FedEx,1,1,23.63,2.63,0.0,26.26,shipmonk_estimate,USD
132029,6382242890038,Cattasaurus - shoproxstore - Shopify,direct_to_consumer,fulfilled,2025-01-17,2025-01-20,2025-01-17,PA2,FedEx,1,1,22.64,2.63,0.0,25.27,shipmonk_estimate,USD
132030,6382251082038,Cattasaurus - shoproxstore - Shopify,direct_to_consumer,fulfilled,2025-01-17,2025-02-02,2025-01-17,PA2,FedEx,3,1,13.79,3.37,0.0,17.16,shipmonk_estimate,USD
132031,6382297448758,Cattasaurus - shoproxstore - Shopify,direct_to_consumer,fulfilled,2025-01-17,2025-01-20,2025-01-17,NV3,FedEx,1,1,18.75,2.63,0.0,21.38,shipmonk_estimate,USD
132032,6382355349814,Cattasaurus - shoproxstore - Shopify,direct_to_consumer,fulfilled,2025-01-17,2025-01-20,2025-01-17,PA2,FedEx,2,1,22.64,3.37,0.0,26.01,shipmonk_estimate,USD
132033,6382358528310,Cattasaurus - shoproxstore - Shopify,direct_to_consumer,fulfilled,2025-01-17,2025-01-19,2025-01-17,PA2,FedEx,1,1,13.09,2.63,0.0,15.72,shipmonk_estimate,USD
111-4101005-4697832,111-4101005-4697832,Cattasaurus - Amazon USA,direct_to_consumer,fulfilled,2025-01-18,2025-01-19,2025-01-18,PA2,FedEx,1,1,23.63,2.26,0.0,25.89,shipmonk_estimate,USD
111-8130783-3194614,111-8130783-3194614,Cattasaurus - Amazon USA,direct_to_consumer,fulfilled,2025-01-18,2025-01-20,2025-01-18,NV3,FedEx,1,1,19.39,2.26,0.0,21.65,shipmonk_estimate,USD
112-4320837-4914661,112-4320837-4914661,Cattasaurus - Amazon USA,direct_to_consumer,fulfilled,2025-01-18,2025-01-20,2025-01-18,NV3,FedEx,1,1,16.7,2.26,0.0,18.96,shipmonk_estimate,USD
114-9705783-0079433,114-9705783-0079433,Cattasaurus - Amazon USA,direct_to_consumer,fulfilled,2025-01-18,2025-01-20,2025-01-18,NV3,FedEx,1,1,19.39,2.26,0.0,21.65,shipmonk_estimate,USD
121407-01,8b5e813a-b99d-4213-91c9-b5af7b666464,Cattasaurus - shoproxstore - Shopify,direct_to_consumer,fulfilled,2025-01-18,2025-01-19,2025-01-18,PA2,FedEx,1,1,13.09,2.26,0.0,15.35,shipmonk_estimate,USD
129824-01,83f6c143-f991-430a-8c1f-fb4a7cdf37a2,Cattasaurus - shoproxstore - Shopify,direct_to_consumer,fulfilled,2025-01-18,2025-01-20,2025-01-18,PA2,USPS,1,1,20.41,2.63,0.0,23.04,shipmonk_estimate,USD
132034,6382437269814,Cattasaurus - shoproxstore - Shopify,direct_to_consumer,fulfilled,2025-01-18,2025-01-20,2025-01-18,PA2,UPS,1,1,15.55,2.26,0.0,17.81,shipmonk_estimate,USD
132035,6382477803830,Cattasaurus - shoproxstore - Shopify,direct_to_consumer,fulfilled,2025-01-18,2025-01-20,2025-01-18,PA2,FedEx,1,1,19.39,2.63,0.0,22.02,shipmonk_estimate,USD
132036,6382591672630,Cattasaurus - shoproxstore - Shopify,direct_to_consumer,fulfilled,2025-01-18,2025-02-03,2025-01-18,PA2,FedEx,1,1,14.02,2.26,0.0,16.28,shipmonk_estimate,USD
132037,6382592950582,Cattasaurus - shoproxstore - Shopify,direct_to_consumer,fulfilled,2025-01-18,2025-01-20,2025-01-18,PA2,UPS,1,1,14.62,2.63,0.0,17.25,shipmonk_estimate,USD
132038,6382598848822,Cattasaurus - shoproxstore - Shopify,direct_to_consumer,fulfilled,2025-01-18,2025-02-01,2025-01-18,PA2,FedEx,1,1,16.64,2.26,0.0,18.9,shipmonk_estimate,USD
132039,6382610252086,Cattasaurus - shoproxstore - Shopify,direct_to_consumer,fulfilled,2025-01-18,2025-01-19,2025-01-18,PA2,FedEx,1,1,18.87,2.26,0.0,21.13,shipmonk_estimate,USD
132040,6382632862006,Cattasaurus - shoproxstore - Shopify,direct_to_consumer,fulfilled,2025-01-18,2025-02-01,2025-01-18,PA2,FedEx,1,1,16.64,2.26,0.0,18.9,shipmonk_estimate,USD
132041,6382664483126,Cattasaurus - shoproxstore - Shopify,direct_to_consumer,fulfilled,2025-01-18,2025-01-19,2025-01-18,PA2,USPS,1,1,10.42,3.0,0.5,13.92,shipmonk_estimate,USD
132042,6382672019766,Cattasaurus - shoproxstore - Shopify,direct_to_consumer,fulfilled,2025-01-18,2025-01-19,2025-01-18,PA2,DHL eCommerce,1,1,10.85,2.26,0.5,13.61,shipmonk_estimate,USD
132043,6382675951926,Cattasaurus - shoproxstore - Shopify,direct_to_consumer,fulfilled,2025-01-18,2025-01-19,2025-01-18,PA2,FedEx,1,1,16.7,2.63,0.0,19.33,shipmonk_estimate,USD
132044,6382681030966,Cattasaurus - shoproxstore - Shopify,direct_to_consumer,fulfilled,2025-01-18,2025-01-19,2025-01-18,PA2,USPS,1,1,4.64,1.89,0.3,6.83,shipmonk_estimate,USD
132045,6382688960822,Cattasaurus - shoproxstore - Shopify,direct_to_consumer,fulfilled,2025-01-18,2025-02-01,2025-01-18,PA2,UPS,1,1,15.32,2.26,0.0,17.58,shipmonk_estimate,USD
132046,6382708359478,Cattasaurus - shoproxstore - Shopify,direct_to_consumer,fulfilled,2025-01-18,2025-02-01,2025-01-18,PA2,UPS,1,1,15.32,2.26,0.0,17.58,shipmonk_estimate,USD
132047,6382709047606,Cattasaurus - shoproxstore - Shopify,direct_to_consumer,fulfilled,2025-01-18,2025-01-20,2025-01-18,NV3,FedEx,2,1,18.75,3.37,0.0,22.12,shipmonk_estimate,USD
132048,6382714323254,Cattasaurus - shoproxstore - Shopify,direct_to_consumer,fulfilled,2025-01-18,2025-02-01,2025-01-18,PA2,FedEx,1,1,13.79,2.26,0.0,16.05,shipmonk_estimate,USD
132049,6382717567286,Cattasaurus - shoproxstore - Shopify,direct_to_consumer,fulfilled,2025-01-18,2025-02-01,2025-01-18,PA2,FedEx,1,1,13.79,2.26,0.0,16.05,shipmonk_estimate,USD
132050,6382717698358,Cattasaurus - shoproxstore - Shopify,direct_to_consumer,fulfilled,2025-01-18,2025-01-20,2025-01-18,NV3,UPS,2,1,15.55,3.0,0.0,18.55,shipmonk_estimate,USD
132051,6382724809014,Cattasaurus - shoproxstore - Shopify,direct_to_consumer,fulfilled,2025-01-18,2025-02-01,2025-01-18,PA2,UPS,1,1,18.17,2.26,0.0,20.43,shipmonk_estimate,USD
132053,6382736179510,Cattasaurus - shoproxstore - Shopify,direct_to_consumer,fulfilled,2025-01-18,2025-01-20,2025-01-18,NV3,FedEx,1,1,20.28,2.63,0.0,22.91,shipmonk_estimate,USD
132054,6382743028022,Cattasaurus - shoproxstore - Shopify,direct_to_consumer,fulfilled,2025-01-18,2025-01-20,2025-01-18,PA2,FedEx,1,1,15.17,2.63,0.0,17.8,shipmonk_estimate,USD
132055,6382756757814,Cattasaurus - shoproxstore - Shopify,direct_to_consumer,fulfilled,2025-01-18,2025-02-05,2025-01-18,PA2,FedEx,1,1,14.75,2.63,0.0,17.38,shipmonk_estimate,USD
132056,6382760296758,Cattasaurus - shoproxstore - Shopify,direct_to_consumer,fulfilled,2025-01-18,2025-02-01,2025-01-18,PA2,FedEx,1,1,16.64,2.26,0.0,18.9,shipmonk_estimate,USD
132057,6382768062774,Cattasaurus - shoproxstore - Shopify,direct_to_consumer,fulfilled,2025-01-18,2025-02-01,2025-01-18,PA2,FedEx,1,1,13.79,2.26,0.0,16.05,shipmonk_estimate,USD
132058,6382773698870,Cattasaurus - shoproxstore - Shopify,direct_to_consumer,fulfilled,2025-01-18,2025-01-20,2025-01-18,NV3,FedEx,1,1,18.75,2.63,0.0,21.38,shipmonk_estimate,USD
132059,6382784119094,Cattasaurus - shoproxstore - Shopify,direct_to_consumer,fulfilled,2025-01-18,2025-02-01,2025-01-18,PA2,FedEx,1,1,16.64,2.26,0.0,18.9,shipmonk_estimate,USD
132060,6382808400182,Cattasaurus - shoproxstore - Shopify,direct_to_consumer,fulfilled,2025-01-18,2025-02-06,2025-01-18,PA2,FedEx,1,1,14.05,2.26,0.0,16.31,shipmonk_estimate,USD
132060_1,01f09c30-448d-4a7d-9b09-6f6c98a77745,Cattasaurus - shoproxstore - Shopify,direct_to_consumer,fulfilled,2025-01-18,2025-02-06,2025-01-18,NV3,DHL eCommerce,1,1,5.94,1.89,0.3,8.13,shipmonk_estimate,USD
132061,6382813577526,Cattasaurus - shoproxstore - Shopify,direct_to_consumer,fulfilled,2025-01-18,2025-01-20,2025-01-18,NV3,FedEx,1,1,13.79,2.26,0.0,16.05,shipmonk_estimate,USD
132062,6382821245238,Cattasaurus - shoproxstore - Shopify,direct_to_consumer,fulfilled,2025-01-18,2025-01-20,2025-01-18,PA2,FedEx,1,1,19.39,2.63,0.0,22.02,shipmonk_estimate,USD
132063,6382842020150,Cattasaurus - shoproxstore - Shopify,direct_to_consumer,fulfilled,2025-01-18,2025-02-06,2025-01-18,PA2,FedEx,1,1,23.68,2.63,0.0,26.31,shipmonk_estimate,USD
132063_1,21e2f106-7433-4d31-b37a-c42585614211,Cattasaurus - shoproxstore - Shopify,direct_to_consumer,fulfilled,2025-01-18,2025-02-06,2025-01-18,PA2,FedEx,1,1,23.68,2.63,0.0,26.31,shipmonk_estimate,USD
132066,6382851719478,Cattasaurus - shoproxstore - Shopify,direct_to_consumer,fulfilled,2025-01-18,2025-01-20,2025-01-18,NV3,FedEx,1,1,18.75,2.63,0.0,21.38,shipmonk_estimate,USD
132067,6382868103478,Cattasaurus - shoproxstore - Shopify,direct_to_consumer,fulfilled,2025-01-18,2025-02-06,2025-01-18,PA2,FedEx,1,1,12.52,2.26,0.0,14.78,shipmonk_estimate,USD
132067_1,ceb7511e-9c96-43c6-8b11-b7cf052c3b16,Cattasaurus - shoproxstore - Shopify,direct_to_consumer,fulfilled,2025-01-18,2025-02-06,2025-01-18,NV3,DHL eCommerce,1,1,6.21,1.89,0.3,8.4,shipmonk_estimate,USD
132068,6382873674038,Cattasaurus - shoproxstore - Shopify,direct_to_consumer,fulfilled,2025-01-18,2025-01-20,2025-01-18,PA2,FedEx,1,1,15.17,2.26,0.0,17.43,shipmonk_estimate,USD
132069,6382873870646,Cattasaurus - shoproxstore - Shopify,direct_to_consumer,fulfilled,2025-01-18,2025-02-01,2025-01-18,PA2,UPS,1,1,15.32,2.26,0.0,17.58,shipmonk_estimate,USD
132070,6382889337142,Cattasaurus - shoproxstore - Shopify,direct_to_consumer,fulfilled,2025-01-18,2025-02-01,2025-01-18,PA2,FedEx,1,1,16.64,2.26,0.0,18.9,shipmonk_estimate,USD
132071,6382927741238,Cattasaurus - shoproxstore - Shopify,direct_to_consumer,fulfilled,2025-01-18,2025-01-19,2025-01-18,PA2,UPS,1,1,14.62,2.26,0.0,16.88,shipmonk_estimate,USD
132072,6382935540022,Cattasaurus - shoproxstore - Shopify,direct_to_consumer,fulfilled,2025-01-18,2025-02-01,2025-01-18,PA2,UPS,1,1,15.55,2.26,0.0,17.81,shipmonk_estimate,USD
132073,6382935802166,Cattasaurus - shoproxstore - Shopify,direct_to_consumer,fulfilled,2025-01-18,2025-02-01,2025-01-18,PA2,UPS,1,1,14.5,2.26,0.0,16.76,shipmonk_estimate,USD
132074,6382972272950,Cattasaurus - shoproxstore - Shopify,direct_to_consumer,fulfilled,2025-01-18,2025-01-20,2025-01-18,NV3,FedEx,1,1,21.97,2.63,0.0,24.6,shipmonk_estimate,USD
132075,6382988722486,Cattasaurus - shoproxstore - Shopify,direct_to_consumer,fulfilled,2025-01-18,2025-01-20,2025-01-18,PA2,FedEx,1,1,20.92,2.26,0.0,23.18,shipmonk_estimate,USD
132076,6383023849782,Cattasaurus - shoproxstore - Shopify,direct_to_consumer,fulfilled,2025-01-18,2025-01-20,2025-01-18,NV3,FedEx,2,1,18.75,3.0,0.0,21.75,shipmonk_estimate,USD
132078,6383064154422,Cattasaurus - shoproxstore - Shopify,direct_to_consumer,fulfilled,2025-01-18,2025-01-20,2025-01-18,NV3,UPS,1,1,18.17,2.63,0.0,20.8,shipmonk_estimate,USD
132080,6383085191478,Cattasaurus - shoproxstore - Shopify,direct_to_consumer,fulfilled,2025-01-18,2025-01-20,2025-01-18,NV3,FedEx,1,1,24.04,2.63,0.0,26.67,shipmonk_estimate,USD
132081,6383091810614,Cattasaurus - shoproxstore - Shopify,direct_to_consumer,fulfilled,2025-01-18,2025-01-20,2025-01-18,NV3,FedEx,1,1,16.64,2.63,0.0,19.27,shipmonk_estimate,USD
132084,6383134703926,Cattasaurus - shoproxstore - Shopify,direct_to_consumer,fulfilled,2025-01-18,2025-01-20,2025-01-18,PA2,FedEx,1,1,19.39,2.63,0.0,22.02,shipmonk_estimate,USD
132085,6383145550134,Cattasaurus - shoproxstore - Shopify,direct_to_consumer,fulfilled,2025-01-18,2025-01-20,2025-01-18,PA2,FedEx,1,1,19.39,2.63,0.0,22.02,shipmonk_estimate,USD
132086,6383147778358,Cattasaurus - shoproxstore - Shopify,direct_to_consumer,fulfilled,2025-01-18,2025-01-20,2025-01-18,NV3,FedEx,1,1,15.55,2.63,0.0,18.18,shipmonk_estimate,USD
132087,6383156986166,Cattasaurus - shoproxstore - Shopify,direct_to_consumer,fulfilled,2025-01-18,2025-01-20,2025-01-18,PA2,FedEx,1,1,20.92,2.63,0.0,23.55,shipmonk_estimate,USD
132088,6383168225590,Cattasaurus - shoproxstore - Shopify,direct_to_consumer,fulfilled,2025-01-18,2025-01-20,2025-01-18,NV3,FedEx,1,1,16.64,2.63,0.0,19.27,shipmonk_estimate,USD
132089,6383183921462,Cattasaurus - shoproxstore - Shopify,direct_to_consumer,fulfilled,2025-01-18,2025-01-20,2025-01-18,PA2,FedEx,1,1,23.63,2.63,0.0,26.26,shipmonk_estimate,USD
132090,6383205581110,Cattasaurus - shoproxstore - Shopify,direct_to_consumer,fulfilled,2025-01-18,2025-01-20,2025-01-18,NV3,FedEx,1,1,25.57,2.63,0.0,28.2,shipmonk_estimate,USD
132091,6383220457782,Cattasaurus - shoproxstore - Shopify,direct_to_consumer,fulfilled,2025-01-18,2025-02-02,2025-01-18,PA2,FedEx,2,1,13.79,2.26,0.0,16.05,shipmonk_estimate,USD
132092,6383223636278,Cattasaurus - shoproxstore - Shopify,direct_to_consumer,fulfilled,2025-01-18,2025-01-20,2025-01-18,NV3,FedEx,1,1,21.97,2.63,0.0,24.6,shipmonk_estimate,USD
132093,6383229206838,Cattasaurus - shoproxstore - Shopify,direct_to_consumer,fulfilled,2025-01-18,2025-01-20,2025-01-18,PA2,FedEx,1,1,16.66,2.26,0.0,18.92,shipmonk_estimate,USD
132094,6383244443958,Cattasaurus - shoproxstore - Shopify,direct_to_consumer,fulfilled,2025-01-18,2025-01-20,2025-01-18,NV3,FedEx,2,1,18.19,3.37,0.0,21.56,shipmonk_estimate,USD
132095,6383245230390,Cattasaurus - shoproxstore - Shopify,direct_to_consumer,fulfilled,2025-01-18,2025-01-20,2025-01-18,NV3,UPS,1,1,15.55,2.63,0.0,18.18,shipmonk_estimate,USD
132096,6383249490230,Cattasaurus - shoproxstore - Shopify,direct_to_consumer,fulfilled,2025-01-18,2025-01-20,2025-01-18,PA2,FedEx,1,1,28.56,2.63,0.0,31.19,shipmonk_estimate,USD
132097,6383262433590,Cattasaurus - shoproxstore - Shopify,direct_to_consumer,fulfilled,2025-01-18,2025-01-20,2025-01-18,PA2,DHL eCommerce,1,1,10.45,2.26,0.5,13.21,shipmonk_estimate,USD
132098,6383270002998,Cattasaurus - shoproxstore - Shopify,direct_to_consumer,fulfilled,2025-01-18,2025-01-20,2025-01-18,NV3,UPS,1,1,18.17,2.63,0.0,20.8,shipmonk_estimate,USD
132099,6383280423222,Cattasaurus - shoproxstore - Shopify,direct_to_consumer,fulfilled,2025-01-18,2025-02-06,2025-01-18,PA2,FedEx,1,1,14.05,2.26,0.0,16.31,shipmonk_estimate,USD
132099_1,636b7b57-a6ce-4f7d-b297-429a419fca6c,Cattasaurus - shoproxstore - Shopify,direct_to_consumer,fulfilled,2025-01-18,2025-02-06,2025-01-18,NV3,DHL eCommerce,1,1,7.01,2.26,0.3,9.57,shipmonk_estimate,USD
132100,6383281209654,Cattasaurus - shoproxstore - Shopify,direct_to_consumer,fulfilled,2025-01-18,2025-01-20,2025-01-18,NV3,FedEx,1,1,18.75,2.63,0.0,21.38,shipmonk_estimate,USD
132101,6383291171126,Cattasaurus - shoproxstore - Shopify,direct_to_consumer,fulfilled,2025-01-18,2025-01-20,2025-01-18,NV3,FedEx,1,1,22.04,3.0,0.0,25.04,shipmonk_estimate,USD
132102,6383303524662,Cattasaurus - shoproxstore - Shopify,direct_to_consumer,fulfilled,2025-01-18,2025-01-20,2025-01-18,NV3,FedEx,1,1,23.5,2.63,0.0,26.13,shipmonk_estimate,USD
132103,6383305589046,Cattasaurus - shoproxstore - Shopify,direct_to_consumer,fulfilled,2025-01-18,2025-02-05,2025-01-18,PA2,FedEx,1,1,24.09,2.63,0.0,26.72,shipmonk_estimate,USD
132104,6383307948342,Cattasaurus - shoproxstore - Shopify,direct_to_consumer,fulfilled,2025-01-18,2025-01-20,2025-01-18,PA2,FedEx,1,1,15.17,2.26,0.0,17.43,shipmonk_estimate,USD
132106,6383347499318,Cattasaurus - shoproxstore - Shopify,direct_to_consumer,fulfilled,2025-01-18,2025-01-20,2025-01-18,NV3,FedEx,1,1,16.64,2.63,0.0,19.27,shipmonk_estimate,USD
132107,6383355887926,Cattasaurus - shoproxstore - Shopify,direct_to_consumer,fulfilled,2025-01-18,2025-01-20,2025-01-18,PA2,FedEx,1,1,18.19,2.63,0.0,20.82,shipmonk_estimate,USD
132108,6383361327414,Cattasaurus - shoproxstore - Shopify,direct_to_consumer,fulfilled,2025-01-18,2025-01-20,2025-01-18,PA2,FedEx,1,1,20.75,3.0,0.0,23.75,shipmonk_estimate,USD
132109,6383364505910,Cattasaurus - shoproxstore - Shopify,direct_to_consumer,fulfilled,2025-01-18,2025-01-20,2025-01-18,PA2,FedEx,1,1,19.39,2.63,0.0,22.02,shipmonk_estimate,USD
132110,6383372468534,Cattasaurus - shoproxstore - Shopify,direct_to_consumer,fulfilled,2025-01-18,2025-01-20,2025-01-18,NV3,FedEx,1,1,20.28,2.63,0.0,22.91,shipmonk_estimate,USD
132111,6383380070710,Cattasaurus - shoproxstore - Shopify,direct_to_consumer,fulfilled,2025-01-18,2025-01-20,2025-01-18,PA2,FedEx,1,1,19.39,2.26,0.0,21.65,shipmonk_estimate,USD
132112,6383382659382,Cattasaurus - shoproxstore - Shopify,direct_to_consumer,fulfilled,2025-01-18,2025-02-03,2025-01-18,PA2,FedEx,3,1,18.46,2.63,0.0,21.09,shipmonk_estimate,USD
132113,6383382954294,Cattasaurus - shoproxstore - Shopify,direct_to_consumer,fulfilled,2025-01-18,2025-01-20,2025-01-18,NV3,FedEx,1,1,14.02,2.63,0.0,16.65,shipmonk_estimate,USD
132114,6383399010614,Cattasaurus - shoproxstore - Shopify,direct_to_consumer,fulfilled,2025-01-18,2025-01-20,2025-01-18,PA2,FedEx,1,1,18.19,2.63,0.0,20.82,shipmonk_estimate,USD
132115,6383401599286,Cattasaurus - shoproxstore - Shopify,direct_to_consumer,fulfilled,2025-01-18,2025-01-20,2025-01-18,NV3,FedEx,1,1,18.75,2.63,0.0,21.38,shipmonk_estimate,USD
132116,6383403958582,Cattasaurus - shoproxstore - Shopify,direct_to_consumer,fulfilled,2025-01-18,2025-02-05,2025-01-18,PA2,FedEx,1,1,16.28,2.63,0.0,18.91,shipmonk_estimate,USD
132117,6383408251190,Cattasaurus - shoproxstore - Shopify,direct_to_consumer,fulfilled,2025-01-18,2025-01-20,2025-01-18,NV3,FedEx,1,1,14.02,2.63,0.0,16.65,shipmonk_estimate,USD
132118,6383420932406,Cattasaurus - shoproxstore - Shopify,direct_to_consumer,fulfilled,2025-01-18,2025-01-20,2025-01-18,PA2,FedEx,1,1,27.04,2.63,0.0,29.67,shipmonk_estimate,USD
132119,6383428403510,Cattasaurus - shoproxstore - Shopify,direct_to_consumer,fulfilled,2025-01-18,2025-01-20,2025-01-18,PA2,FedEx,1,1,15.17,2.63,0.0,17.8,shipmonk_estimate,USD
132119_1,b8944f31-ec93-493b-87f5-e0ae4463b797,Cattasaurus - shoproxstore - Shopify,direct_to_consumer,fulfilled,2025-01-18,2025-01-20,2025-01-18,PA2,FedEx,1,1,15.17,2.63,0.0,17.8,shipmonk_estimate,USD
132119_2,05728752-b341-4d58-8e2f-e9a5b1bbdeee,Cattasaurus - shoproxstore - Shopify,direct_to_consumer,fulfilled,2025-01-18,2025-01-20,2025-01-18,PA2,FedEx,1,1,15.17,2.63,0.0,17.8,shipmonk_estimate,USD
132120,6383432532278,Cattasaurus - shoproxstore - Shopify,direct_to_consumer,fulfilled,2025-01-18,2025-01-20,2025-01-18,NV3,FedEx,1,1,18.75,2.63,0.0,21.38,shipmonk_estimate,USD
132121,6383443312950,Cattasaurus - shoproxstore - Shopify,direct_to_consumer,fulfilled,2025-01-18,2025-01-20,2025-01-18,NV3,FedEx,1,1,18.75,2.63,0.0,21.38,shipmonk_estimate,USD
132122,6383476179254,Cattasaurus - shoproxstore - Shopify,direct_to_consumer,fulfilled,2025-01-18,2025-01-20,2025-01-18,NV3,FedEx,1,1,21.97,2.63,0.0,24.6,shipmonk_estimate,USD
132123,6383478145334,Cattasaurus - shoproxstore - Shopify,direct_to_consumer,fulfilled,2025-01-18,2025-02-04,2025-01-18,PA2,FedEx,1,1,13.82,2.26,0.0,16.08,shipmonk_estimate,USD
132124,6383495905590,Cattasaurus - shoproxstore - Shopify,direct_to_consumer,fulfilled,2025-01-18,2025-01-20,2025-01-18,NV3,UPS,1,1,18.17,2.63,0.0,20.8,shipmonk_estimate,USD
132125,6383510323510,Cattasaurus - shoproxstore - Shopify,direct_to_consumer,fulfilled,2025-01-18,2025-01-20,2025-01-18,NV3,FedEx,1,1,21.97,2.63,0.0,24.6,shipmonk_estimate,USD
132126,6383522775350,Cattasaurus - shoproxstore - Shopify,direct_to_consumer,fulfilled,2025-01-18,2025-01-20,2025-01-18,NV3,DHL eCommerce,1,1,11.29,2.26,0.3,13.85,shipmonk_estimate,USD
132127,6383525921078,Cattasaurus - shoproxstore - Shopify,direct_to_consumer,fulfilled,2025-01-18,2025-01-20,2025-01-18,NV3,FedEx,1,1,18.75,2.63,0.0,21.38,shipmonk_estimate,USD
132128,6383551349046,Cattasaurus - shoproxstore - Shopify,direct_to_consumer,fulfilled,2025-01-18,2025-01-20,2025-01-18,NV3,FedEx,1,1,24.04,2.63,0.0,26.67,shipmonk_estimate,USD
132129,6383552725302,Cattasaurus - shoproxstore - Shopify,direct_to_consumer,fulfilled,2025-01-18,2025-01-20,2025-01-18,PA2,FedEx,1,1,28.56,2.63,0.0,31.19,shipmonk_estimate,USD
132130,6383562162486,Cattasaurus - shoproxstore - Shopify,direct_to_consumer,fulfilled,2025-01-18,2025-02-01,2025-01-18,PA2,FedEx,1,1,16.64,2.26,0.0,18.9,shipmonk_estimate,USD
132131,6383565406518,Cattasaurus - shoproxstore - Shopify,direct_to_consumer,fulfilled,2025-01-18,2025-01-20,2025-01-18,PA2,FedEx,1,1,15.17,2.63,0.0,17.8,shipmonk_estimate,USD
132132,6383596863798,Cattasaurus - shoproxstore - Shopify,direct_to_consumer,fulfilled,2025-01-18,2025-01-20,2025-01-18,NV3,UPS,1,1,18.17,2.63,0.0,20.8,shipmonk_estimate,USD
132133,6383597879606,Cattasaurus - shoproxstore - Shopify,direct_to_consumer,fulfilled,2025-01-18,2025-01-20,2025-01-18,NV3,FedEx,1,1,21.97,2.26,0.0,24.23,shipmonk_estimate,USD
132134,6383603745078,Cattasaurus - shoproxstore - Shopify,direct_to_consumer,fulfilled,2025-01-18,2025-01-20,2025-01-18,NV3,FedEx,1,1,13.79,2.63,0.0,16.42,shipmonk_estimate,USD
132135,6383605481782,Cattasaurus - shoproxstore - Shopify,direct_to_consumer,fulfilled,2025-01-18,2025-01-20,2025-01-18,NV3,FedEx,1,1,24.04,2.63,0.0,26.67,shipmonk_estimate,USD
132136,6383612592438,Cattasaurus - shoproxstore - Shopify,direct_to_consumer,fulfilled,2025-01-18,2025-01-20,2025-01-18,NV3,FedEx,1,1,16.64,2.63,0.0,19.27,shipmonk_estimate,USD
132138,6383628681526,Cattasaurus - shoproxstore - Shopify,direct_to_consumer,fulfilled,2025-01-18,2025-01-20,2025-01-18,PA2,FedEx,1,1,27.6,3.0,0.0,30.6,shipmonk_estimate,USD
132138_1,ed2f1094-8f54-43a6-9ef9-121fbb0c5eca,Cattasaurus - shoproxstore - Shopify,direct_to_consumer,fulfilled,2025-01-18,2025-01-20,2025-01-18,NV3,DHL eCommerce,1,1,5.94,1.89,0.3,8.13,shipmonk_estimate,USD
132139,6383669215542,Cattasaurus - shoproxstore - Shopify,direct_to_consumer,fulfilled,2025-01-18,2025-01-20,2025-01-18,NV3,FedEx,1,1,25.57,2.63,0.0,28.2,shipmonk_estimate,USD
132140,6383697887542,Cattasaurus - shoproxstore - Shopify,direct_to_consumer,fulfilled,2025-01-18,2025-02-01,2025-01-18,PA2,UPS,1,1,15.55,2.26,0.0,17.81,shipmonk_estimate,USD
132141,6383705686326,Cattasaurus - shoproxstore - Shopify,direct_to_consumer,fulfilled,2025-01-18,2025-01-20,2025-01-18,NV3,FedEx,1,1,18.75,2.26,0.0,21.01,shipmonk_estimate,USD
132142,6383754936630,Cattasaurus - shoproxstore - Shopify,direct_to_consumer,fulfilled,2025-01-18,2025-01-20,2025-01-18,NV3,FedEx,1,1,18.75,2.63,0.0,21.38,shipmonk_estimate,USD
132143,6383756640566,Cattasaurus - shoproxstore - Shopify,direct_to_consumer,fulfilled,2025-01-18,2025-01-20,2025-01-18,NV3,FedEx,1,1,16.64,2.63,0.0,19.27,shipmonk_estimate,USD
132144,6383770632502,Cattasaurus - shoproxstore - Shopify,direct_to_consumer,fulfilled,2025-01-18,2025-02-04,2025-01-18,PA2,UPS,1,1,15.35,2.26,0.0,17.61,shipmonk_estimate,USD
132146,6383811264822,Cattasaurus - shoproxstore - Shopify,direct_to_consumer,fulfilled,2025-01-18,2025-01-20,2025-01-18,NV3,FedEx,2,1,16.64,2.63,0.0,19.27,shipmonk_estimate,USD
132147,6383822274870,Cattasaurus - shoproxstore - Shopify,direct_to_consumer,fulfilled,2025-01-18,2025-01-20,2025-01-18,NV3,FedEx,1,1,24.04,2.63,0.0,26.67,shipmonk_estimate,USD
132148,6383822766390,Cattasaurus - shoproxstore - Shopify,direct_to_consumer,fulfilled,2025-01-18,2025-01-20,2025-01-18,NV3,DHL eCommerce,1,1,5.77,1.89,0.3,7.96,shipmonk_estimate,USD
132149,6383837905206,Cattasaurus - shoproxstore - Shopify,direct_to_consumer,fulfilled,2025-01-18,2025-01-20,2025-01-18,PA2,DHL eCommerce,1,1,10.85,2.26,0.5,13.61,shipmonk_estimate,USD
132150,6383868641590,Cattasaurus - shoproxstore - Shopify,direct_to_consumer,fulfilled,2025-01-18,2025-01-20,2025-01-18,NV3,FedEx,1,1,24.04,2.63,0.0,26.67,shipmonk_estimate,USD
132151,6383896756534,Cattasaurus - shoproxstore - Shopify,direct_to_consumer,fulfilled,2025-01-18,2025-01-20,2025-01-18,NV3,FedEx,1,1,18.75,2.63,0.0,21.38,shipmonk_estimate,USD
132152,6383904981302,Cattasaurus - shoproxstore - Shopify,direct_to_consumer,fulfilled,2025-01-18,2025-01-20,2025-01-18,PA2,FedEx,1,1,23.63,2.63,0.0,26.26,shipmonk_estimate,USD
132153,6383931228470,Cattasaurus - shoproxstore - Shopify,direct_to_consumer,fulfilled,2025-01-18,2025-01-20,2025-01-18,PA2,FedEx,1,1,19.39,2.63,0.0,22.02,shipmonk_estimate,USD
132154,6383968616758,Cattasaurus - shoproxstore - Shopify,direct_to_consumer,fulfilled,2025-01-18,2025-01-20,2025-01-18,PA2,FedEx,2,1,16.7,3.0,0.0,19.7,shipmonk_estimate,USD
123090,6283029840182,Cattasaurus - shoproxstore - Shopify,direct_to_consumer,fulfilled,2024-12-09,2025-01-19,,PA2,FedEx,1,1,16.7,2.63,0.0,19.33,shipmonk_estimate,USD
106208-01,fb662aaf-fa14-4910-bf6c-1a5ca4ed4820,Cattasaurus - shoproxstore - Shopify,direct_to_consumer,fulfilled,2025-01-19,2025-01-20,2025-01-19,NV3,FedEx,1,1,14.02,4.11,0.0,18.13,shipmonk_estimate,USD
113-4634816-3691400,113-4634816-3691400,Cattasaurus - Amazon USA,direct_to_consumer,fulfilled,2025-01-19,2025-01-19,2025-01-19,PA2,FedEx,1,1,23.63,2.26,0.0,25.89,shipmonk_estimate,USD
128281-01,8ea562aa-d782-4784-9e27-a54341be6204,Cattasaurus - shoproxstore - Shopify,direct_to_consumer,fulfilled,2025-01-19,2025-01-20,2025-01-19,NV3,FedEx,1,1,18.75,2.63,0.0,21.38,shipmonk_estimate,USD
130588-01,e5814d0b-1f6a-442c-a22b-645cc4fafe9a,Cattasaurus - shoproxstore - Shopify,direct_to_consumer,fulfilled,2025-01-19,2025-02-04,2025-01-19,PA2,FedEx,1,1,14.05,2.26,0.0,16.31,shipmonk_estimate,USD
131547-01,b707b1aa-25d2-4627-aa3f-bf5622604b72,Cattasaurus - shoproxstore - Shopify,direct_to_consumer,fulfilled,2025-01-19,2025-01-20,2025-01-19,NV3,FedEx,1,1,13.79,2.26,0.0,16.05,shipmonk_estimate,USD
132155,6384110731574,Cattasaurus - shoproxstore - Shopify,direct_to_consumer,fulfilled,2025-01-19,2025-02-03,2025-01-19,PA2,USPS,2,1,14.38,2.26,0.0,16.64,shipmonk_estimate,USD
132156,6384175120694,Cattasaurus - shoproxstore - Shopify,direct_to_consumer,fulfilled,2025-01-19,2025-01-20,2025-01-19,PA2,FedEx,1,1,16.66,2.63,0.0,19.29,shipmonk_estimate,USD
132157,6384207495478,Cattasaurus - shoproxstore - Shopify,direct_to_consumer,fulfilled,2025-01-19,2025-01-20,2025-01-19,PA2,FedEx,1,1,20.92,2.63,0.0,23.55,shipmonk_estimate,USD
132158,6384216604982,Cattasaurus - shoproxstore - Shopify,direct_to_consumer,fulfilled,2025-01-19,2025-02-01,2025-01-19,PA2,FedEx,1,1,13.79,2.26,0.0,16.05,shipmonk_estimate,USD
132159,6384246522166,Cattasaurus - shoproxstore - Shopify,direct_to_consumer,fulfilled,2025-01-19,2025-02-01,2025-01-19,PA2,FedEx,1,1,13.79,2.26,0.0,16.05,shipmonk_estimate,USD
132160,6384263659830,Cattasaurus - shoproxstore - Shopify,direct_to_consumer,fulfilled,2025-01-19,2025-02-01,2025-01-19,PA2,FedEx,1,1,13.79,2.26,0.0,16.05,shipmonk_estimate,USD
132161,6384303276342,Cattasaurus - shoproxstore - Shopify,direct_to_consumer,fulfilled,2025-01-19,2025-01-20,2025-01-19,PA2,FedEx,1,1,18.19,2.63,0.0,20.82,shipmonk_estimate,USD
132162,6384336142646,Cattasaurus - shoproxstore - Shopify,direct_to_consumer,fulfilled,2025-01-19,2025-01-20,2025-01-19,NV3,FedEx,1,1,20.28,2.63,0.0,22.91,shipmonk_estimate,USD
132163,6384340336950,Cattasaurus - shoproxstore - Shopify,direct_to_consumer,fulfilled,2025-01-19,2025-01-21,2025-01-19,PA2,FedEx,1,1,25.16,2.63,0.0,27.79,shipmonk_estimate,USD
132164,6384353182006,Cattasaurus - shoproxstore - Shopify,direct_to_consumer,fulfilled,2025-01-19,2025-02-04,2025-01-19,PA2,FedEx,1,1,14.05,2.26,0.0,16.31,shipmonk_estimate,USD
132165,6384367010102,Cattasaurus - shoproxstore - Shopify,direct_to_consumer,fulfilled,2025-01-19,2025-01-20,2025-01-19,NV3,FedEx,2,1,18.75,3.0,0.0,21.75,shipmonk_estimate,USD
132166,6384367894838,Cattasaurus - shoproxstore - Shopify,direct_to_consumer,fulfilled,2025-01-19,2025-01-20,2025-01-19,PA2,FedEx,1,1,16.66,2.63,0.0,19.29,shipmonk_estimate,USD
132167,6384379003190,Cattasaurus - shoproxstore - Shopify,direct_to_consumer,fulfilled,2025-01-19,2025-01-20,2025-01-19,NV3,FedEx,1,1,24.04,2.63,0.0,26.67,shipmonk_estimate,USD
132168,6384379461942,Cattasaurus - shoproxstore - Shopify,direct_to_consumer,fulfilled,2025-01-19,2025-01-20,2025-01-19,NV3,FedEx,1,1,24.04,2.63,0.0,26.67,shipmonk_estimate,USD
132169,6384384672054,Cattasaurus - shoproxstore - Shopify,direct_to_consumer,fulfilled,2025-01-19,2025-02-01,2025-01-19,PA2,FedEx,1,1,16.64,2.26,0.0,18.9,shipmonk_estimate,USD
132171,6384399319350,Cattasaurus - shoproxstore - Shopify,direct_to_consumer,fulfilled,2025-01-19,2025-01-20,2025-01-19,NV3,FedEx,1,1,21.97,2.63,0.0,24.6,shipmonk_estimate,USD
132173,6384401154358,Cattasaurus - shoproxstore - Shopify,direct_to_consumer,fulfilled,2025-01-19,2025-01-20,2025-01-19,PA2,FedEx,1,1,14.62,2.63,0.0,17.25,shipmonk_estimate,USD
132174,6384407314742,Cattasaurus - shoproxstore - Shopify,direct_to_consumer,fulfilled,2025-01-19,2025-01-20,2025-01-19,PA2,FedEx,1,1,16.66,2.63,0.0,19.29,shipmonk_estimate,USD
132175,6384427303222,Cattasaurus - shoproxstore - Shopify,direct_to_consumer,fulfilled,2025-01-19,2025-02-01,2025-01-19,PA2,UPS,1,1,18.17,2.26,0.0,20.43,shipmonk_estimate,USD
132176,6384429662518,Cattasaurus - shoproxstore - Shopify,direct_to_consumer,fulfilled,2025-01-19,2025-01-21,2025-01-19,NV3,FedEx,1,1,20.28,2.63,0.0,22.91,shipmonk_estimate,USD
132177,6384433758518,Cattasaurus - shoproxstore - Shopify,direct_to_consumer,fulfilled,2025-01-19,2025-01-20,2025-01-19,PA2,FedEx,1,1,15.17,2.63,0.0,17.8,shipmonk_estimate,USD
132179,6384440967478,Cattasaurus - shoproxstore - Shopify,direct_to_consumer,fulfilled,2025-01-19,2025-01-21,2025-01-19,NV3,FedEx,1,1,18.75,2.63,0.0,21.38,shipmonk_estimate,USD
132180,6384446439734,Cattasaurus - shoproxstore - Shopify,direct_to_consumer,fulfilled,2025-01-19,2025-01-20,2025-01-19,NV3,UPS,1,1,23.5,2.63,0.0,26.13,shipmonk_estimate,USD
132181,6384463184182,Cattasaurus - shoproxstore - Shopify,direct_to_consumer,fulfilled,2025-01-19,2025-01-20,2025-01-19,PA2,FedEx,1,1,20.75,3.0,0.0,23.75,shipmonk_estimate,USD
132182,6384464822582,Cattasaurus - shoproxstore - Shopify,direct_to_consumer,fulfilled,2025-01-19,2025-01-21,2025-01-19,NV3,FedEx,1,1,14.02,2.63,0.0,16.65,shipmonk_estimate,USD
132183,6384478617910,Cattasaurus - shoproxstore - Shopify,direct_to_consumer,fulfilled,2025-01-19,2025-01-21,2025-01-19,NV3,FedEx,1,1,21.97,2.63,0.0,24.6,shipmonk_estimate,USD
132184,6384498147638,Cattasaurus - shoproxstore - Shopify,direct_to_consumer,fulfilled,2025-01-19,2025-01-20,2025-01-19,PA2,FedEx,1,1,15.17,2.63,0.0,17.8,shipmonk_estimate,USD
132185,6384524853558,Cattasaurus - shoproxstore - Shopify,direct_to_consumer,fulfilled,2025-01-19,2025-01-20,2025-01-19,PA2,FedEx,1,1,16.66,2.63,0.0,19.29,shipmonk_estimate,USD
132186,6384532488502,Cattasaurus - shoproxstore - Shopify,direct_to_consumer,fulfilled,2025-01-19,2025-01-21,2025-01-19,NV3,FedEx,1,1,18.75,2.63,0.0,21.38,shipmonk_estimate,USD
132187,6384534552886,Cattasaurus - shoproxstore - Shopify,direct_to_consumer,fulfilled,2025-01-19,2025-01-20,2025-01-19,PA2,FedEx,1,1,16.66,2.63,0.0,19.29,shipmonk_estimate,USD
132188,6384553492790,Cattasaurus - shoproxstore - Shopify,direct_to_consumer,fulfilled,2025-01-19,2025-02-01,2025-01-19,PA2,UPS,1,1,18.17,2.26,0.0,20.43,shipmonk_estimate,USD
132189,6384559456566,Cattasaurus - shoproxstore - Shopify,direct_to_consumer,fulfilled,2025-01-19,2025-01-21,2025-01-19,NV3,FedEx,2,1,14.02,3.0,0.0,17.02,shipmonk_estimate,USD
132190,6384560865590,Cattasaurus - shoproxstore - Shopify,direct_to_consumer,fulfilled,2025-01-19,2025-01-21,2025-01-19,NV3,FedEx,1,1,14.02,2.63,0.0,16.65,shipmonk_estimate,USD
132191,6384570663222,Cattasaurus - shoproxstore - Shopify,direct_to_consumer,fulfilled,2025-01-19,2025-02-01,2025-01-19,PA2,FedEx,1,1,12.97,2.26,0.0,15.23,shipmonk_estimate,USD
132192,6384619258166,Cattasaurus - shoproxstore - Shopify,direct_to_consumer,fulfilled,2025-01-19,2025-01-21,2025-01-19,NV3,FedEx,1,1,18.75,2.63,0.0,21.38,shipmonk_estimate,USD
132193,6384644129078,Cattasaurus - shoproxstore - Shopify,direct_to_consumer,fulfilled,2025-01-19,2025-01-21,2025-01-19,NV3,DHL eCommerce,2,1,10.98,2.26,0.3,13.54,shipmonk_estimate,USD
132194,6384644391222,Cattasaurus - shoproxstore - Shopify,direct_to_consumer,fulfilled,2025-01-19,2025-01-21,2025-01-19,NV3,FedEx,1,1,18.17,2.63,0.0,20.8,shipmonk_estimate,USD
132196,6384660250934,Cattasaurus - shoproxstore - Shopify,direct_to_consumer,fulfilled,2025-01-19,2025-01-20,2025-01-19,PA2,FedEx,1,1,13.09,2.63,0.0,15.72,shipmonk_estimate,USD
132197,6384670638390,Cattasaurus - shoproxstore - Shopify,direct_to_consumer,fulfilled,2025-01-19,2025-01-20,2025-01-19,PA2,FedEx,1,1,20.75,3.0,0.0,23.75,shipmonk_estimate,USD
132198,6384672604470,Cattasaurus - shoproxstore - Shopify,direct_to_consumer,fulfilled,2025-01-19,2025-02-01,2025-01-19,PA2,UPS,1,1,15.55,2.26,0.0,17.81,shipmonk_estimate,USD
132199,6384677683510,Cattasaurus - shoproxstore - Shopify,direct_to_consumer,fulfilled,2025-01-19,2025-01-21,2025-01-19,NV3,UPS,1,1,18.17,2.63,0.0,20.8,shipmonk_estimate,USD
132201_1,9b903e67-1e36-4be9-b757-7db4ed06d394,Cattasaurus - shoproxstore - Shopify,direct_to_consumer,fulfilled,2025-01-19,2025-01-27,2025-01-19,NV3,DHL eCommerce,1,1,5.1,1.89,0.3,7.29,shipmonk_estimate,USD
132202,6384702030134,Cattasaurus - shoproxstore - Shopify,direct_to_consumer,fulfilled,2025-01-19,2025-01-21,2025-01-19,NV3,DHL eCommerce,1,1,5.94,1.89,0.3,8.13,shipmonk_estimate,USD
132204,6384713498934,Cattasaurus - shoproxstore - Shopify,direct_to_consumer,fulfilled,2025-01-19,2025-02-01,2025-01-19,PA2,UPS,1,1,15.32,2.26,0.0,17.58,shipmonk_estimate,USD
132205,6384730276150,Cattasaurus - shoproxstore - Shopify,direct_to_consumer,fulfilled,2025-01-19,2025-01-21,2025-01-19,PA2,FedEx,1,1,13.09,2.63,0.0,15.72,shipmonk_estimate,USD
132207,6384769728822,Cattasaurus - shoproxstore - Shopify,direct_to_consumer,fulfilled,2025-01-19,2025-02-10,2025-01-19,NV3,FedEx,2,1,25.21,2.63,0.0,27.84,shipmonk_estimate,USD
132208,6384782606646,Cattasaurus - shoproxstore - Shopify,direct_to_consumer,fulfilled,2025-01-19,2025-02-01,2025-01-19,PA2,FedEx,1,1,14.02,2.26,0.0,16.28,shipmonk_estimate,USD
132211,6384803709238,Cattasaurus - shoproxstore - Shopify,direct_to_consumer,fulfilled,2025-01-19,2025-01-21,2025-01-19,PA2,FedEx,1,1,16.66,2.63,0.0,19.29,shipmonk_estimate,USD
132212,6384819208502,Cattasaurus - shoproxstore - Shopify,direct_to_consumer,fulfilled,2025-01-19,2025-01-21,2025-01-19,NV3,FedEx,1,1,21.97,2.63,0.0,24.6,shipmonk_estimate,USD
132213,6384836444470,Cattasaurus - shoproxstore - Shopify,direct_to_consumer,fulfilled,2025-01-19,2025-02-01,2025-01-19,PA2,FedEx,1,1,14.02,2.26,0.0,16.28,shipmonk_estimate,USD
132214,6384838345014,Cattasaurus - shoproxstore - Shopify,direct_to_consumer,fulfilled,2025-01-19,2025-01-21,2025-01-19,PA2,FedEx,1,1,19.39,2.63,0.0,22.02,shipmonk_estimate,USD
132216,6384857383222,Cattasaurus - shoproxstore - Shopify,direct_to_consumer,fulfilled,2025-01-19,2025-01-21,2025-01-19,NV3,FedEx,1,1,13.79,2.63,0.0,16.42,shipmonk_estimate,USD
132217,6384858857782,Cattasaurus - shoproxstore - Shopify,direct_to_consumer,fulfilled,2025-01-19,2025-01-21,2025-01-19,PA2,FedEx,1,1,18.19,2.63,0.0,20.82,shipmonk_estimate,USD
132219,6384878453046,Cattasaurus - shoproxstore - Shopify,direct_to_consumer,fulfilled,2025-01-19,2025-01-21,2025-01-19,PA2,DHL eCommerce,1,1,10.85,2.26,0.5,13.61,shipmonk_estimate,USD
132220,6384883237174,Cattasaurus - shoproxstore - Shopify,direct_to_consumer,fulfilled,2025-01-19,2025-02-01,2025-01-19,PA2,FedEx,1,1,18.75,2.26,0.0,21.01,shipmonk_estimate,USD
132221,6384888578358,Cattasaurus - shoproxstore - Shopify,direct_to_consumer,fulfilled,2025-01-19,2025-01-21,2025-01-19,NV3,FedEx,1,1,18.75,2.63,0.0,21.38,shipmonk_estimate,USD
132222,6384913711414,Cattasaurus - shoproxstore - Shopify,direct_to_consumer,fulfilled,2025-01-19,2025-01-21,2025-01-19,NV3,FedEx,1,1,18.75,2.26,0.0,21.01,shipmonk_estimate,USD
132224,6384941793590,Cattasaurus - shoproxstore - Shopify,direct_to_consumer,fulfilled,2025-01-19,2025-01-21,2025-01-19,PA2,FedEx,1,1,20.92,2.26,0.0,23.18,shipmonk_estimate,USD
132226,6384972267830,Cattasaurus - shoproxstore - Shopify,direct_to_consumer,fulfilled,2025-01-19,2025-02-03,2025-01-19,PA2,FedEx,2,1,12.27,2.26,0.0,14.53,shipmonk_estimate,USD
132228,6385021681974,Cattasaurus - shoproxstore - Shopify,direct_to_consumer,fulfilled,2025-01-19,2025-02-04,2025-01-19,PA2,FedEx,1,1,16.67,2.26,0.0,18.93,shipmonk_estimate,USD
132229,6385039507766,Cattasaurus - shoproxstore - Shopify,direct_to_consumer,fulfilled,2025-01-19,2025-02-01,2025-01-19,PA2,UPS,1,1,15.55,2.26,0.0,17.81,shipmonk_estimate,USD
132230,6385045307702,Cattasaurus - shoproxstore - Shopify,direct_to_consumer,fulfilled,2025-01-19,2025-02-05,2025-01-19,PA2,FedEx,1,1,18.5,2.63,0.0,21.13,shipmonk_estimate,USD
132231,6385063887158,Cattasaurus - shoproxstore - Shopify,direct_to_consumer,fulfilled,2025-01-19,2025-02-01,2025-01-19,PA2,FedEx,1,1,18.75,2.26,0.0,21.01,shipmonk_estimate,USD
132232,6385068343606,Cattasaurus - shoproxstore - Shopify,direct_to_consumer,fulfilled,2025-01-19,2025-02-11,2025-01-19,PA2,FedEx,2,1,27.09,2.63,0.0,29.72,shipmonk_estimate,USD
132233,6385076535606,Cattasaurus - shoproxstore - Shopify,direct_to_consumer,fulfilled,2025-01-19,2025-01-21,2025-01-19,NV3,FedEx,2,1,21.97,3.0,0.0,24.97,shipmonk_estimate,USD
132234,6385076666678,Cattasaurus - shoproxstore - Shopify,direct_to_consumer,fulfilled,2025-01-19,2025-02-04,2025-01-19,PA2,UPS,1,1,18.2,2.26,0.0,20.46,shipmonk_estimate,USD
132235,6385078305078,Cattasaurus - shoproxstore - Shopify,direct_to_consumer,fulfilled,2025-01-19,2025-01-21,2025-01-19,PA2,FedEx,1,1,19.39,2.63,0.0,22.02,shipmonk_estimate,USD
132236,6385081581878,Cattasaurus - shoproxstore - Shopify,direct_to_consumer,fulfilled,2025-01-19,2025-01-21,2025-01-19,NV3,FedEx,1,1,14.02,2.63,0.0,16.65,shipmonk_estimate,USD
132237,6385111728438,Cattasaurus - shoproxstore - Shopify,direct_to_consumer,fulfilled,2025-01-19,2025-01-21,2025-01-19,PA2,FedEx,2,1,14.62,3.0,0.0,17.62,shipmonk_estimate,USD
132238,6385111761206,Cattasaurus - shoproxstore - Shopify,direct_to_consumer,fulfilled,2025-01-19,2025-01-21,2025-01-19,NV3,FedEx,1,1,16.64,2.63,0.0,19.27,shipmonk_estimate,USD
132240,6385138696502,Cattasaurus - shoproxstore - Shopify,direct_to_consumer,fulfilled,2025-01-19,2025-01-21,2025-01-19,PA2,FedEx,1,1,16.7,2.63,0.0,19.33,shipmonk_estimate,USD
132241,6385139810614,Cattasaurus - shoproxstore - Shopify,direct_to_consumer,fulfilled,2025-01-19,2025-01-21,2025-01-19,PA2,FedEx,1,1,19.39,2.63,0.0,22.02,shipmonk_estimate,USD
132242,6385149968694,Cattasaurus - shoproxstore - Shopify,direct_to_consumer,fulfilled,2025-01-19,2025-01-21,2025-01-19,PA2,FedEx,2,1,19.39,2.63,0.0,22.02,shipmonk_estimate,USD
132243,6385153737014,Cattasaurus - shoproxstore - Shopify,direct_to_consumer,fulfilled,2025-01-19,2025-01-21,2025-01-19,NV3,FedEx,1,1,20.28,2.63,0.0,22.91,shipmonk_estimate,USD
132244,6385156030774,Cattasaurus - shoproxstore - Shopify,direct_to_consumer,fulfilled,2025-01-19,2025-01-21,2025-01-19,PA2,FedEx,1,1,19.39,2.26,0.0,21.65,shipmonk_estimate,USD
132245,6385163403574,Cattasaurus - shoproxstore - Shopify,direct_to_consumer,fulfilled,2025-01-19,2025-02-10,2025-01-19,PA2,FedEx,2,1,19.43,3.0,0.0,22.43,shipmonk_estimate,USD
132245_1,953654b5-aed7-4316-9a32-4cda623b3f8a,Cattasaurus - shoproxstore - Shopify,direct_to_consumer,fulfilled,2025-01-19,2025-02-10,2025-01-19,NV3,DHL eCommerce,1,1,6.21,1.89,0.3,8.4,shipmonk_estimate,USD
132246,6385187094838,Cattasaurus - shoproxstore - Shopify,direct_to_consumer,fulfilled,2025-01-19,2025-02-04,2025-01-19,PA2,FedEx,1,1,16.67,2.26,0.0,18.93,shipmonk_estimate,USD
132247,6385201905974,Cattasaurus - shoproxstore - Shopify,direct_to_consumer,fulfilled,2025-01-19,2025-01-24,2025-01-19,NV3,FedEx,2,1,16.66,2.63,0.0,19.29,shipmonk_estimate,USD
132248,6385229463862,Cattasaurus - shoproxstore - Shopify,direct_to_consumer,fulfilled,2025-01-19,2025-01-21,2025-01-19,NV3,FedEx,1,1,18.75,2.63,0.0,21.38,shipmonk_estimate,USD
132249,6385241424182,Cattasaurus - shoproxstore - Shopify,direct_to_consumer,fulfilled,2025-01-19,2025-02-01,2025-01-19,PA2,FedEx,1,1,13.79,2.26,0.0,16.05,shipmonk_estimate,USD
132250,6385244897590,Cattasaurus - shoproxstore - Shopify,direct_to_consumer,fulfilled,2025-01-19,2025-01-21,2025-01-19,NV3,FedEx,2,1,16.64,2.63,0.0,19.27,shipmonk_estimate,USD
132251,6385249616182,Cattasaurus - shoproxstore - Shopify,direct_to_consumer,fulfilled,2025-01-19,2025-01-21,2025-01-19,NV3,FedEx,1,1,21.97,2.63,0.0,24.6,shipmonk_estimate,USD
132252,6385257709878,Cattasaurus - shoproxstore - Shopify,direct_to_consumer,fulfilled,2025-01-19,2025-01-21,2025-01-19,NV3,FedEx,1,1,16.64,2.63,0.0,19.27,shipmonk_estimate,USD
132253,6385299292470,Cattasaurus - shoproxstore - Shopify,direct_to_consumer,fulfilled,2025-01-19,2025-02-01,2025-01-19,PA2,FedEx,1,1,13.79,2.26,0.0,16.05,shipmonk_estimate,USD
132254,6385311514934,Cattasaurus - shoproxstore - Shopify,direct_to_consumer,fulfilled,2025-01-19,2025-02-04,2025-01-19,PA2,FedEx,1,1,13.82,2.26,0.0,16.08,shipmonk_estimate,USD
132255,6385330159926,Cattasaurus - shoproxstore - Shopify,direct_to_consumer,fulfilled,2025-01-19,2025-02-01,2025-01-19,PA2,FedEx,1,1,13.79,2.26,0.0,16.05,shipmonk_estimate,USD
132256,6385334518070,Cattasaurus - shoproxstore - Shopify,direct_to_consumer,fulfilled,2025-01-19,2025-01-21,2025-01-19,PA2,FedEx,1,1,19.39,2.63,0.0,22.02,shipmonk_estimate,USD
132257,6385349329206,Cattasaurus - shoproxstore - Shopify,direct_to_consumer,fulfilled,2025-01-19,2025-01-21,2025-01-19,NV3,FedEx,2,1,13.79,2.63,0.0,16.42,shipmonk_estimate,USD
132258,6385353785654,Cattasaurus - shoproxstore - Shopify,direct_to_consumer,fulfilled,2025-01-19,2025-01-21,2025-01-19,NV3,FedEx,1,1,13.79,2.63,0.0,16.42,shipmonk_estimate,USD
132260,6385381966134,Cattasaurus - shoproxstore - Shopify,direct_to_consumer,fulfilled,2025-01-19,2025-02-01,2025-01-19,PA2,FedEx,1,1,13.79,2.26,0.0,16.05,shipmonk_estimate,USD
132261,6385388159286,Cattasaurus - shoproxstore - Shopify,direct_to_consumer,fulfilled,2025-01-19,2025-02-04,2025-01-19,PA2,FedEx,1,1,13.82,2.26,0.0,16.08,shipmonk_estimate,USD
132262,6385432625462,Cattasaurus - shoproxstore - Shopify,direct_to_consumer,fulfilled,2025-01-19,2025-01-21,2025-01-19,PA2,FedEx,1,1,13.09,2.63,0.0,15.72,shipmonk_estimate,USD
132263,6385471521078,Cattasaurus - shoproxstore - Shopify,direct_to_consumer,fulfilled,2025-01-19,2025-01-21,2025-01-19,NV3,FedEx,1,1,13.79,2.63,0.0,16.42,shipmonk_estimate,USD
132264,6385521557814,Cattasaurus - shoproxstore - Shopify,direct_to_consumer,fulfilled,2025-01-19,2025-02-01,2025-01-19,PA2,UPS,1,1,15.55,2.26,0.0,17.81,shipmonk_estimate,USD
132266,6385553539382,Cattasaurus - shoproxstore - Shopify,direct_to_consumer,fulfilled,2025-01-19,2025-02-01,2025-01-19,PA2,FedEx,1,1,13.79,2.26,0.0,16.05,shipmonk_estimate,USD
132267,6385596891446,Cattasaurus - shoproxstore - Shopify,direct_to_consumer,fulfilled,2025-01-19,2025-01-21,2025-01-19,PA2,FedEx,1,1,19.39,2.63,0.0,22.02,shipmonk_estimate,USD
128415_1,1e0c6d66-233a-4629-8cb8-34f4bdbf589c,Cattasaurus - shoproxstore - Shopify,direct_to_consumer,fulfilled,2024-12-23,2025-01-20,,NV3,DHL eCommerce,1,1,6.46,1.89,0.9,9.25,shipmonk_estimate,USD
128710,6308796563766,Cattasaurus - shoproxstore - Shopify,direct_to_consumer,fulfilled,2024-12-25,2025-01-20,,NV3,FedEx,1,1,16.64,2.63,0.0,19.27,shipmonk_estimate,USD
129089,6316683493686,Cattasaurus - shoproxstore - Shopify,direct_to_consumer,fulfilled,2024-12-26,2025-01-20,,NV3,UPS,1,1,18.17,2.63,0.0,20.8,shipmonk_estimate,USD
129860_1,372eddde-25e8-44a9-8d88-6e95a9a97055,Cattasaurus - shoproxstore - Shopify,direct_to_consumer,fulfilled,2024-12-30,2025-01-20,,NV3,DHL eCommerce,1,1,6.68,1.89,0.9,9.47,shipmonk_estimate,USD
130009_1,adb76d4e-e375-4395-9e6f-d3a2771d178e,Cattasaurus - shoproxstore - Shopify,direct_to_consumer,fulfilled,2024-12-31,2025-01-20,,NV3,DHL eCommerce,1,1,6.46,1.89,0.9,9.25,shipmonk_estimate,USD
114-4158769-4306634,114-4158769-4306634,Cattasaurus - Amazon USA,direct_to_consumer,fulfilled,2025-01-20,2025-01-22,2025-01-20,NV3,FedEx,1,1,31.41,2.26,0.0,33.67,shipmonk_estimate,USD
126168-01,080b93ce-a913-449d-8bb9-c503021286c3,Cattasaurus - shoproxstore - Shopify,direct_to_consumer,fulfilled,2025-01-20,2025-01-20,2025-01-20,NV3,FedEx,2,1,14.02,3.0,0.0,17.02,shipmonk_estimate,USD
130612-01,7226cca9-2c7b-4fcb-9025-0c65f42ef64b,Cattasaurus - shoproxstore - Shopify,direct_to_consumer,fulfilled,2025-01-20,2025-01-20,2025-01-20,NV3,FedEx,1,1,18.75,2.63,0.0,21.38,shipmonk_estimate,USD
130729-01,f412ecbd-0774-48f8-9d9f-7d7f746bf6b6,Cattasaurus - shoproxstore - Shopify,direct_to_consumer,fulfilled,2025-01-20,2025-01-20,2025-01-20,PA2,FedEx,1,1,20.92,2.26,0.0,23.18,shipmonk_estimate,USD
132269,6385844977974,Cattasaurus - shoproxstore - Shopify,direct_to_consumer,fulfilled,2025-01-20,2025-01-21,2025-01-20,PA2,FedEx,1,1,13.09,2.26,0.0,15.35,shipmonk_estimate,USD
132270,6385846386998,Cattasaurus - shoproxstore - Shopify,direct_to_consumer,fulfilled,2025-01-20,2025-02-01,2025-01-20,PA2,FedEx,1,1,16.64,2.26,0.0,18.9,shipmonk_estimate,USD
132271,6385854415158,Cattasaurus - shoproxstore - Shopify,direct_to_consumer,fulfilled,2025-01-20,2025-01-21,2025-01-20,NV3,FedEx,1,1,16.64,2.26,0.0,18.9,shipmonk_estimate,USD
132273,6385869914422,Cattasaurus - shoproxstore - Shopify,direct_to_consumer,fulfilled,2025-01-20,2025-01-21,2025-01-20,NV3,FedEx,2,1,18.75,3.0,0.0,21.75,shipmonk_estimate,USD
132274,6385882595638,Cattasaurus - shoproxstore - Shopify,direct_to_consumer,fulfilled,2025-01-20,2025-01-21,2025-01-20,NV3,FedEx,1,1,21.97,2.63,0.0,24.6,shipmonk_estimate,USD
132276,6385901207862,Cattasaurus - shoproxstore - Shopify,direct_to_consumer,fulfilled,2025-01-20,2025-01-21,2025-01-20,PA2,FedEx,1,1,20.92,2.63,0.0,23.55,shipmonk_estimate,USD
132280,6385961566518,Cattasaurus - shoproxstore - Shopify,direct_to_consumer,fulfilled,2025-01-20,2025-01-21,2025-01-20,PA2,FedEx,1,1,15.17,2.63,0.0,17.8,shipmonk_estimate,USD
132281,6385967071542,Cattasaurus - shoproxstore - Shopify,direct_to_consumer,fulfilled,2025-01-20,2025-01-21,2025-01-20,NV3,FedEx,1,1,20.28,2.63,0.0,22.91,shipmonk_estimate,USD
132283,6385971200310,Cattasaurus - shoproxstore - Shopify,direct_to_consumer,fulfilled,2025-01-20,2025-01-21,2025-01-20,PA2,FedEx,1,1,19.39,2.63,0.0,22.02,shipmonk_estimate,USD
132284,6385997185334,Cattasaurus - shoproxstore - Shopify,direct_to_consumer,fulfilled,2025-01-20,2025-01-21,2025-01-20,PA2,FedEx,2,1,14.62,3.0,0.0,17.62,shipmonk_estimate,USD
132285,6386000331062,Cattasaurus - shoproxstore - Shopify,direct_to_consumer,fulfilled,2025-01-20,2025-02-02,2025-01-20,PA2,UPS,2,1,18.17,2.26,0.0,20.43,shipmonk_estimate,USD
132287,6386032804150,Cattasaurus - shoproxstore - Shopify,direct_to_consumer,fulfilled,2025-01-20,2025-01-21,2025-01-20,NV3,UPS,1,1,18.17,2.63,0.0,20.8,shipmonk_estimate,USD
132288,6386055872822,Cattasaurus - shoproxstore - Shopify,direct_to_consumer,fulfilled,2025-01-20,2025-01-22,2025-01-20,NV3,FedEx,1,1,24.04,2.63,0.0,26.67,shipmonk_estimate,USD
132290,6386067079478,Cattasaurus - shoproxstore - Shopify,direct_to_consumer,fulfilled,2025-01-20,2025-01-22,2025-01-20,NV3,FedEx,1,1,13.79,2.63,0.0,16.42,shipmonk_estimate,USD
132291,6386069897526,Cattasaurus - shoproxstore - Shopify,direct_to_consumer,fulfilled,2025-01-20,2025-01-22,2025-01-20,NV3,FedEx,1,1,18.75,2.63,0.0,21.38,shipmonk_estimate,USD
132292,6386076451126,Cattasaurus - shoproxstore - Shopify,direct_to_consumer,fulfilled,2025-01-20,2025-01-22,2025-01-20,NV3,FedEx,1,1,14.02,2.63,0.0,16.65,shipmonk_estimate,USD
132293,6386077729078,Cattasaurus - shoproxstore - Shopify,direct_to_consumer,fulfilled,2025-01-20,2025-01-22,2025-01-20,NV3,FedEx,1,1,16.64,2.63,0.0,19.27,shipmonk_estimate,USD
132294,6386082382134,Cattasaurus - shoproxstore - Shopify,direct_to_consumer,fulfilled,2025-01-20,2025-01-22,2025-01-20,NV3,FedEx,1,1,21.97,2.63,0.0,24.6,shipmonk_estimate,USD
132295,6386088050998,Cattasaurus - shoproxstore - Shopify,direct_to_consumer,fulfilled,2025-01-20,2025-01-22,2025-01-20,NV3,FedEx,1,1,21.97,2.63,0.0,24.6,shipmonk_estimate,USD
132296,6386089689398,Cattasaurus - shoproxstore - Shopify,direct_to_consumer,fulfilled,2025-01-20,2025-01-22,2025-01-20,NV3,FedEx,1,1,0.0,2.63,0.0,2.63,shipmonk_estimate,USD
132297,6386091786550,Cattasaurus - shoproxstore - Shopify,direct_to_consumer,fulfilled,2025-01-20,2025-01-21,2025-01-20,PA2,FedEx,1,1,19.39,2.63,0.0,22.02,shipmonk_estimate,USD
132298,6386092802358,Cattasaurus - shoproxstore - Shopify,direct_to_consumer,fulfilled,2025-01-20,2025-01-22,2025-01-20,NV3,FedEx,1,1,21.97,2.63,0.0,24.6,shipmonk_estimate,USD
132299,6386097619254,Cattasaurus - shoproxstore - Shopify,direct_to_consumer,fulfilled,2025-01-20,2025-01-22,2025-01-20,NV3,FedEx,1,1,18.75,2.63,0.0,21.38,shipmonk_estimate,USD
132300,6386123342134,Cattasaurus - shoproxstore - Shopify,direct_to_consumer,fulfilled,2025-01-20,2025-01-21,2025-01-20,PA2,FedEx,1,1,13.09,2.63,0.0,15.72,shipmonk_estimate,USD
132301,6386152276278,Cattasaurus - shoproxstore - Shopify,direct_to_consumer,fulfilled,2025-01-20,2025-01-22,2025-01-20,NV3,UPS,1,1,20.28,2.63,0.0,22.91,shipmonk_estimate,USD
132302,6386208604470,Cattasaurus - shoproxstore - Shopify,direct_to_consumer,fulfilled,2025-01-20,2025-01-21,2025-01-20,PA2,FedEx,1,1,23.63,2.63,0.0,26.26,shipmonk_estimate,USD
132303,6386219680054,Cattasaurus - shoproxstore - Shopify,direct_to_consumer,fulfilled,2025-01-20,2025-01-22,2025-01-20,NV3,FedEx,1,1,16.64,2.63,0.0,19.27,shipmonk_estimate,USD
132304,6386247729462,Cattasaurus - shoproxstore - Shopify,direct_to_consumer,fulfilled,2025-01-20,2025-01-22,2025-01-20,NV3,FedEx,1,1,16.64,2.26,0.0,18.9,shipmonk_estimate,USD
132305,6386292130102,Cattasaurus - shoproxstore - Shopify,direct_to_consumer,fulfilled,2025-01-20,2025-02-06,2025-01-20,PA2,FedEx,2,1,20.96,3.0,0.0,23.96,shipmonk_estimate,USD
132305_1,aaf6fa19-07b4-4c34-8890-c231545f2369,Cattasaurus - shoproxstore - Shopify,direct_to_consumer,fulfilled,2025-01-20,2025-02-06,2025-01-20,NV3,DHL eCommerce,1,1,5.77,1.89,0.3,7.96,shipmonk_estimate,USD
132306,6386323358006,Cattasaurus - shoproxstore - Shopify,direct_to_consumer,fulfilled,2025-01-20,2025-01-21,2025-01-20,PA2,FedEx,2,1,16.7,3.0,0.0,19.7,shipmonk_estimate,USD
132307,6386359861558,Cattasaurus - shoproxstore - Shopify,direct_to_consumer,fulfilled,2025-01-20,2025-01-21,2025-01-20,PA2,FedEx,2,1,20.92,3.0,0.0,23.92,shipmonk_estimate,USD
132308,6386394890550,Cattasaurus - shoproxstore - Shopify,direct_to_consumer,fulfilled,2025-01-20,2025-01-22,2025-01-20,NV3,FedEx,1,1,23.5,2.63,0.0,26.13,shipmonk_estimate,USD
132309,6386401116470,Cattasaurus - shoproxstore - Shopify,direct_to_consumer,fulfilled,2025-01-20,2025-01-22,2025-01-20,NV3,FedEx,1,1,14.02,2.63,0.0,16.65,shipmonk_estimate,USD
132310,6386409505078,Cattasaurus - shoproxstore - Shopify,direct_to_consumer,fulfilled,2025-01-20,2025-01-22,2025-01-20,PA2,FedEx,1,1,15.17,2.63,0.0,17.8,shipmonk_estimate,USD
132311,6386410979638,Cattasaurus - shoproxstore - Shopify,direct_to_consumer,fulfilled,2025-01-20,2025-01-22,2025-01-20,NV3,FedEx,1,1,21.97,2.63,0.0,24.6,shipmonk_estimate,USD
132313,6386428641590,Cattasaurus - shoproxstore - Shopify,direct_to_consumer,fulfilled,2025-01-20,2025-01-22,2025-01-20,NV3,FedEx,1,1,24.04,2.26,0.0,26.3,shipmonk_estimate,USD
132314,6386431525174,Cattasaurus - shoproxstore - Shopify,direct_to_consumer,fulfilled,2025-01-20,2025-01-22,2025-01-20,NV3,FedEx,1,1,24.04,2.63,0.0,26.67,shipmonk_estimate,USD
132315,6386443977014,Cattasaurus - shoproxstore - Shopify,direct_to_consumer,fulfilled,2025-01-20,2025-01-22,2025-01-20,NV3,FedEx,1,1,16.64,2.63,0.0,19.27,shipmonk_estimate,USD
132316,6386467078454,Cattasaurus - shoproxstore - Shopify,direct_to_consumer,fulfilled,2025-01-20,2025-01-22,2025-01-20,PA2,FedEx,1,1,19.39,2.26,0.0,21.65,shipmonk_estimate,USD
132317,6386478022966,Cattasaurus - shoproxstore - Shopify,direct_to_consumer,fulfilled,2025-01-20,2025-01-22,2025-01-20,NV3,UPS,1,1,23.5,2.63,0.0,26.13,shipmonk_estimate,USD
132318,6386509840694,Cattasaurus - shoproxstore - Shopify,direct_to_consumer,fulfilled,2025-01-20,2025-01-22,2025-01-20,NV3,FedEx,1,1,24.04,2.63,0.0,26.67,shipmonk_estimate,USD
132319,6386523177270,Cattasaurus - shoproxstore - Shopify,direct_to_consumer,fulfilled,2025-01-20,2025-02-23,2025-01-20,PA2,FedEx,1,1,23.55,2.26,0.0,25.81,shipmonk_estimate,USD
132320,6386545459510,Cattasaurus - shoproxstore - Shopify,direct_to_consumer,fulfilled,2025-01-20,2025-01-22,2025-01-20,NV3,FedEx,1,1,14.02,2.63,0.0,16.65,shipmonk_estimate,USD
132321,6386549195062,Cattasaurus - shoproxstore - Shopify,direct_to_consumer,fulfilled,2025-01-20,2025-02-02,2025-01-20,PA2,FedEx,2,1,22.37,3.0,0.0,25.37,shipmonk_estimate,USD
132322,6386560172342,Cattasaurus - shoproxstore - Shopify,direct_to_consumer,fulfilled,2025-01-20,2025-01-22,2025-01-20,NV3,FedEx,1,1,21.97,2.63,0.0,24.6,shipmonk_estimate,USD
132323,6386560500022,Cattasaurus - shoproxstore - Shopify,direct_to_consumer,fulfilled,2025-01-20,2025-01-22,2025-01-20,PA2,FedEx,1,1,16.66,2.63,0.0,19.29,shipmonk_estimate,USD
132324,6386570592566,Cattasaurus - shoproxstore - Shopify,direct_to_consumer,fulfilled,2025-01-20,2025-01-22,2025-01-20,NV3,FedEx,1,1,23.5,2.63,0.0,26.13,shipmonk_estimate,USD
132326,6386607718710,Cattasaurus - shoproxstore - Shopify,direct_to_consumer,fulfilled,2025-01-20,2025-01-22,2025-01-20,PA2,FedEx,2,1,28.56,3.0,0.0,31.56,shipmonk_estimate,USD
132327,6386612306230,Cattasaurus - shoproxstore - Shopify,direct_to_consumer,fulfilled,2025-01-20,2025-01-22,2025-01-20,PA2,FedEx,1,1,20.92,2.63,0.0,23.55,shipmonk_estimate,USD
132329,6386615648566,Cattasaurus - shoproxstore - Shopify,direct_to_consumer,fulfilled,2025-01-20,2025-01-22,2025-01-20,PA2,DHL eCommerce,2,1,10.45,2.63,0.5,13.58,shipmonk_estimate,USD
132330,6386619318582,Cattasaurus - shoproxstore - Shopify,direct_to_consumer,fulfilled,2025-01-20,2025-01-22,2025-01-20,PA2,FedEx,1,1,27.04,2.26,0.0,29.3,shipmonk_estimate,USD
132331,6386619515190,Cattasaurus - shoproxstore - Shopify,direct_to_consumer,fulfilled,2025-01-20,2025-01-22,2025-01-20,NV3,FedEx,2,1,21.97,3.37,0.0,25.34,shipmonk_estimate,USD
132332,6386626658614,Cattasaurus - shoproxstore - Shopify,direct_to_consumer,fulfilled,2025-01-20,2025-01-22,2025-01-20,PA2,FedEx,1,1,20.92,2.26,0.0,23.18,shipmonk_estimate,USD
132333,6386631409974,Cattasaurus - shoproxstore - Shopify,direct_to_consumer,fulfilled,2025-01-20,2025-01-22,2025-01-20,PA2,FedEx,1,1,20.92,2.63,0.0,23.55,shipmonk_estimate,USD
132334,6386633310518,Cattasaurus - shoproxstore - Shopify,direct_to_consumer,fulfilled,2025-01-20,2025-01-22,2025-01-20,PA2,FedEx,1,1,25.16,2.63,0.0,27.79,shipmonk_estimate,USD
132335,6386654380342,Cattasaurus - shoproxstore - Shopify,direct_to_consumer,fulfilled,2025-01-20,2025-01-22,2025-01-20,NV3,UPS,1,1,15.55,2.63,0.0,18.18,shipmonk_estimate,USD
132336,6386655756598,Cattasaurus - shoproxstore - Shopify,direct_to_consumer,fulfilled,2025-01-20,2025-01-22,2025-01-20,NV3,FedEx,2,1,15.17,2.63,0.0,17.8,shipmonk_estimate,USD
132338,6386681086262,Cattasaurus - shoproxstore - Shopify,direct_to_consumer,fulfilled,2025-01-20,2025-01-22,2025-01-20,PA2,FedEx,1,1,19.39,2.63,0.0,22.02,shipmonk_estimate,USD
132339,6386690326838,Cattasaurus - shoproxstore - Shopify,direct_to_consumer,fulfilled,2025-01-20,2025-01-22,2025-01-20,PA2,FedEx,1,1,25.16,2.63,0.0,27.79,shipmonk_estimate,USD
132340,6386703597878,Cattasaurus - shoproxstore - Shopify,direct_to_consumer,fulfilled,2025-01-20,2025-01-22,2025-01-20,NV3,FedEx,1,1,20.28,2.63,0.0,22.91,shipmonk_estimate,USD
132341,6386709594422,Cattasaurus - shoproxstore - Shopify,direct_to_consumer,fulfilled,2025-01-20,2025-01-22,2025-01-20,NV3,DHL eCommerce,4,1,10.64,3.0,0.5,14.14,shipmonk_estimate,USD
132342,6386711593270,Cattasaurus - shoproxstore - Shopify,direct_to_consumer,fulfilled,2025-01-20,2025-01-22,2025-01-20,NV3,FedEx,1,1,21.97,2.63,0.0,24.6,shipmonk_estimate,USD
132343,6386741117238,Cattasaurus - shoproxstore - Shopify,direct_to_consumer,fulfilled,2025-01-20,2025-01-22,2025-01-20,NV3,FedEx,1,1,25.44,3.0,0.0,28.44,shipmonk_estimate,USD
132344,6386746917174,Cattasaurus - shoproxstore - Shopify,direct_to_consumer,fulfilled,2025-01-20,2025-01-22,2025-01-20,NV3,DHL eCommerce,1,1,5.77,1.89,0.0,7.66,shipmonk_estimate,USD
132345,6386769854774,Cattasaurus - shoproxstore - Shopify,direct_to_consumer,fulfilled,2025-01-20,2025-01-22,2025-01-20,NV3,FedEx,1,1,21.97,2.63,0.0,24.6,shipmonk_estimate,USD
132346,6386772672822,Cattasaurus - shoproxstore - Shopify,direct_to_consumer,fulfilled,2025-01-20,2025-01-22,2025-01-20,NV3,FedEx,1,1,14.02,2.63,0.0,16.65,shipmonk_estimate,USD
132347,6386775195958,Cattasaurus - shoproxstore - Shopify,direct_to_consumer,fulfilled,2025-01-20,2025-01-22,2025-01-20,NV3,FedEx,2,1,31.41,3.0,0.0,34.41,shipmonk_estimate,USD
132351,6386782437686,Cattasaurus - shoproxstore - Shopify,direct_to_consumer,fulfilled,2025-01-20,2025-01-22,2025-01-20,NV3,FedEx,1,1,23.5,2.63,0.0,26.13,shipmonk_estimate,USD
132352,6386783355190,Cattasaurus - shoproxstore - Shopify,direct_to_consumer,fulfilled,2025-01-20,2025-01-22,2025-01-20,NV3,FedEx,1,1,21.97,2.63,0.0,24.6,shipmonk_estimate,USD
132353,6386783846710,Cattasaurus - shoproxstore - Shopify,direct_to_consumer,fulfilled,2025-01-20,2025-01-22,2025-01-20,PA2,FedEx,1,1,19.39,2.63,0.0,22.02,shipmonk_estimate,USD
132354,6386802327862,Cattasaurus - shoproxstore - Shopify,direct_to_consumer,fulfilled,2025-01-20,2025-01-22,2025-01-20,PA2,FedEx,1,1,20.92,2.63,0.0,23.55,shipmonk_estimate,USD
132355,6386816581942,Cattasaurus - shoproxstore - Shopify,direct_to_consumer,fulfilled,2025-01-20,2025-01-22,2025-01-20,NV3,FedEx,1,1,18.75,2.63,0.0,21.38,shipmonk_estimate,USD
132356,6386816778550,Cattasaurus - shoproxstore - Shopify,direct_to_consumer,fulfilled,2025-01-20,2025-01-22,2025-01-20,NV3,FedEx,1,1,21.97,2.63,0.0,24.6,shipmonk_estimate,USD
132357_1,37bf4947-2d53-43df-8486-a22f44317ab9,Cattasaurus - shoproxstore - Shopify,direct_to_consumer,fulfilled,2025-01-20,2025-01-27,2025-01-20,NV3,DHL eCommerce,1,1,4.97,1.89,0.3,7.16,shipmonk_estimate,USD
132358,6386822021430,Cattasaurus - shoproxstore - Shopify,direct_to_consumer,fulfilled,2025-01-20,2025-01-22,2025-01-20,NV3,FedEx,1,1,24.04,2.63,0.0,26.67,shipmonk_estimate,USD
132359,6386843091254,Cattasaurus - shoproxstore - Shopify,direct_to_consumer,fulfilled,2025-01-20,2025-01-22,2025-01-20,NV3,FedEx,1,1,18.75,2.63,0.0,21.38,shipmonk_estimate,USD
132361,6386914001206,Cattasaurus - shoproxstore - Shopify,direct_to_consumer,fulfilled,2025-01-20,2025-01-22,2025-01-20,NV3,FedEx,1,1,16.64,2.63,0.0,19.27,shipmonk_estimate,USD
132362,6386930483510,Cattasaurus - shoproxstore - Shopify,direct_to_consumer,fulfilled,2025-01-20,2025-01-22,2025-01-20,PA2,FedEx,1,1,19.39,2.63,0.0,22.02,shipmonk_estimate,USD
132363,6386935497014,Cattasaurus - shoproxstore - Shopify,direct_to_consumer,fulfilled,2025-01-20,2025-01-22,2025-01-20,NV3,FedEx,1,1,24.04,2.26,0.0,26.3,shipmonk_estimate,USD
132364,6386935922998,Cattasaurus - shoproxstore - Shopify,direct_to_consumer,fulfilled,2025-01-20,2025-02-01,2025-01-20,PA2,FedEx,1,1,12.97,2.26,0.0,15.23,shipmonk_estimate,USD
132365,6386938380598,Cattasaurus - shoproxstore - Shopify,direct_to_consumer,fulfilled,2025-01-20,2025-01-22,2025-01-20,NV3,FedEx,1,1,14.72,3.0,0.0,17.72,shipmonk_estimate,USD
132366,6386948669750,Cattasaurus - shoproxstore - Shopify,direct_to_consumer,fulfilled,2025-01-20,2025-01-22,2025-01-20,NV3,FedEx,1,1,24.04,2.63,0.0,26.67,shipmonk_estimate,USD
132367,6386960367926,Cattasaurus - shoproxstore - Shopify,direct_to_consumer,fulfilled,2025-01-20,2025-01-22,2025-01-20,PA2,FedEx,1,1,20.92,2.63,0.0,23.55,shipmonk_estimate,USD
132368,6386989990198,Cattasaurus - shoproxstore - Shopify,direct_to_consumer,fulfilled,2025-01-20,2025-01-22,2025-01-20,NV3,FedEx,5,2,47.41,4.11,0.0,51.52,shipmonk_estimate,USD
132369,6387011060022,Cattasaurus - shoproxstore - Shopify,direct_to_consumer,fulfilled,2025-01-20,2025-01-22,2025-01-20,NV3,FedEx,1,1,24.04,2.63,0.0,26.67,shipmonk_estimate,USD
132370,6387041042742,Cattasaurus - shoproxstore - Shopify,direct_to_consumer,fulfilled,2025-01-20,2025-01-22,2025-01-20,NV3,FedEx,1,1,21.97,2.63,0.0,24.6,shipmonk_estimate,USD
132371,6387065225526,Cattasaurus - shoproxstore - Shopify,direct_to_consumer,fulfilled,2025-01-20,2025-01-22,2025-01-20,PA2,USPS,1,1,4.62,1.89,0.3,6.81,shipmonk_estimate,USD
132373,6387091538230,Cattasaurus - shoproxstore - Shopify,direct_to_consumer,fulfilled,2025-01-20,2025-01-22,2025-01-20,NV3,FedEx,2,1,25.57,3.0,0.0,28.57,shipmonk_estimate,USD
132374,6387091767606,Cattasaurus - shoproxstore - Shopify,direct_to_consumer,fulfilled,2025-01-20,2025-01-22,2025-01-20,NV3,FedEx,1,1,16.64,2.63,0.0,19.27,shipmonk_estimate,USD
132375,6387103105334,Cattasaurus - shoproxstore - Shopify,direct_to_consumer,fulfilled,2025-01-20,2025-01-22,2025-01-20,NV3,FedEx,1,1,24.04,2.63,0.0,26.67,shipmonk_estimate,USD
132376,6387128631606,Cattasaurus - shoproxstore - Shopify,direct_to_consumer,fulfilled,2025-01-20,2025-01-22,2025-01-20,NV3,FedEx,1,1,18.75,2.63,0.0,21.38,shipmonk_estimate,USD
132377,6387134923062,Cattasaurus - shoproxstore - Shopify,direct_to_consumer,fulfilled,2025-01-20,2025-01-22,2025-01-20,NV3,UPS,1,1,18.17,2.63,0.0,20.8,shipmonk_estimate,USD
132378,6387150586166,Cattasaurus - shoproxstore - Shopify,direct_to_consumer,fulfilled,2025-01-20,2025-01-22,2025-01-20,PA2,FedEx,1,1,27.04,2.63,0.0,29.67,shipmonk_estimate,USD
132379,6387212615990,Cattasaurus - shoproxstore - Shopify,direct_to_consumer,fulfilled,2025-01-20,2025-01-22,2025-01-20,NV3,FedEx,1,1,24.04,2.63,0.0,26.67,shipmonk_estimate,USD
132380,6387218055478,Cattasaurus - shoproxstore - Shopify,direct_to_consumer,fulfilled,2025-01-20,2025-01-22,2025-01-20,NV3,FedEx,1,1,16.64,2.63,0.0,19.27,shipmonk_estimate,USD
132381,6387235029302,Cattasaurus - shoproxstore - Shopify,direct_to_consumer,fulfilled,2025-01-20,2025-01-22,2025-01-20,NV3,FedEx,1,1,21.97,2.63,0.0,24.6,shipmonk_estimate,USD
132382,6387298074934,Cattasaurus - shoproxstore - Shopify,direct_to_consumer,fulfilled,2025-01-20,2025-01-22,2025-01-20,NV3,FedEx,1,1,13.79,2.63,0.0,16.42,shipmonk_estimate,USD
132383,6387300041014,Cattasaurus - shoproxstore - Shopify,direct_to_consumer,fulfilled,2025-01-20,2025-01-22,2025-01-20,PA2,FedEx,1,1,23.63,2.63,0.0,26.26,shipmonk_estimate,USD
132384,6387322323254,Cattasaurus - shoproxstore - Shopify,direct_to_consumer,fulfilled,2025-01-20,2025-01-22,2025-01-20,NV3,FedEx,1,1,18.75,2.63,0.0,21.38,shipmonk_estimate,USD
132385,6387345686838,Cattasaurus - shoproxstore - Shopify,direct_to_consumer,fulfilled,2025-01-20,2025-01-22,2025-01-20,NV3,FedEx,1,1,18.87,2.26,0.0,21.13,shipmonk_estimate,USD
132386,6387378389302,Cattasaurus - shoproxstore - Shopify,direct_to_consumer,fulfilled,2025-01-20,2025-01-22,2025-01-20,NV3,FedEx,1,1,21.97,2.63,0.0,24.6,shipmonk_estimate,USD
111-0157149-0797825,111-0157149-0797825,Cattasaurus - Amazon USA,direct_to_consumer,fulfilled,2025-01-21,2025-01-22,2025-01-21,PA2,FedEx,1,1,20.92,2.26,0.0,23.18,shipmonk_estimate,USD
112-6313449-9401868,112-6313449-9401868,Cattasaurus - Amazon USA,direct_to_consumer,fulfilled,2025-01-21,2025-01-22,2025-01-21,PA2,FedEx,1,1,15.17,2.26,0.0,17.43,shipmonk_estimate,USD
113-1653373-6316210,113-1653373-6316210,Cattasaurus - Amazon USA,direct_to_consumer,fulfilled,2025-01-21,2025-01-22,2025-01-21,PA2,FedEx,1,1,20.92,2.26,0.0,23.18,shipmonk_estimate,USD
129229-01,fef1d88f-e860-4e07-a830-31c3754cd968,Cattasaurus - shoproxstore - Shopify,direct_to_consumer,fulfilled,2025-01-21,2025-01-22,2025-01-21,PA2,FedEx,1,1,14.02,2.63,0.0,16.65,shipmonk_estimate,USD
132387,6387482657078,Cattasaurus - shoproxstore - Shopify,direct_to_consumer,fulfilled,2025-01-21,2025-01-22,2025-01-21,NV3,FedEx,1,1,24.04,2.63,0.0,26.67,shipmonk_estimate,USD
132388,6387514310966,Cattasaurus - shoproxstore - Shopify,direct_to_consumer,fulfilled,2025-01-21,2025-01-22,2025-01-21,NV3,FedEx,1,1,32.94,2.63,0.0,35.57,shipmonk_estimate,USD
132390,6387577192758,Cattasaurus - shoproxstore - Shopify,direct_to_consumer,fulfilled,2025-01-21,2025-02-01,2025-01-21,PA2,FedEx,1,1,13.79,2.26,0.0,16.05,shipmonk_estimate,USD
132391,6387658981686,Cattasaurus - shoproxstore - Shopify,direct_to_consumer,fulfilled,2025-01-21,2025-01-22,2025-01-21,PA2,FedEx,1,1,23.63,2.63,0.0,26.26,shipmonk_estimate,USD
132392,6387678511414,Cattasaurus - shoproxstore - Shopify,direct_to_consumer,fulfilled,2025-01-21,2025-01-22,2025-01-21,NV3,FedEx,1,1,32.94,2.63,0.0,35.57,shipmonk_estimate,USD
132393,6387702202678,Cattasaurus - shoproxstore - Shopify,direct_to_consumer,fulfilled,2025-01-21,2025-01-22,2025-01-21,PA2,FedEx,2,1,13.09,2.63,0.0,15.72,shipmonk_estimate,USD
132394,6387742277942,Cattasaurus - shoproxstore - Shopify,direct_to_consumer,fulfilled,2025-01-21,2025-02-02,2025-01-21,PA2,FedEx,2,1,13.79,2.26,0.0,16.05,shipmonk_estimate,USD
132395,6387745128758,Cattasaurus - shoproxstore - Shopify,direct_to_consumer,fulfilled,2025-01-21,2025-02-01,2025-01-21,PA2,UPS,1,1,15.55,2.26,0.0,17.81,shipmonk_estimate,USD
132396,6387759481142,Cattasaurus - shoproxstore - Shopify,direct_to_consumer,fulfilled,2025-01-21,2025-01-22,2025-01-21,NV3,FedEx,1,1,23.63,2.63,0.0,26.26,shipmonk_estimate,USD
132397,6387779109174,Cattasaurus - shoproxstore - Shopify,direct_to_consumer,fulfilled,2025-01-21,2025-01-21,2025-01-21,NV3,FedEx,2,1,25.16,2.63,0.0,27.79,shipmonk_estimate,USD
132398,6387791429942,Cattasaurus - shoproxstore - Shopify,direct_to_consumer,fulfilled,2025-01-21,2025-02-01,2025-01-21,PA2,UPS,1,1,18.17,2.26,0.0,20.43,shipmonk_estimate,USD
132399,6387792052534,Cattasaurus - shoproxstore - Shopify,direct_to_consumer,fulfilled,2025-01-21,2025-01-22,2025-01-21,NV3,FedEx,1,1,29.53,3.0,0.0,32.53,shipmonk_estimate,USD
132401,6387805192502,Cattasaurus - shoproxstore - Shopify,direct_to_consumer,fulfilled,2025-01-21,2025-02-01,2025-01-21,PA2,UPS,1,1,20.28,2.26,0.0,22.54,shipmonk_estimate,USD
132402,6387811811638,Cattasaurus - shoproxstore - Shopify,direct_to_consumer,fulfilled,2025-01-21,2025-01-23,2025-01-21,PA2,FedEx,1,1,16.66,2.63,0.0,19.29,shipmonk_estimate,USD
132403,6387816825142,Cattasaurus - shoproxstore - Shopify,direct_to_consumer,fulfilled,2025-01-21,2025-01-23,2025-01-21,PA2,FedEx,2,1,20.92,3.0,0.0,23.92,shipmonk_estimate,USD
132404,6387823018294,Cattasaurus - shoproxstore - Shopify,direct_to_consumer,fulfilled,2025-01-21,2025-01-22,2025-01-21,NV3,FedEx,1,1,32.94,2.63,0.0,35.57,shipmonk_estimate,USD
132405_1,dad72b6f-5b88-4e84-9997-44f90b671e20,Cattasaurus - shoproxstore - Shopify,direct_to_consumer,fulfilled,2025-01-21,2025-02-03,2025-01-21,NV3,DHL eCommerce,2,1,11.52,2.26,1.5,15.28,shipmonk_estimate,USD
132406,6387870007606,Cattasaurus - shoproxstore - Shopify,direct_to_consumer,fulfilled,2025-01-21,2025-01-22,2025-01-21,NV3,FedEx,2,2,38.16,3.0,0.0,41.16,shipmonk_estimate,USD
132407,6387882131766,Cattasaurus - shoproxstore - Shopify,direct_to_consumer,fulfilled,2025-01-21,2025-02-01,2025-01-21,PA2,FedEx,1,1,14.02,2.26,0.0,16.28,shipmonk_estimate,USD
132408,6387890061622,Cattasaurus - shoproxstore - Shopify,direct_to_consumer,fulfilled,2025-01-21,2025-02-01,2025-01-21,PA2,UPS,1,1,15.55,2.26,0.0,17.81,shipmonk_estimate,USD
132409,6387893829942,Cattasaurus - shoproxstore - Shopify,direct_to_consumer,fulfilled,2025-01-21,2025-01-23,2025-01-21,NV3,FedEx,1,1,18.75,2.63,0.0,21.38,shipmonk_estimate,USD
132410,6387902447926,Cattasaurus - shoproxstore - Shopify,direct_to_consumer,fulfilled,2025-01-21,2025-02-04,2025-01-21,PA2,FedEx,1,1,20.32,2.26,0.0,22.58,shipmonk_estimate,USD
132411,6387902677302,Cattasaurus - shoproxstore - Shopify,direct_to_consumer,fulfilled,2025-01-21,2025-01-23,2025-01-21,NV3,FedEx,1,1,21.97,2.63,0.0,24.6,shipmonk_estimate,USD
132412,6387907756342,Cattasaurus - shoproxstore - Shopify,direct_to_consumer,fulfilled,2025-01-21,2025-02-01,2025-01-21,PA2,UPS,1,1,18.17,2.26,0.0,20.43,shipmonk_estimate,USD
132413,6387962282294,Cattasaurus - shoproxstore - Shopify,direct_to_consumer,fulfilled,2025-01-21,2025-02-04,2025-01-21,PA2,FedEx,1,1,12.53,2.26,0.0,14.79,shipmonk_estimate,USD
132414,6387974635830,Cattasaurus - shoproxstore - Shopify,direct_to_consumer,fulfilled,2025-01-21,2025-01-23,2025-01-21,NV3,UPS,1,1,20.28,2.63,0.0,22.91,shipmonk_estimate,USD
132415,6387975651638,Cattasaurus - shoproxstore - Shopify,direct_to_consumer,fulfilled,2025-01-21,2025-01-24,2025-01-21,PA2,FedEx,1,1,20.75,2.26,0.0,23.01,shipmonk_estimate,USD
132416,6387976274230,Cattasaurus - shoproxstore - Shopify,direct_to_consumer,fulfilled,2025-01-21,2025-02-01,2025-01-21,PA2,FedEx,1,1,18.75,2.26,0.0,21.01,shipmonk_estimate,USD
132417,6387985219894,Cattasaurus - shoproxstore - Shopify,direct_to_consumer,fulfilled,2025-01-21,2025-02-01,2025-01-21,PA2,FedEx,1,1,14.02,2.26,0.0,16.28,shipmonk_estimate,USD
132418,6387985514806,Cattasaurus - shoproxstore - Shopify,direct_to_consumer,fulfilled,2025-01-21,2025-01-23,2025-01-21,NV3,FedEx,1,1,14.02,2.63,0.0,16.65,shipmonk_estimate,USD
132419,6387986923830,Cattasaurus - shoproxstore - Shopify,direct_to_consumer,fulfilled,2025-01-21,2025-02-01,2025-01-21,PA2,UPS,1,1,18.17,2.26,0.0,20.43,shipmonk_estimate,USD
132420,6387987415350,Cattasaurus - shoproxstore - Shopify,direct_to_consumer,fulfilled,2025-01-21,2025-01-22,2025-01-21,PA2,FedEx,1,1,18.19,2.63,0.0,20.82,shipmonk_estimate,USD
132421,6388009533750,Cattasaurus - shoproxstore - Shopify,direct_to_consumer,fulfilled,2025-01-21,2025-01-23,2025-01-21,NV3,FedEx,2,1,14.02,2.63,0.0,16.65,shipmonk_estimate,USD
132422,6388016447798,Cattasaurus - shoproxstore - Shopify,direct_to_consumer,fulfilled,2025-01-21,2025-02-01,2025-01-21,PA2,UPS,1,1,15.55,2.26,0.0,17.81,shipmonk_estimate,USD
132424,6388033225014,Cattasaurus - shoproxstore - Shopify,direct_to_consumer,fulfilled,2025-01-21,2025-02-01,2025-01-21,PA2,FedEx,1,1,16.64,2.26,0.0,18.9,shipmonk_estimate,USD
132425,6388042858806,Cattasaurus - shoproxstore - Shopify,direct_to_consumer,fulfilled,2025-01-21,2025-02-07,2025-01-21,PA2,FedEx,1,1,19.43,2.63,0.0,22.06,shipmonk_estimate,USD
132427,6388049641782,Cattasaurus - shoproxstore - Shopify,direct_to_consumer,fulfilled,2025-01-21,2025-02-01,2025-01-21,PA2,UPS,1,1,18.17,2.26,0.0,20.43,shipmonk_estimate,USD
132429,6388063109430,Cattasaurus - shoproxstore - Shopify,direct_to_consumer,fulfilled,2025-01-21,2025-01-23,2025-01-21,NV3,FedEx,2,1,21.97,3.0,0.0,24.97,shipmonk_estimate,USD
132430,6388074610998,Cattasaurus - shoproxstore - Shopify,direct_to_consumer,fulfilled,2025-01-21,2025-01-23,2025-01-21,PA2,FedEx,1,1,15.17,2.26,0.0,17.43,shipmonk_estimate,USD
132431,6388108624182,Cattasaurus - shoproxstore - Shopify,direct_to_consumer,fulfilled,2025-01-21,2025-01-23,2025-01-21,NV3,FedEx,1,1,22.64,2.26,0.0,24.9,shipmonk_estimate,USD
132433,6388142997814,Cattasaurus - shoproxstore - Shopify,direct_to_consumer,fulfilled,2025-01-21,2025-02-04,2025-01-21,PA2,UPS,1,1,15.58,2.26,0.0,17.84,shipmonk_estimate,USD
132434,6388146569526,Cattasaurus - shoproxstore - Shopify,direct_to_consumer,fulfilled,2025-01-21,2025-01-23,2025-01-21,PA2,FedEx,1,1,19.39,2.63,0.0,22.02,shipmonk_estimate,USD
132435,6388151648566,Cattasaurus - shoproxstore - Shopify,direct_to_consumer,fulfilled,2025-01-21,2025-02-02,2025-01-21,PA2,FedEx,2,1,20.84,3.0,0.0,23.84,shipmonk_estimate,USD
132436,6388164821302,Cattasaurus - shoproxstore - Shopify,direct_to_consumer,fulfilled,2025-01-21,2025-01-23,2025-01-21,PA2,FedEx,1,1,16.66,2.63,0.0,19.29,shipmonk_estimate,USD
132437,6388169802038,Cattasaurus - shoproxstore - Shopify,direct_to_consumer,fulfilled,2025-01-21,2025-01-23,2025-01-21,NV3,UPS,1,1,20.28,2.63,0.0,22.91,shipmonk_estimate,USD
132438,6388182450486,Cattasaurus - shoproxstore - Shopify,direct_to_consumer,fulfilled,2025-01-21,2025-02-01,2025-01-21,PA2,UPS,1,1,15.55,2.26,0.0,17.81,shipmonk_estimate,USD
132439,6388231405878,Cattasaurus - shoproxstore - Shopify,direct_to_consumer,fulfilled,2025-01-21,2025-01-23,2025-01-21,NV3,UPS,1,1,18.17,2.63,0.0,20.8,shipmonk_estimate,USD
132440,6388350419254,Cattasaurus - shoproxstore - Shopify,direct_to_consumer,fulfilled,2025-01-21,2025-01-23,2025-01-21,NV3,FedEx,1,1,21.97,2.63,0.0,24.6,shipmonk_estimate,USD
132441,6388354220342,Cattasaurus - shoproxstore - Shopify,direct_to_consumer,fulfilled,2025-01-21,2025-02-01,2025-01-21,PA2,FedEx,1,1,13.79,2.26,0.0,16.05,shipmonk_estimate,USD
132442,6388362608950,Cattasaurus - shoproxstore - Shopify,direct_to_consumer,fulfilled,2025-01-21,2025-01-23,2025-01-21,NV3,FedEx,1,1,16.64,2.63,0.0,19.27,shipmonk_estimate,USD
132443,6388362838326,Cattasaurus - shoproxstore - Shopify,direct_to_consumer,fulfilled,2025-01-21,2025-02-06,2025-01-21,PA2,FedEx,3,1,16.7,3.37,0.0,20.07,shipmonk_estimate,USD
132443_1,0320efc9-63c0-4a31-8d19-4b8f3014e87e,Cattasaurus - shoproxstore - Shopify,direct_to_consumer,fulfilled,2025-01-21,2025-02-06,2025-01-21,NV3,DHL eCommerce,1,1,5.94,1.89,0.3,8.13,shipmonk_estimate,USD
132444,6388365164854,Cattasaurus - shoproxstore - Shopify,direct_to_consumer,fulfilled,2025-01-21,2025-01-23,2025-01-21,NV3,FedEx,1,1,18.17,2.63,0.0,20.8,shipmonk_estimate,USD
132445,6388412154166,Cattasaurus - shoproxstore - Shopify,direct_to_consumer,fulfilled,2025-01-21,2025-01-23,2025-01-21,PA2,FedEx,1,1,14.62,2.63,0.0,17.25,shipmonk_estimate,USD
132446,6388421591350,Cattasaurus - shoproxstore - Shopify,direct_to_consumer,fulfilled,2025-01-21,2025-01-23,2025-01-21,NV3,FedEx,1,1,21.97,2.63,0.0,24.6,shipmonk_estimate,USD
132448,6388464681270,Cattasaurus - shoproxstore - Shopify,direct_to_consumer,fulfilled,2025-01-21,2025-01-23,2025-01-21,NV3,FedEx,2,1,17.73,3.37,0.0,21.1,shipmonk_estimate,USD
132449,6388494795062,Cattasaurus - shoproxstore - Shopify,direct_to_consumer,fulfilled,2025-01-21,2025-01-23,2025-01-21,NV3,UPS,1,1,15.32,2.63,0.0,17.95,shipmonk_estimate,USD
132450,6388496073014,Cattasaurus - shoproxstore - Shopify,direct_to_consumer,fulfilled,2025-01-21,2025-01-23,2025-01-21,NV3,FedEx,1,1,18.75,2.63,0.0,21.38,shipmonk_estimate,USD
132451,6388511244598,Cattasaurus - shoproxstore - Shopify,direct_to_consumer,fulfilled,2025-01-21,2025-02-01,2025-01-21,PA2,FedEx,1,1,13.79,2.26,0.0,16.05,shipmonk_estimate,USD
132454,6388542603574,Cattasaurus - shoproxstore - Shopify,direct_to_consumer,fulfilled,2025-01-21,2025-02-01,2025-01-21,PA2,FedEx,1,1,18.17,2.26,0.0,20.43,shipmonk_estimate,USD
132456,6388546109750,Cattasaurus - shoproxstore - Shopify,direct_to_consumer,fulfilled,2025-01-21,2025-01-23,2025-01-21,NV3,FedEx,2,1,16.02,3.37,0.0,19.39,shipmonk_estimate,USD
132457,6388551385398,Cattasaurus - shoproxstore - Shopify,direct_to_consumer,fulfilled,2025-01-21,2025-01-23,2025-01-21,NV3,FedEx,1,1,20.45,2.63,0.0,23.08,shipmonk_estimate,USD
132458,6388563804470,Cattasaurus - shoproxstore - Shopify,direct_to_consumer,fulfilled,2025-01-21,2025-01-23,2025-01-21,NV3,FedEx,1,1,21.97,2.63,0.0,24.6,shipmonk_estimate,USD
132459,6388569178422,Cattasaurus - shoproxstore - Shopify,direct_to_consumer,fulfilled,2025-01-21,2025-01-23,2025-01-21,NV3,FedEx,1,1,16.64,2.63,0.0,19.27,shipmonk_estimate,USD
132460_1,ba1ef797-d349-418d-853a-b17c5b36a02f,Cattasaurus - shoproxstore - Shopify,direct_to_consumer,fulfilled,2025-01-21,2025-01-27,2025-01-21,PA2,DHL eCommerce,1,1,11.52,3.0,0.8,15.32,shipmonk_estimate,USD
132461,6388589756726,Cattasaurus - shoproxstore - Shopify,direct_to_consumer,fulfilled,2025-01-21,2025-01-23,2025-01-21,NV3,FedEx,2,1,14.02,3.0,0.0,17.02,shipmonk_estimate,USD
132462,6388632453430,Cattasaurus - shoproxstore - Shopify,direct_to_consumer,fulfilled,2025-01-21,2025-01-23,2025-01-21,NV3,FedEx,3,1,18.75,3.37,0.0,22.12,shipmonk_estimate,USD
132463,6388654375222,Cattasaurus - shoproxstore - Shopify,direct_to_consumer,fulfilled,2025-01-21,2025-01-23,2025-01-21,PA2,FedEx,1,1,16.66,2.63,0.0,19.29,shipmonk_estimate,USD
132464,6388656734518,Cattasaurus - shoproxstore - Shopify,direct_to_consumer,fulfilled,2025-01-21,2025-02-01,2025-01-21,PA2,UPS,1,1,14.5,2.26,0.0,16.76,shipmonk_estimate,USD
132465,6388660961590,Cattasaurus - shoproxstore - Shopify,direct_to_consumer,fulfilled,2025-01-21,2025-01-23,2025-01-21,NV3,FedEx,1,1,13.79,2.63,0.0,16.42,shipmonk_estimate,USD
132467,6388731642166,Cattasaurus - shoproxstore - Shopify,direct_to_consumer,fulfilled,2025-01-21,2025-02-01,2025-01-21,PA2,FedEx,1,1,16.64,2.26,0.0,18.9,shipmonk_estimate,USD
132468,6388742455606,Cattasaurus - shoproxstore - Shopify,direct_to_consumer,fulfilled,2025-01-21,2025-01-23,2025-01-21,NV3,FedEx,1,1,16.64,2.63,0.0,19.27,shipmonk_estimate,USD
132469,6388769915190,Cattasaurus - shoproxstore - Shopify,direct_to_consumer,fulfilled,2025-01-21,2025-01-23,2025-01-21,NV3,FedEx,1,1,14.02,2.26,0.0,16.28,shipmonk_estimate,USD
132470,6388778664246,Cattasaurus - shoproxstore - Shopify,direct_to_consumer,fulfilled,2025-01-21,2025-01-23,2025-01-21,NV3,FedEx,1,1,21.97,2.63,0.0,24.6,shipmonk_estimate,USD
132471,6388811661622,Cattasaurus - shoproxstore - Shopify,direct_to_consumer,fulfilled,2025-01-21,2025-02-01,2025-01-21,PA2,FedEx,1,1,13.79,2.26,0.0,16.05,shipmonk_estimate,USD
132472,6388824768822,Cattasaurus - shoproxstore - Shopify,direct_to_consumer,fulfilled,2025-01-21,2025-02-01,2025-01-21,PA2,UPS,1,1,15.55,2.26,0.0,17.81,shipmonk_estimate,USD
132473,6388829880630,Cattasaurus - shoproxstore - Shopify,direct_to_consumer,fulfilled,2025-01-21,2025-02-01,2025-01-21,PA2,FedEx,1,1,12.97,2.26,0.0,15.23,shipmonk_estimate,USD
132474,6388830667062,Cattasaurus - shoproxstore - Shopify,direct_to_consumer,fulfilled,2025-01-21,2025-01-23,2025-01-21,NV3,FedEx,1,1,13.79,2.63,0.0,16.42,shipmonk_estimate,USD
132475,6388838465846,Cattasaurus - shoproxstore - Shopify,direct_to_consumer,fulfilled,2025-01-21,2025-01-23,2025-01-21,NV3,FedEx,1,1,21.97,2.63,0.0,24.6,shipmonk_estimate,USD
132476,6388851245366,Cattasaurus - shoproxstore - Shopify,direct_to_consumer,fulfilled,2025-01-21,2025-01-23,2025-01-21,NV3,FedEx,1,1,14.02,2.63,0.0,16.65,shipmonk_estimate,USD
132477,6388852818230,Cattasaurus - shoproxstore - Shopify,direct_to_consumer,fulfilled,2025-01-21,2025-01-23,2025-01-21,NV3,UPS,1,1,15.32,2.63,0.0,17.95,shipmonk_estimate,USD
132478,6388897710390,Cattasaurus - shoproxstore - Shopify,direct_to_consumer,fulfilled,2025-01-21,2025-01-23,2025-01-21,NV3,FedEx,1,1,21.97,2.63,0.0,24.6,shipmonk_estimate,USD
132479,6388898758966,Cattasaurus - shoproxstore - Shopify,direct_to_consumer,fulfilled,2025-01-21,2025-01-23,2025-01-21,NV3,FedEx,1,1,13.79,2.63,0.0,16.42,shipmonk_estimate,USD
132480,6388901019958,Cattasaurus - shoproxstore - Shopify,direct_to_consumer,fulfilled,2025-01-21,2025-01-23,2025-01-21,NV3,FedEx,1,1,20.28,2.63,0.0,22.91,shipmonk_estimate,USD
132482,6388921073974,Cattasaurus - shoproxstore - Shopify,direct_to_consumer,fulfilled,2025-01-21,2025-02-01,2025-01-21,PA2,UPS,1,1,15.55,2.26,0.0,17.81,shipmonk_estimate,USD
132483,6388930052406,Cattasaurus - shoproxstore - Shopify,direct_to_consumer,fulfilled,2025-01-21,2025-01-27,2025-01-21,NV3,FedEx,1,1,21.97,2.63,0.0,24.6,shipmonk_estimate,USD
132484,6388943192374,Cattasaurus - shoproxstore - Shopify,direct_to_consumer,fulfilled,2025-01-21,2025-01-23,2025-01-21,PA2,FedEx,1,1,13.09,2.63,0.0,15.72,shipmonk_estimate,USD
132485,6388976812342,Cattasaurus - shoproxstore - Shopify,direct_to_consumer,fulfilled,2025-01-21,2025-01-23,2025-01-21,PA2,FedEx,1,1,18.19,2.63,0.0,20.82,shipmonk_estimate,USD
132487,6389068988726,Cattasaurus - shoproxstore - Shopify,direct_to_consumer,fulfilled,2025-01-21,2025-01-23,2025-01-21,NV3,USPS,1,1,4.64,1.89,0.3,6.83,shipmonk_estimate,USD
132488,6389113291062,Cattasaurus - shoproxstore - Shopify,direct_to_consumer,fulfilled,2025-01-21,2025-01-23,2025-01-21,PA2,FedEx,1,1,19.39,2.63,0.0,22.02,shipmonk_estimate,USD
113-2694121-6353009,113-2694121-6353009,Cattasaurus - Amazon USA,direct_to_consumer,fulfilled,2025-01-22,2025-01-23,2025-01-22,NV3,FedEx,1,1,31.41,2.26,0.0,33.67,shipmonk_estimate,USD
127832-01,99d2f394-0045-4323-b351-20117f453387,Cattasaurus - shoproxstore - Shopify,direct_to_consumer,fulfilled,2025-01-22,2025-01-22,2025-01-22,PA2,FedEx,1,1,18.19,2.63,0.0,20.82,shipmonk_estimate,USD
132489,6389346107702,Cattasaurus - shoproxstore - Shopify,direct_to_consumer,fulfilled,2025-01-22,2025-02-01,2025-01-22,PA2,FedEx,1,1,13.79,2.26,0.0,16.05,shipmonk_estimate,USD
132490,6389371928886,Cattasaurus - shoproxstore - Shopify,direct_to_consumer,fulfilled,2025-01-22,2025-01-23,2025-01-22,PA2,FedEx,1,1,20.92,2.63,0.0,23.55,shipmonk_estimate,USD
132492,6389427241270,Cattasaurus - shoproxstore - Shopify,direct_to_consumer,fulfilled,2025-01-22,2025-01-23,2025-01-22,NV3,USPS,1,1,4.97,1.89,0.3,7.16,shipmonk_estimate,USD
132493,6389432844598,Cattasaurus - shoproxstore - Shopify,direct_to_consumer,fulfilled,2025-01-22,2025-01-23,2025-01-22,PA2,USPS,1,1,5.61,1.89,0.3,7.8,shipmonk_estimate,USD
132494,6389434384694,Cattasaurus - shoproxstore - Shopify,direct_to_consumer,fulfilled,2025-01-22,2025-01-23,2025-01-22,PA2,DHL eCommerce,1,1,5.43,1.89,0.0,7.32,shipmonk_estimate,USD
132496,6389476458806,Cattasaurus - shoproxstore - Shopify,direct_to_consumer,fulfilled,2025-01-22,2025-01-24,2025-01-22,PA2,FedEx,1,1,20.92,2.63,0.0,23.55,shipmonk_estimate,USD
132497,6389488976182,Cattasaurus - shoproxstore - Shopify,direct_to_consumer,fulfilled,2025-01-22,2025-01-27,2025-01-22,NV3,UPS,1,1,20.28,2.63,0.0,22.91,shipmonk_estimate,USD
132498,6389493104950,Cattasaurus - shoproxstore - Shopify,direct_to_consumer,fulfilled,2025-01-22,2025-01-24,2025-01-22,NV3,FedEx,1,1,18.75,2.63,0.0,21.38,shipmonk_estimate,USD
132499_1,d52a2e8a-082c-45b0-84ea-340bda1edfc8,Cattasaurus - shoproxstore - Shopify,direct_to_consumer,fulfilled,2025-01-22,2025-01-27,2025-01-22,NV3,DHL eCommerce,1,1,5.43,1.89,0.3,7.62,shipmonk_estimate,USD
132500,6389510144310,Cattasaurus - shoproxstore - Shopify,direct_to_consumer,fulfilled,2025-01-22,2025-02-01,2025-01-22,PA2,FedEx,1,1,14.02,2.26,0.0,16.28,shipmonk_estimate,USD
132501,6389521613110,Cattasaurus - shoproxstore - Shopify,direct_to_consumer,fulfilled,2025-01-22,2025-01-23,2025-01-22,PA2,FedEx,1,1,16.66,2.63,0.0,19.29,shipmonk_estimate,USD
132502,6389525446966,Cattasaurus - shoproxstore - Shopify,direct_to_consumer,fulfilled,2025-01-22,2025-01-23,2025-01-22,NV3,FedEx,1,1,15.11,2.63,0.0,17.74,shipmonk_estimate,USD
132503,6389529116982,Cattasaurus - shoproxstore - Shopify,direct_to_consumer,fulfilled,2025-01-22,2025-01-23,2025-01-22,NV3,FedEx,1,1,21.97,2.63,0.0,24.6,shipmonk_estimate,USD
132505,6389545173302,Cattasaurus - shoproxstore - Shopify,direct_to_consumer,fulfilled,2025-01-22,2025-01-23,2025-01-22,NV3,FedEx,1,1,29.13,2.26,0.0,31.39,shipmonk_estimate,USD
132505_1,9089a0c3-d744-4c57-ae96-8b8f3f334957,Cattasaurus - shoproxstore - Shopify,direct_to_consumer,fulfilled,2025-01-22,2025-01-23,2025-01-22,NV3,FedEx,1,1,29.13,2.26,0.0,31.39,shipmonk_estimate,USD
132506,6389550743862,Cattasaurus - shoproxstore - Shopify,direct_to_consumer,fulfilled,2025-01-22,2025-01-24,2025-01-22,PA2,USPS,1,1,16.76,2.63,0.0,19.39,shipmonk_estimate,USD
132507,6389557231926,Cattasaurus - shoproxstore - Shopify,direct_to_consumer,fulfilled,2025-01-22,2025-01-24,2025-01-22,PA2,FedEx,1,1,20.92,2.26,0.0,23.18,shipmonk_estimate,USD
132509,6389563392310,Cattasaurus - shoproxstore - Shopify,direct_to_consumer,fulfilled,2025-01-22,2025-01-24,2025-01-22,PA2,FedEx,1,1,19.39,2.63,0.0,22.02,shipmonk_estimate,USD
132511,6389567127862,Cattasaurus - shoproxstore - Shopify,direct_to_consumer,fulfilled,2025-01-22,2025-01-23,2025-01-22,PA2,DHL eCommerce,1,1,12.31,2.26,0.5,15.07,shipmonk_estimate,USD
132512,6389583020342,Cattasaurus - shoproxstore - Shopify,direct_to_consumer,fulfilled,2025-01-22,2025-02-01,2025-01-22,PA2,FedEx,1,1,14.02,2.26,0.0,16.28,shipmonk_estimate,USD
132513,6389601239350,Cattasaurus - shoproxstore - Shopify,direct_to_consumer,fulfilled,2025-01-22,2025-01-23,2025-01-22,PA2,FedEx,1,1,16.66,2.63,0.0,19.29,shipmonk_estimate,USD
132514,6389605892406,Cattasaurus - shoproxstore - Shopify,direct_to_consumer,fulfilled,2025-01-22,2025-02-01,2025-01-22,PA2,FedEx,1,1,14.02,2.26,0.0,16.28,shipmonk_estimate,USD
132515,6389616410934,Cattasaurus - shoproxstore - Shopify,direct_to_consumer,fulfilled,2025-01-22,2025-01-24,2025-01-22,NV3,FedEx,2,1,21.97,3.0,0.0,24.97,shipmonk_estimate,USD
132516,6389620441398,Cattasaurus - shoproxstore - Shopify,direct_to_consumer,fulfilled,2025-01-22,2025-01-23,2025-01-22,PA2,FedEx,1,1,13.09,2.63,0.0,15.72,shipmonk_estimate,USD
132517,6389625815350,Cattasaurus - shoproxstore - Shopify,direct_to_consumer,fulfilled,2025-01-22,2025-01-23,2025-01-22,NV3,UPS,1,1,16.59,2.63,0.0,19.22,shipmonk_estimate,USD
132518,6389632008502,Cattasaurus - shoproxstore - Shopify,direct_to_consumer,fulfilled,2025-01-22,2025-01-24,2025-01-22,NV3,FedEx,1,1,16.64,2.63,0.0,19.27,shipmonk_estimate,USD
132519,6389632041270,Cattasaurus - shoproxstore - Shopify,direct_to_consumer,fulfilled,2025-01-22,2025-01-24,2025-01-22,NV3,FedEx,1,1,20.28,2.63,0.0,22.91,shipmonk_estimate,USD
132520,6389634761014,Cattasaurus - shoproxstore - Shopify,direct_to_consumer,fulfilled,2025-01-22,2025-01-23,2025-01-22,PA2,FedEx,3,1,13.09,3.37,0.0,16.46,shipmonk_estimate,USD
132521,6389676572982,Cattasaurus - shoproxstore - Shopify,direct_to_consumer,fulfilled,2025-01-22,2025-02-02,2025-01-22,PA2,FedEx,2,1,19.26,3.0,0.0,22.26,shipmonk_estimate,USD
132524,6389712781622,Cattasaurus - shoproxstore - Shopify,direct_to_consumer,fulfilled,2025-01-22,2025-02-21,2025-01-22,PA2,FedEx,1,1,13.82,2.26,0.0,16.08,shipmonk_estimate,USD
132525,6389718942006,Cattasaurus - shoproxstore - Shopify,direct_to_consumer,fulfilled,2025-01-22,2025-01-24,2025-01-22,NV3,FedEx,1,1,21.97,2.63,0.0,24.6,shipmonk_estimate,USD
132526,6389738602806,Cattasaurus - shoproxstore - Shopify,direct_to_consumer,fulfilled,2025-01-22,2025-01-24,2025-01-22,PA2,FedEx,1,1,20.92,2.63,0.0,23.55,shipmonk_estimate,USD
132527,6389738897718,Cattasaurus - shoproxstore - Shopify,direct_to_consumer,fulfilled,2025-01-22,2025-01-27,2025-01-22,NV3,FedEx,1,1,21.97,2.63,0.0,24.6,shipmonk_estimate,USD
132528,6389746270518,Cattasaurus - shoproxstore - Shopify,direct_to_consumer,fulfilled,2025-01-22,2025-01-27,2025-01-22,NV3,UPS,1,1,20.28,2.63,0.0,22.91,shipmonk_estimate,USD
132530,6389773992246,Cattasaurus - shoproxstore - Shopify,direct_to_consumer,fulfilled,2025-01-22,2025-01-24,2025-01-22,PA2,FedEx,2,1,16.66,3.0,0.0,19.66,shipmonk_estimate,USD
132531,6389808726326,Cattasaurus - shoproxstore - Shopify,direct_to_consumer,fulfilled,2025-01-22,2025-01-27,2025-01-22,NV3,FedEx,1,1,13.79,2.63,0.0,16.42,shipmonk_estimate,USD
132532,6389823734070,Cattasaurus - shoproxstore - Shopify,direct_to_consumer,fulfilled,2025-01-22,2025-02-01,2025-01-22,PA2,UPS,1,1,15.32,2.26,0.0,17.58,shipmonk_estimate,USD
132533,6389831205174,Cattasaurus - shoproxstore - Shopify,direct_to_consumer,fulfilled,2025-01-22,2025-02-01,2025-01-22,PA2,FedEx,1,1,12.97,2.26,0.0,15.23,shipmonk_estimate,USD
132534,6389851652406,Cattasaurus - shoproxstore - Shopify,direct_to_consumer,fulfilled,2025-01-22,2025-02-01,2025-01-22,PA2,UPS,1,1,15.32,2.26,0.0,17.58,shipmonk_estimate,USD
132535,6389864431926,Cattasaurus - shoproxstore - Shopify,direct_to_consumer,fulfilled,2025-01-22,2025-01-24,2025-01-22,NV3,DHL eCommerce,1,1,5.61,1.89,0.5,8.0,shipmonk_estimate,USD
132536,6389890646326,Cattasaurus - shoproxstore - Shopify,direct_to_consumer,fulfilled,2025-01-22,2025-02-01,2025-01-22,PA2,UPS,1,1,14.5,2.26,0.0,16.76,shipmonk_estimate,USD
132537,6389907161398,Cattasaurus - shoproxstore - Shopify,direct_to_consumer,fulfilled,2025-01-22,2025-02-01,2025-01-22,PA2,FedEx,1,1,13.79,2.26,0.0,16.05,shipmonk_estimate,USD
132538,6389920629046,Cattasaurus - shoproxstore - Shopify,direct_to_consumer,fulfilled,2025-01-22,2025-01-24,2025-01-22,NV3,FedEx,1,1,21.97,2.63,0.0,24.6,shipmonk_estimate,USD
132539,6389923905846,Cattasaurus - shoproxstore - Shopify,direct_to_consumer,fulfilled,2025-01-22,2025-01-24,2025-01-22,PA2,FedEx,1,1,16.66,2.63,0.0,19.29,shipmonk_estimate,USD
132540,6389956182326,Cattasaurus - shoproxstore - Shopify,direct_to_consumer,fulfilled,2025-01-22,2025-02-01,2025-01-22,PA2,UPS,1,1,15.32,2.26,0.0,17.58,shipmonk_estimate,USD
132541,6389988884790,Cattasaurus - shoproxstore - Shopify,direct_to_consumer,fulfilled,2025-01-22,2025-01-24,2025-01-22,PA2,FedEx,1,1,18.19,2.63,0.0,20.82,shipmonk_estimate,USD
132542,6389992456502,Cattasaurus - shoproxstore - Shopify,direct_to_consumer,fulfilled,2025-01-22,2025-01-24,2025-01-22,NV3,FedEx,1,1,21.97,2.26,0.0,24.23,shipmonk_estimate,USD
132543,6389994357046,Cattasaurus - shoproxstore - Shopify,direct_to_consumer,fulfilled,2025-01-22,2025-01-24,2025-01-22,PA2,FedEx,1,1,16.7,2.63,0.0,19.33,shipmonk_estimate,USD
132544,6390007595318,Cattasaurus - shoproxstore - Shopify,direct_to_consumer,fulfilled,2025-01-22,2025-01-24,2025-01-22,PA2,FedEx,1,1,13.09,2.63,0.0,15.72,shipmonk_estimate,USD
132545,6390013952310,Cattasaurus - shoproxstore - Shopify,direct_to_consumer,fulfilled,2025-01-22,2025-02-01,2025-01-22,PA2,FedEx,1,1,16.64,2.26,0.0,18.9,shipmonk_estimate,USD
132547,6390017917238,Cattasaurus - shoproxstore - Shopify,direct_to_consumer,fulfilled,2025-01-22,2025-01-24,2025-01-22,NV3,FedEx,1,1,13.79,2.63,0.0,16.42,shipmonk_estimate,USD
132548,6390023979318,Cattasaurus - shoproxstore - Shopify,direct_to_consumer,fulfilled,2025-01-22,2025-01-24,2025-01-22,NV3,FedEx,2,1,21.97,2.63,0.0,24.6,shipmonk_estimate,USD
132549,6390033187126,Cattasaurus - shoproxstore - Shopify,direct_to_consumer,fulfilled,2025-01-22,2025-02-01,2025-01-22,PA2,FedEx,1,1,12.97,2.26,0.0,15.23,shipmonk_estimate,USD
132550,6390044000566,Cattasaurus - shoproxstore - Shopify,direct_to_consumer,fulfilled,2025-01-22,2025-01-24,2025-01-22,NV3,FedEx,1,1,18.75,2.63,0.0,21.38,shipmonk_estimate,USD
132551,6390064218422,Cattasaurus - shoproxstore - Shopify,direct_to_consumer,fulfilled,2025-01-22,2025-01-24,2025-01-22,NV3,FedEx,1,1,13.79,2.63,0.0,16.42,shipmonk_estimate,USD
132552,6390066151734,Cattasaurus - shoproxstore - Shopify,direct_to_consumer,fulfilled,2025-01-22,2025-01-24,2025-01-22,NV3,FedEx,1,1,12.27,2.63,0.0,14.9,shipmonk_estimate,USD
132553,6390082699574,Cattasaurus - shoproxstore - Shopify,direct_to_consumer,fulfilled,2025-01-22,2025-01-24,2025-01-22,PA2,UPS,1,1,14.62,2.63,0.0,17.25,shipmonk_estimate,USD
132555,6390170288438,Cattasaurus - shoproxstore - Shopify,direct_to_consumer,fulfilled,2025-01-22,2025-02-01,2025-01-22,PA2,UPS,1,1,15.55,2.26,0.0,17.81,shipmonk_estimate,USD
132556,6390179791158,Cattasaurus - shoproxstore - Shopify,direct_to_consumer,fulfilled,2025-01-22,2025-02-01,2025-01-22,PA2,UPS,1,1,14.5,2.26,0.0,16.76,shipmonk_estimate,USD
132557,6390220587318,Cattasaurus - shoproxstore - Shopify,direct_to_consumer,fulfilled,2025-01-22,2025-01-27,2025-01-22,NV3,FedEx,1,1,0.0,2.63,0.0,2.63,shipmonk_estimate,USD
132558,6390223995190,Cattasaurus - shoproxstore - Shopify,direct_to_consumer,fulfilled,2025-01-22,2025-02-01,2025-01-22,PA2,UPS,1,1,18.17,2.26,0.0,20.43,shipmonk_estimate,USD
132560,6390251979062,Cattasaurus - shoproxstore - Shopify,direct_to_consumer,fulfilled,2025-01-22,2025-01-24,2025-01-22,NV3,FedEx,1,1,21.97,2.63,0.0,24.6,shipmonk_estimate,USD
132561,6390272327990,Cattasaurus - shoproxstore - Shopify,direct_to_consumer,fulfilled,2025-01-22,2025-02-06,2025-01-22,PA2,UPS,1,1,15.58,2.26,0.0,17.84,shipmonk_estimate,USD
132562,6390303621430,Cattasaurus - shoproxstore - Shopify,direct_to_consumer,fulfilled,2025-01-22,2025-02-01,2025-01-22,PA2,FedEx,1,1,13.79,2.26,0.0,16.05,shipmonk_estimate,USD
132564,6390325674294,Cattasaurus - shoproxstore - Shopify,direct_to_consumer,fulfilled,2025-01-22,2025-01-24,2025-01-22,NV3,FedEx,2,1,16.02,3.37,0.0,19.39,shipmonk_estimate,USD
132565,6390335177014,Cattasaurus - shoproxstore - Shopify,direct_to_consumer,fulfilled,2025-01-22,2025-01-24,2025-01-22,NV3,DHL eCommerce,1,1,5.94,1.89,0.3,8.13,shipmonk_estimate,USD
132566,6390345138486,Cattasaurus - shoproxstore - Shopify,direct_to_consumer,fulfilled,2025-01-22,2025-01-24,2025-01-22,NV3,FedEx,1,1,16.64,2.63,0.0,19.27,shipmonk_estimate,USD
132568,6390358245686,Cattasaurus - shoproxstore - Shopify,direct_to_consumer,fulfilled,2025-01-22,2025-02-01,2025-01-22,PA2,UPS,1,1,18.17,2.26,0.0,20.43,shipmonk_estimate,USD
132569,6390366994742,Cattasaurus - shoproxstore - Shopify,direct_to_consumer,fulfilled,2025-01-22,2025-02-01,2025-01-22,PA2,FedEx,1,1,13.79,2.26,0.0,16.05,shipmonk_estimate,USD
132570,6390370599222,Cattasaurus - shoproxstore - Shopify,direct_to_consumer,fulfilled,2025-01-22,2025-01-24,2025-01-22,NV3,FedEx,1,1,13.79,2.63,0.0,16.42,shipmonk_estimate,USD
132572,6390439608630,Cattasaurus - shoproxstore - Shopify,direct_to_consumer,fulfilled,2025-01-22,2025-01-24,2025-01-22,PA2,FedEx,1,1,19.39,2.63,0.0,22.02,shipmonk_estimate,USD
132573,6390492528950,Cattasaurus - shoproxstore - Shopify,direct_to_consumer,fulfilled,2025-01-22,2025-01-24,2025-01-22,PA2,FedEx,1,1,13.09,2.63,0.0,15.72,shipmonk_estimate,USD
132574,6390499311926,Cattasaurus - shoproxstore - Shopify,direct_to_consumer,fulfilled,2025-01-22,2025-01-24,2025-01-22,PA2,FedEx,1,1,19.39,2.63,0.0,22.02,shipmonk_estimate,USD
132575,6390575169846,Cattasaurus - shoproxstore - Shopify,direct_to_consumer,fulfilled,2025-01-22,2025-02-11,2025-01-22,PA2,FedEx,1,1,13.12,2.63,0.0,15.75,shipmonk_estimate,USD
112-3431597-3472253,112-3431597-3472253,Cattasaurus - Amazon USA,direct_to_consumer,fulfilled,2025-01-23,2025-01-24,2025-01-23,NV3,FedEx,1,1,19.39,2.26,0.0,21.65,shipmonk_estimate,USD
132577,6390896460086,Cattasaurus - shoproxstore - Shopify,direct_to_consumer,fulfilled,2025-01-23,2025-01-24,2025-01-23,PA2,FedEx,1,1,16.66,2.26,0.0,18.92,shipmonk_estimate,USD
132578,6390942728502,Cattasaurus - shoproxstore - Shopify,direct_to_consumer,fulfilled,2025-01-23,2025-02-06,2025-01-23,PA2,UPS,2,1,15.35,2.26,0.0,17.61,shipmonk_estimate,USD
132580,6390968090934,Cattasaurus - shoproxstore - Shopify,direct_to_consumer,fulfilled,2025-01-23,2025-01-24,2025-01-23,PA2,FedEx,1,1,19.39,2.63,0.0,22.02,shipmonk_estimate,USD
132581,6390988013878,Cattasaurus - shoproxstore - Shopify,direct_to_consumer,fulfilled,2025-01-23,2025-01-24,2025-01-23,NV3,FedEx,1,1,16.64,2.63,0.0,19.27,shipmonk_estimate,USD
132582,6391009902902,Cattasaurus - shoproxstore - Shopify,direct_to_consumer,fulfilled,2025-01-23,2025-01-25,2025-01-23,PA2,FedEx,1,1,19.39,2.26,0.0,21.65,shipmonk_estimate,USD
132583,6391032348982,Cattasaurus - shoproxstore - Shopify,direct_to_consumer,fulfilled,2025-01-23,2025-02-06,2025-01-23,PA2,FedEx,2,1,14.05,2.26,0.0,16.31,shipmonk_estimate,USD
132584,6391041884470,Cattasaurus - shoproxstore - Shopify,direct_to_consumer,fulfilled,2025-01-23,2025-02-01,2025-01-23,PA2,FedEx,1,1,13.79,2.26,0.0,16.05,shipmonk_estimate,USD
132585,6391048831286,Cattasaurus - shoproxstore - Shopify,direct_to_consumer,fulfilled,2025-01-23,2025-02-01,2025-01-23,PA2,FedEx,1,1,16.64,2.26,0.0,18.9,shipmonk_estimate,USD
132586,6391056171318,Cattasaurus - shoproxstore - Shopify,direct_to_consumer,fulfilled,2025-01-23,2025-01-24,2025-01-23,NV3,FedEx,2,1,20.28,3.0,0.0,23.28,shipmonk_estimate,USD
132587,6391056564534,Cattasaurus - shoproxstore - Shopify,direct_to_consumer,fulfilled,2025-01-23,2025-01-25,2025-01-23,PA2,FedEx,1,1,19.39,2.63,0.0,22.02,shipmonk_estimate,USD
132588,6391066919222,Cattasaurus - shoproxstore - Shopify,direct_to_consumer,fulfilled,2025-01-23,2025-01-24,2025-01-23,NV3,FedEx,1,1,21.97,2.63,0.0,24.6,shipmonk_estimate,USD
132589,6391071965494,Cattasaurus - shoproxstore - Shopify,direct_to_consumer,fulfilled,2025-01-23,2025-02-11,2025-01-23,PA2,FedEx,1,1,13.0,2.26,0.0,15.26,shipmonk_estimate,USD
132589_1,43014432-8169-450d-9404-f2a1d326d94b,Cattasaurus - shoproxstore - Shopify,direct_to_consumer,fulfilled,2025-01-23,2025-02-11,2025-01-23,NV3,DHL eCommerce,1,1,6.21,1.89,0.3,8.4,shipmonk_estimate,USD
132590,6391081468214,Cattasaurus - shoproxstore - Shopify,direct_to_consumer,fulfilled,2025-01-23,2025-01-24,2025-01-23,NV3,FedEx,1,1,21.97,2.63,0.0,24.6,shipmonk_estimate,USD
132591,6391092609334,Cattasaurus - shoproxstore - Shopify,direct_to_consumer,fulfilled,2025-01-23,2025-01-24,2025-01-23,NV3,FedEx,1,1,17.86,2.26,0.0,20.12,shipmonk_estimate,USD
132592,6391100997942,Cattasaurus - shoproxstore - Shopify,direct_to_consumer,fulfilled,2025-01-23,2025-02-06,2025-01-23,PA2,FedEx,2,1,24.09,2.26,0.0,26.35,shipmonk_estimate,USD
132593,6391102144822,Cattasaurus - shoproxstore - Shopify,direct_to_consumer,fulfilled,2025-01-23,2025-02-11,2025-01-23,PA2,FedEx,2,1,0.0,2.63,0.0,2.63,shipmonk_estimate,USD
132594,6391129866550,Cattasaurus - shoproxstore - Shopify,direct_to_consumer,fulfilled,2025-01-23,2025-02-01,2025-01-23,PA2,FedEx,1,1,13.79,2.26,0.0,16.05,shipmonk_estimate,USD
132595,6391164141878,Cattasaurus - shoproxstore - Shopify,direct_to_consumer,fulfilled,2025-01-23,2025-01-25,2025-01-23,PA2,FedEx,1,1,20.92,2.63,0.0,23.55,shipmonk_estimate,USD
132596,6391177478454,Cattasaurus - shoproxstore - Shopify,direct_to_consumer,fulfilled,2025-01-23,2025-02-06,2025-01-23,PA2,FedEx,2,1,14.05,2.26,0.0,16.31,shipmonk_estimate,USD
132597,6391184261430,Cattasaurus - shoproxstore - Shopify,direct_to_consumer,fulfilled,2025-01-23,2025-01-25,2025-01-23,PA2,FedEx,1,1,15.17,2.63,0.0,17.8,shipmonk_estimate,USD
132598,6391216242998,Cattasaurus - shoproxstore - Shopify,direct_to_consumer,fulfilled,2025-01-23,2025-02-06,2025-01-23,PA2,FedEx,2,1,13.0,2.26,0.0,15.26,shipmonk_estimate,USD
132599,6391219061046,Cattasaurus - shoproxstore - Shopify,direct_to_consumer,fulfilled,2025-01-23,2025-01-25,2025-01-23,PA2,FedEx,1,1,16.66,2.63,0.0,19.29,shipmonk_estimate,USD
132600,6391249600822,Cattasaurus - shoproxstore - Shopify,direct_to_consumer,fulfilled,2025-01-23,2025-01-27,2025-01-23,NV3,UPS,2,1,15.55,2.63,0.0,18.18,shipmonk_estimate,USD
132601,6391250321718,Cattasaurus - shoproxstore - Shopify,direct_to_consumer,fulfilled,2025-01-23,2025-01-27,2025-01-23,NV3,FedEx,2,1,18.75,3.0,0.0,21.75,shipmonk_estimate,USD
132602,6391253827894,Cattasaurus - shoproxstore - Shopify,direct_to_consumer,fulfilled,2025-01-23,2025-01-25,2025-01-23,PA2,FedEx,1,1,18.19,2.63,0.0,20.82,shipmonk_estimate,USD
132603,6391258939702,Cattasaurus - shoproxstore - Shopify,direct_to_consumer,fulfilled,2025-01-23,2025-01-25,2025-01-23,PA2,FedEx,2,1,16.7,3.0,0.0,19.7,shipmonk_estimate,USD
132604,6391273128246,Cattasaurus - shoproxstore - Shopify,direct_to_consumer,fulfilled,2025-01-23,2025-01-27,2025-01-23,NV3,FedEx,1,1,13.79,2.63,0.0,16.42,shipmonk_estimate,USD
132606,6391306223926,Cattasaurus - shoproxstore - Shopify,direct_to_consumer,fulfilled,2025-01-23,2025-01-27,2025-01-23,NV3,FedEx,3,1,18.87,2.63,0.0,21.5,shipmonk_estimate,USD
132607,6391320379702,Cattasaurus - shoproxstore - Shopify,direct_to_consumer,fulfilled,2025-01-23,2025-01-27,2025-01-23,NV3,FedEx,1,1,18.75,2.63,0.0,21.38,shipmonk_estimate,USD
132609,6391371268406,Cattasaurus - shoproxstore - Shopify,direct_to_consumer,fulfilled,2025-01-23,2025-01-27,2025-01-23,NV3,FedEx,2,1,18.75,3.0,0.0,21.75,shipmonk_estimate,USD
132610,6391401349430,Cattasaurus - shoproxstore - Shopify,direct_to_consumer,fulfilled,2025-01-23,2025-01-25,2025-01-23,PA2,FedEx,2,1,14.62,2.63,0.0,17.25,shipmonk_estimate,USD
132611,6391451779382,Cattasaurus - shoproxstore - Shopify,direct_to_consumer,fulfilled,2025-01-23,2025-02-06,2025-01-23,PA2,FedEx,2,1,25.62,2.26,0.0,27.88,shipmonk_estimate,USD
132612,6391457481014,Cattasaurus - shoproxstore - Shopify,direct_to_consumer,fulfilled,2025-01-23,2025-01-27,2025-01-23,NV3,FedEx,1,1,13.79,2.63,0.0,16.42,shipmonk_estimate,USD
132613,6391481991478,Cattasaurus - shoproxstore - Shopify,direct_to_consumer,fulfilled,2025-01-23,2025-02-01,2025-01-23,PA2,FedEx,1,1,14.02,2.26,0.0,16.28,shipmonk_estimate,USD
132614,6391499882806,Cattasaurus - shoproxstore - Shopify,direct_to_consumer,fulfilled,2025-01-23,2025-01-25,2025-01-23,PA2,FedEx,2,1,19.39,2.63,0.0,22.02,shipmonk_estimate,USD
132616,6391509516598,Cattasaurus - shoproxstore - Shopify,direct_to_consumer,fulfilled,2025-01-23,2025-01-27,2025-01-23,NV3,UPS,2,1,15.55,2.63,0.0,18.18,shipmonk_estimate,USD
132617,6391514923318,Cattasaurus - shoproxstore - Shopify,direct_to_consumer,fulfilled,2025-01-23,,2025-01-23,NV3,ShipMonk,1,0,31.41,3.78,0.0,35.19,shipmonk_estimate,USD
132618,6391546380598,Cattasaurus - shoproxstore - Shopify,direct_to_consumer,fulfilled,2025-01-23,2025-01-25,2025-01-23,PA2,FedEx,2,1,16.66,2.63,0.0,19.29,shipmonk_estimate,USD
132619,6391555359030,Cattasaurus - shoproxstore - Shopify,direct_to_consumer,fulfilled,2025-01-23,2025-02-11,2025-01-23,PA2,FedEx,2,1,19.43,2.63,0.0,22.06,shipmonk_estimate,USD
132620,6391586849078,Cattasaurus - shoproxstore - Shopify,direct_to_consumer,fulfilled,2025-01-23,2025-01-27,2025-01-23,NV3,FedEx,1,1,20.28,2.63,0.0,22.91,shipmonk_estimate,USD
132621,6391590519094,Cattasaurus - shoproxstore - Shopify,direct_to_consumer,fulfilled,2025-01-23,2025-01-25,2025-01-23,PA2,FedEx,1,1,19.39,2.63,0.0,22.02,shipmonk_estimate,USD
132622,6391621976374,Cattasaurus - shoproxstore - Shopify,direct_to_consumer,fulfilled,2025-01-23,2025-01-27,2025-01-23,NV3,FedEx,2,1,18.75,2.63,0.0,21.38,shipmonk_estimate,USD
132625,6391658119478,Cattasaurus - shoproxstore - Shopify,direct_to_consumer,fulfilled,2025-01-23,2025-02-04,2025-01-23,PA2,FedEx,2,1,13.82,2.26,0.0,16.08,shipmonk_estimate,USD
132626,6391660052790,Cattasaurus - shoproxstore - Shopify,direct_to_consumer,fulfilled,2025-01-23,2025-02-04,2025-01-23,PA2,UPS,2,1,20.32,2.26,0.0,22.58,shipmonk_estimate,USD
132627,6391680500022,Cattasaurus - shoproxstore - Shopify,direct_to_consumer,fulfilled,2025-01-23,2025-01-25,2025-01-23,PA2,FedEx,1,1,19.39,2.26,0.0,21.65,shipmonk_estimate,USD
132628,6391686791478,Cattasaurus - shoproxstore - Shopify,direct_to_consumer,fulfilled,2025-01-23,2025-01-25,2025-01-23,PA2,FedEx,1,1,18.19,2.63,0.0,20.82,shipmonk_estimate,USD
132629,6391687971126,Cattasaurus - shoproxstore - Shopify,direct_to_consumer,fulfilled,2025-01-23,2025-02-01,2025-01-23,PA2,FedEx,1,1,14.02,2.26,0.0,16.28,shipmonk_estimate,USD
132631,6391721722166,Cattasaurus - shoproxstore - Shopify,direct_to_consumer,fulfilled,2025-01-23,2025-02-01,2025-01-23,PA2,UPS,1,1,15.55,2.26,0.0,17.81,shipmonk_estimate,USD
132633,6391752196406,Cattasaurus - shoproxstore - Shopify,direct_to_consumer,fulfilled,2025-01-23,2025-01-27,2025-01-23,NV3,FedEx,1,1,13.79,2.63,0.0,16.42,shipmonk_estimate,USD
132634,6391757275446,Cattasaurus - shoproxstore - Shopify,direct_to_consumer,fulfilled,2025-01-23,2025-01-25,2025-01-23,PA2,FedEx,2,1,16.66,2.63,0.0,19.29,shipmonk_estimate,USD
132635,6391776313654,Cattasaurus - shoproxstore - Shopify,direct_to_consumer,fulfilled,2025-01-23,2025-01-25,2025-01-23,PA2,FedEx,1,1,16.66,2.63,0.0,19.29,shipmonk_estimate,USD
132636,6391780933942,Cattasaurus - shoproxstore - Shopify,direct_to_consumer,fulfilled,2025-01-23,2025-01-27,2025-01-23,NV3,FedEx,1,1,13.79,2.63,0.0,16.42,shipmonk_estimate,USD
132637,6391791812918,Cattasaurus - shoproxstore - Shopify,direct_to_consumer,fulfilled,2025-01-23,2025-01-27,2025-01-23,NV3,FedEx,1,1,14.02,2.63,0.0,16.65,shipmonk_estimate,USD
132638,6391799251254,Cattasaurus - shoproxstore - Shopify,direct_to_consumer,fulfilled,2025-01-23,2025-02-04,2025-01-23,PA2,FedEx,2,1,13.0,2.26,0.0,15.26,shipmonk_estimate,USD
132639,6391804068150,Cattasaurus - shoproxstore - Shopify,direct_to_consumer,fulfilled,2025-01-23,2025-01-25,2025-01-23,PA2,FedEx,1,1,13.09,2.63,0.0,15.72,shipmonk_estimate,USD
132640,6391821959478,Cattasaurus - shoproxstore - Shopify,direct_to_consumer,fulfilled,2025-01-23,2025-01-27,2025-01-23,NV3,FedEx,2,1,17.47,3.0,0.0,20.47,shipmonk_estimate,USD
132642,6391847649590,Cattasaurus - shoproxstore - Shopify,direct_to_consumer,fulfilled,2025-01-23,2025-01-25,2025-01-23,PA2,FedEx,1,1,16.66,2.63,0.0,19.29,shipmonk_estimate,USD
132643,6391872946486,Cattasaurus - shoproxstore - Shopify,direct_to_consumer,fulfilled,2025-01-23,2025-02-04,2025-01-23,PA2,FedEx,2,1,13.82,2.26,0.0,16.08,shipmonk_estimate,USD
132645,6391906238774,Cattasaurus - shoproxstore - Shopify,direct_to_consumer,fulfilled,2025-01-23,2025-01-25,2025-01-23,PA2,FedEx,1,1,20.92,2.63,0.0,23.55,shipmonk_estimate,USD
132648,6391919640886,Cattasaurus - shoproxstore - Shopify,direct_to_consumer,fulfilled,2025-01-23,2025-02-04,2025-01-23,PA2,FedEx,2,1,18.79,2.26,0.0,21.05,shipmonk_estimate,USD
132649,6391932617014,Cattasaurus - shoproxstore - Shopify,direct_to_consumer,fulfilled,2025-01-23,2025-01-27,2025-01-23,NV3,FedEx,1,1,18.75,2.63,0.0,21.38,shipmonk_estimate,USD
132650,6391940120886,Cattasaurus - shoproxstore - Shopify,direct_to_consumer,fulfilled,2025-01-23,2025-02-01,2025-01-23,PA2,FedEx,1,1,12.97,2.26,0.0,15.23,shipmonk_estimate,USD
132651,6391961256246,Cattasaurus - shoproxstore - Shopify,direct_to_consumer,fulfilled,2025-01-23,2025-01-25,2025-01-23,PA2,FedEx,2,1,20.92,2.63,0.0,23.55,shipmonk_estimate,USD
132652,6391964467510,Cattasaurus - shoproxstore - Shopify,direct_to_consumer,fulfilled,2025-01-23,2025-02-04,2025-01-23,PA2,FedEx,2,1,14.05,2.26,0.0,16.31,shipmonk_estimate,USD
132654,6391981113654,Cattasaurus - shoproxstore - Shopify,direct_to_consumer,fulfilled,2025-01-23,2025-01-25,2025-01-23,PA2,DHL eCommerce,1,1,11.51,3.0,0.3,14.81,shipmonk_estimate,USD
132655,6392021221686,Cattasaurus - shoproxstore - Shopify,direct_to_consumer,fulfilled,2025-01-23,2025-02-01,2025-01-23,PA2,UPS,1,1,18.17,2.26,0.0,20.43,shipmonk_estimate,USD
132658,6392082465078,Cattasaurus - shoproxstore - Shopify,direct_to_consumer,fulfilled,2025-01-23,2025-01-27,2025-01-23,NV3,FedEx,1,1,16.64,2.63,0.0,19.27,shipmonk_estimate,USD
132660_1,2427680e-4611-424c-b651-4404ca7b84b2,Cattasaurus - shoproxstore - Shopify,direct_to_consumer,fulfilled,2025-01-23,2025-02-10,2025-01-23,NV3,DHL eCommerce,1,1,5.68,1.89,0.0,7.57,shipmonk_estimate,USD
132661,6392202199350,Cattasaurus - shoproxstore - Shopify,direct_to_consumer,fulfilled,2025-01-23,2025-01-27,2025-01-23,NV3,FedEx,2,1,21.97,2.63,0.0,24.6,shipmonk_estimate,USD
132662,6392205377846,Cattasaurus - shoproxstore - Shopify,direct_to_consumer,fulfilled,2025-01-23,2025-02-04,2025-01-23,PA2,FedEx,1,1,16.67,2.26,0.0,18.93,shipmonk_estimate,USD
132663_1,acfd14b9-80f0-43c1-ace5-cb9011c69193,Cattasaurus - shoproxstore - Shopify,direct_to_consumer,fulfilled,2025-01-23,2025-01-27,2025-01-23,NV3,DHL eCommerce,1,1,5.68,1.89,0.3,7.87,shipmonk_estimate,USD
132664,6392283529526,Cattasaurus - shoproxstore - Shopify,direct_to_consumer,fulfilled,2025-01-23,2025-01-27,2025-01-23,NV3,UPS,1,1,15.55,2.26,0.0,17.81,shipmonk_estimate,USD
111-7061079-9879420,111-7061079-9879420,Cattasaurus - Amazon USA,direct_to_consumer,fulfilled,2025-01-24,2025-01-28,2025-01-24,NV3,USPS,1,1,24.68,2.26,0.0,26.94,shipmonk_estimate,USD
113-6140442-6563469,113-6140442-6563469,Cattasaurus - Amazon USA,direct_to_consumer,fulfilled,2025-01-24,2025-01-24,2025-01-24,NV3,FedEx,1,1,25.16,2.26,0.0,27.42,shipmonk_estimate,USD
127757-01,a302cdb6-44c6-4c97-9285-b3cd5ef59b76,Cattasaurus - shoproxstore - Shopify,direct_to_consumer,fulfilled,2025-01-24,2025-01-24,2025-01-24,PA2,FedEx,1,1,18.19,2.63,0.0,20.82,shipmonk_estimate,USD
132667,6392491737398,Cattasaurus - shoproxstore - Shopify,direct_to_consumer,fulfilled,2025-01-24,2025-02-01,2025-01-24,PA2,FedEx,1,1,12.97,2.26,0.0,15.23,shipmonk_estimate,USD
132668,6392534335798,Cattasaurus - shoproxstore - Shopify,direct_to_consumer,fulfilled,2025-01-24,2025-01-25,2025-01-24,PA2,FedEx,1,1,16.66,2.26,0.0,18.92,shipmonk_estimate,USD
132669,6392539873590,Cattasaurus - shoproxstore - Shopify,direct_to_consumer,fulfilled,2025-01-24,2025-02-04,2025-01-24,PA2,UPS,2,1,15.35,2.63,0.0,17.98,shipmonk_estimate,USD
132670,6392542167350,Cattasaurus - shoproxstore - Shopify,direct_to_consumer,fulfilled,2025-01-24,2025-01-27,2025-01-24,NV3,USPS,1,1,21.67,2.26,0.0,23.93,shipmonk_estimate,USD
132672,6392548065590,Cattasaurus - shoproxstore - Shopify,direct_to_consumer,fulfilled,2025-01-24,2025-01-27,2025-01-24,NV3,FedEx,1,1,13.79,2.26,0.0,16.05,shipmonk_estimate,USD
132673,6392568545590,Cattasaurus - shoproxstore - Shopify,direct_to_consumer,fulfilled,2025-01-24,2025-02-04,2025-01-24,PA2,FedEx,1,1,16.67,2.26,0.0,18.93,shipmonk_estimate,USD
132674,6392574378294,Cattasaurus - shoproxstore - Shopify,direct_to_consumer,fulfilled,2025-01-24,2025-02-11,2025-01-24,PA2,FedEx,1,1,13.82,2.26,0.0,16.08,shipmonk_estimate,USD
132674_1,5a9e7c65-7465-4754-bbfd-dbdc94f50b7d,Cattasaurus - shoproxstore - Shopify,direct_to_consumer,fulfilled,2025-01-24,2025-02-11,2025-01-24,NV3,DHL eCommerce,1,1,6.21,1.89,0.3,8.4,shipmonk_estimate,USD
132675,6392583881014,Cattasaurus - shoproxstore - Shopify,direct_to_consumer,fulfilled,2025-01-24,2025-02-01,2025-01-24,PA2,FedEx,1,1,18.75,2.26,0.0,21.01,shipmonk_estimate,USD
132677,6392601379126,Cattasaurus - shoproxstore - Shopify,direct_to_consumer,fulfilled,2025-01-24,2025-02-04,2025-01-24,PA2,FedEx,1,1,14.05,2.26,0.0,16.31,shipmonk_estimate,USD
132678,6392604426550,Cattasaurus - shoproxstore - Shopify,direct_to_consumer,fulfilled,2025-01-24,2025-02-01,2025-01-24,PA2,UPS,1,1,14.5,2.26,0.0,16.76,shipmonk_estimate,USD
132679,6392606785846,Cattasaurus - shoproxstore - Shopify,direct_to_consumer,fulfilled,2025-01-24,2025-02-11,2025-01-24,PA2,UPS,3,3,34.71,6.78,0.7,42.19,shipmonk_estimate,USD
132680,6392613273910,Cattasaurus - shoproxstore - Shopify,direct_to_consumer,fulfilled,2025-01-24,2025-02-15,2025-01-24,PA2,FedEx,1,1,19.43,2.63,0.0,22.06,shipmonk_estimate,USD
132680_1,897c0cc3-cd32-4142-ae52-b6168b89daf0,Cattasaurus - shoproxstore - Shopify,direct_to_consumer,fulfilled,2025-01-24,2025-02-03,2025-01-24,NV3,DHL eCommerce,2,1,11.39,3.37,0.5,15.26,shipmonk_estimate,USD
132680_2,03aac255-e589-44cd-ab4f-9bf9207455d0,Cattasaurus - shoproxstore - Shopify,direct_to_consumer,fulfilled,2025-01-24,2025-02-01,2025-01-24,PA2,FedEx,1,1,19.39,2.63,0.0,22.02,shipmonk_estimate,USD
132681,6392616223030,Cattasaurus - shoproxstore - Shopify,direct_to_consumer,fulfilled,2025-01-24,2025-02-04,2025-01-24,PA2,FedEx,1,1,13.0,2.26,0.0,15.26,shipmonk_estimate,USD
132682,6392616681782,Cattasaurus - shoproxstore - Shopify,direct_to_consumer,fulfilled,2025-01-24,2025-02-04,2025-01-24,PA2,UPS,1,1,14.53,2.26,0.0,16.79,shipmonk_estimate,USD
132683,6392630051126,Cattasaurus - shoproxstore - Shopify,direct_to_consumer,fulfilled,2025-01-24,2025-02-11,2025-01-24,PA2,FedEx,1,1,13.82,2.26,0.0,16.08,shipmonk_estimate,USD
132683_1,f96e2bec-d418-4e9e-b27f-f46beb594455,Cattasaurus - shoproxstore - Shopify,direct_to_consumer,fulfilled,2025-01-24,2025-02-11,2025-01-24,NV3,DHL eCommerce,1,1,6.21,1.89,0.3,8.4,shipmonk_estimate,USD
132684,6392650432822,Cattasaurus - shoproxstore - Shopify,direct_to_consumer,fulfilled,2025-01-24,2025-01-27,2025-01-24,NV3,UPS,1,1,20.28,2.63,0.0,22.91,shipmonk_estimate,USD
132685,6392652628278,Cattasaurus - shoproxstore - Shopify,direct_to_consumer,fulfilled,2025-01-24,2025-01-27,2025-01-24,NV3,FedEx,1,1,16.64,2.26,0.0,18.9,shipmonk_estimate,USD
132686,6392658788662,Cattasaurus - shoproxstore - Shopify,direct_to_consumer,fulfilled,2025-01-24,2025-01-27,2025-01-24,NV3,FedEx,1,1,20.28,2.63,0.0,22.91,shipmonk_estimate,USD
132688_1,a6329138-502e-460e-9940-66124f6fe5c4,Cattasaurus - shoproxstore - Shopify,direct_to_consumer,fulfilled,2025-01-24,2025-02-10,2025-01-24,NV3,DHL eCommerce,1,1,5.61,1.89,0.0,7.5,shipmonk_estimate,USD
132691,6392706892086,Cattasaurus - shoproxstore - Shopify,direct_to_consumer,fulfilled,2025-01-24,2025-01-27,2025-01-24,NV3,UPS,1,1,15.55,2.26,0.0,17.81,shipmonk_estimate,USD
132692,6392711315766,Cattasaurus - shoproxstore - Shopify,direct_to_consumer,fulfilled,2025-01-24,2025-01-27,2025-01-24,NV3,FedEx,1,1,21.97,2.63,0.0,24.6,shipmonk_estimate,USD
132693,6392722456886,Cattasaurus - shoproxstore - Shopify,direct_to_consumer,fulfilled,2025-01-24,2025-01-26,2025-01-24,PA2,FedEx,2,1,13.09,2.63,0.0,15.72,shipmonk_estimate,USD
132694,6392747753782,Cattasaurus - shoproxstore - Shopify,direct_to_consumer,fulfilled,2025-01-24,2025-01-27,2025-01-24,NV3,FedEx,2,1,19.99,3.0,0.0,22.99,shipmonk_estimate,USD
132695,6392752079158,Cattasaurus - shoproxstore - Shopify,direct_to_consumer,fulfilled,2025-01-24,2025-01-27,2025-01-24,NV3,FedEx,3,1,13.79,3.37,0.0,17.16,shipmonk_estimate,USD
132696,6392752767286,Cattasaurus - shoproxstore - Shopify,direct_to_consumer,fulfilled,2025-01-24,2025-02-03,2025-01-24,PA2,UPS,2,1,18.2,2.26,0.0,20.46,shipmonk_estimate,USD
132697,6392758632758,Cattasaurus - shoproxstore - Shopify,direct_to_consumer,fulfilled,2025-01-24,2025-01-27,2025-01-24,NV3,FedEx,2,1,21.97,3.0,0.0,24.97,shipmonk_estimate,USD
132698,6392765972790,Cattasaurus - shoproxstore - Shopify,direct_to_consumer,fulfilled,2025-01-24,2025-01-27,2025-01-24,NV3,FedEx,1,1,21.97,2.63,0.0,24.6,shipmonk_estimate,USD
132699,6392771379510,Cattasaurus - shoproxstore - Shopify,direct_to_consumer,fulfilled,2025-01-24,2025-01-26,2025-01-24,PA2,FedEx,2,1,16.66,2.63,0.0,19.29,shipmonk_estimate,USD
132701,6392806605110,Cattasaurus - shoproxstore - Shopify,direct_to_consumer,fulfilled,2025-01-24,2025-01-26,2025-01-24,PA2,FedEx,1,1,16.7,2.63,0.0,19.33,shipmonk_estimate,USD
132702,6392808735030,Cattasaurus - shoproxstore - Shopify,direct_to_consumer,fulfilled,2025-01-24,2025-02-06,2025-01-24,PA2,FedEx,2,1,16.7,2.63,0.0,19.33,shipmonk_estimate,USD
132702_1,c78cf8df-7fe7-405e-a1e9-6ae279ea9140,Cattasaurus - shoproxstore - Shopify,direct_to_consumer,fulfilled,2025-01-24,2025-02-06,2025-01-24,NV3,DHL eCommerce,1,1,6.21,1.89,0.3,8.4,shipmonk_estimate,USD
132703,6392815550774,Cattasaurus - shoproxstore - Shopify,direct_to_consumer,fulfilled,2025-01-24,2025-01-27,2025-01-24,NV3,FedEx,1,1,18.17,2.26,0.0,20.43,shipmonk_estimate,USD
132704,6392826921270,Cattasaurus - shoproxstore - Shopify,direct_to_consumer,fulfilled,2025-01-24,2025-01-27,2025-01-24,NV3,FedEx,1,1,21.97,2.26,0.0,24.23,shipmonk_estimate,USD
132705,6392879743286,Cattasaurus - shoproxstore - Shopify,direct_to_consumer,fulfilled,2025-01-24,2025-02-01,2025-01-24,PA2,FedEx,1,1,11.44,2.26,0.0,13.7,shipmonk_estimate,USD
132706,6392890327350,Cattasaurus - shoproxstore - Shopify,direct_to_consumer,fulfilled,2025-01-24,2025-02-04,2025-01-24,PA2,FedEx,1,1,13.0,2.26,0.0,15.26,shipmonk_estimate,USD
132707,6392897077558,Cattasaurus - shoproxstore - Shopify,direct_to_consumer,fulfilled,2025-01-24,2025-01-26,2025-01-24,PA2,FedEx,1,1,19.39,2.63,0.0,22.02,shipmonk_estimate,USD
132708,6392952389942,Cattasaurus - shoproxstore - Shopify,direct_to_consumer,fulfilled,2025-01-24,2025-01-27,2025-01-24,NV3,FedEx,1,1,18.75,2.26,0.0,21.01,shipmonk_estimate,USD
132709,6392953798966,Cattasaurus - shoproxstore - Shopify,direct_to_consumer,fulfilled,2025-01-24,2025-01-27,2025-01-24,NV3,FedEx,1,1,18.75,2.26,0.0,21.01,shipmonk_estimate,USD
132711,6392980406582,Cattasaurus - shoproxstore - Shopify,direct_to_consumer,fulfilled,2025-01-24,2025-02-01,2025-01-24,PA2,FedEx,1,1,15.55,2.26,0.0,17.81,shipmonk_estimate,USD
132712,6392987648310,Cattasaurus - shoproxstore - Shopify,direct_to_consumer,fulfilled,2025-01-24,2025-02-04,2025-01-24,PA2,FedEx,2,1,16.67,2.26,0.0,18.93,shipmonk_estimate,USD
132715,6392998068534,Cattasaurus - shoproxstore - Shopify,direct_to_consumer,fulfilled,2025-01-24,2025-01-27,2025-01-24,NV3,FedEx,1,1,21.97,2.63,0.0,24.6,shipmonk_estimate,USD
132716,6393001509174,Cattasaurus - shoproxstore - Shopify,direct_to_consumer,fulfilled,2025-01-24,2025-01-27,2025-01-24,NV3,FedEx,2,1,13.79,2.63,0.0,16.42,shipmonk_estimate,USD
132717,6393062850870,Cattasaurus - shoproxstore - Shopify,direct_to_consumer,fulfilled,2025-01-24,2025-01-27,2025-01-24,NV3,FedEx,2,1,12.97,2.63,0.0,15.6,shipmonk_estimate,USD
132719,6393177178422,Cattasaurus - shoproxstore - Shopify,direct_to_consumer,fulfilled,2025-01-24,2025-01-27,2025-01-24,NV3,FedEx,2,1,18.75,2.63,0.0,21.38,shipmonk_estimate,USD
132720,6393208897846,Cattasaurus - shoproxstore - Shopify,direct_to_consumer,fulfilled,2025-01-24,2025-01-27,2025-01-24,NV3,FedEx,2,1,18.75,2.63,0.0,21.38,shipmonk_estimate,USD
132721,6393211158838,Cattasaurus - shoproxstore - Shopify,direct_to_consumer,fulfilled,2025-01-24,2025-02-04,2025-01-24,PA2,FedEx,2,1,13.0,2.26,0.0,15.26,shipmonk_estimate,USD
132722,6393237373238,Cattasaurus - shoproxstore - Shopify,direct_to_consumer,fulfilled,2025-01-24,2025-01-27,2025-01-24,NV3,FedEx,1,1,16.64,2.63,0.0,19.27,shipmonk_estimate,USD
132723,6393287311670,Cattasaurus - shoproxstore - Shopify,direct_to_consumer,fulfilled,2025-01-24,2025-01-26,2025-01-24,PA2,FedEx,1,1,19.39,2.63,0.0,22.02,shipmonk_estimate,USD
132724,6393317032246,Cattasaurus - shoproxstore - Shopify,direct_to_consumer,fulfilled,2025-01-24,2025-01-27,2025-01-24,NV3,UPS,1,1,15.55,2.26,0.0,17.81,shipmonk_estimate,USD
132725,6393352978742,Cattasaurus - shoproxstore - Shopify,direct_to_consumer,fulfilled,2025-01-24,2025-01-26,2025-01-24,PA2,FedEx,1,1,16.64,2.63,0.0,19.27,shipmonk_estimate,USD
132726,6393354092854,Cattasaurus - shoproxstore - Shopify,direct_to_consumer,fulfilled,2025-01-24,2025-01-26,2025-01-24,PA2,FedEx,2,1,18.19,2.63,0.0,20.82,shipmonk_estimate,USD
132729,6393402818870,Cattasaurus - shoproxstore - Shopify,direct_to_consumer,fulfilled,2025-01-24,2025-02-01,2025-01-24,PA2,FedEx,1,2,33.28,4.52,0.0,37.8,shipmonk_estimate,USD
132730,6393412845878,Cattasaurus - shoproxstore - Shopify,direct_to_consumer,fulfilled,2025-01-24,2025-01-26,2025-01-24,PA2,UPS,2,1,18.17,2.63,0.0,20.8,shipmonk_estimate,USD
132731,6393456918838,Cattasaurus - shoproxstore - Shopify,direct_to_consumer,fulfilled,2025-01-24,2025-02-04,2025-01-24,PA2,FedEx,2,1,16.67,2.26,0.0,18.93,shipmonk_estimate,USD
132732,6393464193334,Cattasaurus - shoproxstore - Shopify,direct_to_consumer,fulfilled,2025-01-24,2025-01-27,2025-01-24,NV3,FedEx,1,1,13.79,2.63,0.0,16.42,shipmonk_estimate,USD
132733,6393488277814,Cattasaurus - shoproxstore - Shopify,direct_to_consumer,fulfilled,2025-01-24,2025-02-01,2025-01-24,PA2,FedEx,1,1,18.75,2.63,0.0,21.38,shipmonk_estimate,USD
132735,6393514656054,Cattasaurus - shoproxstore - Shopify,direct_to_consumer,fulfilled,2025-01-24,2025-01-26,2025-01-24,PA2,FedEx,1,1,18.19,2.63,0.0,20.82,shipmonk_estimate,USD
132736,6393523503414,Cattasaurus - shoproxstore - Shopify,direct_to_consumer,fulfilled,2025-01-24,2025-02-04,2025-01-24,PA2,FedEx,2,1,14.05,2.26,0.0,16.31,shipmonk_estimate,USD
132737,6393537888566,Cattasaurus - shoproxstore - Shopify,direct_to_consumer,fulfilled,2025-01-24,2025-02-04,2025-01-24,PA2,UPS,2,1,15.58,2.26,0.0,17.84,shipmonk_estimate,USD
132739,6393568756022,Cattasaurus - shoproxstore - Shopify,direct_to_consumer,fulfilled,2025-01-24,2025-02-01,2025-01-24,PA2,FedEx,1,1,12.97,2.26,0.0,15.23,shipmonk_estimate,USD
132740,6393600442678,Cattasaurus - shoproxstore - Shopify,direct_to_consumer,fulfilled,2025-01-24,2025-02-04,2025-01-24,PA2,UPS,2,1,18.2,2.26,0.0,20.46,shipmonk_estimate,USD
132741,6393632489782,Cattasaurus - shoproxstore - Shopify,direct_to_consumer,fulfilled,2025-01-24,2025-01-27,2025-01-24,NV3,FedEx,2,1,25.44,3.0,0.0,28.44,shipmonk_estimate,USD
132742,6393641992502,Cattasaurus - shoproxstore - Shopify,direct_to_consumer,fulfilled,2025-01-24,2025-01-27,2025-01-24,NV3,FedEx,1,1,18.46,3.0,0.0,21.46,shipmonk_estimate,USD
132743,6393651888438,Cattasaurus - shoproxstore - Shopify,direct_to_consumer,fulfilled,2025-01-24,2025-02-01,2025-01-24,PA2,FedEx,1,1,12.97,2.26,0.0,15.23,shipmonk_estimate,USD
132744,6393657721142,Cattasaurus - shoproxstore - Shopify,direct_to_consumer,fulfilled,2025-01-24,2025-02-01,2025-01-24,PA2,FedEx,1,1,16.64,2.26,0.0,18.9,shipmonk_estimate,USD
132745,6393659425078,Cattasaurus - shoproxstore - Shopify,direct_to_consumer,fulfilled,2025-01-24,2025-01-25,2025-01-24,PA2,FedEx,1,1,18.19,2.63,0.0,20.82,shipmonk_estimate,USD
132745_1,e428b799-ff6e-4023-8517-aeea3f1a1672,Cattasaurus - shoproxstore - Shopify,direct_to_consumer,fulfilled,2025-01-24,2025-01-25,2025-01-24,PA2,FedEx,1,1,18.19,2.63,0.0,20.82,shipmonk_estimate,USD
132746,6393703891254,Cattasaurus - shoproxstore - Shopify,direct_to_consumer,fulfilled,2025-01-24,2025-02-01,2025-01-24,PA2,UPS,1,1,18.17,2.26,0.0,20.43,shipmonk_estimate,USD
132747,6393735577910,Cattasaurus - shoproxstore - Shopify,direct_to_consumer,fulfilled,2025-01-24,2025-02-04,2025-01-24,PA2,FedEx,2,1,14.05,2.26,0.0,16.31,shipmonk_estimate,USD
132748,6393753502006,Cattasaurus - shoproxstore - Shopify,direct_to_consumer,fulfilled,2025-01-24,2025-02-05,2025-01-24,PA2,FedEx,1,1,13.0,2.63,0.0,15.63,shipmonk_estimate,USD
132749,6393763823926,Cattasaurus - shoproxstore - Shopify,direct_to_consumer,fulfilled,2025-01-24,2025-02-01,2025-01-24,PA2,UPS,1,1,15.32,2.26,0.0,17.58,shipmonk_estimate,USD
132750,6393772638518,Cattasaurus - shoproxstore - Shopify,direct_to_consumer,fulfilled,2025-01-24,2025-01-27,2025-01-24,NV3,FedEx,2,1,18.75,2.63,0.0,21.38,shipmonk_estimate,USD
132751,6393773359414,Cattasaurus - shoproxstore - Shopify,direct_to_consumer,fulfilled,2025-01-24,2025-01-26,2025-01-24,PA2,FedEx,2,1,19.39,2.63,0.0,22.02,shipmonk_estimate,USD
132752,6393807634742,Cattasaurus - shoproxstore - Shopify,direct_to_consumer,fulfilled,2025-01-24,2025-02-04,2025-01-24,PA2,UPS,2,1,18.2,2.26,0.0,20.46,shipmonk_estimate,USD
132753,6393857311030,Cattasaurus - shoproxstore - Shopify,direct_to_consumer,fulfilled,2025-01-24,2025-02-01,2025-01-24,PA2,FedEx,1,1,17.23,2.63,0.0,19.86,shipmonk_estimate,USD
132754,6393864126774,Cattasaurus - shoproxstore - Shopify,direct_to_consumer,fulfilled,2025-01-24,2025-02-01,2025-01-24,PA2,FedEx,1,1,18.75,2.26,0.0,21.01,shipmonk_estimate,USD
132755,6393875136822,Cattasaurus - shoproxstore - Shopify,direct_to_consumer,fulfilled,2025-01-24,2025-01-27,2025-01-24,NV3,FedEx,1,1,13.79,2.63,0.0,16.42,shipmonk_estimate,USD
132756,6393880150326,Cattasaurus - shoproxstore - Shopify,direct_to_consumer,fulfilled,2025-01-24,2025-01-27,2025-01-24,NV3,FedEx,1,1,18.75,2.63,0.0,21.38,shipmonk_estimate,USD
107322-01,970370ae-dc57-4159-ad21-f79fc8840859,Cattasaurus - shoproxstore - Shopify,direct_to_consumer,fulfilled,2025-01-25,2025-01-26,2025-01-25,PA2,FedEx,1,1,20.41,4.11,0.0,24.52,shipmonk_estimate,USD
112-8295147-8722620,112-8295147-8722620,Cattasaurus - Amazon USA,direct_to_consumer,fulfilled,2025-01-25,2025-01-27,2025-01-25,NV3,FedEx,1,1,16.66,2.26,0.0,18.92,shipmonk_estimate,USD
132759,6394117947702,Cattasaurus - shoproxstore - Shopify,direct_to_consumer,fulfilled,2025-01-25,2025-01-27,2025-01-25,NV3,FedEx,3,1,16.64,3.0,0.0,19.64,shipmonk_estimate,USD
132760,6394138198326,Cattasaurus - shoproxstore - Shopify,direct_to_consumer,fulfilled,2025-01-25,2025-01-27,2025-01-25,NV3,FedEx,1,1,18.75,2.63,0.0,21.38,shipmonk_estimate,USD
132761,6394159333686,Cattasaurus - shoproxstore - Shopify,direct_to_consumer,fulfilled,2025-01-25,2025-01-26,2025-01-25,PA2,FedEx,1,1,19.39,2.63,0.0,22.02,shipmonk_estimate,USD
132762,6394241679670,Cattasaurus - shoproxstore - Shopify,direct_to_consumer,fulfilled,2025-01-25,2025-01-27,2025-01-25,NV3,FedEx,2,1,16.64,2.63,0.0,19.27,shipmonk_estimate,USD
132763,6394245382454,Cattasaurus - shoproxstore - Shopify,direct_to_consumer,fulfilled,2025-01-25,2025-02-04,2025-01-25,PA2,FedEx,2,1,13.82,2.26,0.0,16.08,shipmonk_estimate,USD
132764,6394264224054,Cattasaurus - shoproxstore - Shopify,direct_to_consumer,fulfilled,2025-01-25,2025-02-01,2025-01-25,PA2,UPS,1,1,14.5,2.26,0.0,16.76,shipmonk_estimate,USD
132765,6394320683318,Cattasaurus - shoproxstore - Shopify,direct_to_consumer,fulfilled,2025-01-25,2025-01-27,2025-01-25,NV3,UPS,1,1,20.28,2.63,0.0,22.91,shipmonk_estimate,USD
132766,6394323435830,Cattasaurus - shoproxstore - Shopify,direct_to_consumer,fulfilled,2025-01-25,2025-02-04,2025-01-25,PA2,UPS,2,1,14.53,2.26,0.0,16.79,shipmonk_estimate,USD
132767,6394371080502,Cattasaurus - shoproxstore - Shopify,direct_to_consumer,fulfilled,2025-01-25,2025-01-26,2025-01-25,PA2,FedEx,2,1,18.19,2.63,0.0,20.82,shipmonk_estimate,USD
132768,6394384810294,Cattasaurus - shoproxstore - Shopify,direct_to_consumer,fulfilled,2025-01-25,2025-01-27,2025-01-25,PA2,FedEx,2,1,20.92,2.63,0.0,23.55,shipmonk_estimate,USD
132769,6394404766006,Cattasaurus - shoproxstore - Shopify,direct_to_consumer,fulfilled,2025-01-25,2025-02-11,2025-01-25,PA2,FedEx,1,1,27.09,2.63,0.0,29.72,shipmonk_estimate,USD
132769_1,72df9b33-dcbb-41c8-9024-225700d08edb,Cattasaurus - shoproxstore - Shopify,direct_to_consumer,fulfilled,2025-01-25,2025-02-03,2025-01-25,NV3,DHL eCommerce,1,1,5.68,1.89,0.0,7.57,shipmonk_estimate,USD
132770,6394413187382,Cattasaurus - shoproxstore - Shopify,direct_to_consumer,fulfilled,2025-01-25,2025-01-27,2025-01-25,PA2,FedEx,2,1,15.17,2.63,0.0,17.8,shipmonk_estimate,USD
132771,6394415218998,Cattasaurus - shoproxstore - Shopify,direct_to_consumer,fulfilled,2025-01-25,2025-01-27,2025-01-25,PA2,FedEx,2,1,18.19,2.63,0.0,20.82,shipmonk_estimate,USD
132772,6394421870902,Cattasaurus - shoproxstore - Shopify,direct_to_consumer,fulfilled,2025-01-25,2025-02-04,2025-01-25,PA2,UPS,2,1,15.35,2.26,0.0,17.61,shipmonk_estimate,USD
132773,6394425704758,Cattasaurus - shoproxstore - Shopify,direct_to_consumer,fulfilled,2025-01-25,2025-01-27,2025-01-25,PA2,FedEx,1,1,15.17,2.63,0.0,17.8,shipmonk_estimate,USD
132775,6394433438006,Cattasaurus - shoproxstore - Shopify,direct_to_consumer,fulfilled,2025-01-25,2025-02-01,2025-01-25,PA2,FedEx,1,1,14.02,2.26,0.0,16.28,shipmonk_estimate,USD
132776,6394438222134,Cattasaurus - shoproxstore - Shopify,direct_to_consumer,fulfilled,2025-01-25,2025-02-01,2025-01-25,PA2,FedEx,1,1,16.64,2.26,0.0,18.9,shipmonk_estimate,USD
132778,6394445070646,Cattasaurus - shoproxstore - Shopify,direct_to_consumer,fulfilled,2025-01-25,2025-02-04,2025-01-25,PA2,FedEx,2,1,11.47,2.26,0.0,13.73,shipmonk_estimate,USD
132779,6394452115766,Cattasaurus - shoproxstore - Shopify,direct_to_consumer,fulfilled,2025-01-25,2025-01-26,2025-01-25,PA2,FedEx,1,1,18.19,2.63,0.0,20.82,shipmonk_estimate,USD
132780,6394454409526,Cattasaurus - shoproxstore - Shopify,direct_to_consumer,fulfilled,2025-01-25,2025-01-26,2025-01-25,PA2,FedEx,1,1,16.66,2.63,0.0,19.29,shipmonk_estimate,USD
132781,6394454802742,Cattasaurus - shoproxstore - Shopify,direct_to_consumer,fulfilled,2025-01-25,2025-02-01,2025-01-25,PA2,FedEx,1,1,16.64,2.26,0.0,18.9,shipmonk_estimate,USD
132782_1,ff000d3a-9a32-4c0e-a68c-1a52f7f0ea45,Cattasaurus - shoproxstore - Shopify,direct_to_consumer,fulfilled,2025-01-25,2025-02-08,2025-01-25,PA2,DHL eCommerce,4,1,5.68,3.0,0.3,8.98,shipmonk_estimate,USD
132784,6394481279286,Cattasaurus - shoproxstore - Shopify,direct_to_consumer,fulfilled,2025-01-25,2025-02-04,2025-01-25,PA2,FedEx,2,1,14.05,2.26,0.0,16.31,shipmonk_estimate,USD
132785,6394482786614,Cattasaurus - shoproxstore - Shopify,direct_to_consumer,fulfilled,2025-01-25,2025-02-11,2025-01-25,PA2,FedEx,1,2,28.1,4.52,0.0,32.62,shipmonk_estimate,USD
132786,6394487439670,Cattasaurus - shoproxstore - Shopify,direct_to_consumer,fulfilled,2025-01-25,2025-02-11,2025-01-25,PA2,FedEx,1,1,19.43,2.63,0.0,22.06,shipmonk_estimate,USD
132787,6394487669046,Cattasaurus - shoproxstore - Shopify,direct_to_consumer,fulfilled,2025-01-25,2025-01-27,2025-01-25,PA2,FedEx,1,1,15.17,2.63,0.0,17.8,shipmonk_estimate,USD
132789,6394488848694,Cattasaurus - shoproxstore - Shopify,direct_to_consumer,fulfilled,2025-01-25,2025-01-27,2025-01-25,PA2,FedEx,3,1,13.09,3.74,0.0,16.83,shipmonk_estimate,USD
132791,6394518569270,Cattasaurus - shoproxstore - Shopify,direct_to_consumer,fulfilled,2025-01-25,2025-01-27,2025-01-25,PA2,FedEx,2,1,19.39,2.63,0.0,22.02,shipmonk_estimate,USD
132792,6394518995254,Cattasaurus - shoproxstore - Shopify,direct_to_consumer,fulfilled,2025-01-25,2025-02-04,2025-01-25,PA2,UPS,1,1,15.58,2.26,0.0,17.84,shipmonk_estimate,USD
132794,6394532430134,Cattasaurus - shoproxstore - Shopify,direct_to_consumer,fulfilled,2025-01-25,2025-01-27,2025-01-25,NV3,FedEx,2,1,18.75,2.63,0.0,21.38,shipmonk_estimate,USD
132795,6394543309110,Cattasaurus - shoproxstore - Shopify,direct_to_consumer,fulfilled,2025-01-25,2025-02-04,2025-01-25,PA2,FedEx,2,1,16.67,2.26,0.0,18.93,shipmonk_estimate,USD
132796,6394549240118,Cattasaurus - shoproxstore - Shopify,direct_to_consumer,fulfilled,2025-01-25,2025-02-04,2025-01-25,PA2,FedEx,2,1,13.82,2.26,0.0,16.08,shipmonk_estimate,USD
132798,6394569818422,Cattasaurus - shoproxstore - Shopify,direct_to_consumer,fulfilled,2025-01-25,2025-01-27,2025-01-25,NV3,FedEx,1,1,13.79,2.63,0.0,16.42,shipmonk_estimate,USD
132799,6394577256758,Cattasaurus - shoproxstore - Shopify,direct_to_consumer,fulfilled,2025-01-25,2025-01-27,2025-01-25,NV3,FedEx,2,1,13.79,3.0,0.0,16.79,shipmonk_estimate,USD
132800,6394578698550,Cattasaurus - shoproxstore - Shopify,direct_to_consumer,fulfilled,2025-01-25,2025-01-27,2025-01-25,PA2,FedEx,1,1,15.17,2.63,0.0,17.8,shipmonk_estimate,USD
132801,6394590363958,Cattasaurus - shoproxstore - Shopify,direct_to_consumer,fulfilled,2025-01-25,2025-02-01,2025-01-25,PA2,FedEx,1,1,16.64,2.63,0.0,19.27,shipmonk_estimate,USD
132802,6394603929910,Cattasaurus - shoproxstore - Shopify,direct_to_consumer,fulfilled,2025-01-25,2025-01-27,2025-01-25,NV3,FedEx,2,1,14.02,2.63,0.0,16.65,shipmonk_estimate,USD
132803,6394614317366,Cattasaurus - shoproxstore - Shopify,direct_to_consumer,fulfilled,2025-01-25,2025-01-27,2025-01-25,PA2,FedEx,2,1,16.66,2.63,0.0,19.29,shipmonk_estimate,USD
132804,6394620412214,Cattasaurus - shoproxstore - Shopify,direct_to_consumer,fulfilled,2025-01-25,2025-01-27,2025-01-25,NV3,UPS,1,1,20.28,2.63,0.0,22.91,shipmonk_estimate,USD
132807,6394663043382,Cattasaurus - shoproxstore - Shopify,direct_to_consumer,fulfilled,2025-01-25,2025-02-04,2025-01-25,PA2,UPS,2,1,14.53,2.26,0.0,16.79,shipmonk_estimate,USD
132808,6394668351798,Cattasaurus - shoproxstore - Shopify,direct_to_consumer,fulfilled,2025-01-25,2025-01-27,2025-01-25,PA2,FedEx,1,1,17.34,1.89,0.0,19.23,shipmonk_estimate,USD
132809,6394686996790,Cattasaurus - shoproxstore - Shopify,direct_to_consumer,fulfilled,2025-01-25,2025-02-11,2025-01-25,PA2,FedEx,1,2,26.0,4.52,0.0,30.52,shipmonk_estimate,USD
132810,6394707706166,Cattasaurus - shoproxstore - Shopify,direct_to_consumer,fulfilled,2025-01-25,2025-01-27,2025-01-25,NV3,FedEx,1,1,18.75,2.63,0.0,21.38,shipmonk_estimate,USD
132811,6394712785206,Cattasaurus - shoproxstore - Shopify,direct_to_consumer,fulfilled,2025-01-25,2025-01-27,2025-01-25,PA2,FedEx,2,1,19.39,2.63,0.0,22.02,shipmonk_estimate,USD
132812,6394716455222,Cattasaurus - shoproxstore - Shopify,direct_to_consumer,fulfilled,2025-01-25,2025-02-04,2025-01-25,PA2,FedEx,2,1,13.82,2.26,0.0,16.08,shipmonk_estimate,USD
132813,6394737754422,Cattasaurus - shoproxstore - Shopify,direct_to_consumer,fulfilled,2025-01-25,2025-02-21,2025-01-25,PA2,FedEx,2,1,22.02,2.26,0.0,24.28,shipmonk_estimate,USD
132814,6394745880886,Cattasaurus - shoproxstore - Shopify,direct_to_consumer,fulfilled,2025-01-25,2025-01-27,2025-01-25,NV3,FedEx,1,1,0.0,2.63,0.0,2.63,shipmonk_estimate,USD
132816_1,e908913f-67bd-400b-900c-bc6fbb857158,Cattasaurus - shoproxstore - Shopify,direct_to_consumer,fulfilled,2025-01-25,2025-02-10,2025-01-25,NV3,DHL eCommerce,1,1,5.68,1.89,0.0,7.57,shipmonk_estimate,USD
132819,6394771996982,Cattasaurus - shoproxstore - Shopify,direct_to_consumer,fulfilled,2025-01-25,2025-02-01,2025-01-25,PA2,FedEx,1,1,14.02,2.63,0.0,16.65,shipmonk_estimate,USD
132821,6394782581046,Cattasaurus - shoproxstore - Shopify,direct_to_consumer,fulfilled,2025-01-25,2025-01-27,2025-01-25,NV3,FedEx,1,1,16.64,2.63,0.0,19.27,shipmonk_estimate,USD
132822,6394785628470,Cattasaurus - shoproxstore - Shopify,direct_to_consumer,fulfilled,2025-01-25,2025-01-27,2025-01-25,PA2,FedEx,1,1,16.7,2.63,0.0,19.33,shipmonk_estimate,USD
132823,6394816168246,Cattasaurus - shoproxstore - Shopify,direct_to_consumer,fulfilled,2025-01-25,2025-01-27,2025-01-25,NV3,FedEx,1,1,18.75,2.63,0.0,21.38,shipmonk_estimate,USD
132826,6394861093174,Cattasaurus - shoproxstore - Shopify,direct_to_consumer,fulfilled,2025-01-25,2025-02-20,2025-01-25,PA2,FedEx,2,1,13.82,2.63,0.0,16.45,shipmonk_estimate,USD
132827,6394872627510,Cattasaurus - shoproxstore - Shopify,direct_to_consumer,fulfilled,2025-01-25,2025-01-27,2025-01-25,PA2,FedEx,2,1,13.09,3.0,0.0,16.09,shipmonk_estimate,USD
132828,6394889339190,Cattasaurus - shoproxstore - Shopify,direct_to_consumer,fulfilled,2025-01-25,2025-02-14,2025-01-25,PA2,FedEx,2,1,25.62,2.26,0.0,27.88,shipmonk_estimate,USD
132829,6394925646134,Cattasaurus - shoproxstore - Shopify,direct_to_consumer,fulfilled,2025-01-25,2025-01-27,2025-01-25,PA2,FedEx,1,1,27.04,2.63,0.0,29.67,shipmonk_estimate,USD
132830,6394955104566,Cattasaurus - shoproxstore - Shopify,direct_to_consumer,fulfilled,2025-01-25,2025-02-04,2025-01-25,PA2,FedEx,2,1,16.67,2.26,0.0,18.93,shipmonk_estimate,USD
132831,6394996392246,Cattasaurus - shoproxstore - Shopify,direct_to_consumer,fulfilled,2025-01-25,2025-01-27,2025-01-25,NV3,FedEx,2,1,20.45,2.63,0.0,23.08,shipmonk_estimate,USD
132832,6394999767350,Cattasaurus - shoproxstore - Shopify,direct_to_consumer,fulfilled,2025-01-25,2025-01-27,2025-01-25,PA2,FedEx,2,1,14.62,2.63,0.0,17.25,shipmonk_estimate,USD
132832_1,9fd4cadd-7572-4a63-9391-a3c36005c7b3,Cattasaurus - shoproxstore - Shopify,direct_to_consumer,fulfilled,2025-01-25,2025-01-27,2025-01-25,PA2,FedEx,2,1,14.62,2.63,0.0,17.25,shipmonk_estimate,USD
132833,6395027718454,Cattasaurus - shoproxstore - Shopify,direct_to_consumer,fulfilled,2025-01-25,2025-01-27,2025-01-25,NV3,FedEx,2,1,25.57,2.63,0.0,28.2,shipmonk_estimate,USD
132834,6395049181494,Cattasaurus - shoproxstore - Shopify,direct_to_consumer,fulfilled,2025-01-25,2025-01-27,2025-01-25,NV3,FedEx,1,1,21.97,2.63,0.0,24.6,shipmonk_estimate,USD
132836,6395094925622,Cattasaurus - shoproxstore - Shopify,direct_to_consumer,fulfilled,2025-01-25,2025-02-04,2025-01-25,PA2,UPS,2,1,18.2,2.26,0.0,20.46,shipmonk_estimate,USD
132837,6395103871286,Cattasaurus - shoproxstore - Shopify,direct_to_consumer,fulfilled,2025-01-25,2025-01-27,2025-01-25,PA2,FedEx,1,1,17.34,2.26,0.0,19.6,shipmonk_estimate,USD
132838,6395109310774,Cattasaurus - shoproxstore - Shopify,direct_to_consumer,fulfilled,2025-01-25,2025-01-27,2025-01-25,NV3,UPS,1,1,18.17,2.63,0.0,20.8,shipmonk_estimate,USD
132839,6395150434614,Cattasaurus - shoproxstore - Shopify,direct_to_consumer,fulfilled,2025-01-25,2025-01-27,2025-01-25,PA2,FedEx,3,1,20.75,2.63,0.0,23.38,shipmonk_estimate,USD
132840,6395153744182,Cattasaurus - shoproxstore - Shopify,direct_to_consumer,fulfilled,2025-01-25,2025-02-01,2025-01-25,PA2,UPS,1,1,18.17,2.26,0.0,20.43,shipmonk_estimate,USD
132841,6395156529462,Cattasaurus - shoproxstore - Shopify,direct_to_consumer,fulfilled,2025-01-25,2025-01-27,2025-01-25,NV3,FedEx,1,1,18.75,2.63,0.0,21.38,shipmonk_estimate,USD
132842,6395189756214,Cattasaurus - shoproxstore - Shopify,direct_to_consumer,fulfilled,2025-01-25,2025-01-27,2025-01-25,NV3,FedEx,2,1,14.02,2.63,0.0,16.65,shipmonk_estimate,USD
132843,6395221180726,Cattasaurus - shoproxstore - Shopify,direct_to_consumer,fulfilled,2025-01-25,2025-01-27,2025-01-25,NV3,FedEx,1,1,13.79,2.63,0.0,16.42,shipmonk_estimate,USD
132844,6395229077814,Cattasaurus - shoproxstore - Shopify,direct_to_consumer,fulfilled,2025-01-25,2025-02-01,2025-01-25,PA2,UPS,1,1,18.17,2.26,0.0,20.43,shipmonk_estimate,USD
132845,6395234091318,Cattasaurus - shoproxstore - Shopify,direct_to_consumer,fulfilled,2025-01-25,2025-01-27,2025-01-25,NV3,FedEx,1,1,16.64,2.63,0.0,19.27,shipmonk_estimate,USD
132846,6395256865078,Cattasaurus - shoproxstore - Shopify,direct_to_consumer,fulfilled,2025-01-25,2025-01-27,2025-01-25,NV3,FedEx,2,1,18.75,2.63,0.0,21.38,shipmonk_estimate,USD
132847,6395263713590,Cattasaurus - shoproxstore - Shopify,direct_to_consumer,fulfilled,2025-01-25,2025-02-04,2025-01-25,PA2,UPS,2,1,15.35,2.26,0.0,17.61,shipmonk_estimate,USD
132848,6395273871670,Cattasaurus - shoproxstore - Shopify,direct_to_consumer,fulfilled,2025-01-25,2025-01-27,2025-01-25,NV3,FedEx,2,1,13.79,2.63,0.0,16.42,shipmonk_estimate,USD
132849,6395299037494,Cattasaurus - shoproxstore - Shopify,direct_to_consumer,fulfilled,2025-01-25,2025-01-27,2025-01-25,PA2,FedEx,2,1,15.17,2.63,0.0,17.8,shipmonk_estimate,USD
132850,6395318272310,Cattasaurus - shoproxstore - Shopify,direct_to_consumer,fulfilled,2025-01-25,2025-01-27,2025-01-25,NV3,FedEx,1,1,18.75,2.63,0.0,21.38,shipmonk_estimate,USD
132851,6395322859830,Cattasaurus - shoproxstore - Shopify,direct_to_consumer,fulfilled,2025-01-25,2025-01-27,2025-01-25,PA2,FedEx,1,1,14.62,2.63,0.0,17.25,shipmonk_estimate,USD
132852,6395326234934,Cattasaurus - shoproxstore - Shopify,direct_to_consumer,fulfilled,2025-01-25,2025-02-04,2025-01-25,PA2,FedEx,2,1,13.82,2.26,0.0,16.08,shipmonk_estimate,USD
132854,6395330396470,Cattasaurus - shoproxstore - Shopify,direct_to_consumer,fulfilled,2025-01-25,2025-01-27,2025-01-25,PA2,FedEx,2,1,16.7,2.63,0.0,19.33,shipmonk_estimate,USD
132854_1,3bf1caea-2093-4a87-a2bb-28045a40bdb8,Cattasaurus - shoproxstore - Shopify,direct_to_consumer,fulfilled,2025-01-25,2025-01-27,2025-01-25,PA2,FedEx,2,1,16.7,2.63,0.0,19.33,shipmonk_estimate,USD
132855,6395351171382,Cattasaurus - shoproxstore - Shopify,direct_to_consumer,fulfilled,2025-01-25,2025-01-27,2025-01-25,PA2,FedEx,1,1,15.17,2.63,0.0,17.8,shipmonk_estimate,USD
132855_1,d686f91c-0731-4e4d-b132-31a09e7c525e,Cattasaurus - shoproxstore - Shopify,direct_to_consumer,fulfilled,2025-01-25,2025-01-27,2025-01-25,PA2,FedEx,1,1,15.17,2.63,0.0,17.8,shipmonk_estimate,USD
132856,6395355234614,Cattasaurus - shoproxstore - Shopify,direct_to_consumer,fulfilled,2025-01-25,2025-01-27,2025-01-25,PA2,FedEx,2,1,13.09,2.63,0.0,15.72,shipmonk_estimate,USD
132857,6395357987126,Cattasaurus - shoproxstore - Shopify,direct_to_consumer,fulfilled,2025-01-25,2025-02-04,2025-01-25,PA2,UPS,2,1,14.53,2.26,0.0,16.79,shipmonk_estimate,USD
132858,6395359101238,Cattasaurus - shoproxstore - Shopify,direct_to_consumer,fulfilled,2025-01-25,2025-01-27,2025-01-25,NV3,DHL eCommerce,1,1,9.02,2.26,0.3,11.58,shipmonk_estimate,USD
132859,6395437023542,Cattasaurus - shoproxstore - Shopify,direct_to_consumer,fulfilled,2025-01-25,2025-01-27,2025-01-25,NV3,FedEx,1,1,21.97,2.63,0.0,24.6,shipmonk_estimate,USD
132860,6395448557878,Cattasaurus - shoproxstore - Shopify,direct_to_consumer,fulfilled,2025-01-25,2025-02-01,2025-01-25,PA2,UPS,1,1,18.17,2.26,0.0,20.43,shipmonk_estimate,USD
132861,6395485880630,Cattasaurus - shoproxstore - Shopify,direct_to_consumer,fulfilled,2025-01-25,2025-01-27,2025-01-25,NV3,FedEx,1,1,16.64,2.63,0.0,19.27,shipmonk_estimate,USD
132862,6395513962806,Cattasaurus - shoproxstore - Shopify,direct_to_consumer,fulfilled,2025-01-25,2025-01-27,2025-01-25,PA2,FedEx,2,1,15.17,2.63,0.0,17.8,shipmonk_estimate,USD
132863_1,68a76b83-e9c1-4d97-9292-e8cf93cc4d40,Cattasaurus - shoproxstore - Shopify,direct_to_consumer,fulfilled,2025-01-25,2025-02-10,2025-01-25,NV3,DHL eCommerce,1,1,5.68,1.89,0.0,7.57,shipmonk_estimate,USD
132864,6395553349942,Cattasaurus - shoproxstore - Shopify,direct_to_consumer,fulfilled,2025-01-25,2025-01-27,2025-01-25,PA2,FedEx,1,1,16.66,2.63,0.0,19.29,shipmonk_estimate,USD
132865,6395553775926,Cattasaurus - shoproxstore - Shopify,direct_to_consumer,fulfilled,2025-01-25,2025-01-27,2025-01-25,PA2,FedEx,1,1,15.17,2.63,0.0,17.8,shipmonk_estimate,USD
132866,6395567046966,Cattasaurus - shoproxstore - Shopify,direct_to_consumer,fulfilled,2025-01-25,2025-01-27,2025-01-25,PA2,FedEx,2,1,13.09,2.63,0.0,15.72,shipmonk_estimate,USD
132867,6395575894326,Cattasaurus - shoproxstore - Shopify,direct_to_consumer,fulfilled,2025-01-25,2025-01-27,2025-01-25,NV3,FedEx,2,1,20.28,2.63,0.0,22.91,shipmonk_estimate,USD
132868,6395600699702,Cattasaurus - shoproxstore - Shopify,direct_to_consumer,fulfilled,2025-01-25,2025-01-27,2025-01-25,NV3,FedEx,1,1,18.75,2.63,0.0,21.38,shipmonk_estimate,USD
132869,6395602272566,Cattasaurus - shoproxstore - Shopify,direct_to_consumer,fulfilled,2025-01-25,2025-01-27,2025-01-25,NV3,FedEx,1,1,16.64,2.63,0.0,19.27,shipmonk_estimate,USD
132870,6395618623798,Cattasaurus - shoproxstore - Shopify,direct_to_consumer,fulfilled,2025-01-25,2025-01-27,2025-01-25,NV3,FedEx,3,1,14.72,3.0,0.0,17.72,shipmonk_estimate,USD
132871,6395633008950,Cattasaurus - shoproxstore - Shopify,direct_to_consumer,fulfilled,2025-01-25,2025-01-27,2025-01-25,NV3,FedEx,1,1,20.45,2.63,0.0,23.08,shipmonk_estimate,USD
132872,6395645460790,Cattasaurus - shoproxstore - Shopify,direct_to_consumer,fulfilled,2025-01-25,2025-01-27,2025-01-25,NV3,DHL eCommerce,1,1,6.21,1.89,0.3,8.4,shipmonk_estimate,USD
132873,6395688190262,Cattasaurus - shoproxstore - Shopify,direct_to_consumer,fulfilled,2025-01-25,2025-01-27,2025-01-25,NV3,FedEx,1,1,13.79,2.63,0.0,16.42,shipmonk_estimate,USD
132874,6395717157174,Cattasaurus - shoproxstore - Shopify,direct_to_consumer,fulfilled,2025-01-25,2025-01-27,2025-01-25,NV3,FedEx,1,1,16.64,2.63,0.0,19.27,shipmonk_estimate,USD
132876,6395794293046,Cattasaurus - shoproxstore - Shopify,direct_to_consumer,fulfilled,2025-01-25,2025-01-27,2025-01-25,NV3,FedEx,1,1,16.64,2.63,0.0,19.27,shipmonk_estimate,USD
132877,6395799470390,Cattasaurus - shoproxstore - Shopify,direct_to_consumer,fulfilled,2025-01-25,2025-01-27,2025-01-25,NV3,FedEx,2,1,16.64,2.63,0.0,19.27,shipmonk_estimate,USD
132878,6395848818998,Cattasaurus - shoproxstore - Shopify,direct_to_consumer,fulfilled,2025-01-25,2025-01-27,2025-01-25,PA2,DHL eCommerce,1,1,5.61,1.89,0.0,7.5,shipmonk_estimate,USD
111-5620073-0433052,111-5620073-0433052,Cattasaurus - Amazon USA,direct_to_consumer,fulfilled,2025-01-26,2025-01-27,2025-01-26,NV3,FedEx,1,1,27.04,2.26,0.0,29.3,shipmonk_estimate,USD
112-4512789-2693019,112-4512789-2693019,Cattasaurus - Amazon USA,direct_to_consumer,fulfilled,2025-01-26,2025-01-28,2025-01-26,NV3,FedEx,1,1,31.41,2.26,0.0,33.67,shipmonk_estimate,USD
113-6215828-5089005,113-6215828-5089005,Cattasaurus - Amazon USA,direct_to_consumer,fulfilled,2025-01-26,2025-01-27,2025-01-26,NV3,FedEx,1,1,32.94,2.26,0.0,35.2,shipmonk_estimate,USD
132879,6396077179190,Cattasaurus - shoproxstore - Shopify,direct_to_consumer,fulfilled,2025-01-26,2025-01-27,2025-01-26,NV3,FedEx,1,1,21.97,2.63,0.0,24.6,shipmonk_estimate,USD
132880,6396120498486,Cattasaurus - shoproxstore - Shopify,direct_to_consumer,fulfilled,2025-01-26,2025-01-27,2025-01-26,NV3,FedEx,1,1,18.75,2.63,0.0,21.38,shipmonk_estimate,USD
132881,6396134654262,Cattasaurus - shoproxstore - Shopify,direct_to_consumer,fulfilled,2025-01-26,2025-01-27,2025-01-26,NV3,FedEx,3,1,25.57,3.0,0.0,28.57,shipmonk_estimate,USD
132882,6396155560246,Cattasaurus - shoproxstore - Shopify,direct_to_consumer,fulfilled,2025-01-26,2025-01-27,2025-01-26,NV3,FedEx,2,1,23.5,2.63,0.0,26.13,shipmonk_estimate,USD
132883,6396161491254,Cattasaurus - shoproxstore - Shopify,direct_to_consumer,fulfilled,2025-01-26,2025-01-27,2025-01-26,NV3,FedEx,2,1,18.75,2.63,0.0,21.38,shipmonk_estimate,USD
132884,6396161917238,Cattasaurus - shoproxstore - Shopify,direct_to_consumer,fulfilled,2025-01-26,2025-01-27,2025-01-26,PA2,FedEx,3,1,15.13,3.0,0.0,18.13,shipmonk_estimate,USD
132885,6396181578038,Cattasaurus - shoproxstore - Shopify,direct_to_consumer,fulfilled,2025-01-26,2025-01-27,2025-01-26,NV3,FedEx,2,1,25.57,2.63,0.0,28.2,shipmonk_estimate,USD
132886,6396190327094,Cattasaurus - shoproxstore - Shopify,direct_to_consumer,fulfilled,2025-01-26,2025-01-27,2025-01-26,NV3,FedEx,1,1,24.04,2.63,0.0,26.67,shipmonk_estimate,USD
132887,6396191015222,Cattasaurus - shoproxstore - Shopify,direct_to_consumer,fulfilled,2025-01-26,2025-01-27,2025-01-26,NV3,FedEx,2,1,24.04,2.63,0.0,26.67,shipmonk_estimate,USD
132888,6396197011766,Cattasaurus - shoproxstore - Shopify,direct_to_consumer,fulfilled,2025-01-26,2025-01-27,2025-01-26,NV3,FedEx,1,1,20.28,2.63,0.0,22.91,shipmonk_estimate,USD
132889,6396201435446,Cattasaurus - shoproxstore - Shopify,direct_to_consumer,fulfilled,2025-01-26,2025-01-27,2025-01-26,PA2,FedEx,2,1,16.7,2.26,0.0,18.96,shipmonk_estimate,USD
132890,6396211233078,Cattasaurus - shoproxstore - Shopify,direct_to_consumer,fulfilled,2025-01-26,2025-01-27,2025-01-26,PA2,FedEx,3,1,16.66,3.0,0.0,19.66,shipmonk_estimate,USD
132891,6396230402358,Cattasaurus - shoproxstore - Shopify,direct_to_consumer,fulfilled,2025-01-26,2025-01-27,2025-01-26,PA2,FedEx,1,1,15.17,2.63,0.0,17.8,shipmonk_estimate,USD
132892,6396238070070,Cattasaurus - shoproxstore - Shopify,direct_to_consumer,fulfilled,2025-01-26,2025-01-27,2025-01-26,NV3,FedEx,2,1,25.57,2.63,0.0,28.2,shipmonk_estimate,USD
132893,6396239511862,Cattasaurus - shoproxstore - Shopify,direct_to_consumer,fulfilled,2025-01-26,2025-01-27,2025-01-26,PA2,FedEx,1,1,19.39,2.63,0.0,22.02,shipmonk_estimate,USD
132894,6396243607862,Cattasaurus - shoproxstore - Shopify,direct_to_consumer,fulfilled,2025-01-26,2025-01-27,2025-01-26,NV3,FedEx,1,1,14.02,2.63,0.0,16.65,shipmonk_estimate,USD
132896,6396270674230,Cattasaurus - shoproxstore - Shopify,direct_to_consumer,fulfilled,2025-01-26,2025-01-27,2025-01-26,NV3,FedEx,4,1,13.79,3.37,0.0,17.16,shipmonk_estimate,USD
132897,6396275556662,Cattasaurus - shoproxstore - Shopify,direct_to_consumer,fulfilled,2025-01-26,2025-01-27,2025-01-26,PA2,FedEx,2,1,19.39,2.63,0.0,22.02,shipmonk_estimate,USD
132898,6396289286454,Cattasaurus - shoproxstore - Shopify,direct_to_consumer,fulfilled,2025-01-26,2025-01-27,2025-01-26,NV3,FedEx,3,1,25.12,3.37,0.0,28.49,shipmonk_estimate,USD
132899,6396290203958,Cattasaurus - shoproxstore - Shopify,direct_to_consumer,fulfilled,2025-01-26,2025-01-27,2025-01-26,PA2,FedEx,1,1,19.39,2.63,0.0,22.02,shipmonk_estimate,USD
132900,6396292432182,Cattasaurus - shoproxstore - Shopify,direct_to_consumer,fulfilled,2025-01-26,2025-01-27,2025-01-26,PA2,FedEx,2,1,19.39,2.63,0.0,22.02,shipmonk_estimate,USD
132901,6396314452278,Cattasaurus - shoproxstore - Shopify,direct_to_consumer,fulfilled,2025-01-26,2025-01-27,2025-01-26,PA2,FedEx,1,1,19.39,2.63,0.0,22.02,shipmonk_estimate,USD
132902,6396344402230,Cattasaurus - shoproxstore - Shopify,direct_to_consumer,fulfilled,2025-01-26,2025-01-27,2025-01-26,PA2,FedEx,2,1,16.66,2.63,0.0,19.29,shipmonk_estimate,USD
132903,6396344926518,Cattasaurus - shoproxstore - Shopify,direct_to_consumer,fulfilled,2025-01-26,2025-01-27,2025-01-26,NV3,FedEx,1,1,24.04,2.63,0.0,26.67,shipmonk_estimate,USD
132904,6396351217974,Cattasaurus - shoproxstore - Shopify,direct_to_consumer,fulfilled,2025-01-26,2025-01-27,2025-01-26,NV3,FedEx,3,1,24.04,3.37,0.0,27.41,shipmonk_estimate,USD
132905,6396354691382,Cattasaurus - shoproxstore - Shopify,direct_to_consumer,fulfilled,2025-01-26,2025-01-27,2025-01-26,NV3,FedEx,2,1,23.5,2.63,0.0,26.13,shipmonk_estimate,USD
132906,6396371468598,Cattasaurus - shoproxstore - Shopify,direct_to_consumer,fulfilled,2025-01-26,2025-01-27,2025-01-26,NV3,UPS,1,1,20.28,2.63,0.0,22.91,shipmonk_estimate,USD
132908,6396386902326,Cattasaurus - shoproxstore - Shopify,direct_to_consumer,fulfilled,2025-01-26,2025-01-28,2025-01-26,NV3,FedEx,2,1,18.75,3.0,0.0,21.75,shipmonk_estimate,USD
132910,6396412657974,Cattasaurus - shoproxstore - Shopify,direct_to_consumer,fulfilled,2025-01-26,2025-01-28,2025-01-26,NV3,FedEx,2,1,18.75,2.63,0.0,21.38,shipmonk_estimate,USD
132911,6396424847670,Cattasaurus - shoproxstore - Shopify,direct_to_consumer,fulfilled,2025-01-26,2025-02-04,2025-01-26,PA2,FedEx,2,1,13.82,2.26,0.0,16.08,shipmonk_estimate,USD
132912,6396429435190,Cattasaurus - shoproxstore - Shopify,direct_to_consumer,fulfilled,2025-01-26,2025-01-28,2025-01-26,NV3,FedEx,2,1,21.97,2.63,0.0,24.6,shipmonk_estimate,USD
132913,6396432941366,Cattasaurus - shoproxstore - Shopify,direct_to_consumer,fulfilled,2025-01-26,2025-01-28,2025-01-26,NV3,FedEx,2,1,18.75,2.63,0.0,21.38,shipmonk_estimate,USD
132914,6396435464502,Cattasaurus - shoproxstore - Shopify,direct_to_consumer,fulfilled,2025-01-26,2025-02-01,2025-01-26,PA2,FedEx,1,1,13.79,2.26,0.0,16.05,shipmonk_estimate,USD
132915,6396442706230,Cattasaurus - shoproxstore - Shopify,direct_to_consumer,fulfilled,2025-01-26,2025-02-11,2025-01-26,PA2,FedEx,1,1,16.7,2.63,0.0,19.33,shipmonk_estimate,USD
132917,6396459090230,Cattasaurus - shoproxstore - Shopify,direct_to_consumer,fulfilled,2025-01-26,2025-01-28,2025-01-26,NV3,UPS,1,1,20.28,2.63,0.0,22.91,shipmonk_estimate,USD
132918,6396467937590,Cattasaurus - shoproxstore - Shopify,direct_to_consumer,fulfilled,2025-01-26,2025-02-01,2025-01-26,PA2,FedEx,1,1,13.79,2.26,0.0,16.05,shipmonk_estimate,USD
132919,6396478325046,Cattasaurus - shoproxstore - Shopify,direct_to_consumer,fulfilled,2025-01-26,2025-01-28,2025-01-26,PA2,FedEx,1,1,18.19,2.63,0.0,20.82,shipmonk_estimate,USD
132920,6396484387126,Cattasaurus - shoproxstore - Shopify,direct_to_consumer,fulfilled,2025-01-26,2025-02-01,2025-01-26,PA2,FedEx,1,1,14.02,2.26,0.0,16.28,shipmonk_estimate,USD
132921,6396490842422,Cattasaurus - shoproxstore - Shopify,direct_to_consumer,fulfilled,2025-01-26,2025-01-28,2025-01-26,PA2,FedEx,1,1,16.66,2.63,0.0,19.29,shipmonk_estimate,USD
132922,6396491333942,Cattasaurus - shoproxstore - Shopify,direct_to_consumer,fulfilled,2025-01-26,2025-02-04,2025-01-26,PA2,FedEx,2,1,14.05,2.26,0.0,16.31,shipmonk_estimate,USD
132923,6396507291958,Cattasaurus - shoproxstore - Shopify,direct_to_consumer,fulfilled,2025-01-26,2025-01-27,2025-01-26,NV3,FedEx,2,1,18.75,2.63,0.0,21.38,shipmonk_estimate,USD
132924,6396518990134,Cattasaurus - shoproxstore - Shopify,direct_to_consumer,fulfilled,2025-01-26,2025-01-28,2025-01-26,NV3,UPS,1,1,18.17,2.63,0.0,20.8,shipmonk_estimate,USD
132925,6396527149366,Cattasaurus - shoproxstore - Shopify,direct_to_consumer,fulfilled,2025-01-26,2025-01-28,2025-01-26,NV3,FedEx,2,1,20.28,2.63,0.0,22.91,shipmonk_estimate,USD
132926,6396531441974,Cattasaurus - shoproxstore - Shopify,direct_to_consumer,fulfilled,2025-01-26,2025-02-04,2025-01-26,PA2,FedEx,2,1,13.0,2.26,0.0,15.26,shipmonk_estimate,USD
132927,6396532293942,Cattasaurus - shoproxstore - Shopify,direct_to_consumer,fulfilled,2025-01-26,2025-01-28,2025-01-26,PA2,FedEx,2,1,15.17,2.63,0.0,17.8,shipmonk_estimate,USD
132928,6396539732278,Cattasaurus - shoproxstore - Shopify,direct_to_consumer,fulfilled,2025-01-26,2025-02-04,2025-01-26,PA2,FedEx,2,1,18.79,2.26,0.0,21.05,shipmonk_estimate,USD
132929,6396548153654,Cattasaurus - shoproxstore - Shopify,direct_to_consumer,fulfilled,2025-01-26,2025-02-04,2025-01-26,PA2,UPS,2,1,14.53,2.26,0.0,16.79,shipmonk_estimate,USD
132930,6396558606646,Cattasaurus - shoproxstore - Shopify,direct_to_consumer,fulfilled,2025-01-26,2025-02-04,2025-01-26,PA2,UPS,2,1,18.2,2.26,0.0,20.46,shipmonk_estimate,USD
132931,6396597436726,Cattasaurus - shoproxstore - Shopify,direct_to_consumer,fulfilled,2025-01-26,2025-01-28,2025-01-26,NV3,FedEx,1,1,18.75,2.63,0.0,21.38,shipmonk_estimate,USD
132932,6396612378934,Cattasaurus - shoproxstore - Shopify,direct_to_consumer,fulfilled,2025-01-26,2025-02-01,2025-01-26,PA2,FedEx,1,1,13.79,2.26,0.0,16.05,shipmonk_estimate,USD
132933,6396620308790,Cattasaurus - shoproxstore - Shopify,direct_to_consumer,fulfilled,2025-01-26,2025-01-28,2025-01-26,NV3,FedEx,1,1,19.39,2.26,0.0,21.65,shipmonk_estimate,USD
132934,6396631515446,Cattasaurus - shoproxstore - Shopify,direct_to_consumer,fulfilled,2025-01-26,2025-01-28,2025-01-26,PA2,FedEx,1,1,18.19,2.26,0.0,20.45,shipmonk_estimate,USD
132936,6396647801142,Cattasaurus - shoproxstore - Shopify,direct_to_consumer,fulfilled,2025-01-26,2025-02-04,2025-01-26,PA2,UPS,2,1,15.58,2.26,0.0,17.84,shipmonk_estimate,USD
132937,6396665233718,Cattasaurus - shoproxstore - Shopify,direct_to_consumer,fulfilled,2025-01-26,2025-02-01,2025-01-26,PA2,UPS,1,1,14.5,2.26,0.0,16.76,shipmonk_estimate,USD
132938,6396667232566,Cattasaurus - shoproxstore - Shopify,direct_to_consumer,fulfilled,2025-01-26,2025-02-04,2025-01-26,PA2,UPS,2,1,15.35,2.26,0.0,17.61,shipmonk_estimate,USD
132939,6396668510518,Cattasaurus - shoproxstore - Shopify,direct_to_consumer,fulfilled,2025-01-26,2025-02-01,2025-01-26,PA2,FedEx,1,1,16.64,2.26,0.0,18.9,shipmonk_estimate,USD
132940,6396670378294,Cattasaurus - shoproxstore - Shopify,direct_to_consumer,fulfilled,2025-01-26,2025-02-04,2025-01-26,PA2,UPS,2,1,18.2,2.26,0.0,20.46,shipmonk_estimate,USD
132941,6396675424566,Cattasaurus - shoproxstore - Shopify,direct_to_consumer,fulfilled,2025-01-26,2025-01-28,2025-01-26,PA2,FedEx,2,1,22.64,2.26,0.0,24.9,shipmonk_estimate,USD
132942,6396687647030,Cattasaurus - shoproxstore - Shopify,direct_to_consumer,fulfilled,2025-01-26,2025-01-28,2025-01-26,PA2,FedEx,2,1,19.39,3.0,0.0,22.39,shipmonk_estimate,USD
132944,6396719726902,Cattasaurus - shoproxstore - Shopify,direct_to_consumer,fulfilled,2025-01-26,2025-02-01,2025-01-26,PA2,FedEx,1,1,18.75,2.26,0.0,21.01,shipmonk_estimate,USD
132945,6396751216950,Cattasaurus - shoproxstore - Shopify,direct_to_consumer,fulfilled,2025-01-26,2025-01-28,2025-01-26,NV3,FedEx,1,1,13.79,2.63,0.0,16.42,shipmonk_estimate,USD
132946,6396757967158,Cattasaurus - shoproxstore - Shopify,direct_to_consumer,fulfilled,2025-01-26,2025-01-28,2025-01-26,PA2,FedEx,2,1,13.09,2.63,0.0,15.72,shipmonk_estimate,USD
132947,6396792439094,Cattasaurus - shoproxstore - Shopify,direct_to_consumer,fulfilled,2025-01-26,2025-01-28,2025-01-26,NV3,FedEx,1,1,21.97,2.63,0.0,24.6,shipmonk_estimate,USD
132948,6396825960758,Cattasaurus - shoproxstore - Shopify,direct_to_consumer,fulfilled,2025-01-26,2025-01-28,2025-01-26,NV3,USPS,1,1,14.03,2.63,0.0,16.66,shipmonk_estimate,USD
132949,6396826943798,Cattasaurus - shoproxstore - Shopify,direct_to_consumer,fulfilled,2025-01-26,2025-02-03,2025-01-26,PA2,FedEx,2,1,13.79,2.26,0.0,16.05,shipmonk_estimate,USD
132950,6396835365174,Cattasaurus - shoproxstore - Shopify,direct_to_consumer,fulfilled,2025-01-26,2025-02-01,2025-01-26,PA2,UPS,1,1,15.55,2.26,0.0,17.81,shipmonk_estimate,USD
132951,6396837691702,Cattasaurus - shoproxstore - Shopify,direct_to_consumer,fulfilled,2025-01-26,2025-02-01,2025-01-26,PA2,FedEx,1,1,14.02,2.26,0.0,16.28,shipmonk_estimate,USD
132952,6396838314294,Cattasaurus - shoproxstore - Shopify,direct_to_consumer,fulfilled,2025-01-26,2025-02-04,2025-01-26,PA2,FedEx,2,1,16.67,2.26,0.0,18.93,shipmonk_estimate,USD
132953,6396845556022,Cattasaurus - shoproxstore - Shopify,direct_to_consumer,fulfilled,2025-01-26,2025-02-04,2025-01-26,PA2,FedEx,2,1,16.67,2.26,0.0,18.93,shipmonk_estimate,USD
132954,6396871999798,Cattasaurus - shoproxstore - Shopify,direct_to_consumer,fulfilled,2025-01-26,2025-01-28,2025-01-26,NV3,USPS,2,1,16.59,2.63,0.0,19.22,shipmonk_estimate,USD
132955,6396877537590,Cattasaurus - shoproxstore - Shopify,direct_to_consumer,fulfilled,2025-01-26,2025-01-31,2025-01-26,PA2,FedEx,2,1,20.92,2.63,0.0,23.55,shipmonk_estimate,USD
132955_1,b6f6a46c-cd8a-4d40-b376-8361229ef444,Cattasaurus - shoproxstore - Shopify,direct_to_consumer,fulfilled,2025-01-26,2025-02-03,2025-01-26,PA2,UPS,2,1,18.2,2.26,0.0,20.46,shipmonk_estimate,USD
132956,6396880355638,Cattasaurus - shoproxstore - Shopify,direct_to_consumer,fulfilled,2025-01-26,2025-01-28,2025-01-26,NV3,FedEx,2,1,20.28,2.63,0.0,22.91,shipmonk_estimate,USD
132957,6396913451318,Cattasaurus - shoproxstore - Shopify,direct_to_consumer,fulfilled,2025-01-26,2025-01-28,2025-01-26,NV3,FedEx,2,1,18.75,2.63,0.0,21.38,shipmonk_estimate,USD
132958,6396916728118,Cattasaurus - shoproxstore - Shopify,direct_to_consumer,fulfilled,2025-01-26,2025-01-28,2025-01-26,PA2,FedEx,1,1,16.66,2.63,0.0,19.29,shipmonk_estimate,USD
132959,6396922200374,Cattasaurus - shoproxstore - Shopify,direct_to_consumer,fulfilled,2025-01-26,2025-02-03,2025-01-26,PA2,FedEx,3,1,16.64,3.0,0.0,19.64,shipmonk_estimate,USD
132960,6396975087926,Cattasaurus - shoproxstore - Shopify,direct_to_consumer,fulfilled,2025-01-26,2025-01-28,2025-01-26,NV3,FedEx,1,1,23.63,2.26,0.0,25.89,shipmonk_estimate,USD
132961,6396975350070,Cattasaurus - shoproxstore - Shopify,direct_to_consumer,fulfilled,2025-01-26,2025-02-11,2025-01-26,PA2,FedEx,1,1,16.7,3.0,0.0,19.7,shipmonk_estimate,USD
132962,6396984951094,Cattasaurus - shoproxstore - Shopify,direct_to_consumer,fulfilled,2025-01-26,2025-01-28,2025-01-26,NV3,FedEx,1,1,14.02,2.63,0.0,16.65,shipmonk_estimate,USD
132964,6396993306934,Cattasaurus - shoproxstore - Shopify,direct_to_consumer,fulfilled,2025-01-26,2025-01-28,2025-01-26,NV3,DHL eCommerce,1,1,4.97,1.89,0.3,7.16,shipmonk_estimate,USD
132965,6396995174710,Cattasaurus - shoproxstore - Shopify,direct_to_consumer,fulfilled,2025-01-26,2025-02-02,2025-01-26,PA2,FedEx,2,1,13.63,3.0,0.0,16.63,shipmonk_estimate,USD
132966,6396996485430,Cattasaurus - shoproxstore - Shopify,direct_to_consumer,fulfilled,2025-01-26,2025-02-04,2025-01-26,PA2,UPS,2,1,14.53,2.26,0.0,16.79,shipmonk_estimate,USD
132968,6397019259190,Cattasaurus - shoproxstore - Shopify,direct_to_consumer,fulfilled,2025-01-26,2025-01-28,2025-01-26,NV3,FedEx,1,1,18.75,2.63,0.0,21.38,shipmonk_estimate,USD
132970,6397059236150,Cattasaurus - shoproxstore - Shopify,direct_to_consumer,fulfilled,2025-01-26,2025-02-04,2025-01-26,PA2,UPS,2,1,18.2,2.26,0.0,20.46,shipmonk_estimate,USD
132972,6397083484470,Cattasaurus - shoproxstore - Shopify,direct_to_consumer,fulfilled,2025-01-26,2025-01-28,2025-01-26,PA2,FedEx,2,1,18.19,2.63,0.0,20.82,shipmonk_estimate,USD
132974,6397087973686,Cattasaurus - shoproxstore - Shopify,direct_to_consumer,fulfilled,2025-01-26,2025-02-04,2025-01-26,PA2,UPS,2,1,15.58,2.26,0.0,17.84,shipmonk_estimate,USD
132975,6397090496822,Cattasaurus - shoproxstore - Shopify,direct_to_consumer,fulfilled,2025-01-26,2025-01-28,2025-01-26,NV3,FedEx,2,1,13.79,2.63,0.0,16.42,shipmonk_estimate,USD
132976,6397105733942,Cattasaurus - shoproxstore - Shopify,direct_to_consumer,fulfilled,2025-01-26,2025-02-04,2025-01-26,PA2,FedEx,2,1,14.05,2.26,0.0,16.31,shipmonk_estimate,USD
132977,6397115892022,Cattasaurus - shoproxstore - Shopify,direct_to_consumer,fulfilled,2025-01-26,2025-01-28,2025-01-26,NV3,FedEx,2,1,13.79,2.63,0.0,16.42,shipmonk_estimate,USD
132978,6397119725878,Cattasaurus - shoproxstore - Shopify,direct_to_consumer,fulfilled,2025-01-26,2025-02-04,2025-01-26,PA2,UPS,2,1,15.58,2.26,0.0,17.84,shipmonk_estimate,USD
132980,6397202301238,Cattasaurus - shoproxstore - Shopify,direct_to_consumer,fulfilled,2025-01-26,2025-01-28,2025-01-26,PA2,FedEx,2,1,15.17,2.63,0.0,17.8,shipmonk_estimate,USD
132981,6397224780086,Cattasaurus - shoproxstore - Shopify,direct_to_consumer,fulfilled,2025-01-26,2025-02-04,2025-01-26,PA2,FedEx,2,1,12.85,2.26,0.0,15.11,shipmonk_estimate,USD
132981_1,f357b91f-6251-4f32-ac00-61972958c5b2,Cattasaurus - shoproxstore - Shopify,direct_to_consumer,fulfilled,2025-01-26,2025-02-04,2025-01-26,NV3,DHL eCommerce,1,1,5.12,1.89,0.3,7.31,shipmonk_estimate,USD
132982,6397225074998,Cattasaurus - shoproxstore - Shopify,direct_to_consumer,fulfilled,2025-01-26,2025-01-29,2025-01-26,NV3,FedEx,1,1,20.28,2.63,0.0,22.91,shipmonk_estimate,USD
132983,6397229957430,Cattasaurus - shoproxstore - Shopify,direct_to_consumer,fulfilled,2025-01-26,2025-02-11,2025-01-26,PA2,FedEx,2,1,19.43,2.63,0.0,22.06,shipmonk_estimate,USD
132984,6397231399222,Cattasaurus - shoproxstore - Shopify,direct_to_consumer,fulfilled,2025-01-26,2025-01-29,2025-01-26,NV3,FedEx,1,1,23.5,2.63,0.0,26.13,shipmonk_estimate,USD
132985,6397233955126,Cattasaurus - shoproxstore - Shopify,direct_to_consumer,fulfilled,2025-01-26,2025-01-28,2025-01-26,PA2,FedEx,1,1,16.66,2.63,0.0,19.29,shipmonk_estimate,USD
132987,6397259284790,Cattasaurus - shoproxstore - Shopify,direct_to_consumer,fulfilled,2025-01-26,2025-01-29,2025-01-26,NV3,FedEx,2,1,24.04,2.63,0.0,26.67,shipmonk_estimate,USD
132988,6397269901622,Cattasaurus - shoproxstore - Shopify,direct_to_consumer,fulfilled,2025-01-26,2025-02-02,2025-01-26,PA2,FedEx,2,1,17.54,3.0,0.0,20.54,shipmonk_estimate,USD
132988_1,ab8972b5-0d6e-4fca-90f6-6ee8d8904d76,Cattasaurus - shoproxstore - Shopify,direct_to_consumer,fulfilled,2025-01-26,2025-02-01,2025-01-26,PA2,UPS,1,1,15.32,2.26,0.0,17.58,shipmonk_estimate,USD
132989,6397279469878,Cattasaurus - shoproxstore - Shopify,direct_to_consumer,fulfilled,2025-01-26,2025-01-28,2025-01-26,PA2,FedEx,1,1,16.66,2.63,0.0,19.29,shipmonk_estimate,USD
132990,6397314400566,Cattasaurus - shoproxstore - Shopify,direct_to_consumer,fulfilled,2025-01-26,2025-01-29,2025-01-26,NV3,FedEx,1,1,25.57,2.63,0.0,28.2,shipmonk_estimate,USD
132991,6397321969974,Cattasaurus - shoproxstore - Shopify,direct_to_consumer,fulfilled,2025-01-26,2025-02-11,2025-01-26,PA2,FedEx,2,1,15.2,2.63,0.0,17.83,shipmonk_estimate,USD
132992,6397337141558,Cattasaurus - shoproxstore - Shopify,direct_to_consumer,fulfilled,2025-01-26,2025-01-29,2025-01-26,NV3,FedEx,2,1,24.04,2.63,0.0,26.67,shipmonk_estimate,USD
132993,6397340516662,Cattasaurus - shoproxstore - Shopify,direct_to_consumer,fulfilled,2025-01-26,2025-01-29,2025-01-26,NV3,USPS,2,1,16.59,2.63,0.0,19.22,shipmonk_estimate,USD
132994,6397348741430,Cattasaurus - shoproxstore - Shopify,direct_to_consumer,fulfilled,2025-01-26,2025-01-29,2025-01-26,NV3,FedEx,2,1,16.64,2.63,0.0,19.27,shipmonk_estimate,USD
132996,6397356998966,Cattasaurus - shoproxstore - Shopify,direct_to_consumer,fulfilled,2025-01-26,2025-01-28,2025-01-26,NV3,FedEx,3,1,23.63,2.63,0.0,26.26,shipmonk_estimate,USD
132997,6397403627830,Cattasaurus - shoproxstore - Shopify,direct_to_consumer,fulfilled,2025-01-26,2025-01-29,2025-01-26,NV3,FedEx,1,1,18.75,2.63,0.0,21.38,shipmonk_estimate,USD
132998,6397421060406,Cattasaurus - shoproxstore - Shopify,direct_to_consumer,fulfilled,2025-01-26,2025-01-29,2025-01-26,NV3,FedEx,2,1,24.04,2.63,0.0,26.67,shipmonk_estimate,USD
132999,6397449077046,Cattasaurus - shoproxstore - Shopify,direct_to_consumer,fulfilled,2025-01-26,2025-01-29,2025-01-26,NV3,FedEx,1,1,24.04,2.63,0.0,26.67,shipmonk_estimate,USD
133000,6397454123318,Cattasaurus - shoproxstore - Shopify,direct_to_consumer,fulfilled,2025-01-26,2025-01-29,2025-01-26,NV3,FedEx,2,1,13.79,2.63,0.0,16.42,shipmonk_estimate,USD
128697,6308603724086,Cattasaurus - shoproxstore - Shopify,direct_to_consumer,fulfilled,2024-12-25,2025-01-27,,NV3,UPS,1,1,15.55,2.63,0.0,18.18,shipmonk_estimate,USD
106237-01,642eec55-4318-4022-8bca-7475758a6871,Cattasaurus - shoproxstore - Shopify,direct_to_consumer,fulfilled,2025-01-27,2025-01-27,2025-01-27,PA2,FedEx,1,1,18.19,1.89,0.0,20.08,shipmonk_estimate,USD
111-9865271-5794610,111-9865271-5794610,Cattasaurus - Amazon USA,direct_to_consumer,fulfilled,2025-01-27,2025-01-28,2025-01-27,NV3,FedEx,1,1,28.56,2.26,0.0,30.82,shipmonk_estimate,USD
114-9079062-9729804,114-9079062-9729804,Cattasaurus - Amazon USA,direct_to_consumer,fulfilled,2025-01-27,2025-02-05,2025-01-27,NV3,FedEx,1,1,31.47,2.26,0.0,33.73,shipmonk_estimate,USD
130619_1-01,779684e0-70ad-47b6-a170-a6bead6447cc,Cattasaurus - shoproxstore - Shopify,direct_to_consumer,fulfilled,2025-01-27,2025-01-27,2025-01-27,PA2,FedEx,1,1,19.39,1.89,0.0,21.28,shipmonk_estimate,USD
130936-01,97397967-a677-4581-b5d7-1a53bed2b8ff,Cattasaurus - shoproxstore - Shopify,direct_to_consumer,fulfilled,2025-01-27,2025-02-03,2025-01-27,PA2,FedEx,1,1,12.97,2.26,0.0,15.23,shipmonk_estimate,USD
133001,6397810671926,Cattasaurus - shoproxstore - Shopify,direct_to_consumer,fulfilled,2025-01-27,2025-01-30,2025-01-27,NV3,FedEx,4,2,28.51,5.26,0.0,33.77,shipmonk_estimate,USD
133004,6397993746742,Cattasaurus - shoproxstore - Shopify,direct_to_consumer,fulfilled,2025-01-27,2025-01-29,2025-01-27,NV3,FedEx,1,1,18.75,2.63,0.0,21.38,shipmonk_estimate,USD
133005,6397993877814,Cattasaurus - shoproxstore - Shopify,direct_to_consumer,fulfilled,2025-01-27,2025-01-29,2025-01-27,NV3,FedEx,2,1,25.57,2.63,0.0,28.2,shipmonk_estimate,USD
133006,6397995745590,Cattasaurus - shoproxstore - Shopify,direct_to_consumer,fulfilled,2025-01-27,2025-01-28,2025-01-27,PA2,FedEx,1,1,16.66,2.63,0.0,19.29,shipmonk_estimate,USD
133007,6398007083318,Cattasaurus - shoproxstore - Shopify,direct_to_consumer,fulfilled,2025-01-27,2025-01-28,2025-01-27,PA2,FedEx,1,1,15.17,2.26,0.0,17.43,shipmonk_estimate,USD
133008,6398022418742,Cattasaurus - shoproxstore - Shopify,direct_to_consumer,fulfilled,2025-01-27,2025-03-24,2025-01-27,PA2,USPS,1,1,35.48,2.26,0.0,37.74,shipmonk_estimate,USD
133009,6398026350902,Cattasaurus - shoproxstore - Shopify,direct_to_consumer,fulfilled,2025-01-27,2025-01-30,2025-01-27,NV3,FedEx,4,1,13.79,3.37,0.0,17.16,shipmonk_estimate,USD
133010,6398033625398,Cattasaurus - shoproxstore - Shopify,direct_to_consumer,fulfilled,2025-01-27,2025-02-11,2025-01-27,PA2,FedEx,2,1,19.43,2.63,0.0,22.06,shipmonk_estimate,USD
133011,6398034936118,Cattasaurus - shoproxstore - Shopify,direct_to_consumer,fulfilled,2025-01-27,2025-02-03,2025-01-27,PA2,FedEx,3,1,14.02,3.0,0.0,17.02,shipmonk_estimate,USD
133012,6398044111158,Cattasaurus - shoproxstore - Shopify,direct_to_consumer,fulfilled,2025-01-27,2025-01-29,2025-01-27,NV3,FedEx,1,1,16.64,2.63,0.0,19.27,shipmonk_estimate,USD
133013,6398099325238,Cattasaurus - shoproxstore - Shopify,direct_to_consumer,fulfilled,2025-01-27,2025-01-29,2025-01-27,PA2,DHL eCommerce,1,1,5.77,1.89,0.0,7.66,shipmonk_estimate,USD
133014,6398107517238,Cattasaurus - shoproxstore - Shopify,direct_to_consumer,fulfilled,2025-01-27,2025-01-29,2025-01-27,NV3,UPS,1,1,23.5,2.63,0.0,26.13,shipmonk_estimate,USD
133015,6398122950966,Cattasaurus - shoproxstore - Shopify,direct_to_consumer,fulfilled,2025-01-27,2025-01-29,2025-01-27,NV3,FedEx,1,1,21.97,2.63,0.0,24.6,shipmonk_estimate,USD
133016,6398131634486,Cattasaurus - shoproxstore - Shopify,direct_to_consumer,fulfilled,2025-01-27,2025-01-29,2025-01-27,NV3,FedEx,1,1,13.79,2.63,0.0,16.42,shipmonk_estimate,USD
133017,6398133174582,Cattasaurus - shoproxstore - Shopify,direct_to_consumer,fulfilled,2025-01-27,2025-02-02,2025-01-27,PA2,FedEx,3,1,20.84,3.0,0.0,23.84,shipmonk_estimate,USD
133018,6398153818422,Cattasaurus - shoproxstore - Shopify,direct_to_consumer,fulfilled,2025-01-27,2025-01-29,2025-01-27,NV3,FedEx,1,1,18.75,2.63,0.0,21.38,shipmonk_estimate,USD
133019,6398164730166,Cattasaurus - shoproxstore - Shopify,direct_to_consumer,fulfilled,2025-01-27,2025-01-29,2025-01-27,NV3,FedEx,2,1,25.57,2.63,0.0,28.2,shipmonk_estimate,USD
133020,6398176133430,Cattasaurus - shoproxstore - Shopify,direct_to_consumer,fulfilled,2025-01-27,2025-01-29,2025-01-27,NV3,FedEx,1,1,0.0,2.63,0.0,2.63,shipmonk_estimate,USD
133022,6398187077942,Cattasaurus - shoproxstore - Shopify,direct_to_consumer,fulfilled,2025-01-27,2025-01-29,2025-01-27,NV3,UPS,2,1,20.28,2.63,0.0,22.91,shipmonk_estimate,USD
133024,6398208934198,Cattasaurus - shoproxstore - Shopify,direct_to_consumer,fulfilled,2025-01-27,2025-01-28,2025-01-27,PA2,FedEx,1,1,16.66,2.63,0.0,19.29,shipmonk_estimate,USD
133025,6398222238006,Cattasaurus - shoproxstore - Shopify,direct_to_consumer,fulfilled,2025-01-27,2025-02-05,2025-01-27,PA2,UPS,1,1,16.28,2.63,0.0,18.91,shipmonk_estimate,USD
133026,6398223581494,Cattasaurus - shoproxstore - Shopify,direct_to_consumer,fulfilled,2025-01-27,2025-02-04,2025-01-27,PA2,UPS,2,1,14.53,2.26,0.0,16.79,shipmonk_estimate,USD
133027,6398229643574,Cattasaurus - shoproxstore - Shopify,direct_to_consumer,fulfilled,2025-01-27,2025-01-30,2025-01-27,NV3,UPS,2,1,15.55,2.63,0.0,18.18,shipmonk_estimate,USD
133028,6398243864886,Cattasaurus - shoproxstore - Shopify,direct_to_consumer,fulfilled,2025-01-27,2025-01-30,2025-01-27,NV3,FedEx,2,1,23.57,2.26,0.0,25.83,shipmonk_estimate,USD
133029,6398259757366,Cattasaurus - shoproxstore - Shopify,direct_to_consumer,fulfilled,2025-01-27,2025-01-31,2025-01-27,NV3,UPS,2,1,20.28,2.63,0.0,22.91,shipmonk_estimate,USD
133031,6398370775350,Cattasaurus - shoproxstore - Shopify,direct_to_consumer,fulfilled,2025-01-27,2025-01-29,2025-01-27,PA2,FedEx,1,1,15.17,2.26,0.0,17.43,shipmonk_estimate,USD
133033,6398385946934,Cattasaurus - shoproxstore - Shopify,direct_to_consumer,fulfilled,2025-01-27,2025-01-28,2025-01-27,PA2,FedEx,1,1,19.39,2.63,0.0,22.02,shipmonk_estimate,USD
133034,6398411866422,Cattasaurus - shoproxstore - Shopify,direct_to_consumer,fulfilled,2025-01-27,2025-02-03,2025-01-27,PA2,FedEx,1,1,16.64,2.26,0.0,18.9,shipmonk_estimate,USD
133038,6398503059766,Cattasaurus - shoproxstore - Shopify,direct_to_consumer,fulfilled,2025-01-27,2025-02-03,2025-01-27,PA2,FedEx,1,1,14.02,2.26,0.0,16.28,shipmonk_estimate,USD
133039,6398516527414,Cattasaurus - shoproxstore - Shopify,direct_to_consumer,fulfilled,2025-01-27,2025-02-02,2025-01-27,PA2,FedEx,4,2,27.58,5.26,0.0,32.84,shipmonk_estimate,USD
133040,6398517707062,Cattasaurus - shoproxstore - Shopify,direct_to_consumer,fulfilled,2025-01-27,2025-01-29,2025-01-27,PA2,FedEx,2,1,16.66,2.63,0.0,19.29,shipmonk_estimate,USD
133041,6398558830902,Cattasaurus - shoproxstore - Shopify,direct_to_consumer,fulfilled,2025-01-27,2025-01-29,2025-01-27,PA2,FedEx,2,1,20.92,2.63,0.0,23.55,shipmonk_estimate,USD
133042,6398567842102,Cattasaurus - shoproxstore - Shopify,direct_to_consumer,fulfilled,2025-01-27,2025-01-29,2025-01-27,PA2,FedEx,1,1,16.66,2.26,0.0,18.92,shipmonk_estimate,USD
133043,6398569873718,Cattasaurus - shoproxstore - Shopify,direct_to_consumer,fulfilled,2025-01-27,2025-02-03,2025-01-27,PA2,UPS,2,1,15.35,2.26,0.0,17.61,shipmonk_estimate,USD
133046,6398595072310,Cattasaurus - shoproxstore - Shopify,direct_to_consumer,fulfilled,2025-01-27,2025-01-29,2025-01-27,PA2,FedEx,2,1,14.62,2.63,0.0,17.25,shipmonk_estimate,USD
133047,6398615257398,Cattasaurus - shoproxstore - Shopify,direct_to_consumer,fulfilled,2025-01-27,2025-02-03,2025-01-27,PA2,UPS,1,1,15.58,2.26,0.0,17.84,shipmonk_estimate,USD
133048,6398617616694,Cattasaurus - shoproxstore - Shopify,direct_to_consumer,fulfilled,2025-01-27,2025-01-29,2025-01-27,PA2,FedEx,2,1,22.1,2.63,0.0,24.73,shipmonk_estimate,USD
133049,6398634230070,Cattasaurus - shoproxstore - Shopify,direct_to_consumer,fulfilled,2025-01-27,2025-02-03,2025-01-27,PA2,FedEx,2,1,16.64,2.26,0.0,18.9,shipmonk_estimate,USD
133051,6398666473782,Cattasaurus - shoproxstore - Shopify,direct_to_consumer,fulfilled,2025-01-27,2025-02-03,2025-01-27,PA2,FedEx,1,1,18.75,2.26,0.0,21.01,shipmonk_estimate,USD
133055,6398764679478,Cattasaurus - shoproxstore - Shopify,direct_to_consumer,fulfilled,2025-01-27,2025-01-30,2025-01-27,NV3,DHL eCommerce,1,1,10.98,2.26,0.3,13.54,shipmonk_estimate,USD
133058,6398794989878,Cattasaurus - shoproxstore - Shopify,direct_to_consumer,fulfilled,2025-01-27,2025-02-06,2025-01-27,PA2,UPS,2,1,14.65,2.63,0.0,17.28,shipmonk_estimate,USD
133058_1,bd73a3c1-f2e1-4ce5-8397-337945f0cda0,Cattasaurus - shoproxstore - Shopify,direct_to_consumer,fulfilled,2025-01-27,2025-02-06,2025-01-27,PA2,UPS,1,1,14.65,2.63,0.0,17.28,shipmonk_estimate,USD
133059,6398806360374,Cattasaurus - shoproxstore - Shopify,direct_to_consumer,fulfilled,2025-01-27,2025-02-03,2025-01-27,PA2,FedEx,2,1,14.02,2.26,0.0,16.28,shipmonk_estimate,USD
133060,6398817665334,Cattasaurus - shoproxstore - Shopify,direct_to_consumer,fulfilled,2025-01-27,2025-01-29,2025-01-27,PA2,FedEx,1,1,27.04,2.63,0.0,29.67,shipmonk_estimate,USD
133062,6398842634550,Cattasaurus - shoproxstore - Shopify,direct_to_consumer,fulfilled,2025-01-27,2025-02-03,2025-01-27,PA2,FedEx,2,1,12.97,2.26,0.0,15.23,shipmonk_estimate,USD
133064_1,d48244b4-77f4-4c1e-9a36-9f6db7a38c33,Cattasaurus - shoproxstore - Shopify,direct_to_consumer,fulfilled,2025-01-27,2025-02-05,2025-01-27,NV3,USPS,1,1,4.89,1.89,0.3,7.08,shipmonk_estimate,USD
133065,6398894604598,Cattasaurus - shoproxstore - Shopify,direct_to_consumer,fulfilled,2025-01-27,2025-02-03,2025-01-27,PA2,FedEx,1,1,14.02,2.26,0.0,16.28,shipmonk_estimate,USD
133066,6398931992886,Cattasaurus - shoproxstore - Shopify,direct_to_consumer,fulfilled,2025-01-27,2025-02-03,2025-01-27,PA2,FedEx,2,1,16.64,2.26,0.0,18.9,shipmonk_estimate,USD
133067,6398947557686,Cattasaurus - shoproxstore - Shopify,direct_to_consumer,fulfilled,2025-01-27,2025-02-02,2025-01-27,PA2,FedEx,1,2,29.44,4.89,0.0,34.33,shipmonk_estimate,USD
133068,6398968168758,Cattasaurus - shoproxstore - Shopify,direct_to_consumer,fulfilled,2025-01-27,2025-01-29,2025-01-27,PA2,FedEx,2,1,19.39,2.63,0.0,22.02,shipmonk_estimate,USD
133069,6398973608246,Cattasaurus - shoproxstore - Shopify,direct_to_consumer,fulfilled,2025-01-27,2025-01-29,2025-01-27,PA2,FedEx,1,1,20.92,2.63,0.0,23.55,shipmonk_estimate,USD
133071,6399037112630,Cattasaurus - shoproxstore - Shopify,direct_to_consumer,fulfilled,2025-01-27,2025-02-10,2025-01-27,NV3,FedEx,2,1,27.66,3.37,0.0,31.03,shipmonk_estimate,USD
133073,6399055954230,Cattasaurus - shoproxstore - Shopify,direct_to_consumer,fulfilled,2025-01-27,2025-02-03,2025-01-27,PA2,FedEx,2,1,14.02,2.26,0.0,16.28,shipmonk_estimate,USD
133074,6399103303990,Cattasaurus - shoproxstore - Shopify,direct_to_consumer,fulfilled,2025-01-27,2025-01-29,2025-01-27,PA2,FedEx,2,1,19.39,2.63,0.0,22.02,shipmonk_estimate,USD
133075,6399128437046,Cattasaurus - shoproxstore - Shopify,direct_to_consumer,fulfilled,2025-01-27,2025-01-29,2025-01-27,PA2,FedEx,1,1,15.17,2.26,0.0,17.43,shipmonk_estimate,USD
133076,6399144296758,Cattasaurus - shoproxstore - Shopify,direct_to_consumer,fulfilled,2025-01-27,2025-02-03,2025-01-27,PA2,UPS,1,1,15.58,2.26,0.0,17.84,shipmonk_estimate,USD
133080,6399259738422,Cattasaurus - shoproxstore - Shopify,direct_to_consumer,fulfilled,2025-01-27,2025-02-03,2025-01-27,PA2,FedEx,1,1,16.64,2.26,0.0,18.9,shipmonk_estimate,USD
133081,6399261344054,Cattasaurus - shoproxstore - Shopify,direct_to_consumer,fulfilled,2025-01-27,2025-01-29,2025-01-27,PA2,FedEx,2,1,15.17,2.63,0.0,17.8,shipmonk_estimate,USD
133084,6399366791478,Cattasaurus - shoproxstore - Shopify,direct_to_consumer,fulfilled,2025-01-27,2025-02-03,2025-01-27,PA2,FedEx,3,1,12.97,2.26,0.0,15.23,shipmonk_estimate,USD
133087,6399458410806,Cattasaurus - shoproxstore - Shopify,direct_to_consumer,fulfilled,2025-01-27,2025-02-03,2025-01-27,PA2,FedEx,2,1,14.02,2.26,0.0,16.28,shipmonk_estimate,USD
129985,6334998774070,Cattasaurus - shoproxstore - Shopify,direct_to_consumer,fulfilled,2024-12-31,2025-01-28,,PA2,DHL eCommerce,4,1,6.68,3.0,0.8,10.48,shipmonk_estimate,USD
114-1426681-3209827,114-1426681-3209827,Cattasaurus - Amazon USA,direct_to_consumer,fulfilled,2025-01-28,2025-02-05,2025-01-28,NV3,FedEx,1,1,31.47,2.26,0.0,33.73,shipmonk_estimate,USD
114-7971269-5433059,114-7971269-5433059,Cattasaurus - Amazon USA,direct_to_consumer,fulfilled,2025-01-28,2025-01-30,2025-01-28,NV3,FedEx,1,1,25.16,2.26,0.0,27.42,shipmonk_estimate,USD
129488-01,64b70446-3989-4c9f-907b-2993622b9f8f,Cattasaurus - shoproxstore - Shopify,direct_to_consumer,fulfilled,2025-01-28,2025-02-02,2025-01-28,PA2,FedEx,2,1,24.04,3.0,0.0,27.04,shipmonk_estimate,USD
133089,6399777964342,Cattasaurus - shoproxstore - Shopify,direct_to_consumer,fulfilled,2025-01-28,2025-01-29,2025-01-28,PA2,FedEx,1,1,13.09,2.63,0.0,15.72,shipmonk_estimate,USD
133090,6399846252854,Cattasaurus - shoproxstore - Shopify,direct_to_consumer,fulfilled,2025-01-28,2025-02-03,2025-01-28,PA2,FedEx,2,1,12.97,2.26,0.0,15.23,shipmonk_estimate,USD
133091,6399870239030,Cattasaurus - shoproxstore - Shopify,direct_to_consumer,fulfilled,2025-01-28,2025-01-30,2025-01-28,PA2,FedEx,2,1,14.62,2.63,0.0,17.25,shipmonk_estimate,USD
133092,6399871189302,Cattasaurus - shoproxstore - Shopify,direct_to_consumer,fulfilled,2025-01-28,2025-02-03,2025-01-28,PA2,FedEx,2,1,12.97,2.26,0.0,15.23,shipmonk_estimate,USD
133094,6399912116534,Cattasaurus - shoproxstore - Shopify,direct_to_consumer,fulfilled,2025-01-28,2025-01-30,2025-01-28,PA2,FedEx,1,1,13.09,2.63,0.0,15.72,shipmonk_estimate,USD
133096,6399997346102,Cattasaurus - shoproxstore - Shopify,direct_to_consumer,fulfilled,2025-01-28,2025-02-03,2025-01-28,PA2,FedEx,2,1,16.64,2.26,0.0,18.9,shipmonk_estimate,USD
133097,6400022118710,Cattasaurus - shoproxstore - Shopify,direct_to_consumer,fulfilled,2025-01-28,2025-02-03,2025-01-28,PA2,FedEx,1,1,14.02,2.26,0.0,16.28,shipmonk_estimate,USD
133098,6400042500406,Cattasaurus - shoproxstore - Shopify,direct_to_consumer,fulfilled,2025-01-28,2025-02-03,2025-01-28,PA2,FedEx,2,1,16.64,2.26,0.0,18.9,shipmonk_estimate,USD
133099,6400046498102,Cattasaurus - shoproxstore - Shopify,direct_to_consumer,fulfilled,2025-01-28,2025-02-03,2025-01-28,PA2,FedEx,1,1,12.49,2.26,0.0,14.75,shipmonk_estimate,USD
133101,6400081690934,Cattasaurus - shoproxstore - Shopify,direct_to_consumer,fulfilled,2025-01-28,2025-02-03,2025-01-28,PA2,FedEx,2,1,14.02,2.26,0.0,16.28,shipmonk_estimate,USD
133102,6400104300854,Cattasaurus - shoproxstore - Shopify,direct_to_consumer,fulfilled,2025-01-28,2025-01-30,2025-01-28,PA2,FedEx,1,1,13.09,2.63,0.0,15.72,shipmonk_estimate,USD
133103,6400133103926,Cattasaurus - shoproxstore - Shopify,direct_to_consumer,fulfilled,2025-01-28,2025-02-01,2025-01-28,PA2,FedEx,2,1,12.97,2.26,0.0,15.23,shipmonk_estimate,USD
133104,6400137036086,Cattasaurus - shoproxstore - Shopify,direct_to_consumer,fulfilled,2025-01-28,2025-01-30,2025-01-28,PA2,FedEx,2,1,16.66,2.63,0.0,19.29,shipmonk_estimate,USD
133105,6400162464054,Cattasaurus - shoproxstore - Shopify,direct_to_consumer,fulfilled,2025-01-28,2025-01-30,2025-01-28,PA2,FedEx,1,1,18.19,2.63,0.0,20.82,shipmonk_estimate,USD
133106,6400199164214,Cattasaurus - shoproxstore - Shopify,direct_to_consumer,fulfilled,2025-01-28,2025-02-03,2025-01-28,PA2,FedEx,2,1,20.28,2.26,0.0,22.54,shipmonk_estimate,USD
133107,6400222495030,Cattasaurus - shoproxstore - Shopify,direct_to_consumer,fulfilled,2025-01-28,2025-01-30,2025-01-28,PA2,FedEx,1,1,19.39,2.63,0.0,22.02,shipmonk_estimate,USD
133108,6400240681270,Cattasaurus - shoproxstore - Shopify,direct_to_consumer,fulfilled,2025-01-28,2025-01-31,2025-01-28,PA2,FedEx,1,1,23.63,2.63,0.0,26.26,shipmonk_estimate,USD
133110,6400256147766,Cattasaurus - shoproxstore - Shopify,direct_to_consumer,fulfilled,2025-01-28,2025-02-03,2025-01-28,PA2,FedEx,1,1,16.64,2.26,0.0,18.9,shipmonk_estimate,USD
133114,6400324698422,Cattasaurus - shoproxstore - Shopify,direct_to_consumer,fulfilled,2025-01-28,2025-01-30,2025-01-28,PA2,FedEx,1,1,13.09,2.26,0.0,15.35,shipmonk_estimate,USD
133116,6400382009654,Cattasaurus - shoproxstore - Shopify,direct_to_consumer,fulfilled,2025-01-28,2025-02-03,2025-01-28,PA2,UPS,1,1,15.58,2.26,0.0,17.84,shipmonk_estimate,USD
133119,6400444563766,Cattasaurus - shoproxstore - Shopify,direct_to_consumer,fulfilled,2025-01-28,2025-02-03,2025-01-28,PA2,UPS,1,1,18.2,2.26,0.0,20.46,shipmonk_estimate,USD
133120,6400446562614,Cattasaurus - shoproxstore - Shopify,direct_to_consumer,fulfilled,2025-01-28,2025-01-30,2025-01-28,PA2,FedEx,1,1,15.17,2.63,0.0,17.8,shipmonk_estimate,USD
133121,6400478708022,Cattasaurus - shoproxstore - Shopify,direct_to_consumer,fulfilled,2025-01-28,2025-02-03,2025-01-28,PA2,FedEx,1,1,16.64,2.26,0.0,18.9,shipmonk_estimate,USD
133122,6400483066166,Cattasaurus - shoproxstore - Shopify,direct_to_consumer,fulfilled,2025-01-28,2025-02-03,2025-01-28,PA2,UPS,1,1,18.2,2.26,0.0,20.46,shipmonk_estimate,USD
133123,6400489718070,Cattasaurus - shoproxstore - Shopify,direct_to_consumer,fulfilled,2025-01-28,2025-01-30,2025-01-28,PA2,FedEx,2,1,19.39,2.63,0.0,22.02,shipmonk_estimate,USD
133124,6400502333750,Cattasaurus - shoproxstore - Shopify,direct_to_consumer,fulfilled,2025-01-28,2025-01-30,2025-01-28,PA2,FedEx,2,1,13.09,2.63,0.0,15.72,shipmonk_estimate,USD
133125,6400503152950,Cattasaurus - shoproxstore - Shopify,direct_to_consumer,fulfilled,2025-01-28,2025-01-30,2025-01-28,PA2,FedEx,1,1,19.39,2.63,0.0,22.02,shipmonk_estimate,USD
133126,6400521371958,Cattasaurus - shoproxstore - Shopify,direct_to_consumer,fulfilled,2025-01-28,2025-01-30,2025-01-28,PA2,FedEx,1,1,18.19,2.63,0.0,20.82,shipmonk_estimate,USD
133127,6400561447222,Cattasaurus - shoproxstore - Shopify,direct_to_consumer,fulfilled,2025-01-28,2025-02-03,2025-01-28,PA2,FedEx,1,1,12.97,2.26,0.0,15.23,shipmonk_estimate,USD
133130,6400584974646,Cattasaurus - shoproxstore - Shopify,direct_to_consumer,fulfilled,2025-01-28,2025-01-30,2025-01-28,PA2,FedEx,1,1,19.39,2.63,0.0,22.02,shipmonk_estimate,USD
133132,6400622625078,Cattasaurus - shoproxstore - Shopify,direct_to_consumer,fulfilled,2025-01-28,2025-02-03,2025-01-28,PA2,FedEx,2,1,16.64,2.26,0.0,18.9,shipmonk_estimate,USD
133137,6400744390966,Cattasaurus - shoproxstore - Shopify,direct_to_consumer,fulfilled,2025-01-28,2025-01-30,2025-01-28,PA2,FedEx,2,1,13.09,2.63,0.0,15.72,shipmonk_estimate,USD
133138,6400753860918,Cattasaurus - shoproxstore - Shopify,direct_to_consumer,fulfilled,2025-01-28,2025-02-03,2025-01-28,PA2,UPS,1,1,20.32,2.26,0.0,22.58,shipmonk_estimate,USD
133139,6400768737590,Cattasaurus - shoproxstore - Shopify,direct_to_consumer,fulfilled,2025-01-28,2025-01-30,2025-01-28,PA2,FedEx,1,1,20.92,2.63,0.0,23.55,shipmonk_estimate,USD
133141,6400807993654,Cattasaurus - shoproxstore - Shopify,direct_to_consumer,fulfilled,2025-01-28,2025-02-03,2025-01-28,PA2,FedEx,3,1,12.97,2.26,0.0,15.23,shipmonk_estimate,USD
133145,6400895811894,Cattasaurus - shoproxstore - Shopify,direct_to_consumer,fulfilled,2025-01-28,2025-02-06,2025-01-28,PA2,FedEx,1,1,16.7,2.63,0.0,19.33,shipmonk_estimate,USD
133145_1,2aea5061-f846-4443-9b80-16f60a6a06a3,Cattasaurus - shoproxstore - Shopify,direct_to_consumer,fulfilled,2025-01-28,2025-02-06,2025-01-28,NV3,DHL eCommerce,1,1,6.21,1.89,0.3,8.4,shipmonk_estimate,USD
133146,6400919372086,Cattasaurus - shoproxstore - Shopify,direct_to_consumer,fulfilled,2025-01-28,2025-02-18,2025-01-28,NV3,FedEx,1,1,33.01,2.26,0.0,35.27,shipmonk_estimate,USD
133147,6400947945782,Cattasaurus - shoproxstore - Shopify,direct_to_consumer,fulfilled,2025-01-28,2025-02-03,2025-01-28,PA2,FedEx,2,1,12.97,2.26,0.0,15.23,shipmonk_estimate,USD
133148,6400956203318,Cattasaurus - shoproxstore - Shopify,direct_to_consumer,fulfilled,2025-01-28,2025-02-02,2025-01-28,PA2,FedEx,2,1,14.02,3.37,0.0,17.39,shipmonk_estimate,USD
133149,6400974750006,Cattasaurus - shoproxstore - Shopify,direct_to_consumer,fulfilled,2025-01-28,2025-01-30,2025-01-28,PA2,FedEx,2,1,19.39,2.63,0.0,22.02,shipmonk_estimate,USD
133151,6401013481782,Cattasaurus - shoproxstore - Shopify,direct_to_consumer,fulfilled,2025-01-28,2025-02-03,2025-01-28,PA2,UPS,2,1,18.2,2.26,0.0,20.46,shipmonk_estimate,USD
133152,6401026064694,Cattasaurus - shoproxstore - Shopify,direct_to_consumer,fulfilled,2025-01-28,2025-02-03,2025-01-28,PA2,FedEx,1,1,13.79,2.26,0.0,16.05,shipmonk_estimate,USD
133153,6401030258998,Cattasaurus - shoproxstore - Shopify,direct_to_consumer,fulfilled,2025-01-28,2025-01-30,2025-01-28,PA2,FedEx,2,1,20.92,2.63,0.0,23.55,shipmonk_estimate,USD
133155_1,e788172b-7f5b-4027-aff7-6ca89828fbff,Cattasaurus - shoproxstore - Shopify,direct_to_consumer,fulfilled,2025-01-28,2025-02-03,2025-01-28,NV3,DHL eCommerce,2,1,11.72,2.26,1.5,15.48,shipmonk_estimate,USD
133156,6401044545846,Cattasaurus - shoproxstore - Shopify,direct_to_consumer,fulfilled,2025-01-28,2025-01-30,2025-01-28,PA2,FedEx,2,1,15.17,2.63,0.0,17.8,shipmonk_estimate,USD
133157,6401045889334,Cattasaurus - shoproxstore - Shopify,direct_to_consumer,fulfilled,2025-01-28,2025-01-30,2025-01-28,PA2,FedEx,3,1,20.92,3.0,0.0,23.92,shipmonk_estimate,USD
133158,6401107460406,Cattasaurus - shoproxstore - Shopify,direct_to_consumer,fulfilled,2025-01-28,2025-01-30,2025-01-28,NV3,DHL eCommerce,3,1,11.79,3.74,0.5,16.03,shipmonk_estimate,USD
133159,6401140293942,Cattasaurus - shoproxstore - Shopify,direct_to_consumer,fulfilled,2025-01-28,2025-02-03,2025-01-28,PA2,FedEx,1,1,13.79,2.26,0.0,16.05,shipmonk_estimate,USD
133160,6401148944694,Cattasaurus - shoproxstore - Shopify,direct_to_consumer,fulfilled,2025-01-28,2025-02-03,2025-01-28,PA2,FedEx,1,1,13.79,2.26,0.0,16.05,shipmonk_estimate,USD
133161,6401157890358,Cattasaurus - shoproxstore - Shopify,direct_to_consumer,fulfilled,2025-01-28,2025-01-30,2025-01-28,PA2,FedEx,1,1,16.66,2.63,0.0,19.29,shipmonk_estimate,USD
133162,6401183121718,Cattasaurus - shoproxstore - Shopify,direct_to_consumer,fulfilled,2025-01-28,2025-01-30,2025-01-28,PA2,FedEx,3,1,19.39,3.0,0.0,22.39,shipmonk_estimate,USD
133163,6401185448246,Cattasaurus - shoproxstore - Shopify,direct_to_consumer,fulfilled,2025-01-28,2025-02-03,2025-01-28,PA2,FedEx,1,1,14.02,2.26,0.0,16.28,shipmonk_estimate,USD
133164,6401198260534,Cattasaurus - shoproxstore - Shopify,direct_to_consumer,fulfilled,2025-01-28,2025-02-03,2025-01-28,PA2,FedEx,1,1,12.97,2.26,0.0,15.23,shipmonk_estimate,USD
133165,6401199341878,Cattasaurus - shoproxstore - Shopify,direct_to_consumer,fulfilled,2025-01-28,2025-01-30,2025-01-28,NV3,FedEx,2,2,35.1,5.26,0.0,40.36,shipmonk_estimate,USD
133165_1,0f9a7d31-a63a-4c8a-a903-269a6a64f2dd,Cattasaurus - shoproxstore - Shopify,direct_to_consumer,fulfilled,2025-01-28,2025-01-30,2025-01-28,NV3,FedEx,1,1,16.64,2.63,0.0,19.27,shipmonk_estimate,USD
133166,6401211236662,Cattasaurus - shoproxstore - Shopify,direct_to_consumer,fulfilled,2025-01-28,2025-01-30,2025-01-28,PA2,FedEx,1,1,25.16,2.63,0.0,27.79,shipmonk_estimate,USD
133167,6401243119926,Cattasaurus - shoproxstore - Shopify,direct_to_consumer,fulfilled,2025-01-28,2025-02-18,2025-01-28,NV3,FedEx,3,1,31.47,3.0,0.0,34.47,shipmonk_estimate,USD
133172,6401584890166,Cattasaurus - shoproxstore - Shopify,direct_to_consumer,fulfilled,2025-01-29,2025-01-30,2025-01-29,PA2,FedEx,1,1,25.16,2.63,0.0,27.79,shipmonk_estimate,USD
133173,6401606123830,Cattasaurus - shoproxstore - Shopify,direct_to_consumer,fulfilled,2025-01-29,2025-02-03,2025-01-29,PA2,UPS,2,1,15.35,2.26,0.0,17.61,shipmonk_estimate,USD
133174,6401619657014,Cattasaurus - shoproxstore - Shopify,direct_to_consumer,fulfilled,2025-01-29,2025-01-30,2025-01-29,PA2,FedEx,2,1,15.17,2.63,0.0,17.8,shipmonk_estimate,USD
133175,6401660485942,Cattasaurus - shoproxstore - Shopify,direct_to_consumer,fulfilled,2025-01-29,2025-02-18,2025-01-29,NV3,FedEx,3,1,31.47,3.0,0.0,34.47,shipmonk_estimate,USD
133176,6401672839478,Cattasaurus - shoproxstore - Shopify,direct_to_consumer,fulfilled,2025-01-29,2025-02-03,2025-01-29,PA2,FedEx,2,1,18.75,2.26,0.0,21.01,shipmonk_estimate,USD
133177,6401680998710,Cattasaurus - shoproxstore - Shopify,direct_to_consumer,fulfilled,2025-01-29,2025-02-03,2025-01-29,PA2,UPS,2,1,18.2,2.26,0.0,20.46,shipmonk_estimate,USD
133178,6401703412022,Cattasaurus - shoproxstore - Shopify,direct_to_consumer,fulfilled,2025-01-29,2025-01-31,2025-01-29,PA2,FedEx,1,1,19.39,2.63,0.0,22.02,shipmonk_estimate,USD
133179,6401734541622,Cattasaurus - shoproxstore - Shopify,direct_to_consumer,fulfilled,2025-01-29,2025-02-03,2025-01-29,PA2,FedEx,2,1,14.02,2.26,0.0,16.28,shipmonk_estimate,USD
133180,6401743913270,Cattasaurus - shoproxstore - Shopify,direct_to_consumer,fulfilled,2025-01-29,2025-02-03,2025-01-29,PA2,FedEx,2,1,16.64,2.26,0.0,18.9,shipmonk_estimate,USD
133181,6401754300726,Cattasaurus - shoproxstore - Shopify,direct_to_consumer,fulfilled,2025-01-29,2025-02-03,2025-01-29,PA2,FedEx,1,1,12.97,2.26,0.0,15.23,shipmonk_estimate,USD
133182,6401765409078,Cattasaurus - shoproxstore - Shopify,direct_to_consumer,fulfilled,2025-01-29,2025-02-02,2025-01-29,PA2,FedEx,2,2,29.81,5.26,0.0,35.07,shipmonk_estimate,USD
133184,6401778123062,Cattasaurus - shoproxstore - Shopify,direct_to_consumer,fulfilled,2025-01-29,2025-02-03,2025-01-29,PA2,FedEx,2,1,12.97,2.26,0.0,15.23,shipmonk_estimate,USD
133185,6401780908342,Cattasaurus - shoproxstore - Shopify,direct_to_consumer,fulfilled,2025-01-29,2025-02-03,2025-01-29,PA2,FedEx,1,1,13.79,2.26,0.0,16.05,shipmonk_estimate,USD
133189,6401859027254,Cattasaurus - shoproxstore - Shopify,direct_to_consumer,fulfilled,2025-01-29,2025-02-03,2025-01-29,PA2,UPS,1,1,15.35,2.26,0.0,17.61,shipmonk_estimate,USD
133190,6401886486838,Cattasaurus - shoproxstore - Shopify,direct_to_consumer,fulfilled,2025-01-29,2025-02-03,2025-01-29,PA2,FedEx,1,1,14.02,2.26,0.0,16.28,shipmonk_estimate,USD
133192,6401922203958,Cattasaurus - shoproxstore - Shopify,direct_to_consumer,fulfilled,2025-01-29,2025-02-01,2025-01-29,PA2,FedEx,1,1,15.17,2.63,0.0,17.8,shipmonk_estimate,USD
133192_1,4ef34231-60cf-4395-a047-1501913b1a1b,Cattasaurus - shoproxstore - Shopify,direct_to_consumer,fulfilled,2025-01-29,2025-02-01,2025-01-29,PA2,FedEx,1,1,15.17,2.63,0.0,17.8,shipmonk_estimate,USD
133192_2,9ebcc4ef-4b12-4ba7-8cad-824ad40dcff2,Cattasaurus - shoproxstore - Shopify,direct_to_consumer,fulfilled,2025-01-29,2025-02-01,2025-01-29,PA2,FedEx,1,1,15.17,2.26,0.0,17.43,shipmonk_estimate,USD
133193,6401938358582,Cattasaurus - shoproxstore - Shopify,direct_to_consumer,fulfilled,2025-01-29,2025-02-03,2025-01-29,PA2,UPS,2,1,15.58,2.26,0.0,17.84,shipmonk_estimate,USD
133194,6401940980022,Cattasaurus - shoproxstore - Shopify,direct_to_consumer,fulfilled,2025-01-29,2025-02-03,2025-01-29,PA2,UPS,1,1,15.58,2.26,0.0,17.84,shipmonk_estimate,USD
133195,6401949925686,Cattasaurus - shoproxstore - Shopify,direct_to_consumer,fulfilled,2025-01-29,2025-02-03,2025-01-29,PA2,FedEx,2,1,14.02,2.26,0.0,16.28,shipmonk_estimate,USD
133197,6401953136950,Cattasaurus - shoproxstore - Shopify,direct_to_consumer,fulfilled,2025-01-29,2025-02-02,2025-01-29,PA2,FedEx,4,2,28.12,5.26,0.0,33.38,shipmonk_estimate,USD
133198,6401957069110,Cattasaurus - shoproxstore - Shopify,direct_to_consumer,fulfilled,2025-01-29,2025-02-03,2025-01-29,PA2,FedEx,2,1,24.04,3.0,0.0,27.04,shipmonk_estimate,USD
133201,6402062123318,Cattasaurus - shoproxstore - Shopify,direct_to_consumer,fulfilled,2025-01-29,2025-01-31,2025-01-29,PA2,FedEx,2,1,13.09,2.63,0.0,15.72,shipmonk_estimate,USD
133203,6402117304630,Cattasaurus - shoproxstore - Shopify,direct_to_consumer,fulfilled,2025-01-29,2025-02-02,2025-01-29,PA2,FedEx,3,2,31.1,5.26,0.0,36.36,shipmonk_estimate,USD
133205,6402126807350,Cattasaurus - shoproxstore - Shopify,direct_to_consumer,fulfilled,2025-01-29,2025-01-31,2025-01-29,PA2,DHL eCommerce,2,1,13.34,3.74,1.5,18.58,shipmonk_estimate,USD
133206,6402134671670,Cattasaurus - shoproxstore - Shopify,direct_to_consumer,fulfilled,2025-01-29,2025-01-31,2025-01-29,PA2,FedEx,1,1,19.39,2.63,0.0,22.02,shipmonk_estimate,USD
133209,6402170880310,Cattasaurus - shoproxstore - Shopify,direct_to_consumer,fulfilled,2025-01-29,2025-01-31,2025-01-29,NV3,FedEx,2,1,23.63,2.63,0.0,26.26,shipmonk_estimate,USD
133210,6402177335606,Cattasaurus - shoproxstore - Shopify,direct_to_consumer,fulfilled,2025-01-29,2025-01-31,2025-01-29,PA2,FedEx,2,1,15.17,2.63,0.0,17.8,shipmonk_estimate,USD
133211,6402209612086,Cattasaurus - shoproxstore - Shopify,direct_to_consumer,fulfilled,2025-01-29,2025-01-31,2025-01-29,PA2,FedEx,2,1,16.7,2.63,0.0,19.33,shipmonk_estimate,USD
133212,6402283667766,Cattasaurus - shoproxstore - Shopify,direct_to_consumer,fulfilled,2025-01-29,2025-01-31,2025-01-29,PA2,FedEx,2,1,16.66,2.63,0.0,19.29,shipmonk_estimate,USD
133213,6402285568310,Cattasaurus - shoproxstore - Shopify,direct_to_consumer,fulfilled,2025-01-29,2025-01-31,2025-01-29,PA2,FedEx,2,1,16.66,2.63,0.0,19.29,shipmonk_estimate,USD
133214,6402304672054,Cattasaurus - shoproxstore - Shopify,direct_to_consumer,fulfilled,2025-01-29,2025-01-31,2025-01-29,PA2,FedEx,1,1,20.92,2.63,0.0,23.55,shipmonk_estimate,USD
133215,6402315387190,Cattasaurus - shoproxstore - Shopify,direct_to_consumer,fulfilled,2025-01-29,2025-02-03,2025-01-29,PA2,UPS,3,1,14.53,3.0,0.0,17.53,shipmonk_estimate,USD
133216,6402376302902,Cattasaurus - shoproxstore - Shopify,direct_to_consumer,fulfilled,2025-01-29,2025-02-03,2025-01-29,PA2,FedEx,3,1,16.64,2.26,0.0,18.9,shipmonk_estimate,USD
133217,6402377777462,Cattasaurus - shoproxstore - Shopify,direct_to_consumer,fulfilled,2025-01-29,2025-01-31,2025-01-29,PA2,FedEx,2,1,14.62,2.63,0.0,17.25,shipmonk_estimate,USD
133218,6402380398902,Cattasaurus - shoproxstore - Shopify,direct_to_consumer,fulfilled,2025-01-29,2025-01-31,2025-01-29,PA2,FedEx,2,1,16.66,2.63,0.0,19.29,shipmonk_estimate,USD
133219,6402415100214,Cattasaurus - shoproxstore - Shopify,direct_to_consumer,fulfilled,2025-01-29,2025-02-18,2025-01-29,NV3,FedEx,2,1,31.47,2.63,0.0,34.1,shipmonk_estimate,USD
133220,6402458255670,Cattasaurus - shoproxstore - Shopify,direct_to_consumer,fulfilled,2025-01-29,2025-02-11,2025-01-29,PA2,FedEx,1,1,16.7,2.63,0.0,19.33,shipmonk_estimate,USD
133221,6402466742582,Cattasaurus - shoproxstore - Shopify,direct_to_consumer,fulfilled,2025-01-29,2025-01-31,2025-01-29,PA2,FedEx,2,1,28.56,2.63,0.0,31.19,shipmonk_estimate,USD
133222,6402482569526,Cattasaurus - shoproxstore - Shopify,direct_to_consumer,fulfilled,2025-01-29,2025-02-04,2025-01-29,PA2,FedEx,2,1,12.53,2.26,0.0,14.79,shipmonk_estimate,USD
133223,6402483683638,Cattasaurus - shoproxstore - Shopify,direct_to_consumer,fulfilled,2025-01-29,2025-01-31,2025-01-29,PA2,FedEx,2,1,16.66,2.63,0.0,19.29,shipmonk_estimate,USD
133224,6402514125110,Cattasaurus - shoproxstore - Shopify,direct_to_consumer,fulfilled,2025-01-29,2025-01-31,2025-01-29,PA2,USPS,1,1,4.64,1.89,0.3,6.83,shipmonk_estimate,USD
133226,6402659647798,Cattasaurus - shoproxstore - Shopify,direct_to_consumer,fulfilled,2025-01-29,2025-02-03,2025-01-29,PA2,UPS,2,1,15.35,2.26,0.0,17.61,shipmonk_estimate,USD
133227,6402673836342,Cattasaurus - shoproxstore - Shopify,direct_to_consumer,fulfilled,2025-01-29,2025-01-31,2025-01-29,PA2,FedEx,2,1,18.19,2.63,0.0,20.82,shipmonk_estimate,USD
133228,6402691137846,Cattasaurus - shoproxstore - Shopify,direct_to_consumer,fulfilled,2025-01-29,2025-02-03,2025-01-29,PA2,FedEx,2,1,12.97,2.26,0.0,15.23,shipmonk_estimate,USD
133229,6402713518390,Cattasaurus - shoproxstore - Shopify,direct_to_consumer,fulfilled,2025-01-29,2025-02-03,2025-01-29,PA2,FedEx,1,1,13.79,2.26,0.0,16.05,shipmonk_estimate,USD
133231,6402749137206,Cattasaurus - shoproxstore - Shopify,direct_to_consumer,fulfilled,2025-01-29,2025-02-02,2025-01-29,PA2,UPS,4,1,18.17,3.37,0.0,21.54,shipmonk_estimate,USD
133233,6402753790262,Cattasaurus - shoproxstore - Shopify,direct_to_consumer,fulfilled,2025-01-29,2025-01-31,2025-01-29,PA2,FedEx,2,1,13.09,2.63,0.0,15.72,shipmonk_estimate,USD
133234,6402755363126,Cattasaurus - shoproxstore - Shopify,direct_to_consumer,fulfilled,2025-01-29,2025-02-03,2025-01-29,PA2,FedEx,1,1,14.02,2.26,0.0,16.28,shipmonk_estimate,USD
133235,6402791571766,Cattasaurus - shoproxstore - Shopify,direct_to_consumer,fulfilled,2025-01-29,2025-02-03,2025-01-29,PA2,UPS,2,1,15.58,2.26,0.0,17.84,shipmonk_estimate,USD
133236,6402794914102,Cattasaurus - shoproxstore - Shopify,direct_to_consumer,fulfilled,2025-01-29,2025-02-03,2025-01-29,PA2,FedEx,1,1,16.64,2.26,0.0,18.9,shipmonk_estimate,USD
133238,6402819653942,Cattasaurus - shoproxstore - Shopify,direct_to_consumer,fulfilled,2025-01-29,2025-01-31,2025-01-29,NV3,DHL eCommerce,2,1,6.68,2.26,0.3,9.24,shipmonk_estimate,USD
133239,6402834104630,Cattasaurus - shoproxstore - Shopify,direct_to_consumer,fulfilled,2025-01-29,2025-01-31,2025-01-29,PA2,FedEx,1,1,18.19,2.26,0.0,20.45,shipmonk_estimate,USD
133240,6402853208374,Cattasaurus - shoproxstore - Shopify,direct_to_consumer,fulfilled,2025-01-29,2025-01-31,2025-01-29,PA2,FedEx,1,1,23.63,2.63,0.0,26.26,shipmonk_estimate,USD
133242,6402868511030,Cattasaurus - shoproxstore - Shopify,direct_to_consumer,fulfilled,2025-01-29,2025-01-31,2025-01-29,PA2,FedEx,2,1,15.17,2.63,0.0,17.8,shipmonk_estimate,USD
133245,6402956493110,Cattasaurus - shoproxstore - Shopify,direct_to_consumer,fulfilled,2025-01-29,2025-01-31,2025-01-29,PA2,FedEx,1,1,18.19,2.63,0.0,20.82,shipmonk_estimate,USD
133247,6403024683318,Cattasaurus - shoproxstore - Shopify,direct_to_consumer,fulfilled,2025-01-29,2025-01-31,2025-01-29,PA2,FedEx,1,1,19.39,2.63,0.0,22.02,shipmonk_estimate,USD
133248,6403033891126,Cattasaurus - shoproxstore - Shopify,direct_to_consumer,fulfilled,2025-01-29,2025-01-31,2025-01-29,NV3,FedEx,2,1,16.66,2.63,0.0,19.29,shipmonk_estimate,USD
133250,6403058270518,Cattasaurus - shoproxstore - Shopify,direct_to_consumer,fulfilled,2025-01-29,2025-02-02,2025-01-29,PA2,FedEx,3,1,24.04,3.37,0.0,27.41,shipmonk_estimate,USD
133252,6403151757622,Cattasaurus - shoproxstore - Shopify,direct_to_consumer,fulfilled,2025-01-29,2025-01-31,2025-01-29,PA2,FedEx,1,1,13.09,2.63,0.0,15.72,shipmonk_estimate,USD
133253,6403165552950,Cattasaurus - shoproxstore - Shopify,direct_to_consumer,fulfilled,2025-01-29,2025-02-06,2025-01-29,PA2,FedEx,1,1,16.67,2.26,0.0,18.93,shipmonk_estimate,USD
133253_1,72ce6dad-8243-4b4f-a540-bda1979d5d5a,Cattasaurus - shoproxstore - Shopify,direct_to_consumer,fulfilled,2025-01-29,2025-02-06,2025-01-29,NV3,DHL eCommerce,1,1,5.94,1.89,0.3,8.13,shipmonk_estimate,USD
133254,6403270115638,Cattasaurus - shoproxstore - Shopify,direct_to_consumer,fulfilled,2025-01-29,2025-02-03,2025-01-29,PA2,FedEx,1,1,16.64,2.26,0.0,18.9,shipmonk_estimate,USD
112-9970706-2168252,112-9970706-2168252,Cattasaurus - Amazon USA,direct_to_consumer,fulfilled,2025-01-30,2025-01-31,2025-01-30,NV3,FedEx,1,1,23.63,2.26,0.0,25.89,shipmonk_estimate,USD
113-5914821-3654615,113-5914821-3654615,Cattasaurus - Amazon USA,direct_to_consumer,fulfilled,2025-01-30,2025-02-03,2025-01-30,NV3,FedEx,1,1,31.41,2.26,0.0,33.67,shipmonk_estimate,USD
131133-01,420f3761-6177-4995-834e-ec4acc375519,Cattasaurus - shoproxstore - Shopify,direct_to_consumer,fulfilled,2025-01-30,2025-01-30,2025-01-30,PA2,FedEx,1,1,18.19,2.63,0.0,20.82,shipmonk_estimate,USD
133255,6403437265206,Cattasaurus - shoproxstore - Shopify,direct_to_consumer,fulfilled,2025-01-30,2025-02-03,2025-01-30,PA2,FedEx,3,1,16.64,2.26,0.0,18.9,shipmonk_estimate,USD
133256,6403614146870,Cattasaurus - shoproxstore - Shopify,direct_to_consumer,fulfilled,2025-01-30,2025-02-03,2025-01-30,PA2,FedEx,1,1,13.79,2.26,0.0,16.05,shipmonk_estimate,USD
133259,6403687514422,Cattasaurus - shoproxstore - Shopify,direct_to_consumer,fulfilled,2025-01-30,2025-02-18,2025-01-30,NV3,FedEx,2,1,33.01,2.63,0.0,35.64,shipmonk_estimate,USD
133261,6403729817910,Cattasaurus - shoproxstore - Shopify,direct_to_consumer,fulfilled,2025-01-30,2025-02-03,2025-01-30,PA2,UPS,1,1,15.58,2.26,0.0,17.84,shipmonk_estimate,USD
133264,6403780772150,Cattasaurus - shoproxstore - Shopify,direct_to_consumer,fulfilled,2025-01-30,2025-01-31,2025-01-30,PA2,FedEx,1,1,18.19,2.63,0.0,20.82,shipmonk_estimate,USD
133265_1,49021a9b-b458-499c-8c45-1b7d1e9eaf51,Cattasaurus - shoproxstore - Shopify,direct_to_consumer,fulfilled,2025-01-30,2025-02-03,2025-01-30,NV3,DHL eCommerce,1,1,5.77,1.89,0.3,7.96,shipmonk_estimate,USD
133266,6403785916726,Cattasaurus - shoproxstore - Shopify,direct_to_consumer,fulfilled,2025-01-30,2025-01-31,2025-01-30,PA2,FedEx,1,1,19.39,2.63,0.0,22.02,shipmonk_estimate,USD
133267,6403794960694,Cattasaurus - shoproxstore - Shopify,direct_to_consumer,fulfilled,2025-01-30,2025-02-03,2025-01-30,PA2,FedEx,1,1,12.97,2.26,0.0,15.23,shipmonk_estimate,USD
133269,6403816816950,Cattasaurus - shoproxstore - Shopify,direct_to_consumer,fulfilled,2025-01-30,2025-01-31,2025-01-30,PA2,FedEx,1,1,14.62,2.26,0.0,16.88,shipmonk_estimate,USD
133270,6403819798838,Cattasaurus - shoproxstore - Shopify,direct_to_consumer,fulfilled,2025-01-30,2025-01-31,2025-01-30,PA2,FedEx,2,1,16.66,2.63,0.0,19.29,shipmonk_estimate,USD
133272,6403843260726,Cattasaurus - shoproxstore - Shopify,direct_to_consumer,fulfilled,2025-01-30,2025-02-03,2025-01-30,PA2,FedEx,2,1,16.64,2.26,0.0,18.9,shipmonk_estimate,USD
133273,6403855647030,Cattasaurus - shoproxstore - Shopify,direct_to_consumer,fulfilled,2025-01-30,2025-02-03,2025-01-30,PA2,FedEx,1,1,13.79,2.26,0.0,16.05,shipmonk_estimate,USD
133276,6403871015222,Cattasaurus - shoproxstore - Shopify,direct_to_consumer,fulfilled,2025-01-30,2025-01-31,2025-01-30,PA2,FedEx,1,1,18.19,2.63,0.0,20.82,shipmonk_estimate,USD
133277,6403908501814,Cattasaurus - shoproxstore - Shopify,direct_to_consumer,fulfilled,2025-01-30,2025-02-03,2025-01-30,PA2,FedEx,1,1,14.02,2.26,0.0,16.28,shipmonk_estimate,USD
133278,6403928228150,Cattasaurus - shoproxstore - Shopify,direct_to_consumer,fulfilled,2025-01-30,2025-02-03,2025-01-30,PA2,FedEx,2,1,16.64,2.26,0.0,18.9,shipmonk_estimate,USD
133279,6403954835766,Cattasaurus - shoproxstore - Shopify,direct_to_consumer,fulfilled,2025-01-30,2025-02-03,2025-01-30,PA2,FedEx,1,1,14.02,2.26,0.0,16.28,shipmonk_estimate,USD
133280,6403977085238,Cattasaurus - shoproxstore - Shopify,direct_to_consumer,fulfilled,2025-01-30,2025-02-03,2025-01-30,PA2,UPS,1,1,18.2,2.26,0.0,20.46,shipmonk_estimate,USD
133281,6404043079990,Cattasaurus - shoproxstore - Shopify,direct_to_consumer,fulfilled,2025-01-30,2025-02-03,2025-01-30,PA2,FedEx,3,1,24.04,2.26,0.0,26.3,shipmonk_estimate,USD
133282,6404058644790,Cattasaurus - shoproxstore - Shopify,direct_to_consumer,fulfilled,2025-01-30,2025-01-31,2025-01-30,PA2,FedEx,1,1,18.19,2.63,0.0,20.82,shipmonk_estimate,USD
133283,6404065132854,Cattasaurus - shoproxstore - Shopify,direct_to_consumer,fulfilled,2025-01-30,2025-02-03,2025-01-30,PA2,FedEx,1,1,14.02,2.26,0.0,16.28,shipmonk_estimate,USD
133284,6404069556534,Cattasaurus - shoproxstore - Shopify,direct_to_consumer,fulfilled,2025-01-30,2025-01-31,2025-01-30,PA2,FedEx,2,1,20.92,2.63,0.0,23.55,shipmonk_estimate,USD
133285,6404087808310,Cattasaurus - shoproxstore - Shopify,direct_to_consumer,fulfilled,2025-01-30,2025-02-02,2025-01-30,PA2,USPS,3,2,29.42,5.26,0.0,34.68,shipmonk_estimate,USD
133286,6404093051190,Cattasaurus - shoproxstore - Shopify,direct_to_consumer,fulfilled,2025-01-30,,2025-01-30,NV3,ShipMonk,2,0,15.32,3.78,0.0,19.1,shipmonk_estimate,USD
133287,6404105044278,Cattasaurus - shoproxstore - Shopify,direct_to_consumer,fulfilled,2025-01-30,2025-02-03,2025-01-30,PA2,UPS,1,1,14.53,2.26,0.0,16.79,shipmonk_estimate,USD
133289_1,36f31b20-6399-4d2d-b491-49ca32844929,Cattasaurus - shoproxstore - Shopify,direct_to_consumer,fulfilled,2025-01-30,2025-02-12,2025-01-30,NV3,DHL eCommerce,1,1,5.43,1.89,0.0,7.32,shipmonk_estimate,USD
133290,6404125196598,Cattasaurus - shoproxstore - Shopify,direct_to_consumer,fulfilled,2025-01-30,2025-02-03,2025-01-30,PA2,FedEx,1,1,14.02,2.26,0.0,16.28,shipmonk_estimate,USD
133291,6404148527414,Cattasaurus - shoproxstore - Shopify,direct_to_consumer,fulfilled,2025-01-30,2025-02-01,2025-01-30,PA2,UPS,1,1,18.17,2.26,0.0,20.43,shipmonk_estimate,USD
133292,6404173267254,Cattasaurus - shoproxstore - Shopify,direct_to_consumer,fulfilled,2025-01-30,2025-01-31,2025-01-30,PA2,FedEx,1,1,19.39,2.63,0.0,22.02,shipmonk_estimate,USD
133293,6404205150518,Cattasaurus - shoproxstore - Shopify,direct_to_consumer,fulfilled,2025-01-30,2025-02-03,2025-01-30,PA2,FedEx,2,1,16.64,2.26,0.0,18.9,shipmonk_estimate,USD
133294,6404206690614,Cattasaurus - shoproxstore - Shopify,direct_to_consumer,fulfilled,2025-01-30,2025-02-03,2025-01-30,NV3,DHL eCommerce,1,1,10.47,2.26,0.3,13.03,shipmonk_estimate,USD
133295,6404208460086,Cattasaurus - shoproxstore - Shopify,direct_to_consumer,fulfilled,2025-01-30,2025-02-03,2025-01-30,PA2,FedEx,2,1,16.64,2.26,0.0,18.9,shipmonk_estimate,USD
133296,6404258529590,Cattasaurus - shoproxstore - Shopify,direct_to_consumer,fulfilled,2025-01-30,2025-02-02,2025-01-30,PA2,FedEx,1,2,36.92,4.89,0.0,41.81,shipmonk_estimate,USD
133297,6404322885942,Cattasaurus - shoproxstore - Shopify,direct_to_consumer,fulfilled,2025-01-30,2025-02-03,2025-01-30,PA2,FedEx,1,1,14.02,2.26,0.0,16.28,shipmonk_estimate,USD
133298,6404330062134,Cattasaurus - shoproxstore - Shopify,direct_to_consumer,fulfilled,2025-01-30,2025-01-31,2025-01-30,PA2,FedEx,1,1,19.39,2.63,0.0,22.02,shipmonk_estimate,USD
133299,6404348117302,Cattasaurus - shoproxstore - Shopify,direct_to_consumer,fulfilled,2025-01-30,2025-02-03,2025-01-30,PA2,FedEx,3,1,13.79,2.26,0.0,16.05,shipmonk_estimate,USD
133300,6404356047158,Cattasaurus - shoproxstore - Shopify,direct_to_consumer,fulfilled,2025-01-30,2025-02-03,2025-01-30,NV3,FedEx,1,1,18.19,2.26,0.0,20.45,shipmonk_estimate,USD
133301,6404377936182,Cattasaurus - shoproxstore - Shopify,direct_to_consumer,fulfilled,2025-01-30,2025-02-03,2025-01-30,PA2,FedEx,3,1,16.64,2.26,0.0,18.9,shipmonk_estimate,USD
133304,6404437868854,Cattasaurus - shoproxstore - Shopify,direct_to_consumer,fulfilled,2025-01-30,2025-02-03,2025-01-30,PA2,FedEx,2,1,16.64,2.26,0.0,18.9,shipmonk_estimate,USD
133305,6404442915126,Cattasaurus - shoproxstore - Shopify,direct_to_consumer,fulfilled,2025-01-30,2025-02-03,2025-01-30,NV3,DHL eCommerce,1,1,6.68,3.74,0.3,10.72,shipmonk_estimate,USD
133306,6404444487990,Cattasaurus - shoproxstore - Shopify,direct_to_consumer,fulfilled,2025-01-30,2025-02-03,2025-01-30,PA2,FedEx,1,1,13.79,2.26,0.0,16.05,shipmonk_estimate,USD
133308,6404493508918,Cattasaurus - shoproxstore - Shopify,direct_to_consumer,fulfilled,2025-01-30,2025-02-03,2025-01-30,PA2,FedEx,1,1,20.28,2.26,0.0,22.54,shipmonk_estimate,USD
133309,6404567531830,Cattasaurus - shoproxstore - Shopify,direct_to_consumer,fulfilled,2025-01-30,2025-02-03,2025-01-30,PA2,UPS,1,1,15.58,2.26,0.0,17.84,shipmonk_estimate,USD
133312,6404636574006,Cattasaurus - shoproxstore - Shopify,direct_to_consumer,fulfilled,2025-01-30,2025-02-02,2025-01-30,PA2,FedEx,3,1,14.02,3.0,0.0,17.02,shipmonk_estimate,USD
133314,6404697915702,Cattasaurus - shoproxstore - Shopify,direct_to_consumer,fulfilled,2025-01-30,2025-02-03,2025-01-30,PA2,FedEx,1,1,14.02,2.26,0.0,16.28,shipmonk_estimate,USD
133315,6404730978614,Cattasaurus - shoproxstore - Shopify,direct_to_consumer,fulfilled,2025-01-30,2025-02-03,2025-01-30,PA2,UPS,1,1,14.53,2.26,0.0,16.79,shipmonk_estimate,USD
133316_1,a44deffe-9399-4f9c-bd68-f786f404dc86,Cattasaurus - shoproxstore - Shopify,direct_to_consumer,fulfilled,2025-01-30,2025-02-10,2025-01-30,NV3,DHL eCommerce,1,1,5.61,1.89,0.0,7.5,shipmonk_estimate,USD
133317,6404774527286,Cattasaurus - shoproxstore - Shopify,direct_to_consumer,fulfilled,2025-01-30,2025-02-03,2025-01-30,PA2,FedEx,2,1,14.02,2.26,0.0,16.28,shipmonk_estimate,USD
133318,6404821057846,Cattasaurus - shoproxstore - Shopify,direct_to_consumer,fulfilled,2025-01-30,2025-02-03,2025-01-30,PA2,FedEx,1,1,18.75,2.26,0.0,21.01,shipmonk_estimate,USD
133319,6404834820406,Cattasaurus - shoproxstore - Shopify,direct_to_consumer,fulfilled,2025-01-30,2025-02-03,2025-01-30,PA2,FedEx,1,1,14.02,2.26,0.0,16.28,shipmonk_estimate,USD
133323,6404973199670,Cattasaurus - shoproxstore - Shopify,direct_to_consumer,fulfilled,2025-01-30,2025-02-04,2025-01-30,PA2,FedEx,1,1,12.85,2.26,0.0,15.11,shipmonk_estimate,USD
133325,6405008294198,Cattasaurus - shoproxstore - Shopify,direct_to_consumer,fulfilled,2025-01-30,2025-02-01,2025-01-30,PA2,FedEx,2,1,19.39,3.0,0.0,22.39,shipmonk_estimate,USD
133327,6405027004726,Cattasaurus - shoproxstore - Shopify,direct_to_consumer,fulfilled,2025-01-30,2025-02-01,2025-01-30,PA2,FedEx,1,1,20.92,2.63,0.0,23.55,shipmonk_estimate,USD
133331,6405062033718,Cattasaurus - shoproxstore - Shopify,direct_to_consumer,fulfilled,2025-01-30,2025-02-01,2025-01-30,PA2,FedEx,1,1,18.19,2.63,0.0,20.82,shipmonk_estimate,USD
133332,6405074223414,Cattasaurus - shoproxstore - Shopify,direct_to_consumer,fulfilled,2025-01-30,2025-02-03,2025-01-30,PA2,FedEx,2,1,14.02,2.26,0.0,16.28,shipmonk_estimate,USD
133333,6405103518006,Cattasaurus - shoproxstore - Shopify,direct_to_consumer,fulfilled,2025-01-30,2025-02-01,2025-01-30,PA2,FedEx,1,1,15.17,2.63,0.0,17.8,shipmonk_estimate,USD
133334,6405137367350,Cattasaurus - shoproxstore - Shopify,direct_to_consumer,fulfilled,2025-01-30,2025-02-02,2025-01-30,PA2,UPS,2,1,15.55,3.0,0.0,18.55,shipmonk_estimate,USD
133335,6405143101750,Cattasaurus - shoproxstore - Shopify,direct_to_consumer,fulfilled,2025-01-30,2025-02-01,2025-01-30,PA2,FedEx,1,1,16.66,2.63,0.0,19.29,shipmonk_estimate,USD
133340,6405389943094,Cattasaurus - shoproxstore - Shopify,direct_to_consumer,fulfilled,2025-01-30,2025-02-03,2025-01-30,PA2,FedEx,1,1,14.02,2.26,0.0,16.28,shipmonk_estimate,USD
133341,6405418189110,Cattasaurus - shoproxstore - Shopify,direct_to_consumer,fulfilled,2025-01-30,2025-02-03,2025-01-30,PA2,FedEx,3,1,12.97,3.0,0.0,15.97,shipmonk_estimate,USD
133343,6405461705014,Cattasaurus - shoproxstore - Shopify,direct_to_consumer,fulfilled,2025-01-30,2025-02-03,2025-01-30,PA2,FedEx,2,1,14.02,2.26,0.0,16.28,shipmonk_estimate,USD
133344,6405468422454,Cattasaurus - shoproxstore - Shopify,direct_to_consumer,fulfilled,2025-01-30,2025-02-06,2025-01-30,PA2,UPS,3,1,14.53,3.0,0.0,17.53,shipmonk_estimate,USD
133344_1,5f66e305-97f5-4792-88b7-d295fc34a65a,Cattasaurus - shoproxstore - Shopify,direct_to_consumer,fulfilled,2025-01-30,2025-02-06,2025-01-30,NV3,DHL eCommerce,1,1,6.21,1.89,0.3,8.4,shipmonk_estimate,USD
133346,6405530812726,Cattasaurus - shoproxstore - Shopify,direct_to_consumer,fulfilled,2025-01-30,2025-01-31,2025-01-30,PA2,FedEx,2,1,31.41,3.0,0.0,34.41,shipmonk_estimate,USD
133347,6405571903798,Cattasaurus - shoproxstore - Shopify,direct_to_consumer,fulfilled,2025-01-30,2025-02-01,2025-01-30,PA2,FedEx,2,1,27.04,2.63,0.0,29.67,shipmonk_estimate,USD
133349,6405642649910,Cattasaurus - shoproxstore - Shopify,direct_to_consumer,fulfilled,2025-01-30,2025-02-03,2025-01-30,NV3,FedEx,1,1,15.17,2.26,0.0,17.43,shipmonk_estimate,USD
133350,6405670338870,Cattasaurus - shoproxstore - Shopify,direct_to_consumer,fulfilled,2025-01-30,2025-02-03,2025-01-30,PA2,FedEx,2,1,13.79,2.26,0.0,16.05,shipmonk_estimate,USD
133352,6405940773174,Cattasaurus - shoproxstore - Shopify,direct_to_consumer,fulfilled,2025-01-31,2025-02-03,2025-01-31,PA2,FedEx,2,1,16.64,2.26,0.0,18.9,shipmonk_estimate,USD
133353,6405968625974,Cattasaurus - shoproxstore - Shopify,direct_to_consumer,fulfilled,2025-01-31,2025-02-03,2025-01-31,PA2,UPS,1,1,15.58,2.26,0.0,17.84,shipmonk_estimate,USD
133355,6406008045878,Cattasaurus - shoproxstore - Shopify,direct_to_consumer,fulfilled,2025-01-31,2025-02-03,2025-01-31,PA2,FedEx,1,1,12.97,2.26,0.0,15.23,shipmonk_estimate,USD
133356,6406051168566,Cattasaurus - shoproxstore - Shopify,direct_to_consumer,fulfilled,2025-01-31,2025-02-03,2025-01-31,PA2,FedEx,2,1,18.17,2.26,0.0,20.43,shipmonk_estimate,USD
133357,6406055985462,Cattasaurus - shoproxstore - Shopify,direct_to_consumer,fulfilled,2025-01-31,2025-02-03,2025-01-31,NV3,FedEx,2,1,19.39,2.26,0.0,21.65,shipmonk_estimate,USD
133358,6406079906102,Cattasaurus - shoproxstore - Shopify,direct_to_consumer,fulfilled,2025-01-31,2025-02-03,2025-01-31,PA2,FedEx,2,1,14.02,2.26,0.0,16.28,shipmonk_estimate,USD
133360_1,208117ca-7042-49a5-8d86-a9a026fa9f11,Cattasaurus - shoproxstore - Shopify,direct_to_consumer,fulfilled,2025-01-31,2025-02-03,2025-01-31,NV3,DHL eCommerce,2,1,12.23,2.26,1.5,15.99,shipmonk_estimate,USD
133361,6406295879990,Cattasaurus - shoproxstore - Shopify,direct_to_consumer,fulfilled,2025-01-31,2025-02-01,2025-01-31,PA2,FedEx,1,1,18.19,2.63,0.0,20.82,shipmonk_estimate,USD
133361_1,30adba4d-11ef-4aa1-9747-74ed09f721ab,Cattasaurus - shoproxstore - Shopify,direct_to_consumer,fulfilled,2025-01-31,2025-02-01,2025-01-31,PA2,UPS,1,1,15.55,2.26,0.0,17.81,shipmonk_estimate,USD
133362,6406319079734,Cattasaurus - shoproxstore - Shopify,direct_to_consumer,fulfilled,2025-01-31,2025-02-01,2025-01-31,PA2,FedEx,1,1,13.09,2.63,0.0,15.72,shipmonk_estimate,USD
133363,6406323208502,Cattasaurus - shoproxstore - Shopify,direct_to_consumer,fulfilled,2025-01-31,2025-02-01,2025-01-31,PA2,FedEx,2,1,20.92,2.63,0.0,23.55,shipmonk_estimate,USD
133364,6406356730166,Cattasaurus - shoproxstore - Shopify,direct_to_consumer,fulfilled,2025-01-31,2025-01-31,2025-01-31,PA2,FedEx,1,1,16.66,2.63,0.0,19.29,shipmonk_estimate,USD
133364_1,72eb68b6-2438-49eb-b3a5-542aa2544364,Cattasaurus - shoproxstore - Shopify,direct_to_consumer,fulfilled,2025-01-31,2025-01-31,2025-01-31,PA2,FedEx,1,2,33.32,2.26,0.0,35.58,shipmonk_estimate,USD
133367,6406391529782,Cattasaurus - shoproxstore - Shopify,direct_to_consumer,fulfilled,2025-01-31,2025-02-03,2025-01-31,PA2,FedEx,1,1,14.02,2.26,0.0,16.28,shipmonk_estimate,USD
133369,6406426788150,Cattasaurus - shoproxstore - Shopify,direct_to_consumer,fulfilled,2025-01-31,2025-02-03,2025-01-31,PA2,FedEx,1,1,14.02,2.26,0.0,16.28,shipmonk_estimate,USD
133370,6406445170998,Cattasaurus - shoproxstore - Shopify,direct_to_consumer,fulfilled,2025-01-31,2025-02-03,2025-01-31,PA2,USPS,2,1,21.94,2.63,0.0,24.57,shipmonk_estimate,USD
133371,6406454509878,Cattasaurus - shoproxstore - Shopify,direct_to_consumer,fulfilled,2025-01-31,2025-02-03,2025-01-31,PA2,FedEx,2,1,13.79,2.26,0.0,16.05,shipmonk_estimate,USD
133373,6406484623670,Cattasaurus - shoproxstore - Shopify,direct_to_consumer,fulfilled,2025-01-31,2025-02-03,2025-01-31,PA2,FedEx,1,1,16.64,2.26,0.0,18.9,shipmonk_estimate,USD
133374,6406500843830,Cattasaurus - shoproxstore - Shopify,direct_to_consumer,fulfilled,2025-01-31,2025-02-01,2025-01-31,PA2,FedEx,1,1,16.66,2.63,0.0,19.29,shipmonk_estimate,USD
133375,6406524633398,Cattasaurus - shoproxstore - Shopify,direct_to_consumer,fulfilled,2025-01-31,2025-02-03,2025-01-31,PA2,FedEx,2,1,11.44,2.26,0.0,13.7,shipmonk_estimate,USD
133376,6406535545142,Cattasaurus - shoproxstore - Shopify,direct_to_consumer,fulfilled,2025-01-31,2025-02-11,2025-01-31,PA2,FedEx,1,1,20.96,2.63,0.0,23.59,shipmonk_estimate,USD
133378,6406575063350,Cattasaurus - shoproxstore - Shopify,direct_to_consumer,fulfilled,2025-01-31,2025-02-02,2025-01-31,PA2,USPS,2,1,15.5,3.37,0.0,18.87,shipmonk_estimate,USD
133380,6406626476342,Cattasaurus - shoproxstore - Shopify,direct_to_consumer,fulfilled,2025-01-31,2025-02-03,2025-01-31,PA2,FedEx,1,1,18.75,2.26,0.0,21.01,shipmonk_estimate,USD
133382,6406646104374,Cattasaurus - shoproxstore - Shopify,direct_to_consumer,fulfilled,2025-01-31,2025-02-03,2025-01-31,PA2,FedEx,2,1,16.64,2.26,0.0,18.9,shipmonk_estimate,USD
133383,6406652494134,Cattasaurus - shoproxstore - Shopify,direct_to_consumer,fulfilled,2025-01-31,2025-02-01,2025-01-31,PA2,FedEx,2,1,18.19,2.26,0.0,20.45,shipmonk_estimate,USD
133385,6406655803702,Cattasaurus - shoproxstore - Shopify,direct_to_consumer,fulfilled,2025-01-31,2025-02-02,2025-01-31,PA2,FedEx,2,1,27.04,3.0,0.0,30.04,shipmonk_estimate,USD
133386,6406665666870,Cattasaurus - shoproxstore - Shopify,direct_to_consumer,fulfilled,2025-01-31,2025-02-03,2025-01-31,PA2,UPS,1,1,20.32,2.26,0.0,22.58,shipmonk_estimate,USD
133387,6406676742454,Cattasaurus - shoproxstore - Shopify,direct_to_consumer,fulfilled,2025-01-31,2025-02-03,2025-01-31,NV3,FedEx,2,1,27.04,2.26,0.0,29.3,shipmonk_estimate,USD
133388,6406687785270,Cattasaurus - shoproxstore - Shopify,direct_to_consumer,fulfilled,2025-01-31,2025-02-03,2025-01-31,PA2,FedEx,1,1,18.75,2.26,0.0,21.01,shipmonk_estimate,USD
133389,6406696862006,Cattasaurus - shoproxstore - Shopify,direct_to_consumer,fulfilled,2025-01-31,2025-02-01,2025-01-31,PA2,FedEx,2,1,19.39,2.63,0.0,22.02,shipmonk_estimate,USD
133390,6406724190518,Cattasaurus - shoproxstore - Shopify,direct_to_consumer,fulfilled,2025-01-31,2025-02-03,2025-01-31,PA2,UPS,1,1,18.2,2.26,0.0,20.46,shipmonk_estimate,USD
133392,6406751781174,Cattasaurus - shoproxstore - Shopify,direct_to_consumer,fulfilled,2025-01-31,2025-02-03,2025-01-31,PA2,FedEx,2,1,16.64,2.26,0.0,18.9,shipmonk_estimate,USD
133393,6406769410358,Cattasaurus - shoproxstore - Shopify,direct_to_consumer,fulfilled,2025-01-31,2025-02-03,2025-01-31,NV3,FedEx,2,1,20.92,2.26,0.0,23.18,shipmonk_estimate,USD
133394,6406770557238,Cattasaurus - shoproxstore - Shopify,direct_to_consumer,fulfilled,2025-01-31,2025-02-01,2025-01-31,PA2,USPS,1,1,11.87,3.0,0.8,15.67,shipmonk_estimate,USD
133395,6406821970230,Cattasaurus - shoproxstore - Shopify,direct_to_consumer,fulfilled,2025-01-31,2025-02-03,2025-01-31,PA2,UPS,2,1,14.53,2.26,0.0,16.79,shipmonk_estimate,USD
133397,6406851723574,Cattasaurus - shoproxstore - Shopify,direct_to_consumer,fulfilled,2025-01-31,2025-02-02,2025-01-31,PA2,UPS,2,1,15.55,3.0,0.0,18.55,shipmonk_estimate,USD
133398,6407083753782,Cattasaurus - shoproxstore - Shopify,direct_to_consumer,fulfilled,2025-01-31,2025-02-03,2025-01-31,PA2,FedEx,2,1,18.75,2.26,0.0,21.01,shipmonk_estimate,USD
133399,6407087685942,Cattasaurus - shoproxstore - Shopify,direct_to_consumer,fulfilled,2025-01-31,2025-02-05,2025-01-31,PA2,FedEx,2,1,19.43,2.63,0.0,22.06,shipmonk_estimate,USD
133400,6407091192118,Cattasaurus - shoproxstore - Shopify,direct_to_consumer,fulfilled,2025-01-31,2025-02-04,2025-01-31,PA2,FedEx,2,1,15.1,2.26,0.0,17.36,shipmonk_estimate,USD
133402,6407109738806,Cattasaurus - shoproxstore - Shopify,direct_to_consumer,fulfilled,2025-01-31,2025-02-03,2025-01-31,PA2,FedEx,1,1,14.02,2.26,0.0,16.28,shipmonk_estimate,USD
133403,6407125303606,Cattasaurus - shoproxstore - Shopify,direct_to_consumer,fulfilled,2025-01-31,2025-02-03,2025-01-31,PA2,UPS,2,1,18.2,2.26,0.0,20.46,shipmonk_estimate,USD
133405,6407135002934,Cattasaurus - shoproxstore - Shopify,direct_to_consumer,fulfilled,2025-01-31,2025-02-04,2025-01-31,PA2,FedEx,2,1,20.96,2.63,0.0,23.59,shipmonk_estimate,USD
133407,6407200244022,Cattasaurus - shoproxstore - Shopify,direct_to_consumer,fulfilled,2025-01-31,2025-02-03,2025-01-31,PA2,FedEx,2,1,16.64,2.26,0.0,18.9,shipmonk_estimate,USD
133408,6407206568246,Cattasaurus - shoproxstore - Shopify,direct_to_consumer,fulfilled,2025-01-31,2025-02-03,2025-01-31,PA2,FedEx,2,1,21.97,2.26,0.0,24.23,shipmonk_estimate,USD
133409,6407234781494,Cattasaurus - shoproxstore - Shopify,direct_to_consumer,fulfilled,2025-01-31,2025-02-02,2025-01-31,PA2,FedEx,3,1,15.17,3.0,0.0,18.17,shipmonk_estimate,USD
133410,6407242055990,Cattasaurus - shoproxstore - Shopify,direct_to_consumer,fulfilled,2025-01-31,2025-02-02,2025-01-31,PA2,FedEx,1,1,19.39,2.26,0.0,21.65,shipmonk_estimate,USD
133412,6407272104246,Cattasaurus - shoproxstore - Shopify,direct_to_consumer,fulfilled,2025-01-31,2025-02-02,2025-01-31,PA2,FedEx,1,1,20.92,2.63,0.0,23.55,shipmonk_estimate,USD
133414_1,349a886b-c274-4be2-ae98-3f403b5ce4b1,Cattasaurus - shoproxstore - Shopify,direct_to_consumer,fulfilled,2025-01-31,2025-02-10,2025-01-31,NV3,DHL eCommerce,1,1,4.89,1.89,0.3,7.08,shipmonk_estimate,USD
133415,6407305593142,Cattasaurus - shoproxstore - Shopify,direct_to_consumer,fulfilled,2025-01-31,2025-02-02,2025-01-31,PA2,FedEx,1,1,20.92,2.63,0.0,23.55,shipmonk_estimate,USD
133415_1,27106e25-f415-40fb-914f-9f04aa01cd02,Cattasaurus - shoproxstore - Shopify,direct_to_consumer,fulfilled,2025-01-31,2025-02-02,2025-01-31,PA2,FedEx,1,1,20.92,2.63,0.0,23.55,shipmonk_estimate,USD
133415_2,de283709-7b47-4487-a3a2-9c1410eb529a,Cattasaurus - shoproxstore - Shopify,direct_to_consumer,fulfilled,2025-01-31,2025-02-02,2025-01-31,PA2,FedEx,1,1,20.92,2.63,0.0,23.55,shipmonk_estimate,USD
133416,6407312408886,Cattasaurus - shoproxstore - Shopify,direct_to_consumer,fulfilled,2025-01-31,2025-02-03,2025-01-31,PA2,FedEx,1,1,21.97,2.26,0.0,24.23,shipmonk_estimate,USD
133417,6407320535350,Cattasaurus - shoproxstore - Shopify,direct_to_consumer,fulfilled,2025-01-31,2025-02-02,2025-01-31,PA2,FedEx,1,1,16.66,2.63,0.0,19.29,shipmonk_estimate,USD
133418,6407346159926,Cattasaurus - shoproxstore - Shopify,direct_to_consumer,fulfilled,2025-01-31,2025-02-03,2025-01-31,PA2,UPS,2,1,15.58,2.26,0.0,17.84,shipmonk_estimate,USD
133419,6407346651446,Cattasaurus - shoproxstore - Shopify,direct_to_consumer,fulfilled,2025-01-31,2025-02-03,2025-01-31,PA2,UPS,1,1,14.05,2.26,0.0,16.31,shipmonk_estimate,USD
133420,6407371489590,Cattasaurus - shoproxstore - Shopify,direct_to_consumer,fulfilled,2025-01-31,2025-02-02,2025-01-31,PA2,FedEx,2,1,19.39,2.63,0.0,22.02,shipmonk_estimate,USD
133424,6407418839350,Cattasaurus - shoproxstore - Shopify,direct_to_consumer,fulfilled,2025-01-31,2025-02-03,2025-01-31,PA2,UPS,1,1,15.35,2.26,0.0,17.61,shipmonk_estimate,USD
133425,6407432536374,Cattasaurus - shoproxstore - Shopify,direct_to_consumer,fulfilled,2025-01-31,2025-02-03,2025-01-31,PA2,FedEx,2,1,16.64,2.26,0.0,18.9,shipmonk_estimate,USD
133426,6407467696438,Cattasaurus - shoproxstore - Shopify,direct_to_consumer,fulfilled,2025-01-31,2025-02-03,2025-01-31,PA2,FedEx,2,1,20.28,2.26,0.0,22.54,shipmonk_estimate,USD
133428,6407497318710,Cattasaurus - shoproxstore - Shopify,direct_to_consumer,fulfilled,2025-01-31,2025-02-03,2025-01-31,PA2,FedEx,1,1,20.28,2.26,0.0,22.54,shipmonk_estimate,USD
133429,6407509803318,Cattasaurus - shoproxstore - Shopify,direct_to_consumer,fulfilled,2025-01-31,2025-02-02,2025-01-31,PA2,FedEx,1,1,16.66,2.63,0.0,19.29,shipmonk_estimate,USD
133431,6407549124918,Cattasaurus - shoproxstore - Shopify,direct_to_consumer,fulfilled,2025-01-31,2025-02-02,2025-01-31,PA2,FedEx,1,1,15.17,2.63,0.0,17.8,shipmonk_estimate,USD
133433,6407611384118,Cattasaurus - shoproxstore - Shopify,direct_to_consumer,fulfilled,2025-01-31,2025-02-04,2025-01-31,PA2,FedEx,2,1,19.43,3.0,0.0,22.43,shipmonk_estimate,USD
133434,6407617708342,Cattasaurus - shoproxstore - Shopify,direct_to_consumer,fulfilled,2025-01-31,2025-02-02,2025-01-31,PA2,FedEx,1,1,18.19,2.63,0.0,20.82,shipmonk_estimate,USD
133435,6407670333750,Cattasaurus - shoproxstore - Shopify,direct_to_consumer,fulfilled,2025-01-31,2025-02-02,2025-01-31,PA2,FedEx,1,1,23.63,2.63,0.0,26.26,shipmonk_estimate,USD
133436,6407704478006,Cattasaurus - shoproxstore - Shopify,direct_to_consumer,fulfilled,2025-01-31,2025-02-02,2025-01-31,PA2,FedEx,3,1,23.63,3.0,0.0,26.63,shipmonk_estimate,USD
133437,6407706083638,Cattasaurus - shoproxstore - Shopify,direct_to_consumer,fulfilled,2025-01-31,2025-02-03,2025-01-31,PA2,UPS,1,1,15.58,2.26,0.0,17.84,shipmonk_estimate,USD
133438,6407711555894,Cattasaurus - shoproxstore - Shopify,direct_to_consumer,fulfilled,2025-01-31,2025-02-03,2025-01-31,PA2,FedEx,2,1,18.75,2.26,0.0,21.01,shipmonk_estimate,USD
133439,6407730430262,Cattasaurus - shoproxstore - Shopify,direct_to_consumer,fulfilled,2025-01-31,2025-02-03,2025-01-31,PA2,UPS,2,1,14.53,2.26,0.0,16.79,shipmonk_estimate,USD
133440,6407753957686,Cattasaurus - shoproxstore - Shopify,direct_to_consumer,fulfilled,2025-01-31,2025-02-03,2025-01-31,PA2,FedEx,1,1,14.02,2.26,0.0,16.28,shipmonk_estimate,USD
133441,6407755366710,Cattasaurus - shoproxstore - Shopify,direct_to_consumer,fulfilled,2025-01-31,2025-02-04,2025-01-31,PA2,FedEx,1,1,19.43,2.63,0.0,22.06,shipmonk_estimate,USD
133443,6407792820534,Cattasaurus - shoproxstore - Shopify,direct_to_consumer,fulfilled,2025-01-31,2025-02-03,2025-01-31,PA2,FedEx,3,1,12.97,4.11,0.0,17.08,shipmonk_estimate,USD
133444,6407816773942,Cattasaurus - shoproxstore - Shopify,direct_to_consumer,fulfilled,2025-01-31,2025-02-03,2025-01-31,PA2,FedEx,2,1,18.75,2.26,0.0,21.01,shipmonk_estimate,USD
133445,6407823819062,Cattasaurus - shoproxstore - Shopify,direct_to_consumer,fulfilled,2025-01-31,2025-02-03,2025-01-31,PA2,FedEx,1,1,12.97,2.26,0.0,15.23,shipmonk_estimate,USD
133447,6407934279990,Cattasaurus - shoproxstore - Shopify,direct_to_consumer,fulfilled,2025-01-31,2025-02-03,2025-01-31,PA2,UPS,1,1,14.53,2.26,0.0,16.79,shipmonk_estimate,USD
133448,6408006140214,Cattasaurus - shoproxstore - Shopify,direct_to_consumer,fulfilled,2025-01-31,2025-02-03,2025-01-31,PA2,FedEx,2,1,16.64,2.26,0.0,18.9,shipmonk_estimate,USD
133450_1,f054ef25-f583-47a5-9f49-7cdc2f6b2fc2,Cattasaurus - shoproxstore - Shopify,direct_to_consumer,fulfilled,2025-01-31,2025-02-03,2025-01-31,NV3,DHL eCommerce,1,1,14.55,2.26,1.5,18.31,shipmonk_estimate,USD
133451,6408330543414,Cattasaurus - shoproxstore - Shopify,direct_to_consumer,fulfilled,2025-01-31,2025-02-02,2025-01-31,PA2,FedEx,1,1,15.17,2.63,0.0,17.8,shipmonk_estimate,USD
133452,6408509063478,Cattasaurus - shoproxstore - Shopify,direct_to_consumer,fulfilled,2025-01-31,2025-02-03,2025-01-31,PA2,FedEx,1,1,20.28,2.26,0.0,22.54,shipmonk_estimate,USD
