order_number,order_key,store,order_type,status,ordered_day,shipped_day,pnl_day,warehouse,carrier,units,packages,shipping_cost,pick_pack_cost,packaging_cost,total_cost,cost_status,cost_currency
111-6073402-4702630,111-6073402-4702630,Cattasaurus - Amazon USA,direct_to_consumer,fulfilled,2025-03-01,2025-03-02,2025-03-01,PA2,FedEx,1,1,15.98,2.26,0.0,18.24,shipmonk_estimate,USD
113-7010620-6961851,113-7010620-6961851,Cattasaurus - Amazon USA,direct_to_consumer,fulfilled,2025-03-01,2025-03-03,2025-03-01,NV3,FedEx,1,1,18.79,2.26,0.0,21.05,shipmonk_estimate,USD
114-6603578-4909042,114-6603578-4909042,Cattasaurus - Amazon USA,direct_to_consumer,fulfilled,2025-03-01,2025-03-03,2025-03-01,NV3,UPS,1,1,15.61,2.26,0.0,17.87,shipmonk_estimate,USD
134747-01,3505e64a-8cdc-469e-ab3c-1d3b6c4c084f,Cattasaurus - shoproxstore - Shopify,direct_to_consumer,fulfilled,2025-03-01,2025-03-03,2025-03-01,NV3,DHL eCommerce,2,1,12.98,3.0,0.5,16.48,shipmonk_estimate,USD
138015,6462816059702,Cattasaurus - shoproxstore - Shopify,direct_to_consumer,fulfilled,2025-03-01,2025-03-02,2025-03-01,PA2,FedEx,1,1,27.09,2.63,0.0,29.72,shipmonk_estimate,USD
138018,6462828544310,Cattasaurus - shoproxstore - Shopify,direct_to_consumer,fulfilled,2025-03-01,2025-03-07,2025-03-01,PA2,FedEx,1,1,13.15,2.63,0.0,15.78,shipmonk_estimate,USD
138018_1,b3e71a7d-fb86-4cc2-aa91-108469b5107a,Cattasaurus - shoproxstore - Shopify,direct_to_consumer,fulfilled,2025-03-01,2025-03-03,2025-03-01,PA2,FedEx,1,1,13.12,2.63,0.0,15.75,shipmonk_estimate,USD
138020_1,8ef3de4d-871e-43c9-b3db-666731c4af46,Cattasaurus - shoproxstore - Shopify,direct_to_consumer,fulfilled,2025-03-01,2025-03-03,2025-03-01,NV3,DHL eCommerce,2,1,8.68,2.26,0.3,11.24,shipmonk_estimate,USD
138022,6462941724982,Cattasaurus - shoproxstore - Shopify,direct_to_consumer,fulfilled,2025-03-01,2025-03-02,2025-03-01,PA2,UPS,1,1,15.58,1.89,0.0,17.47,shipmonk_estimate,USD
138024,6463010668854,Cattasaurus - shoproxstore - Shopify,direct_to_consumer,fulfilled,2025-03-01,2025-03-02,2025-03-01,PA2,FedEx,1,1,19.43,2.63,0.0,22.06,shipmonk_estimate,USD
138028,6463022268726,Cattasaurus - shoproxstore - Shopify,direct_to_consumer,fulfilled,2025-03-01,2025-03-02,2025-03-01,PA2,UPS,1,1,14.65,2.63,0.0,17.28,shipmonk_estimate,USD
138029,6463050481974,Cattasaurus - shoproxstore - Shopify,direct_to_consumer,fulfilled,2025-03-01,2025-03-02,2025-03-01,PA2,FedEx,2,1,11.59,3.0,0.0,14.59,shipmonk_estimate,USD
138030,6463058805046,Cattasaurus - shoproxstore - Shopify,direct_to_consumer,fulfilled,2025-03-01,2025-03-02,2025-03-01,PA2,FedEx,1,1,16.7,2.63,0.0,19.33,shipmonk_estimate,USD
138031,6463059198262,Cattasaurus - shoproxstore - Shopify,direct_to_consumer,fulfilled,2025-03-01,,2025-03-01,PA2,ShipMonk,1,0,13.85,10.5,0.0,24.35,shipmonk_estimate,USD
138033,6463092359478,Cattasaurus - shoproxstore - Shopify,direct_to_consumer,fulfilled,2025-03-01,,2025-03-01,PA2,ShipMonk,1,0,16.71,10.5,0.0,27.21,shipmonk_estimate,USD
138035,6463093702966,Cattasaurus - shoproxstore - Shopify,direct_to_consumer,fulfilled,2025-03-01,2025-03-02,2025-03-01,PA2,FedEx,1,1,19.43,2.63,0.0,22.06,shipmonk_estimate,USD
138036,6463095406902,Cattasaurus - shoproxstore - Shopify,direct_to_consumer,fulfilled,2025-03-01,2025-03-02,2025-03-01,PA2,FedEx,3,1,13.12,3.0,0.0,16.12,shipmonk_estimate,USD
138038_1,fd239905-7a26-4cf5-b264-064af488c4e6,Cattasaurus - shoproxstore - Shopify,direct_to_consumer,fulfilled,2025-03-01,2025-03-02,2025-03-01,PA2,DHL eCommerce,1,1,4.97,1.89,0.3,7.16,shipmonk_estimate,USD
138039,6463099142454,Cattasaurus - shoproxstore - Shopify,direct_to_consumer,fulfilled,2025-03-01,,2025-03-01,PA2,ShipMonk,1,0,15.39,7.14,0.0,22.53,shipmonk_estimate,USD
138041,6463107825974,Cattasaurus - shoproxstore - Shopify,direct_to_consumer,fulfilled,2025-03-01,,2025-03-01,PA2,ShipMonk,1,0,18.24,10.5,0.0,28.74,shipmonk_estimate,USD
138044,6463110644022,Cattasaurus - shoproxstore - Shopify,direct_to_consumer,fulfilled,2025-03-01,,2025-03-01,PA2,ShipMonk,1,0,18.83,10.5,0.0,29.33,shipmonk_estimate,USD
138045_1,5eab6adf-a776-42d5-9f11-00e0a47f8d52,Cattasaurus - shoproxstore - Shopify,direct_to_consumer,fulfilled,2025-03-01,2025-03-03,2025-03-01,NV3,DHL eCommerce,1,1,6.21,1.89,0.3,8.4,shipmonk_estimate,USD
138046,6463111921974,Cattasaurus - shoproxstore - Shopify,direct_to_consumer,fulfilled,2025-03-01,2025-03-02,2025-03-01,PA2,UPS,1,1,16.73,2.63,0.0,19.36,shipmonk_estimate,USD
138048,6463114805558,Cattasaurus - shoproxstore - Shopify,direct_to_consumer,fulfilled,2025-03-01,2025-03-02,2025-03-01,PA2,FedEx,1,1,18.23,2.63,0.0,20.86,shipmonk_estimate,USD
138049,6463126307126,Cattasaurus - shoproxstore - Shopify,direct_to_consumer,fulfilled,2025-03-01,,2025-03-01,PA2,ShipMonk,1,0,14.56,7.14,0.0,21.7,shipmonk_estimate,USD
138051,6463147737398,Cattasaurus - shoproxstore - Shopify,direct_to_consumer,fulfilled,2025-03-01,2025-03-02,2025-03-01,PA2,FedEx,1,1,18.79,4.11,0.0,22.9,shipmonk_estimate,USD
138054,6463161401654,Cattasaurus - shoproxstore - Shopify,direct_to_consumer,fulfilled,2025-03-01,2025-03-02,2025-03-01,PA2,FedEx,1,1,19.43,1.89,0.0,21.32,shipmonk_estimate,USD
138055,6463174213942,Cattasaurus - shoproxstore - Shopify,direct_to_consumer,fulfilled,2025-03-01,2025-03-02,2025-03-01,PA2,FedEx,1,1,23.68,2.63,0.0,26.31,shipmonk_estimate,USD
138057_1,4d7cc1c2-ab6e-4fca-a83b-0674074dc8c3,Cattasaurus - shoproxstore - Shopify,direct_to_consumer,fulfilled,2025-03-01,2025-03-03,2025-03-01,NV3,DHL eCommerce,1,1,5.68,1.89,0.0,7.57,shipmonk_estimate,USD
138059,6463181095222,Cattasaurus - shoproxstore - Shopify,direct_to_consumer,fulfilled,2025-03-01,2025-03-02,2025-03-01,PA2,FedEx,1,1,27.09,2.26,0.0,29.35,shipmonk_estimate,USD
138062,6463195087158,Cattasaurus - shoproxstore - Shopify,direct_to_consumer,fulfilled,2025-03-01,2025-03-02,2025-03-01,PA2,USPS,1,1,4.97,1.89,0.3,7.16,shipmonk_estimate,USD
138064_1,7a9d6ddd-cb51-45df-9c42-65372843f172,Cattasaurus - shoproxstore - Shopify,direct_to_consumer,fulfilled,2025-03-01,2025-03-03,2025-03-01,NV3,USPS,2,1,5.43,2.26,0.3,7.99,shipmonk_estimate,USD
138065,6463211667766,Cattasaurus - shoproxstore - Shopify,direct_to_consumer,fulfilled,2025-03-01,2025-03-02,2025-03-01,PA2,FedEx,1,1,27.09,2.63,0.0,29.72,shipmonk_estimate,USD
138070,6463235588406,Cattasaurus - shoproxstore - Shopify,direct_to_consumer,fulfilled,2025-03-01,,2025-03-01,PA2,ShipMonk,1,0,16.71,7.14,0.0,23.85,shipmonk_estimate,USD
138075_1,0fc03794-6e12-4cf7-ada0-bbf34861418c,Cattasaurus - shoproxstore - Shopify,direct_to_consumer,fulfilled,2025-03-01,2025-03-03,2025-03-01,NV3,DHL eCommerce,1,1,5.43,1.89,0.3,7.62,shipmonk_estimate,USD
138077,6463254233398,Cattasaurus - shoproxstore - Shopify,direct_to_consumer,fulfilled,2025-03-01,2025-03-03,2025-03-01,NV3,DHL eCommerce,1,1,12.85,2.26,0.5,15.61,shipmonk_estimate,USD
138079,6463262458166,Cattasaurus - shoproxstore - Shopify,direct_to_consumer,fulfilled,2025-03-01,2025-03-02,2025-03-01,PA2,UPS,1,1,14.65,2.63,0.0,17.28,shipmonk_estimate,USD
138083_1,128118c3-bd75-4b0b-949b-49963fa61c0f,Cattasaurus - shoproxstore - Shopify,direct_to_consumer,fulfilled,2025-03-01,2025-03-03,2025-03-01,NV3,USPS,2,1,5.43,2.26,0.3,7.99,shipmonk_estimate,USD
138084,6463275696438,Cattasaurus - shoproxstore - Shopify,direct_to_consumer,fulfilled,2025-03-01,,2025-03-01,PA2,ShipMonk,1,0,15.39,7.14,0.0,22.53,shipmonk_estimate,USD
138085,6463278448950,Cattasaurus - shoproxstore - Shopify,direct_to_consumer,fulfilled,2025-03-01,2025-03-03,2025-03-01,PA2,FedEx,1,1,18.23,2.26,0.0,20.49,shipmonk_estimate,USD
138086,6463283953974,Cattasaurus - shoproxstore - Shopify,direct_to_consumer,fulfilled,2025-03-01,2025-03-03,2025-03-01,PA2,FedEx,1,1,14.05,4.11,0.0,18.16,shipmonk_estimate,USD
138088_1,c611a174-0ae6-4678-8578-5e7fd3975d4a,Cattasaurus - shoproxstore - Shopify,direct_to_consumer,fulfilled,2025-03-01,2025-03-02,2025-03-01,PA2,DHL eCommerce,1,1,5.41,1.89,0.0,7.3,shipmonk_estimate,USD
138090,6463300829494,Cattasaurus - shoproxstore - Shopify,direct_to_consumer,fulfilled,2025-03-01,2025-03-03,2025-03-01,PA2,FedEx,1,1,18.23,2.26,0.0,20.49,shipmonk_estimate,USD
138091,6463302369590,Cattasaurus - shoproxstore - Shopify,direct_to_consumer,fulfilled,2025-03-01,2025-03-03,2025-03-01,PA2,FedEx,1,1,13.12,2.26,0.0,15.38,shipmonk_estimate,USD
138093,6463305384246,Cattasaurus - shoproxstore - Shopify,direct_to_consumer,fulfilled,2025-03-01,2025-03-03,2025-03-01,PA2,FedEx,1,1,19.43,2.63,0.0,22.06,shipmonk_estimate,USD
138094,6463315870006,Cattasaurus - shoproxstore - Shopify,direct_to_consumer,fulfilled,2025-03-01,2025-03-03,2025-03-01,PA2,FedEx,1,1,16.7,2.26,0.0,18.96,shipmonk_estimate,USD
138096,6463322915126,Cattasaurus - shoproxstore - Shopify,direct_to_consumer,fulfilled,2025-03-01,2025-03-03,2025-03-01,PA2,FedEx,1,1,15.2,2.63,0.0,17.83,shipmonk_estimate,USD
138097,6463333564726,Cattasaurus - shoproxstore - Shopify,direct_to_consumer,fulfilled,2025-03-01,2025-03-03,2025-03-01,PA2,FedEx,1,1,16.7,2.26,0.0,18.96,shipmonk_estimate,USD
138100,6463345918262,Cattasaurus - shoproxstore - Shopify,direct_to_consumer,fulfilled,2025-03-01,2025-03-03,2025-03-01,PA2,FedEx,1,1,19.43,2.63,0.0,22.06,shipmonk_estimate,USD
138101_1,96d1817c-c873-4d9e-aabe-6a186c2b51bd,Cattasaurus - shoproxstore - Shopify,direct_to_consumer,fulfilled,2025-03-01,2025-03-03,2025-03-01,PA2,DHL eCommerce,2,1,6.62,2.63,0.5,9.75,shipmonk_estimate,USD
138103,6463362367798,Cattasaurus - shoproxstore - Shopify,direct_to_consumer,fulfilled,2025-03-01,2025-03-03,2025-03-01,PA2,FedEx,2,1,25.21,3.0,0.0,28.21,shipmonk_estimate,USD
138104,6463366988086,Cattasaurus - shoproxstore - Shopify,direct_to_consumer,fulfilled,2025-03-01,2025-03-03,2025-03-01,PA2,FedEx,1,1,19.43,2.63,0.0,22.06,shipmonk_estimate,USD
138107,6463373771062,Cattasaurus - shoproxstore - Shopify,direct_to_consumer,fulfilled,2025-03-01,2025-03-03,2025-03-01,PA2,FedEx,1,1,19.43,2.26,0.0,21.69,shipmonk_estimate,USD
138108,6463391695158,Cattasaurus - shoproxstore - Shopify,direct_to_consumer,fulfilled,2025-03-01,2025-03-03,2025-03-01,PA2,FedEx,1,1,16.7,2.63,0.0,19.33,shipmonk_estimate,USD
138113,6463426986294,Cattasaurus - shoproxstore - Shopify,direct_to_consumer,fulfilled,2025-03-01,2025-03-03,2025-03-01,PA2,FedEx,3,1,18.79,5.59,0.0,24.38,shipmonk_estimate,USD
138115,6463438684470,Cattasaurus - shoproxstore - Shopify,direct_to_consumer,fulfilled,2025-03-01,2025-03-03,2025-03-01,PA2,FedEx,1,1,19.43,2.63,0.0,22.06,shipmonk_estimate,USD
138119,6463457362230,Cattasaurus - shoproxstore - Shopify,direct_to_consumer,fulfilled,2025-03-01,2025-03-03,2025-03-01,PA2,FedEx,1,1,19.43,2.26,0.0,21.69,shipmonk_estimate,USD
138121,6463474041142,Cattasaurus - shoproxstore - Shopify,direct_to_consumer,fulfilled,2025-03-01,2025-03-03,2025-03-01,PA2,FedEx,1,1,15.2,2.63,0.0,17.83,shipmonk_estimate,USD
138122,6463482790198,Cattasaurus - shoproxstore - Shopify,direct_to_consumer,fulfilled,2025-03-01,2025-03-03,2025-03-01,PA2,FedEx,1,1,20.96,2.26,0.0,23.22,shipmonk_estimate,USD
138123,6463529320758,Cattasaurus - shoproxstore - Shopify,direct_to_consumer,fulfilled,2025-03-01,2025-03-03,2025-03-01,PA2,FedEx,1,1,25.21,2.26,0.0,27.47,shipmonk_estimate,USD
138126,6463538790710,Cattasaurus - shoproxstore - Shopify,direct_to_consumer,fulfilled,2025-03-01,2025-03-03,2025-03-01,PA2,FedEx,1,1,23.68,2.63,0.0,26.31,shipmonk_estimate,USD
138128,6463554126134,Cattasaurus - shoproxstore - Shopify,direct_to_consumer,fulfilled,2025-03-01,2025-03-03,2025-03-01,PA2,FedEx,1,1,19.43,2.26,0.0,21.69,shipmonk_estimate,USD
138130_1,a84a4472-30e4-4796-805c-5f5bb18ac7bc,Cattasaurus - shoproxstore - Shopify,direct_to_consumer,fulfilled,2025-03-01,2025-03-03,2025-03-01,PA2,DHL eCommerce,1,1,5.68,1.89,0.0,7.57,shipmonk_estimate,USD
138131,6463569494326,Cattasaurus - shoproxstore - Shopify,direct_to_consumer,fulfilled,2025-03-01,,2025-03-01,PA2,ShipMonk,1,0,24.14,3.78,0.0,27.92,shipmonk_estimate,USD
138134,6463585059126,Cattasaurus - shoproxstore - Shopify,direct_to_consumer,fulfilled,2025-03-01,2025-03-03,2025-03-01,PA2,FedEx,1,1,23.68,2.63,0.0,26.31,shipmonk_estimate,USD
138136,6463591285046,Cattasaurus - shoproxstore - Shopify,direct_to_consumer,fulfilled,2025-03-01,2025-03-03,2025-03-01,PA2,FedEx,1,1,15.2,2.63,0.0,17.83,shipmonk_estimate,USD
138137_1,0376b0b9-5768-4742-ab93-fc75163f039d,Cattasaurus - shoproxstore - Shopify,direct_to_consumer,fulfilled,2025-03-01,2025-03-03,2025-03-01,PA2,DHL eCommerce,1,1,5.68,1.89,0.0,7.57,shipmonk_estimate,USD
138139,6463612682550,Cattasaurus - shoproxstore - Shopify,direct_to_consumer,fulfilled,2025-03-01,,2025-03-01,PA2,ShipMonk,1,0,13.03,7.14,0.0,20.17,shipmonk_estimate,USD
138142_1,c2504435-a38c-438f-ba39-ff93d14a15ef,Cattasaurus - shoproxstore - Shopify,direct_to_consumer,fulfilled,2025-03-01,2025-03-03,2025-03-01,PA2,DHL eCommerce,1,1,5.41,1.89,0.0,7.3,shipmonk_estimate,USD
138145_1,625d056b-7709-4297-a028-29254dba2dc0,Cattasaurus - shoproxstore - Shopify,direct_to_consumer,fulfilled,2025-03-01,2025-03-03,2025-03-01,NV3,USPS,1,1,4.97,1.89,0.3,7.16,shipmonk_estimate,USD
138148,6463698305334,Cattasaurus - shoproxstore - Shopify,direct_to_consumer,fulfilled,2025-03-01,,2025-03-01,PA2,ShipMonk,1,0,22.07,3.78,0.0,25.85,shipmonk_estimate,USD
138149,6463701254454,Cattasaurus - shoproxstore - Shopify,direct_to_consumer,fulfilled,2025-03-01,2025-03-03,2025-03-01,PA2,FedEx,1,1,16.7,2.63,0.0,19.33,shipmonk_estimate,USD
138151,6463706661174,Cattasaurus - shoproxstore - Shopify,direct_to_consumer,fulfilled,2025-03-01,,2025-03-01,PA2,ShipMonk,1,0,18.24,7.14,0.0,25.38,shipmonk_estimate,USD
138155,6463751717174,Cattasaurus - shoproxstore - Shopify,direct_to_consumer,fulfilled,2025-03-01,,2025-03-01,PA2,ShipMonk,1,0,16.71,10.5,0.0,27.21,shipmonk_estimate,USD
138157,6463774294326,Cattasaurus - shoproxstore - Shopify,direct_to_consumer,fulfilled,2025-03-01,,2025-03-01,PA2,ShipMonk,1,0,18.24,10.5,0.0,28.74,shipmonk_estimate,USD
138158,6463779930422,Cattasaurus - shoproxstore - Shopify,direct_to_consumer,fulfilled,2025-03-01,2025-03-03,2025-03-01,PA2,FedEx,1,1,20.96,2.63,0.0,23.59,shipmonk_estimate,USD
138159,6463782584630,Cattasaurus - shoproxstore - Shopify,direct_to_consumer,fulfilled,2025-03-01,2025-03-03,2025-03-01,PA2,FedEx,1,1,13.82,4.11,0.0,17.93,shipmonk_estimate,USD
138161,6463788581174,Cattasaurus - shoproxstore - Shopify,direct_to_consumer,fulfilled,2025-03-01,2025-03-03,2025-03-01,PA2,FedEx,1,1,19.43,2.63,0.0,22.06,shipmonk_estimate,USD
138165,6463818465590,Cattasaurus - shoproxstore - Shopify,direct_to_consumer,fulfilled,2025-03-01,2025-03-03,2025-03-01,PA2,UPS,1,1,16.77,2.63,0.0,19.4,shipmonk_estimate,USD
138168_1,32d6a373-4499-4087-82d3-4bd7cdab7e12,Cattasaurus - shoproxstore - Shopify,direct_to_consumer,fulfilled,2025-03-01,2025-03-03,2025-03-01,NV3,DHL eCommerce,1,1,6.21,1.89,0.3,8.4,shipmonk_estimate,USD
138169,6463830851894,Cattasaurus - shoproxstore - Shopify,direct_to_consumer,fulfilled,2025-03-01,,2025-03-01,PA2,ShipMonk,1,0,18.24,10.5,0.0,28.74,shipmonk_estimate,USD
138172,6463841861942,Cattasaurus - shoproxstore - Shopify,direct_to_consumer,fulfilled,2025-03-01,2025-03-03,2025-03-01,PA2,FedEx,1,1,18.23,2.63,0.0,20.86,shipmonk_estimate,USD
138174,6463847563574,Cattasaurus - shoproxstore - Shopify,direct_to_consumer,fulfilled,2025-03-01,2025-03-03,2025-03-01,PA2,FedEx,1,1,18.23,2.63,0.0,20.86,shipmonk_estimate,USD
138176,6463849726262,Cattasaurus - shoproxstore - Shopify,direct_to_consumer,fulfilled,2025-03-01,2025-03-03,2025-03-01,PA2,FedEx,1,1,15.2,2.63,0.0,17.83,shipmonk_estimate,USD
138177,6463860932918,Cattasaurus - shoproxstore - Shopify,direct_to_consumer,fulfilled,2025-03-01,,2025-03-01,PA2,ShipMonk,2,0,0.0,8.3,0.0,8.3,shipmonk_estimate,USD
138179,6463877447990,Cattasaurus - shoproxstore - Shopify,direct_to_consumer,fulfilled,2025-03-01,2025-03-03,2025-03-01,PA2,FedEx,1,1,13.0,4.11,0.0,17.11,shipmonk_estimate,USD
138184,6463897305398,Cattasaurus - shoproxstore - Shopify,direct_to_consumer,fulfilled,2025-03-01,,2025-03-01,PA2,ShipMonk,1,0,13.85,7.14,0.0,20.99,shipmonk_estimate,USD
138186,6463925125430,Cattasaurus - shoproxstore - Shopify,direct_to_consumer,fulfilled,2025-03-01,,2025-03-01,PA2,ShipMonk,1,0,16.71,7.14,0.0,23.85,shipmonk_estimate,USD
138187_1,20bfed2c-e80e-40cd-937e-6f1a400c4ed7,Cattasaurus - shoproxstore - Shopify,direct_to_consumer,fulfilled,2025-03-01,2025-03-03,2025-03-01,PA2,DHL eCommerce,1,1,5.68,1.89,0.0,7.57,shipmonk_estimate,USD
138191,6463942099254,Cattasaurus - shoproxstore - Shopify,direct_to_consumer,fulfilled,2025-03-01,2025-03-03,2025-03-01,PA2,FedEx,1,1,20.96,2.63,0.0,23.59,shipmonk_estimate,USD
138192,6463949832502,Cattasaurus - shoproxstore - Shopify,direct_to_consumer,fulfilled,2025-03-01,2025-03-03,2025-03-01,PA2,FedEx,1,1,18.23,2.63,0.0,20.86,shipmonk_estimate,USD
138192_1,1ca0e68d-62d8-4197-95e1-14f6942b02a3,Cattasaurus - shoproxstore - Shopify,direct_to_consumer,fulfilled,2025-03-01,2025-03-03,2025-03-01,PA2,FedEx,1,1,18.23,2.63,0.0,20.86,shipmonk_estimate,USD
138193,6463958516022,Cattasaurus - shoproxstore - Shopify,direct_to_consumer,fulfilled,2025-03-01,2025-03-03,2025-03-01,PA2,FedEx,1,1,19.43,2.63,0.0,22.06,shipmonk_estimate,USD
138193_1,76c41cf8-e9b1-4fc9-94e0-d1ad31851d1f,Cattasaurus - shoproxstore - Shopify,direct_to_consumer,fulfilled,2025-03-01,2025-03-03,2025-03-01,PA2,FedEx,1,1,19.43,2.63,0.0,22.06,shipmonk_estimate,USD
138195,6463984927030,Cattasaurus - shoproxstore - Shopify,direct_to_consumer,fulfilled,2025-03-01,2025-03-03,2025-03-01,PA2,FedEx,1,1,25.21,2.63,0.0,27.84,shipmonk_estimate,USD
138203,6464013500726,Cattasaurus - shoproxstore - Shopify,direct_to_consumer,fulfilled,2025-03-01,2025-03-03,2025-03-01,PA2,FedEx,2,1,23.68,3.0,0.0,26.68,shipmonk_estimate,USD
138205,6464020709686,Cattasaurus - shoproxstore - Shopify,direct_to_consumer,fulfilled,2025-03-01,2025-03-03,2025-03-01,PA2,UPS,3,1,20.37,4.48,0.0,24.85,shipmonk_estimate,USD
138206,6464023691574,Cattasaurus - shoproxstore - Shopify,direct_to_consumer,fulfilled,2025-03-01,2025-03-03,2025-03-01,PA2,FedEx,1,1,23.68,2.63,0.0,26.31,shipmonk_estimate,USD
138209,6464038240566,Cattasaurus - shoproxstore - Shopify,direct_to_consumer,fulfilled,2025-03-01,2025-03-03,2025-03-01,PA2,FedEx,1,1,23.68,2.63,0.0,26.31,shipmonk_estimate,USD
138211,6464052003126,Cattasaurus - shoproxstore - Shopify,direct_to_consumer,fulfilled,2025-03-01,2025-03-03,2025-03-01,PA2,FedEx,1,1,28.63,2.63,0.0,31.26,shipmonk_estimate,USD
138213,6464056197430,Cattasaurus - shoproxstore - Shopify,direct_to_consumer,fulfilled,2025-03-01,2025-03-03,2025-03-01,PA2,UPS,1,1,14.68,2.63,0.0,17.31,shipmonk_estimate,USD
138214,6464073367862,Cattasaurus - shoproxstore - Shopify,direct_to_consumer,fulfilled,2025-03-01,,2025-03-01,NV3,ShipMonk,1,0,14.08,7.14,0.0,21.22,shipmonk_estimate,USD
138215,6464081166646,Cattasaurus - shoproxstore - Shopify,direct_to_consumer,fulfilled,2025-03-01,2025-03-03,2025-03-01,PA2,FedEx,1,1,27.09,2.63,0.0,29.72,shipmonk_estimate,USD
138217_1,ccc4a4bd-4176-4ea1-bd30-e02ec9acd15f,Cattasaurus - shoproxstore - Shopify,direct_to_consumer,fulfilled,2025-03-01,2025-03-03,2025-03-01,NV3,DHL eCommerce,1,1,5.77,1.89,0.0,7.66,shipmonk_estimate,USD
138227,6464118686006,Cattasaurus - shoproxstore - Shopify,direct_to_consumer,fulfilled,2025-03-01,2025-03-03,2025-03-01,PA2,DHL eCommerce,1,1,10.45,2.26,0.5,13.21,shipmonk_estimate,USD
138228,6464124322102,Cattasaurus - shoproxstore - Shopify,direct_to_consumer,fulfilled,2025-03-01,,2025-03-01,PA2,ShipMonk,1,0,15.61,10.5,0.0,26.11,shipmonk_estimate,USD
138229,6464126583094,Cattasaurus - shoproxstore - Shopify,direct_to_consumer,fulfilled,2025-03-01,2025-03-03,2025-03-01,PA2,UPS,1,1,14.68,2.63,0.0,17.31,shipmonk_estimate,USD
138231,6464140149046,Cattasaurus - shoproxstore - Shopify,direct_to_consumer,fulfilled,2025-03-01,2025-03-03,2025-03-01,PA2,FedEx,1,1,23.68,4.11,0.0,27.79,shipmonk_estimate,USD
138235,6464158662966,Cattasaurus - shoproxstore - Shopify,direct_to_consumer,fulfilled,2025-03-01,,2025-03-01,NV3,ShipMonk,1,0,15.61,10.5,0.0,26.11,shipmonk_estimate,USD
138236,6464159416630,Cattasaurus - shoproxstore - Shopify,direct_to_consumer,fulfilled,2025-03-01,2025-03-03,2025-03-01,PA2,FedEx,1,1,18.23,1.89,0.0,20.12,shipmonk_estimate,USD
138239,6464193102134,Cattasaurus - shoproxstore - Shopify,direct_to_consumer,fulfilled,2025-03-01,2025-03-03,2025-03-01,PA2,UPS,1,1,16.77,2.63,0.0,19.4,shipmonk_estimate,USD
138241_1,cc1946d5-d85b-40ba-8d2c-eb0b4c823341,Cattasaurus - shoproxstore - Shopify,direct_to_consumer,fulfilled,2025-03-01,2025-03-03,2025-03-01,NV3,DHL eCommerce,1,1,8.89,2.63,0.5,12.02,shipmonk_estimate,USD
138243_1,aa10ed3c-4454-4dfd-9d9e-d9686aa24a10,Cattasaurus - shoproxstore - Shopify,direct_to_consumer,fulfilled,2025-03-01,2025-03-03,2025-03-01,NV3,DHL eCommerce,1,1,5.77,1.89,0.0,7.66,shipmonk_estimate,USD
138244_1,9b7985f0-806b-46f0-96af-dfe5db74b35b,Cattasaurus - shoproxstore - Shopify,direct_to_consumer,fulfilled,2025-03-01,2025-03-03,2025-03-01,NV3,DHL eCommerce,1,1,5.61,1.89,0.0,7.5,shipmonk_estimate,USD
138245_1,3e086836-19a1-451d-8cbe-e00cbc654f6d,Cattasaurus - shoproxstore - Shopify,direct_to_consumer,fulfilled,2025-03-01,2025-03-03,2025-03-01,NV3,DHL eCommerce,2,1,6.62,2.26,0.5,9.38,shipmonk_estimate,USD
138248,6464301170998,Cattasaurus - shoproxstore - Shopify,direct_to_consumer,fulfilled,2025-03-01,2025-03-03,2025-03-01,PA2,FedEx,1,1,20.96,2.26,0.0,23.22,shipmonk_estimate,USD
138251,6464321257782,Cattasaurus - shoproxstore - Shopify,direct_to_consumer,fulfilled,2025-03-01,2025-03-03,2025-03-01,NV3,FedEx,2,1,25.21,2.63,0.0,27.84,shipmonk_estimate,USD
138260,6464377356598,Cattasaurus - shoproxstore - Shopify,direct_to_consumer,fulfilled,2025-03-01,2025-03-03,2025-03-01,PA2,FedEx,1,1,15.2,2.63,0.0,17.83,shipmonk_estimate,USD
138262_1,1bdbdcf0-68b1-41a6-93f9-869fea259c55,Cattasaurus - shoproxstore - Shopify,direct_to_consumer,fulfilled,2025-03-01,2025-03-03,2025-03-01,NV3,USPS,1,1,4.97,1.89,0.3,7.16,shipmonk_estimate,USD
114-8454524-2537869,114-8454524-2537869,Cattasaurus - Amazon USA,direct_to_consumer,fulfilled,2025-03-02,2025-03-02,2025-03-02,PA2,FedEx,1,1,20.79,2.26,0.0,23.05,shipmonk_estimate,USD
138263,6464450396470,Cattasaurus - shoproxstore - Shopify,direct_to_consumer,fulfilled,2025-03-02,2025-03-03,2025-03-02,PA2,FedEx,1,1,13.0,3.0,0.0,16.0,shipmonk_estimate,USD
138264,6464500695350,Cattasaurus - shoproxstore - Shopify,direct_to_consumer,fulfilled,2025-03-02,2025-03-03,2025-03-02,PA2,FedEx,1,1,25.21,2.63,0.0,27.84,shipmonk_estimate,USD
138270,6464603980086,Cattasaurus - shoproxstore - Shopify,direct_to_consumer,fulfilled,2025-03-02,2025-03-03,2025-03-02,PA2,FedEx,1,1,16.7,2.63,0.0,19.33,shipmonk_estimate,USD
138272_1,ec7de979-9a5c-461b-ac75-7aee707e5991,Cattasaurus - shoproxstore - Shopify,direct_to_consumer,fulfilled,2025-03-02,2025-03-03,2025-03-02,PA2,DHL eCommerce,1,1,5.43,1.89,0.0,7.32,shipmonk_estimate,USD
138273,6464623477046,Cattasaurus - shoproxstore - Shopify,direct_to_consumer,fulfilled,2025-03-02,,2025-03-02,PA2,ShipMonk,1,0,13.85,2.26,0.0,16.11,shipmonk_estimate,USD
138276,6464638091574,Cattasaurus - shoproxstore - Shopify,direct_to_consumer,fulfilled,2025-03-02,2025-03-03,2025-03-02,PA2,FedEx,1,1,16.73,2.63,0.0,19.36,shipmonk_estimate,USD
138277,6464645071158,Cattasaurus - shoproxstore - Shopify,direct_to_consumer,fulfilled,2025-03-02,2025-03-03,2025-03-02,PA2,FedEx,1,1,13.12,2.63,0.0,15.75,shipmonk_estimate,USD
138280,6464657785142,Cattasaurus - shoproxstore - Shopify,direct_to_consumer,fulfilled,2025-03-02,2025-03-03,2025-03-02,PA2,FedEx,1,1,18.23,2.26,0.0,20.49,shipmonk_estimate,USD
138281,6464661455158,Cattasaurus - shoproxstore - Shopify,direct_to_consumer,fulfilled,2025-03-02,2025-03-03,2025-03-02,PA2,DHL eCommerce,1,1,12.97,3.0,0.5,16.47,shipmonk_estimate,USD
138282,6464668893494,Cattasaurus - shoproxstore - Shopify,direct_to_consumer,fulfilled,2025-03-02,2025-03-03,2025-03-02,PA2,FedEx,1,1,18.23,2.63,0.0,20.86,shipmonk_estimate,USD
138283,6464670925110,Cattasaurus - shoproxstore - Shopify,direct_to_consumer,fulfilled,2025-03-02,2025-07-15,2025-03-02,PA2,FedEx,1,1,17.45,7.5,0.0,24.95,shipmonk_estimate,USD
138286,6464678691126,Cattasaurus - shoproxstore - Shopify,direct_to_consumer,fulfilled,2025-03-02,2025-03-03,2025-03-02,PA2,FedEx,1,1,15.2,2.63,0.0,17.83,shipmonk_estimate,USD
138287,6464679051574,Cattasaurus - shoproxstore - Shopify,direct_to_consumer,fulfilled,2025-03-02,2025-03-03,2025-03-02,PA2,FedEx,1,1,13.12,2.63,0.0,15.75,shipmonk_estimate,USD
138287_1,442f12b8-8d2d-4df9-8ddd-c48fd702f351,Cattasaurus - shoproxstore - Shopify,direct_to_consumer,fulfilled,2025-03-02,2025-03-03,2025-03-02,NV3,USPS,2,1,6.21,2.26,0.3,8.77,shipmonk_estimate,USD
138289,6464691503414,Cattasaurus - shoproxstore - Shopify,direct_to_consumer,fulfilled,2025-03-02,2025-03-03,2025-03-02,PA2,DHL eCommerce,1,1,12.31,2.26,0.5,15.07,shipmonk_estimate,USD
138292,6464695763254,Cattasaurus - shoproxstore - Shopify,direct_to_consumer,fulfilled,2025-03-02,2025-03-03,2025-03-02,NV3,USPS,2,1,6.21,2.26,0.3,8.77,shipmonk_estimate,USD
138297_1,ff8c8dea-3e23-4442-a616-501fb96cd8e0,Cattasaurus - shoproxstore - Shopify,direct_to_consumer,fulfilled,2025-03-02,2025-03-03,2025-03-02,NV3,DHL eCommerce,1,1,5.68,1.89,0.0,7.57,shipmonk_estimate,USD
138298,6464720961846,Cattasaurus - shoproxstore - Shopify,direct_to_consumer,fulfilled,2025-03-02,2025-03-03,2025-03-02,PA2,FedEx,2,1,27.09,2.63,0.0,29.72,shipmonk_estimate,USD
138299,6464725745974,Cattasaurus - shoproxstore - Shopify,direct_to_consumer,fulfilled,2025-03-02,,2025-03-02,NV3,ShipMonk,1,0,25.68,3.78,0.0,29.46,shipmonk_estimate,USD
138305,6464771424566,Cattasaurus - shoproxstore - Shopify,direct_to_consumer,fulfilled,2025-03-02,2025-03-03,2025-03-02,PA2,FedEx,1,1,17.73,2.63,0.0,20.36,shipmonk_estimate,USD
138310,6464791019830,Cattasaurus - shoproxstore - Shopify,direct_to_consumer,fulfilled,2025-03-02,,2025-03-02,NV3,ShipMonk,1,0,20.37,3.78,0.0,24.15,shipmonk_estimate,USD
138311_1,72b842a1-e329-4428-8ba5-9493880732ea,Cattasaurus - shoproxstore - Shopify,direct_to_consumer,fulfilled,2025-03-02,2025-03-04,2025-03-02,NV3,DHL eCommerce,3,1,8.5,2.63,0.5,11.63,shipmonk_estimate,USD
138321,6464843841846,Cattasaurus - shoproxstore - Shopify,direct_to_consumer,fulfilled,2025-03-02,2025-03-04,2025-03-02,PA2,FedEx,1,1,19.47,2.63,0.0,22.1,shipmonk_estimate,USD
138323,6464852197686,Cattasaurus - shoproxstore - Shopify,direct_to_consumer,fulfilled,2025-03-02,,2025-03-02,PA2,ShipMonk,1,0,13.85,7.14,0.0,20.99,shipmonk_estimate,USD
138329,6464872415542,Cattasaurus - shoproxstore - Shopify,direct_to_consumer,fulfilled,2025-03-02,2025-03-04,2025-03-02,PA2,FedEx,1,1,27.15,2.63,0.0,29.78,shipmonk_estimate,USD
138330,6464891322678,Cattasaurus - shoproxstore - Shopify,direct_to_consumer,fulfilled,2025-03-02,2025-03-04,2025-03-02,PA2,FedEx,2,2,28.16,8.22,0.0,36.38,shipmonk_estimate,USD
138337,6464914850102,Cattasaurus - shoproxstore - Shopify,direct_to_consumer,fulfilled,2025-03-02,2025-03-03,2025-03-02,PA2,FedEx,1,1,13.12,2.26,0.0,15.38,shipmonk_estimate,USD
138341_1,dfef26e4-48c1-489f-b9b2-e7aaf21de949,Cattasaurus - shoproxstore - Shopify,direct_to_consumer,fulfilled,2025-03-02,2025-03-04,2025-03-02,NV3,DHL eCommerce,1,1,5.68,1.89,0.0,7.57,shipmonk_estimate,USD
138342_1,d4719851-d583-427a-81de-16f421b39c74,Cattasaurus - shoproxstore - Shopify,direct_to_consumer,fulfilled,2025-03-02,2025-03-04,2025-03-02,NV3,DHL eCommerce,1,1,5.43,1.89,0.0,7.32,shipmonk_estimate,USD
138347,6464977633590,Cattasaurus - shoproxstore - Shopify,direct_to_consumer,fulfilled,2025-03-02,2025-03-03,2025-03-02,PA2,FedEx,1,1,18.23,2.26,0.0,20.49,shipmonk_estimate,USD
138348,6464978813238,Cattasaurus - shoproxstore - Shopify,direct_to_consumer,fulfilled,2025-03-02,2025-03-04,2025-03-02,PA2,FedEx,1,1,27.15,2.63,0.0,29.78,shipmonk_estimate,USD
138349,6464982188342,Cattasaurus - shoproxstore - Shopify,direct_to_consumer,fulfilled,2025-03-02,2025-03-04,2025-03-02,PA2,FedEx,1,1,15.23,2.26,0.0,17.49,shipmonk_estimate,USD
138350_1,9808fdb3-41e6-4433-9b3c-824b331bf1d0,Cattasaurus - shoproxstore - Shopify,direct_to_consumer,fulfilled,2025-03-02,2025-03-04,2025-03-02,NV3,DHL eCommerce,2,1,6.68,2.26,0.3,9.24,shipmonk_estimate,USD
138357,6465020887350,Cattasaurus - shoproxstore - Shopify,direct_to_consumer,fulfilled,2025-03-02,,2025-03-02,PA2,ShipMonk,1,0,18.83,7.14,0.0,25.97,shipmonk_estimate,USD
138358_1,c3a54cba-ec3b-42b3-8fe4-a92126f2ca61,Cattasaurus - shoproxstore - Shopify,direct_to_consumer,fulfilled,2025-03-02,2025-03-04,2025-03-02,NV3,DHL eCommerce,1,1,5.68,1.89,0.0,7.57,shipmonk_estimate,USD
138359,6465028653366,Cattasaurus - shoproxstore - Shopify,direct_to_consumer,fulfilled,2025-03-02,2025-03-11,2025-03-02,PA2,FedEx,1,1,14.08,2.26,0.0,16.34,shipmonk_estimate,USD
138360,6465028817206,Cattasaurus - shoproxstore - Shopify,direct_to_consumer,fulfilled,2025-03-02,2025-03-04,2025-03-02,PA2,FedEx,1,1,25.68,4.11,0.0,29.79,shipmonk_estimate,USD
138363,6465031504182,Cattasaurus - shoproxstore - Shopify,direct_to_consumer,fulfilled,2025-03-02,2025-03-04,2025-03-02,PA2,FedEx,2,1,18.27,3.0,0.0,21.27,shipmonk_estimate,USD
138364,6465031700790,Cattasaurus - shoproxstore - Shopify,direct_to_consumer,fulfilled,2025-03-02,2025-03-04,2025-03-02,PA2,FedEx,1,1,13.15,2.63,0.0,15.78,shipmonk_estimate,USD
138376,6465104544054,Cattasaurus - shoproxstore - Shopify,direct_to_consumer,fulfilled,2025-03-02,2025-03-04,2025-03-02,PA2,FedEx,1,1,21.0,2.63,0.0,23.63,shipmonk_estimate,USD
138378_1,14eaa0dd-315f-472a-b5d3-29487f83bcd4,Cattasaurus - shoproxstore - Shopify,direct_to_consumer,fulfilled,2025-03-02,2025-03-04,2025-03-02,PA2,DHL eCommerce,2,1,6.68,2.26,0.5,9.44,shipmonk_estimate,USD
138379_1,2b8e97f1-89c3-4d90-823d-24c0f09c6c64,Cattasaurus - shoproxstore - Shopify,direct_to_consumer,fulfilled,2025-03-02,2025-03-04,2025-03-02,PA2,DHL eCommerce,1,1,5.68,1.89,0.0,7.57,shipmonk_estimate,USD
138380,6465139212598,Cattasaurus - shoproxstore - Shopify,direct_to_consumer,fulfilled,2025-03-02,2025-03-04,2025-03-02,PA2,FedEx,1,1,19.47,2.63,0.0,22.1,shipmonk_estimate,USD
138382,6465140392246,Cattasaurus - shoproxstore - Shopify,direct_to_consumer,fulfilled,2025-03-02,2025-03-04,2025-03-02,PA2,FedEx,1,1,16.77,1.89,0.0,18.66,shipmonk_estimate,USD
138389,6465192198454,Cattasaurus - shoproxstore - Shopify,direct_to_consumer,fulfilled,2025-03-02,2025-03-04,2025-03-02,PA2,FedEx,1,1,21.0,2.63,0.0,23.63,shipmonk_estimate,USD
138390,6465193247030,Cattasaurus - shoproxstore - Shopify,direct_to_consumer,fulfilled,2025-03-02,2025-03-09,2025-03-02,PA2,FedEx,1,1,16.71,2.63,0.0,19.34,shipmonk_estimate,USD
138392,6465207501110,Cattasaurus - shoproxstore - Shopify,direct_to_consumer,fulfilled,2025-03-02,2025-03-04,2025-03-02,PA2,FedEx,1,1,19.47,2.63,0.0,22.1,shipmonk_estimate,USD
138393,6465216708918,Cattasaurus - shoproxstore - Shopify,direct_to_consumer,fulfilled,2025-03-02,2025-03-04,2025-03-02,PA2,FedEx,1,1,23.73,2.63,0.0,26.36,shipmonk_estimate,USD
138398,6465235386678,Cattasaurus - shoproxstore - Shopify,direct_to_consumer,fulfilled,2025-03-02,,2025-03-02,PA2,ShipMonk,1,0,14.08,2.26,0.0,16.34,shipmonk_estimate,USD
138402,6465258062134,Cattasaurus - shoproxstore - Shopify,direct_to_consumer,fulfilled,2025-03-02,2025-03-04,2025-03-02,PA2,FedEx,1,1,13.15,2.63,0.0,15.78,shipmonk_estimate,USD
138403,6465261863222,Cattasaurus - shoproxstore - Shopify,direct_to_consumer,fulfilled,2025-03-02,2025-03-06,2025-03-02,PA2,FedEx,1,1,16.71,4.11,0.0,20.82,shipmonk_estimate,USD
138403_1,a1bdf587-73d6-4a5d-b170-8ed196b33477,Cattasaurus - shoproxstore - Shopify,direct_to_consumer,fulfilled,2025-03-02,2025-03-05,2025-03-02,NV3,DHL eCommerce,2,1,6.74,2.26,0.3,9.3,shipmonk_estimate,USD
138408,6465293975862,Cattasaurus - shoproxstore - Shopify,direct_to_consumer,fulfilled,2025-03-02,2025-03-04,2025-03-02,PA2,UPS,2,1,19.3,3.0,0.0,22.3,shipmonk_estimate,USD
138410,6465304068406,Cattasaurus - shoproxstore - Shopify,direct_to_consumer,fulfilled,2025-03-02,,2025-03-02,NV3,ShipMonk,1,0,14.08,7.14,0.0,21.22,shipmonk_estimate,USD
138412_1,e89864e4-fb92-43fa-90c2-0eb69871ea38,Cattasaurus - shoproxstore - Shopify,direct_to_consumer,fulfilled,2025-03-02,2025-03-04,2025-03-02,NV3,DHL eCommerce,1,1,5.43,1.89,0.0,7.32,shipmonk_estimate,USD
138413,6465335525686,Cattasaurus - shoproxstore - Shopify,direct_to_consumer,fulfilled,2025-03-02,2025-03-04,2025-03-02,PA2,FedEx,2,1,25.26,3.0,0.0,28.26,shipmonk_estimate,USD
138419,6465383629110,Cattasaurus - shoproxstore - Shopify,direct_to_consumer,fulfilled,2025-03-02,2025-03-04,2025-03-02,PA2,FedEx,1,1,23.73,2.63,0.0,26.36,shipmonk_estimate,USD
138421_1,e8f533b9-6e1a-4474-a1ed-e4948fe74499,Cattasaurus - shoproxstore - Shopify,direct_to_consumer,fulfilled,2025-03-02,2025-03-04,2025-03-02,PA2,DHL eCommerce,1,1,5.61,1.89,0.0,7.5,shipmonk_estimate,USD
138423_1,a2d9b4e4-d601-460a-870c-5aa833dca007,Cattasaurus - shoproxstore - Shopify,direct_to_consumer,fulfilled,2025-03-02,2025-03-04,2025-03-02,NV3,USPS,1,1,4.89,1.89,0.3,7.08,shipmonk_estimate,USD
138427,6465429078326,Cattasaurus - shoproxstore - Shopify,direct_to_consumer,fulfilled,2025-03-02,2025-03-04,2025-03-02,PA2,FedEx,1,1,27.15,2.63,0.0,29.78,shipmonk_estimate,USD
138432,6465452507446,Cattasaurus - shoproxstore - Shopify,direct_to_consumer,fulfilled,2025-03-02,2025-03-04,2025-03-02,PA2,FedEx,1,1,18.27,2.63,0.0,20.9,shipmonk_estimate,USD
138440,6465480687926,Cattasaurus - shoproxstore - Shopify,direct_to_consumer,fulfilled,2025-03-02,2025-03-04,2025-03-02,PA2,FedEx,2,1,18.95,3.0,0.0,21.95,shipmonk_estimate,USD
138441,6465481376054,Cattasaurus - shoproxstore - Shopify,direct_to_consumer,fulfilled,2025-03-02,,2025-03-02,NV3,ShipMonk,1,0,18.24,10.5,0.0,28.74,shipmonk_estimate,USD
138445,6465488388406,Cattasaurus - shoproxstore - Shopify,direct_to_consumer,fulfilled,2025-03-02,2025-03-04,2025-03-02,PA2,UPS,1,1,15.23,2.26,0.0,17.49,shipmonk_estimate,USD
138449,6465519419702,Cattasaurus - shoproxstore - Shopify,direct_to_consumer,fulfilled,2025-03-02,2025-03-04,2025-03-02,PA2,FedEx,2,1,18.27,3.0,0.0,21.27,shipmonk_estimate,USD
138454,6465547567414,Cattasaurus - shoproxstore - Shopify,direct_to_consumer,fulfilled,2025-03-02,2025-03-04,2025-03-02,PA2,UPS,1,1,14.68,2.63,0.0,17.31,shipmonk_estimate,USD
138455,6465579417910,Cattasaurus - shoproxstore - Shopify,direct_to_consumer,fulfilled,2025-03-02,2025-03-04,2025-03-02,PA2,FedEx,1,1,20.84,3.0,0.0,23.84,shipmonk_estimate,USD
138464,6465687257398,Cattasaurus - shoproxstore - Shopify,direct_to_consumer,fulfilled,2025-03-02,2025-03-04,2025-03-02,PA2,FedEx,1,1,15.23,2.63,0.0,17.86,shipmonk_estimate,USD
138466,6465696530742,Cattasaurus - shoproxstore - Shopify,direct_to_consumer,fulfilled,2025-03-02,,2025-03-02,NV3,ShipMonk,1,0,16.71,10.5,0.0,27.21,shipmonk_estimate,USD
138467_1,bf78e0e8-7cd1-4c40-8e43-fc07d2319611,Cattasaurus - shoproxstore - Shopify,direct_to_consumer,fulfilled,2025-03-02,2025-03-04,2025-03-02,NV3,DHL eCommerce,1,1,5.77,1.89,0.3,7.96,shipmonk_estimate,USD
138468,6465740996918,Cattasaurus - shoproxstore - Shopify,direct_to_consumer,fulfilled,2025-03-02,2025-03-04,2025-03-02,PA2,FedEx,1,1,16.77,2.63,0.0,19.4,shipmonk_estimate,USD
138472_1,8884bee5-e980-4c7d-b9bd-b5115d609f40,Cattasaurus - shoproxstore - Shopify,direct_to_consumer,fulfilled,2025-03-02,2025-03-04,2025-03-02,PA2,USPS,1,1,4.97,1.89,0.3,7.16,shipmonk_estimate,USD
138473,6465822163254,Cattasaurus - shoproxstore - Shopify,direct_to_consumer,fulfilled,2025-03-02,2025-03-04,2025-03-02,PA2,FedEx,2,1,25.26,3.0,0.0,28.26,shipmonk_estimate,USD
138476,6465994359094,Cattasaurus - shoproxstore - Shopify,direct_to_consumer,fulfilled,2025-03-02,2025-03-04,2025-03-02,PA2,FedEx,1,1,21.0,2.63,0.0,23.63,shipmonk_estimate,USD
138480,6466063008054,Cattasaurus - shoproxstore - Shopify,direct_to_consumer,fulfilled,2025-03-02,2025-03-04,2025-03-02,PA2,FedEx,1,1,25.62,2.63,0.0,28.25,shipmonk_estimate,USD
138483,6466596831542,Cattasaurus - shoproxstore - Shopify,direct_to_consumer,fulfilled,2025-03-03,2025-03-04,2025-03-03,PA2,FedEx,1,1,16.73,2.63,0.0,19.36,shipmonk_estimate,USD
138486,6466644705590,Cattasaurus - shoproxstore - Shopify,direct_to_consumer,fulfilled,2025-03-03,2025-03-04,2025-03-03,PA2,FedEx,1,1,16.77,2.63,0.0,19.4,shipmonk_estimate,USD
138487,6466648375606,Cattasaurus - shoproxstore - Shopify,direct_to_consumer,fulfilled,2025-03-03,2025-03-04,2025-03-03,PA2,FedEx,1,1,23.73,2.63,0.0,26.36,shipmonk_estimate,USD
138488_1,b9906b7f-fc47-41ac-a4a2-c1f85944201b,Cattasaurus - shoproxstore - Shopify,direct_to_consumer,fulfilled,2025-03-03,2025-03-04,2025-03-03,NV3,DHL eCommerce,1,1,5.77,1.89,0.0,7.66,shipmonk_estimate,USD
138489,6466664857910,Cattasaurus - shoproxstore - Shopify,direct_to_consumer,fulfilled,2025-03-03,2025-03-04,2025-03-03,PA2,FedEx,1,1,19.47,2.63,0.0,22.1,shipmonk_estimate,USD
138490,6466696413494,Cattasaurus - shoproxstore - Shopify,direct_to_consumer,fulfilled,2025-03-03,2025-03-04,2025-03-03,PA2,FedEx,1,1,23.73,2.63,0.0,26.36,shipmonk_estimate,USD
138492,6466722529590,Cattasaurus - shoproxstore - Shopify,direct_to_consumer,fulfilled,2025-03-03,2025-03-04,2025-03-03,PA2,FedEx,1,1,15.23,2.63,0.0,17.86,shipmonk_estimate,USD
138494,6466732720438,Cattasaurus - shoproxstore - Shopify,direct_to_consumer,fulfilled,2025-03-03,2025-03-04,2025-03-03,PA2,FedEx,1,1,19.47,2.63,0.0,22.1,shipmonk_estimate,USD
138502,6466942337334,Cattasaurus - shoproxstore - Shopify,direct_to_consumer,fulfilled,2025-03-03,2025-03-05,2025-03-03,PA2,FedEx,1,1,25.26,2.63,0.0,27.89,shipmonk_estimate,USD
138506,6467024748854,Cattasaurus - shoproxstore - Shopify,direct_to_consumer,fulfilled,2025-03-03,2025-03-05,2025-03-03,PA2,UPS,1,1,18.24,4.11,0.0,22.35,shipmonk_estimate,USD
138509,6467080847670,Cattasaurus - shoproxstore - Shopify,direct_to_consumer,fulfilled,2025-03-03,2025-03-05,2025-03-03,PA2,FedEx,1,1,13.15,2.63,0.0,15.78,shipmonk_estimate,USD
138511,6467097493814,Cattasaurus - shoproxstore - Shopify,direct_to_consumer,fulfilled,2025-03-03,,2025-03-03,PA2,ShipMonk,1,0,14.05,10.5,0.0,24.55,shipmonk_estimate,USD
138512,6467110961462,Cattasaurus - shoproxstore - Shopify,direct_to_consumer,fulfilled,2025-03-03,2025-03-05,2025-03-03,PA2,FedEx,1,1,19.47,2.26,0.0,21.73,shipmonk_estimate,USD
138513,6467112993078,Cattasaurus - shoproxstore - Shopify,direct_to_consumer,fulfilled,2025-03-03,2025-03-05,2025-03-03,PA2,FedEx,2,1,16.73,3.0,0.0,19.73,shipmonk_estimate,USD
138515,6467170828598,Cattasaurus - shoproxstore - Shopify,direct_to_consumer,fulfilled,2025-03-03,2025-03-05,2025-03-03,PA2,FedEx,1,1,13.85,3.74,0.0,17.59,shipmonk_estimate,USD
138518,6467239903542,Cattasaurus - shoproxstore - Shopify,direct_to_consumer,fulfilled,2025-03-03,,2025-03-03,PA2,ShipMonk,1,0,18.2,3.78,0.0,21.98,shipmonk_estimate,USD
138519,6467338404150,Cattasaurus - shoproxstore - Shopify,direct_to_consumer,fulfilled,2025-03-03,2025-03-09,2025-03-03,PA2,UPS,1,1,15.61,2.26,0.0,17.87,shipmonk_estimate,USD
138519_1,4724d842-17f1-4632-a0f8-094f5f82a9af,Cattasaurus - shoproxstore - Shopify,direct_to_consumer,fulfilled,2025-03-03,2025-03-05,2025-03-03,PA2,USPS,1,1,4.89,1.89,0.3,7.08,shipmonk_estimate,USD
138520,6467344728374,Cattasaurus - shoproxstore - Shopify,direct_to_consumer,fulfilled,2025-03-03,2025-03-05,2025-03-03,PA2,FedEx,1,1,17.94,2.26,0.0,20.2,shipmonk_estimate,USD
138521,6467352232246,Cattasaurus - shoproxstore - Shopify,direct_to_consumer,fulfilled,2025-03-03,2025-03-09,2025-03-03,PA2,UPS,1,1,18.24,2.26,0.0,20.5,shipmonk_estimate,USD
138522,6467367731510,Cattasaurus - shoproxstore - Shopify,direct_to_consumer,fulfilled,2025-03-03,2025-03-09,2025-03-03,PA2,FedEx,1,1,14.08,2.26,0.0,16.34,shipmonk_estimate,USD
138523_1,da78c138-39ea-42dc-917a-f161d2a4a28d,Cattasaurus - shoproxstore - Shopify,direct_to_consumer,fulfilled,2025-03-03,2025-03-05,2025-03-03,NV3,USPS,1,1,4.97,1.89,0.3,7.16,shipmonk_estimate,USD
138525,6467462725942,Cattasaurus - shoproxstore - Shopify,direct_to_consumer,fulfilled,2025-03-03,2025-03-09,2025-03-03,PA2,FedEx,1,1,16.71,2.63,0.0,19.34,shipmonk_estimate,USD
138528,6467499032886,Cattasaurus - shoproxstore - Shopify,direct_to_consumer,fulfilled,2025-03-03,2025-03-09,2025-03-03,PA2,FedEx,1,1,13.85,2.26,0.0,16.11,shipmonk_estimate,USD
138529,6467510763830,Cattasaurus - shoproxstore - Shopify,direct_to_consumer,fulfilled,2025-03-03,2025-03-09,2025-03-03,PA2,UPS,1,1,14.56,2.26,0.0,16.82,shipmonk_estimate,USD
138531,6467536159030,Cattasaurus - shoproxstore - Shopify,direct_to_consumer,fulfilled,2025-03-03,2025-03-05,2025-03-03,PA2,FedEx,1,1,21.0,2.63,0.0,23.63,shipmonk_estimate,USD
138533,6467568599350,Cattasaurus - shoproxstore - Shopify,direct_to_consumer,fulfilled,2025-03-03,2025-03-09,2025-03-03,PA2,UPS,1,1,15.39,2.26,0.0,17.65,shipmonk_estimate,USD
138534,6467585409334,Cattasaurus - shoproxstore - Shopify,direct_to_consumer,fulfilled,2025-03-03,2025-03-05,2025-03-03,PA2,FedEx,1,1,21.0,2.63,0.0,23.63,shipmonk_estimate,USD
138535,6467589964086,Cattasaurus - shoproxstore - Shopify,direct_to_consumer,fulfilled,2025-03-03,2025-03-09,2025-03-03,PA2,FedEx,1,1,14.08,2.26,0.0,16.34,shipmonk_estimate,USD
138536,6467609657654,Cattasaurus - shoproxstore - Shopify,direct_to_consumer,fulfilled,2025-03-03,2025-03-09,2025-03-03,PA2,FedEx,1,1,13.85,2.26,0.0,16.11,shipmonk_estimate,USD
138537,6467620864310,Cattasaurus - shoproxstore - Shopify,direct_to_consumer,fulfilled,2025-03-03,2025-03-09,2025-03-03,PA2,UPS,1,1,18.24,2.26,0.0,20.5,shipmonk_estimate,USD
138538_1,62ba0e04-b315-42ba-97be-a716a50b1ee0,Cattasaurus - shoproxstore - Shopify,direct_to_consumer,fulfilled,2025-03-03,2025-03-05,2025-03-03,NV3,DHL eCommerce,1,1,5.77,1.89,0.0,7.66,shipmonk_estimate,USD
138539,6467637412150,Cattasaurus - shoproxstore - Shopify,direct_to_consumer,fulfilled,2025-03-03,2025-03-09,2025-03-03,PA2,FedEx,1,1,16.71,2.63,0.0,19.34,shipmonk_estimate,USD
138540,6467650421046,Cattasaurus - shoproxstore - Shopify,direct_to_consumer,fulfilled,2025-03-03,2025-03-09,2025-03-03,PA2,FedEx,1,1,13.85,2.26,0.0,16.11,shipmonk_estimate,USD
138542,6467675914550,Cattasaurus - shoproxstore - Shopify,direct_to_consumer,fulfilled,2025-03-03,2025-03-09,2025-03-03,PA2,FedEx,1,1,16.71,2.26,0.0,18.97,shipmonk_estimate,USD
138543,6467681648950,Cattasaurus - shoproxstore - Shopify,direct_to_consumer,fulfilled,2025-03-03,2025-03-09,2025-03-03,PA2,UPS,1,1,18.24,2.26,0.0,20.5,shipmonk_estimate,USD
138544_1,a65cb55b-b1d2-457b-b600-da8e5b5d05bc,Cattasaurus - shoproxstore - Shopify,direct_to_consumer,fulfilled,2025-03-03,2025-03-10,2025-03-03,NV3,DHL eCommerce,1,1,5.43,1.89,0.3,7.62,shipmonk_estimate,USD
138546,6467687416118,Cattasaurus - shoproxstore - Shopify,direct_to_consumer,fulfilled,2025-03-03,2025-03-05,2025-03-03,PA2,DHL eCommerce,1,1,8.1,1.89,0.0,9.99,shipmonk_estimate,USD
138547,6467696132406,Cattasaurus - shoproxstore - Shopify,direct_to_consumer,fulfilled,2025-03-03,2025-03-05,2025-03-03,PA2,FedEx,1,1,23.6,3.74,0.0,27.34,shipmonk_estimate,USD
138550,6467770417462,Cattasaurus - shoproxstore - Shopify,direct_to_consumer,fulfilled,2025-03-03,2025-03-05,2025-03-03,PA2,FedEx,1,1,25.68,4.11,0.0,29.79,shipmonk_estimate,USD
138551,6467802562870,Cattasaurus - shoproxstore - Shopify,direct_to_consumer,fulfilled,2025-03-03,2025-03-30,2025-03-03,PA2,USPS,1,1,25.82,1.89,0.0,27.71,shipmonk_estimate,USD
138552,6467803742518,Cattasaurus - shoproxstore - Shopify,direct_to_consumer,fulfilled,2025-03-03,2025-03-09,2025-03-03,PA2,UPS,1,1,15.61,2.26,0.0,17.87,shipmonk_estimate,USD
138553,6467832250678,Cattasaurus - shoproxstore - Shopify,direct_to_consumer,fulfilled,2025-03-03,2025-03-09,2025-03-03,PA2,UPS,1,1,15.39,2.26,0.0,17.65,shipmonk_estimate,USD
138554,6467907518774,Cattasaurus - shoproxstore - Shopify,direct_to_consumer,fulfilled,2025-03-03,2025-03-09,2025-03-03,PA2,FedEx,1,1,16.71,2.26,0.0,18.97,shipmonk_estimate,USD
138555,6467932815670,Cattasaurus - shoproxstore - Shopify,direct_to_consumer,fulfilled,2025-03-03,2025-03-09,2025-03-03,PA2,FedEx,1,1,16.71,2.26,0.0,18.97,shipmonk_estimate,USD
138556,6467944481078,Cattasaurus - shoproxstore - Shopify,direct_to_consumer,fulfilled,2025-03-03,2025-03-05,2025-03-03,PA2,DHL eCommerce,2,1,9.91,2.63,0.5,13.04,shipmonk_estimate,USD
138557,6467966140726,Cattasaurus - shoproxstore - Shopify,direct_to_consumer,fulfilled,2025-03-03,2025-03-05,2025-03-03,PA2,FedEx,1,1,18.27,2.26,0.0,20.53,shipmonk_estimate,USD
138558,6467998089526,Cattasaurus - shoproxstore - Shopify,direct_to_consumer,fulfilled,2025-03-03,2025-03-09,2025-03-03,PA2,UPS,1,1,15.39,2.26,0.0,17.65,shipmonk_estimate,USD
138559_1,b976e287-db63-4008-a117-935b9531525a,Cattasaurus - shoproxstore - Shopify,direct_to_consumer,fulfilled,2025-03-03,2025-03-05,2025-03-03,NV3,DHL eCommerce,1,1,5.61,1.89,0.0,7.5,shipmonk_estimate,USD
138560,6468003430710,Cattasaurus - shoproxstore - Shopify,direct_to_consumer,fulfilled,2025-03-03,2025-03-05,2025-03-03,PA2,FedEx,1,1,16.73,2.63,0.0,19.36,shipmonk_estimate,USD
138561,6468004577590,Cattasaurus - shoproxstore - Shopify,direct_to_consumer,fulfilled,2025-03-03,2025-03-05,2025-03-03,PA2,FedEx,1,1,19.47,2.63,0.0,22.1,shipmonk_estimate,USD
138562,6468006740278,Cattasaurus - shoproxstore - Shopify,direct_to_consumer,fulfilled,2025-03-03,2025-03-05,2025-03-03,PA2,FedEx,1,1,25.26,2.26,0.0,27.52,shipmonk_estimate,USD
138564,6468021616950,Cattasaurus - shoproxstore - Shopify,direct_to_consumer,fulfilled,2025-03-03,2025-03-09,2025-03-03,PA2,FedEx,1,1,16.71,2.26,0.0,18.97,shipmonk_estimate,USD
138565,6468026106166,Cattasaurus - shoproxstore - Shopify,direct_to_consumer,fulfilled,2025-03-03,2025-03-09,2025-03-03,PA2,FedEx,1,1,13.03,2.26,0.0,15.29,shipmonk_estimate,USD
138566,6468041834806,Cattasaurus - shoproxstore - Shopify,direct_to_consumer,fulfilled,2025-03-03,2025-03-05,2025-03-03,PA2,FedEx,3,1,16.73,3.74,0.0,20.47,shipmonk_estimate,USD
138567,6468072210742,Cattasaurus - shoproxstore - Shopify,direct_to_consumer,fulfilled,2025-03-03,2025-03-09,2025-03-03,PA2,FedEx,1,1,16.71,2.26,0.0,18.97,shipmonk_estimate,USD
138568,6468077945142,Cattasaurus - shoproxstore - Shopify,direct_to_consumer,fulfilled,2025-03-03,2025-03-09,2025-03-03,PA2,FedEx,2,1,13.03,3.0,0.0,16.03,shipmonk_estimate,USD
138569,6468085219638,Cattasaurus - shoproxstore - Shopify,direct_to_consumer,fulfilled,2025-03-03,2025-03-05,2025-03-03,PA2,FedEx,1,1,19.47,2.63,0.0,22.1,shipmonk_estimate,USD
138570,6468095836470,Cattasaurus - shoproxstore - Shopify,direct_to_consumer,fulfilled,2025-03-03,2025-03-09,2025-03-03,PA2,UPS,1,1,14.56,3.74,0.0,18.3,shipmonk_estimate,USD
138572,6468137976118,Cattasaurus - shoproxstore - Shopify,direct_to_consumer,fulfilled,2025-03-03,2025-03-09,2025-03-03,PA2,FedEx,1,1,13.85,2.63,0.0,16.48,shipmonk_estimate,USD
138573,6468139155766,Cattasaurus - shoproxstore - Shopify,direct_to_consumer,fulfilled,2025-03-03,2025-03-09,2025-03-03,PA2,FedEx,1,1,14.08,2.26,0.0,16.34,shipmonk_estimate,USD
138574,6468143251766,Cattasaurus - shoproxstore - Shopify,direct_to_consumer,fulfilled,2025-03-03,2025-03-09,2025-03-03,PA2,FedEx,1,1,16.71,2.26,0.0,18.97,shipmonk_estimate,USD
138575,6468149215542,Cattasaurus - shoproxstore - Shopify,direct_to_consumer,fulfilled,2025-03-03,2025-03-09,2025-03-03,PA2,FedEx,1,1,13.85,2.63,0.0,16.48,shipmonk_estimate,USD
138576,6468163371318,Cattasaurus - shoproxstore - Shopify,direct_to_consumer,fulfilled,2025-03-03,2025-03-05,2025-03-03,PA2,FedEx,2,1,27.15,3.0,0.0,30.15,shipmonk_estimate,USD
138577,6468164026678,Cattasaurus - shoproxstore - Shopify,direct_to_consumer,fulfilled,2025-03-03,2025-03-05,2025-03-03,PA2,UPS,1,1,14.68,2.63,0.0,17.31,shipmonk_estimate,USD
138579,6468197155126,Cattasaurus - shoproxstore - Shopify,direct_to_consumer,fulfilled,2025-03-03,2025-03-05,2025-03-03,PA2,FedEx,2,1,15.23,3.0,0.0,18.23,shipmonk_estimate,USD
138580,6468198760758,Cattasaurus - shoproxstore - Shopify,direct_to_consumer,fulfilled,2025-03-03,2025-03-09,2025-03-03,PA2,FedEx,1,1,13.85,2.63,0.0,16.48,shipmonk_estimate,USD
138582,6468210360630,Cattasaurus - shoproxstore - Shopify,direct_to_consumer,fulfilled,2025-03-03,2025-03-07,2025-03-03,PA2,FedEx,1,1,19.47,2.63,0.0,22.1,shipmonk_estimate,USD
138582_1,3af09346-42dc-4308-aad3-0c34e474c79d,Cattasaurus - shoproxstore - Shopify,direct_to_consumer,fulfilled,2025-03-03,2025-03-06,2025-03-03,PA2,USPS,1,1,4.97,1.89,0.3,7.16,shipmonk_estimate,USD
138582_2,cfc6330d-2cbc-4ccd-93f1-fe6cdd790290,Cattasaurus - shoproxstore - Shopify,direct_to_consumer,fulfilled,2025-03-03,2025-03-09,2025-03-03,PA2,FedEx,1,1,19.47,2.26,0.0,21.73,shipmonk_estimate,USD
138583,6468217995574,Cattasaurus - shoproxstore - Shopify,direct_to_consumer,fulfilled,2025-03-03,2025-03-09,2025-03-03,PA2,FedEx,1,1,14.08,2.26,0.0,16.34,shipmonk_estimate,USD
138584,6468234379574,Cattasaurus - shoproxstore - Shopify,direct_to_consumer,fulfilled,2025-03-03,2025-03-09,2025-03-03,PA2,UPS,1,1,15.39,2.26,0.0,17.65,shipmonk_estimate,USD
138585,6468275634486,Cattasaurus - shoproxstore - Shopify,direct_to_consumer,fulfilled,2025-03-03,2025-03-05,2025-03-03,PA2,FedEx,1,1,15.23,2.26,0.0,17.49,shipmonk_estimate,USD
138586,6468279959862,Cattasaurus - shoproxstore - Shopify,direct_to_consumer,fulfilled,2025-03-03,2025-03-09,2025-03-03,PA2,UPS,1,1,15.39,2.26,0.0,17.65,shipmonk_estimate,USD
138588,6468315185462,Cattasaurus - shoproxstore - Shopify,direct_to_consumer,fulfilled,2025-03-03,2025-03-09,2025-03-03,PA2,FedEx,2,2,37.66,4.89,0.0,42.55,shipmonk_estimate,USD
138589,6468331340086,Cattasaurus - shoproxstore - Shopify,direct_to_consumer,fulfilled,2025-03-03,2025-03-05,2025-03-03,PA2,FedEx,1,1,18.27,2.26,0.0,20.53,shipmonk_estimate,USD
138590,6468341334326,Cattasaurus - shoproxstore - Shopify,direct_to_consumer,fulfilled,2025-03-03,2025-03-09,2025-03-03,PA2,UPS,1,1,15.61,2.26,0.0,17.87,shipmonk_estimate,USD
138592,6468376527158,Cattasaurus - shoproxstore - Shopify,direct_to_consumer,fulfilled,2025-03-03,2025-03-05,2025-03-03,PA2,FedEx,2,1,25.26,3.0,0.0,28.26,shipmonk_estimate,USD
138594,6468395041078,Cattasaurus - shoproxstore - Shopify,direct_to_consumer,fulfilled,2025-03-03,2025-03-09,2025-03-03,PA2,UPS,2,1,67.9,3.0,0.0,70.9,shipmonk_estimate,USD
138595,6468403527990,Cattasaurus - shoproxstore - Shopify,direct_to_consumer,fulfilled,2025-03-03,2025-03-09,2025-03-03,PA2,FedEx,1,1,13.85,2.26,0.0,16.11,shipmonk_estimate,USD
138596,6468419977526,Cattasaurus - shoproxstore - Shopify,direct_to_consumer,fulfilled,2025-03-03,2025-03-05,2025-03-03,PA2,FedEx,1,1,27.15,2.26,0.0,29.41,shipmonk_estimate,USD
138597,6468422140214,Cattasaurus - shoproxstore - Shopify,direct_to_consumer,fulfilled,2025-03-03,2025-03-09,2025-03-03,PA2,FedEx,1,1,16.71,2.26,0.0,18.97,shipmonk_estimate,USD
138598,6468467360054,Cattasaurus - shoproxstore - Shopify,direct_to_consumer,fulfilled,2025-03-03,2025-03-09,2025-03-03,PA2,FedEx,2,2,36.48,5.26,0.0,41.74,shipmonk_estimate,USD
138599,6468494426422,Cattasaurus - shoproxstore - Shopify,direct_to_consumer,fulfilled,2025-03-03,2025-03-09,2025-03-03,PA2,FedEx,1,1,22.07,2.63,0.0,24.7,shipmonk_estimate,USD
138600,6468513497398,Cattasaurus - shoproxstore - Shopify,direct_to_consumer,fulfilled,2025-03-03,2025-03-09,2025-03-03,PA2,FedEx,1,1,14.08,2.26,0.0,16.34,shipmonk_estimate,USD
138601,6468523950390,Cattasaurus - shoproxstore - Shopify,direct_to_consumer,fulfilled,2025-03-03,2025-03-09,2025-03-03,PA2,FedEx,1,1,14.08,2.26,0.0,16.34,shipmonk_estimate,USD
138603,6468529029430,Cattasaurus - shoproxstore - Shopify,direct_to_consumer,fulfilled,2025-03-03,2025-03-09,2025-03-03,PA2,FedEx,1,1,14.08,2.26,0.0,16.34,shipmonk_estimate,USD
138604,6468531355958,Cattasaurus - shoproxstore - Shopify,direct_to_consumer,fulfilled,2025-03-03,2025-03-05,2025-03-03,PA2,FedEx,1,1,18.27,2.63,0.0,20.9,shipmonk_estimate,USD
138605,6468551278902,Cattasaurus - shoproxstore - Shopify,direct_to_consumer,fulfilled,2025-03-03,2025-03-09,2025-03-03,PA2,UPS,1,1,14.56,2.26,0.0,16.82,shipmonk_estimate,USD
138606,6468577034550,Cattasaurus - shoproxstore - Shopify,direct_to_consumer,fulfilled,2025-03-03,2025-03-09,2025-03-03,PA2,FedEx,2,2,33.42,4.89,0.0,38.31,shipmonk_estimate,USD
138608,6468612423990,Cattasaurus - shoproxstore - Shopify,direct_to_consumer,fulfilled,2025-03-03,2025-03-09,2025-03-03,PA2,FedEx,1,1,16.71,2.26,0.0,18.97,shipmonk_estimate,USD
138610,6468640637238,Cattasaurus - shoproxstore - Shopify,direct_to_consumer,fulfilled,2025-03-03,2025-03-09,2025-03-03,PA2,FedEx,1,1,16.71,2.26,0.0,18.97,shipmonk_estimate,USD
138610_1,ae3ae465-a44d-494c-8666-4b16aa6d4e2a,Cattasaurus - shoproxstore - Shopify,direct_to_consumer,fulfilled,2025-03-03,2025-03-05,2025-03-03,NV3,DHL eCommerce,1,1,5.94,1.89,0.3,8.13,shipmonk_estimate,USD
138612,6468651254070,Cattasaurus - shoproxstore - Shopify,direct_to_consumer,fulfilled,2025-03-03,2025-03-05,2025-03-03,PA2,FedEx,1,1,18.27,2.63,0.0,20.9,shipmonk_estimate,USD
138614_1,c63e5f09-b873-4e12-989a-d68249aea71d,Cattasaurus - shoproxstore - Shopify,direct_to_consumer,fulfilled,2025-03-03,2025-04-19,2025-03-03,PA2,DHL eCommerce,1,1,5.68,1.89,0.0,7.57,shipmonk_estimate,USD
138616,6468728291638,Cattasaurus - shoproxstore - Shopify,direct_to_consumer,fulfilled,2025-03-03,2025-03-09,2025-03-03,PA2,UPS,1,1,15.61,2.26,0.0,17.87,shipmonk_estimate,USD
138618,6468757160246,Cattasaurus - shoproxstore - Shopify,direct_to_consumer,fulfilled,2025-03-03,2025-03-09,2025-03-03,PA2,FedEx,1,1,13.03,2.63,0.0,15.66,shipmonk_estimate,USD
138619,6468764205366,Cattasaurus - shoproxstore - Shopify,direct_to_consumer,fulfilled,2025-03-03,2025-03-09,2025-03-03,PA2,UPS,1,1,15.61,2.26,0.0,17.87,shipmonk_estimate,USD
138620,6468766925110,Cattasaurus - shoproxstore - Shopify,direct_to_consumer,fulfilled,2025-03-03,2025-03-09,2025-03-03,PA2,FedEx,1,1,13.03,2.63,0.0,15.66,shipmonk_estimate,USD
138621,6468787601718,Cattasaurus - shoproxstore - Shopify,direct_to_consumer,fulfilled,2025-03-03,2025-03-05,2025-03-03,PA2,FedEx,1,1,16.73,2.63,0.0,19.36,shipmonk_estimate,USD
138622,6468818370870,Cattasaurus - shoproxstore - Shopify,direct_to_consumer,fulfilled,2025-03-03,2025-03-05,2025-03-03,PA2,FedEx,1,1,19.47,2.26,0.0,21.73,shipmonk_estimate,USD
138625,6468868014390,Cattasaurus - shoproxstore - Shopify,direct_to_consumer,fulfilled,2025-03-03,2025-03-05,2025-03-03,PA2,FedEx,1,1,30.01,2.26,0.0,32.27,shipmonk_estimate,USD
138626,6468869226806,Cattasaurus - shoproxstore - Shopify,direct_to_consumer,fulfilled,2025-03-03,2025-03-09,2025-03-03,PA2,FedEx,2,1,16.71,3.0,0.0,19.71,shipmonk_estimate,USD
138629,6469066195254,Cattasaurus - shoproxstore - Shopify,direct_to_consumer,fulfilled,2025-03-03,2025-03-05,2025-03-03,PA2,FedEx,1,1,27.15,2.26,0.0,29.41,shipmonk_estimate,USD
111-1037020-0037812,111-1037020-0037812,Cattasaurus - Amazon USA,direct_to_consumer,fulfilled,2025-03-04,2025-03-05,2025-03-04,NV3,UPS,1,1,18.24,2.26,0.0,20.5,shipmonk_estimate,USD
138634,6469289836854,Cattasaurus - shoproxstore - Shopify,direct_to_consumer,fulfilled,2025-03-04,2025-03-09,2025-03-04,PA2,FedEx,1,1,14.08,2.63,0.0,16.71,shipmonk_estimate,USD
138636,6469380014390,Cattasaurus - shoproxstore - Shopify,direct_to_consumer,fulfilled,2025-03-04,2025-03-09,2025-03-04,PA2,UPS,1,1,15.61,2.26,0.0,17.87,shipmonk_estimate,USD
138638,6469404197174,Cattasaurus - shoproxstore - Shopify,direct_to_consumer,fulfilled,2025-03-04,2025-03-05,2025-03-04,PA2,FedEx,1,1,13.15,2.26,0.0,15.41,shipmonk_estimate,USD
138640,6469416714550,Cattasaurus - shoproxstore - Shopify,direct_to_consumer,fulfilled,2025-03-04,2025-03-05,2025-03-04,PA2,FedEx,1,1,19.47,2.63,0.0,22.1,shipmonk_estimate,USD
138641,6469435326774,Cattasaurus - shoproxstore - Shopify,direct_to_consumer,fulfilled,2025-03-04,2025-03-09,2025-03-04,PA2,FedEx,2,1,16.71,3.0,0.0,19.71,shipmonk_estimate,USD
138643,6469445681462,Cattasaurus - shoproxstore - Shopify,direct_to_consumer,fulfilled,2025-03-04,2025-03-09,2025-03-04,PA2,UPS,1,1,15.61,2.26,0.0,17.87,shipmonk_estimate,USD
138644,6469478285622,Cattasaurus - shoproxstore - Shopify,direct_to_consumer,fulfilled,2025-03-04,2025-03-09,2025-03-04,PA2,FedEx,1,1,15.17,2.26,0.0,17.43,shipmonk_estimate,USD
138645,6469484642614,Cattasaurus - shoproxstore - Shopify,direct_to_consumer,fulfilled,2025-03-04,2025-03-05,2025-03-04,PA2,FedEx,1,1,19.47,2.63,0.0,22.1,shipmonk_estimate,USD
138646,6469489099062,Cattasaurus - shoproxstore - Shopify,direct_to_consumer,fulfilled,2025-03-04,2025-03-09,2025-03-04,PA2,FedEx,1,1,16.71,2.63,0.0,19.34,shipmonk_estimate,USD
138647,6469499191606,Cattasaurus - shoproxstore - Shopify,direct_to_consumer,fulfilled,2025-03-04,2025-03-09,2025-03-04,PA2,FedEx,1,1,16.71,2.26,0.0,18.97,shipmonk_estimate,USD
138648,6469501387062,Cattasaurus - shoproxstore - Shopify,direct_to_consumer,fulfilled,2025-03-04,2025-03-09,2025-03-04,PA2,UPS,1,1,15.39,2.26,0.0,17.65,shipmonk_estimate,USD
138649,6469507285302,Cattasaurus - shoproxstore - Shopify,direct_to_consumer,fulfilled,2025-03-04,2025-03-09,2025-03-04,PA2,FedEx,1,1,13.85,2.63,0.0,16.48,shipmonk_estimate,USD
138651,6469511840054,Cattasaurus - shoproxstore - Shopify,direct_to_consumer,fulfilled,2025-03-04,2025-03-09,2025-03-04,PA2,FedEx,1,1,13.85,2.26,0.0,16.11,shipmonk_estimate,USD
138652,6469517902134,Cattasaurus - shoproxstore - Shopify,direct_to_consumer,fulfilled,2025-03-04,2025-03-09,2025-03-04,PA2,FedEx,1,1,18.24,2.26,0.0,20.5,shipmonk_estimate,USD
138654,6469527241014,Cattasaurus - shoproxstore - Shopify,direct_to_consumer,fulfilled,2025-03-04,2025-03-05,2025-03-04,NV3,DHL eCommerce,1,1,11.39,2.26,0.5,14.15,shipmonk_estimate,USD
138655,6469545099574,Cattasaurus - shoproxstore - Shopify,direct_to_consumer,fulfilled,2025-03-04,2025-07-15,2025-03-04,PA2,FedEx,1,1,24.34,7.5,0.0,31.84,shipmonk_estimate,USD
138656,6469545558326,Cattasaurus - shoproxstore - Shopify,direct_to_consumer,fulfilled,2025-03-04,2025-03-09,2025-03-04,PA2,FedEx,1,1,14.08,2.26,0.0,16.34,shipmonk_estimate,USD
138657,6469631836470,Cattasaurus - shoproxstore - Shopify,direct_to_consumer,fulfilled,2025-03-04,2025-03-05,2025-03-04,PA2,FedEx,1,1,18.27,2.63,0.0,20.9,shipmonk_estimate,USD
138659,6469659132214,Cattasaurus - shoproxstore - Shopify,direct_to_consumer,fulfilled,2025-03-04,2025-03-09,2025-03-04,PA2,FedEx,1,1,13.85,2.26,0.0,16.11,shipmonk_estimate,USD
138660,6469767921974,Cattasaurus - shoproxstore - Shopify,direct_to_consumer,fulfilled,2025-03-04,2025-03-05,2025-03-04,PA2,FedEx,1,1,28.69,2.63,0.0,31.32,shipmonk_estimate,USD
138661,6469770051894,Cattasaurus - shoproxstore - Shopify,direct_to_consumer,fulfilled,2025-03-04,2025-03-09,2025-03-04,PA2,FedEx,1,1,14.08,2.63,0.0,16.71,shipmonk_estimate,USD
138663,6469890146614,Cattasaurus - shoproxstore - Shopify,direct_to_consumer,fulfilled,2025-03-04,2025-03-05,2025-03-04,PA2,UPS,2,1,15.39,2.26,0.0,17.65,shipmonk_estimate,USD
138664,6469955813686,Cattasaurus - shoproxstore - Shopify,direct_to_consumer,fulfilled,2025-03-04,2025-03-05,2025-03-04,PA2,FedEx,1,1,25.26,2.63,0.0,27.89,shipmonk_estimate,USD
138665,6470058770742,Cattasaurus - shoproxstore - Shopify,direct_to_consumer,fulfilled,2025-03-04,2025-03-09,2025-03-04,PA2,FedEx,2,1,14.08,3.0,0.0,17.08,shipmonk_estimate,USD
138666_1,62c711ad-e653-4da4-8ccd-d96f6ef48906,Cattasaurus - shoproxstore - Shopify,direct_to_consumer,fulfilled,2025-03-04,2025-03-05,2025-03-04,NV3,DHL eCommerce,1,1,5.68,1.89,0.0,7.57,shipmonk_estimate,USD
138667,6470110871862,Cattasaurus - shoproxstore - Shopify,direct_to_consumer,fulfilled,2025-03-04,2025-03-09,2025-03-04,PA2,FedEx,1,1,16.71,2.26,0.0,18.97,shipmonk_estimate,USD
138669,6470119653686,Cattasaurus - shoproxstore - Shopify,direct_to_consumer,fulfilled,2025-03-04,2025-03-05,2025-03-04,PA2,FedEx,2,1,23.73,3.0,0.0,26.73,shipmonk_estimate,USD
138671,6470131908918,Cattasaurus - shoproxstore - Shopify,direct_to_consumer,fulfilled,2025-03-04,2025-03-06,2025-03-04,PA2,DHL eCommerce,1,1,11.91,2.26,0.5,14.67,shipmonk_estimate,USD
138672,6470134759734,Cattasaurus - shoproxstore - Shopify,direct_to_consumer,fulfilled,2025-03-04,2025-03-09,2025-03-04,PA2,FedEx,1,1,13.03,2.26,0.0,15.29,shipmonk_estimate,USD
138673,6470136037686,Cattasaurus - shoproxstore - Shopify,direct_to_consumer,fulfilled,2025-03-04,2025-03-05,2025-03-04,PA2,FedEx,1,1,23.73,2.26,0.0,25.99,shipmonk_estimate,USD
138674,6470137315638,Cattasaurus - shoproxstore - Shopify,direct_to_consumer,fulfilled,2025-03-04,2025-03-09,2025-03-04,PA2,FedEx,1,1,14.08,2.26,0.0,16.34,shipmonk_estimate,USD
138675,6470139347254,Cattasaurus - shoproxstore - Shopify,direct_to_consumer,fulfilled,2025-03-04,2025-03-09,2025-03-04,PA2,FedEx,1,1,16.71,2.26,0.0,18.97,shipmonk_estimate,USD
138678,6470156648758,Cattasaurus - shoproxstore - Shopify,direct_to_consumer,fulfilled,2025-03-04,2025-03-09,2025-03-04,PA2,UPS,1,1,15.39,2.26,0.0,17.65,shipmonk_estimate,USD
138684,6470206718262,Cattasaurus - shoproxstore - Shopify,direct_to_consumer,fulfilled,2025-03-04,2025-03-09,2025-03-04,PA2,FedEx,1,1,16.71,2.26,0.0,18.97,shipmonk_estimate,USD
138685,6470208160054,Cattasaurus - shoproxstore - Shopify,direct_to_consumer,fulfilled,2025-03-04,2025-03-06,2025-03-04,PA2,FedEx,3,1,19.47,3.37,0.0,22.84,shipmonk_estimate,USD
138686,6470211993910,Cattasaurus - shoproxstore - Shopify,direct_to_consumer,fulfilled,2025-03-04,2025-03-09,2025-03-04,PA2,UPS,1,1,18.24,2.26,0.0,20.5,shipmonk_estimate,USD
138687,6470215303478,Cattasaurus - shoproxstore - Shopify,direct_to_consumer,fulfilled,2025-03-04,2025-03-11,2025-03-04,PA2,FedEx,1,1,25.68,2.26,0.0,27.94,shipmonk_estimate,USD
138689,6470238437686,Cattasaurus - shoproxstore - Shopify,direct_to_consumer,fulfilled,2025-03-04,2025-03-09,2025-03-04,PA2,FedEx,1,1,14.08,2.63,0.0,16.71,shipmonk_estimate,USD
138691,6470259802422,Cattasaurus - shoproxstore - Shopify,direct_to_consumer,fulfilled,2025-03-04,2025-03-11,2025-03-04,PA2,FedEx,1,1,18.83,2.26,0.0,21.09,shipmonk_estimate,USD
138691_1,3fcf5b4c-07b0-4bcb-ab1d-0a4e73d1218a,Cattasaurus - shoproxstore - Shopify,direct_to_consumer,fulfilled,2025-03-04,2025-03-11,2025-03-04,PA2,FedEx,1,1,18.83,2.26,0.0,21.09,shipmonk_estimate,USD
138692,6470273106230,Cattasaurus - shoproxstore - Shopify,direct_to_consumer,fulfilled,2025-03-04,2025-03-09,2025-03-04,PA2,UPS,1,1,14.56,2.63,0.0,17.19,shipmonk_estimate,USD
138693,6470280315190,Cattasaurus - shoproxstore - Shopify,direct_to_consumer,fulfilled,2025-03-04,2025-03-09,2025-03-04,PA2,FedEx,1,1,16.71,2.26,0.0,18.97,shipmonk_estimate,USD
138695,6470286049590,Cattasaurus - shoproxstore - Shopify,direct_to_consumer,fulfilled,2025-03-04,2025-03-06,2025-03-04,PA2,FedEx,1,1,21.0,2.63,0.0,23.63,shipmonk_estimate,USD
138696,6470294110518,Cattasaurus - shoproxstore - Shopify,direct_to_consumer,fulfilled,2025-03-04,2025-03-06,2025-03-04,PA2,FedEx,1,1,23.73,2.63,0.0,26.36,shipmonk_estimate,USD
138698,6470414663990,Cattasaurus - shoproxstore - Shopify,direct_to_consumer,fulfilled,2025-03-04,2025-03-09,2025-03-04,PA2,FedEx,1,1,15.17,2.26,0.0,17.43,shipmonk_estimate,USD
138699,6470431146294,Cattasaurus - shoproxstore - Shopify,direct_to_consumer,fulfilled,2025-03-04,2025-03-09,2025-03-04,PA2,FedEx,1,1,13.85,2.26,0.0,16.11,shipmonk_estimate,USD
138700,6470457393462,Cattasaurus - shoproxstore - Shopify,direct_to_consumer,fulfilled,2025-03-04,2025-03-09,2025-03-04,PA2,FedEx,2,1,16.71,3.0,0.0,19.71,shipmonk_estimate,USD
138702,6470603145526,Cattasaurus - shoproxstore - Shopify,direct_to_consumer,fulfilled,2025-03-04,2025-03-06,2025-03-04,PA2,FedEx,1,1,21.0,2.63,0.0,23.63,shipmonk_estimate,USD
138703,6470657147190,Cattasaurus - shoproxstore - Shopify,direct_to_consumer,fulfilled,2025-03-04,2025-03-06,2025-03-04,PA2,FedEx,1,1,18.27,2.63,0.0,20.9,shipmonk_estimate,USD
138704,6470675759414,Cattasaurus - shoproxstore - Shopify,direct_to_consumer,fulfilled,2025-03-04,2025-03-06,2025-03-04,PA2,FedEx,2,1,16.73,3.0,0.0,19.73,shipmonk_estimate,USD
138705,6470738772278,Cattasaurus - shoproxstore - Shopify,direct_to_consumer,fulfilled,2025-03-04,2025-03-09,2025-03-04,PA2,FedEx,1,1,14.08,2.26,0.0,16.34,shipmonk_estimate,USD
138706,6470923845942,Cattasaurus - shoproxstore - Shopify,direct_to_consumer,fulfilled,2025-03-04,2025-03-09,2025-03-04,PA2,FedEx,1,1,16.71,2.26,0.0,18.97,shipmonk_estimate,USD
138707,6470941999414,Cattasaurus - shoproxstore - Shopify,direct_to_consumer,fulfilled,2025-03-04,2025-03-06,2025-03-04,PA2,FedEx,1,1,19.47,2.63,0.0,22.1,shipmonk_estimate,USD
138708,6470990299446,Cattasaurus - shoproxstore - Shopify,direct_to_consumer,fulfilled,2025-03-04,2025-03-09,2025-03-04,PA2,FedEx,1,1,18.83,2.26,0.0,21.09,shipmonk_estimate,USD
138709_1,e8354fac-f185-42ea-8efc-bb5feb360590,Cattasaurus - shoproxstore - Shopify,direct_to_consumer,fulfilled,2025-03-04,2025-03-05,2025-03-04,NV3,DHL eCommerce,1,1,5.68,1.89,0.3,7.87,shipmonk_estimate,USD
138710,6471025033526,Cattasaurus - shoproxstore - Shopify,direct_to_consumer,fulfilled,2025-03-04,2025-03-09,2025-03-04,PA2,FedEx,1,1,16.71,2.26,0.0,18.97,shipmonk_estimate,USD
138711,6471034470710,Cattasaurus - shoproxstore - Shopify,direct_to_consumer,fulfilled,2025-03-04,2025-03-06,2025-03-04,PA2,FedEx,1,1,19.47,2.63,0.0,22.1,shipmonk_estimate,USD
138712,6471036272950,Cattasaurus - shoproxstore - Shopify,direct_to_consumer,fulfilled,2025-03-04,2025-03-09,2025-03-04,PA2,FedEx,1,1,16.71,2.26,0.0,18.97,shipmonk_estimate,USD
138713,6471038828854,Cattasaurus - shoproxstore - Shopify,direct_to_consumer,fulfilled,2025-03-04,2025-03-09,2025-03-04,PA2,FedEx,1,1,13.85,2.26,0.0,16.11,shipmonk_estimate,USD
138714,6471060554038,Cattasaurus - shoproxstore - Shopify,direct_to_consumer,fulfilled,2025-03-04,2025-03-09,2025-03-04,PA2,UPS,1,1,15.39,2.26,0.0,17.65,shipmonk_estimate,USD
138715_1,078ec43a-ad00-4814-badb-81f629238333,Cattasaurus - shoproxstore - Shopify,direct_to_consumer,fulfilled,2025-03-04,2025-03-05,2025-03-04,NV3,USPS,1,1,4.97,1.89,0.3,7.16,shipmonk_estimate,USD
138716,6471278362934,Cattasaurus - shoproxstore - Shopify,direct_to_consumer,fulfilled,2025-03-04,2025-03-09,2025-03-04,PA2,FedEx,2,1,16.71,3.0,0.0,19.71,shipmonk_estimate,USD
138718,6471330496822,Cattasaurus - shoproxstore - Shopify,direct_to_consumer,fulfilled,2025-03-04,2025-03-06,2025-03-04,PA2,FedEx,1,1,13.15,2.63,0.0,15.78,shipmonk_estimate,USD
138724,6471614529846,Cattasaurus - shoproxstore - Shopify,direct_to_consumer,fulfilled,2025-03-04,2025-03-06,2025-03-04,PA2,FedEx,1,1,25.26,2.63,0.0,27.89,shipmonk_estimate,USD
138725,6471633994038,Cattasaurus - shoproxstore - Shopify,direct_to_consumer,fulfilled,2025-03-04,2025-03-09,2025-03-04,PA2,UPS,1,1,18.24,2.26,0.0,20.5,shipmonk_estimate,USD
138728,6471828537654,Cattasaurus - shoproxstore - Shopify,direct_to_consumer,fulfilled,2025-03-04,2025-03-06,2025-03-04,PA2,FedEx,1,1,19.47,2.63,0.0,22.1,shipmonk_estimate,USD
138730,6471947452726,Cattasaurus - shoproxstore - Shopify,direct_to_consumer,fulfilled,2025-03-04,2025-03-06,2025-03-04,PA2,UPS,1,1,18.27,2.63,0.0,20.9,shipmonk_estimate,USD
138733,6472315994422,Cattasaurus - shoproxstore - Shopify,direct_to_consumer,fulfilled,2025-03-04,2025-03-06,2025-03-04,PA2,UPS,1,1,14.68,2.63,0.0,17.31,shipmonk_estimate,USD
138734,6472364818742,Cattasaurus - shoproxstore - Shopify,direct_to_consumer,fulfilled,2025-03-04,2025-03-09,2025-03-04,PA2,FedEx,1,1,13.85,2.26,0.0,16.11,shipmonk_estimate,USD
138735,6472444739894,Cattasaurus - shoproxstore - Shopify,direct_to_consumer,fulfilled,2025-03-04,2025-03-06,2025-03-04,PA2,FedEx,1,1,19.47,2.63,0.0,22.1,shipmonk_estimate,USD
138736,6472635810102,Cattasaurus - shoproxstore - Shopify,direct_to_consumer,fulfilled,2025-03-04,2025-03-09,2025-03-04,PA2,UPS,1,1,15.39,2.63,0.0,18.02,shipmonk_estimate,USD
138737,6472650162486,Cattasaurus - shoproxstore - Shopify,direct_to_consumer,fulfilled,2025-03-04,2025-03-06,2025-03-04,PA2,FedEx,1,1,15.23,2.63,0.0,17.86,shipmonk_estimate,USD
138739,6472674607414,Cattasaurus - shoproxstore - Shopify,direct_to_consumer,fulfilled,2025-03-04,2025-03-06,2025-03-04,PA2,FedEx,2,1,21.0,3.0,0.0,24.0,shipmonk_estimate,USD
138740,6472678506806,Cattasaurus - shoproxstore - Shopify,direct_to_consumer,fulfilled,2025-03-04,2025-03-06,2025-03-04,PA2,FedEx,1,1,28.69,2.26,0.0,30.95,shipmonk_estimate,USD
138741,6472683749686,Cattasaurus - shoproxstore - Shopify,direct_to_consumer,fulfilled,2025-03-04,2025-03-06,2025-03-04,PA2,FedEx,1,1,15.23,1.89,0.0,17.12,shipmonk_estimate,USD
138742,6472684732726,Cattasaurus - shoproxstore - Shopify,direct_to_consumer,fulfilled,2025-03-04,2025-03-07,2025-03-04,PA2,FedEx,2,1,16.73,3.0,0.0,19.73,shipmonk_estimate,USD
138742_1,b988f8e9-ad95-4df7-9a21-fe8db58b3b0e,Cattasaurus - shoproxstore - Shopify,direct_to_consumer,fulfilled,2025-03-04,2025-03-07,2025-03-04,PA2,FedEx,1,1,16.73,2.63,0.0,19.36,shipmonk_estimate,USD
138743,6472690073910,Cattasaurus - shoproxstore - Shopify,direct_to_consumer,fulfilled,2025-03-04,2025-07-12,2025-03-04,PA2,OnTrac,1,1,13.48,7.5,0.0,20.98,shipmonk_estimate,USD
138744,6472698593590,Cattasaurus - shoproxstore - Shopify,direct_to_consumer,fulfilled,2025-03-04,2025-03-06,2025-03-04,PA2,FedEx,1,1,15.23,2.26,0.0,17.49,shipmonk_estimate,USD
138745,6472710750518,Cattasaurus - shoproxstore - Shopify,direct_to_consumer,fulfilled,2025-03-04,2025-03-06,2025-03-04,PA2,FedEx,1,1,27.15,2.63,0.0,29.78,shipmonk_estimate,USD
138747,6472745812278,Cattasaurus - shoproxstore - Shopify,direct_to_consumer,fulfilled,2025-03-04,,2025-03-04,PA2,ShipMonk,1,0,22.74,5.67,0.0,28.41,shipmonk_estimate,USD
138751_1,ed19ccdb-585d-4c3c-95ea-6e75b776db38,Cattasaurus - shoproxstore - Shopify,direct_to_consumer,fulfilled,2025-03-04,2025-03-05,2025-03-04,NV3,DHL eCommerce,1,1,5.1,1.89,0.3,7.29,shipmonk_estimate,USD
138752,6473229435190,Cattasaurus - shoproxstore - Shopify,direct_to_consumer,fulfilled,2025-03-04,2025-03-06,2025-03-04,PA2,FedEx,1,1,16.73,2.63,0.0,19.36,shipmonk_estimate,USD
138753,6473251979574,Cattasaurus - shoproxstore - Shopify,direct_to_consumer,fulfilled,2025-03-04,2025-03-09,2025-03-04,PA2,FedEx,1,1,13.03,2.26,0.0,15.29,shipmonk_estimate,USD
138756,6473311879478,Cattasaurus - shoproxstore - Shopify,direct_to_consumer,fulfilled,2025-03-04,2025-03-06,2025-03-04,PA2,FedEx,1,1,21.0,2.63,0.0,23.63,shipmonk_estimate,USD
138757,6473316860214,Cattasaurus - shoproxstore - Shopify,direct_to_consumer,fulfilled,2025-03-04,2025-03-09,2025-03-04,PA2,UPS,1,1,15.61,2.26,0.0,17.87,shipmonk_estimate,USD
138758,6473328886070,Cattasaurus - shoproxstore - Shopify,direct_to_consumer,fulfilled,2025-03-04,2025-03-09,2025-03-04,PA2,FedEx,1,1,14.08,2.26,0.0,16.34,shipmonk_estimate,USD
138759,6473358377270,Cattasaurus - shoproxstore - Shopify,direct_to_consumer,fulfilled,2025-03-04,2025-03-09,2025-03-04,PA2,FedEx,1,1,16.71,2.26,0.0,18.97,shipmonk_estimate,USD
138760,6473369125174,Cattasaurus - shoproxstore - Shopify,direct_to_consumer,fulfilled,2025-03-04,2025-03-09,2025-03-04,PA2,FedEx,1,1,16.71,2.26,0.0,18.97,shipmonk_estimate,USD
138762,6473695461686,Cattasaurus - shoproxstore - Shopify,direct_to_consumer,fulfilled,2025-03-04,2025-03-09,2025-03-04,PA2,FedEx,1,1,13.85,2.26,0.0,16.11,shipmonk_estimate,USD
138764,6474182164790,Cattasaurus - shoproxstore - Shopify,direct_to_consumer,fulfilled,2025-03-04,2025-03-06,2025-03-04,PA2,FedEx,1,1,21.0,2.63,0.0,23.63,shipmonk_estimate,USD
138766,6474801283382,Cattasaurus - shoproxstore - Shopify,direct_to_consumer,fulfilled,2025-03-04,2025-03-06,2025-03-04,PA2,FedEx,1,1,19.47,2.63,0.0,22.1,shipmonk_estimate,USD
138767,6474811146550,Cattasaurus - shoproxstore - Shopify,direct_to_consumer,fulfilled,2025-03-04,2025-07-15,2025-03-04,PA2,OnTrac,1,1,15.73,7.5,0.0,23.23,shipmonk_estimate,USD
138769,6474971021622,Cattasaurus - shoproxstore - Shopify,direct_to_consumer,fulfilled,2025-03-04,2025-03-09,2025-03-04,PA2,UPS,1,1,15.39,2.26,0.0,17.65,shipmonk_estimate,USD
138772,6475168219446,Cattasaurus - shoproxstore - Shopify,direct_to_consumer,fulfilled,2025-03-04,2025-03-06,2025-03-04,PA2,FedEx,1,1,23.73,2.63,0.0,26.36,shipmonk_estimate,USD
138773,6475424530742,Cattasaurus - shoproxstore - Shopify,direct_to_consumer,fulfilled,2025-03-04,2025-03-06,2025-03-04,PA2,UPS,1,1,20.37,4.11,0.0,24.48,shipmonk_estimate,USD
138774,6476234686774,Cattasaurus - shoproxstore - Shopify,direct_to_consumer,fulfilled,2025-03-04,2025-03-09,2025-03-04,PA2,FedEx,1,1,16.71,2.26,0.0,18.97,shipmonk_estimate,USD
138777,6476279841078,Cattasaurus - shoproxstore - Shopify,direct_to_consumer,fulfilled,2025-03-04,2025-03-09,2025-03-04,PA2,FedEx,1,1,13.85,2.63,0.0,16.48,shipmonk_estimate,USD
138779,6476316770614,Cattasaurus - shoproxstore - Shopify,direct_to_consumer,fulfilled,2025-03-04,2025-03-09,2025-03-04,PA2,FedEx,1,1,16.71,2.63,0.0,19.34,shipmonk_estimate,USD
113-7413254-4233052,113-7413254-4233052,Cattasaurus - Amazon USA,direct_to_consumer,fulfilled,2025-03-05,2025-03-06,2025-03-05,NV3,FedEx,1,1,19.3,2.26,0.0,21.56,shipmonk_estimate,USD
114-5881088-3655451,114-5881088-3655451,Cattasaurus - Amazon USA,direct_to_consumer,fulfilled,2025-03-05,2025-03-05,2025-03-05,PA2,USPS,1,1,4.89,1.89,0.3,7.08,shipmonk_estimate,USD
138781,6476404392246,Cattasaurus - shoproxstore - Shopify,direct_to_consumer,fulfilled,2025-03-05,2025-03-06,2025-03-05,PA2,FedEx,1,1,27.15,2.63,0.0,29.78,shipmonk_estimate,USD
138782,6476441485622,Cattasaurus - shoproxstore - Shopify,direct_to_consumer,fulfilled,2025-03-05,2025-03-06,2025-03-05,PA2,FedEx,1,1,13.03,4.11,0.0,17.14,shipmonk_estimate,USD
138784,6476499321142,Cattasaurus - shoproxstore - Shopify,direct_to_consumer,fulfilled,2025-03-05,2025-03-09,2025-03-05,PA2,FedEx,1,1,14.08,2.26,0.0,16.34,shipmonk_estimate,USD
138786_2,8e82f074-8fa0-4e6e-9b63-851f3d1980b8,Cattasaurus - shoproxstore - Shopify,direct_to_consumer,fulfilled,2025-03-05,2025-03-06,2025-03-05,NV3,DHL eCommerce,1,1,5.68,1.89,0.0,7.57,shipmonk_estimate,USD
138787,6476559909174,Cattasaurus - shoproxstore - Shopify,direct_to_consumer,fulfilled,2025-03-05,2025-03-06,2025-03-05,PA2,FedEx,1,1,18.27,2.26,0.0,20.53,shipmonk_estimate,USD
138788,6476565872950,Cattasaurus - shoproxstore - Shopify,direct_to_consumer,fulfilled,2025-03-05,2025-03-10,2025-03-05,PA2,FedEx,1,1,14.08,2.63,0.0,16.71,shipmonk_estimate,USD
138789,6476573212982,Cattasaurus - shoproxstore - Shopify,direct_to_consumer,fulfilled,2025-03-05,2025-03-09,2025-03-05,PA2,FedEx,1,1,18.83,2.26,0.0,21.09,shipmonk_estimate,USD
138790,6476577407286,Cattasaurus - shoproxstore - Shopify,direct_to_consumer,fulfilled,2025-03-05,2025-03-06,2025-03-05,PA2,FedEx,1,1,15.23,2.26,0.0,17.49,shipmonk_estimate,USD
138793,6476587663670,Cattasaurus - shoproxstore - Shopify,direct_to_consumer,fulfilled,2025-03-05,2025-03-06,2025-03-05,PA2,FedEx,2,1,21.0,3.0,0.0,24.0,shipmonk_estimate,USD
138793_1,f5cd23a4-75b4-454e-aa25-5fa7b5a5973d,Cattasaurus - shoproxstore - Shopify,direct_to_consumer,fulfilled,2025-03-05,2025-03-06,2025-03-05,PA2,FedEx,1,1,21.0,2.63,0.0,23.63,shipmonk_estimate,USD
138794,6476589564214,Cattasaurus - shoproxstore - Shopify,direct_to_consumer,fulfilled,2025-03-05,2025-03-06,2025-03-05,PA2,FedEx,1,1,21.0,2.63,0.0,23.63,shipmonk_estimate,USD
138795,6476603490614,Cattasaurus - shoproxstore - Shopify,direct_to_consumer,fulfilled,2025-03-05,2025-03-06,2025-03-05,PA2,UPS,1,1,14.68,2.63,0.0,17.31,shipmonk_estimate,USD
138796,6476604440886,Cattasaurus - shoproxstore - Shopify,direct_to_consumer,fulfilled,2025-03-05,2025-03-09,2025-03-05,PA2,UPS,1,1,18.24,2.26,0.0,20.5,shipmonk_estimate,USD
138797,6476606341430,Cattasaurus - shoproxstore - Shopify,direct_to_consumer,fulfilled,2025-03-05,2025-03-09,2025-03-05,PA2,FedEx,1,1,18.83,2.26,0.0,21.09,shipmonk_estimate,USD
138798,6476608340278,Cattasaurus - shoproxstore - Shopify,direct_to_consumer,fulfilled,2025-03-05,2025-03-06,2025-03-05,PA2,UPS,2,1,14.68,3.0,0.0,17.68,shipmonk_estimate,USD
138799,6476660015414,Cattasaurus - shoproxstore - Shopify,direct_to_consumer,fulfilled,2025-03-05,2025-03-09,2025-03-05,PA2,FedEx,1,1,16.71,2.26,0.0,18.97,shipmonk_estimate,USD
138801,6477273661750,Cattasaurus - shoproxstore - Shopify,direct_to_consumer,fulfilled,2025-03-05,2025-03-06,2025-03-05,PA2,DHL eCommerce,1,1,10.45,2.26,0.5,13.21,shipmonk_estimate,USD
138802,6477280182582,Cattasaurus - shoproxstore - Shopify,direct_to_consumer,fulfilled,2025-03-05,2025-03-06,2025-03-05,PA2,FedEx,1,1,23.73,2.63,0.0,26.36,shipmonk_estimate,USD
138803,6477465944374,Cattasaurus - shoproxstore - Shopify,direct_to_consumer,fulfilled,2025-03-05,2025-03-10,2025-03-05,PA2,FedEx,2,1,16.73,3.0,0.0,19.73,shipmonk_estimate,USD
138805,6477643448630,Cattasaurus - shoproxstore - Shopify,direct_to_consumer,fulfilled,2025-03-05,2025-03-10,2025-03-05,PA2,UPS,2,1,14.08,2.63,0.0,16.71,shipmonk_estimate,USD
138806,6477711212854,Cattasaurus - shoproxstore - Shopify,direct_to_consumer,fulfilled,2025-03-05,2025-03-10,2025-03-05,PA2,FedEx,1,1,13.15,2.26,0.0,15.41,shipmonk_estimate,USD
138806_1,043c0143-ec40-49f1-b928-99a8bcf719f7,Cattasaurus - shoproxstore - Shopify,direct_to_consumer,fulfilled,2025-03-05,2025-03-10,2025-03-05,NV3,DHL eCommerce,1,1,6.21,1.89,0.3,8.4,shipmonk_estimate,USD
138807,6477720650038,Cattasaurus - shoproxstore - Shopify,direct_to_consumer,fulfilled,2025-03-05,2025-03-08,2025-03-05,PA2,FedEx,1,1,13.85,4.11,0.0,17.96,shipmonk_estimate,USD
138808,6477733790006,Cattasaurus - shoproxstore - Shopify,direct_to_consumer,fulfilled,2025-03-05,2025-03-06,2025-03-05,PA2,FedEx,1,1,19.47,2.63,0.0,22.1,shipmonk_estimate,USD
138809,6477740310838,Cattasaurus - shoproxstore - Shopify,direct_to_consumer,fulfilled,2025-03-05,2025-03-06,2025-03-05,PA2,FedEx,1,1,21.0,2.63,0.0,23.63,shipmonk_estimate,USD
138810,6477757251894,Cattasaurus - shoproxstore - Shopify,direct_to_consumer,fulfilled,2025-03-05,2025-03-09,2025-03-05,PA2,FedEx,1,1,14.08,2.63,0.0,16.71,shipmonk_estimate,USD
138811,6477814825270,Cattasaurus - shoproxstore - Shopify,direct_to_consumer,fulfilled,2025-03-05,2025-03-09,2025-03-05,PA2,FedEx,1,1,18.83,2.63,0.0,21.46,shipmonk_estimate,USD
138813,6477868990774,Cattasaurus - shoproxstore - Shopify,direct_to_consumer,fulfilled,2025-03-05,2025-03-09,2025-03-05,PA2,UPS,1,1,18.24,2.63,0.0,20.87,shipmonk_estimate,USD
138814,6477905690934,Cattasaurus - shoproxstore - Shopify,direct_to_consumer,fulfilled,2025-03-05,2025-03-09,2025-03-05,PA2,UPS,1,1,18.24,2.63,0.0,20.87,shipmonk_estimate,USD
138815,6478086046006,Cattasaurus - shoproxstore - Shopify,direct_to_consumer,fulfilled,2025-03-05,2025-03-09,2025-03-05,PA2,UPS,1,1,15.39,2.63,0.0,18.02,shipmonk_estimate,USD
138816,6478129168694,Cattasaurus - shoproxstore - Shopify,direct_to_consumer,fulfilled,2025-03-05,2025-03-10,2025-03-05,PA2,FedEx,1,1,18.83,2.63,0.0,21.46,shipmonk_estimate,USD
138817,6478305198390,Cattasaurus - shoproxstore - Shopify,direct_to_consumer,fulfilled,2025-03-05,2025-03-06,2025-03-05,PA2,FedEx,1,1,15.23,2.63,0.0,17.86,shipmonk_estimate,USD
138822,6478522450230,Cattasaurus - shoproxstore - Shopify,direct_to_consumer,fulfilled,2025-03-05,2025-03-07,2025-03-05,PA2,FedEx,1,1,21.0,2.63,0.0,23.63,shipmonk_estimate,USD
138823,6478541357366,Cattasaurus - shoproxstore - Shopify,direct_to_consumer,fulfilled,2025-03-05,2025-03-09,2025-03-05,PA2,FedEx,1,1,18.83,2.26,0.0,21.09,shipmonk_estimate,USD
138824,6478570422582,Cattasaurus - shoproxstore - Shopify,direct_to_consumer,fulfilled,2025-03-05,2025-03-09,2025-03-05,PA2,FedEx,1,1,13.03,2.26,0.0,15.29,shipmonk_estimate,USD
138825,6478572454198,Cattasaurus - shoproxstore - Shopify,direct_to_consumer,fulfilled,2025-03-05,2025-03-10,2025-03-05,PA2,UPS,1,1,18.24,2.63,0.0,20.87,shipmonk_estimate,USD
138827,6478584217910,Cattasaurus - shoproxstore - Shopify,direct_to_consumer,fulfilled,2025-03-05,2025-03-09,2025-03-05,PA2,UPS,1,1,18.24,2.26,0.0,20.5,shipmonk_estimate,USD
138830,6478645985590,Cattasaurus - shoproxstore - Shopify,direct_to_consumer,fulfilled,2025-03-05,2025-03-10,2025-03-05,PA2,UPS,1,1,15.61,2.63,0.0,18.24,shipmonk_estimate,USD
138833,6478686552374,Cattasaurus - shoproxstore - Shopify,direct_to_consumer,fulfilled,2025-03-05,2025-03-09,2025-03-05,PA2,FedEx,1,1,13.85,2.26,0.0,16.11,shipmonk_estimate,USD
138834,6478695629110,Cattasaurus - shoproxstore - Shopify,direct_to_consumer,fulfilled,2025-03-05,2025-03-09,2025-03-05,PA2,FedEx,1,1,16.71,2.26,0.0,18.97,shipmonk_estimate,USD
138835,6478698447158,Cattasaurus - shoproxstore - Shopify,direct_to_consumer,fulfilled,2025-03-05,2025-03-07,2025-03-05,PA2,FedEx,2,1,19.47,3.0,0.0,22.47,shipmonk_estimate,USD
138836,6478701691190,Cattasaurus - shoproxstore - Shopify,direct_to_consumer,fulfilled,2025-03-05,2025-03-09,2025-03-05,PA2,FedEx,1,1,14.08,2.26,0.0,16.34,shipmonk_estimate,USD
138839,6478711357750,Cattasaurus - shoproxstore - Shopify,direct_to_consumer,fulfilled,2025-03-05,2025-03-09,2025-03-05,PA2,FedEx,1,1,13.85,2.26,0.0,16.11,shipmonk_estimate,USD
138842,6478739734838,Cattasaurus - shoproxstore - Shopify,direct_to_consumer,fulfilled,2025-03-05,2025-03-07,2025-03-05,PA2,FedEx,1,1,16.71,2.63,0.0,19.34,shipmonk_estimate,USD
138845,6478764638518,Cattasaurus - shoproxstore - Shopify,direct_to_consumer,fulfilled,2025-03-05,2025-03-07,2025-03-05,PA2,FedEx,1,1,25.26,2.63,0.0,27.89,shipmonk_estimate,USD
138847,6478793933110,Cattasaurus - shoproxstore - Shopify,direct_to_consumer,fulfilled,2025-03-05,2025-03-07,2025-03-05,PA2,FedEx,1,1,15.23,2.63,0.0,17.86,shipmonk_estimate,USD
138849,6478812578102,Cattasaurus - shoproxstore - Shopify,direct_to_consumer,fulfilled,2025-03-05,2025-03-07,2025-03-05,PA2,FedEx,1,1,22.2,2.63,0.0,24.83,shipmonk_estimate,USD
138851,6478866645302,Cattasaurus - shoproxstore - Shopify,direct_to_consumer,fulfilled,2025-03-05,2025-03-09,2025-03-05,PA2,UPS,1,1,20.37,2.26,0.0,22.63,shipmonk_estimate,USD
138852,6478869233974,Cattasaurus - shoproxstore - Shopify,direct_to_consumer,fulfilled,2025-03-05,2025-03-07,2025-03-05,PA2,FedEx,1,1,14.08,4.11,0.0,18.19,shipmonk_estimate,USD
138853,6478876442934,Cattasaurus - shoproxstore - Shopify,direct_to_consumer,fulfilled,2025-03-05,2025-03-09,2025-03-05,PA2,USPS,1,1,17.85,2.26,0.0,20.11,shipmonk_estimate,USD
138854,6478889976118,Cattasaurus - shoproxstore - Shopify,direct_to_consumer,fulfilled,2025-03-05,2025-03-09,2025-03-05,PA2,FedEx,1,1,16.71,2.26,0.0,18.97,shipmonk_estimate,USD
138855,6478921662774,Cattasaurus - shoproxstore - Shopify,direct_to_consumer,fulfilled,2025-03-05,2025-03-10,2025-03-05,PA2,FedEx,1,1,13.03,4.11,0.0,17.14,shipmonk_estimate,USD
138861,6478934769974,Cattasaurus - shoproxstore - Shopify,direct_to_consumer,fulfilled,2025-03-05,2025-03-09,2025-03-05,PA2,FedEx,1,1,16.71,2.26,0.0,18.97,shipmonk_estimate,USD
138862,6478945943862,Cattasaurus - shoproxstore - Shopify,direct_to_consumer,fulfilled,2025-03-05,2025-03-10,2025-03-05,PA2,FedEx,2,1,14.08,3.0,0.0,17.08,shipmonk_estimate,USD
138864,6478947483958,Cattasaurus - shoproxstore - Shopify,direct_to_consumer,fulfilled,2025-03-05,2025-03-07,2025-03-05,PA2,FedEx,1,1,16.73,2.63,0.0,19.36,shipmonk_estimate,USD
138865,6478949876022,Cattasaurus - shoproxstore - Shopify,direct_to_consumer,fulfilled,2025-03-05,2025-03-09,2025-03-05,PA2,FedEx,1,1,13.03,2.26,0.0,15.29,shipmonk_estimate,USD
138866,6478968357174,Cattasaurus - shoproxstore - Shopify,direct_to_consumer,fulfilled,2025-03-05,2025-03-07,2025-03-05,PA2,FedEx,1,1,13.15,2.63,0.0,15.78,shipmonk_estimate,USD
138867,6478971142454,Cattasaurus - shoproxstore - Shopify,direct_to_consumer,fulfilled,2025-03-05,2025-03-07,2025-03-05,PA2,FedEx,1,1,16.73,2.63,0.0,19.36,shipmonk_estimate,USD
138869,6478978449718,Cattasaurus - shoproxstore - Shopify,direct_to_consumer,fulfilled,2025-03-05,2025-03-07,2025-03-05,PA2,FedEx,2,1,18.27,2.63,0.0,20.9,shipmonk_estimate,USD
138870,6478980972854,Cattasaurus - shoproxstore - Shopify,direct_to_consumer,fulfilled,2025-03-05,2025-03-10,2025-03-05,PA2,UPS,1,1,18.24,2.63,0.0,20.87,shipmonk_estimate,USD
138871,6478982545718,Cattasaurus - shoproxstore - Shopify,direct_to_consumer,fulfilled,2025-03-05,2025-03-09,2025-03-05,PA2,UPS,1,1,18.24,2.26,0.0,20.5,shipmonk_estimate,USD
138873,6478985330998,Cattasaurus - shoproxstore - Shopify,direct_to_consumer,fulfilled,2025-03-05,2025-03-09,2025-03-05,PA2,FedEx,1,1,14.08,2.26,0.0,16.34,shipmonk_estimate,USD
138877,6479035760950,Cattasaurus - shoproxstore - Shopify,direct_to_consumer,fulfilled,2025-03-05,2025-03-09,2025-03-05,PA2,UPS,1,1,18.24,2.26,0.0,20.5,shipmonk_estimate,USD
138879,6479044608310,Cattasaurus - shoproxstore - Shopify,direct_to_consumer,fulfilled,2025-03-05,2025-03-07,2025-03-05,PA2,FedEx,2,1,21.0,2.63,0.0,23.63,shipmonk_estimate,USD
138880,6479066104118,Cattasaurus - shoproxstore - Shopify,direct_to_consumer,fulfilled,2025-03-05,2025-03-09,2025-03-05,PA2,UPS,1,1,15.39,2.26,0.0,17.65,shipmonk_estimate,USD
138881,6479075508534,Cattasaurus - shoproxstore - Shopify,direct_to_consumer,fulfilled,2025-03-05,2025-03-12,2025-03-05,PA2,UPS,1,1,18.24,2.26,0.0,20.5,shipmonk_estimate,USD
138882,6479080390966,Cattasaurus - shoproxstore - Shopify,direct_to_consumer,fulfilled,2025-03-05,2025-03-10,2025-03-05,PA2,FedEx,1,1,14.08,2.63,0.0,16.71,shipmonk_estimate,USD
138883,6479084486966,Cattasaurus - shoproxstore - Shopify,direct_to_consumer,fulfilled,2025-03-05,2025-03-10,2025-03-05,PA2,UPS,2,2,30.78,4.89,0.0,35.67,shipmonk_estimate,USD
138884,6479086158134,Cattasaurus - shoproxstore - Shopify,direct_to_consumer,fulfilled,2025-03-05,2025-03-09,2025-03-05,PA2,FedEx,1,1,13.85,2.26,0.0,16.11,shipmonk_estimate,USD
138885,6479093268790,Cattasaurus - shoproxstore - Shopify,direct_to_consumer,fulfilled,2025-03-05,2025-03-09,2025-03-05,PA2,FedEx,1,1,18.24,2.26,0.0,20.5,shipmonk_estimate,USD
138886,6479105622326,Cattasaurus - shoproxstore - Shopify,direct_to_consumer,fulfilled,2025-03-05,2025-03-09,2025-03-05,PA2,UPS,1,1,15.61,2.26,0.0,17.87,shipmonk_estimate,USD
138888,6479122694454,Cattasaurus - shoproxstore - Shopify,direct_to_consumer,fulfilled,2025-03-05,2025-03-09,2025-03-05,PA2,UPS,1,1,18.24,2.26,0.0,20.5,shipmonk_estimate,USD
138890,6479127511350,Cattasaurus - shoproxstore - Shopify,direct_to_consumer,fulfilled,2025-03-05,2025-03-07,2025-03-05,PA2,FedEx,1,1,25.68,3.0,0.0,28.68,shipmonk_estimate,USD
138892,6479135277366,Cattasaurus - shoproxstore - Shopify,direct_to_consumer,fulfilled,2025-03-05,2025-03-07,2025-03-05,PA2,FedEx,1,1,25.26,2.26,0.0,27.52,shipmonk_estimate,USD
138893_1,69f8200f-7787-4622-8ec3-73e3fdb97d4f,Cattasaurus - shoproxstore - Shopify,direct_to_consumer,fulfilled,2025-03-05,2025-03-06,2025-03-05,NV3,DHL eCommerce,1,1,7.01,2.26,0.5,9.77,shipmonk_estimate,USD
138894,6479145009462,Cattasaurus - shoproxstore - Shopify,direct_to_consumer,fulfilled,2025-03-05,2025-03-10,2025-03-05,PA2,FedEx,1,1,16.77,2.63,0.0,19.4,shipmonk_estimate,USD
138895,6479147467062,Cattasaurus - shoproxstore - Shopify,direct_to_consumer,fulfilled,2025-03-05,2025-03-10,2025-03-05,PA2,FedEx,1,1,13.03,2.63,0.0,15.66,shipmonk_estimate,USD
138899,6479211430198,Cattasaurus - shoproxstore - Shopify,direct_to_consumer,fulfilled,2025-03-05,2025-03-10,2025-03-05,PA2,UPS,2,1,18.24,3.0,0.0,21.24,shipmonk_estimate,USD
138900,6479213429046,Cattasaurus - shoproxstore - Shopify,direct_to_consumer,fulfilled,2025-03-05,2025-03-09,2025-03-05,PA2,FedEx,1,1,16.71,2.26,0.0,18.97,shipmonk_estimate,USD
138901,6479219917110,Cattasaurus - shoproxstore - Shopify,direct_to_consumer,fulfilled,2025-03-05,2025-03-07,2025-03-05,PA2,FedEx,1,1,23.73,2.63,0.0,26.36,shipmonk_estimate,USD
138902,6479220048182,Cattasaurus - shoproxstore - Shopify,direct_to_consumer,fulfilled,2025-03-05,2025-03-09,2025-03-05,PA2,FedEx,1,1,14.08,2.26,0.0,16.34,shipmonk_estimate,USD
138903,6479238463798,Cattasaurus - shoproxstore - Shopify,direct_to_consumer,fulfilled,2025-03-05,2025-03-09,2025-03-05,PA2,FedEx,1,1,16.71,2.26,0.0,18.97,shipmonk_estimate,USD
138904,6479244591414,Cattasaurus - shoproxstore - Shopify,direct_to_consumer,fulfilled,2025-03-05,2025-03-09,2025-03-05,PA2,FedEx,1,1,13.03,2.26,0.0,15.29,shipmonk_estimate,USD
138905_1,24510951-d58b-4db7-a355-c187581bd8ce,Cattasaurus - shoproxstore - Shopify,direct_to_consumer,fulfilled,2025-03-05,2025-03-06,2025-03-05,NV3,USPS,1,1,4.97,1.89,0.3,7.16,shipmonk_estimate,USD
138906,6479247802678,Cattasaurus - shoproxstore - Shopify,direct_to_consumer,fulfilled,2025-03-05,2025-03-10,2025-03-05,PA2,FedEx,1,1,16.73,2.63,0.0,19.36,shipmonk_estimate,USD
138906_1,0f1afa8c-6b63-4e5f-bc56-f8b2309945a8,Cattasaurus - shoproxstore - Shopify,direct_to_consumer,fulfilled,2025-03-05,2025-03-10,2025-03-05,NV3,DHL eCommerce,1,1,6.21,1.89,0.3,8.4,shipmonk_estimate,USD
138907,6479254356278,Cattasaurus - shoproxstore - Shopify,direct_to_consumer,fulfilled,2025-03-05,2025-03-09,2025-03-05,PA2,UPS,1,1,18.24,2.26,0.0,20.5,shipmonk_estimate,USD
138908_1,105541a7-a447-4b6f-b39a-b9bb4ddf2e8b,Cattasaurus - shoproxstore - Shopify,direct_to_consumer,fulfilled,2025-03-05,2025-03-06,2025-03-05,NV3,DHL eCommerce,3,1,7.01,3.0,0.5,10.51,shipmonk_estimate,USD
138909,6479256551734,Cattasaurus - shoproxstore - Shopify,direct_to_consumer,fulfilled,2025-03-05,2025-03-09,2025-03-05,PA2,UPS,1,1,18.24,2.26,0.0,20.5,shipmonk_estimate,USD
138910,6479258124598,Cattasaurus - shoproxstore - Shopify,direct_to_consumer,fulfilled,2025-03-05,2025-03-10,2025-03-05,PA2,FedEx,1,1,16.71,2.63,0.0,19.34,shipmonk_estimate,USD
138911,6479271330102,Cattasaurus - shoproxstore - Shopify,direct_to_consumer,fulfilled,2025-03-05,2025-03-09,2025-03-05,PA2,UPS,1,1,15.61,2.26,0.0,17.87,shipmonk_estimate,USD
138913,6479287353654,Cattasaurus - shoproxstore - Shopify,direct_to_consumer,fulfilled,2025-03-05,2025-03-07,2025-03-05,PA2,FedEx,2,1,19.47,2.63,0.0,22.1,shipmonk_estimate,USD
138914,6479306359094,Cattasaurus - shoproxstore - Shopify,direct_to_consumer,fulfilled,2025-03-05,2025-03-09,2025-03-05,PA2,FedEx,1,1,13.03,2.26,0.0,15.29,shipmonk_estimate,USD
138915,6479310520630,Cattasaurus - shoproxstore - Shopify,direct_to_consumer,fulfilled,2025-03-05,2025-03-07,2025-03-05,PA2,FedEx,1,1,21.0,2.63,0.0,23.63,shipmonk_estimate,USD
138916,6479314288950,Cattasaurus - shoproxstore - Shopify,direct_to_consumer,fulfilled,2025-03-05,2025-03-09,2025-03-05,PA2,FedEx,1,1,16.71,2.26,0.0,18.97,shipmonk_estimate,USD
138917,6479314518326,Cattasaurus - shoproxstore - Shopify,direct_to_consumer,fulfilled,2025-03-05,2025-03-10,2025-03-05,PA2,FedEx,1,1,16.71,2.63,0.0,19.34,shipmonk_estimate,USD
138921,6479348072758,Cattasaurus - shoproxstore - Shopify,direct_to_consumer,fulfilled,2025-03-05,2025-03-09,2025-03-05,PA2,FedEx,1,1,13.85,2.26,0.0,16.11,shipmonk_estimate,USD
138923,6479352168758,Cattasaurus - shoproxstore - Shopify,direct_to_consumer,fulfilled,2025-03-05,2025-03-07,2025-03-05,PA2,FedEx,1,1,18.27,2.63,0.0,20.9,shipmonk_estimate,USD
138924,6479354298678,Cattasaurus - shoproxstore - Shopify,direct_to_consumer,fulfilled,2025-03-05,2025-03-07,2025-03-05,PA2,FedEx,1,1,16.77,2.63,0.0,19.4,shipmonk_estimate,USD
138925,6479367897398,Cattasaurus - shoproxstore - Shopify,direct_to_consumer,fulfilled,2025-03-05,2025-03-10,2025-03-05,PA2,FedEx,1,1,16.71,4.11,0.0,20.82,shipmonk_estimate,USD
138926,6479396929846,Cattasaurus - shoproxstore - Shopify,direct_to_consumer,fulfilled,2025-03-05,2025-03-07,2025-03-05,PA2,FedEx,1,1,21.0,2.63,0.0,23.63,shipmonk_estimate,USD
138927,6479412658486,Cattasaurus - shoproxstore - Shopify,direct_to_consumer,fulfilled,2025-03-05,2025-03-07,2025-03-05,PA2,FedEx,1,1,23.73,2.63,0.0,26.36,shipmonk_estimate,USD
138928,6479428813110,Cattasaurus - shoproxstore - Shopify,direct_to_consumer,fulfilled,2025-03-05,2025-03-09,2025-03-05,PA2,FedEx,1,1,16.71,2.26,0.0,18.97,shipmonk_estimate,USD
138930,6479459582262,Cattasaurus - shoproxstore - Shopify,direct_to_consumer,fulfilled,2025-03-05,2025-03-09,2025-03-05,PA2,FedEx,1,1,16.71,2.26,0.0,18.97,shipmonk_estimate,USD
138931,6479466758454,Cattasaurus - shoproxstore - Shopify,direct_to_consumer,fulfilled,2025-03-05,2025-03-07,2025-03-05,PA2,FedEx,1,1,16.77,2.63,0.0,19.4,shipmonk_estimate,USD
138932,6479476621622,Cattasaurus - shoproxstore - Shopify,direct_to_consumer,fulfilled,2025-03-05,2025-03-10,2025-03-05,PA2,FedEx,2,1,16.71,4.48,0.0,21.19,shipmonk_estimate,USD
138935,6479522496822,Cattasaurus - shoproxstore - Shopify,direct_to_consumer,fulfilled,2025-03-05,2025-03-07,2025-03-05,PA2,FedEx,1,1,16.73,2.63,0.0,19.36,shipmonk_estimate,USD
138936,6479522693430,Cattasaurus - shoproxstore - Shopify,direct_to_consumer,fulfilled,2025-03-05,2025-03-10,2025-03-05,PA2,UPS,3,2,84.04,5.63,0.0,89.67,shipmonk_estimate,USD
138938,6479647670582,Cattasaurus - shoproxstore - Shopify,direct_to_consumer,fulfilled,2025-03-06,2025-03-09,2025-03-06,PA2,UPS,1,1,15.39,2.26,0.0,17.65,shipmonk_estimate,USD
138939,6479676703030,Cattasaurus - shoproxstore - Shopify,direct_to_consumer,fulfilled,2025-03-06,2025-03-10,2025-03-06,PA2,UPS,3,1,18.24,5.22,0.0,23.46,shipmonk_estimate,USD
138940,6479719858486,Cattasaurus - shoproxstore - Shopify,direct_to_consumer,fulfilled,2025-03-06,2025-03-09,2025-03-06,PA2,UPS,1,1,18.24,2.26,0.0,20.5,shipmonk_estimate,USD
138941,6479774286134,Cattasaurus - shoproxstore - Shopify,direct_to_consumer,fulfilled,2025-03-06,2025-03-10,2025-03-06,PA2,FedEx,1,1,16.73,2.26,0.0,18.99,shipmonk_estimate,USD
138942,6479803416886,Cattasaurus - shoproxstore - Shopify,direct_to_consumer,fulfilled,2025-03-06,2025-03-09,2025-03-06,PA2,USPS,1,1,14.41,2.26,0.0,16.67,shipmonk_estimate,USD
138943,6479805186358,Cattasaurus - shoproxstore - Shopify,direct_to_consumer,fulfilled,2025-03-06,2025-03-10,2025-03-06,PA2,FedEx,1,1,13.85,2.63,0.0,16.48,shipmonk_estimate,USD
138944,6479821406518,Cattasaurus - shoproxstore - Shopify,direct_to_consumer,fulfilled,2025-03-06,2025-03-09,2025-03-06,PA2,FedEx,1,1,16.71,2.26,0.0,18.97,shipmonk_estimate,USD
138945,6479826256182,Cattasaurus - shoproxstore - Shopify,direct_to_consumer,fulfilled,2025-03-06,2025-03-09,2025-03-06,PA2,FedEx,1,1,16.71,2.26,0.0,18.97,shipmonk_estimate,USD
138946,6479846015286,Cattasaurus - shoproxstore - Shopify,direct_to_consumer,fulfilled,2025-03-06,2025-03-09,2025-03-06,PA2,FedEx,1,1,14.08,2.26,0.0,16.34,shipmonk_estimate,USD
138948,6479859548470,Cattasaurus - shoproxstore - Shopify,direct_to_consumer,fulfilled,2025-03-06,2025-03-07,2025-03-06,PA2,FedEx,1,1,18.83,2.26,0.0,21.09,shipmonk_estimate,USD
138949,6479866331446,Cattasaurus - shoproxstore - Shopify,direct_to_consumer,fulfilled,2025-03-06,2025-03-07,2025-03-06,PA2,FedEx,1,1,16.73,2.63,0.0,19.36,shipmonk_estimate,USD
138950,6479874588982,Cattasaurus - shoproxstore - Shopify,direct_to_consumer,fulfilled,2025-03-06,2025-03-07,2025-03-06,PA2,FedEx,1,1,13.15,2.63,0.0,15.78,shipmonk_estimate,USD
138951,6479883370806,Cattasaurus - shoproxstore - Shopify,direct_to_consumer,fulfilled,2025-03-06,2025-03-15,2025-03-06,PA2,USPS,2,1,21.76,3.0,0.0,24.76,shipmonk_estimate,USD
138952,6479887532342,Cattasaurus - shoproxstore - Shopify,direct_to_consumer,fulfilled,2025-03-06,2025-03-07,2025-03-06,PA2,USPS,1,1,26.31,2.63,0.0,28.94,shipmonk_estimate,USD
138953,6479888482614,Cattasaurus - shoproxstore - Shopify,direct_to_consumer,fulfilled,2025-03-06,2025-03-09,2025-03-06,PA2,FedEx,1,1,14.08,2.26,0.0,16.34,shipmonk_estimate,USD
138954,6479894151478,Cattasaurus - shoproxstore - Shopify,direct_to_consumer,fulfilled,2025-03-06,2025-03-10,2025-03-06,PA2,FedEx,1,1,14.08,2.63,0.0,16.71,shipmonk_estimate,USD
138956,6479925477686,Cattasaurus - shoproxstore - Shopify,direct_to_consumer,fulfilled,2025-03-06,2025-03-07,2025-03-06,PA2,FedEx,1,1,16.73,2.63,0.0,19.36,shipmonk_estimate,USD
138957,6479927935286,Cattasaurus - shoproxstore - Shopify,direct_to_consumer,fulfilled,2025-03-06,2025-03-07,2025-03-06,PA2,FedEx,1,1,14.08,2.63,0.0,16.71,shipmonk_estimate,USD
138958,6479930982710,Cattasaurus - shoproxstore - Shopify,direct_to_consumer,fulfilled,2025-03-06,2025-03-09,2025-03-06,PA2,FedEx,1,1,16.71,2.26,0.0,18.97,shipmonk_estimate,USD
138959,6479932719414,Cattasaurus - shoproxstore - Shopify,direct_to_consumer,fulfilled,2025-03-06,2025-03-09,2025-03-06,PA2,UPS,1,1,14.56,2.26,0.0,16.82,shipmonk_estimate,USD
138960,6479935078710,Cattasaurus - shoproxstore - Shopify,direct_to_consumer,fulfilled,2025-03-06,2025-03-09,2025-03-06,PA2,FedEx,1,1,14.08,2.26,0.0,16.34,shipmonk_estimate,USD
138962,6479962767670,Cattasaurus - shoproxstore - Shopify,direct_to_consumer,fulfilled,2025-03-06,2025-03-09,2025-03-06,PA2,FedEx,1,1,14.08,2.26,0.0,16.34,shipmonk_estimate,USD
138964,6479989211446,Cattasaurus - shoproxstore - Shopify,direct_to_consumer,fulfilled,2025-03-06,2025-03-09,2025-03-06,PA2,FedEx,1,1,16.71,2.26,0.0,18.97,shipmonk_estimate,USD
138965,6479998615862,Cattasaurus - shoproxstore - Shopify,direct_to_consumer,fulfilled,2025-03-06,2025-03-10,2025-03-06,PA2,FedEx,2,1,13.85,3.0,0.0,16.85,shipmonk_estimate,USD
138968,6480029745462,Cattasaurus - shoproxstore - Shopify,direct_to_consumer,fulfilled,2025-03-06,2025-03-07,2025-03-06,PA2,FedEx,1,1,16.77,2.63,0.0,19.4,shipmonk_estimate,USD
138969,6480036790582,Cattasaurus - shoproxstore - Shopify,direct_to_consumer,fulfilled,2025-03-06,2025-03-07,2025-03-06,PA2,FedEx,1,1,14.48,3.0,0.0,17.48,shipmonk_estimate,USD
138970,6480037151030,Cattasaurus - shoproxstore - Shopify,direct_to_consumer,fulfilled,2025-03-06,2025-03-10,2025-03-06,PA2,USPS,1,1,19.39,2.63,0.0,22.02,shipmonk_estimate,USD
138971,6480037773622,Cattasaurus - shoproxstore - Shopify,direct_to_consumer,fulfilled,2025-03-06,2025-03-07,2025-03-06,PA2,FedEx,1,1,19.47,2.63,0.0,22.1,shipmonk_estimate,USD
138972,6480043016502,Cattasaurus - shoproxstore - Shopify,direct_to_consumer,fulfilled,2025-03-06,2025-03-09,2025-03-06,PA2,FedEx,1,1,16.71,2.26,0.0,18.97,shipmonk_estimate,USD
138974,6480056320310,Cattasaurus - shoproxstore - Shopify,direct_to_consumer,fulfilled,2025-03-06,2025-03-09,2025-03-06,PA2,UPS,1,1,14.56,2.26,0.0,16.82,shipmonk_estimate,USD
138976,6480067461430,Cattasaurus - shoproxstore - Shopify,direct_to_consumer,fulfilled,2025-03-06,2025-03-10,2025-03-06,PA2,FedEx,2,1,13.03,4.48,0.0,17.51,shipmonk_estimate,USD
138980,6480094396726,Cattasaurus - shoproxstore - Shopify,direct_to_consumer,fulfilled,2025-03-06,2025-03-10,2025-03-06,PA2,FedEx,1,1,18.83,2.63,0.0,21.46,shipmonk_estimate,USD
138981,6480098230582,Cattasaurus - shoproxstore - Shopify,direct_to_consumer,fulfilled,2025-03-06,2025-03-08,2025-03-06,PA2,FedEx,1,1,21.0,2.26,0.0,23.26,shipmonk_estimate,USD
138982,6480100163894,Cattasaurus - shoproxstore - Shopify,direct_to_consumer,fulfilled,2025-03-06,2025-03-08,2025-03-06,PA2,FedEx,1,1,15.23,2.26,0.0,17.49,shipmonk_estimate,USD
138983,6480104063286,Cattasaurus - shoproxstore - Shopify,direct_to_consumer,fulfilled,2025-03-06,2025-03-07,2025-03-06,PA2,DHL eCommerce,3,1,10.64,3.0,0.5,14.14,shipmonk_estimate,USD
138984,6480104456502,Cattasaurus - shoproxstore - Shopify,direct_to_consumer,fulfilled,2025-03-06,2025-03-08,2025-03-06,PA2,FedEx,2,1,13.03,2.63,0.0,15.66,shipmonk_estimate,USD
138985,6480105341238,Cattasaurus - shoproxstore - Shopify,direct_to_consumer,fulfilled,2025-03-06,2025-03-09,2025-03-06,PA2,FedEx,1,1,13.03,2.63,0.0,15.66,shipmonk_estimate,USD
138987,6480129130806,Cattasaurus - shoproxstore - Shopify,direct_to_consumer,fulfilled,2025-03-06,2025-03-08,2025-03-06,PA2,FedEx,2,1,25.62,3.0,0.0,28.62,shipmonk_estimate,USD
138988,6480131785014,Cattasaurus - shoproxstore - Shopify,direct_to_consumer,fulfilled,2025-03-06,2025-03-09,2025-03-06,PA2,UPS,1,1,14.56,2.26,0.0,16.82,shipmonk_estimate,USD
138989,6480139583798,Cattasaurus - shoproxstore - Shopify,direct_to_consumer,fulfilled,2025-03-06,2025-03-10,2025-03-06,PA2,FedEx,1,1,16.71,2.63,0.0,19.34,shipmonk_estimate,USD
138990,6480142336310,Cattasaurus - shoproxstore - Shopify,direct_to_consumer,fulfilled,2025-03-06,2025-03-08,2025-03-06,PA2,FedEx,2,1,13.15,3.0,0.0,16.15,shipmonk_estimate,USD
138991,6480151970102,Cattasaurus - shoproxstore - Shopify,direct_to_consumer,fulfilled,2025-03-06,2025-03-11,2025-03-06,PA2,FedEx,1,1,17.42,2.26,0.0,19.68,shipmonk_estimate,USD
138992,6480153674038,Cattasaurus - shoproxstore - Shopify,direct_to_consumer,fulfilled,2025-03-06,2025-03-09,2025-03-06,PA2,FedEx,1,1,16.71,2.26,0.0,18.97,shipmonk_estimate,USD
138993,6480164585782,Cattasaurus - shoproxstore - Shopify,direct_to_consumer,fulfilled,2025-03-06,2025-03-09,2025-03-06,PA2,FedEx,1,1,13.85,2.63,0.0,16.48,shipmonk_estimate,USD
138994,6480167928118,Cattasaurus - shoproxstore - Shopify,direct_to_consumer,fulfilled,2025-03-06,2025-03-09,2025-03-06,PA2,UPS,1,1,18.24,2.63,0.0,20.87,shipmonk_estimate,USD
138996,6480218030390,Cattasaurus - shoproxstore - Shopify,direct_to_consumer,fulfilled,2025-03-06,2025-03-09,2025-03-06,PA2,FedEx,2,1,14.08,3.0,0.0,17.08,shipmonk_estimate,USD
138997,6480218063158,Cattasaurus - shoproxstore - Shopify,direct_to_consumer,fulfilled,2025-03-06,2025-03-09,2025-03-06,PA2,UPS,1,1,18.24,2.63,0.0,20.87,shipmonk_estimate,USD
138998,6480218947894,Cattasaurus - shoproxstore - Shopify,direct_to_consumer,fulfilled,2025-03-06,2025-03-10,2025-03-06,PA2,FedEx,1,1,16.73,2.26,0.0,18.99,shipmonk_estimate,USD
138998_1,3ca3162f-1866-46e5-b3d0-30004bf59b19,Cattasaurus - shoproxstore - Shopify,direct_to_consumer,fulfilled,2025-03-06,2025-03-10,2025-03-06,NV3,DHL eCommerce,2,1,7.26,2.26,0.5,10.02,shipmonk_estimate,USD
138999,6480238575926,Cattasaurus - shoproxstore - Shopify,direct_to_consumer,fulfilled,2025-03-06,2025-03-09,2025-03-06,PA2,FedEx,1,1,13.03,2.63,0.0,15.66,shipmonk_estimate,USD
139001,6480293953846,Cattasaurus - shoproxstore - Shopify,direct_to_consumer,fulfilled,2025-03-06,2025-03-09,2025-03-06,PA2,FedEx,1,1,14.08,2.63,0.0,16.71,shipmonk_estimate,USD
139005,6480346939702,Cattasaurus - shoproxstore - Shopify,direct_to_consumer,fulfilled,2025-03-06,2025-03-09,2025-03-06,PA2,FedEx,1,1,22.07,2.63,0.0,24.7,shipmonk_estimate,USD
139006,6480359227702,Cattasaurus - shoproxstore - Shopify,direct_to_consumer,fulfilled,2025-03-06,2025-03-09,2025-03-06,PA2,FedEx,1,1,14.08,2.63,0.0,16.71,shipmonk_estimate,USD
139007,6480361095478,Cattasaurus - shoproxstore - Shopify,direct_to_consumer,fulfilled,2025-03-06,2025-03-08,2025-03-06,PA2,FedEx,1,1,16.73,2.26,0.0,18.99,shipmonk_estimate,USD
139008,6480362864950,Cattasaurus - shoproxstore - Shopify,direct_to_consumer,fulfilled,2025-03-06,2025-03-08,2025-03-06,PA2,FedEx,1,1,15.61,2.26,0.0,17.87,shipmonk_estimate,USD
139009,6480375447862,Cattasaurus - shoproxstore - Shopify,direct_to_consumer,fulfilled,2025-03-06,2025-03-09,2025-03-06,PA2,FedEx,1,1,13.03,2.63,0.0,15.66,shipmonk_estimate,USD
139012,6480388194614,Cattasaurus - shoproxstore - Shopify,direct_to_consumer,fulfilled,2025-03-06,2025-03-09,2025-03-06,PA2,FedEx,2,1,13.03,3.0,0.0,16.03,shipmonk_estimate,USD
139013,6480392880438,Cattasaurus - shoproxstore - Shopify,direct_to_consumer,fulfilled,2025-03-06,2025-03-08,2025-03-06,PA2,UPS,1,1,20.37,2.26,0.0,22.63,shipmonk_estimate,USD
139014,6480405070134,Cattasaurus - shoproxstore - Shopify,direct_to_consumer,fulfilled,2025-03-06,2025-03-09,2025-03-06,PA2,FedEx,2,1,13.85,3.0,0.0,16.85,shipmonk_estimate,USD
139015,6480406184246,Cattasaurus - shoproxstore - Shopify,direct_to_consumer,fulfilled,2025-03-06,2025-03-19,2025-03-06,PA2,UPS,1,1,20.37,2.26,0.0,22.63,shipmonk_estimate,USD
139017,6480422895926,Cattasaurus - shoproxstore - Shopify,direct_to_consumer,fulfilled,2025-03-06,2025-03-08,2025-03-06,PA2,FedEx,1,1,16.73,2.63,0.0,19.36,shipmonk_estimate,USD
139018,6480424534326,Cattasaurus - shoproxstore - Shopify,direct_to_consumer,fulfilled,2025-03-06,2025-03-14,2025-03-06,PA2,FedEx,1,1,24.14,2.26,0.0,26.4,shipmonk_estimate,USD
139019,6480438657334,Cattasaurus - shoproxstore - Shopify,direct_to_consumer,fulfilled,2025-03-06,2025-03-08,2025-03-06,PA2,UPS,1,1,14.08,2.26,0.0,16.34,shipmonk_estimate,USD
139021,6480448225590,Cattasaurus - shoproxstore - Shopify,direct_to_consumer,fulfilled,2025-03-06,2025-03-08,2025-03-06,PA2,FedEx,2,1,14.08,2.63,0.0,16.71,shipmonk_estimate,USD
139022,6480463528246,Cattasaurus - shoproxstore - Shopify,direct_to_consumer,fulfilled,2025-03-06,2025-03-08,2025-03-06,PA2,FedEx,1,1,14.08,2.26,0.0,16.34,shipmonk_estimate,USD
139023,6480464445750,Cattasaurus - shoproxstore - Shopify,direct_to_consumer,fulfilled,2025-03-06,2025-03-08,2025-03-06,PA2,FedEx,1,1,18.83,2.26,0.0,21.09,shipmonk_estimate,USD
139024,6480465297718,Cattasaurus - shoproxstore - Shopify,direct_to_consumer,fulfilled,2025-03-06,2025-03-08,2025-03-06,PA2,FedEx,1,1,19.47,2.63,0.0,22.1,shipmonk_estimate,USD
139025,6480472080694,Cattasaurus - shoproxstore - Shopify,direct_to_consumer,fulfilled,2025-03-06,2025-03-08,2025-03-06,PA2,FedEx,4,1,27.72,5.96,0.0,33.68,shipmonk_estimate,USD
139026,6480472441142,Cattasaurus - shoproxstore - Shopify,direct_to_consumer,fulfilled,2025-03-06,2025-03-11,2025-03-06,PA2,FedEx,1,1,16.71,2.26,0.0,18.97,shipmonk_estimate,USD
139028,6480478535990,Cattasaurus - shoproxstore - Shopify,direct_to_consumer,fulfilled,2025-03-06,2025-03-08,2025-03-06,PA2,FedEx,2,1,16.71,2.26,0.0,18.97,shipmonk_estimate,USD
139029,6480482861366,Cattasaurus - shoproxstore - Shopify,direct_to_consumer,fulfilled,2025-03-06,2025-03-08,2025-03-06,PA2,FedEx,2,1,19.47,3.0,0.0,22.47,shipmonk_estimate,USD
139032,6480526868790,Cattasaurus - shoproxstore - Shopify,direct_to_consumer,fulfilled,2025-03-06,2025-03-08,2025-03-06,PA2,FedEx,1,1,13.85,2.26,0.0,16.11,shipmonk_estimate,USD
139034,6480554885430,Cattasaurus - shoproxstore - Shopify,direct_to_consumer,fulfilled,2025-03-06,2025-03-09,2025-03-06,PA2,FedEx,1,1,18.83,2.63,0.0,21.46,shipmonk_estimate,USD
139036,6480558948662,Cattasaurus - shoproxstore - Shopify,direct_to_consumer,fulfilled,2025-03-06,2025-03-08,2025-03-06,PA2,FedEx,1,1,14.08,2.26,0.0,16.34,shipmonk_estimate,USD
139038,6480566518070,Cattasaurus - shoproxstore - Shopify,direct_to_consumer,fulfilled,2025-03-06,2025-03-08,2025-03-06,PA2,UPS,1,1,20.37,4.11,0.0,24.48,shipmonk_estimate,USD
139039,6480568680758,Cattasaurus - shoproxstore - Shopify,direct_to_consumer,fulfilled,2025-03-06,2025-03-08,2025-03-06,PA2,FedEx,1,1,11.61,2.26,0.0,13.87,shipmonk_estimate,USD
139040,6480595255606,Cattasaurus - shoproxstore - Shopify,direct_to_consumer,fulfilled,2025-03-06,2025-03-09,2025-03-06,PA2,FedEx,1,1,19.47,2.63,0.0,22.1,shipmonk_estimate,USD
139041,6480600367414,Cattasaurus - shoproxstore - Shopify,direct_to_consumer,fulfilled,2025-03-06,2025-03-08,2025-03-06,PA2,FedEx,3,1,21.0,3.74,0.0,24.74,shipmonk_estimate,USD
139042,6480607838518,Cattasaurus - shoproxstore - Shopify,direct_to_consumer,fulfilled,2025-03-06,2025-03-08,2025-03-06,PA2,FedEx,1,1,0.0,2.26,0.0,2.26,shipmonk_estimate,USD
139043,6480609968438,Cattasaurus - shoproxstore - Shopify,direct_to_consumer,fulfilled,2025-03-06,2025-03-08,2025-03-06,PA2,FedEx,1,1,13.85,2.26,0.0,16.11,shipmonk_estimate,USD
139044,6480615375158,Cattasaurus - shoproxstore - Shopify,direct_to_consumer,fulfilled,2025-03-06,2025-03-08,2025-03-06,PA2,UPS,1,1,14.56,1.89,0.0,16.45,shipmonk_estimate,USD
139045,6480626745654,Cattasaurus - shoproxstore - Shopify,direct_to_consumer,fulfilled,2025-03-06,2025-03-09,2025-03-06,PA2,FedEx,1,1,16.71,2.63,0.0,19.34,shipmonk_estimate,USD
139047,6480652271926,Cattasaurus - shoproxstore - Shopify,direct_to_consumer,fulfilled,2025-03-06,2025-03-10,2025-03-06,PA2,FedEx,1,1,23.73,2.26,0.0,25.99,shipmonk_estimate,USD
139048,6480652566838,Cattasaurus - shoproxstore - Shopify,direct_to_consumer,fulfilled,2025-03-06,2025-03-08,2025-03-06,PA2,FedEx,1,1,16.71,2.26,0.0,18.97,shipmonk_estimate,USD
139050,6480663576886,Cattasaurus - shoproxstore - Shopify,direct_to_consumer,fulfilled,2025-03-06,2025-03-08,2025-03-06,PA2,FedEx,2,1,19.47,3.0,0.0,22.47,shipmonk_estimate,USD
139051,6480668459318,Cattasaurus - shoproxstore - Shopify,direct_to_consumer,fulfilled,2025-03-06,2025-03-08,2025-03-06,PA2,FedEx,2,1,13.85,2.26,0.0,16.11,shipmonk_estimate,USD
139053,6480676520246,Cattasaurus - shoproxstore - Shopify,direct_to_consumer,fulfilled,2025-03-06,2025-03-08,2025-03-06,PA2,USPS,1,1,16.83,2.63,0.0,19.46,shipmonk_estimate,USD
139054,6480679534902,Cattasaurus - shoproxstore - Shopify,direct_to_consumer,fulfilled,2025-03-06,2025-03-08,2025-03-06,PA2,UPS,1,1,18.24,2.26,0.0,20.5,shipmonk_estimate,USD
139055,6480680255798,Cattasaurus - shoproxstore - Shopify,direct_to_consumer,fulfilled,2025-03-06,2025-03-08,2025-03-06,PA2,FedEx,1,1,16.71,2.26,0.0,18.97,shipmonk_estimate,USD
139056,6480686907702,Cattasaurus - shoproxstore - Shopify,direct_to_consumer,fulfilled,2025-03-06,2025-03-08,2025-03-06,PA2,FedEx,1,1,13.15,2.26,0.0,15.41,shipmonk_estimate,USD
139057,6480695296310,Cattasaurus - shoproxstore - Shopify,direct_to_consumer,fulfilled,2025-03-06,2025-03-08,2025-03-06,PA2,FedEx,1,1,13.85,2.26,0.0,16.11,shipmonk_estimate,USD
139058,6480710009142,Cattasaurus - shoproxstore - Shopify,direct_to_consumer,fulfilled,2025-03-06,2025-03-08,2025-03-06,PA2,FedEx,1,1,13.85,2.63,0.0,16.48,shipmonk_estimate,USD
139059,6480752967990,Cattasaurus - shoproxstore - Shopify,direct_to_consumer,fulfilled,2025-03-06,2025-03-08,2025-03-06,PA2,UPS,2,1,20.37,5.26,0.0,25.63,shipmonk_estimate,USD
139061,6480778789174,Cattasaurus - shoproxstore - Shopify,direct_to_consumer,fulfilled,2025-03-06,2025-03-08,2025-03-06,PA2,UPS,1,1,18.24,2.26,0.0,20.5,shipmonk_estimate,USD
139063,6480817062198,Cattasaurus - shoproxstore - Shopify,direct_to_consumer,fulfilled,2025-03-06,2025-03-09,2025-03-06,PA2,UPS,1,1,18.24,2.26,0.0,20.5,shipmonk_estimate,USD
139063_1,f502439c-8b56-4559-b02c-112d2ccecefe,Cattasaurus - shoproxstore - Shopify,direct_to_consumer,fulfilled,2025-03-06,2025-03-10,2025-03-06,NV3,DHL eCommerce,1,1,5.94,1.89,0.3,8.13,shipmonk_estimate,USD
139064,6480821125430,Cattasaurus - shoproxstore - Shopify,direct_to_consumer,fulfilled,2025-03-06,2025-03-08,2025-03-06,PA2,UPS,1,1,14.68,2.26,0.0,16.94,shipmonk_estimate,USD
139066,6480824566070,Cattasaurus - shoproxstore - Shopify,direct_to_consumer,fulfilled,2025-03-06,2025-03-09,2025-03-06,PA2,FedEx,1,2,33.42,4.89,0.0,38.31,shipmonk_estimate,USD
139067,6480826663222,Cattasaurus - shoproxstore - Shopify,direct_to_consumer,fulfilled,2025-03-06,2025-03-09,2025-03-06,PA2,UPS,1,1,18.24,2.63,0.0,20.87,shipmonk_estimate,USD
139068,6480845996342,Cattasaurus - shoproxstore - Shopify,direct_to_consumer,fulfilled,2025-03-06,2025-03-08,2025-03-06,PA2,FedEx,1,1,16.71,4.11,0.0,20.82,shipmonk_estimate,USD
139069,6480846618934,Cattasaurus - shoproxstore - Shopify,direct_to_consumer,fulfilled,2025-03-06,2025-03-19,2025-03-06,PA2,FedEx,1,1,14.08,2.26,0.0,16.34,shipmonk_estimate,USD
139070,6480847143222,Cattasaurus - shoproxstore - Shopify,direct_to_consumer,fulfilled,2025-03-06,2025-03-08,2025-03-06,PA2,FedEx,1,1,13.85,2.26,0.0,16.11,shipmonk_estimate,USD
139071,6480855564598,Cattasaurus - shoproxstore - Shopify,direct_to_consumer,fulfilled,2025-03-06,2025-03-08,2025-03-06,PA2,FedEx,2,1,15.23,3.0,0.0,18.23,shipmonk_estimate,USD
139072,6480855793974,Cattasaurus - shoproxstore - Shopify,direct_to_consumer,fulfilled,2025-03-06,2025-03-08,2025-03-06,PA2,FedEx,1,1,16.77,2.26,0.0,19.03,shipmonk_estimate,USD
139073,6480858644790,Cattasaurus - shoproxstore - Shopify,direct_to_consumer,fulfilled,2025-03-06,2025-03-08,2025-03-06,PA2,FedEx,1,1,19.47,2.63,0.0,22.1,shipmonk_estimate,USD
139074,6480892559670,Cattasaurus - shoproxstore - Shopify,direct_to_consumer,fulfilled,2025-03-06,2025-03-08,2025-03-06,PA2,FedEx,1,1,18.83,2.26,0.0,21.09,shipmonk_estimate,USD
139075,6480894165302,Cattasaurus - shoproxstore - Shopify,direct_to_consumer,fulfilled,2025-03-06,2025-03-10,2025-03-06,NV3,DHL eCommerce,2,1,12.98,3.0,0.5,16.48,shipmonk_estimate,USD
139076,6480909500726,Cattasaurus - shoproxstore - Shopify,direct_to_consumer,fulfilled,2025-03-06,2025-03-08,2025-03-06,PA2,FedEx,1,1,15.23,2.26,0.0,17.49,shipmonk_estimate,USD
139077,6480909631798,Cattasaurus - shoproxstore - Shopify,direct_to_consumer,fulfilled,2025-03-06,2025-03-08,2025-03-06,PA2,UPS,1,1,14.56,2.26,0.0,16.82,shipmonk_estimate,USD
139079,6480916906294,Cattasaurus - shoproxstore - Shopify,direct_to_consumer,fulfilled,2025-03-06,2025-03-08,2025-03-06,PA2,UPS,1,1,14.08,2.26,0.0,16.34,shipmonk_estimate,USD
139080,6480929259830,Cattasaurus - shoproxstore - Shopify,direct_to_consumer,fulfilled,2025-03-06,2025-03-14,2025-03-06,PA2,FedEx,1,1,14.08,2.26,0.0,16.34,shipmonk_estimate,USD
139081,6480929292598,Cattasaurus - shoproxstore - Shopify,direct_to_consumer,fulfilled,2025-03-06,2025-03-10,2025-03-06,PA2,UPS,1,1,20.37,2.63,0.0,23.0,shipmonk_estimate,USD
139081_1,b1962372-6c75-40f2-bf9e-12d9657ff5ef,Cattasaurus - shoproxstore - Shopify,direct_to_consumer,fulfilled,2025-03-06,2025-03-10,2025-03-06,NV3,DHL eCommerce,1,1,5.77,1.89,0.3,7.96,shipmonk_estimate,USD
139083,6480951869750,Cattasaurus - shoproxstore - Shopify,direct_to_consumer,fulfilled,2025-03-06,2025-03-08,2025-03-06,PA2,FedEx,1,1,18.27,2.26,0.0,20.53,shipmonk_estimate,USD
139084,6480962748726,Cattasaurus - shoproxstore - Shopify,direct_to_consumer,fulfilled,2025-03-06,2025-03-08,2025-03-06,PA2,FedEx,3,1,13.03,2.63,0.0,15.66,shipmonk_estimate,USD
139085,6480967631158,Cattasaurus - shoproxstore - Shopify,direct_to_consumer,fulfilled,2025-03-06,2025-03-08,2025-03-06,PA2,FedEx,1,1,16.71,2.26,0.0,18.97,shipmonk_estimate,USD
139086,6480971727158,Cattasaurus - shoproxstore - Shopify,direct_to_consumer,fulfilled,2025-03-06,2025-03-08,2025-03-06,PA2,FedEx,1,1,15.23,2.63,0.0,17.86,shipmonk_estimate,USD
139087,6480975855926,Cattasaurus - shoproxstore - Shopify,direct_to_consumer,fulfilled,2025-03-06,2025-03-08,2025-03-06,PA2,FedEx,1,1,16.71,2.26,0.0,18.97,shipmonk_estimate,USD
139088,6480991617334,Cattasaurus - shoproxstore - Shopify,direct_to_consumer,fulfilled,2025-03-06,2025-03-09,2025-03-06,PA2,UPS,1,1,18.24,2.63,0.0,20.87,shipmonk_estimate,USD
139089,6480993321270,Cattasaurus - shoproxstore - Shopify,direct_to_consumer,fulfilled,2025-03-06,2025-03-08,2025-03-06,PA2,FedEx,2,1,16.77,3.0,0.0,19.77,shipmonk_estimate,USD
139090,6481001120054,Cattasaurus - shoproxstore - Shopify,direct_to_consumer,fulfilled,2025-03-06,2025-03-10,2025-03-06,NV3,DHL eCommerce,1,1,8.31,1.89,0.0,10.2,shipmonk_estimate,USD
139091,6481002201398,Cattasaurus - shoproxstore - Shopify,direct_to_consumer,fulfilled,2025-03-06,2025-03-08,2025-03-06,PA2,FedEx,1,1,16.73,2.26,0.0,18.99,shipmonk_estimate,USD
139093,6481010491702,Cattasaurus - shoproxstore - Shopify,direct_to_consumer,fulfilled,2025-03-06,2025-03-08,2025-03-06,PA2,FedEx,1,1,21.0,2.63,0.0,23.63,shipmonk_estimate,USD
139094,6481014849846,Cattasaurus - shoproxstore - Shopify,direct_to_consumer,fulfilled,2025-03-06,2025-03-08,2025-03-06,PA2,FedEx,1,1,16.77,2.63,0.0,19.4,shipmonk_estimate,USD
139095,6481018454326,Cattasaurus - shoproxstore - Shopify,direct_to_consumer,fulfilled,2025-03-06,2025-03-08,2025-03-06,PA2,FedEx,2,1,16.77,3.0,0.0,19.77,shipmonk_estimate,USD
139097,6481081008438,Cattasaurus - shoproxstore - Shopify,direct_to_consumer,fulfilled,2025-03-06,2025-03-09,2025-03-06,PA2,FedEx,2,1,16.71,3.0,0.0,19.71,shipmonk_estimate,USD
139098,6481090871606,Cattasaurus - shoproxstore - Shopify,direct_to_consumer,fulfilled,2025-03-06,2025-03-08,2025-03-06,PA2,FedEx,1,1,16.73,2.63,0.0,19.36,shipmonk_estimate,USD
139100,6481103356214,Cattasaurus - shoproxstore - Shopify,direct_to_consumer,fulfilled,2025-03-06,2025-03-10,2025-03-06,NV3,DHL eCommerce,1,1,8.5,1.89,0.0,10.39,shipmonk_estimate,USD
139103,6481116299574,Cattasaurus - shoproxstore - Shopify,direct_to_consumer,fulfilled,2025-03-06,2025-03-15,2025-03-06,PA2,FedEx,1,1,16.71,2.63,0.0,19.34,shipmonk_estimate,USD
139104,6481131438390,Cattasaurus - shoproxstore - Shopify,direct_to_consumer,fulfilled,2025-03-06,2025-03-08,2025-03-06,PA2,FedEx,2,1,20.93,3.0,0.0,23.93,shipmonk_estimate,USD
139105,6481140154678,Cattasaurus - shoproxstore - Shopify,direct_to_consumer,fulfilled,2025-03-06,2025-03-08,2025-03-06,PA2,FedEx,1,1,19.47,2.26,0.0,21.73,shipmonk_estimate,USD
135981-01,615fbbb3-6349-453d-bf9f-3412292a581e,Cattasaurus - shoproxstore - Shopify,direct_to_consumer,fulfilled,2025-03-07,2025-03-10,2025-03-07,PA2,FedEx,1,1,22.07,2.26,0.0,24.33,shipmonk_estimate,USD
136072-01,d11f44ed-1c7f-41db-bda8-2f8aed024e09,Cattasaurus - shoproxstore - Shopify,direct_to_consumer,fulfilled,2025-03-07,2025-03-10,2025-03-07,PA2,FedEx,1,1,16.71,2.26,0.0,18.97,shipmonk_estimate,USD
137013-01,8b1ebc54-263e-4bdf-add2-f07400511f2a,Cattasaurus - shoproxstore - Shopify,direct_to_consumer,fulfilled,2025-03-07,2025-03-10,2025-03-07,PA2,FedEx,1,1,13.03,2.26,0.0,15.29,shipmonk_estimate,USD
139107,6481286168886,Cattasaurus - shoproxstore - Shopify,direct_to_consumer,fulfilled,2025-03-07,2025-03-08,2025-03-07,PA2,FedEx,1,1,21.0,2.63,0.0,23.63,shipmonk_estimate,USD
139108,6481302192438,Cattasaurus - shoproxstore - Shopify,direct_to_consumer,fulfilled,2025-03-07,2025-03-08,2025-03-07,PA2,FedEx,1,1,15.23,2.63,0.0,17.86,shipmonk_estimate,USD
139109,6481320739126,Cattasaurus - shoproxstore - Shopify,direct_to_consumer,fulfilled,2025-03-07,2025-03-08,2025-03-07,PA2,UPS,1,1,15.39,2.26,0.0,17.65,shipmonk_estimate,USD
139110,6481352294710,Cattasaurus - shoproxstore - Shopify,direct_to_consumer,fulfilled,2025-03-07,2025-03-08,2025-03-07,PA2,FedEx,1,1,13.85,2.26,0.0,16.11,shipmonk_estimate,USD
139111,6481383588150,Cattasaurus - shoproxstore - Shopify,direct_to_consumer,fulfilled,2025-03-07,2025-03-08,2025-03-07,PA2,FedEx,1,1,14.08,2.26,0.0,16.34,shipmonk_estimate,USD
139113,6481425367350,Cattasaurus - shoproxstore - Shopify,direct_to_consumer,fulfilled,2025-03-07,2025-03-09,2025-03-07,PA2,FedEx,1,1,14.08,2.26,0.0,16.34,shipmonk_estimate,USD
139114,6481427431734,Cattasaurus - shoproxstore - Shopify,direct_to_consumer,fulfilled,2025-03-07,2025-03-08,2025-03-07,PA2,FedEx,1,1,22.07,2.26,0.0,24.33,shipmonk_estimate,USD
139116,6481435853110,Cattasaurus - shoproxstore - Shopify,direct_to_consumer,fulfilled,2025-03-07,2025-03-08,2025-03-07,PA2,UPS,1,1,0.0,2.26,0.0,2.26,shipmonk_estimate,USD
139117,6481438277942,Cattasaurus - shoproxstore - Shopify,direct_to_consumer,fulfilled,2025-03-07,2025-03-08,2025-03-07,PA2,UPS,1,1,18.24,2.26,0.0,20.5,shipmonk_estimate,USD
139118,6481446830390,Cattasaurus - shoproxstore - Shopify,direct_to_consumer,fulfilled,2025-03-07,2025-03-08,2025-03-07,PA2,UPS,1,1,20.37,2.26,0.0,22.63,shipmonk_estimate,USD
139119,6481449419062,Cattasaurus - shoproxstore - Shopify,direct_to_consumer,fulfilled,2025-03-07,2025-03-09,2025-03-07,PA2,UPS,1,1,14.56,2.63,0.0,17.19,shipmonk_estimate,USD
139120,6481449746742,Cattasaurus - shoproxstore - Shopify,direct_to_consumer,fulfilled,2025-03-07,2025-03-08,2025-03-07,PA2,FedEx,1,1,18.27,2.26,0.0,20.53,shipmonk_estimate,USD
139121,6481450664246,Cattasaurus - shoproxstore - Shopify,direct_to_consumer,fulfilled,2025-03-07,2025-03-08,2025-03-07,PA2,FedEx,1,1,19.47,2.26,0.0,21.73,shipmonk_estimate,USD
139122,6481459085622,Cattasaurus - shoproxstore - Shopify,direct_to_consumer,fulfilled,2025-03-07,2025-03-09,2025-03-07,PA2,FedEx,1,1,14.08,2.63,0.0,16.71,shipmonk_estimate,USD
139125,6481475371318,Cattasaurus - shoproxstore - Shopify,direct_to_consumer,fulfilled,2025-03-07,2025-03-10,2025-03-07,PA2,FedEx,2,1,16.73,3.0,0.0,19.73,shipmonk_estimate,USD
139126,6481477304630,Cattasaurus - shoproxstore - Shopify,direct_to_consumer,fulfilled,2025-03-07,2025-03-09,2025-03-07,PA2,FedEx,1,1,16.71,2.26,0.0,18.97,shipmonk_estimate,USD
139127,6481478091062,Cattasaurus - shoproxstore - Shopify,direct_to_consumer,fulfilled,2025-03-07,2025-03-10,2025-03-07,PA2,FedEx,1,1,14.08,2.26,0.0,16.34,shipmonk_estimate,USD
139128,6481479401782,Cattasaurus - shoproxstore - Shopify,direct_to_consumer,fulfilled,2025-03-07,2025-03-09,2025-03-07,PA2,FedEx,1,1,13.03,2.26,0.0,15.29,shipmonk_estimate,USD
139129,6481479467318,Cattasaurus - shoproxstore - Shopify,direct_to_consumer,fulfilled,2025-03-07,2025-03-10,2025-03-07,PA2,UPS,1,1,18.24,2.63,0.0,20.87,shipmonk_estimate,USD
139130,6481482809654,Cattasaurus - shoproxstore - Shopify,direct_to_consumer,fulfilled,2025-03-07,2025-03-10,2025-03-07,PA2,FedEx,1,1,15.23,2.26,0.0,17.49,shipmonk_estimate,USD
139132,6481484415286,Cattasaurus - shoproxstore - Shopify,direct_to_consumer,fulfilled,2025-03-07,2025-03-10,2025-03-07,PA2,FedEx,1,1,19.47,2.63,0.0,22.1,shipmonk_estimate,USD
139133,6481486938422,Cattasaurus - shoproxstore - Shopify,direct_to_consumer,fulfilled,2025-03-07,2025-03-10,2025-03-07,PA2,FedEx,2,1,13.03,3.0,0.0,16.03,shipmonk_estimate,USD
139134,6481490247990,Cattasaurus - shoproxstore - Shopify,direct_to_consumer,fulfilled,2025-03-07,2025-03-10,2025-03-07,PA2,DHL eCommerce,1,1,8.31,1.89,0.0,10.2,shipmonk_estimate,USD
139136,6481500012854,Cattasaurus - shoproxstore - Shopify,direct_to_consumer,fulfilled,2025-03-07,2025-03-10,2025-03-07,PA2,FedEx,1,1,21.0,2.26,0.0,23.26,shipmonk_estimate,USD
139137,6481507909942,Cattasaurus - shoproxstore - Shopify,direct_to_consumer,fulfilled,2025-03-07,2025-03-10,2025-03-07,PA2,UPS,1,1,20.37,2.63,0.0,23.0,shipmonk_estimate,USD
139138,6481518919990,Cattasaurus - shoproxstore - Shopify,direct_to_consumer,fulfilled,2025-03-07,2025-03-10,2025-03-07,PA2,UPS,1,1,15.61,1.89,0.0,17.5,shipmonk_estimate,USD
139139,6481524621622,Cattasaurus - shoproxstore - Shopify,direct_to_consumer,fulfilled,2025-03-07,2025-03-10,2025-03-07,PA2,FedEx,1,1,13.85,2.26,0.0,16.11,shipmonk_estimate,USD
139140,6481544249654,Cattasaurus - shoproxstore - Shopify,direct_to_consumer,fulfilled,2025-03-07,2025-03-09,2025-03-07,PA2,FedEx,1,1,13.85,2.26,0.0,16.11,shipmonk_estimate,USD
139143,6481565253942,Cattasaurus - shoproxstore - Shopify,direct_to_consumer,fulfilled,2025-03-07,2025-03-10,2025-03-07,PA2,FedEx,1,1,19.47,2.26,0.0,21.73,shipmonk_estimate,USD
139144,6481568104758,Cattasaurus - shoproxstore - Shopify,direct_to_consumer,fulfilled,2025-03-07,2025-03-10,2025-03-07,PA2,UPS,1,1,18.24,2.63,0.0,20.87,shipmonk_estimate,USD
139145,6481576788278,Cattasaurus - shoproxstore - Shopify,direct_to_consumer,fulfilled,2025-03-07,2025-03-09,2025-03-07,PA2,FedEx,1,1,16.71,2.26,0.0,18.97,shipmonk_estimate,USD
139146,6481581375798,Cattasaurus - shoproxstore - Shopify,direct_to_consumer,fulfilled,2025-03-07,2025-03-10,2025-03-07,PA2,UPS,1,1,15.61,2.26,0.0,17.87,shipmonk_estimate,USD
139150,6481593106742,Cattasaurus - shoproxstore - Shopify,direct_to_consumer,fulfilled,2025-03-07,2025-03-11,2025-03-07,PA2,FedEx,2,1,25.68,2.63,0.0,28.31,shipmonk_estimate,USD
139151,6481606508854,Cattasaurus - shoproxstore - Shopify,direct_to_consumer,fulfilled,2025-03-07,2025-03-09,2025-03-07,PA2,FedEx,1,1,18.83,2.26,0.0,21.09,shipmonk_estimate,USD
139152,6481609457974,Cattasaurus - shoproxstore - Shopify,direct_to_consumer,fulfilled,2025-03-07,2025-03-10,2025-03-07,PA2,FedEx,1,1,13.85,2.26,0.0,16.11,shipmonk_estimate,USD
139153,6481612341558,Cattasaurus - shoproxstore - Shopify,direct_to_consumer,fulfilled,2025-03-07,2025-03-09,2025-03-07,PA2,FedEx,1,1,16.71,2.26,0.0,18.97,shipmonk_estimate,USD
139154,6481614766390,Cattasaurus - shoproxstore - Shopify,direct_to_consumer,fulfilled,2025-03-07,2025-03-11,2025-03-07,PA2,UPS,1,1,15.61,2.26,0.0,17.87,shipmonk_estimate,USD
139155,6481623286070,Cattasaurus - shoproxstore - Shopify,direct_to_consumer,fulfilled,2025-03-07,2025-03-10,2025-03-07,PA2,FedEx,1,1,15.23,2.26,0.0,17.49,shipmonk_estimate,USD
139159,6481627709750,Cattasaurus - shoproxstore - Shopify,direct_to_consumer,fulfilled,2025-03-07,2025-03-10,2025-03-07,PA2,FedEx,1,1,13.85,3.0,0.0,16.85,shipmonk_estimate,USD
139160,6481638031670,Cattasaurus - shoproxstore - Shopify,direct_to_consumer,fulfilled,2025-03-07,2025-03-11,2025-03-07,PA2,FedEx,3,1,24.27,3.0,0.0,27.27,shipmonk_estimate,USD
139161,6481647173942,Cattasaurus - shoproxstore - Shopify,direct_to_consumer,fulfilled,2025-03-07,2025-03-10,2025-03-07,PA2,FedEx,1,1,13.15,2.26,0.0,15.41,shipmonk_estimate,USD
139162,6481647599926,Cattasaurus - shoproxstore - Shopify,direct_to_consumer,fulfilled,2025-03-07,2025-03-09,2025-03-07,PA2,FedEx,1,1,13.85,2.26,0.0,16.11,shipmonk_estimate,USD
139164,6481679319350,Cattasaurus - shoproxstore - Shopify,direct_to_consumer,fulfilled,2025-03-07,2025-03-10,2025-03-07,PA2,FedEx,1,1,18.83,4.11,0.0,22.94,shipmonk_estimate,USD
139165,6481681678646,Cattasaurus - shoproxstore - Shopify,direct_to_consumer,fulfilled,2025-03-07,2025-03-10,2025-03-07,PA2,FedEx,1,1,18.27,2.26,0.0,20.53,shipmonk_estimate,USD
139166,6481682399542,Cattasaurus - shoproxstore - Shopify,direct_to_consumer,fulfilled,2025-03-07,2025-03-10,2025-03-07,PA2,UPS,1,1,14.68,2.26,0.0,16.94,shipmonk_estimate,USD
139167,6481682661686,Cattasaurus - shoproxstore - Shopify,direct_to_consumer,fulfilled,2025-03-07,2025-03-10,2025-03-07,PA2,FedEx,1,1,18.83,2.26,0.0,21.09,shipmonk_estimate,USD
139170,6481693933878,Cattasaurus - shoproxstore - Shopify,direct_to_consumer,fulfilled,2025-03-07,2025-03-10,2025-03-07,PA2,FedEx,1,1,21.0,2.26,0.0,23.26,shipmonk_estimate,USD
139172,6481716707638,Cattasaurus - shoproxstore - Shopify,direct_to_consumer,fulfilled,2025-03-07,2025-03-10,2025-03-07,PA2,FedEx,1,1,14.08,2.63,0.0,16.71,shipmonk_estimate,USD
139173,6481718018358,Cattasaurus - shoproxstore - Shopify,direct_to_consumer,fulfilled,2025-03-07,2025-03-10,2025-03-07,PA2,FedEx,1,1,14.08,2.63,0.0,16.71,shipmonk_estimate,USD
139174,6481723883830,Cattasaurus - shoproxstore - Shopify,direct_to_consumer,fulfilled,2025-03-07,2025-03-10,2025-03-07,PA2,FedEx,1,1,18.83,2.63,0.0,21.46,shipmonk_estimate,USD
139176,6481736565046,Cattasaurus - shoproxstore - Shopify,direct_to_consumer,fulfilled,2025-03-07,2025-03-11,2025-03-07,PA2,FedEx,2,1,13.03,2.63,0.0,15.66,shipmonk_estimate,USD
139177,6481755439414,Cattasaurus - shoproxstore - Shopify,direct_to_consumer,fulfilled,2025-03-07,2025-03-09,2025-03-07,PA2,UPS,1,1,20.37,2.26,0.0,22.63,shipmonk_estimate,USD
139178,6481755472182,Cattasaurus - shoproxstore - Shopify,direct_to_consumer,fulfilled,2025-03-07,2025-03-09,2025-03-07,PA2,UPS,1,1,15.39,2.26,0.0,17.65,shipmonk_estimate,USD
139181,6481799184694,Cattasaurus - shoproxstore - Shopify,direct_to_consumer,fulfilled,2025-03-07,2025-03-10,2025-03-07,PA2,FedEx,1,1,18.27,2.26,0.0,20.53,shipmonk_estimate,USD
139182,6481808326966,Cattasaurus - shoproxstore - Shopify,direct_to_consumer,fulfilled,2025-03-07,2025-03-09,2025-03-07,PA2,UPS,1,1,14.56,2.26,0.0,16.82,shipmonk_estimate,USD
139183,6481814946102,Cattasaurus - shoproxstore - Shopify,direct_to_consumer,fulfilled,2025-03-07,2025-03-11,2025-03-07,PA2,FedEx,2,1,22.74,2.63,0.0,25.37,shipmonk_estimate,USD
139184,6481825628470,Cattasaurus - shoproxstore - Shopify,direct_to_consumer,fulfilled,2025-03-07,2025-03-10,2025-03-07,PA2,UPS,1,1,20.37,2.26,0.0,22.63,shipmonk_estimate,USD
139185,6481838473526,Cattasaurus - shoproxstore - Shopify,direct_to_consumer,fulfilled,2025-03-07,2025-03-10,2025-03-07,PA2,UPS,1,1,14.44,2.63,0.0,17.07,shipmonk_estimate,USD
139186,6481853022518,Cattasaurus - shoproxstore - Shopify,direct_to_consumer,fulfilled,2025-03-07,2025-03-09,2025-03-07,PA2,FedEx,1,1,18.83,2.26,0.0,21.09,shipmonk_estimate,USD
139188,6481872093494,Cattasaurus - shoproxstore - Shopify,direct_to_consumer,fulfilled,2025-03-07,2025-03-10,2025-03-07,PA2,FedEx,1,1,16.73,2.26,0.0,18.99,shipmonk_estimate,USD
139189,6481875206454,Cattasaurus - shoproxstore - Shopify,direct_to_consumer,fulfilled,2025-03-07,2025-03-10,2025-03-07,PA2,UPS,1,1,18.24,2.26,0.0,20.5,shipmonk_estimate,USD
139190,6481876484406,Cattasaurus - shoproxstore - Shopify,direct_to_consumer,fulfilled,2025-03-07,2025-03-11,2025-03-07,PA2,FedEx,1,1,17.42,2.63,0.0,20.05,shipmonk_estimate,USD
139191,6481917477174,Cattasaurus - shoproxstore - Shopify,direct_to_consumer,fulfilled,2025-03-07,2025-03-11,2025-03-07,PA2,FedEx,2,1,17.42,2.63,0.0,20.05,shipmonk_estimate,USD
139193,6481945297206,Cattasaurus - shoproxstore - Shopify,direct_to_consumer,fulfilled,2025-03-07,2025-03-10,2025-03-07,PA2,UPS,1,1,71.96,3.0,0.0,74.96,shipmonk_estimate,USD
139194,6481946837302,Cattasaurus - shoproxstore - Shopify,direct_to_consumer,fulfilled,2025-03-07,2025-03-11,2025-03-07,PA2,FedEx,2,1,24.27,2.63,0.0,26.9,shipmonk_estimate,USD
139196,6481953358134,Cattasaurus - shoproxstore - Shopify,direct_to_consumer,fulfilled,2025-03-07,2025-03-10,2025-03-07,PA2,UPS,2,2,36.72,5.26,0.0,41.98,shipmonk_estimate,USD
139198,6481976033590,Cattasaurus - shoproxstore - Shopify,direct_to_consumer,fulfilled,2025-03-07,2025-03-10,2025-03-07,PA2,FedEx,1,1,23.73,2.26,0.0,25.99,shipmonk_estimate,USD
139199,6481981178166,Cattasaurus - shoproxstore - Shopify,direct_to_consumer,fulfilled,2025-03-07,2025-03-10,2025-03-07,PA2,UPS,1,1,15.61,2.26,0.0,17.87,shipmonk_estimate,USD
139200,6482005950774,Cattasaurus - shoproxstore - Shopify,direct_to_consumer,fulfilled,2025-03-07,2025-03-11,2025-03-07,PA2,FedEx,2,1,18.83,2.63,0.0,21.46,shipmonk_estimate,USD
139202,6482035081526,Cattasaurus - shoproxstore - Shopify,direct_to_consumer,fulfilled,2025-03-07,2025-03-11,2025-03-07,PA2,FedEx,2,1,14.48,3.0,0.0,17.48,shipmonk_estimate,USD
139203,6482036752694,Cattasaurus - shoproxstore - Shopify,direct_to_consumer,fulfilled,2025-03-07,2025-03-10,2025-03-07,PA2,FedEx,1,1,14.08,2.26,0.0,16.34,shipmonk_estimate,USD
139204,6482037604662,Cattasaurus - shoproxstore - Shopify,direct_to_consumer,fulfilled,2025-03-07,2025-03-10,2025-03-07,PA2,UPS,1,1,15.61,2.26,0.0,17.87,shipmonk_estimate,USD
139205,6482051334454,Cattasaurus - shoproxstore - Shopify,direct_to_consumer,fulfilled,2025-03-07,2025-03-10,2025-03-07,PA2,UPS,1,1,14.56,2.26,0.0,16.82,shipmonk_estimate,USD
139206,6482064507190,Cattasaurus - shoproxstore - Shopify,direct_to_consumer,fulfilled,2025-03-07,2025-03-10,2025-03-07,PA2,FedEx,1,1,18.27,2.26,0.0,20.53,shipmonk_estimate,USD
139206_1,ed2d14c9-862c-4217-8abb-8d12daa8eff9,Cattasaurus - shoproxstore - Shopify,direct_to_consumer,fulfilled,2025-03-07,2025-03-10,2025-03-07,NV3,DHL eCommerce,1,1,6.21,1.89,0.3,8.4,shipmonk_estimate,USD
139206_2,2a7e48d2-a8a2-4067-9849-6ba0a150b145,Cattasaurus - shoproxstore - Shopify,direct_to_consumer,fulfilled,2025-03-07,2025-03-10,2025-03-07,PA2,FedEx,1,1,18.27,2.26,0.0,20.53,shipmonk_estimate,USD
139206_3,abc20e5d-61b8-429c-bb8b-1e968d027150,Cattasaurus - shoproxstore - Shopify,direct_to_consumer,fulfilled,2025-03-07,2025-03-10,2025-03-07,PA2,FedEx,1,1,18.27,2.26,0.0,20.53,shipmonk_estimate,USD
139207,6482068111670,Cattasaurus - shoproxstore - Shopify,direct_to_consumer,fulfilled,2025-03-07,2025-03-11,2025-03-07,PA2,FedEx,1,1,15.39,2.26,0.0,17.65,shipmonk_estimate,USD
139209,6482086330678,Cattasaurus - shoproxstore - Shopify,direct_to_consumer,fulfilled,2025-03-07,2025-07-15,2025-03-07,PA2,FedEx,1,1,18.68,7.5,0.0,26.18,shipmonk_estimate,USD
139211,6482100814134,Cattasaurus - shoproxstore - Shopify,direct_to_consumer,fulfilled,2025-03-07,2025-03-10,2025-03-07,PA2,UPS,1,1,18.24,2.26,0.0,20.5,shipmonk_estimate,USD
139212,6482103599414,Cattasaurus - shoproxstore - Shopify,direct_to_consumer,fulfilled,2025-03-07,2025-03-10,2025-03-07,PA2,FedEx,1,1,16.71,2.26,0.0,18.97,shipmonk_estimate,USD
139213,6482104222006,Cattasaurus - shoproxstore - Shopify,direct_to_consumer,fulfilled,2025-03-07,2025-03-11,2025-03-07,PA2,FedEx,1,1,13.85,2.26,0.0,16.11,shipmonk_estimate,USD
139214,6482129322294,Cattasaurus - shoproxstore - Shopify,direct_to_consumer,fulfilled,2025-03-07,2025-03-10,2025-03-07,PA2,FedEx,1,1,16.71,2.26,0.0,18.97,shipmonk_estimate,USD
139215,6482141348150,Cattasaurus - shoproxstore - Shopify,direct_to_consumer,fulfilled,2025-03-07,2025-03-10,2025-03-07,PA2,UPS,1,1,18.24,2.26,0.0,20.5,shipmonk_estimate,USD
139216,6482142298422,Cattasaurus - shoproxstore - Shopify,direct_to_consumer,fulfilled,2025-03-07,2025-03-12,2025-03-07,PA2,FedEx,2,1,17.42,2.63,0.0,20.05,shipmonk_estimate,USD
139216_1,651d9c86-d134-4fa7-8aa2-0d1991b5b799,Cattasaurus - shoproxstore - Shopify,direct_to_consumer,fulfilled,2025-03-07,2025-03-10,2025-03-07,NV3,DHL eCommerce,2,1,7.26,2.26,0.5,10.02,shipmonk_estimate,USD
139217,6482156060982,Cattasaurus - shoproxstore - Shopify,direct_to_consumer,fulfilled,2025-03-07,2025-03-10,2025-03-07,PA2,FedEx,1,1,19.47,2.26,0.0,21.73,shipmonk_estimate,USD
139219,6482166677814,Cattasaurus - shoproxstore - Shopify,direct_to_consumer,fulfilled,2025-03-07,2025-03-09,2025-03-07,PA2,UPS,1,1,18.24,2.26,0.0,20.5,shipmonk_estimate,USD
139223,6482202788150,Cattasaurus - shoproxstore - Shopify,direct_to_consumer,fulfilled,2025-03-07,2025-03-11,2025-03-07,PA2,FedEx,1,1,29.25,2.63,0.0,31.88,shipmonk_estimate,USD
139224,6482203115830,Cattasaurus - shoproxstore - Shopify,direct_to_consumer,fulfilled,2025-03-07,2025-03-10,2025-03-07,PA2,FedEx,1,1,18.83,2.26,0.0,21.09,shipmonk_estimate,USD
139225,6482204426550,Cattasaurus - shoproxstore - Shopify,direct_to_consumer,fulfilled,2025-03-07,2025-03-10,2025-03-07,PA2,UPS,1,1,15.61,2.63,0.0,18.24,shipmonk_estimate,USD
139226,6482205442358,Cattasaurus - shoproxstore - Shopify,direct_to_consumer,fulfilled,2025-03-07,2025-03-09,2025-03-07,PA2,FedEx,1,1,16.71,2.26,0.0,18.97,shipmonk_estimate,USD
139227,6482206687542,Cattasaurus - shoproxstore - Shopify,direct_to_consumer,fulfilled,2025-03-07,2025-03-11,2025-03-07,PA2,FedEx,1,1,14.08,2.26,0.0,16.34,shipmonk_estimate,USD
139229,6482226708790,Cattasaurus - shoproxstore - Shopify,direct_to_consumer,fulfilled,2025-03-07,2025-03-10,2025-03-07,PA2,UPS,2,2,41.06,5.26,0.0,46.32,shipmonk_estimate,USD
139232,6482240373046,Cattasaurus - shoproxstore - Shopify,direct_to_consumer,fulfilled,2025-03-07,2025-03-11,2025-03-07,PA2,FedEx,2,1,18.83,2.63,0.0,21.46,shipmonk_estimate,USD
139233,6482245779766,Cattasaurus - shoproxstore - Shopify,direct_to_consumer,fulfilled,2025-03-07,2025-03-10,2025-03-07,PA2,FedEx,1,1,16.71,2.26,0.0,18.97,shipmonk_estimate,USD
139234,6482258362678,Cattasaurus - shoproxstore - Shopify,direct_to_consumer,fulfilled,2025-03-07,2025-03-10,2025-03-07,PA2,FedEx,1,1,13.03,2.26,0.0,15.29,shipmonk_estimate,USD
139235,6482276548918,Cattasaurus - shoproxstore - Shopify,direct_to_consumer,fulfilled,2025-03-07,2025-03-10,2025-03-07,PA2,UPS,1,1,20.37,2.26,0.0,22.63,shipmonk_estimate,USD
139237,6482283888950,Cattasaurus - shoproxstore - Shopify,direct_to_consumer,fulfilled,2025-03-07,2025-03-10,2025-03-07,PA2,FedEx,1,1,16.71,2.26,0.0,18.97,shipmonk_estimate,USD
139238,6482315411766,Cattasaurus - shoproxstore - Shopify,direct_to_consumer,fulfilled,2025-03-07,2025-03-11,2025-03-07,PA2,FedEx,3,1,14.48,3.37,0.0,17.85,shipmonk_estimate,USD
139239,6482324783414,Cattasaurus - shoproxstore - Shopify,direct_to_consumer,fulfilled,2025-03-07,2025-03-10,2025-03-07,PA2,FedEx,1,1,16.71,2.26,0.0,18.97,shipmonk_estimate,USD
139241,6482325569846,Cattasaurus - shoproxstore - Shopify,direct_to_consumer,fulfilled,2025-03-07,2025-03-09,2025-03-07,PA2,FedEx,1,1,13.85,2.26,0.0,16.11,shipmonk_estimate,USD
139242,6482326520118,Cattasaurus - shoproxstore - Shopify,direct_to_consumer,fulfilled,2025-03-07,2025-03-10,2025-03-07,PA2,UPS,1,1,15.39,2.26,0.0,17.65,shipmonk_estimate,USD
139243,6482326749494,Cattasaurus - shoproxstore - Shopify,direct_to_consumer,fulfilled,2025-03-07,2025-03-10,2025-03-07,PA2,FedEx,1,1,16.71,2.26,0.0,18.97,shipmonk_estimate,USD
139245,6482342543670,Cattasaurus - shoproxstore - Shopify,direct_to_consumer,fulfilled,2025-03-07,2025-03-11,2025-03-07,PA2,FedEx,1,1,14.08,2.26,0.0,16.34,shipmonk_estimate,USD
139246,6482355585334,Cattasaurus - shoproxstore - Shopify,direct_to_consumer,fulfilled,2025-03-07,2025-03-11,2025-03-07,PA2,UPS,2,1,15.61,2.63,0.0,18.24,shipmonk_estimate,USD
139247,6482359386422,Cattasaurus - shoproxstore - Shopify,direct_to_consumer,fulfilled,2025-03-07,2025-03-11,2025-03-07,PA2,FedEx,1,1,16.71,2.26,0.0,18.97,shipmonk_estimate,USD
139250,6482383700278,Cattasaurus - shoproxstore - Shopify,direct_to_consumer,fulfilled,2025-03-07,2025-03-11,2025-03-07,PA2,UPS,2,1,14.56,2.63,0.0,17.19,shipmonk_estimate,USD
139251,6482397495606,Cattasaurus - shoproxstore - Shopify,direct_to_consumer,fulfilled,2025-03-07,2025-03-10,2025-03-07,PA2,FedEx,2,1,76.33,3.0,0.0,79.33,shipmonk_estimate,USD
139252,6482402541878,Cattasaurus - shoproxstore - Shopify,direct_to_consumer,fulfilled,2025-03-07,2025-03-10,2025-03-07,PA2,FedEx,1,1,13.85,2.26,0.0,16.11,shipmonk_estimate,USD
139253,6482409816374,Cattasaurus - shoproxstore - Shopify,direct_to_consumer,fulfilled,2025-03-07,2025-03-10,2025-03-07,PA2,FedEx,1,1,13.03,2.26,0.0,15.29,shipmonk_estimate,USD
139254,6482416042294,Cattasaurus - shoproxstore - Shopify,direct_to_consumer,fulfilled,2025-03-07,2025-03-11,2025-03-07,PA2,FedEx,1,1,18.27,2.63,0.0,20.9,shipmonk_estimate,USD
139255,6482418467126,Cattasaurus - shoproxstore - Shopify,direct_to_consumer,fulfilled,2025-03-07,2025-03-12,2025-03-07,PA2,FedEx,1,1,16.71,2.26,0.0,18.97,shipmonk_estimate,USD
139255_1,5c720f60-b667-4041-ba79-860c1aebc98d,Cattasaurus - shoproxstore - Shopify,direct_to_consumer,fulfilled,2025-03-07,2025-03-12,2025-03-07,PA2,FedEx,1,1,16.71,2.26,0.0,18.97,shipmonk_estimate,USD
139256,6482418663734,Cattasaurus - shoproxstore - Shopify,direct_to_consumer,fulfilled,2025-03-07,2025-03-10,2025-03-07,PA2,FedEx,1,1,16.71,2.26,0.0,18.97,shipmonk_estimate,USD
139257,6482427773238,Cattasaurus - shoproxstore - Shopify,direct_to_consumer,fulfilled,2025-03-07,2025-03-10,2025-03-07,PA2,FedEx,1,1,16.71,2.26,0.0,18.97,shipmonk_estimate,USD
139258,6482431181110,Cattasaurus - shoproxstore - Shopify,direct_to_consumer,fulfilled,2025-03-07,2025-03-10,2025-03-07,PA2,UPS,1,1,66.36,3.0,0.0,69.36,shipmonk_estimate,USD
139259,6482432655670,Cattasaurus - shoproxstore - Shopify,direct_to_consumer,fulfilled,2025-03-07,2025-03-10,2025-03-07,PA2,FedEx,1,1,16.71,2.26,0.0,18.97,shipmonk_estimate,USD
139260,6482435211574,Cattasaurus - shoproxstore - Shopify,direct_to_consumer,fulfilled,2025-03-07,2025-03-10,2025-03-07,PA2,FedEx,1,1,22.07,2.26,0.0,24.33,shipmonk_estimate,USD
139261,6482445500726,Cattasaurus - shoproxstore - Shopify,direct_to_consumer,fulfilled,2025-03-07,2025-03-11,2025-03-07,PA2,FedEx,2,1,25.68,2.63,0.0,28.31,shipmonk_estimate,USD
139262,6482445533494,Cattasaurus - shoproxstore - Shopify,direct_to_consumer,fulfilled,2025-03-07,2025-03-10,2025-03-07,PA2,FedEx,1,1,21.0,2.26,0.0,23.26,shipmonk_estimate,USD
139263,6482476400950,Cattasaurus - shoproxstore - Shopify,direct_to_consumer,fulfilled,2025-03-07,2025-03-11,2025-03-07,PA2,UPS,1,1,15.49,2.63,0.0,18.12,shipmonk_estimate,USD
139264,6482487935286,Cattasaurus - shoproxstore - Shopify,direct_to_consumer,fulfilled,2025-03-07,2025-03-11,2025-03-07,PA2,FedEx,1,1,18.27,2.63,0.0,20.9,shipmonk_estimate,USD
139265,6482509824310,Cattasaurus - shoproxstore - Shopify,direct_to_consumer,fulfilled,2025-03-07,2025-03-11,2025-03-07,PA2,FedEx,1,1,18.83,2.26,0.0,21.09,shipmonk_estimate,USD
139266,6482514346294,Cattasaurus - shoproxstore - Shopify,direct_to_consumer,fulfilled,2025-03-07,2025-03-11,2025-03-07,PA2,FedEx,1,1,21.0,2.63,0.0,23.63,shipmonk_estimate,USD
139267,6482517786934,Cattasaurus - shoproxstore - Shopify,direct_to_consumer,fulfilled,2025-03-07,2025-03-11,2025-03-07,PA2,FedEx,3,3,42.24,6.78,0.0,49.02,shipmonk_estimate,USD
139268,6482532860214,Cattasaurus - shoproxstore - Shopify,direct_to_consumer,fulfilled,2025-03-07,2025-03-10,2025-03-07,PA2,FedEx,1,1,16.71,2.26,0.0,18.97,shipmonk_estimate,USD
139270,6482539905334,Cattasaurus - shoproxstore - Shopify,direct_to_consumer,fulfilled,2025-03-07,2025-03-09,2025-03-07,PA2,UPS,1,1,15.61,2.26,0.0,17.87,shipmonk_estimate,USD
139271,6482575229238,Cattasaurus - shoproxstore - Shopify,direct_to_consumer,fulfilled,2025-03-07,2025-03-10,2025-03-07,PA2,UPS,1,1,18.24,2.26,0.0,20.5,shipmonk_estimate,USD
139271_1,899cfe2b-4a96-4142-9d9c-03074dd7a46a,Cattasaurus - shoproxstore - Shopify,direct_to_consumer,fulfilled,2025-03-07,2025-03-10,2025-03-07,NV3,DHL eCommerce,1,1,5.94,1.89,0.3,8.13,shipmonk_estimate,USD
139272,6482588991798,Cattasaurus - shoproxstore - Shopify,direct_to_consumer,fulfilled,2025-03-07,2025-03-11,2025-03-07,PA2,FedEx,2,1,36.89,2.63,0.0,39.52,shipmonk_estimate,USD
139273,6482591744310,Cattasaurus - shoproxstore - Shopify,direct_to_consumer,fulfilled,2025-03-07,2025-03-10,2025-03-07,PA2,FedEx,1,1,13.03,2.26,0.0,15.29,shipmonk_estimate,USD
139274,6482603180342,Cattasaurus - shoproxstore - Shopify,direct_to_consumer,fulfilled,2025-03-07,2025-03-11,2025-03-07,PA2,FedEx,2,1,24.14,2.63,0.0,26.77,shipmonk_estimate,USD
139275,6482604097846,Cattasaurus - shoproxstore - Shopify,direct_to_consumer,fulfilled,2025-03-07,2025-03-10,2025-03-07,PA2,FedEx,1,1,19.47,2.26,0.0,21.73,shipmonk_estimate,USD
139276,6482614681910,Cattasaurus - shoproxstore - Shopify,direct_to_consumer,fulfilled,2025-03-07,2025-03-10,2025-03-07,PA2,UPS,1,1,15.61,2.26,0.0,17.87,shipmonk_estimate,USD
139279,6482624348470,Cattasaurus - shoproxstore - Shopify,direct_to_consumer,fulfilled,2025-03-07,2025-03-10,2025-03-07,PA2,FedEx,1,1,13.03,2.26,0.0,15.29,shipmonk_estimate,USD
139283,6482692899126,Cattasaurus - shoproxstore - Shopify,direct_to_consumer,fulfilled,2025-03-07,2025-03-10,2025-03-07,PA2,FedEx,1,1,22.07,2.26,0.0,24.33,shipmonk_estimate,USD
139284,6482752635190,Cattasaurus - shoproxstore - Shopify,direct_to_consumer,fulfilled,2025-03-07,2025-03-10,2025-03-07,PA2,UPS,1,1,18.24,2.26,0.0,20.5,shipmonk_estimate,USD
139285,6482837176630,Cattasaurus - shoproxstore - Shopify,direct_to_consumer,fulfilled,2025-03-08,2025-03-11,2025-03-08,PA2,UPS,2,1,18.24,2.63,0.0,20.87,shipmonk_estimate,USD
139286,6482842747190,Cattasaurus - shoproxstore - Shopify,direct_to_consumer,fulfilled,2025-03-08,2025-03-11,2025-03-08,PA2,FedEx,1,1,14.48,2.26,0.0,16.74,shipmonk_estimate,USD
139287,6482859360566,Cattasaurus - shoproxstore - Shopify,direct_to_consumer,fulfilled,2025-03-08,2025-03-10,2025-03-08,PA2,UPS,1,1,15.61,2.26,0.0,17.87,shipmonk_estimate,USD
139288,6482903105846,Cattasaurus - shoproxstore - Shopify,direct_to_consumer,fulfilled,2025-03-08,2025-03-11,2025-03-08,PA2,FedEx,1,1,16.01,2.63,0.0,18.64,shipmonk_estimate,USD
139289,6482928927030,Cattasaurus - shoproxstore - Shopify,direct_to_consumer,fulfilled,2025-03-08,2025-03-11,2025-03-08,PA2,UPS,1,1,15.61,2.26,0.0,17.87,shipmonk_estimate,USD
139289_1,6063324e-3778-42b6-977b-7c47c8ae8c9f,Cattasaurus - shoproxstore - Shopify,direct_to_consumer,fulfilled,2025-03-08,2025-03-10,2025-03-08,NV3,DHL eCommerce,2,1,7.26,2.26,0.5,10.02,shipmonk_estimate,USD
139290,6482929778998,Cattasaurus - shoproxstore - Shopify,direct_to_consumer,fulfilled,2025-03-08,2025-03-10,2025-03-08,PA2,FedEx,1,1,13.85,2.63,0.0,16.48,shipmonk_estimate,USD
139290_1,6255dc5b-a977-403b-b774-347b903efc72,Cattasaurus - shoproxstore - Shopify,direct_to_consumer,fulfilled,2025-03-08,2025-03-10,2025-03-08,NV3,DHL eCommerce,3,1,8.89,2.63,0.5,12.02,shipmonk_estimate,USD
139291,6482934038838,Cattasaurus - shoproxstore - Shopify,direct_to_consumer,fulfilled,2025-03-08,2025-03-11,2025-03-08,PA2,FedEx,1,1,18.83,2.26,0.0,21.09,shipmonk_estimate,USD
139292,6482937250102,Cattasaurus - shoproxstore - Shopify,direct_to_consumer,fulfilled,2025-03-08,2025-03-10,2025-03-08,PA2,FedEx,1,1,16.73,2.26,0.0,18.99,shipmonk_estimate,USD
139293,6482946687286,Cattasaurus - shoproxstore - Shopify,direct_to_consumer,fulfilled,2025-03-08,2025-03-11,2025-03-08,PA2,FedEx,2,1,22.07,2.63,0.0,24.7,shipmonk_estimate,USD
139294,6482947965238,Cattasaurus - shoproxstore - Shopify,direct_to_consumer,fulfilled,2025-03-08,2025-03-11,2025-03-08,PA2,FedEx,3,1,19.3,3.0,0.0,22.3,shipmonk_estimate,USD
139295,6482962055478,Cattasaurus - shoproxstore - Shopify,direct_to_consumer,fulfilled,2025-03-08,2025-03-12,2025-03-08,PA2,UPS,2,1,15.61,2.63,0.0,18.24,shipmonk_estimate,USD
139296,6482974834998,Cattasaurus - shoproxstore - Shopify,direct_to_consumer,fulfilled,2025-03-08,2025-03-10,2025-03-08,PA2,FedEx,1,1,15.23,2.26,0.0,17.49,shipmonk_estimate,USD
139297,6482975818038,Cattasaurus - shoproxstore - Shopify,direct_to_consumer,fulfilled,2025-03-08,2025-03-10,2025-03-08,PA2,FedEx,1,1,13.85,2.26,0.0,16.11,shipmonk_estimate,USD
139298,6482982076726,Cattasaurus - shoproxstore - Shopify,direct_to_consumer,fulfilled,2025-03-08,2025-03-10,2025-03-08,PA2,FedEx,1,1,13.85,2.26,0.0,16.11,shipmonk_estimate,USD
139299,6482985287990,Cattasaurus - shoproxstore - Shopify,direct_to_consumer,fulfilled,2025-03-08,2025-03-11,2025-03-08,PA2,FedEx,1,1,13.85,2.26,0.0,16.11,shipmonk_estimate,USD
139300,6482992365878,Cattasaurus - shoproxstore - Shopify,direct_to_consumer,fulfilled,2025-03-08,2025-03-10,2025-03-08,PA2,FedEx,1,1,14.08,2.26,0.0,16.34,shipmonk_estimate,USD
139301,6482992890166,Cattasaurus - shoproxstore - Shopify,direct_to_consumer,fulfilled,2025-03-08,2025-03-11,2025-03-08,PA2,FedEx,1,1,13.03,2.26,0.0,15.29,shipmonk_estimate,USD
139302,6482994463030,Cattasaurus - shoproxstore - Shopify,direct_to_consumer,fulfilled,2025-03-08,2025-03-12,2025-03-08,PA2,FedEx,2,1,16.71,2.63,0.0,19.34,shipmonk_estimate,USD
139303,6482998722870,Cattasaurus - shoproxstore - Shopify,direct_to_consumer,fulfilled,2025-03-08,2025-03-10,2025-03-08,PA2,FedEx,1,1,16.71,2.26,0.0,18.97,shipmonk_estimate,USD
139304,6483003932982,Cattasaurus - shoproxstore - Shopify,direct_to_consumer,fulfilled,2025-03-08,2025-03-10,2025-03-08,PA2,FedEx,1,1,18.27,2.26,0.0,20.53,shipmonk_estimate,USD
139305,6483004883254,Cattasaurus - shoproxstore - Shopify,direct_to_consumer,fulfilled,2025-03-08,2025-03-10,2025-03-08,NV3,FedEx,1,1,19.47,2.63,0.0,22.1,shipmonk_estimate,USD
139306,6483005931830,Cattasaurus - shoproxstore - Shopify,direct_to_consumer,fulfilled,2025-03-08,2025-03-10,2025-03-08,PA2,DHL eCommerce,1,1,11.91,2.26,0.5,14.67,shipmonk_estimate,USD
139307,6483009929526,Cattasaurus - shoproxstore - Shopify,direct_to_consumer,fulfilled,2025-03-08,2025-03-12,2025-03-08,PA2,FedEx,2,1,19.3,2.63,0.0,21.93,shipmonk_estimate,USD
139308,6483011567926,Cattasaurus - shoproxstore - Shopify,direct_to_consumer,fulfilled,2025-03-08,2025-03-10,2025-03-08,PA2,UPS,1,1,15.61,2.26,0.0,17.87,shipmonk_estimate,USD
139309,6483012485430,Cattasaurus - shoproxstore - Shopify,direct_to_consumer,fulfilled,2025-03-08,2025-03-10,2025-03-08,PA2,FedEx,1,1,18.83,2.26,0.0,21.09,shipmonk_estimate,USD
139311,6483015270710,Cattasaurus - shoproxstore - Shopify,direct_to_consumer,fulfilled,2025-03-08,2025-03-12,2025-03-08,PA2,UPS,1,1,15.61,2.26,0.0,17.87,shipmonk_estimate,USD
139313,6483042763062,Cattasaurus - shoproxstore - Shopify,direct_to_consumer,fulfilled,2025-03-08,2025-03-10,2025-03-08,PA2,FedEx,1,1,13.85,2.26,0.0,16.11,shipmonk_estimate,USD
139314,6483045056822,Cattasaurus - shoproxstore - Shopify,direct_to_consumer,fulfilled,2025-03-08,2025-03-12,2025-03-08,PA2,FedEx,1,1,18.27,2.63,0.0,20.9,shipmonk_estimate,USD
139316,6483050692918,Cattasaurus - shoproxstore - Shopify,direct_to_consumer,fulfilled,2025-03-08,2025-03-10,2025-03-08,PA2,UPS,1,1,18.24,2.26,0.0,20.5,shipmonk_estimate,USD
139317,6483052986678,Cattasaurus - shoproxstore - Shopify,direct_to_consumer,fulfilled,2025-03-08,2025-03-11,2025-03-08,PA2,FedEx,1,1,18.83,2.26,0.0,21.09,shipmonk_estimate,USD
139318,6483056722230,Cattasaurus - shoproxstore - Shopify,direct_to_consumer,fulfilled,2025-03-08,2025-03-11,2025-03-08,PA2,FedEx,1,1,14.08,2.26,0.0,16.34,shipmonk_estimate,USD
139319,6483056918838,Cattasaurus - shoproxstore - Shopify,direct_to_consumer,fulfilled,2025-03-08,2025-03-10,2025-03-08,PA2,UPS,1,1,14.56,4.11,0.0,18.67,shipmonk_estimate,USD
139320,6483057443126,Cattasaurus - shoproxstore - Shopify,direct_to_consumer,fulfilled,2025-03-08,2025-03-10,2025-03-08,PA2,FedEx,1,1,14.08,2.26,0.0,16.34,shipmonk_estimate,USD
139321,6483067666742,Cattasaurus - shoproxstore - Shopify,direct_to_consumer,fulfilled,2025-03-08,2025-03-10,2025-03-08,PA2,FedEx,1,1,16.71,2.63,0.0,19.34,shipmonk_estimate,USD
139326,6483081625910,Cattasaurus - shoproxstore - Shopify,direct_to_consumer,fulfilled,2025-03-08,2025-03-10,2025-03-08,PA2,UPS,1,1,18.24,2.26,0.0,20.5,shipmonk_estimate,USD
139327,6483081953590,Cattasaurus - shoproxstore - Shopify,direct_to_consumer,fulfilled,2025-03-08,2025-03-10,2025-03-08,PA2,UPS,1,1,14.56,2.26,0.0,16.82,shipmonk_estimate,USD
139328,6483082346806,Cattasaurus - shoproxstore - Shopify,direct_to_consumer,fulfilled,2025-03-08,2025-03-12,2025-03-08,PA2,UPS,1,1,15.61,2.26,0.0,17.87,shipmonk_estimate,USD
139329,6483089457462,Cattasaurus - shoproxstore - Shopify,direct_to_consumer,fulfilled,2025-03-08,2025-03-10,2025-03-08,PA2,FedEx,1,1,16.71,2.26,0.0,18.97,shipmonk_estimate,USD
139330,6483104301366,Cattasaurus - shoproxstore - Shopify,direct_to_consumer,fulfilled,2025-03-08,2025-03-10,2025-03-08,PA2,FedEx,1,1,14.08,2.26,0.0,16.34,shipmonk_estimate,USD
139331,6483104563510,Cattasaurus - shoproxstore - Shopify,direct_to_consumer,fulfilled,2025-03-08,2025-03-10,2025-03-08,PA2,UPS,1,1,15.39,2.26,0.0,17.65,shipmonk_estimate,USD
139332,6483111543094,Cattasaurus - shoproxstore - Shopify,direct_to_consumer,fulfilled,2025-03-08,2025-03-10,2025-03-08,PA2,FedEx,1,1,14.08,2.26,0.0,16.34,shipmonk_estimate,USD
139333,6483113378102,Cattasaurus - shoproxstore - Shopify,direct_to_consumer,fulfilled,2025-03-08,2025-03-10,2025-03-08,PA2,UPS,1,1,15.39,2.26,0.0,17.65,shipmonk_estimate,USD
139334,6483125600566,Cattasaurus - shoproxstore - Shopify,direct_to_consumer,fulfilled,2025-03-08,2025-03-10,2025-03-08,PA2,FedEx,1,1,13.15,2.26,0.0,15.41,shipmonk_estimate,USD
139335,6483134972214,Cattasaurus - shoproxstore - Shopify,direct_to_consumer,fulfilled,2025-03-08,2025-03-10,2025-03-08,PA2,FedEx,1,1,15.23,2.26,0.0,17.49,shipmonk_estimate,USD
139336,6483136610614,Cattasaurus - shoproxstore - Shopify,direct_to_consumer,fulfilled,2025-03-08,2025-03-11,2025-03-08,PA2,FedEx,1,1,16.71,2.26,0.0,18.97,shipmonk_estimate,USD
139336_1,243f56f3-7c23-4a14-86c6-c0c772fde7b2,Cattasaurus - shoproxstore - Shopify,direct_to_consumer,fulfilled,2025-03-08,2025-03-10,2025-03-08,NV3,DHL eCommerce,1,1,6.21,1.89,0.3,8.4,shipmonk_estimate,USD
139339,6483171180854,Cattasaurus - shoproxstore - Shopify,direct_to_consumer,fulfilled,2025-03-08,2025-03-11,2025-03-08,PA2,FedEx,2,1,20.84,2.63,0.0,23.47,shipmonk_estimate,USD
139340,6483171246390,Cattasaurus - shoproxstore - Shopify,direct_to_consumer,fulfilled,2025-03-08,2025-03-10,2025-03-08,PA2,FedEx,1,1,14.08,2.26,0.0,16.34,shipmonk_estimate,USD
139341,6483186680118,Cattasaurus - shoproxstore - Shopify,direct_to_consumer,fulfilled,2025-03-08,2025-03-10,2025-03-08,PA2,FedEx,1,1,15.23,2.26,0.0,17.49,shipmonk_estimate,USD
139342,6483203686710,Cattasaurus - shoproxstore - Shopify,direct_to_consumer,fulfilled,2025-03-08,2025-03-10,2025-03-08,PA2,FedEx,1,1,19.47,2.26,0.0,21.73,shipmonk_estimate,USD
139343,6483208962358,Cattasaurus - shoproxstore - Shopify,direct_to_consumer,fulfilled,2025-03-08,2025-03-11,2025-03-08,PA2,FedEx,2,2,26.06,4.52,0.0,30.58,shipmonk_estimate,USD
139345,6483210797366,Cattasaurus - shoproxstore - Shopify,direct_to_consumer,fulfilled,2025-03-08,2025-03-11,2025-03-08,PA2,FedEx,1,1,24.27,2.26,0.0,26.53,shipmonk_estimate,USD
139346,6483229835574,Cattasaurus - shoproxstore - Shopify,direct_to_consumer,fulfilled,2025-03-08,2025-03-10,2025-03-08,PA2,FedEx,1,1,13.03,2.26,0.0,15.29,shipmonk_estimate,USD
139347,6483235045686,Cattasaurus - shoproxstore - Shopify,direct_to_consumer,fulfilled,2025-03-08,2025-03-11,2025-03-08,PA2,FedEx,2,1,16.71,2.63,0.0,19.34,shipmonk_estimate,USD
139349,6483247202614,Cattasaurus - shoproxstore - Shopify,direct_to_consumer,fulfilled,2025-03-08,2025-03-11,2025-03-08,PA2,FedEx,1,1,16.71,2.26,0.0,18.97,shipmonk_estimate,USD
139350,6483247726902,Cattasaurus - shoproxstore - Shopify,direct_to_consumer,fulfilled,2025-03-08,2025-03-10,2025-03-08,PA2,UPS,1,1,15.61,4.11,0.0,19.72,shipmonk_estimate,USD
139351,6483252511030,Cattasaurus - shoproxstore - Shopify,direct_to_consumer,fulfilled,2025-03-08,2025-03-12,2025-03-08,PA2,FedEx,1,1,18.83,2.26,0.0,21.09,shipmonk_estimate,USD
139352,6483262701878,Cattasaurus - shoproxstore - Shopify,direct_to_consumer,fulfilled,2025-03-08,2025-03-11,2025-03-08,PA2,UPS,2,1,15.39,2.63,0.0,18.02,shipmonk_estimate,USD
139353,6483264897334,Cattasaurus - shoproxstore - Shopify,direct_to_consumer,fulfilled,2025-03-08,2025-03-10,2025-03-08,PA2,FedEx,2,1,13.85,4.48,0.0,18.33,shipmonk_estimate,USD
139354,6483274072374,Cattasaurus - shoproxstore - Shopify,direct_to_consumer,fulfilled,2025-03-08,2025-03-12,2025-03-08,PA2,FedEx,1,1,16.71,2.26,0.0,18.97,shipmonk_estimate,USD
139355,6483278004534,Cattasaurus - shoproxstore - Shopify,direct_to_consumer,fulfilled,2025-03-08,2025-03-11,2025-03-08,PA2,FedEx,1,1,16.71,2.26,0.0,18.97,shipmonk_estimate,USD
139356,6483287441718,Cattasaurus - shoproxstore - Shopify,direct_to_consumer,fulfilled,2025-03-08,2025-03-12,2025-03-08,PA2,FedEx,2,1,16.71,2.63,0.0,19.34,shipmonk_estimate,USD
139357,6483313361206,Cattasaurus - shoproxstore - Shopify,direct_to_consumer,fulfilled,2025-03-08,2025-03-11,2025-03-08,PA2,FedEx,1,1,18.27,2.26,0.0,20.53,shipmonk_estimate,USD
139360,6483329057078,Cattasaurus - shoproxstore - Shopify,direct_to_consumer,fulfilled,2025-03-08,2025-03-10,2025-03-08,PA2,FedEx,1,1,13.15,2.26,0.0,15.41,shipmonk_estimate,USD
139361,6483339116854,Cattasaurus - shoproxstore - Shopify,direct_to_consumer,fulfilled,2025-03-08,2025-03-11,2025-03-08,PA2,FedEx,1,1,16.71,2.26,0.0,18.97,shipmonk_estimate,USD
139363,6483347177782,Cattasaurus - shoproxstore - Shopify,direct_to_consumer,fulfilled,2025-03-08,2025-03-10,2025-03-08,PA2,FedEx,1,1,14.08,2.26,0.0,16.34,shipmonk_estimate,USD
139365,6483351535926,Cattasaurus - shoproxstore - Shopify,direct_to_consumer,fulfilled,2025-03-08,2025-03-11,2025-03-08,PA2,FedEx,1,1,18.83,2.26,0.0,21.09,shipmonk_estimate,USD
139366,6483352650038,Cattasaurus - shoproxstore - Shopify,direct_to_consumer,fulfilled,2025-03-08,2025-03-10,2025-03-08,PA2,FedEx,1,1,18.83,2.26,0.0,21.09,shipmonk_estimate,USD
139367,6483360579894,Cattasaurus - shoproxstore - Shopify,direct_to_consumer,fulfilled,2025-03-08,2025-03-10,2025-03-08,PA2,FedEx,1,1,11.61,2.26,0.0,13.87,shipmonk_estimate,USD
139369,6483391709494,Cattasaurus - shoproxstore - Shopify,direct_to_consumer,fulfilled,2025-03-08,2025-03-11,2025-03-08,PA2,FedEx,1,1,13.85,2.26,0.0,16.11,shipmonk_estimate,USD
139370,6483392889142,Cattasaurus - shoproxstore - Shopify,direct_to_consumer,fulfilled,2025-03-08,2025-03-11,2025-03-08,PA2,UPS,1,1,20.37,2.26,0.0,22.63,shipmonk_estimate,USD
139371,6483397411126,Cattasaurus - shoproxstore - Shopify,direct_to_consumer,fulfilled,2025-03-08,2025-03-10,2025-03-08,NV3,FedEx,1,1,25.26,2.63,0.0,27.89,shipmonk_estimate,USD
139375,6483444498742,Cattasaurus - shoproxstore - Shopify,direct_to_consumer,fulfilled,2025-03-08,2025-03-11,2025-03-08,PA2,FedEx,1,1,16.71,2.26,0.0,18.97,shipmonk_estimate,USD
139375_1,c321f062-5dd2-41ba-8a2f-68f02732cafd,Cattasaurus - shoproxstore - Shopify,direct_to_consumer,fulfilled,2025-03-08,2025-03-10,2025-03-08,NV3,USPS,2,1,5.94,2.26,0.3,8.5,shipmonk_estimate,USD
139378,6483455443254,Cattasaurus - shoproxstore - Shopify,direct_to_consumer,fulfilled,2025-03-08,2025-03-10,2025-03-08,NV3,FedEx,1,1,16.73,2.63,0.0,19.36,shipmonk_estimate,USD
139379,6483461603638,Cattasaurus - shoproxstore - Shopify,direct_to_consumer,fulfilled,2025-03-08,2025-03-10,2025-03-08,PA2,FedEx,1,1,21.0,2.26,0.0,23.26,shipmonk_estimate,USD
139380,6483466060086,Cattasaurus - shoproxstore - Shopify,direct_to_consumer,fulfilled,2025-03-08,2025-03-10,2025-03-08,PA2,FedEx,1,1,18.27,2.26,0.0,20.53,shipmonk_estimate,USD
139381,6483472089398,Cattasaurus - shoproxstore - Shopify,direct_to_consumer,fulfilled,2025-03-08,2025-03-10,2025-03-08,PA2,UPS,1,1,20.37,2.26,0.0,22.63,shipmonk_estimate,USD
139382,6483487031606,Cattasaurus - shoproxstore - Shopify,direct_to_consumer,fulfilled,2025-03-08,2025-03-10,2025-03-08,PA2,UPS,1,1,18.24,2.26,0.0,20.5,shipmonk_estimate,USD
139383,6483501351222,Cattasaurus - shoproxstore - Shopify,direct_to_consumer,fulfilled,2025-03-08,2025-03-12,2025-03-08,PA2,FedEx,2,1,24.27,2.63,0.0,26.9,shipmonk_estimate,USD
139384,6483506626870,Cattasaurus - shoproxstore - Shopify,direct_to_consumer,fulfilled,2025-03-08,2025-03-12,2025-03-08,PA2,FedEx,1,1,18.83,2.63,0.0,21.46,shipmonk_estimate,USD
139385,6483506659638,Cattasaurus - shoproxstore - Shopify,direct_to_consumer,fulfilled,2025-03-08,2025-03-12,2025-03-08,PA2,FedEx,1,1,22.74,2.63,0.0,25.37,shipmonk_estimate,USD
139386,6483512262966,Cattasaurus - shoproxstore - Shopify,direct_to_consumer,fulfilled,2025-03-08,2025-03-11,2025-03-08,PA2,UPS,1,1,23.6,2.26,0.0,25.86,shipmonk_estimate,USD
139388,6483517473078,Cattasaurus - shoproxstore - Shopify,direct_to_consumer,fulfilled,2025-03-08,2025-03-12,2025-03-08,PA2,FedEx,1,1,18.83,2.26,0.0,21.09,shipmonk_estimate,USD
139390,6483520160054,Cattasaurus - shoproxstore - Shopify,direct_to_consumer,fulfilled,2025-03-08,2025-03-10,2025-03-08,PA2,FedEx,1,1,14.08,2.26,0.0,16.34,shipmonk_estimate,USD
139391,6483524026678,Cattasaurus - shoproxstore - Shopify,direct_to_consumer,fulfilled,2025-03-08,2025-03-12,2025-03-08,PA2,FedEx,1,1,13.03,2.26,0.0,15.29,shipmonk_estimate,USD
139392,6483548602678,Cattasaurus - shoproxstore - Shopify,direct_to_consumer,fulfilled,2025-03-08,2025-03-10,2025-03-08,PA2,FedEx,1,1,13.85,2.26,0.0,16.11,shipmonk_estimate,USD
139393,6483552928054,Cattasaurus - shoproxstore - Shopify,direct_to_consumer,fulfilled,2025-03-08,2025-03-12,2025-03-08,PA2,FedEx,1,1,24.14,2.26,0.0,26.4,shipmonk_estimate,USD
139394,6483554337078,Cattasaurus - shoproxstore - Shopify,direct_to_consumer,fulfilled,2025-03-08,2025-03-10,2025-03-08,PA2,FedEx,1,1,14.08,2.26,0.0,16.34,shipmonk_estimate,USD
139395,6483561087286,Cattasaurus - shoproxstore - Shopify,direct_to_consumer,fulfilled,2025-03-08,2025-03-12,2025-03-08,PA2,UPS,1,1,15.61,2.26,0.0,17.87,shipmonk_estimate,USD
139396,6483599294774,Cattasaurus - shoproxstore - Shopify,direct_to_consumer,fulfilled,2025-03-08,2025-03-12,2025-03-08,PA2,FedEx,1,1,22.07,2.26,0.0,24.33,shipmonk_estimate,USD
139397,6483606765878,Cattasaurus - shoproxstore - Shopify,direct_to_consumer,fulfilled,2025-03-08,2025-03-12,2025-03-08,PA2,FedEx,2,1,22.74,2.63,0.0,25.37,shipmonk_estimate,USD
139398,6483607257398,Cattasaurus - shoproxstore - Shopify,direct_to_consumer,fulfilled,2025-03-08,2025-03-10,2025-03-08,PA2,FedEx,1,1,16.71,2.26,0.0,18.97,shipmonk_estimate,USD
139400,6483614073142,Cattasaurus - shoproxstore - Shopify,direct_to_consumer,fulfilled,2025-03-08,2025-03-11,2025-03-08,PA2,FedEx,1,1,21.0,2.26,0.0,23.26,shipmonk_estimate,USD
139402,6483650281782,Cattasaurus - shoproxstore - Shopify,direct_to_consumer,fulfilled,2025-03-08,2025-03-12,2025-03-08,PA2,FedEx,2,1,13.15,2.63,0.0,15.78,shipmonk_estimate,USD
139403,6483662176566,Cattasaurus - shoproxstore - Shopify,direct_to_consumer,fulfilled,2025-03-08,2025-03-11,2025-03-08,PA2,UPS,1,1,14.08,2.26,0.0,16.34,shipmonk_estimate,USD
139404,6483673022774,Cattasaurus - shoproxstore - Shopify,direct_to_consumer,fulfilled,2025-03-08,2025-03-12,2025-03-08,PA2,FedEx,1,1,13.03,2.63,0.0,15.66,shipmonk_estimate,USD
139405,6483674988854,Cattasaurus - shoproxstore - Shopify,direct_to_consumer,fulfilled,2025-03-08,2025-03-10,2025-03-08,PA2,FedEx,1,1,14.08,2.26,0.0,16.34,shipmonk_estimate,USD
139406_1,7ac9caa3-195b-4537-b65b-1a1b4ce954e9,Cattasaurus - shoproxstore - Shopify,direct_to_consumer,fulfilled,2025-03-08,2025-03-10,2025-03-08,NV3,DHL eCommerce,1,1,5.61,1.89,0.3,7.8,shipmonk_estimate,USD
139407,6483680624950,Cattasaurus - shoproxstore - Shopify,direct_to_consumer,fulfilled,2025-03-08,2025-03-10,2025-03-08,PA2,FedEx,1,1,16.71,2.26,0.0,18.97,shipmonk_estimate,USD
139408,6483701170486,Cattasaurus - shoproxstore - Shopify,direct_to_consumer,fulfilled,2025-03-08,2025-03-10,2025-03-08,PA2,UPS,1,1,15.61,2.26,0.0,17.87,shipmonk_estimate,USD
139409,6483704709430,Cattasaurus - shoproxstore - Shopify,direct_to_consumer,fulfilled,2025-03-08,2025-03-12,2025-03-08,PA2,FedEx,2,1,19.47,2.63,0.0,22.1,shipmonk_estimate,USD
139410,6483707101494,Cattasaurus - shoproxstore - Shopify,direct_to_consumer,fulfilled,2025-03-08,2025-03-12,2025-03-08,PA2,FedEx,1,1,13.03,2.26,0.0,15.29,shipmonk_estimate,USD
139410_1,490133ac-5f8b-4b11-bdce-fdc008438ae0,Cattasaurus - shoproxstore - Shopify,direct_to_consumer,fulfilled,2025-03-08,2025-03-12,2025-03-08,PA2,FedEx,1,1,13.03,2.26,0.0,15.29,shipmonk_estimate,USD
139411,6483715883318,Cattasaurus - shoproxstore - Shopify,direct_to_consumer,fulfilled,2025-03-08,2025-03-14,2025-03-08,PA2,UPS,2,1,15.61,3.0,0.0,18.61,shipmonk_estimate,USD
139411_1,ccf5054b-11de-4811-810a-1b88cf97d9e6,Cattasaurus - shoproxstore - Shopify,direct_to_consumer,fulfilled,2025-03-08,2025-03-14,2025-03-08,PA2,UPS,1,1,15.61,2.26,0.0,17.87,shipmonk_estimate,USD
139412,6483727253814,Cattasaurus - shoproxstore - Shopify,direct_to_consumer,fulfilled,2025-03-08,2025-03-12,2025-03-08,PA2,FedEx,2,1,14.08,2.63,0.0,16.71,shipmonk_estimate,USD
139414,6483727810870,Cattasaurus - shoproxstore - Shopify,direct_to_consumer,fulfilled,2025-03-08,2025-03-12,2025-03-08,PA2,FedEx,2,1,24.14,2.63,0.0,26.77,shipmonk_estimate,USD
139415,6483731906870,Cattasaurus - shoproxstore - Shopify,direct_to_consumer,fulfilled,2025-03-08,2025-03-10,2025-03-08,PA2,FedEx,1,1,13.85,2.26,0.0,16.11,shipmonk_estimate,USD
139416,6483747143990,Cattasaurus - shoproxstore - Shopify,direct_to_consumer,fulfilled,2025-03-08,2025-03-12,2025-03-08,PA2,FedEx,2,1,14.08,2.63,0.0,16.71,shipmonk_estimate,USD
139417,6483755303222,Cattasaurus - shoproxstore - Shopify,direct_to_consumer,fulfilled,2025-03-08,2025-03-12,2025-03-08,PA2,FedEx,1,1,16.71,2.26,0.0,18.97,shipmonk_estimate,USD
139419,6483784204598,Cattasaurus - shoproxstore - Shopify,direct_to_consumer,fulfilled,2025-03-08,2025-03-11,2025-03-08,PA2,FedEx,1,1,13.85,2.26,0.0,16.11,shipmonk_estimate,USD
139420,6483788464438,Cattasaurus - shoproxstore - Shopify,direct_to_consumer,fulfilled,2025-03-08,2025-03-12,2025-03-08,PA2,UPS,1,1,14.68,2.63,0.0,17.31,shipmonk_estimate,USD
139420_1,55493b68-b41a-4e2e-9148-73845b1bf144,Cattasaurus - shoproxstore - Shopify,direct_to_consumer,fulfilled,2025-03-08,2025-03-12,2025-03-08,PA2,UPS,2,1,14.68,2.63,0.0,17.31,shipmonk_estimate,USD
139421,6483798851894,Cattasaurus - shoproxstore - Shopify,direct_to_consumer,fulfilled,2025-03-08,2025-03-12,2025-03-08,PA2,UPS,1,1,15.61,2.26,0.0,17.87,shipmonk_estimate,USD
139422,6483799966006,Cattasaurus - shoproxstore - Shopify,direct_to_consumer,fulfilled,2025-03-08,2025-03-11,2025-03-08,PA2,FedEx,1,1,15.23,2.26,0.0,17.49,shipmonk_estimate,USD
139423,6483813990710,Cattasaurus - shoproxstore - Shopify,direct_to_consumer,fulfilled,2025-03-08,2025-03-11,2025-03-08,PA2,FedEx,1,1,19.47,2.26,0.0,21.73,shipmonk_estimate,USD
139424,6483820020022,Cattasaurus - shoproxstore - Shopify,direct_to_consumer,fulfilled,2025-03-08,2025-03-12,2025-03-08,PA2,FedEx,1,1,19.47,2.63,0.0,22.1,shipmonk_estimate,USD
139425,6483826082102,Cattasaurus - shoproxstore - Shopify,direct_to_consumer,fulfilled,2025-03-08,2025-03-12,2025-03-08,PA2,FedEx,1,1,13.85,2.26,0.0,16.11,shipmonk_estimate,USD
139426,6483835126070,Cattasaurus - shoproxstore - Shopify,direct_to_consumer,fulfilled,2025-03-08,2025-03-12,2025-03-08,PA2,UPS,1,1,23.6,2.26,0.0,25.86,shipmonk_estimate,USD
139427,6483848724790,Cattasaurus - shoproxstore - Shopify,direct_to_consumer,fulfilled,2025-03-08,2025-03-12,2025-03-08,PA2,FedEx,1,1,16.77,2.63,0.0,19.4,shipmonk_estimate,USD
139429,6483853672758,Cattasaurus - shoproxstore - Shopify,direct_to_consumer,fulfilled,2025-03-08,2025-03-11,2025-03-08,PA2,UPS,1,1,18.24,2.26,0.0,20.5,shipmonk_estimate,USD
139430,6483860029750,Cattasaurus - shoproxstore - Shopify,direct_to_consumer,fulfilled,2025-03-08,2025-03-10,2025-03-08,PA2,FedEx,1,1,13.03,2.26,0.0,15.29,shipmonk_estimate,USD
139431,6483872055606,Cattasaurus - shoproxstore - Shopify,direct_to_consumer,fulfilled,2025-03-08,2025-03-12,2025-03-08,PA2,FedEx,2,2,48.28,4.52,0.0,52.8,shipmonk_estimate,USD
139432,6483883065654,Cattasaurus - shoproxstore - Shopify,direct_to_consumer,fulfilled,2025-03-08,2025-03-12,2025-03-08,PA2,FedEx,1,1,24.14,4.11,0.0,28.25,shipmonk_estimate,USD
139433,6483886014774,Cattasaurus - shoproxstore - Shopify,direct_to_consumer,fulfilled,2025-03-08,2025-03-11,2025-03-08,PA2,FedEx,1,1,13.03,2.26,0.0,15.29,shipmonk_estimate,USD
139434,6483886211382,Cattasaurus - shoproxstore - Shopify,direct_to_consumer,fulfilled,2025-03-08,2025-07-15,2025-03-08,PA2,FedEx,1,1,14.17,7.5,0.0,21.67,shipmonk_estimate,USD
139436,6483924975926,Cattasaurus - shoproxstore - Shopify,direct_to_consumer,fulfilled,2025-03-08,2025-03-12,2025-03-08,PA2,DHL eCommerce,1,1,9.93,2.26,0.5,12.69,shipmonk_estimate,USD
139438,6483941949750,Cattasaurus - shoproxstore - Shopify,direct_to_consumer,fulfilled,2025-03-08,2025-03-11,2025-03-08,PA2,FedEx,1,1,21.0,2.26,0.0,23.26,shipmonk_estimate,USD
139439,6483952730422,Cattasaurus - shoproxstore - Shopify,direct_to_consumer,fulfilled,2025-03-08,2025-03-12,2025-03-08,PA2,FedEx,2,1,18.27,3.0,0.0,21.27,shipmonk_estimate,USD
139440,6483956695350,Cattasaurus - shoproxstore - Shopify,direct_to_consumer,fulfilled,2025-03-08,2025-03-10,2025-03-08,PA2,FedEx,1,1,13.03,2.26,0.0,15.29,shipmonk_estimate,USD
139441,6483959480630,Cattasaurus - shoproxstore - Shopify,direct_to_consumer,fulfilled,2025-03-08,2025-03-11,2025-03-08,PA2,FedEx,1,1,15.23,2.26,0.0,17.49,shipmonk_estimate,USD
139445,6483977765174,Cattasaurus - shoproxstore - Shopify,direct_to_consumer,fulfilled,2025-03-08,2025-03-12,2025-03-08,PA2,FedEx,1,1,13.85,3.0,0.0,16.85,shipmonk_estimate,USD
139446,6483981861174,Cattasaurus - shoproxstore - Shopify,direct_to_consumer,fulfilled,2025-03-08,2025-03-11,2025-03-08,PA2,FedEx,1,1,16.73,2.26,0.0,18.99,shipmonk_estimate,USD
139447,6483993198902,Cattasaurus - shoproxstore - Shopify,direct_to_consumer,fulfilled,2025-03-08,2025-03-10,2025-03-08,PA2,FedEx,1,1,13.03,2.26,0.0,15.29,shipmonk_estimate,USD
139448,6484006568246,Cattasaurus - shoproxstore - Shopify,direct_to_consumer,fulfilled,2025-03-08,2025-03-11,2025-03-08,PA2,FedEx,1,1,13.03,2.26,0.0,15.29,shipmonk_estimate,USD
139449,6484017971510,Cattasaurus - shoproxstore - Shopify,direct_to_consumer,fulfilled,2025-03-08,2025-03-11,2025-03-08,PA2,FedEx,1,1,13.85,2.26,0.0,16.11,shipmonk_estimate,USD
139450,6484019118390,Cattasaurus - shoproxstore - Shopify,direct_to_consumer,fulfilled,2025-03-08,2025-03-12,2025-03-08,PA2,FedEx,1,1,18.27,2.63,0.0,20.9,shipmonk_estimate,USD
139451,6484025934134,Cattasaurus - shoproxstore - Shopify,direct_to_consumer,fulfilled,2025-03-08,2025-03-12,2025-03-08,PA2,FedEx,1,1,14.08,2.26,0.0,16.34,shipmonk_estimate,USD
139452,6484031471926,Cattasaurus - shoproxstore - Shopify,direct_to_consumer,fulfilled,2025-03-08,2025-03-11,2025-03-08,PA2,FedEx,1,1,22.07,2.26,0.0,24.33,shipmonk_estimate,USD
139453,6484037402934,Cattasaurus - shoproxstore - Shopify,direct_to_consumer,fulfilled,2025-03-08,2025-03-11,2025-03-08,PA2,UPS,1,1,18.24,2.26,0.0,20.5,shipmonk_estimate,USD
139453_1,3285a938-803b-45f7-8807-911b3fa8647d,Cattasaurus - shoproxstore - Shopify,direct_to_consumer,fulfilled,2025-03-08,2025-03-10,2025-03-08,NV3,DHL eCommerce,1,1,6.74,2.26,0.3,9.3,shipmonk_estimate,USD
139454,6484037632310,Cattasaurus - shoproxstore - Shopify,direct_to_consumer,fulfilled,2025-03-08,2025-03-12,2025-03-08,PA2,FedEx,1,1,13.15,2.63,0.0,15.78,shipmonk_estimate,USD
139455,6484040352054,Cattasaurus - shoproxstore - Shopify,direct_to_consumer,fulfilled,2025-03-08,2025-03-11,2025-03-08,PA2,UPS,1,1,18.24,2.26,0.0,20.5,shipmonk_estimate,USD
139457,6484049985846,Cattasaurus - shoproxstore - Shopify,direct_to_consumer,fulfilled,2025-03-08,2025-03-12,2025-03-08,PA2,UPS,1,1,18.24,2.26,0.0,20.5,shipmonk_estimate,USD
139458,6484055425334,Cattasaurus - shoproxstore - Shopify,direct_to_consumer,fulfilled,2025-03-08,2025-03-11,2025-03-08,PA2,UPS,1,1,18.24,2.26,0.0,20.5,shipmonk_estimate,USD
139459,6484066631990,Cattasaurus - shoproxstore - Shopify,direct_to_consumer,fulfilled,2025-03-08,2025-03-12,2025-03-08,PA2,UPS,2,1,20.37,2.63,0.0,23.0,shipmonk_estimate,USD
139460,6484074529078,Cattasaurus - shoproxstore - Shopify,direct_to_consumer,fulfilled,2025-03-08,2025-03-12,2025-03-08,PA2,FedEx,2,1,11.49,3.0,0.0,14.49,shipmonk_estimate,USD
139461,6484077674806,Cattasaurus - shoproxstore - Shopify,direct_to_consumer,fulfilled,2025-03-08,2025-03-11,2025-03-08,PA2,FedEx,1,1,14.08,2.26,0.0,16.34,shipmonk_estimate,USD
139462,6484090978614,Cattasaurus - shoproxstore - Shopify,direct_to_consumer,fulfilled,2025-03-08,2025-03-12,2025-03-08,PA2,UPS,1,1,18.24,2.63,0.0,20.87,shipmonk_estimate,USD
139463,6484098810166,Cattasaurus - shoproxstore - Shopify,direct_to_consumer,fulfilled,2025-03-08,2025-03-12,2025-03-08,PA2,FedEx,1,1,21.0,2.26,0.0,23.26,shipmonk_estimate,USD
139464,6484100415798,Cattasaurus - shoproxstore - Shopify,direct_to_consumer,fulfilled,2025-03-08,2025-03-12,2025-03-08,PA2,FedEx,2,1,25.68,2.63,0.0,28.31,shipmonk_estimate,USD
139465,6484104872246,Cattasaurus - shoproxstore - Shopify,direct_to_consumer,fulfilled,2025-03-08,2025-03-11,2025-03-08,PA2,FedEx,1,1,18.83,2.26,0.0,21.09,shipmonk_estimate,USD
139466,6484110672182,Cattasaurus - shoproxstore - Shopify,direct_to_consumer,fulfilled,2025-03-08,2025-03-11,2025-03-08,PA2,FedEx,1,1,22.07,2.26,0.0,24.33,shipmonk_estimate,USD
139467,6484111655222,Cattasaurus - shoproxstore - Shopify,direct_to_consumer,fulfilled,2025-03-08,2025-03-11,2025-03-08,PA2,FedEx,1,1,13.03,2.26,0.0,15.29,shipmonk_estimate,USD
139470,6484135477558,Cattasaurus - shoproxstore - Shopify,direct_to_consumer,fulfilled,2025-03-08,2025-03-12,2025-03-08,PA2,FedEx,1,1,16.73,2.26,0.0,18.99,shipmonk_estimate,USD
139472,6484171686198,Cattasaurus - shoproxstore - Shopify,direct_to_consumer,fulfilled,2025-03-08,2025-03-12,2025-03-08,PA2,FedEx,1,1,18.83,2.26,0.0,21.09,shipmonk_estimate,USD
139474,6484176666934,Cattasaurus - shoproxstore - Shopify,direct_to_consumer,fulfilled,2025-03-08,2025-03-12,2025-03-08,PA2,FedEx,3,1,13.15,3.0,0.0,16.15,shipmonk_estimate,USD
139475,6484179386678,Cattasaurus - shoproxstore - Shopify,direct_to_consumer,fulfilled,2025-03-08,2025-03-12,2025-03-08,PA2,FedEx,1,1,18.27,2.63,0.0,20.9,shipmonk_estimate,USD
139476,6484188922166,Cattasaurus - shoproxstore - Shopify,direct_to_consumer,fulfilled,2025-03-08,2025-03-12,2025-03-08,PA2,FedEx,2,1,13.85,2.63,0.0,16.48,shipmonk_estimate,USD
139477_1,96acad84-47fa-4295-be12-2cdee058bcc6,Cattasaurus - shoproxstore - Shopify,direct_to_consumer,fulfilled,2025-03-08,2025-04-03,2025-03-08,NV3,DHL eCommerce,1,1,5.77,1.89,0.0,7.66,shipmonk_estimate,USD
139478,6484202651958,Cattasaurus - shoproxstore - Shopify,direct_to_consumer,fulfilled,2025-03-08,2025-03-11,2025-03-08,PA2,FedEx,1,1,16.71,2.26,0.0,18.97,shipmonk_estimate,USD
139479,6484250132790,Cattasaurus - shoproxstore - Shopify,direct_to_consumer,fulfilled,2025-03-08,2025-03-12,2025-03-08,PA2,FedEx,2,1,19.47,2.63,0.0,22.1,shipmonk_estimate,USD
139483,6484294500662,Cattasaurus - shoproxstore - Shopify,direct_to_consumer,fulfilled,2025-03-08,2025-03-12,2025-03-08,PA2,FedEx,2,1,19.47,2.63,0.0,22.1,shipmonk_estimate,USD
139484,6484332085558,Cattasaurus - shoproxstore - Shopify,direct_to_consumer,fulfilled,2025-03-08,2025-03-24,2025-03-08,NV3,FedEx,1,1,16.71,2.63,0.0,19.34,shipmonk_estimate,USD
114-8238183-4350664,114-8238183-4350664,Cattasaurus - Amazon USA,direct_to_consumer,fulfilled,2025-03-09,2025-03-09,2025-03-09,PA2,FedEx,1,1,19.47,2.26,0.0,21.73,shipmonk_estimate,USD
133020-01,611ca288-acc3-4dd9-846f-71a7f504e593,Cattasaurus - shoproxstore - Shopify,direct_to_consumer,fulfilled,2025-03-09,2025-03-10,2025-03-09,PA2,UPS,1,1,18.24,2.26,0.0,20.5,shipmonk_estimate,USD
137046-01,5c219ce3-db12-4a94-a143-d890654f3703,Cattasaurus - shoproxstore - Shopify,direct_to_consumer,fulfilled,2025-03-09,2025-03-12,2025-03-09,PA2,FedEx,1,1,16.71,2.26,0.0,18.97,shipmonk_estimate,USD
139485,6484462829878,Cattasaurus - shoproxstore - Shopify,direct_to_consumer,fulfilled,2025-03-09,2025-03-11,2025-03-09,PA2,FedEx,1,1,14.08,2.26,0.0,16.34,shipmonk_estimate,USD
139487,6484510376246,Cattasaurus - shoproxstore - Shopify,direct_to_consumer,fulfilled,2025-03-09,2025-03-11,2025-03-09,PA2,FedEx,1,1,21.0,2.26,0.0,23.26,shipmonk_estimate,USD
139488,6484547273014,Cattasaurus - shoproxstore - Shopify,direct_to_consumer,fulfilled,2025-03-09,2025-07-15,2025-03-09,PA2,FedEx,1,1,15.73,7.5,0.0,23.23,shipmonk_estimate,USD
139489,6484555628854,Cattasaurus - shoproxstore - Shopify,direct_to_consumer,fulfilled,2025-03-09,2025-03-12,2025-03-09,PA2,FedEx,2,1,16.71,2.63,0.0,19.34,shipmonk_estimate,USD
139490,6484561822006,Cattasaurus - shoproxstore - Shopify,direct_to_consumer,fulfilled,2025-03-09,2025-03-12,2025-03-09,PA2,FedEx,1,1,15.23,2.63,0.0,17.86,shipmonk_estimate,USD
139491,6484562018614,Cattasaurus - shoproxstore - Shopify,direct_to_consumer,fulfilled,2025-03-09,2025-03-12,2025-03-09,PA2,FedEx,2,1,13.85,2.63,0.0,16.48,shipmonk_estimate,USD
139492,6484564279606,Cattasaurus - shoproxstore - Shopify,direct_to_consumer,fulfilled,2025-03-09,2025-03-12,2025-03-09,PA2,FedEx,1,1,13.03,2.26,0.0,15.29,shipmonk_estimate,USD
139493,6484572602678,Cattasaurus - shoproxstore - Shopify,direct_to_consumer,fulfilled,2025-03-09,2025-03-11,2025-03-09,PA2,FedEx,1,1,16.73,2.26,0.0,18.99,shipmonk_estimate,USD
139494,6484572930358,Cattasaurus - shoproxstore - Shopify,direct_to_consumer,fulfilled,2025-03-09,2025-03-11,2025-03-09,PA2,FedEx,1,1,16.71,2.26,0.0,18.97,shipmonk_estimate,USD
139495,6484576862518,Cattasaurus - shoproxstore - Shopify,direct_to_consumer,fulfilled,2025-03-09,2025-03-13,2025-03-09,PA2,FedEx,1,1,16.73,2.63,0.0,19.36,shipmonk_estimate,USD
139496,6484585742646,Cattasaurus - shoproxstore - Shopify,direct_to_consumer,fulfilled,2025-03-09,2025-03-13,2025-03-09,PA2,FedEx,2,1,14.08,3.0,0.0,17.08,shipmonk_estimate,USD
139497,6484586758454,Cattasaurus - shoproxstore - Shopify,direct_to_consumer,fulfilled,2025-03-09,2025-03-12,2025-03-09,PA2,FedEx,1,1,13.85,2.26,0.0,16.11,shipmonk_estimate,USD
139498,6484588921142,Cattasaurus - shoproxstore - Shopify,direct_to_consumer,fulfilled,2025-03-09,2025-03-12,2025-03-09,PA2,FedEx,1,1,16.71,2.26,0.0,18.97,shipmonk_estimate,USD
139499,6484592460086,Cattasaurus - shoproxstore - Shopify,direct_to_consumer,fulfilled,2025-03-09,2025-03-13,2025-03-09,PA2,FedEx,1,1,19.47,2.63,0.0,22.1,shipmonk_estimate,USD
139500,6484596752694,Cattasaurus - shoproxstore - Shopify,direct_to_consumer,fulfilled,2025-03-09,2025-03-11,2025-03-09,PA2,FedEx,1,1,13.85,2.26,0.0,16.11,shipmonk_estimate,USD
139501,6484598292790,Cattasaurus - shoproxstore - Shopify,direct_to_consumer,fulfilled,2025-03-09,2025-03-13,2025-03-09,PA2,FedEx,2,1,22.74,3.37,0.0,26.11,shipmonk_estimate,USD
139502,6484598784310,Cattasaurus - shoproxstore - Shopify,direct_to_consumer,fulfilled,2025-03-09,2025-03-11,2025-03-09,PA2,FedEx,1,1,16.73,2.26,0.0,18.99,shipmonk_estimate,USD
139504,6484602290486,Cattasaurus - shoproxstore - Shopify,direct_to_consumer,fulfilled,2025-03-09,2025-03-11,2025-03-09,PA2,FedEx,1,1,18.83,2.26,0.0,21.09,shipmonk_estimate,USD
139505,6484602356022,Cattasaurus - shoproxstore - Shopify,direct_to_consumer,fulfilled,2025-03-09,2025-03-13,2025-03-09,PA2,UPS,1,1,14.68,2.63,0.0,17.31,shipmonk_estimate,USD
139505_1,f2a3539c-bfb7-44aa-8ba6-0ca06027a5ee,Cattasaurus - shoproxstore - Shopify,direct_to_consumer,fulfilled,2025-03-09,2025-03-10,2025-03-09,NV3,DHL eCommerce,1,1,6.21,1.89,0.3,8.4,shipmonk_estimate,USD
139507,6484604911926,Cattasaurus - shoproxstore - Shopify,direct_to_consumer,fulfilled,2025-03-09,2025-03-11,2025-03-09,PA2,FedEx,1,1,21.0,2.26,0.0,23.26,shipmonk_estimate,USD
139508,6484607566134,Cattasaurus - shoproxstore - Shopify,direct_to_consumer,fulfilled,2025-03-09,2025-03-11,2025-03-09,PA2,UPS,1,1,14.08,2.26,0.0,16.34,shipmonk_estimate,USD
139509,6484609007926,Cattasaurus - shoproxstore - Shopify,direct_to_consumer,fulfilled,2025-03-09,2025-03-11,2025-03-09,PA2,UPS,1,1,15.39,2.26,0.0,17.65,shipmonk_estimate,USD
139510,6484624507190,Cattasaurus - shoproxstore - Shopify,direct_to_consumer,fulfilled,2025-03-09,2025-03-13,2025-03-09,PA2,UPS,2,1,18.24,2.26,0.0,20.5,shipmonk_estimate,USD
139513,6484635975990,Cattasaurus - shoproxstore - Shopify,direct_to_consumer,fulfilled,2025-03-09,2025-03-13,2025-03-09,PA2,FedEx,2,1,18.83,3.0,0.0,21.83,shipmonk_estimate,USD
139514,6484644430134,Cattasaurus - shoproxstore - Shopify,direct_to_consumer,fulfilled,2025-03-09,2025-03-11,2025-03-09,PA2,UPS,1,1,18.24,2.26,0.0,20.5,shipmonk_estimate,USD
139515,6484646723894,Cattasaurus - shoproxstore - Shopify,direct_to_consumer,fulfilled,2025-03-09,2025-03-11,2025-03-09,PA2,FedEx,1,1,21.0,2.26,0.0,23.26,shipmonk_estimate,USD
139516,6484652753206,Cattasaurus - shoproxstore - Shopify,direct_to_consumer,fulfilled,2025-03-09,2025-03-11,2025-03-09,PA2,FedEx,1,1,21.0,2.26,0.0,23.26,shipmonk_estimate,USD
139517,6484657275190,Cattasaurus - shoproxstore - Shopify,direct_to_consumer,fulfilled,2025-03-09,2025-03-11,2025-03-09,PA2,FedEx,1,1,18.83,2.26,0.0,21.09,shipmonk_estimate,USD
139518,6484659601718,Cattasaurus - shoproxstore - Shopify,direct_to_consumer,fulfilled,2025-03-09,2025-03-13,2025-03-09,PA2,UPS,1,1,15.61,1.89,0.0,17.5,shipmonk_estimate,USD
139519,6484660551990,Cattasaurus - shoproxstore - Shopify,direct_to_consumer,fulfilled,2025-03-09,2025-03-13,2025-03-09,PA2,FedEx,2,1,15.23,3.0,0.0,18.23,shipmonk_estimate,USD
139520,6484670153014,Cattasaurus - shoproxstore - Shopify,direct_to_consumer,fulfilled,2025-03-09,2025-03-11,2025-03-09,PA2,UPS,1,1,20.37,2.26,0.0,22.63,shipmonk_estimate,USD
139521,6484683587894,Cattasaurus - shoproxstore - Shopify,direct_to_consumer,fulfilled,2025-03-09,2025-03-13,2025-03-09,PA2,UPS,1,1,20.37,2.63,0.0,23.0,shipmonk_estimate,USD
139522,6484690075958,Cattasaurus - shoproxstore - Shopify,direct_to_consumer,fulfilled,2025-03-09,2025-03-13,2025-03-09,PA2,FedEx,1,1,15.23,2.63,0.0,17.86,shipmonk_estimate,USD
139523,6484696891702,Cattasaurus - shoproxstore - Shopify,direct_to_consumer,fulfilled,2025-03-09,2025-03-11,2025-03-09,PA2,UPS,1,1,15.61,2.26,0.0,17.87,shipmonk_estimate,USD
139524,6484698661174,Cattasaurus - shoproxstore - Shopify,direct_to_consumer,fulfilled,2025-03-09,2025-03-11,2025-03-09,PA2,FedEx,1,1,15.23,2.26,0.0,17.49,shipmonk_estimate,USD
139525,6484705182006,Cattasaurus - shoproxstore - Shopify,direct_to_consumer,fulfilled,2025-03-09,2025-03-13,2025-03-09,PA2,FedEx,2,1,13.15,2.26,0.0,15.41,shipmonk_estimate,USD
139526,6484708000054,Cattasaurus - shoproxstore - Shopify,direct_to_consumer,fulfilled,2025-03-09,2025-03-11,2025-03-09,PA2,FedEx,1,1,13.03,2.26,0.0,15.29,shipmonk_estimate,USD
139527,6484712849718,Cattasaurus - shoproxstore - Shopify,direct_to_consumer,fulfilled,2025-03-09,2025-03-11,2025-03-09,PA2,FedEx,1,1,16.71,2.26,0.0,18.97,shipmonk_estimate,USD
139528,6484713439542,Cattasaurus - shoproxstore - Shopify,direct_to_consumer,fulfilled,2025-03-09,2025-03-11,2025-03-09,PA2,FedEx,1,1,19.47,2.26,0.0,21.73,shipmonk_estimate,USD
139529,6484714422582,Cattasaurus - shoproxstore - Shopify,direct_to_consumer,fulfilled,2025-03-09,2025-03-13,2025-03-09,PA2,UPS,1,1,18.24,4.11,0.0,22.35,shipmonk_estimate,USD
139530,6484718321974,Cattasaurus - shoproxstore - Shopify,direct_to_consumer,fulfilled,2025-03-09,2025-03-11,2025-03-09,PA2,UPS,1,1,15.61,2.26,0.0,17.87,shipmonk_estimate,USD
139531,6484722975030,Cattasaurus - shoproxstore - Shopify,direct_to_consumer,fulfilled,2025-03-09,2025-03-11,2025-03-09,PA2,FedEx,1,1,13.15,2.26,0.0,15.41,shipmonk_estimate,USD
139531_1,f45842e1-8c06-4a8e-8b6f-45215809e0bb,Cattasaurus - shoproxstore - Shopify,direct_to_consumer,fulfilled,2025-03-09,2025-03-10,2025-03-09,NV3,DHL eCommerce,1,1,6.21,1.89,0.3,8.4,shipmonk_estimate,USD
139532,6484730708278,Cattasaurus - shoproxstore - Shopify,direct_to_consumer,fulfilled,2025-03-09,2025-03-11,2025-03-09,PA2,FedEx,1,1,19.47,2.26,0.0,21.73,shipmonk_estimate,USD
139533,6484733886774,Cattasaurus - shoproxstore - Shopify,direct_to_consumer,fulfilled,2025-03-09,2025-03-11,2025-03-09,PA2,FedEx,1,1,16.73,2.26,0.0,18.99,shipmonk_estimate,USD
139534,6484736377142,Cattasaurus - shoproxstore - Shopify,direct_to_consumer,fulfilled,2025-03-09,2025-03-13,2025-03-09,PA2,UPS,1,1,15.39,2.63,0.0,18.02,shipmonk_estimate,USD
139535,6484741849398,Cattasaurus - shoproxstore - Shopify,direct_to_consumer,fulfilled,2025-03-09,2025-03-13,2025-03-09,PA2,FedEx,1,1,14.08,2.63,0.0,16.71,shipmonk_estimate,USD
139536,6484743192886,Cattasaurus - shoproxstore - Shopify,direct_to_consumer,fulfilled,2025-03-09,2025-03-11,2025-03-09,PA2,FedEx,1,1,16.73,2.26,0.0,18.99,shipmonk_estimate,USD
139537,6484745519414,Cattasaurus - shoproxstore - Shopify,direct_to_consumer,fulfilled,2025-03-09,2025-03-13,2025-03-09,PA2,FedEx,1,1,18.27,2.63,0.0,20.9,shipmonk_estimate,USD
139539,6484761313590,Cattasaurus - shoproxstore - Shopify,direct_to_consumer,fulfilled,2025-03-09,2025-03-11,2025-03-09,PA2,FedEx,1,1,21.0,2.26,0.0,23.26,shipmonk_estimate,USD
139540,6484763050294,Cattasaurus - shoproxstore - Shopify,direct_to_consumer,fulfilled,2025-03-09,2025-03-12,2025-03-09,PA2,FedEx,1,1,13.03,2.26,0.0,15.29,shipmonk_estimate,USD
139542,6484774846774,Cattasaurus - shoproxstore - Shopify,direct_to_consumer,fulfilled,2025-03-09,2025-03-12,2025-03-09,PA2,UPS,1,1,20.37,2.26,0.0,22.63,shipmonk_estimate,USD
139544,6484796801334,Cattasaurus - shoproxstore - Shopify,direct_to_consumer,fulfilled,2025-03-09,2025-03-11,2025-03-09,PA2,FedEx,1,1,13.85,2.26,0.0,16.11,shipmonk_estimate,USD
139545,6484808859958,Cattasaurus - shoproxstore - Shopify,direct_to_consumer,fulfilled,2025-03-09,2025-03-13,2025-03-09,PA2,FedEx,2,1,18.27,2.63,0.0,20.9,shipmonk_estimate,USD
139547,6484830159158,Cattasaurus - shoproxstore - Shopify,direct_to_consumer,fulfilled,2025-03-09,2025-03-13,2025-03-09,PA2,FedEx,1,1,13.85,2.63,0.0,16.48,shipmonk_estimate,USD
139548,6484831043894,Cattasaurus - shoproxstore - Shopify,direct_to_consumer,fulfilled,2025-03-09,2025-03-13,2025-03-09,PA2,FedEx,1,1,14.08,2.63,0.0,16.71,shipmonk_estimate,USD
139549,6484850082102,Cattasaurus - shoproxstore - Shopify,direct_to_consumer,fulfilled,2025-03-09,2025-03-11,2025-03-09,PA2,FedEx,1,1,14.08,2.26,0.0,16.34,shipmonk_estimate,USD
139550,6484853653814,Cattasaurus - shoproxstore - Shopify,direct_to_consumer,fulfilled,2025-03-09,2025-03-13,2025-03-09,PA2,FedEx,2,1,14.08,2.26,0.0,16.34,shipmonk_estimate,USD
139552,6484876886326,Cattasaurus - shoproxstore - Shopify,direct_to_consumer,fulfilled,2025-03-09,2025-03-13,2025-03-09,PA2,UPS,1,1,14.56,2.63,0.0,17.19,shipmonk_estimate,USD
139553,6484883505462,Cattasaurus - shoproxstore - Shopify,direct_to_consumer,fulfilled,2025-03-09,2025-03-11,2025-03-09,PA2,UPS,1,1,15.61,2.26,0.0,17.87,shipmonk_estimate,USD
139554,6484884390198,Cattasaurus - shoproxstore - Shopify,direct_to_consumer,fulfilled,2025-03-09,2025-03-14,2025-03-09,PA2,FedEx,4,1,24.14,3.37,0.0,27.51,shipmonk_estimate,USD
139555,6484887208246,Cattasaurus - shoproxstore - Shopify,direct_to_consumer,fulfilled,2025-03-09,2025-03-11,2025-03-09,PA2,FedEx,1,1,16.71,2.26,0.0,18.97,shipmonk_estimate,USD
139556,6484897595702,Cattasaurus - shoproxstore - Shopify,direct_to_consumer,fulfilled,2025-03-09,2025-03-13,2025-03-09,PA2,UPS,2,1,14.68,3.0,0.0,17.68,shipmonk_estimate,USD
139557,6484914700598,Cattasaurus - shoproxstore - Shopify,direct_to_consumer,fulfilled,2025-03-09,2025-03-11,2025-03-09,PA2,FedEx,1,1,16.71,2.26,0.0,18.97,shipmonk_estimate,USD
139558,6484923023670,Cattasaurus - shoproxstore - Shopify,direct_to_consumer,fulfilled,2025-03-09,2025-03-13,2025-03-09,PA2,UPS,2,1,15.61,3.0,0.0,18.61,shipmonk_estimate,USD
139559,6484942848310,Cattasaurus - shoproxstore - Shopify,direct_to_consumer,fulfilled,2025-03-09,2025-03-13,2025-03-09,PA2,FedEx,1,1,13.15,2.63,0.0,15.78,shipmonk_estimate,USD
139562,6484950319414,Cattasaurus - shoproxstore - Shopify,direct_to_consumer,fulfilled,2025-03-09,2025-03-13,2025-03-09,PA2,UPS,1,1,15.39,2.63,0.0,18.02,shipmonk_estimate,USD
139566,6484988297526,Cattasaurus - shoproxstore - Shopify,direct_to_consumer,fulfilled,2025-03-09,2025-03-13,2025-03-09,PA2,FedEx,3,1,25.62,5.22,0.0,30.84,shipmonk_estimate,USD
139567,6484990492982,Cattasaurus - shoproxstore - Shopify,direct_to_consumer,fulfilled,2025-03-09,2025-03-12,2025-03-09,PA2,FedEx,1,1,16.71,2.26,0.0,18.97,shipmonk_estimate,USD
139568,6484991050038,Cattasaurus - shoproxstore - Shopify,direct_to_consumer,fulfilled,2025-03-09,2025-03-13,2025-03-09,PA2,UPS,1,1,18.24,2.63,0.0,20.87,shipmonk_estimate,USD
139569,6484994490678,Cattasaurus - shoproxstore - Shopify,direct_to_consumer,fulfilled,2025-03-09,2025-03-13,2025-03-09,PA2,FedEx,2,1,16.71,3.0,0.0,19.71,shipmonk_estimate,USD
139570,6484997013814,Cattasaurus - shoproxstore - Shopify,direct_to_consumer,fulfilled,2025-03-09,2025-03-11,2025-03-09,PA2,FedEx,1,1,15.23,2.26,0.0,17.49,shipmonk_estimate,USD
139571,6485019164982,Cattasaurus - shoproxstore - Shopify,direct_to_consumer,fulfilled,2025-03-09,2025-03-11,2025-03-09,PA2,FedEx,1,1,18.27,2.26,0.0,20.53,shipmonk_estimate,USD
139573,6485029093686,Cattasaurus - shoproxstore - Shopify,direct_to_consumer,fulfilled,2025-03-09,2025-03-13,2025-03-09,PA2,UPS,1,1,20.37,1.89,0.0,22.26,shipmonk_estimate,USD
139574,6485032239414,Cattasaurus - shoproxstore - Shopify,direct_to_consumer,fulfilled,2025-03-09,2025-03-12,2025-03-09,PA2,UPS,1,1,18.24,2.26,0.0,20.5,shipmonk_estimate,USD
139576,6485034795318,Cattasaurus - shoproxstore - Shopify,direct_to_consumer,fulfilled,2025-03-09,2025-03-12,2025-03-09,PA2,UPS,1,1,18.24,2.26,0.0,20.5,shipmonk_estimate,USD
139579,6485045608758,Cattasaurus - shoproxstore - Shopify,direct_to_consumer,fulfilled,2025-03-09,2025-03-13,2025-03-09,PA2,FedEx,1,1,23.73,2.63,0.0,26.36,shipmonk_estimate,USD
139580,6485057634614,Cattasaurus - shoproxstore - Shopify,direct_to_consumer,fulfilled,2025-03-09,2025-03-11,2025-03-09,PA2,FedEx,1,1,16.71,2.26,0.0,18.97,shipmonk_estimate,USD
139581,6485059567926,Cattasaurus - shoproxstore - Shopify,direct_to_consumer,fulfilled,2025-03-09,2025-03-12,2025-03-09,PA2,FedEx,1,1,14.08,2.26,0.0,16.34,shipmonk_estimate,USD
139582,6485066809654,Cattasaurus - shoproxstore - Shopify,direct_to_consumer,fulfilled,2025-03-09,2025-03-11,2025-03-09,PA2,FedEx,1,1,16.71,2.26,0.0,18.97,shipmonk_estimate,USD
139584_1,b2b2be3a-790e-450c-a664-b2c9b4527d72,Cattasaurus - shoproxstore - Shopify,direct_to_consumer,fulfilled,2025-03-09,2025-03-17,2025-03-09,NV3,DHL eCommerce,1,1,6.21,1.89,0.3,8.4,shipmonk_estimate,USD
139585,6485072773430,Cattasaurus - shoproxstore - Shopify,direct_to_consumer,fulfilled,2025-03-09,2025-03-13,2025-03-09,PA2,FedEx,1,1,13.85,4.11,0.0,17.96,shipmonk_estimate,USD
139586,6485075427638,Cattasaurus - shoproxstore - Shopify,direct_to_consumer,fulfilled,2025-03-09,2025-03-13,2025-03-09,PA2,FedEx,2,1,18.54,3.0,0.0,21.54,shipmonk_estimate,USD
139588,6485103870262,Cattasaurus - shoproxstore - Shopify,direct_to_consumer,fulfilled,2025-03-09,2025-03-12,2025-03-09,PA2,FedEx,1,1,14.08,2.26,0.0,16.34,shipmonk_estimate,USD
139589,6485104460086,Cattasaurus - shoproxstore - Shopify,direct_to_consumer,fulfilled,2025-03-09,2025-03-11,2025-03-09,PA2,UPS,1,1,14.68,2.26,0.0,16.94,shipmonk_estimate,USD
139590,6485108556086,Cattasaurus - shoproxstore - Shopify,direct_to_consumer,fulfilled,2025-03-09,2025-03-11,2025-03-09,PA2,FedEx,1,1,16.71,2.26,0.0,18.97,shipmonk_estimate,USD
139591,6485111177526,Cattasaurus - shoproxstore - Shopify,direct_to_consumer,fulfilled,2025-03-09,2025-03-13,2025-03-09,PA2,FedEx,1,1,18.54,3.0,0.0,21.54,shipmonk_estimate,USD
139592,6485133590838,Cattasaurus - shoproxstore - Shopify,direct_to_consumer,fulfilled,2025-03-09,2025-03-13,2025-03-09,PA2,FedEx,1,1,14.08,3.74,0.0,17.82,shipmonk_estimate,USD
139594,6485135720758,Cattasaurus - shoproxstore - Shopify,direct_to_consumer,fulfilled,2025-03-09,2025-03-18,2025-03-09,PA2,DHL eCommerce,2,1,6.46,2.26,0.5,9.22,shipmonk_estimate,USD
139595,6485141455158,Cattasaurus - shoproxstore - Shopify,direct_to_consumer,fulfilled,2025-03-09,2025-03-13,2025-03-09,PA2,FedEx,2,1,16.01,3.37,0.0,19.38,shipmonk_estimate,USD
139597,6485142667574,Cattasaurus - shoproxstore - Shopify,direct_to_consumer,fulfilled,2025-03-09,2025-03-12,2025-03-09,PA2,FedEx,1,1,19.47,2.26,0.0,21.73,shipmonk_estimate,USD
139598,6485158166838,Cattasaurus - shoproxstore - Shopify,direct_to_consumer,fulfilled,2025-03-09,2025-03-12,2025-03-09,PA2,FedEx,1,1,13.15,2.26,0.0,15.41,shipmonk_estimate,USD
139599,6485158592822,Cattasaurus - shoproxstore - Shopify,direct_to_consumer,fulfilled,2025-03-09,2025-03-11,2025-03-09,PA2,FedEx,1,1,13.85,2.26,0.0,16.11,shipmonk_estimate,USD
139600,6485163606326,Cattasaurus - shoproxstore - Shopify,direct_to_consumer,fulfilled,2025-03-09,2025-03-18,2025-03-09,PA2,FedEx,1,1,15.23,2.26,0.0,17.49,shipmonk_estimate,USD
139601,6485182677302,Cattasaurus - shoproxstore - Shopify,direct_to_consumer,fulfilled,2025-03-09,2025-03-13,2025-03-09,PA2,FedEx,2,1,18.83,2.26,0.0,21.09,shipmonk_estimate,USD
139603,6485194113334,Cattasaurus - shoproxstore - Shopify,direct_to_consumer,fulfilled,2025-03-09,2025-03-11,2025-03-09,PA2,FedEx,1,1,16.73,2.26,0.0,18.99,shipmonk_estimate,USD
139606,6485210857782,Cattasaurus - shoproxstore - Shopify,direct_to_consumer,fulfilled,2025-03-09,2025-03-13,2025-03-09,PA2,FedEx,1,1,16.73,2.63,0.0,19.36,shipmonk_estimate,USD
139607,6485211873590,Cattasaurus - shoproxstore - Shopify,direct_to_consumer,fulfilled,2025-03-09,2025-03-11,2025-03-09,PA2,FedEx,1,1,14.08,2.26,0.0,16.34,shipmonk_estimate,USD
139608,6485215510838,Cattasaurus - shoproxstore - Shopify,direct_to_consumer,fulfilled,2025-03-09,2025-03-13,2025-03-09,PA2,FedEx,2,1,27.72,3.37,0.0,31.09,shipmonk_estimate,USD
139609,6485220852022,Cattasaurus - shoproxstore - Shopify,direct_to_consumer,fulfilled,2025-03-09,2025-03-12,2025-03-09,PA2,UPS,1,1,14.68,2.26,0.0,16.94,shipmonk_estimate,USD
139610,6485228224822,Cattasaurus - shoproxstore - Shopify,direct_to_consumer,fulfilled,2025-03-09,2025-03-12,2025-03-09,PA2,FedEx,1,1,13.85,2.26,0.0,16.11,shipmonk_estimate,USD
139612,6485236089142,Cattasaurus - shoproxstore - Shopify,direct_to_consumer,fulfilled,2025-03-09,2025-03-11,2025-03-09,PA2,FedEx,1,1,13.85,2.26,0.0,16.11,shipmonk_estimate,USD
139613,6485236154678,Cattasaurus - shoproxstore - Shopify,direct_to_consumer,fulfilled,2025-03-09,2025-03-13,2025-03-09,PA2,FedEx,2,1,14.08,3.0,0.0,17.08,shipmonk_estimate,USD
139614,6485251719478,Cattasaurus - shoproxstore - Shopify,direct_to_consumer,fulfilled,2025-03-09,2025-03-13,2025-03-09,PA2,UPS,1,1,15.61,2.63,0.0,18.24,shipmonk_estimate,USD
139615,6485253914934,Cattasaurus - shoproxstore - Shopify,direct_to_consumer,fulfilled,2025-03-09,2025-03-13,2025-03-09,PA2,FedEx,1,1,18.83,2.63,0.0,21.46,shipmonk_estimate,USD
139617,6485277344054,Cattasaurus - shoproxstore - Shopify,direct_to_consumer,fulfilled,2025-03-09,2025-03-11,2025-03-09,PA2,UPS,1,1,18.24,2.26,0.0,20.5,shipmonk_estimate,USD
139618,6485277802806,Cattasaurus - shoproxstore - Shopify,direct_to_consumer,fulfilled,2025-03-09,2025-03-11,2025-03-09,PA2,FedEx,1,1,18.83,2.26,0.0,21.09,shipmonk_estimate,USD
139620,6485283864886,Cattasaurus - shoproxstore - Shopify,direct_to_consumer,fulfilled,2025-03-09,2025-03-13,2025-03-09,PA2,FedEx,1,1,13.03,2.63,0.0,15.66,shipmonk_estimate,USD
139622,6485301297462,Cattasaurus - shoproxstore - Shopify,direct_to_consumer,fulfilled,2025-03-09,2025-03-13,2025-03-09,PA2,FedEx,2,1,22.07,3.0,0.0,25.07,shipmonk_estimate,USD
139623,6485307162934,Cattasaurus - shoproxstore - Shopify,direct_to_consumer,fulfilled,2025-03-09,2025-03-13,2025-03-09,PA2,UPS,1,1,20.37,2.63,0.0,23.0,shipmonk_estimate,USD
139625,6485323252022,Cattasaurus - shoproxstore - Shopify,direct_to_consumer,fulfilled,2025-03-09,2025-03-12,2025-03-09,PA2,FedEx,1,1,13.85,2.26,0.0,16.11,shipmonk_estimate,USD
139626,6485323448630,Cattasaurus - shoproxstore - Shopify,direct_to_consumer,fulfilled,2025-03-09,2025-03-13,2025-03-09,PA2,FedEx,1,1,14.08,2.63,0.0,16.71,shipmonk_estimate,USD
139627,6485327446326,Cattasaurus - shoproxstore - Shopify,direct_to_consumer,fulfilled,2025-03-09,2025-03-13,2025-03-09,PA2,UPS,1,1,20.37,2.63,0.0,23.0,shipmonk_estimate,USD
139628,6485343863094,Cattasaurus - shoproxstore - Shopify,direct_to_consumer,fulfilled,2025-03-09,2025-03-18,2025-03-09,NV3,DHL eCommerce,1,1,5.61,1.89,0.3,7.8,shipmonk_estimate,USD
139629,6485355921718,Cattasaurus - shoproxstore - Shopify,direct_to_consumer,fulfilled,2025-03-09,2025-03-12,2025-03-09,PA2,UPS,1,1,15.39,2.26,0.0,17.65,shipmonk_estimate,USD
139630,6485363425590,Cattasaurus - shoproxstore - Shopify,direct_to_consumer,fulfilled,2025-03-09,2025-03-13,2025-03-09,PA2,FedEx,1,1,13.85,2.63,0.0,16.48,shipmonk_estimate,USD
139633,6485390131510,Cattasaurus - shoproxstore - Shopify,direct_to_consumer,fulfilled,2025-03-09,2025-03-13,2025-03-09,PA2,FedEx,2,2,33.42,5.26,0.0,38.68,shipmonk_estimate,USD
139634,6485393080630,Cattasaurus - shoproxstore - Shopify,direct_to_consumer,fulfilled,2025-03-09,2025-03-13,2025-03-09,PA2,FedEx,1,1,13.85,2.63,0.0,16.48,shipmonk_estimate,USD
139635,6485393899830,Cattasaurus - shoproxstore - Shopify,direct_to_consumer,fulfilled,2025-03-09,2025-03-13,2025-03-09,PA2,UPS,1,1,15.61,2.63,0.0,18.24,shipmonk_estimate,USD
139637,6485427355958,Cattasaurus - shoproxstore - Shopify,direct_to_consumer,fulfilled,2025-03-09,2025-03-11,2025-03-09,PA2,FedEx,1,1,14.08,2.26,0.0,16.34,shipmonk_estimate,USD
139638,6485429748022,Cattasaurus - shoproxstore - Shopify,direct_to_consumer,fulfilled,2025-03-09,2025-03-12,2025-03-09,PA2,FedEx,1,1,16.73,2.26,0.0,18.99,shipmonk_estimate,USD
139639,6485432303926,Cattasaurus - shoproxstore - Shopify,direct_to_consumer,fulfilled,2025-03-09,2025-03-11,2025-03-09,NV3,USPS,1,1,4.62,1.89,0.3,6.81,shipmonk_estimate,USD
139640,6485433745718,Cattasaurus - shoproxstore - Shopify,direct_to_consumer,fulfilled,2025-03-09,2025-03-13,2025-03-09,PA2,FedEx,2,1,21.0,3.0,0.0,24.0,shipmonk_estimate,USD
139641,6485439086902,Cattasaurus - shoproxstore - Shopify,direct_to_consumer,fulfilled,2025-03-09,2025-03-12,2025-03-09,PA2,FedEx,1,1,13.15,2.26,0.0,15.41,shipmonk_estimate,USD
139642,6485445443894,Cattasaurus - shoproxstore - Shopify,direct_to_consumer,fulfilled,2025-03-09,2025-03-13,2025-03-09,PA2,FedEx,2,1,13.03,2.63,0.0,15.66,shipmonk_estimate,USD
139642_1,f33a6977-14b0-48be-a443-84e0675fce99,Cattasaurus - shoproxstore - Shopify,direct_to_consumer,fulfilled,2025-03-09,2025-03-13,2025-03-09,PA2,FedEx,1,1,13.03,2.63,0.0,15.66,shipmonk_estimate,USD
139644,6485448360246,Cattasaurus - shoproxstore - Shopify,direct_to_consumer,fulfilled,2025-03-09,2025-03-13,2025-03-09,PA2,UPS,1,1,15.61,2.63,0.0,18.24,shipmonk_estimate,USD
139645,6485449376054,Cattasaurus - shoproxstore - Shopify,direct_to_consumer,fulfilled,2025-03-09,2025-03-11,2025-03-09,PA2,UPS,1,1,15.61,2.26,0.0,17.87,shipmonk_estimate,USD
139646,6485450129718,Cattasaurus - shoproxstore - Shopify,direct_to_consumer,fulfilled,2025-03-09,2025-03-12,2025-03-09,PA2,FedEx,1,1,14.08,2.26,0.0,16.34,shipmonk_estimate,USD
139647,6485463040310,Cattasaurus - shoproxstore - Shopify,direct_to_consumer,fulfilled,2025-03-09,2025-03-13,2025-03-09,PA2,FedEx,2,1,13.03,3.0,0.0,16.03,shipmonk_estimate,USD
139649,6485465694518,Cattasaurus - shoproxstore - Shopify,direct_to_consumer,fulfilled,2025-03-09,2025-07-13,2025-03-09,PA2,FedEx,1,1,12.5,2.5,0.0,15.0,shipmonk_estimate,USD
139652,6485508817206,Cattasaurus - shoproxstore - Shopify,direct_to_consumer,fulfilled,2025-03-09,2025-03-12,2025-03-09,PA2,FedEx,1,1,16.73,2.26,0.0,18.99,shipmonk_estimate,USD
139653,6485525168438,Cattasaurus - shoproxstore - Shopify,direct_to_consumer,fulfilled,2025-03-09,2025-03-13,2025-03-09,PA2,USPS,1,1,16.66,2.63,0.0,19.29,shipmonk_estimate,USD
139655,6485537095990,Cattasaurus - shoproxstore - Shopify,direct_to_consumer,fulfilled,2025-03-09,2025-03-13,2025-03-09,PA2,FedEx,2,1,17.91,3.0,0.0,20.91,shipmonk_estimate,USD
139656,6485540208950,Cattasaurus - shoproxstore - Shopify,direct_to_consumer,fulfilled,2025-03-09,2025-03-13,2025-03-09,PA2,FedEx,2,1,16.71,2.26,0.0,18.97,shipmonk_estimate,USD
139657,6485553381686,Cattasaurus - shoproxstore - Shopify,direct_to_consumer,fulfilled,2025-03-09,2025-03-13,2025-03-09,PA2,FedEx,1,1,16.71,2.26,0.0,18.97,shipmonk_estimate,USD
139658,6485555773750,Cattasaurus - shoproxstore - Shopify,direct_to_consumer,fulfilled,2025-03-09,2025-03-13,2025-03-09,PA2,UPS,1,1,20.37,3.74,0.0,24.11,shipmonk_estimate,USD
139661,6485600698678,Cattasaurus - shoproxstore - Shopify,direct_to_consumer,fulfilled,2025-03-09,2025-03-14,2025-03-09,PA2,FedEx,3,1,21.0,5.22,0.0,26.22,shipmonk_estimate,USD
139661_1,f72cf08c-45bb-45cd-82c6-3dd1dea1d827,Cattasaurus - shoproxstore - Shopify,direct_to_consumer,fulfilled,2025-03-09,2025-03-14,2025-03-09,PA2,FedEx,2,1,21.0,3.74,0.0,24.74,shipmonk_estimate,USD
139663,6485647556918,Cattasaurus - shoproxstore - Shopify,direct_to_consumer,fulfilled,2025-03-09,2025-03-13,2025-03-09,PA2,FedEx,2,1,24.14,3.0,0.0,27.14,shipmonk_estimate,USD
139664,6485665612086,Cattasaurus - shoproxstore - Shopify,direct_to_consumer,fulfilled,2025-03-09,2025-03-13,2025-03-09,PA2,FedEx,2,1,24.14,3.0,0.0,27.14,shipmonk_estimate,USD
139665,6485665710390,Cattasaurus - shoproxstore - Shopify,direct_to_consumer,fulfilled,2025-03-09,2025-03-13,2025-03-09,PA2,UPS,1,1,18.24,1.89,0.0,20.13,shipmonk_estimate,USD
139668,6485683831094,Cattasaurus - shoproxstore - Shopify,direct_to_consumer,fulfilled,2025-03-09,2025-03-23,2025-03-09,PA2,USPS,1,1,14.09,1.89,0.0,15.98,shipmonk_estimate,USD
139669,6485691269430,Cattasaurus - shoproxstore - Shopify,direct_to_consumer,fulfilled,2025-03-09,2025-03-12,2025-03-09,PA2,FedEx,1,1,18.83,2.26,0.0,21.09,shipmonk_estimate,USD
139670,6485693301046,Cattasaurus - shoproxstore - Shopify,direct_to_consumer,fulfilled,2025-03-09,2025-03-12,2025-03-09,PA2,UPS,1,1,18.24,2.26,0.0,20.5,shipmonk_estimate,USD
139672,6485748482358,Cattasaurus - shoproxstore - Shopify,direct_to_consumer,fulfilled,2025-03-09,2025-03-13,2025-03-09,PA2,FedEx,3,1,14.48,3.74,0.0,18.22,shipmonk_estimate,USD
139673,6485755003190,Cattasaurus - shoproxstore - Shopify,direct_to_consumer,fulfilled,2025-03-09,2025-03-13,2025-03-09,PA2,FedEx,2,1,28.69,3.0,0.0,31.69,shipmonk_estimate,USD
139674,6485762048310,Cattasaurus - shoproxstore - Shopify,direct_to_consumer,fulfilled,2025-03-09,2025-03-12,2025-03-09,PA2,FedEx,1,1,19.47,2.26,0.0,21.73,shipmonk_estimate,USD
139675,6485768470838,Cattasaurus - shoproxstore - Shopify,direct_to_consumer,fulfilled,2025-03-09,2025-03-13,2025-03-09,PA2,FedEx,1,1,14.08,2.63,0.0,16.71,shipmonk_estimate,USD
139677,6485780922678,Cattasaurus - shoproxstore - Shopify,direct_to_consumer,fulfilled,2025-03-09,2025-03-13,2025-03-09,PA2,FedEx,2,1,18.24,3.0,0.0,21.24,shipmonk_estimate,USD
139679,6485801369910,Cattasaurus - shoproxstore - Shopify,direct_to_consumer,fulfilled,2025-03-09,2025-03-13,2025-03-09,PA2,FedEx,4,1,25.42,3.74,0.0,29.16,shipmonk_estimate,USD
139680,6485817295158,Cattasaurus - shoproxstore - Shopify,direct_to_consumer,fulfilled,2025-03-09,2025-03-12,2025-03-09,PA2,FedEx,1,1,18.83,2.26,0.0,21.09,shipmonk_estimate,USD
116614-01,5232416f-5776-4f93-846d-599ed1825ddc,Cattasaurus - shoproxstore - Shopify,direct_to_consumer,fulfilled,2025-03-10,2025-03-13,2025-03-10,PA2,FedEx,2,1,13.85,2.63,0.0,16.48,shipmonk_estimate,USD
139681,6485833580854,Cattasaurus - shoproxstore - Shopify,direct_to_consumer,fulfilled,2025-03-10,2025-03-13,2025-03-10,PA2,FedEx,1,1,14.08,2.63,0.0,16.71,shipmonk_estimate,USD
139682,6485868151094,Cattasaurus - shoproxstore - Shopify,direct_to_consumer,fulfilled,2025-03-10,2025-03-13,2025-03-10,PA2,FedEx,1,1,16.73,3.0,0.0,19.73,shipmonk_estimate,USD
139683,6485966717238,Cattasaurus - shoproxstore - Shopify,direct_to_consumer,fulfilled,2025-03-10,2025-03-13,2025-03-10,PA2,FedEx,2,1,15.23,3.0,0.0,18.23,shipmonk_estimate,USD
139684,6486001615158,Cattasaurus - shoproxstore - Shopify,direct_to_consumer,fulfilled,2025-03-10,2025-03-12,2025-03-10,PA2,UPS,1,1,18.24,2.26,0.0,20.5,shipmonk_estimate,USD
139685,6486014755126,Cattasaurus - shoproxstore - Shopify,direct_to_consumer,fulfilled,2025-03-10,2025-03-12,2025-03-10,PA2,FedEx,1,1,16.71,2.26,0.0,18.97,shipmonk_estimate,USD
139686,6486017343798,Cattasaurus - shoproxstore - Shopify,direct_to_consumer,fulfilled,2025-03-10,2025-03-13,2025-03-10,PA2,FedEx,1,1,13.03,2.63,0.0,15.66,shipmonk_estimate,USD
139687,6486020063542,Cattasaurus - shoproxstore - Shopify,direct_to_consumer,fulfilled,2025-03-10,2025-03-12,2025-03-10,PA2,FedEx,1,1,18.27,2.26,0.0,20.53,shipmonk_estimate,USD
139688,6486034972982,Cattasaurus - shoproxstore - Shopify,direct_to_consumer,fulfilled,2025-03-10,2025-03-12,2025-03-10,PA2,UPS,1,1,14.56,2.26,0.0,16.82,shipmonk_estimate,USD
139689,6486037168438,Cattasaurus - shoproxstore - Shopify,direct_to_consumer,fulfilled,2025-03-10,2025-03-14,2025-03-10,PA2,FedEx,2,1,18.83,3.0,0.0,21.83,shipmonk_estimate,USD
139690,6486078259510,Cattasaurus - shoproxstore - Shopify,direct_to_consumer,fulfilled,2025-03-10,2025-03-13,2025-03-10,PA2,UPS,1,1,20.37,2.63,0.0,23.0,shipmonk_estimate,USD
139691,6486097363254,Cattasaurus - shoproxstore - Shopify,direct_to_consumer,fulfilled,2025-03-10,2025-03-13,2025-03-10,PA2,FedEx,1,1,13.85,2.63,0.0,16.48,shipmonk_estimate,USD
139692,6486110273846,Cattasaurus - shoproxstore - Shopify,direct_to_consumer,fulfilled,2025-03-10,2025-03-12,2025-03-10,PA2,FedEx,1,1,13.85,2.26,0.0,16.11,shipmonk_estimate,USD
139693,6486121283894,Cattasaurus - shoproxstore - Shopify,direct_to_consumer,fulfilled,2025-03-10,2025-03-18,2025-03-10,PA2,FedEx,2,1,21.0,3.0,0.0,24.0,shipmonk_estimate,USD
139694,6486129344822,Cattasaurus - shoproxstore - Shopify,direct_to_consumer,fulfilled,2025-03-10,2025-03-12,2025-03-10,PA2,FedEx,1,1,16.71,2.26,0.0,18.97,shipmonk_estimate,USD
139695,6486136652086,Cattasaurus - shoproxstore - Shopify,direct_to_consumer,fulfilled,2025-03-10,2025-03-12,2025-03-10,PA2,FedEx,1,1,12.32,2.26,0.0,14.58,shipmonk_estimate,USD
139696,6486139240758,Cattasaurus - shoproxstore - Shopify,direct_to_consumer,fulfilled,2025-03-10,2025-03-12,2025-03-10,PA2,FedEx,1,1,15.23,2.26,0.0,17.49,shipmonk_estimate,USD
139697,6486158180662,Cattasaurus - shoproxstore - Shopify,direct_to_consumer,fulfilled,2025-03-10,2025-03-12,2025-03-10,PA2,FedEx,1,1,14.08,2.26,0.0,16.34,shipmonk_estimate,USD
139698,6486159622454,Cattasaurus - shoproxstore - Shopify,direct_to_consumer,fulfilled,2025-03-10,2025-03-12,2025-03-10,PA2,FedEx,1,1,18.83,2.26,0.0,21.09,shipmonk_estimate,USD
139699,6486160998710,Cattasaurus - shoproxstore - Shopify,direct_to_consumer,fulfilled,2025-03-10,2025-03-12,2025-03-10,PA2,UPS,1,1,14.56,2.26,0.0,16.82,shipmonk_estimate,USD
139700,6486164504886,Cattasaurus - shoproxstore - Shopify,direct_to_consumer,fulfilled,2025-03-10,2025-03-12,2025-03-10,PA2,FedEx,1,1,13.03,2.26,0.0,15.29,shipmonk_estimate,USD
139701,6486170173750,Cattasaurus - shoproxstore - Shopify,direct_to_consumer,fulfilled,2025-03-10,2025-03-12,2025-03-10,PA2,UPS,1,1,15.61,2.26,0.0,17.87,shipmonk_estimate,USD
139703,6486207562038,Cattasaurus - shoproxstore - Shopify,direct_to_consumer,fulfilled,2025-03-10,2025-03-14,2025-03-10,PA2,FedEx,1,1,16.71,4.11,0.0,20.82,shipmonk_estimate,USD
139703_1,9e16fcd5-edc0-44ea-8a89-872535fff4b3,Cattasaurus - shoproxstore - Shopify,direct_to_consumer,fulfilled,2025-03-10,2025-03-11,2025-03-10,NV3,USPS,2,1,5.94,2.26,0.3,8.5,shipmonk_estimate,USD
139704,6486209691958,Cattasaurus - shoproxstore - Shopify,direct_to_consumer,fulfilled,2025-03-10,2025-03-14,2025-03-10,PA2,FedEx,1,1,18.83,2.63,0.0,21.46,shipmonk_estimate,USD
139706,6486213361974,Cattasaurus - shoproxstore - Shopify,direct_to_consumer,fulfilled,2025-03-10,2025-03-12,2025-03-10,PA2,FedEx,1,1,18.27,2.26,0.0,20.53,shipmonk_estimate,USD
139708,6486223388982,Cattasaurus - shoproxstore - Shopify,direct_to_consumer,fulfilled,2025-03-10,2025-03-12,2025-03-10,PA2,FedEx,1,1,16.71,2.26,0.0,18.97,shipmonk_estimate,USD
139714,6486286926134,Cattasaurus - shoproxstore - Shopify,direct_to_consumer,fulfilled,2025-03-10,2025-03-14,2025-03-10,PA2,UPS,1,1,20.37,2.63,0.0,23.0,shipmonk_estimate,USD
139715,6486290006326,Cattasaurus - shoproxstore - Shopify,direct_to_consumer,fulfilled,2025-03-10,2025-03-14,2025-03-10,PA2,UPS,1,1,15.39,2.63,0.0,18.02,shipmonk_estimate,USD
139716,6486299705654,Cattasaurus - shoproxstore - Shopify,direct_to_consumer,fulfilled,2025-03-10,2025-03-14,2025-03-10,PA2,FedEx,4,1,22.07,4.11,0.0,26.18,shipmonk_estimate,USD
139717,6486307406134,Cattasaurus - shoproxstore - Shopify,direct_to_consumer,fulfilled,2025-03-10,2025-03-12,2025-03-10,PA2,UPS,1,1,14.56,2.26,0.0,16.82,shipmonk_estimate,USD
139718,6486314713398,Cattasaurus - shoproxstore - Shopify,direct_to_consumer,fulfilled,2025-03-10,2025-03-12,2025-03-10,PA2,FedEx,1,1,18.27,2.26,0.0,20.53,shipmonk_estimate,USD
139719,6486316122422,Cattasaurus - shoproxstore - Shopify,direct_to_consumer,fulfilled,2025-03-10,2025-03-12,2025-03-10,PA2,UPS,1,1,18.24,2.26,0.0,20.5,shipmonk_estimate,USD
139720,6486319300918,Cattasaurus - shoproxstore - Shopify,direct_to_consumer,fulfilled,2025-03-10,2025-03-14,2025-03-10,PA2,FedEx,1,1,24.14,2.26,0.0,26.4,shipmonk_estimate,USD
139721,6486320906550,Cattasaurus - shoproxstore - Shopify,direct_to_consumer,fulfilled,2025-03-10,2025-03-14,2025-03-10,PA2,FedEx,2,1,15.64,3.0,0.0,18.64,shipmonk_estimate,USD
139723,6486332113206,Cattasaurus - shoproxstore - Shopify,direct_to_consumer,fulfilled,2025-03-10,2025-03-14,2025-03-10,PA2,FedEx,2,1,21.83,3.0,0.0,24.83,shipmonk_estimate,USD
139724,6486334112054,Cattasaurus - shoproxstore - Shopify,direct_to_consumer,fulfilled,2025-03-10,2025-03-12,2025-03-10,PA2,FedEx,1,1,13.85,2.26,0.0,16.11,shipmonk_estimate,USD
139729,6486397387062,Cattasaurus - shoproxstore - Shopify,direct_to_consumer,fulfilled,2025-03-10,2025-03-12,2025-03-10,PA2,FedEx,1,1,18.83,2.26,0.0,21.09,shipmonk_estimate,USD
139730,6486417735990,Cattasaurus - shoproxstore - Shopify,direct_to_consumer,fulfilled,2025-03-10,2025-03-12,2025-03-10,PA2,FedEx,1,1,21.0,2.26,0.0,23.26,shipmonk_estimate,USD
139731,6486465478966,Cattasaurus - shoproxstore - Shopify,direct_to_consumer,fulfilled,2025-03-10,2025-03-14,2025-03-10,PA2,UPS,1,1,15.61,2.63,0.0,18.24,shipmonk_estimate,USD
139732,6486466232630,Cattasaurus - shoproxstore - Shopify,direct_to_consumer,fulfilled,2025-03-10,2025-03-17,2025-03-10,NV3,FedEx,1,1,21.0,2.63,0.0,23.63,shipmonk_estimate,USD
139733,6486492578102,Cattasaurus - shoproxstore - Shopify,direct_to_consumer,fulfilled,2025-03-10,2025-03-12,2025-03-10,PA2,FedEx,1,1,14.08,2.26,0.0,16.34,shipmonk_estimate,USD
139735,6486545563958,Cattasaurus - shoproxstore - Shopify,direct_to_consumer,fulfilled,2025-03-10,2025-03-12,2025-03-10,PA2,FedEx,1,1,19.47,2.26,0.0,21.73,shipmonk_estimate,USD
139736,6486550872374,Cattasaurus - shoproxstore - Shopify,direct_to_consumer,fulfilled,2025-03-10,2025-03-12,2025-03-10,PA2,UPS,1,1,15.61,2.26,0.0,17.87,shipmonk_estimate,USD
139737,6486558802230,Cattasaurus - shoproxstore - Shopify,direct_to_consumer,fulfilled,2025-03-10,2025-03-14,2025-03-10,PA2,FedEx,1,1,13.03,2.63,0.0,15.66,shipmonk_estimate,USD
139738,6486561784118,Cattasaurus - shoproxstore - Shopify,direct_to_consumer,fulfilled,2025-03-10,2025-03-12,2025-03-10,PA2,UPS,1,1,20.37,2.26,0.0,22.63,shipmonk_estimate,USD
139739,6486563717430,Cattasaurus - shoproxstore - Shopify,direct_to_consumer,fulfilled,2025-03-10,2025-03-12,2025-03-10,PA2,UPS,1,1,15.61,2.26,0.0,17.87,shipmonk_estimate,USD
139740,6486565257526,Cattasaurus - shoproxstore - Shopify,direct_to_consumer,fulfilled,2025-03-10,2025-03-12,2025-03-10,PA2,UPS,1,1,18.24,2.26,0.0,20.5,shipmonk_estimate,USD
139741,6486571942198,Cattasaurus - shoproxstore - Shopify,direct_to_consumer,fulfilled,2025-03-10,2025-03-17,2025-03-10,NV3,FedEx,1,1,19.47,2.63,0.0,22.1,shipmonk_estimate,USD
139742,6486577283382,Cattasaurus - shoproxstore - Shopify,direct_to_consumer,fulfilled,2025-03-10,2025-03-14,2025-03-10,PA2,FedEx,2,1,21.83,3.0,0.0,24.83,shipmonk_estimate,USD
139744,6486663790902,Cattasaurus - shoproxstore - Shopify,direct_to_consumer,fulfilled,2025-03-10,2025-03-12,2025-03-10,PA2,FedEx,1,1,16.71,2.26,0.0,18.97,shipmonk_estimate,USD
139745,6486667362614,Cattasaurus - shoproxstore - Shopify,direct_to_consumer,fulfilled,2025-03-10,2025-03-12,2025-03-10,PA2,UPS,1,1,15.61,2.26,0.0,17.87,shipmonk_estimate,USD
139746,6486667952438,Cattasaurus - shoproxstore - Shopify,direct_to_consumer,fulfilled,2025-03-10,2025-03-13,2025-03-10,PA2,FedEx,1,1,13.85,2.26,0.0,16.11,shipmonk_estimate,USD
139747,6486669033782,Cattasaurus - shoproxstore - Shopify,direct_to_consumer,fulfilled,2025-03-10,2025-03-13,2025-03-10,PA2,UPS,1,1,15.39,2.26,0.0,17.65,shipmonk_estimate,USD
139748,6486672867638,Cattasaurus - shoproxstore - Shopify,direct_to_consumer,fulfilled,2025-03-10,2025-03-12,2025-03-10,PA2,FedEx,1,1,13.85,2.26,0.0,16.11,shipmonk_estimate,USD
139749,6486681518390,Cattasaurus - shoproxstore - Shopify,direct_to_consumer,fulfilled,2025-03-10,2025-03-14,2025-03-10,PA2,FedEx,1,1,16.71,2.63,0.0,19.34,shipmonk_estimate,USD
139749_1,ba3b546e-fee5-4acd-93b4-51366e10085f,Cattasaurus - shoproxstore - Shopify,direct_to_consumer,fulfilled,2025-03-10,2025-03-13,2025-03-10,NV3,USPS,2,1,5.94,2.26,0.3,8.5,shipmonk_estimate,USD
139750,6486691447094,Cattasaurus - shoproxstore - Shopify,direct_to_consumer,fulfilled,2025-03-10,2025-03-13,2025-03-10,PA2,FedEx,1,1,18.83,2.26,0.0,21.09,shipmonk_estimate,USD
139751,6486714843446,Cattasaurus - shoproxstore - Shopify,direct_to_consumer,fulfilled,2025-03-10,2025-03-12,2025-03-10,PA2,UPS,1,1,18.24,2.26,0.0,20.5,shipmonk_estimate,USD
139752,6486721823030,Cattasaurus - shoproxstore - Shopify,direct_to_consumer,fulfilled,2025-03-10,2025-03-12,2025-03-10,PA2,FedEx,1,1,19.47,2.26,0.0,21.73,shipmonk_estimate,USD
139753,6486769959222,Cattasaurus - shoproxstore - Shopify,direct_to_consumer,fulfilled,2025-03-10,2025-03-14,2025-03-10,PA2,FedEx,2,1,24.14,3.0,0.0,27.14,shipmonk_estimate,USD
139754,6486808297782,Cattasaurus - shoproxstore - Shopify,direct_to_consumer,fulfilled,2025-03-10,2025-03-12,2025-03-10,PA2,FedEx,1,1,14.08,2.26,0.0,16.34,shipmonk_estimate,USD
139755,6486809477430,Cattasaurus - shoproxstore - Shopify,direct_to_consumer,fulfilled,2025-03-10,2025-03-12,2025-03-10,PA2,FedEx,1,1,15.23,2.26,0.0,17.49,shipmonk_estimate,USD
139756,6486823829814,Cattasaurus - shoproxstore - Shopify,direct_to_consumer,fulfilled,2025-03-10,2025-03-18,2025-03-10,PA2,USPS,1,1,25.82,2.63,0.0,28.45,shipmonk_estimate,USD
139757,6486843064630,Cattasaurus - shoproxstore - Shopify,direct_to_consumer,fulfilled,2025-03-10,2025-03-12,2025-03-10,PA2,FedEx,1,1,16.73,2.26,0.0,18.99,shipmonk_estimate,USD
139759,6486878781750,Cattasaurus - shoproxstore - Shopify,direct_to_consumer,fulfilled,2025-03-10,2025-03-14,2025-03-10,PA2,FedEx,1,1,25.68,2.63,0.0,28.31,shipmonk_estimate,USD
139759_1,a43dbfd4-97f2-4d53-ab36-4ca35bc9a80b,Cattasaurus - shoproxstore - Shopify,direct_to_consumer,fulfilled,2025-03-10,2025-03-13,2025-03-10,NV3,DHL eCommerce,1,1,5.61,1.89,0.3,7.8,shipmonk_estimate,USD
139760,6486893920566,Cattasaurus - shoproxstore - Shopify,direct_to_consumer,fulfilled,2025-03-10,2025-03-12,2025-03-10,PA2,UPS,1,1,15.39,2.26,0.0,17.65,shipmonk_estimate,USD
139761,6486899425590,Cattasaurus - shoproxstore - Shopify,direct_to_consumer,fulfilled,2025-03-10,2025-03-12,2025-03-10,PA2,UPS,1,1,18.24,2.26,0.0,20.5,shipmonk_estimate,USD
139762,6486907748662,Cattasaurus - shoproxstore - Shopify,direct_to_consumer,fulfilled,2025-03-10,2025-03-14,2025-03-10,PA2,FedEx,2,1,22.74,3.37,0.0,26.11,shipmonk_estimate,USD
139764,6486947234102,Cattasaurus - shoproxstore - Shopify,direct_to_consumer,fulfilled,2025-03-10,2025-03-12,2025-03-10,PA2,UPS,1,1,15.39,2.26,0.0,17.65,shipmonk_estimate,USD
139766,6486968434998,Cattasaurus - shoproxstore - Shopify,direct_to_consumer,fulfilled,2025-03-10,2025-03-12,2025-03-10,PA2,FedEx,1,1,15.23,2.26,0.0,17.49,shipmonk_estimate,USD
139767,6486979182902,Cattasaurus - shoproxstore - Shopify,direct_to_consumer,fulfilled,2025-03-10,2025-03-14,2025-03-10,PA2,FedEx,1,1,25.68,2.26,0.0,27.94,shipmonk_estimate,USD
139767_1,464f8a73-fa3c-4568-8a4a-94d77463bdf5,Cattasaurus - shoproxstore - Shopify,direct_to_consumer,fulfilled,2025-03-10,2025-03-13,2025-03-10,NV3,DHL eCommerce,2,1,6.68,2.26,0.3,9.24,shipmonk_estimate,USD
139769,6487011754294,Cattasaurus - shoproxstore - Shopify,direct_to_consumer,fulfilled,2025-03-10,2025-03-14,2025-03-10,PA2,FedEx,1,1,13.03,2.63,0.0,15.66,shipmonk_estimate,USD
139770,6487029678390,Cattasaurus - shoproxstore - Shopify,direct_to_consumer,fulfilled,2025-03-10,2025-03-14,2025-03-10,PA2,FedEx,2,1,19.45,3.0,0.0,22.45,shipmonk_estimate,USD
139771,6487080370486,Cattasaurus - shoproxstore - Shopify,direct_to_consumer,fulfilled,2025-03-10,2025-03-14,2025-03-10,PA2,FedEx,1,1,14.08,2.63,0.0,16.71,shipmonk_estimate,USD
139772,6487099801910,Cattasaurus - shoproxstore - Shopify,direct_to_consumer,fulfilled,2025-03-10,2025-03-14,2025-03-10,PA2,FedEx,1,1,13.85,2.63,0.0,16.48,shipmonk_estimate,USD
139773,6487118610742,Cattasaurus - shoproxstore - Shopify,direct_to_consumer,fulfilled,2025-03-10,2025-03-12,2025-03-10,PA2,FedEx,1,1,16.73,2.26,0.0,18.99,shipmonk_estimate,USD
139774,6487137059126,Cattasaurus - shoproxstore - Shopify,direct_to_consumer,fulfilled,2025-03-10,2025-03-14,2025-03-10,PA2,FedEx,1,1,18.83,2.63,0.0,21.46,shipmonk_estimate,USD
139775,6487148101942,Cattasaurus - shoproxstore - Shopify,direct_to_consumer,fulfilled,2025-03-10,2025-03-12,2025-03-10,PA2,UPS,1,1,14.56,2.26,0.0,16.82,shipmonk_estimate,USD
139776,6487162880310,Cattasaurus - shoproxstore - Shopify,direct_to_consumer,fulfilled,2025-03-10,2025-03-19,2025-03-10,PA2,DHL eCommerce,1,1,5.68,1.89,0.0,7.57,shipmonk_estimate,USD
139777,6487176577334,Cattasaurus - shoproxstore - Shopify,direct_to_consumer,fulfilled,2025-03-10,2025-03-13,2025-03-10,PA2,FedEx,1,1,16.71,2.26,0.0,18.97,shipmonk_estimate,USD
139778,6487178445110,Cattasaurus - shoproxstore - Shopify,direct_to_consumer,fulfilled,2025-03-10,2025-03-12,2025-03-10,PA2,FedEx,1,1,13.15,2.26,0.0,15.41,shipmonk_estimate,USD
139779_1,63c21f77-245b-4de0-922a-226fb2adae6d,Cattasaurus - shoproxstore - Shopify,direct_to_consumer,fulfilled,2025-03-10,2025-03-12,2025-03-10,NV3,DHL eCommerce,1,1,5.61,2.26,0.3,8.17,shipmonk_estimate,USD
139780,6487245652278,Cattasaurus - shoproxstore - Shopify,direct_to_consumer,fulfilled,2025-03-10,2025-03-14,2025-03-10,PA2,FedEx,1,1,15.23,3.0,0.0,18.23,shipmonk_estimate,USD
139781,6487274848566,Cattasaurus - shoproxstore - Shopify,direct_to_consumer,fulfilled,2025-03-10,2025-03-14,2025-03-10,PA2,FedEx,1,1,18.27,2.63,0.0,20.9,shipmonk_estimate,USD
139782,6487277044022,Cattasaurus - shoproxstore - Shopify,direct_to_consumer,fulfilled,2025-03-10,2025-03-14,2025-03-10,PA2,UPS,2,1,15.61,3.0,0.0,18.61,shipmonk_estimate,USD
139783,6487340974390,Cattasaurus - shoproxstore - Shopify,direct_to_consumer,fulfilled,2025-03-10,2025-03-14,2025-03-10,PA2,FedEx,1,1,24.14,4.11,0.0,28.25,shipmonk_estimate,USD
139784,6487351230774,Cattasaurus - shoproxstore - Shopify,direct_to_consumer,fulfilled,2025-03-10,2025-03-12,2025-03-10,PA2,FedEx,1,1,21.0,2.26,0.0,23.26,shipmonk_estimate,USD
139785,6487396548918,Cattasaurus - shoproxstore - Shopify,direct_to_consumer,fulfilled,2025-03-10,2025-03-12,2025-03-10,NV3,FedEx,4,1,25.26,3.74,0.0,29.0,shipmonk_estimate,USD
139786,6487435378998,Cattasaurus - shoproxstore - Shopify,direct_to_consumer,fulfilled,2025-03-10,2025-03-12,2025-03-10,PA2,UPS,1,1,14.56,2.26,0.0,16.82,shipmonk_estimate,USD
139787,6487436362038,Cattasaurus - shoproxstore - Shopify,direct_to_consumer,fulfilled,2025-03-10,2025-03-14,2025-03-10,PA2,FedEx,2,1,30.1,3.0,0.0,33.1,shipmonk_estimate,USD
139790,6487604953398,Cattasaurus - shoproxstore - Shopify,direct_to_consumer,fulfilled,2025-03-10,2025-03-14,2025-03-10,PA2,FedEx,1,1,24.14,2.63,0.0,26.77,shipmonk_estimate,USD
139791,6487652630838,Cattasaurus - shoproxstore - Shopify,direct_to_consumer,fulfilled,2025-03-10,2025-03-12,2025-03-10,PA2,FedEx,1,1,27.15,2.26,0.0,29.41,shipmonk_estimate,USD
139792,6487694278966,Cattasaurus - shoproxstore - Shopify,direct_to_consumer,fulfilled,2025-03-10,2025-03-14,2025-03-10,PA2,FedEx,2,1,16.77,3.0,0.0,19.77,shipmonk_estimate,USD
113-1926550-3203419,113-1926550-3203419,Cattasaurus - Amazon USA,direct_to_consumer,fulfilled,2025-03-11,2025-03-12,2025-03-11,NV3,FedEx,2,1,19.47,2.63,0.0,22.1,shipmonk_estimate,USD
135919_1-01,1a4bf943-f840-4cb1-b1b5-b6ddc90f1353,Cattasaurus - shoproxstore - Shopify,direct_to_consumer,fulfilled,2025-03-11,2025-03-13,2025-03-11,PA2,FedEx,2,1,18.83,2.26,0.0,21.09,shipmonk_estimate,USD
139794,6488246649142,Cattasaurus - shoproxstore - Shopify,direct_to_consumer,fulfilled,2025-03-11,2025-03-12,2025-03-11,PA2,UPS,1,1,15.39,2.26,0.0,17.65,shipmonk_estimate,USD
139795,6488259297590,Cattasaurus - shoproxstore - Shopify,direct_to_consumer,fulfilled,2025-03-11,2025-03-13,2025-03-11,PA2,FedEx,1,1,16.71,2.26,0.0,18.97,shipmonk_estimate,USD
139796,6488316084534,Cattasaurus - shoproxstore - Shopify,direct_to_consumer,fulfilled,2025-03-11,2025-03-14,2025-03-11,PA2,UPS,2,2,31.22,5.26,0.0,36.48,shipmonk_estimate,USD
139797,6488329060662,Cattasaurus - shoproxstore - Shopify,direct_to_consumer,fulfilled,2025-03-11,2025-03-14,2025-03-11,PA2,FedEx,1,1,28.69,2.63,0.0,31.32,shipmonk_estimate,USD
139797_1,660744e2-1d18-4476-b903-e852a70bb50a,Cattasaurus - shoproxstore - Shopify,direct_to_consumer,fulfilled,2025-03-11,2025-03-13,2025-03-11,NV3,DHL eCommerce,1,1,5.61,1.89,0.3,7.8,shipmonk_estimate,USD
139798,6488349442358,Cattasaurus - shoproxstore - Shopify,direct_to_consumer,fulfilled,2025-03-11,2025-03-14,2025-03-11,PA2,FedEx,1,1,14.08,3.0,0.0,17.08,shipmonk_estimate,USD
139799,6488376377654,Cattasaurus - shoproxstore - Shopify,direct_to_consumer,fulfilled,2025-03-11,2025-03-14,2025-03-11,PA2,FedEx,1,1,18.27,2.26,0.0,20.53,shipmonk_estimate,USD
139800,6488421663030,Cattasaurus - shoproxstore - Shopify,direct_to_consumer,fulfilled,2025-03-11,2025-03-14,2025-03-11,PA2,UPS,1,1,15.39,2.63,0.0,18.02,shipmonk_estimate,USD
139801,6488427561270,Cattasaurus - shoproxstore - Shopify,direct_to_consumer,fulfilled,2025-03-11,2025-03-14,2025-03-11,PA2,FedEx,1,1,21.0,2.26,0.0,23.26,shipmonk_estimate,USD
139801_1,aae9b28f-ef2c-473e-a508-df2d8e1a9f43,Cattasaurus - shoproxstore - Shopify,direct_to_consumer,fulfilled,2025-03-11,2025-03-13,2025-03-11,NV3,DHL eCommerce,1,1,6.21,1.89,0.3,8.4,shipmonk_estimate,USD
139802,6488449515830,Cattasaurus - shoproxstore - Shopify,direct_to_consumer,fulfilled,2025-03-11,2025-03-12,2025-03-11,PA2,FedEx,1,1,19.47,2.26,0.0,21.73,shipmonk_estimate,USD
139805,6488613716278,Cattasaurus - shoproxstore - Shopify,direct_to_consumer,fulfilled,2025-03-11,2025-03-14,2025-03-11,PA2,FedEx,1,1,0.0,2.63,0.0,2.63,shipmonk_estimate,USD
139806,6488615354678,Cattasaurus - shoproxstore - Shopify,direct_to_consumer,fulfilled,2025-03-11,2025-03-14,2025-03-11,PA2,FedEx,1,1,16.77,2.63,0.0,19.4,shipmonk_estimate,USD
139807,6488618729782,Cattasaurus - shoproxstore - Shopify,direct_to_consumer,fulfilled,2025-03-11,2025-03-12,2025-03-11,PA2,FedEx,1,1,13.85,2.26,0.0,16.11,shipmonk_estimate,USD
139809,6488627511606,Cattasaurus - shoproxstore - Shopify,direct_to_consumer,fulfilled,2025-03-11,2025-03-12,2025-03-11,PA2,UPS,1,1,18.24,2.26,0.0,20.5,shipmonk_estimate,USD
139810,6488639308086,Cattasaurus - shoproxstore - Shopify,direct_to_consumer,fulfilled,2025-03-11,2025-03-14,2025-03-11,PA2,UPS,1,1,14.68,2.26,0.0,16.94,shipmonk_estimate,USD
139815,6488697143606,Cattasaurus - shoproxstore - Shopify,direct_to_consumer,fulfilled,2025-03-11,2025-03-21,2025-03-11,PA2,FedEx,1,1,13.15,2.26,0.0,15.41,shipmonk_estimate,USD
139816,6488700092726,Cattasaurus - shoproxstore - Shopify,direct_to_consumer,fulfilled,2025-03-11,2025-03-13,2025-03-11,PA2,FedEx,1,1,16.71,2.26,0.0,18.97,shipmonk_estimate,USD
139818,6488724275510,Cattasaurus - shoproxstore - Shopify,direct_to_consumer,fulfilled,2025-03-11,2025-03-14,2025-03-11,PA2,FedEx,1,1,16.71,2.63,0.0,19.34,shipmonk_estimate,USD
139819,6488736792886,Cattasaurus - shoproxstore - Shopify,direct_to_consumer,fulfilled,2025-03-11,2025-03-14,2025-03-11,PA2,UPS,1,1,23.6,2.63,0.0,26.23,shipmonk_estimate,USD
139820,6488738332982,Cattasaurus - shoproxstore - Shopify,direct_to_consumer,fulfilled,2025-03-11,2025-03-13,2025-03-11,PA2,FedEx,1,1,13.85,2.26,0.0,16.11,shipmonk_estimate,USD
139822,6488768119094,Cattasaurus - shoproxstore - Shopify,direct_to_consumer,fulfilled,2025-03-11,2025-03-14,2025-03-11,PA2,FedEx,1,1,24.14,2.26,0.0,26.4,shipmonk_estimate,USD
139823,6488769888566,Cattasaurus - shoproxstore - Shopify,direct_to_consumer,fulfilled,2025-03-11,2025-03-14,2025-03-11,PA2,FedEx,2,1,14.08,3.0,0.0,17.08,shipmonk_estimate,USD
139825,6488794005814,Cattasaurus - shoproxstore - Shopify,direct_to_consumer,fulfilled,2025-03-11,2025-03-13,2025-03-11,PA2,UPS,1,1,18.24,2.26,0.0,20.5,shipmonk_estimate,USD
139826,6488795971894,Cattasaurus - shoproxstore - Shopify,direct_to_consumer,fulfilled,2025-03-11,2025-03-14,2025-03-11,PA2,FedEx,1,1,13.03,2.63,0.0,15.66,shipmonk_estimate,USD
139829,6488851153206,Cattasaurus - shoproxstore - Shopify,direct_to_consumer,fulfilled,2025-03-11,2025-03-13,2025-03-11,PA2,FedEx,1,1,18.83,2.26,0.0,21.09,shipmonk_estimate,USD
139830,6488867307830,Cattasaurus - shoproxstore - Shopify,direct_to_consumer,fulfilled,2025-03-11,2025-03-14,2025-03-11,PA2,FedEx,1,1,14.68,2.26,0.0,16.94,shipmonk_estimate,USD
139830_1,f0d35745-50e1-4599-bcfa-a5be0a97d331,Cattasaurus - shoproxstore - Shopify,direct_to_consumer,fulfilled,2025-03-11,2025-03-13,2025-03-11,NV3,DHL eCommerce,1,1,6.21,1.89,0.3,8.4,shipmonk_estimate,USD
139831,6488891916598,Cattasaurus - shoproxstore - Shopify,direct_to_consumer,fulfilled,2025-03-11,2025-03-14,2025-03-11,PA2,UPS,1,1,20.37,2.63,0.0,23.0,shipmonk_estimate,USD
139832,6488897519926,Cattasaurus - shoproxstore - Shopify,direct_to_consumer,fulfilled,2025-03-11,2025-03-13,2025-03-11,PA2,FedEx,1,1,25.68,2.26,0.0,27.94,shipmonk_estimate,USD
139833,6488918524214,Cattasaurus - shoproxstore - Shopify,direct_to_consumer,fulfilled,2025-03-11,2025-03-13,2025-03-11,NV3,DHL eCommerce,1,1,6.21,1.89,0.3,8.4,shipmonk_estimate,USD
139833_1,1aaa2bed-91de-4f69-8849-4b8d4b901529,Cattasaurus - shoproxstore - Shopify,direct_to_consumer,fulfilled,2025-03-11,2025-03-14,2025-03-11,PA2,FedEx,1,1,13.03,2.26,0.0,15.29,shipmonk_estimate,USD
139834,6488948670774,Cattasaurus - shoproxstore - Shopify,direct_to_consumer,fulfilled,2025-03-11,2025-03-14,2025-03-11,PA2,FedEx,1,1,28.69,2.63,0.0,31.32,shipmonk_estimate,USD
139835,6488961384758,Cattasaurus - shoproxstore - Shopify,direct_to_consumer,fulfilled,2025-03-11,2025-03-13,2025-03-11,PA2,UPS,1,1,18.24,2.26,0.0,20.5,shipmonk_estimate,USD
139836,6488992416054,Cattasaurus - shoproxstore - Shopify,direct_to_consumer,fulfilled,2025-03-11,2025-03-14,2025-03-11,PA2,FedEx,1,1,19.47,2.63,0.0,22.1,shipmonk_estimate,USD
139837,6489006211382,Cattasaurus - shoproxstore - Shopify,direct_to_consumer,fulfilled,2025-03-11,2025-03-14,2025-03-11,PA2,FedEx,1,1,15.23,2.63,0.0,17.86,shipmonk_estimate,USD
139838,6489038979382,Cattasaurus - shoproxstore - Shopify,direct_to_consumer,fulfilled,2025-03-11,2025-03-13,2025-03-11,PA2,FedEx,1,1,24.14,2.26,0.0,26.4,shipmonk_estimate,USD
139839,6489055920438,Cattasaurus - shoproxstore - Shopify,direct_to_consumer,fulfilled,2025-03-11,2025-03-13,2025-03-11,PA2,FedEx,1,1,16.71,2.26,0.0,18.97,shipmonk_estimate,USD
139840,6489056674102,Cattasaurus - shoproxstore - Shopify,direct_to_consumer,fulfilled,2025-03-11,2025-03-13,2025-03-11,PA2,FedEx,1,1,16.71,2.26,0.0,18.97,shipmonk_estimate,USD
139841,6489061916982,Cattasaurus - shoproxstore - Shopify,direct_to_consumer,fulfilled,2025-03-11,2025-03-13,2025-03-11,PA2,FedEx,1,1,24.14,2.26,0.0,26.4,shipmonk_estimate,USD
139842,6489063063862,Cattasaurus - shoproxstore - Shopify,direct_to_consumer,fulfilled,2025-03-11,2025-03-13,2025-03-11,NV3,DHL eCommerce,3,1,8.68,2.63,0.5,11.81,shipmonk_estimate,USD
139842_1,85d02497-8830-43bd-8543-71f33261ffe5,Cattasaurus - shoproxstore - Shopify,direct_to_consumer,fulfilled,2025-03-11,2025-03-14,2025-03-11,PA2,UPS,1,1,14.08,2.26,0.0,16.34,shipmonk_estimate,USD
139843,6489084297526,Cattasaurus - shoproxstore - Shopify,direct_to_consumer,fulfilled,2025-03-11,2025-03-13,2025-03-11,PA2,UPS,1,1,18.24,2.26,0.0,20.5,shipmonk_estimate,USD
139846,6489131483446,Cattasaurus - shoproxstore - Shopify,direct_to_consumer,fulfilled,2025-03-11,2025-03-14,2025-03-11,PA2,FedEx,1,1,18.27,2.26,0.0,20.53,shipmonk_estimate,USD
139847,6489136759094,Cattasaurus - shoproxstore - Shopify,direct_to_consumer,fulfilled,2025-03-11,2025-03-13,2025-03-11,PA2,UPS,1,1,15.61,2.26,0.0,17.87,shipmonk_estimate,USD
139848,6489146687798,Cattasaurus - shoproxstore - Shopify,direct_to_consumer,fulfilled,2025-03-11,2025-03-14,2025-03-11,PA2,FedEx,1,1,13.03,2.63,0.0,15.66,shipmonk_estimate,USD
139849,6489175064886,Cattasaurus - shoproxstore - Shopify,direct_to_consumer,fulfilled,2025-03-11,2025-03-14,2025-03-11,PA2,FedEx,2,1,17.17,3.0,0.0,20.17,shipmonk_estimate,USD
139850,6489177030966,Cattasaurus - shoproxstore - Shopify,direct_to_consumer,fulfilled,2025-03-11,2025-03-13,2025-03-11,PA2,UPS,1,1,14.56,2.26,0.0,16.82,shipmonk_estimate,USD
139851,6489179259190,Cattasaurus - shoproxstore - Shopify,direct_to_consumer,fulfilled,2025-03-11,2025-03-13,2025-03-11,PA2,FedEx,1,1,18.24,2.26,0.0,20.5,shipmonk_estimate,USD
139852,6489205506358,Cattasaurus - shoproxstore - Shopify,direct_to_consumer,fulfilled,2025-03-11,2025-03-14,2025-03-11,PA2,FedEx,2,1,20.84,3.37,0.0,24.21,shipmonk_estimate,USD
139853,6489211994422,Cattasaurus - shoproxstore - Shopify,direct_to_consumer,fulfilled,2025-03-11,2025-03-13,2025-03-11,PA2,UPS,1,1,15.61,2.26,0.0,17.87,shipmonk_estimate,USD
139854,6489228902710,Cattasaurus - shoproxstore - Shopify,direct_to_consumer,fulfilled,2025-03-11,2025-03-14,2025-03-11,PA2,FedEx,2,1,14.53,3.0,0.0,17.53,shipmonk_estimate,USD
139855,6489234637110,Cattasaurus - shoproxstore - Shopify,direct_to_consumer,fulfilled,2025-03-11,2025-03-14,2025-03-11,PA2,FedEx,1,1,21.0,2.26,0.0,23.26,shipmonk_estimate,USD
139856,6489236832566,Cattasaurus - shoproxstore - Shopify,direct_to_consumer,fulfilled,2025-03-11,2025-03-13,2025-03-11,PA2,FedEx,1,1,13.03,2.26,0.0,15.29,shipmonk_estimate,USD
139857,6489249448246,Cattasaurus - shoproxstore - Shopify,direct_to_consumer,fulfilled,2025-03-11,2025-03-14,2025-03-11,PA2,FedEx,1,1,14.08,2.63,0.0,16.71,shipmonk_estimate,USD
139858,6489254461750,Cattasaurus - shoproxstore - Shopify,direct_to_consumer,fulfilled,2025-03-11,2025-03-14,2025-03-11,PA2,DHL eCommerce,1,1,7.85,1.89,0.0,9.74,shipmonk_estimate,USD
139860,6489285984566,Cattasaurus - shoproxstore - Shopify,direct_to_consumer,fulfilled,2025-03-11,2025-03-14,2025-03-11,PA2,UPS,1,1,15.61,2.63,0.0,18.24,shipmonk_estimate,USD
139861,6489301778742,Cattasaurus - shoproxstore - Shopify,direct_to_consumer,fulfilled,2025-03-11,2025-03-13,2025-03-11,PA2,FedEx,1,1,16.71,2.26,0.0,18.97,shipmonk_estimate,USD
139862,6489303417142,Cattasaurus - shoproxstore - Shopify,direct_to_consumer,fulfilled,2025-03-11,2025-03-14,2025-03-11,PA2,FedEx,2,1,16.71,3.0,0.0,19.71,shipmonk_estimate,USD
139863,6489307087158,Cattasaurus - shoproxstore - Shopify,direct_to_consumer,fulfilled,2025-03-11,2025-03-14,2025-03-11,PA2,FedEx,2,1,22.74,3.37,0.0,26.11,shipmonk_estimate,USD
139864,6489327894838,Cattasaurus - shoproxstore - Shopify,direct_to_consumer,fulfilled,2025-03-11,2025-03-14,2025-03-11,PA2,FedEx,1,1,23.73,2.63,0.0,26.36,shipmonk_estimate,USD
139866,6489334153526,Cattasaurus - shoproxstore - Shopify,direct_to_consumer,fulfilled,2025-03-11,2025-03-14,2025-03-11,PA2,FedEx,1,1,16.71,2.63,0.0,19.34,shipmonk_estimate,USD
139867,6489346965814,Cattasaurus - shoproxstore - Shopify,direct_to_consumer,fulfilled,2025-03-11,2025-03-13,2025-03-11,PA2,FedEx,1,1,13.85,2.26,0.0,16.11,shipmonk_estimate,USD
139868,6489350635830,Cattasaurus - shoproxstore - Shopify,direct_to_consumer,fulfilled,2025-03-11,2025-03-14,2025-03-11,PA2,FedEx,2,1,18.27,3.0,0.0,21.27,shipmonk_estimate,USD
139869,6489360433462,Cattasaurus - shoproxstore - Shopify,direct_to_consumer,fulfilled,2025-03-11,2025-03-13,2025-03-11,PA2,UPS,1,1,18.24,2.26,0.0,20.5,shipmonk_estimate,USD
139871,6489400181046,Cattasaurus - shoproxstore - Shopify,direct_to_consumer,fulfilled,2025-03-11,2025-03-14,2025-03-11,PA2,FedEx,2,1,17.91,3.0,0.0,20.91,shipmonk_estimate,USD
139872,6489401786678,Cattasaurus - shoproxstore - Shopify,direct_to_consumer,fulfilled,2025-03-11,2025-03-14,2025-03-11,PA2,FedEx,1,1,13.03,2.63,0.0,15.66,shipmonk_estimate,USD
139873,6489406275894,Cattasaurus - shoproxstore - Shopify,direct_to_consumer,fulfilled,2025-03-11,2025-03-14,2025-03-11,PA2,FedEx,1,1,22.07,2.63,0.0,24.7,shipmonk_estimate,USD
139874,6489410928950,Cattasaurus - shoproxstore - Shopify,direct_to_consumer,fulfilled,2025-03-11,2025-03-13,2025-03-11,PA2,FedEx,1,1,13.03,2.26,0.0,15.29,shipmonk_estimate,USD
139875,6489412239670,Cattasaurus - shoproxstore - Shopify,direct_to_consumer,fulfilled,2025-03-11,2025-03-14,2025-03-11,PA2,FedEx,1,1,16.77,2.63,0.0,19.4,shipmonk_estimate,USD
139876,6489418301750,Cattasaurus - shoproxstore - Shopify,direct_to_consumer,fulfilled,2025-03-11,2025-03-14,2025-03-11,PA2,UPS,1,1,15.61,4.11,0.0,19.72,shipmonk_estimate,USD
139877,6489433047350,Cattasaurus - shoproxstore - Shopify,direct_to_consumer,fulfilled,2025-03-11,2025-03-14,2025-03-11,PA2,FedEx,1,1,23.73,2.26,0.0,25.99,shipmonk_estimate,USD
139878,6489435472182,Cattasaurus - shoproxstore - Shopify,direct_to_consumer,fulfilled,2025-03-11,2025-03-14,2025-03-11,PA2,UPS,1,1,18.24,2.63,0.0,20.87,shipmonk_estimate,USD
139879,6489439142198,Cattasaurus - shoproxstore - Shopify,direct_to_consumer,fulfilled,2025-03-11,2025-03-14,2025-03-11,PA2,FedEx,2,1,14.53,3.0,0.0,17.53,shipmonk_estimate,USD
139880,6489444024630,Cattasaurus - shoproxstore - Shopify,direct_to_consumer,fulfilled,2025-03-11,2025-03-14,2025-03-11,PA2,FedEx,1,1,23.73,2.26,0.0,25.99,shipmonk_estimate,USD
139884,6489456050486,Cattasaurus - shoproxstore - Shopify,direct_to_consumer,fulfilled,2025-03-11,2025-03-14,2025-03-11,PA2,FedEx,1,1,0.0,2.63,0.0,2.63,shipmonk_estimate,USD
139885,6489460900150,Cattasaurus - shoproxstore - Shopify,direct_to_consumer,fulfilled,2025-03-11,2025-03-14,2025-03-11,PA2,UPS,1,1,15.61,2.63,0.0,18.24,shipmonk_estimate,USD
139886,6489468404022,Cattasaurus - shoproxstore - Shopify,direct_to_consumer,fulfilled,2025-03-11,2025-03-13,2025-03-11,PA2,UPS,1,1,14.08,2.26,0.0,16.34,shipmonk_estimate,USD
139887,6489472991542,Cattasaurus - shoproxstore - Shopify,direct_to_consumer,fulfilled,2025-03-11,2025-03-14,2025-03-11,PA2,FedEx,1,1,15.23,2.63,0.0,17.86,shipmonk_estimate,USD
139888,6489477644598,Cattasaurus - shoproxstore - Shopify,direct_to_consumer,fulfilled,2025-03-11,2025-03-13,2025-03-11,PA2,FedEx,1,1,18.83,2.26,0.0,21.09,shipmonk_estimate,USD
139890,6489485672758,Cattasaurus - shoproxstore - Shopify,direct_to_consumer,fulfilled,2025-03-11,2025-03-13,2025-03-11,NV3,FedEx,1,1,28.69,2.63,0.0,31.32,shipmonk_estimate,USD
139891,6489486983478,Cattasaurus - shoproxstore - Shopify,direct_to_consumer,fulfilled,2025-03-11,2025-03-14,2025-03-11,PA2,FedEx,1,1,23.73,2.63,0.0,26.36,shipmonk_estimate,USD
139892,6489500320054,Cattasaurus - shoproxstore - Shopify,direct_to_consumer,fulfilled,2025-03-11,2025-03-14,2025-03-11,PA2,FedEx,1,1,16.71,2.26,0.0,18.97,shipmonk_estimate,USD
139893,6489502613814,Cattasaurus - shoproxstore - Shopify,direct_to_consumer,fulfilled,2025-03-11,2025-03-14,2025-03-11,PA2,FedEx,1,1,21.83,3.0,0.0,24.83,shipmonk_estimate,USD
139894,6489506906422,Cattasaurus - shoproxstore - Shopify,direct_to_consumer,fulfilled,2025-03-11,2025-03-13,2025-03-11,PA2,FedEx,1,1,13.85,2.26,0.0,16.11,shipmonk_estimate,USD
139896,6489532334390,Cattasaurus - shoproxstore - Shopify,direct_to_consumer,fulfilled,2025-03-11,2025-03-14,2025-03-11,PA2,FedEx,1,1,15.23,2.63,0.0,17.86,shipmonk_estimate,USD
139897,6489537773878,Cattasaurus - shoproxstore - Shopify,direct_to_consumer,fulfilled,2025-03-11,2025-03-14,2025-03-11,PA2,FedEx,1,1,16.71,2.26,0.0,18.97,shipmonk_estimate,USD
139898,6489539248438,Cattasaurus - shoproxstore - Shopify,direct_to_consumer,fulfilled,2025-03-11,2025-03-14,2025-03-11,PA2,FedEx,1,1,21.0,2.26,0.0,23.26,shipmonk_estimate,USD
139899,6489541509430,Cattasaurus - shoproxstore - Shopify,direct_to_consumer,fulfilled,2025-03-11,2025-03-14,2025-03-11,PA2,FedEx,1,1,23.73,2.26,0.0,25.99,shipmonk_estimate,USD
139900,6489567625526,Cattasaurus - shoproxstore - Shopify,direct_to_consumer,fulfilled,2025-03-11,2025-03-14,2025-03-11,PA2,FedEx,1,1,16.71,2.26,0.0,18.97,shipmonk_estimate,USD
139901,6489585680694,Cattasaurus - shoproxstore - Shopify,direct_to_consumer,fulfilled,2025-03-11,2025-03-14,2025-03-11,PA2,UPS,1,1,18.24,2.26,0.0,20.5,shipmonk_estimate,USD
139902,6489592201526,Cattasaurus - shoproxstore - Shopify,direct_to_consumer,fulfilled,2025-03-11,2025-03-14,2025-03-11,PA2,FedEx,1,1,13.85,2.63,0.0,16.48,shipmonk_estimate,USD
139903,6489608126774,Cattasaurus - shoproxstore - Shopify,direct_to_consumer,fulfilled,2025-03-11,2025-03-14,2025-03-11,PA2,FedEx,1,1,23.73,2.63,0.0,26.36,shipmonk_estimate,USD
139904,6489613140278,Cattasaurus - shoproxstore - Shopify,direct_to_consumer,fulfilled,2025-03-11,2025-03-14,2025-03-11,PA2,FedEx,1,1,23.73,2.63,0.0,26.36,shipmonk_estimate,USD
139905,6489655476534,Cattasaurus - shoproxstore - Shopify,direct_to_consumer,fulfilled,2025-03-11,2025-03-14,2025-03-11,PA2,FedEx,1,1,16.77,2.26,0.0,19.03,shipmonk_estimate,USD
139906,6489665765686,Cattasaurus - shoproxstore - Shopify,direct_to_consumer,fulfilled,2025-03-11,2025-03-14,2025-03-11,PA2,FedEx,1,1,19.47,2.63,0.0,22.1,shipmonk_estimate,USD
139907,6489695781174,Cattasaurus - shoproxstore - Shopify,direct_to_consumer,fulfilled,2025-03-11,2025-03-14,2025-03-11,PA2,FedEx,1,1,24.14,2.26,0.0,26.4,shipmonk_estimate,USD
111-7582637-8031461,111-7582637-8031461,Cattasaurus - Amazon USA,direct_to_consumer,fulfilled,2025-03-12,2025-03-13,2025-03-12,PA2,UPS,1,1,15.61,3.0,0.0,18.61,shipmonk_estimate,USD
112-8996052-0339450,112-8996052-0339450,Cattasaurus - Amazon USA,direct_to_consumer,fulfilled,2025-03-12,2025-03-13,2025-03-12,PA2,FedEx,1,1,24.14,3.0,0.0,27.14,shipmonk_estimate,USD
114-5516147-2242646,114-5516147-2242646,Cattasaurus - Amazon USA,direct_to_consumer,fulfilled,2025-03-12,2025-03-13,2025-03-12,PA2,FedEx,1,1,16.71,3.0,0.0,19.71,shipmonk_estimate,USD
131328-01,b508ae6a-4186-4c2c-866f-eabb728088b3,Cattasaurus - shoproxstore - Shopify,direct_to_consumer,fulfilled,2025-03-12,2025-03-15,2025-03-12,PA2,USPS,1,1,16.71,2.26,0.0,18.97,shipmonk_estimate,USD
137214-01,7821a6d5-1df1-4ee4-8230-7f9936ebbb76,Cattasaurus - shoproxstore - Shopify,direct_to_consumer,fulfilled,2025-03-12,2025-03-14,2025-03-12,PA2,FedEx,1,1,33.08,2.26,0.0,35.34,shipmonk_estimate,USD
137477-01,1291f23a-c35e-467d-a515-7e98bdd21cd5,Cattasaurus - shoproxstore - Shopify,direct_to_consumer,fulfilled,2025-03-12,2025-03-15,2025-03-12,PA2,UPS,1,1,15.61,2.26,0.0,17.87,shipmonk_estimate,USD
139910,6489869910326,Cattasaurus - shoproxstore - Shopify,direct_to_consumer,fulfilled,2025-03-12,2025-03-14,2025-03-12,PA2,FedEx,1,1,16.71,2.26,0.0,18.97,shipmonk_estimate,USD
139911,6489879544118,Cattasaurus - shoproxstore - Shopify,direct_to_consumer,fulfilled,2025-03-12,2025-03-13,2025-03-12,PA2,FedEx,1,1,13.03,2.26,0.0,15.29,shipmonk_estimate,USD
139912,6489894551862,Cattasaurus - shoproxstore - Shopify,direct_to_consumer,fulfilled,2025-03-12,2025-03-14,2025-03-12,PA2,DHL eCommerce,2,1,6.62,2.26,0.5,9.38,shipmonk_estimate,USD
139913,6489911591222,Cattasaurus - shoproxstore - Shopify,direct_to_consumer,fulfilled,2025-03-12,2025-03-14,2025-03-12,PA2,FedEx,1,1,15.23,2.63,0.0,17.86,shipmonk_estimate,USD
139915,6489920078134,Cattasaurus - shoproxstore - Shopify,direct_to_consumer,fulfilled,2025-03-12,2025-03-14,2025-03-12,PA2,UPS,1,1,15.61,4.11,0.0,19.72,shipmonk_estimate,USD
139916,6489950322998,Cattasaurus - shoproxstore - Shopify,direct_to_consumer,fulfilled,2025-03-12,2025-03-14,2025-03-12,PA2,UPS,1,1,15.39,3.74,0.0,19.13,shipmonk_estimate,USD
139916_1,79cc326b-c07c-49f1-810c-49af4a88561f,Cattasaurus - shoproxstore - Shopify,direct_to_consumer,fulfilled,2025-03-12,2025-03-13,2025-03-12,NV3,DHL eCommerce,1,1,6.21,1.89,0.3,8.4,shipmonk_estimate,USD
139917,6489956548918,Cattasaurus - shoproxstore - Shopify,direct_to_consumer,fulfilled,2025-03-12,2025-03-14,2025-03-12,PA2,FedEx,1,1,19.45,3.0,0.0,22.45,shipmonk_estimate,USD
139918,6489971458358,Cattasaurus - shoproxstore - Shopify,direct_to_consumer,fulfilled,2025-03-12,2025-03-14,2025-03-12,PA2,FedEx,1,1,21.0,2.26,0.0,23.26,shipmonk_estimate,USD
139919,6489995510070,Cattasaurus - shoproxstore - Shopify,direct_to_consumer,fulfilled,2025-03-12,2025-03-14,2025-03-12,PA2,FedEx,1,1,14.08,2.26,0.0,16.34,shipmonk_estimate,USD
139920,6490014810422,Cattasaurus - shoproxstore - Shopify,direct_to_consumer,fulfilled,2025-03-12,2025-03-14,2025-03-12,PA2,FedEx,1,1,14.08,2.26,0.0,16.34,shipmonk_estimate,USD
139922,6490046923062,Cattasaurus - shoproxstore - Shopify,direct_to_consumer,fulfilled,2025-03-12,2025-03-14,2025-03-12,PA2,UPS,1,1,18.24,2.26,0.0,20.5,shipmonk_estimate,USD
139923,6490062881078,Cattasaurus - shoproxstore - Shopify,direct_to_consumer,fulfilled,2025-03-12,2025-03-14,2025-03-12,PA2,FedEx,1,1,13.03,2.26,0.0,15.29,shipmonk_estimate,USD
139925,6490074087734,Cattasaurus - shoproxstore - Shopify,direct_to_consumer,fulfilled,2025-03-12,2025-03-14,2025-03-12,PA2,UPS,2,1,14.68,3.0,0.0,17.68,shipmonk_estimate,USD
139926,6490106462518,Cattasaurus - shoproxstore - Shopify,direct_to_consumer,fulfilled,2025-03-12,2025-03-14,2025-03-12,PA2,FedEx,1,1,13.85,2.26,0.0,16.11,shipmonk_estimate,USD
139928,6490121797942,Cattasaurus - shoproxstore - Shopify,direct_to_consumer,fulfilled,2025-03-12,2025-03-14,2025-03-12,PA2,UPS,1,1,15.39,2.26,0.0,17.65,shipmonk_estimate,USD
139929,6490136281398,Cattasaurus - shoproxstore - Shopify,direct_to_consumer,fulfilled,2025-03-12,2025-03-14,2025-03-12,PA2,FedEx,1,1,16.71,2.63,0.0,19.34,shipmonk_estimate,USD
139930,6490149060918,Cattasaurus - shoproxstore - Shopify,direct_to_consumer,fulfilled,2025-03-12,2025-03-14,2025-03-12,PA2,FedEx,1,1,13.85,2.63,0.0,16.48,shipmonk_estimate,USD
139931,6490161742134,Cattasaurus - shoproxstore - Shopify,direct_to_consumer,fulfilled,2025-03-12,2025-03-14,2025-03-12,PA2,UPS,1,1,18.24,2.26,0.0,20.5,shipmonk_estimate,USD
139933,6490171932982,Cattasaurus - shoproxstore - Shopify,direct_to_consumer,fulfilled,2025-03-12,2025-03-14,2025-03-12,PA2,FedEx,1,1,21.0,2.63,0.0,23.63,shipmonk_estimate,USD
139934,6490175078710,Cattasaurus - shoproxstore - Shopify,direct_to_consumer,fulfilled,2025-03-12,2025-03-14,2025-03-12,PA2,FedEx,2,1,13.03,2.63,0.0,15.66,shipmonk_estimate,USD
139935,6490178683190,Cattasaurus - shoproxstore - Shopify,direct_to_consumer,fulfilled,2025-03-12,2025-03-14,2025-03-12,PA2,FedEx,2,2,27.7,7.48,0.0,35.18,shipmonk_estimate,USD
139937,6490184876342,Cattasaurus - shoproxstore - Shopify,direct_to_consumer,fulfilled,2025-03-12,2025-03-14,2025-03-12,PA2,FedEx,1,1,14.08,2.26,0.0,16.34,shipmonk_estimate,USD
139939,6490196214070,Cattasaurus - shoproxstore - Shopify,direct_to_consumer,fulfilled,2025-03-12,2025-03-14,2025-03-12,PA2,FedEx,1,1,19.47,2.26,0.0,21.73,shipmonk_estimate,USD
139940,6490197688630,Cattasaurus - shoproxstore - Shopify,direct_to_consumer,fulfilled,2025-03-12,2025-03-14,2025-03-12,PA2,FedEx,1,1,19.47,4.52,0.0,23.99,shipmonk_estimate,USD
139941,6490199458102,Cattasaurus - shoproxstore - Shopify,direct_to_consumer,fulfilled,2025-03-12,2025-03-14,2025-03-12,PA2,FedEx,1,1,14.08,2.26,0.0,16.34,shipmonk_estimate,USD
139942,6490203521334,Cattasaurus - shoproxstore - Shopify,direct_to_consumer,fulfilled,2025-03-12,2025-03-14,2025-03-12,PA2,FedEx,1,1,13.85,2.63,0.0,16.48,shipmonk_estimate,USD
139945,6490222985526,Cattasaurus - shoproxstore - Shopify,direct_to_consumer,fulfilled,2025-03-12,2025-03-17,2025-03-12,NV3,FedEx,2,1,33.08,3.0,0.0,36.08,shipmonk_estimate,USD
139946,6490226524470,Cattasaurus - shoproxstore - Shopify,direct_to_consumer,fulfilled,2025-03-12,2025-03-14,2025-03-12,PA2,FedEx,1,1,13.85,2.26,0.0,16.11,shipmonk_estimate,USD
139948,6490260898102,Cattasaurus - shoproxstore - Shopify,direct_to_consumer,fulfilled,2025-03-12,2025-03-14,2025-03-12,PA2,FedEx,3,1,28.69,3.37,0.0,32.06,shipmonk_estimate,USD
139949,6490267353398,Cattasaurus - shoproxstore - Shopify,direct_to_consumer,fulfilled,2025-03-12,2025-03-14,2025-03-12,PA2,FedEx,1,1,16.71,2.26,0.0,18.97,shipmonk_estimate,USD
139950,6490269483318,Cattasaurus - shoproxstore - Shopify,direct_to_consumer,fulfilled,2025-03-12,2025-03-14,2025-03-12,PA2,FedEx,1,1,18.83,2.63,0.0,21.46,shipmonk_estimate,USD
139951,6490289439030,Cattasaurus - shoproxstore - Shopify,direct_to_consumer,fulfilled,2025-03-12,2025-03-14,2025-03-12,PA2,UPS,1,1,18.24,4.11,0.0,22.35,shipmonk_estimate,USD
139952,6490327548214,Cattasaurus - shoproxstore - Shopify,direct_to_consumer,fulfilled,2025-03-12,2025-03-14,2025-03-12,PA2,FedEx,1,1,14.08,2.26,0.0,16.34,shipmonk_estimate,USD
139954,6490376732982,Cattasaurus - shoproxstore - Shopify,direct_to_consumer,fulfilled,2025-03-12,2025-03-14,2025-03-12,PA2,UPS,1,1,20.37,2.26,0.0,22.63,shipmonk_estimate,USD
139955,6490381353270,Cattasaurus - shoproxstore - Shopify,direct_to_consumer,fulfilled,2025-03-12,2025-03-18,2025-03-12,PA2,FedEx,2,1,29.25,3.0,0.0,32.25,shipmonk_estimate,USD
139957,6490387185974,Cattasaurus - shoproxstore - Shopify,direct_to_consumer,fulfilled,2025-03-12,2025-03-15,2025-03-12,PA2,FedEx,1,1,13.15,2.63,0.0,15.78,shipmonk_estimate,USD
139958,6490391478582,Cattasaurus - shoproxstore - Shopify,direct_to_consumer,fulfilled,2025-03-12,2025-03-14,2025-03-12,PA2,UPS,1,1,15.39,2.26,0.0,17.65,shipmonk_estimate,USD
139960,6490397933878,Cattasaurus - shoproxstore - Shopify,direct_to_consumer,fulfilled,2025-03-12,2025-03-14,2025-03-12,PA2,FedEx,1,1,13.85,2.26,0.0,16.11,shipmonk_estimate,USD
139961,6490401898806,Cattasaurus - shoproxstore - Shopify,direct_to_consumer,fulfilled,2025-03-12,2025-03-14,2025-03-12,PA2,FedEx,1,1,14.08,2.26,0.0,16.34,shipmonk_estimate,USD
139962,6490406650166,Cattasaurus - shoproxstore - Shopify,direct_to_consumer,fulfilled,2025-03-12,2025-03-14,2025-03-12,PA2,FedEx,1,1,18.27,2.26,0.0,20.53,shipmonk_estimate,USD
139963,6490440827190,Cattasaurus - shoproxstore - Shopify,direct_to_consumer,fulfilled,2025-03-12,2025-03-14,2025-03-12,PA2,UPS,1,1,18.24,2.26,0.0,20.5,shipmonk_estimate,USD
139964,6490452623670,Cattasaurus - shoproxstore - Shopify,direct_to_consumer,fulfilled,2025-03-12,2025-03-15,2025-03-12,PA2,UPS,2,1,14.56,3.0,0.0,17.56,shipmonk_estimate,USD
139966,6490488865078,Cattasaurus - shoproxstore - Shopify,direct_to_consumer,fulfilled,2025-03-12,2025-03-15,2025-03-12,PA2,FedEx,2,1,15.64,3.0,0.0,18.64,shipmonk_estimate,USD
139967,6490504659254,Cattasaurus - shoproxstore - Shopify,direct_to_consumer,fulfilled,2025-03-12,2025-03-15,2025-03-12,PA2,UPS,1,1,15.61,2.63,0.0,18.24,shipmonk_estimate,USD
139968,6490507280694,Cattasaurus - shoproxstore - Shopify,direct_to_consumer,fulfilled,2025-03-12,2025-03-14,2025-03-12,PA2,FedEx,1,1,16.71,2.26,0.0,18.97,shipmonk_estimate,USD
139969,6490517864758,Cattasaurus - shoproxstore - Shopify,direct_to_consumer,fulfilled,2025-03-12,2025-03-14,2025-03-12,PA2,FedEx,1,1,14.08,2.26,0.0,16.34,shipmonk_estimate,USD
139970,6490520125750,Cattasaurus - shoproxstore - Shopify,direct_to_consumer,fulfilled,2025-03-12,2025-03-15,2025-03-12,PA2,FedEx,3,1,29.25,4.11,0.0,33.36,shipmonk_estimate,USD
139973,6490547683638,Cattasaurus - shoproxstore - Shopify,direct_to_consumer,fulfilled,2025-03-12,2025-03-15,2025-03-12,PA2,FedEx,1,1,16.71,2.63,0.0,19.34,shipmonk_estimate,USD
139974,6490564460854,Cattasaurus - shoproxstore - Shopify,direct_to_consumer,fulfilled,2025-03-12,2025-03-15,2025-03-12,PA2,FedEx,1,1,19.47,2.26,0.0,21.73,shipmonk_estimate,USD
139975,6490566230326,Cattasaurus - shoproxstore - Shopify,direct_to_consumer,fulfilled,2025-03-12,2025-03-14,2025-03-12,PA2,UPS,1,1,20.37,2.26,0.0,22.63,shipmonk_estimate,USD
139976,6490633666870,Cattasaurus - shoproxstore - Shopify,direct_to_consumer,fulfilled,2025-03-12,2025-03-15,2025-03-12,PA2,FedEx,2,1,29.25,3.37,0.0,32.62,shipmonk_estimate,USD
139979,6490643071286,Cattasaurus - shoproxstore - Shopify,direct_to_consumer,fulfilled,2025-03-12,2025-03-14,2025-03-12,PA2,UPS,1,1,18.24,2.26,0.0,20.5,shipmonk_estimate,USD
139982,6490674069814,Cattasaurus - shoproxstore - Shopify,direct_to_consumer,fulfilled,2025-03-12,2025-03-14,2025-03-12,PA2,FedEx,1,1,16.71,2.26,0.0,18.97,shipmonk_estimate,USD
139984,6490694222134,Cattasaurus - shoproxstore - Shopify,direct_to_consumer,fulfilled,2025-03-12,2025-03-15,2025-03-12,PA2,FedEx,1,1,19.47,2.26,0.0,21.73,shipmonk_estimate,USD
139985,6490706084150,Cattasaurus - shoproxstore - Shopify,direct_to_consumer,fulfilled,2025-03-12,2025-03-14,2025-03-12,PA2,FedEx,1,1,13.85,2.26,0.0,16.11,shipmonk_estimate,USD
139986,6490718765366,Cattasaurus - shoproxstore - Shopify,direct_to_consumer,fulfilled,2025-03-12,2025-03-14,2025-03-12,PA2,FedEx,1,1,13.85,2.26,0.0,16.11,shipmonk_estimate,USD
139987,6490731479350,Cattasaurus - shoproxstore - Shopify,direct_to_consumer,fulfilled,2025-03-12,2025-03-15,2025-03-12,PA2,UPS,1,1,14.56,3.0,0.0,17.56,shipmonk_estimate,USD
139989,6490748354870,Cattasaurus - shoproxstore - Shopify,direct_to_consumer,fulfilled,2025-03-12,2025-03-14,2025-03-12,PA2,UPS,1,1,14.56,2.26,0.0,16.82,shipmonk_estimate,USD
139990,6490763297078,Cattasaurus - shoproxstore - Shopify,direct_to_consumer,fulfilled,2025-03-12,2025-03-14,2025-03-12,NV3,FedEx,1,1,15.23,2.63,0.0,17.86,shipmonk_estimate,USD
139991,6490766737718,Cattasaurus - shoproxstore - Shopify,direct_to_consumer,fulfilled,2025-03-12,2025-03-14,2025-03-12,PA2,FedEx,1,1,13.03,2.26,0.0,15.29,shipmonk_estimate,USD
139993,6490783449398,Cattasaurus - shoproxstore - Shopify,direct_to_consumer,fulfilled,2025-03-12,2025-03-14,2025-03-12,PA2,FedEx,1,1,13.03,2.26,0.0,15.29,shipmonk_estimate,USD
139994,6490786627894,Cattasaurus - shoproxstore - Shopify,direct_to_consumer,fulfilled,2025-03-12,2025-03-14,2025-03-12,PA2,UPS,1,1,15.39,2.26,0.0,17.65,shipmonk_estimate,USD
139995,6490799571254,Cattasaurus - shoproxstore - Shopify,direct_to_consumer,fulfilled,2025-03-12,2025-03-14,2025-03-12,PA2,FedEx,1,1,13.03,2.26,0.0,15.29,shipmonk_estimate,USD
139999,6490836926774,Cattasaurus - shoproxstore - Shopify,direct_to_consumer,fulfilled,2025-03-12,2025-03-14,2025-03-12,PA2,FedEx,1,1,16.71,2.26,0.0,18.97,shipmonk_estimate,USD
140000,6490837614902,Cattasaurus - shoproxstore - Shopify,direct_to_consumer,fulfilled,2025-03-12,2025-03-15,2025-03-12,PA2,FedEx,1,1,13.03,2.63,0.0,15.66,shipmonk_estimate,USD
140001,6490839089462,Cattasaurus - shoproxstore - Shopify,direct_to_consumer,fulfilled,2025-03-12,2025-03-15,2025-03-12,PA2,FedEx,1,1,18.83,2.63,0.0,21.46,shipmonk_estimate,USD
140003,6490845970742,Cattasaurus - shoproxstore - Shopify,direct_to_consumer,fulfilled,2025-03-12,2025-03-15,2025-03-12,PA2,FedEx,1,1,16.71,2.63,0.0,19.34,shipmonk_estimate,USD
140004,6490851475766,Cattasaurus - shoproxstore - Shopify,direct_to_consumer,fulfilled,2025-03-12,2025-03-15,2025-03-12,PA2,FedEx,1,1,14.08,2.63,0.0,16.71,shipmonk_estimate,USD
140006,6490877821238,Cattasaurus - shoproxstore - Shopify,direct_to_consumer,fulfilled,2025-03-12,2025-03-15,2025-03-12,PA2,FedEx,1,1,16.71,2.63,0.0,19.34,shipmonk_estimate,USD
140008,6490955579702,Cattasaurus - shoproxstore - Shopify,direct_to_consumer,fulfilled,2025-03-12,2025-03-14,2025-03-12,PA2,FedEx,1,1,22.07,2.26,0.0,24.33,shipmonk_estimate,USD
140009,6490957545782,Cattasaurus - shoproxstore - Shopify,direct_to_consumer,fulfilled,2025-03-12,2025-03-15,2025-03-12,PA2,UPS,1,1,18.24,2.63,0.0,20.87,shipmonk_estimate,USD
140010,6490960953654,Cattasaurus - shoproxstore - Shopify,direct_to_consumer,fulfilled,2025-03-12,2025-03-14,2025-03-12,PA2,FedEx,1,1,18.83,2.26,0.0,21.09,shipmonk_estimate,USD
140013,6491003650358,Cattasaurus - shoproxstore - Shopify,direct_to_consumer,fulfilled,2025-03-12,2025-03-15,2025-03-12,PA2,FedEx,1,1,13.03,3.74,0.0,16.77,shipmonk_estimate,USD
140014,6491005649206,Cattasaurus - shoproxstore - Shopify,direct_to_consumer,fulfilled,2025-03-12,2025-03-14,2025-03-12,PA2,UPS,1,1,18.24,2.26,0.0,20.5,shipmonk_estimate,USD
140015,6491012858166,Cattasaurus - shoproxstore - Shopify,direct_to_consumer,fulfilled,2025-03-12,2025-03-15,2025-03-12,PA2,UPS,1,1,20.37,2.63,0.0,23.0,shipmonk_estimate,USD
140018,6491043234102,Cattasaurus - shoproxstore - Shopify,direct_to_consumer,fulfilled,2025-03-12,2025-03-15,2025-03-12,PA2,FedEx,1,1,16.71,2.63,0.0,19.34,shipmonk_estimate,USD
140020,6491093041462,Cattasaurus - shoproxstore - Shopify,direct_to_consumer,fulfilled,2025-03-12,2025-03-15,2025-03-12,PA2,FedEx,1,1,21.0,2.26,0.0,23.26,shipmonk_estimate,USD
140021,6491104444726,Cattasaurus - shoproxstore - Shopify,direct_to_consumer,fulfilled,2025-03-12,2025-03-15,2025-03-12,PA2,FedEx,1,1,16.77,2.26,0.0,19.03,shipmonk_estimate,USD
140022,6491219329334,Cattasaurus - shoproxstore - Shopify,direct_to_consumer,fulfilled,2025-03-12,2025-03-15,2025-03-12,PA2,FedEx,1,1,18.83,2.63,0.0,21.46,shipmonk_estimate,USD
140022_1,fb4e4fc6-381c-4332-8c6e-2b1b6fa0dd3d,Cattasaurus - shoproxstore - Shopify,direct_to_consumer,fulfilled,2025-03-12,2025-03-14,2025-03-12,NV3,DHL eCommerce,2,1,7.26,2.26,0.5,10.02,shipmonk_estimate,USD
140023,6491232305462,Cattasaurus - shoproxstore - Shopify,direct_to_consumer,fulfilled,2025-03-12,2025-03-15,2025-03-12,PA2,FedEx,2,1,13.85,4.11,0.0,17.96,shipmonk_estimate,USD
111-0118558-8098641,111-0118558-8098641,Cattasaurus - Amazon USA,direct_to_consumer,fulfilled,2025-03-13,2025-03-14,2025-03-13,PA2,FedEx,1,1,16.71,3.0,0.0,19.71,shipmonk_estimate,USD
111-3318080-4881850,111-3318080-4881850,Cattasaurus - Amazon USA,direct_to_consumer,fulfilled,2025-03-13,2025-03-14,2025-03-13,PA2,FedEx,1,1,16.71,3.0,0.0,19.71,shipmonk_estimate,USD
112-2314995-3493014,112-2314995-3493014,Cattasaurus - Amazon USA,direct_to_consumer,fulfilled,2025-03-13,2025-03-14,2025-03-13,PA2,FedEx,1,1,24.14,3.0,0.0,27.14,shipmonk_estimate,USD
112-3533199-1885848,112-3533199-1885848,Cattasaurus - Amazon USA,direct_to_consumer,fulfilled,2025-03-13,2025-03-14,2025-03-13,PA2,FedEx,1,1,24.14,3.0,0.0,27.14,shipmonk_estimate,USD
112-6700840-4250659,112-6700840-4250659,Cattasaurus - Amazon USA,direct_to_consumer,fulfilled,2025-03-13,2025-03-14,2025-03-13,PA2,UPS,1,1,18.24,3.0,0.0,21.24,shipmonk_estimate,USD
113-8131530-8152214,113-8131530-8152214,Cattasaurus - Amazon USA,direct_to_consumer,fulfilled,2025-03-13,2025-03-13,2025-03-13,PA2,FedEx,1,1,13.85,3.0,0.0,16.85,shipmonk_estimate,USD
114-3390406-0967436,114-3390406-0967436,Cattasaurus - Amazon USA,direct_to_consumer,fulfilled,2025-03-13,2025-03-13,2025-03-13,PA2,FedEx,1,1,16.71,3.0,0.0,19.71,shipmonk_estimate,USD
114-9107749-8955427,114-9107749-8955427,Cattasaurus - Amazon USA,direct_to_consumer,fulfilled,2025-03-13,2025-03-14,2025-03-13,PA2,FedEx,1,1,13.03,3.0,0.0,16.03,shipmonk_estimate,USD
140025,6491403419958,Cattasaurus - shoproxstore - Shopify,direct_to_consumer,fulfilled,2025-03-13,2025-03-15,2025-03-13,PA2,FedEx,1,1,13.03,2.63,0.0,15.66,shipmonk_estimate,USD
140026,6491428127030,Cattasaurus - shoproxstore - Shopify,direct_to_consumer,fulfilled,2025-03-13,2025-03-15,2025-03-13,PA2,FedEx,1,1,22.2,2.26,0.0,24.46,shipmonk_estimate,USD
140027,6491443069238,Cattasaurus - shoproxstore - Shopify,direct_to_consumer,fulfilled,2025-03-13,2025-03-14,2025-03-13,PA2,FedEx,1,1,13.03,2.26,0.0,15.29,shipmonk_estimate,USD
140028,6491463909686,Cattasaurus - shoproxstore - Shopify,direct_to_consumer,fulfilled,2025-03-13,2025-03-16,2025-03-13,PA2,FedEx,1,1,16.71,2.63,0.0,19.34,shipmonk_estimate,USD
140031,6491507851574,Cattasaurus - shoproxstore - Shopify,direct_to_consumer,fulfilled,2025-03-13,2025-03-15,2025-03-13,PA2,FedEx,1,1,19.47,2.63,0.0,22.1,shipmonk_estimate,USD
140032,6491510440246,Cattasaurus - shoproxstore - Shopify,direct_to_consumer,fulfilled,2025-03-13,2025-03-15,2025-03-13,PA2,FedEx,1,1,17.91,3.0,0.0,20.91,shipmonk_estimate,USD
140033,6491511456054,Cattasaurus - shoproxstore - Shopify,direct_to_consumer,fulfilled,2025-03-13,2025-03-15,2025-03-13,PA2,FedEx,1,1,13.15,2.26,0.0,15.41,shipmonk_estimate,USD
140034,6491516010806,Cattasaurus - shoproxstore - Shopify,direct_to_consumer,fulfilled,2025-03-13,2025-03-15,2025-03-13,PA2,FedEx,1,1,18.27,2.26,0.0,20.53,shipmonk_estimate,USD
140035,6491522629942,Cattasaurus - shoproxstore - Shopify,direct_to_consumer,fulfilled,2025-03-13,2025-03-15,2025-03-13,PA2,FedEx,1,1,18.27,2.26,0.0,20.53,shipmonk_estimate,USD
140036,6491532820790,Cattasaurus - shoproxstore - Shopify,direct_to_consumer,fulfilled,2025-03-13,2025-03-15,2025-03-13,PA2,FedEx,1,1,19.47,2.26,0.0,21.73,shipmonk_estimate,USD
140039,6491549565238,Cattasaurus - shoproxstore - Shopify,direct_to_consumer,fulfilled,2025-03-13,2025-03-16,2025-03-13,PA2,UPS,1,1,18.24,2.26,0.0,20.5,shipmonk_estimate,USD
140040,6491552153910,Cattasaurus - shoproxstore - Shopify,direct_to_consumer,fulfilled,2025-03-13,2025-03-15,2025-03-13,PA2,UPS,1,1,15.61,3.74,0.0,19.35,shipmonk_estimate,USD
140041,6491556643126,Cattasaurus - shoproxstore - Shopify,direct_to_consumer,fulfilled,2025-03-13,2025-03-15,2025-03-13,PA2,FedEx,1,1,13.03,2.63,0.0,15.66,shipmonk_estimate,USD
140042,6491561722166,Cattasaurus - shoproxstore - Shopify,direct_to_consumer,fulfilled,2025-03-13,2025-03-15,2025-03-13,PA2,FedEx,1,1,13.15,2.26,0.0,15.41,shipmonk_estimate,USD
140043,6491563622710,Cattasaurus - shoproxstore - Shopify,direct_to_consumer,fulfilled,2025-03-13,2025-03-16,2025-03-13,PA2,FedEx,1,1,15.23,2.63,0.0,17.86,shipmonk_estimate,USD
140044,6491578106166,Cattasaurus - shoproxstore - Shopify,direct_to_consumer,fulfilled,2025-03-13,2025-03-16,2025-03-13,PA2,FedEx,1,1,16.71,2.26,0.0,18.97,shipmonk_estimate,USD
140045,6491603697974,Cattasaurus - shoproxstore - Shopify,direct_to_consumer,fulfilled,2025-03-13,2025-03-15,2025-03-13,PA2,FedEx,1,1,19.47,2.63,0.0,22.1,shipmonk_estimate,USD
140046,6491607433526,Cattasaurus - shoproxstore - Shopify,direct_to_consumer,fulfilled,2025-03-13,2025-03-16,2025-03-13,PA2,UPS,1,1,18.24,2.63,0.0,20.87,shipmonk_estimate,USD
140047,6491616084278,Cattasaurus - shoproxstore - Shopify,direct_to_consumer,fulfilled,2025-03-13,2025-03-15,2025-03-13,PA2,FedEx,1,1,16.73,2.26,0.0,18.99,shipmonk_estimate,USD
140049,6491651506486,Cattasaurus - shoproxstore - Shopify,direct_to_consumer,fulfilled,2025-03-13,2025-03-15,2025-03-13,PA2,FedEx,1,1,16.73,2.26,0.0,18.99,shipmonk_estimate,USD
140051,6491658256694,Cattasaurus - shoproxstore - Shopify,direct_to_consumer,fulfilled,2025-03-13,2025-03-16,2025-03-13,PA2,FedEx,1,1,14.08,2.26,0.0,16.34,shipmonk_estimate,USD
140052,6491662418230,Cattasaurus - shoproxstore - Shopify,direct_to_consumer,fulfilled,2025-03-13,2025-03-15,2025-03-13,PA2,UPS,1,1,18.24,2.63,0.0,20.87,shipmonk_estimate,USD
140053,6491674378550,Cattasaurus - shoproxstore - Shopify,direct_to_consumer,fulfilled,2025-03-13,2025-03-15,2025-03-13,PA2,FedEx,1,1,19.47,2.26,0.0,21.73,shipmonk_estimate,USD
140054,6491678572854,Cattasaurus - shoproxstore - Shopify,direct_to_consumer,fulfilled,2025-03-13,2025-03-15,2025-03-13,PA2,FedEx,1,1,13.7,2.63,0.0,16.33,shipmonk_estimate,USD
140056,6491698659638,Cattasaurus - shoproxstore - Shopify,direct_to_consumer,fulfilled,2025-03-13,2025-03-16,2025-03-13,PA2,FedEx,1,1,18.83,2.26,0.0,21.09,shipmonk_estimate,USD
140057,6491754823990,Cattasaurus - shoproxstore - Shopify,direct_to_consumer,fulfilled,2025-03-13,2025-03-15,2025-03-13,PA2,DHL eCommerce,1,1,6.46,3.74,0.3,10.5,shipmonk_estimate,USD
140058,6491755741494,Cattasaurus - shoproxstore - Shopify,direct_to_consumer,fulfilled,2025-03-13,2025-03-19,2025-03-13,PA2,FedEx,1,1,14.08,4.11,0.0,18.19,shipmonk_estimate,USD
140059,6491761836342,Cattasaurus - shoproxstore - Shopify,direct_to_consumer,fulfilled,2025-03-13,2025-03-18,2025-03-13,PA2,UPS,2,1,14.68,3.0,0.0,17.68,shipmonk_estimate,USD
140059_1,33c45abe-fcb6-404c-849f-0c1de85ff108,Cattasaurus - shoproxstore - Shopify,direct_to_consumer,fulfilled,2025-03-13,2025-03-17,2025-03-13,PA2,UPS,1,1,14.68,2.26,0.0,16.94,shipmonk_estimate,USD
140064,6491812233526,Cattasaurus - shoproxstore - Shopify,direct_to_consumer,fulfilled,2025-03-13,2025-03-15,2025-03-13,PA2,FedEx,1,1,19.47,2.63,0.0,22.1,shipmonk_estimate,USD
140065,6491859484982,Cattasaurus - shoproxstore - Shopify,direct_to_consumer,fulfilled,2025-03-13,2025-03-15,2025-03-13,PA2,FedEx,1,1,15.23,2.63,0.0,17.86,shipmonk_estimate,USD
140066,6491866628406,Cattasaurus - shoproxstore - Shopify,direct_to_consumer,fulfilled,2025-03-13,2025-03-16,2025-03-13,PA2,FedEx,1,1,14.08,4.11,0.0,18.19,shipmonk_estimate,USD
140067,6491883471158,Cattasaurus - shoproxstore - Shopify,direct_to_consumer,fulfilled,2025-03-13,2025-03-16,2025-03-13,PA2,FedEx,3,1,13.15,3.37,0.0,16.52,shipmonk_estimate,USD
140068,6491919745334,Cattasaurus - shoproxstore - Shopify,direct_to_consumer,fulfilled,2025-03-13,2025-03-15,2025-03-13,PA2,FedEx,1,1,16.71,2.63,0.0,19.34,shipmonk_estimate,USD
140069,6491929641270,Cattasaurus - shoproxstore - Shopify,direct_to_consumer,fulfilled,2025-03-13,2025-03-15,2025-03-13,PA2,FedEx,1,1,16.73,2.63,0.0,19.36,shipmonk_estimate,USD
140070,6491939406134,Cattasaurus - shoproxstore - Shopify,direct_to_consumer,fulfilled,2025-03-13,2025-03-15,2025-03-13,PA2,FedEx,1,1,16.71,2.63,0.0,19.34,shipmonk_estimate,USD
140071,6491941601590,Cattasaurus - shoproxstore - Shopify,direct_to_consumer,fulfilled,2025-03-13,2025-03-15,2025-03-13,PA2,FedEx,1,1,14.08,2.63,0.0,16.71,shipmonk_estimate,USD
140072,6491953856822,Cattasaurus - shoproxstore - Shopify,direct_to_consumer,fulfilled,2025-03-13,2025-03-15,2025-03-13,PA2,FedEx,1,1,22.07,2.63,0.0,24.7,shipmonk_estimate,USD
140074,6491978268982,Cattasaurus - shoproxstore - Shopify,direct_to_consumer,fulfilled,2025-03-13,2025-03-16,2025-03-13,PA2,FedEx,2,1,15.23,3.0,0.0,18.23,shipmonk_estimate,USD
140075,6491988394294,Cattasaurus - shoproxstore - Shopify,direct_to_consumer,fulfilled,2025-03-13,2025-03-16,2025-03-13,PA2,FedEx,1,1,23.73,2.63,0.0,26.36,shipmonk_estimate,USD
140076,6492000551222,Cattasaurus - shoproxstore - Shopify,direct_to_consumer,fulfilled,2025-03-13,2025-03-16,2025-03-13,PA2,FedEx,1,1,13.03,2.63,0.0,15.66,shipmonk_estimate,USD
140078,6492030402870,Cattasaurus - shoproxstore - Shopify,direct_to_consumer,fulfilled,2025-03-13,2025-03-16,2025-03-13,PA2,FedEx,2,1,18.83,3.0,0.0,21.83,shipmonk_estimate,USD
140079,6492057010486,Cattasaurus - shoproxstore - Shopify,direct_to_consumer,fulfilled,2025-03-13,2025-03-15,2025-03-13,PA2,FedEx,1,1,15.23,2.63,0.0,17.86,shipmonk_estimate,USD
140080,6492092989750,Cattasaurus - shoproxstore - Shopify,direct_to_consumer,fulfilled,2025-03-13,2025-03-16,2025-03-13,PA2,FedEx,1,1,25.68,2.26,0.0,27.94,shipmonk_estimate,USD
140082,6492196831542,Cattasaurus - shoproxstore - Shopify,direct_to_consumer,fulfilled,2025-03-13,2025-03-17,2025-03-13,NV3,FedEx,1,1,13.85,2.63,0.0,16.48,shipmonk_estimate,USD
140084,6492232155446,Cattasaurus - shoproxstore - Shopify,direct_to_consumer,fulfilled,2025-03-13,2025-03-15,2025-03-13,PA2,FedEx,1,1,16.71,3.74,0.0,20.45,shipmonk_estimate,USD
140085,6492236480822,Cattasaurus - shoproxstore - Shopify,direct_to_consumer,fulfilled,2025-03-13,2025-03-15,2025-03-13,PA2,FedEx,1,1,19.47,2.63,0.0,22.1,shipmonk_estimate,USD
140086,6492238840118,Cattasaurus - shoproxstore - Shopify,direct_to_consumer,fulfilled,2025-03-13,2025-03-15,2025-03-13,PA2,FedEx,1,1,21.0,2.63,0.0,23.63,shipmonk_estimate,USD
140087,6492239626550,Cattasaurus - shoproxstore - Shopify,direct_to_consumer,fulfilled,2025-03-13,2025-07-13,2025-03-13,PA2,OnTrac,1,1,11.02,2.5,0.0,13.52,shipmonk_estimate,USD
140088,6492255256886,Cattasaurus - shoproxstore - Shopify,direct_to_consumer,fulfilled,2025-03-13,2025-03-15,2025-03-13,PA2,FedEx,1,1,17.91,3.0,0.0,20.91,shipmonk_estimate,USD
140089,6492268331318,Cattasaurus - shoproxstore - Shopify,direct_to_consumer,fulfilled,2025-03-13,2025-03-16,2025-03-13,PA2,FedEx,1,1,14.08,2.26,0.0,16.34,shipmonk_estimate,USD
140090,6492312371510,Cattasaurus - shoproxstore - Shopify,direct_to_consumer,fulfilled,2025-03-13,2025-03-16,2025-03-13,PA2,FedEx,1,1,28.69,2.63,0.0,31.32,shipmonk_estimate,USD
140091,6492369289526,Cattasaurus - shoproxstore - Shopify,direct_to_consumer,fulfilled,2025-03-13,2025-03-16,2025-03-13,PA2,UPS,1,1,18.24,2.26,0.0,20.5,shipmonk_estimate,USD
140092,6492369486134,Cattasaurus - shoproxstore - Shopify,direct_to_consumer,fulfilled,2025-03-13,2025-03-15,2025-03-13,PA2,FedEx,1,1,16.71,2.63,0.0,19.34,shipmonk_estimate,USD
140093,6492385378614,Cattasaurus - shoproxstore - Shopify,direct_to_consumer,fulfilled,2025-03-13,2025-03-15,2025-03-13,PA2,FedEx,1,1,14.08,2.63,0.0,16.71,shipmonk_estimate,USD
140094,6492398747958,Cattasaurus - shoproxstore - Shopify,direct_to_consumer,fulfilled,2025-03-13,2025-03-16,2025-03-13,PA2,FedEx,1,1,16.71,2.26,0.0,18.97,shipmonk_estimate,USD
140095,6492415295798,Cattasaurus - shoproxstore - Shopify,direct_to_consumer,fulfilled,2025-03-13,2025-03-17,2025-03-13,NV3,FedEx,1,1,14.08,2.63,0.0,16.71,shipmonk_estimate,USD
140096,6492417425718,Cattasaurus - shoproxstore - Shopify,direct_to_consumer,fulfilled,2025-03-13,2025-03-16,2025-03-13,PA2,FedEx,2,2,28.96,4.89,0.0,33.85,shipmonk_estimate,USD
140097,6492418539830,Cattasaurus - shoproxstore - Shopify,direct_to_consumer,fulfilled,2025-03-13,2025-03-17,2025-03-13,NV3,FedEx,1,1,14.08,2.63,0.0,16.71,shipmonk_estimate,USD
140098,6492430926134,Cattasaurus - shoproxstore - Shopify,direct_to_consumer,fulfilled,2025-03-13,2025-03-15,2025-03-13,PA2,USPS,1,1,14.09,2.63,0.0,16.72,shipmonk_estimate,USD
140099,6492432630070,Cattasaurus - shoproxstore - Shopify,direct_to_consumer,fulfilled,2025-03-13,2025-03-16,2025-03-13,PA2,FedEx,2,1,16.71,3.0,0.0,19.71,shipmonk_estimate,USD
140100,6492442591542,Cattasaurus - shoproxstore - Shopify,direct_to_consumer,fulfilled,2025-03-13,2025-07-13,2025-03-13,PA2,UPS,1,1,13.16,2.5,0.0,15.66,shipmonk_estimate,USD
140101,6492447080758,Cattasaurus - shoproxstore - Shopify,direct_to_consumer,fulfilled,2025-03-13,2025-03-15,2025-03-13,PA2,FedEx,1,1,15.23,2.63,0.0,17.86,shipmonk_estimate,USD
140102,6492455239990,Cattasaurus - shoproxstore - Shopify,direct_to_consumer,fulfilled,2025-03-13,2025-03-15,2025-03-13,PA2,UPS,2,1,14.08,2.26,0.0,16.34,shipmonk_estimate,USD
140103,6492475195702,Cattasaurus - shoproxstore - Shopify,direct_to_consumer,fulfilled,2025-03-13,2025-03-15,2025-03-13,PA2,FedEx,1,1,16.71,2.63,0.0,19.34,shipmonk_estimate,USD
140104,6492486336822,Cattasaurus - shoproxstore - Shopify,direct_to_consumer,fulfilled,2025-03-13,2025-03-17,2025-03-13,NV3,UPS,1,1,15.61,2.63,0.0,18.24,shipmonk_estimate,USD
140105,6492495085878,Cattasaurus - shoproxstore - Shopify,direct_to_consumer,fulfilled,2025-03-13,2025-03-16,2025-03-13,PA2,UPS,1,1,18.24,2.26,0.0,20.5,shipmonk_estimate,USD
140106,6492508193078,Cattasaurus - shoproxstore - Shopify,direct_to_consumer,fulfilled,2025-03-13,2025-03-16,2025-03-13,PA2,FedEx,1,1,19.47,2.63,0.0,22.1,shipmonk_estimate,USD
140107,6492513337654,Cattasaurus - shoproxstore - Shopify,direct_to_consumer,fulfilled,2025-03-13,2025-03-17,2025-03-13,NV3,FedEx,1,1,16.71,2.63,0.0,19.34,shipmonk_estimate,USD
140109,6492526084406,Cattasaurus - shoproxstore - Shopify,direct_to_consumer,fulfilled,2025-03-13,2025-03-15,2025-03-13,PA2,FedEx,2,1,15.64,3.0,0.0,18.64,shipmonk_estimate,USD
140110,6492534604086,Cattasaurus - shoproxstore - Shopify,direct_to_consumer,fulfilled,2025-03-13,2025-03-16,2025-03-13,PA2,UPS,1,1,18.24,2.26,0.0,20.5,shipmonk_estimate,USD
140111,6492546138422,Cattasaurus - shoproxstore - Shopify,direct_to_consumer,fulfilled,2025-03-13,2025-03-15,2025-03-13,PA2,UPS,1,1,18.24,2.63,0.0,20.87,shipmonk_estimate,USD
140112,6492564586806,Cattasaurus - shoproxstore - Shopify,direct_to_consumer,fulfilled,2025-03-13,2025-03-17,2025-03-13,NV3,DHL eCommerce,1,1,12.1,2.26,0.5,14.86,shipmonk_estimate,USD
140113,6492565799222,Cattasaurus - shoproxstore - Shopify,direct_to_consumer,fulfilled,2025-03-13,2025-03-16,2025-03-13,PA2,FedEx,2,1,16.71,3.0,0.0,19.71,shipmonk_estimate,USD
140114,6492568453430,Cattasaurus - shoproxstore - Shopify,direct_to_consumer,fulfilled,2025-03-13,2025-03-15,2025-03-13,PA2,FedEx,1,1,23.73,2.63,0.0,26.36,shipmonk_estimate,USD
140115,6492572746038,Cattasaurus - shoproxstore - Shopify,direct_to_consumer,fulfilled,2025-03-13,2025-03-17,2025-03-13,NV3,FedEx,1,1,14.08,2.26,0.0,16.34,shipmonk_estimate,USD
140116,6492581495094,Cattasaurus - shoproxstore - Shopify,direct_to_consumer,fulfilled,2025-03-13,2025-03-16,2025-03-13,PA2,FedEx,2,2,31.28,7.11,0.0,38.39,shipmonk_estimate,USD
140117,6492612362550,Cattasaurus - shoproxstore - Shopify,direct_to_consumer,fulfilled,2025-03-13,2025-03-17,2025-03-13,NV3,FedEx,1,1,13.85,2.26,0.0,16.11,shipmonk_estimate,USD
140119,6492632514870,Cattasaurus - shoproxstore - Shopify,direct_to_consumer,fulfilled,2025-03-13,2025-03-15,2025-03-13,PA2,FedEx,1,1,19.47,1.89,0.0,21.36,shipmonk_estimate,USD
140120,6492655157558,Cattasaurus - shoproxstore - Shopify,direct_to_consumer,fulfilled,2025-03-13,2025-03-16,2025-03-13,PA2,FedEx,1,1,19.3,3.0,0.0,22.3,shipmonk_estimate,USD
140121,6492671344950,Cattasaurus - shoproxstore - Shopify,direct_to_consumer,fulfilled,2025-03-13,2025-03-15,2025-03-13,PA2,USPS,1,1,4.62,2.26,0.3,7.18,shipmonk_estimate,USD
140122,6492681437494,Cattasaurus - shoproxstore - Shopify,direct_to_consumer,fulfilled,2025-03-13,2025-03-15,2025-03-13,PA2,FedEx,1,1,13.85,2.63,0.0,16.48,shipmonk_estimate,USD
140124,6492699328822,Cattasaurus - shoproxstore - Shopify,direct_to_consumer,fulfilled,2025-03-13,2025-03-16,2025-03-13,PA2,UPS,1,1,15.61,4.11,0.0,19.72,shipmonk_estimate,USD
140125,6492704473398,Cattasaurus - shoproxstore - Shopify,direct_to_consumer,fulfilled,2025-03-13,2025-03-16,2025-03-13,PA2,UPS,1,1,14.56,2.63,0.0,17.19,shipmonk_estimate,USD
140127,6492738715958,Cattasaurus - shoproxstore - Shopify,direct_to_consumer,fulfilled,2025-03-13,2025-03-16,2025-03-13,PA2,FedEx,2,1,18.83,3.0,0.0,21.83,shipmonk_estimate,USD
140128,6492750905654,Cattasaurus - shoproxstore - Shopify,direct_to_consumer,fulfilled,2025-03-13,2025-03-16,2025-03-13,PA2,FedEx,2,1,25.68,4.11,0.0,29.79,shipmonk_estimate,USD
140130,6492766044470,Cattasaurus - shoproxstore - Shopify,direct_to_consumer,fulfilled,2025-03-13,2025-03-15,2025-03-13,PA2,FedEx,1,1,28.69,2.63,0.0,31.32,shipmonk_estimate,USD
140131,6492782952758,Cattasaurus - shoproxstore - Shopify,direct_to_consumer,fulfilled,2025-03-13,2025-03-15,2025-03-13,PA2,FedEx,1,1,27.15,2.63,0.0,29.78,shipmonk_estimate,USD
140132,6492799992118,Cattasaurus - shoproxstore - Shopify,direct_to_consumer,fulfilled,2025-03-13,2025-03-16,2025-03-13,PA2,UPS,1,1,15.39,2.63,0.0,18.02,shipmonk_estimate,USD
140133,6492801335606,Cattasaurus - shoproxstore - Shopify,direct_to_consumer,fulfilled,2025-03-13,2025-03-16,2025-03-13,PA2,FedEx,1,1,18.27,2.63,0.0,20.9,shipmonk_estimate,USD
140134,6492829876534,Cattasaurus - shoproxstore - Shopify,direct_to_consumer,fulfilled,2025-03-13,2025-03-18,2025-03-13,PA2,FedEx,1,1,18.24,2.26,0.0,20.5,shipmonk_estimate,USD
140134_1,739ea7dd-7379-45b0-abec-07e8a7c72529,Cattasaurus - shoproxstore - Shopify,direct_to_consumer,fulfilled,2025-03-13,2025-03-17,2025-03-13,PA2,FedEx,1,1,18.24,3.74,0.0,21.98,shipmonk_estimate,USD
140135,6492901605686,Cattasaurus - shoproxstore - Shopify,direct_to_consumer,fulfilled,2025-03-13,2025-03-16,2025-03-13,PA2,FedEx,1,1,24.14,2.63,0.0,26.77,shipmonk_estimate,USD
111-7989493-4021028,111-7989493-4021028,Cattasaurus - Amazon USA,direct_to_consumer,fulfilled,2025-03-14,2025-03-15,2025-03-14,PA2,FedEx,1,1,24.14,3.0,0.0,27.14,shipmonk_estimate,USD
112-0460679-7120223,112-0460679-7120223,Cattasaurus - Amazon USA,direct_to_consumer,fulfilled,2025-03-14,2025-03-15,2025-03-14,PA2,FedEx,1,1,13.85,2.63,0.0,16.48,shipmonk_estimate,USD
112-8798641-6500239,112-8798641-6500239,Cattasaurus - Amazon USA,direct_to_consumer,fulfilled,2025-03-14,2025-03-17,2025-03-14,NV3,FedEx,1,1,13.85,3.0,0.0,16.85,shipmonk_estimate,USD
112-9808109-6957006,112-9808109-6957006,Cattasaurus - Amazon USA,direct_to_consumer,fulfilled,2025-03-14,2025-03-17,2025-03-14,NV3,FedEx,1,1,17.3,3.0,0.0,20.3,shipmonk_estimate,USD
114-9663925-3201049,114-9663925-3201049,Cattasaurus - Amazon USA,direct_to_consumer,fulfilled,2025-03-14,2025-03-15,2025-03-14,PA2,FedEx,1,1,13.85,2.63,0.0,16.48,shipmonk_estimate,USD
140136,6493036413238,Cattasaurus - shoproxstore - Shopify,direct_to_consumer,fulfilled,2025-03-14,2025-03-15,2025-03-14,PA2,FedEx,1,1,15.23,2.63,0.0,17.86,shipmonk_estimate,USD
140137,6493039165750,Cattasaurus - shoproxstore - Shopify,direct_to_consumer,fulfilled,2025-03-14,2025-03-16,2025-03-14,PA2,FedEx,1,1,15.23,2.63,0.0,17.86,shipmonk_estimate,USD
140140,6493105094966,Cattasaurus - shoproxstore - Shopify,direct_to_consumer,fulfilled,2025-03-14,2025-03-15,2025-03-14,PA2,FedEx,1,1,13.03,2.63,0.0,15.66,shipmonk_estimate,USD
140141,6493121184054,Cattasaurus - shoproxstore - Shopify,direct_to_consumer,fulfilled,2025-03-14,2025-03-16,2025-03-14,PA2,FedEx,2,1,16.73,3.0,0.0,19.73,shipmonk_estimate,USD
140142,6493125050678,Cattasaurus - shoproxstore - Shopify,direct_to_consumer,fulfilled,2025-03-14,2025-03-16,2025-03-14,PA2,FedEx,1,1,21.0,2.63,0.0,23.63,shipmonk_estimate,USD
140143,6493131964726,Cattasaurus - shoproxstore - Shopify,direct_to_consumer,fulfilled,2025-03-14,2025-03-16,2025-03-14,PA2,FedEx,1,1,15.23,2.63,0.0,17.86,shipmonk_estimate,USD
140144,6493137994038,Cattasaurus - shoproxstore - Shopify,direct_to_consumer,fulfilled,2025-03-14,2025-03-16,2025-03-14,PA2,FedEx,1,1,16.71,4.11,0.0,20.82,shipmonk_estimate,USD
140145,6493167059254,Cattasaurus - shoproxstore - Shopify,direct_to_consumer,fulfilled,2025-03-14,2025-03-17,2025-03-14,NV3,FedEx,1,1,27.15,2.26,0.0,29.41,shipmonk_estimate,USD
140146,6493180756278,Cattasaurus - shoproxstore - Shopify,direct_to_consumer,fulfilled,2025-03-14,2025-03-16,2025-03-14,PA2,UPS,1,1,20.37,2.63,0.0,23.0,shipmonk_estimate,USD
140149,6493674930486,Cattasaurus - shoproxstore - Shopify,direct_to_consumer,fulfilled,2025-03-14,2025-03-16,2025-03-14,PA2,FedEx,1,1,25.26,2.63,0.0,27.89,shipmonk_estimate,USD
140150,6493684629814,Cattasaurus - shoproxstore - Shopify,direct_to_consumer,fulfilled,2025-03-14,2025-03-16,2025-03-14,PA2,FedEx,1,1,13.85,2.26,0.0,16.11,shipmonk_estimate,USD
140151,6493701374262,Cattasaurus - shoproxstore - Shopify,direct_to_consumer,fulfilled,2025-03-14,2025-03-16,2025-03-14,PA2,FedEx,2,1,16.71,3.0,0.0,19.71,shipmonk_estimate,USD
140153,6493708550454,Cattasaurus - shoproxstore - Shopify,direct_to_consumer,fulfilled,2025-03-14,2025-03-17,2025-03-14,PA2,UPS,1,1,15.39,2.26,0.0,17.65,shipmonk_estimate,USD
140155,6493752525110,Cattasaurus - shoproxstore - Shopify,direct_to_consumer,fulfilled,2025-03-14,2025-03-16,2025-03-14,PA2,UPS,1,1,15.61,2.26,0.0,17.87,shipmonk_estimate,USD
140156,6493752885558,Cattasaurus - shoproxstore - Shopify,direct_to_consumer,fulfilled,2025-03-14,2025-03-17,2025-03-14,PA2,FedEx,1,1,16.71,2.26,0.0,18.97,shipmonk_estimate,USD
140158,6493775954230,Cattasaurus - shoproxstore - Shopify,direct_to_consumer,fulfilled,2025-03-14,2025-03-17,2025-03-14,PA2,UPS,1,1,18.24,2.26,0.0,20.5,shipmonk_estimate,USD
140159,6493787586870,Cattasaurus - shoproxstore - Shopify,direct_to_consumer,fulfilled,2025-03-14,2025-03-16,2025-03-14,PA2,UPS,1,1,15.61,2.26,0.0,17.87,shipmonk_estimate,USD
140160,6493795877174,Cattasaurus - shoproxstore - Shopify,direct_to_consumer,fulfilled,2025-03-14,2025-03-17,2025-03-14,PA2,FedEx,1,1,16.77,2.26,0.0,19.03,shipmonk_estimate,USD
140161,6493829169462,Cattasaurus - shoproxstore - Shopify,direct_to_consumer,fulfilled,2025-03-14,2025-03-17,2025-03-14,NV3,FedEx,2,1,18.27,2.63,0.0,20.9,shipmonk_estimate,USD
140162,6493841293622,Cattasaurus - shoproxstore - Shopify,direct_to_consumer,fulfilled,2025-03-14,2025-03-17,2025-03-14,PA2,FedEx,1,1,15.23,2.26,0.0,17.49,shipmonk_estimate,USD
140163,6493851320630,Cattasaurus - shoproxstore - Shopify,direct_to_consumer,fulfilled,2025-03-14,2025-03-16,2025-03-14,PA2,FedEx,1,1,13.85,2.26,0.0,16.11,shipmonk_estimate,USD
140164,6493856039222,Cattasaurus - shoproxstore - Shopify,direct_to_consumer,fulfilled,2025-03-14,2025-03-17,2025-03-14,PA2,UPS,1,1,18.24,2.26,0.0,20.5,shipmonk_estimate,USD
140167,6493891002678,Cattasaurus - shoproxstore - Shopify,direct_to_consumer,fulfilled,2025-03-14,2025-03-17,2025-03-14,PA2,FedEx,1,1,24.14,4.11,0.0,28.25,shipmonk_estimate,USD
140168,6493892477238,Cattasaurus - shoproxstore - Shopify,direct_to_consumer,fulfilled,2025-03-14,2025-03-17,2025-03-14,PA2,FedEx,1,1,18.27,2.26,0.0,20.53,shipmonk_estimate,USD
140169,6493903716662,Cattasaurus - shoproxstore - Shopify,direct_to_consumer,fulfilled,2025-03-14,2025-03-17,2025-03-14,PA2,FedEx,2,1,21.0,2.63,0.0,23.63,shipmonk_estimate,USD
140171,6493916037430,Cattasaurus - shoproxstore - Shopify,direct_to_consumer,fulfilled,2025-03-14,2025-03-17,2025-03-14,PA2,FedEx,1,1,14.08,2.26,0.0,16.34,shipmonk_estimate,USD
140172,6493922066742,Cattasaurus - shoproxstore - Shopify,direct_to_consumer,fulfilled,2025-03-14,2025-03-16,2025-03-14,PA2,FedEx,1,1,13.85,2.26,0.0,16.11,shipmonk_estimate,USD
140175,6493943464246,Cattasaurus - shoproxstore - Shopify,direct_to_consumer,fulfilled,2025-03-14,2025-03-16,2025-03-14,PA2,FedEx,1,1,13.03,2.26,0.0,15.29,shipmonk_estimate,USD
140176,6493957914934,Cattasaurus - shoproxstore - Shopify,direct_to_consumer,fulfilled,2025-03-14,2025-03-17,2025-03-14,PA2,FedEx,1,1,19.47,2.26,0.0,21.73,shipmonk_estimate,USD
140179,6493973643574,Cattasaurus - shoproxstore - Shopify,direct_to_consumer,fulfilled,2025-03-14,2025-03-17,2025-03-14,PA2,FedEx,1,1,22.74,2.63,0.0,25.37,shipmonk_estimate,USD
140180,6493992157494,Cattasaurus - shoproxstore - Shopify,direct_to_consumer,fulfilled,2025-03-14,2025-03-17,2025-03-14,PA2,FedEx,1,1,16.71,4.11,0.0,20.82,shipmonk_estimate,USD
140181,6493994647862,Cattasaurus - shoproxstore - Shopify,direct_to_consumer,fulfilled,2025-03-14,2025-03-17,2025-03-14,PA2,FedEx,1,1,18.27,2.26,0.0,20.53,shipmonk_estimate,USD
140183,6494012866870,Cattasaurus - shoproxstore - Shopify,direct_to_consumer,fulfilled,2025-03-14,2025-03-17,2025-03-14,PA2,FedEx,6,1,21.0,4.11,0.0,25.11,shipmonk_estimate,USD
140184,6494013423926,Cattasaurus - shoproxstore - Shopify,direct_to_consumer,fulfilled,2025-03-14,2025-03-16,2025-03-14,PA2,FedEx,1,1,16.71,2.26,0.0,18.97,shipmonk_estimate,USD
140186,6494024466742,Cattasaurus - shoproxstore - Shopify,direct_to_consumer,fulfilled,2025-03-14,2025-03-18,2025-03-14,PA2,FedEx,1,2,57.14,4.89,0.0,62.03,shipmonk_estimate,USD
140187,6494055694646,Cattasaurus - shoproxstore - Shopify,direct_to_consumer,fulfilled,2025-03-14,2025-03-17,2025-03-14,PA2,FedEx,1,1,16.71,2.26,0.0,18.97,shipmonk_estimate,USD
140188,6494061658422,Cattasaurus - shoproxstore - Shopify,direct_to_consumer,fulfilled,2025-03-14,2025-03-17,2025-03-14,PA2,FedEx,1,1,16.73,2.26,0.0,18.99,shipmonk_estimate,USD
140189,6494087708982,Cattasaurus - shoproxstore - Shopify,direct_to_consumer,fulfilled,2025-03-14,2025-03-17,2025-03-14,PA2,UPS,1,1,20.37,3.74,0.0,24.11,shipmonk_estimate,USD
140190,6494090592566,Cattasaurus - shoproxstore - Shopify,direct_to_consumer,fulfilled,2025-03-14,2025-03-17,2025-03-14,PA2,FedEx,2,1,24.14,3.0,0.0,27.14,shipmonk_estimate,USD
140191,6494098391350,Cattasaurus - shoproxstore - Shopify,direct_to_consumer,fulfilled,2025-03-14,2025-03-17,2025-03-14,PA2,FedEx,2,1,16.73,2.63,0.0,19.36,shipmonk_estimate,USD
140193,6494108188982,Cattasaurus - shoproxstore - Shopify,direct_to_consumer,fulfilled,2025-03-14,2025-03-17,2025-03-14,PA2,FedEx,1,1,16.73,2.26,0.0,18.99,shipmonk_estimate,USD
140194,6494134927670,Cattasaurus - shoproxstore - Shopify,direct_to_consumer,fulfilled,2025-03-14,2025-03-17,2025-03-14,PA2,FedEx,1,1,13.85,2.26,0.0,16.11,shipmonk_estimate,USD
140195,6494143381814,Cattasaurus - shoproxstore - Shopify,direct_to_consumer,fulfilled,2025-03-14,2025-03-17,2025-03-14,PA2,FedEx,1,1,13.85,2.26,0.0,16.11,shipmonk_estimate,USD
140196,6494158324022,Cattasaurus - shoproxstore - Shopify,direct_to_consumer,fulfilled,2025-03-14,2025-03-17,2025-03-14,PA2,UPS,1,1,18.24,2.26,0.0,20.5,shipmonk_estimate,USD
140197,6494173856054,Cattasaurus - shoproxstore - Shopify,direct_to_consumer,fulfilled,2025-03-14,2025-03-17,2025-03-14,PA2,FedEx,1,1,19.47,2.63,0.0,22.1,shipmonk_estimate,USD
140199,6494205935926,Cattasaurus - shoproxstore - Shopify,direct_to_consumer,fulfilled,2025-03-14,2025-03-16,2025-03-14,PA2,FedEx,1,1,14.08,2.26,0.0,16.34,shipmonk_estimate,USD
140200,6494207902006,Cattasaurus - shoproxstore - Shopify,direct_to_consumer,fulfilled,2025-03-14,2025-03-17,2025-03-14,PA2,FedEx,1,1,16.71,2.26,0.0,18.97,shipmonk_estimate,USD
140201,6494218584374,Cattasaurus - shoproxstore - Shopify,direct_to_consumer,fulfilled,2025-03-14,2025-03-17,2025-03-14,PA2,FedEx,1,1,18.83,2.26,0.0,21.09,shipmonk_estimate,USD
140202,6494221271350,Cattasaurus - shoproxstore - Shopify,direct_to_consumer,fulfilled,2025-03-14,2025-03-16,2025-03-14,PA2,UPS,1,1,20.37,2.26,0.0,22.63,shipmonk_estimate,USD
140203,6494221959478,Cattasaurus - shoproxstore - Shopify,direct_to_consumer,fulfilled,2025-03-14,2025-03-17,2025-03-14,PA2,UPS,1,1,15.61,2.26,0.0,17.87,shipmonk_estimate,USD
140204,6494227071286,Cattasaurus - shoproxstore - Shopify,direct_to_consumer,fulfilled,2025-03-14,2025-03-18,2025-03-14,PA2,FedEx,1,1,13.03,2.26,0.0,15.29,shipmonk_estimate,USD
140204_1,0f1e77c6-21ca-437c-898a-7ba8650cbcbb,Cattasaurus - shoproxstore - Shopify,direct_to_consumer,fulfilled,2025-03-14,2025-03-17,2025-03-14,PA2,FedEx,1,1,13.03,2.26,0.0,15.29,shipmonk_estimate,USD
140205,6494240473398,Cattasaurus - shoproxstore - Shopify,direct_to_consumer,fulfilled,2025-03-14,2025-03-18,2025-03-14,PA2,UPS,1,1,24.1,2.26,0.0,26.36,shipmonk_estimate,USD
140206,6494240964918,Cattasaurus - shoproxstore - Shopify,direct_to_consumer,fulfilled,2025-03-14,2025-03-18,2025-03-14,PA2,FedEx,1,1,14.08,2.63,0.0,16.71,shipmonk_estimate,USD
140206_1,a84a1282-3f1d-43fb-bd34-8ad2758a96a3,Cattasaurus - shoproxstore - Shopify,direct_to_consumer,fulfilled,2025-03-14,2025-03-17,2025-03-14,PA2,FedEx,1,1,14.08,2.26,0.0,16.34,shipmonk_estimate,USD
140206_2,07be1704-b14a-4767-b492-186394195bcd,Cattasaurus - shoproxstore - Shopify,direct_to_consumer,fulfilled,2025-03-14,2025-03-17,2025-03-14,PA2,FedEx,1,1,14.08,2.26,0.0,16.34,shipmonk_estimate,USD
140207,6494266163510,Cattasaurus - shoproxstore - Shopify,direct_to_consumer,fulfilled,2025-03-14,2025-03-17,2025-03-14,PA2,FedEx,1,1,13.15,2.26,0.0,15.41,shipmonk_estimate,USD
140208,6494278910262,Cattasaurus - shoproxstore - Shopify,direct_to_consumer,fulfilled,2025-03-14,2025-03-17,2025-03-14,PA2,FedEx,2,1,13.85,3.0,0.0,16.85,shipmonk_estimate,USD
140209,6494281531702,Cattasaurus - shoproxstore - Shopify,direct_to_consumer,fulfilled,2025-03-14,2025-03-17,2025-03-14,PA2,UPS,2,1,18.24,3.0,0.0,21.24,shipmonk_estimate,USD
140210,6494315544886,Cattasaurus - shoproxstore - Shopify,direct_to_consumer,fulfilled,2025-03-14,2025-03-16,2025-03-14,PA2,UPS,1,1,15.61,2.26,0.0,17.87,shipmonk_estimate,USD
140213,6494361354550,Cattasaurus - shoproxstore - Shopify,direct_to_consumer,fulfilled,2025-03-14,2025-03-17,2025-03-14,PA2,FedEx,2,1,25.26,2.63,0.0,27.89,shipmonk_estimate,USD
140214,6494380851510,Cattasaurus - shoproxstore - Shopify,direct_to_consumer,fulfilled,2025-03-14,2025-03-17,2025-03-14,PA2,FedEx,1,1,16.71,2.26,0.0,18.97,shipmonk_estimate,USD
140215,6494393991478,Cattasaurus - shoproxstore - Shopify,direct_to_consumer,fulfilled,2025-03-14,2025-03-17,2025-03-14,PA2,FedEx,1,1,16.71,2.26,0.0,18.97,shipmonk_estimate,USD
140215_1,69bef4f8-af75-4cb9-aa1c-5eac82679cb3,Cattasaurus - shoproxstore - Shopify,direct_to_consumer,fulfilled,2025-03-14,2025-03-17,2025-03-14,PA2,FedEx,1,1,16.71,2.26,0.0,18.97,shipmonk_estimate,USD
140215_2,badb0b81-be1c-46f2-a68c-880859d08cb6,Cattasaurus - shoproxstore - Shopify,direct_to_consumer,fulfilled,2025-03-14,2025-03-17,2025-03-14,PA2,FedEx,1,1,16.71,2.26,0.0,18.97,shipmonk_estimate,USD
140217,6494412636470,Cattasaurus - shoproxstore - Shopify,direct_to_consumer,fulfilled,2025-03-14,2025-03-17,2025-03-14,NV3,FedEx,2,1,14.08,3.0,0.0,17.08,shipmonk_estimate,USD
140218,6494419484982,Cattasaurus - shoproxstore - Shopify,direct_to_consumer,fulfilled,2025-03-14,2025-03-16,2025-03-14,PA2,UPS,1,1,18.24,2.26,0.0,20.5,shipmonk_estimate,USD
140220,6494471127350,Cattasaurus - shoproxstore - Shopify,direct_to_consumer,fulfilled,2025-03-14,2025-03-17,2025-03-14,NV3,FedEx,1,1,14.08,2.63,0.0,16.71,shipmonk_estimate,USD
140221,6494475059510,Cattasaurus - shoproxstore - Shopify,direct_to_consumer,fulfilled,2025-03-14,2025-03-17,2025-03-14,PA2,FedEx,2,1,18.24,2.26,0.0,20.5,shipmonk_estimate,USD
140222,6494480138550,Cattasaurus - shoproxstore - Shopify,direct_to_consumer,fulfilled,2025-03-14,2025-03-17,2025-03-14,NV3,FedEx,1,1,16.71,2.63,0.0,19.34,shipmonk_estimate,USD
140223,6494500520246,Cattasaurus - shoproxstore - Shopify,direct_to_consumer,fulfilled,2025-03-14,2025-03-17,2025-03-14,PA2,FedEx,3,1,13.85,3.37,0.0,17.22,shipmonk_estimate,USD
140224,6494502584630,Cattasaurus - shoproxstore - Shopify,direct_to_consumer,fulfilled,2025-03-14,2025-03-17,2025-03-14,PA2,FedEx,2,1,18.27,2.63,0.0,20.9,shipmonk_estimate,USD
140227,6494514348342,Cattasaurus - shoproxstore - Shopify,direct_to_consumer,fulfilled,2025-03-14,2025-03-17,2025-03-14,PA2,FedEx,1,1,15.23,2.26,0.0,17.49,shipmonk_estimate,USD
140228,6494524309814,Cattasaurus - shoproxstore - Shopify,direct_to_consumer,fulfilled,2025-03-14,2025-03-17,2025-03-14,NV3,FedEx,1,1,16.71,2.63,0.0,19.34,shipmonk_estimate,USD
140229,6494549082422,Cattasaurus - shoproxstore - Shopify,direct_to_consumer,fulfilled,2025-03-14,2025-03-17,2025-03-14,PA2,FedEx,4,1,23.73,3.74,0.0,27.47,shipmonk_estimate,USD
140230,6494585651510,Cattasaurus - shoproxstore - Shopify,direct_to_consumer,fulfilled,2025-03-14,2025-03-16,2025-03-14,PA2,UPS,1,1,15.39,2.26,0.0,17.65,shipmonk_estimate,USD
140232,6494594957622,Cattasaurus - shoproxstore - Shopify,direct_to_consumer,fulfilled,2025-03-14,2025-03-17,2025-03-14,PA2,FedEx,1,1,21.0,2.26,0.0,23.26,shipmonk_estimate,USD
140234,6494606033206,Cattasaurus - shoproxstore - Shopify,direct_to_consumer,fulfilled,2025-03-14,2025-03-17,2025-03-14,PA2,UPS,1,1,15.61,2.26,0.0,17.87,shipmonk_estimate,USD
140236,6494616715574,Cattasaurus - shoproxstore - Shopify,direct_to_consumer,fulfilled,2025-03-14,2025-03-17,2025-03-14,PA2,UPS,2,1,15.66,2.63,0.0,18.29,shipmonk_estimate,USD
140238,6494638702902,Cattasaurus - shoproxstore - Shopify,direct_to_consumer,fulfilled,2025-03-14,2025-03-16,2025-03-14,PA2,UPS,1,1,15.39,2.26,0.0,17.65,shipmonk_estimate,USD
140239,6494671208758,Cattasaurus - shoproxstore - Shopify,direct_to_consumer,fulfilled,2025-03-14,2025-03-18,2025-03-14,PA2,FedEx,1,1,15.23,2.26,0.0,17.49,shipmonk_estimate,USD
140239_1,b5768cc4-233e-445e-85f3-68520f2ad863,Cattasaurus - shoproxstore - Shopify,direct_to_consumer,fulfilled,2025-03-14,2025-03-18,2025-03-14,PA2,FedEx,1,1,15.23,2.26,0.0,17.49,shipmonk_estimate,USD
140240,6494679564598,Cattasaurus - shoproxstore - Shopify,direct_to_consumer,fulfilled,2025-03-14,2025-03-17,2025-03-14,PA2,FedEx,1,1,16.71,2.26,0.0,18.97,shipmonk_estimate,USD
140241,6494682251574,Cattasaurus - shoproxstore - Shopify,direct_to_consumer,fulfilled,2025-03-14,2025-03-18,2025-03-14,PA2,FedEx,2,1,31.54,3.0,0.0,34.54,shipmonk_estimate,USD
140242,6494689526070,Cattasaurus - shoproxstore - Shopify,direct_to_consumer,fulfilled,2025-03-14,2025-03-16,2025-03-14,PA2,FedEx,1,1,28.69,2.26,0.0,30.95,shipmonk_estimate,USD
140243,6494689689910,Cattasaurus - shoproxstore - Shopify,direct_to_consumer,fulfilled,2025-03-14,2025-03-16,2025-03-14,PA2,UPS,1,1,15.61,2.26,0.0,17.87,shipmonk_estimate,USD
140244,6494702633270,Cattasaurus - shoproxstore - Shopify,direct_to_consumer,fulfilled,2025-03-14,2025-03-17,2025-03-14,PA2,FedEx,1,1,19.47,2.26,0.0,21.73,shipmonk_estimate,USD
140245,6494709743926,Cattasaurus - shoproxstore - Shopify,direct_to_consumer,fulfilled,2025-03-14,2025-03-17,2025-03-14,PA2,FedEx,1,1,19.47,2.26,0.0,21.73,shipmonk_estimate,USD
140246,6494714954038,Cattasaurus - shoproxstore - Shopify,direct_to_consumer,fulfilled,2025-03-14,2025-03-17,2025-03-14,PA2,FedEx,1,1,22.07,2.26,0.0,24.33,shipmonk_estimate,USD
140247,6494742839606,Cattasaurus - shoproxstore - Shopify,direct_to_consumer,fulfilled,2025-03-14,2025-03-16,2025-03-14,PA2,UPS,1,1,14.56,2.26,0.0,16.82,shipmonk_estimate,USD
140248,6494748475702,Cattasaurus - shoproxstore - Shopify,direct_to_consumer,fulfilled,2025-03-14,2025-03-17,2025-03-14,PA2,FedEx,1,1,21.0,2.26,0.0,23.26,shipmonk_estimate,USD
140250,6494808506678,Cattasaurus - shoproxstore - Shopify,direct_to_consumer,fulfilled,2025-03-14,2025-03-17,2025-03-14,PA2,UPS,1,1,18.24,2.26,0.0,20.5,shipmonk_estimate,USD
140251,6494814896438,Cattasaurus - shoproxstore - Shopify,direct_to_consumer,fulfilled,2025-03-14,2025-03-17,2025-03-14,PA2,FedEx,1,1,0.0,2.26,0.0,2.26,shipmonk_estimate,USD
140252,6494815650102,Cattasaurus - shoproxstore - Shopify,direct_to_consumer,fulfilled,2025-03-14,2025-03-17,2025-03-14,PA2,FedEx,2,1,18.27,2.63,0.0,20.9,shipmonk_estimate,USD
140253,6494831575350,Cattasaurus - shoproxstore - Shopify,direct_to_consumer,fulfilled,2025-03-14,2025-03-17,2025-03-14,PA2,FedEx,1,1,19.47,2.26,0.0,21.73,shipmonk_estimate,USD
140254,6494837506358,Cattasaurus - shoproxstore - Shopify,direct_to_consumer,fulfilled,2025-03-14,2025-03-17,2025-03-14,PA2,FedEx,2,1,15.23,2.63,0.0,17.86,shipmonk_estimate,USD
140255,6494872895798,Cattasaurus - shoproxstore - Shopify,direct_to_consumer,fulfilled,2025-03-14,2025-03-17,2025-03-14,PA2,UPS,1,1,18.24,2.26,0.0,20.5,shipmonk_estimate,USD
140256,6494933745974,Cattasaurus - shoproxstore - Shopify,direct_to_consumer,fulfilled,2025-03-14,2025-03-17,2025-03-14,PA2,FedEx,1,1,13.85,2.26,0.0,16.11,shipmonk_estimate,USD
111-2195064-0509839,111-2195064-0509839,Cattasaurus - Amazon USA,direct_to_consumer,fulfilled,2025-03-15,2025-03-16,2025-03-15,PA2,UPS,1,1,14.08,3.0,0.0,17.08,shipmonk_estimate,USD
112-2295276-4953031,112-2295276-4953031,Cattasaurus - Amazon USA,direct_to_consumer,fulfilled,2025-03-15,2025-03-16,2025-03-15,PA2,FedEx,1,1,24.14,2.63,0.0,26.77,shipmonk_estimate,USD
113-1638343-8028262,113-1638343-8028262,Cattasaurus - Amazon USA,direct_to_consumer,fulfilled,2025-03-15,2025-03-16,2025-03-15,PA2,FedEx,1,1,16.71,2.63,0.0,19.34,shipmonk_estimate,USD
140258,6495068848438,Cattasaurus - shoproxstore - Shopify,direct_to_consumer,fulfilled,2025-03-15,2025-03-17,2025-03-15,PA2,FedEx,1,1,21.0,2.26,0.0,23.26,shipmonk_estimate,USD
140259,6495071830326,Cattasaurus - shoproxstore - Shopify,direct_to_consumer,fulfilled,2025-03-15,2025-03-17,2025-03-15,PA2,UPS,1,1,20.37,2.26,0.0,22.63,shipmonk_estimate,USD
140261,6495130386742,Cattasaurus - shoproxstore - Shopify,direct_to_consumer,fulfilled,2025-03-15,2025-03-18,2025-03-15,PA2,FedEx,4,2,29.06,5.26,0.0,34.32,shipmonk_estimate,USD
140262,6495141495094,Cattasaurus - shoproxstore - Shopify,direct_to_consumer,fulfilled,2025-03-15,2025-03-17,2025-03-15,PA2,FedEx,1,1,16.73,2.26,0.0,18.99,shipmonk_estimate,USD
140263,6495145886006,Cattasaurus - shoproxstore - Shopify,direct_to_consumer,fulfilled,2025-03-15,2025-03-16,2025-03-15,PA2,FedEx,1,1,13.15,2.63,0.0,15.78,shipmonk_estimate,USD
140264,6495162663222,Cattasaurus - shoproxstore - Shopify,direct_to_consumer,fulfilled,2025-03-15,2025-03-17,2025-03-15,PA2,UPS,2,1,15.61,4.48,0.0,20.09,shipmonk_estimate,USD
140265,6495185797430,Cattasaurus - shoproxstore - Shopify,direct_to_consumer,fulfilled,2025-03-15,2025-03-17,2025-03-15,PA2,UPS,2,1,15.61,2.63,0.0,18.24,shipmonk_estimate,USD
140266,6495186747702,Cattasaurus - shoproxstore - Shopify,direct_to_consumer,fulfilled,2025-03-15,2025-03-17,2025-03-15,PA2,FedEx,1,1,14.08,2.26,0.0,16.34,shipmonk_estimate,USD
140267,6495204278582,Cattasaurus - shoproxstore - Shopify,direct_to_consumer,fulfilled,2025-03-15,2025-03-17,2025-03-15,PA2,FedEx,1,1,14.08,2.26,0.0,16.34,shipmonk_estimate,USD
140268,6495211127094,Cattasaurus - shoproxstore - Shopify,direct_to_consumer,fulfilled,2025-03-15,2025-03-17,2025-03-15,PA2,UPS,1,1,15.39,2.26,0.0,17.65,shipmonk_estimate,USD
140269,6495211815222,Cattasaurus - shoproxstore - Shopify,direct_to_consumer,fulfilled,2025-03-15,2025-03-17,2025-03-15,PA2,FedEx,1,1,14.08,2.26,0.0,16.34,shipmonk_estimate,USD
140270,6495226626358,Cattasaurus - shoproxstore - Shopify,direct_to_consumer,fulfilled,2025-03-15,2025-03-17,2025-03-15,PA2,FedEx,1,1,13.85,2.26,0.0,16.11,shipmonk_estimate,USD
140271,6495230492982,Cattasaurus - shoproxstore - Shopify,direct_to_consumer,fulfilled,2025-03-15,2025-03-17,2025-03-15,PA2,FedEx,1,1,16.77,2.26,0.0,19.03,shipmonk_estimate,USD
140272,6495247728950,Cattasaurus - shoproxstore - Shopify,direct_to_consumer,fulfilled,2025-03-15,2025-03-17,2025-03-15,PA2,FedEx,1,1,16.73,2.26,0.0,18.99,shipmonk_estimate,USD
140273,6495255494966,Cattasaurus - shoproxstore - Shopify,direct_to_consumer,fulfilled,2025-03-15,2025-03-17,2025-03-15,PA2,FedEx,1,1,13.03,2.26,0.0,15.29,shipmonk_estimate,USD
140274,6495259001142,Cattasaurus - shoproxstore - Shopify,direct_to_consumer,fulfilled,2025-03-15,2025-03-17,2025-03-15,PA2,FedEx,1,1,18.95,2.63,0.0,21.58,shipmonk_estimate,USD
140275,6495290065206,Cattasaurus - shoproxstore - Shopify,direct_to_consumer,fulfilled,2025-03-15,2025-03-17,2025-03-15,PA2,UPS,1,1,15.39,2.26,0.0,17.65,shipmonk_estimate,USD
140276,6495296356662,Cattasaurus - shoproxstore - Shopify,direct_to_consumer,fulfilled,2025-03-15,2025-03-17,2025-03-15,PA2,FedEx,1,1,16.73,2.26,0.0,18.99,shipmonk_estimate,USD
140277,6495329419574,Cattasaurus - shoproxstore - Shopify,direct_to_consumer,fulfilled,2025-03-15,2025-03-17,2025-03-15,PA2,FedEx,2,1,19.47,2.63,0.0,22.1,shipmonk_estimate,USD
140278,6495336071478,Cattasaurus - shoproxstore - Shopify,direct_to_consumer,fulfilled,2025-03-15,2025-03-17,2025-03-15,PA2,FedEx,1,1,19.47,2.26,0.0,21.73,shipmonk_estimate,USD
140279,6495342330166,Cattasaurus - shoproxstore - Shopify,direct_to_consumer,fulfilled,2025-03-15,2025-03-17,2025-03-15,PA2,UPS,1,1,16.77,2.26,0.0,19.03,shipmonk_estimate,USD
140282,6495389843766,Cattasaurus - shoproxstore - Shopify,direct_to_consumer,fulfilled,2025-03-15,2025-03-17,2025-03-15,PA2,FedEx,2,1,21.0,2.63,0.0,23.63,shipmonk_estimate,USD
140283,6495408980278,Cattasaurus - shoproxstore - Shopify,direct_to_consumer,fulfilled,2025-03-15,2025-03-17,2025-03-15,PA2,FedEx,1,1,16.71,2.26,0.0,18.97,shipmonk_estimate,USD
140284,6495412519222,Cattasaurus - shoproxstore - Shopify,direct_to_consumer,fulfilled,2025-03-15,2025-03-17,2025-03-15,PA2,FedEx,1,1,16.73,2.26,0.0,18.99,shipmonk_estimate,USD
140285,6495414255926,Cattasaurus - shoproxstore - Shopify,direct_to_consumer,fulfilled,2025-03-15,2025-03-17,2025-03-15,PA2,FedEx,1,1,16.71,2.26,0.0,18.97,shipmonk_estimate,USD
140286,6495416942902,Cattasaurus - shoproxstore - Shopify,direct_to_consumer,fulfilled,2025-03-15,2025-03-17,2025-03-15,PA2,FedEx,1,1,16.71,2.26,0.0,18.97,shipmonk_estimate,USD
140287,6495417893174,Cattasaurus - shoproxstore - Shopify,direct_to_consumer,fulfilled,2025-03-15,2025-03-17,2025-03-15,PA2,FedEx,1,1,16.73,2.26,0.0,18.99,shipmonk_estimate,USD
140288,6495421202742,Cattasaurus - shoproxstore - Shopify,direct_to_consumer,fulfilled,2025-03-15,2025-03-19,2025-03-15,PA2,DHL eCommerce,1,1,5.94,1.89,0.0,7.83,shipmonk_estimate,USD
140290,6495430574390,Cattasaurus - shoproxstore - Shopify,direct_to_consumer,fulfilled,2025-03-15,2025-03-17,2025-03-15,PA2,FedEx,1,1,16.73,2.26,0.0,18.99,shipmonk_estimate,USD
140292,6495438602550,Cattasaurus - shoproxstore - Shopify,direct_to_consumer,fulfilled,2025-03-15,2025-03-17,2025-03-15,PA2,FedEx,1,1,18.83,2.26,0.0,21.09,shipmonk_estimate,USD
140293,6495467405622,Cattasaurus - shoproxstore - Shopify,direct_to_consumer,fulfilled,2025-03-15,2025-03-17,2025-03-15,PA2,FedEx,1,1,19.47,2.26,0.0,21.73,shipmonk_estimate,USD
140297,6495482642742,Cattasaurus - shoproxstore - Shopify,direct_to_consumer,fulfilled,2025-03-15,2025-03-17,2025-03-15,PA2,FedEx,1,1,18.83,2.26,0.0,21.09,shipmonk_estimate,USD
140299,6495496634678,Cattasaurus - shoproxstore - Shopify,direct_to_consumer,fulfilled,2025-03-15,2025-03-17,2025-03-15,PA2,FedEx,1,1,22.07,3.74,0.0,25.81,shipmonk_estimate,USD
140300,6495498993974,Cattasaurus - shoproxstore - Shopify,direct_to_consumer,fulfilled,2025-03-15,2025-03-17,2025-03-15,PA2,FedEx,1,1,13.85,3.74,0.0,17.59,shipmonk_estimate,USD
140301,6495507644726,Cattasaurus - shoproxstore - Shopify,direct_to_consumer,fulfilled,2025-03-15,2025-03-18,2025-03-15,PA2,FedEx,2,1,21.0,3.0,0.0,24.0,shipmonk_estimate,USD
140302,6495510954294,Cattasaurus - shoproxstore - Shopify,direct_to_consumer,fulfilled,2025-03-15,2025-03-18,2025-03-15,PA2,FedEx,2,1,24.14,3.0,0.0,27.14,shipmonk_estimate,USD
140303,6495517933878,Cattasaurus - shoproxstore - Shopify,direct_to_consumer,fulfilled,2025-03-15,2025-03-18,2025-03-15,PA2,FedEx,2,1,12.54,4.11,0.0,16.65,shipmonk_estimate,USD
140304,6495520489782,Cattasaurus - shoproxstore - Shopify,direct_to_consumer,fulfilled,2025-03-15,2025-03-17,2025-03-15,PA2,FedEx,1,1,18.27,2.26,0.0,20.53,shipmonk_estimate,USD
140305,6495529763126,Cattasaurus - shoproxstore - Shopify,direct_to_consumer,fulfilled,2025-03-15,2025-03-17,2025-03-15,PA2,FedEx,1,1,14.08,2.63,0.0,16.71,shipmonk_estimate,USD
140306,6495546671414,Cattasaurus - shoproxstore - Shopify,direct_to_consumer,fulfilled,2025-03-15,2025-03-17,2025-03-15,PA2,FedEx,1,1,16.73,2.26,0.0,18.99,shipmonk_estimate,USD
140307,6495559090486,Cattasaurus - shoproxstore - Shopify,direct_to_consumer,fulfilled,2025-03-15,2025-03-18,2025-03-15,PA2,FedEx,1,1,19.3,3.0,0.0,22.3,shipmonk_estimate,USD
140309,6495606407478,Cattasaurus - shoproxstore - Shopify,direct_to_consumer,fulfilled,2025-03-15,2025-03-17,2025-03-15,PA2,FedEx,1,1,13.03,2.26,0.0,15.29,shipmonk_estimate,USD
140310,6495607783734,Cattasaurus - shoproxstore - Shopify,direct_to_consumer,fulfilled,2025-03-15,2025-03-18,2025-03-15,PA2,FedEx,1,1,23.73,2.26,0.0,25.99,shipmonk_estimate,USD
140312,6495611683126,Cattasaurus - shoproxstore - Shopify,direct_to_consumer,fulfilled,2025-03-15,2025-03-17,2025-03-15,PA2,DHL eCommerce,1,1,8.1,1.89,0.0,9.99,shipmonk_estimate,USD
140313,6495635407158,Cattasaurus - shoproxstore - Shopify,direct_to_consumer,fulfilled,2025-03-15,2025-03-17,2025-03-15,PA2,FedEx,1,1,13.15,2.26,0.0,15.41,shipmonk_estimate,USD
140314,6495637733686,Cattasaurus - shoproxstore - Shopify,direct_to_consumer,fulfilled,2025-03-15,2025-03-17,2025-03-15,PA2,FedEx,1,1,27.15,2.26,0.0,29.41,shipmonk_estimate,USD
140316,6495692816694,Cattasaurus - shoproxstore - Shopify,direct_to_consumer,fulfilled,2025-03-15,2025-03-17,2025-03-15,PA2,FedEx,1,1,16.73,2.26,0.0,18.99,shipmonk_estimate,USD
140317,6495697535286,Cattasaurus - shoproxstore - Shopify,direct_to_consumer,fulfilled,2025-03-15,2025-03-18,2025-03-15,PA2,UPS,1,1,20.37,2.26,0.0,22.63,shipmonk_estimate,USD
140318,6495726567734,Cattasaurus - shoproxstore - Shopify,direct_to_consumer,fulfilled,2025-03-15,2025-03-18,2025-03-15,PA2,FedEx,1,1,13.03,2.63,0.0,15.66,shipmonk_estimate,USD
140319,6495729025334,Cattasaurus - shoproxstore - Shopify,direct_to_consumer,fulfilled,2025-03-15,2025-03-18,2025-03-15,PA2,FedEx,1,1,14.08,2.26,0.0,16.34,shipmonk_estimate,USD
140320,6495730270518,Cattasaurus - shoproxstore - Shopify,direct_to_consumer,fulfilled,2025-03-15,2025-03-18,2025-03-15,PA2,FedEx,3,2,73.78,5.26,0.0,79.04,shipmonk_estimate,USD
140322,6495738822966,Cattasaurus - shoproxstore - Shopify,direct_to_consumer,fulfilled,2025-03-15,2025-03-17,2025-03-15,PA2,FedEx,1,1,21.0,2.26,0.0,23.26,shipmonk_estimate,USD
140323,6495741378870,Cattasaurus - shoproxstore - Shopify,direct_to_consumer,fulfilled,2025-03-15,2025-03-18,2025-03-15,PA2,FedEx,2,1,25.26,3.0,0.0,28.26,shipmonk_estimate,USD
140324,6495759401270,Cattasaurus - shoproxstore - Shopify,direct_to_consumer,fulfilled,2025-03-15,2025-03-17,2025-03-15,PA2,FedEx,1,1,13.85,3.74,0.0,17.59,shipmonk_estimate,USD
140325,6495779651894,Cattasaurus - shoproxstore - Shopify,direct_to_consumer,fulfilled,2025-03-15,2025-03-17,2025-03-15,PA2,FedEx,1,1,24.14,3.74,0.0,27.88,shipmonk_estimate,USD
140326,6495789318454,Cattasaurus - shoproxstore - Shopify,direct_to_consumer,fulfilled,2025-03-15,2025-03-17,2025-03-15,PA2,UPS,1,1,20.37,2.26,0.0,22.63,shipmonk_estimate,USD
140327,6495789449526,Cattasaurus - shoproxstore - Shopify,direct_to_consumer,fulfilled,2025-03-15,2025-03-17,2025-03-15,PA2,FedEx,1,1,14.08,2.26,0.0,16.34,shipmonk_estimate,USD
140328,6495794495798,Cattasaurus - shoproxstore - Shopify,direct_to_consumer,fulfilled,2025-03-15,2025-03-17,2025-03-15,PA2,FedEx,1,1,13.85,2.26,0.0,16.11,shipmonk_estimate,USD
140329,6495817466166,Cattasaurus - shoproxstore - Shopify,direct_to_consumer,fulfilled,2025-03-15,2025-03-18,2025-03-15,PA2,UPS,1,1,15.61,2.26,0.0,17.87,shipmonk_estimate,USD
140330,6495819858230,Cattasaurus - shoproxstore - Shopify,direct_to_consumer,fulfilled,2025-03-15,2025-03-17,2025-03-15,PA2,FedEx,1,1,13.15,2.26,0.0,15.41,shipmonk_estimate,USD
140331,6495824019766,Cattasaurus - shoproxstore - Shopify,direct_to_consumer,fulfilled,2025-03-15,2025-03-17,2025-03-15,PA2,FedEx,1,1,24.14,2.26,0.0,26.4,shipmonk_estimate,USD
140333,6495837159734,Cattasaurus - shoproxstore - Shopify,direct_to_consumer,fulfilled,2025-03-15,2025-03-18,2025-03-15,PA2,FedEx,1,1,16.71,2.63,0.0,19.34,shipmonk_estimate,USD
140334,6495846793526,Cattasaurus - shoproxstore - Shopify,direct_to_consumer,fulfilled,2025-03-15,2025-03-18,2025-03-15,PA2,UPS,2,1,14.56,3.0,0.0,17.56,shipmonk_estimate,USD
140335,6495854133558,Cattasaurus - shoproxstore - Shopify,direct_to_consumer,fulfilled,2025-03-15,2025-03-18,2025-03-15,PA2,FedEx,1,1,14.08,2.26,0.0,16.34,shipmonk_estimate,USD
140336,6495855116598,Cattasaurus - shoproxstore - Shopify,direct_to_consumer,fulfilled,2025-03-15,2025-03-18,2025-03-15,PA2,UPS,1,1,16.35,2.26,0.0,18.61,shipmonk_estimate,USD
140338,6495861866806,Cattasaurus - shoproxstore - Shopify,direct_to_consumer,fulfilled,2025-03-15,2025-03-18,2025-03-15,PA2,UPS,2,1,15.61,3.0,0.0,18.61,shipmonk_estimate,USD
140339,6495862522166,Cattasaurus - shoproxstore - Shopify,direct_to_consumer,fulfilled,2025-03-15,2025-03-17,2025-03-15,PA2,FedEx,1,1,18.83,2.26,0.0,21.09,shipmonk_estimate,USD
140341,6495868977462,Cattasaurus - shoproxstore - Shopify,direct_to_consumer,fulfilled,2025-03-15,2025-03-18,2025-03-15,PA2,UPS,1,1,15.39,2.26,0.0,17.65,shipmonk_estimate,USD
140342,6495896928566,Cattasaurus - shoproxstore - Shopify,direct_to_consumer,fulfilled,2025-03-15,2025-03-18,2025-03-15,PA2,UPS,2,1,15.39,3.0,0.0,18.39,shipmonk_estimate,USD
140343,6495917080886,Cattasaurus - shoproxstore - Shopify,direct_to_consumer,fulfilled,2025-03-15,2025-03-18,2025-03-15,PA2,FedEx,1,1,13.03,1.89,0.0,14.92,shipmonk_estimate,USD
140344,6495932186934,Cattasaurus - shoproxstore - Shopify,direct_to_consumer,fulfilled,2025-03-15,2025-03-17,2025-03-15,PA2,FedEx,1,1,13.85,2.26,0.0,16.11,shipmonk_estimate,USD
140345,6495932645686,Cattasaurus - shoproxstore - Shopify,direct_to_consumer,fulfilled,2025-03-15,2025-03-18,2025-03-15,PA2,UPS,1,1,15.61,1.89,0.0,17.5,shipmonk_estimate,USD
140346,6495934513462,Cattasaurus - shoproxstore - Shopify,direct_to_consumer,fulfilled,2025-03-15,2025-03-18,2025-03-15,PA2,UPS,1,1,20.37,2.63,0.0,23.0,shipmonk_estimate,USD
140348,6495965151542,Cattasaurus - shoproxstore - Shopify,direct_to_consumer,fulfilled,2025-03-15,2025-03-18,2025-03-15,PA2,FedEx,1,1,18.24,2.26,0.0,20.5,shipmonk_estimate,USD
140349,6495968035126,Cattasaurus - shoproxstore - Shopify,direct_to_consumer,fulfilled,2025-03-15,2025-03-17,2025-03-15,PA2,FedEx,1,1,18.83,2.26,0.0,21.09,shipmonk_estimate,USD
140350,6495978062134,Cattasaurus - shoproxstore - Shopify,direct_to_consumer,fulfilled,2025-03-15,2025-03-17,2025-03-15,PA2,FedEx,1,1,14.08,2.26,0.0,16.34,shipmonk_estimate,USD
140351,6495979372854,Cattasaurus - shoproxstore - Shopify,direct_to_consumer,fulfilled,2025-03-15,2025-03-18,2025-03-15,PA2,FedEx,1,1,14.08,2.26,0.0,16.34,shipmonk_estimate,USD
140352,6495980912950,Cattasaurus - shoproxstore - Shopify,direct_to_consumer,fulfilled,2025-03-15,2025-03-17,2025-03-15,PA2,FedEx,1,1,23.73,2.26,0.0,25.99,shipmonk_estimate,USD
140353,6495999328566,Cattasaurus - shoproxstore - Shopify,direct_to_consumer,fulfilled,2025-03-15,2025-03-18,2025-03-15,PA2,FedEx,1,1,16.71,4.11,0.0,20.82,shipmonk_estimate,USD
140354,6496001491254,Cattasaurus - shoproxstore - Shopify,direct_to_consumer,fulfilled,2025-03-15,2025-03-18,2025-03-15,PA2,FedEx,1,1,13.85,2.26,0.0,16.11,shipmonk_estimate,USD
140354_1,5f405e69-a3f4-4e7c-a587-e0f6119889a5,Cattasaurus - shoproxstore - Shopify,direct_to_consumer,fulfilled,2025-03-15,2025-03-18,2025-03-15,PA2,FedEx,1,1,13.85,2.26,0.0,16.11,shipmonk_estimate,USD
140354_2,fb09f1a2-ce25-4bff-8987-cb9887c3fb0f,Cattasaurus - shoproxstore - Shopify,direct_to_consumer,fulfilled,2025-03-15,2025-03-17,2025-03-15,PA2,UPS,1,1,13.85,2.26,0.0,16.11,shipmonk_estimate,USD
140355,6496003621174,Cattasaurus - shoproxstore - Shopify,direct_to_consumer,fulfilled,2025-03-15,2025-03-18,2025-03-15,PA2,UPS,1,1,15.61,2.26,0.0,17.87,shipmonk_estimate,USD
140356,6496016630070,Cattasaurus - shoproxstore - Shopify,direct_to_consumer,fulfilled,2025-03-15,2025-03-18,2025-03-15,PA2,FedEx,2,1,33.08,3.0,0.0,36.08,shipmonk_estimate,USD
140357,6496049332534,Cattasaurus - shoproxstore - Shopify,direct_to_consumer,fulfilled,2025-03-15,2025-03-17,2025-03-15,PA2,UPS,1,1,14.68,2.26,0.0,16.94,shipmonk_estimate,USD
140358,6496072663350,Cattasaurus - shoproxstore - Shopify,direct_to_consumer,fulfilled,2025-03-15,2025-03-18,2025-03-15,PA2,FedEx,1,1,14.08,2.26,0.0,16.34,shipmonk_estimate,USD
140359,6496077283638,Cattasaurus - shoproxstore - Shopify,direct_to_consumer,fulfilled,2025-03-15,2025-03-18,2025-03-15,PA2,FedEx,1,1,16.71,2.26,0.0,18.97,shipmonk_estimate,USD
140360,6496080658742,Cattasaurus - shoproxstore - Shopify,direct_to_consumer,fulfilled,2025-03-15,2025-03-17,2025-03-15,PA2,FedEx,1,1,16.73,2.26,0.0,18.99,shipmonk_estimate,USD
140362,6496092651830,Cattasaurus - shoproxstore - Shopify,direct_to_consumer,fulfilled,2025-03-15,2025-03-18,2025-03-15,PA2,UPS,1,1,18.24,2.26,0.0,20.5,shipmonk_estimate,USD
140363,6496101171510,Cattasaurus - shoproxstore - Shopify,direct_to_consumer,fulfilled,2025-03-15,2025-03-18,2025-03-15,PA2,FedEx,2,1,31.54,3.0,0.0,34.54,shipmonk_estimate,USD
140364,6496104939830,Cattasaurus - shoproxstore - Shopify,direct_to_consumer,fulfilled,2025-03-15,2025-03-18,2025-03-15,PA2,FedEx,1,1,18.83,2.26,0.0,21.09,shipmonk_estimate,USD
140365,6496156057910,Cattasaurus - shoproxstore - Shopify,direct_to_consumer,fulfilled,2025-03-15,2025-03-18,2025-03-15,PA2,FedEx,1,1,25.26,2.26,0.0,27.52,shipmonk_estimate,USD
140367,6496180568374,Cattasaurus - shoproxstore - Shopify,direct_to_consumer,fulfilled,2025-03-15,2025-03-18,2025-03-15,PA2,FedEx,1,1,16.71,2.26,0.0,18.97,shipmonk_estimate,USD
140368,6496185844022,Cattasaurus - shoproxstore - Shopify,direct_to_consumer,fulfilled,2025-03-15,2025-03-18,2025-03-15,PA2,UPS,2,1,15.61,3.0,0.0,18.61,shipmonk_estimate,USD
140369,6496187089206,Cattasaurus - shoproxstore - Shopify,direct_to_consumer,fulfilled,2025-03-15,2025-03-18,2025-03-15,PA2,FedEx,2,1,24.14,3.0,0.0,27.14,shipmonk_estimate,USD
140370,6496188629302,Cattasaurus - shoproxstore - Shopify,direct_to_consumer,fulfilled,2025-03-15,2025-03-18,2025-03-15,PA2,UPS,1,1,15.85,2.26,0.0,18.11,shipmonk_estimate,USD
140371,6496189350198,Cattasaurus - shoproxstore - Shopify,direct_to_consumer,fulfilled,2025-03-15,2025-03-18,2025-03-15,PA2,FedEx,2,1,21.0,3.0,0.0,24.0,shipmonk_estimate,USD
140372,6496204652854,Cattasaurus - shoproxstore - Shopify,direct_to_consumer,fulfilled,2025-03-15,2025-03-18,2025-03-15,PA2,FedEx,1,1,13.85,2.26,0.0,16.11,shipmonk_estimate,USD
140374,6496233586998,Cattasaurus - shoproxstore - Shopify,direct_to_consumer,fulfilled,2025-03-15,2025-03-18,2025-03-15,PA2,FedEx,1,1,16.71,2.63,0.0,19.34,shipmonk_estimate,USD
140376,6496247775542,Cattasaurus - shoproxstore - Shopify,direct_to_consumer,fulfilled,2025-03-15,2025-03-21,2025-03-15,PA2,FedEx,1,1,16.77,2.63,0.0,19.4,shipmonk_estimate,USD
140377,6496271270198,Cattasaurus - shoproxstore - Shopify,direct_to_consumer,fulfilled,2025-03-15,2025-03-18,2025-03-15,PA2,UPS,1,1,18.24,4.11,0.0,22.35,shipmonk_estimate,USD
140378,6496304333110,Cattasaurus - shoproxstore - Shopify,direct_to_consumer,fulfilled,2025-03-15,2025-03-17,2025-03-15,PA2,FedEx,1,1,19.47,2.26,0.0,21.73,shipmonk_estimate,USD
140379,6496307446070,Cattasaurus - shoproxstore - Shopify,direct_to_consumer,fulfilled,2025-03-15,2025-03-17,2025-03-15,PA2,FedEx,1,1,18.27,2.26,0.0,20.53,shipmonk_estimate,USD
140380,6496320258358,Cattasaurus - shoproxstore - Shopify,direct_to_consumer,fulfilled,2025-03-15,2025-03-19,2025-03-15,PA2,FedEx,1,1,18.83,2.26,0.0,21.09,shipmonk_estimate,USD
140381,6496361775414,Cattasaurus - shoproxstore - Shopify,direct_to_consumer,fulfilled,2025-03-15,2025-03-18,2025-03-15,PA2,FedEx,3,1,18.83,3.37,0.0,22.2,shipmonk_estimate,USD
140382,6496372588854,Cattasaurus - shoproxstore - Shopify,direct_to_consumer,fulfilled,2025-03-15,2025-03-18,2025-03-15,PA2,FedEx,1,1,13.03,4.11,0.0,17.14,shipmonk_estimate,USD
140383,6496422002998,Cattasaurus - shoproxstore - Shopify,direct_to_consumer,fulfilled,2025-03-15,2025-03-18,2025-03-15,PA2,FedEx,1,1,25.26,2.26,0.0,27.52,shipmonk_estimate,USD
140384,6496432816438,Cattasaurus - shoproxstore - Shopify,direct_to_consumer,fulfilled,2025-03-15,2025-03-17,2025-03-15,PA2,FedEx,1,1,19.47,2.26,0.0,21.73,shipmonk_estimate,USD
140385,6496444580150,Cattasaurus - shoproxstore - Shopify,direct_to_consumer,fulfilled,2025-03-15,2025-03-18,2025-03-15,PA2,FedEx,1,1,21.0,2.26,0.0,23.26,shipmonk_estimate,USD
140386,6496474366262,Cattasaurus - shoproxstore - Shopify,direct_to_consumer,fulfilled,2025-03-15,2025-03-18,2025-03-15,PA2,UPS,2,2,31.32,4.15,0.0,35.47,shipmonk_estimate,USD
140387,6496476365110,Cattasaurus - shoproxstore - Shopify,direct_to_consumer,fulfilled,2025-03-15,2025-03-17,2025-03-15,PA2,FedEx,1,1,16.73,2.26,0.0,18.99,shipmonk_estimate,USD
140390,6496551665974,Cattasaurus - shoproxstore - Shopify,direct_to_consumer,fulfilled,2025-03-15,2025-03-18,2025-03-15,PA2,FedEx,1,1,13.85,2.26,0.0,16.11,shipmonk_estimate,USD
140391,6496552059190,Cattasaurus - shoproxstore - Shopify,direct_to_consumer,fulfilled,2025-03-15,2025-03-21,2025-03-15,PA2,FedEx,1,1,23.73,2.63,0.0,26.36,shipmonk_estimate,USD
140391_1,8bcc39a5-d855-4612-a79f-6a69b5cd21f3,Cattasaurus - shoproxstore - Shopify,direct_to_consumer,fulfilled,2025-03-15,2025-07-07,2025-03-15,NV3,FedEx,1,1,20.77,2.5,0.0,23.27,shipmonk_estimate,USD
112-0213208-8663422,112-0213208-8663422,Cattasaurus - Amazon USA,direct_to_consumer,fulfilled,2025-03-16,2025-03-17,2025-03-16,PA2,FedEx,1,1,14.08,3.0,0.0,17.08,shipmonk_estimate,USD
113-8038466-7259448,113-8038466-7259448,Cattasaurus - Amazon USA,direct_to_consumer,fulfilled,2025-03-16,2025-03-17,2025-03-16,PA2,UPS,1,1,15.39,3.0,0.0,18.39,shipmonk_estimate,USD
114-2761288-1445835,114-2761288-1445835,Cattasaurus - Amazon USA,direct_to_consumer,fulfilled,2025-03-16,2025-03-16,2025-03-16,PA2,FedEx,1,1,13.03,2.63,0.0,15.66,shipmonk_estimate,USD
138508-01,2bd6ce7d-c8b4-4dc8-ba25-23d64a3f5111,Cattasaurus - shoproxstore - Shopify,direct_to_consumer,fulfilled,2025-03-16,2025-03-19,2025-03-16,PA2,FedEx,1,1,13.85,2.26,0.0,16.11,shipmonk_estimate,USD
140393,6496751026486,Cattasaurus - shoproxstore - Shopify,direct_to_consumer,fulfilled,2025-03-16,2025-03-17,2025-03-16,PA2,DHL eCommerce,2,1,6.68,2.26,0.5,9.44,shipmonk_estimate,USD
140394,6496822886710,Cattasaurus - shoproxstore - Shopify,direct_to_consumer,fulfilled,2025-03-16,2025-03-18,2025-03-16,PA2,FedEx,1,1,18.83,2.26,0.0,21.09,shipmonk_estimate,USD
140395,6496836780342,Cattasaurus - shoproxstore - Shopify,direct_to_consumer,fulfilled,2025-03-16,2025-03-18,2025-03-16,PA2,FedEx,1,1,13.85,2.26,0.0,16.11,shipmonk_estimate,USD
140396,6496846053686,Cattasaurus - shoproxstore - Shopify,direct_to_consumer,fulfilled,2025-03-16,2025-03-19,2025-03-16,PA2,FedEx,1,1,16.77,2.26,0.0,19.03,shipmonk_estimate,USD
140397,6496866763062,Cattasaurus - shoproxstore - Shopify,direct_to_consumer,fulfilled,2025-03-16,2025-03-18,2025-03-16,PA2,UPS,1,1,14.56,2.26,0.0,16.82,shipmonk_estimate,USD
140399,6496905429302,Cattasaurus - shoproxstore - Shopify,direct_to_consumer,fulfilled,2025-03-16,2025-03-18,2025-03-16,PA2,FedEx,1,1,13.03,2.26,0.0,15.29,shipmonk_estimate,USD
140400,6496911982902,Cattasaurus - shoproxstore - Shopify,direct_to_consumer,fulfilled,2025-03-16,2025-03-18,2025-03-16,PA2,FedEx,1,1,13.85,2.26,0.0,16.11,shipmonk_estimate,USD
140401,6496917586230,Cattasaurus - shoproxstore - Shopify,direct_to_consumer,fulfilled,2025-03-16,2025-03-19,2025-03-16,PA2,UPS,2,1,15.23,3.0,0.0,18.23,shipmonk_estimate,USD
140402,6496921747766,Cattasaurus - shoproxstore - Shopify,direct_to_consumer,fulfilled,2025-03-16,2025-03-18,2025-03-16,PA2,FedEx,1,1,16.73,2.26,0.0,18.99,shipmonk_estimate,USD
140403,6496928891190,Cattasaurus - shoproxstore - Shopify,direct_to_consumer,fulfilled,2025-03-16,2025-03-19,2025-03-16,PA2,FedEx,1,1,21.0,2.63,0.0,23.63,shipmonk_estimate,USD
140405,6496942981430,Cattasaurus - shoproxstore - Shopify,direct_to_consumer,fulfilled,2025-03-16,2025-03-18,2025-03-16,PA2,FedEx,1,1,19.47,2.26,0.0,21.73,shipmonk_estimate,USD
140406,6496945045814,Cattasaurus - shoproxstore - Shopify,direct_to_consumer,fulfilled,2025-03-16,2025-03-19,2025-03-16,PA2,UPS,1,1,18.24,2.63,0.0,20.87,shipmonk_estimate,USD
140407,6496962740534,Cattasaurus - shoproxstore - Shopify,direct_to_consumer,fulfilled,2025-03-16,2025-03-18,2025-03-16,PA2,UPS,1,1,18.24,2.26,0.0,20.5,shipmonk_estimate,USD
140408,6496967688502,Cattasaurus - shoproxstore - Shopify,direct_to_consumer,fulfilled,2025-03-16,2025-03-18,2025-03-16,PA2,FedEx,1,1,14.08,2.26,0.0,16.34,shipmonk_estimate,USD
140409,6496968933686,Cattasaurus - shoproxstore - Shopify,direct_to_consumer,fulfilled,2025-03-16,2025-03-19,2025-03-16,PA2,FedEx,2,1,19.45,3.0,0.0,22.45,shipmonk_estimate,USD
140410,6496969490742,Cattasaurus - shoproxstore - Shopify,direct_to_consumer,fulfilled,2025-03-16,2025-03-18,2025-03-16,PA2,FedEx,1,1,13.15,2.26,0.0,15.41,shipmonk_estimate,USD
140411,6496974111030,Cattasaurus - shoproxstore - Shopify,direct_to_consumer,fulfilled,2025-03-16,2025-03-18,2025-03-16,PA2,FedEx,1,1,18.83,2.26,0.0,21.09,shipmonk_estimate,USD
140412,6496983253302,Cattasaurus - shoproxstore - Shopify,direct_to_consumer,fulfilled,2025-03-16,2025-03-19,2025-03-16,PA2,FedEx,1,1,16.73,2.26,0.0,18.99,shipmonk_estimate,USD
140413,6496989970742,Cattasaurus - shoproxstore - Shopify,direct_to_consumer,fulfilled,2025-03-16,2025-03-18,2025-03-16,PA2,FedEx,1,1,13.85,2.26,0.0,16.11,shipmonk_estimate,USD
140414,6496993804598,Cattasaurus - shoproxstore - Shopify,direct_to_consumer,fulfilled,2025-03-16,2025-03-18,2025-03-16,PA2,UPS,1,1,15.61,2.26,0.0,17.87,shipmonk_estimate,USD
140415,6496994165046,Cattasaurus - shoproxstore - Shopify,direct_to_consumer,fulfilled,2025-03-16,2025-03-18,2025-03-16,PA2,FedEx,1,1,19.47,2.26,0.0,21.73,shipmonk_estimate,USD
140416,6497002455350,Cattasaurus - shoproxstore - Shopify,direct_to_consumer,fulfilled,2025-03-16,2025-03-19,2025-03-16,PA2,FedEx,1,1,16.71,4.11,0.0,20.82,shipmonk_estimate,USD
140417,6497004355894,Cattasaurus - shoproxstore - Shopify,direct_to_consumer,fulfilled,2025-03-16,2025-03-18,2025-03-16,PA2,UPS,1,1,20.37,2.26,0.0,22.63,shipmonk_estimate,USD
140418,6497011695926,Cattasaurus - shoproxstore - Shopify,direct_to_consumer,fulfilled,2025-03-16,2025-03-19,2025-03-16,PA2,FedEx,1,1,14.68,2.26,0.0,16.94,shipmonk_estimate,USD
140419,6497021559094,Cattasaurus - shoproxstore - Shopify,direct_to_consumer,fulfilled,2025-03-16,2025-03-19,2025-03-16,PA2,UPS,1,1,14.56,2.63,0.0,17.19,shipmonk_estimate,USD
140420,6497023263030,Cattasaurus - shoproxstore - Shopify,direct_to_consumer,fulfilled,2025-03-16,2025-03-19,2025-03-16,PA2,FedEx,1,1,16.71,2.63,0.0,19.34,shipmonk_estimate,USD
140421,6497026670902,Cattasaurus - shoproxstore - Shopify,direct_to_consumer,fulfilled,2025-03-16,2025-03-19,2025-03-16,PA2,UPS,1,1,18.24,2.63,0.0,20.87,shipmonk_estimate,USD
140422,6497034436918,Cattasaurus - shoproxstore - Shopify,direct_to_consumer,fulfilled,2025-03-16,2025-03-21,2025-03-16,PA2,FedEx,1,1,19.47,2.26,0.0,21.73,shipmonk_estimate,USD
140423,6497035321654,Cattasaurus - shoproxstore - Shopify,direct_to_consumer,fulfilled,2025-03-16,2025-03-18,2025-03-16,PA2,FedEx,1,1,16.71,2.26,0.0,18.97,shipmonk_estimate,USD
140424,6497037844790,Cattasaurus - shoproxstore - Shopify,direct_to_consumer,fulfilled,2025-03-16,2025-03-18,2025-03-16,PA2,FedEx,2,1,17.17,3.0,0.0,20.17,shipmonk_estimate,USD
140425,6497039745334,Cattasaurus - shoproxstore - Shopify,direct_to_consumer,fulfilled,2025-03-16,2025-03-19,2025-03-16,PA2,UPS,1,1,18.24,2.63,0.0,20.87,shipmonk_estimate,USD
140426,6497041449270,Cattasaurus - shoproxstore - Shopify,direct_to_consumer,fulfilled,2025-03-16,2025-03-19,2025-03-16,PA2,UPS,1,1,15.61,4.11,0.0,19.72,shipmonk_estimate,USD
140427,6497051803958,Cattasaurus - shoproxstore - Shopify,direct_to_consumer,fulfilled,2025-03-16,2025-03-18,2025-03-16,PA2,FedEx,1,1,19.47,2.26,0.0,21.73,shipmonk_estimate,USD
140428,6497057964342,Cattasaurus - shoproxstore - Shopify,direct_to_consumer,fulfilled,2025-03-16,2025-03-18,2025-03-16,PA2,FedEx,1,1,16.73,2.63,0.0,19.36,shipmonk_estimate,USD
140429,6497063665974,Cattasaurus - shoproxstore - Shopify,direct_to_consumer,fulfilled,2025-03-16,2025-03-19,2025-03-16,PA2,FedEx,2,1,31.54,3.0,0.0,34.54,shipmonk_estimate,USD
140431,6497076838710,Cattasaurus - shoproxstore - Shopify,direct_to_consumer,fulfilled,2025-03-16,2025-03-19,2025-03-16,PA2,FedEx,1,1,16.71,2.63,0.0,19.34,shipmonk_estimate,USD
140433,6497090634038,Cattasaurus - shoproxstore - Shopify,direct_to_consumer,fulfilled,2025-03-16,2025-03-19,2025-03-16,PA2,FedEx,2,1,13.85,3.0,0.0,16.85,shipmonk_estimate,USD
140434,6497091617078,Cattasaurus - shoproxstore - Shopify,direct_to_consumer,fulfilled,2025-03-16,2025-03-18,2025-03-16,PA2,UPS,1,1,14.68,2.26,0.0,16.94,shipmonk_estimate,USD
140435,6497092370742,Cattasaurus - shoproxstore - Shopify,direct_to_consumer,fulfilled,2025-03-16,2025-03-18,2025-03-16,PA2,UPS,1,1,18.24,2.26,0.0,20.5,shipmonk_estimate,USD
140436,6497099055414,Cattasaurus - shoproxstore - Shopify,direct_to_consumer,fulfilled,2025-03-16,2025-03-18,2025-03-16,PA2,FedEx,1,1,13.03,2.26,0.0,15.29,shipmonk_estimate,USD
140438,6497138606390,Cattasaurus - shoproxstore - Shopify,direct_to_consumer,fulfilled,2025-03-16,2025-03-18,2025-03-16,PA2,FedEx,1,1,16.73,2.26,0.0,18.99,shipmonk_estimate,USD
140439,6497140015414,Cattasaurus - shoproxstore - Shopify,direct_to_consumer,fulfilled,2025-03-16,2025-03-19,2025-03-16,PA2,FedEx,1,1,16.71,2.26,0.0,18.97,shipmonk_estimate,USD
140441,6497166852406,Cattasaurus - shoproxstore - Shopify,direct_to_consumer,fulfilled,2025-03-16,2025-03-19,2025-03-16,PA2,FedEx,2,1,17.17,3.0,0.0,20.17,shipmonk_estimate,USD
140442,6497184809270,Cattasaurus - shoproxstore - Shopify,direct_to_consumer,fulfilled,2025-03-16,2025-03-19,2025-03-16,PA2,FedEx,2,1,16.73,3.0,0.0,19.73,shipmonk_estimate,USD
140443,6497185759542,Cattasaurus - shoproxstore - Shopify,direct_to_consumer,fulfilled,2025-03-16,2025-03-19,2025-03-16,PA2,FedEx,1,1,13.03,2.63,0.0,15.66,shipmonk_estimate,USD
140444,6497186119990,Cattasaurus - shoproxstore - Shopify,direct_to_consumer,fulfilled,2025-03-16,2025-03-19,2025-03-16,PA2,FedEx,1,1,21.0,2.26,0.0,23.26,shipmonk_estimate,USD
140445,6497195950390,Cattasaurus - shoproxstore - Shopify,direct_to_consumer,fulfilled,2025-03-16,2025-03-19,2025-03-16,PA2,UPS,2,1,18.24,3.0,0.0,21.24,shipmonk_estimate,USD
140446,6497196146998,Cattasaurus - shoproxstore - Shopify,direct_to_consumer,fulfilled,2025-03-16,2025-03-19,2025-03-16,PA2,FedEx,2,1,16.71,3.0,0.0,19.71,shipmonk_estimate,USD
140448,6497220821302,Cattasaurus - shoproxstore - Shopify,direct_to_consumer,fulfilled,2025-03-16,2025-03-19,2025-03-16,PA2,FedEx,2,1,19.47,3.0,0.0,22.47,shipmonk_estimate,USD
140449,6497223147830,Cattasaurus - shoproxstore - Shopify,direct_to_consumer,fulfilled,2025-03-16,2025-03-18,2025-03-16,PA2,FedEx,1,1,16.73,2.26,0.0,18.99,shipmonk_estimate,USD
140453,6497245266230,Cattasaurus - shoproxstore - Shopify,direct_to_consumer,fulfilled,2025-03-16,2025-03-18,2025-03-16,PA2,UPS,1,1,18.24,2.26,0.0,20.5,shipmonk_estimate,USD
140454,6497246380342,Cattasaurus - shoproxstore - Shopify,direct_to_consumer,fulfilled,2025-03-16,2025-03-18,2025-03-16,PA2,FedEx,1,1,18.83,2.26,0.0,21.09,shipmonk_estimate,USD
140455,6497252573494,Cattasaurus - shoproxstore - Shopify,direct_to_consumer,fulfilled,2025-03-16,2025-03-19,2025-03-16,PA2,FedEx,1,1,17.94,2.63,0.0,20.57,shipmonk_estimate,USD
140456,6497270464822,Cattasaurus - shoproxstore - Shopify,direct_to_consumer,fulfilled,2025-03-16,2025-03-19,2025-03-16,PA2,FedEx,1,1,18.83,4.11,0.0,22.94,shipmonk_estimate,USD
140457,6497272856886,Cattasaurus - shoproxstore - Shopify,direct_to_consumer,fulfilled,2025-03-16,2025-03-19,2025-03-16,PA2,FedEx,1,1,16.71,2.63,0.0,19.34,shipmonk_estimate,USD
140458,6497274462518,Cattasaurus - shoproxstore - Shopify,direct_to_consumer,fulfilled,2025-03-16,2025-03-18,2025-03-16,PA2,FedEx,1,1,21.0,2.26,0.0,23.26,shipmonk_estimate,USD
140460,6497290486070,Cattasaurus - shoproxstore - Shopify,direct_to_consumer,fulfilled,2025-03-16,2025-03-19,2025-03-16,PA2,FedEx,1,1,12.54,2.63,0.0,15.17,shipmonk_estimate,USD
140461,6497296351542,Cattasaurus - shoproxstore - Shopify,direct_to_consumer,fulfilled,2025-03-16,2025-03-18,2025-03-16,PA2,FedEx,1,1,13.15,2.26,0.0,15.41,shipmonk_estimate,USD
140462,6497319223606,Cattasaurus - shoproxstore - Shopify,direct_to_consumer,fulfilled,2025-03-16,2025-03-18,2025-03-16,PA2,FedEx,1,1,16.71,2.26,0.0,18.97,shipmonk_estimate,USD
140464,6497369719094,Cattasaurus - shoproxstore - Shopify,direct_to_consumer,fulfilled,2025-03-16,2025-03-19,2025-03-16,PA2,UPS,1,1,15.61,2.26,0.0,17.87,shipmonk_estimate,USD
140465,6497375158582,Cattasaurus - shoproxstore - Shopify,direct_to_consumer,fulfilled,2025-03-16,2025-03-19,2025-03-16,PA2,FedEx,1,1,19.47,2.63,0.0,22.1,shipmonk_estimate,USD
140466,6497387020598,Cattasaurus - shoproxstore - Shopify,direct_to_consumer,fulfilled,2025-03-16,2025-07-15,2025-03-16,PA2,FedEx,1,1,30.89,7.5,0.0,38.39,shipmonk_estimate,USD
140468,6497394557238,Cattasaurus - shoproxstore - Shopify,direct_to_consumer,fulfilled,2025-03-16,2025-03-19,2025-03-16,PA2,UPS,2,1,21.0,3.0,0.0,24.0,shipmonk_estimate,USD
140470,6497415987510,Cattasaurus - shoproxstore - Shopify,direct_to_consumer,fulfilled,2025-03-16,2025-03-18,2025-03-16,PA2,UPS,1,1,15.61,2.26,0.0,17.87,shipmonk_estimate,USD
140471,6497419690294,Cattasaurus - shoproxstore - Shopify,direct_to_consumer,fulfilled,2025-03-16,2025-03-19,2025-03-16,PA2,FedEx,1,1,18.83,2.26,0.0,21.09,shipmonk_estimate,USD
140474,6497430274358,Cattasaurus - shoproxstore - Shopify,direct_to_consumer,fulfilled,2025-03-16,2025-03-19,2025-03-16,PA2,UPS,1,1,14.08,2.63,0.0,16.71,shipmonk_estimate,USD
140475,6497440006454,Cattasaurus - shoproxstore - Shopify,direct_to_consumer,fulfilled,2025-03-16,2025-03-18,2025-03-16,PA2,UPS,1,1,15.61,2.26,0.0,17.87,shipmonk_estimate,USD
140477,6497456718134,Cattasaurus - shoproxstore - Shopify,direct_to_consumer,fulfilled,2025-03-16,2025-03-18,2025-03-16,PA2,FedEx,1,1,21.0,2.26,0.0,23.26,shipmonk_estimate,USD
140478,6497467433270,Cattasaurus - shoproxstore - Shopify,direct_to_consumer,fulfilled,2025-03-16,2025-03-18,2025-03-16,PA2,FedEx,1,1,14.08,1.89,0.0,15.97,shipmonk_estimate,USD
140479,6497476280630,Cattasaurus - shoproxstore - Shopify,direct_to_consumer,fulfilled,2025-03-16,2025-03-22,2025-03-16,PA2,FedEx,1,1,18.83,2.63,0.0,21.46,shipmonk_estimate,USD
140481,6497482998070,Cattasaurus - shoproxstore - Shopify,direct_to_consumer,fulfilled,2025-03-16,2025-03-19,2025-03-16,PA2,FedEx,1,1,16.71,2.26,0.0,18.97,shipmonk_estimate,USD
140482,6497483063606,Cattasaurus - shoproxstore - Shopify,direct_to_consumer,fulfilled,2025-03-16,2025-03-18,2025-03-16,PA2,FedEx,1,1,13.03,2.26,0.0,15.29,shipmonk_estimate,USD
140483,6497513308470,Cattasaurus - shoproxstore - Shopify,direct_to_consumer,fulfilled,2025-03-16,2025-03-19,2025-03-16,PA2,UPS,1,1,20.37,4.11,0.0,24.48,shipmonk_estimate,USD
140484,6497514914102,Cattasaurus - shoproxstore - Shopify,direct_to_consumer,fulfilled,2025-03-16,2025-03-19,2025-03-16,PA2,UPS,1,1,15.61,2.26,0.0,17.87,shipmonk_estimate,USD
140485,6497519501622,Cattasaurus - shoproxstore - Shopify,direct_to_consumer,fulfilled,2025-03-16,2025-03-19,2025-03-16,PA2,FedEx,1,1,13.85,4.11,0.0,17.96,shipmonk_estimate,USD
140486,6497526153526,Cattasaurus - shoproxstore - Shopify,direct_to_consumer,fulfilled,2025-03-16,2025-03-19,2025-03-16,PA2,FedEx,1,1,19.47,2.63,0.0,22.1,shipmonk_estimate,USD
140487,6497533559094,Cattasaurus - shoproxstore - Shopify,direct_to_consumer,fulfilled,2025-03-16,2025-03-19,2025-03-16,PA2,FedEx,1,1,18.83,4.11,0.0,22.94,shipmonk_estimate,USD
140488,6497536672054,Cattasaurus - shoproxstore - Shopify,direct_to_consumer,fulfilled,2025-03-16,2025-03-19,2025-03-16,PA2,FedEx,1,1,15.23,3.0,0.0,18.23,shipmonk_estimate,USD
140489,6497538015542,Cattasaurus - shoproxstore - Shopify,direct_to_consumer,fulfilled,2025-03-16,2025-03-19,2025-03-16,PA2,FedEx,1,1,19.47,2.63,0.0,22.1,shipmonk_estimate,USD
140490,6497548108086,Cattasaurus - shoproxstore - Shopify,direct_to_consumer,fulfilled,2025-03-16,2025-03-18,2025-03-16,PA2,FedEx,1,1,13.85,2.26,0.0,16.11,shipmonk_estimate,USD
140493,6497555448118,Cattasaurus - shoproxstore - Shopify,direct_to_consumer,fulfilled,2025-03-16,2025-03-19,2025-03-16,PA2,FedEx,1,1,17.91,3.0,0.0,20.91,shipmonk_estimate,USD
140494,6497558593846,Cattasaurus - shoproxstore - Shopify,direct_to_consumer,fulfilled,2025-03-16,2025-03-18,2025-03-16,PA2,FedEx,1,1,16.71,2.26,0.0,18.97,shipmonk_estimate,USD
140495,6497558626614,Cattasaurus - shoproxstore - Shopify,direct_to_consumer,fulfilled,2025-03-16,2025-03-19,2025-03-16,PA2,UPS,1,1,15.61,4.11,0.0,19.72,shipmonk_estimate,USD
140496,6497559183670,Cattasaurus - shoproxstore - Shopify,direct_to_consumer,fulfilled,2025-03-16,2025-03-19,2025-03-16,PA2,FedEx,1,1,21.0,2.26,0.0,23.26,shipmonk_estimate,USD
140497,6497568981302,Cattasaurus - shoproxstore - Shopify,direct_to_consumer,fulfilled,2025-03-16,2025-03-18,2025-03-16,PA2,UPS,2,1,15.61,2.26,0.0,17.87,shipmonk_estimate,USD
140500,6497585791286,Cattasaurus - shoproxstore - Shopify,direct_to_consumer,fulfilled,2025-03-16,2025-03-19,2025-03-16,PA2,FedEx,1,1,15.23,2.63,0.0,17.86,shipmonk_estimate,USD
140501,6497605878070,Cattasaurus - shoproxstore - Shopify,direct_to_consumer,fulfilled,2025-03-16,2025-03-19,2025-03-16,PA2,FedEx,1,1,13.85,2.26,0.0,16.11,shipmonk_estimate,USD
140501_1,87e934b6-1a47-4740-928d-ce599de12c3a,Cattasaurus - shoproxstore - Shopify,direct_to_consumer,fulfilled,2025-03-16,2025-03-19,2025-03-16,PA2,FedEx,1,1,13.85,2.26,0.0,16.11,shipmonk_estimate,USD
140502,6497606271286,Cattasaurus - shoproxstore - Shopify,direct_to_consumer,fulfilled,2025-03-16,2025-03-19,2025-03-16,PA2,UPS,1,1,15.23,2.63,0.0,17.86,shipmonk_estimate,USD
140503,6497610367286,Cattasaurus - shoproxstore - Shopify,direct_to_consumer,fulfilled,2025-03-16,2025-03-19,2025-03-16,PA2,FedEx,1,1,21.0,2.63,0.0,23.63,shipmonk_estimate,USD
140505,6497642316086,Cattasaurus - shoproxstore - Shopify,direct_to_consumer,fulfilled,2025-03-16,2025-03-19,2025-03-16,PA2,UPS,1,1,14.68,2.26,0.0,16.94,shipmonk_estimate,USD
140506,6497646739766,Cattasaurus - shoproxstore - Shopify,direct_to_consumer,fulfilled,2025-03-16,2025-03-19,2025-03-16,PA2,FedEx,1,1,13.15,2.26,0.0,15.41,shipmonk_estimate,USD
140509,6497660305718,Cattasaurus - shoproxstore - Shopify,direct_to_consumer,fulfilled,2025-03-16,2025-03-19,2025-03-16,PA2,FedEx,1,1,18.83,2.26,0.0,21.09,shipmonk_estimate,USD
140511,6497686290742,Cattasaurus - shoproxstore - Shopify,direct_to_consumer,fulfilled,2025-03-16,2025-03-19,2025-03-16,PA2,FedEx,1,1,18.27,2.26,0.0,20.53,shipmonk_estimate,USD
140512,6497687765302,Cattasaurus - shoproxstore - Shopify,direct_to_consumer,fulfilled,2025-03-16,2025-03-19,2025-03-16,PA2,FedEx,2,1,15.23,3.0,0.0,18.23,shipmonk_estimate,USD
140514,6497698349366,Cattasaurus - shoproxstore - Shopify,direct_to_consumer,fulfilled,2025-03-16,2025-03-19,2025-03-16,PA2,FedEx,1,1,21.0,2.26,0.0,23.26,shipmonk_estimate,USD
140515,6497720402230,Cattasaurus - shoproxstore - Shopify,direct_to_consumer,fulfilled,2025-03-16,2025-03-19,2025-03-16,PA2,UPS,1,1,15.61,2.26,0.0,17.87,shipmonk_estimate,USD
140516,6497721614646,Cattasaurus - shoproxstore - Shopify,direct_to_consumer,fulfilled,2025-03-16,2025-03-18,2025-03-16,NV3,FedEx,1,1,19.47,2.26,0.0,21.73,shipmonk_estimate,USD
140517,6497724563766,Cattasaurus - shoproxstore - Shopify,direct_to_consumer,fulfilled,2025-03-16,2025-03-19,2025-03-16,PA2,FedEx,1,1,14.08,1.89,0.0,15.97,shipmonk_estimate,USD
140518,6497728463158,Cattasaurus - shoproxstore - Shopify,direct_to_consumer,fulfilled,2025-03-16,2025-03-19,2025-03-16,PA2,FedEx,1,1,13.85,2.26,0.0,16.11,shipmonk_estimate,USD
140519,6497731019062,Cattasaurus - shoproxstore - Shopify,direct_to_consumer,fulfilled,2025-03-16,2025-03-19,2025-03-16,PA2,FedEx,1,1,21.0,2.26,0.0,23.26,shipmonk_estimate,USD
140519_1,9b565187-3bcb-472f-8996-e408a0b5312b,Cattasaurus - shoproxstore - Shopify,direct_to_consumer,fulfilled,2025-03-16,2025-03-19,2025-03-16,PA2,FedEx,1,1,21.0,2.26,0.0,23.26,shipmonk_estimate,USD
140520,6497744453942,Cattasaurus - shoproxstore - Shopify,direct_to_consumer,fulfilled,2025-03-16,2025-03-18,2025-03-16,PA2,FedEx,1,1,16.71,2.26,0.0,18.97,shipmonk_estimate,USD
140522,6497758904630,Cattasaurus - shoproxstore - Shopify,direct_to_consumer,fulfilled,2025-03-16,2025-03-19,2025-03-16,PA2,FedEx,2,1,13.85,3.0,0.0,16.85,shipmonk_estimate,USD
140523,6497778827574,Cattasaurus - shoproxstore - Shopify,direct_to_consumer,fulfilled,2025-03-16,2025-03-18,2025-03-16,PA2,FedEx,1,1,13.03,2.26,0.0,15.29,shipmonk_estimate,USD
140525,6497800945974,Cattasaurus - shoproxstore - Shopify,direct_to_consumer,fulfilled,2025-03-16,2025-03-19,2025-03-16,PA2,FedEx,1,1,16.73,2.63,0.0,19.36,shipmonk_estimate,USD
140526,6497806385462,Cattasaurus - shoproxstore - Shopify,direct_to_consumer,fulfilled,2025-03-16,2025-03-18,2025-03-16,PA2,UPS,1,1,18.24,2.26,0.0,20.5,shipmonk_estimate,USD
140528,6497820311862,Cattasaurus - shoproxstore - Shopify,direct_to_consumer,fulfilled,2025-03-16,2025-03-19,2025-03-16,PA2,FedEx,1,1,19.47,2.26,0.0,21.73,shipmonk_estimate,USD
140529,6497824768310,Cattasaurus - shoproxstore - Shopify,direct_to_consumer,fulfilled,2025-03-16,2025-03-20,2025-03-16,PA2,FedEx,2,1,16.73,3.0,0.0,19.73,shipmonk_estimate,USD
140530,6497825292598,Cattasaurus - shoproxstore - Shopify,direct_to_consumer,fulfilled,2025-03-16,2025-03-19,2025-03-16,PA2,FedEx,1,1,16.77,2.26,0.0,19.03,shipmonk_estimate,USD
140531,6497830797622,Cattasaurus - shoproxstore - Shopify,direct_to_consumer,fulfilled,2025-03-16,2025-03-19,2025-03-16,PA2,FedEx,1,1,14.08,2.26,0.0,16.34,shipmonk_estimate,USD
140532,6497836269878,Cattasaurus - shoproxstore - Shopify,direct_to_consumer,fulfilled,2025-03-16,2025-03-20,2025-03-16,PA2,FedEx,2,1,16.71,2.26,0.0,18.97,shipmonk_estimate,USD
140533,6497843577142,Cattasaurus - shoproxstore - Shopify,direct_to_consumer,fulfilled,2025-03-16,2025-03-20,2025-03-16,PA2,FedEx,1,1,14.08,2.63,0.0,16.71,shipmonk_estimate,USD
140534,6497854783798,Cattasaurus - shoproxstore - Shopify,direct_to_consumer,fulfilled,2025-03-16,2025-03-19,2025-03-16,PA2,UPS,1,1,14.56,2.26,0.0,16.82,shipmonk_estimate,USD
140535,6497884045622,Cattasaurus - shoproxstore - Shopify,direct_to_consumer,fulfilled,2025-03-16,2025-03-19,2025-03-16,PA2,FedEx,1,1,13.03,2.26,0.0,15.29,shipmonk_estimate,USD
140540,6497912389942,Cattasaurus - shoproxstore - Shopify,direct_to_consumer,fulfilled,2025-03-16,2025-03-19,2025-03-16,PA2,UPS,1,1,18.24,2.63,0.0,20.87,shipmonk_estimate,USD
140542,6497920024886,Cattasaurus - shoproxstore - Shopify,direct_to_consumer,fulfilled,2025-03-16,2025-03-20,2025-03-16,PA2,FedEx,1,1,19.47,2.63,0.0,22.1,shipmonk_estimate,USD
140547,6497971896630,Cattasaurus - shoproxstore - Shopify,direct_to_consumer,fulfilled,2025-03-16,2025-03-19,2025-03-16,PA2,UPS,1,1,18.24,2.26,0.0,20.5,shipmonk_estimate,USD
140548,6498014134582,Cattasaurus - shoproxstore - Shopify,direct_to_consumer,fulfilled,2025-03-16,2025-03-20,2025-03-16,PA2,FedEx,2,1,15.23,3.0,0.0,18.23,shipmonk_estimate,USD
140550,6498025537846,Cattasaurus - shoproxstore - Shopify,direct_to_consumer,fulfilled,2025-03-16,2025-03-19,2025-03-16,PA2,UPS,1,1,14.08,2.26,0.0,16.34,shipmonk_estimate,USD
140551,6498053456182,Cattasaurus - shoproxstore - Shopify,direct_to_consumer,fulfilled,2025-03-16,2025-03-19,2025-03-16,PA2,UPS,1,1,18.24,2.26,0.0,20.5,shipmonk_estimate,USD
140552,6498064761142,Cattasaurus - shoproxstore - Shopify,direct_to_consumer,fulfilled,2025-03-16,2025-03-19,2025-03-16,PA2,FedEx,1,1,16.73,2.63,0.0,19.36,shipmonk_estimate,USD
140554,6498124300598,Cattasaurus - shoproxstore - Shopify,direct_to_consumer,fulfilled,2025-03-16,2025-07-07,2025-03-16,NV3,FedEx,1,1,17.36,2.5,0.0,19.86,shipmonk_estimate,USD
111-0847303-8481807,111-0847303-8481807,Cattasaurus - Amazon USA,direct_to_consumer,fulfilled,2025-03-17,2025-03-18,2025-03-17,PA2,FedEx,1,1,18.83,3.0,0.0,21.83,shipmonk_estimate,USD
112-0393515-6929067,112-0393515-6929067,Cattasaurus - Amazon USA,direct_to_consumer,fulfilled,2025-03-17,2025-03-17,2025-03-17,PA2,FedEx,1,1,25.68,2.63,0.0,28.31,shipmonk_estimate,USD
112-3766840-1950640,112-3766840-1950640,Cattasaurus - Amazon USA,direct_to_consumer,fulfilled,2025-03-17,2025-03-18,2025-03-17,PA2,FedEx,1,1,22.07,3.0,0.0,25.07,shipmonk_estimate,USD
112-7552475-9547402,112-7552475-9547402,Cattasaurus - Amazon USA,direct_to_consumer,fulfilled,2025-03-17,2025-03-17,2025-03-17,PA2,UPS,1,1,15.39,3.0,0.0,18.39,shipmonk_estimate,USD
113-0331064-9266624,113-0331064-9266624,Cattasaurus - Amazon USA,direct_to_consumer,fulfilled,2025-03-17,2025-03-18,2025-03-17,PA2,UPS,1,1,15.39,3.0,0.0,18.39,shipmonk_estimate,USD
113-5002040-9362655,113-5002040-9362655,Cattasaurus - Amazon USA,direct_to_consumer,fulfilled,2025-03-17,2025-03-18,2025-03-17,PA2,UPS,1,1,20.37,3.0,0.0,23.37,shipmonk_estimate,USD
113-7389697-4092233,113-7389697-4092233,Cattasaurus - Amazon USA,direct_to_consumer,fulfilled,2025-03-17,2025-03-18,2025-03-17,NV3,FedEx,1,1,25.26,1.89,0.0,27.15,shipmonk_estimate,USD
114-0065431-8532219,114-0065431-8532219,Cattasaurus - Amazon USA,direct_to_consumer,fulfilled,2025-03-17,2025-03-18,2025-03-17,PA2,FedEx,1,1,13.85,3.0,0.0,16.85,shipmonk_estimate,USD
114-3367000-2838600,114-3367000-2838600,Cattasaurus - Amazon USA,direct_to_consumer,fulfilled,2025-03-17,2025-03-17,2025-03-17,PA2,FedEx,1,1,18.83,2.63,0.0,21.46,shipmonk_estimate,USD
140541-01,f7d37134-9376-4277-b67d-fab4b52cacc3,Cattasaurus - shoproxstore - Shopify,direct_to_consumer,fulfilled,2025-03-17,2025-03-17,2025-03-17,NV3,DHL eCommerce,1,1,5.43,1.89,0.0,7.32,shipmonk_estimate,USD
140549-01,a7be94ec-5f20-4153-86b8-e686b1a23a77,Cattasaurus - shoproxstore - Shopify,direct_to_consumer,fulfilled,2025-03-17,2025-03-17,2025-03-17,NV3,USPS,1,1,4.89,1.89,0.3,7.08,shipmonk_estimate,USD
140556,6498276114742,Cattasaurus - shoproxstore - Shopify,direct_to_consumer,fulfilled,2025-03-17,2025-03-19,2025-03-17,PA2,FedEx,1,1,13.85,2.26,0.0,16.11,shipmonk_estimate,USD
140557,6498276737334,Cattasaurus - shoproxstore - Shopify,direct_to_consumer,fulfilled,2025-03-17,2025-03-19,2025-03-17,PA2,FedEx,1,1,16.71,2.26,0.0,18.97,shipmonk_estimate,USD
140558,6498289877302,Cattasaurus - shoproxstore - Shopify,direct_to_consumer,fulfilled,2025-03-17,2025-03-19,2025-03-17,PA2,UPS,1,1,15.61,2.26,0.0,17.87,shipmonk_estimate,USD
140559,6498351939894,Cattasaurus - shoproxstore - Shopify,direct_to_consumer,fulfilled,2025-03-17,2025-03-19,2025-03-17,PA2,FedEx,1,1,14.08,2.26,0.0,16.34,shipmonk_estimate,USD
140560,6498537734454,Cattasaurus - shoproxstore - Shopify,direct_to_consumer,fulfilled,2025-03-17,2025-03-19,2025-03-17,PA2,UPS,1,1,15.39,2.26,0.0,17.65,shipmonk_estimate,USD
140561,6498581610806,Cattasaurus - shoproxstore - Shopify,direct_to_consumer,fulfilled,2025-03-17,2025-03-19,2025-03-17,PA2,FedEx,1,1,14.08,2.26,0.0,16.34,shipmonk_estimate,USD
140562,6498594652470,Cattasaurus - shoproxstore - Shopify,direct_to_consumer,fulfilled,2025-03-17,2025-03-19,2025-03-17,PA2,FedEx,1,1,14.08,2.26,0.0,16.34,shipmonk_estimate,USD
140563,6498596520246,Cattasaurus - shoproxstore - Shopify,direct_to_consumer,fulfilled,2025-03-17,2025-03-19,2025-03-17,PA2,UPS,1,1,18.24,2.26,0.0,20.5,shipmonk_estimate,USD
140564,6498639774006,Cattasaurus - shoproxstore - Shopify,direct_to_consumer,fulfilled,2025-03-17,2025-03-19,2025-03-17,PA2,FedEx,1,1,20.53,2.26,0.0,22.79,shipmonk_estimate,USD
140565,6498674737462,Cattasaurus - shoproxstore - Shopify,direct_to_consumer,fulfilled,2025-03-17,2025-03-20,2025-03-17,PA2,FedEx,1,1,11.61,5.22,0.0,16.83,shipmonk_estimate,USD
140566,6498691154230,Cattasaurus - shoproxstore - Shopify,direct_to_consumer,fulfilled,2025-03-17,2025-03-20,2025-03-17,PA2,FedEx,1,1,19.3,3.0,0.0,22.3,shipmonk_estimate,USD
140567,6498691973430,Cattasaurus - shoproxstore - Shopify,direct_to_consumer,fulfilled,2025-03-17,2025-03-20,2025-03-17,PA2,FedEx,1,1,23.73,2.63,0.0,26.36,shipmonk_estimate,USD
140567_1,7d1c2d6d-bd38-4183-a966-09243ac82b23,Cattasaurus - shoproxstore - Shopify,direct_to_consumer,fulfilled,2025-03-17,2025-03-20,2025-03-17,PA2,FedEx,1,1,23.73,2.63,0.0,26.36,shipmonk_estimate,USD
140568,6498712224054,Cattasaurus - shoproxstore - Shopify,direct_to_consumer,fulfilled,2025-03-17,2025-03-19,2025-03-17,PA2,FedEx,1,1,13.85,2.26,0.0,16.11,shipmonk_estimate,USD
140569,6498712977718,Cattasaurus - shoproxstore - Shopify,direct_to_consumer,fulfilled,2025-03-17,2025-03-19,2025-03-17,PA2,FedEx,1,1,19.47,2.26,0.0,21.73,shipmonk_estimate,USD
140570,6498716909878,Cattasaurus - shoproxstore - Shopify,direct_to_consumer,fulfilled,2025-03-17,2025-03-20,2025-03-17,PA2,FedEx,2,1,21.0,2.26,0.0,23.26,shipmonk_estimate,USD
140572,6498736275766,Cattasaurus - shoproxstore - Shopify,direct_to_consumer,fulfilled,2025-03-17,2025-03-19,2025-03-17,PA2,FedEx,1,1,23.73,2.26,0.0,25.99,shipmonk_estimate,USD
140573,6498738012470,Cattasaurus - shoproxstore - Shopify,direct_to_consumer,fulfilled,2025-03-17,2025-03-20,2025-03-17,PA2,FedEx,2,1,21.0,3.0,0.0,24.0,shipmonk_estimate,USD
140574,6498755543350,Cattasaurus - shoproxstore - Shopify,direct_to_consumer,fulfilled,2025-03-17,2025-03-19,2025-03-17,PA2,FedEx,1,1,21.0,2.26,0.0,23.26,shipmonk_estimate,USD
140576,6498765930806,Cattasaurus - shoproxstore - Shopify,direct_to_consumer,fulfilled,2025-03-17,2025-03-19,2025-03-17,PA2,FedEx,2,1,18.83,3.37,0.0,22.2,shipmonk_estimate,USD
140577,6498777170230,Cattasaurus - shoproxstore - Shopify,direct_to_consumer,fulfilled,2025-03-17,2025-03-19,2025-03-17,PA2,UPS,1,1,18.24,2.26,0.0,20.5,shipmonk_estimate,USD
140578,6498777923894,Cattasaurus - shoproxstore - Shopify,direct_to_consumer,fulfilled,2025-03-17,2025-03-19,2025-03-17,PA2,FedEx,1,1,13.03,2.26,0.0,15.29,shipmonk_estimate,USD
140579,6498780971318,Cattasaurus - shoproxstore - Shopify,direct_to_consumer,fulfilled,2025-03-17,2025-03-19,2025-03-17,PA2,UPS,1,1,18.24,2.26,0.0,20.5,shipmonk_estimate,USD
140581,6498781823286,Cattasaurus - shoproxstore - Shopify,direct_to_consumer,fulfilled,2025-03-17,2025-03-19,2025-03-17,PA2,FedEx,1,1,18.27,2.63,0.0,20.9,shipmonk_estimate,USD
140582,6498782806326,Cattasaurus - shoproxstore - Shopify,direct_to_consumer,fulfilled,2025-03-17,2025-03-19,2025-03-17,PA2,FedEx,1,1,21.0,2.26,0.0,23.26,shipmonk_estimate,USD
140583,6498784248118,Cattasaurus - shoproxstore - Shopify,direct_to_consumer,fulfilled,2025-03-17,2025-03-18,2025-03-17,NV3,DHL eCommerce,2,1,6.74,2.26,0.5,9.5,shipmonk_estimate,USD
140585,6498792603958,Cattasaurus - shoproxstore - Shopify,direct_to_consumer,fulfilled,2025-03-17,2025-03-19,2025-03-17,PA2,UPS,1,1,20.37,2.26,0.0,22.63,shipmonk_estimate,USD
140586,6498799059254,Cattasaurus - shoproxstore - Shopify,direct_to_consumer,fulfilled,2025-03-17,2025-03-19,2025-03-17,PA2,FedEx,1,1,13.85,2.26,0.0,16.11,shipmonk_estimate,USD
140587,6498809282870,Cattasaurus - shoproxstore - Shopify,direct_to_consumer,fulfilled,2025-03-17,2025-03-20,2025-03-17,PA2,FedEx,3,1,16.71,3.37,0.0,20.08,shipmonk_estimate,USD
140588,6498824913206,Cattasaurus - shoproxstore - Shopify,direct_to_consumer,fulfilled,2025-03-17,2025-03-19,2025-03-17,PA2,FedEx,1,1,23.73,2.26,0.0,25.99,shipmonk_estimate,USD
140589,6498829336886,Cattasaurus - shoproxstore - Shopify,direct_to_consumer,fulfilled,2025-03-17,2025-03-19,2025-03-17,PA2,UPS,1,1,15.39,2.26,0.0,17.65,shipmonk_estimate,USD
140590,6498839068982,Cattasaurus - shoproxstore - Shopify,direct_to_consumer,fulfilled,2025-03-17,2025-03-19,2025-03-17,PA2,FedEx,2,1,23.73,3.0,0.0,26.73,shipmonk_estimate,USD
140591,6498847490358,Cattasaurus - shoproxstore - Shopify,direct_to_consumer,fulfilled,2025-03-17,2025-03-20,2025-03-17,PA2,UPS,1,1,18.24,2.63,0.0,20.87,shipmonk_estimate,USD
140593,6498858795318,Cattasaurus - shoproxstore - Shopify,direct_to_consumer,fulfilled,2025-03-17,2025-03-19,2025-03-17,PA2,FedEx,1,1,16.73,2.26,0.0,18.99,shipmonk_estimate,USD
140594,6498863579446,Cattasaurus - shoproxstore - Shopify,direct_to_consumer,fulfilled,2025-03-17,2025-03-19,2025-03-17,PA2,FedEx,1,1,19.47,2.26,0.0,21.73,shipmonk_estimate,USD
140595,6498871869750,Cattasaurus - shoproxstore - Shopify,direct_to_consumer,fulfilled,2025-03-17,2025-03-19,2025-03-17,NV3,DHL eCommerce,1,1,5.1,1.89,0.3,7.29,shipmonk_estimate,USD
140596,6498879602998,Cattasaurus - shoproxstore - Shopify,direct_to_consumer,fulfilled,2025-03-17,2025-03-19,2025-03-17,PA2,FedEx,1,1,18.27,2.26,0.0,20.53,shipmonk_estimate,USD
140597,6498879897910,Cattasaurus - shoproxstore - Shopify,direct_to_consumer,fulfilled,2025-03-17,2025-03-18,2025-03-17,NV3,FedEx,1,1,19.47,2.26,0.0,21.73,shipmonk_estimate,USD
140598,6498885796150,Cattasaurus - shoproxstore - Shopify,direct_to_consumer,fulfilled,2025-03-17,2025-03-20,2025-03-17,PA2,FedEx,1,1,16.71,2.63,0.0,19.34,shipmonk_estimate,USD
140599,6498888188214,Cattasaurus - shoproxstore - Shopify,direct_to_consumer,fulfilled,2025-03-17,2025-03-19,2025-03-17,PA2,FedEx,1,1,23.73,2.26,0.0,25.99,shipmonk_estimate,USD
140600,6498888384822,Cattasaurus - shoproxstore - Shopify,direct_to_consumer,fulfilled,2025-03-17,2025-03-20,2025-03-17,PA2,FedEx,1,1,16.71,2.63,0.0,19.34,shipmonk_estimate,USD
140601,6498890383670,Cattasaurus - shoproxstore - Shopify,direct_to_consumer,fulfilled,2025-03-17,2025-03-19,2025-03-17,PA2,FedEx,1,1,18.27,2.26,0.0,20.53,shipmonk_estimate,USD
140602,6498890547510,Cattasaurus - shoproxstore - Shopify,direct_to_consumer,fulfilled,2025-03-17,2025-03-20,2025-03-17,PA2,FedEx,2,1,13.03,3.0,0.0,16.03,shipmonk_estimate,USD
140603,6498897559862,Cattasaurus - shoproxstore - Shopify,direct_to_consumer,fulfilled,2025-03-17,2025-03-19,2025-03-17,PA2,FedEx,1,1,23.73,2.63,0.0,26.36,shipmonk_estimate,USD
140604,6498909880630,Cattasaurus - shoproxstore - Shopify,direct_to_consumer,fulfilled,2025-03-17,2025-03-19,2025-03-17,PA2,FedEx,1,1,14.08,2.63,0.0,16.71,shipmonk_estimate,USD
140606,6498923905334,Cattasaurus - shoproxstore - Shopify,direct_to_consumer,fulfilled,2025-03-17,2025-03-20,2025-03-17,PA2,UPS,1,1,18.24,4.11,0.0,22.35,shipmonk_estimate,USD
140607,6498929672502,Cattasaurus - shoproxstore - Shopify,direct_to_consumer,fulfilled,2025-03-17,2025-03-19,2025-03-17,PA2,FedEx,1,1,22.07,2.63,0.0,24.7,shipmonk_estimate,USD
140608,6498934391094,Cattasaurus - shoproxstore - Shopify,direct_to_consumer,fulfilled,2025-03-17,2025-03-19,2025-03-17,PA2,FedEx,1,1,16.71,2.26,0.0,18.97,shipmonk_estimate,USD
140609,6498944287030,Cattasaurus - shoproxstore - Shopify,direct_to_consumer,fulfilled,2025-03-17,2025-03-19,2025-03-17,PA2,FedEx,1,1,14.08,2.63,0.0,16.71,shipmonk_estimate,USD
140610,6498944581942,Cattasaurus - shoproxstore - Shopify,direct_to_consumer,fulfilled,2025-03-17,2025-03-20,2025-03-17,PA2,UPS,1,1,20.37,4.11,0.0,24.48,shipmonk_estimate,USD
140611,6498948448566,Cattasaurus - shoproxstore - Shopify,direct_to_consumer,fulfilled,2025-03-17,2025-03-20,2025-03-17,PA2,FedEx,1,1,19.47,2.26,0.0,21.73,shipmonk_estimate,USD
140612,6498956149046,Cattasaurus - shoproxstore - Shopify,direct_to_consumer,fulfilled,2025-03-17,2025-03-19,2025-03-17,PA2,FedEx,1,1,21.0,2.26,0.0,23.26,shipmonk_estimate,USD
140613,6498958967094,Cattasaurus - shoproxstore - Shopify,direct_to_consumer,fulfilled,2025-03-17,2025-03-20,2025-03-17,PA2,FedEx,2,1,14.48,3.0,0.0,17.48,shipmonk_estimate,USD
140614,6498973385014,Cattasaurus - shoproxstore - Shopify,direct_to_consumer,fulfilled,2025-03-17,2025-07-13,2025-03-17,PA2,OnTrac,1,1,12.58,2.5,0.0,15.08,shipmonk_estimate,USD
140615,6498981970230,Cattasaurus - shoproxstore - Shopify,direct_to_consumer,fulfilled,2025-03-17,2025-03-20,2025-03-17,PA2,UPS,2,1,18.24,3.0,0.0,21.24,shipmonk_estimate,USD
140617,6498999533878,Cattasaurus - shoproxstore - Shopify,direct_to_consumer,fulfilled,2025-03-17,2025-03-20,2025-03-17,PA2,UPS,1,1,20.37,2.63,0.0,23.0,shipmonk_estimate,USD
140618,6499003236662,Cattasaurus - shoproxstore - Shopify,direct_to_consumer,fulfilled,2025-03-17,2025-03-19,2025-03-17,PA2,FedEx,1,1,16.71,2.26,0.0,18.97,shipmonk_estimate,USD
140620,6499013132598,Cattasaurus - shoproxstore - Shopify,direct_to_consumer,fulfilled,2025-03-17,2025-03-20,2025-03-17,PA2,UPS,1,1,15.39,2.63,0.0,18.02,shipmonk_estimate,USD
140621,6499042558262,Cattasaurus - shoproxstore - Shopify,direct_to_consumer,fulfilled,2025-03-17,2025-03-19,2025-03-17,PA2,DHL eCommerce,1,1,7.87,1.89,0.0,9.76,shipmonk_estimate,USD
140622,6499068379446,Cattasaurus - shoproxstore - Shopify,direct_to_consumer,fulfilled,2025-03-17,2025-03-19,2025-03-17,PA2,FedEx,1,1,16.71,2.26,0.0,18.97,shipmonk_estimate,USD
140624,6499077325110,Cattasaurus - shoproxstore - Shopify,direct_to_consumer,fulfilled,2025-03-17,2025-03-18,2025-03-17,NV3,USPS,1,1,4.97,1.89,0.3,7.16,shipmonk_estimate,USD
140626,6499105767734,Cattasaurus - shoproxstore - Shopify,direct_to_consumer,fulfilled,2025-03-17,2025-03-20,2025-03-17,PA2,FedEx,2,1,21.0,3.0,0.0,24.0,shipmonk_estimate,USD
140628,6499115565366,Cattasaurus - shoproxstore - Shopify,direct_to_consumer,fulfilled,2025-03-17,2025-03-20,2025-03-17,PA2,FedEx,1,1,18.83,2.63,0.0,21.46,shipmonk_estimate,USD
140629,6499122118966,Cattasaurus - shoproxstore - Shopify,direct_to_consumer,fulfilled,2025-03-17,2025-03-19,2025-03-17,PA2,FedEx,1,1,16.71,2.26,0.0,18.97,shipmonk_estimate,USD
140630,6499137323318,Cattasaurus - shoproxstore - Shopify,direct_to_consumer,fulfilled,2025-03-17,2025-03-20,2025-03-17,PA2,FedEx,1,1,19.47,2.63,0.0,22.1,shipmonk_estimate,USD
140631,6499151905078,Cattasaurus - shoproxstore - Shopify,direct_to_consumer,fulfilled,2025-03-17,2025-03-20,2025-03-17,PA2,FedEx,1,1,14.08,4.11,0.0,18.19,shipmonk_estimate,USD
140632,6499153805622,Cattasaurus - shoproxstore - Shopify,direct_to_consumer,fulfilled,2025-03-17,2025-03-20,2025-03-17,PA2,FedEx,1,1,24.14,2.63,0.0,26.77,shipmonk_estimate,USD
140633,6499154985270,Cattasaurus - shoproxstore - Shopify,direct_to_consumer,fulfilled,2025-03-17,2025-03-19,2025-03-17,PA2,UPS,1,1,15.39,2.63,0.0,18.02,shipmonk_estimate,USD
140635,6499166781750,Cattasaurus - shoproxstore - Shopify,direct_to_consumer,fulfilled,2025-03-17,2025-03-20,2025-03-17,PA2,FedEx,1,1,16.71,4.11,0.0,20.82,shipmonk_estimate,USD
140636,6499174089014,Cattasaurus - shoproxstore - Shopify,direct_to_consumer,fulfilled,2025-03-17,2025-03-19,2025-03-17,PA2,FedEx,1,1,18.27,2.26,0.0,20.53,shipmonk_estimate,USD
140637,6499181363510,Cattasaurus - shoproxstore - Shopify,direct_to_consumer,fulfilled,2025-03-17,2025-03-18,2025-03-17,NV3,DHL eCommerce,1,1,5.61,1.89,0.0,7.5,shipmonk_estimate,USD
140639,6499210854710,Cattasaurus - shoproxstore - Shopify,direct_to_consumer,fulfilled,2025-03-17,2025-03-22,2025-03-17,PA2,UPS,1,1,15.61,2.63,0.0,18.24,shipmonk_estimate,USD
140640,6499218882870,Cattasaurus - shoproxstore - Shopify,direct_to_consumer,fulfilled,2025-03-17,2025-03-20,2025-03-17,PA2,UPS,1,1,18.24,2.63,0.0,20.87,shipmonk_estimate,USD
140643,6499230908726,Cattasaurus - shoproxstore - Shopify,direct_to_consumer,fulfilled,2025-03-17,2025-03-19,2025-03-17,PA2,FedEx,1,1,18.83,2.26,0.0,21.09,shipmonk_estimate,USD
140644,6499231531318,Cattasaurus - shoproxstore - Shopify,direct_to_consumer,fulfilled,2025-03-17,2025-03-19,2025-03-17,PA2,FedEx,1,1,21.0,2.26,0.0,23.26,shipmonk_estimate,USD
140645,6499242836278,Cattasaurus - shoproxstore - Shopify,direct_to_consumer,fulfilled,2025-03-17,2025-03-20,2025-03-17,PA2,FedEx,2,1,16.71,4.48,0.0,21.19,shipmonk_estimate,USD
140646,6499250798902,Cattasaurus - shoproxstore - Shopify,direct_to_consumer,fulfilled,2025-03-17,2025-03-19,2025-03-17,PA2,FedEx,2,1,18.27,3.0,0.0,21.27,shipmonk_estimate,USD
140647,6499255746870,Cattasaurus - shoproxstore - Shopify,direct_to_consumer,fulfilled,2025-03-17,2025-03-20,2025-03-17,PA2,FedEx,1,1,13.85,2.63,0.0,16.48,shipmonk_estimate,USD
140649,6499260825910,Cattasaurus - shoproxstore - Shopify,direct_to_consumer,fulfilled,2025-03-17,2025-03-21,2025-03-17,PA2,FedEx,1,1,13.03,2.63,0.0,15.66,shipmonk_estimate,USD
140650,6499293462838,Cattasaurus - shoproxstore - Shopify,direct_to_consumer,fulfilled,2025-03-17,2025-03-21,2025-03-17,PA2,FedEx,1,1,14.08,2.63,0.0,16.71,shipmonk_estimate,USD
140654,6499326034230,Cattasaurus - shoproxstore - Shopify,direct_to_consumer,fulfilled,2025-03-17,2025-03-21,2025-03-17,PA2,UPS,1,1,15.61,2.63,0.0,18.24,shipmonk_estimate,USD
140656,6499338846518,Cattasaurus - shoproxstore - Shopify,direct_to_consumer,fulfilled,2025-03-17,2025-03-18,2025-03-17,NV3,DHL eCommerce,1,1,5.68,2.26,0.3,8.24,shipmonk_estimate,USD
140657,6499340058934,Cattasaurus - shoproxstore - Shopify,direct_to_consumer,fulfilled,2025-03-17,2025-03-20,2025-03-17,PA2,UPS,1,1,14.56,2.63,0.0,17.19,shipmonk_estimate,USD
140658,6499368010038,Cattasaurus - shoproxstore - Shopify,direct_to_consumer,fulfilled,2025-03-17,2025-03-19,2025-03-17,PA2,UPS,1,1,15.61,2.26,0.0,17.87,shipmonk_estimate,USD
140659,6499375710518,Cattasaurus - shoproxstore - Shopify,direct_to_consumer,fulfilled,2025-03-17,2025-03-19,2025-03-17,PA2,FedEx,1,1,24.14,2.26,0.0,26.4,shipmonk_estimate,USD
140660,6499383542070,Cattasaurus - shoproxstore - Shopify,direct_to_consumer,fulfilled,2025-03-17,2025-03-21,2025-03-17,PA2,UPS,1,1,14.56,2.63,0.0,17.19,shipmonk_estimate,USD
140662,6499397370166,Cattasaurus - shoproxstore - Shopify,direct_to_consumer,fulfilled,2025-03-17,2025-03-20,2025-03-17,PA2,FedEx,1,1,16.73,1.89,0.0,18.62,shipmonk_estimate,USD
140664,6499407298870,Cattasaurus - shoproxstore - Shopify,direct_to_consumer,fulfilled,2025-03-17,2025-03-20,2025-03-17,PA2,UPS,1,1,18.24,3.74,0.0,21.98,shipmonk_estimate,USD
140669,6499427352886,Cattasaurus - shoproxstore - Shopify,direct_to_consumer,fulfilled,2025-03-17,2025-03-19,2025-03-17,PA2,UPS,1,1,18.24,2.26,0.0,20.5,shipmonk_estimate,USD
140670,6499430334774,Cattasaurus - shoproxstore - Shopify,direct_to_consumer,fulfilled,2025-03-17,2025-03-19,2025-03-17,PA2,FedEx,1,1,16.71,2.26,0.0,18.97,shipmonk_estimate,USD
140671,6499440361782,Cattasaurus - shoproxstore - Shopify,direct_to_consumer,fulfilled,2025-03-17,2025-03-19,2025-03-17,PA2,FedEx,1,1,21.0,2.26,0.0,23.26,shipmonk_estimate,USD
140672,6499461038390,Cattasaurus - shoproxstore - Shopify,direct_to_consumer,fulfilled,2025-03-17,2025-03-19,2025-03-17,PA2,UPS,1,1,15.39,2.26,0.0,17.65,shipmonk_estimate,USD
140674,6499471065398,Cattasaurus - shoproxstore - Shopify,direct_to_consumer,fulfilled,2025-03-17,2025-03-19,2025-03-17,NV3,USPS,1,1,4.97,1.89,0.3,7.16,shipmonk_estimate,USD
140675,6499475259702,Cattasaurus - shoproxstore - Shopify,direct_to_consumer,fulfilled,2025-03-17,2025-03-19,2025-03-17,PA2,FedEx,1,1,13.15,2.26,0.0,15.41,shipmonk_estimate,USD
140676,6499506258230,Cattasaurus - shoproxstore - Shopify,direct_to_consumer,fulfilled,2025-03-17,2025-03-19,2025-03-17,PA2,FedEx,1,1,19.47,2.26,0.0,21.73,shipmonk_estimate,USD
140678,6499528180022,Cattasaurus - shoproxstore - Shopify,direct_to_consumer,fulfilled,2025-03-17,2025-03-21,2025-03-17,PA2,FedEx,2,1,13.03,3.0,0.0,16.03,shipmonk_estimate,USD
140683,6499563995446,Cattasaurus - shoproxstore - Shopify,direct_to_consumer,fulfilled,2025-03-17,2025-03-19,2025-03-17,NV3,FedEx,1,1,27.15,2.63,0.0,29.78,shipmonk_estimate,USD
140683_1,35052f95-95b0-4464-be8d-63090d243654,Cattasaurus - shoproxstore - Shopify,direct_to_consumer,fulfilled,2025-03-17,2025-03-21,2025-03-17,PA2,FedEx,1,1,19.47,2.63,0.0,22.1,shipmonk_estimate,USD
140684,6499569991990,Cattasaurus - shoproxstore - Shopify,direct_to_consumer,fulfilled,2025-03-17,2025-03-19,2025-03-17,PA2,UPS,1,1,15.39,2.26,0.0,17.65,shipmonk_estimate,USD
140685,6499570155830,Cattasaurus - shoproxstore - Shopify,direct_to_consumer,fulfilled,2025-03-17,2025-03-19,2025-03-17,PA2,UPS,1,1,14.56,2.26,0.0,16.82,shipmonk_estimate,USD
140688,6499623731510,Cattasaurus - shoproxstore - Shopify,direct_to_consumer,fulfilled,2025-03-17,2025-03-19,2025-03-17,PA2,FedEx,1,1,14.08,2.26,0.0,16.34,shipmonk_estimate,USD
140689,6499676193078,Cattasaurus - shoproxstore - Shopify,direct_to_consumer,fulfilled,2025-03-17,2025-03-21,2025-03-17,PA2,FedEx,1,1,16.71,2.63,0.0,19.34,shipmonk_estimate,USD
140692,6499978084662,Cattasaurus - shoproxstore - Shopify,direct_to_consumer,fulfilled,2025-03-17,2025-03-20,2025-03-17,PA2,USPS,1,1,4.62,1.89,0.3,6.81,shipmonk_estimate,USD
140693,6500066853174,Cattasaurus - shoproxstore - Shopify,direct_to_consumer,fulfilled,2025-03-17,2025-03-20,2025-03-17,PA2,DHL eCommerce,1,1,5.68,1.89,0.0,7.57,shipmonk_estimate,USD
140695,6500198777142,Cattasaurus - shoproxstore - Shopify,direct_to_consumer,fulfilled,2025-03-17,2025-03-21,2025-03-17,PA2,FedEx,1,1,16.71,2.63,0.0,19.34,shipmonk_estimate,USD
140696,6500223156534,Cattasaurus - shoproxstore - Shopify,direct_to_consumer,fulfilled,2025-03-17,2025-03-20,2025-03-17,PA2,FedEx,2,1,19.47,2.63,0.0,22.1,shipmonk_estimate,USD
140699,6500253270326,Cattasaurus - shoproxstore - Shopify,direct_to_consumer,fulfilled,2025-03-17,2025-03-21,2025-03-17,PA2,FedEx,1,1,16.71,2.63,0.0,19.34,shipmonk_estimate,USD
140701,6500290560310,Cattasaurus - shoproxstore - Shopify,direct_to_consumer,fulfilled,2025-03-17,2025-03-19,2025-03-17,PA2,FedEx,1,1,25.26,2.26,0.0,27.52,shipmonk_estimate,USD
140702,6500290855222,Cattasaurus - shoproxstore - Shopify,direct_to_consumer,fulfilled,2025-03-17,2025-03-21,2025-03-17,PA2,FedEx,1,1,19.47,2.26,0.0,21.73,shipmonk_estimate,USD
140704,6500304290102,Cattasaurus - shoproxstore - Shopify,direct_to_consumer,fulfilled,2025-03-17,2025-03-19,2025-03-17,PA2,FedEx,1,1,14.08,2.26,0.0,16.34,shipmonk_estimate,USD
140708,6500328571190,Cattasaurus - shoproxstore - Shopify,direct_to_consumer,fulfilled,2025-03-17,2025-03-19,2025-03-17,NV3,FedEx,1,1,23.73,2.63,0.0,26.36,shipmonk_estimate,USD
140710,6500369432886,Cattasaurus - shoproxstore - Shopify,direct_to_consumer,fulfilled,2025-03-17,2025-03-21,2025-03-17,PA2,FedEx,1,1,24.14,4.11,0.0,28.25,shipmonk_estimate,USD
140711,6500429791542,Cattasaurus - shoproxstore - Shopify,direct_to_consumer,fulfilled,2025-03-17,2025-03-21,2025-03-17,PA2,FedEx,1,1,16.71,2.63,0.0,19.34,shipmonk_estimate,USD
111-1788945-1378605,111-1788945-1378605,Cattasaurus - Amazon USA,direct_to_consumer,fulfilled,2025-03-18,2025-03-19,2025-03-18,PA2,FedEx,1,1,13.85,3.0,0.0,16.85,shipmonk_estimate,USD
111-5263886-5663469,111-5263886-5663469,Cattasaurus - Amazon USA,direct_to_consumer,fulfilled,2025-03-18,2025-03-19,2025-03-18,PA2,FedEx,1,1,16.71,3.0,0.0,19.71,shipmonk_estimate,USD
111-6118462-3411427,111-6118462-3411427,Cattasaurus - Amazon USA,direct_to_consumer,fulfilled,2025-03-18,2025-03-19,2025-03-18,PA2,FedEx,1,1,24.14,3.0,0.0,27.14,shipmonk_estimate,USD
114-7128918-9146626,114-7128918-9146626,Cattasaurus - Amazon USA,direct_to_consumer,fulfilled,2025-03-18,2025-03-19,2025-03-18,PA2,FedEx,1,1,13.03,3.0,0.0,16.03,shipmonk_estimate,USD
140716,6500642816310,Cattasaurus - shoproxstore - Shopify,direct_to_consumer,fulfilled,2025-03-18,2025-03-21,2025-03-18,PA2,FedEx,1,1,21.0,2.26,0.0,23.26,shipmonk_estimate,USD
140718,6500682793270,Cattasaurus - shoproxstore - Shopify,direct_to_consumer,fulfilled,2025-03-18,2025-03-19,2025-03-18,NV3,FedEx,1,1,31.54,2.63,0.0,34.17,shipmonk_estimate,USD
140719,6500683252022,Cattasaurus - shoproxstore - Shopify,direct_to_consumer,fulfilled,2025-03-18,2025-03-21,2025-03-18,PA2,FedEx,1,1,16.71,2.26,0.0,18.97,shipmonk_estimate,USD
140720,6500722704694,Cattasaurus - shoproxstore - Shopify,direct_to_consumer,fulfilled,2025-03-18,2025-03-21,2025-03-18,PA2,FedEx,1,1,16.73,2.26,0.0,18.99,shipmonk_estimate,USD
140722,6500736467254,Cattasaurus - shoproxstore - Shopify,direct_to_consumer,fulfilled,2025-03-18,,2025-03-18,PA2,ShipMonk,1,0,15.61,3.78,0.0,19.39,shipmonk_estimate,USD
140724,6500744298806,Cattasaurus - shoproxstore - Shopify,direct_to_consumer,fulfilled,2025-03-18,2025-03-20,2025-03-18,PA2,FedEx,1,1,19.47,2.63,0.0,22.1,shipmonk_estimate,USD
140729,6500809834806,Cattasaurus - shoproxstore - Shopify,direct_to_consumer,fulfilled,2025-03-18,2025-03-21,2025-03-18,PA2,FedEx,1,1,18.83,2.26,0.0,21.09,shipmonk_estimate,USD
140730,6500824678710,Cattasaurus - shoproxstore - Shopify,direct_to_consumer,fulfilled,2025-03-18,2025-03-21,2025-03-18,PA2,FedEx,1,1,21.0,2.26,0.0,23.26,shipmonk_estimate,USD
140731,6500829266230,Cattasaurus - shoproxstore - Shopify,direct_to_consumer,fulfilled,2025-03-18,2025-03-21,2025-03-18,PA2,FedEx,1,1,19.47,2.26,0.0,21.73,shipmonk_estimate,USD
140734,6500842963254,Cattasaurus - shoproxstore - Shopify,direct_to_consumer,fulfilled,2025-03-18,2025-03-20,2025-03-18,PA2,DHL eCommerce,1,1,5.43,1.89,0.0,7.32,shipmonk_estimate,USD
140735,6500843651382,Cattasaurus - shoproxstore - Shopify,direct_to_consumer,fulfilled,2025-03-18,2025-03-21,2025-03-18,PA2,FedEx,1,1,19.47,2.26,0.0,21.73,shipmonk_estimate,USD
140736,6500866064694,Cattasaurus - shoproxstore - Shopify,direct_to_consumer,fulfilled,2025-03-18,2025-03-21,2025-03-18,PA2,UPS,1,1,15.39,2.26,0.0,17.65,shipmonk_estimate,USD
140737,6500866851126,Cattasaurus - shoproxstore - Shopify,direct_to_consumer,fulfilled,2025-03-18,2025-03-20,2025-03-18,PA2,FedEx,1,1,18.83,3.74,0.0,22.57,shipmonk_estimate,USD
140739,6500881334582,Cattasaurus - shoproxstore - Shopify,direct_to_consumer,fulfilled,2025-03-18,2025-03-20,2025-03-18,PA2,FedEx,1,1,19.47,2.63,0.0,22.1,shipmonk_estimate,USD
140740,6500903420214,Cattasaurus - shoproxstore - Shopify,direct_to_consumer,fulfilled,2025-03-18,2025-03-21,2025-03-18,PA2,FedEx,1,1,16.71,2.63,0.0,19.34,shipmonk_estimate,USD
140741,6500917412150,Cattasaurus - shoproxstore - Shopify,direct_to_consumer,fulfilled,2025-03-18,2025-03-21,2025-03-18,PA2,FedEx,1,1,18.27,2.26,0.0,20.53,shipmonk_estimate,USD
140742,6500925374774,Cattasaurus - shoproxstore - Shopify,direct_to_consumer,fulfilled,2025-03-18,2025-03-21,2025-03-18,PA2,UPS,1,1,20.37,2.26,0.0,22.63,shipmonk_estimate,USD
140745,6500948082998,Cattasaurus - shoproxstore - Shopify,direct_to_consumer,fulfilled,2025-03-18,2025-03-21,2025-03-18,PA2,FedEx,1,1,14.56,2.26,0.0,16.82,shipmonk_estimate,USD
140747,6500957454646,Cattasaurus - shoproxstore - Shopify,direct_to_consumer,fulfilled,2025-03-18,2025-03-21,2025-03-18,PA2,FedEx,1,1,18.83,2.26,0.0,21.09,shipmonk_estimate,USD
140748,6500962500918,Cattasaurus - shoproxstore - Shopify,direct_to_consumer,fulfilled,2025-03-18,2025-03-21,2025-03-18,PA2,FedEx,1,1,22.07,2.26,0.0,24.33,shipmonk_estimate,USD
140750,6500975575350,Cattasaurus - shoproxstore - Shopify,direct_to_consumer,fulfilled,2025-03-18,2025-03-20,2025-03-18,PA2,FedEx,1,1,18.27,2.63,0.0,20.9,shipmonk_estimate,USD
140752,6501024694582,Cattasaurus - shoproxstore - Shopify,direct_to_consumer,fulfilled,2025-03-18,2025-03-19,2025-03-18,NV3,DHL eCommerce,1,1,5.77,1.89,0.0,7.66,shipmonk_estimate,USD
140754,6501068767542,Cattasaurus - shoproxstore - Shopify,direct_to_consumer,fulfilled,2025-03-18,2025-03-21,2025-03-18,PA2,FedEx,1,1,19.47,2.26,0.0,21.73,shipmonk_estimate,USD
140758_1,eeb94d10-608d-49c5-a010-2460debdda91,Cattasaurus - shoproxstore - Shopify,direct_to_consumer,fulfilled,2025-03-18,2025-03-23,2025-03-18,PA2,DHL eCommerce,2,1,6.68,2.26,0.5,9.44,shipmonk_estimate,USD
140764,6501213929782,Cattasaurus - shoproxstore - Shopify,direct_to_consumer,fulfilled,2025-03-18,2025-03-21,2025-03-18,PA2,UPS,1,1,18.24,2.26,0.0,20.5,shipmonk_estimate,USD
140767,6501233819958,Cattasaurus - shoproxstore - Shopify,direct_to_consumer,fulfilled,2025-03-18,2025-03-21,2025-03-18,PA2,FedEx,3,1,23.6,3.37,0.0,26.97,shipmonk_estimate,USD
140769,6501252497718,Cattasaurus - shoproxstore - Shopify,direct_to_consumer,fulfilled,2025-03-18,2025-03-21,2025-03-18,PA2,FedEx,1,1,16.71,2.26,0.0,18.97,shipmonk_estimate,USD
140770,6501264687414,Cattasaurus - shoproxstore - Shopify,direct_to_consumer,fulfilled,2025-03-18,2025-03-21,2025-03-18,PA2,FedEx,1,1,21.0,2.63,0.0,23.63,shipmonk_estimate,USD
140775,6501409161526,Cattasaurus - shoproxstore - Shopify,direct_to_consumer,fulfilled,2025-03-18,2025-03-21,2025-03-18,PA2,FedEx,1,1,23.73,2.26,0.0,25.99,shipmonk_estimate,USD
140778,6501435474230,Cattasaurus - shoproxstore - Shopify,direct_to_consumer,fulfilled,2025-03-18,2025-03-21,2025-03-18,PA2,UPS,1,1,20.37,2.26,0.0,22.63,shipmonk_estimate,USD
140779,6501440684342,Cattasaurus - shoproxstore - Shopify,direct_to_consumer,fulfilled,2025-03-18,2025-03-21,2025-03-18,PA2,UPS,1,1,15.39,2.26,0.0,17.65,shipmonk_estimate,USD
140784,6501487116598,Cattasaurus - shoproxstore - Shopify,direct_to_consumer,fulfilled,2025-03-18,2025-03-21,2025-03-18,PA2,UPS,1,1,18.24,2.26,0.0,20.5,shipmonk_estimate,USD
140785,6501527060790,Cattasaurus - shoproxstore - Shopify,direct_to_consumer,fulfilled,2025-03-18,2025-03-21,2025-03-18,PA2,FedEx,1,1,16.71,2.26,0.0,18.97,shipmonk_estimate,USD
140786,6501543772470,Cattasaurus - shoproxstore - Shopify,direct_to_consumer,fulfilled,2025-03-18,2025-03-21,2025-03-18,PA2,FedEx,1,1,14.08,2.26,0.0,16.34,shipmonk_estimate,USD
140787,6501623169334,Cattasaurus - shoproxstore - Shopify,direct_to_consumer,fulfilled,2025-03-18,2025-03-20,2025-03-18,PA2,FedEx,1,1,18.83,4.11,0.0,22.94,shipmonk_estimate,USD
140788,6501636768054,Cattasaurus - shoproxstore - Shopify,direct_to_consumer,fulfilled,2025-03-18,2025-03-21,2025-03-18,PA2,FedEx,1,1,16.77,2.26,0.0,19.03,shipmonk_estimate,USD
140791,6501706563894,Cattasaurus - shoproxstore - Shopify,direct_to_consumer,fulfilled,2025-03-18,2025-03-21,2025-03-18,PA2,FedEx,1,1,16.71,2.26,0.0,18.97,shipmonk_estimate,USD
140796,6501743067446,Cattasaurus - shoproxstore - Shopify,direct_to_consumer,fulfilled,2025-03-18,2025-03-21,2025-03-18,PA2,FedEx,2,1,19.47,3.0,0.0,22.47,shipmonk_estimate,USD
140797,6501750210870,Cattasaurus - shoproxstore - Shopify,direct_to_consumer,fulfilled,2025-03-18,2025-03-21,2025-03-18,PA2,FedEx,3,1,15.64,3.37,0.0,19.01,shipmonk_estimate,USD
140798,6501759287606,Cattasaurus - shoproxstore - Shopify,direct_to_consumer,fulfilled,2025-03-18,2025-03-20,2025-03-18,PA2,FedEx,1,1,24.14,4.11,0.0,28.25,shipmonk_estimate,USD
140799,6501782946102,Cattasaurus - shoproxstore - Shopify,direct_to_consumer,fulfilled,2025-03-18,2025-03-21,2025-03-18,PA2,FedEx,1,1,14.08,2.26,0.0,16.34,shipmonk_estimate,USD
140800_1,d9ef7675-07f9-4aa1-93b3-b844f1f4cd5b,Cattasaurus - shoproxstore - Shopify,direct_to_consumer,fulfilled,2025-03-18,2025-03-21,2025-03-18,PA2,DHL eCommerce,1,1,5.61,1.89,0.0,7.5,shipmonk_estimate,USD
140801,6501841436982,Cattasaurus - shoproxstore - Shopify,direct_to_consumer,fulfilled,2025-03-18,2025-03-21,2025-03-18,PA2,UPS,1,1,15.39,2.26,0.0,17.65,shipmonk_estimate,USD
140804,6501891309878,Cattasaurus - shoproxstore - Shopify,direct_to_consumer,fulfilled,2025-03-18,2025-03-21,2025-03-18,PA2,FedEx,1,1,21.0,2.63,0.0,23.63,shipmonk_estimate,USD
140806,6501899632950,Cattasaurus - shoproxstore - Shopify,direct_to_consumer,fulfilled,2025-03-18,2025-03-21,2025-03-18,PA2,FedEx,1,1,16.71,2.26,0.0,18.97,shipmonk_estimate,USD
140807,6501913985334,Cattasaurus - shoproxstore - Shopify,direct_to_consumer,fulfilled,2025-03-18,2025-03-20,2025-03-18,PA2,UPS,1,1,15.39,4.11,0.0,19.5,shipmonk_estimate,USD
140808,6501915132214,Cattasaurus - shoproxstore - Shopify,direct_to_consumer,fulfilled,2025-03-18,2025-03-20,2025-03-18,PA2,DHL eCommerce,1,1,7.87,5.22,0.3,13.39,shipmonk_estimate,USD
140809,6501921489206,Cattasaurus - shoproxstore - Shopify,direct_to_consumer,fulfilled,2025-03-18,2025-03-21,2025-03-18,PA2,FedEx,1,1,16.77,2.26,0.0,19.03,shipmonk_estimate,USD
140811,6501925880118,Cattasaurus - shoproxstore - Shopify,direct_to_consumer,fulfilled,2025-03-18,2025-03-21,2025-03-18,PA2,FedEx,1,1,16.73,2.63,0.0,19.36,shipmonk_estimate,USD
140813,6502066749750,Cattasaurus - shoproxstore - Shopify,direct_to_consumer,fulfilled,2025-03-18,2025-03-21,2025-03-18,PA2,FedEx,1,1,15.23,2.26,0.0,17.49,shipmonk_estimate,USD
140816,6502306152758,Cattasaurus - shoproxstore - Shopify,direct_to_consumer,fulfilled,2025-03-18,2025-03-21,2025-03-18,PA2,FedEx,1,1,13.15,2.26,0.0,15.41,shipmonk_estimate,USD
140818,6502392627510,Cattasaurus - shoproxstore - Shopify,direct_to_consumer,fulfilled,2025-03-18,2025-03-21,2025-03-18,PA2,FedEx,1,1,16.73,2.26,0.0,18.99,shipmonk_estimate,USD
140820,6502409830710,Cattasaurus - shoproxstore - Shopify,direct_to_consumer,fulfilled,2025-03-18,2025-03-21,2025-03-18,PA2,FedEx,1,1,16.77,2.63,0.0,19.4,shipmonk_estimate,USD
140821_1,a196d806-5bf5-49a6-bced-08f8f35aaf3b,Cattasaurus - shoproxstore - Shopify,direct_to_consumer,fulfilled,2025-03-18,2025-03-20,2025-03-18,NV3,USPS,1,1,4.97,1.89,0.3,7.16,shipmonk_estimate,USD
140824,6502447481142,Cattasaurus - shoproxstore - Shopify,direct_to_consumer,fulfilled,2025-03-18,2025-03-21,2025-03-18,PA2,FedEx,1,1,19.47,2.26,0.0,21.73,shipmonk_estimate,USD
140826,6502461833526,Cattasaurus - shoproxstore - Shopify,direct_to_consumer,fulfilled,2025-03-18,2025-03-21,2025-03-18,PA2,FedEx,1,1,18.27,2.26,0.0,20.53,shipmonk_estimate,USD
140828,6502484312374,Cattasaurus - shoproxstore - Shopify,direct_to_consumer,fulfilled,2025-03-18,2025-03-21,2025-03-18,PA2,FedEx,2,1,13.85,4.48,0.0,18.33,shipmonk_estimate,USD
140830,6502506103094,Cattasaurus - shoproxstore - Shopify,direct_to_consumer,fulfilled,2025-03-18,2025-03-21,2025-03-18,PA2,FedEx,1,1,16.71,2.26,0.0,18.97,shipmonk_estimate,USD
140833,6502530744630,Cattasaurus - shoproxstore - Shopify,direct_to_consumer,fulfilled,2025-03-18,2025-03-21,2025-03-18,PA2,FedEx,2,1,24.14,3.0,0.0,27.14,shipmonk_estimate,USD
140835,6502536446262,Cattasaurus - shoproxstore - Shopify,direct_to_consumer,fulfilled,2025-03-18,2025-03-21,2025-03-18,PA2,FedEx,1,1,19.47,2.26,0.0,21.73,shipmonk_estimate,USD
140837,6502538084662,Cattasaurus - shoproxstore - Shopify,direct_to_consumer,fulfilled,2025-03-18,2025-07-19,2025-03-18,PA2,FedEx,1,1,29.77,7.5,0.0,37.27,shipmonk_estimate,USD
140839,6502577668406,Cattasaurus - shoproxstore - Shopify,direct_to_consumer,fulfilled,2025-03-18,2025-03-21,2025-03-18,PA2,FedEx,1,1,22.07,2.26,0.0,24.33,shipmonk_estimate,USD
140843,6502630949174,Cattasaurus - shoproxstore - Shopify,direct_to_consumer,fulfilled,2025-03-18,2025-03-21,2025-03-18,PA2,FedEx,2,1,19.3,3.0,0.0,22.3,shipmonk_estimate,USD
129478,6327565549878,Cattasaurus - shoproxstore - Shopify,direct_to_consumer,fulfilled,2024-12-28,2025-03-19,,PA2,USPS,1,1,22.03,2.26,0.0,24.29,shipmonk_estimate,USD
129643,6332539044150,Cattasaurus - shoproxstore - Shopify,direct_to_consumer,fulfilled,2024-12-29,2025-03-19,,PA2,USPS,1,1,25.82,2.26,0.0,28.08,shipmonk_estimate,USD
111-6202599-5065013,111-6202599-5065013,Cattasaurus - Amazon USA,direct_to_consumer,fulfilled,2025-03-19,2025-03-19,2025-03-19,PA2,FedEx,1,1,22.07,3.0,0.0,25.07,shipmonk_estimate,USD
140852_1,69c73759-2b79-471c-bba3-d099a86708c3,Cattasaurus - shoproxstore - Shopify,direct_to_consumer,fulfilled,2025-03-19,2025-03-21,2025-03-19,PA2,DHL eCommerce,1,1,5.41,1.89,0.0,7.3,shipmonk_estimate,USD
140853,6502931104054,Cattasaurus - shoproxstore - Shopify,direct_to_consumer,fulfilled,2025-03-19,2025-03-20,2025-03-19,PA2,FedEx,1,1,18.83,2.26,0.0,21.09,shipmonk_estimate,USD
140854,6502964789558,Cattasaurus - shoproxstore - Shopify,direct_to_consumer,fulfilled,2025-03-19,2025-03-21,2025-03-19,PA2,UPS,1,1,18.24,2.26,0.0,20.5,shipmonk_estimate,USD
140856_1,11daecf0-7f7a-409f-98ea-22c079e391ed,Cattasaurus - shoproxstore - Shopify,direct_to_consumer,fulfilled,2025-03-19,2025-03-21,2025-03-19,PA2,DHL eCommerce,1,1,5.43,1.89,0.0,7.32,shipmonk_estimate,USD
140857,6502976061750,Cattasaurus - shoproxstore - Shopify,direct_to_consumer,fulfilled,2025-03-19,2025-03-21,2025-03-19,PA2,UPS,1,1,20.37,2.26,0.0,22.63,shipmonk_estimate,USD
140862,6503012041014,Cattasaurus - shoproxstore - Shopify,direct_to_consumer,fulfilled,2025-03-19,2025-03-21,2025-03-19,PA2,FedEx,1,1,13.03,2.26,0.0,15.29,shipmonk_estimate,USD
140865,6503042482486,Cattasaurus - shoproxstore - Shopify,direct_to_consumer,fulfilled,2025-03-19,2025-03-21,2025-03-19,PA2,FedEx,1,1,19.47,2.63,0.0,22.1,shipmonk_estimate,USD
140868,6503067353398,Cattasaurus - shoproxstore - Shopify,direct_to_consumer,fulfilled,2025-03-19,2025-03-21,2025-03-19,PA2,UPS,1,1,18.24,2.26,0.0,20.5,shipmonk_estimate,USD
140869,6503070499126,Cattasaurus - shoproxstore - Shopify,direct_to_consumer,fulfilled,2025-03-19,2025-03-21,2025-03-19,PA2,FedEx,1,1,13.15,2.26,0.0,15.41,shipmonk_estimate,USD
140872,6503106412854,Cattasaurus - shoproxstore - Shopify,direct_to_consumer,fulfilled,2025-03-19,2025-03-21,2025-03-19,PA2,FedEx,2,1,18.83,3.0,0.0,21.83,shipmonk_estimate,USD
140875,6503132758326,Cattasaurus - shoproxstore - Shopify,direct_to_consumer,fulfilled,2025-03-19,2025-03-21,2025-03-19,PA2,FedEx,1,1,16.73,2.26,0.0,18.99,shipmonk_estimate,USD
140876,6503137050934,Cattasaurus - shoproxstore - Shopify,direct_to_consumer,fulfilled,2025-03-19,2025-03-21,2025-03-19,PA2,FedEx,1,1,19.47,2.26,0.0,21.73,shipmonk_estimate,USD
140879,6503142916406,Cattasaurus - shoproxstore - Shopify,direct_to_consumer,fulfilled,2025-03-19,2025-03-21,2025-03-19,PA2,FedEx,1,1,13.15,2.26,0.0,15.41,shipmonk_estimate,USD
140880,6503152222518,Cattasaurus - shoproxstore - Shopify,direct_to_consumer,fulfilled,2025-03-19,2025-03-21,2025-03-19,PA2,FedEx,1,1,13.03,2.26,0.0,15.29,shipmonk_estimate,USD
140882,6503157727542,Cattasaurus - shoproxstore - Shopify,direct_to_consumer,fulfilled,2025-03-19,2025-07-13,2025-03-19,PA2,FedEx,1,1,19.64,7.5,0.0,27.14,shipmonk_estimate,USD
140883,6503162904886,Cattasaurus - shoproxstore - Shopify,direct_to_consumer,fulfilled,2025-03-19,2025-03-21,2025-03-19,PA2,FedEx,1,1,18.83,2.63,0.0,21.46,shipmonk_estimate,USD
140885,6503170736438,Cattasaurus - shoproxstore - Shopify,direct_to_consumer,fulfilled,2025-03-19,2025-03-21,2025-03-19,PA2,FedEx,1,1,16.71,2.26,0.0,18.97,shipmonk_estimate,USD
140886,6503179845942,Cattasaurus - shoproxstore - Shopify,direct_to_consumer,fulfilled,2025-03-19,2025-03-21,2025-03-19,PA2,FedEx,1,1,24.14,4.11,0.0,28.25,shipmonk_estimate,USD
140887_1,268255fa-e345-4d40-a11c-ed42a6b37f7b,Cattasaurus - shoproxstore - Shopify,direct_to_consumer,fulfilled,2025-03-19,2025-03-21,2025-03-19,PA2,DHL eCommerce,1,1,5.43,2.26,0.5,8.19,shipmonk_estimate,USD
140888,6503187644726,Cattasaurus - shoproxstore - Shopify,direct_to_consumer,fulfilled,2025-03-19,2025-03-21,2025-03-19,PA2,FedEx,1,1,14.08,2.63,0.0,16.71,shipmonk_estimate,USD
140890_1,c362daae-8124-4263-a457-1f14017d539f,Cattasaurus - shoproxstore - Shopify,direct_to_consumer,fulfilled,2025-03-19,2025-03-20,2025-03-19,PA2,DHL eCommerce,2,1,6.62,2.26,0.5,9.38,shipmonk_estimate,USD
140891,6503211729206,Cattasaurus - shoproxstore - Shopify,direct_to_consumer,fulfilled,2025-03-19,2025-03-21,2025-03-19,PA2,FedEx,1,1,16.73,2.26,0.0,18.99,shipmonk_estimate,USD
140894,6503243579702,Cattasaurus - shoproxstore - Shopify,direct_to_consumer,fulfilled,2025-03-19,2025-03-22,2025-03-19,PA2,FedEx,1,1,17.91,3.0,0.0,20.91,shipmonk_estimate,USD
140895,6503245906230,Cattasaurus - shoproxstore - Shopify,direct_to_consumer,fulfilled,2025-03-19,2025-03-22,2025-03-19,PA2,FedEx,2,1,13.85,3.0,0.0,16.85,shipmonk_estimate,USD
140896,6503253672246,Cattasaurus - shoproxstore - Shopify,direct_to_consumer,fulfilled,2025-03-19,2025-03-21,2025-03-19,PA2,FedEx,1,1,18.27,2.26,0.0,20.53,shipmonk_estimate,USD
140898,6503261667638,Cattasaurus - shoproxstore - Shopify,direct_to_consumer,fulfilled,2025-03-19,2025-03-21,2025-03-19,PA2,FedEx,1,1,16.73,2.63,0.0,19.36,shipmonk_estimate,USD
140899,6503262650678,Cattasaurus - shoproxstore - Shopify,direct_to_consumer,fulfilled,2025-03-19,2025-03-22,2025-03-19,PA2,UPS,2,1,14.56,3.0,0.0,17.56,shipmonk_estimate,USD
140900,6503266386230,Cattasaurus - shoproxstore - Shopify,direct_to_consumer,fulfilled,2025-03-19,2025-03-22,2025-03-19,PA2,FedEx,1,1,13.85,2.63,0.0,16.48,shipmonk_estimate,USD
140901,6503276183862,Cattasaurus - shoproxstore - Shopify,direct_to_consumer,fulfilled,2025-03-19,2025-03-21,2025-03-19,PA2,FedEx,1,1,16.71,2.26,0.0,18.97,shipmonk_estimate,USD
140902,6503302496566,Cattasaurus - shoproxstore - Shopify,direct_to_consumer,fulfilled,2025-03-19,2025-03-22,2025-03-19,PA2,FedEx,1,1,16.71,4.11,0.0,20.82,shipmonk_estimate,USD
140904,6503307837750,Cattasaurus - shoproxstore - Shopify,direct_to_consumer,fulfilled,2025-03-19,2025-03-22,2025-03-19,PA2,FedEx,1,1,16.71,2.63,0.0,19.34,shipmonk_estimate,USD
140905,6503318683958,Cattasaurus - shoproxstore - Shopify,direct_to_consumer,fulfilled,2025-03-19,2025-03-20,2025-03-19,NV3,FedEx,1,1,13.85,2.63,0.0,16.48,shipmonk_estimate,USD
140906,6503322059062,Cattasaurus - shoproxstore - Shopify,direct_to_consumer,fulfilled,2025-03-19,2025-03-20,2025-03-19,NV3,DHL eCommerce,1,1,4.97,1.89,0.3,7.16,shipmonk_estimate,USD
140907,6503324418358,Cattasaurus - shoproxstore - Shopify,direct_to_consumer,fulfilled,2025-03-19,2025-03-21,2025-03-19,PA2,DHL eCommerce,1,1,9.67,2.26,0.7,12.63,shipmonk_estimate,USD
140909,6503357579574,Cattasaurus - shoproxstore - Shopify,direct_to_consumer,fulfilled,2025-03-19,2025-03-21,2025-03-19,PA2,FedEx,1,1,19.47,2.26,0.0,21.73,shipmonk_estimate,USD
140910,6503392084278,Cattasaurus - shoproxstore - Shopify,direct_to_consumer,fulfilled,2025-03-19,2025-03-22,2025-03-19,PA2,FedEx,1,1,16.73,2.63,0.0,19.36,shipmonk_estimate,USD
140911,6503395230006,Cattasaurus - shoproxstore - Shopify,direct_to_consumer,fulfilled,2025-03-19,2025-03-21,2025-03-19,PA2,FedEx,1,1,19.47,2.26,0.0,21.73,shipmonk_estimate,USD
140912,6503408369974,Cattasaurus - shoproxstore - Shopify,direct_to_consumer,fulfilled,2025-03-19,2025-03-22,2025-03-19,PA2,FedEx,1,1,13.85,2.63,0.0,16.48,shipmonk_estimate,USD
140914,6503429865782,Cattasaurus - shoproxstore - Shopify,direct_to_consumer,fulfilled,2025-03-19,2025-03-22,2025-03-19,PA2,UPS,1,1,18.24,2.63,0.0,20.87,shipmonk_estimate,USD
140915,6503433797942,Cattasaurus - shoproxstore - Shopify,direct_to_consumer,fulfilled,2025-03-19,2025-03-22,2025-03-19,PA2,FedEx,1,1,16.71,2.63,0.0,19.34,shipmonk_estimate,USD
140917,6503454015798,Cattasaurus - shoproxstore - Shopify,direct_to_consumer,fulfilled,2025-03-19,2025-03-22,2025-03-19,PA2,FedEx,1,1,24.14,2.63,0.0,26.77,shipmonk_estimate,USD
140918,6503456407862,Cattasaurus - shoproxstore - Shopify,direct_to_consumer,fulfilled,2025-03-19,2025-03-21,2025-03-19,PA2,UPS,1,1,18.24,2.26,0.0,20.5,shipmonk_estimate,USD
140920,6503501693238,Cattasaurus - shoproxstore - Shopify,direct_to_consumer,fulfilled,2025-03-19,2025-03-21,2025-03-19,PA2,FedEx,1,1,15.23,2.26,0.0,17.49,shipmonk_estimate,USD
140921,6503502741814,Cattasaurus - shoproxstore - Shopify,direct_to_consumer,fulfilled,2025-03-19,2025-03-21,2025-03-19,PA2,FedEx,1,1,16.71,2.26,0.0,18.97,shipmonk_estimate,USD
140922,6503509590326,Cattasaurus - shoproxstore - Shopify,direct_to_consumer,fulfilled,2025-03-19,2025-03-22,2025-03-19,PA2,FedEx,1,1,15.23,2.63,0.0,17.86,shipmonk_estimate,USD
140923,6503513751862,Cattasaurus - shoproxstore - Shopify,direct_to_consumer,fulfilled,2025-03-19,2025-03-21,2025-03-19,PA2,FedEx,1,1,13.03,3.0,0.0,16.03,shipmonk_estimate,USD
140924,6503528268086,Cattasaurus - shoproxstore - Shopify,direct_to_consumer,fulfilled,2025-03-19,2025-03-21,2025-03-19,PA2,FedEx,1,1,16.71,2.26,0.0,18.97,shipmonk_estimate,USD
140925,6503564378422,Cattasaurus - shoproxstore - Shopify,direct_to_consumer,fulfilled,2025-03-19,2025-03-21,2025-03-19,PA2,FedEx,1,1,27.15,2.26,0.0,29.41,shipmonk_estimate,USD
140927,6503578272054,Cattasaurus - shoproxstore - Shopify,direct_to_consumer,fulfilled,2025-03-19,2025-03-21,2025-03-19,PA2,FedEx,1,1,13.03,2.26,0.0,15.29,shipmonk_estimate,USD
140928,6503592493366,Cattasaurus - shoproxstore - Shopify,direct_to_consumer,fulfilled,2025-03-19,2025-03-21,2025-03-19,PA2,UPS,1,1,18.24,2.26,0.0,20.5,shipmonk_estimate,USD
140930,6503601078582,Cattasaurus - shoproxstore - Shopify,direct_to_consumer,fulfilled,2025-03-19,2025-03-22,2025-03-19,PA2,FedEx,2,1,16.71,3.0,0.0,19.71,shipmonk_estimate,USD
140932,6503617757494,Cattasaurus - shoproxstore - Shopify,direct_to_consumer,fulfilled,2025-03-19,2025-03-21,2025-03-19,PA2,FedEx,1,1,23.73,2.26,0.0,25.99,shipmonk_estimate,USD
140933,6503621263670,Cattasaurus - shoproxstore - Shopify,direct_to_consumer,fulfilled,2025-03-19,2025-03-21,2025-03-19,PA2,FedEx,1,1,16.71,2.26,0.0,18.97,shipmonk_estimate,USD
140934,6503677428022,Cattasaurus - shoproxstore - Shopify,direct_to_consumer,fulfilled,2025-03-19,2025-03-22,2025-03-19,PA2,FedEx,1,1,19.47,2.63,0.0,22.1,shipmonk_estimate,USD
140936,6503707410742,Cattasaurus - shoproxstore - Shopify,direct_to_consumer,fulfilled,2025-03-19,2025-03-21,2025-03-19,PA2,FedEx,1,1,25.68,2.26,0.0,27.94,shipmonk_estimate,USD
140937,6503709966646,Cattasaurus - shoproxstore - Shopify,direct_to_consumer,fulfilled,2025-03-19,2025-03-22,2025-03-19,PA2,FedEx,1,1,14.08,2.63,0.0,16.71,shipmonk_estimate,USD
140938,6503714029878,Cattasaurus - shoproxstore - Shopify,direct_to_consumer,fulfilled,2025-03-19,2025-03-21,2025-03-19,PA2,FedEx,1,1,18.83,2.26,0.0,21.09,shipmonk_estimate,USD
140939,6503717077302,Cattasaurus - shoproxstore - Shopify,direct_to_consumer,fulfilled,2025-03-19,2025-03-21,2025-03-19,PA2,FedEx,1,1,14.08,2.26,0.0,16.34,shipmonk_estimate,USD
140940,6503721730358,Cattasaurus - shoproxstore - Shopify,direct_to_consumer,fulfilled,2025-03-19,2025-03-21,2025-03-19,PA2,UPS,1,1,18.24,2.26,0.0,20.5,shipmonk_estimate,USD
140946,6503766327606,Cattasaurus - shoproxstore - Shopify,direct_to_consumer,fulfilled,2025-03-19,2025-03-22,2025-03-19,PA2,FedEx,2,1,27.15,3.0,0.0,30.15,shipmonk_estimate,USD
140947,6503769801014,Cattasaurus - shoproxstore - Shopify,direct_to_consumer,fulfilled,2025-03-19,2025-03-21,2025-03-19,PA2,FedEx,1,1,24.14,2.26,0.0,26.4,shipmonk_estimate,USD
140948,6503775273270,Cattasaurus - shoproxstore - Shopify,direct_to_consumer,fulfilled,2025-03-19,2025-03-21,2025-03-19,PA2,UPS,1,1,15.39,2.26,0.0,17.65,shipmonk_estimate,USD
140951,6503785398582,Cattasaurus - shoproxstore - Shopify,direct_to_consumer,fulfilled,2025-03-19,2025-03-21,2025-03-19,PA2,FedEx,1,1,18.83,2.26,0.0,21.09,shipmonk_estimate,USD
140954_1,f399e4f6-9675-4ab7-8c54-c2247029c708,Cattasaurus - shoproxstore - Shopify,direct_to_consumer,fulfilled,2025-03-19,2025-03-22,2025-03-19,PA2,DHL eCommerce,1,1,5.41,1.89,0.0,7.3,shipmonk_estimate,USD
140956,6503802470710,Cattasaurus - shoproxstore - Shopify,direct_to_consumer,fulfilled,2025-03-19,2025-03-21,2025-03-19,PA2,FedEx,1,1,22.07,2.26,0.0,24.33,shipmonk_estimate,USD
140960,6503832191286,Cattasaurus - shoproxstore - Shopify,direct_to_consumer,fulfilled,2025-03-19,2025-03-21,2025-03-19,PA2,FedEx,1,1,15.23,2.26,0.0,17.49,shipmonk_estimate,USD
140962,6503902478646,Cattasaurus - shoproxstore - Shopify,direct_to_consumer,fulfilled,2025-03-19,2025-03-21,2025-03-19,PA2,FedEx,1,1,13.15,2.26,0.0,15.41,shipmonk_estimate,USD
140963,6503903691062,Cattasaurus - shoproxstore - Shopify,direct_to_consumer,fulfilled,2025-03-19,2025-03-21,2025-03-19,PA2,FedEx,1,1,22.07,2.26,0.0,24.33,shipmonk_estimate,USD
140965,6503924433206,Cattasaurus - shoproxstore - Shopify,direct_to_consumer,fulfilled,2025-03-19,2025-03-22,2025-03-19,PA2,FedEx,1,1,16.77,2.63,0.0,19.4,shipmonk_estimate,USD
140967,6503935181110,Cattasaurus - shoproxstore - Shopify,direct_to_consumer,fulfilled,2025-03-19,2025-03-21,2025-03-19,PA2,FedEx,1,1,13.85,2.26,0.0,16.11,shipmonk_estimate,USD
140970,6504049180982,Cattasaurus - shoproxstore - Shopify,direct_to_consumer,fulfilled,2025-03-19,2025-03-21,2025-03-19,PA2,UPS,1,1,14.56,2.26,0.0,16.82,shipmonk_estimate,USD
140971,6504072806710,Cattasaurus - shoproxstore - Shopify,direct_to_consumer,fulfilled,2025-03-19,2025-03-21,2025-03-19,PA2,FedEx,1,1,25.68,2.26,0.0,27.94,shipmonk_estimate,USD
140973,6504083751222,Cattasaurus - shoproxstore - Shopify,direct_to_consumer,fulfilled,2025-03-19,2025-03-21,2025-03-19,PA2,FedEx,1,1,21.0,2.26,0.0,23.26,shipmonk_estimate,USD
140974,6504104132918,Cattasaurus - shoproxstore - Shopify,direct_to_consumer,fulfilled,2025-03-19,2025-03-21,2025-03-19,PA2,UPS,1,1,14.56,2.26,0.0,16.82,shipmonk_estimate,USD
140977,6504132051254,Cattasaurus - shoproxstore - Shopify,direct_to_consumer,fulfilled,2025-03-19,2025-03-21,2025-03-19,PA2,FedEx,1,1,13.85,2.26,0.0,16.11,shipmonk_estimate,USD
140980,6504168489270,Cattasaurus - shoproxstore - Shopify,direct_to_consumer,fulfilled,2025-03-19,2025-03-21,2025-03-19,PA2,FedEx,1,1,16.71,2.26,0.0,18.97,shipmonk_estimate,USD
140981,6504174256438,Cattasaurus - shoproxstore - Shopify,direct_to_consumer,fulfilled,2025-03-19,2025-03-21,2025-03-19,PA2,UPS,1,1,15.61,2.26,0.0,17.87,shipmonk_estimate,USD
140983,6504183824694,Cattasaurus - shoproxstore - Shopify,direct_to_consumer,fulfilled,2025-03-19,2025-03-21,2025-03-19,PA2,FedEx,1,1,19.47,2.26,0.0,21.73,shipmonk_estimate,USD
140986,6504199782710,Cattasaurus - shoproxstore - Shopify,direct_to_consumer,fulfilled,2025-03-19,2025-03-21,2025-03-19,PA2,FedEx,1,1,16.71,2.26,0.0,18.97,shipmonk_estimate,USD
140987,6504200896822,Cattasaurus - shoproxstore - Shopify,direct_to_consumer,fulfilled,2025-03-19,2025-03-22,2025-03-19,PA2,FedEx,1,1,24.14,2.63,0.0,26.77,shipmonk_estimate,USD
140990,6504231502134,Cattasaurus - shoproxstore - Shopify,direct_to_consumer,fulfilled,2025-03-19,2025-03-22,2025-03-19,PA2,FedEx,1,1,19.47,2.63,0.0,22.1,shipmonk_estimate,USD
140992,6504245231926,Cattasaurus - shoproxstore - Shopify,direct_to_consumer,fulfilled,2025-03-19,2025-03-22,2025-03-19,PA2,UPS,1,1,14.56,2.63,0.0,17.19,shipmonk_estimate,USD
140994,6504283799862,Cattasaurus - shoproxstore - Shopify,direct_to_consumer,fulfilled,2025-03-19,2025-03-21,2025-03-19,PA2,FedEx,2,1,22.61,2.63,0.0,25.24,shipmonk_estimate,USD
140996,6504325349686,Cattasaurus - shoproxstore - Shopify,direct_to_consumer,fulfilled,2025-03-19,,2025-03-19,PA2,ShipMonk,1,0,16.71,4.11,0.0,20.82,shipmonk_estimate,USD
112-1567390-3088218,112-1567390-3088218,Cattasaurus - Amazon USA,direct_to_consumer,fulfilled,2025-03-20,2025-03-21,2025-03-20,PA2,FedEx,1,1,13.15,2.26,0.0,15.41,shipmonk_estimate,USD
114-3478049-7261060,114-3478049-7261060,Cattasaurus - Amazon USA,direct_to_consumer,fulfilled,2025-03-20,2025-03-20,2025-03-20,PA2,FedEx,1,1,13.03,3.0,0.0,16.03,shipmonk_estimate,USD
129483_1-01,9799cf4e-eb2a-472e-960b-51a567466a36,Cattasaurus - shoproxstore - Shopify,direct_to_consumer,fulfilled,2025-03-20,2025-03-21,2025-03-20,PA2,FedEx,1,1,16.73,2.26,0.0,18.99,shipmonk_estimate,USD
135796-01,2be9ad25-0dfc-437a-bd1d-738a42727e29,Cattasaurus - shoproxstore - Shopify,direct_to_consumer,fulfilled,2025-03-20,2025-03-21,2025-03-20,PA2,UPS,1,1,15.39,2.26,0.0,17.65,shipmonk_estimate,USD
141001_1,99cad389-9903-4d8f-a2cb-fbd916157edc,Cattasaurus - shoproxstore - Shopify,direct_to_consumer,fulfilled,2025-03-20,2025-03-22,2025-03-20,PA2,DHL eCommerce,1,1,5.43,1.89,0.0,7.32,shipmonk_estimate,USD
141003,6504458977590,Cattasaurus - shoproxstore - Shopify,direct_to_consumer,fulfilled,2025-03-20,2025-03-22,2025-03-20,PA2,UPS,1,1,14.56,2.63,0.0,17.19,shipmonk_estimate,USD
141005,6504541847862,Cattasaurus - shoproxstore - Shopify,direct_to_consumer,fulfilled,2025-03-20,2025-03-22,2025-03-20,PA2,FedEx,1,1,16.73,2.63,0.0,19.36,shipmonk_estimate,USD
141009,6504568750390,Cattasaurus - shoproxstore - Shopify,direct_to_consumer,fulfilled,2025-03-20,2025-03-22,2025-03-20,PA2,UPS,1,1,15.61,2.63,0.0,18.24,shipmonk_estimate,USD
141012,6504582906166,Cattasaurus - shoproxstore - Shopify,direct_to_consumer,fulfilled,2025-03-20,2025-03-22,2025-03-20,PA2,FedEx,1,1,16.71,2.63,0.0,19.34,shipmonk_estimate,USD
141015,6504606531894,Cattasaurus - shoproxstore - Shopify,direct_to_consumer,fulfilled,2025-03-20,2025-03-22,2025-03-20,PA2,UPS,1,1,18.24,2.63,0.0,20.87,shipmonk_estimate,USD
141017,6504624030006,Cattasaurus - shoproxstore - Shopify,direct_to_consumer,fulfilled,2025-03-20,2025-03-22,2025-03-20,PA2,FedEx,2,1,21.83,3.0,0.0,24.83,shipmonk_estimate,USD
141019,6504649457974,Cattasaurus - shoproxstore - Shopify,direct_to_consumer,fulfilled,2025-03-20,2025-03-22,2025-03-20,PA2,UPS,1,1,14.56,2.63,0.0,17.19,shipmonk_estimate,USD
141021,6504671248694,Cattasaurus - shoproxstore - Shopify,direct_to_consumer,fulfilled,2025-03-20,2025-03-22,2025-03-20,PA2,UPS,1,1,18.24,2.63,0.0,20.87,shipmonk_estimate,USD
141022,6504676196662,Cattasaurus - shoproxstore - Shopify,direct_to_consumer,fulfilled,2025-03-20,2025-03-22,2025-03-20,PA2,FedEx,1,1,19.47,2.63,0.0,22.1,shipmonk_estimate,USD
141027_1,0cf506f2-dc16-49d9-947c-5a7b3c631185,Cattasaurus - shoproxstore - Shopify,direct_to_consumer,fulfilled,2025-03-20,2025-03-21,2025-03-20,NV3,DHL eCommerce,1,1,5.77,1.89,0.0,7.66,shipmonk_estimate,USD
141028,6504765718838,Cattasaurus - shoproxstore - Shopify,direct_to_consumer,fulfilled,2025-03-20,2025-03-22,2025-03-20,PA2,UPS,1,1,14.68,2.63,0.0,17.31,shipmonk_estimate,USD
141037,6504881914166,Cattasaurus - shoproxstore - Shopify,direct_to_consumer,fulfilled,2025-03-20,2025-03-22,2025-03-20,PA2,FedEx,1,1,18.83,2.63,0.0,21.46,shipmonk_estimate,USD
141041,6504939356470,Cattasaurus - shoproxstore - Shopify,direct_to_consumer,fulfilled,2025-03-20,2025-03-22,2025-03-20,PA2,FedEx,1,1,16.71,2.26,0.0,18.97,shipmonk_estimate,USD
141042,6504947548470,Cattasaurus - shoproxstore - Shopify,direct_to_consumer,fulfilled,2025-03-20,2025-03-22,2025-03-20,PA2,FedEx,1,1,14.08,2.63,0.0,16.71,shipmonk_estimate,USD
141044,6504956035382,Cattasaurus - shoproxstore - Shopify,direct_to_consumer,fulfilled,2025-03-20,2025-03-22,2025-03-20,PA2,FedEx,3,1,21.0,4.48,0.0,25.48,shipmonk_estimate,USD
141046,6504984510774,Cattasaurus - shoproxstore - Shopify,direct_to_consumer,fulfilled,2025-03-20,2025-03-23,2025-03-20,PA2,USPS,1,1,14.41,2.26,0.0,16.67,shipmonk_estimate,USD
141052,6505050997046,Cattasaurus - shoproxstore - Shopify,direct_to_consumer,fulfilled,2025-03-20,2025-03-22,2025-03-20,PA2,FedEx,1,1,16.77,2.63,0.0,19.4,shipmonk_estimate,USD
141053,6505055355190,Cattasaurus - shoproxstore - Shopify,direct_to_consumer,fulfilled,2025-03-20,2025-03-22,2025-03-20,PA2,FedEx,1,1,13.15,2.63,0.0,15.78,shipmonk_estimate,USD
141057,6505073377590,Cattasaurus - shoproxstore - Shopify,direct_to_consumer,fulfilled,2025-03-20,2025-03-22,2025-03-20,PA2,UPS,1,1,18.24,2.63,0.0,20.87,shipmonk_estimate,USD
141058,6505075540278,Cattasaurus - shoproxstore - Shopify,direct_to_consumer,fulfilled,2025-03-20,2025-03-22,2025-03-20,PA2,FedEx,1,1,19.47,2.63,0.0,22.1,shipmonk_estimate,USD
141062,6505109422390,Cattasaurus - shoproxstore - Shopify,direct_to_consumer,fulfilled,2025-03-20,2025-03-22,2025-03-20,PA2,FedEx,1,1,21.0,1.89,0.0,22.89,shipmonk_estimate,USD
141063_1,3de96cf0-67c9-44d3-925d-99776f7dfcbb,Cattasaurus - shoproxstore - Shopify,direct_to_consumer,fulfilled,2025-03-20,2025-03-24,2025-03-20,NV3,USPS,1,1,4.64,1.89,0.3,6.83,shipmonk_estimate,USD
141065,6505160704310,Cattasaurus - shoproxstore - Shopify,direct_to_consumer,fulfilled,2025-03-20,2025-03-22,2025-03-20,PA2,FedEx,1,1,13.03,4.11,0.0,17.14,shipmonk_estimate,USD
141069,6505193505078,Cattasaurus - shoproxstore - Shopify,direct_to_consumer,fulfilled,2025-03-20,2025-03-22,2025-03-20,PA2,FedEx,1,1,21.0,2.63,0.0,23.63,shipmonk_estimate,USD
141072,6505267298614,Cattasaurus - shoproxstore - Shopify,direct_to_consumer,fulfilled,2025-03-20,2025-03-22,2025-03-20,PA2,UPS,1,1,14.68,2.63,0.0,17.31,shipmonk_estimate,USD
141081,6505386672438,Cattasaurus - shoproxstore - Shopify,direct_to_consumer,fulfilled,2025-03-20,2025-03-22,2025-03-20,PA2,FedEx,1,1,15.23,2.63,0.0,17.86,shipmonk_estimate,USD
141082,6505396109622,Cattasaurus - shoproxstore - Shopify,direct_to_consumer,fulfilled,2025-03-20,2025-03-22,2025-03-20,PA2,UPS,2,1,18.24,3.0,0.0,21.24,shipmonk_estimate,USD
141083,6505404236086,Cattasaurus - shoproxstore - Shopify,direct_to_consumer,fulfilled,2025-03-20,2025-03-22,2025-03-20,PA2,FedEx,2,1,18.83,3.0,0.0,21.83,shipmonk_estimate,USD
141084,6505418195254,Cattasaurus - shoproxstore - Shopify,direct_to_consumer,fulfilled,2025-03-20,2025-03-22,2025-03-20,PA2,FedEx,1,1,22.07,2.63,0.0,24.7,shipmonk_estimate,USD
141085,6505429565750,Cattasaurus - shoproxstore - Shopify,direct_to_consumer,fulfilled,2025-03-20,2025-03-22,2025-03-20,PA2,FedEx,1,1,13.03,2.26,0.0,15.29,shipmonk_estimate,USD
141086,6505435234614,Cattasaurus - shoproxstore - Shopify,direct_to_consumer,fulfilled,2025-03-20,2025-03-22,2025-03-20,PA2,FedEx,1,1,16.73,2.63,0.0,19.36,shipmonk_estimate,USD
141090,6505449455926,Cattasaurus - shoproxstore - Shopify,direct_to_consumer,fulfilled,2025-03-20,2025-03-22,2025-03-20,PA2,FedEx,1,1,25.26,2.63,0.0,27.89,shipmonk_estimate,USD
141091,6505453977910,Cattasaurus - shoproxstore - Shopify,direct_to_consumer,fulfilled,2025-03-20,2025-03-22,2025-03-20,PA2,FedEx,1,1,16.71,2.63,0.0,19.34,shipmonk_estimate,USD
141092,6505467576630,Cattasaurus - shoproxstore - Shopify,direct_to_consumer,fulfilled,2025-03-20,2025-03-22,2025-03-20,PA2,FedEx,1,1,16.73,2.63,0.0,19.36,shipmonk_estimate,USD
141094,6505489563958,Cattasaurus - shoproxstore - Shopify,direct_to_consumer,fulfilled,2025-03-20,2025-07-12,2025-03-20,PA2,FedEx,1,1,15.89,7.5,0.0,23.39,shipmonk_estimate,USD
141094_1,68047daa-ea4e-4874-8bd7-6e54764ac1a4,Cattasaurus - shoproxstore - Shopify,direct_to_consumer,fulfilled,2025-03-20,2025-07-12,2025-03-20,PA2,FedEx,1,1,11.6,2.5,0.0,14.1,shipmonk_estimate,USD
141095,6505524724022,Cattasaurus - shoproxstore - Shopify,direct_to_consumer,fulfilled,2025-03-20,2025-03-22,2025-03-20,PA2,UPS,1,1,18.24,2.63,0.0,20.87,shipmonk_estimate,USD
141098,6505836675382,Cattasaurus - shoproxstore - Shopify,direct_to_consumer,fulfilled,2025-03-20,2025-03-22,2025-03-20,PA2,FedEx,1,1,16.71,2.63,0.0,19.34,shipmonk_estimate,USD
141099,6505861972278,Cattasaurus - shoproxstore - Shopify,direct_to_consumer,fulfilled,2025-03-20,2025-03-22,2025-03-20,PA2,FedEx,2,1,23.73,3.0,0.0,26.73,shipmonk_estimate,USD
141100,6505863676214,Cattasaurus - shoproxstore - Shopify,direct_to_consumer,fulfilled,2025-03-20,2025-03-22,2025-03-20,PA2,FedEx,1,1,16.73,2.63,0.0,19.36,shipmonk_estimate,USD
141102,6505891430710,Cattasaurus - shoproxstore - Shopify,direct_to_consumer,fulfilled,2025-03-20,2025-03-22,2025-03-20,PA2,FedEx,1,1,13.03,2.26,0.0,15.29,shipmonk_estimate,USD
141103,6505898344758,Cattasaurus - shoproxstore - Shopify,direct_to_consumer,fulfilled,2025-03-20,2025-03-22,2025-03-20,PA2,FedEx,1,1,16.71,2.26,0.0,18.97,shipmonk_estimate,USD
141105,6505926754614,Cattasaurus - shoproxstore - Shopify,direct_to_consumer,fulfilled,2025-03-20,2025-03-22,2025-03-20,PA2,FedEx,1,1,16.73,2.63,0.0,19.36,shipmonk_estimate,USD
141107,6505984098614,Cattasaurus - shoproxstore - Shopify,direct_to_consumer,fulfilled,2025-03-20,2025-03-22,2025-03-20,PA2,FedEx,1,1,16.73,2.63,0.0,19.36,shipmonk_estimate,USD
141108,6505984885046,Cattasaurus - shoproxstore - Shopify,direct_to_consumer,fulfilled,2025-03-20,2025-03-22,2025-03-20,PA2,FedEx,1,1,13.03,2.26,0.0,15.29,shipmonk_estimate,USD
141109_1,ec57326d-843b-4d00-9fad-9d305022f012,Cattasaurus - shoproxstore - Shopify,direct_to_consumer,fulfilled,2025-03-20,2025-03-23,2025-03-20,PA2,DHL eCommerce,1,1,5.41,1.89,0.0,7.3,shipmonk_estimate,USD
141110,6505987473718,Cattasaurus - shoproxstore - Shopify,direct_to_consumer,fulfilled,2025-03-20,2025-03-24,2025-03-20,NV3,FedEx,1,1,27.72,2.63,0.0,30.35,shipmonk_estimate,USD
141111,6505995534646,Cattasaurus - shoproxstore - Shopify,direct_to_consumer,fulfilled,2025-03-20,2025-03-22,2025-03-20,PA2,FedEx,1,1,14.08,2.63,0.0,16.71,shipmonk_estimate,USD
141112,6506038329654,Cattasaurus - shoproxstore - Shopify,direct_to_consumer,fulfilled,2025-03-20,2025-03-22,2025-03-20,PA2,FedEx,1,1,13.03,2.63,0.0,15.66,shipmonk_estimate,USD
141113,6506038690102,Cattasaurus - shoproxstore - Shopify,direct_to_consumer,fulfilled,2025-03-20,2025-03-22,2025-03-20,PA2,FedEx,1,1,25.68,2.26,0.0,27.94,shipmonk_estimate,USD
141116,6506122150198,Cattasaurus - shoproxstore - Shopify,direct_to_consumer,fulfilled,2025-03-20,2025-03-22,2025-03-20,PA2,FedEx,1,1,19.47,2.63,0.0,22.1,shipmonk_estimate,USD
141117,6506123985206,Cattasaurus - shoproxstore - Shopify,direct_to_consumer,fulfilled,2025-03-20,2025-03-23,2025-03-20,PA2,FedEx,1,1,20.37,2.26,0.0,22.63,shipmonk_estimate,USD
141121,6506181493046,Cattasaurus - shoproxstore - Shopify,direct_to_consumer,fulfilled,2025-03-20,2025-03-22,2025-03-20,PA2,FedEx,2,1,27.15,3.0,0.0,30.15,shipmonk_estimate,USD
141122,6506211377462,Cattasaurus - shoproxstore - Shopify,direct_to_consumer,fulfilled,2025-03-20,2025-03-22,2025-03-20,PA2,FedEx,1,1,13.85,4.11,0.0,17.96,shipmonk_estimate,USD
141130,6506383409462,Cattasaurus - shoproxstore - Shopify,direct_to_consumer,fulfilled,2025-03-20,2025-03-22,2025-03-20,PA2,FedEx,1,1,23.73,2.63,0.0,26.36,shipmonk_estimate,USD
138176-01,5686dbf6-3370-4385-a135-36dedfd9440a,Cattasaurus - shoproxstore - Shopify,direct_to_consumer,fulfilled,2025-03-21,2025-03-22,2025-03-21,PA2,FedEx,1,1,15.23,2.63,0.0,17.86,shipmonk_estimate,USD
139528-01,0d5c954b-bb11-4e05-9438-a262b0d916b5,Cattasaurus - shoproxstore - Shopify,direct_to_consumer,fulfilled,2025-03-21,2025-03-22,2025-03-21,PA2,FedEx,1,1,19.47,2.63,0.0,22.1,shipmonk_estimate,USD
141133,6506579722550,Cattasaurus - shoproxstore - Shopify,direct_to_consumer,fulfilled,2025-03-21,2025-03-23,2025-03-21,PA2,FedEx,1,1,14.08,2.26,0.0,16.34,shipmonk_estimate,USD
141135,6506630414646,Cattasaurus - shoproxstore - Shopify,direct_to_consumer,fulfilled,2025-03-21,2025-03-23,2025-03-21,PA2,FedEx,1,1,16.71,2.26,0.0,18.97,shipmonk_estimate,USD
141136,6506646995254,Cattasaurus - shoproxstore - Shopify,direct_to_consumer,fulfilled,2025-03-21,2025-03-23,2025-03-21,PA2,FedEx,1,1,13.03,2.26,0.0,15.29,shipmonk_estimate,USD
141137,6506653286710,Cattasaurus - shoproxstore - Shopify,direct_to_consumer,fulfilled,2025-03-21,2025-03-22,2025-03-21,PA2,FedEx,1,1,16.73,2.63,0.0,19.36,shipmonk_estimate,USD
141138,6506666754358,Cattasaurus - shoproxstore - Shopify,direct_to_consumer,fulfilled,2025-03-21,2025-03-22,2025-03-21,PA2,UPS,1,1,18.24,4.11,0.0,22.35,shipmonk_estimate,USD
141139,6506694836534,Cattasaurus - shoproxstore - Shopify,direct_to_consumer,fulfilled,2025-03-21,2025-03-23,2025-03-21,PA2,UPS,1,1,15.39,2.26,0.0,17.65,shipmonk_estimate,USD
141140,6506717118774,Cattasaurus - shoproxstore - Shopify,direct_to_consumer,fulfilled,2025-03-21,2025-03-23,2025-03-21,PA2,FedEx,2,1,16.73,3.0,0.0,19.73,shipmonk_estimate,USD
141141,6506725540150,Cattasaurus - shoproxstore - Shopify,direct_to_consumer,fulfilled,2025-03-21,2025-03-24,2025-03-21,NV3,USPS,1,1,19.39,2.63,0.0,22.02,shipmonk_estimate,USD
141144,6506760962358,Cattasaurus - shoproxstore - Shopify,direct_to_consumer,fulfilled,2025-03-21,2025-03-23,2025-03-21,PA2,FedEx,1,1,21.0,2.26,0.0,23.26,shipmonk_estimate,USD
141147,6506816012598,Cattasaurus - shoproxstore - Shopify,direct_to_consumer,fulfilled,2025-03-21,2025-03-23,2025-03-21,PA2,FedEx,2,1,13.15,2.63,0.0,15.78,shipmonk_estimate,USD
141149,6506833805622,Cattasaurus - shoproxstore - Shopify,direct_to_consumer,fulfilled,2025-03-21,2025-03-23,2025-03-21,PA2,UPS,1,1,15.61,2.26,0.0,17.87,shipmonk_estimate,USD
141150_1,3c4933a3-d61e-4c88-843a-6358dc32f9ae,Cattasaurus - shoproxstore - Shopify,direct_to_consumer,fulfilled,2025-03-21,2025-03-23,2025-03-21,PA2,USPS,1,1,4.89,1.89,0.3,7.08,shipmonk_estimate,USD
141151,6506875617590,Cattasaurus - shoproxstore - Shopify,direct_to_consumer,fulfilled,2025-03-21,2025-03-23,2025-03-21,PA2,FedEx,1,1,16.73,2.26,0.0,18.99,shipmonk_estimate,USD
141152,6506893705526,Cattasaurus - shoproxstore - Shopify,direct_to_consumer,fulfilled,2025-03-21,2025-03-23,2025-03-21,PA2,FedEx,1,1,13.15,2.26,0.0,15.41,shipmonk_estimate,USD
141155,6506925785398,Cattasaurus - shoproxstore - Shopify,direct_to_consumer,fulfilled,2025-03-21,2025-03-23,2025-03-21,PA2,FedEx,2,1,16.77,2.63,0.0,19.4,shipmonk_estimate,USD
141157_1,0589b5b6-2438-4e60-895f-d2231f0b03b3,Cattasaurus - shoproxstore - Shopify,direct_to_consumer,fulfilled,2025-03-21,2025-03-23,2025-03-21,PA2,USPS,1,1,4.62,1.89,0.3,6.81,shipmonk_estimate,USD
141159,6506957275446,Cattasaurus - shoproxstore - Shopify,direct_to_consumer,fulfilled,2025-03-21,2025-03-23,2025-03-21,PA2,FedEx,1,1,14.08,2.26,0.0,16.34,shipmonk_estimate,USD
141161,6506975199542,Cattasaurus - shoproxstore - Shopify,direct_to_consumer,fulfilled,2025-03-21,2025-03-23,2025-03-21,PA2,FedEx,2,1,14.08,2.63,0.0,16.71,shipmonk_estimate,USD
141164_1,439ef9c7-7dd7-48c9-8164-ced67eda830c,Cattasaurus - shoproxstore - Shopify,direct_to_consumer,fulfilled,2025-03-21,2025-03-23,2025-03-21,PA2,DHL eCommerce,1,1,5.41,2.26,0.5,8.17,shipmonk_estimate,USD
141168,6507027956022,Cattasaurus - shoproxstore - Shopify,direct_to_consumer,fulfilled,2025-03-21,2025-03-23,2025-03-21,PA2,UPS,1,1,15.82,2.63,0.0,18.45,shipmonk_estimate,USD
141169,6507042013494,Cattasaurus - shoproxstore - Shopify,direct_to_consumer,fulfilled,2025-03-21,2025-03-23,2025-03-21,PA2,FedEx,1,1,18.27,2.26,0.0,20.53,shipmonk_estimate,USD
141170,6507053809974,Cattasaurus - shoproxstore - Shopify,direct_to_consumer,fulfilled,2025-03-21,2025-03-23,2025-03-21,PA2,UPS,1,1,15.39,2.26,0.0,17.65,shipmonk_estimate,USD
141171,6507089690934,Cattasaurus - shoproxstore - Shopify,direct_to_consumer,fulfilled,2025-03-21,2025-03-23,2025-03-21,PA2,FedEx,1,1,25.26,2.26,0.0,27.52,shipmonk_estimate,USD
141172,6507093786934,Cattasaurus - shoproxstore - Shopify,direct_to_consumer,fulfilled,2025-03-21,2025-03-23,2025-03-21,PA2,FedEx,1,1,19.47,2.26,0.0,21.73,shipmonk_estimate,USD
141173,6507095425334,Cattasaurus - shoproxstore - Shopify,direct_to_consumer,fulfilled,2025-03-21,2025-03-23,2025-03-21,PA2,FedEx,2,1,16.77,2.63,0.0,19.4,shipmonk_estimate,USD
141174,6507124916534,Cattasaurus - shoproxstore - Shopify,direct_to_consumer,fulfilled,2025-03-21,2025-03-24,2025-03-21,NV3,FedEx,1,1,20.53,2.26,0.0,22.79,shipmonk_estimate,USD
141175,6507127570742,Cattasaurus - shoproxstore - Shopify,direct_to_consumer,fulfilled,2025-03-21,2025-07-13,2025-03-21,PA2,OnTrac,1,1,11.02,2.5,0.0,13.52,shipmonk_estimate,USD
141178,6507139105078,Cattasaurus - shoproxstore - Shopify,direct_to_consumer,fulfilled,2025-03-21,2025-03-23,2025-03-21,PA2,FedEx,1,1,16.71,2.26,0.0,18.97,shipmonk_estimate,USD
141180,6507177607478,Cattasaurus - shoproxstore - Shopify,direct_to_consumer,fulfilled,2025-03-21,2025-03-21,2025-03-21,PA2,DHL eCommerce,2,1,10.01,2.26,0.5,12.77,shipmonk_estimate,USD
141181,6507177836854,Cattasaurus - shoproxstore - Shopify,direct_to_consumer,fulfilled,2025-03-21,2025-03-23,2025-03-21,PA2,FedEx,1,1,16.77,2.26,0.0,19.03,shipmonk_estimate,USD
141183,6507212865846,Cattasaurus - shoproxstore - Shopify,direct_to_consumer,fulfilled,2025-03-21,2025-03-23,2025-03-21,PA2,FedEx,1,1,21.0,2.26,0.0,23.26,shipmonk_estimate,USD
141184_1,36665bde-eca3-464f-9dfb-3a52f42504a7,Cattasaurus - shoproxstore - Shopify,direct_to_consumer,fulfilled,2025-03-21,2025-03-24,2025-03-21,PA2,DHL eCommerce,1,1,5.61,1.89,0.0,7.5,shipmonk_estimate,USD
141186,6507242291510,Cattasaurus - shoproxstore - Shopify,direct_to_consumer,fulfilled,2025-03-21,2025-03-25,2025-03-21,PA2,OnTrac,1,1,23.73,2.26,0.0,25.99,shipmonk_estimate,USD
141186_1,6ff84934-dd34-43bb-9561-f92c4f6c222b,Cattasaurus - shoproxstore - Shopify,direct_to_consumer,fulfilled,2025-03-21,2025-03-24,2025-03-21,NV3,DHL eCommerce,1,1,5.77,1.89,0.0,7.66,shipmonk_estimate,USD
141186_2,b284fba3-4d0d-4fc4-8e8c-ce96b5645fd3,Cattasaurus - shoproxstore - Shopify,direct_to_consumer,fulfilled,2025-03-21,2025-03-25,2025-03-21,PA2,OnTrac,1,1,23.73,2.26,0.0,25.99,shipmonk_estimate,USD
141186_3,63145691-0f4a-4ddb-8248-2fffe4a2f66d,Cattasaurus - shoproxstore - Shopify,direct_to_consumer,fulfilled,2025-03-21,2025-03-25,2025-03-21,PA2,OnTrac,1,1,23.73,2.26,0.0,25.99,shipmonk_estimate,USD
141187,6507261100342,Cattasaurus - shoproxstore - Shopify,direct_to_consumer,fulfilled,2025-03-21,2025-03-23,2025-03-21,PA2,FedEx,1,1,13.15,2.26,0.0,15.41,shipmonk_estimate,USD
141188,6507292295478,Cattasaurus - shoproxstore - Shopify,direct_to_consumer,fulfilled,2025-03-21,2025-03-23,2025-03-21,PA2,FedEx,1,1,16.71,2.26,0.0,18.97,shipmonk_estimate,USD
141189,6507300356406,Cattasaurus - shoproxstore - Shopify,direct_to_consumer,fulfilled,2025-03-21,2025-03-23,2025-03-21,PA2,FedEx,1,1,15.23,1.89,0.0,17.12,shipmonk_estimate,USD
141190,6507301306678,Cattasaurus - shoproxstore - Shopify,direct_to_consumer,fulfilled,2025-03-21,2025-03-23,2025-03-21,PA2,FedEx,1,1,16.71,2.26,0.0,18.97,shipmonk_estimate,USD
141191_1,50e9225c-62c0-4f9d-9434-c7c436812625,Cattasaurus - shoproxstore - Shopify,direct_to_consumer,fulfilled,2025-03-21,2025-03-23,2025-03-21,PA2,USPS,1,1,4.62,1.89,0.5,7.01,shipmonk_estimate,USD
141194_1,10525e0a-dbde-4cc5-af31-2e39062c610d,Cattasaurus - shoproxstore - Shopify,direct_to_consumer,fulfilled,2025-03-21,2025-03-23,2025-03-21,PA2,USPS,1,1,4.62,1.89,0.5,7.01,shipmonk_estimate,USD
141196,6507361337654,Cattasaurus - shoproxstore - Shopify,direct_to_consumer,fulfilled,2025-03-21,2025-03-23,2025-03-21,PA2,UPS,1,1,18.24,2.26,0.0,20.5,shipmonk_estimate,USD
141197,6507370742070,Cattasaurus - shoproxstore - Shopify,direct_to_consumer,fulfilled,2025-03-21,2025-03-23,2025-03-21,PA2,FedEx,1,1,13.03,2.26,0.0,15.29,shipmonk_estimate,USD
141198,6507377099062,Cattasaurus - shoproxstore - Shopify,direct_to_consumer,fulfilled,2025-03-21,2025-03-23,2025-03-21,PA2,FedEx,1,1,13.03,1.89,0.0,14.92,shipmonk_estimate,USD
141200,6507424153910,Cattasaurus - shoproxstore - Shopify,direct_to_consumer,fulfilled,2025-03-21,2025-03-23,2025-03-21,PA2,FedEx,1,1,16.71,2.26,0.0,18.97,shipmonk_estimate,USD
141206,6507543986486,Cattasaurus - shoproxstore - Shopify,direct_to_consumer,fulfilled,2025-03-21,2025-03-23,2025-03-21,PA2,FedEx,1,1,13.85,2.26,0.0,16.11,shipmonk_estimate,USD
141207,6507557749046,Cattasaurus - shoproxstore - Shopify,direct_to_consumer,fulfilled,2025-03-21,2025-03-23,2025-03-21,PA2,UPS,2,1,14.68,2.63,0.0,17.31,shipmonk_estimate,USD
141208,6507567350070,Cattasaurus - shoproxstore - Shopify,direct_to_consumer,fulfilled,2025-03-21,2025-03-23,2025-03-21,PA2,FedEx,1,1,14.08,2.26,0.0,16.34,shipmonk_estimate,USD
141209,6507574165814,Cattasaurus - shoproxstore - Shopify,direct_to_consumer,fulfilled,2025-03-21,2025-03-23,2025-03-21,PA2,FedEx,1,1,16.71,2.26,0.0,18.97,shipmonk_estimate,USD
141211,6507578163510,Cattasaurus - shoproxstore - Shopify,direct_to_consumer,fulfilled,2025-03-21,2025-03-23,2025-03-21,PA2,FedEx,1,1,14.08,2.26,0.0,16.34,shipmonk_estimate,USD
141213,6507618992438,Cattasaurus - shoproxstore - Shopify,direct_to_consumer,fulfilled,2025-03-21,2025-03-23,2025-03-21,PA2,FedEx,1,1,21.0,2.26,0.0,23.26,shipmonk_estimate,USD
141214,6507621843254,Cattasaurus - shoproxstore - Shopify,direct_to_consumer,fulfilled,2025-03-21,2025-03-23,2025-03-21,PA2,UPS,1,1,18.24,2.26,0.0,20.5,shipmonk_estimate,USD
141216,6507666211126,Cattasaurus - shoproxstore - Shopify,direct_to_consumer,fulfilled,2025-03-21,2025-03-23,2025-03-21,PA2,FedEx,1,1,15.23,2.26,0.0,17.49,shipmonk_estimate,USD
141218,6507688231222,Cattasaurus - shoproxstore - Shopify,direct_to_consumer,fulfilled,2025-03-21,2025-03-23,2025-03-21,PA2,FedEx,4,2,37.66,5.26,0.0,42.92,shipmonk_estimate,USD
141224,6507722211638,Cattasaurus - shoproxstore - Shopify,direct_to_consumer,fulfilled,2025-03-21,2025-03-23,2025-03-21,PA2,FedEx,1,1,18.83,2.26,0.0,21.09,shipmonk_estimate,USD
141225,6507736858934,Cattasaurus - shoproxstore - Shopify,direct_to_consumer,fulfilled,2025-03-21,2025-03-23,2025-03-21,PA2,UPS,2,1,15.61,2.63,0.0,18.24,shipmonk_estimate,USD
141226,6507777360182,Cattasaurus - shoproxstore - Shopify,direct_to_consumer,fulfilled,2025-03-21,2025-03-23,2025-03-21,PA2,FedEx,1,1,16.71,2.63,0.0,19.34,shipmonk_estimate,USD
141229,6507801379126,Cattasaurus - shoproxstore - Shopify,direct_to_consumer,fulfilled,2025-03-21,2025-03-23,2025-03-21,PA2,FedEx,1,1,18.27,2.26,0.0,20.53,shipmonk_estimate,USD
141231,6507824480566,Cattasaurus - shoproxstore - Shopify,direct_to_consumer,fulfilled,2025-03-21,2025-03-23,2025-03-21,PA2,FedEx,1,1,18.27,2.26,0.0,20.53,shipmonk_estimate,USD
141232,6507828314422,Cattasaurus - shoproxstore - Shopify,direct_to_consumer,fulfilled,2025-03-21,2025-03-23,2025-03-21,PA2,FedEx,1,1,15.23,2.26,0.0,17.49,shipmonk_estimate,USD
141233,6507835883830,Cattasaurus - shoproxstore - Shopify,direct_to_consumer,fulfilled,2025-03-21,2025-03-23,2025-03-21,PA2,UPS,1,1,15.39,2.63,0.0,18.02,shipmonk_estimate,USD
141236_1,ddd7f810-838f-4ca0-a40f-896ed85c8aad,Cattasaurus - shoproxstore - Shopify,direct_to_consumer,fulfilled,2025-03-21,2025-03-23,2025-03-21,PA2,USPS,1,1,4.64,1.89,0.5,7.03,shipmonk_estimate,USD
141237,6507884151094,Cattasaurus - shoproxstore - Shopify,direct_to_consumer,fulfilled,2025-03-21,2025-03-23,2025-03-21,PA2,FedEx,1,1,18.27,2.26,0.0,20.53,shipmonk_estimate,USD
141243,6507937169718,Cattasaurus - shoproxstore - Shopify,direct_to_consumer,fulfilled,2025-03-21,2025-03-23,2025-03-21,PA2,FedEx,2,1,28.69,2.63,0.0,31.32,shipmonk_estimate,USD
141249,6508000379190,Cattasaurus - shoproxstore - Shopify,direct_to_consumer,fulfilled,2025-03-21,2025-03-23,2025-03-21,PA2,FedEx,1,1,21.0,2.26,0.0,23.26,shipmonk_estimate,USD
141251,6508052087094,Cattasaurus - shoproxstore - Shopify,direct_to_consumer,fulfilled,2025-03-21,2025-03-23,2025-03-21,PA2,FedEx,2,1,15.23,2.63,0.0,17.86,shipmonk_estimate,USD
141259_1,5e70ef88-3bd6-4d32-9d4f-e6ecf1766d0c,Cattasaurus - shoproxstore - Shopify,direct_to_consumer,fulfilled,2025-03-21,2025-03-23,2025-03-21,PA2,USPS,1,1,4.97,1.89,0.5,7.36,shipmonk_estimate,USD
141262_1,5158d446-6333-424f-8eda-93231d245021,Cattasaurus - shoproxstore - Shopify,direct_to_consumer,fulfilled,2025-03-21,2025-03-25,2025-03-21,NV3,DHL eCommerce,1,1,5.68,1.89,0.0,7.57,shipmonk_estimate,USD
141267_1,f9dfeac2-f9e2-4291-858d-faac1b743f5c,Cattasaurus - shoproxstore - Shopify,direct_to_consumer,fulfilled,2025-03-21,2025-03-23,2025-03-21,PA2,USPS,1,1,4.89,1.89,0.5,7.28,shipmonk_estimate,USD
141268,6508229755190,Cattasaurus - shoproxstore - Shopify,direct_to_consumer,fulfilled,2025-03-21,2025-03-23,2025-03-21,PA2,FedEx,1,1,16.77,2.26,0.0,19.03,shipmonk_estimate,USD
141270,6508252201270,Cattasaurus - shoproxstore - Shopify,direct_to_consumer,fulfilled,2025-03-21,2025-03-23,2025-03-21,PA2,FedEx,1,1,15.23,2.26,0.0,17.49,shipmonk_estimate,USD
141274,6508337889590,Cattasaurus - shoproxstore - Shopify,direct_to_consumer,fulfilled,2025-03-21,2025-03-23,2025-03-21,PA2,FedEx,1,1,16.73,2.26,0.0,18.99,shipmonk_estimate,USD
112-1772762-6085835,112-1772762-6085835,Cattasaurus - Amazon USA,direct_to_consumer,fulfilled,2025-03-22,2025-03-24,2025-03-22,NV3,FedEx,1,1,16.71,2.26,0.0,18.97,shipmonk_estimate,USD
141278,6508465160502,Cattasaurus - shoproxstore - Shopify,direct_to_consumer,fulfilled,2025-03-22,2025-03-23,2025-03-22,PA2,USPS,1,1,4.89,1.89,0.3,7.08,shipmonk_estimate,USD
141280,6508585976118,Cattasaurus - shoproxstore - Shopify,direct_to_consumer,fulfilled,2025-03-22,2025-07-07,2025-03-22,NV3,FedEx,1,1,17.36,2.5,0.0,19.86,shipmonk_estimate,USD
141282_1,7c810c17-34f9-4046-a5cd-454eb31f3ded,Cattasaurus - shoproxstore - Shopify,direct_to_consumer,fulfilled,2025-03-22,2025-03-24,2025-03-22,PA2,DHL eCommerce,1,1,5.61,1.89,0.0,7.5,shipmonk_estimate,USD
141284,6508654461238,Cattasaurus - shoproxstore - Shopify,direct_to_consumer,fulfilled,2025-03-22,2025-03-23,2025-03-22,PA2,UPS,1,1,18.27,2.26,0.0,20.53,shipmonk_estimate,USD
141285,6508703613238,Cattasaurus - shoproxstore - Shopify,direct_to_consumer,fulfilled,2025-03-22,2025-03-23,2025-03-22,PA2,FedEx,1,1,13.15,2.26,0.0,15.41,shipmonk_estimate,USD
141288,6508765053238,Cattasaurus - shoproxstore - Shopify,direct_to_consumer,fulfilled,2025-03-22,2025-03-23,2025-03-22,PA2,FedEx,1,1,13.15,2.26,0.0,15.41,shipmonk_estimate,USD
141293_1,a1ea693f-1293-4ec3-9b8a-b1fcdd1a7eb2,Cattasaurus - shoproxstore - Shopify,direct_to_consumer,fulfilled,2025-03-22,2025-03-24,2025-03-22,NV3,DHL eCommerce,1,1,5.77,1.89,0.0,7.66,shipmonk_estimate,USD
141295_1,18db8bdc-3786-4b5b-893f-e49c596d10d4,Cattasaurus - shoproxstore - Shopify,direct_to_consumer,fulfilled,2025-03-22,2025-03-24,2025-03-22,NV3,USPS,1,1,4.97,1.89,0.3,7.16,shipmonk_estimate,USD
141297,6508830949686,Cattasaurus - shoproxstore - Shopify,direct_to_consumer,fulfilled,2025-03-22,2025-03-23,2025-03-22,PA2,FedEx,1,1,19.47,2.26,0.0,21.73,shipmonk_estimate,USD
141299,6508834783542,Cattasaurus - shoproxstore - Shopify,direct_to_consumer,fulfilled,2025-03-22,2025-03-23,2025-03-22,PA2,FedEx,2,1,13.15,2.63,0.0,15.78,shipmonk_estimate,USD
141300,6508842221878,Cattasaurus - shoproxstore - Shopify,direct_to_consumer,fulfilled,2025-03-22,2025-03-23,2025-03-22,PA2,FedEx,1,1,16.73,2.26,0.0,18.99,shipmonk_estimate,USD
141309,6508895109430,Cattasaurus - shoproxstore - Shopify,direct_to_consumer,fulfilled,2025-03-22,2025-03-23,2025-03-22,PA2,DHL eCommerce,1,1,8.31,1.89,0.0,10.2,shipmonk_estimate,USD
141311,6508915589430,Cattasaurus - shoproxstore - Shopify,direct_to_consumer,fulfilled,2025-03-22,2025-03-23,2025-03-22,PA2,FedEx,1,1,16.73,2.26,0.0,18.99,shipmonk_estimate,USD
141316,6508952748342,Cattasaurus - shoproxstore - Shopify,direct_to_consumer,fulfilled,2025-03-22,2025-03-23,2025-03-22,PA2,FedEx,1,1,19.47,2.26,0.0,21.73,shipmonk_estimate,USD
141318_1,8dab593a-022f-48ff-a844-5aaa842cfb1b,Cattasaurus - shoproxstore - Shopify,direct_to_consumer,fulfilled,2025-03-22,2025-03-24,2025-03-22,NV3,DHL eCommerce,1,1,5.77,2.26,0.3,8.33,shipmonk_estimate,USD
141324,6509017104694,Cattasaurus - shoproxstore - Shopify,direct_to_consumer,fulfilled,2025-03-22,2025-03-24,2025-03-22,PA2,FedEx,2,1,21.0,2.26,0.0,23.26,shipmonk_estimate,USD
141328,6509030637878,Cattasaurus - shoproxstore - Shopify,direct_to_consumer,fulfilled,2025-03-22,2025-03-24,2025-03-22,PA2,FedEx,1,1,21.0,2.63,0.0,23.63,shipmonk_estimate,USD
141335,6509060456758,Cattasaurus - shoproxstore - Shopify,direct_to_consumer,fulfilled,2025-03-22,2025-03-24,2025-03-22,PA2,FedEx,1,1,18.27,2.63,0.0,20.9,shipmonk_estimate,USD
141338,6509078577462,Cattasaurus - shoproxstore - Shopify,direct_to_consumer,fulfilled,2025-03-22,2025-03-24,2025-03-22,PA2,FedEx,1,1,19.47,2.63,0.0,22.1,shipmonk_estimate,USD
141348,6509156565302,Cattasaurus - shoproxstore - Shopify,direct_to_consumer,fulfilled,2025-03-22,2025-03-24,2025-03-22,PA2,OnTrac,1,1,13.03,2.63,0.0,15.66,shipmonk_estimate,USD
141349,6509168820534,Cattasaurus - shoproxstore - Shopify,direct_to_consumer,fulfilled,2025-03-22,2025-03-24,2025-03-22,PA2,FedEx,1,1,13.15,2.26,0.0,15.41,shipmonk_estimate,USD
141355,6509278757174,Cattasaurus - shoproxstore - Shopify,direct_to_consumer,fulfilled,2025-03-22,2025-03-24,2025-03-22,PA2,UPS,2,1,15.61,3.0,0.0,18.61,shipmonk_estimate,USD
141364,6509350977846,Cattasaurus - shoproxstore - Shopify,direct_to_consumer,fulfilled,2025-03-22,2025-03-24,2025-03-22,PA2,FedEx,1,1,18.27,2.63,0.0,20.9,shipmonk_estimate,USD
141367,6509394821430,Cattasaurus - shoproxstore - Shopify,direct_to_consumer,fulfilled,2025-03-22,2025-03-24,2025-03-22,NV3,FedEx,1,1,24.14,2.26,0.0,26.4,shipmonk_estimate,USD
141368,6509406978358,Cattasaurus - shoproxstore - Shopify,direct_to_consumer,fulfilled,2025-03-22,2025-03-24,2025-03-22,PA2,FedEx,1,1,18.27,2.26,0.0,20.53,shipmonk_estimate,USD
141370,6509423198518,Cattasaurus - shoproxstore - Shopify,direct_to_consumer,fulfilled,2025-03-22,2025-03-24,2025-03-22,PA2,FedEx,1,1,14.08,2.63,0.0,16.71,shipmonk_estimate,USD
141371,6509436305718,Cattasaurus - shoproxstore - Shopify,direct_to_consumer,fulfilled,2025-03-22,2025-03-24,2025-03-22,PA2,FedEx,1,1,13.15,2.26,0.0,15.41,shipmonk_estimate,USD
141379,6509512163638,Cattasaurus - shoproxstore - Shopify,direct_to_consumer,fulfilled,2025-03-22,2025-03-24,2025-03-22,PA2,FedEx,1,1,18.27,2.63,0.0,20.9,shipmonk_estimate,USD
141380_1,32f8ea34-384f-4acc-b558-c019735cabab,Cattasaurus - shoproxstore - Shopify,direct_to_consumer,fulfilled,2025-03-22,2025-03-25,2025-03-22,NV3,DHL eCommerce,2,1,5.68,2.26,0.5,8.44,shipmonk_estimate,USD
141385_1,f33790ff-643a-449f-b93f-5b7edb17ce16,Cattasaurus - shoproxstore - Shopify,direct_to_consumer,fulfilled,2025-03-22,2025-03-25,2025-03-22,NV3,DHL eCommerce,1,1,5.1,1.89,0.3,7.29,shipmonk_estimate,USD
141388,6509623148854,Cattasaurus - shoproxstore - Shopify,direct_to_consumer,fulfilled,2025-03-22,2025-03-24,2025-03-22,PA2,FedEx,1,1,16.73,2.26,0.0,18.99,shipmonk_estimate,USD
141391,6509640581430,Cattasaurus - shoproxstore - Shopify,direct_to_consumer,fulfilled,2025-03-22,2025-03-24,2025-03-22,PA2,FedEx,1,1,15.23,2.63,0.0,17.86,shipmonk_estimate,USD
141397,6509706379574,Cattasaurus - shoproxstore - Shopify,direct_to_consumer,fulfilled,2025-03-22,2025-03-24,2025-03-22,PA2,FedEx,1,1,25.26,2.63,0.0,27.89,shipmonk_estimate,USD
141402_1,bf6ec4e1-dcb5-4eb1-a470-b3430551f627,Cattasaurus - shoproxstore - Shopify,direct_to_consumer,fulfilled,2025-03-22,2025-03-26,2025-03-22,PA2,DHL eCommerce,1,1,5.61,1.89,0.0,7.5,shipmonk_estimate,USD
141409,6509794820406,Cattasaurus - shoproxstore - Shopify,direct_to_consumer,fulfilled,2025-03-22,2025-03-24,2025-03-22,PA2,FedEx,2,1,19.47,3.0,0.0,22.47,shipmonk_estimate,USD
141412_1,65176a81-9c74-4a51-9b25-4788be230aec,Cattasaurus - shoproxstore - Shopify,direct_to_consumer,fulfilled,2025-03-22,2025-03-25,2025-03-22,NV3,DHL eCommerce,1,1,5.77,1.89,0.0,7.66,shipmonk_estimate,USD
141413,6509820707126,Cattasaurus - shoproxstore - Shopify,direct_to_consumer,fulfilled,2025-03-22,2025-03-24,2025-03-22,PA2,FedEx,1,1,21.0,2.63,0.0,23.63,shipmonk_estimate,USD
141418_1,59e2611b-8cd7-4df5-9bac-8e5c2d0d48b2,Cattasaurus - shoproxstore - Shopify,direct_to_consumer,fulfilled,2025-03-22,2025-03-25,2025-03-22,NV3,DHL eCommerce,2,1,4.97,2.26,0.3,7.53,shipmonk_estimate,USD
141429,6509910786358,Cattasaurus - shoproxstore - Shopify,direct_to_consumer,fulfilled,2025-03-22,2025-03-24,2025-03-22,PA2,FedEx,1,1,18.27,2.26,0.0,20.53,shipmonk_estimate,USD
141432,6509930348854,Cattasaurus - shoproxstore - Shopify,direct_to_consumer,fulfilled,2025-03-22,2025-03-24,2025-03-22,PA2,FedEx,1,1,21.0,2.63,0.0,23.63,shipmonk_estimate,USD
141434,6509964788022,Cattasaurus - shoproxstore - Shopify,direct_to_consumer,fulfilled,2025-03-22,2025-03-24,2025-03-22,PA2,FedEx,2,2,41.68,4.89,0.0,46.57,shipmonk_estimate,USD
141435,6509968195894,Cattasaurus - shoproxstore - Shopify,direct_to_consumer,fulfilled,2025-03-22,2025-03-24,2025-03-22,PA2,FedEx,1,1,21.0,2.26,0.0,23.26,shipmonk_estimate,USD
141436,6509973307702,Cattasaurus - shoproxstore - Shopify,direct_to_consumer,fulfilled,2025-03-22,2025-03-24,2025-03-22,PA2,FedEx,1,1,27.72,3.0,0.0,30.72,shipmonk_estimate,USD
141438_1,658a6cf4-ebd2-4823-bac2-403410fee60f,Cattasaurus - shoproxstore - Shopify,direct_to_consumer,fulfilled,2025-03-22,2025-03-26,2025-03-22,PA2,USPS,1,1,4.97,1.89,0.3,7.16,shipmonk_estimate,USD
141441,6509988249910,Cattasaurus - shoproxstore - Shopify,direct_to_consumer,fulfilled,2025-03-22,2025-03-24,2025-03-22,PA2,FedEx,1,1,28.69,2.26,0.0,30.95,shipmonk_estimate,USD
141445,6510008238390,Cattasaurus - shoproxstore - Shopify,direct_to_consumer,fulfilled,2025-03-22,2025-03-24,2025-03-22,PA2,FedEx,1,1,13.15,2.26,0.0,15.41,shipmonk_estimate,USD
141447,6510010106166,Cattasaurus - shoproxstore - Shopify,direct_to_consumer,fulfilled,2025-03-22,2025-03-24,2025-03-22,PA2,FedEx,1,1,16.73,2.26,0.0,18.99,shipmonk_estimate,USD
141453,6510050410806,Cattasaurus - shoproxstore - Shopify,direct_to_consumer,fulfilled,2025-03-22,2025-03-24,2025-03-22,PA2,FedEx,3,2,55.44,5.26,0.0,60.7,shipmonk_estimate,USD
141460_1,487623e9-006e-4110-b131-8a3c24ac210c,Cattasaurus - shoproxstore - Shopify,direct_to_consumer,fulfilled,2025-03-22,2025-03-25,2025-03-22,PA2,DHL eCommerce,2,1,5.68,2.26,0.5,8.44,shipmonk_estimate,USD
141465,6510134657334,Cattasaurus - shoproxstore - Shopify,direct_to_consumer,fulfilled,2025-03-22,2025-03-24,2025-03-22,PA2,FedEx,1,1,23.73,2.63,0.0,26.36,shipmonk_estimate,USD
141468,6510155792694,Cattasaurus - shoproxstore - Shopify,direct_to_consumer,fulfilled,2025-03-22,2025-03-24,2025-03-22,PA2,FedEx,1,1,23.73,2.63,0.0,26.36,shipmonk_estimate,USD
141473,6510253801782,Cattasaurus - shoproxstore - Shopify,direct_to_consumer,fulfilled,2025-03-22,2025-03-24,2025-03-22,PA2,OnTrac,1,1,16.73,2.63,0.0,19.36,shipmonk_estimate,USD
141474,6510253900086,Cattasaurus - shoproxstore - Shopify,direct_to_consumer,fulfilled,2025-03-22,2025-03-24,2025-03-22,PA2,OnTrac,1,1,23.73,2.63,0.0,26.36,shipmonk_estimate,USD
141479,6510321336630,Cattasaurus - shoproxstore - Shopify,direct_to_consumer,fulfilled,2025-03-22,2025-03-24,2025-03-22,NV3,FedEx,1,1,17.42,2.63,0.0,20.05,shipmonk_estimate,USD
111-5535601-8668207,111-5535601-8668207,Cattasaurus - Amazon USA,direct_to_consumer,fulfilled,2025-03-23,2025-03-23,2025-03-23,PA2,FedEx,1,1,18.27,2.26,0.0,20.53,shipmonk_estimate,USD
112-1441935-9718608,112-1441935-9718608,Cattasaurus - Amazon USA,direct_to_consumer,fulfilled,2025-03-23,2025-03-24,2025-03-23,NV3,FedEx,1,1,16.77,2.26,0.0,19.03,shipmonk_estimate,USD
141497,6510780252470,Cattasaurus - shoproxstore - Shopify,direct_to_consumer,fulfilled,2025-03-23,2025-03-24,2025-03-23,PA2,OnTrac,1,1,16.73,2.63,0.0,19.36,shipmonk_estimate,USD
141499,6510790312246,Cattasaurus - shoproxstore - Shopify,direct_to_consumer,fulfilled,2025-03-23,2025-03-24,2025-03-23,PA2,OnTrac,3,1,16.73,3.74,0.0,20.47,shipmonk_estimate,USD
141500,6510790869302,Cattasaurus - shoproxstore - Shopify,direct_to_consumer,fulfilled,2025-03-23,2025-03-24,2025-03-23,PA2,FedEx,1,1,15.2,2.63,0.0,17.83,shipmonk_estimate,USD
141508,6510839038262,Cattasaurus - shoproxstore - Shopify,direct_to_consumer,fulfilled,2025-03-23,2025-03-24,2025-03-23,PA2,FedEx,2,1,21.0,3.0,0.0,24.0,shipmonk_estimate,USD
141512_1,5d72e912-30eb-41cb-a0fa-946dc29dd053,Cattasaurus - shoproxstore - Shopify,direct_to_consumer,fulfilled,2025-03-23,2025-03-25,2025-03-23,NV3,DHL eCommerce,2,1,8.31,3.0,0.5,11.81,shipmonk_estimate,USD
141513_1,5b6200ee-18f3-4e72-a8cc-3bc190fb1714,Cattasaurus - shoproxstore - Shopify,direct_to_consumer,fulfilled,2025-03-23,2025-03-26,2025-03-23,PA2,USPS,1,1,4.89,1.89,0.3,7.08,shipmonk_estimate,USD
141515,6510895497526,Cattasaurus - shoproxstore - Shopify,direct_to_consumer,fulfilled,2025-03-23,2025-03-24,2025-03-23,PA2,FedEx,1,1,18.83,2.63,0.0,21.46,shipmonk_estimate,USD
141516,6510895694134,Cattasaurus - shoproxstore - Shopify,direct_to_consumer,fulfilled,2025-03-23,2025-03-24,2025-03-23,PA2,FedEx,1,1,19.47,2.63,0.0,22.1,shipmonk_estimate,USD
141517,6510902608182,Cattasaurus - shoproxstore - Shopify,direct_to_consumer,fulfilled,2025-03-23,2025-03-24,2025-03-23,PA2,OnTrac,1,1,18.27,2.63,0.0,20.9,shipmonk_estimate,USD
141520,6510917484854,Cattasaurus - shoproxstore - Shopify,direct_to_consumer,fulfilled,2025-03-23,2025-03-25,2025-03-23,PA2,FedEx,1,1,19.47,1.89,0.0,21.36,shipmonk_estimate,USD
141522,6510921122102,Cattasaurus - shoproxstore - Shopify,direct_to_consumer,fulfilled,2025-03-23,2025-03-24,2025-03-23,PA2,FedEx,1,1,18.27,2.63,0.0,20.9,shipmonk_estimate,USD
141524,6510950580534,Cattasaurus - shoproxstore - Shopify,direct_to_consumer,fulfilled,2025-03-23,2025-03-24,2025-03-23,PA2,DHL eCommerce,1,1,5.1,1.89,0.3,7.29,shipmonk_estimate,USD
141525,6510972666166,Cattasaurus - shoproxstore - Shopify,direct_to_consumer,fulfilled,2025-03-23,2025-03-24,2025-03-23,PA2,FedEx,1,1,16.77,2.63,0.0,19.4,shipmonk_estimate,USD
141533,6511091056950,Cattasaurus - shoproxstore - Shopify,direct_to_consumer,fulfilled,2025-03-23,2025-03-25,2025-03-23,PA2,FedEx,1,1,25.26,2.63,0.0,27.89,shipmonk_estimate,USD
141536,6511117009206,Cattasaurus - shoproxstore - Shopify,direct_to_consumer,fulfilled,2025-03-23,2025-03-25,2025-03-23,PA2,OnTrac,1,1,16.73,2.63,0.0,19.36,shipmonk_estimate,USD
141538,6511124840758,Cattasaurus - shoproxstore - Shopify,direct_to_consumer,fulfilled,2025-03-23,2025-03-25,2025-03-23,PA2,OnTrac,1,1,14.68,2.26,0.0,16.94,shipmonk_estimate,USD
141544,6511208137014,Cattasaurus - shoproxstore - Shopify,direct_to_consumer,fulfilled,2025-03-23,2025-03-25,2025-03-23,PA2,FedEx,1,1,27.15,2.63,0.0,29.78,shipmonk_estimate,USD
141551_1,9457246c-31ea-43fc-b8a5-84e5c304a582,Cattasaurus - shoproxstore - Shopify,direct_to_consumer,fulfilled,2025-03-23,2025-03-25,2025-03-23,PA2,DHL eCommerce,1,1,5.68,2.26,0.5,8.44,shipmonk_estimate,USD
141557_1,aec1062d-6798-4211-891c-3b57a9e1d83a,Cattasaurus - shoproxstore - Shopify,direct_to_consumer,fulfilled,2025-03-23,2025-03-26,2025-03-23,PA2,USPS,1,1,4.62,1.89,0.3,6.81,shipmonk_estimate,USD
141559,6511402025270,Cattasaurus - shoproxstore - Shopify,direct_to_consumer,fulfilled,2025-03-23,2025-03-25,2025-03-23,PA2,OnTrac,1,1,13.15,2.26,0.0,15.41,shipmonk_estimate,USD
141561_1,42bcf0b4-c4b1-4c17-a9b2-a97443f34555,Cattasaurus - shoproxstore - Shopify,direct_to_consumer,fulfilled,2025-03-23,2025-03-25,2025-03-23,NV3,DHL eCommerce,1,1,5.61,1.89,0.0,7.5,shipmonk_estimate,USD
141563_1,705ccd7a-9acc-46d8-b7c8-0e85b17878d0,Cattasaurus - shoproxstore - Shopify,direct_to_consumer,fulfilled,2025-03-23,2025-03-26,2025-03-23,PA2,DHL eCommerce,1,1,5.68,1.89,0.0,7.57,shipmonk_estimate,USD
141565,6511467266358,Cattasaurus - shoproxstore - Shopify,direct_to_consumer,fulfilled,2025-03-23,2025-03-25,2025-03-23,PA2,FedEx,1,1,13.15,2.63,0.0,15.78,shipmonk_estimate,USD
141566,6511476179254,Cattasaurus - shoproxstore - Shopify,direct_to_consumer,fulfilled,2025-03-23,2025-03-25,2025-03-23,PA2,OnTrac,1,1,23.73,2.63,0.0,26.36,shipmonk_estimate,USD
141567,6511483617590,Cattasaurus - shoproxstore - Shopify,direct_to_consumer,fulfilled,2025-03-23,2025-03-25,2025-03-23,PA2,OnTrac,1,1,13.15,2.26,0.0,15.41,shipmonk_estimate,USD
141573,6511539814710,Cattasaurus - shoproxstore - Shopify,direct_to_consumer,fulfilled,2025-03-23,2025-03-25,2025-03-23,PA2,OnTrac,1,1,15.23,2.26,0.0,17.49,shipmonk_estimate,USD
141575,6511545680182,Cattasaurus - shoproxstore - Shopify,direct_to_consumer,fulfilled,2025-03-23,2025-03-25,2025-03-23,PA2,FedEx,1,1,27.15,2.63,0.0,29.78,shipmonk_estimate,USD
141579,6511561212214,Cattasaurus - shoproxstore - Shopify,direct_to_consumer,fulfilled,2025-03-23,2025-03-25,2025-03-23,PA2,FedEx,1,1,19.47,2.63,0.0,22.1,shipmonk_estimate,USD
141580_1,bcf96059-7c2d-4c9c-bfc8-964cc6ecfd6b,Cattasaurus - shoproxstore - Shopify,direct_to_consumer,fulfilled,2025-03-23,2025-03-26,2025-03-23,NV3,DHL eCommerce,2,1,8.31,3.0,0.5,11.81,shipmonk_estimate,USD
141583,6511603908918,Cattasaurus - shoproxstore - Shopify,direct_to_consumer,fulfilled,2025-03-23,2025-03-25,2025-03-23,PA2,OnTrac,2,1,15.23,3.0,0.0,18.23,shipmonk_estimate,USD
141584_1,7450c31a-e119-466f-821a-d09f24b13c0e,Cattasaurus - shoproxstore - Shopify,direct_to_consumer,fulfilled,2025-03-23,2025-03-25,2025-03-23,NV3,DHL eCommerce,1,1,5.68,1.89,0.0,7.57,shipmonk_estimate,USD
141586_1,0731d287-577b-4ab4-83d5-264edba66fba,Cattasaurus - shoproxstore - Shopify,direct_to_consumer,fulfilled,2025-03-23,2025-03-24,2025-03-23,NV3,USPS,1,1,4.64,1.89,0.3,6.83,shipmonk_estimate,USD
141589,6511649849654,Cattasaurus - shoproxstore - Shopify,direct_to_consumer,fulfilled,2025-03-23,2025-03-25,2025-03-23,PA2,USPS,1,1,26.31,2.63,0.0,28.94,shipmonk_estimate,USD
141593_1,fa45c365-b8f5-44f9-80fe-b68ba553e593,Cattasaurus - shoproxstore - Shopify,direct_to_consumer,fulfilled,2025-03-23,2025-03-26,2025-03-23,PA2,USPS,1,1,4.89,1.89,0.3,7.08,shipmonk_estimate,USD
141595,6511690678582,Cattasaurus - shoproxstore - Shopify,direct_to_consumer,fulfilled,2025-03-23,2025-03-25,2025-03-23,PA2,OnTrac,1,1,16.73,2.26,0.0,18.99,shipmonk_estimate,USD
141598,6511720857910,Cattasaurus - shoproxstore - Shopify,direct_to_consumer,fulfilled,2025-03-23,2025-03-25,2025-03-23,PA2,OnTrac,2,1,13.03,2.26,0.0,15.29,shipmonk_estimate,USD
141604,6511761129782,Cattasaurus - shoproxstore - Shopify,direct_to_consumer,fulfilled,2025-03-23,2025-03-25,2025-03-23,PA2,FedEx,1,1,23.73,2.63,0.0,26.36,shipmonk_estimate,USD
141612,6511813591350,Cattasaurus - shoproxstore - Shopify,direct_to_consumer,fulfilled,2025-03-23,2025-03-25,2025-03-23,PA2,OnTrac,1,1,13.15,2.63,0.0,15.78,shipmonk_estimate,USD
141613,6511826338102,Cattasaurus - shoproxstore - Shopify,direct_to_consumer,fulfilled,2025-03-23,2025-03-25,2025-03-23,PA2,FedEx,1,1,16.73,2.26,0.0,18.99,shipmonk_estimate,USD
141616,6511868117302,Cattasaurus - shoproxstore - Shopify,direct_to_consumer,fulfilled,2025-03-23,2025-03-25,2025-03-23,PA2,OnTrac,1,1,23.73,2.63,0.0,26.36,shipmonk_estimate,USD
141619,6511869493558,Cattasaurus - shoproxstore - Shopify,direct_to_consumer,fulfilled,2025-03-23,2025-03-25,2025-03-23,PA2,OnTrac,1,1,13.15,2.26,0.0,15.41,shipmonk_estimate,USD
141620,6511873884470,Cattasaurus - shoproxstore - Shopify,direct_to_consumer,fulfilled,2025-03-23,2025-03-25,2025-03-23,PA2,FedEx,2,1,16.73,3.0,0.0,19.73,shipmonk_estimate,USD
141621,6511900918070,Cattasaurus - shoproxstore - Shopify,direct_to_consumer,fulfilled,2025-03-23,2025-03-25,2025-03-23,PA2,FedEx,1,1,16.77,2.26,0.0,19.03,shipmonk_estimate,USD
141637,6512132587830,Cattasaurus - shoproxstore - Shopify,direct_to_consumer,fulfilled,2025-03-23,2025-03-25,2025-03-23,PA2,OnTrac,1,1,28.69,2.26,0.0,30.95,shipmonk_estimate,USD
141638,6512137765174,Cattasaurus - shoproxstore - Shopify,direct_to_consumer,fulfilled,2025-03-23,2025-03-25,2025-03-23,PA2,OnTrac,1,1,16.77,2.63,0.0,19.4,shipmonk_estimate,USD
141646,6512312287542,Cattasaurus - shoproxstore - Shopify,direct_to_consumer,fulfilled,2025-03-23,2025-03-25,2025-03-23,PA2,OnTrac,1,1,23.73,2.63,0.0,26.36,shipmonk_estimate,USD
141651,6512405741878,Cattasaurus - shoproxstore - Shopify,direct_to_consumer,fulfilled,2025-03-23,2025-03-25,2025-03-23,PA2,OnTrac,1,1,23.73,2.63,0.0,26.36,shipmonk_estimate,USD
112-2050379-1345861,112-2050379-1345861,Cattasaurus - Amazon USA,direct_to_consumer,fulfilled,2025-03-24,2025-03-24,2025-03-24,NV3,FedEx,1,1,19.47,2.26,0.0,21.73,shipmonk_estimate,USD
131385-01,61f51273-0337-4898-9a89-3dd39c3c00f3,Cattasaurus - shoproxstore - Shopify,direct_to_consumer,fulfilled,2025-03-24,2025-03-25,2025-03-24,PA2,DHL eCommerce,1,1,4.79,1.89,0.0,6.68,shipmonk_estimate,USD
135830-01,8cd39004-f28b-4639-a643-9b3eb5bc8ebf,Cattasaurus - shoproxstore - Shopify,direct_to_consumer,fulfilled,2025-03-24,2025-03-25,2025-03-24,PA2,FedEx,1,1,19.47,2.63,0.0,22.1,shipmonk_estimate,USD
141655,6512518562102,Cattasaurus - shoproxstore - Shopify,direct_to_consumer,fulfilled,2025-03-24,2025-03-25,2025-03-24,PA2,FedEx,1,1,18.27,2.63,0.0,20.9,shipmonk_estimate,USD
141657,6512683811126,Cattasaurus - shoproxstore - Shopify,direct_to_consumer,fulfilled,2025-03-24,2025-03-25,2025-03-24,PA2,OnTrac,1,1,16.77,2.63,0.0,19.4,shipmonk_estimate,USD
141661,6512767500598,Cattasaurus - shoproxstore - Shopify,direct_to_consumer,fulfilled,2025-03-24,2025-03-25,2025-03-24,PA2,UPS,1,1,14.68,2.63,0.0,17.31,shipmonk_estimate,USD
141665,6512862167350,Cattasaurus - shoproxstore - Shopify,direct_to_consumer,fulfilled,2025-03-24,2025-03-25,2025-03-24,PA2,OnTrac,1,1,25.26,2.63,0.0,27.89,shipmonk_estimate,USD
141671,6512929603894,Cattasaurus - shoproxstore - Shopify,direct_to_consumer,fulfilled,2025-03-24,2025-03-25,2025-03-24,PA2,OnTrac,1,1,13.15,2.63,0.0,15.78,shipmonk_estimate,USD
141681,6513024532790,Cattasaurus - shoproxstore - Shopify,direct_to_consumer,fulfilled,2025-03-24,2025-03-25,2025-03-24,PA2,OnTrac,1,1,19.47,1.89,0.0,21.36,shipmonk_estimate,USD
141690,6513072636214,Cattasaurus - shoproxstore - Shopify,direct_to_consumer,fulfilled,2025-03-24,2025-03-26,2025-03-24,PA2,FedEx,1,1,23.73,2.63,0.0,26.36,shipmonk_estimate,USD
141691,6513083056438,Cattasaurus - shoproxstore - Shopify,direct_to_consumer,fulfilled,2025-03-24,2025-03-26,2025-03-24,PA2,OnTrac,2,1,15.23,3.0,0.0,18.23,shipmonk_estimate,USD
141693,6513101078838,Cattasaurus - shoproxstore - Shopify,direct_to_consumer,fulfilled,2025-03-24,2025-03-26,2025-03-24,PA2,OnTrac,1,1,13.15,2.63,0.0,15.78,shipmonk_estimate,USD
141698,6513162322230,Cattasaurus - shoproxstore - Shopify,direct_to_consumer,fulfilled,2025-03-24,2025-03-26,2025-03-24,PA2,OnTrac,1,1,15.23,2.63,0.0,17.86,shipmonk_estimate,USD
141703,6513235034422,Cattasaurus - shoproxstore - Shopify,direct_to_consumer,fulfilled,2025-03-24,2025-03-26,2025-03-24,PA2,OnTrac,1,1,19.47,2.63,0.0,22.1,shipmonk_estimate,USD
141705,6513245159734,Cattasaurus - shoproxstore - Shopify,direct_to_consumer,fulfilled,2025-03-24,2025-03-26,2025-03-24,PA2,OnTrac,1,1,13.15,2.63,0.0,15.78,shipmonk_estimate,USD
141714,6513413030198,Cattasaurus - shoproxstore - Shopify,direct_to_consumer,fulfilled,2025-03-24,2025-07-12,2025-03-24,PA2,OnTrac,1,1,11.6,2.5,0.0,14.1,shipmonk_estimate,USD
141719_1,6746746e-2ac5-42a7-a92e-03304ae35027,Cattasaurus - shoproxstore - Shopify,direct_to_consumer,fulfilled,2025-03-24,2025-03-26,2025-03-24,PA2,DHL eCommerce,1,1,5.68,1.89,0.0,7.57,shipmonk_estimate,USD
141725,6513562517814,Cattasaurus - shoproxstore - Shopify,direct_to_consumer,fulfilled,2025-03-24,2025-03-26,2025-03-24,PA2,OnTrac,2,1,15.23,3.37,0.0,18.6,shipmonk_estimate,USD
141726,6513571299638,Cattasaurus - shoproxstore - Shopify,direct_to_consumer,fulfilled,2025-03-24,2025-03-26,2025-03-24,PA2,OnTrac,1,1,23.73,2.63,0.0,26.36,shipmonk_estimate,USD
141739,6513832132918,Cattasaurus - shoproxstore - Shopify,direct_to_consumer,fulfilled,2025-03-24,2025-03-26,2025-03-24,PA2,OnTrac,2,1,16.77,3.0,0.0,19.77,shipmonk_estimate,USD
141741,6513844977974,Cattasaurus - shoproxstore - Shopify,direct_to_consumer,fulfilled,2025-03-24,2025-03-26,2025-03-24,PA2,FedEx,1,1,18.27,2.63,0.0,20.9,shipmonk_estimate,USD
141746,6513898619190,Cattasaurus - shoproxstore - Shopify,direct_to_consumer,fulfilled,2025-03-24,2025-03-26,2025-03-24,PA2,OnTrac,1,1,15.23,2.63,0.0,17.86,shipmonk_estimate,USD
141747_1,0ce8473d-0dfc-4ad6-9d5f-5e24de65ddc3,Cattasaurus - shoproxstore - Shopify,direct_to_consumer,fulfilled,2025-03-24,2025-03-26,2025-03-24,PA2,OnTrac,1,1,5.41,1.89,0.0,7.3,shipmonk_estimate,USD
141758,6514089623862,Cattasaurus - shoproxstore - Shopify,direct_to_consumer,fulfilled,2025-03-24,2025-03-26,2025-03-24,PA2,FedEx,1,1,23.73,2.63,0.0,26.36,shipmonk_estimate,USD
141766,6514264441142,Cattasaurus - shoproxstore - Shopify,direct_to_consumer,fulfilled,2025-03-24,2025-03-26,2025-03-24,PA2,FedEx,1,1,18.27,2.63,0.0,20.9,shipmonk_estimate,USD
141768,6514283446582,Cattasaurus - shoproxstore - Shopify,direct_to_consumer,fulfilled,2025-03-24,2025-03-26,2025-03-24,PA2,FedEx,1,1,21.0,2.63,0.0,23.63,shipmonk_estimate,USD
141770,6514312872246,Cattasaurus - shoproxstore - Shopify,direct_to_consumer,fulfilled,2025-03-24,2025-03-26,2025-03-24,PA2,FedEx,2,2,55.44,5.26,0.0,60.7,shipmonk_estimate,USD
141772_1,401dad27-a552-4b87-8213-9a419e5d8500,Cattasaurus - shoproxstore - Shopify,direct_to_consumer,fulfilled,2025-03-24,2025-03-26,2025-03-24,PA2,DHL eCommerce,2,1,4.89,2.26,0.3,7.45,shipmonk_estimate,USD
141778,6514425135414,Cattasaurus - shoproxstore - Shopify,direct_to_consumer,fulfilled,2025-03-24,2025-03-26,2025-03-24,PA2,OnTrac,1,1,13.15,2.63,0.0,15.78,shipmonk_estimate,USD
114-3899987-6173048,114-3899987-6173048,Cattasaurus - Amazon USA,direct_to_consumer,fulfilled,2025-03-25,2025-03-26,2025-03-25,PA2,USPS,1,1,4.97,1.89,0.3,7.16,shipmonk_estimate,USD
141783,6514849284406,Cattasaurus - shoproxstore - Shopify,direct_to_consumer,fulfilled,2025-03-25,2025-03-26,2025-03-25,PA2,FedEx,2,2,58.5,4.89,0.0,63.39,shipmonk_estimate,USD
141784_1,5980ebfa-99be-438a-80b7-18a8b6493314,Cattasaurus - shoproxstore - Shopify,direct_to_consumer,fulfilled,2025-03-25,2025-03-26,2025-03-25,PA2,OnTrac,2,1,6.35,2.26,0.5,9.11,shipmonk_estimate,USD
141788,6514919964982,Cattasaurus - shoproxstore - Shopify,direct_to_consumer,fulfilled,2025-03-25,2025-03-26,2025-03-25,PA2,FedEx,1,1,21.0,2.63,0.0,23.63,shipmonk_estimate,USD
141791,6514933760310,Cattasaurus - shoproxstore - Shopify,direct_to_consumer,fulfilled,2025-03-25,2025-03-27,2025-03-25,PA2,OnTrac,1,1,19.47,2.63,0.0,22.1,shipmonk_estimate,USD
141794,6514962628918,Cattasaurus - shoproxstore - Shopify,direct_to_consumer,fulfilled,2025-03-25,2025-03-26,2025-03-25,PA2,OnTrac,1,1,16.77,2.63,0.0,19.4,shipmonk_estimate,USD
141795,6514963644726,Cattasaurus - shoproxstore - Shopify,direct_to_consumer,fulfilled,2025-03-25,2025-03-26,2025-03-25,PA2,FedEx,1,1,18.27,2.63,0.0,20.9,shipmonk_estimate,USD
141802,6515069878582,Cattasaurus - shoproxstore - Shopify,direct_to_consumer,fulfilled,2025-03-25,2025-04-04,2025-03-25,PA2,OnTrac,1,1,18.24,2.63,0.0,20.87,shipmonk_estimate,USD
141803,6515074335030,Cattasaurus - shoproxstore - Shopify,direct_to_consumer,fulfilled,2025-03-25,2025-03-26,2025-03-25,PA2,OnTrac,3,1,14.68,3.37,0.0,18.05,shipmonk_estimate,USD
141805,6515107365174,Cattasaurus - shoproxstore - Shopify,direct_to_consumer,fulfilled,2025-03-25,2025-03-26,2025-03-25,PA2,OnTrac,1,1,13.15,2.63,0.0,15.78,shipmonk_estimate,USD
141806,6515126436150,Cattasaurus - shoproxstore - Shopify,direct_to_consumer,fulfilled,2025-03-25,2025-03-26,2025-03-25,PA2,FedEx,1,1,21.0,2.63,0.0,23.63,shipmonk_estimate,USD
141810,6515171066166,Cattasaurus - shoproxstore - Shopify,direct_to_consumer,fulfilled,2025-03-25,2025-03-26,2025-03-25,PA2,FedEx,1,1,19.47,2.63,0.0,22.1,shipmonk_estimate,USD
141815_1,375a6a63-3db7-45d7-b93d-786330d317bd,Cattasaurus - shoproxstore - Shopify,direct_to_consumer,fulfilled,2025-03-25,2025-03-26,2025-03-25,PA2,DHL eCommerce,2,1,6.68,2.63,0.5,9.81,shipmonk_estimate,USD
141818,6515240698166,Cattasaurus - shoproxstore - Shopify,direct_to_consumer,fulfilled,2025-03-25,2025-03-27,2025-03-25,PA2,UPS,1,1,14.68,2.63,0.0,17.31,shipmonk_estimate,USD
141818_1,614cdb69-69aa-48d2-91e4-10843ab4ed21,Cattasaurus - shoproxstore - Shopify,direct_to_consumer,fulfilled,2025-03-25,2025-03-28,2025-03-25,PA2,UPS,1,1,14.68,2.26,0.0,16.94,shipmonk_estimate,USD
141819,6515241582902,Cattasaurus - shoproxstore - Shopify,direct_to_consumer,fulfilled,2025-03-25,2025-03-26,2025-03-25,PA2,FedEx,1,1,22.2,2.63,0.0,24.83,shipmonk_estimate,USD
141820,6515244695862,Cattasaurus - shoproxstore - Shopify,direct_to_consumer,fulfilled,2025-03-25,2025-03-31,2025-03-25,NV3,FedEx,1,1,36.89,2.26,0.0,39.15,shipmonk_estimate,USD
141821,6515297780022,Cattasaurus - shoproxstore - Shopify,direct_to_consumer,fulfilled,2025-03-25,2025-03-26,2025-03-25,PA2,OnTrac,1,1,19.47,2.63,0.0,22.1,shipmonk_estimate,USD
141829,6515376292150,Cattasaurus - shoproxstore - Shopify,direct_to_consumer,fulfilled,2025-03-25,2025-03-26,2025-03-25,PA2,OnTrac,1,1,25.26,2.63,0.0,27.89,shipmonk_estimate,USD
141834_1,bbb8f7e8-2c20-4891-9a68-bebe9bf4035e,Cattasaurus - shoproxstore - Shopify,direct_to_consumer,fulfilled,2025-03-25,2025-03-26,2025-03-25,PA2,DHL eCommerce,1,1,5.68,1.89,0.0,7.57,shipmonk_estimate,USD
141840,6515448054070,Cattasaurus - shoproxstore - Shopify,direct_to_consumer,fulfilled,2025-03-25,2025-03-27,2025-03-25,PA2,OnTrac,1,1,18.27,2.63,0.0,20.9,shipmonk_estimate,USD
141844,6515477086518,Cattasaurus - shoproxstore - Shopify,direct_to_consumer,fulfilled,2025-03-25,2025-03-27,2025-03-25,PA2,OnTrac,1,1,14.08,2.26,0.0,16.34,shipmonk_estimate,USD
141847_1,b6b6174c-1d17-41d6-9da1-4e5b237373b7,Cattasaurus - shoproxstore - Shopify,direct_to_consumer,fulfilled,2025-03-25,2025-03-28,2025-03-25,PA2,USPS,1,1,4.97,1.89,0.3,7.16,shipmonk_estimate,USD
141849,6515549077814,Cattasaurus - shoproxstore - Shopify,direct_to_consumer,fulfilled,2025-03-25,2025-03-26,2025-03-25,PA2,FedEx,1,1,19.47,2.63,0.0,22.1,shipmonk_estimate,USD
141850,6515592724790,Cattasaurus - shoproxstore - Shopify,direct_to_consumer,fulfilled,2025-03-25,2025-03-27,2025-03-25,PA2,USPS,1,1,22.03,2.63,0.0,24.66,shipmonk_estimate,USD
141853,6515600916790,Cattasaurus - shoproxstore - Shopify,direct_to_consumer,fulfilled,2025-03-25,2025-03-27,2025-03-25,PA2,FedEx,1,1,13.15,2.26,0.0,15.41,shipmonk_estimate,USD
141857,6515693650230,Cattasaurus - shoproxstore - Shopify,direct_to_consumer,fulfilled,2025-03-25,2025-03-27,2025-03-25,PA2,OnTrac,1,1,22.07,2.63,0.0,24.7,shipmonk_estimate,USD
141860_1,02698d95-565d-4d22-b26f-94c16beb4e5d,Cattasaurus - shoproxstore - Shopify,direct_to_consumer,fulfilled,2025-03-25,2025-03-28,2025-03-25,PA2,USPS,1,1,4.64,1.89,0.3,6.83,shipmonk_estimate,USD
141862,6515725959478,Cattasaurus - shoproxstore - Shopify,direct_to_consumer,fulfilled,2025-03-25,2025-03-27,2025-03-25,PA2,FedEx,1,1,25.26,2.26,0.0,27.52,shipmonk_estimate,USD
141867,6515781632310,Cattasaurus - shoproxstore - Shopify,direct_to_consumer,fulfilled,2025-03-25,2025-03-27,2025-03-25,PA2,FedEx,2,1,19.47,3.0,0.0,22.47,shipmonk_estimate,USD
141871,6515800637750,Cattasaurus - shoproxstore - Shopify,direct_to_consumer,fulfilled,2025-03-25,2025-03-27,2025-03-25,PA2,FedEx,1,1,21.0,2.63,0.0,23.63,shipmonk_estimate,USD
141874,6515808502070,Cattasaurus - shoproxstore - Shopify,direct_to_consumer,fulfilled,2025-03-25,2025-03-27,2025-03-25,NV3,FedEx,1,2,47.46,4.52,0.0,51.98,shipmonk_estimate,USD
141875_1,bcb44193-ae41-46b1-aab2-bb8ac74ace77,Cattasaurus - shoproxstore - Shopify,direct_to_consumer,fulfilled,2025-03-25,2025-03-27,2025-03-25,NV3,DHL eCommerce,2,1,6.68,2.26,0.5,9.44,shipmonk_estimate,USD
141878,6515824492854,Cattasaurus - shoproxstore - Shopify,direct_to_consumer,fulfilled,2025-03-25,2025-03-27,2025-03-25,PA2,OnTrac,1,1,15.61,2.63,0.0,18.24,shipmonk_estimate,USD
141882_1,df5d6092-0199-47bb-8bbb-2b06dcae959c,Cattasaurus - shoproxstore - Shopify,direct_to_consumer,fulfilled,2025-03-25,2025-03-27,2025-03-25,PA2,DHL eCommerce,1,1,5.41,1.89,0.0,7.3,shipmonk_estimate,USD
141883,6515859128630,Cattasaurus - shoproxstore - Shopify,direct_to_consumer,fulfilled,2025-03-25,2025-03-27,2025-03-25,PA2,OnTrac,1,1,27.15,2.26,0.0,29.41,shipmonk_estimate,USD
141887,6515891011894,Cattasaurus - shoproxstore - Shopify,direct_to_consumer,fulfilled,2025-03-25,2025-03-27,2025-03-25,PA2,OnTrac,1,1,23.73,2.26,0.0,25.99,shipmonk_estimate,USD
141889,6515894878518,Cattasaurus - shoproxstore - Shopify,direct_to_consumer,fulfilled,2025-03-25,2025-03-27,2025-03-25,PA2,FedEx,1,1,18.27,2.26,0.0,20.53,shipmonk_estimate,USD
141891,6515897532726,Cattasaurus - shoproxstore - Shopify,direct_to_consumer,fulfilled,2025-03-25,2025-03-27,2025-03-25,PA2,OnTrac,1,1,19.47,2.63,0.0,22.1,shipmonk_estimate,USD
141892_1,1ac0b9cf-0ea7-4b03-baf4-d011e796ef65,Cattasaurus - shoproxstore - Shopify,direct_to_consumer,fulfilled,2025-03-25,2025-03-27,2025-03-25,NV3,USPS,1,1,4.64,1.89,0.3,6.83,shipmonk_estimate,USD
141894,6515913916726,Cattasaurus - shoproxstore - Shopify,direct_to_consumer,fulfilled,2025-03-25,2025-03-27,2025-03-25,PA2,OnTrac,1,1,16.73,1.89,0.0,18.62,shipmonk_estimate,USD
141895,6515926401334,Cattasaurus - shoproxstore - Shopify,direct_to_consumer,fulfilled,2025-03-25,2025-03-27,2025-03-25,PA2,FedEx,1,1,21.0,2.26,0.0,23.26,shipmonk_estimate,USD
141897_1,fc729af0-32f9-4972-80cc-1182dc7fa8f3,Cattasaurus - shoproxstore - Shopify,direct_to_consumer,fulfilled,2025-03-25,2025-03-27,2025-03-25,NV3,DHL eCommerce,1,1,4.89,1.89,0.3,7.08,shipmonk_estimate,USD
141901,6515983745334,Cattasaurus - shoproxstore - Shopify,direct_to_consumer,fulfilled,2025-03-25,2025-03-27,2025-03-25,PA2,OnTrac,1,1,16.73,2.63,0.0,19.36,shipmonk_estimate,USD
141903,6516019626294,Cattasaurus - shoproxstore - Shopify,direct_to_consumer,fulfilled,2025-03-25,2025-03-27,2025-03-25,PA2,OnTrac,1,1,25.26,2.63,0.0,27.89,shipmonk_estimate,USD
141904,6516038336822,Cattasaurus - shoproxstore - Shopify,direct_to_consumer,fulfilled,2025-03-25,2025-03-27,2025-03-25,PA2,OnTrac,1,1,16.73,2.26,0.0,18.99,shipmonk_estimate,USD
141912,6516530086198,Cattasaurus - shoproxstore - Shopify,direct_to_consumer,fulfilled,2025-03-25,2025-03-27,2025-03-25,PA2,FedEx,1,1,15.2,2.63,0.0,17.83,shipmonk_estimate,USD
141914,6516658438454,Cattasaurus - shoproxstore - Shopify,direct_to_consumer,fulfilled,2025-03-25,2025-03-27,2025-03-25,PA2,FedEx,1,1,21.0,2.63,0.0,23.63,shipmonk_estimate,USD
141915,6516677738806,Cattasaurus - shoproxstore - Shopify,direct_to_consumer,fulfilled,2025-03-25,2025-03-27,2025-03-25,PA2,FedEx,1,1,21.0,2.63,0.0,23.63,shipmonk_estimate,USD
141917,6516808450358,Cattasaurus - shoproxstore - Shopify,direct_to_consumer,fulfilled,2025-03-25,2025-03-28,2025-03-25,PA2,OnTrac,2,1,19.47,3.0,0.0,22.47,shipmonk_estimate,USD
141917_1,b2d4b76c-ce81-400b-b475-a2ab75a43850,Cattasaurus - shoproxstore - Shopify,direct_to_consumer,fulfilled,2025-03-25,2025-03-27,2025-03-25,PA2,OnTrac,1,1,19.47,2.63,0.0,22.1,shipmonk_estimate,USD
141920,6516907573558,Cattasaurus - shoproxstore - Shopify,direct_to_consumer,fulfilled,2025-03-25,2025-03-27,2025-03-25,PA2,FedEx,1,1,21.0,2.63,0.0,23.63,shipmonk_estimate,USD
141923,6516937818422,Cattasaurus - shoproxstore - Shopify,direct_to_consumer,fulfilled,2025-03-25,2025-03-27,2025-03-25,PA2,OnTrac,1,1,15.23,2.26,0.0,17.49,shipmonk_estimate,USD
141926_1,05354131-ce3b-4293-a8a0-dc16629ca915,Cattasaurus - shoproxstore - Shopify,direct_to_consumer,fulfilled,2025-03-25,2025-03-27,2025-03-25,PA2,DHL eCommerce,1,1,5.1,1.89,0.3,7.29,shipmonk_estimate,USD
141931,6517000601910,Cattasaurus - shoproxstore - Shopify,direct_to_consumer,fulfilled,2025-03-25,2025-03-27,2025-03-25,PA2,FedEx,1,1,25.26,2.63,0.0,27.89,shipmonk_estimate,USD
141932,6517028225334,Cattasaurus - shoproxstore - Shopify,direct_to_consumer,fulfilled,2025-03-25,2025-03-27,2025-03-25,PA2,OnTrac,1,1,16.77,2.63,0.0,19.4,shipmonk_estimate,USD
141936,6517063811382,Cattasaurus - shoproxstore - Shopify,direct_to_consumer,fulfilled,2025-03-25,2025-03-27,2025-03-25,PA2,OnTrac,1,1,19.47,2.26,0.0,21.73,shipmonk_estimate,USD
141937_1,192ba986-b664-4034-8825-59bf9243d489,Cattasaurus - shoproxstore - Shopify,direct_to_consumer,fulfilled,2025-03-25,2025-03-28,2025-03-25,PA2,DHL eCommerce,2,1,6.46,2.26,0.5,9.22,shipmonk_estimate,USD
141938,6517074362678,Cattasaurus - shoproxstore - Shopify,direct_to_consumer,fulfilled,2025-03-25,2025-03-27,2025-03-25,PA2,FedEx,1,1,23.73,2.63,0.0,26.36,shipmonk_estimate,USD
141943,6517127086390,Cattasaurus - shoproxstore - Shopify,direct_to_consumer,fulfilled,2025-03-25,2025-03-27,2025-03-25,PA2,OnTrac,4,1,16.73,3.74,0.0,20.47,shipmonk_estimate,USD
141944,6517127446838,Cattasaurus - shoproxstore - Shopify,direct_to_consumer,fulfilled,2025-03-25,2025-03-27,2025-03-25,PA2,FedEx,1,1,18.27,2.63,0.0,20.9,shipmonk_estimate,USD
141948,6517232599350,Cattasaurus - shoproxstore - Shopify,direct_to_consumer,fulfilled,2025-03-25,2025-03-27,2025-03-25,PA2,OnTrac,1,1,27.15,2.26,0.0,29.41,shipmonk_estimate,USD
114-7637353-1709048,114-7637353-1709048,Cattasaurus - Amazon USA,direct_to_consumer,fulfilled,2025-03-26,2025-03-27,2025-03-26,NV3,USPS,1,1,4.64,1.89,0.3,6.83,shipmonk_estimate,USD
141949,6517246132534,Cattasaurus - shoproxstore - Shopify,direct_to_consumer,fulfilled,2025-03-26,2025-03-27,2025-03-26,PA2,OnTrac,1,1,16.73,2.63,0.0,19.36,shipmonk_estimate,USD
141952,6517357642038,Cattasaurus - shoproxstore - Shopify,direct_to_consumer,fulfilled,2025-03-26,2025-03-28,2025-03-26,PA2,OnTrac,1,1,16.73,2.26,0.0,18.99,shipmonk_estimate,USD
141952_1,ee10ae74-2bf8-4848-b458-573b77f48c90,Cattasaurus - shoproxstore - Shopify,direct_to_consumer,fulfilled,2025-03-26,2025-03-28,2025-03-26,PA2,OnTrac,1,1,16.73,2.26,0.0,18.99,shipmonk_estimate,USD
141953,6517388575030,Cattasaurus - shoproxstore - Shopify,direct_to_consumer,fulfilled,2025-03-26,2025-03-27,2025-03-26,PA2,OnTrac,2,1,23.73,3.0,0.0,26.73,shipmonk_estimate,USD
141955,6517412430134,Cattasaurus - shoproxstore - Shopify,direct_to_consumer,fulfilled,2025-03-26,2025-03-27,2025-03-26,PA2,OnTrac,2,1,15.23,2.63,0.0,17.86,shipmonk_estimate,USD
141957,6517459091766,Cattasaurus - shoproxstore - Shopify,direct_to_consumer,fulfilled,2025-03-26,2025-03-27,2025-03-26,PA2,OnTrac,1,1,14.68,2.63,0.0,17.31,shipmonk_estimate,USD
141959,6517468430646,Cattasaurus - shoproxstore - Shopify,direct_to_consumer,fulfilled,2025-03-26,2025-03-27,2025-03-26,PA2,OnTrac,1,1,19.47,2.63,0.0,22.1,shipmonk_estimate,USD
141962,6517498773814,Cattasaurus - shoproxstore - Shopify,direct_to_consumer,fulfilled,2025-03-26,2025-03-27,2025-03-26,PA2,FedEx,1,1,19.47,2.63,0.0,22.1,shipmonk_estimate,USD
141963,6517527150902,Cattasaurus - shoproxstore - Shopify,direct_to_consumer,fulfilled,2025-03-26,2025-03-27,2025-03-26,PA2,FedEx,2,1,15.2,3.0,0.0,18.2,shipmonk_estimate,USD
141964,6517527609654,Cattasaurus - shoproxstore - Shopify,direct_to_consumer,fulfilled,2025-03-26,2025-03-27,2025-03-26,PA2,FedEx,1,1,23.73,2.63,0.0,26.36,shipmonk_estimate,USD
141965,6517539635510,Cattasaurus - shoproxstore - Shopify,direct_to_consumer,fulfilled,2025-03-26,2025-03-27,2025-03-26,PA2,OnTrac,1,1,25.26,2.63,0.0,27.89,shipmonk_estimate,USD
141967,6517559820598,Cattasaurus - shoproxstore - Shopify,direct_to_consumer,fulfilled,2025-03-26,2025-03-27,2025-03-26,PA2,FedEx,1,1,19.47,2.63,0.0,22.1,shipmonk_estimate,USD
141970,6517569683766,Cattasaurus - shoproxstore - Shopify,direct_to_consumer,fulfilled,2025-03-26,2025-03-27,2025-03-26,PA2,OnTrac,1,1,13.15,2.63,0.0,15.78,shipmonk_estimate,USD
141971,6517570044214,Cattasaurus - shoproxstore - Shopify,direct_to_consumer,fulfilled,2025-03-26,2025-03-27,2025-03-26,PA2,OnTrac,1,1,19.47,2.63,0.0,22.1,shipmonk_estimate,USD
141974_1,4339d342-ec95-400f-8354-f53aed6b0a2e,Cattasaurus - shoproxstore - Shopify,direct_to_consumer,fulfilled,2025-03-26,2025-03-27,2025-03-26,PA2,DHL eCommerce,1,1,5.41,1.89,0.0,7.3,shipmonk_estimate,USD
141975_1,f431a1cd-e1be-4077-aeb2-95eb1b7ea840,Cattasaurus - shoproxstore - Shopify,direct_to_consumer,fulfilled,2025-03-26,2025-03-27,2025-03-26,PA2,DHL eCommerce,1,1,5.61,1.89,0.0,7.5,shipmonk_estimate,USD
141976,6517583806774,Cattasaurus - shoproxstore - Shopify,direct_to_consumer,fulfilled,2025-03-26,2025-03-27,2025-03-26,PA2,FedEx,1,1,15.23,2.63,0.0,17.86,shipmonk_estimate,USD
141980,6517625815350,Cattasaurus - shoproxstore - Shopify,direct_to_consumer,fulfilled,2025-03-26,2025-03-27,2025-03-26,PA2,OnTrac,1,1,18.27,2.63,0.0,20.9,shipmonk_estimate,USD
141981,6517635055926,Cattasaurus - shoproxstore - Shopify,direct_to_consumer,fulfilled,2025-03-26,2025-03-28,2025-03-26,PA2,OnTrac,1,1,16.73,1.89,0.0,18.62,shipmonk_estimate,USD
141987_1,a7a435c3-af0d-4b25-9893-d1c412939d25,Cattasaurus - shoproxstore - Shopify,direct_to_consumer,fulfilled,2025-03-26,2025-03-28,2025-03-26,PA2,DHL eCommerce,2,1,6.68,2.26,0.5,9.44,shipmonk_estimate,USD
141991,6517675753782,Cattasaurus - shoproxstore - Shopify,direct_to_consumer,fulfilled,2025-03-26,2025-03-27,2025-03-26,PA2,OnTrac,1,1,19.47,2.63,0.0,22.1,shipmonk_estimate,USD
141991_1,504725af-d7e0-4b6d-a01e-2190a0b14ace,Cattasaurus - shoproxstore - Shopify,direct_to_consumer,fulfilled,2025-03-26,2025-03-27,2025-03-26,PA2,OnTrac,1,1,19.47,2.63,0.0,22.1,shipmonk_estimate,USD
141998_1,a1f5cf00-61ec-43dd-a3ed-f6f2543c61d5,Cattasaurus - shoproxstore - Shopify,direct_to_consumer,fulfilled,2025-03-26,2025-03-27,2025-03-26,NV3,DHL eCommerce,1,1,5.68,1.89,0.0,7.57,shipmonk_estimate,USD
142005_1,b225680e-e18a-4062-899d-8adf3c07e7fe,Cattasaurus - shoproxstore - Shopify,direct_to_consumer,fulfilled,2025-03-26,2025-03-28,2025-03-26,PA2,USPS,1,1,4.64,1.89,0.5,7.03,shipmonk_estimate,USD
142009,6517823865142,Cattasaurus - shoproxstore - Shopify,direct_to_consumer,fulfilled,2025-03-26,2025-03-28,2025-03-26,PA2,FedEx,2,1,25.26,3.0,0.0,28.26,shipmonk_estimate,USD
142015_1,4fb1ef38-2dde-4ef1-9aad-060696341239,Cattasaurus - shoproxstore - Shopify,direct_to_consumer,fulfilled,2025-03-26,2025-03-28,2025-03-26,NV3,DHL eCommerce,2,1,6.62,2.63,0.5,9.75,shipmonk_estimate,USD
142016,6517895004470,Cattasaurus - shoproxstore - Shopify,direct_to_consumer,fulfilled,2025-03-26,2025-03-28,2025-03-26,PA2,OnTrac,1,1,19.47,2.63,0.0,22.1,shipmonk_estimate,USD
142021,6517918990646,Cattasaurus - shoproxstore - Shopify,direct_to_consumer,fulfilled,2025-03-26,2025-03-28,2025-03-26,PA2,FedEx,1,1,18.27,2.26,0.0,20.53,shipmonk_estimate,USD
142023,6517937897782,Cattasaurus - shoproxstore - Shopify,direct_to_consumer,fulfilled,2025-03-26,2025-03-27,2025-03-26,PA2,OnTrac,2,1,16.73,3.37,0.0,20.1,shipmonk_estimate,USD
142024_1,ced66508-1ea0-43ee-a7b4-beb16dbcdc1d,Cattasaurus - shoproxstore - Shopify,direct_to_consumer,fulfilled,2025-03-26,2025-03-28,2025-03-26,PA2,OnTrac,1,1,5.43,1.89,0.0,7.32,shipmonk_estimate,USD
142027,6518012936502,Cattasaurus - shoproxstore - Shopify,direct_to_consumer,fulfilled,2025-03-26,2025-03-28,2025-03-26,PA2,FedEx,1,1,16.77,2.26,0.0,19.03,shipmonk_estimate,USD
142029_1,d70403f2-3d7d-4420-a00e-b42407489495,Cattasaurus - shoproxstore - Shopify,direct_to_consumer,fulfilled,2025-03-26,2025-03-28,2025-03-26,PA2,DHL eCommerce,2,1,6.62,2.26,0.5,9.38,shipmonk_estimate,USD
142030_1,9ff31bce-6417-4fd6-9a93-146faa8aa6bc,Cattasaurus - shoproxstore - Shopify,direct_to_consumer,fulfilled,2025-03-26,2025-03-28,2025-03-26,NV3,DHL eCommerce,2,1,6.46,2.26,0.5,9.22,shipmonk_estimate,USD
142032,6518071427382,Cattasaurus - shoproxstore - Shopify,direct_to_consumer,fulfilled,2025-03-26,2025-03-28,2025-03-26,PA2,FedEx,1,1,18.27,2.26,0.0,20.53,shipmonk_estimate,USD
142033,6518083846454,Cattasaurus - shoproxstore - Shopify,direct_to_consumer,fulfilled,2025-03-26,2025-03-28,2025-03-26,PA2,OnTrac,1,1,25.26,2.26,0.0,27.52,shipmonk_estimate,USD
142034,6518096691510,Cattasaurus - shoproxstore - Shopify,direct_to_consumer,fulfilled,2025-03-26,2025-03-28,2025-03-26,PA2,OnTrac,1,1,13.15,2.26,0.0,15.41,shipmonk_estimate,USD
142035_1,c1a88f84-fa00-4ad8-aa00-5f0ef5fefeb6,Cattasaurus - shoproxstore - Shopify,direct_to_consumer,fulfilled,2025-03-26,2025-03-28,2025-03-26,PA2,OnTrac,1,1,5.43,1.89,0.0,7.32,shipmonk_estimate,USD
142038,6518148170038,Cattasaurus - shoproxstore - Shopify,direct_to_consumer,fulfilled,2025-03-26,2025-03-28,2025-03-26,PA2,FedEx,1,1,18.27,2.26,0.0,20.53,shipmonk_estimate,USD
142039,6518152626486,Cattasaurus - shoproxstore - Shopify,direct_to_consumer,fulfilled,2025-03-26,2025-03-28,2025-03-26,PA2,OnTrac,1,1,16.77,2.26,0.0,19.03,shipmonk_estimate,USD
142041,6518162424118,Cattasaurus - shoproxstore - Shopify,direct_to_consumer,fulfilled,2025-03-26,2025-03-28,2025-03-26,PA2,FedEx,2,1,16.77,3.0,0.0,19.77,shipmonk_estimate,USD
142044_1,4a7e1810-d4dc-4559-be0b-71e7859863f9,Cattasaurus - shoproxstore - Shopify,direct_to_consumer,fulfilled,2025-03-26,2025-03-28,2025-03-26,PA2,DHL eCommerce,2,1,6.68,2.26,0.5,9.44,shipmonk_estimate,USD
142045,6518177399094,Cattasaurus - shoproxstore - Shopify,direct_to_consumer,fulfilled,2025-03-26,2025-03-28,2025-03-26,PA2,OnTrac,1,1,16.73,2.26,0.0,18.99,shipmonk_estimate,USD
142050,6518205415734,Cattasaurus - shoproxstore - Shopify,direct_to_consumer,fulfilled,2025-03-26,2025-03-28,2025-03-26,PA2,FedEx,1,1,18.27,2.63,0.0,20.9,shipmonk_estimate,USD
142052,6518227108150,Cattasaurus - shoproxstore - Shopify,direct_to_consumer,fulfilled,2025-03-26,2025-03-28,2025-03-26,PA2,FedEx,1,1,19.47,2.63,0.0,22.1,shipmonk_estimate,USD
142053,6518227763510,Cattasaurus - shoproxstore - Shopify,direct_to_consumer,fulfilled,2025-03-26,2025-03-28,2025-03-26,PA2,USPS,1,1,4.64,1.89,0.5,7.03,shipmonk_estimate,USD
142057_1,84fb0ca8-30dc-459e-8a9b-be16944f8d6f,Cattasaurus - shoproxstore - Shopify,direct_to_consumer,fulfilled,2025-03-26,2025-03-28,2025-03-26,PA2,OnTrac,1,1,5.41,1.89,0.0,7.3,shipmonk_estimate,USD
142059,6518277210422,Cattasaurus - shoproxstore - Shopify,direct_to_consumer,fulfilled,2025-03-26,2025-03-28,2025-03-26,PA2,FedEx,1,1,18.27,2.26,0.0,20.53,shipmonk_estimate,USD
142059_1,62fe140d-e2af-492b-88d0-e7ad35e75f0a,Cattasaurus - shoproxstore - Shopify,direct_to_consumer,fulfilled,2025-03-26,2025-03-28,2025-03-26,PA2,FedEx,1,1,18.27,2.26,0.0,20.53,shipmonk_estimate,USD
142062,6518297428278,Cattasaurus - shoproxstore - Shopify,direct_to_consumer,fulfilled,2025-03-26,2025-03-28,2025-03-26,PA2,OnTrac,1,1,13.15,2.26,0.0,15.41,shipmonk_estimate,USD
142063,6518298050870,Cattasaurus - shoproxstore - Shopify,direct_to_consumer,fulfilled,2025-03-26,2025-03-28,2025-03-26,PA2,OnTrac,1,1,18.27,2.26,0.0,20.53,shipmonk_estimate,USD
142064,6518318072118,Cattasaurus - shoproxstore - Shopify,direct_to_consumer,fulfilled,2025-03-26,2025-03-28,2025-03-26,PA2,OnTrac,1,1,13.15,2.26,0.0,15.41,shipmonk_estimate,USD
142065,6518341009718,Cattasaurus - shoproxstore - Shopify,direct_to_consumer,fulfilled,2025-03-26,2025-03-28,2025-03-26,PA2,FedEx,1,1,16.73,2.63,0.0,19.36,shipmonk_estimate,USD
142067,6518351855926,Cattasaurus - shoproxstore - Shopify,direct_to_consumer,fulfilled,2025-03-26,2025-03-28,2025-03-26,PA2,OnTrac,1,1,13.15,2.26,0.0,15.41,shipmonk_estimate,USD
142070,6518372827446,Cattasaurus - shoproxstore - Shopify,direct_to_consumer,fulfilled,2025-03-26,2025-03-28,2025-03-26,PA2,OnTrac,2,1,16.73,2.63,0.0,19.36,shipmonk_estimate,USD
142071,6518391669046,Cattasaurus - shoproxstore - Shopify,direct_to_consumer,fulfilled,2025-03-26,2025-03-28,2025-03-26,PA2,OnTrac,2,1,23.73,3.0,0.0,26.73,shipmonk_estimate,USD
142073_1,2a4f689c-48d4-4a4e-b236-8f97e39d8f5f,Cattasaurus - shoproxstore - Shopify,direct_to_consumer,fulfilled,2025-03-26,2025-03-27,2025-03-26,NV3,DHL eCommerce,2,1,6.62,3.37,0.3,10.29,shipmonk_estimate,USD
142076,6518446489910,Cattasaurus - shoproxstore - Shopify,direct_to_consumer,fulfilled,2025-03-26,2025-03-28,2025-03-26,PA2,OnTrac,1,1,25.26,2.63,0.0,27.89,shipmonk_estimate,USD
142078_1,68054804-834d-4976-bec3-a91664098dad,Cattasaurus - shoproxstore - Shopify,direct_to_consumer,fulfilled,2025-03-26,2025-03-28,2025-03-26,NV3,DHL eCommerce,1,1,5.77,1.89,0.0,7.66,shipmonk_estimate,USD
142079,6518491676982,Cattasaurus - shoproxstore - Shopify,direct_to_consumer,fulfilled,2025-03-26,2025-03-28,2025-03-26,PA2,OnTrac,1,1,25.26,2.26,0.0,27.52,shipmonk_estimate,USD
142080,6518512779574,Cattasaurus - shoproxstore - Shopify,direct_to_consumer,fulfilled,2025-03-26,2025-03-28,2025-03-26,PA2,OnTrac,1,1,19.47,2.26,0.0,21.73,shipmonk_estimate,USD
142083,6518606332214,Cattasaurus - shoproxstore - Shopify,direct_to_consumer,fulfilled,2025-03-26,2025-03-28,2025-03-26,PA2,OnTrac,1,1,19.47,2.63,0.0,22.1,shipmonk_estimate,USD
142085,6518645063990,Cattasaurus - shoproxstore - Shopify,direct_to_consumer,fulfilled,2025-03-26,2025-03-28,2025-03-26,PA2,FedEx,1,1,23.73,2.26,0.0,25.99,shipmonk_estimate,USD
142086,6518661906742,Cattasaurus - shoproxstore - Shopify,direct_to_consumer,fulfilled,2025-03-26,2025-03-28,2025-03-26,PA2,OnTrac,1,1,21.0,2.26,0.0,23.26,shipmonk_estimate,USD
142088,6519052927286,Cattasaurus - shoproxstore - Shopify,direct_to_consumer,fulfilled,2025-03-26,2025-03-27,2025-03-26,PA2,FedEx,3,1,21.0,3.37,0.0,24.37,shipmonk_estimate,USD
142088_1,bbb05b09-18e3-4daa-a20d-0bb4f77ca7e5,Cattasaurus - shoproxstore - Shopify,direct_to_consumer,fulfilled,2025-03-26,2025-03-28,2025-03-26,PA2,FedEx,1,1,21.0,2.63,0.0,23.63,shipmonk_estimate,USD
142095,6519516037430,Cattasaurus - shoproxstore - Shopify,direct_to_consumer,fulfilled,2025-03-26,2025-03-28,2025-03-26,PA2,OnTrac,1,1,15.23,2.63,0.0,17.86,shipmonk_estimate,USD
142097,6519529898294,Cattasaurus - shoproxstore - Shopify,direct_to_consumer,fulfilled,2025-03-26,2025-03-28,2025-03-26,PA2,OnTrac,1,1,16.73,2.26,0.0,18.99,shipmonk_estimate,USD
142099,6519560929590,Cattasaurus - shoproxstore - Shopify,direct_to_consumer,fulfilled,2025-03-26,2025-04-04,2025-03-26,PA2,USPS,1,1,24.28,2.63,0.0,26.91,shipmonk_estimate,USD
142109,6519868686646,Cattasaurus - shoproxstore - Shopify,direct_to_consumer,fulfilled,2025-03-27,2025-03-28,2025-03-27,PA2,OnTrac,1,1,22.07,2.63,0.0,24.7,shipmonk_estimate,USD
142114,6519981310262,Cattasaurus - shoproxstore - Shopify,direct_to_consumer,fulfilled,2025-03-27,2025-03-27,2025-03-27,PA2,FedEx,2,1,16.73,3.0,0.0,19.73,shipmonk_estimate,USD
142114_1,e0733bf9-10ef-4c66-9d80-7c911c6e01f3,Cattasaurus - shoproxstore - Shopify,direct_to_consumer,fulfilled,2025-03-27,2025-03-27,2025-03-27,PA2,OnTrac,1,1,16.73,2.63,0.0,19.36,shipmonk_estimate,USD
142116,6520060281142,Cattasaurus - shoproxstore - Shopify,direct_to_consumer,fulfilled,2025-03-27,2025-03-28,2025-03-27,PA2,OnTrac,2,1,18.27,3.0,0.0,21.27,shipmonk_estimate,USD
142117,6520090460470,Cattasaurus - shoproxstore - Shopify,direct_to_consumer,fulfilled,2025-03-27,2025-03-28,2025-03-27,PA2,OnTrac,2,1,23.73,3.37,0.0,27.1,shipmonk_estimate,USD
142118,6520107663670,Cattasaurus - shoproxstore - Shopify,direct_to_consumer,fulfilled,2025-03-27,2025-03-28,2025-03-27,PA2,OnTrac,1,1,19.47,2.63,0.0,22.1,shipmonk_estimate,USD
142120,6520135123254,Cattasaurus - shoproxstore - Shopify,direct_to_consumer,fulfilled,2025-03-27,2025-03-28,2025-03-27,PA2,OnTrac,1,1,21.0,2.63,0.0,23.63,shipmonk_estimate,USD
142121,6520155078966,Cattasaurus - shoproxstore - Shopify,direct_to_consumer,fulfilled,2025-03-27,2025-03-28,2025-03-27,PA2,OnTrac,2,1,13.15,3.74,0.0,16.89,shipmonk_estimate,USD
142125_1,07069cdd-5e1e-49d3-bea9-023c4c4b0297,Cattasaurus - shoproxstore - Shopify,direct_to_consumer,fulfilled,2025-03-27,2025-03-28,2025-03-27,NV3,DHL eCommerce,1,1,5.68,1.89,0.0,7.57,shipmonk_estimate,USD
142130,6520228872502,Cattasaurus - shoproxstore - Shopify,direct_to_consumer,fulfilled,2025-03-27,2025-03-28,2025-03-27,PA2,FedEx,1,1,19.47,2.63,0.0,22.1,shipmonk_estimate,USD
142133,6520236802358,Cattasaurus - shoproxstore - Shopify,direct_to_consumer,fulfilled,2025-03-27,2025-03-28,2025-03-27,PA2,OnTrac,1,1,27.15,2.63,0.0,29.78,shipmonk_estimate,USD
142134_1,706f7cd0-1c20-481c-b129-db47ec2d45cc,Cattasaurus - shoproxstore - Shopify,direct_to_consumer,fulfilled,2025-03-27,2025-03-28,2025-03-27,NV3,DHL eCommerce,1,1,5.77,1.89,0.0,7.66,shipmonk_estimate,USD
142135,6520239882550,Cattasaurus - shoproxstore - Shopify,direct_to_consumer,fulfilled,2025-03-27,2025-03-28,2025-03-27,PA2,OnTrac,1,1,19.47,2.63,0.0,22.1,shipmonk_estimate,USD
142140,6520259313974,Cattasaurus - shoproxstore - Shopify,direct_to_consumer,fulfilled,2025-03-27,2025-03-28,2025-03-27,PA2,OnTrac,1,1,16.73,2.63,0.0,19.36,shipmonk_estimate,USD
142142,6520270553398,Cattasaurus - shoproxstore - Shopify,direct_to_consumer,fulfilled,2025-03-27,2025-03-28,2025-03-27,PA2,OnTrac,1,1,19.47,2.63,0.0,22.1,shipmonk_estimate,USD
142145,6520291983670,Cattasaurus - shoproxstore - Shopify,direct_to_consumer,fulfilled,2025-03-27,2025-03-28,2025-03-27,PA2,FedEx,1,1,23.73,2.63,0.0,26.36,shipmonk_estimate,USD
142147,6520299782454,Cattasaurus - shoproxstore - Shopify,direct_to_consumer,fulfilled,2025-03-27,2025-03-28,2025-03-27,PA2,FedEx,2,1,23.73,3.0,0.0,26.73,shipmonk_estimate,USD
142150,6520325767478,Cattasaurus - shoproxstore - Shopify,direct_to_consumer,fulfilled,2025-03-27,2025-03-28,2025-03-27,PA2,FedEx,1,1,16.77,2.63,0.0,19.4,shipmonk_estimate,USD
142152,6520337334582,Cattasaurus - shoproxstore - Shopify,direct_to_consumer,fulfilled,2025-03-27,2025-03-28,2025-03-27,PA2,FedEx,1,1,21.0,2.63,0.0,23.63,shipmonk_estimate,USD
142154_1,ff8f7b49-8255-47cc-863c-de2873fce774,Cattasaurus - shoproxstore - Shopify,direct_to_consumer,fulfilled,2025-03-27,2025-03-28,2025-03-27,PA2,DHL eCommerce,1,1,5.68,3.0,0.3,8.98,shipmonk_estimate,USD
142157,6520373215542,Cattasaurus - shoproxstore - Shopify,direct_to_consumer,fulfilled,2025-03-27,2025-03-28,2025-03-27,PA2,FedEx,1,1,16.73,2.63,0.0,19.36,shipmonk_estimate,USD
142162,6520407687478,Cattasaurus - shoproxstore - Shopify,direct_to_consumer,fulfilled,2025-03-27,2025-03-28,2025-03-27,PA2,OnTrac,1,1,27.15,2.63,0.0,29.78,shipmonk_estimate,USD
142164,6520420270390,Cattasaurus - shoproxstore - Shopify,direct_to_consumer,fulfilled,2025-03-27,2025-03-28,2025-03-27,PA2,OnTrac,1,1,13.15,2.63,0.0,15.78,shipmonk_estimate,USD
142166,6520455037238,Cattasaurus - shoproxstore - Shopify,direct_to_consumer,fulfilled,2025-03-27,2025-03-28,2025-03-27,PA2,FedEx,1,1,16.73,2.63,0.0,19.36,shipmonk_estimate,USD
142166_1,bf93adcd-71c9-4a86-8234-fb9867e7c2dc,Cattasaurus - shoproxstore - Shopify,direct_to_consumer,fulfilled,2025-03-27,2025-03-28,2025-03-27,PA2,FedEx,1,1,16.73,2.63,0.0,19.36,shipmonk_estimate,USD
142170,6520467194166,Cattasaurus - shoproxstore - Shopify,direct_to_consumer,fulfilled,2025-03-27,2025-03-28,2025-03-27,PA2,FedEx,1,1,25.26,2.63,0.0,27.89,shipmonk_estimate,USD
142171,6520468406582,Cattasaurus - shoproxstore - Shopify,direct_to_consumer,fulfilled,2025-03-27,2025-03-28,2025-03-27,PA2,OnTrac,1,1,15.23,2.26,0.0,17.49,shipmonk_estimate,USD
142172,6520474206518,Cattasaurus - shoproxstore - Shopify,direct_to_consumer,fulfilled,2025-03-27,2025-03-28,2025-03-27,PA2,OnTrac,2,1,15.23,2.63,0.0,17.86,shipmonk_estimate,USD
142173,6520474960182,Cattasaurus - shoproxstore - Shopify,direct_to_consumer,fulfilled,2025-03-27,2025-03-28,2025-03-27,PA2,UPS,2,1,14.68,3.0,0.0,17.68,shipmonk_estimate,USD
142174_1,57eb8790-e857-4824-95dd-f50c89578700,Cattasaurus - shoproxstore - Shopify,direct_to_consumer,fulfilled,2025-03-27,2025-03-28,2025-03-27,PA2,USPS,1,1,4.89,1.89,0.3,7.08,shipmonk_estimate,USD
142179,6520534827318,Cattasaurus - shoproxstore - Shopify,direct_to_consumer,fulfilled,2025-03-27,2025-03-29,2025-03-27,PA2,OnTrac,1,1,18.24,3.0,0.0,21.24,shipmonk_estimate,USD
142181_1,4d801535-1448-40ce-8666-67065ae5c477,Cattasaurus - shoproxstore - Shopify,direct_to_consumer,fulfilled,2025-03-27,2025-03-30,2025-03-27,PA2,OnTrac,1,1,5.41,1.89,0.0,7.3,shipmonk_estimate,USD
142183_1,f86941a5-37c9-4df7-bf37-85338ac82e82,Cattasaurus - shoproxstore - Shopify,direct_to_consumer,fulfilled,2025-03-27,2025-03-31,2025-03-27,NV3,DHL eCommerce,1,1,5.61,1.89,0.0,7.5,shipmonk_estimate,USD
142184,6520563433782,Cattasaurus - shoproxstore - Shopify,direct_to_consumer,fulfilled,2025-03-27,2025-03-28,2025-03-27,PA2,OnTrac,1,1,16.73,2.63,0.0,19.36,shipmonk_estimate,USD
142188_1,1094c567-61f8-4f18-a265-820d3a299aa4,Cattasaurus - shoproxstore - Shopify,direct_to_consumer,fulfilled,2025-03-27,2025-03-30,2025-03-27,PA2,DHL eCommerce,1,1,5.68,1.89,0.0,7.57,shipmonk_estimate,USD
142194_1,3dd9536d-dda1-4661-a48c-4354036ffd9a,Cattasaurus - shoproxstore - Shopify,direct_to_consumer,fulfilled,2025-03-27,2025-03-30,2025-03-27,PA2,USPS,1,1,4.97,1.89,0.3,7.16,shipmonk_estimate,USD
142195_1,e4e27bae-9961-4eaa-bf2e-941f53e60de3,Cattasaurus - shoproxstore - Shopify,direct_to_consumer,fulfilled,2025-03-27,2025-03-31,2025-03-27,NV3,DHL eCommerce,1,1,5.77,1.89,0.0,7.66,shipmonk_estimate,USD
142196_1,1eeb0d2b-f41a-4d7a-aa0e-74ce14019e0e,Cattasaurus - shoproxstore - Shopify,direct_to_consumer,fulfilled,2025-03-27,2025-03-28,2025-03-27,NV3,DHL eCommerce,1,1,5.68,2.26,0.3,8.24,shipmonk_estimate,USD
142202,6520741167414,Cattasaurus - shoproxstore - Shopify,direct_to_consumer,fulfilled,2025-03-27,2025-03-29,2025-03-27,PA2,FedEx,2,1,21.0,3.0,0.0,24.0,shipmonk_estimate,USD
142205_1,1816f15f-72f2-4c22-84ea-ed92af3d6ae6,Cattasaurus - shoproxstore - Shopify,direct_to_consumer,fulfilled,2025-03-27,2025-03-31,2025-03-27,NV3,DHL eCommerce,2,1,6.62,2.26,0.5,9.38,shipmonk_estimate,USD
142212_1,fe847df3-c80b-416b-a53d-13cc7368bb10,Cattasaurus - shoproxstore - Shopify,direct_to_consumer,fulfilled,2025-03-27,2025-04-02,2025-03-27,PA2,OnTrac,1,1,5.43,1.89,0.0,7.32,shipmonk_estimate,USD
142214,6520857297206,Cattasaurus - shoproxstore - Shopify,direct_to_consumer,fulfilled,2025-03-27,2025-03-29,2025-03-27,PA2,FedEx,1,1,19.47,2.63,0.0,22.1,shipmonk_estimate,USD
142228,6520961728822,Cattasaurus - shoproxstore - Shopify,direct_to_consumer,fulfilled,2025-03-27,2025-03-28,2025-03-27,PA2,OnTrac,1,1,16.73,2.63,0.0,19.36,shipmonk_estimate,USD
142229,6520965136694,Cattasaurus - shoproxstore - Shopify,direct_to_consumer,fulfilled,2025-03-27,2025-03-29,2025-03-27,PA2,OnTrac,1,1,13.15,2.63,0.0,15.78,shipmonk_estimate,USD
142231,6520988959030,Cattasaurus - shoproxstore - Shopify,direct_to_consumer,fulfilled,2025-03-27,2025-03-29,2025-03-27,PA2,OnTrac,1,1,19.47,2.63,0.0,22.1,shipmonk_estimate,USD
142239,6521036865846,Cattasaurus - shoproxstore - Shopify,direct_to_consumer,fulfilled,2025-03-27,2025-03-29,2025-03-27,PA2,FedEx,1,1,21.0,2.63,0.0,23.63,shipmonk_estimate,USD
142242,6521066094902,Cattasaurus - shoproxstore - Shopify,direct_to_consumer,fulfilled,2025-03-27,2025-03-29,2025-03-27,PA2,OnTrac,1,1,14.08,2.63,0.0,16.71,shipmonk_estimate,USD
142243,6521068978486,Cattasaurus - shoproxstore - Shopify,direct_to_consumer,fulfilled,2025-03-27,2025-03-29,2025-03-27,PA2,OnTrac,1,1,15.23,2.63,0.0,17.86,shipmonk_estimate,USD
142246_1,9e8a9472-ef38-4997-ba0e-d948792c21a4,Cattasaurus - shoproxstore - Shopify,direct_to_consumer,fulfilled,2025-03-27,2025-03-30,2025-03-27,PA2,DHL eCommerce,1,1,5.68,1.89,0.0,7.57,shipmonk_estimate,USD
142248,6521134711094,Cattasaurus - shoproxstore - Shopify,direct_to_consumer,fulfilled,2025-03-27,2025-03-29,2025-03-27,PA2,OnTrac,1,1,21.0,2.63,0.0,23.63,shipmonk_estimate,USD
142255,6521203884342,Cattasaurus - shoproxstore - Shopify,direct_to_consumer,fulfilled,2025-03-27,2025-03-29,2025-03-27,PA2,FedEx,2,1,16.77,3.0,0.0,19.77,shipmonk_estimate,USD
142258,6521228820790,Cattasaurus - shoproxstore - Shopify,direct_to_consumer,fulfilled,2025-03-27,2025-03-29,2025-03-27,PA2,OnTrac,1,1,13.15,2.63,0.0,15.78,shipmonk_estimate,USD
142259_1,df30626e-a1e3-4318-aedd-355fdf774973,Cattasaurus - shoproxstore - Shopify,direct_to_consumer,fulfilled,2025-03-27,2025-03-31,2025-03-27,NV3,USPS,1,1,4.89,1.89,0.3,7.08,shipmonk_estimate,USD
142261,6521250644278,Cattasaurus - shoproxstore - Shopify,direct_to_consumer,fulfilled,2025-03-27,2025-03-29,2025-03-27,PA2,OnTrac,1,1,15.23,2.63,0.0,17.86,shipmonk_estimate,USD
142262,6521260933430,Cattasaurus - shoproxstore - Shopify,direct_to_consumer,fulfilled,2025-03-27,2025-03-29,2025-03-27,PA2,OnTrac,1,1,16.73,2.63,0.0,19.36,shipmonk_estimate,USD
142265,6521279119670,Cattasaurus - shoproxstore - Shopify,direct_to_consumer,fulfilled,2025-03-27,2025-03-29,2025-03-27,PA2,OnTrac,1,1,14.68,2.63,0.0,17.31,shipmonk_estimate,USD
142268,6521285968182,Cattasaurus - shoproxstore - Shopify,direct_to_consumer,fulfilled,2025-03-27,2025-03-29,2025-03-27,PA2,OnTrac,1,1,19.47,2.63,0.0,22.1,shipmonk_estimate,USD
142273_1,eff141e6-79ab-403d-871d-537e80dffa2f,Cattasaurus - shoproxstore - Shopify,direct_to_consumer,fulfilled,2025-03-27,2025-03-31,2025-03-27,NV3,DHL eCommerce,1,1,5.77,1.89,0.0,7.66,shipmonk_estimate,USD
142275_1,8b2a5207-2ebb-45f0-bc7e-ee8ff32709f0,Cattasaurus - shoproxstore - Shopify,direct_to_consumer,fulfilled,2025-03-27,2025-03-30,2025-03-27,PA2,OnTrac,1,1,5.61,1.89,0.0,7.5,shipmonk_estimate,USD
142276_1,6f3616e5-cccb-4d94-b1e7-9f5d1930a755,Cattasaurus - shoproxstore - Shopify,direct_to_consumer,fulfilled,2025-03-27,2025-03-30,2025-03-27,PA2,DHL eCommerce,2,1,6.68,2.26,0.5,9.44,shipmonk_estimate,USD
142277,6521344885046,Cattasaurus - shoproxstore - Shopify,direct_to_consumer,fulfilled,2025-03-27,2025-03-29,2025-03-27,PA2,OnTrac,3,1,13.15,3.37,0.0,16.52,shipmonk_estimate,USD
142278,6521362284854,Cattasaurus - shoproxstore - Shopify,direct_to_consumer,fulfilled,2025-03-27,2025-03-29,2025-03-27,PA2,OnTrac,1,1,15.23,2.63,0.0,17.86,shipmonk_estimate,USD
142279,6521364414774,Cattasaurus - shoproxstore - Shopify,direct_to_consumer,fulfilled,2025-03-27,2025-03-29,2025-03-27,PA2,OnTrac,1,1,13.15,2.63,0.0,15.78,shipmonk_estimate,USD
142285,6521427427638,Cattasaurus - shoproxstore - Shopify,direct_to_consumer,fulfilled,2025-03-27,2025-03-29,2025-03-27,PA2,FedEx,1,1,23.73,2.63,0.0,26.36,shipmonk_estimate,USD
142289,6521540378934,Cattasaurus - shoproxstore - Shopify,direct_to_consumer,fulfilled,2025-03-27,2025-03-29,2025-03-27,PA2,OnTrac,1,1,21.0,2.63,0.0,23.63,shipmonk_estimate,USD
142293,6521684656438,Cattasaurus - shoproxstore - Shopify,direct_to_consumer,fulfilled,2025-03-28,2025-03-29,2025-03-28,PA2,OnTrac,1,1,21.0,2.63,0.0,23.63,shipmonk_estimate,USD
142298,6521770770742,Cattasaurus - shoproxstore - Shopify,direct_to_consumer,fulfilled,2025-03-28,2025-03-29,2025-03-28,PA2,OnTrac,1,1,19.47,2.63,0.0,22.1,shipmonk_estimate,USD
142300,6521786958134,Cattasaurus - shoproxstore - Shopify,direct_to_consumer,fulfilled,2025-03-28,2025-03-29,2025-03-28,PA2,FedEx,1,1,21.0,2.63,0.0,23.63,shipmonk_estimate,USD
142302,6521804357942,Cattasaurus - shoproxstore - Shopify,direct_to_consumer,fulfilled,2025-03-28,2025-03-29,2025-03-28,PA2,OnTrac,1,1,15.23,2.26,0.0,17.49,shipmonk_estimate,USD
142306_1,1fb93431-43d2-4a34-950b-99ec3912f9c6,Cattasaurus - shoproxstore - Shopify,direct_to_consumer,fulfilled,2025-03-28,2025-03-30,2025-03-28,PA2,USPS,1,1,4.97,1.89,0.3,7.16,shipmonk_estimate,USD
142308,6521854591286,Cattasaurus - shoproxstore - Shopify,direct_to_consumer,fulfilled,2025-03-28,2025-03-29,2025-03-28,PA2,OnTrac,1,1,25.68,2.63,0.0,28.31,shipmonk_estimate,USD
142313,6521895256374,Cattasaurus - shoproxstore - Shopify,direct_to_consumer,fulfilled,2025-03-28,2025-03-29,2025-03-28,PA2,OnTrac,1,1,15.23,2.63,0.0,17.86,shipmonk_estimate,USD
142319,6521929269558,Cattasaurus - shoproxstore - Shopify,direct_to_consumer,fulfilled,2025-03-28,2025-03-29,2025-03-28,PA2,OnTrac,1,1,16.73,2.63,0.0,19.36,shipmonk_estimate,USD
142326,6522023018806,Cattasaurus - shoproxstore - Shopify,direct_to_consumer,fulfilled,2025-03-28,2025-03-30,2025-03-28,PA2,FedEx,1,1,18.27,2.26,0.0,20.53,shipmonk_estimate,USD
142329,6522033996086,Cattasaurus - shoproxstore - Shopify,direct_to_consumer,fulfilled,2025-03-28,2025-03-30,2025-03-28,PA2,FedEx,1,1,19.47,2.26,0.0,21.73,shipmonk_estimate,USD
142331_1,12ac07d1-93bd-4268-be59-1fac9bc772b5,Cattasaurus - shoproxstore - Shopify,direct_to_consumer,fulfilled,2025-03-28,2025-03-30,2025-03-28,PA2,OnTrac,1,1,5.43,1.89,0.0,7.32,shipmonk_estimate,USD
142334,6522049495350,Cattasaurus - shoproxstore - Shopify,direct_to_consumer,fulfilled,2025-03-28,2025-03-30,2025-03-28,PA2,OnTrac,2,1,23.73,2.63,0.0,26.36,shipmonk_estimate,USD
142339,6522083967286,Cattasaurus - shoproxstore - Shopify,direct_to_consumer,fulfilled,2025-03-28,2025-03-30,2025-03-28,PA2,OnTrac,2,1,13.15,2.63,0.0,15.78,shipmonk_estimate,USD
142341,6522091798838,Cattasaurus - shoproxstore - Shopify,direct_to_consumer,fulfilled,2025-03-28,2025-03-30,2025-03-28,PA2,OnTrac,2,1,21.32,2.63,0.0,23.95,shipmonk_estimate,USD
142343,6522124435766,Cattasaurus - shoproxstore - Shopify,direct_to_consumer,fulfilled,2025-03-28,2025-03-30,2025-03-28,PA2,OnTrac,1,1,16.73,2.26,0.0,18.99,shipmonk_estimate,USD
142345,6522151272758,Cattasaurus - shoproxstore - Shopify,direct_to_consumer,fulfilled,2025-03-28,2025-03-30,2025-03-28,PA2,OnTrac,1,1,20.31,2.26,0.0,22.57,shipmonk_estimate,USD
142351,6522218053942,Cattasaurus - shoproxstore - Shopify,direct_to_consumer,fulfilled,2025-03-28,2025-03-30,2025-03-28,PA2,FedEx,3,1,19.47,3.0,0.0,22.47,shipmonk_estimate,USD
142354,6522241810742,Cattasaurus - shoproxstore - Shopify,direct_to_consumer,fulfilled,2025-03-28,2025-03-30,2025-03-28,PA2,OnTrac,2,1,16.73,2.63,0.0,19.36,shipmonk_estimate,USD
142355_1,04c74b92-d48d-4480-a048-83efcb915c11,Cattasaurus - shoproxstore - Shopify,direct_to_consumer,fulfilled,2025-03-28,2025-03-30,2025-03-28,PA2,DHL eCommerce,1,1,5.61,1.89,0.0,7.5,shipmonk_estimate,USD
142359,6522292207926,Cattasaurus - shoproxstore - Shopify,direct_to_consumer,fulfilled,2025-03-28,2025-03-30,2025-03-28,PA2,FedEx,1,1,19.47,2.26,0.0,21.73,shipmonk_estimate,USD
142360,6522293977398,Cattasaurus - shoproxstore - Shopify,direct_to_consumer,fulfilled,2025-03-28,2025-03-30,2025-03-28,PA2,OnTrac,1,1,13.03,2.26,0.0,15.29,shipmonk_estimate,USD
142362,6522298040630,Cattasaurus - shoproxstore - Shopify,direct_to_consumer,fulfilled,2025-03-28,2025-03-30,2025-03-28,PA2,OnTrac,1,1,19.47,2.26,0.0,21.73,shipmonk_estimate,USD
142365,6522369278262,Cattasaurus - shoproxstore - Shopify,direct_to_consumer,fulfilled,2025-03-28,2025-03-30,2025-03-28,PA2,FedEx,1,1,21.0,2.26,0.0,23.26,shipmonk_estimate,USD
142369_1,d2749f6d-0567-4338-a3ce-8a2d1f80be7b,Cattasaurus - shoproxstore - Shopify,direct_to_consumer,fulfilled,2025-03-28,2025-04-01,2025-03-28,PA2,USPS,1,1,5.68,1.89,0.0,7.57,shipmonk_estimate,USD
142370_1,9b761051-4e98-4115-a954-20c21383be46,Cattasaurus - shoproxstore - Shopify,direct_to_consumer,fulfilled,2025-03-28,2025-04-21,2025-03-28,NV3,USPS,1,1,4.89,2.26,0.3,7.45,shipmonk_estimate,USD
142371,6522416824630,Cattasaurus - shoproxstore - Shopify,direct_to_consumer,fulfilled,2025-03-28,2025-03-30,2025-03-28,PA2,OnTrac,1,1,24.96,2.26,0.0,27.22,shipmonk_estimate,USD
142374,6522436616502,Cattasaurus - shoproxstore - Shopify,direct_to_consumer,fulfilled,2025-03-28,2025-03-30,2025-03-28,PA2,OnTrac,1,1,23.73,2.26,0.0,25.99,shipmonk_estimate,USD
142375,6522438910262,Cattasaurus - shoproxstore - Shopify,direct_to_consumer,fulfilled,2025-03-28,2025-03-30,2025-03-28,PA2,FedEx,1,1,19.47,2.26,0.0,21.73,shipmonk_estimate,USD
142376,6522439270710,Cattasaurus - shoproxstore - Shopify,direct_to_consumer,fulfilled,2025-03-28,2025-03-30,2025-03-28,PA2,FedEx,1,1,18.27,2.26,0.0,20.53,shipmonk_estimate,USD
142380,6522533839158,Cattasaurus - shoproxstore - Shopify,direct_to_consumer,fulfilled,2025-03-28,2025-03-30,2025-03-28,PA2,OnTrac,1,1,21.0,2.26,0.0,23.26,shipmonk_estimate,USD
142381,6522535969078,Cattasaurus - shoproxstore - Shopify,direct_to_consumer,fulfilled,2025-03-28,2025-03-30,2025-03-28,PA2,FedEx,1,1,16.77,2.26,0.0,19.03,shipmonk_estimate,USD
142383,6522576863542,Cattasaurus - shoproxstore - Shopify,direct_to_consumer,fulfilled,2025-03-28,2025-03-30,2025-03-28,PA2,OnTrac,1,1,23.73,2.26,0.0,25.99,shipmonk_estimate,USD
142384,6522583318838,Cattasaurus - shoproxstore - Shopify,direct_to_consumer,fulfilled,2025-03-28,2025-03-30,2025-03-28,PA2,FedEx,1,1,25.26,2.26,0.0,27.52,shipmonk_estimate,USD
142386,6522600259894,Cattasaurus - shoproxstore - Shopify,direct_to_consumer,fulfilled,2025-03-28,2025-03-30,2025-03-28,PA2,FedEx,1,1,25.26,2.26,0.0,27.52,shipmonk_estimate,USD
142392_1,9e109333-5d39-4020-9d0c-def009b9779f,Cattasaurus - shoproxstore - Shopify,direct_to_consumer,fulfilled,2025-03-28,2025-03-31,2025-03-28,NV3,DHL eCommerce,1,1,5.43,1.89,0.0,7.32,shipmonk_estimate,USD
142405_1,d10f41db-1af3-4ee4-b741-86a3a168a1fd,Cattasaurus - shoproxstore - Shopify,direct_to_consumer,fulfilled,2025-03-28,2025-03-31,2025-03-28,NV3,DHL eCommerce,1,1,6.21,1.89,0.3,8.4,shipmonk_estimate,USD
142406_1,13db67c7-91b1-47db-b2e8-f7119dfdca0b,Cattasaurus - shoproxstore - Shopify,direct_to_consumer,fulfilled,2025-03-28,2025-04-01,2025-03-28,PA2,OnTrac,1,1,5.43,1.89,0.0,7.32,shipmonk_estimate,USD
142407,6522816037174,Cattasaurus - shoproxstore - Shopify,direct_to_consumer,fulfilled,2025-03-28,2025-03-30,2025-03-28,PA2,FedEx,1,1,27.15,2.26,0.0,29.41,shipmonk_estimate,USD
142413_1,1a071c16-1182-473b-a414-465578625a1e,Cattasaurus - shoproxstore - Shopify,direct_to_consumer,fulfilled,2025-03-28,2025-03-31,2025-03-28,NV3,DHL eCommerce,1,1,4.64,1.89,0.3,6.83,shipmonk_estimate,USD
142414,6522865385782,Cattasaurus - shoproxstore - Shopify,direct_to_consumer,fulfilled,2025-03-28,2025-03-30,2025-03-28,PA2,FedEx,1,1,18.27,2.26,0.0,20.53,shipmonk_estimate,USD
142415_1,edad8404-7066-482f-abe3-e8598055c8cf,Cattasaurus - shoproxstore - Shopify,direct_to_consumer,fulfilled,2025-03-28,2025-03-31,2025-03-28,NV3,DHL eCommerce,2,1,8.1,2.63,0.5,11.23,shipmonk_estimate,USD
142417,6522883998006,Cattasaurus - shoproxstore - Shopify,direct_to_consumer,fulfilled,2025-03-28,2025-03-30,2025-03-28,PA2,OnTrac,1,1,16.73,2.26,0.0,18.99,shipmonk_estimate,USD
142418,6522889601334,Cattasaurus - shoproxstore - Shopify,direct_to_consumer,fulfilled,2025-03-28,2025-03-30,2025-03-28,PA2,FedEx,1,1,16.73,2.26,0.0,18.99,shipmonk_estimate,USD
142419,6522890387766,Cattasaurus - shoproxstore - Shopify,direct_to_consumer,fulfilled,2025-03-28,2025-04-01,2025-03-28,PA2,OnTrac,1,1,19.47,2.26,0.0,21.73,shipmonk_estimate,USD
142419_1,e071adaa-8572-4e2e-bcb8-b79d53f8a94e,Cattasaurus - shoproxstore - Shopify,direct_to_consumer,fulfilled,2025-03-28,2025-03-31,2025-03-28,NV3,DHL eCommerce,2,1,7.01,2.26,0.3,9.57,shipmonk_estimate,USD
142424,6522951827766,Cattasaurus - shoproxstore - Shopify,direct_to_consumer,fulfilled,2025-03-28,2025-03-30,2025-03-28,PA2,FedEx,1,1,18.27,2.26,0.0,20.53,shipmonk_estimate,USD
142425,6522958119222,Cattasaurus - shoproxstore - Shopify,direct_to_consumer,fulfilled,2025-03-28,2025-03-30,2025-03-28,PA2,OnTrac,1,1,26.08,2.26,0.0,28.34,shipmonk_estimate,USD
142427,6522975420726,Cattasaurus - shoproxstore - Shopify,direct_to_consumer,fulfilled,2025-03-28,2025-03-30,2025-03-28,PA2,UPS,1,1,15.49,2.26,0.0,17.75,shipmonk_estimate,USD
142429,6522986955062,Cattasaurus - shoproxstore - Shopify,direct_to_consumer,fulfilled,2025-03-28,2025-03-30,2025-03-28,PA2,OnTrac,2,1,16.73,2.63,0.0,19.36,shipmonk_estimate,USD
142432,6523015856438,Cattasaurus - shoproxstore - Shopify,direct_to_consumer,fulfilled,2025-03-28,2025-03-30,2025-03-28,PA2,FedEx,1,1,25.26,2.26,0.0,27.52,shipmonk_estimate,USD
142434,6523025195318,Cattasaurus - shoproxstore - Shopify,direct_to_consumer,fulfilled,2025-03-28,2025-03-30,2025-03-28,PA2,FedEx,2,1,21.0,2.63,0.0,23.63,shipmonk_estimate,USD
112-0567054-2340223,112-0567054-2340223,Cattasaurus - Amazon USA,direct_to_consumer,fulfilled,2025-03-29,2025-03-29,2025-03-29,PA2,OnTrac,1,1,19.47,2.26,0.0,21.73,shipmonk_estimate,USD
140402-01,21ac810d-c373-48cd-9c1d-200846d8811d,Cattasaurus - shoproxstore - Shopify,direct_to_consumer,fulfilled,2025-03-29,2025-03-30,2025-03-29,PA2,OnTrac,1,1,16.73,2.26,0.0,18.99,shipmonk_estimate,USD
142450,6523414806838,Cattasaurus - shoproxstore - Shopify,direct_to_consumer,fulfilled,2025-03-29,2025-03-30,2025-03-29,PA2,FedEx,3,1,27.15,3.0,0.0,30.15,shipmonk_estimate,USD
142455,6523478311222,Cattasaurus - shoproxstore - Shopify,direct_to_consumer,fulfilled,2025-03-29,2025-03-30,2025-03-29,PA2,OnTrac,1,1,13.15,2.26,0.0,15.41,shipmonk_estimate,USD
142457,6523485978934,Cattasaurus - shoproxstore - Shopify,direct_to_consumer,fulfilled,2025-03-29,2025-03-30,2025-03-29,PA2,OnTrac,1,1,19.89,2.26,0.0,22.15,shipmonk_estimate,USD
142459_1,c1b670a0-afd2-44fe-9356-b8d95f5395eb,Cattasaurus - shoproxstore - Shopify,direct_to_consumer,fulfilled,2025-03-29,2025-04-01,2025-03-29,PA2,DHL eCommerce,1,1,4.89,1.89,0.3,7.08,shipmonk_estimate,USD
142462,6523513995574,Cattasaurus - shoproxstore - Shopify,direct_to_consumer,fulfilled,2025-03-29,2025-03-30,2025-03-29,PA2,OnTrac,1,1,16.73,2.26,0.0,18.99,shipmonk_estimate,USD
142464,6523518320950,Cattasaurus - shoproxstore - Shopify,direct_to_consumer,fulfilled,2025-03-29,2025-03-30,2025-03-29,PA2,OnTrac,1,1,13.15,2.26,0.0,15.41,shipmonk_estimate,USD
142465_1,b79587df-8ec4-4ffa-946c-ea41675d9f45,Cattasaurus - shoproxstore - Shopify,direct_to_consumer,fulfilled,2025-03-29,2025-03-31,2025-03-29,NV3,DHL eCommerce,1,1,4.89,1.89,0.3,7.08,shipmonk_estimate,USD
142469_1,b9d2c6c3-622f-47df-bf33-d5e2076bd7bd,Cattasaurus - shoproxstore - Shopify,direct_to_consumer,fulfilled,2025-03-29,2025-04-01,2025-03-29,PA2,USPS,1,1,5.61,1.89,0.0,7.5,shipmonk_estimate,USD
142475,6523577073974,Cattasaurus - shoproxstore - Shopify,direct_to_consumer,fulfilled,2025-03-29,2025-03-30,2025-03-29,PA2,OnTrac,1,1,19.47,2.63,0.0,22.1,shipmonk_estimate,USD
142477,6523584250166,Cattasaurus - shoproxstore - Shopify,direct_to_consumer,fulfilled,2025-03-29,2025-03-30,2025-03-29,PA2,OnTrac,1,1,18.27,2.26,0.0,20.53,shipmonk_estimate,USD
142482,6523605909814,Cattasaurus - shoproxstore - Shopify,direct_to_consumer,fulfilled,2025-03-29,2025-03-30,2025-03-29,PA2,OnTrac,1,1,23.73,2.26,0.0,25.99,shipmonk_estimate,USD
142483,6523606630710,Cattasaurus - shoproxstore - Shopify,direct_to_consumer,fulfilled,2025-03-29,2025-03-30,2025-03-29,PA2,OnTrac,1,1,15.23,2.26,0.0,17.49,shipmonk_estimate,USD
142483_1,968fe06d-2438-4f41-bde9-1b0973e244cb,Cattasaurus - shoproxstore - Shopify,direct_to_consumer,fulfilled,2025-03-29,2025-03-30,2025-03-29,PA2,OnTrac,1,1,15.23,2.26,0.0,17.49,shipmonk_estimate,USD
142488_1,00d6c162-96ef-4caa-9e70-a965855db3f7,Cattasaurus - shoproxstore - Shopify,direct_to_consumer,fulfilled,2025-03-29,2025-04-01,2025-03-29,PA2,DHL eCommerce,1,1,4.62,1.89,0.3,6.81,shipmonk_estimate,USD
142489,6523669709110,Cattasaurus - shoproxstore - Shopify,direct_to_consumer,fulfilled,2025-03-29,2025-03-30,2025-03-29,PA2,OnTrac,1,1,19.47,2.26,0.0,21.73,shipmonk_estimate,USD
142492,6523676000566,Cattasaurus - shoproxstore - Shopify,direct_to_consumer,fulfilled,2025-03-29,2025-03-30,2025-03-29,PA2,OnTrac,1,1,19.15,2.26,0.0,21.41,shipmonk_estimate,USD
142496,6523681800502,Cattasaurus - shoproxstore - Shopify,direct_to_consumer,fulfilled,2025-03-29,2025-03-30,2025-03-29,PA2,OnTrac,2,1,15.23,2.63,0.0,17.86,shipmonk_estimate,USD
142497,6523693302070,Cattasaurus - shoproxstore - Shopify,direct_to_consumer,fulfilled,2025-03-29,2025-03-30,2025-03-29,PA2,OnTrac,1,1,15.23,2.63,0.0,17.86,shipmonk_estimate,USD
142501,6523701657910,Cattasaurus - shoproxstore - Shopify,direct_to_consumer,fulfilled,2025-03-29,2025-03-30,2025-03-29,PA2,FedEx,1,1,16.77,2.63,0.0,19.4,shipmonk_estimate,USD
142503,6523705262390,Cattasaurus - shoproxstore - Shopify,direct_to_consumer,fulfilled,2025-03-29,2025-03-30,2025-03-29,PA2,FedEx,1,1,25.26,2.26,0.0,27.52,shipmonk_estimate,USD
142504,6523705360694,Cattasaurus - shoproxstore - Shopify,direct_to_consumer,fulfilled,2025-03-29,2025-03-30,2025-03-29,PA2,FedEx,1,1,23.6,2.63,0.0,26.23,shipmonk_estimate,USD
142509_1,c4fecd3c-4988-4ddc-ab7a-43a5e8fe7cc3,Cattasaurus - shoproxstore - Shopify,direct_to_consumer,fulfilled,2025-03-29,2025-03-31,2025-03-29,NV3,DHL eCommerce,1,1,5.94,1.89,0.3,8.13,shipmonk_estimate,USD
142511,6523746484534,Cattasaurus - shoproxstore - Shopify,direct_to_consumer,fulfilled,2025-03-29,2025-03-30,2025-03-29,PA2,FedEx,2,1,21.0,2.63,0.0,23.63,shipmonk_estimate,USD
142516,6523772600630,Cattasaurus - shoproxstore - Shopify,direct_to_consumer,fulfilled,2025-03-29,2025-03-30,2025-03-29,PA2,OnTrac,1,1,19.47,2.26,0.0,21.73,shipmonk_estimate,USD
142516_1,4b7a1e81-6cd2-4494-b127-702ae761186b,Cattasaurus - shoproxstore - Shopify,direct_to_consumer,fulfilled,2025-03-29,2025-03-30,2025-03-29,PA2,OnTrac,1,1,19.47,2.26,0.0,21.73,shipmonk_estimate,USD
142525_1,b31a3d23-09b4-4cf9-827b-3168bd08ceca,Cattasaurus - shoproxstore - Shopify,direct_to_consumer,fulfilled,2025-03-29,2025-04-01,2025-03-29,PA2,DHL eCommerce,1,1,5.68,1.89,0.0,7.57,shipmonk_estimate,USD
142527_1,06a1ca85-f426-4797-8fa9-706716821150,Cattasaurus - shoproxstore - Shopify,direct_to_consumer,fulfilled,2025-03-29,2025-04-01,2025-03-29,PA2,USPS,1,1,5.43,1.89,0.0,7.32,shipmonk_estimate,USD
142529_1,dcdee1c6-ea79-4fbb-ac29-24da800b34e3,Cattasaurus - shoproxstore - Shopify,direct_to_consumer,fulfilled,2025-03-29,2025-03-31,2025-03-29,NV3,DHL eCommerce,1,1,6.21,1.89,0.3,8.4,shipmonk_estimate,USD
142532,6523962884406,Cattasaurus - shoproxstore - Shopify,direct_to_consumer,fulfilled,2025-03-29,2025-03-30,2025-03-29,PA2,FedEx,1,1,21.0,2.26,0.0,23.26,shipmonk_estimate,USD
142533,6523964227894,Cattasaurus - shoproxstore - Shopify,direct_to_consumer,fulfilled,2025-03-29,2025-03-30,2025-03-29,PA2,FedEx,1,1,21.0,2.26,0.0,23.26,shipmonk_estimate,USD
142535,6523980284214,Cattasaurus - shoproxstore - Shopify,direct_to_consumer,fulfilled,2025-03-29,2025-03-30,2025-03-29,PA2,OnTrac,1,1,16.73,2.26,0.0,18.99,shipmonk_estimate,USD
142537,6524010463542,Cattasaurus - shoproxstore - Shopify,direct_to_consumer,fulfilled,2025-03-29,2025-03-31,2025-03-29,PA2,FedEx,1,1,21.0,2.26,0.0,23.26,shipmonk_estimate,USD
142541,6524054044982,Cattasaurus - shoproxstore - Shopify,direct_to_consumer,fulfilled,2025-03-29,2025-03-31,2025-03-29,PA2,OnTrac,2,1,19.47,2.63,0.0,22.1,shipmonk_estimate,USD
142546_1,92bbce22-7bcc-48a6-bf9e-1606af626fec,Cattasaurus - shoproxstore - Shopify,direct_to_consumer,fulfilled,2025-03-29,2025-04-14,2025-03-29,NV3,DHL eCommerce,1,1,5.77,1.89,0.3,7.96,shipmonk_estimate,USD
142547,6524135309622,Cattasaurus - shoproxstore - Shopify,direct_to_consumer,fulfilled,2025-03-29,2025-03-31,2025-03-29,PA2,OnTrac,1,1,15.23,2.26,0.0,17.49,shipmonk_estimate,USD
142549,6524167618870,Cattasaurus - shoproxstore - Shopify,direct_to_consumer,fulfilled,2025-03-29,2025-04-01,2025-03-29,PA2,FedEx,2,1,19.47,2.63,0.0,22.1,shipmonk_estimate,USD
142549_1,3fa0a5ab-519f-40eb-9d39-d21f92da1102,Cattasaurus - shoproxstore - Shopify,direct_to_consumer,fulfilled,2025-03-29,2025-03-31,2025-03-29,NV3,USPS,1,1,5.77,1.89,0.3,7.96,shipmonk_estimate,USD
142551,6524208152886,Cattasaurus - shoproxstore - Shopify,direct_to_consumer,fulfilled,2025-03-29,2025-03-31,2025-03-29,PA2,FedEx,1,1,19.47,2.26,0.0,21.73,shipmonk_estimate,USD
142554,6524239413558,Cattasaurus - shoproxstore - Shopify,direct_to_consumer,fulfilled,2025-03-29,2025-03-31,2025-03-29,PA2,FedEx,1,1,19.47,2.26,0.0,21.73,shipmonk_estimate,USD
142556_1,11932dcf-ce1e-4b97-be58-ad8fac2f1e0f,Cattasaurus - shoproxstore - Shopify,direct_to_consumer,fulfilled,2025-03-29,2025-03-31,2025-03-29,NV3,DHL eCommerce,1,1,5.94,1.89,0.3,8.13,shipmonk_estimate,USD
142558,6524258484534,Cattasaurus - shoproxstore - Shopify,direct_to_consumer,fulfilled,2025-03-29,2025-03-31,2025-03-29,PA2,UPS,1,1,14.68,2.26,0.0,16.94,shipmonk_estimate,USD
142562,6524279324982,Cattasaurus - shoproxstore - Shopify,direct_to_consumer,fulfilled,2025-03-29,2025-03-31,2025-03-29,PA2,OnTrac,1,1,16.73,2.26,0.0,18.99,shipmonk_estimate,USD
142565,6524314714422,Cattasaurus - shoproxstore - Shopify,direct_to_consumer,fulfilled,2025-03-29,2025-03-31,2025-03-29,PA2,OnTrac,1,1,19.47,2.26,0.0,21.73,shipmonk_estimate,USD
142577,6524389916982,Cattasaurus - shoproxstore - Shopify,direct_to_consumer,fulfilled,2025-03-29,2025-03-31,2025-03-29,PA2,UPS,2,2,33.74,4.89,0.9,39.53,shipmonk_estimate,USD
142578_1,3246120c-d193-4268-bb8d-b850125c7a7f,Cattasaurus - shoproxstore - Shopify,direct_to_consumer,fulfilled,2025-03-29,2025-03-31,2025-03-29,NV3,DHL eCommerce,1,1,5.43,1.89,0.0,7.32,shipmonk_estimate,USD
142579_1,642e6287-aa6d-4f29-aaa1-1cfa843c32c6,Cattasaurus - shoproxstore - Shopify,direct_to_consumer,fulfilled,2025-03-29,2025-03-31,2025-03-29,NV3,DHL eCommerce,1,1,5.77,2.26,0.3,8.33,shipmonk_estimate,USD
142587,6524451356982,Cattasaurus - shoproxstore - Shopify,direct_to_consumer,fulfilled,2025-03-29,2025-03-31,2025-03-29,PA2,FedEx,2,1,18.27,3.0,0.0,21.27,shipmonk_estimate,USD
142588,6524451520822,Cattasaurus - shoproxstore - Shopify,direct_to_consumer,fulfilled,2025-03-29,2025-03-31,2025-03-29,PA2,FedEx,1,1,23.73,2.26,0.0,25.99,shipmonk_estimate,USD
142591,6524460040502,Cattasaurus - shoproxstore - Shopify,direct_to_consumer,fulfilled,2025-03-29,2025-03-31,2025-03-29,PA2,FedEx,1,1,25.26,2.26,0.0,27.52,shipmonk_estimate,USD
142595,6524478587190,Cattasaurus - shoproxstore - Shopify,direct_to_consumer,fulfilled,2025-03-29,2025-03-31,2025-03-29,PA2,FedEx,1,1,25.26,2.26,0.0,27.52,shipmonk_estimate,USD
142598,6524495626550,Cattasaurus - shoproxstore - Shopify,direct_to_consumer,fulfilled,2025-03-29,2025-03-31,2025-03-29,PA2,OnTrac,2,1,16.73,2.63,0.0,19.36,shipmonk_estimate,USD
142599,6524503425334,Cattasaurus - shoproxstore - Shopify,direct_to_consumer,fulfilled,2025-03-29,2025-03-31,2025-03-29,PA2,OnTrac,1,1,16.73,2.26,0.0,18.99,shipmonk_estimate,USD
142603,6524524233014,Cattasaurus - shoproxstore - Shopify,direct_to_consumer,fulfilled,2025-03-29,2025-03-31,2025-03-29,PA2,FedEx,1,1,21.0,2.26,0.0,23.26,shipmonk_estimate,USD
142608,6524583477558,Cattasaurus - shoproxstore - Shopify,direct_to_consumer,fulfilled,2025-03-29,2025-03-31,2025-03-29,PA2,OnTrac,3,1,15.65,2.63,1.3,19.58,shipmonk_estimate,USD
142610,6524596224310,Cattasaurus - shoproxstore - Shopify,direct_to_consumer,fulfilled,2025-03-29,2025-03-31,2025-03-29,PA2,OnTrac,1,1,13.15,2.26,0.0,15.41,shipmonk_estimate,USD
142619_1,80324d5a-0f80-4146-af25-a14a4c914cf1,Cattasaurus - shoproxstore - Shopify,direct_to_consumer,fulfilled,2025-03-29,2025-04-14,2025-03-29,NV3,DHL eCommerce,2,1,6.46,2.26,0.5,9.22,shipmonk_estimate,USD
142623,6524702982454,Cattasaurus - shoproxstore - Shopify,direct_to_consumer,fulfilled,2025-03-29,2025-03-31,2025-03-29,PA2,OnTrac,1,1,13.15,2.26,0.0,15.41,shipmonk_estimate,USD
142624,6524709765430,Cattasaurus - shoproxstore - Shopify,direct_to_consumer,fulfilled,2025-03-29,2025-03-31,2025-03-29,PA2,OnTrac,1,1,16.73,2.26,0.0,18.99,shipmonk_estimate,USD
142625,6524722151734,Cattasaurus - shoproxstore - Shopify,direct_to_consumer,fulfilled,2025-03-29,2025-03-31,2025-03-29,PA2,OnTrac,1,1,19.99,2.26,0.0,22.25,shipmonk_estimate,USD
142631_1,5e782913-9e76-4d1b-959e-5645b24c67eb,Cattasaurus - shoproxstore - Shopify,direct_to_consumer,fulfilled,2025-03-29,2025-03-31,2025-03-29,NV3,DHL eCommerce,1,1,5.61,1.89,0.0,7.5,shipmonk_estimate,USD
142634_1,9b7a18a2-3c64-4070-971a-3eefc4b3d62e,Cattasaurus - shoproxstore - Shopify,direct_to_consumer,fulfilled,2025-03-29,2025-03-31,2025-03-29,NV3,DHL eCommerce,1,1,5.77,1.89,0.0,7.66,shipmonk_estimate,USD
142636,6524847128886,Cattasaurus - shoproxstore - Shopify,direct_to_consumer,fulfilled,2025-03-29,2025-03-31,2025-03-29,PA2,OnTrac,1,1,25.56,2.26,0.0,27.82,shipmonk_estimate,USD
142638,6524872327478,Cattasaurus - shoproxstore - Shopify,direct_to_consumer,fulfilled,2025-03-29,2025-03-31,2025-03-29,PA2,OnTrac,1,1,25.26,2.63,0.0,27.89,shipmonk_estimate,USD
142643,6524927443254,Cattasaurus - shoproxstore - Shopify,direct_to_consumer,fulfilled,2025-03-29,2025-03-31,2025-03-29,PA2,OnTrac,1,1,13.15,2.26,0.0,15.41,shipmonk_estimate,USD
142645,6524964438326,Cattasaurus - shoproxstore - Shopify,direct_to_consumer,fulfilled,2025-03-29,2025-03-31,2025-03-29,PA2,OnTrac,2,1,16.73,3.0,0.0,19.73,shipmonk_estimate,USD
114-2980450-5905842,114-2980450-5905842,Cattasaurus - Amazon USA,direct_to_consumer,fulfilled,2025-03-30,2025-03-31,2025-03-30,NV3,FedEx,1,1,19.47,2.26,0.0,21.73,shipmonk_estimate,USD
142653,6525181821238,Cattasaurus - shoproxstore - Shopify,direct_to_consumer,fulfilled,2025-03-30,2025-03-31,2025-03-30,PA2,OnTrac,1,1,16.73,2.26,0.0,18.99,shipmonk_estimate,USD
142658_1,a4045650-dbec-44db-94f0-e9b68e3a7a1b,Cattasaurus - shoproxstore - Shopify,direct_to_consumer,fulfilled,2025-03-30,2025-04-01,2025-03-30,PA2,USPS,1,1,4.64,1.89,0.3,6.83,shipmonk_estimate,USD
142660_1,d40c113b-0fea-456c-af71-348d17d676c9,Cattasaurus - shoproxstore - Shopify,direct_to_consumer,fulfilled,2025-03-30,2025-03-31,2025-03-30,NV3,DHL eCommerce,1,1,5.1,1.89,0.3,7.29,shipmonk_estimate,USD
142661,6525238968630,Cattasaurus - shoproxstore - Shopify,direct_to_consumer,fulfilled,2025-03-30,2025-03-31,2025-03-30,PA2,OnTrac,2,1,25.26,3.0,0.0,28.26,shipmonk_estimate,USD
142664,6525245129014,Cattasaurus - shoproxstore - Shopify,direct_to_consumer,fulfilled,2025-03-30,2025-03-31,2025-03-30,PA2,FedEx,1,1,23.73,1.89,0.0,25.62,shipmonk_estimate,USD
142665,6525252665654,Cattasaurus - shoproxstore - Shopify,direct_to_consumer,fulfilled,2025-03-30,2025-03-31,2025-03-30,PA2,OnTrac,2,1,19.47,3.0,0.0,22.47,shipmonk_estimate,USD
142668,6525326459190,Cattasaurus - shoproxstore - Shopify,direct_to_consumer,fulfilled,2025-03-30,2025-03-31,2025-03-30,PA2,FedEx,1,1,18.27,2.63,0.0,20.9,shipmonk_estimate,USD
142669_1,3a4187d4-0afb-49e7-b396-c96b669b4da6,Cattasaurus - shoproxstore - Shopify,direct_to_consumer,fulfilled,2025-03-30,2025-04-01,2025-03-30,PA2,USPS,2,1,5.68,2.26,0.3,8.24,shipmonk_estimate,USD
142670,6525335470390,Cattasaurus - shoproxstore - Shopify,direct_to_consumer,fulfilled,2025-03-30,2025-03-31,2025-03-30,PA2,FedEx,1,1,16.73,2.63,0.0,19.36,shipmonk_estimate,USD
142674,6525345628470,Cattasaurus - shoproxstore - Shopify,direct_to_consumer,fulfilled,2025-03-30,2025-03-31,2025-03-30,PA2,OnTrac,1,1,16.73,2.63,0.0,19.36,shipmonk_estimate,USD
142676,6525363192118,Cattasaurus - shoproxstore - Shopify,direct_to_consumer,fulfilled,2025-03-30,2025-03-31,2025-03-30,PA2,OnTrac,2,1,16.73,3.0,0.0,19.73,shipmonk_estimate,USD
142679,6525365977398,Cattasaurus - shoproxstore - Shopify,direct_to_consumer,fulfilled,2025-03-30,2025-03-31,2025-03-30,PA2,OnTrac,1,1,21.0,2.63,0.0,23.63,shipmonk_estimate,USD
142680_1,b0de6eb2-0088-454f-9d44-00a5da534588,Cattasaurus - shoproxstore - Shopify,direct_to_consumer,fulfilled,2025-03-30,2025-03-31,2025-03-30,NV3,DHL eCommerce,1,1,5.77,1.89,0.0,7.66,shipmonk_estimate,USD
142682,6525391077686,Cattasaurus - shoproxstore - Shopify,direct_to_consumer,fulfilled,2025-03-30,2025-04-01,2025-03-30,PA2,OnTrac,1,1,15.23,2.26,0.0,17.49,shipmonk_estimate,USD
142685_1,3e96cd9c-ccbe-40d3-8784-0e8abd9ef2e1,Cattasaurus - shoproxstore - Shopify,direct_to_consumer,fulfilled,2025-03-30,2025-04-01,2025-03-30,PA2,DHL eCommerce,1,1,5.68,1.89,0.0,7.57,shipmonk_estimate,USD
142687_1,a55ffcc8-ee84-46ae-ab37-c0fa6ce36304,Cattasaurus - shoproxstore - Shopify,direct_to_consumer,fulfilled,2025-03-30,2025-04-01,2025-03-30,PA2,DHL eCommerce,1,1,5.68,1.89,0.0,7.57,shipmonk_estimate,USD
142688_1,fae9b8f8-2722-4859-b7b0-9a5cbd85f645,Cattasaurus - shoproxstore - Shopify,direct_to_consumer,fulfilled,2025-03-30,2025-04-01,2025-03-30,PA2,OnTrac,1,1,5.41,1.89,0.0,7.3,shipmonk_estimate,USD
142689_1,df0b1fa0-2c15-4acb-88d9-db7d4756ae47,Cattasaurus - shoproxstore - Shopify,direct_to_consumer,fulfilled,2025-03-30,2025-04-01,2025-03-30,PA2,USPS,1,1,4.89,1.89,0.3,7.08,shipmonk_estimate,USD
142690,6525420601654,Cattasaurus - shoproxstore - Shopify,direct_to_consumer,fulfilled,2025-03-30,2025-04-01,2025-03-30,PA2,OnTrac,1,1,13.15,2.26,0.0,15.41,shipmonk_estimate,USD
142692,6525429973302,Cattasaurus - shoproxstore - Shopify,direct_to_consumer,fulfilled,2025-03-30,2025-04-01,2025-03-30,PA2,OnTrac,1,1,16.73,2.26,0.0,18.99,shipmonk_estimate,USD
142694,6525442294070,Cattasaurus - shoproxstore - Shopify,direct_to_consumer,fulfilled,2025-03-30,2025-04-01,2025-03-30,PA2,OnTrac,3,1,15.23,3.0,0.0,18.23,shipmonk_estimate,USD
142696,6525449896246,Cattasaurus - shoproxstore - Shopify,direct_to_consumer,fulfilled,2025-03-30,2025-04-01,2025-03-30,PA2,FedEx,1,1,16.73,2.26,0.0,18.99,shipmonk_estimate,USD
142697,6525456417078,Cattasaurus - shoproxstore - Shopify,direct_to_consumer,fulfilled,2025-03-30,2025-04-01,2025-03-30,PA2,FedEx,2,1,25.26,2.63,0.0,27.89,shipmonk_estimate,USD
142701,6525482664246,Cattasaurus - shoproxstore - Shopify,direct_to_consumer,fulfilled,2025-03-30,2025-04-01,2025-03-30,PA2,FedEx,1,1,18.27,2.26,0.0,20.53,shipmonk_estimate,USD
142702,6525504323894,Cattasaurus - shoproxstore - Shopify,direct_to_consumer,fulfilled,2025-03-30,2025-04-01,2025-03-30,PA2,FedEx,1,1,25.26,2.26,0.0,27.52,shipmonk_estimate,USD
142703_1,f0f2791c-ac84-4ff3-a201-289217df0a8e,Cattasaurus - shoproxstore - Shopify,direct_to_consumer,fulfilled,2025-03-30,2025-04-03,2025-03-30,PA2,OnTrac,1,1,5.61,1.89,0.0,7.5,shipmonk_estimate,USD
142704_1,5e885bf4-5a63-4812-8d1f-ead888453490,Cattasaurus - shoproxstore - Shopify,direct_to_consumer,fulfilled,2025-03-30,2025-04-03,2025-03-30,PA2,USPS,3,1,6.62,3.0,0.5,10.12,shipmonk_estimate,USD
142705_1,38ff19df-d2b8-4284-a2ad-7c9a56b272ba,Cattasaurus - shoproxstore - Shopify,direct_to_consumer,fulfilled,2025-03-30,2025-04-03,2025-03-30,PA2,USPS,1,1,4.62,1.89,0.3,6.81,shipmonk_estimate,USD
142711,6525547741494,Cattasaurus - shoproxstore - Shopify,direct_to_consumer,fulfilled,2025-03-30,2025-04-01,2025-03-30,PA2,OnTrac,3,1,23.73,3.0,0.0,26.73,shipmonk_estimate,USD
142712_1,0d1f6e8c-8aa5-4be0-b2ad-5ccd5ddaf0ac,Cattasaurus - shoproxstore - Shopify,direct_to_consumer,fulfilled,2025-03-30,2025-04-03,2025-03-30,PA2,DHL eCommerce,1,1,5.68,1.89,0.0,7.57,shipmonk_estimate,USD
142719_1,3dfb1773-33f3-4b9b-806d-1d33d79fea50,Cattasaurus - shoproxstore - Shopify,direct_to_consumer,fulfilled,2025-03-30,2025-04-03,2025-03-30,PA2,OnTrac,1,1,5.41,1.89,0.0,7.3,shipmonk_estimate,USD
142723,6525581820214,Cattasaurus - shoproxstore - Shopify,direct_to_consumer,fulfilled,2025-03-30,2025-04-01,2025-03-30,PA2,FedEx,2,1,19.47,2.63,0.0,22.1,shipmonk_estimate,USD
142724,6525582704950,Cattasaurus - shoproxstore - Shopify,direct_to_consumer,fulfilled,2025-03-30,2025-04-01,2025-03-30,PA2,OnTrac,1,1,27.19,2.26,0.0,29.45,shipmonk_estimate,USD
142726,6525593125174,Cattasaurus - shoproxstore - Shopify,direct_to_consumer,fulfilled,2025-03-30,2025-04-01,2025-03-30,PA2,OnTrac,1,1,19.47,2.26,0.0,21.73,shipmonk_estimate,USD
142734_1,77d8e7cc-6c90-4d9a-a865-956290defadf,Cattasaurus - shoproxstore - Shopify,direct_to_consumer,fulfilled,2025-03-30,2025-04-20,2025-03-30,PA2,DHL eCommerce,1,1,5.41,2.26,0.5,8.17,shipmonk_estimate,USD
142736,6525622616374,Cattasaurus - shoproxstore - Shopify,direct_to_consumer,fulfilled,2025-03-30,2025-04-01,2025-03-30,PA2,FedEx,1,1,21.0,2.26,0.0,23.26,shipmonk_estimate,USD
142737,6525627826486,Cattasaurus - shoproxstore - Shopify,direct_to_consumer,fulfilled,2025-03-30,2025-04-01,2025-03-30,PA2,OnTrac,2,1,16.73,2.63,0.0,19.36,shipmonk_estimate,USD
142749,6525743759670,Cattasaurus - shoproxstore - Shopify,direct_to_consumer,fulfilled,2025-03-30,2025-04-01,2025-03-30,PA2,OnTrac,1,1,13.15,2.26,0.0,15.41,shipmonk_estimate,USD
142753,6525776658742,Cattasaurus - shoproxstore - Shopify,direct_to_consumer,fulfilled,2025-03-30,2025-04-01,2025-03-30,PA2,OnTrac,2,1,19.47,2.63,0.0,22.1,shipmonk_estimate,USD
142761,6525855596854,Cattasaurus - shoproxstore - Shopify,direct_to_consumer,fulfilled,2025-03-30,2025-04-01,2025-03-30,PA2,OnTrac,1,1,25.26,2.26,0.0,27.52,shipmonk_estimate,USD
142763,6525874602294,Cattasaurus - shoproxstore - Shopify,direct_to_consumer,fulfilled,2025-03-30,2025-04-07,2025-03-30,PA2,UPS,1,1,15.61,2.63,0.0,18.24,shipmonk_estimate,USD
142764,6525875388726,Cattasaurus - shoproxstore - Shopify,direct_to_consumer,fulfilled,2025-03-30,2025-04-01,2025-03-30,PA2,OnTrac,1,1,18.46,2.26,0.0,20.72,shipmonk_estimate,USD
142766,6525881418038,Cattasaurus - shoproxstore - Shopify,direct_to_consumer,fulfilled,2025-03-30,,2025-03-30,PA2,ShipMonk,1,0,16.71,3.78,0.0,20.49,shipmonk_estimate,USD
142767_1,0471ab4c-8e2b-4c83-ac03-cccad9d919c1,Cattasaurus - shoproxstore - Shopify,direct_to_consumer,fulfilled,2025-03-30,2025-04-03,2025-03-30,PA2,OnTrac,1,1,5.68,1.89,0.0,7.57,shipmonk_estimate,USD
142768,6525900030262,Cattasaurus - shoproxstore - Shopify,direct_to_consumer,fulfilled,2025-03-30,2025-04-01,2025-03-30,PA2,FedEx,1,2,0.0,3.78,0.0,3.78,shipmonk_estimate,USD
142771,6525916381494,Cattasaurus - shoproxstore - Shopify,direct_to_consumer,fulfilled,2025-03-30,2025-04-01,2025-03-30,PA2,FedEx,1,1,19.47,2.26,0.0,21.73,shipmonk_estimate,USD
142775,6525936337206,Cattasaurus - shoproxstore - Shopify,direct_to_consumer,fulfilled,2025-03-30,2025-04-01,2025-03-30,PA2,OnTrac,1,1,16.73,2.26,0.0,18.99,shipmonk_estimate,USD
142788_1,715464da-e7da-4a27-8679-897403ed3a20,Cattasaurus - shoproxstore - Shopify,direct_to_consumer,fulfilled,2025-03-30,2025-04-03,2025-03-30,PA2,USPS,1,1,4.89,1.89,0.3,7.08,shipmonk_estimate,USD
142796,6526113743158,Cattasaurus - shoproxstore - Shopify,direct_to_consumer,fulfilled,2025-03-30,2025-04-01,2025-03-30,PA2,FedEx,2,1,19.47,3.0,0.0,22.47,shipmonk_estimate,USD
142797_1,92246a0f-814a-4137-96d8-e9baaf8a11ec,Cattasaurus - shoproxstore - Shopify,direct_to_consumer,fulfilled,2025-03-30,2025-03-31,2025-03-30,NV3,DHL eCommerce,1,1,5.43,1.89,0.0,7.32,shipmonk_estimate,USD
142798,6526135337270,Cattasaurus - shoproxstore - Shopify,direct_to_consumer,fulfilled,2025-03-30,2025-04-01,2025-03-30,NV3,USPS,1,1,5.1,1.89,0.3,7.29,shipmonk_estimate,USD
142803,6526200217910,Cattasaurus - shoproxstore - Shopify,direct_to_consumer,fulfilled,2025-03-30,2025-04-01,2025-03-30,PA2,OnTrac,1,1,14.68,2.26,0.0,16.94,shipmonk_estimate,USD
142805,6526246650166,Cattasaurus - shoproxstore - Shopify,direct_to_consumer,fulfilled,2025-03-30,2025-04-01,2025-03-30,PA2,FedEx,2,1,18.27,2.63,0.0,20.9,shipmonk_estimate,USD
142806_1,0c9bbf44-97e1-4682-84e5-cef38babde4c,Cattasaurus - shoproxstore - Shopify,direct_to_consumer,fulfilled,2025-03-30,2025-04-02,2025-03-30,NV3,DHL eCommerce,1,1,5.43,2.26,0.3,7.99,shipmonk_estimate,USD
142807,6526276043062,Cattasaurus - shoproxstore - Shopify,direct_to_consumer,fulfilled,2025-03-30,2025-04-01,2025-03-30,PA2,OnTrac,1,1,15.23,2.26,0.0,17.49,shipmonk_estimate,USD
142808,6526277943606,Cattasaurus - shoproxstore - Shopify,direct_to_consumer,fulfilled,2025-03-30,2025-04-01,2025-03-30,PA2,OnTrac,1,1,19.47,2.26,0.0,21.73,shipmonk_estimate,USD
142809,6526277976374,Cattasaurus - shoproxstore - Shopify,direct_to_consumer,fulfilled,2025-03-30,2025-04-01,2025-03-30,PA2,FedEx,1,1,19.47,2.26,0.0,21.73,shipmonk_estimate,USD
142811,6526309237046,Cattasaurus - shoproxstore - Shopify,direct_to_consumer,fulfilled,2025-03-30,2025-04-01,2025-03-30,PA2,FedEx,1,1,18.27,2.26,0.0,20.53,shipmonk_estimate,USD
142817_1,af26478a-d4f9-4e43-a927-f4fcf7e93821,Cattasaurus - shoproxstore - Shopify,direct_to_consumer,fulfilled,2025-03-30,2025-04-03,2025-03-30,PA2,USPS,1,1,5.61,1.89,0.0,7.5,shipmonk_estimate,USD
142818,6526370939190,Cattasaurus - shoproxstore - Shopify,direct_to_consumer,fulfilled,2025-03-30,2025-04-02,2025-03-30,PA2,OnTrac,1,1,15.23,2.26,0.0,17.49,shipmonk_estimate,USD
142820_1,adbe1796-6373-47a3-b17a-d6c853735c05,Cattasaurus - shoproxstore - Shopify,direct_to_consumer,fulfilled,2025-03-30,2025-04-03,2025-03-30,PA2,DHL eCommerce,3,1,6.62,2.63,0.5,9.75,shipmonk_estimate,USD
142821_1,ccdfcf84-976d-496c-ba8d-ee3a011b46e4,Cattasaurus - shoproxstore - Shopify,direct_to_consumer,fulfilled,2025-03-30,2025-04-02,2025-03-30,NV3,DHL eCommerce,1,1,5.77,2.26,0.3,8.33,shipmonk_estimate,USD
142822,6526385488182,Cattasaurus - shoproxstore - Shopify,direct_to_consumer,fulfilled,2025-03-30,2025-04-01,2025-03-30,PA2,FedEx,1,1,16.73,2.26,0.0,18.99,shipmonk_estimate,USD
142829,6526515314998,Cattasaurus - shoproxstore - Shopify,direct_to_consumer,fulfilled,2025-03-30,2025-04-01,2025-03-30,PA2,OnTrac,1,1,15.23,2.26,0.0,17.49,shipmonk_estimate,USD
139161-01,2fd7bc26-a0d0-42f0-a964-436e97553553,Cattasaurus - shoproxstore - Shopify,direct_to_consumer,fulfilled,2025-03-31,2025-04-01,2025-03-31,PA2,OnTrac,1,1,13.15,2.26,0.0,15.41,shipmonk_estimate,USD
139884-01,8350a429-ab4a-49d3-b8d5-037385308f51,Cattasaurus - shoproxstore - Shopify,direct_to_consumer,fulfilled,2025-03-31,2025-04-01,2025-03-31,PA2,OnTrac,1,1,13.15,2.26,0.0,15.41,shipmonk_estimate,USD
142831,6526706778422,Cattasaurus - shoproxstore - Shopify,direct_to_consumer,fulfilled,2025-03-31,2025-04-01,2025-03-31,PA2,OnTrac,1,1,16.77,2.26,0.0,19.03,shipmonk_estimate,USD
142832,6526765334838,Cattasaurus - shoproxstore - Shopify,direct_to_consumer,fulfilled,2025-03-31,2025-04-01,2025-03-31,PA2,OnTrac,1,1,19.47,2.26,0.0,21.73,shipmonk_estimate,USD
142835,6526809473334,Cattasaurus - shoproxstore - Shopify,direct_to_consumer,fulfilled,2025-03-31,2025-04-01,2025-03-31,PA2,FedEx,1,1,25.26,2.26,0.0,27.52,shipmonk_estimate,USD
142838_1,57a41daa-6a0e-469e-85bc-e23a285b396e,Cattasaurus - shoproxstore - Shopify,direct_to_consumer,fulfilled,2025-03-31,2025-04-03,2025-03-31,PA2,OnTrac,1,1,5.41,1.89,0.0,7.3,shipmonk_estimate,USD
142839,6526868390198,Cattasaurus - shoproxstore - Shopify,direct_to_consumer,fulfilled,2025-03-31,2025-04-01,2025-03-31,PA2,OnTrac,1,1,16.71,2.26,0.0,18.97,shipmonk_estimate,USD
142845,6526915412278,Cattasaurus - shoproxstore - Shopify,direct_to_consumer,fulfilled,2025-03-31,2025-04-01,2025-03-31,PA2,FedEx,1,1,25.26,2.26,0.0,27.52,shipmonk_estimate,USD
142852,6526964695350,Cattasaurus - shoproxstore - Shopify,direct_to_consumer,fulfilled,2025-03-31,2025-04-02,2025-03-31,PA2,OnTrac,1,1,14.68,2.26,0.0,16.94,shipmonk_estimate,USD
142853,6526967611702,Cattasaurus - shoproxstore - Shopify,direct_to_consumer,fulfilled,2025-03-31,2025-04-01,2025-03-31,PA2,OnTrac,1,1,16.73,2.26,0.0,18.99,shipmonk_estimate,USD
142856,6526975770934,Cattasaurus - shoproxstore - Shopify,direct_to_consumer,fulfilled,2025-03-31,2025-04-02,2025-03-31,PA2,FedEx,1,1,21.0,2.26,0.0,23.26,shipmonk_estimate,USD
142859,6526991237430,Cattasaurus - shoproxstore - Shopify,direct_to_consumer,fulfilled,2025-03-31,2025-04-01,2025-03-31,PA2,OnTrac,4,1,15.23,3.37,0.0,18.6,shipmonk_estimate,USD
142860,6527014338870,Cattasaurus - shoproxstore - Shopify,direct_to_consumer,fulfilled,2025-03-31,2025-04-01,2025-03-31,NV3,FedEx,1,1,19.47,2.63,0.0,22.1,shipmonk_estimate,USD
142867,6527107793206,Cattasaurus - shoproxstore - Shopify,direct_to_consumer,fulfilled,2025-03-31,2025-04-02,2025-03-31,PA2,FedEx,1,1,25.26,2.26,0.0,27.52,shipmonk_estimate,USD
142870,6527123652918,Cattasaurus - shoproxstore - Shopify,direct_to_consumer,fulfilled,2025-03-31,2025-04-02,2025-03-31,PA2,FedEx,1,1,11.61,2.26,0.0,13.87,shipmonk_estimate,USD
142874_1,1556b70a-27ec-4656-8ab7-b879e52a42c6,Cattasaurus - shoproxstore - Shopify,direct_to_consumer,fulfilled,2025-03-31,2025-04-02,2025-03-31,NV3,DHL eCommerce,1,1,5.77,1.89,0.0,7.66,shipmonk_estimate,USD
142876,6527207866678,Cattasaurus - shoproxstore - Shopify,direct_to_consumer,fulfilled,2025-03-31,2025-04-02,2025-03-31,PA2,FedEx,1,1,28.69,2.26,0.0,30.95,shipmonk_estimate,USD
142883,6527280873782,Cattasaurus - shoproxstore - Shopify,direct_to_consumer,fulfilled,2025-03-31,2025-04-02,2025-03-31,PA2,FedEx,4,1,36.89,3.74,0.0,40.63,shipmonk_estimate,USD
142888,6527338610998,Cattasaurus - shoproxstore - Shopify,direct_to_consumer,fulfilled,2025-03-31,2025-04-02,2025-03-31,PA2,FedEx,1,1,21.0,2.26,0.0,23.26,shipmonk_estimate,USD
142893,6527385698614,Cattasaurus - shoproxstore - Shopify,direct_to_consumer,fulfilled,2025-03-31,2025-04-02,2025-03-31,PA2,OnTrac,1,1,15.23,2.63,0.0,17.86,shipmonk_estimate,USD
142894,6527387009334,Cattasaurus - shoproxstore - Shopify,direct_to_consumer,fulfilled,2025-03-31,2025-04-02,2025-03-31,PA2,OnTrac,1,1,19.47,2.26,0.0,21.73,shipmonk_estimate,USD
142895,6527409193270,Cattasaurus - shoproxstore - Shopify,direct_to_consumer,fulfilled,2025-03-31,2025-04-02,2025-03-31,PA2,FedEx,2,1,16.77,3.0,0.0,19.77,shipmonk_estimate,USD
142897,6527433769270,Cattasaurus - shoproxstore - Shopify,direct_to_consumer,fulfilled,2025-03-31,2025-04-02,2025-03-31,PA2,FedEx,2,1,25.26,3.0,0.0,28.26,shipmonk_estimate,USD
142899,6527455330614,Cattasaurus - shoproxstore - Shopify,direct_to_consumer,fulfilled,2025-03-31,2025-04-02,2025-03-31,PA2,FedEx,1,1,21.0,2.63,0.0,23.63,shipmonk_estimate,USD
142900,6527481217334,Cattasaurus - shoproxstore - Shopify,direct_to_consumer,fulfilled,2025-03-31,2025-04-01,2025-03-31,PA2,OnTrac,2,1,14.68,2.63,0.0,17.31,shipmonk_estimate,USD
142902,6527482298678,Cattasaurus - shoproxstore - Shopify,direct_to_consumer,fulfilled,2025-03-31,2025-04-02,2025-03-31,PA2,OnTrac,1,1,15.23,2.26,0.0,17.49,shipmonk_estimate,USD
142903,6527482757430,Cattasaurus - shoproxstore - Shopify,direct_to_consumer,fulfilled,2025-03-31,2025-04-02,2025-03-31,PA2,FedEx,1,1,21.0,2.26,0.0,23.26,shipmonk_estimate,USD
142909,6527531811126,Cattasaurus - shoproxstore - Shopify,direct_to_consumer,fulfilled,2025-03-31,2025-04-02,2025-03-31,PA2,FedEx,1,1,25.26,2.26,0.0,27.52,shipmonk_estimate,USD
142911,6527568937270,Cattasaurus - shoproxstore - Shopify,direct_to_consumer,fulfilled,2025-03-31,2025-04-02,2025-03-31,PA2,OnTrac,1,1,23.73,2.63,0.0,26.36,shipmonk_estimate,USD
142912_1,d73e24c6-4240-40ce-8e7d-7e8d2ee5757b,Cattasaurus - shoproxstore - Shopify,direct_to_consumer,fulfilled,2025-03-31,2025-04-02,2025-03-31,NV3,USPS,1,1,5.1,1.89,0.3,7.29,shipmonk_estimate,USD
142920_1,6bc80206-186d-42ad-976e-87b3d47e39ac,Cattasaurus - shoproxstore - Shopify,direct_to_consumer,fulfilled,2025-03-31,2025-04-02,2025-03-31,NV3,DHL eCommerce,1,1,5.43,1.89,0.0,7.32,shipmonk_estimate,USD
142921,6527630967094,Cattasaurus - shoproxstore - Shopify,direct_to_consumer,fulfilled,2025-03-31,2025-04-02,2025-03-31,PA2,OnTrac,1,1,21.0,2.26,0.0,23.26,shipmonk_estimate,USD
142922,6527641289014,Cattasaurus - shoproxstore - Shopify,direct_to_consumer,fulfilled,2025-03-31,2025-04-02,2025-03-31,PA2,OnTrac,1,1,16.77,2.26,0.0,19.03,shipmonk_estimate,USD
142923_1,08d1b0d4-f629-4d87-a5f0-1550a89ca220,Cattasaurus - shoproxstore - Shopify,direct_to_consumer,fulfilled,2025-03-31,2025-04-03,2025-03-31,PA2,DHL eCommerce,1,1,5.61,1.89,0.0,7.5,shipmonk_estimate,USD
142930,6527682609462,Cattasaurus - shoproxstore - Shopify,direct_to_consumer,fulfilled,2025-03-31,2025-04-02,2025-03-31,PA2,OnTrac,2,1,19.47,3.0,0.0,22.47,shipmonk_estimate,USD
142934,6527704695094,Cattasaurus - shoproxstore - Shopify,direct_to_consumer,fulfilled,2025-03-31,2025-04-02,2025-03-31,PA2,FedEx,1,1,19.47,2.63,0.0,22.1,shipmonk_estimate,USD
142938,6527747981622,Cattasaurus - shoproxstore - Shopify,direct_to_consumer,fulfilled,2025-03-31,2025-04-02,2025-03-31,PA2,FedEx,1,1,21.0,2.26,0.0,23.26,shipmonk_estimate,USD
142940_1,1ada48a5-6e2a-4237-9228-342d710fc550,Cattasaurus - shoproxstore - Shopify,direct_to_consumer,fulfilled,2025-03-31,2025-04-03,2025-03-31,PA2,DHL eCommerce,1,1,4.64,1.89,0.3,6.83,shipmonk_estimate,USD
142942,6527774884150,Cattasaurus - shoproxstore - Shopify,direct_to_consumer,fulfilled,2025-03-31,2025-04-02,2025-03-31,PA2,OnTrac,1,1,16.73,2.26,0.0,18.99,shipmonk_estimate,USD
142943,6527806505270,Cattasaurus - shoproxstore - Shopify,direct_to_consumer,fulfilled,2025-03-31,2025-04-02,2025-03-31,PA2,FedEx,1,1,18.27,2.26,0.0,20.53,shipmonk_estimate,USD
142949,6527869223222,Cattasaurus - shoproxstore - Shopify,direct_to_consumer,fulfilled,2025-03-31,2025-04-02,2025-03-31,PA2,OnTrac,1,1,15.23,2.26,0.0,17.49,shipmonk_estimate,USD
142950,6527871942966,Cattasaurus - shoproxstore - Shopify,direct_to_consumer,fulfilled,2025-03-31,2025-04-02,2025-03-31,PA2,UPS,1,1,13.03,2.63,0.0,15.66,shipmonk_estimate,USD
142953_1,c22f1394-e629-4ef5-b04b-568fbb49ec11,Cattasaurus - shoproxstore - Shopify,direct_to_consumer,fulfilled,2025-03-31,2025-04-02,2025-03-31,NV3,DHL eCommerce,1,1,5.77,1.89,0.0,7.66,shipmonk_estimate,USD
142954,6527906709814,Cattasaurus - shoproxstore - Shopify,direct_to_consumer,fulfilled,2025-03-31,2025-04-02,2025-03-31,PA2,FedEx,1,1,21.0,2.63,0.0,23.63,shipmonk_estimate,USD
142956_1,1ceba7a2-093d-4110-bb11-e38d0fb1aa7e,Cattasaurus - shoproxstore - Shopify,direct_to_consumer,fulfilled,2025-03-31,2025-04-03,2025-03-31,PA2,DHL eCommerce,1,1,4.62,1.89,0.3,6.81,shipmonk_estimate,USD
142957,6527913361718,Cattasaurus - shoproxstore - Shopify,direct_to_consumer,fulfilled,2025-03-31,2025-04-02,2025-03-31,PA2,OnTrac,2,1,13.15,3.0,0.0,16.15,shipmonk_estimate,USD
142963_1,3f2124cf-103b-4ad5-a419-4ae36e2e50a8,Cattasaurus - shoproxstore - Shopify,direct_to_consumer,fulfilled,2025-03-31,2025-04-03,2025-03-31,PA2,DHL eCommerce,2,1,6.68,2.26,0.5,9.44,shipmonk_estimate,USD
142964,6528091554102,Cattasaurus - shoproxstore - Shopify,direct_to_consumer,fulfilled,2025-03-31,2025-04-02,2025-03-31,PA2,OnTrac,1,1,27.15,2.26,0.0,29.41,shipmonk_estimate,USD
142967,6528223183158,Cattasaurus - shoproxstore - Shopify,direct_to_consumer,fulfilled,2025-03-31,2025-04-02,2025-03-31,PA2,OnTrac,2,1,31.54,3.0,0.0,34.54,shipmonk_estimate,USD
