order_number,order_key,store,order_type,status,ordered_day,shipped_day,pnl_day,warehouse,carrier,units,packages,shipping_cost,pick_pack_cost,packaging_cost,total_cost,cost_status,cost_currency
154058_1,940ba186-ee17-47bd-9782-07ffe9373bf1,Cattasaurus - shoproxstore - Shopify,direct_to_consumer,fulfilled,2025-07-01,2025-07-04,2025-07-01,PA2,USPS,1,1,4.89,1.8,0.3,6.99,shipmonk_estimate,USD
154059_1,3a3bf081-150d-485a-a8fa-6e7603afb4ce,Cattasaurus - shoproxstore - Shopify,direct_to_consumer,fulfilled,2025-07-01,2025-07-05,2025-07-01,PA2,USPS,1,1,4.89,1.5,0.3,6.69,shipmonk_estimate,USD
154079_1,db10cbe5-062c-4d02-ba3a-9689313478d0,Cattasaurus - shoproxstore - Shopify,direct_to_consumer,fulfilled,2025-07-01,2025-07-04,2025-07-01,NV3,DHL eCommerce,1,1,5.1,1.5,0.3,6.9,shipmonk_estimate,USD
154082_1,c8851469-38d9-4509-8693-a65a4c60c176,Cattasaurus - shoproxstore - Shopify,direct_to_consumer,fulfilled,2025-07-01,2025-07-04,2025-07-01,NV3,DHL eCommerce,1,1,4.97,1.5,0.3,6.77,shipmonk_estimate,USD
154098_1,0cf8671f-7d51-4ae6-9459-53f9e291ee58,Cattasaurus - shoproxstore - Shopify,direct_to_consumer,fulfilled,2025-07-01,2025-07-05,2025-07-01,PA2,USPS,1,1,4.97,1.5,0.3,6.77,shipmonk_estimate,USD
154099_1,3bb22c8e-f27e-45d5-8fb5-f386baa99aaa,Cattasaurus - shoproxstore - Shopify,direct_to_consumer,fulfilled,2025-07-01,2025-07-05,2025-07-01,PA2,USPS,1,1,4.97,1.5,0.3,6.77,shipmonk_estimate,USD
154123_1,a9c0d7c9-6f28-4502-89f2-9397173600c7,Cattasaurus - shoproxstore - Shopify,direct_to_consumer,fulfilled,2025-07-01,2025-07-04,2025-07-01,NV3,USPS,1,1,4.89,1.8,0.3,6.99,shipmonk_estimate,USD
154126_1,518cd4c8-547b-45b9-b320-73bbb573a4e5,Cattasaurus - shoproxstore - Shopify,direct_to_consumer,fulfilled,2025-07-01,2025-07-04,2025-07-01,NV3,DHL eCommerce,1,1,5.43,1.8,0.5,7.73,shipmonk_estimate,USD
154132_1,c2dd19cf-bfea-42c4-acab-5e1a524f83d8,Cattasaurus - shoproxstore - Shopify,direct_to_consumer,fulfilled,2025-07-01,2025-07-05,2025-07-01,PA2,USPS,1,1,4.62,1.5,0.3,6.42,shipmonk_estimate,USD
154133_1,4265413d-215a-47ed-883e-5e4eaac1756a,Cattasaurus - shoproxstore - Shopify,direct_to_consumer,fulfilled,2025-07-01,2025-07-04,2025-07-01,NV3,DHL eCommerce,1,1,5.68,2.4,0.3,8.38,shipmonk_estimate,USD
154136_1,746910bc-c1e9-4c52-86df-77ff2b2ff26d,Cattasaurus - shoproxstore - Shopify,direct_to_consumer,fulfilled,2025-07-01,2025-07-04,2025-07-01,NV3,DHL eCommerce,1,1,5.68,1.8,0.5,7.98,shipmonk_estimate,USD
154153_1,08e84747-02bb-4328-877d-6912e24b7799,Cattasaurus - shoproxstore - Shopify,direct_to_consumer,fulfilled,2025-07-01,2025-07-05,2025-07-01,PA2,USPS,1,1,5.1,1.5,0.3,6.9,shipmonk_estimate,USD
154157_1,74bc18bf-2cbd-4266-bfc6-ad6719086805,Cattasaurus - shoproxstore - Shopify,direct_to_consumer,fulfilled,2025-07-01,2025-07-05,2025-07-01,PA2,USPS,1,1,4.97,1.5,0.3,6.77,shipmonk_estimate,USD
154160_1,557d0836-e55f-4313-82e6-334de8d8699f,Cattasaurus - shoproxstore - Shopify,direct_to_consumer,fulfilled,2025-07-01,2025-07-05,2025-07-01,PA2,USPS,1,1,5.43,1.5,0.7,7.63,shipmonk_estimate,USD
154171_1,7289cdd1-bb2b-47f8-8b01-190648b9a8d9,Cattasaurus - shoproxstore - Shopify,direct_to_consumer,fulfilled,2025-07-02,2025-07-05,2025-07-02,PA2,USPS,1,1,5.1,1.5,0.3,6.9,shipmonk_estimate,USD
154183_1,2c782cd2-c2bf-4ce7-ac65-21c77dec6fb9,Cattasaurus - shoproxstore - Shopify,direct_to_consumer,fulfilled,2025-07-02,2025-07-04,2025-07-02,NV3,DHL eCommerce,1,1,5.1,1.5,0.3,6.9,shipmonk_estimate,USD
154186_1,08b38c8c-0c87-4b49-98e9-27972f44d19f,Cattasaurus - shoproxstore - Shopify,direct_to_consumer,fulfilled,2025-07-02,2025-07-05,2025-07-02,PA2,USPS,1,1,4.89,1.5,0.3,6.69,shipmonk_estimate,USD
154201_1,12c59c38-489e-4731-b832-e18279480a7f,Cattasaurus - shoproxstore - Shopify,direct_to_consumer,fulfilled,2025-07-02,2025-07-07,2025-07-02,PA2,USPS,1,1,5.41,1.8,0.5,7.71,shipmonk_estimate,USD
154202_1,fff26d23-aee9-4ecd-9702-3836cc9ed9da,Cattasaurus - shoproxstore - Shopify,direct_to_consumer,fulfilled,2025-07-02,2025-07-07,2025-07-02,NV3,DHL eCommerce,1,1,4.89,1.5,0.3,6.69,shipmonk_estimate,USD
154207,6691633234230,Cattasaurus - shoproxstore - Shopify,direct_to_consumer,fulfilled,2025-07-02,2025-07-03,2025-07-02,NV3,FedEx,1,2,42.36,3.0,0.0,45.36,shipmonk_estimate,USD
154214_1,61bc5d3e-1633-45f8-8690-dc97c040ff2a,Cattasaurus - shoproxstore - Shopify,direct_to_consumer,fulfilled,2025-07-02,2025-07-07,2025-07-02,PA2,USPS,1,1,4.89,1.5,0.3,6.69,shipmonk_estimate,USD
154220_1,337fc10a-4b32-4570-834b-fbc3fb382aed,Cattasaurus - shoproxstore - Shopify,direct_to_consumer,fulfilled,2025-07-02,2025-07-07,2025-07-02,PA2,USPS,1,1,4.62,1.5,0.5,6.62,shipmonk_estimate,USD
154221_1,41b51e52-9475-4211-9b85-8ac65765fb64,Cattasaurus - shoproxstore - Shopify,direct_to_consumer,fulfilled,2025-07-02,2025-07-07,2025-07-02,PA2,USPS,1,1,4.97,1.5,0.3,6.77,shipmonk_estimate,USD
154246_1,ad46a71e-c569-4582-9c80-5fdcac48c594,Cattasaurus - shoproxstore - Shopify,direct_to_consumer,fulfilled,2025-07-02,2025-07-07,2025-07-02,PA2,USPS,1,1,4.97,1.5,0.3,6.77,shipmonk_estimate,USD
154255_1,cac834d1-feb5-4895-bb91-2f5674ae142b,Cattasaurus - shoproxstore - Shopify,direct_to_consumer,fulfilled,2025-07-02,2025-07-07,2025-07-02,NV3,DHL eCommerce,1,1,5.1,1.5,0.3,6.9,shipmonk_estimate,USD
154259_1,1e109b2b-bddf-4428-a94c-801d51d4ce2f,Cattasaurus - shoproxstore - Shopify,direct_to_consumer,fulfilled,2025-07-02,2025-07-07,2025-07-02,NV3,DHL eCommerce,1,1,5.1,1.5,0.3,6.9,shipmonk_estimate,USD
154272,6692266246454,Cattasaurus - shoproxstore - Shopify,direct_to_consumer,fulfilled,2025-07-02,2025-07-15,2025-07-02,PA2,USPS,1,1,10.25,2.1,0.0,12.35,shipmonk_estimate,USD
154272_1,89470d23-2800-4ac7-80af-c951aa939e49,Cattasaurus - shoproxstore - Shopify,direct_to_consumer,fulfilled,2025-07-02,2025-07-15,2025-07-02,NV3,USPS,1,1,5.28,1.5,0.3,7.08,shipmonk_estimate,USD
154273_1,e140f1fc-362f-4e02-b266-05daf6cb8435,Cattasaurus - shoproxstore - Shopify,direct_to_consumer,fulfilled,2025-07-02,2025-07-07,2025-07-02,NV3,USPS,1,1,4.97,1.5,0.3,6.77,shipmonk_estimate,USD
154278_1,265b2222-cbf9-4c53-b27f-2c6d0333cca9,Cattasaurus - shoproxstore - Shopify,direct_to_consumer,fulfilled,2025-07-02,2025-07-07,2025-07-02,NV3,DHL eCommerce,1,1,5.1,1.5,0.3,6.9,shipmonk_estimate,USD
154282_1,03a5b834-3bb9-4085-819f-4db89ca228d2,Cattasaurus - shoproxstore - Shopify,direct_to_consumer,fulfilled,2025-07-02,2025-07-07,2025-07-02,NV3,USPS,1,1,4.64,1.5,0.3,6.44,shipmonk_estimate,USD
154283_1,dc9f23a0-5fa8-436c-aadb-813a96c0c336,Cattasaurus - shoproxstore - Shopify,direct_to_consumer,fulfilled,2025-07-02,2025-07-07,2025-07-02,NV3,USPS,1,1,5.68,2.4,0.3,8.38,shipmonk_estimate,USD
154294_1,bd9acfc5-2f18-4e22-81f4-e07cd7e8d250,Cattasaurus - shoproxstore - Shopify,direct_to_consumer,fulfilled,2025-07-02,2025-07-07,2025-07-02,PA2,OnTrac,1,1,6.35,2.1,0.5,8.95,shipmonk_estimate,USD
154297_1,4544e8b3-8f55-478e-8c10-2331acd2961a,Cattasaurus - shoproxstore - Shopify,direct_to_consumer,fulfilled,2025-07-02,2025-07-07,2025-07-02,PA2,USPS,1,1,5.61,1.8,0.5,7.91,shipmonk_estimate,USD
154304_1,7e76939c-a564-4b0f-ae0d-a64088740f3f,Cattasaurus - shoproxstore - Shopify,direct_to_consumer,fulfilled,2025-07-02,2025-07-07,2025-07-02,PA2,USPS,1,1,4.97,1.5,0.3,6.77,shipmonk_estimate,USD
154305_1,693ba7c0-3557-4cf6-b187-ec9321fa5dbf,Cattasaurus - shoproxstore - Shopify,direct_to_consumer,fulfilled,2025-07-02,2025-07-07,2025-07-02,NV3,DHL eCommerce,1,1,5.68,1.8,0.5,7.98,shipmonk_estimate,USD
154307_1,10d718af-fc91-47e1-8be5-0fda6b0a6923,Cattasaurus - shoproxstore - Shopify,direct_to_consumer,fulfilled,2025-07-02,2025-07-07,2025-07-02,NV3,USPS,1,1,4.89,1.5,0.3,6.69,shipmonk_estimate,USD
154311,6692634951990,Cattasaurus - shoproxstore - Shopify,direct_to_consumer,fulfilled,2025-07-02,2025-07-04,2025-07-02,PA2,OnTrac,1,1,19.64,1.5,0.0,21.14,shipmonk_estimate,USD
154337_1,a8b0d6a8-6b6f-4cda-bab1-d32681b0e99a,Cattasaurus - shoproxstore - Shopify,direct_to_consumer,fulfilled,2025-07-02,2025-07-07,2025-07-02,NV3,USPS,1,1,4.64,1.5,0.3,6.44,shipmonk_estimate,USD
154344,6693135221046,Cattasaurus - shoproxstore - Shopify,direct_to_consumer,fulfilled,2025-07-03,2025-07-04,2025-07-03,PA2,OnTrac,1,1,17.56,2.4,0.0,19.96,shipmonk_estimate,USD
154347,6693298536758,Cattasaurus - shoproxstore - Shopify,direct_to_consumer,fulfilled,2025-07-03,2025-07-28,2025-07-03,NV3,FedEx,1,1,21.76,1.8,0.0,23.56,shipmonk_estimate,USD
154352,6693619302710,Cattasaurus - shoproxstore - Shopify,direct_to_consumer,fulfilled,2025-07-03,2025-07-04,2025-07-03,PA2,OnTrac,1,1,16.87,2.1,0.0,18.97,shipmonk_estimate,USD
154353_1,8a1af5b8-44ea-4797-8a9d-bb08c3f403d2,Cattasaurus - shoproxstore - Shopify,direct_to_consumer,fulfilled,2025-07-03,2025-07-07,2025-07-03,PA2,USPS,1,1,4.97,1.5,0.3,6.77,shipmonk_estimate,USD
154359,6693735465270,Cattasaurus - shoproxstore - Shopify,direct_to_consumer,fulfilled,2025-07-03,2025-08-01,2025-07-03,NV3,OnTrac,1,1,15.9,1.8,0.0,17.7,shipmonk_estimate,USD
154360,6693735858486,Cattasaurus - shoproxstore - Shopify,direct_to_consumer,fulfilled,2025-07-03,2025-07-23,2025-07-03,PA2,UPS,1,1,13.09,1.8,0.0,14.89,shipmonk_estimate,USD
154378_1,087bae5b-0f2c-4c0d-acbe-2f9bb71873a2,Cattasaurus - shoproxstore - Shopify,direct_to_consumer,fulfilled,2025-07-03,2025-07-07,2025-07-03,PA2,USPS,1,1,4.62,1.5,0.3,6.42,shipmonk_estimate,USD
154384,6694182912310,Cattasaurus - shoproxstore - Shopify,direct_to_consumer,fulfilled,2025-07-03,2025-09-15,2025-07-03,NV3,FedEx,1,1,15.97,2.1,0.0,18.07,shipmonk_estimate,USD
154384_1,620ef96a-cb7c-4352-b06e-82846f385e72,Cattasaurus - shoproxstore - Shopify,direct_to_consumer,fulfilled,2025-07-03,2025-07-07,2025-07-03,NV3,DHL eCommerce,1,1,5.1,1.5,0.3,6.9,shipmonk_estimate,USD
154386_1,04abfb2f-9326-4e8b-b850-f25f2b27c8b2,Cattasaurus - shoproxstore - Shopify,direct_to_consumer,fulfilled,2025-07-03,2025-07-07,2025-07-03,PA2,USPS,2,1,6.35,2.1,0.5,8.95,shipmonk_estimate,USD
154397,6694387024182,Cattasaurus - shoproxstore - Shopify,direct_to_consumer,fulfilled,2025-07-03,2025-07-28,2025-07-03,NV3,FedEx,1,1,21.76,1.8,0.0,23.56,shipmonk_estimate,USD
154397_1,82d1755d-68b1-48f1-bb1d-293e7f401c70,Cattasaurus - shoproxstore - Shopify,direct_to_consumer,fulfilled,2025-07-03,2025-07-07,2025-07-03,NV3,USPS,1,1,5.1,1.5,0.3,6.9,shipmonk_estimate,USD
154398_1,043c4fb0-1ff1-40e8-b2b9-6c5068f81d86,Cattasaurus - shoproxstore - Shopify,direct_to_consumer,fulfilled,2025-07-03,2025-07-07,2025-07-03,PA2,USPS,1,1,4.97,1.5,0.3,6.77,shipmonk_estimate,USD
154403,6694472352054,Cattasaurus - shoproxstore - Shopify,direct_to_consumer,fulfilled,2025-07-03,2025-07-10,2025-07-03,PA2,UPS,1,1,125.94,2.1,0.0,128.04,shipmonk_estimate,USD
154443_1,e14a942e-f0fb-4d53-a3ae-145d5a5bc500,Cattasaurus - shoproxstore - Shopify,direct_to_consumer,fulfilled,2025-07-03,2025-07-07,2025-07-03,PA2,USPS,1,1,4.89,1.5,0.3,6.69,shipmonk_estimate,USD
154446_1,3fdf233b-96f8-4a9b-bd53-57f04c0513b1,Cattasaurus - shoproxstore - Shopify,direct_to_consumer,fulfilled,2025-07-03,2025-07-07,2025-07-03,NV3,DHL eCommerce,1,1,5.61,1.8,0.5,7.91,shipmonk_estimate,USD
154451_1,ec83e3aa-9aab-49d8-9a49-25f5fdcd89da,Cattasaurus - shoproxstore - Shopify,direct_to_consumer,fulfilled,2025-07-03,2025-07-07,2025-07-03,PA2,USPS,2,1,5.68,2.1,0.5,8.28,shipmonk_estimate,USD
154454,6695131873590,Cattasaurus - shoproxstore - Shopify,direct_to_consumer,fulfilled,2025-07-03,2025-08-14,2025-07-03,NV3,FedEx,1,1,20.97,2.4,0.0,23.37,shipmonk_estimate,USD
154455,6695152484662,Cattasaurus - shoproxstore - Shopify,direct_to_consumer,fulfilled,2025-07-03,2025-07-04,2025-07-03,PA2,FedEx,1,1,16.15,2.4,0.0,18.55,shipmonk_estimate,USD
154465_1,f0141a29-8f0d-4f16-b7e2-adc941f15e22,Cattasaurus - shoproxstore - Shopify,direct_to_consumer,fulfilled,2025-07-03,2025-07-07,2025-07-03,PA2,USPS,1,1,5.61,1.8,0.5,7.91,shipmonk_estimate,USD
154468,6695363576118,Cattasaurus - shoproxstore - Shopify,direct_to_consumer,fulfilled,2025-07-03,2025-07-04,2025-07-03,NV3,FedEx,1,3,63.54,4.5,0.0,68.04,shipmonk_estimate,USD
154472_1,a7eac30d-6d67-47ce-9f83-19c052211c77,Cattasaurus - shoproxstore - Shopify,direct_to_consumer,fulfilled,2025-07-03,2025-07-07,2025-07-03,PA2,USPS,1,1,4.89,1.5,0.3,6.69,shipmonk_estimate,USD
154478_1,20bf9a01-14a1-4cec-b854-05b1dc5d7736,Cattasaurus - shoproxstore - Shopify,direct_to_consumer,fulfilled,2025-07-03,2025-07-07,2025-07-03,PA2,USPS,1,1,4.62,1.5,0.3,6.42,shipmonk_estimate,USD
154500_1,288b8f5c-b7fb-4a6d-b21a-c015e0983b0e,Cattasaurus - shoproxstore - Shopify,direct_to_consumer,fulfilled,2025-07-03,2025-07-07,2025-07-03,PA2,USPS,1,1,4.97,1.5,0.3,6.77,shipmonk_estimate,USD
154507_1,73c5cacd-d169-43da-9ef3-9a38c2dc369a,Cattasaurus - shoproxstore - Shopify,direct_to_consumer,fulfilled,2025-07-03,2025-07-07,2025-07-03,PA2,USPS,1,1,4.89,1.5,0.3,6.69,shipmonk_estimate,USD
154511_1,7f996e5e-3660-4891-b25f-a883e6018dfa,Cattasaurus - shoproxstore - Shopify,direct_to_consumer,fulfilled,2025-07-03,2025-07-07,2025-07-03,PA2,USPS,1,1,4.62,1.5,0.3,6.42,shipmonk_estimate,USD
154515,6696152334646,Cattasaurus - shoproxstore - Shopify,direct_to_consumer,fulfilled,2025-07-03,2025-08-13,2025-07-03,PA2,OnTrac,1,1,18.81,2.1,0.0,20.91,shipmonk_estimate,USD
154515_1,091f5728-b80a-4afb-a218-9af1376d3b04,Cattasaurus - shoproxstore - Shopify,direct_to_consumer,fulfilled,2025-07-03,2025-07-07,2025-07-03,NV3,DHL eCommerce,1,1,5.1,1.5,0.3,6.9,shipmonk_estimate,USD
154528_1,ec982293-c6ee-478c-a921-be8e78820ca6,Cattasaurus - shoproxstore - Shopify,direct_to_consumer,fulfilled,2025-07-03,2025-07-07,2025-07-03,PA2,USPS,1,1,4.89,1.5,0.3,6.69,shipmonk_estimate,USD
154531_1,fdcbf017-3e15-44d7-b140-51b09eff7e52,Cattasaurus - shoproxstore - Shopify,direct_to_consumer,fulfilled,2025-07-03,2025-07-07,2025-07-03,NV3,DHL eCommerce,1,1,4.97,1.5,0.3,6.77,shipmonk_estimate,USD
154539,6696293859638,Cattasaurus - shoproxstore - Shopify,direct_to_consumer,fulfilled,2025-07-03,2025-07-21,2025-07-03,NV3,FedEx,1,1,14.04,2.1,0.0,16.14,shipmonk_estimate,USD
154551_1,d5d7b2c6-baa4-4569-8349-432a54593858,Cattasaurus - shoproxstore - Shopify,direct_to_consumer,fulfilled,2025-07-03,2025-07-07,2025-07-03,PA2,USPS,1,1,5.41,1.8,0.5,7.71,shipmonk_estimate,USD
154559_1,794ce4f9-7e8a-4b84-9944-e96e33073f36,Cattasaurus - shoproxstore - Shopify,direct_to_consumer,fulfilled,2025-07-03,2025-07-07,2025-07-03,NV3,DHL eCommerce,1,1,5.68,1.8,0.5,7.98,shipmonk_estimate,USD
154562_1,7a92abc6-8ee7-4682-b4e6-7dd03b222449,Cattasaurus - shoproxstore - Shopify,direct_to_consumer,fulfilled,2025-07-03,2025-07-07,2025-07-03,PA2,USPS,1,1,4.64,1.5,0.3,6.44,shipmonk_estimate,USD
154563_1,620b86f0-10a4-417a-b72d-d96cd6eacb51,Cattasaurus - shoproxstore - Shopify,direct_to_consumer,fulfilled,2025-07-03,2025-07-10,2025-07-03,NV3,DHL eCommerce,2,1,7.01,2.4,0.5,9.91,shipmonk_estimate,USD
154578_1,f9904268-3b13-4e71-9eb8-dac58afff6ff,Cattasaurus - shoproxstore - Shopify,direct_to_consumer,fulfilled,2025-07-03,2025-07-07,2025-07-03,PA2,USPS,1,1,5.68,1.8,0.5,7.98,shipmonk_estimate,USD
154591,6696639856950,Cattasaurus - shoproxstore - Shopify,direct_to_consumer,fulfilled,2025-07-03,2025-07-05,2025-07-03,PA2,UPS,1,1,14.8,1.5,0.0,16.3,shipmonk_estimate,USD
154595_1,8600f1fc-0452-4af7-aced-cd8b84b1015a,Cattasaurus - shoproxstore - Shopify,direct_to_consumer,fulfilled,2025-07-03,2025-07-07,2025-07-03,PA2,USPS,1,1,4.89,1.5,0.3,6.69,shipmonk_estimate,USD
154599,6696689402166,Cattasaurus - shoproxstore - Shopify,direct_to_consumer,fulfilled,2025-07-03,2025-07-05,2025-07-03,PA2,OnTrac,2,1,19.64,1.8,0.0,21.44,shipmonk_estimate,USD
154600_1,37a33030-1ea4-48d5-96c8-c19ee57c70b8,Cattasaurus - shoproxstore - Shopify,direct_to_consumer,fulfilled,2025-07-03,2025-07-07,2025-07-03,NV3,USPS,1,1,4.64,1.5,0.3,6.44,shipmonk_estimate,USD
154604_1,6d9cbe42-ccad-44e8-a15e-eadaf28f3acf,Cattasaurus - shoproxstore - Shopify,direct_to_consumer,fulfilled,2025-07-03,2025-07-07,2025-07-03,NV3,DHL eCommerce,1,1,5.68,1.8,0.5,7.98,shipmonk_estimate,USD
154609_1,035b059b-7402-4259-8c80-9c0f303b3549,Cattasaurus - shoproxstore - Shopify,direct_to_consumer,fulfilled,2025-07-03,2025-07-07,2025-07-03,NV3,USPS,1,1,4.89,1.5,0.3,6.69,shipmonk_estimate,USD
154616_1,15cf24eb-99a5-4b2d-99ec-2fb6a48e7da5,Cattasaurus - shoproxstore - Shopify,direct_to_consumer,fulfilled,2025-07-03,2025-07-07,2025-07-03,NV3,USPS,1,1,4.89,1.5,0.3,6.69,shipmonk_estimate,USD
154622_1,d5b5b8e4-1726-4f57-b59b-dc6ec3afb7af,Cattasaurus - shoproxstore - Shopify,direct_to_consumer,fulfilled,2025-07-04,2025-07-07,2025-07-04,NV3,DHL eCommerce,1,1,4.97,1.5,0.3,6.77,shipmonk_estimate,USD
154623,6697065513270,Cattasaurus - shoproxstore - Shopify,direct_to_consumer,fulfilled,2025-07-04,2025-07-07,2025-07-04,NV3,USPS,1,1,5.68,1.8,0.5,7.98,shipmonk_estimate,USD
154624_1,4d409258-fca8-4ab6-bfee-0e49c5955957,Cattasaurus - shoproxstore - Shopify,direct_to_consumer,fulfilled,2025-07-04,2025-07-07,2025-07-04,NV3,DHL eCommerce,1,1,4.97,1.5,0.3,6.77,shipmonk_estimate,USD
154626,6697183641910,Cattasaurus - shoproxstore - Shopify,direct_to_consumer,fulfilled,2025-07-04,2025-07-05,2025-07-04,PA2,OnTrac,1,1,13.26,2.1,0.0,15.36,shipmonk_estimate,USD
154631_1,c8011bc1-fb6d-4d19-9904-fcd4b0b10b1d,Cattasaurus - shoproxstore - Shopify,direct_to_consumer,fulfilled,2025-07-04,2025-07-08,2025-07-04,PA2,DHL eCommerce,1,1,6.62,2.1,0.5,9.22,shipmonk_estimate,USD
154646_1,7ecc003e-95d7-4805-9aec-a991d785c724,Cattasaurus - shoproxstore - Shopify,direct_to_consumer,fulfilled,2025-07-04,2025-07-09,2025-07-04,PA2,USPS,1,1,4.64,1.5,0.3,6.44,shipmonk_estimate,USD
154647_1,b4133f88-ce4a-4c6f-b76b-49f5d3e7beda,Cattasaurus - shoproxstore - Shopify,direct_to_consumer,fulfilled,2025-07-04,2025-07-09,2025-07-04,PA2,USPS,1,1,5.1,1.5,0.3,6.9,shipmonk_estimate,USD
154648_1,fd529602-ea54-45f1-a695-79b849382271,Cattasaurus - shoproxstore - Shopify,direct_to_consumer,fulfilled,2025-07-04,2025-07-08,2025-07-04,NV3,DHL eCommerce,1,1,5.51,1.5,0.3,7.31,shipmonk_estimate,USD
154651_1,e8e07e68-e943-4761-9cf1-e88658a93f49,Cattasaurus - shoproxstore - Shopify,direct_to_consumer,fulfilled,2025-07-04,2025-07-08,2025-07-04,NV3,DHL eCommerce,1,1,5.1,1.5,0.3,6.9,shipmonk_estimate,USD
154654_1,3c24b6d3-089e-4aa4-af31-1ca15d0c21fc,Cattasaurus - shoproxstore - Shopify,direct_to_consumer,fulfilled,2025-07-04,2025-07-08,2025-07-04,NV3,USPS,1,1,5.68,1.8,0.5,7.98,shipmonk_estimate,USD
154656_1,ba99e250-f0d1-4e5c-90a3-43f10ffc368b,Cattasaurus - shoproxstore - Shopify,direct_to_consumer,fulfilled,2025-07-04,2025-07-08,2025-07-04,NV3,DHL eCommerce,1,1,5.1,1.5,0.3,6.9,shipmonk_estimate,USD
154663_1,a6ec2821-ce31-47d0-ac64-ab277a032a70,Cattasaurus - shoproxstore - Shopify,direct_to_consumer,fulfilled,2025-07-04,2025-07-21,2025-07-04,NV3,DHL eCommerce,1,1,5.77,1.8,0.5,8.07,shipmonk_estimate,USD
154698,6697479864630,Cattasaurus - shoproxstore - Shopify,direct_to_consumer,fulfilled,2025-07-04,2025-07-05,2025-07-04,PA2,OnTrac,1,1,13.26,1.8,0.0,15.06,shipmonk_estimate,USD
154710,6697518367030,Cattasaurus - shoproxstore - Shopify,direct_to_consumer,fulfilled,2025-07-04,2025-08-06,2025-07-04,PA2,FedEx,1,1,19.4,2.1,0.0,21.5,shipmonk_estimate,USD
154713_1,81f5f123-bb3b-4480-b5fc-824e3c61aace,Cattasaurus - shoproxstore - Shopify,direct_to_consumer,fulfilled,2025-07-04,2025-07-08,2025-07-04,NV3,DHL eCommerce,1,1,5.43,1.8,0.5,7.73,shipmonk_estimate,USD
154719,6697548742966,Cattasaurus - shoproxstore - Shopify,direct_to_consumer,fulfilled,2025-07-04,,2025-07-04,PA2,ShipMonk,4,0,15.6,3.3,0.0,18.9,shipmonk_estimate,USD
154725_1,8d02f72b-9756-427c-b823-8bfd67a1ae24,Cattasaurus - shoproxstore - Shopify,direct_to_consumer,fulfilled,2025-07-04,2025-07-08,2025-07-04,NV3,USPS,1,1,4.89,1.5,0.3,6.69,shipmonk_estimate,USD
154728,6697590128950,Cattasaurus - shoproxstore - Shopify,direct_to_consumer,fulfilled,2025-07-04,2025-07-11,2025-07-04,PA2,UPS,1,1,15.65,2.1,0.0,17.75,shipmonk_estimate,USD
154744_1,bdd5d799-0bbf-46d6-b772-e2a874398fa2,Cattasaurus - shoproxstore - Shopify,direct_to_consumer,fulfilled,2025-07-04,2025-07-08,2025-07-04,NV3,DHL eCommerce,1,1,5.1,1.5,0.3,6.9,shipmonk_estimate,USD
154747_1,5c0f4bc7-2fff-41fd-88b2-8f385cc6421b,Cattasaurus - shoproxstore - Shopify,direct_to_consumer,fulfilled,2025-07-04,2025-07-08,2025-07-04,NV3,DHL eCommerce,1,1,5.51,1.5,0.3,7.31,shipmonk_estimate,USD
154754_1,92e0623a-2ddf-436b-8e36-dee3b080a3aa,Cattasaurus - shoproxstore - Shopify,direct_to_consumer,fulfilled,2025-07-04,2025-07-08,2025-07-04,NV3,USPS,1,1,4.97,1.5,0.3,6.77,shipmonk_estimate,USD
154777,6697788178742,Cattasaurus - shoproxstore - Shopify,direct_to_consumer,fulfilled,2025-07-04,2025-07-23,2025-07-04,PA2,FedEx,1,1,19.32,2.5,0.0,21.82,shipmonk_estimate,USD
154793_1,85d216d0-ef2c-49f4-81e8-8fdb35a9d3cc,Cattasaurus - shoproxstore - Shopify,direct_to_consumer,fulfilled,2025-07-04,2025-07-08,2025-07-04,NV3,USPS,1,1,5.51,1.5,0.3,7.31,shipmonk_estimate,USD
154810_1,c3f1c039-1b9c-4847-b1eb-64879fea86ae,Cattasaurus - shoproxstore - Shopify,direct_to_consumer,fulfilled,2025-07-04,2025-07-08,2025-07-04,NV3,USPS,1,1,5.61,1.8,0.5,7.91,shipmonk_estimate,USD
154813_1,86b484b3-809f-441a-bd5b-f83d0c7bf025,Cattasaurus - shoproxstore - Shopify,direct_to_consumer,fulfilled,2025-07-04,2025-07-08,2025-07-04,NV3,USPS,1,1,5.28,1.5,0.3,7.08,shipmonk_estimate,USD
154817_1,c28ee2a9-0ddd-4290-8b3a-839a6b544c72,Cattasaurus - shoproxstore - Shopify,direct_to_consumer,fulfilled,2025-07-04,2025-07-08,2025-07-04,NV3,DHL eCommerce,1,1,5.1,1.5,0.3,6.9,shipmonk_estimate,USD
154825_1,6245d0a6-0d72-44a6-9b47-e3434affaf08,Cattasaurus - shoproxstore - Shopify,direct_to_consumer,fulfilled,2025-07-04,2025-07-08,2025-07-04,NV3,DHL eCommerce,1,1,4.97,1.5,0.3,6.77,shipmonk_estimate,USD
154830_1,008fc5da-bd1f-4ff3-9a13-f6ae1ea1b8f2,Cattasaurus - shoproxstore - Shopify,direct_to_consumer,fulfilled,2025-07-04,2025-07-08,2025-07-04,NV3,DHL eCommerce,1,1,5.51,1.5,0.3,7.31,shipmonk_estimate,USD
154862_1,f2cadaf7-a68c-48e2-9724-51f63733fc6c,Cattasaurus - shoproxstore - Shopify,direct_to_consumer,fulfilled,2025-07-04,2025-07-08,2025-07-04,NV3,DHL eCommerce,2,1,8.1,3.0,0.3,11.4,shipmonk_estimate,USD
154866_1,7acc4577-2725-4d48-b46d-899bdbd4e0dc,Cattasaurus - shoproxstore - Shopify,direct_to_consumer,fulfilled,2025-07-04,2025-07-08,2025-07-04,NV3,DHL eCommerce,1,1,6.21,1.8,0.5,8.51,shipmonk_estimate,USD
154874_1,fe2c11bf-0e07-4125-b454-c7eeef88e415,Cattasaurus - shoproxstore - Shopify,direct_to_consumer,fulfilled,2025-07-04,2025-07-14,2025-07-04,NV3,DHL eCommerce,2,1,7.01,3.3,0.3,10.61,shipmonk_estimate,USD
154883,6698441212214,Cattasaurus - shoproxstore - Shopify,direct_to_consumer,fulfilled,2025-07-04,2025-08-03,2025-07-04,PA2,OnTrac,1,1,18.01,1.8,0.0,19.81,shipmonk_estimate,USD
154886_1,195afd1f-e6be-419c-8c51-1241bc0cdead,Cattasaurus - shoproxstore - Shopify,direct_to_consumer,fulfilled,2025-07-04,2025-07-10,2025-07-04,PA2,USPS,1,1,4.89,1.5,0.3,6.69,shipmonk_estimate,USD
154892_1,62c34ef5-4d84-40c0-ab09-c653d7b751d1,Cattasaurus - shoproxstore - Shopify,direct_to_consumer,fulfilled,2025-07-04,2025-07-10,2025-07-04,NV3,DHL eCommerce,1,1,5.1,1.5,0.3,6.9,shipmonk_estimate,USD
154913_1,139b683c-6d7e-49f5-9bda-3afa1ee6c329,Cattasaurus - shoproxstore - Shopify,direct_to_consumer,fulfilled,2025-07-05,2025-07-10,2025-07-05,PA2,USPS,1,1,4.97,1.8,0.3,7.07,shipmonk_estimate,USD
154915,6698987028790,Cattasaurus - shoproxstore - Shopify,direct_to_consumer,fulfilled,2025-07-05,2025-07-10,2025-07-05,PA2,OnTrac,2,1,14.09,2.4,0.0,16.49,shipmonk_estimate,USD
154917_1,b48b04cb-75fa-49bf-95c4-c1daad8abb1f,Cattasaurus - shoproxstore - Shopify,direct_to_consumer,fulfilled,2025-07-05,2025-07-14,2025-07-05,NV3,DHL eCommerce,1,1,5.28,1.5,0.3,7.08,shipmonk_estimate,USD
154923_1,f09f494e-cc72-4bee-a733-e2cbb9cce3b2,Cattasaurus - shoproxstore - Shopify,direct_to_consumer,fulfilled,2025-07-05,2025-07-10,2025-07-05,PA2,USPS,1,1,4.97,1.5,0.3,6.77,shipmonk_estimate,USD
154934_1,9133ae87-ae2f-4662-8648-787e4d9350e1,Cattasaurus - shoproxstore - Shopify,direct_to_consumer,fulfilled,2025-07-05,2025-07-14,2025-07-05,NV3,DHL eCommerce,1,1,4.97,1.5,0.3,6.77,shipmonk_estimate,USD
154946_1,8a68da49-4f30-4598-95c8-46400c375cbf,Cattasaurus - shoproxstore - Shopify,direct_to_consumer,fulfilled,2025-07-05,2025-07-14,2025-07-05,NV3,USPS,1,1,5.51,1.5,0.3,7.31,shipmonk_estimate,USD
154958,6699286528310,Cattasaurus - shoproxstore - Shopify,direct_to_consumer,fulfilled,2025-07-05,2025-07-21,2025-07-05,NV3,FedEx,2,1,19.32,2.4,0.0,21.72,shipmonk_estimate,USD
154961_1,59b8a783-ee62-46f9-98d7-89368744dfbd,Cattasaurus - shoproxstore - Shopify,direct_to_consumer,fulfilled,2025-07-05,2025-07-14,2025-07-05,NV3,DHL eCommerce,1,1,4.89,1.5,0.3,6.69,shipmonk_estimate,USD
154962_1,270419ef-a293-4fd9-889a-6f4b8e9015e2,Cattasaurus - shoproxstore - Shopify,direct_to_consumer,fulfilled,2025-07-05,2025-07-10,2025-07-05,PA2,USPS,1,1,4.97,1.5,0.3,6.77,shipmonk_estimate,USD
154967_1,c7c59a8c-16f8-4d9c-b400-fa1566e0d583,Cattasaurus - shoproxstore - Shopify,direct_to_consumer,fulfilled,2025-07-05,2025-07-14,2025-07-05,NV3,DHL eCommerce,2,1,5.94,1.8,0.3,8.04,shipmonk_estimate,USD
154971_1,2837f88e-7c37-43a3-bb6a-49aaa431e18c,Cattasaurus - shoproxstore - Shopify,direct_to_consumer,fulfilled,2025-07-05,2025-07-14,2025-07-05,NV3,DHL eCommerce,1,1,5.51,1.5,0.3,7.31,shipmonk_estimate,USD
154990_1,00cb93b6-f3fd-471c-94f4-e01a16d50e8c,Cattasaurus - shoproxstore - Shopify,direct_to_consumer,fulfilled,2025-07-05,2025-07-14,2025-07-05,NV3,USPS,1,1,5.51,1.5,0.3,7.31,shipmonk_estimate,USD
154996_1,e97a4f5e-1ffd-478c-937d-d551eb493fc8,Cattasaurus - shoproxstore - Shopify,direct_to_consumer,fulfilled,2025-07-05,2025-07-14,2025-07-05,NV3,DHL eCommerce,1,1,5.77,1.5,0.3,7.57,shipmonk_estimate,USD
155006_1,f419fc10-8b03-48e6-8db2-f57460c45af6,Cattasaurus - shoproxstore - Shopify,direct_to_consumer,fulfilled,2025-07-05,2025-07-10,2025-07-05,PA2,DHL eCommerce,2,1,6.68,2.7,0.3,9.68,shipmonk_estimate,USD
155007_1,3e051e3a-ac37-4851-8c73-ee4914ee673f,Cattasaurus - shoproxstore - Shopify,direct_to_consumer,fulfilled,2025-07-05,2025-07-14,2025-07-05,NV3,DHL eCommerce,1,1,5.51,1.5,0.3,7.31,shipmonk_estimate,USD
155009_1,00d394a6-272b-4e7b-a87a-cdefa5511345,Cattasaurus - shoproxstore - Shopify,direct_to_consumer,fulfilled,2025-07-05,2025-07-14,2025-07-05,NV3,USPS,1,1,5.1,1.5,0.3,6.9,shipmonk_estimate,USD
155010_1,0accbd81-ca82-4df1-8e87-44cefc298a77,Cattasaurus - shoproxstore - Shopify,direct_to_consumer,fulfilled,2025-07-05,2025-07-14,2025-07-05,NV3,DHL eCommerce,1,1,5.1,1.5,0.3,6.9,shipmonk_estimate,USD
155062_1,48525881-3e6c-45ef-9cba-0e3fbdbe6354,Cattasaurus - shoproxstore - Shopify,direct_to_consumer,fulfilled,2025-07-05,2025-07-07,2025-07-05,NV3,DHL eCommerce,1,1,4.64,1.5,0.3,6.44,shipmonk_estimate,USD
155066,6700015419702,Cattasaurus - shoproxstore - Shopify,direct_to_consumer,fulfilled,2025-07-05,2025-07-10,2025-07-05,PA2,OnTrac,2,1,18.58,2.4,0.0,20.98,shipmonk_estimate,USD
155068_1,92bdb068-1a33-479a-a909-7d1f5517f34f,Cattasaurus - shoproxstore - Shopify,direct_to_consumer,fulfilled,2025-07-05,2025-07-10,2025-07-05,PA2,USPS,1,1,4.64,1.5,0.3,6.44,shipmonk_estimate,USD
155088,6700183748918,Cattasaurus - shoproxstore - Shopify,direct_to_consumer,fulfilled,2025-07-05,2025-07-07,2025-07-05,NV3,FedEx,1,2,39.6,3.0,0.0,42.6,shipmonk_estimate,USD
155089,6700184535350,Cattasaurus - shoproxstore - Shopify,direct_to_consumer,fulfilled,2025-07-05,2025-07-10,2025-07-05,PA2,FedEx,2,1,19.8,2.4,0.0,22.2,shipmonk_estimate,USD
155091,6700203016502,Cattasaurus - shoproxstore - Shopify,direct_to_consumer,fulfilled,2025-07-05,2025-07-24,2025-07-05,NV3,OnTrac,1,1,15.9,2.1,0.0,18.0,shipmonk_estimate,USD
155104,6700469977398,Cattasaurus - shoproxstore - Shopify,direct_to_consumer,fulfilled,2025-07-06,2025-07-07,2025-07-06,PA2,FedEx,1,1,18.58,1.8,0.0,20.38,shipmonk_estimate,USD
155117,6700753912118,Cattasaurus - shoproxstore - Shopify,direct_to_consumer,fulfilled,2025-07-06,2025-07-09,2025-07-06,PA2,DHL eCommerce,2,1,8.1,1.8,0.5,10.4,shipmonk_estimate,USD
155123_1,15b5060b-9dd7-4d51-9a91-f611911cb77f,Cattasaurus - shoproxstore - Shopify,direct_to_consumer,fulfilled,2025-07-06,2025-07-10,2025-07-06,NV3,DHL eCommerce,1,1,5.1,1.8,0.3,7.2,shipmonk_estimate,USD
155129,6700807586102,Cattasaurus - shoproxstore - Shopify,direct_to_consumer,fulfilled,2025-07-06,2025-07-19,2025-07-06,PA2,FedEx,1,2,36.16,3.9,0.0,40.06,shipmonk_estimate,USD
155135,6700865093942,Cattasaurus - shoproxstore - Shopify,direct_to_consumer,fulfilled,2025-07-06,2025-07-21,2025-07-06,PA2,USPS,1,1,4.97,1.8,0.3,7.07,shipmonk_estimate,USD
155140,6700913951030,Cattasaurus - shoproxstore - Shopify,direct_to_consumer,fulfilled,2025-07-06,2025-07-13,2025-07-06,PA2,OnTrac,1,1,11.53,2.1,0.0,13.63,shipmonk_estimate,USD
155140_1,6c40b144-2b80-4f13-85bc-6a51f121406f,Cattasaurus - shoproxstore - Shopify,direct_to_consumer,fulfilled,2025-07-06,2025-07-14,2025-07-06,NV3,DHL eCommerce,1,1,5.51,1.5,0.3,7.31,shipmonk_estimate,USD
155143_1,3d872f80-0e3b-481f-9502-4cd575a835bd,Cattasaurus - shoproxstore - Shopify,direct_to_consumer,fulfilled,2025-07-06,2025-07-14,2025-07-06,NV3,DHL eCommerce,1,1,4.97,1.5,0.3,6.77,shipmonk_estimate,USD
155145,6700940984630,Cattasaurus - shoproxstore - Shopify,direct_to_consumer,fulfilled,2025-07-06,2025-07-12,2025-07-06,PA2,OnTrac,1,1,13.09,2.1,0.0,15.19,shipmonk_estimate,USD
155145_1,382cdc2c-d943-485d-a04b-01d7880102b1,Cattasaurus - shoproxstore - Shopify,direct_to_consumer,fulfilled,2025-07-06,2025-07-14,2025-07-06,NV3,DHL eCommerce,1,1,5.51,1.5,0.3,7.31,shipmonk_estimate,USD
155165,6701029851446,Cattasaurus - shoproxstore - Shopify,direct_to_consumer,fulfilled,2025-07-06,2025-07-10,2025-07-06,PA2,USPS,1,1,31.14,2.1,0.0,33.24,shipmonk_estimate,USD
155182,6701133660470,Cattasaurus - shoproxstore - Shopify,direct_to_consumer,fulfilled,2025-07-06,2025-08-06,2025-07-06,PA2,OnTrac,1,1,11.77,1.8,0.0,13.57,shipmonk_estimate,USD
155197_1,90d8f48d-52e5-4428-bc0a-6b001af64793,Cattasaurus - shoproxstore - Shopify,direct_to_consumer,fulfilled,2025-07-06,2025-07-10,2025-07-06,PA2,USPS,1,1,4.97,1.5,0.3,6.77,shipmonk_estimate,USD
155203_1,9cf1a520-feaf-4098-a98f-d6afa24add56,Cattasaurus - shoproxstore - Shopify,direct_to_consumer,fulfilled,2025-07-06,2025-07-19,2025-07-06,PA2,OnTrac,1,1,12.74,1.8,0.0,14.54,shipmonk_estimate,USD
155211,6701380075830,Cattasaurus - shoproxstore - Shopify,direct_to_consumer,fulfilled,2025-07-06,2025-07-21,2025-07-06,NV3,OnTrac,1,1,10.91,1.8,0.0,12.71,shipmonk_estimate,USD
155212,6701381091638,Cattasaurus - shoproxstore - Shopify,direct_to_consumer,fulfilled,2025-07-06,,2025-07-06,PA2,ShipMonk,2,0,13.97,10.5,0.0,24.47,shipmonk_estimate,USD
155221,6701456163126,Cattasaurus - shoproxstore - Shopify,direct_to_consumer,fulfilled,2025-07-06,2025-07-08,2025-07-06,PA2,OnTrac,1,1,19.8,1.8,0.0,21.6,shipmonk_estimate,USD
155240,6701656867126,Cattasaurus - shoproxstore - Shopify,direct_to_consumer,fulfilled,2025-07-06,2025-07-11,2025-07-06,PA2,UPS,1,1,14.81,2.1,0.0,16.91,shipmonk_estimate,USD
155257,6701780762934,Cattasaurus - shoproxstore - Shopify,direct_to_consumer,fulfilled,2025-07-06,2025-07-12,2025-07-06,PA2,OnTrac,1,1,20.56,1.8,0.0,22.36,shipmonk_estimate,USD
155261,6701821624630,Cattasaurus - shoproxstore - Shopify,direct_to_consumer,fulfilled,2025-07-06,2025-07-11,2025-07-06,PA2,UPS,1,1,18.55,3.3,0.0,21.85,shipmonk_estimate,USD
155266_1,0680a1b9-fd40-410a-9df0-7ff8af230831,Cattasaurus - shoproxstore - Shopify,direct_to_consumer,fulfilled,2025-07-06,2025-07-10,2025-07-06,PA2,USPS,1,1,4.89,1.8,0.3,6.99,shipmonk_estimate,USD
155275_1,d5ac339f-f314-40b0-915b-6eac631043b9,Cattasaurus - shoproxstore - Shopify,direct_to_consumer,fulfilled,2025-07-06,2025-07-10,2025-07-06,NV3,DHL eCommerce,1,1,4.64,1.5,0.3,6.44,shipmonk_estimate,USD
155279,6702280343862,Cattasaurus - shoproxstore - Shopify,direct_to_consumer,fulfilled,2025-07-07,2025-07-08,2025-07-07,NV3,FedEx,1,1,17.02,1.8,0.0,18.82,shipmonk_estimate,USD
155282,6702437368118,Cattasaurus - shoproxstore - Shopify,direct_to_consumer,fulfilled,2025-07-07,2025-07-11,2025-07-07,PA2,UPS,1,1,15.88,2.1,0.0,17.98,shipmonk_estimate,USD
155300,6702675624246,Cattasaurus - shoproxstore - Shopify,direct_to_consumer,fulfilled,2025-07-07,2025-07-11,2025-07-07,PA2,FedEx,1,1,19.15,2.1,0.0,21.25,shipmonk_estimate,USD
155341,6703309488438,Cattasaurus - shoproxstore - Shopify,direct_to_consumer,fulfilled,2025-07-07,2025-07-12,2025-07-07,PA2,FedEx,1,1,11.53,1.8,0.0,13.33,shipmonk_estimate,USD
155352,6703404679478,Cattasaurus - shoproxstore - Shopify,direct_to_consumer,fulfilled,2025-07-07,2025-07-09,2025-07-07,NV3,FedEx,1,1,21.55,2.5,0.0,24.05,shipmonk_estimate,USD
155356,6703488794934,Cattasaurus - shoproxstore - Shopify,direct_to_consumer,fulfilled,2025-07-07,2025-07-10,2025-07-07,PA2,OnTrac,2,1,22.44,2.4,0.0,24.84,shipmonk_estimate,USD
155361,6703537586486,Cattasaurus - shoproxstore - Shopify,direct_to_consumer,fulfilled,2025-07-07,,2025-07-07,PA2,ShipMonk,1,0,21.36,3.78,0.0,25.14,shipmonk_estimate,USD
155371_1,beb0b127-18f2-4097-a661-09bcef58f36a,Cattasaurus - shoproxstore - Shopify,direct_to_consumer,fulfilled,2025-07-07,2025-07-13,2025-07-07,PA2,USPS,1,1,4.64,1.5,0.3,6.44,shipmonk_estimate,USD
155390,6704388440374,Cattasaurus - shoproxstore - Shopify,direct_to_consumer,fulfilled,2025-07-08,2025-07-13,2025-07-08,PA2,OnTrac,1,1,18.01,2.1,0.0,20.11,shipmonk_estimate,USD
155390_1,06186a64-fa26-4fac-bc61-11cfeb646535,Cattasaurus - shoproxstore - Shopify,direct_to_consumer,fulfilled,2025-07-08,2025-07-14,2025-07-08,NV3,DHL eCommerce,1,1,5.51,1.5,0.3,7.31,shipmonk_estimate,USD
155391,6704389980470,Cattasaurus - shoproxstore - Shopify,direct_to_consumer,fulfilled,2025-07-08,2025-07-09,2025-07-08,PA2,FedEx,1,1,13.37,2.1,0.0,15.47,shipmonk_estimate,USD
155392,6704396501302,Cattasaurus - shoproxstore - Shopify,direct_to_consumer,fulfilled,2025-07-08,2025-07-13,2025-07-08,PA2,OnTrac,1,1,14.04,2.1,0.0,16.14,shipmonk_estimate,USD
155392_1,99c266a1-4a5c-4085-a821-68857fcd81f0,Cattasaurus - shoproxstore - Shopify,direct_to_consumer,fulfilled,2025-07-08,2025-07-14,2025-07-08,NV3,DHL eCommerce,1,1,5.94,1.8,0.5,8.24,shipmonk_estimate,USD
155397,6704547594550,Cattasaurus - shoproxstore - Shopify,direct_to_consumer,fulfilled,2025-07-08,2025-07-09,2025-07-08,PA2,FedEx,2,1,29.17,2.1,0.0,31.27,shipmonk_estimate,USD
155398,6704555426102,Cattasaurus - shoproxstore - Shopify,direct_to_consumer,fulfilled,2025-07-08,2025-07-10,2025-07-08,PA2,OnTrac,2,1,15.49,2.7,0.0,18.19,shipmonk_estimate,USD
155414,6704719462710,Cattasaurus - shoproxstore - Shopify,direct_to_consumer,fulfilled,2025-07-08,2025-07-13,2025-07-08,PA2,OnTrac,1,1,20.56,2.1,0.0,22.66,shipmonk_estimate,USD
155414_1,31b0683e-14e8-4997-9de8-fce80431c561,Cattasaurus - shoproxstore - Shopify,direct_to_consumer,fulfilled,2025-07-08,2025-07-14,2025-07-08,NV3,DHL eCommerce,1,1,4.97,1.5,0.3,6.77,shipmonk_estimate,USD
155419,6704893952310,Cattasaurus - shoproxstore - Shopify,direct_to_consumer,fulfilled,2025-07-08,2025-07-13,2025-07-08,PA2,FedEx,1,1,11.72,2.1,0.0,13.82,shipmonk_estimate,USD
155419_1,66d94276-a382-4590-8547-7e79e9b3f070,Cattasaurus - shoproxstore - Shopify,direct_to_consumer,fulfilled,2025-07-08,2025-07-14,2025-07-08,NV3,DHL eCommerce,1,1,5.51,1.5,0.3,7.31,shipmonk_estimate,USD
155430,6705049469238,Cattasaurus - shoproxstore - Shopify,direct_to_consumer,fulfilled,2025-07-08,2025-07-17,2025-07-08,PA2,OnTrac,1,1,20.56,2.1,0.0,22.66,shipmonk_estimate,USD
155431,6705056940342,Cattasaurus - shoproxstore - Shopify,direct_to_consumer,fulfilled,2025-07-08,2025-07-10,2025-07-08,PA2,OnTrac,1,1,15.49,2.1,0.0,17.59,shipmonk_estimate,USD
155433,6705068867894,Cattasaurus - shoproxstore - Shopify,direct_to_consumer,fulfilled,2025-07-08,2025-07-10,2025-07-08,PA2,FedEx,2,1,27.49,2.7,0.0,30.19,shipmonk_estimate,USD
155438,6705124213046,Cattasaurus - shoproxstore - Shopify,direct_to_consumer,fulfilled,2025-07-08,2025-07-10,2025-07-08,PA2,OnTrac,1,1,27.61,2.1,0.0,29.71,shipmonk_estimate,USD
155450,6705368432950,Cattasaurus - shoproxstore - Shopify,direct_to_consumer,fulfilled,2025-07-08,2025-07-10,2025-07-08,PA2,FedEx,1,1,21.36,2.1,0.0,23.46,shipmonk_estimate,USD
155454,6705405034806,Cattasaurus - shoproxstore - Shopify,direct_to_consumer,fulfilled,2025-07-08,2025-07-21,2025-07-08,NV3,OnTrac,1,1,10.91,2.1,0.0,13.01,shipmonk_estimate,USD
155461_1,ffd882e0-c3e6-4f64-9f2a-469a81e6e780,Cattasaurus - shoproxstore - Shopify,direct_to_consumer,fulfilled,2025-07-08,2025-07-12,2025-07-08,PA2,USPS,1,1,5.1,1.8,0.3,7.2,shipmonk_estimate,USD
153947-01,2e34a0f5-de6b-4322-b342-8ad4ceb0a3dd,Cattasaurus - shoproxstore - Shopify,direct_to_consumer,fulfilled,2025-07-09,2025-07-11,2025-07-09,PA2,OnTrac,1,1,17.02,1.8,0.0,18.82,shipmonk_estimate,USD
155481,6706348753206,Cattasaurus - shoproxstore - Shopify,direct_to_consumer,fulfilled,2025-07-09,2025-07-11,2025-07-09,PA2,USPS,1,1,26.26,2.1,0.0,28.36,shipmonk_estimate,USD
155482,6706357010742,Cattasaurus - shoproxstore - Shopify,direct_to_consumer,fulfilled,2025-07-09,2025-07-11,2025-07-09,PA2,FedEx,1,1,25.69,1.8,0.0,27.49,shipmonk_estimate,USD
155483,6706388500790,Cattasaurus - shoproxstore - Shopify,direct_to_consumer,fulfilled,2025-07-09,2025-07-11,2025-07-09,PA2,UPS,1,1,18.55,3.3,0.0,21.85,shipmonk_estimate,USD
155485,6706434572598,Cattasaurus - shoproxstore - Shopify,direct_to_consumer,fulfilled,2025-07-09,2025-07-11,2025-07-09,PA2,OnTrac,1,1,14.09,2.1,0.0,16.19,shipmonk_estimate,USD
155487,6706461409590,Cattasaurus - shoproxstore - Shopify,direct_to_consumer,fulfilled,2025-07-09,2025-07-11,2025-07-09,PA2,FedEx,1,1,24.13,2.1,0.0,26.23,shipmonk_estimate,USD
155489,6706468815158,Cattasaurus - shoproxstore - Shopify,direct_to_consumer,fulfilled,2025-07-09,2025-07-25,2025-07-09,NV3,OnTrac,1,1,21.76,1.8,0.0,23.56,shipmonk_estimate,USD
155490,6706489884982,Cattasaurus - shoproxstore - Shopify,direct_to_consumer,fulfilled,2025-07-09,2025-07-11,2025-07-09,PA2,OnTrac,1,1,14.32,2.1,0.0,16.42,shipmonk_estimate,USD
155491,6706494898486,Cattasaurus - shoproxstore - Shopify,direct_to_consumer,fulfilled,2025-07-09,2025-07-11,2025-07-09,PA2,OnTrac,1,1,14.09,1.8,0.0,15.89,shipmonk_estimate,USD
155492,6706515444022,Cattasaurus - shoproxstore - Shopify,direct_to_consumer,fulfilled,2025-07-09,2025-07-11,2025-07-09,PA2,OnTrac,1,1,26.11,2.1,0.0,28.21,shipmonk_estimate,USD
155493,6706543100214,Cattasaurus - shoproxstore - Shopify,direct_to_consumer,fulfilled,2025-07-09,2025-07-11,2025-07-09,PA2,OnTrac,1,1,24.55,2.1,0.0,26.65,shipmonk_estimate,USD
155494,6706565284150,Cattasaurus - shoproxstore - Shopify,direct_to_consumer,fulfilled,2025-07-09,2025-07-11,2025-07-09,PA2,UPS,1,1,20.71,2.1,0.0,22.81,shipmonk_estimate,USD
155495,6706568888630,Cattasaurus - shoproxstore - Shopify,direct_to_consumer,fulfilled,2025-07-09,2025-07-11,2025-07-09,PA2,OnTrac,1,1,13.25,2.1,0.0,15.35,shipmonk_estimate,USD
155497,6706608406838,Cattasaurus - shoproxstore - Shopify,direct_to_consumer,fulfilled,2025-07-09,2025-07-11,2025-07-09,PA2,OnTrac,1,1,24.55,1.8,0.0,26.35,shipmonk_estimate,USD
155499,6706650513718,Cattasaurus - shoproxstore - Shopify,direct_to_consumer,fulfilled,2025-07-09,2025-07-11,2025-07-09,PA2,FedEx,1,1,26.11,2.1,0.0,28.21,shipmonk_estimate,USD
155501,6706656510262,Cattasaurus - shoproxstore - Shopify,direct_to_consumer,fulfilled,2025-07-09,2025-07-11,2025-07-09,PA2,FedEx,1,1,16.99,2.1,0.0,19.09,shipmonk_estimate,USD
155502,6706664636726,Cattasaurus - shoproxstore - Shopify,direct_to_consumer,fulfilled,2025-07-09,2025-07-11,2025-07-09,PA2,OnTrac,1,1,13.25,2.1,0.0,15.35,shipmonk_estimate,USD
155503,6706689245494,Cattasaurus - shoproxstore - Shopify,direct_to_consumer,fulfilled,2025-07-09,2025-07-11,2025-07-09,PA2,OnTrac,1,1,14.09,2.1,0.0,16.19,shipmonk_estimate,USD
155505,6706712445238,Cattasaurus - shoproxstore - Shopify,direct_to_consumer,fulfilled,2025-07-09,2025-07-11,2025-07-09,PA2,OnTrac,1,1,26.11,2.1,0.0,28.21,shipmonk_estimate,USD
155506,6706720604470,Cattasaurus - shoproxstore - Shopify,direct_to_consumer,fulfilled,2025-07-09,2025-07-11,2025-07-09,PA2,FedEx,1,1,13.25,2.1,0.0,15.35,shipmonk_estimate,USD
155507,6706756092214,Cattasaurus - shoproxstore - Shopify,direct_to_consumer,fulfilled,2025-07-09,2025-07-11,2025-07-09,PA2,OnTrac,1,1,27.61,1.8,0.0,29.41,shipmonk_estimate,USD
155508,6706828181814,Cattasaurus - shoproxstore - Shopify,direct_to_consumer,fulfilled,2025-07-09,2025-07-11,2025-07-09,PA2,OnTrac,1,1,24.55,3.3,0.0,27.85,shipmonk_estimate,USD
155509,6706843025718,Cattasaurus - shoproxstore - Shopify,direct_to_consumer,fulfilled,2025-07-09,2025-07-11,2025-07-09,PA2,OnTrac,1,1,13.25,2.1,0.0,15.35,shipmonk_estimate,USD
155510,6706891587894,Cattasaurus - shoproxstore - Shopify,direct_to_consumer,fulfilled,2025-07-09,2025-07-11,2025-07-09,PA2,OnTrac,1,1,13.25,2.1,0.0,15.35,shipmonk_estimate,USD
155511,6706894995766,Cattasaurus - shoproxstore - Shopify,direct_to_consumer,fulfilled,2025-07-09,2025-07-11,2025-07-09,PA2,OnTrac,1,1,14.32,2.1,0.0,16.42,shipmonk_estimate,USD
155514,6706967904566,Cattasaurus - shoproxstore - Shopify,direct_to_consumer,fulfilled,2025-07-09,2025-07-11,2025-07-09,PA2,FedEx,1,1,18.58,2.1,0.0,20.68,shipmonk_estimate,USD
155515,6706978849078,Cattasaurus - shoproxstore - Shopify,direct_to_consumer,fulfilled,2025-07-09,2025-07-11,2025-07-09,PA2,FedEx,1,1,26.11,2.1,0.0,28.21,shipmonk_estimate,USD
155517,6707016663350,Cattasaurus - shoproxstore - Shopify,direct_to_consumer,fulfilled,2025-07-09,2025-07-11,2025-07-09,PA2,FedEx,1,1,15.49,2.1,0.0,17.59,shipmonk_estimate,USD
155519,6707018924342,Cattasaurus - shoproxstore - Shopify,direct_to_consumer,fulfilled,2025-07-09,2025-07-11,2025-07-09,PA2,OnTrac,1,1,15.65,2.1,0.0,17.75,shipmonk_estimate,USD
155521,6707047629110,Cattasaurus - shoproxstore - Shopify,direct_to_consumer,fulfilled,2025-07-09,2025-07-11,2025-07-09,PA2,OnTrac,1,1,14.93,2.1,0.0,17.03,shipmonk_estimate,USD
155522,6707050119478,Cattasaurus - shoproxstore - Shopify,direct_to_consumer,fulfilled,2025-07-09,2025-07-11,2025-07-09,PA2,FedEx,1,1,17.02,2.1,0.0,19.12,shipmonk_estimate,USD
155524,6707122405686,Cattasaurus - shoproxstore - Shopify,direct_to_consumer,fulfilled,2025-07-09,2025-07-11,2025-07-09,PA2,UPS,1,1,18.55,2.1,0.0,20.65,shipmonk_estimate,USD
155525,6707134464310,Cattasaurus - shoproxstore - Shopify,direct_to_consumer,fulfilled,2025-07-09,2025-07-11,2025-07-09,PA2,OnTrac,1,1,24.55,2.1,0.0,26.65,shipmonk_estimate,USD
155526,6707170804022,Cattasaurus - shoproxstore - Shopify,direct_to_consumer,fulfilled,2025-07-09,2025-07-11,2025-07-09,PA2,OnTrac,1,1,24.55,2.1,0.0,26.65,shipmonk_estimate,USD
155527,6707190661430,Cattasaurus - shoproxstore - Shopify,direct_to_consumer,fulfilled,2025-07-09,2025-07-11,2025-07-09,PA2,UPS,2,1,15.88,2.1,0.0,17.98,shipmonk_estimate,USD
155528,6707190890806,Cattasaurus - shoproxstore - Shopify,direct_to_consumer,fulfilled,2025-07-09,2025-07-11,2025-07-09,PA2,UPS,1,1,20.71,2.1,0.0,22.81,shipmonk_estimate,USD
155529,6707209142582,Cattasaurus - shoproxstore - Shopify,direct_to_consumer,fulfilled,2025-07-09,2025-07-11,2025-07-09,PA2,OnTrac,1,1,19.15,2.1,0.0,21.25,shipmonk_estimate,USD
155530,6707231457590,Cattasaurus - shoproxstore - Shopify,direct_to_consumer,fulfilled,2025-07-09,2025-07-11,2025-07-09,PA2,FedEx,1,1,28.19,2.4,0.0,30.59,shipmonk_estimate,USD
155531,6707272548662,Cattasaurus - shoproxstore - Shopify,direct_to_consumer,fulfilled,2025-07-09,2025-07-11,2025-07-09,PA2,OnTrac,1,1,22.99,1.8,0.0,24.79,shipmonk_estimate,USD
INF139,c27ce861-4c90-4892-a52e-da17f223965e,Cattasaurus - Manual Store,direct_to_consumer,fulfilled,2025-07-09,2025-07-10,2025-07-09,NV3,FedEx,1,1,15.49,1.8,0.0,17.29,shipmonk_estimate,USD
INF141,45b11575-1843-430b-b113-dfe1cab93c35,Cattasaurus - Manual Store,direct_to_consumer,fulfilled,2025-07-09,2025-07-10,2025-07-09,PA2,OnTrac,1,1,13.09,1.8,0.0,14.89,shipmonk_estimate,USD
155532,6707499532598,Cattasaurus - shoproxstore - Shopify,direct_to_consumer,fulfilled,2025-07-10,2025-07-11,2025-07-10,PA2,FedEx,1,1,18.58,2.1,0.0,20.68,shipmonk_estimate,USD
155533,6707589579062,Cattasaurus - shoproxstore - Shopify,direct_to_consumer,fulfilled,2025-07-10,2025-07-11,2025-07-10,PA2,OnTrac,1,1,13.25,2.1,0.0,15.35,shipmonk_estimate,USD
155534,6707604324662,Cattasaurus - shoproxstore - Shopify,direct_to_consumer,fulfilled,2025-07-10,2025-07-11,2025-07-10,PA2,OnTrac,1,1,13.25,2.1,0.0,15.35,shipmonk_estimate,USD
155535,6707623821622,Cattasaurus - shoproxstore - Shopify,direct_to_consumer,fulfilled,2025-07-10,2025-07-11,2025-07-10,PA2,FedEx,1,1,21.36,2.1,0.0,23.46,shipmonk_estimate,USD
155536,6707633226038,Cattasaurus - shoproxstore - Shopify,direct_to_consumer,fulfilled,2025-07-10,2025-07-11,2025-07-10,PA2,OnTrac,1,1,16.99,2.1,0.0,19.09,shipmonk_estimate,USD
155537,6707643679030,Cattasaurus - shoproxstore - Shopify,direct_to_consumer,fulfilled,2025-07-10,2025-07-11,2025-07-10,PA2,OnTrac,1,1,13.25,1.8,0.0,15.05,shipmonk_estimate,USD
155538,6707678347574,Cattasaurus - shoproxstore - Shopify,direct_to_consumer,fulfilled,2025-07-10,2025-07-11,2025-07-10,PA2,FedEx,1,1,15.88,1.8,0.0,17.68,shipmonk_estimate,USD
155539,6707699614006,Cattasaurus - shoproxstore - Shopify,direct_to_consumer,fulfilled,2025-07-10,2025-07-11,2025-07-10,PA2,OnTrac,1,1,16.99,1.8,0.0,18.79,shipmonk_estimate,USD
155541,6707717669174,Cattasaurus - shoproxstore - Shopify,direct_to_consumer,fulfilled,2025-07-10,2025-07-11,2025-07-10,PA2,OnTrac,1,1,14.32,1.8,0.0,16.12,shipmonk_estimate,USD
155544,6707792118070,Cattasaurus - shoproxstore - Shopify,direct_to_consumer,fulfilled,2025-07-10,2025-07-11,2025-07-10,PA2,UPS,1,1,15.88,2.4,0.0,18.28,shipmonk_estimate,USD
155547,6707865157942,Cattasaurus - shoproxstore - Shopify,direct_to_consumer,fulfilled,2025-07-10,2025-07-11,2025-07-10,PA2,OnTrac,1,1,14.32,2.1,0.0,16.42,shipmonk_estimate,USD
155549_1,bad6c2f2-5cfc-4c21-be77-3fc7e6f166b6,Cattasaurus - shoproxstore - Shopify,direct_to_consumer,fulfilled,2025-07-10,2025-07-14,2025-07-10,NV3,DHL eCommerce,1,1,5.1,1.5,0.3,6.9,shipmonk_estimate,USD
155551,6707928924470,Cattasaurus - shoproxstore - Shopify,direct_to_consumer,fulfilled,2025-07-10,2025-07-11,2025-07-10,PA2,OnTrac,1,1,26.11,2.1,0.0,28.21,shipmonk_estimate,USD
155552,6707934265654,Cattasaurus - shoproxstore - Shopify,direct_to_consumer,fulfilled,2025-07-10,2025-07-11,2025-07-10,PA2,OnTrac,1,1,20.56,3.3,0.0,23.86,shipmonk_estimate,USD
155553,6707964936502,Cattasaurus - shoproxstore - Shopify,direct_to_consumer,fulfilled,2025-07-10,2025-07-11,2025-07-10,PA2,UPS,2,1,18.55,2.4,0.0,20.95,shipmonk_estimate,USD
155555,6707993149750,Cattasaurus - shoproxstore - Shopify,direct_to_consumer,fulfilled,2025-07-10,2025-07-12,2025-07-10,PA2,FedEx,1,1,14.04,2.1,0.0,16.14,shipmonk_estimate,USD
155556,6708002160950,Cattasaurus - shoproxstore - Shopify,direct_to_consumer,fulfilled,2025-07-10,,2025-07-10,PA2,ShipMonk,1,0,19.15,3.0,0.0,22.15,shipmonk_estimate,USD
155557,6708009632054,Cattasaurus - shoproxstore - Shopify,direct_to_consumer,fulfilled,2025-07-10,2025-07-25,2025-07-10,NV3,UPS,1,1,15.6,1.8,0.0,17.4,shipmonk_estimate,USD
155557_1,9cd7e39b-0fe7-4ebe-89b4-fa3e1d0363c5,Cattasaurus - shoproxstore - Shopify,direct_to_consumer,fulfilled,2025-07-10,2025-07-25,2025-07-10,NV3,USPS,1,1,13.79,1.8,0.0,15.59,shipmonk_estimate,USD
155559,6708028080438,Cattasaurus - shoproxstore - Shopify,direct_to_consumer,fulfilled,2025-07-10,2025-07-21,2025-07-10,NV3,OnTrac,1,1,12.74,1.8,0.0,14.54,shipmonk_estimate,USD
155568_1,4a424a60-0955-4445-a4b7-26d129a17199,Cattasaurus - shoproxstore - Shopify,direct_to_consumer,fulfilled,2025-07-10,2025-07-14,2025-07-10,NV3,DHL eCommerce,1,1,5.1,1.8,0.3,7.2,shipmonk_estimate,USD
155573,6708194705718,Cattasaurus - shoproxstore - Shopify,direct_to_consumer,fulfilled,2025-07-10,2025-07-12,2025-07-10,PA2,OnTrac,2,1,12.74,2.7,0.0,15.44,shipmonk_estimate,USD
155583,6708366180662,Cattasaurus - shoproxstore - Shopify,direct_to_consumer,fulfilled,2025-07-10,2025-07-21,2025-07-10,NV3,OnTrac,1,1,16.45,1.8,0.0,18.25,shipmonk_estimate,USD
155589,6708444168502,Cattasaurus - shoproxstore - Shopify,direct_to_consumer,fulfilled,2025-07-10,2025-07-21,2025-07-10,NV3,FedEx,1,1,21.76,2.1,0.0,23.86,shipmonk_estimate,USD
155592,6708481261878,Cattasaurus - shoproxstore - Shopify,direct_to_consumer,fulfilled,2025-07-10,2025-07-21,2025-07-10,NV3,FedEx,1,1,20.2,1.8,0.0,22.0,shipmonk_estimate,USD
155594,6708503249206,Cattasaurus - shoproxstore - Shopify,direct_to_consumer,fulfilled,2025-07-10,2025-07-21,2025-07-10,NV3,OnTrac,1,1,20.2,2.1,0.0,22.3,shipmonk_estimate,USD
155598,6708583694646,Cattasaurus - shoproxstore - Shopify,direct_to_consumer,fulfilled,2025-07-10,2025-07-25,2025-07-10,NV3,FedEx,1,1,20.2,1.8,0.0,22.0,shipmonk_estimate,USD
155601,6708628554038,Cattasaurus - shoproxstore - Shopify,direct_to_consumer,fulfilled,2025-07-10,2025-07-21,2025-07-10,NV3,FedEx,1,1,18.01,1.8,0.0,19.81,shipmonk_estimate,USD
155602,6708635631926,Cattasaurus - shoproxstore - Shopify,direct_to_consumer,fulfilled,2025-07-10,2025-07-23,2025-07-10,NV3,FedEx,1,1,27.04,1.8,0.0,28.84,shipmonk_estimate,USD
155602_1,c92ef983-e36b-48c8-9c98-c5da09ed9130,Cattasaurus - shoproxstore - Shopify,direct_to_consumer,fulfilled,2025-07-10,2025-07-23,2025-07-10,NV3,FedEx,1,1,27.04,1.8,0.0,28.84,shipmonk_estimate,USD
155615,6708901183798,Cattasaurus - shoproxstore - Shopify,direct_to_consumer,fulfilled,2025-07-10,2025-07-12,2025-07-10,PA2,OnTrac,1,1,16.45,2.1,0.0,18.55,shipmonk_estimate,USD
155618,6708964917558,Cattasaurus - shoproxstore - Shopify,direct_to_consumer,fulfilled,2025-07-10,2025-07-12,2025-07-10,PA2,OnTrac,2,1,20.56,2.1,0.0,22.66,shipmonk_estimate,USD
155633,6709562933558,Cattasaurus - shoproxstore - Shopify,direct_to_consumer,fulfilled,2025-07-11,2025-07-21,2025-07-11,NV3,OnTrac,1,1,27.04,1.8,0.0,28.84,shipmonk_estimate,USD
155634,6709563130166,Cattasaurus - shoproxstore - Shopify,direct_to_consumer,fulfilled,2025-07-11,2025-07-21,2025-07-11,NV3,OnTrac,1,1,28.6,2.1,0.0,30.7,shipmonk_estimate,USD
155636,6709584986422,Cattasaurus - shoproxstore - Shopify,direct_to_consumer,fulfilled,2025-07-11,2025-07-30,2025-07-11,PA2,OnTrac,1,1,11.72,1.8,0.0,13.52,shipmonk_estimate,USD
155637,6709596029238,Cattasaurus - shoproxstore - Shopify,direct_to_consumer,fulfilled,2025-07-11,2025-07-28,2025-07-11,PA2,OnTrac,1,1,15.1,1.8,0.0,16.9,shipmonk_estimate,USD
155640,6709665235254,Cattasaurus - shoproxstore - Shopify,direct_to_consumer,fulfilled,2025-07-11,2025-07-23,2025-07-11,PA2,FedEx,1,1,19.32,2.5,0.0,21.82,shipmonk_estimate,USD
155641,6709694005558,Cattasaurus - shoproxstore - Shopify,direct_to_consumer,fulfilled,2025-07-11,2025-08-06,2025-07-11,PA2,OnTrac,1,1,14.11,1.8,0.0,15.91,shipmonk_estimate,USD
155642,6709705113910,Cattasaurus - shoproxstore - Shopify,direct_to_consumer,fulfilled,2025-07-11,2025-07-30,2025-07-11,PA2,OnTrac,1,1,10.81,1.8,0.0,12.61,shipmonk_estimate,USD
155645,6709727691062,Cattasaurus - shoproxstore - Shopify,direct_to_consumer,fulfilled,2025-07-11,2025-08-06,2025-07-11,PA2,OnTrac,1,1,14.11,1.8,0.0,15.91,shipmonk_estimate,USD
155648,6709740208438,Cattasaurus - shoproxstore - Shopify,direct_to_consumer,fulfilled,2025-07-11,2025-07-30,2025-07-11,PA2,FedEx,1,1,11.72,1.8,0.0,13.52,shipmonk_estimate,USD
155660,6709895758134,Cattasaurus - shoproxstore - Shopify,direct_to_consumer,fulfilled,2025-07-11,2025-07-13,2025-07-11,PA2,FedEx,1,1,14.04,2.1,0.0,16.14,shipmonk_estimate,USD
155661,6709914796342,Cattasaurus - shoproxstore - Shopify,direct_to_consumer,fulfilled,2025-07-11,2025-07-13,2025-07-11,PA2,OnTrac,1,1,10.81,2.1,0.0,12.91,shipmonk_estimate,USD
155663,6709961359670,Cattasaurus - shoproxstore - Shopify,direct_to_consumer,fulfilled,2025-07-11,2025-07-13,2025-07-11,PA2,OnTrac,1,1,16.45,2.1,0.0,18.55,shipmonk_estimate,USD
155665,6709983674678,Cattasaurus - shoproxstore - Shopify,direct_to_consumer,fulfilled,2025-07-11,2025-07-13,2025-07-11,PA2,OnTrac,1,1,14.04,2.1,0.0,16.14,shipmonk_estimate,USD
155666,6709987082550,Cattasaurus - shoproxstore - Shopify,direct_to_consumer,fulfilled,2025-07-11,2025-07-13,2025-07-11,PA2,FedEx,1,1,11.72,2.1,0.0,13.82,shipmonk_estimate,USD
155668,6710002811190,Cattasaurus - shoproxstore - Shopify,direct_to_consumer,fulfilled,2025-07-11,2025-07-13,2025-07-11,PA2,FedEx,1,2,57.75,3.9,0.0,61.65,shipmonk_estimate,USD
155670,6710039118134,Cattasaurus - shoproxstore - Shopify,direct_to_consumer,fulfilled,2025-07-11,2025-07-21,2025-07-11,NV3,OnTrac,1,1,14.05,1.8,0.0,15.85,shipmonk_estimate,USD
155674,6710079815990,Cattasaurus - shoproxstore - Shopify,direct_to_consumer,fulfilled,2025-07-11,2025-07-13,2025-07-11,PA2,FedEx,1,1,18.73,2.1,0.0,20.83,shipmonk_estimate,USD
155675,6710088433974,Cattasaurus - shoproxstore - Shopify,direct_to_consumer,fulfilled,2025-07-11,2025-07-14,2025-07-11,PA2,FedEx,1,2,33.36,3.9,0.0,37.26,shipmonk_estimate,USD
155677,6710122545462,Cattasaurus - shoproxstore - Shopify,direct_to_consumer,fulfilled,2025-07-11,2025-07-24,2025-07-11,PA2,FedEx,1,1,15.73,7.5,0.0,23.23,shipmonk_estimate,USD
155677_1,a197e7da-248f-4a00-9e01-d0fe29086ca4,Cattasaurus - shoproxstore - Shopify,direct_to_consumer,fulfilled,2025-07-11,2025-07-24,2025-07-11,PA2,FedEx,1,1,15.73,7.5,0.0,23.23,shipmonk_estimate,USD
155684,6710248145206,Cattasaurus - shoproxstore - Shopify,direct_to_consumer,fulfilled,2025-07-11,2025-07-13,2025-07-11,PA2,FedEx,1,1,28.6,2.1,0.0,30.7,shipmonk_estimate,USD
155689,6710355788086,Cattasaurus - shoproxstore - Shopify,direct_to_consumer,fulfilled,2025-07-11,,2025-07-11,PA2,ShipMonk,1,0,20.56,3.0,0.0,23.56,shipmonk_estimate,USD
155698,6710604824886,Cattasaurus - shoproxstore - Shopify,direct_to_consumer,fulfilled,2025-07-11,2025-07-13,2025-07-11,PA2,OnTrac,2,1,20.56,2.4,0.0,22.96,shipmonk_estimate,USD
155700,6710659088694,Cattasaurus - shoproxstore - Shopify,direct_to_consumer,fulfilled,2025-07-11,2025-07-14,2025-07-11,NV3,OnTrac,1,1,20.2,2.1,0.0,22.3,shipmonk_estimate,USD
155705,6710831841590,Cattasaurus - shoproxstore - Shopify,direct_to_consumer,fulfilled,2025-07-11,2025-07-13,2025-07-11,PA2,FedEx,1,2,62.66,3.9,0.0,66.56,shipmonk_estimate,USD
149554-01,5c009f25-ef27-4328-8b30-a0f2f4836dac,Cattasaurus - shoproxstore - Shopify,direct_to_consumer,fulfilled,2025-07-12,2025-07-13,2025-07-12,PA2,OnTrac,1,1,6.21,1.5,0.0,7.71,shipmonk_estimate,USD
155708,6711059382582,Cattasaurus - shoproxstore - Shopify,direct_to_consumer,fulfilled,2025-07-12,2025-07-13,2025-07-12,PA2,FedEx,2,1,14.04,2.4,0.0,16.44,shipmonk_estimate,USD
155738,6711399514422,Cattasaurus - shoproxstore - Shopify,direct_to_consumer,fulfilled,2025-07-12,2025-07-13,2025-07-12,PA2,OnTrac,1,1,12.74,2.1,0.0,14.84,shipmonk_estimate,USD
155757,6711581671734,Cattasaurus - shoproxstore - Shopify,direct_to_consumer,fulfilled,2025-07-12,2025-07-13,2025-07-12,PA2,OnTrac,1,1,14.05,2.1,0.0,16.15,shipmonk_estimate,USD
155762,6711625253174,Cattasaurus - shoproxstore - Shopify,direct_to_consumer,fulfilled,2025-07-12,2025-07-25,2025-07-12,NV3,OnTrac,1,1,20.2,1.8,0.0,22.0,shipmonk_estimate,USD
155778,6711874715958,Cattasaurus - shoproxstore - Shopify,direct_to_consumer,fulfilled,2025-07-12,2025-07-14,2025-07-12,PA2,FedEx,1,1,31.73,2.1,0.0,33.83,shipmonk_estimate,USD
155788,6712055529782,Cattasaurus - shoproxstore - Shopify,direct_to_consumer,fulfilled,2025-07-12,2025-07-15,2025-07-12,PA2,OnTrac,1,1,12.12,3.3,0.0,15.42,shipmonk_estimate,USD
155797,6712137646390,Cattasaurus - shoproxstore - Shopify,direct_to_consumer,fulfilled,2025-07-12,2025-07-14,2025-07-12,PA2,USPS,1,1,10.25,2.1,0.0,12.35,shipmonk_estimate,USD
155809,6712325374262,Cattasaurus - shoproxstore - Shopify,direct_to_consumer,fulfilled,2025-07-12,2025-08-08,2025-07-12,PA2,USPS,6,1,21.89,3.0,0.0,24.89,shipmonk_estimate,USD
155824,6712486986038,Cattasaurus - shoproxstore - Shopify,direct_to_consumer,fulfilled,2025-07-12,2025-07-14,2025-07-12,PA2,FedEx,1,1,17.87,2.1,0.0,19.97,shipmonk_estimate,USD
155828,6712501698870,Cattasaurus - shoproxstore - Shopify,direct_to_consumer,fulfilled,2025-07-12,2025-07-14,2025-07-12,PA2,FedEx,1,1,27.55,2.1,0.0,29.65,shipmonk_estimate,USD
155830,6712527356214,Cattasaurus - shoproxstore - Shopify,direct_to_consumer,fulfilled,2025-07-12,2025-07-14,2025-07-12,PA2,OnTrac,1,1,12.08,2.1,0.0,14.18,shipmonk_estimate,USD
155833,6712561664310,Cattasaurus - shoproxstore - Shopify,direct_to_consumer,fulfilled,2025-07-12,,2025-07-12,NV3,ShipMonk,2,0,11.72,3.0,0.0,14.72,shipmonk_estimate,USD
155147-01,7d6a40b0-d3c9-4112-92df-d8696b3dff2d,Cattasaurus - shoproxstore - Shopify,direct_to_consumer,fulfilled,2025-07-13,2025-07-14,2025-07-13,NV3,DHL eCommerce,1,1,5.51,1.5,0.3,7.31,shipmonk_estimate,USD
155850,6713137201462,Cattasaurus - shoproxstore - Shopify,direct_to_consumer,fulfilled,2025-07-13,2025-07-25,2025-07-13,NV3,OnTrac,1,1,20.2,1.8,0.0,22.0,shipmonk_estimate,USD
155858,6713233277238,Cattasaurus - shoproxstore - Shopify,direct_to_consumer,fulfilled,2025-07-13,2025-07-14,2025-07-13,PA2,FedEx,1,1,31.73,2.1,0.0,33.83,shipmonk_estimate,USD
155859,6713247727926,Cattasaurus - shoproxstore - Shopify,direct_to_consumer,fulfilled,2025-07-13,2025-07-22,2025-07-13,PA2,OnTrac,1,1,14.04,1.8,0.0,15.84,shipmonk_estimate,USD
155889,6713435554102,Cattasaurus - shoproxstore - Shopify,direct_to_consumer,fulfilled,2025-07-13,2025-07-14,2025-07-13,PA2,OnTrac,2,1,14.04,2.4,0.0,16.44,shipmonk_estimate,USD
155890,6713442337078,Cattasaurus - shoproxstore - Shopify,direct_to_consumer,fulfilled,2025-07-13,2025-07-14,2025-07-13,PA2,FedEx,1,2,22.89,3.9,0.0,26.79,shipmonk_estimate,USD
155891,6713465340214,Cattasaurus - shoproxstore - Shopify,direct_to_consumer,fulfilled,2025-07-13,2025-07-15,2025-07-13,PA2,OnTrac,1,1,27.04,1.8,0.0,28.84,shipmonk_estimate,USD
155895,6713511805238,Cattasaurus - shoproxstore - Shopify,direct_to_consumer,fulfilled,2025-07-13,2025-07-14,2025-07-13,PA2,OnTrac,1,1,10.91,2.1,0.0,13.01,shipmonk_estimate,USD
155897,6713549881654,Cattasaurus - shoproxstore - Shopify,direct_to_consumer,fulfilled,2025-07-13,2025-07-14,2025-07-13,PA2,FedEx,1,1,16.45,1.8,0.0,18.25,shipmonk_estimate,USD
155903,6713604145462,Cattasaurus - shoproxstore - Shopify,direct_to_consumer,fulfilled,2025-07-13,2025-07-16,2025-07-13,PA2,UPS,2,1,15.6,2.7,0.0,18.3,shipmonk_estimate,USD
155910,6713730859318,Cattasaurus - shoproxstore - Shopify,direct_to_consumer,fulfilled,2025-07-13,2025-07-15,2025-07-13,PA2,FedEx,1,1,15.9,1.8,0.0,17.7,shipmonk_estimate,USD
155913,6713838567734,Cattasaurus - shoproxstore - Shopify,direct_to_consumer,fulfilled,2025-07-13,2025-07-15,2025-07-13,PA2,FedEx,1,1,33.29,2.1,0.0,35.39,shipmonk_estimate,USD
155921,6713974948150,Cattasaurus - shoproxstore - Shopify,direct_to_consumer,fulfilled,2025-07-13,2025-07-28,2025-07-13,NV3,FedEx,1,1,33.29,2.4,0.0,35.69,shipmonk_estimate,USD
155925,6713993593142,Cattasaurus - shoproxstore - Shopify,direct_to_consumer,fulfilled,2025-07-13,2025-07-15,2025-07-13,PA2,FedEx,1,1,31.73,2.1,0.0,33.83,shipmonk_estimate,USD
155930,6714058965302,Cattasaurus - shoproxstore - Shopify,direct_to_consumer,fulfilled,2025-07-13,2025-07-15,2025-07-13,PA2,OnTrac,1,1,12.08,2.1,0.0,14.18,shipmonk_estimate,USD
155941,6714141344054,Cattasaurus - shoproxstore - Shopify,direct_to_consumer,fulfilled,2025-07-13,,2025-07-13,PA2,ShipMonk,1,0,22.12,3.3,0.0,25.42,shipmonk_estimate,USD
155944,6714162807094,Cattasaurus - shoproxstore - Shopify,direct_to_consumer,fulfilled,2025-07-13,,2025-07-13,PA2,ShipMonk,1,0,13.09,3.3,0.0,16.39,shipmonk_estimate,USD
155951,6714293289270,Cattasaurus - shoproxstore - Shopify,direct_to_consumer,fulfilled,2025-07-13,2025-07-15,2025-07-13,PA2,USPS,1,1,19.16,1.8,0.0,20.96,shipmonk_estimate,USD
155957,6714534330678,Cattasaurus - shoproxstore - Shopify,direct_to_consumer,fulfilled,2025-07-13,2025-07-23,2025-07-13,PA2,OnTrac,1,1,10.81,1.8,0.0,12.61,shipmonk_estimate,USD
INF120,2354afce-5b02-41ea-8294-957337f23021,Cattasaurus - Manual Store,direct_to_consumer,fulfilled,2025-07-13,2025-07-13,2025-07-13,PA2,OnTrac,1,1,14.0,1.5,0.0,15.5,shipmonk_estimate,USD
INF132,6523cd0d-c113-4a75-bd0b-b435408cfd58,Cattasaurus - Manual Store,direct_to_consumer,fulfilled,2025-07-13,2025-07-13,2025-07-13,PA2,OnTrac,1,1,10.25,1.5,0.0,11.75,shipmonk_estimate,USD
INF147,01bc9685-32f0-46b3-96af-696a9d114e45,Cattasaurus - Manual Store,direct_to_consumer,fulfilled,2025-07-13,2025-07-14,2025-07-13,PA2,OnTrac,1,1,20.26,1.8,0.0,22.06,shipmonk_estimate,USD
112-7401821-1244203,112-7401821-1244203,Cattasaurus - Amazon USA,direct_to_consumer,fulfilled,2025-07-14,2025-07-15,2025-07-14,PA2,OnTrac,1,1,10.81,2.5,0.0,13.31,shipmonk_estimate,USD
155963,6714817184054,Cattasaurus - shoproxstore - Shopify,direct_to_consumer,fulfilled,2025-07-14,2025-08-03,2025-07-14,PA2,FedEx,2,1,18.01,2.4,0.0,20.41,shipmonk_estimate,USD
155963_1,e987aec6-ba1e-4146-a635-982598db00c9,Cattasaurus - shoproxstore - Shopify,direct_to_consumer,fulfilled,2025-07-14,2025-07-23,2025-07-14,PA2,UPS,1,1,15.6,1.8,0.0,17.4,shipmonk_estimate,USD
155978,6715066155318,Cattasaurus - shoproxstore - Shopify,direct_to_consumer,fulfilled,2025-07-14,2025-07-15,2025-07-14,PA2,FedEx,1,1,15.61,2.1,0.0,17.71,shipmonk_estimate,USD
155991,6715192705334,Cattasaurus - shoproxstore - Shopify,direct_to_consumer,fulfilled,2025-07-14,2025-07-22,2025-07-14,NV3,FedEx,1,1,12.92,2.5,0.0,15.42,shipmonk_estimate,USD
155992,6715205026102,Cattasaurus - shoproxstore - Shopify,direct_to_consumer,fulfilled,2025-07-14,2025-07-16,2025-07-14,PA2,OnTrac,2,1,10.91,2.4,0.0,13.31,shipmonk_estimate,USD
155993,6715206959414,Cattasaurus - shoproxstore - Shopify,direct_to_consumer,fulfilled,2025-07-14,2025-07-22,2025-07-14,PA2,OnTrac,1,1,9.25,2.5,0.0,11.75,shipmonk_estimate,USD
155998,6715238744374,Cattasaurus - shoproxstore - Shopify,direct_to_consumer,fulfilled,2025-07-14,2025-07-16,2025-07-14,PA2,FedEx,2,1,18.01,2.7,0.0,20.71,shipmonk_estimate,USD
156008,6715372077366,Cattasaurus - shoproxstore - Shopify,direct_to_consumer,fulfilled,2025-07-14,2025-07-16,2025-07-14,PA2,OnTrac,1,1,14.05,2.1,0.0,16.15,shipmonk_estimate,USD
156013,6715447148854,Cattasaurus - shoproxstore - Shopify,direct_to_consumer,fulfilled,2025-07-14,2025-07-25,2025-07-14,NV3,FedEx,1,1,21.76,1.8,0.0,23.56,shipmonk_estimate,USD
156018,6715475460406,Cattasaurus - shoproxstore - Shopify,direct_to_consumer,fulfilled,2025-07-14,2025-07-16,2025-07-14,PA2,OnTrac,1,1,16.45,2.1,0.0,18.55,shipmonk_estimate,USD
156030,6715673575734,Cattasaurus - shoproxstore - Shopify,direct_to_consumer,fulfilled,2025-07-14,,2025-07-14,PA2,ShipMonk,1,0,10.81,2.4,0.0,13.21,shipmonk_estimate,USD
156033,6715712930102,Cattasaurus - shoproxstore - Shopify,direct_to_consumer,fulfilled,2025-07-14,2025-07-25,2025-07-14,NV3,OnTrac,1,1,0.0,1.8,0.0,1.8,shipmonk_estimate,USD
156049,6715916091702,Cattasaurus - shoproxstore - Shopify,direct_to_consumer,fulfilled,2025-07-14,2025-07-16,2025-07-14,PA2,OnTrac,1,1,27.04,2.1,0.0,29.14,shipmonk_estimate,USD
156056,6715985690934,Cattasaurus - shoproxstore - Shopify,direct_to_consumer,fulfilled,2025-07-14,2025-07-25,2025-07-14,NV3,FedEx,1,1,21.76,1.8,0.0,23.56,shipmonk_estimate,USD
156061,6716069544246,Cattasaurus - shoproxstore - Shopify,direct_to_consumer,fulfilled,2025-07-14,2025-07-16,2025-07-14,PA2,FedEx,1,2,47.38,3.9,0.0,51.28,shipmonk_estimate,USD
156066,6716185641270,Cattasaurus - shoproxstore - Shopify,direct_to_consumer,fulfilled,2025-07-14,2025-07-22,2025-07-14,NV3,UPS,1,1,12.5,2.5,0.0,15.0,shipmonk_estimate,USD
156106,6716711797046,Cattasaurus - shoproxstore - Shopify,direct_to_consumer,fulfilled,2025-07-15,2025-07-16,2025-07-15,PA2,OnTrac,1,1,12.47,2.1,0.0,14.57,shipmonk_estimate,USD
156118,6716806037814,Cattasaurus - shoproxstore - Shopify,direct_to_consumer,fulfilled,2025-07-15,2025-07-22,2025-07-15,PA2,FedEx,1,1,11.92,7.5,0.0,19.42,shipmonk_estimate,USD
156150,6716969419062,Cattasaurus - shoproxstore - Shopify,direct_to_consumer,fulfilled,2025-07-15,2025-08-12,2025-07-15,PA2,FedEx,1,1,14.1,1.8,0.0,15.9,shipmonk_estimate,USD
156152,6717012443446,Cattasaurus - shoproxstore - Shopify,direct_to_consumer,fulfilled,2025-07-15,2025-07-22,2025-07-15,NV3,OnTrac,1,1,12.58,2.5,0.0,15.08,shipmonk_estimate,USD
156155,6717023060278,Cattasaurus - shoproxstore - Shopify,direct_to_consumer,fulfilled,2025-07-15,2025-08-03,2025-07-15,PA2,FedEx,1,1,14.05,1.8,0.0,15.85,shipmonk_estimate,USD
156169,6717138633014,Cattasaurus - shoproxstore - Shopify,direct_to_consumer,fulfilled,2025-07-15,2025-08-04,2025-07-15,NV3,FedEx,1,1,18.01,2.1,0.0,20.11,shipmonk_estimate,USD
156192,6717236052278,Cattasaurus - shoproxstore - Shopify,direct_to_consumer,fulfilled,2025-07-15,,2025-07-15,PA2,ShipMonk,1,0,11.53,3.3,0.0,14.83,shipmonk_estimate,USD
156194,6717277045046,Cattasaurus - shoproxstore - Shopify,direct_to_consumer,fulfilled,2025-07-15,2025-07-17,2025-07-15,PA2,DHL eCommerce,2,1,8.31,1.8,0.5,10.61,shipmonk_estimate,USD
156197_1,a36948cb-b1e4-40e1-8045-373cb68f147b,Cattasaurus - shoproxstore - Shopify,direct_to_consumer,fulfilled,2025-07-15,2025-07-21,2025-07-15,NV3,DHL eCommerce,1,1,4.97,1.8,0.3,7.07,shipmonk_estimate,USD
156199,6717344710966,Cattasaurus - shoproxstore - Shopify,direct_to_consumer,fulfilled,2025-07-15,2025-07-17,2025-07-15,PA2,OnTrac,1,1,27.04,2.1,0.0,29.14,shipmonk_estimate,USD
156212,6717511041334,Cattasaurus - shoproxstore - Shopify,direct_to_consumer,fulfilled,2025-07-15,2025-08-07,2025-07-15,PA2,FedEx,1,1,20.97,2.1,0.0,23.07,shipmonk_estimate,USD
156214,6717541646646,Cattasaurus - shoproxstore - Shopify,direct_to_consumer,fulfilled,2025-07-15,2025-07-25,2025-07-15,NV3,OnTrac,1,1,16.45,1.8,0.0,18.25,shipmonk_estimate,USD
156218,6717571760438,Cattasaurus - shoproxstore - Shopify,direct_to_consumer,fulfilled,2025-07-15,2025-07-17,2025-07-15,PA2,FedEx,1,1,24.76,2.1,0.0,26.86,shipmonk_estimate,USD
156222,6717604987190,Cattasaurus - shoproxstore - Shopify,direct_to_consumer,fulfilled,2025-07-15,2025-08-03,2025-07-15,PA2,OnTrac,1,1,12.74,1.8,0.0,14.54,shipmonk_estimate,USD
156237,6717723738422,Cattasaurus - shoproxstore - Shopify,direct_to_consumer,fulfilled,2025-07-15,2025-07-17,2025-07-15,PA2,FedEx,1,1,15.61,2.1,0.0,17.71,shipmonk_estimate,USD
156239,6717731111222,Cattasaurus - shoproxstore - Shopify,direct_to_consumer,fulfilled,2025-07-15,2025-08-26,2025-07-15,PA2,OnTrac,1,1,10.95,2.1,0.0,13.05,shipmonk_estimate,USD
156249,6717800710454,Cattasaurus - shoproxstore - Shopify,direct_to_consumer,fulfilled,2025-07-15,2025-07-29,2025-07-15,NV3,OnTrac,1,1,23.2,1.8,0.0,25.0,shipmonk_estimate,USD
156253,6717808542006,Cattasaurus - shoproxstore - Shopify,direct_to_consumer,fulfilled,2025-07-15,2025-08-11,2025-07-15,NV3,OnTrac,1,1,14.11,2.1,0.0,16.21,shipmonk_estimate,USD
156258,6717848027446,Cattasaurus - shoproxstore - Shopify,direct_to_consumer,fulfilled,2025-07-15,2025-07-29,2025-07-15,NV3,FedEx,1,1,20.2,2.1,0.0,22.3,shipmonk_estimate,USD
156276,6717925392694,Cattasaurus - shoproxstore - Shopify,direct_to_consumer,fulfilled,2025-07-15,2025-07-25,2025-07-15,NV3,FedEx,1,1,20.2,1.8,0.0,22.0,shipmonk_estimate,USD
156283,6717959405878,Cattasaurus - shoproxstore - Shopify,direct_to_consumer,fulfilled,2025-07-15,2025-08-03,2025-07-15,PA2,OnTrac,1,1,14.3,1.8,0.0,16.1,shipmonk_estimate,USD
156287,6717982638390,Cattasaurus - shoproxstore - Shopify,direct_to_consumer,fulfilled,2025-07-15,2025-08-03,2025-07-15,PA2,OnTrac,1,1,10.91,1.8,0.0,12.71,shipmonk_estimate,USD
156293,6718014751030,Cattasaurus - shoproxstore - Shopify,direct_to_consumer,fulfilled,2025-07-15,2025-07-28,2025-07-15,NV3,OnTrac,1,1,23.2,1.8,0.0,25.0,shipmonk_estimate,USD
156314,6718217781558,Cattasaurus - shoproxstore - Shopify,direct_to_consumer,fulfilled,2025-07-15,2025-07-28,2025-07-15,NV3,OnTrac,1,1,12.74,1.8,0.0,14.54,shipmonk_estimate,USD
113-5409757-3621021,113-5409757-3621021,Cattasaurus - Amazon USA,direct_to_consumer,fulfilled,2025-07-16,2025-07-16,2025-07-16,PA2,FedEx,1,1,12.5,2.5,0.0,15.0,shipmonk_estimate,USD
156325,6718476648758,Cattasaurus - shoproxstore - Shopify,direct_to_consumer,fulfilled,2025-07-16,2025-08-03,2025-07-16,PA2,FedEx,1,1,12.74,1.8,0.0,14.54,shipmonk_estimate,USD
156335,6718540546358,Cattasaurus - shoproxstore - Shopify,direct_to_consumer,fulfilled,2025-07-16,,2025-07-16,PA2,ShipMonk,1,0,17.46,3.0,0.0,20.46,shipmonk_estimate,USD
156338,6718555947318,Cattasaurus - shoproxstore - Shopify,direct_to_consumer,fulfilled,2025-07-16,2025-08-20,2025-07-16,PA2,OnTrac,1,1,10.86,2.1,0.0,12.96,shipmonk_estimate,USD
156341,6718563483958,Cattasaurus - shoproxstore - Shopify,direct_to_consumer,fulfilled,2025-07-16,2025-07-21,2025-07-16,PA2,FedEx,1,1,25.25,2.1,0.0,27.35,shipmonk_estimate,USD
156342,6718564237622,Cattasaurus - shoproxstore - Shopify,direct_to_consumer,fulfilled,2025-07-16,,2025-07-16,PA2,ShipMonk,1,0,15.9,3.0,0.0,18.9,shipmonk_estimate,USD
156343,6718574854454,Cattasaurus - shoproxstore - Shopify,direct_to_consumer,fulfilled,2025-07-16,,2025-07-16,PA2,ShipMonk,1,0,11.53,3.0,0.0,14.53,shipmonk_estimate,USD
156344,6718575345974,Cattasaurus - shoproxstore - Shopify,direct_to_consumer,fulfilled,2025-07-16,,2025-07-16,PA2,ShipMonk,1,0,14.65,4.5,0.0,19.15,shipmonk_estimate,USD
156346,6718581342518,Cattasaurus - shoproxstore - Shopify,direct_to_consumer,fulfilled,2025-07-16,,2025-07-16,PA2,ShipMonk,1,0,10.81,3.0,0.0,13.81,shipmonk_estimate,USD
156349,6718585372982,Cattasaurus - shoproxstore - Shopify,direct_to_consumer,fulfilled,2025-07-16,,2025-07-16,PA2,ShipMonk,1,0,13.09,3.0,0.0,16.09,shipmonk_estimate,USD
156351,6718597595446,Cattasaurus - shoproxstore - Shopify,direct_to_consumer,fulfilled,2025-07-16,,2025-07-16,PA2,ShipMonk,1,0,11.72,3.0,0.0,14.72,shipmonk_estimate,USD
156352,6718600773942,Cattasaurus - shoproxstore - Shopify,direct_to_consumer,fulfilled,2025-07-16,,2025-07-16,PA2,ShipMonk,1,0,15.9,3.0,0.0,18.9,shipmonk_estimate,USD
156353,6718602903862,Cattasaurus - shoproxstore - Shopify,direct_to_consumer,fulfilled,2025-07-16,,2025-07-16,PA2,ShipMonk,1,0,11.72,3.0,0.0,14.72,shipmonk_estimate,USD
156354,6718604837174,Cattasaurus - shoproxstore - Shopify,direct_to_consumer,fulfilled,2025-07-16,,2025-07-16,PA2,ShipMonk,1,0,13.09,4.5,0.0,17.59,shipmonk_estimate,USD
156356,6718605525302,Cattasaurus - shoproxstore - Shopify,direct_to_consumer,fulfilled,2025-07-16,,2025-07-16,PA2,ShipMonk,1,0,11.72,3.0,0.0,14.72,shipmonk_estimate,USD
156359,6718618665270,Cattasaurus - shoproxstore - Shopify,direct_to_consumer,fulfilled,2025-07-16,,2025-07-16,PA2,ShipMonk,1,0,11.72,1.8,0.0,13.52,shipmonk_estimate,USD
156361,6718625710390,Cattasaurus - shoproxstore - Shopify,direct_to_consumer,fulfilled,2025-07-16,,2025-07-16,PA2,ShipMonk,1,0,11.72,1.8,0.0,13.52,shipmonk_estimate,USD
156364,6718635835702,Cattasaurus - shoproxstore - Shopify,direct_to_consumer,fulfilled,2025-07-16,,2025-07-16,PA2,ShipMonk,1,0,17.46,3.0,0.0,20.46,shipmonk_estimate,USD
156367,6718644748598,Cattasaurus - shoproxstore - Shopify,direct_to_consumer,fulfilled,2025-07-16,,2025-07-16,PA2,ShipMonk,1,0,10.81,3.0,0.0,13.81,shipmonk_estimate,USD
156369,6718651826486,Cattasaurus - shoproxstore - Shopify,direct_to_consumer,fulfilled,2025-07-16,,2025-07-16,PA2,ShipMonk,1,0,11.72,3.0,0.0,14.72,shipmonk_estimate,USD
156370,6718658674998,Cattasaurus - shoproxstore - Shopify,direct_to_consumer,fulfilled,2025-07-16,,2025-07-16,PA2,ShipMonk,1,0,11.53,3.0,0.0,14.53,shipmonk_estimate,USD
156371,6718659526966,Cattasaurus - shoproxstore - Shopify,direct_to_consumer,fulfilled,2025-07-16,,2025-07-16,PA2,ShipMonk,1,0,12.37,3.0,0.0,15.37,shipmonk_estimate,USD
156372,6718664442166,Cattasaurus - shoproxstore - Shopify,direct_to_consumer,fulfilled,2025-07-16,,2025-07-16,PA2,ShipMonk,1,0,12.37,3.0,0.0,15.37,shipmonk_estimate,USD
156374,6718674207030,Cattasaurus - shoproxstore - Shopify,direct_to_consumer,fulfilled,2025-07-16,,2025-07-16,PA2,ShipMonk,1,0,13.28,3.0,0.0,16.28,shipmonk_estimate,USD
156379,6718706680118,Cattasaurus - shoproxstore - Shopify,direct_to_consumer,fulfilled,2025-07-16,,2025-07-16,PA2,ShipMonk,1,0,10.81,3.0,0.0,13.81,shipmonk_estimate,USD
156380,6718709596470,Cattasaurus - shoproxstore - Shopify,direct_to_consumer,fulfilled,2025-07-16,,2025-07-16,PA2,ShipMonk,1,0,14.04,3.0,0.0,17.04,shipmonk_estimate,USD
156383,6718711169334,Cattasaurus - shoproxstore - Shopify,direct_to_consumer,fulfilled,2025-07-16,,2025-07-16,PA2,ShipMonk,1,0,15.6,3.0,0.0,18.6,shipmonk_estimate,USD
156385,6718718247222,Cattasaurus - shoproxstore - Shopify,direct_to_consumer,fulfilled,2025-07-16,,2025-07-16,PA2,ShipMonk,1,0,11.72,3.0,0.0,14.72,shipmonk_estimate,USD
156386,6718719394102,Cattasaurus - shoproxstore - Shopify,direct_to_consumer,fulfilled,2025-07-16,,2025-07-16,PA2,ShipMonk,1,0,13.28,3.0,0.0,16.28,shipmonk_estimate,USD
156387,6718721229110,Cattasaurus - shoproxstore - Shopify,direct_to_consumer,fulfilled,2025-07-16,,2025-07-16,PA2,ShipMonk,1,0,20.29,3.0,0.0,23.29,shipmonk_estimate,USD
156388,6718726177078,Cattasaurus - shoproxstore - Shopify,direct_to_consumer,fulfilled,2025-07-16,,2025-07-16,PA2,ShipMonk,1,0,11.72,3.0,0.0,14.72,shipmonk_estimate,USD
156389,6718727717174,Cattasaurus - shoproxstore - Shopify,direct_to_consumer,fulfilled,2025-07-16,2025-07-21,2025-07-16,PA2,USPS,1,1,13.79,2.1,0.0,15.89,shipmonk_estimate,USD
156390,6718731518262,Cattasaurus - shoproxstore - Shopify,direct_to_consumer,fulfilled,2025-07-16,,2025-07-16,PA2,ShipMonk,1,0,10.81,3.0,0.0,13.81,shipmonk_estimate,USD
156392,6718748000566,Cattasaurus - shoproxstore - Shopify,direct_to_consumer,fulfilled,2025-07-16,,2025-07-16,PA2,ShipMonk,2,0,13.28,3.0,0.0,16.28,shipmonk_estimate,USD
156393,6718756913462,Cattasaurus - shoproxstore - Shopify,direct_to_consumer,fulfilled,2025-07-16,2025-07-17,2025-07-16,PA2,OnTrac,1,1,27.04,2.1,0.0,29.14,shipmonk_estimate,USD
156395,6718761828662,Cattasaurus - shoproxstore - Shopify,direct_to_consumer,fulfilled,2025-07-16,,2025-07-16,PA2,ShipMonk,1,0,11.53,3.0,0.0,14.53,shipmonk_estimate,USD
156396,6718763139382,Cattasaurus - shoproxstore - Shopify,direct_to_consumer,fulfilled,2025-07-16,,2025-07-16,PA2,ShipMonk,1,0,15.9,1.8,0.0,17.7,shipmonk_estimate,USD
156397,6718769725750,Cattasaurus - shoproxstore - Shopify,direct_to_consumer,fulfilled,2025-07-16,,2025-07-16,PA2,ShipMonk,1,0,14.04,1.8,0.0,15.84,shipmonk_estimate,USD
156399,6718784930102,Cattasaurus - shoproxstore - Shopify,direct_to_consumer,fulfilled,2025-07-16,,2025-07-16,PA2,ShipMonk,1,0,18.73,1.8,0.0,20.53,shipmonk_estimate,USD
156401,6718812291382,Cattasaurus - shoproxstore - Shopify,direct_to_consumer,fulfilled,2025-07-16,,2025-07-16,PA2,ShipMonk,1,0,13.28,1.8,0.0,15.08,shipmonk_estimate,USD
156402,6718813667638,Cattasaurus - shoproxstore - Shopify,direct_to_consumer,fulfilled,2025-07-16,2025-07-17,2025-07-16,PA2,FedEx,1,1,15.9,2.1,0.0,18.0,shipmonk_estimate,USD
156403,6718815600950,Cattasaurus - shoproxstore - Shopify,direct_to_consumer,fulfilled,2025-07-16,2025-07-17,2025-07-16,PA2,OnTrac,1,1,22.12,2.1,0.0,24.22,shipmonk_estimate,USD
156404,6718815633718,Cattasaurus - shoproxstore - Shopify,direct_to_consumer,fulfilled,2025-07-16,2025-07-17,2025-07-16,PA2,OnTrac,1,1,15.61,2.1,0.0,17.71,shipmonk_estimate,USD
156405,6718821368118,Cattasaurus - shoproxstore - Shopify,direct_to_consumer,fulfilled,2025-07-16,,2025-07-16,PA2,ShipMonk,1,0,20.56,3.0,0.0,23.56,shipmonk_estimate,USD
156406,6718822449462,Cattasaurus - shoproxstore - Shopify,direct_to_consumer,fulfilled,2025-07-16,,2025-07-16,PA2,ShipMonk,1,0,13.28,1.8,0.0,15.08,shipmonk_estimate,USD
156408,6718823989558,Cattasaurus - shoproxstore - Shopify,direct_to_consumer,fulfilled,2025-07-16,,2025-07-16,PA2,ShipMonk,1,0,17.46,3.0,0.0,20.46,shipmonk_estimate,USD
156410,6718827430198,Cattasaurus - shoproxstore - Shopify,direct_to_consumer,fulfilled,2025-07-16,2025-07-17,2025-07-16,PA2,FedEx,1,1,18.01,2.1,0.0,20.11,shipmonk_estimate,USD
156411,6718828183862,Cattasaurus - shoproxstore - Shopify,direct_to_consumer,fulfilled,2025-07-16,,2025-07-16,PA2,ShipMonk,1,0,13.28,3.0,0.0,16.28,shipmonk_estimate,USD
156414,6718839357750,Cattasaurus - shoproxstore - Shopify,direct_to_consumer,fulfilled,2025-07-16,,2025-07-16,PA2,ShipMonk,1,0,11.53,1.8,0.0,13.33,shipmonk_estimate,USD
156417,6718845976886,Cattasaurus - shoproxstore - Shopify,direct_to_consumer,fulfilled,2025-07-16,,2025-07-16,PA2,ShipMonk,1,0,22.12,1.8,0.0,23.92,shipmonk_estimate,USD
156420,6718852399414,Cattasaurus - shoproxstore - Shopify,direct_to_consumer,fulfilled,2025-07-16,,2025-07-16,PA2,ShipMonk,1,0,22.12,3.0,0.0,25.12,shipmonk_estimate,USD
156421,6718852530486,Cattasaurus - shoproxstore - Shopify,direct_to_consumer,fulfilled,2025-07-16,2025-07-17,2025-07-16,PA2,OnTrac,1,1,11.53,2.1,0.0,13.63,shipmonk_estimate,USD
156422,6718856626486,Cattasaurus - shoproxstore - Shopify,direct_to_consumer,fulfilled,2025-07-16,,2025-07-16,PA2,ShipMonk,1,0,17.46,3.0,0.0,20.46,shipmonk_estimate,USD
156425,6718862000438,Cattasaurus - shoproxstore - Shopify,direct_to_consumer,fulfilled,2025-07-16,2025-07-17,2025-07-16,PA2,OnTrac,1,1,20.56,2.1,0.0,22.66,shipmonk_estimate,USD
156426,6718862393654,Cattasaurus - shoproxstore - Shopify,direct_to_consumer,fulfilled,2025-07-16,,2025-07-16,PA2,ShipMonk,1,0,10.81,3.0,0.0,13.81,shipmonk_estimate,USD
156427,6718863278390,Cattasaurus - shoproxstore - Shopify,direct_to_consumer,fulfilled,2025-07-16,2025-07-18,2025-07-16,PA2,OnTrac,1,1,20.56,2.1,0.0,22.66,shipmonk_estimate,USD
156430,6718873010486,Cattasaurus - shoproxstore - Shopify,direct_to_consumer,fulfilled,2025-07-16,,2025-07-16,PA2,ShipMonk,1,0,10.81,3.0,0.0,13.81,shipmonk_estimate,USD
156431,6718874747190,Cattasaurus - shoproxstore - Shopify,direct_to_consumer,fulfilled,2025-07-16,2025-07-18,2025-07-16,PA2,OnTrac,1,1,20.56,2.1,0.0,22.66,shipmonk_estimate,USD
156432,6718875599158,Cattasaurus - shoproxstore - Shopify,direct_to_consumer,fulfilled,2025-07-16,2025-07-17,2025-07-16,PA2,OnTrac,1,1,22.12,2.1,0.0,24.22,shipmonk_estimate,USD
156433,6718877958454,Cattasaurus - shoproxstore - Shopify,direct_to_consumer,fulfilled,2025-07-16,2025-07-17,2025-07-16,PA2,OnTrac,1,1,16.45,2.1,0.0,18.55,shipmonk_estimate,USD
156437,6718886576438,Cattasaurus - shoproxstore - Shopify,direct_to_consumer,fulfilled,2025-07-16,2025-08-08,2025-07-16,PA2,FedEx,3,1,27.67,2.1,0.0,29.77,shipmonk_estimate,USD
156437_1,fddb7977-5f8e-4077-9bf9-7c9ac14b8831,Cattasaurus - shoproxstore - Shopify,direct_to_consumer,fulfilled,2025-07-16,2025-08-07,2025-07-16,NV3,OnTrac,1,1,20.28,1.8,0.0,22.08,shipmonk_estimate,USD
156438,6718887199030,Cattasaurus - shoproxstore - Shopify,direct_to_consumer,fulfilled,2025-07-16,,2025-07-16,PA2,ShipMonk,1,0,15.9,3.0,0.0,18.9,shipmonk_estimate,USD
156439,6718889165110,Cattasaurus - shoproxstore - Shopify,direct_to_consumer,fulfilled,2025-07-16,,2025-07-16,PA2,ShipMonk,1,0,18.73,3.0,0.0,21.73,shipmonk_estimate,USD
156441,6718892507446,Cattasaurus - shoproxstore - Shopify,direct_to_consumer,fulfilled,2025-07-16,,2025-07-16,PA2,ShipMonk,1,0,13.28,3.0,0.0,16.28,shipmonk_estimate,USD
156442,6718894801206,Cattasaurus - shoproxstore - Shopify,direct_to_consumer,fulfilled,2025-07-16,,2025-07-16,PA2,ShipMonk,1,0,14.04,3.0,0.0,17.04,shipmonk_estimate,USD
156443,6718897586486,Cattasaurus - shoproxstore - Shopify,direct_to_consumer,fulfilled,2025-07-16,2025-07-17,2025-07-16,NV3,OnTrac,1,1,12.74,1.8,0.0,14.54,shipmonk_estimate,USD
156444,6718897946934,Cattasaurus - shoproxstore - Shopify,direct_to_consumer,fulfilled,2025-07-16,,2025-07-16,PA2,ShipMonk,1,0,15.6,3.0,0.0,18.6,shipmonk_estimate,USD
156445,6718900109622,Cattasaurus - shoproxstore - Shopify,direct_to_consumer,fulfilled,2025-07-16,2025-07-17,2025-07-16,PA2,OnTrac,1,1,20.29,2.1,0.0,22.39,shipmonk_estimate,USD
156446,6718906630454,Cattasaurus - shoproxstore - Shopify,direct_to_consumer,fulfilled,2025-07-16,2025-07-17,2025-07-16,PA2,OnTrac,1,1,23.2,2.1,0.0,25.3,shipmonk_estimate,USD
156447,6718907253046,Cattasaurus - shoproxstore - Shopify,direct_to_consumer,fulfilled,2025-07-16,,2025-07-16,PA2,ShipMonk,1,0,18.73,3.0,0.0,21.73,shipmonk_estimate,USD
156448,6718909153590,Cattasaurus - shoproxstore - Shopify,direct_to_consumer,fulfilled,2025-07-16,,2025-07-16,PA2,ShipMonk,1,0,20.56,3.0,0.0,23.56,shipmonk_estimate,USD
156449,6718909710646,Cattasaurus - shoproxstore - Shopify,direct_to_consumer,fulfilled,2025-07-16,,2025-07-16,PA2,ShipMonk,1,0,22.12,3.0,0.0,25.12,shipmonk_estimate,USD
156450,6718913151286,Cattasaurus - shoproxstore - Shopify,direct_to_consumer,fulfilled,2025-07-16,2025-07-17,2025-07-16,PA2,OnTrac,1,1,12.74,2.1,0.0,14.84,shipmonk_estimate,USD
156451,6718914232630,Cattasaurus - shoproxstore - Shopify,direct_to_consumer,fulfilled,2025-07-16,,2025-07-16,PA2,ShipMonk,1,0,14.04,3.0,0.0,17.04,shipmonk_estimate,USD
156454,6718924194102,Cattasaurus - shoproxstore - Shopify,direct_to_consumer,fulfilled,2025-07-16,2025-07-17,2025-07-16,PA2,OnTrac,1,1,27.04,2.1,0.0,29.14,shipmonk_estimate,USD
156458,6718941987126,Cattasaurus - shoproxstore - Shopify,direct_to_consumer,fulfilled,2025-07-16,,2025-07-16,PA2,ShipMonk,1,0,27.04,3.0,0.0,30.04,shipmonk_estimate,USD
156459,6718943002934,Cattasaurus - shoproxstore - Shopify,direct_to_consumer,fulfilled,2025-07-16,,2025-07-16,PA2,ShipMonk,1,0,27.04,1.8,0.0,28.84,shipmonk_estimate,USD
156461,6718944870710,Cattasaurus - shoproxstore - Shopify,direct_to_consumer,fulfilled,2025-07-16,2025-07-17,2025-07-16,PA2,FedEx,1,1,14.04,2.1,0.0,16.14,shipmonk_estimate,USD
156464,6718950703414,Cattasaurus - shoproxstore - Shopify,direct_to_consumer,fulfilled,2025-07-16,2025-07-17,2025-07-16,PA2,OnTrac,1,1,12.74,1.8,0.0,14.54,shipmonk_estimate,USD
156466,6718954930486,Cattasaurus - shoproxstore - Shopify,direct_to_consumer,fulfilled,2025-07-16,2025-07-17,2025-07-16,PA2,FedEx,2,1,16.45,3.3,0.0,19.75,shipmonk_estimate,USD
156469,6718961385782,Cattasaurus - shoproxstore - Shopify,direct_to_consumer,fulfilled,2025-07-16,2025-07-18,2025-07-16,PA2,OnTrac,1,1,14.04,2.1,0.0,16.14,shipmonk_estimate,USD
156487,6719012438326,Cattasaurus - shoproxstore - Shopify,direct_to_consumer,fulfilled,2025-07-16,2025-07-17,2025-07-16,PA2,OnTrac,1,1,20.29,1.8,0.0,22.09,shipmonk_estimate,USD
156509,6719114477878,Cattasaurus - shoproxstore - Shopify,direct_to_consumer,fulfilled,2025-07-16,2025-07-21,2025-07-16,PA2,OnTrac,1,1,20.56,1.8,0.0,22.36,shipmonk_estimate,USD
156513,6719123325238,Cattasaurus - shoproxstore - Shopify,direct_to_consumer,fulfilled,2025-07-16,2025-07-21,2025-07-16,PA2,OnTrac,1,1,20.56,1.8,0.0,22.36,shipmonk_estimate,USD
156519,6719141052726,Cattasaurus - shoproxstore - Shopify,direct_to_consumer,fulfilled,2025-07-16,2025-07-21,2025-07-16,PA2,OnTrac,1,1,22.12,1.8,0.0,23.92,shipmonk_estimate,USD
156521,6719152423222,Cattasaurus - shoproxstore - Shopify,direct_to_consumer,fulfilled,2025-07-16,2025-07-18,2025-07-16,PA2,UPS,1,1,13.09,3.5,0.0,16.59,shipmonk_estimate,USD
156527,6719169790262,Cattasaurus - shoproxstore - Shopify,direct_to_consumer,fulfilled,2025-07-16,2025-07-23,2025-07-16,NV3,FedEx,1,1,15.61,1.8,0.0,17.41,shipmonk_estimate,USD
156531,6719176474934,Cattasaurus - shoproxstore - Shopify,direct_to_consumer,fulfilled,2025-07-16,2025-07-21,2025-07-16,PA2,OnTrac,1,1,13.09,1.8,0.0,14.89,shipmonk_estimate,USD
156534,6719192334646,Cattasaurus - shoproxstore - Shopify,direct_to_consumer,fulfilled,2025-07-16,2025-07-21,2025-07-16,PA2,OnTrac,1,1,20.56,1.8,0.0,22.36,shipmonk_estimate,USD
156539,6719217271094,Cattasaurus - shoproxstore - Shopify,direct_to_consumer,fulfilled,2025-07-16,2025-07-21,2025-07-16,PA2,OnTrac,1,1,27.04,2.1,0.0,29.14,shipmonk_estimate,USD
156547,6719262490934,Cattasaurus - shoproxstore - Shopify,direct_to_consumer,fulfilled,2025-07-16,2025-07-21,2025-07-16,PA2,FedEx,2,1,19.32,3.0,0.0,22.32,shipmonk_estimate,USD
156552,6719276286262,Cattasaurus - shoproxstore - Shopify,direct_to_consumer,fulfilled,2025-07-16,2025-07-21,2025-07-16,PA2,FedEx,1,1,16.21,2.1,0.0,18.31,shipmonk_estimate,USD
156553,6719285756214,Cattasaurus - shoproxstore - Shopify,direct_to_consumer,fulfilled,2025-07-16,2025-07-23,2025-07-16,NV3,UPS,1,1,13.28,1.8,0.0,15.08,shipmonk_estimate,USD
156557,6719303680310,Cattasaurus - shoproxstore - Shopify,direct_to_consumer,fulfilled,2025-07-16,2025-07-21,2025-07-16,PA2,OnTrac,1,1,27.04,2.1,0.0,29.14,shipmonk_estimate,USD
156558,6719306268982,Cattasaurus - shoproxstore - Shopify,direct_to_consumer,fulfilled,2025-07-16,2025-07-20,2025-07-16,PA2,FedEx,1,1,19.32,2.1,0.0,21.42,shipmonk_estimate,USD
156570,6719345066294,Cattasaurus - shoproxstore - Shopify,direct_to_consumer,fulfilled,2025-07-16,2025-07-21,2025-07-16,PA2,OnTrac,1,1,16.45,2.1,0.0,18.55,shipmonk_estimate,USD
156574,6719361876278,Cattasaurus - shoproxstore - Shopify,direct_to_consumer,fulfilled,2025-07-16,2025-07-21,2025-07-16,PA2,OnTrac,1,1,16.45,2.1,0.0,18.55,shipmonk_estimate,USD
156579,6719395725622,Cattasaurus - shoproxstore - Shopify,direct_to_consumer,fulfilled,2025-07-16,2025-07-30,2025-07-16,NV3,OnTrac,1,1,14.3,2.1,0.0,16.4,shipmonk_estimate,USD
156600,6719457263926,Cattasaurus - shoproxstore - Shopify,direct_to_consumer,fulfilled,2025-07-16,,2025-07-16,NV3,ShipMonk,1,0,14.05,3.0,0.0,17.05,shipmonk_estimate,USD
156604,6719474270518,Cattasaurus - shoproxstore - Shopify,direct_to_consumer,fulfilled,2025-07-16,2025-07-23,2025-07-16,NV3,OnTrac,1,1,14.3,1.8,0.0,16.1,shipmonk_estimate,USD
156614,6719501140278,Cattasaurus - shoproxstore - Shopify,direct_to_consumer,fulfilled,2025-07-16,2025-07-21,2025-07-16,NV3,OnTrac,2,1,18.73,3.3,0.0,22.03,shipmonk_estimate,USD
156666,6719669240118,Cattasaurus - shoproxstore - Shopify,direct_to_consumer,fulfilled,2025-07-16,2025-07-21,2025-07-16,NV3,FedEx,1,1,24.76,1.8,0.0,26.56,shipmonk_estimate,USD
156680,6719707611446,Cattasaurus - shoproxstore - Shopify,direct_to_consumer,fulfilled,2025-07-16,2025-07-21,2025-07-16,PA2,FedEx,2,1,16.31,4.2,0.0,20.51,shipmonk_estimate,USD
156704,6719771410742,Cattasaurus - shoproxstore - Shopify,direct_to_consumer,fulfilled,2025-07-16,2025-07-20,2025-07-16,PA2,FedEx,1,1,14.65,3.0,0.0,17.65,shipmonk_estimate,USD
156712,6719798608182,Cattasaurus - shoproxstore - Shopify,direct_to_consumer,fulfilled,2025-07-16,2025-07-21,2025-07-16,NV3,USPS,1,1,4.89,1.8,0.3,6.99,shipmonk_estimate,USD
156717,6719808438582,Cattasaurus - shoproxstore - Shopify,direct_to_consumer,fulfilled,2025-07-16,2025-07-20,2025-07-16,PA2,FedEx,2,2,43.16,4.5,0.0,47.66,shipmonk_estimate,USD
156736,6719914869046,Cattasaurus - shoproxstore - Shopify,direct_to_consumer,fulfilled,2025-07-16,2025-07-21,2025-07-16,NV3,OnTrac,1,1,15.61,1.8,0.0,17.41,shipmonk_estimate,USD
INF156,f0942d06-f078-4947-b44e-2445ecddaf8c,Cattasaurus - Manual Store,direct_to_consumer,fulfilled,2025-07-16,2025-07-16,2025-07-16,PA2,OnTrac,1,1,14.0,1.5,0.0,15.5,shipmonk_estimate,USD
156771,6720436109622,Cattasaurus - shoproxstore - Shopify,direct_to_consumer,fulfilled,2025-07-17,2025-07-18,2025-07-17,PA2,FedEx,1,1,17.87,7.5,0.0,25.37,shipmonk_estimate,USD
156794,6720531857718,Cattasaurus - shoproxstore - Shopify,direct_to_consumer,fulfilled,2025-07-17,2025-08-28,2025-07-17,PA2,UPS,1,1,13.34,1.8,0.0,15.14,shipmonk_estimate,USD
156799,6720550994230,Cattasaurus - shoproxstore - Shopify,direct_to_consumer,fulfilled,2025-07-17,2025-07-30,2025-07-17,NV3,OnTrac,1,1,15.9,1.8,0.0,17.7,shipmonk_estimate,USD
156800,6720557121846,Cattasaurus - shoproxstore - Shopify,direct_to_consumer,fulfilled,2025-07-17,2025-07-18,2025-07-17,NV3,OnTrac,1,1,16.45,1.8,0.0,18.25,shipmonk_estimate,USD
156810,6720580157750,Cattasaurus - shoproxstore - Shopify,direct_to_consumer,fulfilled,2025-07-17,2025-07-19,2025-07-17,PA2,UPS,1,1,13.28,1.8,0.0,15.08,shipmonk_estimate,USD
156812,6720735576374,Cattasaurus - shoproxstore - Shopify,direct_to_consumer,fulfilled,2025-07-17,2025-07-19,2025-07-17,PA2,FedEx,1,1,18.73,1.8,0.0,20.53,shipmonk_estimate,USD
156813,6720749699382,Cattasaurus - shoproxstore - Shopify,direct_to_consumer,fulfilled,2025-07-17,2025-07-19,2025-07-17,PA2,FedEx,1,1,18.73,1.8,0.0,20.53,shipmonk_estimate,USD
156814,6720750223670,Cattasaurus - shoproxstore - Shopify,direct_to_consumer,fulfilled,2025-07-17,2025-07-19,2025-07-17,PA2,OnTrac,1,1,10.81,1.8,0.0,12.61,shipmonk_estimate,USD
156815,6720751534390,Cattasaurus - shoproxstore - Shopify,direct_to_consumer,fulfilled,2025-07-17,2025-07-19,2025-07-17,PA2,OnTrac,1,1,20.56,1.8,0.0,22.36,shipmonk_estimate,USD
156816,6720752091446,Cattasaurus - shoproxstore - Shopify,direct_to_consumer,fulfilled,2025-07-17,2025-07-19,2025-07-17,PA2,UPS,1,1,13.28,1.8,0.0,15.08,shipmonk_estimate,USD
156817,6720753271094,Cattasaurus - shoproxstore - Shopify,direct_to_consumer,fulfilled,2025-07-17,2025-07-19,2025-07-17,PA2,OnTrac,1,1,15.9,1.8,0.0,17.7,shipmonk_estimate,USD
156820,6720765624630,Cattasaurus - shoproxstore - Shopify,direct_to_consumer,fulfilled,2025-07-17,2025-07-19,2025-07-17,PA2,OnTrac,1,1,14.04,1.8,0.0,15.84,shipmonk_estimate,USD
156821,6720771981622,Cattasaurus - shoproxstore - Shopify,direct_to_consumer,fulfilled,2025-07-17,2025-07-19,2025-07-17,PA2,FedEx,1,1,11.72,1.8,0.0,13.52,shipmonk_estimate,USD
156824,6720783810870,Cattasaurus - shoproxstore - Shopify,direct_to_consumer,fulfilled,2025-07-17,2025-07-19,2025-07-17,PA2,OnTrac,1,1,14.04,1.8,0.0,15.84,shipmonk_estimate,USD
156826,6720785219894,Cattasaurus - shoproxstore - Shopify,direct_to_consumer,fulfilled,2025-07-17,2025-07-19,2025-07-17,PA2,OnTrac,1,1,11.53,1.8,0.0,13.33,shipmonk_estimate,USD
156831,6720792101174,Cattasaurus - shoproxstore - Shopify,direct_to_consumer,fulfilled,2025-07-17,2025-07-21,2025-07-17,NV3,OnTrac,1,1,20.56,1.8,0.0,22.36,shipmonk_estimate,USD
156833,6720796721462,Cattasaurus - shoproxstore - Shopify,direct_to_consumer,fulfilled,2025-07-17,2025-07-21,2025-07-17,NV3,OnTrac,1,1,18.73,1.8,0.0,20.53,shipmonk_estimate,USD
156835,6720797671734,Cattasaurus - shoproxstore - Shopify,direct_to_consumer,fulfilled,2025-07-17,2025-07-21,2025-07-17,NV3,FedEx,1,1,23.2,1.8,0.0,25.0,shipmonk_estimate,USD
156846,6720849346870,Cattasaurus - shoproxstore - Shopify,direct_to_consumer,fulfilled,2025-07-17,2025-07-21,2025-07-17,NV3,FedEx,1,1,15.9,1.8,0.0,17.7,shipmonk_estimate,USD
156850,6720859210038,Cattasaurus - shoproxstore - Shopify,direct_to_consumer,fulfilled,2025-07-17,2025-07-21,2025-07-17,NV3,OnTrac,1,1,28.6,1.8,0.0,30.4,shipmonk_estimate,USD
156864,6720967737654,Cattasaurus - shoproxstore - Shopify,direct_to_consumer,fulfilled,2025-07-17,2025-07-21,2025-07-17,NV3,FedEx,1,2,44.99,3.9,0.0,48.89,shipmonk_estimate,USD
156865,6720979206454,Cattasaurus - shoproxstore - Shopify,direct_to_consumer,fulfilled,2025-07-17,2025-07-21,2025-07-17,NV3,OnTrac,1,1,15.9,1.8,0.0,17.7,shipmonk_estimate,USD
156868,6721012695350,Cattasaurus - shoproxstore - Shopify,direct_to_consumer,fulfilled,2025-07-17,2025-07-21,2025-07-17,NV3,OnTrac,1,1,11.53,1.8,0.0,13.33,shipmonk_estimate,USD
156870,6721018134838,Cattasaurus - shoproxstore - Shopify,direct_to_consumer,fulfilled,2025-07-17,2025-07-21,2025-07-17,NV3,UPS,1,1,14.99,2.1,0.0,17.09,shipmonk_estimate,USD
156881,6721094713654,Cattasaurus - shoproxstore - Shopify,direct_to_consumer,fulfilled,2025-07-17,2025-07-21,2025-07-17,PA2,OnTrac,1,1,16.45,2.1,0.0,18.55,shipmonk_estimate,USD
156883,6721120305462,Cattasaurus - shoproxstore - Shopify,direct_to_consumer,fulfilled,2025-07-17,2025-07-19,2025-07-17,PA2,OnTrac,1,1,11.72,1.8,0.0,13.52,shipmonk_estimate,USD
156884,6721125646646,Cattasaurus - shoproxstore - Shopify,direct_to_consumer,fulfilled,2025-07-17,2025-07-21,2025-07-17,PA2,OnTrac,1,1,14.3,2.1,0.0,16.4,shipmonk_estimate,USD
156886,6721133052214,Cattasaurus - shoproxstore - Shopify,direct_to_consumer,fulfilled,2025-07-17,2025-07-19,2025-07-17,PA2,FedEx,1,1,14.04,1.8,0.0,15.84,shipmonk_estimate,USD
156889,6721142489398,Cattasaurus - shoproxstore - Shopify,direct_to_consumer,fulfilled,2025-07-17,2025-07-19,2025-07-17,PA2,OnTrac,1,1,11.72,1.8,0.0,13.52,shipmonk_estimate,USD
156890,6721157988662,Cattasaurus - shoproxstore - Shopify,direct_to_consumer,fulfilled,2025-07-17,2025-07-19,2025-07-17,PA2,OnTrac,1,1,10.81,1.8,0.0,12.61,shipmonk_estimate,USD
156896,6721233912118,Cattasaurus - shoproxstore - Shopify,direct_to_consumer,fulfilled,2025-07-17,2025-07-19,2025-07-17,PA2,OnTrac,1,1,14.04,1.8,0.0,15.84,shipmonk_estimate,USD
156897,6721235026230,Cattasaurus - shoproxstore - Shopify,direct_to_consumer,fulfilled,2025-07-17,2025-07-19,2025-07-17,PA2,OnTrac,1,1,20.56,1.8,0.0,22.36,shipmonk_estimate,USD
156898,6721236762934,Cattasaurus - shoproxstore - Shopify,direct_to_consumer,fulfilled,2025-07-17,,2025-07-17,PA2,ShipMonk,1,0,20.56,6.5,0.0,27.06,shipmonk_estimate,USD
156899,6721244365110,Cattasaurus - shoproxstore - Shopify,direct_to_consumer,fulfilled,2025-07-17,2025-07-19,2025-07-17,PA2,OnTrac,1,1,12.37,2.1,0.0,14.47,shipmonk_estimate,USD
156900,6721246396726,Cattasaurus - shoproxstore - Shopify,direct_to_consumer,fulfilled,2025-07-17,2025-07-19,2025-07-17,PA2,UPS,1,1,15.6,2.1,0.0,17.7,shipmonk_estimate,USD
156901,6721248264502,Cattasaurus - shoproxstore - Shopify,direct_to_consumer,fulfilled,2025-07-17,2025-07-19,2025-07-17,PA2,OnTrac,1,1,20.56,1.8,0.0,22.36,shipmonk_estimate,USD
156902,6721260224822,Cattasaurus - shoproxstore - Shopify,direct_to_consumer,fulfilled,2025-07-17,2025-07-19,2025-07-17,PA2,OnTrac,1,1,15.9,2.1,0.0,18.0,shipmonk_estimate,USD
156903,6721262584118,Cattasaurus - shoproxstore - Shopify,direct_to_consumer,fulfilled,2025-07-17,2025-07-20,2025-07-17,PA2,OnTrac,1,1,20.56,1.8,0.0,22.36,shipmonk_estimate,USD
156904,6721263632694,Cattasaurus - shoproxstore - Shopify,direct_to_consumer,fulfilled,2025-07-17,2025-07-19,2025-07-17,PA2,OnTrac,1,1,11.72,1.8,0.0,13.52,shipmonk_estimate,USD
156905,6721264976182,Cattasaurus - shoproxstore - Shopify,direct_to_consumer,fulfilled,2025-07-17,2025-07-19,2025-07-17,PA2,UPS,1,1,15.6,1.8,0.0,17.4,shipmonk_estimate,USD
156906,6721275134262,Cattasaurus - shoproxstore - Shopify,direct_to_consumer,fulfilled,2025-07-17,2025-07-19,2025-07-17,PA2,OnTrac,1,1,20.56,1.8,0.0,22.36,shipmonk_estimate,USD
156907,6721277624630,Cattasaurus - shoproxstore - Shopify,direct_to_consumer,fulfilled,2025-07-17,2025-07-19,2025-07-17,PA2,FedEx,1,2,28.89,3.9,0.0,32.79,shipmonk_estimate,USD
156908,6721279885622,Cattasaurus - shoproxstore - Shopify,direct_to_consumer,fulfilled,2025-07-17,2025-07-19,2025-07-17,PA2,OnTrac,1,1,20.56,1.8,0.0,22.36,shipmonk_estimate,USD
156909,6721293222198,Cattasaurus - shoproxstore - Shopify,direct_to_consumer,fulfilled,2025-07-17,2025-07-19,2025-07-17,PA2,UPS,1,1,15.6,2.1,0.0,17.7,shipmonk_estimate,USD
156910,6721298956598,Cattasaurus - shoproxstore - Shopify,direct_to_consumer,fulfilled,2025-07-17,2025-07-21,2025-07-17,NV3,UPS,1,1,13.28,1.8,0.0,15.08,shipmonk_estimate,USD
156911,6721313112374,Cattasaurus - shoproxstore - Shopify,direct_to_consumer,fulfilled,2025-07-17,2025-07-21,2025-07-17,PA2,UPS,1,1,13.09,1.8,0.0,14.89,shipmonk_estimate,USD
156913,6721319698742,Cattasaurus - shoproxstore - Shopify,direct_to_consumer,fulfilled,2025-07-17,2025-07-21,2025-07-17,PA2,FedEx,1,1,18.53,2.4,0.0,20.93,shipmonk_estimate,USD
156914,6721362329910,Cattasaurus - shoproxstore - Shopify,direct_to_consumer,fulfilled,2025-07-17,2025-07-19,2025-07-17,PA2,FedEx,1,2,56.81,3.9,0.0,60.71,shipmonk_estimate,USD
156915,6721362755894,Cattasaurus - shoproxstore - Shopify,direct_to_consumer,fulfilled,2025-07-17,2025-07-19,2025-07-17,PA2,OnTrac,1,1,10.81,1.8,0.0,12.61,shipmonk_estimate,USD
156916,6721364001078,Cattasaurus - shoproxstore - Shopify,direct_to_consumer,fulfilled,2025-07-17,2025-07-21,2025-07-17,PA2,OnTrac,1,1,11.72,1.8,0.0,13.52,shipmonk_estimate,USD
156917,6721369440566,Cattasaurus - shoproxstore - Shopify,direct_to_consumer,fulfilled,2025-07-17,2025-07-21,2025-07-17,NV3,FedEx,1,1,15.9,1.8,0.0,17.7,shipmonk_estimate,USD
156919,6721379729718,Cattasaurus - shoproxstore - Shopify,direct_to_consumer,fulfilled,2025-07-17,2025-07-21,2025-07-17,NV3,OnTrac,1,1,11.72,1.8,0.0,13.52,shipmonk_estimate,USD
156920,6721381400886,Cattasaurus - shoproxstore - Shopify,direct_to_consumer,fulfilled,2025-07-17,2025-07-21,2025-07-17,NV3,FedEx,1,1,15.9,1.8,0.0,17.7,shipmonk_estimate,USD
156921,6721388675382,Cattasaurus - shoproxstore - Shopify,direct_to_consumer,fulfilled,2025-07-17,2025-07-21,2025-07-17,NV3,USPS,1,1,16.18,1.8,0.0,17.98,shipmonk_estimate,USD
156922,6721391657270,Cattasaurus - shoproxstore - Shopify,direct_to_consumer,fulfilled,2025-07-17,2025-07-19,2025-07-17,PA2,OnTrac,1,1,10.81,1.8,0.0,12.61,shipmonk_estimate,USD
156924,6721416757558,Cattasaurus - shoproxstore - Shopify,direct_to_consumer,fulfilled,2025-07-17,2025-07-21,2025-07-17,NV3,FedEx,1,2,37.55,3.9,0.0,41.45,shipmonk_estimate,USD
156926,6721425277238,Cattasaurus - shoproxstore - Shopify,direct_to_consumer,fulfilled,2025-07-17,2025-07-23,2025-07-17,NV3,UPS,1,1,15.6,1.8,0.0,17.4,shipmonk_estimate,USD
156928,6721441202486,Cattasaurus - shoproxstore - Shopify,direct_to_consumer,fulfilled,2025-07-17,2025-07-21,2025-07-17,NV3,OnTrac,1,1,27.04,1.8,0.0,28.84,shipmonk_estimate,USD
156929,6721463484726,Cattasaurus - shoproxstore - Shopify,direct_to_consumer,fulfilled,2025-07-17,2025-07-21,2025-07-17,NV3,FedEx,1,1,14.05,2.1,0.0,16.15,shipmonk_estimate,USD
156930,6721465844022,Cattasaurus - shoproxstore - Shopify,direct_to_consumer,fulfilled,2025-07-17,2025-07-21,2025-07-17,NV3,OnTrac,2,1,10.81,2.4,0.0,13.21,shipmonk_estimate,USD
156931,6721471938870,Cattasaurus - shoproxstore - Shopify,direct_to_consumer,fulfilled,2025-07-17,2025-07-21,2025-07-17,NV3,OnTrac,1,1,27.04,1.8,0.0,28.84,shipmonk_estimate,USD
156934,6721501004086,Cattasaurus - shoproxstore - Shopify,direct_to_consumer,fulfilled,2025-07-17,2025-07-19,2025-07-17,PA2,OnTrac,1,1,11.53,1.8,0.0,13.33,shipmonk_estimate,USD
156936,6721516306742,Cattasaurus - shoproxstore - Shopify,direct_to_consumer,fulfilled,2025-07-17,2025-08-01,2025-07-17,NV3,OnTrac,1,1,11.53,1.8,0.0,13.33,shipmonk_estimate,USD
156939,6721524990262,Cattasaurus - shoproxstore - Shopify,direct_to_consumer,fulfilled,2025-07-17,2025-07-21,2025-07-17,NV3,FedEx,1,1,15.9,1.8,0.0,17.7,shipmonk_estimate,USD
156941,6721555693878,Cattasaurus - shoproxstore - Shopify,direct_to_consumer,fulfilled,2025-07-17,2025-07-19,2025-07-17,PA2,OnTrac,1,1,15.9,1.8,0.0,17.7,shipmonk_estimate,USD
156942,6721565688118,Cattasaurus - shoproxstore - Shopify,direct_to_consumer,fulfilled,2025-07-17,2025-07-19,2025-07-17,PA2,OnTrac,1,1,14.04,1.8,0.0,15.84,shipmonk_estimate,USD
156943,6721566212406,Cattasaurus - shoproxstore - Shopify,direct_to_consumer,fulfilled,2025-07-17,2025-07-28,2025-07-17,NV3,UPS,1,1,17.46,2.1,0.0,19.56,shipmonk_estimate,USD
156944,6721580106038,Cattasaurus - shoproxstore - Shopify,direct_to_consumer,fulfilled,2025-07-17,2025-07-19,2025-07-17,PA2,OnTrac,1,1,15.6,1.8,0.0,17.4,shipmonk_estimate,USD
156945,6721605894454,Cattasaurus - shoproxstore - Shopify,direct_to_consumer,fulfilled,2025-07-17,2025-07-21,2025-07-17,NV3,OnTrac,1,1,15.9,2.1,0.0,18.0,shipmonk_estimate,USD
156947,6721627226422,Cattasaurus - shoproxstore - Shopify,direct_to_consumer,fulfilled,2025-07-17,2025-07-21,2025-07-17,NV3,OnTrac,1,1,20.56,1.8,0.0,22.36,shipmonk_estimate,USD
156948,6721634238774,Cattasaurus - shoproxstore - Shopify,direct_to_consumer,fulfilled,2025-07-17,2025-07-21,2025-07-17,NV3,OnTrac,1,1,11.53,1.8,0.0,13.33,shipmonk_estimate,USD
156949,6721683554614,Cattasaurus - shoproxstore - Shopify,direct_to_consumer,fulfilled,2025-07-17,2025-07-21,2025-07-17,NV3,OnTrac,1,1,20.56,1.8,0.0,22.36,shipmonk_estimate,USD
156950,6721686995254,Cattasaurus - shoproxstore - Shopify,direct_to_consumer,fulfilled,2025-07-17,2025-07-21,2025-07-17,NV3,OnTrac,1,1,14.04,1.8,0.0,15.84,shipmonk_estimate,USD
156951,6721690927414,Cattasaurus - shoproxstore - Shopify,direct_to_consumer,fulfilled,2025-07-17,2025-07-21,2025-07-17,NV3,OnTrac,1,1,15.61,1.8,0.0,17.41,shipmonk_estimate,USD
156952,6721708327222,Cattasaurus - shoproxstore - Shopify,direct_to_consumer,fulfilled,2025-07-17,2025-07-21,2025-07-17,NV3,OnTrac,1,1,14.05,1.8,0.0,15.85,shipmonk_estimate,USD
156953,6721714585910,Cattasaurus - shoproxstore - Shopify,direct_to_consumer,fulfilled,2025-07-17,2025-07-21,2025-07-17,NV3,OnTrac,1,1,15.61,1.8,0.0,17.41,shipmonk_estimate,USD
156954,6721715437878,Cattasaurus - shoproxstore - Shopify,direct_to_consumer,fulfilled,2025-07-17,2025-07-19,2025-07-17,PA2,OnTrac,1,1,11.72,1.8,0.0,13.52,shipmonk_estimate,USD
156955,6721721172278,Cattasaurus - shoproxstore - Shopify,direct_to_consumer,fulfilled,2025-07-17,2025-07-19,2025-07-17,PA2,OnTrac,1,1,10.81,1.8,0.0,12.61,shipmonk_estimate,USD
156956,6721724088630,Cattasaurus - shoproxstore - Shopify,direct_to_consumer,fulfilled,2025-07-17,2025-07-21,2025-07-17,NV3,UPS,1,1,15.6,1.8,0.0,17.4,shipmonk_estimate,USD
156957,6721727398198,Cattasaurus - shoproxstore - Shopify,direct_to_consumer,fulfilled,2025-07-17,2025-07-19,2025-07-17,PA2,OnTrac,1,1,11.72,1.8,0.0,13.52,shipmonk_estimate,USD
156958,6721745584438,Cattasaurus - shoproxstore - Shopify,direct_to_consumer,fulfilled,2025-07-17,2025-07-21,2025-07-17,NV3,FedEx,1,1,11.72,1.8,0.0,13.52,shipmonk_estimate,USD
156963,6721783922998,Cattasaurus - shoproxstore - Shopify,direct_to_consumer,fulfilled,2025-07-17,2025-07-21,2025-07-17,NV3,OnTrac,1,1,13.28,1.8,0.0,15.08,shipmonk_estimate,USD
156965,6721804730678,Cattasaurus - shoproxstore - Shopify,direct_to_consumer,fulfilled,2025-07-17,2025-07-19,2025-07-17,PA2,OnTrac,1,1,11.72,1.8,0.0,13.52,shipmonk_estimate,USD
156966,6721805779254,Cattasaurus - shoproxstore - Shopify,direct_to_consumer,fulfilled,2025-07-17,2025-07-21,2025-07-17,NV3,FedEx,1,1,15.6,1.8,0.0,17.4,shipmonk_estimate,USD
156967,6721823310134,Cattasaurus - shoproxstore - Shopify,direct_to_consumer,fulfilled,2025-07-17,2025-07-21,2025-07-17,NV3,OnTrac,1,1,21.76,1.8,0.0,23.56,shipmonk_estimate,USD
156968,6721831960886,Cattasaurus - shoproxstore - Shopify,direct_to_consumer,fulfilled,2025-07-17,2025-07-21,2025-07-17,PA2,OnTrac,1,1,14.04,1.8,0.0,15.84,shipmonk_estimate,USD
156970,6721833402678,Cattasaurus - shoproxstore - Shopify,direct_to_consumer,fulfilled,2025-07-17,2025-07-21,2025-07-17,NV3,OnTrac,1,1,15.9,1.8,0.0,17.7,shipmonk_estimate,USD
156971,6721837138230,Cattasaurus - shoproxstore - Shopify,direct_to_consumer,fulfilled,2025-07-17,2025-07-19,2025-07-17,PA2,FedEx,1,1,11.72,2.1,0.0,13.82,shipmonk_estimate,USD
156974,6721873871158,Cattasaurus - shoproxstore - Shopify,direct_to_consumer,fulfilled,2025-07-17,2025-07-19,2025-07-17,PA2,OnTrac,1,1,14.04,2.1,0.0,16.14,shipmonk_estimate,USD
156976,6721880621366,Cattasaurus - shoproxstore - Shopify,direct_to_consumer,fulfilled,2025-07-17,2025-07-21,2025-07-17,NV3,FedEx,1,1,20.29,1.8,0.0,22.09,shipmonk_estimate,USD
156977,6721885831478,Cattasaurus - shoproxstore - Shopify,direct_to_consumer,fulfilled,2025-07-17,2025-07-25,2025-07-17,NV3,OnTrac,1,1,12.74,1.8,0.0,14.54,shipmonk_estimate,USD
156978,6721893728566,Cattasaurus - shoproxstore - Shopify,direct_to_consumer,fulfilled,2025-07-17,2025-07-21,2025-07-17,NV3,OnTrac,1,1,18.73,1.8,0.0,20.53,shipmonk_estimate,USD
156980,6721911128374,Cattasaurus - shoproxstore - Shopify,direct_to_consumer,fulfilled,2025-07-17,2025-07-21,2025-07-17,NV3,OnTrac,1,1,20.56,1.8,0.0,22.36,shipmonk_estimate,USD
156981,6721912373558,Cattasaurus - shoproxstore - Shopify,direct_to_consumer,fulfilled,2025-07-17,2025-07-19,2025-07-17,PA2,OnTrac,1,1,10.81,1.8,0.0,12.61,shipmonk_estimate,USD
156982,6721913159990,Cattasaurus - shoproxstore - Shopify,direct_to_consumer,fulfilled,2025-07-17,2025-07-19,2025-07-17,PA2,OnTrac,1,1,14.04,2.1,0.0,16.14,shipmonk_estimate,USD
156983,6721917714742,Cattasaurus - shoproxstore - Shopify,direct_to_consumer,fulfilled,2025-07-17,2025-07-24,2025-07-17,NV3,OnTrac,1,1,13.09,1.8,0.0,14.89,shipmonk_estimate,USD
156984,6721923383606,Cattasaurus - shoproxstore - Shopify,direct_to_consumer,fulfilled,2025-07-17,2025-07-19,2025-07-17,PA2,OnTrac,1,1,13.09,2.1,0.0,15.19,shipmonk_estimate,USD
156985,6721929838902,Cattasaurus - shoproxstore - Shopify,direct_to_consumer,fulfilled,2025-07-17,2025-07-21,2025-07-17,NV3,OnTrac,1,1,18.73,1.8,0.0,20.53,shipmonk_estimate,USD
156986,6721944158518,Cattasaurus - shoproxstore - Shopify,direct_to_consumer,fulfilled,2025-07-17,2025-07-19,2025-07-17,PA2,OnTrac,1,1,10.81,2.1,0.0,12.91,shipmonk_estimate,USD
156987,6721950187830,Cattasaurus - shoproxstore - Shopify,direct_to_consumer,fulfilled,2025-07-17,2025-07-19,2025-07-17,PA2,FedEx,2,1,15.61,2.4,0.0,18.01,shipmonk_estimate,USD
156989,6721978007862,Cattasaurus - shoproxstore - Shopify,direct_to_consumer,fulfilled,2025-07-17,2025-07-25,2025-07-17,NV3,FedEx,1,1,15.9,2.1,0.0,18.0,shipmonk_estimate,USD
156992,6722004648246,Cattasaurus - shoproxstore - Shopify,direct_to_consumer,fulfilled,2025-07-17,2025-07-21,2025-07-17,NV3,FedEx,1,1,20.2,1.8,0.0,22.0,shipmonk_estimate,USD
156993,6722006516022,Cattasaurus - shoproxstore - Shopify,direct_to_consumer,fulfilled,2025-07-17,2025-07-25,2025-07-17,NV3,OnTrac,1,1,11.53,2.1,0.0,13.63,shipmonk_estimate,USD
156995,6722024669494,Cattasaurus - shoproxstore - Shopify,direct_to_consumer,fulfilled,2025-07-17,2025-07-29,2025-07-17,NV3,FedEx,1,1,22.12,1.8,0.0,23.92,shipmonk_estimate,USD
156996,6722043314486,Cattasaurus - shoproxstore - Shopify,direct_to_consumer,fulfilled,2025-07-17,2025-07-21,2025-07-17,NV3,OnTrac,1,1,14.04,1.8,0.0,15.84,shipmonk_estimate,USD
157000,6722094334262,Cattasaurus - shoproxstore - Shopify,direct_to_consumer,fulfilled,2025-07-17,2025-07-25,2025-07-17,NV3,FedEx,1,1,23.2,2.1,0.0,25.3,shipmonk_estimate,USD
157001,6722100887862,Cattasaurus - shoproxstore - Shopify,direct_to_consumer,fulfilled,2025-07-17,2025-07-25,2025-07-17,NV3,OnTrac,1,1,11.72,2.1,0.0,13.82,shipmonk_estimate,USD
157002,6722104852790,Cattasaurus - shoproxstore - Shopify,direct_to_consumer,fulfilled,2025-07-17,2025-07-19,2025-07-17,PA2,OnTrac,1,1,10.81,1.8,0.0,12.61,shipmonk_estimate,USD
157006,6722145124662,Cattasaurus - shoproxstore - Shopify,direct_to_consumer,fulfilled,2025-07-17,2025-07-25,2025-07-17,NV3,OnTrac,1,1,11.53,2.1,0.0,13.63,shipmonk_estimate,USD
157010,6722249392438,Cattasaurus - shoproxstore - Shopify,direct_to_consumer,fulfilled,2025-07-17,2025-07-21,2025-07-17,NV3,OnTrac,1,1,20.56,1.8,0.0,22.36,shipmonk_estimate,USD
157011,6722251260214,Cattasaurus - shoproxstore - Shopify,direct_to_consumer,fulfilled,2025-07-17,2025-07-21,2025-07-17,NV3,OnTrac,1,1,11.72,1.8,0.0,13.52,shipmonk_estimate,USD
157012,6722262925622,Cattasaurus - shoproxstore - Shopify,direct_to_consumer,fulfilled,2025-07-17,2025-07-24,2025-07-17,NV3,OnTrac,1,1,20.2,1.8,0.0,22.0,shipmonk_estimate,USD
157014,6722330067254,Cattasaurus - shoproxstore - Shopify,direct_to_consumer,fulfilled,2025-07-17,2025-07-21,2025-07-17,NV3,FedEx,1,1,14.04,1.8,0.0,15.84,shipmonk_estimate,USD
157015,6722342650166,Cattasaurus - shoproxstore - Shopify,direct_to_consumer,fulfilled,2025-07-17,2025-07-21,2025-07-17,NV3,OnTrac,1,1,12.74,1.8,0.0,14.54,shipmonk_estimate,USD
157016,6722363949366,Cattasaurus - shoproxstore - Shopify,direct_to_consumer,fulfilled,2025-07-17,2025-07-25,2025-07-17,NV3,OnTrac,1,1,14.04,2.1,0.0,16.14,shipmonk_estimate,USD
112-5761900-7498637,112-5761900-7498637,Cattasaurus - Amazon USA,direct_to_consumer,fulfilled,2025-07-18,2025-07-18,2025-07-18,NV3,FedEx,2,2,25.0,5.0,0.0,30.0,shipmonk_estimate,USD
149880-01,b6b53383-542f-4374-915f-3438386507c5,Cattasaurus - shoproxstore - Shopify,direct_to_consumer,fulfilled,2025-07-18,2025-07-19,2025-07-18,PA2,OnTrac,1,1,20.2,1.5,0.0,21.7,shipmonk_estimate,USD
154277-01,a876adbd-212a-413b-b46e-5656d1d64a8a,Cattasaurus - shoproxstore - Shopify,direct_to_consumer,fulfilled,2025-07-18,2025-07-21,2025-07-18,NV3,FedEx,1,1,12.48,1.8,0.0,14.28,shipmonk_estimate,USD
154866-01,14d414e2-5eb0-41e4-8b75-a7e6735dee3c,Cattasaurus - shoproxstore - Shopify,direct_to_consumer,fulfilled,2025-07-18,2025-07-19,2025-07-18,PA2,OnTrac,1,1,11.72,1.8,0.0,13.52,shipmonk_estimate,USD
155399-01,c5ee27cb-fce7-43bf-b5d1-c54160c43f6a,Cattasaurus - shoproxstore - Shopify,direct_to_consumer,fulfilled,2025-07-18,2025-07-21,2025-07-18,NV3,OnTrac,1,1,11.53,1.8,0.0,13.33,shipmonk_estimate,USD
155502-01,7ac00e06-69fd-422b-a10c-092fd307a53a,Cattasaurus - shoproxstore - Shopify,direct_to_consumer,fulfilled,2025-07-18,2025-07-19,2025-07-18,PA2,OnTrac,1,1,10.81,1.8,0.0,12.61,shipmonk_estimate,USD
157020,6722565865782,Cattasaurus - shoproxstore - Shopify,direct_to_consumer,fulfilled,2025-07-18,2025-07-28,2025-07-18,NV3,OnTrac,1,1,16.45,1.8,0.0,18.25,shipmonk_estimate,USD
157021,6722650800438,Cattasaurus - shoproxstore - Shopify,direct_to_consumer,fulfilled,2025-07-18,2025-07-19,2025-07-18,PA2,FedEx,1,2,21.62,3.6,0.0,25.22,shipmonk_estimate,USD
157023,6722698346806,Cattasaurus - shoproxstore - Shopify,direct_to_consumer,fulfilled,2025-07-18,2025-07-21,2025-07-18,NV3,USPS,1,1,11.81,1.8,0.0,13.61,shipmonk_estimate,USD
157024,6722708275510,Cattasaurus - shoproxstore - Shopify,direct_to_consumer,fulfilled,2025-07-18,2025-07-19,2025-07-18,PA2,OnTrac,1,1,15.9,2.1,0.0,18.0,shipmonk_estimate,USD
157025,6722738323766,Cattasaurus - shoproxstore - Shopify,direct_to_consumer,fulfilled,2025-07-18,2025-07-19,2025-07-18,PA2,OnTrac,1,1,14.04,1.8,0.0,15.84,shipmonk_estimate,USD
157026,6722746581302,Cattasaurus - shoproxstore - Shopify,direct_to_consumer,fulfilled,2025-07-18,2025-07-19,2025-07-18,PA2,OnTrac,1,1,13.28,1.8,0.0,15.08,shipmonk_estimate,USD
157027,6722764374326,Cattasaurus - shoproxstore - Shopify,direct_to_consumer,fulfilled,2025-07-18,2025-07-19,2025-07-18,PA2,OnTrac,1,1,10.91,1.8,0.0,12.71,shipmonk_estimate,USD
157028,6722769355062,Cattasaurus - shoproxstore - Shopify,direct_to_consumer,fulfilled,2025-07-18,2025-07-25,2025-07-18,NV3,OnTrac,1,1,11.72,2.1,0.0,13.82,shipmonk_estimate,USD
157029,6722769682742,Cattasaurus - shoproxstore - Shopify,direct_to_consumer,fulfilled,2025-07-18,2025-07-19,2025-07-18,PA2,OnTrac,1,1,13.28,2.1,0.0,15.38,shipmonk_estimate,USD
157030,6722778333494,Cattasaurus - shoproxstore - Shopify,direct_to_consumer,fulfilled,2025-07-18,2025-07-19,2025-07-18,PA2,OnTrac,1,1,11.53,2.1,0.0,13.63,shipmonk_estimate,USD
157031,6722786492726,Cattasaurus - shoproxstore - Shopify,direct_to_consumer,fulfilled,2025-07-18,2025-07-19,2025-07-18,PA2,OnTrac,1,1,11.53,1.8,0.0,13.33,shipmonk_estimate,USD
157033,6722828370230,Cattasaurus - shoproxstore - Shopify,direct_to_consumer,fulfilled,2025-07-18,2025-07-19,2025-07-18,PA2,FedEx,1,1,11.72,2.1,0.0,13.82,shipmonk_estimate,USD
157034,6722836005174,Cattasaurus - shoproxstore - Shopify,direct_to_consumer,fulfilled,2025-07-18,2025-07-19,2025-07-18,PA2,UPS,1,1,15.6,2.1,0.0,17.7,shipmonk_estimate,USD
157035,6722836726070,Cattasaurus - shoproxstore - Shopify,direct_to_consumer,fulfilled,2025-07-18,2025-07-21,2025-07-18,NV3,FedEx,1,1,28.6,1.8,0.0,30.4,shipmonk_estimate,USD
157036,6722838724918,Cattasaurus - shoproxstore - Shopify,direct_to_consumer,fulfilled,2025-07-18,2025-07-19,2025-07-18,PA2,OnTrac,1,1,11.72,1.5,0.0,13.22,shipmonk_estimate,USD
157038,6722839806262,Cattasaurus - shoproxstore - Shopify,direct_to_consumer,fulfilled,2025-07-18,2025-07-25,2025-07-18,NV3,OnTrac,1,1,18.73,2.1,0.0,20.83,shipmonk_estimate,USD
157040,6722854158646,Cattasaurus - shoproxstore - Shopify,direct_to_consumer,fulfilled,2025-07-18,2025-07-19,2025-07-18,PA2,OnTrac,1,1,11.72,2.1,0.0,13.82,shipmonk_estimate,USD
157041,6722858811702,Cattasaurus - shoproxstore - Shopify,direct_to_consumer,fulfilled,2025-07-18,2025-07-21,2025-07-18,NV3,OnTrac,1,1,28.6,1.8,0.0,30.4,shipmonk_estimate,USD
157043,6722875785526,Cattasaurus - shoproxstore - Shopify,direct_to_consumer,fulfilled,2025-07-18,2025-07-19,2025-07-18,PA2,FedEx,1,1,11.72,2.1,0.0,13.82,shipmonk_estimate,USD
157044,6722876244278,Cattasaurus - shoproxstore - Shopify,direct_to_consumer,fulfilled,2025-07-18,2025-07-19,2025-07-18,PA2,OnTrac,1,1,11.53,2.1,0.0,13.63,shipmonk_estimate,USD
157045,6722884436278,Cattasaurus - shoproxstore - Shopify,direct_to_consumer,fulfilled,2025-07-18,2025-07-19,2025-07-18,PA2,OnTrac,1,1,11.72,2.1,0.0,13.82,shipmonk_estimate,USD
157046,6722889875766,Cattasaurus - shoproxstore - Shopify,direct_to_consumer,fulfilled,2025-07-18,2025-07-19,2025-07-18,PA2,UPS,1,1,15.6,2.1,0.0,17.7,shipmonk_estimate,USD
157047,6722903572790,Cattasaurus - shoproxstore - Shopify,direct_to_consumer,fulfilled,2025-07-18,2025-07-19,2025-07-18,PA2,UPS,2,1,13.28,2.4,0.0,15.68,shipmonk_estimate,USD
157049,6722926051638,Cattasaurus - shoproxstore - Shopify,direct_to_consumer,fulfilled,2025-07-18,2025-07-19,2025-07-18,PA2,OnTrac,1,1,11.53,2.1,0.0,13.63,shipmonk_estimate,USD
157050,6722927264054,Cattasaurus - shoproxstore - Shopify,direct_to_consumer,fulfilled,2025-07-18,2025-07-19,2025-07-18,PA2,FedEx,1,1,14.65,3.5,0.0,18.15,shipmonk_estimate,USD
157051,6722928607542,Cattasaurus - shoproxstore - Shopify,direct_to_consumer,fulfilled,2025-07-18,2025-07-19,2025-07-18,PA2,OnTrac,1,1,14.04,2.1,0.0,16.14,shipmonk_estimate,USD
157052,6722935816502,Cattasaurus - shoproxstore - Shopify,direct_to_consumer,fulfilled,2025-07-18,2025-07-19,2025-07-18,PA2,OnTrac,1,1,13.28,2.1,0.0,15.38,shipmonk_estimate,USD
157053,6722941485366,Cattasaurus - shoproxstore - Shopify,direct_to_consumer,fulfilled,2025-07-18,2025-07-19,2025-07-18,PA2,OnTrac,1,1,11.72,2.1,0.0,13.82,shipmonk_estimate,USD
157054,6722944762166,Cattasaurus - shoproxstore - Shopify,direct_to_consumer,fulfilled,2025-07-18,2025-07-19,2025-07-18,PA2,FedEx,1,1,11.72,2.1,0.0,13.82,shipmonk_estimate,USD
157055,6722947121462,Cattasaurus - shoproxstore - Shopify,direct_to_consumer,fulfilled,2025-07-18,2025-07-19,2025-07-18,PA2,UPS,1,1,15.6,2.1,0.0,17.7,shipmonk_estimate,USD
157056,6722956558646,Cattasaurus - shoproxstore - Shopify,direct_to_consumer,fulfilled,2025-07-18,2025-07-19,2025-07-18,PA2,OnTrac,1,1,14.04,2.1,0.0,16.14,shipmonk_estimate,USD
157057,6722961735990,Cattasaurus - shoproxstore - Shopify,direct_to_consumer,fulfilled,2025-07-18,2025-07-19,2025-07-18,PA2,OnTrac,1,1,10.81,2.1,0.0,12.91,shipmonk_estimate,USD
157057_claimreship,170f0ea0-66c4-40c7-9d0c-40598b35c1f2,Cattasaurus - shoproxstore - Shopify,direct_to_consumer,fulfilled,2025-07-18,2025-07-30,2025-07-18,PA2,OnTrac,1,1,10.81,1.8,0.0,12.61,shipmonk_estimate,USD
157058,6722966749494,Cattasaurus - shoproxstore - Shopify,direct_to_consumer,fulfilled,2025-07-18,2025-07-19,2025-07-18,PA2,OnTrac,1,1,14.04,2.1,0.0,16.14,shipmonk_estimate,USD
157059,6722973761846,Cattasaurus - shoproxstore - Shopify,direct_to_consumer,fulfilled,2025-07-18,2025-07-19,2025-07-18,PA2,OnTrac,1,1,11.72,1.8,0.0,13.52,shipmonk_estimate,USD
157060,6722975236406,Cattasaurus - shoproxstore - Shopify,direct_to_consumer,fulfilled,2025-07-18,2025-07-19,2025-07-18,PA2,OnTrac,1,1,14.65,2.4,0.0,17.05,shipmonk_estimate,USD
157061,6722975858998,Cattasaurus - shoproxstore - Shopify,direct_to_consumer,fulfilled,2025-07-18,2025-07-21,2025-07-18,NV3,FedEx,1,1,27.04,1.8,0.0,28.84,shipmonk_estimate,USD
157062,6722979660086,Cattasaurus - shoproxstore - Shopify,direct_to_consumer,fulfilled,2025-07-18,2025-07-21,2025-07-18,NV3,OnTrac,1,1,14.04,1.8,0.0,15.84,shipmonk_estimate,USD
157063,6722981593398,Cattasaurus - shoproxstore - Shopify,direct_to_consumer,fulfilled,2025-07-18,2025-07-21,2025-07-18,NV3,OnTrac,1,1,13.28,1.8,0.0,15.08,shipmonk_estimate,USD
157064,6722982838582,Cattasaurus - shoproxstore - Shopify,direct_to_consumer,fulfilled,2025-07-18,2025-07-19,2025-07-18,PA2,OnTrac,1,1,14.04,2.1,0.0,16.14,shipmonk_estimate,USD
157065,6722984771894,Cattasaurus - shoproxstore - Shopify,direct_to_consumer,fulfilled,2025-07-18,2025-07-19,2025-07-18,PA2,FedEx,1,1,14.04,2.1,0.0,16.14,shipmonk_estimate,USD
157066,6722991456566,Cattasaurus - shoproxstore - Shopify,direct_to_consumer,fulfilled,2025-07-18,2025-07-19,2025-07-18,PA2,FedEx,1,2,23.44,3.6,0.0,27.04,shipmonk_estimate,USD
157067,6722994700598,Cattasaurus - shoproxstore - Shopify,direct_to_consumer,fulfilled,2025-07-18,2025-07-21,2025-07-18,PA2,UPS,1,1,14.04,1.8,0.0,15.84,shipmonk_estimate,USD
157068,6723001123126,Cattasaurus - shoproxstore - Shopify,direct_to_consumer,fulfilled,2025-07-18,2025-07-25,2025-07-18,NV3,OnTrac,1,1,20.56,2.1,0.0,22.66,shipmonk_estimate,USD
157069,6723001975094,Cattasaurus - shoproxstore - Shopify,direct_to_consumer,fulfilled,2025-07-18,2025-07-19,2025-07-18,PA2,FedEx,1,1,13.28,2.1,0.0,15.38,shipmonk_estimate,USD
157070,6723003711798,Cattasaurus - shoproxstore - Shopify,direct_to_consumer,fulfilled,2025-07-18,2025-07-21,2025-07-18,NV3,FedEx,1,1,20.2,1.8,0.0,22.0,shipmonk_estimate,USD
157072,6723008528694,Cattasaurus - shoproxstore - Shopify,direct_to_consumer,fulfilled,2025-07-18,2025-07-19,2025-07-18,PA2,FedEx,1,1,14.04,1.8,0.0,15.84,shipmonk_estimate,USD
157073,6723011019062,Cattasaurus - shoproxstore - Shopify,direct_to_consumer,fulfilled,2025-07-18,2025-07-21,2025-07-18,NV3,FedEx,1,1,15.9,1.8,0.0,17.7,shipmonk_estimate,USD
157074,6723012526390,Cattasaurus - shoproxstore - Shopify,direct_to_consumer,fulfilled,2025-07-18,2025-07-21,2025-07-18,NV3,OnTrac,1,1,14.04,1.8,0.0,15.84,shipmonk_estimate,USD
157075,6723012788534,Cattasaurus - shoproxstore - Shopify,direct_to_consumer,fulfilled,2025-07-18,2025-07-19,2025-07-18,PA2,OnTrac,1,1,11.53,2.1,0.0,13.63,shipmonk_estimate,USD
157079,6723020914998,Cattasaurus - shoproxstore - Shopify,direct_to_consumer,fulfilled,2025-07-18,2025-07-21,2025-07-18,PA2,OnTrac,1,1,11.53,1.8,0.0,13.33,shipmonk_estimate,USD
157080,6723024159030,Cattasaurus - shoproxstore - Shopify,direct_to_consumer,fulfilled,2025-07-18,2025-07-21,2025-07-18,NV3,OnTrac,1,1,16.45,1.8,0.0,18.25,shipmonk_estimate,USD
157081,6723026256182,Cattasaurus - shoproxstore - Shopify,direct_to_consumer,fulfilled,2025-07-18,2025-07-19,2025-07-18,PA2,OnTrac,1,1,11.72,2.1,0.0,13.82,shipmonk_estimate,USD
157082,6723027140918,Cattasaurus - shoproxstore - Shopify,direct_to_consumer,fulfilled,2025-07-18,2025-07-24,2025-07-18,PA2,FedEx,1,1,17.87,2.1,0.0,19.97,shipmonk_estimate,USD
157083,6723027239222,Cattasaurus - shoproxstore - Shopify,direct_to_consumer,fulfilled,2025-07-18,2025-07-21,2025-07-18,NV3,OnTrac,1,1,20.2,1.8,0.0,22.0,shipmonk_estimate,USD
157084,6723027665206,Cattasaurus - shoproxstore - Shopify,direct_to_consumer,fulfilled,2025-07-18,2025-07-19,2025-07-18,PA2,OnTrac,1,1,11.72,1.8,0.0,13.52,shipmonk_estimate,USD
157087,6723031957814,Cattasaurus - shoproxstore - Shopify,direct_to_consumer,fulfilled,2025-07-18,2025-07-21,2025-07-18,NV3,OnTrac,1,1,14.05,1.8,0.0,15.85,shipmonk_estimate,USD
157089,6723043295542,Cattasaurus - shoproxstore - Shopify,direct_to_consumer,fulfilled,2025-07-18,2025-07-25,2025-07-18,NV3,FedEx,1,1,20.29,2.1,0.0,22.39,shipmonk_estimate,USD
157090,6723046048054,Cattasaurus - shoproxstore - Shopify,direct_to_consumer,fulfilled,2025-07-18,2025-07-25,2025-07-18,NV3,OnTrac,1,1,17.46,2.1,0.0,19.56,shipmonk_estimate,USD
157091,6723047915830,Cattasaurus - shoproxstore - Shopify,direct_to_consumer,fulfilled,2025-07-18,2025-07-21,2025-07-18,NV3,OnTrac,1,1,14.04,1.8,0.0,15.84,shipmonk_estimate,USD
157092,6723049980214,Cattasaurus - shoproxstore - Shopify,direct_to_consumer,fulfilled,2025-07-18,2025-07-19,2025-07-18,PA2,OnTrac,1,1,11.72,2.1,0.0,13.82,shipmonk_estimate,USD
157093,6723050373430,Cattasaurus - shoproxstore - Shopify,direct_to_consumer,fulfilled,2025-07-18,2025-07-21,2025-07-18,PA2,OnTrac,1,1,13.09,1.8,0.0,14.89,shipmonk_estimate,USD
157094,6723051979062,Cattasaurus - shoproxstore - Shopify,direct_to_consumer,fulfilled,2025-07-18,2025-07-21,2025-07-18,NV3,OnTrac,1,1,15.9,1.8,0.0,17.7,shipmonk_estimate,USD
157095,6723053289782,Cattasaurus - shoproxstore - Shopify,direct_to_consumer,fulfilled,2025-07-18,2025-07-19,2025-07-18,PA2,OnTrac,1,1,13.09,2.4,0.0,15.49,shipmonk_estimate,USD
157096,6723054829878,Cattasaurus - shoproxstore - Shopify,direct_to_consumer,fulfilled,2025-07-18,2025-08-03,2025-07-18,PA2,OnTrac,1,1,10.91,2.4,0.0,13.31,shipmonk_estimate,USD
157097,6723054960950,Cattasaurus - shoproxstore - Shopify,direct_to_consumer,fulfilled,2025-07-18,2025-07-19,2025-07-18,PA2,OnTrac,1,1,11.53,1.5,0.0,13.03,shipmonk_estimate,USD
157099,6723056304438,Cattasaurus - shoproxstore - Shopify,direct_to_consumer,fulfilled,2025-07-18,2025-07-21,2025-07-18,NV3,OnTrac,1,1,14.04,1.8,0.0,15.84,shipmonk_estimate,USD
157101,6723058041142,Cattasaurus - shoproxstore - Shopify,direct_to_consumer,fulfilled,2025-07-18,2025-07-24,2025-07-18,NV3,OnTrac,1,1,13.68,2.1,0.0,15.78,shipmonk_estimate,USD
157102,6723060236598,Cattasaurus - shoproxstore - Shopify,direct_to_consumer,fulfilled,2025-07-18,2025-07-24,2025-07-18,PA2,FedEx,1,1,20.88,2.1,0.0,22.98,shipmonk_estimate,USD
157104,6723069608246,Cattasaurus - shoproxstore - Shopify,direct_to_consumer,fulfilled,2025-07-18,2025-07-21,2025-07-18,NV3,FedEx,1,1,24.76,1.8,0.0,26.56,shipmonk_estimate,USD
157105,6723070853430,Cattasaurus - shoproxstore - Shopify,direct_to_consumer,fulfilled,2025-07-18,2025-07-21,2025-07-18,NV3,FedEx,1,1,14.04,1.8,0.0,15.84,shipmonk_estimate,USD
157106,6723072852278,Cattasaurus - shoproxstore - Shopify,direct_to_consumer,fulfilled,2025-07-18,2025-07-21,2025-07-18,NV3,OnTrac,1,1,11.72,1.8,0.0,13.52,shipmonk_estimate,USD
157107,6723080913206,Cattasaurus - shoproxstore - Shopify,direct_to_consumer,fulfilled,2025-07-18,2025-07-21,2025-07-18,NV3,FedEx,1,1,24.76,1.8,0.0,26.56,shipmonk_estimate,USD
157108,6723084452150,Cattasaurus - shoproxstore - Shopify,direct_to_consumer,fulfilled,2025-07-18,2025-07-20,2025-07-18,PA2,OnTrac,1,1,11.72,1.8,0.0,13.52,shipmonk_estimate,USD
157109,6723086319926,Cattasaurus - shoproxstore - Shopify,direct_to_consumer,fulfilled,2025-07-18,2025-07-21,2025-07-18,PA2,OnTrac,1,1,10.81,1.8,0.0,12.61,shipmonk_estimate,USD
157111,6723089137974,Cattasaurus - shoproxstore - Shopify,direct_to_consumer,fulfilled,2025-07-18,2025-07-21,2025-07-18,NV3,OnTrac,1,1,20.2,1.8,0.0,22.0,shipmonk_estimate,USD
157112,6723095560502,Cattasaurus - shoproxstore - Shopify,direct_to_consumer,fulfilled,2025-07-18,2025-07-25,2025-07-18,NV3,FedEx,1,1,15.9,1.8,0.0,17.7,shipmonk_estimate,USD
157113,6723101032758,Cattasaurus - shoproxstore - Shopify,direct_to_consumer,fulfilled,2025-07-18,2025-07-25,2025-07-18,NV3,OnTrac,1,1,20.56,2.1,0.0,22.66,shipmonk_estimate,USD
157114,6723103981878,Cattasaurus - shoproxstore - Shopify,direct_to_consumer,fulfilled,2025-07-18,2025-07-25,2025-07-18,NV3,OnTrac,1,1,20.2,1.8,0.0,22.0,shipmonk_estimate,USD
157116,6723107881270,Cattasaurus - shoproxstore - Shopify,direct_to_consumer,fulfilled,2025-07-18,2025-07-24,2025-07-18,PA2,FedEx,1,1,19.32,2.1,0.0,21.42,shipmonk_estimate,USD
157118,6723112337718,Cattasaurus - shoproxstore - Shopify,direct_to_consumer,fulfilled,2025-07-18,2025-07-21,2025-07-18,NV3,FedEx,1,1,12.48,1.8,0.0,14.28,shipmonk_estimate,USD
157119,6723112436022,Cattasaurus - shoproxstore - Shopify,direct_to_consumer,fulfilled,2025-07-18,2025-07-24,2025-07-18,NV3,OnTrac,1,1,20.2,1.8,0.0,22.0,shipmonk_estimate,USD
157120,6723125182774,Cattasaurus - shoproxstore - Shopify,direct_to_consumer,fulfilled,2025-07-18,2025-07-21,2025-07-18,PA2,FedEx,1,1,14.04,1.8,0.0,15.84,shipmonk_estimate,USD
157121,6723127247158,Cattasaurus - shoproxstore - Shopify,direct_to_consumer,fulfilled,2025-07-18,2025-08-03,2025-07-18,PA2,UPS,1,1,13.28,2.1,0.0,15.38,shipmonk_estimate,USD
157124,6723133079862,Cattasaurus - shoproxstore - Shopify,direct_to_consumer,fulfilled,2025-07-18,2025-07-21,2025-07-18,PA2,OnTrac,1,1,11.72,1.8,0.0,13.52,shipmonk_estimate,USD
157125,6723142091062,Cattasaurus - shoproxstore - Shopify,direct_to_consumer,fulfilled,2025-07-18,2025-07-25,2025-07-18,NV3,OnTrac,1,1,13.28,2.1,0.0,15.38,shipmonk_estimate,USD
157126,6723143336246,Cattasaurus - shoproxstore - Shopify,direct_to_consumer,fulfilled,2025-07-18,2025-07-25,2025-07-18,NV3,OnTrac,1,1,16.45,1.8,0.0,18.25,shipmonk_estimate,USD
157127,6723147301174,Cattasaurus - shoproxstore - Shopify,direct_to_consumer,fulfilled,2025-07-18,2025-07-21,2025-07-18,NV3,OnTrac,1,1,20.2,1.8,0.0,22.0,shipmonk_estimate,USD
157130,6723154641206,Cattasaurus - shoproxstore - Shopify,direct_to_consumer,fulfilled,2025-07-18,2025-07-21,2025-07-18,PA2,FedEx,1,1,11.72,1.8,0.0,13.52,shipmonk_estimate,USD
157131,6723158212918,Cattasaurus - shoproxstore - Shopify,direct_to_consumer,fulfilled,2025-07-18,2025-07-21,2025-07-18,PA2,FedEx,1,1,14.04,1.8,0.0,15.84,shipmonk_estimate,USD
157132,6723158475062,Cattasaurus - shoproxstore - Shopify,direct_to_consumer,fulfilled,2025-07-18,2025-07-21,2025-07-18,PA2,UPS,1,1,15.6,1.8,0.0,17.4,shipmonk_estimate,USD
157133,6723162177846,Cattasaurus - shoproxstore - Shopify,direct_to_consumer,fulfilled,2025-07-18,2025-07-21,2025-07-18,NV3,OnTrac,1,1,14.05,1.8,0.0,15.85,shipmonk_estimate,USD
157134,6723166404918,Cattasaurus - shoproxstore - Shopify,direct_to_consumer,fulfilled,2025-07-18,2025-07-21,2025-07-18,PA2,OnTrac,2,1,11.53,1.8,0.0,13.33,shipmonk_estimate,USD
157135,6723171713334,Cattasaurus - shoproxstore - Shopify,direct_to_consumer,fulfilled,2025-07-18,2025-07-21,2025-07-18,NV3,FedEx,1,1,23.2,1.8,0.0,25.0,shipmonk_estimate,USD
157136,6723173253430,Cattasaurus - shoproxstore - Shopify,direct_to_consumer,fulfilled,2025-07-18,2025-07-25,2025-07-18,NV3,OnTrac,2,1,15.9,2.4,0.0,18.3,shipmonk_estimate,USD
157137,6723181248822,Cattasaurus - shoproxstore - Shopify,direct_to_consumer,fulfilled,2025-07-18,2025-07-24,2025-07-18,NV3,OnTrac,1,1,14.04,1.8,0.0,15.84,shipmonk_estimate,USD
157138,6723182100790,Cattasaurus - shoproxstore - Shopify,direct_to_consumer,fulfilled,2025-07-18,2025-07-24,2025-07-18,NV3,OnTrac,1,1,23.2,1.8,0.0,25.0,shipmonk_estimate,USD
157139,6723185344822,Cattasaurus - shoproxstore - Shopify,direct_to_consumer,fulfilled,2025-07-18,2025-07-21,2025-07-18,NV3,FedEx,1,1,15.9,1.8,0.0,17.7,shipmonk_estimate,USD
157141,6723187114294,Cattasaurus - shoproxstore - Shopify,direct_to_consumer,fulfilled,2025-07-18,2025-07-21,2025-07-18,PA2,OnTrac,1,1,10.81,1.8,0.0,12.61,shipmonk_estimate,USD
157144,6723193798966,Cattasaurus - shoproxstore - Shopify,direct_to_consumer,fulfilled,2025-07-18,2025-07-20,2025-07-18,PA2,OnTrac,1,1,10.81,2.5,0.0,13.31,shipmonk_estimate,USD
157145,6723195994422,Cattasaurus - shoproxstore - Shopify,direct_to_consumer,fulfilled,2025-07-18,2025-07-23,2025-07-18,PA2,OnTrac,1,1,11.53,2.1,0.0,13.63,shipmonk_estimate,USD
157146,6723197927734,Cattasaurus - shoproxstore - Shopify,direct_to_consumer,fulfilled,2025-07-18,2025-07-21,2025-07-18,NV3,OnTrac,1,1,23.2,1.8,0.0,25.0,shipmonk_estimate,USD
157147,6723204579638,Cattasaurus - shoproxstore - Shopify,direct_to_consumer,fulfilled,2025-07-18,2025-07-24,2025-07-18,PA2,FedEx,1,1,20.88,2.1,0.0,22.98,shipmonk_estimate,USD
157149,6723215458614,Cattasaurus - shoproxstore - Shopify,direct_to_consumer,fulfilled,2025-07-18,2025-07-21,2025-07-18,NV3,FedEx,1,1,28.6,1.8,0.0,30.4,shipmonk_estimate,USD
157150,6723216769334,Cattasaurus - shoproxstore - Shopify,direct_to_consumer,fulfilled,2025-07-18,2025-07-21,2025-07-18,NV3,OnTrac,1,1,17.46,1.8,0.0,19.26,shipmonk_estimate,USD
157153,6723220472118,Cattasaurus - shoproxstore - Shopify,direct_to_consumer,fulfilled,2025-07-18,2025-07-24,2025-07-18,PA2,FedEx,1,1,19.32,1.8,0.0,21.12,shipmonk_estimate,USD
157154,6723225485622,Cattasaurus - shoproxstore - Shopify,direct_to_consumer,fulfilled,2025-07-18,2025-07-24,2025-07-18,PA2,FedEx,1,1,16.31,2.1,0.0,18.41,shipmonk_estimate,USD
157155,6723226075446,Cattasaurus - shoproxstore - Shopify,direct_to_consumer,fulfilled,2025-07-18,2025-07-24,2025-07-18,PA2,FedEx,1,1,19.32,2.1,0.0,21.42,shipmonk_estimate,USD
157156,6723227418934,Cattasaurus - shoproxstore - Shopify,direct_to_consumer,fulfilled,2025-07-18,2025-07-21,2025-07-18,NV3,OnTrac,1,1,27.04,1.8,0.0,28.84,shipmonk_estimate,USD
157157,6723229483318,Cattasaurus - shoproxstore - Shopify,direct_to_consumer,fulfilled,2025-07-18,2025-07-25,2025-07-18,NV3,OnTrac,1,1,15.9,2.1,0.0,18.0,shipmonk_estimate,USD
157159,6723242262838,Cattasaurus - shoproxstore - Shopify,direct_to_consumer,fulfilled,2025-07-18,2025-07-24,2025-07-18,PA2,OnTrac,1,1,12.08,2.1,0.0,14.18,shipmonk_estimate,USD
157161,6723248849206,Cattasaurus - shoproxstore - Shopify,direct_to_consumer,fulfilled,2025-07-18,2025-07-25,2025-07-18,NV3,OnTrac,1,1,20.56,2.1,0.0,22.66,shipmonk_estimate,USD
157162,6723253698870,Cattasaurus - shoproxstore - Shopify,direct_to_consumer,fulfilled,2025-07-18,2025-07-25,2025-07-18,NV3,OnTrac,2,1,16.66,3.1,0.0,19.76,shipmonk_estimate,USD
157163,6723255271734,Cattasaurus - shoproxstore - Shopify,direct_to_consumer,fulfilled,2025-07-18,2025-07-24,2025-07-18,PA2,FedEx,1,1,19.32,2.1,0.0,21.42,shipmonk_estimate,USD
157164,6723257237814,Cattasaurus - shoproxstore - Shopify,direct_to_consumer,fulfilled,2025-07-18,2025-07-25,2025-07-18,NV3,OnTrac,1,1,20.56,2.1,0.0,22.66,shipmonk_estimate,USD
157165,6723262284086,Cattasaurus - shoproxstore - Shopify,direct_to_consumer,fulfilled,2025-07-18,2025-07-21,2025-07-18,NV3,FedEx,1,1,13.28,1.8,0.0,15.08,shipmonk_estimate,USD
157166,6723265429814,Cattasaurus - shoproxstore - Shopify,direct_to_consumer,fulfilled,2025-07-18,2025-07-21,2025-07-18,NV3,OnTrac,1,1,12.74,1.8,0.0,14.54,shipmonk_estimate,USD
157167,6723270574390,Cattasaurus - shoproxstore - Shopify,direct_to_consumer,fulfilled,2025-07-18,2025-07-21,2025-07-18,NV3,OnTrac,1,1,14.04,1.8,0.0,15.84,shipmonk_estimate,USD
157168,6723274735926,Cattasaurus - shoproxstore - Shopify,direct_to_consumer,fulfilled,2025-07-18,2025-07-25,2025-07-18,NV3,OnTrac,1,1,14.05,2.1,0.0,16.15,shipmonk_estimate,USD
157169,6723280634166,Cattasaurus - shoproxstore - Shopify,direct_to_consumer,fulfilled,2025-07-18,2025-07-23,2025-07-18,NV3,UPS,1,1,15.6,1.8,0.0,17.4,shipmonk_estimate,USD
157171,6723291578678,Cattasaurus - shoproxstore - Shopify,direct_to_consumer,fulfilled,2025-07-18,2025-07-21,2025-07-18,NV3,OnTrac,1,1,13.28,1.8,0.0,15.08,shipmonk_estimate,USD
157172,6723301802294,Cattasaurus - shoproxstore - Shopify,direct_to_consumer,fulfilled,2025-07-18,2025-07-25,2025-07-18,NV3,OnTrac,2,1,14.04,2.7,0.0,16.74,shipmonk_estimate,USD
157173,6723307766070,Cattasaurus - shoproxstore - Shopify,direct_to_consumer,fulfilled,2025-07-18,2025-07-24,2025-07-18,NV3,OnTrac,1,1,13.09,2.1,0.0,15.19,shipmonk_estimate,USD
157175,6723310059830,Cattasaurus - shoproxstore - Shopify,direct_to_consumer,fulfilled,2025-07-18,2025-07-21,2025-07-18,NV3,FedEx,1,1,20.2,1.8,0.0,22.0,shipmonk_estimate,USD
157176,6723321299254,Cattasaurus - shoproxstore - Shopify,direct_to_consumer,fulfilled,2025-07-18,2025-07-21,2025-07-18,NV3,OnTrac,1,1,0.0,1.8,0.0,1.8,shipmonk_estimate,USD
157177,6723326607670,Cattasaurus - shoproxstore - Shopify,direct_to_consumer,fulfilled,2025-07-18,2025-07-25,2025-07-18,NV3,UPS,1,1,17.46,2.1,0.0,19.56,shipmonk_estimate,USD
157179,6723339256118,Cattasaurus - shoproxstore - Shopify,direct_to_consumer,fulfilled,2025-07-18,2025-07-21,2025-07-18,NV3,OnTrac,1,1,17.46,1.8,0.0,19.26,shipmonk_estimate,USD
157180,6723342074166,Cattasaurus - shoproxstore - Shopify,direct_to_consumer,fulfilled,2025-07-18,2025-07-25,2025-07-18,NV3,OnTrac,1,1,12.74,2.1,0.0,14.84,shipmonk_estimate,USD
157181,6723366388022,Cattasaurus - shoproxstore - Shopify,direct_to_consumer,fulfilled,2025-07-18,2025-07-25,2025-07-18,NV3,OnTrac,1,1,13.09,2.4,0.0,15.49,shipmonk_estimate,USD
157183,6723366945078,Cattasaurus - shoproxstore - Shopify,direct_to_consumer,fulfilled,2025-07-18,2025-07-25,2025-07-18,NV3,FedEx,1,1,15.9,2.1,0.0,18.0,shipmonk_estimate,USD
157185,6723374416182,Cattasaurus - shoproxstore - Shopify,direct_to_consumer,fulfilled,2025-07-18,2025-07-21,2025-07-18,NV3,OnTrac,1,1,23.2,1.8,0.0,25.0,shipmonk_estimate,USD
157186,6723381657910,Cattasaurus - shoproxstore - Shopify,direct_to_consumer,fulfilled,2025-07-18,2025-07-21,2025-07-18,PA2,OnTrac,1,1,10.81,1.8,0.0,12.61,shipmonk_estimate,USD
157187,6723396403510,Cattasaurus - shoproxstore - Shopify,direct_to_consumer,fulfilled,2025-07-18,2025-07-24,2025-07-18,NV3,FedEx,1,1,12.49,1.8,0.0,14.29,shipmonk_estimate,USD
157189,6723411050806,Cattasaurus - shoproxstore - Shopify,direct_to_consumer,fulfilled,2025-07-18,2025-07-21,2025-07-18,PA2,FedEx,1,1,11.72,1.8,0.0,13.52,shipmonk_estimate,USD
157191,6723412427062,Cattasaurus - shoproxstore - Shopify,direct_to_consumer,fulfilled,2025-07-18,2025-07-21,2025-07-18,PA2,OnTrac,1,1,11.53,1.8,0.0,13.33,shipmonk_estimate,USD
157192,6723414229302,Cattasaurus - shoproxstore - Shopify,direct_to_consumer,fulfilled,2025-07-18,2025-07-21,2025-07-18,PA2,OnTrac,1,1,15.9,1.8,0.0,17.7,shipmonk_estimate,USD
157193,6723417014582,Cattasaurus - shoproxstore - Shopify,direct_to_consumer,fulfilled,2025-07-18,2025-07-21,2025-07-18,NV3,OnTrac,1,1,16.45,1.8,0.0,18.25,shipmonk_estimate,USD
157194,6723421962550,Cattasaurus - shoproxstore - Shopify,direct_to_consumer,fulfilled,2025-07-18,2025-07-25,2025-07-18,NV3,OnTrac,1,1,15.9,1.8,0.0,17.7,shipmonk_estimate,USD
157195,6723428811062,Cattasaurus - shoproxstore - Shopify,direct_to_consumer,fulfilled,2025-07-18,2025-07-24,2025-07-18,PA2,FedEx,1,1,16.31,2.1,0.0,18.41,shipmonk_estimate,USD
157197,6723450110262,Cattasaurus - shoproxstore - Shopify,direct_to_consumer,fulfilled,2025-07-18,2025-08-03,2025-07-18,PA2,OnTrac,1,1,12.74,2.1,0.0,14.84,shipmonk_estimate,USD
157199,6723473965366,Cattasaurus - shoproxstore - Shopify,direct_to_consumer,fulfilled,2025-07-18,2025-07-24,2025-07-18,PA2,FedEx,1,2,31.15,3.9,0.0,35.05,shipmonk_estimate,USD
157200,6723492282678,Cattasaurus - shoproxstore - Shopify,direct_to_consumer,fulfilled,2025-07-18,2025-07-24,2025-07-18,PA2,OnTrac,1,1,12.08,2.1,0.0,14.18,shipmonk_estimate,USD
157202,6723499491638,Cattasaurus - shoproxstore - Shopify,direct_to_consumer,fulfilled,2025-07-18,2025-07-21,2025-07-18,NV3,OnTrac,1,1,13.28,1.8,0.0,15.08,shipmonk_estimate,USD
157203,6723506864438,Cattasaurus - shoproxstore - Shopify,direct_to_consumer,fulfilled,2025-07-18,2025-07-21,2025-07-18,NV3,FedEx,1,1,21.76,1.8,0.0,23.56,shipmonk_estimate,USD
157205,6723515318582,Cattasaurus - shoproxstore - Shopify,direct_to_consumer,fulfilled,2025-07-18,2025-07-25,2025-07-18,NV3,FedEx,1,1,22.12,2.1,0.0,24.22,shipmonk_estimate,USD
157207,6723526197558,Cattasaurus - shoproxstore - Shopify,direct_to_consumer,fulfilled,2025-07-18,2025-07-25,2025-07-18,NV3,OnTrac,1,1,21.76,2.1,0.0,23.86,shipmonk_estimate,USD
157209,6723534979382,Cattasaurus - shoproxstore - Shopify,direct_to_consumer,fulfilled,2025-07-18,2025-07-21,2025-07-18,NV3,OnTrac,1,1,11.72,1.8,0.0,13.52,shipmonk_estimate,USD
157211,6723539042614,Cattasaurus - shoproxstore - Shopify,direct_to_consumer,fulfilled,2025-07-18,2025-07-25,2025-07-18,NV3,OnTrac,1,1,15.9,2.1,0.0,18.0,shipmonk_estimate,USD
157212,6723541893430,Cattasaurus - shoproxstore - Shopify,direct_to_consumer,fulfilled,2025-07-18,2025-07-21,2025-07-18,PA2,OnTrac,1,1,20.2,2.1,0.0,22.3,shipmonk_estimate,USD
157214,6723543007542,Cattasaurus - shoproxstore - Shopify,direct_to_consumer,fulfilled,2025-07-18,2025-07-25,2025-07-18,NV3,FedEx,1,1,19.32,2.4,0.0,21.72,shipmonk_estimate,USD
157215,6723550216502,Cattasaurus - shoproxstore - Shopify,direct_to_consumer,fulfilled,2025-07-18,2025-07-25,2025-07-18,NV3,OnTrac,1,1,15.9,2.1,0.0,18.0,shipmonk_estimate,USD
157216,6723559293238,Cattasaurus - shoproxstore - Shopify,direct_to_consumer,fulfilled,2025-07-18,2025-07-21,2025-07-18,NV3,OnTrac,1,1,20.2,1.8,0.0,22.0,shipmonk_estimate,USD
157217,6723560046902,Cattasaurus - shoproxstore - Shopify,direct_to_consumer,fulfilled,2025-07-18,2025-07-25,2025-07-18,NV3,FedEx,1,1,15.9,2.1,0.0,18.0,shipmonk_estimate,USD
157220,6723577086262,Cattasaurus - shoproxstore - Shopify,direct_to_consumer,fulfilled,2025-07-18,2025-07-24,2025-07-18,PA2,FedEx,1,1,14.65,2.1,0.0,16.75,shipmonk_estimate,USD
157221,6723588587830,Cattasaurus - shoproxstore - Shopify,direct_to_consumer,fulfilled,2025-07-18,2025-07-21,2025-07-18,NV3,OnTrac,1,1,11.72,1.8,0.0,13.52,shipmonk_estimate,USD
157222,6723588784438,Cattasaurus - shoproxstore - Shopify,direct_to_consumer,fulfilled,2025-07-18,2025-07-22,2025-07-18,PA2,OnTrac,1,1,14.04,1.8,0.0,15.84,shipmonk_estimate,USD
157223,6723590226230,Cattasaurus - shoproxstore - Shopify,direct_to_consumer,fulfilled,2025-07-18,2025-07-25,2025-07-18,NV3,OnTrac,1,1,18.73,2.1,0.0,20.83,shipmonk_estimate,USD
157224,6723592323382,Cattasaurus - shoproxstore - Shopify,direct_to_consumer,fulfilled,2025-07-18,2025-07-25,2025-07-18,NV3,FedEx,1,1,24.76,2.1,0.0,26.86,shipmonk_estimate,USD
157225,6723595895094,Cattasaurus - shoproxstore - Shopify,direct_to_consumer,fulfilled,2025-07-18,2025-07-21,2025-07-18,NV3,OnTrac,1,1,14.04,1.8,0.0,15.84,shipmonk_estimate,USD
157227,6723604709686,Cattasaurus - shoproxstore - Shopify,direct_to_consumer,fulfilled,2025-07-18,2025-07-21,2025-07-18,NV3,FedEx,1,1,28.6,1.8,0.0,30.4,shipmonk_estimate,USD
157228,6723606315318,Cattasaurus - shoproxstore - Shopify,direct_to_consumer,fulfilled,2025-07-18,2025-07-19,2025-07-18,PA2,UPS,1,1,13.28,2.1,0.0,15.38,shipmonk_estimate,USD
157229,6723609821494,Cattasaurus - shoproxstore - Shopify,direct_to_consumer,fulfilled,2025-07-18,2025-07-24,2025-07-18,PA2,FedEx,1,1,14.65,2.1,0.0,16.75,shipmonk_estimate,USD
157230,6723613294902,Cattasaurus - shoproxstore - Shopify,direct_to_consumer,fulfilled,2025-07-18,2025-07-28,2025-07-18,NV3,FedEx,1,1,21.76,1.8,0.0,23.56,shipmonk_estimate,USD
157231,6723613655350,Cattasaurus - shoproxstore - Shopify,direct_to_consumer,fulfilled,2025-07-18,2025-07-24,2025-07-18,PA2,FedEx,1,1,19.32,2.1,0.0,21.42,shipmonk_estimate,USD
157232,6723628466486,Cattasaurus - shoproxstore - Shopify,direct_to_consumer,fulfilled,2025-07-18,2025-07-24,2025-07-18,PA2,FedEx,1,1,17.87,2.1,0.0,19.97,shipmonk_estimate,USD
157233,6723628532022,Cattasaurus - shoproxstore - Shopify,direct_to_consumer,fulfilled,2025-07-18,2025-07-24,2025-07-18,PA2,FedEx,1,2,32.9,3.9,0.0,36.8,shipmonk_estimate,USD
157235,6723648487734,Cattasaurus - shoproxstore - Shopify,direct_to_consumer,fulfilled,2025-07-18,2025-07-25,2025-07-18,NV3,FedEx,1,1,15.9,2.1,0.0,18.0,shipmonk_estimate,USD
157236,6723664675126,Cattasaurus - shoproxstore - Shopify,direct_to_consumer,fulfilled,2025-07-18,2025-07-24,2025-07-18,PA2,FedEx,1,1,14.65,2.1,0.0,16.75,shipmonk_estimate,USD
157237,6723682173238,Cattasaurus - shoproxstore - Shopify,direct_to_consumer,fulfilled,2025-07-18,2025-07-25,2025-07-18,NV3,OnTrac,1,1,11.53,2.1,0.0,13.63,shipmonk_estimate,USD
157238,6723683418422,Cattasaurus - shoproxstore - Shopify,direct_to_consumer,fulfilled,2025-07-18,2025-07-21,2025-07-18,NV3,OnTrac,1,1,20.2,1.8,0.0,22.0,shipmonk_estimate,USD
157240,6723691381046,Cattasaurus - shoproxstore - Shopify,direct_to_consumer,fulfilled,2025-07-18,2025-07-22,2025-07-18,PA2,OnTrac,1,1,14.04,1.8,0.0,15.84,shipmonk_estimate,USD
157242,6723700654390,Cattasaurus - shoproxstore - Shopify,direct_to_consumer,fulfilled,2025-07-18,2025-07-24,2025-07-18,PA2,FedEx,1,1,14.65,2.1,0.0,16.75,shipmonk_estimate,USD
157244,6723703701814,Cattasaurus - shoproxstore - Shopify,direct_to_consumer,fulfilled,2025-07-18,2025-07-22,2025-07-18,PA2,OnTrac,1,1,14.04,1.8,0.0,15.84,shipmonk_estimate,USD
157246,6723712647478,Cattasaurus - shoproxstore - Shopify,direct_to_consumer,fulfilled,2025-07-18,2025-07-20,2025-07-18,PA2,OnTrac,1,1,10.81,1.8,0.0,12.61,shipmonk_estimate,USD
157248,6723721036086,Cattasaurus - shoproxstore - Shopify,direct_to_consumer,fulfilled,2025-07-18,2025-07-25,2025-07-18,NV3,OnTrac,1,1,13.09,2.1,0.0,15.19,shipmonk_estimate,USD
157249,6723726311734,Cattasaurus - shoproxstore - Shopify,direct_to_consumer,fulfilled,2025-07-18,2025-07-24,2025-07-18,NV3,OnTrac,1,1,14.04,1.8,0.0,15.84,shipmonk_estimate,USD
157250,6723727524150,Cattasaurus - shoproxstore - Shopify,direct_to_consumer,fulfilled,2025-07-18,2025-07-24,2025-07-18,PA2,FedEx,1,1,19.32,2.1,0.0,21.42,shipmonk_estimate,USD
157251,6723728671030,Cattasaurus - shoproxstore - Shopify,direct_to_consumer,fulfilled,2025-07-18,2025-07-24,2025-07-18,PA2,FedEx,1,1,23.69,2.1,0.0,25.79,shipmonk_estimate,USD
157253,6723731030326,Cattasaurus - shoproxstore - Shopify,direct_to_consumer,fulfilled,2025-07-18,2025-07-21,2025-07-18,NV3,FedEx,1,1,28.6,1.8,0.0,30.4,shipmonk_estimate,USD
157254,6723733487926,Cattasaurus - shoproxstore - Shopify,direct_to_consumer,fulfilled,2025-07-18,2025-07-25,2025-07-18,NV3,OnTrac,1,1,11.53,2.1,0.0,13.63,shipmonk_estimate,USD
157255,6723748528438,Cattasaurus - shoproxstore - Shopify,direct_to_consumer,fulfilled,2025-07-18,2025-07-24,2025-07-18,PA2,OnTrac,1,1,11.53,1.8,0.0,13.33,shipmonk_estimate,USD
157256,6723756491062,Cattasaurus - shoproxstore - Shopify,direct_to_consumer,fulfilled,2025-07-18,2025-07-25,2025-07-18,NV3,OnTrac,1,1,11.53,2.1,0.0,13.63,shipmonk_estimate,USD
157257,6723756622134,Cattasaurus - shoproxstore - Shopify,direct_to_consumer,fulfilled,2025-07-18,2025-07-25,2025-07-18,NV3,UPS,1,1,13.28,2.1,0.0,15.38,shipmonk_estimate,USD
157260,6723765272886,Cattasaurus - shoproxstore - Shopify,direct_to_consumer,fulfilled,2025-07-18,2025-07-21,2025-07-18,NV3,OnTrac,1,1,11.72,1.8,0.0,13.52,shipmonk_estimate,USD
157264,6723782246710,Cattasaurus - shoproxstore - Shopify,direct_to_consumer,fulfilled,2025-07-18,2025-07-25,2025-07-18,NV3,OnTrac,1,1,13.28,2.1,0.0,15.38,shipmonk_estimate,USD
157265,6723784376630,Cattasaurus - shoproxstore - Shopify,direct_to_consumer,fulfilled,2025-07-18,2025-07-24,2025-07-18,NV3,FedEx,1,1,21.76,2.1,0.0,23.86,shipmonk_estimate,USD
157267,6723801710902,Cattasaurus - shoproxstore - Shopify,direct_to_consumer,fulfilled,2025-07-18,2025-07-21,2025-07-18,NV3,OnTrac,1,1,11.53,1.8,0.0,13.33,shipmonk_estimate,USD
157268,6723802956086,Cattasaurus - shoproxstore - Shopify,direct_to_consumer,fulfilled,2025-07-18,2025-07-21,2025-07-18,NV3,OnTrac,1,1,11.72,1.8,0.0,13.52,shipmonk_estimate,USD
157270,6723808035126,Cattasaurus - shoproxstore - Shopify,direct_to_consumer,fulfilled,2025-07-18,2025-07-22,2025-07-18,NV3,OnTrac,1,1,14.04,1.8,0.0,15.84,shipmonk_estimate,USD
157271,6723810623798,Cattasaurus - shoproxstore - Shopify,direct_to_consumer,fulfilled,2025-07-18,2025-08-05,2025-07-18,NV3,OnTrac,1,1,21.85,1.8,0.0,23.65,shipmonk_estimate,USD
157272,6723820683574,Cattasaurus - shoproxstore - Shopify,direct_to_consumer,fulfilled,2025-07-18,2025-07-24,2025-07-18,PA2,UPS,1,1,13.28,1.8,0.0,15.08,shipmonk_estimate,USD
157276,6723869245750,Cattasaurus - shoproxstore - Shopify,direct_to_consumer,fulfilled,2025-07-18,2025-07-21,2025-07-18,NV3,OnTrac,1,1,14.04,1.8,0.0,15.84,shipmonk_estimate,USD
157277,6723870458166,Cattasaurus - shoproxstore - Shopify,direct_to_consumer,fulfilled,2025-07-18,2025-08-03,2025-07-18,PA2,OnTrac,1,1,10.91,2.1,0.0,13.01,shipmonk_estimate,USD
157278,6723874062646,Cattasaurus - shoproxstore - Shopify,direct_to_consumer,fulfilled,2025-07-18,2025-07-24,2025-07-18,NV3,OnTrac,1,1,11.72,1.8,0.0,13.52,shipmonk_estimate,USD
157279,6723879567670,Cattasaurus - shoproxstore - Shopify,direct_to_consumer,fulfilled,2025-07-18,2025-07-25,2025-07-18,NV3,OnTrac,1,1,11.53,2.1,0.0,13.63,shipmonk_estimate,USD
157280,6723883598134,Cattasaurus - shoproxstore - Shopify,direct_to_consumer,fulfilled,2025-07-18,2025-07-24,2025-07-18,PA2,FedEx,1,1,14.65,2.1,0.0,16.75,shipmonk_estimate,USD
157283,6723890577718,Cattasaurus - shoproxstore - Shopify,direct_to_consumer,fulfilled,2025-07-18,2025-07-25,2025-07-18,NV3,OnTrac,1,1,15.6,2.1,0.0,17.7,shipmonk_estimate,USD
157284,6723891790134,Cattasaurus - shoproxstore - Shopify,direct_to_consumer,fulfilled,2025-07-18,2025-07-21,2025-07-18,NV3,FedEx,1,1,20.2,1.8,0.0,22.0,shipmonk_estimate,USD
157286,6723898016054,Cattasaurus - shoproxstore - Shopify,direct_to_consumer,fulfilled,2025-07-18,2025-07-25,2025-07-18,NV3,OnTrac,1,1,20.2,2.1,0.0,22.3,shipmonk_estimate,USD
157288,6723906339126,Cattasaurus - shoproxstore - Shopify,direct_to_consumer,fulfilled,2025-07-18,2025-07-24,2025-07-18,PA2,FedEx,1,1,23.69,2.1,0.0,25.79,shipmonk_estimate,USD
157291,6723918102838,Cattasaurus - shoproxstore - Shopify,direct_to_consumer,fulfilled,2025-07-18,2025-07-21,2025-07-18,NV3,OnTrac,1,1,14.05,1.8,0.0,15.85,shipmonk_estimate,USD
157293,6723921412406,Cattasaurus - shoproxstore - Shopify,direct_to_consumer,fulfilled,2025-07-18,2025-07-24,2025-07-18,NV3,OnTrac,1,1,15.9,1.8,0.0,17.7,shipmonk_estimate,USD
157296,6723948413238,Cattasaurus - shoproxstore - Shopify,direct_to_consumer,fulfilled,2025-07-18,2025-07-22,2025-07-18,NV3,OnTrac,1,1,11.53,1.8,0.0,13.33,shipmonk_estimate,USD
157298,6723954868534,Cattasaurus - shoproxstore - Shopify,direct_to_consumer,fulfilled,2025-07-18,2025-07-21,2025-07-18,NV3,OnTrac,1,1,13.28,1.8,0.0,15.08,shipmonk_estimate,USD
157299,6723962470710,Cattasaurus - shoproxstore - Shopify,direct_to_consumer,fulfilled,2025-07-18,2025-07-25,2025-07-18,NV3,OnTrac,1,1,23.2,1.8,0.0,25.0,shipmonk_estimate,USD
157303,6723998286134,Cattasaurus - shoproxstore - Shopify,direct_to_consumer,fulfilled,2025-07-18,2025-07-21,2025-07-18,NV3,OnTrac,1,1,11.53,1.8,0.0,13.33,shipmonk_estimate,USD
157304,6724001694006,Cattasaurus - shoproxstore - Shopify,direct_to_consumer,fulfilled,2025-07-18,2025-07-22,2025-07-18,NV3,OnTrac,1,1,12.74,1.8,0.0,14.54,shipmonk_estimate,USD
157305,6724007100726,Cattasaurus - shoproxstore - Shopify,direct_to_consumer,fulfilled,2025-07-18,2025-07-21,2025-07-18,NV3,OnTrac,1,1,11.53,1.8,0.0,13.33,shipmonk_estimate,USD
157306,6724008608054,Cattasaurus - shoproxstore - Shopify,direct_to_consumer,fulfilled,2025-07-18,2025-07-21,2025-07-18,NV3,OnTrac,1,1,11.72,1.8,0.0,13.52,shipmonk_estimate,USD
157307,6724026597686,Cattasaurus - shoproxstore - Shopify,direct_to_consumer,fulfilled,2025-07-18,2025-07-25,2025-07-18,NV3,FedEx,1,1,15.9,2.1,0.0,18.0,shipmonk_estimate,USD
157308,6724028465462,Cattasaurus - shoproxstore - Shopify,direct_to_consumer,fulfilled,2025-07-18,2025-07-22,2025-07-18,PA2,UPS,1,1,13.28,1.8,0.0,15.08,shipmonk_estimate,USD
157311,6724047077686,Cattasaurus - shoproxstore - Shopify,direct_to_consumer,fulfilled,2025-07-18,2025-07-22,2025-07-18,PA2,OnTrac,1,1,11.53,1.8,0.0,13.33,shipmonk_estimate,USD
157314,6724072866102,Cattasaurus - shoproxstore - Shopify,direct_to_consumer,fulfilled,2025-07-18,2025-07-25,2025-07-18,NV3,OnTrac,1,1,27.04,2.1,0.0,29.14,shipmonk_estimate,USD
157317,6724109336886,Cattasaurus - shoproxstore - Shopify,direct_to_consumer,fulfilled,2025-07-18,2025-07-23,2025-07-18,NV3,FedEx,1,1,20.2,2.1,0.0,22.3,shipmonk_estimate,USD
157318,6724117528886,Cattasaurus - shoproxstore - Shopify,direct_to_consumer,fulfilled,2025-07-18,2025-07-24,2025-07-18,PA2,FedEx,1,2,26.18,3.9,0.0,30.08,shipmonk_estimate,USD
157321,6724119363894,Cattasaurus - shoproxstore - Shopify,direct_to_consumer,fulfilled,2025-07-18,2025-07-25,2025-07-18,NV3,OnTrac,1,1,14.04,2.1,0.0,16.14,shipmonk_estimate,USD
157322,6724121198902,Cattasaurus - shoproxstore - Shopify,direct_to_consumer,fulfilled,2025-07-18,2025-07-24,2025-07-18,NV3,FedEx,1,1,21.76,1.8,0.0,23.56,shipmonk_estimate,USD
157325,6724139122998,Cattasaurus - shoproxstore - Shopify,direct_to_consumer,fulfilled,2025-07-18,2025-07-25,2025-07-18,NV3,UPS,1,1,17.46,2.1,0.0,19.56,shipmonk_estimate,USD
157326,6724144660790,Cattasaurus - shoproxstore - Shopify,direct_to_consumer,fulfilled,2025-07-18,2025-07-21,2025-07-18,NV3,OnTrac,1,1,15.9,1.8,0.0,17.7,shipmonk_estimate,USD
157327,6724146299190,Cattasaurus - shoproxstore - Shopify,direct_to_consumer,fulfilled,2025-07-18,2025-07-25,2025-07-18,NV3,FedEx,1,1,18.73,1.8,0.0,20.53,shipmonk_estimate,USD
157328,6724150296886,Cattasaurus - shoproxstore - Shopify,direct_to_consumer,fulfilled,2025-07-18,2025-07-21,2025-07-18,NV3,OnTrac,1,1,11.72,1.8,0.0,13.52,shipmonk_estimate,USD
157329,6724151738678,Cattasaurus - shoproxstore - Shopify,direct_to_consumer,fulfilled,2025-07-18,2025-07-21,2025-07-18,NV3,OnTrac,1,1,15.61,1.8,0.0,17.41,shipmonk_estimate,USD
157330,6724152164662,Cattasaurus - shoproxstore - Shopify,direct_to_consumer,fulfilled,2025-07-18,2025-07-24,2025-07-18,PA2,FedEx,1,1,19.32,2.1,0.0,21.42,shipmonk_estimate,USD
157331,6724161962294,Cattasaurus - shoproxstore - Shopify,direct_to_consumer,fulfilled,2025-07-18,2025-08-04,2025-07-18,NV3,OnTrac,1,1,20.56,2.1,0.0,22.66,shipmonk_estimate,USD
157332,6724164583734,Cattasaurus - shoproxstore - Shopify,direct_to_consumer,fulfilled,2025-07-18,2025-07-20,2025-07-18,PA2,FedEx,1,1,11.72,2.1,0.0,13.82,shipmonk_estimate,USD
157334,6724179198262,Cattasaurus - shoproxstore - Shopify,direct_to_consumer,fulfilled,2025-07-18,2025-07-24,2025-07-18,PA2,FedEx,1,1,19.32,2.1,0.0,21.42,shipmonk_estimate,USD
157335,6724181655862,Cattasaurus - shoproxstore - Shopify,direct_to_consumer,fulfilled,2025-07-18,2025-07-21,2025-07-18,NV3,OnTrac,1,1,23.2,1.8,0.0,25.0,shipmonk_estimate,USD
157336,6724182901046,Cattasaurus - shoproxstore - Shopify,direct_to_consumer,fulfilled,2025-07-18,2025-07-24,2025-07-18,NV3,OnTrac,1,1,11.72,1.8,0.0,13.52,shipmonk_estimate,USD
157337,6724205347126,Cattasaurus - shoproxstore - Shopify,direct_to_consumer,fulfilled,2025-07-18,2025-07-20,2025-07-18,PA2,UPS,1,1,13.28,2.1,0.0,15.38,shipmonk_estimate,USD
157338,6724212752694,Cattasaurus - shoproxstore - Shopify,direct_to_consumer,fulfilled,2025-07-18,2025-07-25,2025-07-18,NV3,OnTrac,1,1,14.04,1.8,0.0,15.84,shipmonk_estimate,USD
157340,6724216160566,Cattasaurus - shoproxstore - Shopify,direct_to_consumer,fulfilled,2025-07-18,2025-07-21,2025-07-18,NV3,OnTrac,1,1,11.53,1.8,0.0,13.33,shipmonk_estimate,USD
157341,6724219994422,Cattasaurus - shoproxstore - Shopify,direct_to_consumer,fulfilled,2025-07-18,2025-07-20,2025-07-18,PA2,OnTrac,1,1,11.53,2.1,0.0,13.63,shipmonk_estimate,USD
157342,6724231299382,Cattasaurus - shoproxstore - Shopify,direct_to_consumer,fulfilled,2025-07-18,2025-07-20,2025-07-18,PA2,OnTrac,1,1,11.72,2.1,0.0,13.82,shipmonk_estimate,USD
157343,6724233560374,Cattasaurus - shoproxstore - Shopify,direct_to_consumer,fulfilled,2025-07-18,2025-07-22,2025-07-18,PA2,FedEx,2,2,40.58,4.5,0.0,45.08,shipmonk_estimate,USD
157344,6724248076598,Cattasaurus - shoproxstore - Shopify,direct_to_consumer,fulfilled,2025-07-18,2025-07-21,2025-07-18,NV3,OnTrac,1,1,16.45,1.8,0.0,18.25,shipmonk_estimate,USD
157345,6724261806390,Cattasaurus - shoproxstore - Shopify,direct_to_consumer,fulfilled,2025-07-18,2025-07-20,2025-07-18,PA2,OnTrac,1,1,12.37,2.1,0.0,14.47,shipmonk_estimate,USD
157346,6724266328374,Cattasaurus - shoproxstore - Shopify,direct_to_consumer,fulfilled,2025-07-18,2025-07-20,2025-07-18,PA2,OnTrac,1,1,15.9,2.1,0.0,18.0,shipmonk_estimate,USD
157347,6724267934006,Cattasaurus - shoproxstore - Shopify,direct_to_consumer,fulfilled,2025-07-18,2025-07-21,2025-07-18,NV3,OnTrac,1,1,11.72,1.8,0.0,13.52,shipmonk_estimate,USD
157348,6724278976822,Cattasaurus - shoproxstore - Shopify,direct_to_consumer,fulfilled,2025-07-18,2025-07-20,2025-07-18,PA2,FedEx,1,1,19.32,2.1,0.0,21.42,shipmonk_estimate,USD
157349,6724290511158,Cattasaurus - shoproxstore - Shopify,direct_to_consumer,fulfilled,2025-07-18,2025-07-20,2025-07-18,PA2,OnTrac,1,1,14.04,2.1,0.0,16.14,shipmonk_estimate,USD
157350,6724292772150,Cattasaurus - shoproxstore - Shopify,direct_to_consumer,fulfilled,2025-07-18,2025-07-21,2025-07-18,NV3,OnTrac,1,1,14.04,2.1,0.0,16.14,shipmonk_estimate,USD
157351,6724302635318,Cattasaurus - shoproxstore - Shopify,direct_to_consumer,fulfilled,2025-07-18,2025-07-20,2025-07-18,PA2,OnTrac,1,1,15.6,2.1,0.0,17.7,shipmonk_estimate,USD
157352,6724303552822,Cattasaurus - shoproxstore - Shopify,direct_to_consumer,fulfilled,2025-07-18,2025-07-21,2025-07-18,NV3,OnTrac,1,1,14.04,1.8,0.0,15.84,shipmonk_estimate,USD
157353,6724313350454,Cattasaurus - shoproxstore - Shopify,direct_to_consumer,fulfilled,2025-07-18,2025-07-21,2025-07-18,NV3,OnTrac,1,1,16.45,1.8,0.0,18.25,shipmonk_estimate,USD
157355,6724438294838,Cattasaurus - shoproxstore - Shopify,direct_to_consumer,fulfilled,2025-07-18,2025-07-21,2025-07-18,NV3,OnTrac,1,1,12.74,1.8,0.0,14.54,shipmonk_estimate,USD
157356,6724446945590,Cattasaurus - shoproxstore - Shopify,direct_to_consumer,fulfilled,2025-07-18,2025-07-21,2025-07-18,NV3,OnTrac,1,1,11.53,2.1,0.0,13.63,shipmonk_estimate,USD
157357,6724458873142,Cattasaurus - shoproxstore - Shopify,direct_to_consumer,fulfilled,2025-07-18,2025-07-21,2025-07-18,NV3,OnTrac,1,1,14.05,1.8,0.0,15.85,shipmonk_estimate,USD
157358,6724488134966,Cattasaurus - shoproxstore - Shopify,direct_to_consumer,fulfilled,2025-07-18,2025-07-21,2025-07-18,NV3,OnTrac,1,1,11.53,1.8,0.0,13.33,shipmonk_estimate,USD
157359,6724488986934,Cattasaurus - shoproxstore - Shopify,direct_to_consumer,fulfilled,2025-07-18,2025-07-20,2025-07-18,PA2,OnTrac,1,1,12.08,2.1,0.0,14.18,shipmonk_estimate,USD
157360,6724490887478,Cattasaurus - shoproxstore - Shopify,direct_to_consumer,fulfilled,2025-07-18,2025-07-20,2025-07-18,PA2,OnTrac,1,1,15.9,2.1,0.0,18.0,shipmonk_estimate,USD
157361,6724495868214,Cattasaurus - shoproxstore - Shopify,direct_to_consumer,fulfilled,2025-07-18,2025-07-21,2025-07-18,NV3,OnTrac,1,1,11.72,1.8,0.0,13.52,shipmonk_estimate,USD
157362,6724513333558,Cattasaurus - shoproxstore - Shopify,direct_to_consumer,fulfilled,2025-07-18,2025-07-21,2025-07-18,NV3,OnTrac,1,1,14.04,1.8,0.0,15.84,shipmonk_estimate,USD
INF157,b94fca8e-fadf-4aed-b991-92a97227ce8f,Cattasaurus - Manual Store,direct_to_consumer,fulfilled,2025-07-18,2025-07-21,2025-07-18,NV3,OnTrac,1,1,13.93,1.5,0.0,15.43,shipmonk_estimate,USD
INF158,6f592907-a9a0-4c4e-af15-48d761a86445,Cattasaurus - Manual Store,direct_to_consumer,fulfilled,2025-07-18,2025-07-19,2025-07-18,PA2,OnTrac,1,1,12.23,1.8,0.0,14.03,shipmonk_estimate,USD
INF160,3d0389ac-e05b-47ac-b028-ec8a16a915e8,Cattasaurus - Manual Store,direct_to_consumer,fulfilled,2025-07-18,2025-07-21,2025-07-18,NV3,OnTrac,1,1,10.25,1.5,0.0,11.75,shipmonk_estimate,USD
INF161,89220804-1fd6-48fa-ad93-0d64c6e8929e,Cattasaurus - Manual Store,direct_to_consumer,fulfilled,2025-07-18,2025-07-19,2025-07-18,PA2,OnTrac,1,1,11.81,1.8,0.0,13.61,shipmonk_estimate,USD
INF162,5992cd51-c455-4fc5-90d9-d6caa6518601,Cattasaurus - Manual Store,direct_to_consumer,fulfilled,2025-07-18,2025-07-19,2025-07-18,PA2,OnTrac,1,1,12.23,1.8,0.0,14.03,shipmonk_estimate,USD
INF163,2f3062c0-8198-4811-b9b1-a8f5f407bbe4,Cattasaurus - Manual Store,direct_to_consumer,fulfilled,2025-07-18,2025-07-19,2025-07-18,PA2,OnTrac,1,1,10.22,1.5,0.0,11.72,shipmonk_estimate,USD
INF164,4accbd4a-f345-4276-85f7-4b48efa16895,Cattasaurus - Manual Store,direct_to_consumer,fulfilled,2025-07-18,2025-07-19,2025-07-18,PA2,FedEx,1,1,10.25,1.8,0.0,12.05,shipmonk_estimate,USD
INF166,8449d765-e7da-4333-9af2-93e7dbf8da89,Cattasaurus - Manual Store,direct_to_consumer,fulfilled,2025-07-18,2025-07-21,2025-07-18,NV3,OnTrac,1,1,12.5,2.5,0.0,15.0,shipmonk_estimate,USD
WAL129019910759776,756b5954-29eb-4986-a284-142dd245c3b6,Cattasaurus - Manual Store,direct_to_consumer,fulfilled,2025-07-18,2025-07-19,2025-07-18,PA2,OnTrac,2,1,9.97,2.1,0.0,12.07,shipmonk_estimate,USD
111-7618468-1884241,111-7618468-1884241,Cattasaurus - Amazon USA,direct_to_consumer,fulfilled,2025-07-19,2025-07-19,2025-07-19,PA2,OnTrac,1,1,13.16,2.5,0.0,15.66,shipmonk_estimate,USD
157363,6724565041462,Cattasaurus - shoproxstore - Shopify,direct_to_consumer,fulfilled,2025-07-19,2025-07-20,2025-07-19,PA2,FedEx,1,1,15.9,2.1,0.0,18.0,shipmonk_estimate,USD
157364,6724654104886,Cattasaurus - shoproxstore - Shopify,direct_to_consumer,fulfilled,2025-07-19,2025-07-21,2025-07-19,NV3,OnTrac,1,1,11.53,1.8,0.0,13.33,shipmonk_estimate,USD
157365,6724666917174,Cattasaurus - shoproxstore - Shopify,direct_to_consumer,fulfilled,2025-07-19,2025-07-21,2025-07-19,NV3,OnTrac,1,1,14.04,1.8,0.0,15.84,shipmonk_estimate,USD
157366,6724684972342,Cattasaurus - shoproxstore - Shopify,direct_to_consumer,fulfilled,2025-07-19,2025-07-21,2025-07-19,NV3,FedEx,1,1,27.04,1.8,0.0,28.84,shipmonk_estimate,USD
157367,6724711153974,Cattasaurus - shoproxstore - Shopify,direct_to_consumer,fulfilled,2025-07-19,2025-07-20,2025-07-19,PA2,OnTrac,1,1,11.72,2.1,0.0,13.82,shipmonk_estimate,USD
157368,6724713906486,Cattasaurus - shoproxstore - Shopify,direct_to_consumer,fulfilled,2025-07-19,2025-07-20,2025-07-19,PA2,FedEx,1,1,16.31,2.1,0.0,18.41,shipmonk_estimate,USD
157369,6724740448566,Cattasaurus - shoproxstore - Shopify,direct_to_consumer,fulfilled,2025-07-19,2025-07-20,2025-07-19,PA2,FedEx,1,1,16.31,2.4,0.0,18.71,shipmonk_estimate,USD
157370,6724742119734,Cattasaurus - shoproxstore - Shopify,direct_to_consumer,fulfilled,2025-07-19,2025-07-20,2025-07-19,PA2,FedEx,1,1,19.32,2.1,0.0,21.42,shipmonk_estimate,USD
157371,6724742676790,Cattasaurus - shoproxstore - Shopify,direct_to_consumer,fulfilled,2025-07-19,2025-07-20,2025-07-19,PA2,FedEx,1,1,19.32,2.1,0.0,21.42,shipmonk_estimate,USD
157372,6724744741174,Cattasaurus - shoproxstore - Shopify,direct_to_consumer,fulfilled,2025-07-19,2025-07-20,2025-07-19,PA2,UPS,1,1,13.28,1.8,0.0,15.08,shipmonk_estimate,USD
157373,6724746936630,Cattasaurus - shoproxstore - Shopify,direct_to_consumer,fulfilled,2025-07-19,2025-07-20,2025-07-19,PA2,FedEx,1,1,14.65,2.1,0.0,16.75,shipmonk_estimate,USD
157374,6724751393078,Cattasaurus - shoproxstore - Shopify,direct_to_consumer,fulfilled,2025-07-19,2025-07-20,2025-07-19,PA2,OnTrac,1,1,15.6,2.1,0.0,17.7,shipmonk_estimate,USD
157375,6724752277814,Cattasaurus - shoproxstore - Shopify,direct_to_consumer,fulfilled,2025-07-19,2025-07-20,2025-07-19,PA2,FedEx,1,1,14.65,2.1,0.0,16.75,shipmonk_estimate,USD
157376,6724756930870,Cattasaurus - shoproxstore - Shopify,direct_to_consumer,fulfilled,2025-07-19,2025-07-20,2025-07-19,PA2,OnTrac,1,1,11.72,2.1,0.0,13.82,shipmonk_estimate,USD
157377,6724760535350,Cattasaurus - shoproxstore - Shopify,direct_to_consumer,fulfilled,2025-07-19,2025-07-21,2025-07-19,NV3,OnTrac,1,1,27.04,1.8,0.0,28.84,shipmonk_estimate,USD
157378,6724762501430,Cattasaurus - shoproxstore - Shopify,direct_to_consumer,fulfilled,2025-07-19,2025-07-20,2025-07-19,PA2,OnTrac,1,1,10.81,2.1,0.0,12.91,shipmonk_estimate,USD
157380,6724773544246,Cattasaurus - shoproxstore - Shopify,direct_to_consumer,fulfilled,2025-07-19,2025-07-20,2025-07-19,PA2,OnTrac,1,1,11.72,2.1,0.0,13.82,shipmonk_estimate,USD
157381,6724779639094,Cattasaurus - shoproxstore - Shopify,direct_to_consumer,fulfilled,2025-07-19,2025-07-20,2025-07-19,PA2,OnTrac,1,1,12.37,1.8,0.0,14.17,shipmonk_estimate,USD
157382,6724782096694,Cattasaurus - shoproxstore - Shopify,direct_to_consumer,fulfilled,2025-07-19,2025-07-20,2025-07-19,PA2,OnTrac,1,1,14.04,2.1,0.0,16.14,shipmonk_estimate,USD
157383,6724783636790,Cattasaurus - shoproxstore - Shopify,direct_to_consumer,fulfilled,2025-07-19,2025-07-21,2025-07-19,NV3,OnTrac,1,1,15.9,2.1,0.0,18.0,shipmonk_estimate,USD
157384,6724790616374,Cattasaurus - shoproxstore - Shopify,direct_to_consumer,fulfilled,2025-07-19,2025-07-21,2025-07-19,NV3,OnTrac,1,1,28.6,1.8,0.0,30.4,shipmonk_estimate,USD
157385,6724791468342,Cattasaurus - shoproxstore - Shopify,direct_to_consumer,fulfilled,2025-07-19,2025-07-20,2025-07-19,PA2,OnTrac,1,1,12.08,2.1,0.0,14.18,shipmonk_estimate,USD
157386,6724792058166,Cattasaurus - shoproxstore - Shopify,direct_to_consumer,fulfilled,2025-07-19,2025-07-21,2025-07-19,NV3,FedEx,1,1,28.6,1.8,0.0,30.4,shipmonk_estimate,USD
157387,6724792549686,Cattasaurus - shoproxstore - Shopify,direct_to_consumer,fulfilled,2025-07-19,2025-07-20,2025-07-19,PA2,UPS,1,1,13.28,1.8,0.0,15.08,shipmonk_estimate,USD
157388,6724793860406,Cattasaurus - shoproxstore - Shopify,direct_to_consumer,fulfilled,2025-07-19,2025-07-20,2025-07-19,PA2,UPS,1,1,15.6,2.1,0.0,17.7,shipmonk_estimate,USD
157389,6724794220854,Cattasaurus - shoproxstore - Shopify,direct_to_consumer,fulfilled,2025-07-19,2025-07-20,2025-07-19,PA2,OnTrac,1,1,10.91,1.8,0.0,12.71,shipmonk_estimate,USD
157390,6724798513462,Cattasaurus - shoproxstore - Shopify,direct_to_consumer,fulfilled,2025-07-19,2025-07-21,2025-07-19,NV3,FedEx,1,1,15.9,2.1,0.0,18.0,shipmonk_estimate,USD
157391,6724798939446,Cattasaurus - shoproxstore - Shopify,direct_to_consumer,fulfilled,2025-07-19,2025-07-20,2025-07-19,PA2,OnTrac,1,1,11.72,2.1,0.0,13.82,shipmonk_estimate,USD
157392,6724799955254,Cattasaurus - shoproxstore - Shopify,direct_to_consumer,fulfilled,2025-07-19,2025-07-20,2025-07-19,PA2,FedEx,1,1,14.65,2.1,0.0,16.75,shipmonk_estimate,USD
157393,6724801528118,Cattasaurus - shoproxstore - Shopify,direct_to_consumer,fulfilled,2025-07-19,2025-07-20,2025-07-19,PA2,FedEx,1,1,14.04,2.1,0.0,16.14,shipmonk_estimate,USD
157394,6724803723574,Cattasaurus - shoproxstore - Shopify,direct_to_consumer,fulfilled,2025-07-19,2025-07-20,2025-07-19,PA2,UPS,1,1,13.09,2.1,0.0,15.19,shipmonk_estimate,USD
157395,6724809097526,Cattasaurus - shoproxstore - Shopify,direct_to_consumer,fulfilled,2025-07-19,2025-07-20,2025-07-19,PA2,OnTrac,1,1,11.53,2.1,0.0,13.63,shipmonk_estimate,USD
157396,6724810277174,Cattasaurus - shoproxstore - Shopify,direct_to_consumer,fulfilled,2025-07-19,2025-07-23,2025-07-19,PA2,OnTrac,1,1,10.81,1.8,0.0,12.61,shipmonk_estimate,USD
157396_1,2090fc1e-3eb6-4990-b9bc-a6e36e4e5da6,Cattasaurus - shoproxstore - Shopify,direct_to_consumer,fulfilled,2025-07-19,2025-07-23,2025-07-19,PA2,OnTrac,1,1,10.81,1.8,0.0,12.61,shipmonk_estimate,USD
157397,6724819386678,Cattasaurus - shoproxstore - Shopify,direct_to_consumer,fulfilled,2025-07-19,2025-07-20,2025-07-19,PA2,OnTrac,1,1,11.53,2.1,0.0,13.63,shipmonk_estimate,USD
157398,6724826071350,Cattasaurus - shoproxstore - Shopify,direct_to_consumer,fulfilled,2025-07-19,2025-07-20,2025-07-19,PA2,OnTrac,1,1,14.04,2.1,0.0,16.14,shipmonk_estimate,USD
157399,6724837179702,Cattasaurus - shoproxstore - Shopify,direct_to_consumer,fulfilled,2025-07-19,2025-07-20,2025-07-19,PA2,OnTrac,1,1,11.53,2.1,0.0,13.63,shipmonk_estimate,USD
157401,6724840227126,Cattasaurus - shoproxstore - Shopify,direct_to_consumer,fulfilled,2025-07-19,2025-07-21,2025-07-19,NV3,OnTrac,1,1,15.9,1.8,0.0,17.7,shipmonk_estimate,USD
157402,6724843274550,Cattasaurus - shoproxstore - Shopify,direct_to_consumer,fulfilled,2025-07-19,2025-07-21,2025-07-19,NV3,OnTrac,1,1,20.2,1.8,0.0,22.0,shipmonk_estimate,USD
157403,6724848648502,Cattasaurus - shoproxstore - Shopify,direct_to_consumer,fulfilled,2025-07-19,2025-07-20,2025-07-19,PA2,OnTrac,1,1,10.81,2.1,0.0,12.91,shipmonk_estimate,USD
157404,6724849533238,Cattasaurus - shoproxstore - Shopify,direct_to_consumer,fulfilled,2025-07-19,2025-07-20,2025-07-19,PA2,FedEx,1,1,14.65,2.1,0.0,16.75,shipmonk_estimate,USD
157405,6724850647350,Cattasaurus - shoproxstore - Shopify,direct_to_consumer,fulfilled,2025-07-19,2025-07-21,2025-07-19,NV3,FedEx,1,2,37.55,3.9,0.0,41.45,shipmonk_estimate,USD
157406,6724851171638,Cattasaurus - shoproxstore - Shopify,direct_to_consumer,fulfilled,2025-07-19,2025-07-20,2025-07-19,PA2,OnTrac,1,1,13.09,2.1,0.0,15.19,shipmonk_estimate,USD
157407,6724851990838,Cattasaurus - shoproxstore - Shopify,direct_to_consumer,fulfilled,2025-07-19,2025-07-20,2025-07-19,PA2,OnTrac,1,1,12.74,1.8,0.0,14.54,shipmonk_estimate,USD
157408,6724852318518,Cattasaurus - shoproxstore - Shopify,direct_to_consumer,fulfilled,2025-07-19,2025-07-20,2025-07-19,PA2,OnTrac,1,1,10.81,2.1,0.0,12.91,shipmonk_estimate,USD
157409,6724854382902,Cattasaurus - shoproxstore - Shopify,direct_to_consumer,fulfilled,2025-07-19,2025-07-20,2025-07-19,PA2,OnTrac,1,1,13.09,2.1,0.0,15.19,shipmonk_estimate,USD
157410,6724863426870,Cattasaurus - shoproxstore - Shopify,direct_to_consumer,fulfilled,2025-07-19,2025-07-21,2025-07-19,NV3,OnTrac,1,1,11.72,1.8,0.0,13.52,shipmonk_estimate,USD
157411,6724864540982,Cattasaurus - shoproxstore - Shopify,direct_to_consumer,fulfilled,2025-07-19,2025-07-21,2025-07-19,NV3,OnTrac,2,1,15.9,1.8,0.0,17.7,shipmonk_estimate,USD
157412,6724866703670,Cattasaurus - shoproxstore - Shopify,direct_to_consumer,fulfilled,2025-07-19,2025-07-21,2025-07-19,NV3,OnTrac,1,1,27.04,1.8,0.0,28.84,shipmonk_estimate,USD
157413,6724866933046,Cattasaurus - shoproxstore - Shopify,direct_to_consumer,fulfilled,2025-07-19,2025-07-20,2025-07-19,PA2,OnTrac,1,1,13.28,2.1,0.0,15.38,shipmonk_estimate,USD
157414,6724868276534,Cattasaurus - shoproxstore - Shopify,direct_to_consumer,fulfilled,2025-07-19,2025-07-21,2025-07-19,NV3,OnTrac,1,1,15.9,1.8,0.0,17.7,shipmonk_estimate,USD
157415,6724870799670,Cattasaurus - shoproxstore - Shopify,direct_to_consumer,fulfilled,2025-07-19,2025-08-03,2025-07-19,PA2,OnTrac,1,1,10.81,1.8,0.0,12.61,shipmonk_estimate,USD
157416,6724871029046,Cattasaurus - shoproxstore - Shopify,direct_to_consumer,fulfilled,2025-07-19,2025-07-20,2025-07-19,PA2,FedEx,1,1,14.04,2.1,0.0,16.14,shipmonk_estimate,USD
157417,6724873421110,Cattasaurus - shoproxstore - Shopify,direct_to_consumer,fulfilled,2025-07-19,2025-07-20,2025-07-19,PA2,OnTrac,1,1,16.45,1.8,0.0,18.25,shipmonk_estimate,USD
157418,6724876435766,Cattasaurus - shoproxstore - Shopify,direct_to_consumer,fulfilled,2025-07-19,2025-07-21,2025-07-19,NV3,FedEx,1,1,25.48,1.8,0.0,27.28,shipmonk_estimate,USD
157419,6724879384886,Cattasaurus - shoproxstore - Shopify,direct_to_consumer,fulfilled,2025-07-19,2025-07-21,2025-07-19,NV3,OnTrac,1,1,16.45,1.8,0.0,18.25,shipmonk_estimate,USD
157420,6724879548726,Cattasaurus - shoproxstore - Shopify,direct_to_consumer,fulfilled,2025-07-19,2025-07-20,2025-07-19,PA2,OnTrac,1,1,15.9,2.1,0.0,18.0,shipmonk_estimate,USD
157421,6724884201782,Cattasaurus - shoproxstore - Shopify,direct_to_consumer,fulfilled,2025-07-19,2025-07-23,2025-07-19,PA2,OnTrac,1,1,13.28,1.8,0.0,15.08,shipmonk_estimate,USD
157422,6724886823222,Cattasaurus - shoproxstore - Shopify,direct_to_consumer,fulfilled,2025-07-19,2025-07-21,2025-07-19,NV3,FedEx,1,1,20.2,1.8,0.0,22.0,shipmonk_estimate,USD
157423,6724888101174,Cattasaurus - shoproxstore - Shopify,direct_to_consumer,fulfilled,2025-07-19,2025-07-20,2025-07-19,PA2,OnTrac,1,1,11.53,2.1,0.0,13.63,shipmonk_estimate,USD
157424,6724892197174,Cattasaurus - shoproxstore - Shopify,direct_to_consumer,fulfilled,2025-07-19,2025-07-20,2025-07-19,PA2,OnTrac,1,1,10.81,2.1,0.0,12.91,shipmonk_estimate,USD
157425,6724894392630,Cattasaurus - shoproxstore - Shopify,direct_to_consumer,fulfilled,2025-07-19,2025-07-21,2025-07-19,NV3,FedEx,1,1,15.9,1.8,0.0,17.7,shipmonk_estimate,USD
157426,6724899209526,Cattasaurus - shoproxstore - Shopify,direct_to_consumer,fulfilled,2025-07-19,2025-07-20,2025-07-19,PA2,FedEx,1,1,15.9,2.1,0.0,18.0,shipmonk_estimate,USD
157428,6724901568822,Cattasaurus - shoproxstore - Shopify,direct_to_consumer,fulfilled,2025-07-19,2025-07-20,2025-07-19,PA2,OnTrac,1,1,11.53,2.1,0.0,13.63,shipmonk_estimate,USD
157429,6724903960886,Cattasaurus - shoproxstore - Shopify,direct_to_consumer,fulfilled,2025-07-19,2025-07-20,2025-07-19,PA2,OnTrac,1,1,14.04,2.1,0.0,16.14,shipmonk_estimate,USD
157430,6724905533750,Cattasaurus - shoproxstore - Shopify,direct_to_consumer,fulfilled,2025-07-19,2025-07-20,2025-07-19,PA2,OnTrac,1,1,11.72,2.1,0.0,13.82,shipmonk_estimate,USD
157431,6724908286262,Cattasaurus - shoproxstore - Shopify,direct_to_consumer,fulfilled,2025-07-19,2025-07-20,2025-07-19,PA2,OnTrac,1,1,12.74,1.8,0.0,14.54,shipmonk_estimate,USD
157432,6724908482870,Cattasaurus - shoproxstore - Shopify,direct_to_consumer,fulfilled,2025-07-19,2025-07-20,2025-07-19,PA2,OnTrac,1,1,11.72,2.1,0.0,13.82,shipmonk_estimate,USD
157433,6724912775478,Cattasaurus - shoproxstore - Shopify,direct_to_consumer,fulfilled,2025-07-19,2025-07-20,2025-07-19,PA2,OnTrac,1,1,12.37,1.8,0.0,14.17,shipmonk_estimate,USD
157434,6724913201462,Cattasaurus - shoproxstore - Shopify,direct_to_consumer,fulfilled,2025-07-19,2025-07-20,2025-07-19,PA2,OnTrac,1,1,14.04,2.1,0.0,16.14,shipmonk_estimate,USD
157435,6724913627446,Cattasaurus - shoproxstore - Shopify,direct_to_consumer,fulfilled,2025-07-19,2025-07-20,2025-07-19,PA2,FedEx,1,1,20.88,2.1,0.0,22.98,shipmonk_estimate,USD
157436,6724914610486,Cattasaurus - shoproxstore - Shopify,direct_to_consumer,fulfilled,2025-07-19,2025-07-21,2025-07-19,NV3,OnTrac,1,1,11.53,1.8,0.0,13.33,shipmonk_estimate,USD
157437,6724916642102,Cattasaurus - shoproxstore - Shopify,direct_to_consumer,fulfilled,2025-07-19,2025-07-21,2025-07-19,NV3,OnTrac,1,1,11.72,1.8,0.0,13.52,shipmonk_estimate,USD
157438,6724916740406,Cattasaurus - shoproxstore - Shopify,direct_to_consumer,fulfilled,2025-07-19,2025-07-20,2025-07-19,PA2,OnTrac,1,1,10.81,1.8,0.0,12.61,shipmonk_estimate,USD
157439,6724918706486,Cattasaurus - shoproxstore - Shopify,direct_to_consumer,fulfilled,2025-07-19,2025-07-21,2025-07-19,NV3,UPS,1,1,15.6,2.1,0.0,17.7,shipmonk_estimate,USD
157440,6724920639798,Cattasaurus - shoproxstore - Shopify,direct_to_consumer,fulfilled,2025-07-19,2025-07-21,2025-07-19,NV3,OnTrac,1,1,16.45,1.8,0.0,18.25,shipmonk_estimate,USD
157441,6724921131318,Cattasaurus - shoproxstore - Shopify,direct_to_consumer,fulfilled,2025-07-19,2025-07-21,2025-07-19,NV3,OnTrac,1,1,14.05,1.8,0.0,15.85,shipmonk_estimate,USD
157442,6724921393462,Cattasaurus - shoproxstore - Shopify,direct_to_consumer,fulfilled,2025-07-19,2025-07-21,2025-07-19,NV3,OnTrac,1,1,20.2,1.8,0.0,22.0,shipmonk_estimate,USD
157443,6724923162934,Cattasaurus - shoproxstore - Shopify,direct_to_consumer,fulfilled,2025-07-19,2025-07-21,2025-07-19,NV3,OnTrac,1,1,15.9,2.1,0.0,18.0,shipmonk_estimate,USD
157444,6724923523382,Cattasaurus - shoproxstore - Shopify,direct_to_consumer,fulfilled,2025-07-19,2025-07-21,2025-07-19,NV3,OnTrac,1,1,15.9,1.8,0.0,17.7,shipmonk_estimate,USD
157445,6724924375350,Cattasaurus - shoproxstore - Shopify,direct_to_consumer,fulfilled,2025-07-19,2025-07-20,2025-07-19,PA2,OnTrac,1,1,13.64,2.1,0.0,15.74,shipmonk_estimate,USD
157446,6724924801334,Cattasaurus - shoproxstore - Shopify,direct_to_consumer,fulfilled,2025-07-19,2025-07-20,2025-07-19,PA2,OnTrac,1,1,10.81,2.1,0.0,12.91,shipmonk_estimate,USD
157447,6724925686070,Cattasaurus - shoproxstore - Shopify,direct_to_consumer,fulfilled,2025-07-19,2025-07-20,2025-07-19,PA2,OnTrac,1,1,10.81,2.1,0.0,12.91,shipmonk_estimate,USD
157448,6724927586614,Cattasaurus - shoproxstore - Shopify,direct_to_consumer,fulfilled,2025-07-19,2025-07-20,2025-07-19,PA2,OnTrac,1,1,14.04,2.1,0.0,16.14,shipmonk_estimate,USD
157449,6724928241974,Cattasaurus - shoproxstore - Shopify,direct_to_consumer,fulfilled,2025-07-19,2025-07-21,2025-07-19,NV3,OnTrac,1,1,11.53,2.1,0.0,13.63,shipmonk_estimate,USD
157450,6724934664502,Cattasaurus - shoproxstore - Shopify,direct_to_consumer,fulfilled,2025-07-19,2025-07-20,2025-07-19,PA2,OnTrac,1,1,10.81,1.8,0.0,12.61,shipmonk_estimate,USD
157451,6724938203446,Cattasaurus - shoproxstore - Shopify,direct_to_consumer,fulfilled,2025-07-19,2025-07-21,2025-07-19,NV3,OnTrac,1,1,15.9,2.1,0.0,18.0,shipmonk_estimate,USD
157452,6724946198838,Cattasaurus - shoproxstore - Shopify,direct_to_consumer,fulfilled,2025-07-19,2025-07-20,2025-07-19,PA2,FedEx,1,1,11.53,2.1,0.0,13.63,shipmonk_estimate,USD
157453,6724946690358,Cattasaurus - shoproxstore - Shopify,direct_to_consumer,fulfilled,2025-07-19,2025-07-21,2025-07-19,NV3,FedEx,2,1,15.6,2.4,0.0,18.0,shipmonk_estimate,USD
157454,6724947870006,Cattasaurus - shoproxstore - Shopify,direct_to_consumer,fulfilled,2025-07-19,2025-07-21,2025-07-19,NV3,OnTrac,1,1,11.72,2.1,0.0,13.82,shipmonk_estimate,USD
157455,6724949705014,Cattasaurus - shoproxstore - Shopify,direct_to_consumer,fulfilled,2025-07-19,2025-07-21,2025-07-19,NV3,OnTrac,1,1,16.45,1.8,0.0,18.25,shipmonk_estimate,USD
157457,6724955570486,Cattasaurus - shoproxstore - Shopify,direct_to_consumer,fulfilled,2025-07-19,2025-07-20,2025-07-19,PA2,UPS,1,1,15.6,2.1,0.0,17.7,shipmonk_estimate,USD
157458,6724956324150,Cattasaurus - shoproxstore - Shopify,direct_to_consumer,fulfilled,2025-07-19,2025-07-20,2025-07-19,PA2,OnTrac,1,1,11.72,2.1,0.0,13.82,shipmonk_estimate,USD
157459,6724958290230,Cattasaurus - shoproxstore - Shopify,direct_to_consumer,fulfilled,2025-07-19,2025-07-20,2025-07-19,PA2,OnTrac,1,1,11.72,2.1,0.0,13.82,shipmonk_estimate,USD
157460,6724963434806,Cattasaurus - shoproxstore - Shopify,direct_to_consumer,fulfilled,2025-07-19,2025-07-21,2025-07-19,NV3,OnTrac,1,1,23.2,1.8,0.0,25.0,shipmonk_estimate,USD
157462,6724965269814,Cattasaurus - shoproxstore - Shopify,direct_to_consumer,fulfilled,2025-07-19,2025-07-20,2025-07-19,PA2,OnTrac,1,1,11.72,1.8,0.0,13.52,shipmonk_estimate,USD
157464,6724977721654,Cattasaurus - shoproxstore - Shopify,direct_to_consumer,fulfilled,2025-07-19,2025-07-21,2025-07-19,NV3,OnTrac,1,1,14.04,1.8,0.0,15.84,shipmonk_estimate,USD
157466,6724982079798,Cattasaurus - shoproxstore - Shopify,direct_to_consumer,fulfilled,2025-07-19,2025-07-20,2025-07-19,PA2,OnTrac,1,1,10.81,2.1,0.0,12.91,shipmonk_estimate,USD
157467,6724984570166,Cattasaurus - shoproxstore - Shopify,direct_to_consumer,fulfilled,2025-07-19,2025-07-21,2025-07-19,NV3,FedEx,1,1,15.9,1.8,0.0,17.7,shipmonk_estimate,USD
157469,6724986274102,Cattasaurus - shoproxstore - Shopify,direct_to_consumer,fulfilled,2025-07-19,2025-07-20,2025-07-19,PA2,OnTrac,1,1,14.04,2.1,0.0,16.14,shipmonk_estimate,USD
157470,6724986601782,Cattasaurus - shoproxstore - Shopify,direct_to_consumer,fulfilled,2025-07-19,2025-07-20,2025-07-19,PA2,FedEx,1,1,11.72,2.1,0.0,13.82,shipmonk_estimate,USD
157471,6724986896694,Cattasaurus - shoproxstore - Shopify,direct_to_consumer,fulfilled,2025-07-19,2025-07-20,2025-07-19,PA2,OnTrac,1,1,10.81,2.1,0.0,12.91,shipmonk_estimate,USD
157472,6724987388214,Cattasaurus - shoproxstore - Shopify,direct_to_consumer,fulfilled,2025-07-19,2025-07-21,2025-07-19,NV3,FedEx,1,1,27.04,1.8,0.0,28.84,shipmonk_estimate,USD
157475,6724990959926,Cattasaurus - shoproxstore - Shopify,direct_to_consumer,fulfilled,2025-07-19,2025-07-21,2025-07-19,NV3,OnTrac,1,1,11.53,1.8,0.0,13.33,shipmonk_estimate,USD
157476,6724993122614,Cattasaurus - shoproxstore - Shopify,direct_to_consumer,fulfilled,2025-07-19,2025-07-23,2025-07-19,PA2,FedEx,1,1,14.04,2.1,0.0,16.14,shipmonk_estimate,USD
157477,6724993974582,Cattasaurus - shoproxstore - Shopify,direct_to_consumer,fulfilled,2025-07-19,2025-07-21,2025-07-19,NV3,FedEx,1,1,20.2,1.8,0.0,22.0,shipmonk_estimate,USD
157478,6724994957622,Cattasaurus - shoproxstore - Shopify,direct_to_consumer,fulfilled,2025-07-19,2025-07-20,2025-07-19,PA2,OnTrac,1,1,11.53,1.8,0.0,13.33,shipmonk_estimate,USD
157479,6724999643446,Cattasaurus - shoproxstore - Shopify,direct_to_consumer,fulfilled,2025-07-19,2025-07-20,2025-07-19,PA2,OnTrac,1,1,20.56,2.1,0.0,22.66,shipmonk_estimate,USD
157480,6725002559798,Cattasaurus - shoproxstore - Shopify,direct_to_consumer,fulfilled,2025-07-19,2025-07-20,2025-07-19,PA2,OnTrac,1,1,10.81,2.1,0.0,12.91,shipmonk_estimate,USD
157481,6725002756406,Cattasaurus - shoproxstore - Shopify,direct_to_consumer,fulfilled,2025-07-19,2025-07-21,2025-07-19,NV3,OnTrac,1,1,14.04,1.8,0.0,15.84,shipmonk_estimate,USD
157482,6725003116854,Cattasaurus - shoproxstore - Shopify,direct_to_consumer,fulfilled,2025-07-19,2025-07-21,2025-07-19,NV3,OnTrac,1,1,23.2,1.8,0.0,25.0,shipmonk_estimate,USD
157483,6725005705526,Cattasaurus - shoproxstore - Shopify,direct_to_consumer,fulfilled,2025-07-19,2025-07-20,2025-07-19,PA2,FedEx,1,1,11.53,2.1,0.0,13.63,shipmonk_estimate,USD
157484,6725006623030,Cattasaurus - shoproxstore - Shopify,direct_to_consumer,fulfilled,2025-07-19,2025-07-21,2025-07-19,NV3,OnTrac,1,1,11.53,2.1,0.0,13.63,shipmonk_estimate,USD
157485,6725012226358,Cattasaurus - shoproxstore - Shopify,direct_to_consumer,fulfilled,2025-07-19,2025-07-20,2025-07-19,PA2,OnTrac,1,1,11.72,2.1,0.0,13.82,shipmonk_estimate,USD
157487,6725013963062,Cattasaurus - shoproxstore - Shopify,direct_to_consumer,fulfilled,2025-07-19,2025-07-20,2025-07-19,PA2,OnTrac,1,1,11.72,2.1,0.0,13.82,shipmonk_estimate,USD
157488,6725014552886,Cattasaurus - shoproxstore - Shopify,direct_to_consumer,fulfilled,2025-07-19,2025-07-21,2025-07-19,NV3,OnTrac,1,1,15.61,1.8,0.0,17.41,shipmonk_estimate,USD
157489,6725015535926,Cattasaurus - shoproxstore - Shopify,direct_to_consumer,fulfilled,2025-07-19,2025-07-21,2025-07-19,NV3,OnTrac,1,1,11.53,1.8,0.0,13.33,shipmonk_estimate,USD
157490,6725016256822,Cattasaurus - shoproxstore - Shopify,direct_to_consumer,fulfilled,2025-07-19,2025-07-20,2025-07-19,PA2,OnTrac,1,1,10.81,2.1,0.0,12.91,shipmonk_estimate,USD
157491,6725017665846,Cattasaurus - shoproxstore - Shopify,direct_to_consumer,fulfilled,2025-07-19,2025-07-21,2025-07-19,PA2,OnTrac,1,1,10.81,1.8,0.0,12.61,shipmonk_estimate,USD
157492,6725018779958,Cattasaurus - shoproxstore - Shopify,direct_to_consumer,fulfilled,2025-07-19,,2025-07-19,NV3,ShipMonk,2,0,21.67,4.5,0.0,26.17,shipmonk_estimate,USD
157495,6725023924534,Cattasaurus - shoproxstore - Shopify,direct_to_consumer,fulfilled,2025-07-19,2025-07-21,2025-07-19,NV3,OnTrac,1,1,23.2,1.8,0.0,25.0,shipmonk_estimate,USD
157496,6725027725622,Cattasaurus - shoproxstore - Shopify,direct_to_consumer,fulfilled,2025-07-19,2025-07-21,2025-07-19,NV3,FedEx,1,1,27.04,2.1,0.0,29.14,shipmonk_estimate,USD
157497,6725027954998,Cattasaurus - shoproxstore - Shopify,direct_to_consumer,fulfilled,2025-07-19,2025-07-21,2025-07-19,NV3,FedEx,1,1,14.04,1.8,0.0,15.84,shipmonk_estimate,USD
157498,6725030674742,Cattasaurus - shoproxstore - Shopify,direct_to_consumer,fulfilled,2025-07-19,2025-07-21,2025-07-19,NV3,FedEx,1,1,15.9,1.8,0.0,17.7,shipmonk_estimate,USD
157499,6725032050998,Cattasaurus - shoproxstore - Shopify,direct_to_consumer,fulfilled,2025-07-19,2025-07-21,2025-07-19,NV3,OnTrac,1,1,11.72,1.8,0.0,13.52,shipmonk_estimate,USD
157500,6725035131190,Cattasaurus - shoproxstore - Shopify,direct_to_consumer,fulfilled,2025-07-19,2025-07-20,2025-07-19,PA2,OnTrac,1,1,14.04,2.1,0.0,16.14,shipmonk_estimate,USD
157501,6725036507446,Cattasaurus - shoproxstore - Shopify,direct_to_consumer,fulfilled,2025-07-19,2025-07-20,2025-07-19,PA2,OnTrac,1,1,11.53,2.1,0.0,13.63,shipmonk_estimate,USD
157502,6725038965046,Cattasaurus - shoproxstore - Shopify,direct_to_consumer,fulfilled,2025-07-19,2025-07-20,2025-07-19,PA2,OnTrac,1,1,11.72,2.1,0.0,13.82,shipmonk_estimate,USD
157503,6725039751478,Cattasaurus - shoproxstore - Shopify,direct_to_consumer,fulfilled,2025-07-19,2025-07-21,2025-07-19,NV3,OnTrac,1,1,15.9,1.8,0.0,17.7,shipmonk_estimate,USD
157504,6725041586486,Cattasaurus - shoproxstore - Shopify,direct_to_consumer,fulfilled,2025-07-19,2025-07-21,2025-07-19,PA2,OnTrac,1,1,11.53,1.8,0.0,13.33,shipmonk_estimate,USD
157505,6725043257654,Cattasaurus - shoproxstore - Shopify,direct_to_consumer,fulfilled,2025-07-19,2025-07-21,2025-07-19,PA2,OnTrac,1,1,11.72,1.8,0.0,13.52,shipmonk_estimate,USD
157506,6725044764982,Cattasaurus - shoproxstore - Shopify,direct_to_consumer,fulfilled,2025-07-19,2025-07-21,2025-07-19,NV3,OnTrac,1,1,27.04,1.8,0.0,28.84,shipmonk_estimate,USD
157507,6725046960438,Cattasaurus - shoproxstore - Shopify,direct_to_consumer,fulfilled,2025-07-19,2025-07-21,2025-07-19,NV3,FedEx,1,1,28.6,1.8,0.0,30.4,shipmonk_estimate,USD
157508,6725047451958,Cattasaurus - shoproxstore - Shopify,direct_to_consumer,fulfilled,2025-07-19,2025-07-21,2025-07-19,NV3,FedEx,1,1,14.65,2.1,0.0,16.75,shipmonk_estimate,USD
157509,6725048140086,Cattasaurus - shoproxstore - Shopify,direct_to_consumer,fulfilled,2025-07-19,2025-07-20,2025-07-19,PA2,OnTrac,1,1,11.72,2.1,0.0,13.82,shipmonk_estimate,USD
157510,6725048992054,Cattasaurus - shoproxstore - Shopify,direct_to_consumer,fulfilled,2025-07-19,2025-07-21,2025-07-19,NV3,FedEx,1,1,0.0,1.8,0.0,1.8,shipmonk_estimate,USD
157511,6725050892598,Cattasaurus - shoproxstore - Shopify,direct_to_consumer,fulfilled,2025-07-19,2025-07-21,2025-07-19,NV3,OnTrac,1,1,11.53,1.8,0.0,13.33,shipmonk_estimate,USD
157512,6725051777334,Cattasaurus - shoproxstore - Shopify,direct_to_consumer,fulfilled,2025-07-19,2025-07-20,2025-07-19,PA2,OnTrac,1,1,14.04,2.1,0.0,16.14,shipmonk_estimate,USD
157513,6725051810102,Cattasaurus - shoproxstore - Shopify,direct_to_consumer,fulfilled,2025-07-19,2025-07-21,2025-07-19,NV3,FedEx,1,1,20.2,1.8,0.0,22.0,shipmonk_estimate,USD
157514,6725051842870,Cattasaurus - shoproxstore - Shopify,direct_to_consumer,fulfilled,2025-07-19,2025-07-21,2025-07-19,NV3,OnTrac,1,1,15.61,2.4,0.0,18.01,shipmonk_estimate,USD
157515,6725052760374,Cattasaurus - shoproxstore - Shopify,direct_to_consumer,fulfilled,2025-07-19,2025-07-21,2025-07-19,NV3,FedEx,1,1,16.45,1.8,0.0,18.25,shipmonk_estimate,USD
157516,6725055119670,Cattasaurus - shoproxstore - Shopify,direct_to_consumer,fulfilled,2025-07-19,2025-07-20,2025-07-19,PA2,OnTrac,1,1,10.81,2.1,0.0,12.91,shipmonk_estimate,USD
157518,6725057773878,Cattasaurus - shoproxstore - Shopify,direct_to_consumer,fulfilled,2025-07-19,2025-07-20,2025-07-19,PA2,UPS,1,1,15.6,1.8,0.0,17.4,shipmonk_estimate,USD
157519,6725061148982,Cattasaurus - shoproxstore - Shopify,direct_to_consumer,fulfilled,2025-07-19,2025-07-21,2025-07-19,PA2,FedEx,1,1,15.1,2.4,0.0,17.5,shipmonk_estimate,USD
157520,6725061181750,Cattasaurus - shoproxstore - Shopify,direct_to_consumer,fulfilled,2025-07-19,2025-07-20,2025-07-19,PA2,FedEx,1,1,19.32,2.1,0.0,21.42,shipmonk_estimate,USD
157521,6725062951222,Cattasaurus - shoproxstore - Shopify,direct_to_consumer,fulfilled,2025-07-19,2025-07-20,2025-07-19,PA2,OnTrac,1,1,11.53,1.8,0.0,13.33,shipmonk_estimate,USD
157522,6725063213366,Cattasaurus - shoproxstore - Shopify,direct_to_consumer,fulfilled,2025-07-19,2025-07-21,2025-07-19,NV3,FedEx,1,1,24.76,1.8,0.0,26.56,shipmonk_estimate,USD
157523,6725063311670,Cattasaurus - shoproxstore - Shopify,direct_to_consumer,fulfilled,2025-07-19,2025-07-21,2025-07-19,NV3,OnTrac,1,1,27.04,1.8,0.0,28.84,shipmonk_estimate,USD
157524,6725064261942,Cattasaurus - shoproxstore - Shopify,direct_to_consumer,fulfilled,2025-07-19,2025-07-21,2025-07-19,PA2,OnTrac,1,1,14.04,2.1,0.0,16.14,shipmonk_estimate,USD
157525,6725065081142,Cattasaurus - shoproxstore - Shopify,direct_to_consumer,fulfilled,2025-07-19,2025-07-21,2025-07-19,NV3,OnTrac,1,1,14.3,1.8,0.0,16.1,shipmonk_estimate,USD
157526,6725069766966,Cattasaurus - shoproxstore - Shopify,direct_to_consumer,fulfilled,2025-07-19,2025-07-20,2025-07-19,PA2,OnTrac,1,1,11.53,2.1,0.0,13.63,shipmonk_estimate,USD
157527,6725074387254,Cattasaurus - shoproxstore - Shopify,direct_to_consumer,fulfilled,2025-07-19,2025-07-21,2025-07-19,NV3,OnTrac,1,1,11.72,1.8,0.0,13.52,shipmonk_estimate,USD
157528,6725075271990,Cattasaurus - shoproxstore - Shopify,direct_to_consumer,fulfilled,2025-07-19,2025-07-20,2025-07-19,PA2,OnTrac,1,1,11.72,2.1,0.0,13.82,shipmonk_estimate,USD
157529,6725077565750,Cattasaurus - shoproxstore - Shopify,direct_to_consumer,fulfilled,2025-07-19,2025-07-21,2025-07-19,NV3,OnTrac,1,1,27.04,1.8,0.0,28.84,shipmonk_estimate,USD
157530,6725078745398,Cattasaurus - shoproxstore - Shopify,direct_to_consumer,fulfilled,2025-07-19,2025-07-21,2025-07-19,NV3,OnTrac,1,1,27.04,1.8,0.0,28.84,shipmonk_estimate,USD
157531,6725080056118,Cattasaurus - shoproxstore - Shopify,direct_to_consumer,fulfilled,2025-07-19,2025-07-21,2025-07-19,NV3,FedEx,1,1,15.9,1.8,0.0,17.7,shipmonk_estimate,USD
157532,6725083824438,Cattasaurus - shoproxstore - Shopify,direct_to_consumer,fulfilled,2025-07-19,2025-07-21,2025-07-19,NV3,FedEx,1,2,23.65,3.9,0.0,27.55,shipmonk_estimate,USD
157534,6725086052662,Cattasaurus - shoproxstore - Shopify,direct_to_consumer,fulfilled,2025-07-19,2025-07-21,2025-07-19,NV3,OnTrac,1,1,14.04,1.8,0.0,15.84,shipmonk_estimate,USD
157535,6725086085430,Cattasaurus - shoproxstore - Shopify,direct_to_consumer,fulfilled,2025-07-19,2025-07-20,2025-07-19,PA2,UPS,1,1,15.6,2.1,0.0,17.7,shipmonk_estimate,USD
157536,6725087527222,Cattasaurus - shoproxstore - Shopify,direct_to_consumer,fulfilled,2025-07-19,2025-07-21,2025-07-19,NV3,UPS,1,1,15.6,1.8,0.0,17.4,shipmonk_estimate,USD
157538,6725092770102,Cattasaurus - shoproxstore - Shopify,direct_to_consumer,fulfilled,2025-07-19,2025-07-21,2025-07-19,NV3,FedEx,1,1,27.04,1.8,0.0,28.84,shipmonk_estimate,USD
157539,6725094703414,Cattasaurus - shoproxstore - Shopify,direct_to_consumer,fulfilled,2025-07-19,2025-07-20,2025-07-19,PA2,OnTrac,1,1,11.53,2.1,0.0,13.63,shipmonk_estimate,USD
157540,6725095293238,Cattasaurus - shoproxstore - Shopify,direct_to_consumer,fulfilled,2025-07-19,2025-07-21,2025-07-19,NV3,FedEx,1,2,40.4,3.3,0.0,43.7,shipmonk_estimate,USD
157541,6725097816374,Cattasaurus - shoproxstore - Shopify,direct_to_consumer,fulfilled,2025-07-19,2025-07-20,2025-07-19,PA2,OnTrac,1,1,11.72,2.1,0.0,13.82,shipmonk_estimate,USD
157542,6725098570038,Cattasaurus - shoproxstore - Shopify,direct_to_consumer,fulfilled,2025-07-19,2025-07-21,2025-07-19,PA2,OnTrac,1,1,11.53,2.1,0.0,13.63,shipmonk_estimate,USD
157543,6725098799414,Cattasaurus - shoproxstore - Shopify,direct_to_consumer,fulfilled,2025-07-19,2025-07-21,2025-07-19,PA2,OnTrac,1,1,11.72,1.8,0.0,13.52,shipmonk_estimate,USD
157544,6725103649078,Cattasaurus - shoproxstore - Shopify,direct_to_consumer,fulfilled,2025-07-19,2025-07-21,2025-07-19,NV3,OnTrac,1,1,14.04,2.1,0.0,16.14,shipmonk_estimate,USD
157545,6725106794806,Cattasaurus - shoproxstore - Shopify,direct_to_consumer,fulfilled,2025-07-19,2025-07-21,2025-07-19,PA2,OnTrac,1,1,14.04,2.1,0.0,16.14,shipmonk_estimate,USD
157546,6725107351862,Cattasaurus - shoproxstore - Shopify,direct_to_consumer,fulfilled,2025-07-19,2025-07-20,2025-07-19,PA2,UPS,1,1,15.6,2.1,0.0,17.7,shipmonk_estimate,USD
157547,6725108334902,Cattasaurus - shoproxstore - Shopify,direct_to_consumer,fulfilled,2025-07-19,2025-07-21,2025-07-19,PA2,OnTrac,1,1,10.81,1.8,0.0,12.61,shipmonk_estimate,USD
157548,6725114364214,Cattasaurus - shoproxstore - Shopify,direct_to_consumer,fulfilled,2025-07-19,2025-07-21,2025-07-19,NV3,UPS,1,1,14.04,1.8,0.0,15.84,shipmonk_estimate,USD
157549,6725114855734,Cattasaurus - shoproxstore - Shopify,direct_to_consumer,fulfilled,2025-07-19,2025-07-21,2025-07-19,PA2,OnTrac,1,1,12.37,2.1,0.0,14.47,shipmonk_estimate,USD
157550,6725115314486,Cattasaurus - shoproxstore - Shopify,direct_to_consumer,fulfilled,2025-07-19,2025-07-21,2025-07-19,PA2,FedEx,1,1,14.04,1.8,0.0,15.84,shipmonk_estimate,USD
157551,6725122195766,Cattasaurus - shoproxstore - Shopify,direct_to_consumer,fulfilled,2025-07-19,2025-07-21,2025-07-19,PA2,OnTrac,1,1,14.04,1.8,0.0,15.84,shipmonk_estimate,USD
157553,6725122883894,Cattasaurus - shoproxstore - Shopify,direct_to_consumer,fulfilled,2025-07-19,2025-07-21,2025-07-19,NV3,OnTrac,1,1,11.53,1.8,0.0,13.33,shipmonk_estimate,USD
157554,6725123801398,Cattasaurus - shoproxstore - Shopify,direct_to_consumer,fulfilled,2025-07-19,2025-07-21,2025-07-19,NV3,FedEx,1,1,28.6,1.8,0.0,30.4,shipmonk_estimate,USD
157555,6725124063542,Cattasaurus - shoproxstore - Shopify,direct_to_consumer,fulfilled,2025-07-19,2025-07-21,2025-07-19,NV3,FedEx,1,1,24.76,1.8,0.0,26.56,shipmonk_estimate,USD
157556,6725124325686,Cattasaurus - shoproxstore - Shopify,direct_to_consumer,fulfilled,2025-07-19,2025-07-21,2025-07-19,PA2,OnTrac,1,1,10.81,2.1,0.0,12.91,shipmonk_estimate,USD
157557,6725126684982,Cattasaurus - shoproxstore - Shopify,direct_to_consumer,fulfilled,2025-07-19,2025-07-21,2025-07-19,NV3,OnTrac,1,1,20.2,1.8,0.0,22.0,shipmonk_estimate,USD
157558,6725126750518,Cattasaurus - shoproxstore - Shopify,direct_to_consumer,fulfilled,2025-07-19,2025-07-21,2025-07-19,NV3,FedEx,2,2,34.43,5.7,0.0,40.13,shipmonk_estimate,USD
157559,6725133435190,Cattasaurus - shoproxstore - Shopify,direct_to_consumer,fulfilled,2025-07-19,2025-07-20,2025-07-19,PA2,OnTrac,1,1,15.9,2.1,0.0,18.0,shipmonk_estimate,USD
157560,6725134090550,Cattasaurus - shoproxstore - Shopify,direct_to_consumer,fulfilled,2025-07-19,2025-07-20,2025-07-19,PA2,OnTrac,1,1,11.72,2.1,0.0,13.82,shipmonk_estimate,USD
157562,6725135237430,Cattasaurus - shoproxstore - Shopify,direct_to_consumer,fulfilled,2025-07-19,2025-07-21,2025-07-19,NV3,OnTrac,1,1,14.05,1.8,0.0,15.85,shipmonk_estimate,USD
157563,6725138874678,Cattasaurus - shoproxstore - Shopify,direct_to_consumer,fulfilled,2025-07-19,2025-07-21,2025-07-19,PA2,OnTrac,1,1,13.09,2.4,0.0,15.49,shipmonk_estimate,USD
157564,6725146444086,Cattasaurus - shoproxstore - Shopify,direct_to_consumer,fulfilled,2025-07-19,2025-07-21,2025-07-19,PA2,OnTrac,1,1,11.53,2.1,0.0,13.63,shipmonk_estimate,USD
157565,6725147001142,Cattasaurus - shoproxstore - Shopify,direct_to_consumer,fulfilled,2025-07-19,2025-07-20,2025-07-19,PA2,UPS,1,1,17.46,2.1,0.0,19.56,shipmonk_estimate,USD
157568,6725152866614,Cattasaurus - shoproxstore - Shopify,direct_to_consumer,fulfilled,2025-07-19,2025-07-23,2025-07-19,PA2,OnTrac,1,1,16.21,2.4,0.0,18.61,shipmonk_estimate,USD
157571,6725155062070,Cattasaurus - shoproxstore - Shopify,direct_to_consumer,fulfilled,2025-07-19,2025-07-21,2025-07-19,PA2,OnTrac,1,1,20.09,2.4,0.0,22.49,shipmonk_estimate,USD
157572,6725155324214,Cattasaurus - shoproxstore - Shopify,direct_to_consumer,fulfilled,2025-07-19,2025-07-20,2025-07-19,PA2,OnTrac,1,1,13.28,2.1,0.0,15.38,shipmonk_estimate,USD
157573,6725155455286,Cattasaurus - shoproxstore - Shopify,direct_to_consumer,fulfilled,2025-07-19,2025-07-21,2025-07-19,PA2,OnTrac,1,1,14.04,1.8,0.0,15.84,shipmonk_estimate,USD
157574,6725156012342,Cattasaurus - shoproxstore - Shopify,direct_to_consumer,fulfilled,2025-07-19,2025-07-21,2025-07-19,PA2,OnTrac,1,1,10.81,1.8,0.0,12.61,shipmonk_estimate,USD
157575,6725158732086,Cattasaurus - shoproxstore - Shopify,direct_to_consumer,fulfilled,2025-07-19,2025-08-01,2025-07-19,NV3,OnTrac,1,1,15.9,1.8,0.0,17.7,shipmonk_estimate,USD
157576,6725158699318,Cattasaurus - shoproxstore - Shopify,direct_to_consumer,fulfilled,2025-07-19,2025-07-21,2025-07-19,NV3,OnTrac,1,1,13.28,2.1,0.0,15.38,shipmonk_estimate,USD
157577,6725158830390,Cattasaurus - shoproxstore - Shopify,direct_to_consumer,fulfilled,2025-07-19,2025-07-23,2025-07-19,NV3,OnTrac,1,1,14.04,3.5,0.0,17.54,shipmonk_estimate,USD
157578,6725163876662,Cattasaurus - shoproxstore - Shopify,direct_to_consumer,fulfilled,2025-07-19,2025-07-21,2025-07-19,NV3,FedEx,1,1,14.05,1.8,0.0,15.85,shipmonk_estimate,USD
157579,6725165580598,Cattasaurus - shoproxstore - Shopify,direct_to_consumer,fulfilled,2025-07-19,2025-07-21,2025-07-19,NV3,FedEx,1,2,29.3,3.9,0.0,33.2,shipmonk_estimate,USD
157580,6725171020086,Cattasaurus - shoproxstore - Shopify,direct_to_consumer,fulfilled,2025-07-19,2025-07-21,2025-07-19,NV3,OnTrac,1,1,14.04,1.8,0.0,15.84,shipmonk_estimate,USD
157583,6725178196278,Cattasaurus - shoproxstore - Shopify,direct_to_consumer,fulfilled,2025-07-19,2025-07-20,2025-07-19,PA2,OnTrac,1,1,20.56,2.1,0.0,22.66,shipmonk_estimate,USD
157584,6725182718262,Cattasaurus - shoproxstore - Shopify,direct_to_consumer,fulfilled,2025-07-19,2025-07-21,2025-07-19,PA2,FedEx,1,1,14.04,1.8,0.0,15.84,shipmonk_estimate,USD
157585,6725185274166,Cattasaurus - shoproxstore - Shopify,direct_to_consumer,fulfilled,2025-07-19,2025-07-20,2025-07-19,PA2,OnTrac,1,1,14.04,2.1,0.0,16.14,shipmonk_estimate,USD
157587,6725186978102,Cattasaurus - shoproxstore - Shopify,direct_to_consumer,fulfilled,2025-07-19,2025-07-20,2025-07-19,PA2,FedEx,1,1,14.04,2.1,0.0,16.14,shipmonk_estimate,USD
157589,6725191369014,Cattasaurus - shoproxstore - Shopify,direct_to_consumer,fulfilled,2025-07-19,2025-07-21,2025-07-19,PA2,OnTrac,1,1,20.56,2.1,0.0,22.66,shipmonk_estimate,USD
157590,6725198283062,Cattasaurus - shoproxstore - Shopify,direct_to_consumer,fulfilled,2025-07-19,2025-07-21,2025-07-19,PA2,OnTrac,1,1,14.04,1.8,0.0,15.84,shipmonk_estimate,USD
157591,6725198676278,Cattasaurus - shoproxstore - Shopify,direct_to_consumer,fulfilled,2025-07-19,2025-07-21,2025-07-19,NV3,FedEx,1,1,24.76,1.8,0.0,26.56,shipmonk_estimate,USD
157592,6725209817398,Cattasaurus - shoproxstore - Shopify,direct_to_consumer,fulfilled,2025-07-19,2025-07-21,2025-07-19,NV3,OnTrac,1,1,11.53,1.8,0.0,13.33,shipmonk_estimate,USD
157594,6725211324726,Cattasaurus - shoproxstore - Shopify,direct_to_consumer,fulfilled,2025-07-19,2025-07-21,2025-07-19,NV3,FedEx,1,1,27.04,1.8,0.0,28.84,shipmonk_estimate,USD
157596,6725216370998,Cattasaurus - shoproxstore - Shopify,direct_to_consumer,fulfilled,2025-07-19,2025-07-20,2025-07-19,PA2,OnTrac,1,1,11.72,2.1,0.0,13.82,shipmonk_estimate,USD
157597,6725216502070,Cattasaurus - shoproxstore - Shopify,direct_to_consumer,fulfilled,2025-07-19,2025-07-21,2025-07-19,NV3,OnTrac,1,1,14.04,1.8,0.0,15.84,shipmonk_estimate,USD
157598,6725220172086,Cattasaurus - shoproxstore - Shopify,direct_to_consumer,fulfilled,2025-07-19,2025-07-21,2025-07-19,NV3,OnTrac,1,1,14.05,1.8,0.0,15.85,shipmonk_estimate,USD
157599,6725224857910,Cattasaurus - shoproxstore - Shopify,direct_to_consumer,fulfilled,2025-07-19,2025-07-21,2025-07-19,NV3,OnTrac,1,1,12.74,1.8,0.0,14.54,shipmonk_estimate,USD
157600,6725229281590,Cattasaurus - shoproxstore - Shopify,direct_to_consumer,fulfilled,2025-07-19,2025-07-21,2025-07-19,PA2,OnTrac,1,1,17.46,2.1,0.0,19.56,shipmonk_estimate,USD
157602,6725229936950,Cattasaurus - shoproxstore - Shopify,direct_to_consumer,fulfilled,2025-07-19,2025-07-21,2025-07-19,NV3,OnTrac,1,1,12.74,2.1,0.0,14.84,shipmonk_estimate,USD
157603,6725233639734,Cattasaurus - shoproxstore - Shopify,direct_to_consumer,fulfilled,2025-07-19,2025-07-21,2025-07-19,NV3,UPS,1,1,17.46,1.8,0.0,19.26,shipmonk_estimate,USD
157605,6725234721078,Cattasaurus - shoproxstore - Shopify,direct_to_consumer,fulfilled,2025-07-19,2025-07-21,2025-07-19,NV3,FedEx,1,2,29.14,3.9,0.0,33.04,shipmonk_estimate,USD
157606,6725234852150,Cattasaurus - shoproxstore - Shopify,direct_to_consumer,fulfilled,2025-07-19,2025-07-21,2025-07-19,PA2,OnTrac,1,1,11.72,1.8,0.0,13.52,shipmonk_estimate,USD
157607,6725237178678,Cattasaurus - shoproxstore - Shopify,direct_to_consumer,fulfilled,2025-07-19,2025-07-21,2025-07-19,NV3,OnTrac,1,1,23.2,1.8,0.0,25.0,shipmonk_estimate,USD
157608,6725237244214,Cattasaurus - shoproxstore - Shopify,direct_to_consumer,fulfilled,2025-07-19,2025-07-21,2025-07-19,PA2,OnTrac,1,1,11.53,1.8,0.0,13.33,shipmonk_estimate,USD
157610,6725245403446,Cattasaurus - shoproxstore - Shopify,direct_to_consumer,fulfilled,2025-07-19,2025-07-21,2025-07-19,NV3,UPS,1,1,13.28,1.8,0.0,15.08,shipmonk_estimate,USD
157612,6725246517558,Cattasaurus - shoproxstore - Shopify,direct_to_consumer,fulfilled,2025-07-19,2025-07-21,2025-07-19,PA2,FedEx,1,1,11.72,1.8,0.0,13.52,shipmonk_estimate,USD
157613,6725249270070,Cattasaurus - shoproxstore - Shopify,direct_to_consumer,fulfilled,2025-07-19,2025-07-23,2025-07-19,PA2,OnTrac,1,1,14.04,2.1,0.0,16.14,shipmonk_estimate,USD
157614,6725256249654,Cattasaurus - shoproxstore - Shopify,direct_to_consumer,fulfilled,2025-07-19,2025-07-21,2025-07-19,PA2,OnTrac,1,1,13.09,2.4,0.0,15.49,shipmonk_estimate,USD
157617,6725261295926,Cattasaurus - shoproxstore - Shopify,direct_to_consumer,fulfilled,2025-07-19,2025-07-21,2025-07-19,NV3,FedEx,1,1,27.04,1.8,0.0,28.84,shipmonk_estimate,USD
157618,6725267259702,Cattasaurus - shoproxstore - Shopify,direct_to_consumer,fulfilled,2025-07-19,2025-07-20,2025-07-19,PA2,OnTrac,1,1,14.04,2.1,0.0,16.14,shipmonk_estimate,USD
157619,6725268275510,Cattasaurus - shoproxstore - Shopify,direct_to_consumer,fulfilled,2025-07-19,2025-07-21,2025-07-19,PA2,OnTrac,1,1,14.04,1.8,0.0,15.84,shipmonk_estimate,USD
157620,6725268799798,Cattasaurus - shoproxstore - Shopify,direct_to_consumer,fulfilled,2025-07-19,2025-07-21,2025-07-19,NV3,OnTrac,1,1,13.43,2.1,0.0,15.53,shipmonk_estimate,USD
157621,6725270896950,Cattasaurus - shoproxstore - Shopify,direct_to_consumer,fulfilled,2025-07-19,2025-07-21,2025-07-19,NV3,OnTrac,1,1,16.45,1.8,0.0,18.25,shipmonk_estimate,USD
157623,6725274403126,Cattasaurus - shoproxstore - Shopify,direct_to_consumer,fulfilled,2025-07-19,2025-07-21,2025-07-19,NV3,OnTrac,1,1,13.28,1.8,0.0,15.08,shipmonk_estimate,USD
157625,6725282332982,Cattasaurus - shoproxstore - Shopify,direct_to_consumer,fulfilled,2025-07-19,2025-07-21,2025-07-19,NV3,OnTrac,1,1,15.6,1.8,0.0,17.4,shipmonk_estimate,USD
157626,6725284725046,Cattasaurus - shoproxstore - Shopify,direct_to_consumer,fulfilled,2025-07-19,2025-07-21,2025-07-19,PA2,OnTrac,1,1,14.04,1.8,0.0,15.84,shipmonk_estimate,USD
157627,6725285314870,Cattasaurus - shoproxstore - Shopify,direct_to_consumer,fulfilled,2025-07-19,2025-07-21,2025-07-19,PA2,UPS,1,1,11.72,1.8,0.0,13.52,shipmonk_estimate,USD
157629,6725287346486,Cattasaurus - shoproxstore - Shopify,direct_to_consumer,fulfilled,2025-07-19,2025-07-21,2025-07-19,NV3,OnTrac,1,1,14.05,2.1,0.0,16.15,shipmonk_estimate,USD
157630,6725288067382,Cattasaurus - shoproxstore - Shopify,direct_to_consumer,fulfilled,2025-07-19,2025-07-21,2025-07-19,NV3,FedEx,1,1,27.04,1.8,0.0,28.84,shipmonk_estimate,USD
157631,6725302518070,Cattasaurus - shoproxstore - Shopify,direct_to_consumer,fulfilled,2025-07-19,2025-07-21,2025-07-19,PA2,OnTrac,1,1,10.81,1.8,0.0,12.61,shipmonk_estimate,USD
157632,6725307662646,Cattasaurus - shoproxstore - Shopify,direct_to_consumer,fulfilled,2025-07-19,2025-07-21,2025-07-19,NV3,OnTrac,1,1,20.2,1.8,0.0,22.0,shipmonk_estimate,USD
157633,6725314674998,Cattasaurus - shoproxstore - Shopify,direct_to_consumer,fulfilled,2025-07-19,2025-07-21,2025-07-19,NV3,FedEx,1,2,29.14,3.9,0.0,33.04,shipmonk_estimate,USD
157634,6725318082870,Cattasaurus - shoproxstore - Shopify,direct_to_consumer,fulfilled,2025-07-19,2025-07-21,2025-07-19,PA2,OnTrac,1,1,13.28,1.8,0.0,15.08,shipmonk_estimate,USD
157636,6725319393590,Cattasaurus - shoproxstore - Shopify,direct_to_consumer,fulfilled,2025-07-19,2025-07-21,2025-07-19,PA2,OnTrac,1,1,14.04,2.1,0.0,16.14,shipmonk_estimate,USD
157637,6725322801462,Cattasaurus - shoproxstore - Shopify,direct_to_consumer,fulfilled,2025-07-19,2025-07-21,2025-07-19,PA2,FedEx,1,1,10.04,2.5,0.0,12.54,shipmonk_estimate,USD
157638,6725324276022,Cattasaurus - shoproxstore - Shopify,direct_to_consumer,fulfilled,2025-07-19,2025-07-21,2025-07-19,NV3,OnTrac,1,1,11.53,1.8,0.0,13.33,shipmonk_estimate,USD
157639,6725325357366,Cattasaurus - shoproxstore - Shopify,direct_to_consumer,fulfilled,2025-07-19,2025-07-21,2025-07-19,NV3,OnTrac,1,1,13.09,1.8,0.0,14.89,shipmonk_estimate,USD
157641,6725332009270,Cattasaurus - shoproxstore - Shopify,direct_to_consumer,fulfilled,2025-07-19,2025-07-21,2025-07-19,PA2,FedEx,1,1,14.04,1.8,0.0,15.84,shipmonk_estimate,USD
157642,6725334106422,Cattasaurus - shoproxstore - Shopify,direct_to_consumer,fulfilled,2025-07-19,2025-07-23,2025-07-19,PA2,UPS,1,1,15.6,1.8,0.0,17.4,shipmonk_estimate,USD
157643,6725337383222,Cattasaurus - shoproxstore - Shopify,direct_to_consumer,fulfilled,2025-07-19,2025-07-21,2025-07-19,PA2,OnTrac,1,1,11.53,1.8,0.0,13.33,shipmonk_estimate,USD
157644,6725338530102,Cattasaurus - shoproxstore - Shopify,direct_to_consumer,fulfilled,2025-07-19,2025-07-21,2025-07-19,PA2,OnTrac,1,1,11.72,1.8,0.0,13.52,shipmonk_estimate,USD
157645,6725341086006,Cattasaurus - shoproxstore - Shopify,direct_to_consumer,fulfilled,2025-07-19,2025-07-21,2025-07-19,PA2,FedEx,1,1,14.04,1.8,0.0,15.84,shipmonk_estimate,USD
157646,6725342822710,Cattasaurus - shoproxstore - Shopify,direct_to_consumer,fulfilled,2025-07-19,2025-07-21,2025-07-19,NV3,OnTrac,1,1,12.74,1.8,0.0,14.54,shipmonk_estimate,USD
157648,6725347606838,Cattasaurus - shoproxstore - Shopify,direct_to_consumer,fulfilled,2025-07-19,2025-07-21,2025-07-19,NV3,OnTrac,1,1,15.9,2.1,0.0,18.0,shipmonk_estimate,USD
157650,6725354422582,Cattasaurus - shoproxstore - Shopify,direct_to_consumer,fulfilled,2025-07-19,2025-07-21,2025-07-19,PA2,OnTrac,1,1,11.72,1.8,0.0,13.52,shipmonk_estimate,USD
157651,6725362745654,Cattasaurus - shoproxstore - Shopify,direct_to_consumer,fulfilled,2025-07-19,2025-07-21,2025-07-19,NV3,OnTrac,1,1,11.72,1.8,0.0,13.52,shipmonk_estimate,USD
157652,6725370544438,Cattasaurus - shoproxstore - Shopify,direct_to_consumer,fulfilled,2025-07-19,2025-07-21,2025-07-19,NV3,OnTrac,1,1,13.43,2.1,0.0,15.53,shipmonk_estimate,USD
157653,6725372281142,Cattasaurus - shoproxstore - Shopify,direct_to_consumer,fulfilled,2025-07-19,2025-07-21,2025-07-19,NV3,FedEx,1,1,15.9,1.8,0.0,17.7,shipmonk_estimate,USD
157654,6725374542134,Cattasaurus - shoproxstore - Shopify,direct_to_consumer,fulfilled,2025-07-19,2025-07-21,2025-07-19,PA2,FedEx,1,1,11.53,2.1,0.0,13.63,shipmonk_estimate,USD
157657,6725379293494,Cattasaurus - shoproxstore - Shopify,direct_to_consumer,fulfilled,2025-07-19,2025-07-21,2025-07-19,NV3,OnTrac,1,1,11.53,1.8,0.0,13.33,shipmonk_estimate,USD
157658,6725379948854,Cattasaurus - shoproxstore - Shopify,direct_to_consumer,fulfilled,2025-07-19,2025-07-21,2025-07-19,NV3,OnTrac,1,1,20.2,1.8,0.0,22.0,shipmonk_estimate,USD
157662,6725384798518,Cattasaurus - shoproxstore - Shopify,direct_to_consumer,fulfilled,2025-07-19,2025-07-21,2025-07-19,NV3,FedEx,1,1,20.2,1.8,0.0,22.0,shipmonk_estimate,USD
157663,6725385486646,Cattasaurus - shoproxstore - Shopify,direct_to_consumer,fulfilled,2025-07-19,2025-07-21,2025-07-19,NV3,OnTrac,1,1,13.28,1.8,0.0,15.08,shipmonk_estimate,USD
157664,6725387419958,Cattasaurus - shoproxstore - Shopify,direct_to_consumer,fulfilled,2025-07-19,2025-07-21,2025-07-19,NV3,OnTrac,2,1,28.6,3.3,0.0,31.9,shipmonk_estimate,USD
157665,6725390139702,Cattasaurus - shoproxstore - Shopify,direct_to_consumer,fulfilled,2025-07-19,2025-07-23,2025-07-19,NV3,OnTrac,1,1,28.6,1.8,0.0,30.4,shipmonk_estimate,USD
157666,6725392302390,Cattasaurus - shoproxstore - Shopify,direct_to_consumer,fulfilled,2025-07-19,2025-07-21,2025-07-19,NV3,FedEx,1,1,24.76,1.8,0.0,26.56,shipmonk_estimate,USD
157667,6725393023286,Cattasaurus - shoproxstore - Shopify,direct_to_consumer,fulfilled,2025-07-19,2025-07-21,2025-07-19,PA2,OnTrac,1,1,15.1,2.4,0.0,17.5,shipmonk_estimate,USD
157668,6725395284278,Cattasaurus - shoproxstore - Shopify,direct_to_consumer,fulfilled,2025-07-19,2025-07-21,2025-07-19,PA2,OnTrac,1,1,12.37,1.8,0.0,14.17,shipmonk_estimate,USD
157669,6725396070710,Cattasaurus - shoproxstore - Shopify,direct_to_consumer,fulfilled,2025-07-19,2025-07-21,2025-07-19,PA2,FedEx,1,1,14.04,1.8,0.0,15.84,shipmonk_estimate,USD
157670,6725397840182,Cattasaurus - shoproxstore - Shopify,direct_to_consumer,fulfilled,2025-07-19,2025-07-21,2025-07-19,PA2,FedEx,1,1,15.9,1.8,0.0,17.7,shipmonk_estimate,USD
157672,6725401215286,Cattasaurus - shoproxstore - Shopify,direct_to_consumer,fulfilled,2025-07-19,2025-07-21,2025-07-19,PA2,OnTrac,1,1,12.37,1.8,0.0,14.17,shipmonk_estimate,USD
157673,6725411209526,Cattasaurus - shoproxstore - Shopify,direct_to_consumer,fulfilled,2025-07-19,2025-07-21,2025-07-19,NV3,OnTrac,1,1,27.04,2.1,0.0,29.14,shipmonk_estimate,USD
157674,6725411471670,Cattasaurus - shoproxstore - Shopify,direct_to_consumer,fulfilled,2025-07-19,2025-07-21,2025-07-19,PA2,FedEx,1,1,11.72,1.8,0.0,13.52,shipmonk_estimate,USD
157675,6725412880694,Cattasaurus - shoproxstore - Shopify,direct_to_consumer,fulfilled,2025-07-19,2025-07-21,2025-07-19,NV3,OnTrac,1,1,20.35,2.1,0.0,22.45,shipmonk_estimate,USD
157676,6725416550710,Cattasaurus - shoproxstore - Shopify,direct_to_consumer,fulfilled,2025-07-19,2025-07-21,2025-07-19,PA2,OnTrac,1,1,14.04,1.8,0.0,15.84,shipmonk_estimate,USD
157677,6725416911158,Cattasaurus - shoproxstore - Shopify,direct_to_consumer,fulfilled,2025-07-19,2025-07-21,2025-07-19,PA2,OnTrac,1,1,12.37,2.1,0.0,14.47,shipmonk_estimate,USD
157678,6725419761974,Cattasaurus - shoproxstore - Shopify,direct_to_consumer,fulfilled,2025-07-19,2025-07-21,2025-07-19,PA2,OnTrac,1,1,14.04,1.8,0.0,15.84,shipmonk_estimate,USD
157682,6725428904246,Cattasaurus - shoproxstore - Shopify,direct_to_consumer,fulfilled,2025-07-19,2025-07-21,2025-07-19,PA2,OnTrac,1,1,10.16,2.1,0.0,12.26,shipmonk_estimate,USD
157683,6725429002550,Cattasaurus - shoproxstore - Shopify,direct_to_consumer,fulfilled,2025-07-19,2025-07-21,2025-07-19,NV3,OnTrac,1,1,14.04,1.8,0.0,15.84,shipmonk_estimate,USD
157685,6725436899638,Cattasaurus - shoproxstore - Shopify,direct_to_consumer,fulfilled,2025-07-19,2025-07-21,2025-07-19,PA2,OnTrac,1,1,14.04,2.1,0.0,16.14,shipmonk_estimate,USD
157687,6725459607862,Cattasaurus - shoproxstore - Shopify,direct_to_consumer,fulfilled,2025-07-19,2025-07-21,2025-07-19,PA2,OnTrac,1,1,10.81,2.1,0.0,12.91,shipmonk_estimate,USD
157689,6725464555830,Cattasaurus - shoproxstore - Shopify,direct_to_consumer,fulfilled,2025-07-19,2025-07-21,2025-07-19,PA2,UPS,1,1,15.6,1.8,0.0,17.4,shipmonk_estimate,USD
157690,6725467537718,Cattasaurus - shoproxstore - Shopify,direct_to_consumer,fulfilled,2025-07-19,2025-07-21,2025-07-19,NV3,OnTrac,1,1,27.04,1.8,0.0,28.84,shipmonk_estimate,USD
157693,6725474156854,Cattasaurus - shoproxstore - Shopify,direct_to_consumer,fulfilled,2025-07-19,2025-07-21,2025-07-19,PA2,UPS,1,1,13.09,1.8,0.0,14.89,shipmonk_estimate,USD
157694,6725481627958,Cattasaurus - shoproxstore - Shopify,direct_to_consumer,fulfilled,2025-07-19,2025-07-21,2025-07-19,PA2,OnTrac,1,1,10.81,1.8,0.0,12.61,shipmonk_estimate,USD
157696,6725488050486,Cattasaurus - shoproxstore - Shopify,direct_to_consumer,fulfilled,2025-07-19,2025-07-21,2025-07-19,NV3,OnTrac,1,1,28.6,1.8,0.0,30.4,shipmonk_estimate,USD
157697,6725488279862,Cattasaurus - shoproxstore - Shopify,direct_to_consumer,fulfilled,2025-07-19,2025-07-21,2025-07-19,NV3,FedEx,1,1,12.74,1.8,0.0,14.54,shipmonk_estimate,USD
157700,6725496963382,Cattasaurus - shoproxstore - Shopify,direct_to_consumer,fulfilled,2025-07-19,2025-07-21,2025-07-19,NV3,OnTrac,1,1,11.72,1.8,0.0,13.52,shipmonk_estimate,USD
157702,6725503582518,Cattasaurus - shoproxstore - Shopify,direct_to_consumer,fulfilled,2025-07-19,2025-07-21,2025-07-19,NV3,FedEx,1,1,27.04,1.8,0.0,28.84,shipmonk_estimate,USD
157703,6725503844662,Cattasaurus - shoproxstore - Shopify,direct_to_consumer,fulfilled,2025-07-19,2025-07-21,2025-07-19,NV3,OnTrac,1,1,14.05,2.1,0.0,16.15,shipmonk_estimate,USD
157704,6725504368950,Cattasaurus - shoproxstore - Shopify,direct_to_consumer,fulfilled,2025-07-19,2025-08-01,2025-07-19,NV3,FedEx,1,1,20.2,1.8,0.0,22.0,shipmonk_estimate,USD
157706,6725519147318,Cattasaurus - shoproxstore - Shopify,direct_to_consumer,fulfilled,2025-07-19,2025-07-21,2025-07-19,NV3,OnTrac,1,1,11.72,1.8,0.0,13.52,shipmonk_estimate,USD
157709,6725536743734,Cattasaurus - shoproxstore - Shopify,direct_to_consumer,fulfilled,2025-07-19,2025-07-21,2025-07-19,NV3,OnTrac,1,1,27.04,1.8,0.0,28.84,shipmonk_estimate,USD
157711,6725547557174,Cattasaurus - shoproxstore - Shopify,direct_to_consumer,fulfilled,2025-07-19,2025-07-21,2025-07-19,NV3,FedEx,1,1,12.74,1.8,0.0,14.54,shipmonk_estimate,USD
157712,6725550539062,Cattasaurus - shoproxstore - Shopify,direct_to_consumer,fulfilled,2025-07-19,2025-07-21,2025-07-19,NV3,FedEx,1,1,16.45,1.8,0.0,18.25,shipmonk_estimate,USD
157713,6725551620406,Cattasaurus - shoproxstore - Shopify,direct_to_consumer,fulfilled,2025-07-19,2025-07-21,2025-07-19,NV3,OnTrac,1,1,14.3,1.8,0.0,16.1,shipmonk_estimate,USD
157715,6725554602294,Cattasaurus - shoproxstore - Shopify,direct_to_consumer,fulfilled,2025-07-19,2025-07-21,2025-07-19,PA2,OnTrac,1,1,11.53,1.8,0.0,13.33,shipmonk_estimate,USD
157717,6725565710646,Cattasaurus - shoproxstore - Shopify,direct_to_consumer,fulfilled,2025-07-19,2025-07-21,2025-07-19,NV3,OnTrac,1,1,11.53,1.8,0.0,13.33,shipmonk_estimate,USD
157718,6725568594230,Cattasaurus - shoproxstore - Shopify,direct_to_consumer,fulfilled,2025-07-19,2025-07-21,2025-07-19,NV3,OnTrac,1,1,14.05,1.8,0.0,15.85,shipmonk_estimate,USD
157719,6725571051830,Cattasaurus - shoproxstore - Shopify,direct_to_consumer,fulfilled,2025-07-19,2025-07-21,2025-07-19,NV3,FedEx,1,1,14.04,1.8,0.0,15.84,shipmonk_estimate,USD
157721,6725575835958,Cattasaurus - shoproxstore - Shopify,direct_to_consumer,fulfilled,2025-07-19,2025-07-21,2025-07-19,NV3,OnTrac,1,1,24.76,1.8,0.0,26.56,shipmonk_estimate,USD
157722,6725579178294,Cattasaurus - shoproxstore - Shopify,direct_to_consumer,fulfilled,2025-07-19,2025-07-21,2025-07-19,NV3,OnTrac,1,1,14.04,1.8,0.0,15.84,shipmonk_estimate,USD
157724,6725584060726,Cattasaurus - shoproxstore - Shopify,direct_to_consumer,fulfilled,2025-07-19,2025-07-21,2025-07-19,NV3,OnTrac,1,1,14.04,2.1,0.0,16.14,shipmonk_estimate,USD
157725,6725591695670,Cattasaurus - shoproxstore - Shopify,direct_to_consumer,fulfilled,2025-07-19,2025-07-21,2025-07-19,NV3,OnTrac,1,1,17.46,1.8,0.0,19.26,shipmonk_estimate,USD
157726,6725596512566,Cattasaurus - shoproxstore - Shopify,direct_to_consumer,fulfilled,2025-07-19,2025-07-21,2025-07-19,NV3,USPS,1,1,10.25,1.8,0.0,12.05,shipmonk_estimate,USD
157727,6725597659446,Cattasaurus - shoproxstore - Shopify,direct_to_consumer,fulfilled,2025-07-19,2025-07-22,2025-07-19,NV3,FedEx,1,2,54.08,3.0,0.0,57.08,shipmonk_estimate,USD
157728,6725599330614,Cattasaurus - shoproxstore - Shopify,direct_to_consumer,fulfilled,2025-07-19,2025-07-21,2025-07-19,NV3,OnTrac,1,1,12.74,1.8,0.0,14.54,shipmonk_estimate,USD
157729,6725613912374,Cattasaurus - shoproxstore - Shopify,direct_to_consumer,fulfilled,2025-07-19,2025-07-22,2025-07-19,NV3,UPS,1,1,15.6,2.1,0.0,17.7,shipmonk_estimate,USD
157730,6725618467126,Cattasaurus - shoproxstore - Shopify,direct_to_consumer,fulfilled,2025-07-19,2025-07-22,2025-07-19,NV3,OnTrac,1,1,27.04,1.8,0.0,28.84,shipmonk_estimate,USD
157735,6725632917814,Cattasaurus - shoproxstore - Shopify,direct_to_consumer,fulfilled,2025-07-19,2025-07-22,2025-07-19,NV3,FedEx,1,2,23.44,3.0,0.0,26.44,shipmonk_estimate,USD
157736,6725652971830,Cattasaurus - shoproxstore - Shopify,direct_to_consumer,fulfilled,2025-07-19,2025-07-21,2025-07-19,PA2,OnTrac,1,1,14.04,1.8,0.0,15.84,shipmonk_estimate,USD
157737,6725653856566,Cattasaurus - shoproxstore - Shopify,direct_to_consumer,fulfilled,2025-07-19,2025-07-22,2025-07-19,NV3,FedEx,1,2,23.31,3.0,0.0,26.31,shipmonk_estimate,USD
157738,6725654282550,Cattasaurus - shoproxstore - Shopify,direct_to_consumer,fulfilled,2025-07-19,2025-07-21,2025-07-19,PA2,OnTrac,1,1,14.04,2.1,0.0,16.14,shipmonk_estimate,USD
157739,6725668864310,Cattasaurus - shoproxstore - Shopify,direct_to_consumer,fulfilled,2025-07-19,2025-07-21,2025-07-19,NV3,FedEx,1,1,24.76,1.8,0.0,26.56,shipmonk_estimate,USD
157740,6725672698166,Cattasaurus - shoproxstore - Shopify,direct_to_consumer,fulfilled,2025-07-19,2025-07-21,2025-07-19,NV3,OnTrac,1,1,11.53,1.8,0.0,13.33,shipmonk_estimate,USD
157741,6725687017782,Cattasaurus - shoproxstore - Shopify,direct_to_consumer,fulfilled,2025-07-19,2025-07-21,2025-07-19,PA2,OnTrac,1,1,11.53,2.1,0.0,13.63,shipmonk_estimate,USD
157742,6725687771446,Cattasaurus - shoproxstore - Shopify,direct_to_consumer,fulfilled,2025-07-19,2025-07-21,2025-07-19,PA2,OnTrac,1,1,11.72,2.1,0.0,13.82,shipmonk_estimate,USD
157743,6725691670838,Cattasaurus - shoproxstore - Shopify,direct_to_consumer,fulfilled,2025-07-19,2025-07-21,2025-07-19,PA2,UPS,1,1,15.6,1.8,0.0,17.4,shipmonk_estimate,USD
157744,6725699895606,Cattasaurus - shoproxstore - Shopify,direct_to_consumer,fulfilled,2025-07-19,2025-07-22,2025-07-19,NV3,OnTrac,1,1,11.53,1.8,0.0,13.33,shipmonk_estimate,USD
157747,6725715198262,Cattasaurus - shoproxstore - Shopify,direct_to_consumer,fulfilled,2025-07-19,2025-07-22,2025-07-19,NV3,FedEx,1,1,24.76,1.8,0.0,26.56,shipmonk_estimate,USD
157749,6725722833206,Cattasaurus - shoproxstore - Shopify,direct_to_consumer,fulfilled,2025-07-19,2025-07-21,2025-07-19,PA2,OnTrac,2,1,13.28,2.1,0.0,15.38,shipmonk_estimate,USD
157750,6725724832054,Cattasaurus - shoproxstore - Shopify,direct_to_consumer,fulfilled,2025-07-19,2025-07-21,2025-07-19,NV3,OnTrac,1,1,12.74,1.8,0.0,14.54,shipmonk_estimate,USD
157752,6725731123510,Cattasaurus - shoproxstore - Shopify,direct_to_consumer,fulfilled,2025-07-19,2025-07-21,2025-07-19,NV3,OnTrac,1,1,14.04,1.8,0.0,15.84,shipmonk_estimate,USD
157754,6725738594614,Cattasaurus - shoproxstore - Shopify,direct_to_consumer,fulfilled,2025-07-19,2025-07-22,2025-07-19,NV3,OnTrac,1,1,20.2,2.1,0.0,22.3,shipmonk_estimate,USD
157755,6725739249974,Cattasaurus - shoproxstore - Shopify,direct_to_consumer,fulfilled,2025-07-19,2025-07-21,2025-07-19,PA2,OnTrac,2,1,10.81,2.1,0.0,12.91,shipmonk_estimate,USD
157756,6725741740342,Cattasaurus - shoproxstore - Shopify,direct_to_consumer,fulfilled,2025-07-19,2025-07-21,2025-07-19,PA2,FedEx,1,1,14.04,1.8,0.0,15.84,shipmonk_estimate,USD
157758,6725749440822,Cattasaurus - shoproxstore - Shopify,direct_to_consumer,fulfilled,2025-07-19,2025-07-21,2025-07-19,NV3,OnTrac,1,1,13.28,1.8,0.0,15.08,shipmonk_estimate,USD
157759,6725749866806,Cattasaurus - shoproxstore - Shopify,direct_to_consumer,fulfilled,2025-07-19,2025-07-22,2025-07-19,NV3,OnTrac,1,1,23.2,1.8,0.0,25.0,shipmonk_estimate,USD
157761,6725751537974,Cattasaurus - shoproxstore - Shopify,direct_to_consumer,fulfilled,2025-07-19,2025-07-22,2025-07-19,NV3,UPS,1,1,14.04,1.8,0.0,15.84,shipmonk_estimate,USD
157762,6725755830582,Cattasaurus - shoproxstore - Shopify,direct_to_consumer,fulfilled,2025-07-19,2025-07-21,2025-07-19,PA2,OnTrac,1,1,11.72,2.1,0.0,13.82,shipmonk_estimate,USD
157764,6725757174070,Cattasaurus - shoproxstore - Shopify,direct_to_consumer,fulfilled,2025-07-19,2025-07-21,2025-07-19,PA2,OnTrac,1,1,11.53,2.1,0.0,13.63,shipmonk_estimate,USD
157766,6725760713014,Cattasaurus - shoproxstore - Shopify,direct_to_consumer,fulfilled,2025-07-19,2025-07-22,2025-07-19,NV3,OnTrac,1,1,21.76,1.8,0.0,23.56,shipmonk_estimate,USD
157767,6725761663286,Cattasaurus - shoproxstore - Shopify,direct_to_consumer,fulfilled,2025-07-19,2025-07-22,2025-07-19,NV3,FedEx,1,2,46.4,3.0,0.0,49.4,shipmonk_estimate,USD
157769,6725775524150,Cattasaurus - shoproxstore - Shopify,direct_to_consumer,fulfilled,2025-07-19,2025-07-21,2025-07-19,NV3,OnTrac,1,1,11.53,1.8,0.0,13.33,shipmonk_estimate,USD
157770,6725781979446,Cattasaurus - shoproxstore - Shopify,direct_to_consumer,fulfilled,2025-07-19,2025-07-22,2025-07-19,NV3,FedEx,1,1,23.2,2.1,0.0,25.3,shipmonk_estimate,USD
157771,6725788827958,Cattasaurus - shoproxstore - Shopify,direct_to_consumer,fulfilled,2025-07-19,2025-07-21,2025-07-19,PA2,OnTrac,1,1,11.72,1.8,0.0,13.52,shipmonk_estimate,USD
157774,6725794726198,Cattasaurus - shoproxstore - Shopify,direct_to_consumer,fulfilled,2025-07-19,2025-07-28,2025-07-19,NV3,UPS,1,1,89.23,1.8,0.0,91.03,shipmonk_estimate,USD
157778,6725809897782,Cattasaurus - shoproxstore - Shopify,direct_to_consumer,fulfilled,2025-07-19,2025-07-21,2025-07-19,NV3,OnTrac,1,1,27.04,1.8,0.0,28.84,shipmonk_estimate,USD
157779,6725828378934,Cattasaurus - shoproxstore - Shopify,direct_to_consumer,fulfilled,2025-07-19,2025-07-21,2025-07-19,NV3,FedEx,1,1,28.6,1.8,0.0,30.4,shipmonk_estimate,USD
157780,6725828870454,Cattasaurus - shoproxstore - Shopify,direct_to_consumer,fulfilled,2025-07-19,2025-07-22,2025-07-19,NV3,FedEx,1,1,24.76,1.8,0.0,26.56,shipmonk_estimate,USD
157781,6725836898614,Cattasaurus - shoproxstore - Shopify,direct_to_consumer,fulfilled,2025-07-19,2025-07-22,2025-07-19,NV3,FedEx,1,1,28.6,1.8,0.0,30.4,shipmonk_estimate,USD
157782,6725841682742,Cattasaurus - shoproxstore - Shopify,direct_to_consumer,fulfilled,2025-07-19,2025-07-22,2025-07-19,NV3,OnTrac,1,1,13.28,1.8,0.0,15.08,shipmonk_estimate,USD
157784,6725868978486,Cattasaurus - shoproxstore - Shopify,direct_to_consumer,fulfilled,2025-07-19,2025-07-22,2025-07-19,NV3,OnTrac,1,1,15.9,2.1,0.0,18.0,shipmonk_estimate,USD
157785,6725876842806,Cattasaurus - shoproxstore - Shopify,direct_to_consumer,fulfilled,2025-07-19,2025-07-22,2025-07-19,NV3,OnTrac,1,1,27.04,1.8,0.0,28.84,shipmonk_estimate,USD
157786,6725877694774,Cattasaurus - shoproxstore - Shopify,direct_to_consumer,fulfilled,2025-07-19,2025-07-21,2025-07-19,NV3,FedEx,1,1,15.6,1.8,0.0,17.4,shipmonk_estimate,USD
157787,6725882020150,Cattasaurus - shoproxstore - Shopify,direct_to_consumer,fulfilled,2025-07-19,2025-07-21,2025-07-19,PA2,FedEx,1,1,11.72,2.1,0.0,13.82,shipmonk_estimate,USD
157789,6725887361334,Cattasaurus - shoproxstore - Shopify,direct_to_consumer,fulfilled,2025-07-19,2025-07-22,2025-07-19,NV3,OnTrac,1,1,11.53,1.8,0.0,13.33,shipmonk_estimate,USD
157790,6725889392950,Cattasaurus - shoproxstore - Shopify,direct_to_consumer,fulfilled,2025-07-19,2025-07-21,2025-07-19,PA2,UPS,1,1,13.09,2.1,0.0,15.19,shipmonk_estimate,USD
157791,6725891391798,Cattasaurus - shoproxstore - Shopify,direct_to_consumer,fulfilled,2025-07-19,2025-07-21,2025-07-19,NV3,OnTrac,1,1,14.04,1.8,0.0,15.84,shipmonk_estimate,USD
157793,6725899223350,Cattasaurus - shoproxstore - Shopify,direct_to_consumer,fulfilled,2025-07-19,2025-07-22,2025-07-19,NV3,FedEx,1,2,23.44,3.0,0.0,26.44,shipmonk_estimate,USD
157795,6725911970102,Cattasaurus - shoproxstore - Shopify,direct_to_consumer,fulfilled,2025-07-19,2025-07-21,2025-07-19,PA2,UPS,1,1,15.6,1.8,0.0,17.4,shipmonk_estimate,USD
157797,6725934383414,Cattasaurus - shoproxstore - Shopify,direct_to_consumer,fulfilled,2025-07-19,2025-07-21,2025-07-19,PA2,OnTrac,1,1,14.04,1.8,0.0,15.84,shipmonk_estimate,USD
157799,6725937398070,Cattasaurus - shoproxstore - Shopify,direct_to_consumer,fulfilled,2025-07-19,2025-07-22,2025-07-19,NV3,FedEx,1,1,14.48,2.5,0.0,16.98,shipmonk_estimate,USD
157800,6725937824054,Cattasaurus - shoproxstore - Shopify,direct_to_consumer,fulfilled,2025-07-19,2025-07-21,2025-07-19,PA2,OnTrac,1,1,10.81,2.1,0.0,12.91,shipmonk_estimate,USD
157801,6725937955126,Cattasaurus - shoproxstore - Shopify,direct_to_consumer,fulfilled,2025-07-19,2025-07-21,2025-07-19,NV3,OnTrac,1,1,23.2,1.8,0.0,25.0,shipmonk_estimate,USD
157803,6725946310966,Cattasaurus - shoproxstore - Shopify,direct_to_consumer,fulfilled,2025-07-19,2025-07-22,2025-07-19,NV3,FedEx,1,2,23.44,3.0,0.0,26.44,shipmonk_estimate,USD
157804,6725946704182,Cattasaurus - shoproxstore - Shopify,direct_to_consumer,fulfilled,2025-07-19,2025-07-22,2025-07-19,NV3,FedEx,1,2,54.08,3.0,0.0,57.08,shipmonk_estimate,USD
157805,6725951717686,Cattasaurus - shoproxstore - Shopify,direct_to_consumer,fulfilled,2025-07-19,2025-07-22,2025-07-19,NV3,FedEx,1,2,23.44,3.0,0.0,26.44,shipmonk_estimate,USD
157806,6725952307510,Cattasaurus - shoproxstore - Shopify,direct_to_consumer,fulfilled,2025-07-19,2025-07-21,2025-07-19,PA2,OnTrac,1,1,12.12,2.4,0.0,14.52,shipmonk_estimate,USD
157807,6725953290550,Cattasaurus - shoproxstore - Shopify,direct_to_consumer,fulfilled,2025-07-19,2025-07-22,2025-07-19,NV3,OnTrac,1,1,23.2,1.8,0.0,25.0,shipmonk_estimate,USD
157808,6725957648694,Cattasaurus - shoproxstore - Shopify,direct_to_consumer,fulfilled,2025-07-19,2025-07-22,2025-07-19,PA2,OnTrac,1,1,11.72,1.8,0.0,13.52,shipmonk_estimate,USD
157809,6725960007990,Cattasaurus - shoproxstore - Shopify,direct_to_consumer,fulfilled,2025-07-19,2025-07-22,2025-07-19,NV3,FedEx,1,2,54.08,3.0,0.0,57.08,shipmonk_estimate,USD
157811,6725982191926,Cattasaurus - shoproxstore - Shopify,direct_to_consumer,fulfilled,2025-07-19,2025-07-22,2025-07-19,NV3,UPS,1,3,46.8,4.5,0.0,51.3,shipmonk_estimate,USD
157814,6725993759030,Cattasaurus - shoproxstore - Shopify,direct_to_consumer,fulfilled,2025-07-19,2025-07-22,2025-07-19,NV3,FedEx,1,2,31.22,3.0,0.0,34.22,shipmonk_estimate,USD
157817,6726010536246,Cattasaurus - shoproxstore - Shopify,direct_to_consumer,fulfilled,2025-07-19,2025-07-21,2025-07-19,PA2,OnTrac,1,1,11.53,2.1,0.0,13.63,shipmonk_estimate,USD
157818,6726016074038,Cattasaurus - shoproxstore - Shopify,direct_to_consumer,fulfilled,2025-07-19,2025-07-21,2025-07-19,NV3,OnTrac,1,1,13.28,1.8,0.0,15.08,shipmonk_estimate,USD
157819,6726026920246,Cattasaurus - shoproxstore - Shopify,direct_to_consumer,fulfilled,2025-07-19,2025-07-22,2025-07-19,NV3,FedEx,1,2,31.8,3.0,0.0,34.8,shipmonk_estimate,USD
157820,6726037438774,Cattasaurus - shoproxstore - Shopify,direct_to_consumer,fulfilled,2025-07-19,2025-07-22,2025-07-19,PA2,OnTrac,1,1,11.53,1.8,0.0,13.33,shipmonk_estimate,USD
157822,6726043369782,Cattasaurus - shoproxstore - Shopify,direct_to_consumer,fulfilled,2025-07-19,2025-07-22,2025-07-19,PA2,OnTrac,1,1,11.72,1.8,0.0,13.52,shipmonk_estimate,USD
157823,6726051397942,Cattasaurus - shoproxstore - Shopify,direct_to_consumer,fulfilled,2025-07-19,2025-07-22,2025-07-19,NV3,FedEx,1,2,23.06,3.0,0.0,26.06,shipmonk_estimate,USD
157824,6726054117686,Cattasaurus - shoproxstore - Shopify,direct_to_consumer,fulfilled,2025-07-19,2025-07-23,2025-07-19,PA2,OnTrac,1,1,20.2,2.4,0.0,22.6,shipmonk_estimate,USD
157825,6726058508598,Cattasaurus - shoproxstore - Shopify,direct_to_consumer,fulfilled,2025-07-19,2025-07-22,2025-07-19,NV3,FedEx,1,2,26.18,3.3,0.0,29.48,shipmonk_estimate,USD
157828,6726072303926,Cattasaurus - shoproxstore - Shopify,direct_to_consumer,fulfilled,2025-07-19,2025-07-22,2025-07-19,NV3,OnTrac,1,1,11.72,1.8,0.0,13.52,shipmonk_estimate,USD
157829,6726075023670,Cattasaurus - shoproxstore - Shopify,direct_to_consumer,fulfilled,2025-07-19,2025-07-21,2025-07-19,NV3,OnTrac,1,1,11.72,1.8,0.0,13.52,shipmonk_estimate,USD
157830,6726080954678,Cattasaurus - shoproxstore - Shopify,direct_to_consumer,fulfilled,2025-07-19,2025-07-22,2025-07-19,NV3,OnTrac,1,1,16.45,1.8,0.0,18.25,shipmonk_estimate,USD
157831,6726082330934,Cattasaurus - shoproxstore - Shopify,direct_to_consumer,fulfilled,2025-07-19,2025-07-21,2025-07-19,NV3,FedEx,1,1,11.72,1.8,0.0,13.52,shipmonk_estimate,USD
157832,6726089769270,Cattasaurus - shoproxstore - Shopify,direct_to_consumer,fulfilled,2025-07-19,2025-07-21,2025-07-19,NV3,FedEx,1,1,23.2,1.8,0.0,25.0,shipmonk_estimate,USD
157833,6726092652854,Cattasaurus - shoproxstore - Shopify,direct_to_consumer,fulfilled,2025-07-19,2025-07-22,2025-07-19,NV3,FedEx,1,2,31.8,3.0,0.0,34.8,shipmonk_estimate,USD
157834,6726094520630,Cattasaurus - shoproxstore - Shopify,direct_to_consumer,fulfilled,2025-07-19,2025-07-21,2025-07-19,PA2,OnTrac,1,1,11.72,2.1,0.0,13.82,shipmonk_estimate,USD
157835,6726133612854,Cattasaurus - shoproxstore - Shopify,direct_to_consumer,fulfilled,2025-07-19,2025-07-21,2025-07-19,NV3,OnTrac,1,1,11.53,1.8,0.0,13.33,shipmonk_estimate,USD
157836,6726137610550,Cattasaurus - shoproxstore - Shopify,direct_to_consumer,fulfilled,2025-07-19,2025-07-21,2025-07-19,NV3,OnTrac,1,1,11.72,1.8,0.0,13.52,shipmonk_estimate,USD
157841,6726192103734,Cattasaurus - shoproxstore - Shopify,direct_to_consumer,fulfilled,2025-07-19,2025-07-21,2025-07-19,NV3,OnTrac,1,1,12.74,1.8,0.0,14.54,shipmonk_estimate,USD
157843,6726196658486,Cattasaurus - shoproxstore - Shopify,direct_to_consumer,fulfilled,2025-07-19,2025-07-21,2025-07-19,NV3,OnTrac,1,1,11.53,1.8,0.0,13.33,shipmonk_estimate,USD
157844,6726213140790,Cattasaurus - shoproxstore - Shopify,direct_to_consumer,fulfilled,2025-07-19,2025-07-22,2025-07-19,NV3,FedEx,1,3,65.28,4.5,0.0,69.78,shipmonk_estimate,USD
157846,6726260064566,Cattasaurus - shoproxstore - Shopify,direct_to_consumer,fulfilled,2025-07-19,2025-07-23,2025-07-19,NV3,OnTrac,1,1,15.9,1.8,0.0,17.7,shipmonk_estimate,USD
157849,6726289785142,Cattasaurus - shoproxstore - Shopify,direct_to_consumer,fulfilled,2025-07-19,2025-07-22,2025-07-19,PA2,OnTrac,1,1,11.72,1.8,0.0,13.52,shipmonk_estimate,USD
WAL129020016477418,7b4b360c-64f4-47fe-a482-ff26f2106102,Cattasaurus - Manual Store,direct_to_consumer,fulfilled,2025-07-19,2025-07-21,2025-07-19,NV3,UPS,1,1,16.18,1.8,0.0,17.98,shipmonk_estimate,USD
WAL129020117637410,07100b08-f4fa-4964-943b-f217bc9c8665,Cattasaurus - Manual Store,direct_to_consumer,fulfilled,2025-07-19,2025-07-19,2025-07-19,PA2,FedEx,1,1,9.97,1.8,0.0,11.77,shipmonk_estimate,USD
111-5300725-0087435,111-5300725-0087435,Cattasaurus - Amazon USA,direct_to_consumer,fulfilled,2025-07-20,2025-07-21,2025-07-20,PA2,FedEx,1,1,10.81,2.5,0.0,13.31,shipmonk_estimate,USD
157850,6726307021110,Cattasaurus - shoproxstore - Shopify,direct_to_consumer,fulfilled,2025-07-20,2025-07-22,2025-07-20,NV3,FedEx,1,2,23.44,3.0,0.0,26.44,shipmonk_estimate,USD
157851,6726353060150,Cattasaurus - shoproxstore - Shopify,direct_to_consumer,fulfilled,2025-07-20,2025-07-22,2025-07-20,NV3,OnTrac,1,1,11.72,1.8,0.0,13.52,shipmonk_estimate,USD
157852,6726385828150,Cattasaurus - shoproxstore - Shopify,direct_to_consumer,fulfilled,2025-07-20,2025-07-22,2025-07-20,NV3,UPS,1,1,13.28,1.8,0.0,15.08,shipmonk_estimate,USD
157854,6726468763958,Cattasaurus - shoproxstore - Shopify,direct_to_consumer,fulfilled,2025-07-20,2025-07-22,2025-07-20,PA2,OnTrac,1,1,10.81,2.1,0.0,12.91,shipmonk_estimate,USD
157855,6726488785206,Cattasaurus - shoproxstore - Shopify,direct_to_consumer,fulfilled,2025-07-20,2025-07-22,2025-07-20,PA2,OnTrac,1,1,11.53,1.8,0.0,13.33,shipmonk_estimate,USD
157856,6726493077814,Cattasaurus - shoproxstore - Shopify,direct_to_consumer,fulfilled,2025-07-20,2025-07-22,2025-07-20,NV3,OnTrac,1,1,15.9,1.8,0.0,17.7,shipmonk_estimate,USD
157857,6726499598646,Cattasaurus - shoproxstore - Shopify,direct_to_consumer,fulfilled,2025-07-20,2025-08-03,2025-07-20,PA2,OnTrac,1,1,16.21,2.4,0.0,18.61,shipmonk_estimate,USD
157862,6726523420982,Cattasaurus - shoproxstore - Shopify,direct_to_consumer,fulfilled,2025-07-20,2025-07-22,2025-07-20,PA2,OnTrac,1,1,14.04,1.8,0.0,15.84,shipmonk_estimate,USD
157863,6726526501174,Cattasaurus - shoproxstore - Shopify,direct_to_consumer,fulfilled,2025-07-20,2025-07-22,2025-07-20,PA2,OnTrac,1,1,11.53,1.8,0.0,13.33,shipmonk_estimate,USD
157864,6726527156534,Cattasaurus - shoproxstore - Shopify,direct_to_consumer,fulfilled,2025-07-20,2025-07-23,2025-07-20,NV3,FedEx,1,1,22.12,2.1,0.0,24.22,shipmonk_estimate,USD
157866,6726537347382,Cattasaurus - shoproxstore - Shopify,direct_to_consumer,fulfilled,2025-07-20,2025-07-22,2025-07-20,NV3,OnTrac,1,1,20.56,2.1,0.0,22.66,shipmonk_estimate,USD
157869,6726544490806,Cattasaurus - shoproxstore - Shopify,direct_to_consumer,fulfilled,2025-07-20,2025-07-22,2025-07-20,NV3,OnTrac,1,1,27.04,1.8,0.0,28.84,shipmonk_estimate,USD
157870,6726544785718,Cattasaurus - shoproxstore - Shopify,direct_to_consumer,fulfilled,2025-07-20,2025-07-22,2025-07-20,PA2,OnTrac,1,1,12.37,1.8,0.0,14.17,shipmonk_estimate,USD
157873,6726552813878,Cattasaurus - shoproxstore - Shopify,direct_to_consumer,fulfilled,2025-07-20,2025-07-21,2025-07-20,PA2,OnTrac,1,1,11.53,2.1,0.0,13.63,shipmonk_estimate,USD
157874,6726560776502,Cattasaurus - shoproxstore - Shopify,direct_to_consumer,fulfilled,2025-07-20,2025-07-22,2025-07-20,PA2,OnTrac,1,1,12.12,2.4,0.0,14.52,shipmonk_estimate,USD
157875,6726561169718,Cattasaurus - shoproxstore - Shopify,direct_to_consumer,fulfilled,2025-07-20,2025-07-22,2025-07-20,PA2,OnTrac,1,1,13.09,2.4,0.0,15.49,shipmonk_estimate,USD
157876,6726562185526,Cattasaurus - shoproxstore - Shopify,direct_to_consumer,fulfilled,2025-07-20,2025-07-22,2025-07-20,PA2,OnTrac,1,1,11.72,1.8,0.0,13.52,shipmonk_estimate,USD
157877,6726567395638,Cattasaurus - shoproxstore - Shopify,direct_to_consumer,fulfilled,2025-07-20,2025-07-22,2025-07-20,PA2,OnTrac,1,1,10.81,1.8,0.0,12.61,shipmonk_estimate,USD
157879,6726571065654,Cattasaurus - shoproxstore - Shopify,direct_to_consumer,fulfilled,2025-07-20,2025-07-22,2025-07-20,PA2,OnTrac,1,1,11.53,1.8,0.0,13.33,shipmonk_estimate,USD
157881,6726576898358,Cattasaurus - shoproxstore - Shopify,direct_to_consumer,fulfilled,2025-07-20,2025-07-22,2025-07-20,PA2,OnTrac,1,1,11.53,1.8,0.0,13.33,shipmonk_estimate,USD
157884,6726588432694,Cattasaurus - shoproxstore - Shopify,direct_to_consumer,fulfilled,2025-07-20,2025-07-22,2025-07-20,NV3,OnTrac,1,1,20.56,2.1,0.0,22.66,shipmonk_estimate,USD
157885,6726591381814,Cattasaurus - shoproxstore - Shopify,direct_to_consumer,fulfilled,2025-07-20,2025-07-22,2025-07-20,PA2,OnTrac,1,1,10.81,1.8,0.0,12.61,shipmonk_estimate,USD
157886,6726591349046,Cattasaurus - shoproxstore - Shopify,direct_to_consumer,fulfilled,2025-07-20,2025-07-21,2025-07-20,PA2,OnTrac,1,1,10.81,2.1,0.0,12.91,shipmonk_estimate,USD
157888,6726594724150,Cattasaurus - shoproxstore - Shopify,direct_to_consumer,fulfilled,2025-07-20,2025-07-22,2025-07-20,NV3,FedEx,1,2,41.12,3.0,0.0,44.12,shipmonk_estimate,USD
157889,6726595608886,Cattasaurus - shoproxstore - Shopify,direct_to_consumer,fulfilled,2025-07-20,2025-07-22,2025-07-20,PA2,OnTrac,1,1,13.28,1.8,0.0,15.08,shipmonk_estimate,USD
157891,6726597869878,Cattasaurus - shoproxstore - Shopify,direct_to_consumer,fulfilled,2025-07-20,2025-07-22,2025-07-20,NV3,FedEx,1,1,16.45,1.8,0.0,18.25,shipmonk_estimate,USD
157896,6726603211062,Cattasaurus - shoproxstore - Shopify,direct_to_consumer,fulfilled,2025-07-20,2025-07-22,2025-07-20,NV3,OnTrac,1,1,27.04,1.8,0.0,28.84,shipmonk_estimate,USD
157897,6726605046070,Cattasaurus - shoproxstore - Shopify,direct_to_consumer,fulfilled,2025-07-20,2025-07-22,2025-07-20,PA2,FedEx,1,1,14.04,1.8,0.0,15.84,shipmonk_estimate,USD
157898,6726605963574,Cattasaurus - shoproxstore - Shopify,direct_to_consumer,fulfilled,2025-07-20,2025-07-22,2025-07-20,PA2,FedEx,1,1,14.04,1.8,0.0,15.84,shipmonk_estimate,USD
157899,6726606029110,Cattasaurus - shoproxstore - Shopify,direct_to_consumer,fulfilled,2025-07-20,2025-07-21,2025-07-20,NV3,OnTrac,1,1,27.04,1.8,0.0,28.84,shipmonk_estimate,USD
157900,6726609142070,Cattasaurus - shoproxstore - Shopify,direct_to_consumer,fulfilled,2025-07-20,2025-07-21,2025-07-20,PA2,OnTrac,1,1,12.37,2.1,0.0,14.47,shipmonk_estimate,USD
157901,6726609699126,Cattasaurus - shoproxstore - Shopify,direct_to_consumer,fulfilled,2025-07-20,2025-07-22,2025-07-20,PA2,OnTrac,1,1,11.53,1.8,0.0,13.33,shipmonk_estimate,USD
157904,6726613041462,Cattasaurus - shoproxstore - Shopify,direct_to_consumer,fulfilled,2025-07-20,2025-07-22,2025-07-20,NV3,FedEx,1,2,23.06,3.0,0.0,26.06,shipmonk_estimate,USD
157905,6726613696822,Cattasaurus - shoproxstore - Shopify,direct_to_consumer,fulfilled,2025-07-20,2025-07-22,2025-07-20,NV3,FedEx,1,1,23.2,1.8,0.0,25.0,shipmonk_estimate,USD
157907,6726622806326,Cattasaurus - shoproxstore - Shopify,direct_to_consumer,fulfilled,2025-07-20,2025-07-21,2025-07-20,PA2,OnTrac,1,1,15.6,2.1,0.0,17.7,shipmonk_estimate,USD
157908,6726624084278,Cattasaurus - shoproxstore - Shopify,direct_to_consumer,fulfilled,2025-07-20,2025-07-21,2025-07-20,PA2,OnTrac,1,1,14.04,2.1,0.0,16.14,shipmonk_estimate,USD
157909,6726626967862,Cattasaurus - shoproxstore - Shopify,direct_to_consumer,fulfilled,2025-07-20,2025-07-22,2025-07-20,PA2,OnTrac,1,1,14.04,1.8,0.0,15.84,shipmonk_estimate,USD
157910,6726630179126,Cattasaurus - shoproxstore - Shopify,direct_to_consumer,fulfilled,2025-07-20,2025-07-22,2025-07-20,NV3,OnTrac,1,1,23.2,1.8,0.0,25.0,shipmonk_estimate,USD
157911,6726633324854,Cattasaurus - shoproxstore - Shopify,direct_to_consumer,fulfilled,2025-07-20,2025-07-22,2025-07-20,NV3,FedEx,1,1,15.9,1.8,0.0,17.7,shipmonk_estimate,USD
157912,6726633947446,Cattasaurus - shoproxstore - Shopify,direct_to_consumer,fulfilled,2025-07-20,2025-07-21,2025-07-20,PA2,UPS,1,1,13.09,2.1,0.0,15.19,shipmonk_estimate,USD
157914,6726639223094,Cattasaurus - shoproxstore - Shopify,direct_to_consumer,fulfilled,2025-07-20,2025-07-22,2025-07-20,NV3,OnTrac,1,1,14.04,1.8,0.0,15.84,shipmonk_estimate,USD
157915,6726640107830,Cattasaurus - shoproxstore - Shopify,direct_to_consumer,fulfilled,2025-07-20,2025-07-22,2025-07-20,NV3,FedEx,1,2,23.44,3.0,0.0,26.44,shipmonk_estimate,USD
157919,6726645907766,Cattasaurus - shoproxstore - Shopify,direct_to_consumer,fulfilled,2025-07-20,2025-07-22,2025-07-20,NV3,OnTrac,1,1,27.04,2.1,0.0,29.14,shipmonk_estimate,USD
157920,6726646104374,Cattasaurus - shoproxstore - Shopify,direct_to_consumer,fulfilled,2025-07-20,2025-07-21,2025-07-20,PA2,OnTrac,1,1,12.37,2.1,0.0,14.47,shipmonk_estimate,USD
157921,6726649053494,Cattasaurus - shoproxstore - Shopify,direct_to_consumer,fulfilled,2025-07-20,2025-07-22,2025-07-20,PA2,OnTrac,1,1,14.04,1.8,0.0,15.84,shipmonk_estimate,USD
157923,6726650298678,Cattasaurus - shoproxstore - Shopify,direct_to_consumer,fulfilled,2025-07-20,2025-07-22,2025-07-20,PA2,UPS,1,1,13.28,1.8,0.0,15.08,shipmonk_estimate,USD
157924,6726656590134,Cattasaurus - shoproxstore - Shopify,direct_to_consumer,fulfilled,2025-07-20,2025-07-22,2025-07-20,PA2,FedEx,1,1,14.04,1.8,0.0,15.84,shipmonk_estimate,USD
157925,6726659965238,Cattasaurus - shoproxstore - Shopify,direct_to_consumer,fulfilled,2025-07-20,2025-07-21,2025-07-20,PA2,OnTrac,1,1,14.04,2.1,0.0,16.14,shipmonk_estimate,USD
157926,6726668747062,Cattasaurus - shoproxstore - Shopify,direct_to_consumer,fulfilled,2025-07-20,2025-07-22,2025-07-20,PA2,OnTrac,1,1,11.53,1.8,0.0,13.33,shipmonk_estimate,USD
157928,6726670385462,Cattasaurus - shoproxstore - Shopify,direct_to_consumer,fulfilled,2025-07-20,2025-07-22,2025-07-20,NV3,FedEx,1,1,14.04,1.8,0.0,15.84,shipmonk_estimate,USD
157930,6726676250934,Cattasaurus - shoproxstore - Shopify,direct_to_consumer,fulfilled,2025-07-20,2025-07-22,2025-07-20,NV3,UPS,1,1,15.6,1.8,0.0,17.4,shipmonk_estimate,USD
157932,6726681952566,Cattasaurus - shoproxstore - Shopify,direct_to_consumer,fulfilled,2025-07-20,2025-07-22,2025-07-20,PA2,FedEx,1,1,14.04,1.8,0.0,15.84,shipmonk_estimate,USD
157933,6726684082486,Cattasaurus - shoproxstore - Shopify,direct_to_consumer,fulfilled,2025-07-20,2025-07-22,2025-07-20,PA2,OnTrac,1,1,11.53,1.8,0.0,13.33,shipmonk_estimate,USD
157934,6726686245174,Cattasaurus - shoproxstore - Shopify,direct_to_consumer,fulfilled,2025-07-20,2025-07-21,2025-07-20,PA2,OnTrac,1,1,12.37,2.4,0.0,14.77,shipmonk_estimate,USD
157935,6726687129910,Cattasaurus - shoproxstore - Shopify,direct_to_consumer,fulfilled,2025-07-20,2025-07-22,2025-07-20,NV3,FedEx,1,1,15.9,1.8,0.0,17.7,shipmonk_estimate,USD
157936,6726690013494,Cattasaurus - shoproxstore - Shopify,direct_to_consumer,fulfilled,2025-07-20,2025-07-22,2025-07-20,PA2,FedEx,1,1,15.9,1.8,0.0,17.7,shipmonk_estimate,USD
157937,6726695780662,Cattasaurus - shoproxstore - Shopify,direct_to_consumer,fulfilled,2025-07-20,2025-07-22,2025-07-20,PA2,OnTrac,1,1,10.81,2.1,0.0,12.91,shipmonk_estimate,USD
157938,6726696468790,Cattasaurus - shoproxstore - Shopify,direct_to_consumer,fulfilled,2025-07-20,,2025-07-20,NV3,ShipMonk,1,0,16.45,4.5,0.0,20.95,shipmonk_estimate,USD
157939,6726696665398,Cattasaurus - shoproxstore - Shopify,direct_to_consumer,fulfilled,2025-07-20,2025-07-21,2025-07-20,PA2,OnTrac,1,1,14.04,2.1,0.0,16.14,shipmonk_estimate,USD
157940,6726698205494,Cattasaurus - shoproxstore - Shopify,direct_to_consumer,fulfilled,2025-07-20,2025-07-22,2025-07-20,NV3,FedEx,1,1,24.76,2.1,0.0,26.86,shipmonk_estimate,USD
157941,6726701580598,Cattasaurus - shoproxstore - Shopify,direct_to_consumer,fulfilled,2025-07-20,2025-07-22,2025-07-20,NV3,OnTrac,1,1,11.72,1.8,0.0,13.52,shipmonk_estimate,USD
157944,6726713409846,Cattasaurus - shoproxstore - Shopify,direct_to_consumer,fulfilled,2025-07-20,2025-07-22,2025-07-20,PA2,FedEx,1,1,10.81,1.8,0.0,12.61,shipmonk_estimate,USD
157945,6726714720566,Cattasaurus - shoproxstore - Shopify,direct_to_consumer,fulfilled,2025-07-20,2025-07-22,2025-07-20,PA2,OnTrac,1,1,13.09,1.8,0.0,14.89,shipmonk_estimate,USD
157946,6726715638070,Cattasaurus - shoproxstore - Shopify,direct_to_consumer,fulfilled,2025-07-20,2025-07-21,2025-07-20,NV3,OnTrac,1,1,20.2,1.8,0.0,22.0,shipmonk_estimate,USD
157947,6726718947638,Cattasaurus - shoproxstore - Shopify,direct_to_consumer,fulfilled,2025-07-20,2025-07-21,2025-07-20,NV3,FedEx,1,1,15.9,1.8,0.0,17.7,shipmonk_estimate,USD
157949,6726720487734,Cattasaurus - shoproxstore - Shopify,direct_to_consumer,fulfilled,2025-07-20,2025-07-22,2025-07-20,NV3,FedEx,1,1,27.04,1.8,0.0,28.84,shipmonk_estimate,USD
157950,6726723862838,Cattasaurus - shoproxstore - Shopify,direct_to_consumer,fulfilled,2025-07-20,2025-07-22,2025-07-20,NV3,FedEx,1,1,24.76,1.8,0.0,26.56,shipmonk_estimate,USD
157951,6726725992758,Cattasaurus - shoproxstore - Shopify,direct_to_consumer,fulfilled,2025-07-20,2025-07-22,2025-07-20,PA2,OnTrac,1,1,11.53,1.8,0.0,13.33,shipmonk_estimate,USD
157952,6726726648118,Cattasaurus - shoproxstore - Shopify,direct_to_consumer,fulfilled,2025-07-20,2025-07-22,2025-07-20,NV3,OnTrac,1,1,14.04,1.8,0.0,15.84,shipmonk_estimate,USD
157954,6726727926070,Cattasaurus - shoproxstore - Shopify,direct_to_consumer,fulfilled,2025-07-20,2025-07-22,2025-07-20,PA2,OnTrac,1,1,10.81,1.8,0.0,12.61,shipmonk_estimate,USD
157956,6726731792694,Cattasaurus - shoproxstore - Shopify,direct_to_consumer,fulfilled,2025-07-20,2025-07-21,2025-07-20,PA2,FedEx,1,1,14.04,2.1,0.0,16.14,shipmonk_estimate,USD
157957,6726733234486,Cattasaurus - shoproxstore - Shopify,direct_to_consumer,fulfilled,2025-07-20,2025-07-22,2025-07-20,PA2,OnTrac,1,1,11.72,1.8,0.0,13.52,shipmonk_estimate,USD
157958,6726733431094,Cattasaurus - shoproxstore - Shopify,direct_to_consumer,fulfilled,2025-07-20,2025-07-22,2025-07-20,PA2,OnTrac,1,1,18.53,2.4,0.0,20.93,shipmonk_estimate,USD
157960,6726734840118,Cattasaurus - shoproxstore - Shopify,direct_to_consumer,fulfilled,2025-07-20,2025-07-23,2025-07-20,PA2,OnTrac,1,1,14.3,2.4,0.0,16.7,shipmonk_estimate,USD
157962,6726740279606,Cattasaurus - shoproxstore - Shopify,direct_to_consumer,fulfilled,2025-07-20,2025-07-22,2025-07-20,NV3,FedEx,1,2,36.02,3.0,0.0,39.02,shipmonk_estimate,USD
157965,6726744867126,Cattasaurus - shoproxstore - Shopify,direct_to_consumer,fulfilled,2025-07-20,2025-07-22,2025-07-20,NV3,OnTrac,1,1,27.04,2.1,0.0,29.14,shipmonk_estimate,USD
157966,6726745227574,Cattasaurus - shoproxstore - Shopify,direct_to_consumer,fulfilled,2025-07-20,2025-07-22,2025-07-20,NV3,FedEx,1,3,35.16,4.5,0.0,39.66,shipmonk_estimate,USD
157967,6726745489718,Cattasaurus - shoproxstore - Shopify,direct_to_consumer,fulfilled,2025-07-20,2025-07-21,2025-07-20,PA2,OnTrac,1,1,10.81,2.1,0.0,12.91,shipmonk_estimate,USD
157969,6726747390262,Cattasaurus - shoproxstore - Shopify,direct_to_consumer,fulfilled,2025-07-20,2025-07-22,2025-07-20,NV3,OnTrac,1,1,20.2,1.8,0.0,22.0,shipmonk_estimate,USD
157970,6726752796982,Cattasaurus - shoproxstore - Shopify,direct_to_consumer,fulfilled,2025-07-20,2025-07-22,2025-07-20,NV3,OnTrac,1,1,21.76,1.5,0.0,23.26,shipmonk_estimate,USD
157971,6726752862518,Cattasaurus - shoproxstore - Shopify,direct_to_consumer,fulfilled,2025-07-20,2025-07-22,2025-07-20,NV3,OnTrac,1,1,12.48,1.8,0.0,14.28,shipmonk_estimate,USD
157973,6726756270390,Cattasaurus - shoproxstore - Shopify,direct_to_consumer,fulfilled,2025-07-20,2025-07-22,2025-07-20,PA2,OnTrac,1,1,10.81,1.8,0.0,12.61,shipmonk_estimate,USD
157974,6726759514422,Cattasaurus - shoproxstore - Shopify,direct_to_consumer,fulfilled,2025-07-20,2025-07-22,2025-07-20,NV3,FedEx,1,1,23.2,1.8,0.0,25.0,shipmonk_estimate,USD
157975,6726761775414,Cattasaurus - shoproxstore - Shopify,direct_to_consumer,fulfilled,2025-07-20,2025-07-22,2025-07-20,NV3,FedEx,1,1,23.2,2.1,0.0,25.3,shipmonk_estimate,USD
157977,6726764888374,Cattasaurus - shoproxstore - Shopify,direct_to_consumer,fulfilled,2025-07-20,2025-07-22,2025-07-20,PA2,OnTrac,1,1,11.53,1.8,0.0,13.33,shipmonk_estimate,USD
157978,6726765576502,Cattasaurus - shoproxstore - Shopify,direct_to_consumer,fulfilled,2025-07-20,2025-07-22,2025-07-20,PA2,FedEx,1,1,14.04,1.8,0.0,15.84,shipmonk_estimate,USD
157980,6726767378742,Cattasaurus - shoproxstore - Shopify,direct_to_consumer,fulfilled,2025-07-20,2025-07-22,2025-07-20,NV3,FedEx,1,3,69.6,4.5,0.0,74.1,shipmonk_estimate,USD
157984,6726777635126,Cattasaurus - shoproxstore - Shopify,direct_to_consumer,fulfilled,2025-07-20,2025-07-22,2025-07-20,NV3,FedEx,1,2,23.44,3.0,0.0,26.44,shipmonk_estimate,USD
157985,6726778356022,Cattasaurus - shoproxstore - Shopify,direct_to_consumer,fulfilled,2025-07-20,2025-07-22,2025-07-20,PA2,OnTrac,1,1,10.81,1.8,0.0,12.61,shipmonk_estimate,USD
157986,6726781239606,Cattasaurus - shoproxstore - Shopify,direct_to_consumer,fulfilled,2025-07-20,2025-07-22,2025-07-20,NV3,FedEx,1,3,47.7,4.5,0.0,52.2,shipmonk_estimate,USD
157989,6726793068854,Cattasaurus - shoproxstore - Shopify,direct_to_consumer,fulfilled,2025-07-20,2025-07-22,2025-07-20,NV3,FedEx,1,2,36.02,3.0,0.0,39.02,shipmonk_estimate,USD
157990,6726793986358,Cattasaurus - shoproxstore - Shopify,direct_to_consumer,fulfilled,2025-07-20,2025-07-22,2025-07-20,NV3,OnTrac,1,1,14.04,1.8,0.0,15.84,shipmonk_estimate,USD
157991,6726794248502,Cattasaurus - shoproxstore - Shopify,direct_to_consumer,fulfilled,2025-07-20,2025-07-22,2025-07-20,PA2,OnTrac,2,1,13.28,1.8,0.0,15.08,shipmonk_estimate,USD
157993,6726795624758,Cattasaurus - shoproxstore - Shopify,direct_to_consumer,fulfilled,2025-07-20,2025-07-22,2025-07-20,NV3,OnTrac,1,1,11.53,1.8,0.0,13.33,shipmonk_estimate,USD
157994,6726798868790,Cattasaurus - shoproxstore - Shopify,direct_to_consumer,fulfilled,2025-07-20,2025-08-03,2025-07-20,PA2,OnTrac,1,1,12.08,2.4,0.0,14.48,shipmonk_estimate,USD
157995,6726800802102,Cattasaurus - shoproxstore - Shopify,direct_to_consumer,fulfilled,2025-07-20,2025-07-22,2025-07-20,PA2,OnTrac,1,1,13.09,2.4,0.0,15.49,shipmonk_estimate,USD
157996,6726807879990,Cattasaurus - shoproxstore - Shopify,direct_to_consumer,fulfilled,2025-07-20,2025-07-22,2025-07-20,PA2,OnTrac,1,1,11.72,1.8,0.0,13.52,shipmonk_estimate,USD
157997,6726808994102,Cattasaurus - shoproxstore - Shopify,direct_to_consumer,fulfilled,2025-07-20,2025-07-22,2025-07-20,NV3,FedEx,1,2,40.4,3.0,0.0,43.4,shipmonk_estimate,USD
157999,6726809813302,Cattasaurus - shoproxstore - Shopify,direct_to_consumer,fulfilled,2025-07-20,2025-07-22,2025-07-20,PA2,FedEx,1,1,14.04,1.8,0.0,15.84,shipmonk_estimate,USD
158002,6726815580470,Cattasaurus - shoproxstore - Shopify,direct_to_consumer,fulfilled,2025-07-20,2025-07-22,2025-07-20,PA2,OnTrac,1,1,14.04,1.8,0.0,15.84,shipmonk_estimate,USD
158003,6726817284406,Cattasaurus - shoproxstore - Shopify,direct_to_consumer,fulfilled,2025-07-20,2025-07-21,2025-07-20,NV3,OnTrac,1,1,11.72,1.8,0.0,13.52,shipmonk_estimate,USD
158004,6726817644854,Cattasaurus - shoproxstore - Shopify,direct_to_consumer,fulfilled,2025-07-20,2025-07-22,2025-07-20,PA2,OnTrac,1,1,11.53,1.8,0.0,13.33,shipmonk_estimate,USD
158005,6726819447094,Cattasaurus - shoproxstore - Shopify,direct_to_consumer,fulfilled,2025-07-20,2025-07-23,2025-07-20,PA2,OnTrac,1,1,10.81,2.1,0.0,12.91,shipmonk_estimate,USD
158008,6726829637942,Cattasaurus - shoproxstore - Shopify,direct_to_consumer,fulfilled,2025-07-20,2025-07-22,2025-07-20,NV3,OnTrac,1,1,13.28,1.8,0.0,15.08,shipmonk_estimate,USD
158009,6726831341878,Cattasaurus - shoproxstore - Shopify,direct_to_consumer,fulfilled,2025-07-20,2025-07-21,2025-07-20,NV3,FedEx,1,1,18.01,1.8,0.0,19.81,shipmonk_estimate,USD
158010,6726836977974,Cattasaurus - shoproxstore - Shopify,direct_to_consumer,fulfilled,2025-07-20,2025-07-22,2025-07-20,NV3,FedEx,1,2,28.08,3.0,0.0,31.08,shipmonk_estimate,USD
158011,6726838485302,Cattasaurus - shoproxstore - Shopify,direct_to_consumer,fulfilled,2025-07-20,2025-07-22,2025-07-20,PA2,OnTrac,1,1,11.53,2.1,0.0,13.63,shipmonk_estimate,USD
158013,6726842581302,Cattasaurus - shoproxstore - Shopify,direct_to_consumer,fulfilled,2025-07-20,2025-07-22,2025-07-20,NV3,OnTrac,1,1,11.53,1.8,0.0,13.33,shipmonk_estimate,USD
158014,6726843236662,Cattasaurus - shoproxstore - Shopify,direct_to_consumer,fulfilled,2025-07-20,2025-07-22,2025-07-20,PA2,OnTrac,1,1,11.72,1.8,0.0,13.52,shipmonk_estimate,USD
158015,6726846218550,Cattasaurus - shoproxstore - Shopify,direct_to_consumer,fulfilled,2025-07-20,2025-07-22,2025-07-20,PA2,OnTrac,1,1,10.81,1.8,0.0,12.61,shipmonk_estimate,USD
158016,6726847660342,Cattasaurus - shoproxstore - Shopify,direct_to_consumer,fulfilled,2025-07-20,2025-07-22,2025-07-20,NV3,FedEx,1,1,14.65,2.4,0.0,17.05,shipmonk_estimate,USD
158017,6726848971062,Cattasaurus - shoproxstore - Shopify,direct_to_consumer,fulfilled,2025-07-20,2025-07-22,2025-07-20,NV3,FedEx,1,3,38.22,4.5,0.0,42.72,shipmonk_estimate,USD
158018,6726851035446,Cattasaurus - shoproxstore - Shopify,direct_to_consumer,fulfilled,2025-07-20,2025-07-22,2025-07-20,NV3,FedEx,1,2,23.44,3.0,0.0,26.44,shipmonk_estimate,USD
158020,6726855229750,Cattasaurus - shoproxstore - Shopify,direct_to_consumer,fulfilled,2025-07-20,2025-07-22,2025-07-20,NV3,UPS,1,2,31.2,3.0,0.0,34.2,shipmonk_estimate,USD
158025,6726860210486,Cattasaurus - shoproxstore - Shopify,direct_to_consumer,fulfilled,2025-07-20,2025-07-22,2025-07-20,NV3,FedEx,1,1,23.2,1.8,0.0,25.0,shipmonk_estimate,USD
158026,6726862569782,Cattasaurus - shoproxstore - Shopify,direct_to_consumer,fulfilled,2025-07-20,2025-08-01,2025-07-20,PA2,FedEx,1,1,15.61,2.1,0.0,17.71,shipmonk_estimate,USD
158026_1,82008c26-7f16-44c2-93cf-b25a802306a7,Cattasaurus - shoproxstore - Shopify,direct_to_consumer,fulfilled,2025-07-20,2025-07-23,2025-07-20,PA2,UPS,1,1,13.28,2.1,0.0,15.38,shipmonk_estimate,USD
158028,6726865223990,Cattasaurus - shoproxstore - Shopify,direct_to_consumer,fulfilled,2025-07-20,2025-07-22,2025-07-20,PA2,OnTrac,1,1,11.53,2.1,0.0,13.63,shipmonk_estimate,USD
158029,6726867976502,Cattasaurus - shoproxstore - Shopify,direct_to_consumer,fulfilled,2025-07-20,2025-07-22,2025-07-20,PA2,OnTrac,1,1,14.05,2.1,0.0,16.15,shipmonk_estimate,USD
158033,6726885310774,Cattasaurus - shoproxstore - Shopify,direct_to_consumer,fulfilled,2025-07-20,2025-07-21,2025-07-20,NV3,OnTrac,1,1,11.72,1.8,0.0,13.52,shipmonk_estimate,USD
158034,6726893830454,Cattasaurus - shoproxstore - Shopify,direct_to_consumer,fulfilled,2025-07-20,2025-07-22,2025-07-20,PA2,FedEx,1,1,11.72,1.8,0.0,13.52,shipmonk_estimate,USD
158036,6726897991990,Cattasaurus - shoproxstore - Shopify,direct_to_consumer,fulfilled,2025-07-20,2025-07-22,2025-07-20,NV3,UPS,1,1,14.04,1.8,0.0,15.84,shipmonk_estimate,USD
158038,6726898680118,Cattasaurus - shoproxstore - Shopify,direct_to_consumer,fulfilled,2025-07-20,2025-07-22,2025-07-20,NV3,FedEx,1,2,57.2,3.0,0.0,60.2,shipmonk_estimate,USD
158039,6726898876726,Cattasaurus - shoproxstore - Shopify,direct_to_consumer,fulfilled,2025-07-20,2025-07-22,2025-07-20,NV3,OnTrac,1,1,11.53,1.8,0.0,13.33,shipmonk_estimate,USD
158041,6726903071030,Cattasaurus - shoproxstore - Shopify,direct_to_consumer,fulfilled,2025-07-20,2025-07-22,2025-07-20,PA2,OnTrac,1,1,10.81,1.8,0.0,12.61,shipmonk_estimate,USD
158042,6726914867510,Cattasaurus - shoproxstore - Shopify,direct_to_consumer,fulfilled,2025-07-20,2025-07-22,2025-07-20,PA2,OnTrac,1,1,11.72,1.8,0.0,13.52,shipmonk_estimate,USD
158044,6726919520566,Cattasaurus - shoproxstore - Shopify,direct_to_consumer,fulfilled,2025-07-20,2025-08-03,2025-07-20,PA2,OnTrac,1,1,12.74,1.8,0.0,14.54,shipmonk_estimate,USD
158045,6726924501302,Cattasaurus - shoproxstore - Shopify,direct_to_consumer,fulfilled,2025-07-20,2025-07-22,2025-07-20,NV3,OnTrac,1,1,13.09,1.8,0.0,14.89,shipmonk_estimate,USD
158046,6726927122742,Cattasaurus - shoproxstore - Shopify,direct_to_consumer,fulfilled,2025-07-20,2025-07-22,2025-07-20,NV3,FedEx,1,2,46.4,3.0,0.0,49.4,shipmonk_estimate,USD
158047,6726928335158,Cattasaurus - shoproxstore - Shopify,direct_to_consumer,fulfilled,2025-07-20,2025-07-22,2025-07-20,NV3,FedEx,1,1,20.2,1.8,0.0,22.0,shipmonk_estimate,USD
158048,6726929416502,Cattasaurus - shoproxstore - Shopify,direct_to_consumer,fulfilled,2025-07-20,2025-07-22,2025-07-20,NV3,FedEx,1,2,43.52,3.0,0.0,46.52,shipmonk_estimate,USD
158049,6726931874102,Cattasaurus - shoproxstore - Shopify,direct_to_consumer,fulfilled,2025-07-20,2025-07-22,2025-07-20,NV3,OnTrac,1,1,15.9,1.8,0.0,17.7,shipmonk_estimate,USD
158050,6726932398390,Cattasaurus - shoproxstore - Shopify,direct_to_consumer,fulfilled,2025-07-20,2025-07-22,2025-07-20,PA2,OnTrac,1,1,12.37,1.8,0.0,14.17,shipmonk_estimate,USD
158052,6726935609654,Cattasaurus - shoproxstore - Shopify,direct_to_consumer,fulfilled,2025-07-20,2025-07-22,2025-07-20,NV3,OnTrac,1,1,11.53,1.8,0.0,13.33,shipmonk_estimate,USD
158054,6726936723766,Cattasaurus - shoproxstore - Shopify,direct_to_consumer,fulfilled,2025-07-20,2025-07-21,2025-07-20,NV3,OnTrac,1,1,20.2,1.8,0.0,22.0,shipmonk_estimate,USD
158055,6726936789302,Cattasaurus - shoproxstore - Shopify,direct_to_consumer,fulfilled,2025-07-20,2025-07-22,2025-07-20,NV3,FedEx,1,2,23.49,3.0,0.0,26.49,shipmonk_estimate,USD
158056,6726937182518,Cattasaurus - shoproxstore - Shopify,direct_to_consumer,fulfilled,2025-07-20,2025-07-22,2025-07-20,NV3,OnTrac,1,1,15.9,1.8,0.0,17.7,shipmonk_estimate,USD
158057,6726940361014,Cattasaurus - shoproxstore - Shopify,direct_to_consumer,fulfilled,2025-07-20,2025-07-22,2025-07-20,PA2,FedEx,1,1,14.04,1.8,0.0,15.84,shipmonk_estimate,USD
158058,6726940688694,Cattasaurus - shoproxstore - Shopify,direct_to_consumer,fulfilled,2025-07-20,2025-07-22,2025-07-20,NV3,OnTrac,1,1,11.53,1.8,0.0,13.33,shipmonk_estimate,USD
158059,6726950093110,Cattasaurus - shoproxstore - Shopify,direct_to_consumer,fulfilled,2025-07-20,2025-07-22,2025-07-20,NV3,FedEx,1,2,57.2,3.0,0.0,60.2,shipmonk_estimate,USD
158060,6726951600438,Cattasaurus - shoproxstore - Shopify,direct_to_consumer,fulfilled,2025-07-20,2025-07-23,2025-07-20,NV3,FedEx,1,2,53.88,3.0,0.0,56.88,shipmonk_estimate,USD
158061,6726951993654,Cattasaurus - shoproxstore - Shopify,direct_to_consumer,fulfilled,2025-07-20,2025-07-22,2025-07-20,NV3,OnTrac,1,1,11.72,1.8,0.0,13.52,shipmonk_estimate,USD
158062,6726952616246,Cattasaurus - shoproxstore - Shopify,direct_to_consumer,fulfilled,2025-07-20,2025-07-22,2025-07-20,PA2,OnTrac,1,1,10.81,2.1,0.0,12.91,shipmonk_estimate,USD
158063,6726953304374,Cattasaurus - shoproxstore - Shopify,direct_to_consumer,fulfilled,2025-07-20,2025-07-22,2025-07-20,PA2,OnTrac,1,1,11.72,1.8,0.0,13.52,shipmonk_estimate,USD
158064,6726954058038,Cattasaurus - shoproxstore - Shopify,direct_to_consumer,fulfilled,2025-07-20,2025-07-22,2025-07-20,PA2,OnTrac,1,1,11.53,1.8,0.0,13.33,shipmonk_estimate,USD
158065,6726956843318,Cattasaurus - shoproxstore - Shopify,direct_to_consumer,fulfilled,2025-07-20,2025-07-22,2025-07-20,PA2,FedEx,1,1,11.72,1.8,0.0,13.52,shipmonk_estimate,USD
158068,6726975979830,Cattasaurus - shoproxstore - Shopify,direct_to_consumer,fulfilled,2025-07-20,2025-07-23,2025-07-20,NV3,OnTrac,1,1,16.45,1.8,0.0,18.25,shipmonk_estimate,USD
158069,6726977290550,Cattasaurus - shoproxstore - Shopify,direct_to_consumer,fulfilled,2025-07-20,2025-07-22,2025-07-20,PA2,FedEx,1,1,11.72,1.8,0.0,13.52,shipmonk_estimate,USD
158073,6726985941302,Cattasaurus - shoproxstore - Shopify,direct_to_consumer,fulfilled,2025-07-20,2025-07-22,2025-07-20,PA2,OnTrac,1,1,11.53,1.8,0.0,13.33,shipmonk_estimate,USD
158074,6726988857654,Cattasaurus - shoproxstore - Shopify,direct_to_consumer,fulfilled,2025-07-20,2025-07-21,2025-07-20,NV3,OnTrac,1,1,12.74,1.8,0.0,14.54,shipmonk_estimate,USD
158075,6726990856502,Cattasaurus - shoproxstore - Shopify,direct_to_consumer,fulfilled,2025-07-20,2025-07-22,2025-07-20,PA2,OnTrac,1,1,11.53,1.8,0.0,13.33,shipmonk_estimate,USD
158076,6726992003382,Cattasaurus - shoproxstore - Shopify,direct_to_consumer,fulfilled,2025-07-20,2025-07-23,2025-07-20,NV3,FedEx,1,1,17.2,1.8,0.0,19.0,shipmonk_estimate,USD
158078,6726996459830,Cattasaurus - shoproxstore - Shopify,direct_to_consumer,fulfilled,2025-07-20,2025-07-22,2025-07-20,PA2,OnTrac,1,1,9.25,2.1,0.0,11.35,shipmonk_estimate,USD
158079,6726997115190,Cattasaurus - shoproxstore - Shopify,direct_to_consumer,fulfilled,2025-07-20,2025-07-22,2025-07-20,PA2,OnTrac,1,1,11.53,1.8,0.0,13.33,shipmonk_estimate,USD
158080,6726999834934,Cattasaurus - shoproxstore - Shopify,direct_to_consumer,fulfilled,2025-07-20,2025-07-22,2025-07-20,NV3,OnTrac,1,1,15.9,1.8,0.0,17.7,shipmonk_estimate,USD
158081,6727001145654,Cattasaurus - shoproxstore - Shopify,direct_to_consumer,fulfilled,2025-07-20,2025-07-22,2025-07-20,NV3,OnTrac,1,1,14.04,1.8,0.0,15.84,shipmonk_estimate,USD
158082,6727006519606,Cattasaurus - shoproxstore - Shopify,direct_to_consumer,fulfilled,2025-07-20,2025-07-23,2025-07-20,NV3,FedEx,1,2,46.4,3.0,0.0,49.4,shipmonk_estimate,USD
158083,6727006716214,Cattasaurus - shoproxstore - Shopify,direct_to_consumer,fulfilled,2025-07-20,2025-07-22,2025-07-20,NV3,USPS,1,1,16.18,1.8,0.0,17.98,shipmonk_estimate,USD
158084,6727010222390,Cattasaurus - shoproxstore - Shopify,direct_to_consumer,fulfilled,2025-07-20,2025-07-22,2025-07-20,NV3,OnTrac,1,1,13.28,1.8,0.0,15.08,shipmonk_estimate,USD
158085,6727010287926,Cattasaurus - shoproxstore - Shopify,direct_to_consumer,fulfilled,2025-07-20,2025-07-22,2025-07-20,NV3,OnTrac,1,1,11.53,1.8,0.0,13.33,shipmonk_estimate,USD
158086,6727012417846,Cattasaurus - shoproxstore - Shopify,direct_to_consumer,fulfilled,2025-07-20,2025-07-23,2025-07-20,NV3,OnTrac,1,1,28.6,1.8,0.0,30.4,shipmonk_estimate,USD
158087,6727013826870,Cattasaurus - shoproxstore - Shopify,direct_to_consumer,fulfilled,2025-07-20,2025-07-22,2025-07-20,NV3,OnTrac,1,1,11.53,1.8,0.0,13.33,shipmonk_estimate,USD
158088,6727015072054,Cattasaurus - shoproxstore - Shopify,direct_to_consumer,fulfilled,2025-07-20,2025-07-22,2025-07-20,PA2,OnTrac,1,1,11.53,2.1,0.0,13.63,shipmonk_estimate,USD
158089,6727020642614,Cattasaurus - shoproxstore - Shopify,direct_to_consumer,fulfilled,2025-07-20,2025-07-22,2025-07-20,NV3,OnTrac,1,1,11.53,1.8,0.0,13.33,shipmonk_estimate,USD
158090,6727021396278,Cattasaurus - shoproxstore - Shopify,direct_to_consumer,fulfilled,2025-07-20,2025-07-22,2025-07-20,PA2,OnTrac,1,1,15.9,1.8,0.0,17.7,shipmonk_estimate,USD
158091,6727022477622,Cattasaurus - shoproxstore - Shopify,direct_to_consumer,fulfilled,2025-07-20,2025-07-22,2025-07-20,NV3,UPS,1,1,17.46,1.8,0.0,19.26,shipmonk_estimate,USD
158092,6727026966838,Cattasaurus - shoproxstore - Shopify,direct_to_consumer,fulfilled,2025-07-20,2025-07-23,2025-07-20,NV3,FedEx,1,1,16.45,1.8,0.0,18.25,shipmonk_estimate,USD
158093,6727028474166,Cattasaurus - shoproxstore - Shopify,direct_to_consumer,fulfilled,2025-07-20,2025-07-22,2025-07-20,PA2,FedEx,1,1,14.04,1.8,0.0,15.84,shipmonk_estimate,USD
158094,6727031816502,Cattasaurus - shoproxstore - Shopify,direct_to_consumer,fulfilled,2025-07-20,2025-07-22,2025-07-20,NV3,OnTrac,1,1,13.09,1.8,0.0,14.89,shipmonk_estimate,USD
158095,6727036764470,Cattasaurus - shoproxstore - Shopify,direct_to_consumer,fulfilled,2025-07-20,2025-07-22,2025-07-20,PA2,OnTrac,1,1,10.81,1.8,0.0,12.61,shipmonk_estimate,USD
158096,6727039648054,Cattasaurus - shoproxstore - Shopify,direct_to_consumer,fulfilled,2025-07-20,2025-07-23,2025-07-20,NV3,OnTrac,1,1,11.72,1.8,0.0,13.52,shipmonk_estimate,USD
158097,6727042924854,Cattasaurus - shoproxstore - Shopify,direct_to_consumer,fulfilled,2025-07-20,2025-07-22,2025-07-20,PA2,FedEx,1,1,15.9,1.8,0.0,17.7,shipmonk_estimate,USD
158098,6727045939510,Cattasaurus - shoproxstore - Shopify,direct_to_consumer,fulfilled,2025-07-20,2025-07-22,2025-07-20,NV3,OnTrac,1,1,15.9,1.8,0.0,17.7,shipmonk_estimate,USD
158099,6727046725942,Cattasaurus - shoproxstore - Shopify,direct_to_consumer,fulfilled,2025-07-20,2025-07-22,2025-07-20,PA2,UPS,1,1,10.81,1.8,0.0,12.61,shipmonk_estimate,USD
158100,6727046988086,Cattasaurus - shoproxstore - Shopify,direct_to_consumer,fulfilled,2025-07-20,2025-07-22,2025-07-20,PA2,OnTrac,1,1,13.28,1.8,0.0,15.08,shipmonk_estimate,USD
158101,6727050363190,Cattasaurus - shoproxstore - Shopify,direct_to_consumer,fulfilled,2025-07-20,2025-07-23,2025-07-20,NV3,OnTrac,1,1,14.04,2.1,0.0,16.14,shipmonk_estimate,USD
158103,6727058948406,Cattasaurus - shoproxstore - Shopify,direct_to_consumer,fulfilled,2025-07-20,2025-07-22,2025-07-20,PA2,OnTrac,1,1,14.04,1.8,0.0,15.84,shipmonk_estimate,USD
158104,6727059505462,Cattasaurus - shoproxstore - Shopify,direct_to_consumer,fulfilled,2025-07-20,2025-07-22,2025-07-20,NV3,OnTrac,1,1,11.72,1.8,0.0,13.52,shipmonk_estimate,USD
158105,6727065862454,Cattasaurus - shoproxstore - Shopify,direct_to_consumer,fulfilled,2025-07-20,2025-07-23,2025-07-20,NV3,OnTrac,1,1,14.05,1.8,0.0,15.85,shipmonk_estimate,USD
158106,6727067074870,Cattasaurus - shoproxstore - Shopify,direct_to_consumer,fulfilled,2025-07-20,2025-07-22,2025-07-20,PA2,OnTrac,1,1,11.72,1.8,0.0,13.52,shipmonk_estimate,USD
158108,6727069991222,Cattasaurus - shoproxstore - Shopify,direct_to_consumer,fulfilled,2025-07-20,2025-07-22,2025-07-20,PA2,OnTrac,1,1,10.81,2.1,0.0,12.91,shipmonk_estimate,USD
158109,6727071564086,Cattasaurus - shoproxstore - Shopify,direct_to_consumer,fulfilled,2025-07-20,2025-07-22,2025-07-20,PA2,UPS,1,1,13.09,1.8,0.0,14.89,shipmonk_estimate,USD
158110,6727076970806,Cattasaurus - shoproxstore - Shopify,direct_to_consumer,fulfilled,2025-07-20,2025-07-23,2025-07-20,NV3,OnTrac,1,1,15.64,1.8,0.0,17.44,shipmonk_estimate,USD
158111,6727077331254,Cattasaurus - shoproxstore - Shopify,direct_to_consumer,fulfilled,2025-07-20,2025-07-22,2025-07-20,NV3,OnTrac,1,1,11.53,1.8,0.0,13.33,shipmonk_estimate,USD
158112,6727078838582,Cattasaurus - shoproxstore - Shopify,direct_to_consumer,fulfilled,2025-07-20,2025-07-22,2025-07-20,PA2,OnTrac,1,1,14.04,1.8,0.0,15.84,shipmonk_estimate,USD
158113,6727084769590,Cattasaurus - shoproxstore - Shopify,direct_to_consumer,fulfilled,2025-07-20,2025-07-22,2025-07-20,PA2,FedEx,1,2,23.44,3.6,0.0,27.04,shipmonk_estimate,USD
158115,6727089684790,Cattasaurus - shoproxstore - Shopify,direct_to_consumer,fulfilled,2025-07-20,2025-07-22,2025-07-20,PA2,OnTrac,1,1,14.04,1.8,0.0,15.84,shipmonk_estimate,USD
158116,6727090045238,Cattasaurus - shoproxstore - Shopify,direct_to_consumer,fulfilled,2025-07-20,2025-07-22,2025-07-20,PA2,OnTrac,1,1,14.04,2.1,0.0,16.14,shipmonk_estimate,USD
158117,6727105708342,Cattasaurus - shoproxstore - Shopify,direct_to_consumer,fulfilled,2025-07-20,2025-07-22,2025-07-20,NV3,OnTrac,1,1,12.48,1.8,0.0,14.28,shipmonk_estimate,USD
158118,6727106887990,Cattasaurus - shoproxstore - Shopify,direct_to_consumer,fulfilled,2025-07-20,2025-07-22,2025-07-20,PA2,OnTrac,1,1,11.72,1.8,0.0,13.52,shipmonk_estimate,USD
158119,6727108722998,Cattasaurus - shoproxstore - Shopify,direct_to_consumer,fulfilled,2025-07-20,2025-07-22,2025-07-20,PA2,OnTrac,1,1,10.81,1.8,0.0,12.61,shipmonk_estimate,USD
158120,6727112687926,Cattasaurus - shoproxstore - Shopify,direct_to_consumer,fulfilled,2025-07-20,2025-07-23,2025-07-20,NV3,OnTrac,2,1,13.43,2.1,0.0,15.53,shipmonk_estimate,USD
158122,6727136411958,Cattasaurus - shoproxstore - Shopify,direct_to_consumer,fulfilled,2025-07-20,2025-07-22,2025-07-20,PA2,FedEx,1,1,18.68,7.5,0.0,26.18,shipmonk_estimate,USD
158123,6727140737334,Cattasaurus - shoproxstore - Shopify,direct_to_consumer,fulfilled,2025-07-20,2025-07-22,2025-07-20,PA2,OnTrac,1,1,14.04,1.8,0.0,15.84,shipmonk_estimate,USD
158124,6727145488694,Cattasaurus - shoproxstore - Shopify,direct_to_consumer,fulfilled,2025-07-20,2025-07-22,2025-07-20,PA2,OnTrac,1,1,13.09,1.8,0.0,14.89,shipmonk_estimate,USD
158125,6727152927030,Cattasaurus - shoproxstore - Shopify,direct_to_consumer,fulfilled,2025-07-20,2025-07-22,2025-07-20,NV3,OnTrac,1,1,12.74,1.8,0.0,14.54,shipmonk_estimate,USD
158126,6727153975606,Cattasaurus - shoproxstore - Shopify,direct_to_consumer,fulfilled,2025-07-20,2025-07-22,2025-07-20,NV3,FedEx,1,1,15.9,1.8,0.0,17.7,shipmonk_estimate,USD
158127,6727156662582,Cattasaurus - shoproxstore - Shopify,direct_to_consumer,fulfilled,2025-07-20,2025-07-23,2025-07-20,NV3,OnTrac,1,1,11.53,2.1,0.0,13.63,shipmonk_estimate,USD
158128,6727157317942,Cattasaurus - shoproxstore - Shopify,direct_to_consumer,fulfilled,2025-07-20,2025-07-22,2025-07-20,PA2,OnTrac,1,1,14.04,1.8,0.0,15.84,shipmonk_estimate,USD
158129,6727158366518,Cattasaurus - shoproxstore - Shopify,direct_to_consumer,fulfilled,2025-07-20,2025-07-22,2025-07-20,NV3,OnTrac,1,1,11.72,1.8,0.0,13.52,shipmonk_estimate,USD
158130,6727160758582,Cattasaurus - shoproxstore - Shopify,direct_to_consumer,fulfilled,2025-07-20,2025-07-22,2025-07-20,NV3,OnTrac,1,1,11.53,1.8,0.0,13.33,shipmonk_estimate,USD
158131,6727161381174,Cattasaurus - shoproxstore - Shopify,direct_to_consumer,fulfilled,2025-07-20,2025-07-22,2025-07-20,NV3,OnTrac,1,1,11.53,1.8,0.0,13.33,shipmonk_estimate,USD
158133,6727163445558,Cattasaurus - shoproxstore - Shopify,direct_to_consumer,fulfilled,2025-07-20,2025-07-22,2025-07-20,PA2,OnTrac,1,1,11.72,1.8,0.0,13.52,shipmonk_estimate,USD
158134,6727164002614,Cattasaurus - shoproxstore - Shopify,direct_to_consumer,fulfilled,2025-07-20,2025-07-23,2025-07-20,NV3,OnTrac,1,1,14.04,2.1,0.0,16.14,shipmonk_estimate,USD
158135,6727167344950,Cattasaurus - shoproxstore - Shopify,direct_to_consumer,fulfilled,2025-07-20,2025-07-22,2025-07-20,NV3,FedEx,1,1,20.2,1.8,0.0,22.0,shipmonk_estimate,USD
158137,6727175373110,Cattasaurus - shoproxstore - Shopify,direct_to_consumer,fulfilled,2025-07-20,2025-07-22,2025-07-20,PA2,OnTrac,1,1,11.53,1.8,0.0,13.33,shipmonk_estimate,USD
158138,6727186907446,Cattasaurus - shoproxstore - Shopify,direct_to_consumer,fulfilled,2025-07-20,2025-07-23,2025-07-20,NV3,OnTrac,1,1,12.74,1.8,0.0,14.54,shipmonk_estimate,USD
158139,6727187366198,Cattasaurus - shoproxstore - Shopify,direct_to_consumer,fulfilled,2025-07-20,2025-07-23,2025-07-20,NV3,OnTrac,1,1,11.53,2.1,0.0,13.63,shipmonk_estimate,USD
158140,6727198540086,Cattasaurus - shoproxstore - Shopify,direct_to_consumer,fulfilled,2025-07-20,2025-07-23,2025-07-20,NV3,OnTrac,1,1,11.72,1.8,0.0,13.52,shipmonk_estimate,USD
158141,6727205814582,Cattasaurus - shoproxstore - Shopify,direct_to_consumer,fulfilled,2025-07-20,2025-07-22,2025-07-20,PA2,UPS,1,1,15.6,1.8,0.0,17.4,shipmonk_estimate,USD
158142,6727207944502,Cattasaurus - shoproxstore - Shopify,direct_to_consumer,fulfilled,2025-07-20,2025-07-23,2025-07-20,NV3,FedEx,1,2,24.7,3.0,0.0,27.7,shipmonk_estimate,USD
158143,6727212564790,Cattasaurus - shoproxstore - Shopify,direct_to_consumer,fulfilled,2025-07-20,2025-07-23,2025-07-20,NV3,FedEx,1,1,23.2,1.8,0.0,25.0,shipmonk_estimate,USD
158144,6727212597558,Cattasaurus - shoproxstore - Shopify,direct_to_consumer,fulfilled,2025-07-20,2025-07-22,2025-07-20,NV3,FedEx,1,1,16.45,1.8,0.0,18.25,shipmonk_estimate,USD
158145,6727213416758,Cattasaurus - shoproxstore - Shopify,direct_to_consumer,fulfilled,2025-07-20,2025-07-22,2025-07-20,NV3,OnTrac,1,1,15.9,1.8,0.0,17.7,shipmonk_estimate,USD
158146,6727213973814,Cattasaurus - shoproxstore - Shopify,direct_to_consumer,fulfilled,2025-07-20,2025-07-23,2025-07-20,NV3,OnTrac,1,1,11.72,2.1,0.0,13.82,shipmonk_estimate,USD
158147,6727215546678,Cattasaurus - shoproxstore - Shopify,direct_to_consumer,fulfilled,2025-07-20,2025-07-22,2025-07-20,PA2,OnTrac,1,1,15.9,1.8,0.0,17.7,shipmonk_estimate,USD
158149,6727218331958,Cattasaurus - shoproxstore - Shopify,direct_to_consumer,fulfilled,2025-07-20,2025-07-22,2025-07-20,NV3,OnTrac,1,1,11.53,1.8,0.0,13.33,shipmonk_estimate,USD
158150,6727219118390,Cattasaurus - shoproxstore - Shopify,direct_to_consumer,fulfilled,2025-07-20,2025-07-22,2025-07-20,PA2,OnTrac,1,1,15.9,1.8,0.0,17.7,shipmonk_estimate,USD
158151,6727229997366,Cattasaurus - shoproxstore - Shopify,direct_to_consumer,fulfilled,2025-07-20,2025-07-22,2025-07-20,NV3,OnTrac,1,1,11.72,1.8,0.0,13.52,shipmonk_estimate,USD
158152,6727230128438,Cattasaurus - shoproxstore - Shopify,direct_to_consumer,fulfilled,2025-07-20,2025-07-23,2025-07-20,NV3,FedEx,1,1,12.74,2.1,0.0,14.84,shipmonk_estimate,USD
158153,6727232880950,Cattasaurus - shoproxstore - Shopify,direct_to_consumer,fulfilled,2025-07-20,2025-07-22,2025-07-20,NV3,OnTrac,1,1,11.72,1.8,0.0,13.52,shipmonk_estimate,USD
158154,6727234748726,Cattasaurus - shoproxstore - Shopify,direct_to_consumer,fulfilled,2025-07-20,2025-07-23,2025-07-20,NV3,FedEx,1,2,54.08,3.0,0.0,57.08,shipmonk_estimate,USD
158155,6727240974646,Cattasaurus - shoproxstore - Shopify,direct_to_consumer,fulfilled,2025-07-20,2025-07-23,2025-07-20,PA2,UPS,1,3,37.93,5.4,0.0,43.33,shipmonk_estimate,USD
158156,6727242219830,Cattasaurus - shoproxstore - Shopify,direct_to_consumer,fulfilled,2025-07-20,2025-07-23,2025-07-20,NV3,OnTrac,1,1,25.38,1.8,0.0,27.18,shipmonk_estimate,USD
158157,6727242318134,Cattasaurus - shoproxstore - Shopify,direct_to_consumer,fulfilled,2025-07-20,2025-07-23,2025-07-20,NV3,FedEx,1,2,24.7,3.0,0.0,27.7,shipmonk_estimate,USD
158158,6727243333942,Cattasaurus - shoproxstore - Shopify,direct_to_consumer,fulfilled,2025-07-20,2025-07-23,2025-07-20,NV3,OnTrac,1,1,11.53,2.1,0.0,13.63,shipmonk_estimate,USD
158159,6727252082998,Cattasaurus - shoproxstore - Shopify,direct_to_consumer,fulfilled,2025-07-20,2025-07-23,2025-07-20,NV3,OnTrac,1,1,14.05,1.8,0.0,15.85,shipmonk_estimate,USD
158160,6727253623094,Cattasaurus - shoproxstore - Shopify,direct_to_consumer,fulfilled,2025-07-20,2025-07-22,2025-07-20,NV3,OnTrac,1,1,14.04,1.8,0.0,15.84,shipmonk_estimate,USD
158161,6727256473910,Cattasaurus - shoproxstore - Shopify,direct_to_consumer,fulfilled,2025-07-20,2025-07-22,2025-07-20,NV3,OnTrac,1,1,15.9,1.8,0.0,17.7,shipmonk_estimate,USD
158163,6727258702134,Cattasaurus - shoproxstore - Shopify,direct_to_consumer,fulfilled,2025-07-20,2025-07-22,2025-07-20,PA2,OnTrac,1,1,10.81,1.8,0.0,12.61,shipmonk_estimate,USD
158166,6727261126966,Cattasaurus - shoproxstore - Shopify,direct_to_consumer,fulfilled,2025-07-20,2025-07-22,2025-07-20,PA2,OnTrac,1,1,11.72,1.8,0.0,13.52,shipmonk_estimate,USD
158167,6727265911094,Cattasaurus - shoproxstore - Shopify,direct_to_consumer,fulfilled,2025-07-20,2025-07-23,2025-07-20,NV3,FedEx,1,2,40.7,3.0,0.0,43.7,shipmonk_estimate,USD
158168,6727266861366,Cattasaurus - shoproxstore - Shopify,direct_to_consumer,fulfilled,2025-07-20,2025-07-22,2025-07-20,NV3,OnTrac,1,1,14.04,1.8,0.0,15.84,shipmonk_estimate,USD
158170,6727270400310,Cattasaurus - shoproxstore - Shopify,direct_to_consumer,fulfilled,2025-07-20,2025-07-22,2025-07-20,PA2,OnTrac,1,1,11.53,1.8,0.0,13.33,shipmonk_estimate,USD
158171,6727271547190,Cattasaurus - shoproxstore - Shopify,direct_to_consumer,fulfilled,2025-07-20,2025-07-23,2025-07-20,NV3,OnTrac,1,1,13.28,1.8,0.0,15.08,shipmonk_estimate,USD
158172,6727272759606,Cattasaurus - shoproxstore - Shopify,direct_to_consumer,fulfilled,2025-07-20,2025-07-22,2025-07-20,NV3,OnTrac,1,1,14.04,1.8,0.0,15.84,shipmonk_estimate,USD
158173,6727273152822,Cattasaurus - shoproxstore - Shopify,direct_to_consumer,fulfilled,2025-07-20,2025-07-22,2025-07-20,PA2,UPS,1,1,15.6,1.8,0.0,17.4,shipmonk_estimate,USD
158174,6727276495158,Cattasaurus - shoproxstore - Shopify,direct_to_consumer,fulfilled,2025-07-20,2025-07-22,2025-07-20,PA2,USPS,1,1,9.97,1.8,0.0,11.77,shipmonk_estimate,USD
158175,6727277838646,Cattasaurus - shoproxstore - Shopify,direct_to_consumer,fulfilled,2025-07-20,2025-07-23,2025-07-20,NV3,UPS,1,1,15.6,2.1,0.0,17.7,shipmonk_estimate,USD
158176,6727281312054,Cattasaurus - shoproxstore - Shopify,direct_to_consumer,fulfilled,2025-07-20,2025-07-23,2025-07-20,NV3,OnTrac,1,1,12.35,1.8,0.0,14.15,shipmonk_estimate,USD
158177,6727288521014,Cattasaurus - shoproxstore - Shopify,direct_to_consumer,fulfilled,2025-07-20,2025-07-22,2025-07-20,NV3,UPS,1,1,15.6,1.8,0.0,17.4,shipmonk_estimate,USD
158178,6727293042998,Cattasaurus - shoproxstore - Shopify,direct_to_consumer,fulfilled,2025-07-20,2025-07-22,2025-07-20,PA2,OnTrac,1,1,11.53,1.8,0.0,13.33,shipmonk_estimate,USD
158179,6727297237302,Cattasaurus - shoproxstore - Shopify,direct_to_consumer,fulfilled,2025-07-20,2025-07-22,2025-07-20,PA2,OnTrac,1,1,10.81,1.8,0.0,12.61,shipmonk_estimate,USD
158180,6727303495990,Cattasaurus - shoproxstore - Shopify,direct_to_consumer,fulfilled,2025-07-20,2025-07-22,2025-07-20,PA2,OnTrac,1,1,10.81,1.8,0.0,12.61,shipmonk_estimate,USD
158181,6727303528758,Cattasaurus - shoproxstore - Shopify,direct_to_consumer,fulfilled,2025-07-20,2025-07-23,2025-07-20,NV3,OnTrac,1,1,12.35,1.8,0.0,14.15,shipmonk_estimate,USD
158183,6727308116278,Cattasaurus - shoproxstore - Shopify,direct_to_consumer,fulfilled,2025-07-20,2025-07-22,2025-07-20,PA2,OnTrac,1,1,13.43,1.5,6.5,21.43,shipmonk_estimate,USD
158184,6727308280118,Cattasaurus - shoproxstore - Shopify,direct_to_consumer,fulfilled,2025-07-20,2025-07-23,2025-07-20,PA2,OnTrac,1,1,10.81,2.1,0.0,12.91,shipmonk_estimate,USD
158185,6727313555766,Cattasaurus - shoproxstore - Shopify,direct_to_consumer,fulfilled,2025-07-20,2025-07-23,2025-07-20,NV3,OnTrac,1,1,11.53,2.1,0.0,13.63,shipmonk_estimate,USD
158186,6727319814454,Cattasaurus - shoproxstore - Shopify,direct_to_consumer,fulfilled,2025-07-20,2025-07-22,2025-07-20,PA2,OnTrac,1,1,11.72,1.8,0.0,13.52,shipmonk_estimate,USD
158188,6727330726198,Cattasaurus - shoproxstore - Shopify,direct_to_consumer,fulfilled,2025-07-20,2025-07-23,2025-07-20,PA2,OnTrac,1,1,10.81,2.1,0.0,12.91,shipmonk_estimate,USD
158189,6727335805238,Cattasaurus - shoproxstore - Shopify,direct_to_consumer,fulfilled,2025-07-20,2025-07-23,2025-07-20,NV3,OnTrac,1,1,15.1,2.4,0.0,17.5,shipmonk_estimate,USD
158190,6727336329526,Cattasaurus - shoproxstore - Shopify,direct_to_consumer,fulfilled,2025-07-20,2025-07-22,2025-07-20,NV3,FedEx,1,1,24.76,1.8,0.0,26.56,shipmonk_estimate,USD
158191,6727340130614,Cattasaurus - shoproxstore - Shopify,direct_to_consumer,fulfilled,2025-07-20,2025-07-22,2025-07-20,NV3,OnTrac,1,1,15.6,1.8,0.0,17.4,shipmonk_estimate,USD
158192,6727342752054,Cattasaurus - shoproxstore - Shopify,direct_to_consumer,fulfilled,2025-07-20,2025-07-22,2025-07-20,PA2,OnTrac,1,1,11.72,1.8,0.0,13.52,shipmonk_estimate,USD
158193,6727343800630,Cattasaurus - shoproxstore - Shopify,direct_to_consumer,fulfilled,2025-07-20,2025-07-23,2025-07-20,NV3,FedEx,1,1,18.64,1.8,0.0,20.44,shipmonk_estimate,USD
158193_1,20bfea5c-c979-454b-8621-2ad9219d6bf4,Cattasaurus - shoproxstore - Shopify,direct_to_consumer,fulfilled,2025-07-20,2025-07-23,2025-07-20,NV3,OnTrac,1,1,14.34,1.8,0.0,16.14,shipmonk_estimate,USD
158194,6727344947510,Cattasaurus - shoproxstore - Shopify,direct_to_consumer,fulfilled,2025-07-20,2025-07-22,2025-07-20,NV3,OnTrac,1,1,11.53,1.8,0.0,13.33,shipmonk_estimate,USD
158195,6727346356534,Cattasaurus - shoproxstore - Shopify,direct_to_consumer,fulfilled,2025-07-20,2025-07-22,2025-07-20,PA2,OnTrac,1,1,15.9,1.8,0.0,17.7,shipmonk_estimate,USD
158196,6727347175734,Cattasaurus - shoproxstore - Shopify,direct_to_consumer,fulfilled,2025-07-20,2025-07-22,2025-07-20,PA2,OnTrac,1,1,10.81,1.8,0.0,12.61,shipmonk_estimate,USD
158197,6727348289846,Cattasaurus - shoproxstore - Shopify,direct_to_consumer,fulfilled,2025-07-20,2025-07-22,2025-07-20,NV3,FedEx,1,1,24.76,1.8,0.0,26.56,shipmonk_estimate,USD
158198,6727350681910,Cattasaurus - shoproxstore - Shopify,direct_to_consumer,fulfilled,2025-07-20,2025-07-23,2025-07-20,NV3,OnTrac,1,1,25.38,1.8,0.0,27.18,shipmonk_estimate,USD
158199,6727351173430,Cattasaurus - shoproxstore - Shopify,direct_to_consumer,fulfilled,2025-07-20,2025-07-23,2025-07-20,NV3,OnTrac,1,1,14.05,1.8,0.0,15.85,shipmonk_estimate,USD
158200,6727352451382,Cattasaurus - shoproxstore - Shopify,direct_to_consumer,fulfilled,2025-07-20,2025-07-22,2025-07-20,PA2,OnTrac,1,1,10.81,1.8,0.0,12.61,shipmonk_estimate,USD
158201,6727357104438,Cattasaurus - shoproxstore - Shopify,direct_to_consumer,fulfilled,2025-07-20,2025-07-22,2025-07-20,PA2,OnTrac,1,1,10.81,1.8,0.0,12.61,shipmonk_estimate,USD
158202,6727359660342,Cattasaurus - shoproxstore - Shopify,direct_to_consumer,fulfilled,2025-07-20,2025-07-22,2025-07-20,NV3,OnTrac,1,1,12.74,1.8,0.0,14.54,shipmonk_estimate,USD
158203,6727361364278,Cattasaurus - shoproxstore - Shopify,direct_to_consumer,fulfilled,2025-07-20,2025-07-22,2025-07-20,PA2,OnTrac,1,1,9.25,1.8,0.0,11.05,shipmonk_estimate,USD
158204,6727363690806,Cattasaurus - shoproxstore - Shopify,direct_to_consumer,fulfilled,2025-07-20,2025-07-22,2025-07-20,NV3,OnTrac,1,1,14.04,1.8,0.0,15.84,shipmonk_estimate,USD
158205,6727365296438,Cattasaurus - shoproxstore - Shopify,direct_to_consumer,fulfilled,2025-07-20,2025-07-23,2025-07-20,NV3,UPS,1,1,15.6,1.8,0.0,17.4,shipmonk_estimate,USD
158207,6727365656886,Cattasaurus - shoproxstore - Shopify,direct_to_consumer,fulfilled,2025-07-20,2025-07-23,2025-07-20,NV3,OnTrac,1,1,12.74,1.8,0.0,14.54,shipmonk_estimate,USD
158208,6727371260214,Cattasaurus - shoproxstore - Shopify,direct_to_consumer,fulfilled,2025-07-20,2025-07-23,2025-07-20,PA2,OnTrac,1,1,15.6,2.1,0.0,17.7,shipmonk_estimate,USD
158209,6727375716662,Cattasaurus - shoproxstore - Shopify,direct_to_consumer,fulfilled,2025-07-20,2025-07-22,2025-07-20,NV3,UPS,1,1,13.28,1.8,0.0,15.08,shipmonk_estimate,USD
158210,6727375847734,Cattasaurus - shoproxstore - Shopify,direct_to_consumer,fulfilled,2025-07-20,2025-07-22,2025-07-20,NV3,OnTrac,1,1,14.04,1.8,0.0,15.84,shipmonk_estimate,USD
158211,6727379288374,Cattasaurus - shoproxstore - Shopify,direct_to_consumer,fulfilled,2025-07-20,2025-07-23,2025-07-20,NV3,FedEx,1,1,15.61,1.8,0.0,17.41,shipmonk_estimate,USD
158212,6727380074806,Cattasaurus - shoproxstore - Shopify,direct_to_consumer,fulfilled,2025-07-20,2025-07-22,2025-07-20,PA2,OnTrac,1,1,10.81,1.8,0.0,12.61,shipmonk_estimate,USD
158213,6727385153846,Cattasaurus - shoproxstore - Shopify,direct_to_consumer,fulfilled,2025-07-20,2025-07-22,2025-07-20,PA2,OnTrac,1,1,11.53,1.8,0.0,13.33,shipmonk_estimate,USD
158214,6727385514294,Cattasaurus - shoproxstore - Shopify,direct_to_consumer,fulfilled,2025-07-20,2025-07-22,2025-07-20,NV3,FedEx,1,1,14.04,1.8,0.0,15.84,shipmonk_estimate,USD
158215,6727388266806,Cattasaurus - shoproxstore - Shopify,direct_to_consumer,fulfilled,2025-07-20,2025-07-22,2025-07-20,NV3,OnTrac,1,1,11.72,1.8,0.0,13.52,shipmonk_estimate,USD
158217,6727405273398,Cattasaurus - shoproxstore - Shopify,direct_to_consumer,fulfilled,2025-07-20,2025-07-23,2025-07-20,NV3,FedEx,1,1,20.2,1.8,0.0,22.0,shipmonk_estimate,USD
158218,6727408189750,Cattasaurus - shoproxstore - Shopify,direct_to_consumer,fulfilled,2025-07-20,2025-07-22,2025-07-20,PA2,OnTrac,1,1,10.81,1.8,0.0,12.61,shipmonk_estimate,USD
158219,6727410975030,Cattasaurus - shoproxstore - Shopify,direct_to_consumer,fulfilled,2025-07-20,2025-07-23,2025-07-20,NV3,OnTrac,1,1,27.04,1.8,0.0,28.84,shipmonk_estimate,USD
158220,6727411138870,Cattasaurus - shoproxstore - Shopify,direct_to_consumer,fulfilled,2025-07-20,2025-07-23,2025-07-20,NV3,OnTrac,1,1,12.12,2.4,0.0,14.52,shipmonk_estimate,USD
158221,6727412285750,Cattasaurus - shoproxstore - Shopify,direct_to_consumer,fulfilled,2025-07-20,2025-07-22,2025-07-20,NV3,OnTrac,1,1,13.28,1.8,0.0,15.08,shipmonk_estimate,USD
158222,6727415333174,Cattasaurus - shoproxstore - Shopify,direct_to_consumer,fulfilled,2025-07-20,2025-07-22,2025-07-20,PA2,OnTrac,1,1,10.81,1.8,0.0,12.61,shipmonk_estimate,USD
158223,6727415562550,Cattasaurus - shoproxstore - Shopify,direct_to_consumer,fulfilled,2025-07-20,2025-07-22,2025-07-20,PA2,FedEx,1,1,11.72,1.8,0.0,13.52,shipmonk_estimate,USD
158224,6727421460790,Cattasaurus - shoproxstore - Shopify,direct_to_consumer,fulfilled,2025-07-20,2025-07-22,2025-07-20,NV3,OnTrac,1,1,11.53,1.8,0.0,13.33,shipmonk_estimate,USD
158225,6727424246070,Cattasaurus - shoproxstore - Shopify,direct_to_consumer,fulfilled,2025-07-20,2025-07-23,2025-07-20,NV3,OnTrac,1,1,11.53,2.1,0.0,13.63,shipmonk_estimate,USD
158226,6727424868662,Cattasaurus - shoproxstore - Shopify,direct_to_consumer,fulfilled,2025-07-20,2025-07-23,2025-07-20,NV3,OnTrac,1,1,11.72,1.8,0.0,13.52,shipmonk_estimate,USD
158227,6727427162422,Cattasaurus - shoproxstore - Shopify,direct_to_consumer,fulfilled,2025-07-20,2025-07-23,2025-07-20,NV3,OnTrac,1,1,12.47,1.8,0.0,14.27,shipmonk_estimate,USD
158228,6727427555638,Cattasaurus - shoproxstore - Shopify,direct_to_consumer,fulfilled,2025-07-20,2025-07-23,2025-07-20,PA2,OnTrac,1,1,11.72,2.1,0.0,13.82,shipmonk_estimate,USD
158229,6727430504758,Cattasaurus - shoproxstore - Shopify,direct_to_consumer,fulfilled,2025-07-20,2025-07-23,2025-07-20,PA2,OnTrac,1,1,10.81,1.8,0.0,12.61,shipmonk_estimate,USD
158230,6727446724918,Cattasaurus - shoproxstore - Shopify,direct_to_consumer,fulfilled,2025-07-20,2025-07-22,2025-07-20,NV3,OnTrac,1,1,15.9,1.8,0.0,17.7,shipmonk_estimate,USD
158231,6727449280822,Cattasaurus - shoproxstore - Shopify,direct_to_consumer,fulfilled,2025-07-20,2025-07-23,2025-07-20,NV3,FedEx,1,1,14.05,1.8,0.0,15.85,shipmonk_estimate,USD
158233,6727458881846,Cattasaurus - shoproxstore - Shopify,direct_to_consumer,fulfilled,2025-07-20,2025-07-23,2025-07-20,NV3,OnTrac,1,1,15.9,1.8,0.0,17.7,shipmonk_estimate,USD
158235,6727463469366,Cattasaurus - shoproxstore - Shopify,direct_to_consumer,fulfilled,2025-07-20,2025-07-22,2025-07-20,NV3,OnTrac,1,1,11.53,1.8,0.0,13.33,shipmonk_estimate,USD
158237,6727473955126,Cattasaurus - shoproxstore - Shopify,direct_to_consumer,fulfilled,2025-07-20,2025-07-23,2025-07-20,PA2,OnTrac,1,1,10.81,2.1,0.0,12.91,shipmonk_estimate,USD
158238,6727479460150,Cattasaurus - shoproxstore - Shopify,direct_to_consumer,fulfilled,2025-07-20,2025-07-22,2025-07-20,NV3,OnTrac,1,1,14.04,1.8,0.0,15.84,shipmonk_estimate,USD
158239,6727480869174,Cattasaurus - shoproxstore - Shopify,direct_to_consumer,fulfilled,2025-07-20,2025-07-23,2025-07-20,NV3,OnTrac,1,1,27.04,1.8,0.0,28.84,shipmonk_estimate,USD
158240,6727485129014,Cattasaurus - shoproxstore - Shopify,direct_to_consumer,fulfilled,2025-07-20,2025-07-22,2025-07-20,NV3,OnTrac,1,1,11.53,1.8,0.0,13.33,shipmonk_estimate,USD
158242,6727489028406,Cattasaurus - shoproxstore - Shopify,direct_to_consumer,fulfilled,2025-07-20,2025-07-23,2025-07-20,NV3,OnTrac,1,1,27.04,1.8,0.0,28.84,shipmonk_estimate,USD
158243,6727491846454,Cattasaurus - shoproxstore - Shopify,direct_to_consumer,fulfilled,2025-07-20,2025-07-22,2025-07-20,NV3,UPS,1,1,13.28,1.8,0.0,15.08,shipmonk_estimate,USD
158244,6727494205750,Cattasaurus - shoproxstore - Shopify,direct_to_consumer,fulfilled,2025-07-20,2025-07-22,2025-07-20,PA2,OnTrac,1,1,14.04,1.8,0.0,15.84,shipmonk_estimate,USD
158245,6727496466742,Cattasaurus - shoproxstore - Shopify,direct_to_consumer,fulfilled,2025-07-20,2025-07-23,2025-07-20,PA2,OnTrac,1,1,11.72,1.8,0.0,13.52,shipmonk_estimate,USD
158246,6727498236214,Cattasaurus - shoproxstore - Shopify,direct_to_consumer,fulfilled,2025-07-20,2025-07-23,2025-07-20,NV3,OnTrac,1,1,27.04,1.8,0.0,28.84,shipmonk_estimate,USD
158247,6727502201142,Cattasaurus - shoproxstore - Shopify,direct_to_consumer,fulfilled,2025-07-20,2025-07-23,2025-07-20,NV3,OnTrac,1,1,20.56,1.5,0.0,22.06,shipmonk_estimate,USD
158248,6727508525366,Cattasaurus - shoproxstore - Shopify,direct_to_consumer,fulfilled,2025-07-20,2025-07-23,2025-07-20,PA2,OnTrac,1,1,11.72,2.1,0.0,13.82,shipmonk_estimate,USD
158249,6727534838070,Cattasaurus - shoproxstore - Shopify,direct_to_consumer,fulfilled,2025-07-20,2025-07-22,2025-07-20,PA2,OnTrac,1,1,10.81,1.8,0.0,12.61,shipmonk_estimate,USD
158250,6727535362358,Cattasaurus - shoproxstore - Shopify,direct_to_consumer,fulfilled,2025-07-20,2025-07-23,2025-07-20,NV3,OnTrac,1,1,23.2,1.8,0.0,25.0,shipmonk_estimate,USD
158251,6727536443702,Cattasaurus - shoproxstore - Shopify,direct_to_consumer,fulfilled,2025-07-20,2025-07-23,2025-07-20,PA2,OnTrac,1,1,11.72,1.8,0.0,13.52,shipmonk_estimate,USD
158252,6727538671926,Cattasaurus - shoproxstore - Shopify,direct_to_consumer,fulfilled,2025-07-20,2025-07-23,2025-07-20,NV3,OnTrac,1,1,13.43,2.1,0.0,15.53,shipmonk_estimate,USD
158253,6727545356598,Cattasaurus - shoproxstore - Shopify,direct_to_consumer,fulfilled,2025-07-20,2025-07-22,2025-07-20,PA2,OnTrac,1,1,11.72,1.8,0.0,13.52,shipmonk_estimate,USD
158254,6727550730550,Cattasaurus - shoproxstore - Shopify,direct_to_consumer,fulfilled,2025-07-20,2025-07-23,2025-07-20,NV3,FedEx,1,1,15.9,1.8,0.0,17.7,shipmonk_estimate,USD
158255,6727558889782,Cattasaurus - shoproxstore - Shopify,direct_to_consumer,fulfilled,2025-07-20,2025-07-22,2025-07-20,PA2,OnTrac,1,1,11.53,1.8,0.0,13.33,shipmonk_estimate,USD
158256,6727568359734,Cattasaurus - shoproxstore - Shopify,direct_to_consumer,fulfilled,2025-07-20,2025-07-22,2025-07-20,NV3,OnTrac,1,1,14.04,1.8,0.0,15.84,shipmonk_estimate,USD
158258,6727574618422,Cattasaurus - shoproxstore - Shopify,direct_to_consumer,fulfilled,2025-07-20,2025-07-22,2025-07-20,NV3,OnTrac,1,1,15.9,1.8,0.0,17.7,shipmonk_estimate,USD
158259,6727586152758,Cattasaurus - shoproxstore - Shopify,direct_to_consumer,fulfilled,2025-07-20,2025-07-23,2025-07-20,PA2,OnTrac,1,1,10.81,1.8,0.0,12.61,shipmonk_estimate,USD
158260,6727589658934,Cattasaurus - shoproxstore - Shopify,direct_to_consumer,fulfilled,2025-07-20,2025-07-23,2025-07-20,NV3,FedEx,1,2,31.28,3.0,0.0,34.28,shipmonk_estimate,USD
158261,6727590674742,Cattasaurus - shoproxstore - Shopify,direct_to_consumer,fulfilled,2025-07-20,2025-07-23,2025-07-20,NV3,OnTrac,2,1,14.04,1.8,0.0,15.84,shipmonk_estimate,USD
158262,6727591330102,Cattasaurus - shoproxstore - Shopify,direct_to_consumer,fulfilled,2025-07-20,2025-07-22,2025-07-20,PA2,UPS,1,1,13.28,1.8,0.0,15.08,shipmonk_estimate,USD
158263,6727600767286,Cattasaurus - shoproxstore - Shopify,direct_to_consumer,fulfilled,2025-07-20,2025-07-22,2025-07-20,PA2,OnTrac,1,1,14.04,1.8,0.0,15.84,shipmonk_estimate,USD
158264,6727606468918,Cattasaurus - shoproxstore - Shopify,direct_to_consumer,fulfilled,2025-07-20,2025-08-03,2025-07-20,PA2,OnTrac,1,1,10.91,1.8,0.0,12.71,shipmonk_estimate,USD
158265,6727606567222,Cattasaurus - shoproxstore - Shopify,direct_to_consumer,fulfilled,2025-07-20,2025-07-22,2025-07-20,NV3,OnTrac,1,1,13.28,1.8,0.0,15.08,shipmonk_estimate,USD
158266,6727610990902,Cattasaurus - shoproxstore - Shopify,direct_to_consumer,fulfilled,2025-07-20,2025-07-23,2025-07-20,PA2,OnTrac,1,1,13.28,2.1,0.0,15.38,shipmonk_estimate,USD
158267,6727616201014,Cattasaurus - shoproxstore - Shopify,direct_to_consumer,fulfilled,2025-07-20,2025-07-22,2025-07-20,NV3,OnTrac,1,1,13.09,1.8,0.0,14.89,shipmonk_estimate,USD
158268,6727625605430,Cattasaurus - shoproxstore - Shopify,direct_to_consumer,fulfilled,2025-07-20,2025-07-22,2025-07-20,PA2,FedEx,1,1,14.04,1.8,0.0,15.84,shipmonk_estimate,USD
158269,6727625802038,Cattasaurus - shoproxstore - Shopify,direct_to_consumer,fulfilled,2025-07-20,2025-07-23,2025-07-20,NV3,FedEx,1,1,14.99,1.8,0.0,16.79,shipmonk_estimate,USD
158270,6727628783926,Cattasaurus - shoproxstore - Shopify,direct_to_consumer,fulfilled,2025-07-20,2025-07-23,2025-07-20,NV3,FedEx,1,1,16.45,1.8,0.0,18.25,shipmonk_estimate,USD
158271,6727629472054,Cattasaurus - shoproxstore - Shopify,direct_to_consumer,fulfilled,2025-07-20,2025-07-22,2025-07-20,PA2,OnTrac,1,1,14.04,1.8,0.0,15.84,shipmonk_estimate,USD
158272,6727631012150,Cattasaurus - shoproxstore - Shopify,direct_to_consumer,fulfilled,2025-07-20,2025-07-22,2025-07-20,PA2,OnTrac,1,1,10.81,1.8,0.0,12.61,shipmonk_estimate,USD
158273,6727632748854,Cattasaurus - shoproxstore - Shopify,direct_to_consumer,fulfilled,2025-07-20,2025-07-22,2025-07-20,PA2,UPS,1,1,13.28,1.8,0.0,15.08,shipmonk_estimate,USD
158274,6727637827894,Cattasaurus - shoproxstore - Shopify,direct_to_consumer,fulfilled,2025-07-20,2025-07-23,2025-07-20,NV3,OnTrac,1,1,23.2,2.1,0.0,25.3,shipmonk_estimate,USD
158275,6727649362230,Cattasaurus - shoproxstore - Shopify,direct_to_consumer,fulfilled,2025-07-20,2025-07-22,2025-07-20,NV3,OnTrac,1,1,15.9,1.8,0.0,17.7,shipmonk_estimate,USD
158277,6727655194934,Cattasaurus - shoproxstore - Shopify,direct_to_consumer,fulfilled,2025-07-20,2025-07-22,2025-07-20,PA2,UPS,1,1,13.28,1.8,0.0,15.08,shipmonk_estimate,USD
158279,6727667220790,Cattasaurus - shoproxstore - Shopify,direct_to_consumer,fulfilled,2025-07-20,2025-07-23,2025-07-20,NV3,OnTrac,1,1,15.9,2.1,0.0,18.0,shipmonk_estimate,USD
158281,6727672037686,Cattasaurus - shoproxstore - Shopify,direct_to_consumer,fulfilled,2025-07-20,2025-07-22,2025-07-20,PA2,OnTrac,1,1,11.72,1.8,0.0,13.52,shipmonk_estimate,USD
158282,6727672103222,Cattasaurus - shoproxstore - Shopify,direct_to_consumer,fulfilled,2025-07-20,2025-07-22,2025-07-20,PA2,OnTrac,1,1,11.53,1.8,0.0,13.33,shipmonk_estimate,USD
158283,6727674757430,Cattasaurus - shoproxstore - Shopify,direct_to_consumer,fulfilled,2025-07-20,2025-07-22,2025-07-20,PA2,OnTrac,1,1,14.04,1.8,0.0,15.84,shipmonk_estimate,USD
158284,6727678722358,Cattasaurus - shoproxstore - Shopify,direct_to_consumer,fulfilled,2025-07-20,2025-07-23,2025-07-20,NV3,OnTrac,1,1,15.9,2.1,0.0,18.0,shipmonk_estimate,USD
158285,6727685144886,Cattasaurus - shoproxstore - Shopify,direct_to_consumer,fulfilled,2025-07-20,2025-07-23,2025-07-20,NV3,OnTrac,1,1,12.35,1.8,0.0,14.15,shipmonk_estimate,USD
158287,6727696253238,Cattasaurus - shoproxstore - Shopify,direct_to_consumer,fulfilled,2025-07-20,2025-07-22,2025-07-20,NV3,OnTrac,1,1,11.53,1.8,0.0,13.33,shipmonk_estimate,USD
158288,6727697596726,Cattasaurus - shoproxstore - Shopify,direct_to_consumer,fulfilled,2025-07-20,2025-07-23,2025-07-20,NV3,OnTrac,1,1,11.53,1.8,0.0,13.33,shipmonk_estimate,USD
158289,6727706181942,Cattasaurus - shoproxstore - Shopify,direct_to_consumer,fulfilled,2025-07-20,2025-07-22,2025-07-20,NV3,OnTrac,1,1,11.72,1.8,0.0,13.52,shipmonk_estimate,USD
158290,6727710540086,Cattasaurus - shoproxstore - Shopify,direct_to_consumer,fulfilled,2025-07-20,2025-07-23,2025-07-20,NV3,OnTrac,1,1,13.28,2.1,0.0,15.38,shipmonk_estimate,USD
158293,6727727186230,Cattasaurus - shoproxstore - Shopify,direct_to_consumer,fulfilled,2025-07-20,2025-07-23,2025-07-20,NV3,OnTrac,1,1,21.76,1.8,0.0,23.56,shipmonk_estimate,USD
158294,6727728562486,Cattasaurus - shoproxstore - Shopify,direct_to_consumer,fulfilled,2025-07-20,2025-07-22,2025-07-20,PA2,FedEx,1,1,14.04,1.8,0.0,15.84,shipmonk_estimate,USD
158295,6727735935286,Cattasaurus - shoproxstore - Shopify,direct_to_consumer,fulfilled,2025-07-20,2025-07-23,2025-07-20,PA2,OnTrac,1,1,15.9,1.8,0.0,17.7,shipmonk_estimate,USD
158296,6727736459574,Cattasaurus - shoproxstore - Shopify,direct_to_consumer,fulfilled,2025-07-20,2025-07-23,2025-07-20,NV3,OnTrac,4,1,15.9,2.7,0.0,18.6,shipmonk_estimate,USD
158297,6727763198262,Cattasaurus - shoproxstore - Shopify,direct_to_consumer,fulfilled,2025-07-20,2025-07-23,2025-07-20,NV3,OnTrac,1,1,14.04,1.8,0.0,15.84,shipmonk_estimate,USD
158298,6727766606134,Cattasaurus - shoproxstore - Shopify,direct_to_consumer,fulfilled,2025-07-20,2025-07-23,2025-07-20,NV3,OnTrac,1,1,11.72,1.8,0.0,13.52,shipmonk_estimate,USD
158299,6727782269238,Cattasaurus - shoproxstore - Shopify,direct_to_consumer,fulfilled,2025-07-20,2025-07-23,2025-07-20,NV3,OnTrac,1,1,14.04,1.8,0.0,15.84,shipmonk_estimate,USD
158300,6727815627062,Cattasaurus - shoproxstore - Shopify,direct_to_consumer,fulfilled,2025-07-20,2025-07-23,2025-07-20,PA2,OnTrac,1,1,11.53,1.8,0.0,13.33,shipmonk_estimate,USD
158302,6727906558262,Cattasaurus - shoproxstore - Shopify,direct_to_consumer,fulfilled,2025-07-20,2025-07-22,2025-07-20,PA2,OnTrac,1,1,14.04,1.8,0.0,15.84,shipmonk_estimate,USD
158303,6727907672374,Cattasaurus - shoproxstore - Shopify,direct_to_consumer,fulfilled,2025-07-20,2025-07-24,2025-07-20,PA2,OnTrac,1,1,16.45,2.1,0.0,18.55,shipmonk_estimate,USD
158304,6727935983926,Cattasaurus - shoproxstore - Shopify,direct_to_consumer,fulfilled,2025-07-20,2025-07-23,2025-07-20,NV3,FedEx,1,2,24.7,3.0,0.0,27.7,shipmonk_estimate,USD
INF172,06cefa97-4b5f-4830-a447-fa856ffd0937,Cattasaurus - Manual Store,direct_to_consumer,fulfilled,2025-07-20,2025-07-22,2025-07-20,PA2,UPS,1,1,13.79,2.5,0.0,16.29,shipmonk_estimate,USD
INF173,aa7c7e79-662b-4b69-b864-d41cfa9d7a63,Cattasaurus - Manual Store,direct_to_consumer,fulfilled,2025-07-20,2025-07-22,2025-07-20,PA2,OnTrac,1,1,11.72,2.5,0.0,14.22,shipmonk_estimate,USD
WAL129020119780963,9dfeeef3-147b-405a-87a3-e5efc0b39d36,Cattasaurus - Manual Store,direct_to_consumer,fulfilled,2025-07-20,2025-07-21,2025-07-20,PA2,UPS,1,1,16.18,1.8,0.0,17.98,shipmonk_estimate,USD
WAL129020221529187,210ac67a-2c5e-4581-9fa8-b7ab4101fa83,Cattasaurus - Manual Store,direct_to_consumer,fulfilled,2025-07-20,2025-07-21,2025-07-20,NV3,OnTrac,1,1,14.62,1.8,0.0,16.42,shipmonk_estimate,USD
111-9752405-9276244,111-9752405-9276244,Cattasaurus - Amazon USA,direct_to_consumer,fulfilled,2025-07-21,2025-07-21,2025-07-21,PA2,USPS,1,1,9.97,2.5,0.0,12.47,shipmonk_estimate,USD
158305,6728029864246,Cattasaurus - shoproxstore - Shopify,direct_to_consumer,fulfilled,2025-07-21,2025-07-22,2025-07-21,NV3,OnTrac,1,1,11.53,1.8,0.0,13.33,shipmonk_estimate,USD
158308,6728084783414,Cattasaurus - shoproxstore - Shopify,direct_to_consumer,fulfilled,2025-07-21,2025-07-23,2025-07-21,PA2,UPS,1,1,13.28,1.8,0.0,15.08,shipmonk_estimate,USD
158309,6728087994678,Cattasaurus - shoproxstore - Shopify,direct_to_consumer,fulfilled,2025-07-21,2025-07-23,2025-07-21,PA2,OnTrac,1,1,11.72,1.8,0.0,13.52,shipmonk_estimate,USD
158310,6728092352822,Cattasaurus - shoproxstore - Shopify,direct_to_consumer,fulfilled,2025-07-21,2025-07-23,2025-07-21,PA2,OnTrac,1,1,10.81,2.1,0.0,12.91,shipmonk_estimate,USD
158311,6728095039798,Cattasaurus - shoproxstore - Shopify,direct_to_consumer,fulfilled,2025-07-21,2025-07-23,2025-07-21,PA2,OnTrac,1,1,13.28,1.8,0.0,15.08,shipmonk_estimate,USD
158312,6728107458870,Cattasaurus - shoproxstore - Shopify,direct_to_consumer,fulfilled,2025-07-21,2025-07-23,2025-07-21,PA2,UPS,1,1,13.09,1.8,0.0,14.89,shipmonk_estimate,USD
158313,6728119025974,Cattasaurus - shoproxstore - Shopify,direct_to_consumer,fulfilled,2025-07-21,2025-07-23,2025-07-21,NV3,FedEx,1,1,27.04,1.8,0.0,28.84,shipmonk_estimate,USD
158314,6728120893750,Cattasaurus - shoproxstore - Shopify,direct_to_consumer,fulfilled,2025-07-21,2025-07-22,2025-07-21,PA2,UPS,1,1,13.09,1.8,0.0,14.89,shipmonk_estimate,USD
158315,6728128102710,Cattasaurus - shoproxstore - Shopify,direct_to_consumer,fulfilled,2025-07-21,2025-07-23,2025-07-21,NV3,FedEx,2,1,15.9,1.8,0.0,17.7,shipmonk_estimate,USD
158316,6728134525238,Cattasaurus - shoproxstore - Shopify,direct_to_consumer,fulfilled,2025-07-21,2025-07-23,2025-07-21,PA2,OnTrac,1,1,11.53,1.8,0.0,13.33,shipmonk_estimate,USD
158317,6728143241526,Cattasaurus - shoproxstore - Shopify,direct_to_consumer,fulfilled,2025-07-21,2025-07-23,2025-07-21,NV3,OnTrac,1,1,27.04,1.8,0.0,28.84,shipmonk_estimate,USD
158318,6728164049206,Cattasaurus - shoproxstore - Shopify,direct_to_consumer,fulfilled,2025-07-21,2025-07-23,2025-07-21,PA2,FedEx,1,1,11.72,1.8,0.0,13.52,shipmonk_estimate,USD
158319,6728165818678,Cattasaurus - shoproxstore - Shopify,direct_to_consumer,fulfilled,2025-07-21,2025-07-23,2025-07-21,PA2,OnTrac,1,1,15.6,2.1,0.0,17.7,shipmonk_estimate,USD
158320,6728176599350,Cattasaurus - shoproxstore - Shopify,direct_to_consumer,fulfilled,2025-07-21,2025-07-23,2025-07-21,NV3,OnTrac,1,1,20.2,1.8,0.0,22.0,shipmonk_estimate,USD
158321,6728183480630,Cattasaurus - shoproxstore - Shopify,direct_to_consumer,fulfilled,2025-07-21,2025-07-23,2025-07-21,PA2,OnTrac,1,1,11.53,1.8,0.0,13.33,shipmonk_estimate,USD
158322,6728186986806,Cattasaurus - shoproxstore - Shopify,direct_to_consumer,fulfilled,2025-07-21,2025-07-23,2025-07-21,PA2,OnTrac,1,1,14.04,1.8,0.0,15.84,shipmonk_estimate,USD
158323,6728188494134,Cattasaurus - shoproxstore - Shopify,direct_to_consumer,fulfilled,2025-07-21,2025-07-23,2025-07-21,NV3,OnTrac,1,1,20.2,1.8,0.0,22.0,shipmonk_estimate,USD
158324,6728194064694,Cattasaurus - shoproxstore - Shopify,direct_to_consumer,fulfilled,2025-07-21,2025-07-23,2025-07-21,NV3,OnTrac,1,1,20.2,1.8,0.0,22.0,shipmonk_estimate,USD
158327,6728211235126,Cattasaurus - shoproxstore - Shopify,direct_to_consumer,fulfilled,2025-07-21,2025-07-23,2025-07-21,NV3,FedEx,1,1,12.12,2.4,0.0,14.52,shipmonk_estimate,USD
158328,6728211857718,Cattasaurus - shoproxstore - Shopify,direct_to_consumer,fulfilled,2025-07-21,2025-07-23,2025-07-21,PA2,OnTrac,1,1,11.53,1.8,0.0,13.33,shipmonk_estimate,USD
158329,6728215068982,Cattasaurus - shoproxstore - Shopify,direct_to_consumer,fulfilled,2025-07-21,2025-07-23,2025-07-21,PA2,OnTrac,1,1,14.04,1.8,0.0,15.84,shipmonk_estimate,USD
158330,6728215167286,Cattasaurus - shoproxstore - Shopify,direct_to_consumer,fulfilled,2025-07-21,2025-07-23,2025-07-21,NV3,OnTrac,1,1,23.2,1.8,0.0,25.0,shipmonk_estimate,USD
158331,6728216117558,Cattasaurus - shoproxstore - Shopify,direct_to_consumer,fulfilled,2025-07-21,2025-07-22,2025-07-21,PA2,OnTrac,1,1,9.25,1.8,0.0,11.05,shipmonk_estimate,USD
158332,6728228241718,Cattasaurus - shoproxstore - Shopify,direct_to_consumer,fulfilled,2025-07-21,2025-07-23,2025-07-21,PA2,OnTrac,1,1,11.53,1.8,0.0,13.33,shipmonk_estimate,USD
158333,6728231387446,Cattasaurus - shoproxstore - Shopify,direct_to_consumer,fulfilled,2025-07-21,2025-07-23,2025-07-21,NV3,OnTrac,1,1,20.56,2.1,0.0,22.66,shipmonk_estimate,USD
158334,6728233025846,Cattasaurus - shoproxstore - Shopify,direct_to_consumer,fulfilled,2025-07-21,2025-07-23,2025-07-21,PA2,OnTrac,1,1,10.81,2.1,0.0,12.91,shipmonk_estimate,USD
158335,6728240169270,Cattasaurus - shoproxstore - Shopify,direct_to_consumer,fulfilled,2025-07-21,2025-07-23,2025-07-21,PA2,FedEx,1,1,14.04,1.8,0.0,15.84,shipmonk_estimate,USD
158336,6728244691254,Cattasaurus - shoproxstore - Shopify,direct_to_consumer,fulfilled,2025-07-21,2025-07-23,2025-07-21,PA2,OnTrac,1,1,14.04,1.8,0.0,15.84,shipmonk_estimate,USD
158338,6728250818870,Cattasaurus - shoproxstore - Shopify,direct_to_consumer,fulfilled,2025-07-21,2025-07-23,2025-07-21,NV3,OnTrac,1,1,27.04,1.8,0.0,28.84,shipmonk_estimate,USD
158339,6728260747574,Cattasaurus - shoproxstore - Shopify,direct_to_consumer,fulfilled,2025-07-21,2025-07-22,2025-07-21,PA2,UPS,1,1,13.28,1.8,0.0,15.08,shipmonk_estimate,USD
158340,6728262451510,Cattasaurus - shoproxstore - Shopify,direct_to_consumer,fulfilled,2025-07-21,2025-07-23,2025-07-21,NV3,OnTrac,1,1,14.04,1.8,0.0,15.84,shipmonk_estimate,USD
158341,6728267301174,Cattasaurus - shoproxstore - Shopify,direct_to_consumer,fulfilled,2025-07-21,2025-07-23,2025-07-21,PA2,OnTrac,1,1,11.72,2.1,0.0,13.82,shipmonk_estimate,USD
158343,6728274379062,Cattasaurus - shoproxstore - Shopify,direct_to_consumer,fulfilled,2025-07-21,2025-07-23,2025-07-21,PA2,OnTrac,1,1,11.72,1.8,0.0,13.52,shipmonk_estimate,USD
158344,6728275820854,Cattasaurus - shoproxstore - Shopify,direct_to_consumer,fulfilled,2025-07-21,2025-07-23,2025-07-21,NV3,OnTrac,1,1,27.04,1.8,0.0,28.84,shipmonk_estimate,USD
158345,6728277360950,Cattasaurus - shoproxstore - Shopify,direct_to_consumer,fulfilled,2025-07-21,2025-07-23,2025-07-21,PA2,OnTrac,1,1,14.04,2.1,0.0,16.14,shipmonk_estimate,USD
158346,6728279097654,Cattasaurus - shoproxstore - Shopify,direct_to_consumer,fulfilled,2025-07-21,2025-07-23,2025-07-21,NV3,FedEx,1,1,27.04,1.8,0.0,28.84,shipmonk_estimate,USD
158347,6728279359798,Cattasaurus - shoproxstore - Shopify,direct_to_consumer,fulfilled,2025-07-21,2025-07-23,2025-07-21,NV3,OnTrac,1,1,24.43,2.4,0.0,26.83,shipmonk_estimate,USD
158348,6728279916854,Cattasaurus - shoproxstore - Shopify,direct_to_consumer,fulfilled,2025-07-21,2025-07-23,2025-07-21,PA2,OnTrac,1,1,14.04,1.8,0.0,15.84,shipmonk_estimate,USD
158349,6728280080694,Cattasaurus - shoproxstore - Shopify,direct_to_consumer,fulfilled,2025-07-21,2025-07-22,2025-07-21,PA2,OnTrac,1,1,11.53,1.8,0.0,13.33,shipmonk_estimate,USD
158350,6728283816246,Cattasaurus - shoproxstore - Shopify,direct_to_consumer,fulfilled,2025-07-21,2025-08-03,2025-07-21,PA2,FedEx,1,1,16.21,2.4,0.0,18.61,shipmonk_estimate,USD
158351,6728284373302,Cattasaurus - shoproxstore - Shopify,direct_to_consumer,fulfilled,2025-07-21,2025-07-23,2025-07-21,NV3,OnTrac,1,1,23.2,1.8,0.0,25.0,shipmonk_estimate,USD
158353,6728286896438,Cattasaurus - shoproxstore - Shopify,direct_to_consumer,fulfilled,2025-07-21,2025-07-23,2025-07-21,PA2,OnTrac,1,1,13.09,1.8,0.0,14.89,shipmonk_estimate,USD
158354,6728288076086,Cattasaurus - shoproxstore - Shopify,direct_to_consumer,fulfilled,2025-07-21,2025-07-22,2025-07-21,PA2,OnTrac,1,1,11.53,1.8,0.0,13.33,shipmonk_estimate,USD
158355,6728289485110,Cattasaurus - shoproxstore - Shopify,direct_to_consumer,fulfilled,2025-07-21,2025-07-23,2025-07-21,PA2,OnTrac,1,1,11.72,1.8,0.0,13.52,shipmonk_estimate,USD
158356,6728291057974,Cattasaurus - shoproxstore - Shopify,direct_to_consumer,fulfilled,2025-07-21,2025-07-23,2025-07-21,NV3,OnTrac,1,1,16.45,1.8,0.0,18.25,shipmonk_estimate,USD
158357,6728291746102,Cattasaurus - shoproxstore - Shopify,direct_to_consumer,fulfilled,2025-07-21,2025-07-23,2025-07-21,PA2,UPS,1,1,13.28,1.8,0.0,15.08,shipmonk_estimate,USD
158358,6728293187894,Cattasaurus - shoproxstore - Shopify,direct_to_consumer,fulfilled,2025-07-21,2025-07-23,2025-07-21,PA2,UPS,1,1,13.28,1.8,0.0,15.08,shipmonk_estimate,USD
158359,6728295874870,Cattasaurus - shoproxstore - Shopify,direct_to_consumer,fulfilled,2025-07-21,2025-07-22,2025-07-21,PA2,OnTrac,1,1,11.53,1.8,0.0,13.33,shipmonk_estimate,USD
158360,6728298823990,Cattasaurus - shoproxstore - Shopify,direct_to_consumer,fulfilled,2025-07-21,2025-07-24,2025-07-21,NV3,FedEx,1,2,34.69,3.3,0.0,37.99,shipmonk_estimate,USD
158361,6728303444278,Cattasaurus - shoproxstore - Shopify,direct_to_consumer,fulfilled,2025-07-21,2025-07-23,2025-07-21,PA2,FedEx,1,1,15.6,2.1,0.0,17.7,shipmonk_estimate,USD
158362,6728305443126,Cattasaurus - shoproxstore - Shopify,direct_to_consumer,fulfilled,2025-07-21,2025-07-23,2025-07-21,PA2,OnTrac,1,1,11.72,1.8,0.0,13.52,shipmonk_estimate,USD
158363,6728306327862,Cattasaurus - shoproxstore - Shopify,direct_to_consumer,fulfilled,2025-07-21,2025-07-24,2025-07-21,NV3,FedEx,1,1,20.2,1.8,0.0,22.0,shipmonk_estimate,USD
158364,6728307179830,Cattasaurus - shoproxstore - Shopify,direct_to_consumer,fulfilled,2025-07-21,2025-07-23,2025-07-21,PA2,OnTrac,1,1,14.04,1.8,0.0,15.84,shipmonk_estimate,USD
158365,6728310227254,Cattasaurus - shoproxstore - Shopify,direct_to_consumer,fulfilled,2025-07-21,2025-07-22,2025-07-21,PA2,OnTrac,1,1,11.53,1.8,0.0,13.33,shipmonk_estimate,USD
158366,6728310260022,Cattasaurus - shoproxstore - Shopify,direct_to_consumer,fulfilled,2025-07-21,2025-07-23,2025-07-21,NV3,OnTrac,1,1,14.04,1.8,0.0,15.84,shipmonk_estimate,USD
158367,6728314093878,Cattasaurus - shoproxstore - Shopify,direct_to_consumer,fulfilled,2025-07-21,2025-07-22,2025-07-21,PA2,OnTrac,1,1,10.81,1.8,0.0,12.61,shipmonk_estimate,USD
158368,6728323203382,Cattasaurus - shoproxstore - Shopify,direct_to_consumer,fulfilled,2025-07-21,2025-07-23,2025-07-21,NV3,FedEx,1,1,11.72,1.8,0.0,13.52,shipmonk_estimate,USD
158369,6728326906166,Cattasaurus - shoproxstore - Shopify,direct_to_consumer,fulfilled,2025-07-21,2025-07-23,2025-07-21,PA2,OnTrac,1,1,11.53,1.8,0.0,13.33,shipmonk_estimate,USD
158370,6728328642870,Cattasaurus - shoproxstore - Shopify,direct_to_consumer,fulfilled,2025-07-21,2025-07-23,2025-07-21,NV3,UPS,1,1,15.6,1.8,0.0,17.4,shipmonk_estimate,USD
158371,6728329789750,Cattasaurus - shoproxstore - Shopify,direct_to_consumer,fulfilled,2025-07-21,2025-07-23,2025-07-21,NV3,OnTrac,1,1,11.72,1.8,0.0,13.52,shipmonk_estimate,USD
158372,6728337752374,Cattasaurus - shoproxstore - Shopify,direct_to_consumer,fulfilled,2025-07-21,2025-08-03,2025-07-21,PA2,FedEx,1,1,18.01,1.8,0.0,19.81,shipmonk_estimate,USD
158373,6728337785142,Cattasaurus - shoproxstore - Shopify,direct_to_consumer,fulfilled,2025-07-21,2025-07-24,2025-07-21,NV3,OnTrac,1,1,18.79,1.8,0.0,20.59,shipmonk_estimate,USD
158374,6728339259702,Cattasaurus - shoproxstore - Shopify,direct_to_consumer,fulfilled,2025-07-21,2025-07-23,2025-07-21,PA2,OnTrac,1,1,11.53,2.1,0.0,13.63,shipmonk_estimate,USD
158375,6728342110518,Cattasaurus - shoproxstore - Shopify,direct_to_consumer,fulfilled,2025-07-21,2025-07-23,2025-07-21,NV3,FedEx,1,1,15.9,1.8,0.0,17.7,shipmonk_estimate,USD
158376,6728342208822,Cattasaurus - shoproxstore - Shopify,direct_to_consumer,fulfilled,2025-07-21,2025-07-23,2025-07-21,PA2,OnTrac,1,1,11.53,2.1,0.0,13.63,shipmonk_estimate,USD
158377,6728343716150,Cattasaurus - shoproxstore - Shopify,direct_to_consumer,fulfilled,2025-07-21,2025-07-23,2025-07-21,PA2,UPS,1,1,13.09,2.1,0.0,15.19,shipmonk_estimate,USD
158378,6728344961334,Cattasaurus - shoproxstore - Shopify,direct_to_consumer,fulfilled,2025-07-21,2025-07-24,2025-07-21,NV3,OnTrac,1,1,15.61,2.1,0.0,17.71,shipmonk_estimate,USD
158379,6728349417782,Cattasaurus - shoproxstore - Shopify,direct_to_consumer,fulfilled,2025-07-21,2025-07-23,2025-07-21,NV3,FedEx,1,1,20.2,1.8,0.0,22.0,shipmonk_estimate,USD
158380,6728350531894,Cattasaurus - shoproxstore - Shopify,direct_to_consumer,fulfilled,2025-07-21,2025-07-23,2025-07-21,PA2,UPS,1,1,15.6,1.8,0.0,17.4,shipmonk_estimate,USD
158381,6728351711542,Cattasaurus - shoproxstore - Shopify,direct_to_consumer,fulfilled,2025-07-21,2025-07-23,2025-07-21,PA2,OnTrac,1,1,14.04,1.8,0.0,15.84,shipmonk_estimate,USD
158382,6728352661814,Cattasaurus - shoproxstore - Shopify,direct_to_consumer,fulfilled,2025-07-21,2025-07-23,2025-07-21,PA2,OnTrac,1,1,11.72,1.8,0.0,13.52,shipmonk_estimate,USD
158383,6728356200758,Cattasaurus - shoproxstore - Shopify,direct_to_consumer,fulfilled,2025-07-21,2025-07-24,2025-07-21,NV3,FedEx,1,1,18.79,1.8,0.0,20.59,shipmonk_estimate,USD
158384,6728363802934,Cattasaurus - shoproxstore - Shopify,direct_to_consumer,fulfilled,2025-07-21,2025-07-23,2025-07-21,PA2,OnTrac,1,1,14.04,2.1,0.0,16.14,shipmonk_estimate,USD
158385,6728366620982,Cattasaurus - shoproxstore - Shopify,direct_to_consumer,fulfilled,2025-07-21,2025-07-23,2025-07-21,PA2,OnTrac,1,1,10.81,1.8,0.0,12.61,shipmonk_estimate,USD
158386,6728367833398,Cattasaurus - shoproxstore - Shopify,direct_to_consumer,fulfilled,2025-07-21,2025-07-23,2025-07-21,NV3,FedEx,1,1,15.9,1.8,0.0,17.7,shipmonk_estimate,USD
158387,6728369635638,Cattasaurus - shoproxstore - Shopify,direct_to_consumer,fulfilled,2025-07-21,2025-07-23,2025-07-21,NV3,OnTrac,1,1,14.04,1.8,0.0,15.84,shipmonk_estimate,USD
158388,6728371503414,Cattasaurus - shoproxstore - Shopify,direct_to_consumer,fulfilled,2025-07-21,2025-07-23,2025-07-21,NV3,OnTrac,1,1,21.76,1.8,0.0,23.56,shipmonk_estimate,USD
158389,6728376680758,Cattasaurus - shoproxstore - Shopify,direct_to_consumer,fulfilled,2025-07-21,2025-07-23,2025-07-21,PA2,OnTrac,1,1,11.53,2.1,0.0,13.63,shipmonk_estimate,USD
158390,6728376746294,Cattasaurus - shoproxstore - Shopify,direct_to_consumer,fulfilled,2025-07-21,2025-07-23,2025-07-21,PA2,UPS,1,1,13.28,1.8,0.0,15.08,shipmonk_estimate,USD
158391,6728377663798,Cattasaurus - shoproxstore - Shopify,direct_to_consumer,fulfilled,2025-07-21,2025-07-23,2025-07-21,PA2,UPS,1,1,13.28,2.1,0.0,15.38,shipmonk_estimate,USD
158392,6728386511158,Cattasaurus - shoproxstore - Shopify,direct_to_consumer,fulfilled,2025-07-21,2025-07-23,2025-07-21,NV3,OnTrac,1,1,14.04,1.8,0.0,15.84,shipmonk_estimate,USD
158393,6728396177718,Cattasaurus - shoproxstore - Shopify,direct_to_consumer,fulfilled,2025-07-21,2025-07-22,2025-07-21,PA2,OnTrac,1,1,10.81,1.8,0.0,12.61,shipmonk_estimate,USD
158394,6728399585590,Cattasaurus - shoproxstore - Shopify,direct_to_consumer,fulfilled,2025-07-21,2025-07-24,2025-07-21,NV3,OnTrac,1,1,14.04,1.8,0.0,15.84,shipmonk_estimate,USD
158395,6728405057846,Cattasaurus - shoproxstore - Shopify,direct_to_consumer,fulfilled,2025-07-21,2025-07-23,2025-07-21,PA2,OnTrac,1,1,14.04,1.8,0.0,15.84,shipmonk_estimate,USD
158396,6728409579830,Cattasaurus - shoproxstore - Shopify,direct_to_consumer,fulfilled,2025-07-21,2025-07-23,2025-07-21,NV3,FedEx,1,1,12.74,1.8,0.0,14.54,shipmonk_estimate,USD
158397,6728412201270,Cattasaurus - shoproxstore - Shopify,direct_to_consumer,fulfilled,2025-07-21,2025-07-23,2025-07-21,PA2,FedEx,1,1,11.72,2.1,0.0,13.82,shipmonk_estimate,USD
158398,6728412627254,Cattasaurus - shoproxstore - Shopify,direct_to_consumer,fulfilled,2025-07-21,2025-07-23,2025-07-21,NV3,OnTrac,1,1,23.2,1.8,0.0,25.0,shipmonk_estimate,USD
158399,6728418722102,Cattasaurus - shoproxstore - Shopify,direct_to_consumer,fulfilled,2025-07-21,2025-07-22,2025-07-21,PA2,FedEx,1,1,14.04,1.8,0.0,15.84,shipmonk_estimate,USD
158400,6728422588726,Cattasaurus - shoproxstore - Shopify,direct_to_consumer,fulfilled,2025-07-21,2025-08-03,2025-07-21,PA2,OnTrac,1,1,12.74,2.1,0.0,14.84,shipmonk_estimate,USD
158401,6728424980790,Cattasaurus - shoproxstore - Shopify,direct_to_consumer,fulfilled,2025-07-21,2025-07-25,2025-07-21,PA2,OnTrac,1,1,10.81,2.5,0.0,13.31,shipmonk_estimate,USD
158402,6728428159286,Cattasaurus - shoproxstore - Shopify,direct_to_consumer,fulfilled,2025-07-21,2025-07-24,2025-07-21,NV3,FedEx,1,2,43.52,3.3,0.0,46.82,shipmonk_estimate,USD
158403,6728428716342,Cattasaurus - shoproxstore - Shopify,direct_to_consumer,fulfilled,2025-07-21,2025-07-23,2025-07-21,PA2,OnTrac,1,1,11.72,2.1,0.0,13.82,shipmonk_estimate,USD
158405,6728429961526,Cattasaurus - shoproxstore - Shopify,direct_to_consumer,fulfilled,2025-07-21,2025-07-23,2025-07-21,NV3,OnTrac,1,1,11.53,1.8,0.0,13.33,shipmonk_estimate,USD
158406,6728430256438,Cattasaurus - shoproxstore - Shopify,direct_to_consumer,fulfilled,2025-07-21,2025-07-23,2025-07-21,NV3,OnTrac,1,1,13.28,1.8,0.0,15.08,shipmonk_estimate,USD
158407,6728430321974,Cattasaurus - shoproxstore - Shopify,direct_to_consumer,fulfilled,2025-07-21,2025-07-24,2025-07-21,NV3,FedEx,1,1,15.1,2.1,0.0,17.2,shipmonk_estimate,USD
158408,6728430846262,Cattasaurus - shoproxstore - Shopify,direct_to_consumer,fulfilled,2025-07-21,2025-07-23,2025-07-21,NV3,FedEx,1,1,21.76,1.8,0.0,23.56,shipmonk_estimate,USD
158410,6728435859766,Cattasaurus - shoproxstore - Shopify,direct_to_consumer,fulfilled,2025-07-21,2025-07-23,2025-07-21,PA2,OnTrac,1,1,10.81,2.1,0.0,12.91,shipmonk_estimate,USD
158413,6728440742198,Cattasaurus - shoproxstore - Shopify,direct_to_consumer,fulfilled,2025-07-21,2025-07-23,2025-07-21,PA2,OnTrac,1,1,11.53,1.8,0.0,13.33,shipmonk_estimate,USD
158414,6728441233718,Cattasaurus - shoproxstore - Shopify,direct_to_consumer,fulfilled,2025-07-21,2025-07-23,2025-07-21,PA2,OnTrac,1,1,11.53,1.8,0.0,13.33,shipmonk_estimate,USD
158415,6728450998582,Cattasaurus - shoproxstore - Shopify,direct_to_consumer,fulfilled,2025-07-21,2025-07-22,2025-07-21,PA2,FedEx,1,1,13.09,1.8,0.0,14.89,shipmonk_estimate,USD
158416,6728452014390,Cattasaurus - shoproxstore - Shopify,direct_to_consumer,fulfilled,2025-07-21,2025-07-24,2025-07-21,NV3,OnTrac,1,1,20.56,1.8,0.0,22.36,shipmonk_estimate,USD
158418,6728454340918,Cattasaurus - shoproxstore - Shopify,direct_to_consumer,fulfilled,2025-07-21,2025-07-23,2025-07-21,NV3,FedEx,1,1,14.04,1.8,0.0,15.84,shipmonk_estimate,USD
158419,6728460501302,Cattasaurus - shoproxstore - Shopify,direct_to_consumer,fulfilled,2025-07-21,2025-07-23,2025-07-21,NV3,OnTrac,1,1,14.04,1.8,0.0,15.84,shipmonk_estimate,USD
158421,6728461222198,Cattasaurus - shoproxstore - Shopify,direct_to_consumer,fulfilled,2025-07-21,2025-07-23,2025-07-21,PA2,OnTrac,1,1,14.04,2.1,0.0,16.14,shipmonk_estimate,USD
158422,6728468660534,Cattasaurus - shoproxstore - Shopify,direct_to_consumer,fulfilled,2025-07-21,2025-07-23,2025-07-21,NV3,UPS,1,1,13.28,1.8,0.0,15.08,shipmonk_estimate,USD
158423,6728473739574,Cattasaurus - shoproxstore - Shopify,direct_to_consumer,fulfilled,2025-07-21,2025-07-23,2025-07-21,PA2,OnTrac,1,1,13.09,1.8,0.0,14.89,shipmonk_estimate,USD
158424,6728481538358,Cattasaurus - shoproxstore - Shopify,direct_to_consumer,fulfilled,2025-07-21,2025-07-23,2025-07-21,PA2,OnTrac,1,1,14.04,1.8,0.0,15.84,shipmonk_estimate,USD
158425,6728486355254,Cattasaurus - shoproxstore - Shopify,direct_to_consumer,fulfilled,2025-07-21,2025-08-03,2025-07-21,PA2,OnTrac,1,1,12.74,2.4,0.0,15.14,shipmonk_estimate,USD
158426,6728486486326,Cattasaurus - shoproxstore - Shopify,direct_to_consumer,fulfilled,2025-07-21,2025-07-22,2025-07-21,PA2,OnTrac,1,1,10.16,1.8,0.0,11.96,shipmonk_estimate,USD
158427,6728487633206,Cattasaurus - shoproxstore - Shopify,direct_to_consumer,fulfilled,2025-07-21,2025-07-23,2025-07-21,PA2,OnTrac,1,1,11.53,2.1,0.0,13.63,shipmonk_estimate,USD
158428,6728489074998,Cattasaurus - shoproxstore - Shopify,direct_to_consumer,fulfilled,2025-07-21,2025-07-23,2025-07-21,NV3,UPS,1,1,13.28,1.8,0.0,15.08,shipmonk_estimate,USD
158430,6728497004854,Cattasaurus - shoproxstore - Shopify,direct_to_consumer,fulfilled,2025-07-21,2025-07-24,2025-07-21,NV3,FedEx,1,2,46.4,3.3,0.0,49.7,shipmonk_estimate,USD
158431,6728497299766,Cattasaurus - shoproxstore - Shopify,direct_to_consumer,fulfilled,2025-07-21,2025-07-23,2025-07-21,NV3,OnTrac,1,1,9.97,1.8,0.0,11.77,shipmonk_estimate,USD
158432,6728498708790,Cattasaurus - shoproxstore - Shopify,direct_to_consumer,fulfilled,2025-07-21,2025-07-24,2025-07-21,NV3,FedEx,1,1,24.05,2.1,0.0,26.15,shipmonk_estimate,USD
158432_1,b4731ad0-c4d6-4f25-8dc7-b0c6bd5806af,Cattasaurus - shoproxstore - Shopify,direct_to_consumer,fulfilled,2025-07-21,2025-07-30,2025-07-21,PA2,OnTrac,1,1,13.28,1.8,0.0,15.08,shipmonk_estimate,USD
158433,6728499167542,Cattasaurus - shoproxstore - Shopify,direct_to_consumer,fulfilled,2025-07-21,2025-07-23,2025-07-21,NV3,OnTrac,1,1,15.6,1.8,0.0,17.4,shipmonk_estimate,USD
158434,6728500773174,Cattasaurus - shoproxstore - Shopify,direct_to_consumer,fulfilled,2025-07-21,2025-07-23,2025-07-21,PA2,OnTrac,1,1,14.04,1.8,0.0,15.84,shipmonk_estimate,USD
158435,6728501887286,Cattasaurus - shoproxstore - Shopify,direct_to_consumer,fulfilled,2025-07-21,2025-07-23,2025-07-21,PA2,USPS,1,1,10.81,2.1,0.0,12.91,shipmonk_estimate,USD
158438,6728507851062,Cattasaurus - shoproxstore - Shopify,direct_to_consumer,fulfilled,2025-07-21,2025-07-22,2025-07-21,PA2,OnTrac,1,1,11.53,2.1,0.0,13.63,shipmonk_estimate,USD
158439,6728514502966,Cattasaurus - shoproxstore - Shopify,direct_to_consumer,fulfilled,2025-07-21,2025-07-23,2025-07-21,PA2,OnTrac,1,1,11.72,2.1,0.0,13.82,shipmonk_estimate,USD
158440,6728516763958,Cattasaurus - shoproxstore - Shopify,direct_to_consumer,fulfilled,2025-07-21,2025-07-23,2025-07-21,NV3,OnTrac,1,1,9.97,1.8,0.0,11.77,shipmonk_estimate,USD
158442,6728527905078,Cattasaurus - shoproxstore - Shopify,direct_to_consumer,fulfilled,2025-07-21,2025-07-24,2025-07-21,NV3,OnTrac,1,1,12.74,1.8,0.0,14.54,shipmonk_estimate,USD
158443,6728528396598,Cattasaurus - shoproxstore - Shopify,direct_to_consumer,fulfilled,2025-07-21,2025-07-24,2025-07-21,NV3,UPS,1,1,17.46,1.8,0.0,19.26,shipmonk_estimate,USD
158444,6728529871158,Cattasaurus - shoproxstore - Shopify,direct_to_consumer,fulfilled,2025-07-21,2025-07-23,2025-07-21,NV3,OnTrac,1,1,14.04,1.8,0.0,15.84,shipmonk_estimate,USD
158445,6728534327606,Cattasaurus - shoproxstore - Shopify,direct_to_consumer,fulfilled,2025-07-21,2025-07-23,2025-07-21,PA2,OnTrac,1,1,11.72,1.8,0.0,13.52,shipmonk_estimate,USD
158447,6728539898166,Cattasaurus - shoproxstore - Shopify,direct_to_consumer,fulfilled,2025-07-21,2025-07-23,2025-07-21,PA2,FedEx,1,1,11.53,2.1,0.0,13.63,shipmonk_estimate,USD
158448,6728540193078,Cattasaurus - shoproxstore - Shopify,direct_to_consumer,fulfilled,2025-07-21,2025-07-23,2025-07-21,PA2,UPS,1,1,13.28,1.8,0.0,15.08,shipmonk_estimate,USD
158449,6728543043894,Cattasaurus - shoproxstore - Shopify,direct_to_consumer,fulfilled,2025-07-21,2025-07-24,2025-07-21,NV3,OnTrac,1,1,12.74,1.8,0.0,14.54,shipmonk_estimate,USD
158450,6728544321846,Cattasaurus - shoproxstore - Shopify,direct_to_consumer,fulfilled,2025-07-21,2025-07-23,2025-07-21,PA2,OnTrac,1,1,10.81,2.1,0.0,12.91,shipmonk_estimate,USD
158452,6728566505782,Cattasaurus - shoproxstore - Shopify,direct_to_consumer,fulfilled,2025-07-21,2025-08-03,2025-07-21,PA2,FedEx,1,1,14.3,1.8,0.0,16.1,shipmonk_estimate,USD
158453,6728568176950,Cattasaurus - shoproxstore - Shopify,direct_to_consumer,fulfilled,2025-07-21,2025-07-23,2025-07-21,PA2,OnTrac,1,1,14.04,2.1,0.0,16.14,shipmonk_estimate,USD
158454,6728574435638,Cattasaurus - shoproxstore - Shopify,direct_to_consumer,fulfilled,2025-07-21,2025-07-23,2025-07-21,PA2,OnTrac,1,1,11.72,2.1,0.0,13.82,shipmonk_estimate,USD
158455,6728577614134,Cattasaurus - shoproxstore - Shopify,direct_to_consumer,fulfilled,2025-07-21,2025-07-23,2025-07-21,PA2,FedEx,1,1,14.04,1.8,0.0,15.84,shipmonk_estimate,USD
158456,6728578564406,Cattasaurus - shoproxstore - Shopify,direct_to_consumer,fulfilled,2025-07-21,2025-07-23,2025-07-21,PA2,FedEx,1,3,45.75,5.4,0.0,51.15,shipmonk_estimate,USD
158457,6728578629942,Cattasaurus - shoproxstore - Shopify,direct_to_consumer,fulfilled,2025-07-21,2025-07-23,2025-07-21,PA2,OnTrac,1,1,10.81,2.1,0.0,12.91,shipmonk_estimate,USD
158459,6728581284150,Cattasaurus - shoproxstore - Shopify,direct_to_consumer,fulfilled,2025-07-21,2025-07-23,2025-07-21,NV3,OnTrac,1,1,12.74,1.8,0.0,14.54,shipmonk_estimate,USD
158460,6728582824246,Cattasaurus - shoproxstore - Shopify,direct_to_consumer,fulfilled,2025-07-21,2025-07-23,2025-07-21,PA2,OnTrac,1,1,10.81,2.1,0.0,12.91,shipmonk_estimate,USD
158461,6728584593718,Cattasaurus - shoproxstore - Shopify,direct_to_consumer,fulfilled,2025-07-21,2025-07-24,2025-07-21,NV3,OnTrac,1,1,11.72,2.1,0.0,13.82,shipmonk_estimate,USD
158462,6728584757558,Cattasaurus - shoproxstore - Shopify,direct_to_consumer,fulfilled,2025-07-21,2025-07-24,2025-07-21,NV3,OnTrac,1,1,25.38,1.8,0.0,27.18,shipmonk_estimate,USD
158463,6728585969974,Cattasaurus - shoproxstore - Shopify,direct_to_consumer,fulfilled,2025-07-21,2025-07-23,2025-07-21,NV3,FedEx,1,1,11.72,1.8,0.0,13.52,shipmonk_estimate,USD
158465,6728590950710,Cattasaurus - shoproxstore - Shopify,direct_to_consumer,fulfilled,2025-07-21,2025-07-23,2025-07-21,PA2,OnTrac,1,1,13.09,2.1,0.0,15.19,shipmonk_estimate,USD
158466,6728596717878,Cattasaurus - shoproxstore - Shopify,direct_to_consumer,fulfilled,2025-07-21,2025-07-23,2025-07-21,NV3,FedEx,1,1,27.04,1.8,0.0,28.84,shipmonk_estimate,USD
158467,6728597406006,Cattasaurus - shoproxstore - Shopify,direct_to_consumer,fulfilled,2025-07-21,2025-07-23,2025-07-21,NV3,OnTrac,1,1,11.53,1.8,0.0,13.33,shipmonk_estimate,USD
158468,6728600518966,Cattasaurus - shoproxstore - Shopify,direct_to_consumer,fulfilled,2025-07-21,2025-07-23,2025-07-21,PA2,OnTrac,1,1,14.04,1.8,0.0,15.84,shipmonk_estimate,USD
158469,6728601403702,Cattasaurus - shoproxstore - Shopify,direct_to_consumer,fulfilled,2025-07-21,2025-07-23,2025-07-21,PA2,FedEx,1,1,11.53,2.1,0.0,13.63,shipmonk_estimate,USD
158470,6728607596854,Cattasaurus - shoproxstore - Shopify,direct_to_consumer,fulfilled,2025-07-21,2025-07-23,2025-07-21,NV3,OnTrac,1,1,11.53,1.8,0.0,13.33,shipmonk_estimate,USD
158471,6728610644278,Cattasaurus - shoproxstore - Shopify,direct_to_consumer,fulfilled,2025-07-21,2025-07-23,2025-07-21,NV3,OnTrac,1,1,15.9,1.8,0.0,17.7,shipmonk_estimate,USD
158472,6728614215990,Cattasaurus - shoproxstore - Shopify,direct_to_consumer,fulfilled,2025-07-21,2025-07-23,2025-07-21,PA2,OnTrac,1,1,12.37,2.1,0.0,14.47,shipmonk_estimate,USD
158474,6728616739126,Cattasaurus - shoproxstore - Shopify,direct_to_consumer,fulfilled,2025-07-21,2025-07-23,2025-07-21,PA2,UPS,1,1,15.6,2.1,0.0,17.7,shipmonk_estimate,USD
158475,6728618639670,Cattasaurus - shoproxstore - Shopify,direct_to_consumer,fulfilled,2025-07-21,2025-07-23,2025-07-21,NV3,OnTrac,1,1,20.2,1.8,0.0,22.0,shipmonk_estimate,USD
158476,6728623227190,Cattasaurus - shoproxstore - Shopify,direct_to_consumer,fulfilled,2025-07-21,2025-07-23,2025-07-21,NV3,OnTrac,1,1,15.6,1.8,0.0,17.4,shipmonk_estimate,USD
158477,6728626110774,Cattasaurus - shoproxstore - Shopify,direct_to_consumer,fulfilled,2025-07-21,2025-07-24,2025-07-21,NV3,OnTrac,1,1,12.35,1.8,0.0,14.15,shipmonk_estimate,USD
158478,6728627323190,Cattasaurus - shoproxstore - Shopify,direct_to_consumer,fulfilled,2025-07-21,2025-07-24,2025-07-21,NV3,OnTrac,1,1,12.35,1.8,0.0,14.15,shipmonk_estimate,USD
158479,6728629485878,Cattasaurus - shoproxstore - Shopify,direct_to_consumer,fulfilled,2025-07-21,2025-08-04,2025-07-21,NV3,FedEx,1,1,10.16,2.1,0.0,12.26,shipmonk_estimate,USD
158480,6728631091510,Cattasaurus - shoproxstore - Shopify,direct_to_consumer,fulfilled,2025-07-21,2025-07-23,2025-07-21,NV3,OnTrac,1,1,15.9,1.8,0.0,17.7,shipmonk_estimate,USD
158481,6728636596534,Cattasaurus - shoproxstore - Shopify,direct_to_consumer,fulfilled,2025-07-21,2025-07-24,2025-07-21,NV3,OnTrac,1,1,15.6,1.8,0.0,17.4,shipmonk_estimate,USD
158482,6728641741110,Cattasaurus - shoproxstore - Shopify,direct_to_consumer,fulfilled,2025-07-21,2025-07-24,2025-07-21,NV3,FedEx,1,1,18.01,2.1,0.0,20.11,shipmonk_estimate,USD
158483,6728645706038,Cattasaurus - shoproxstore - Shopify,direct_to_consumer,fulfilled,2025-07-21,2025-07-23,2025-07-21,NV3,OnTrac,1,1,15.9,1.8,0.0,17.7,shipmonk_estimate,USD
158484,6728647803190,Cattasaurus - shoproxstore - Shopify,direct_to_consumer,fulfilled,2025-07-21,2025-07-23,2025-07-21,NV3,OnTrac,1,1,11.72,1.8,0.0,13.52,shipmonk_estimate,USD
158485,6728647999798,Cattasaurus - shoproxstore - Shopify,direct_to_consumer,fulfilled,2025-07-21,2025-07-24,2025-07-21,NV3,OnTrac,1,1,11.53,1.8,0.0,13.33,shipmonk_estimate,USD
158486,6728649310518,Cattasaurus - shoproxstore - Shopify,direct_to_consumer,fulfilled,2025-07-21,2025-07-23,2025-07-21,NV3,OnTrac,1,1,15.6,1.8,0.0,17.4,shipmonk_estimate,USD
158487,6728656650550,Cattasaurus - shoproxstore - Shopify,direct_to_consumer,fulfilled,2025-07-21,2025-07-23,2025-07-21,NV3,UPS,1,1,15.6,1.8,0.0,17.4,shipmonk_estimate,USD
158488,6728660648246,Cattasaurus - shoproxstore - Shopify,direct_to_consumer,fulfilled,2025-07-21,2025-07-23,2025-07-21,PA2,OnTrac,1,1,13.28,1.8,0.0,15.08,shipmonk_estimate,USD
158489,6728663138614,Cattasaurus - shoproxstore - Shopify,direct_to_consumer,fulfilled,2025-07-21,2025-07-24,2025-07-21,NV3,OnTrac,1,1,16.45,1.8,0.0,18.25,shipmonk_estimate,USD
158490,6728663531830,Cattasaurus - shoproxstore - Shopify,direct_to_consumer,fulfilled,2025-07-21,2025-07-24,2025-07-21,NV3,FedEx,1,2,43.52,3.3,0.0,46.82,shipmonk_estimate,USD
158492,6728676704566,Cattasaurus - shoproxstore - Shopify,direct_to_consumer,fulfilled,2025-07-21,2025-07-23,2025-07-21,PA2,OnTrac,1,1,10.81,2.1,0.0,12.91,shipmonk_estimate,USD
158493,6728678146358,Cattasaurus - shoproxstore - Shopify,direct_to_consumer,fulfilled,2025-07-21,2025-07-23,2025-07-21,PA2,OnTrac,1,1,11.53,2.1,0.0,13.63,shipmonk_estimate,USD
158494,6728678441270,Cattasaurus - shoproxstore - Shopify,direct_to_consumer,fulfilled,2025-07-21,2025-07-23,2025-07-21,PA2,UPS,1,1,12.37,2.1,0.0,14.47,shipmonk_estimate,USD
158495,6728680309046,Cattasaurus - shoproxstore - Shopify,direct_to_consumer,fulfilled,2025-07-21,2025-07-24,2025-07-21,NV3,OnTrac,1,1,11.53,1.8,0.0,13.33,shipmonk_estimate,USD
158496,6728687288630,Cattasaurus - shoproxstore - Shopify,direct_to_consumer,fulfilled,2025-07-21,2025-07-23,2025-07-21,NV3,FedEx,1,1,12.74,1.8,0.0,14.54,shipmonk_estimate,USD
158499,6728694530358,Cattasaurus - shoproxstore - Shopify,direct_to_consumer,fulfilled,2025-07-21,2025-07-23,2025-07-21,NV3,OnTrac,1,1,14.04,1.8,0.0,15.84,shipmonk_estimate,USD
158500,6728694694198,Cattasaurus - shoproxstore - Shopify,direct_to_consumer,fulfilled,2025-07-21,2025-08-04,2025-07-21,NV3,OnTrac,1,1,12.8,1.8,0.0,14.6,shipmonk_estimate,USD
158502,6728709505334,Cattasaurus - shoproxstore - Shopify,direct_to_consumer,fulfilled,2025-07-21,2025-07-30,2025-07-21,PA2,FedEx,1,1,14.04,1.8,0.0,15.84,shipmonk_estimate,USD
158503,6728711504182,Cattasaurus - shoproxstore - Shopify,direct_to_consumer,fulfilled,2025-07-21,2025-07-24,2025-07-21,NV3,OnTrac,1,1,15.1,2.1,0.0,17.2,shipmonk_estimate,USD
158504,6728713371958,Cattasaurus - shoproxstore - Shopify,direct_to_consumer,fulfilled,2025-07-21,2025-07-23,2025-07-21,NV3,OnTrac,1,1,11.53,1.8,0.0,13.33,shipmonk_estimate,USD
158505,6728714649910,Cattasaurus - shoproxstore - Shopify,direct_to_consumer,fulfilled,2025-07-21,2025-08-03,2025-07-21,PA2,OnTrac,1,1,10.91,2.1,0.0,13.01,shipmonk_estimate,USD
158506,6728718025014,Cattasaurus - shoproxstore - Shopify,direct_to_consumer,fulfilled,2025-07-21,2025-07-23,2025-07-21,NV3,OnTrac,1,1,12.48,1.8,0.0,14.28,shipmonk_estimate,USD
158507,6728721137974,Cattasaurus - shoproxstore - Shopify,direct_to_consumer,fulfilled,2025-07-21,2025-07-23,2025-07-21,NV3,OnTrac,1,1,11.53,1.8,0.0,13.33,shipmonk_estimate,USD
158508,6728722972982,Cattasaurus - shoproxstore - Shopify,direct_to_consumer,fulfilled,2025-07-21,2025-07-23,2025-07-21,PA2,OnTrac,1,1,13.28,2.1,0.0,15.38,shipmonk_estimate,USD
158509,6728728183094,Cattasaurus - shoproxstore - Shopify,direct_to_consumer,fulfilled,2025-07-21,2025-07-23,2025-07-21,NV3,FedEx,1,1,15.9,1.8,0.0,17.7,shipmonk_estimate,USD
158510,6728750399798,Cattasaurus - shoproxstore - Shopify,direct_to_consumer,fulfilled,2025-07-21,2025-07-23,2025-07-21,NV3,OnTrac,1,1,20.56,1.8,0.0,22.36,shipmonk_estimate,USD
158512,6728753643830,Cattasaurus - shoproxstore - Shopify,direct_to_consumer,fulfilled,2025-07-21,2025-07-23,2025-07-21,NV3,OnTrac,1,1,15.6,1.8,0.0,17.4,shipmonk_estimate,USD
158513,6728757838134,Cattasaurus - shoproxstore - Shopify,direct_to_consumer,fulfilled,2025-07-21,2025-07-23,2025-07-21,NV3,OnTrac,1,1,14.04,1.8,0.0,15.84,shipmonk_estimate,USD
158514,6728760721718,Cattasaurus - shoproxstore - Shopify,direct_to_consumer,fulfilled,2025-07-21,2025-07-24,2025-07-21,NV3,OnTrac,1,1,22.12,2.1,0.0,24.22,shipmonk_estimate,USD
158515,6728762753334,Cattasaurus - shoproxstore - Shopify,direct_to_consumer,fulfilled,2025-07-21,2025-07-30,2025-07-21,PA2,OnTrac,1,1,11.72,1.8,0.0,13.52,shipmonk_estimate,USD
158516,6728763670838,Cattasaurus - shoproxstore - Shopify,direct_to_consumer,fulfilled,2025-07-21,2025-07-23,2025-07-21,NV3,FedEx,1,1,16.45,1.8,0.0,18.25,shipmonk_estimate,USD
158517,6728766718262,Cattasaurus - shoproxstore - Shopify,direct_to_consumer,fulfilled,2025-07-21,2025-07-23,2025-07-21,NV3,OnTrac,1,1,27.04,1.8,0.0,28.84,shipmonk_estimate,USD
158518,6728772616502,Cattasaurus - shoproxstore - Shopify,direct_to_consumer,fulfilled,2025-07-21,2025-07-30,2025-07-21,PA2,UPS,1,1,13.09,1.8,0.0,14.89,shipmonk_estimate,USD
158519,6728786018614,Cattasaurus - shoproxstore - Shopify,direct_to_consumer,fulfilled,2025-07-21,2025-08-03,2025-07-21,PA2,OnTrac,1,1,16.45,2.4,0.0,18.85,shipmonk_estimate,USD
158521,6728805482806,Cattasaurus - shoproxstore - Shopify,direct_to_consumer,fulfilled,2025-07-21,2025-07-24,2025-07-21,NV3,FedEx,1,1,16.45,1.8,0.0,18.25,shipmonk_estimate,USD
158523,6728811315510,Cattasaurus - shoproxstore - Shopify,direct_to_consumer,fulfilled,2025-07-21,2025-07-24,2025-07-21,NV3,OnTrac,1,1,25.38,1.8,0.0,27.18,shipmonk_estimate,USD
158524,6728811708726,Cattasaurus - shoproxstore - Shopify,direct_to_consumer,fulfilled,2025-07-21,2025-07-23,2025-07-21,PA2,UPS,1,1,13.09,1.8,0.0,14.89,shipmonk_estimate,USD
158526,6728822784310,Cattasaurus - shoproxstore - Shopify,direct_to_consumer,fulfilled,2025-07-21,2025-07-23,2025-07-21,NV3,FedEx,1,1,11.72,1.8,0.0,13.52,shipmonk_estimate,USD
158527,6728825569590,Cattasaurus - shoproxstore - Shopify,direct_to_consumer,fulfilled,2025-07-21,2025-07-24,2025-07-21,NV3,OnTrac,1,1,13.09,1.8,0.0,14.89,shipmonk_estimate,USD
158528,6728828846390,Cattasaurus - shoproxstore - Shopify,direct_to_consumer,fulfilled,2025-07-21,2025-07-23,2025-07-21,NV3,OnTrac,1,1,15.9,1.8,0.0,17.7,shipmonk_estimate,USD
158530,6728832647478,Cattasaurus - shoproxstore - Shopify,direct_to_consumer,fulfilled,2025-07-21,2025-07-23,2025-07-21,NV3,OnTrac,1,1,15.9,1.8,0.0,17.7,shipmonk_estimate,USD
158531,6728833499446,Cattasaurus - shoproxstore - Shopify,direct_to_consumer,fulfilled,2025-07-21,2025-07-23,2025-07-21,NV3,OnTrac,1,1,14.04,1.8,0.0,15.84,shipmonk_estimate,USD
158533,6728841101622,Cattasaurus - shoproxstore - Shopify,direct_to_consumer,fulfilled,2025-07-21,2025-07-24,2025-07-21,NV3,FedEx,1,1,14.05,2.1,0.0,16.15,shipmonk_estimate,USD
158534,6728860041526,Cattasaurus - shoproxstore - Shopify,direct_to_consumer,fulfilled,2025-07-21,2025-07-24,2025-07-21,NV3,OnTrac,1,1,14.04,1.8,0.0,15.84,shipmonk_estimate,USD
158535,6728879341878,Cattasaurus - shoproxstore - Shopify,direct_to_consumer,fulfilled,2025-07-21,2025-07-23,2025-07-21,NV3,OnTrac,1,1,15.9,1.8,0.0,17.7,shipmonk_estimate,USD
158536,6728881701174,Cattasaurus - shoproxstore - Shopify,direct_to_consumer,fulfilled,2025-07-21,2025-07-30,2025-07-21,PA2,UPS,1,1,13.28,1.8,0.0,15.08,shipmonk_estimate,USD
158537,6728884257078,Cattasaurus - shoproxstore - Shopify,direct_to_consumer,fulfilled,2025-07-21,2025-07-24,2025-07-21,NV3,FedEx,1,1,23.2,1.8,0.0,25.0,shipmonk_estimate,USD
158538,6728889139510,Cattasaurus - shoproxstore - Shopify,direct_to_consumer,fulfilled,2025-07-21,2025-07-30,2025-07-21,PA2,OnTrac,1,1,15.6,1.8,0.0,17.4,shipmonk_estimate,USD
158540,6728910799158,Cattasaurus - shoproxstore - Shopify,direct_to_consumer,fulfilled,2025-07-21,2025-07-23,2025-07-21,NV3,OnTrac,1,1,14.04,1.8,0.0,15.84,shipmonk_estimate,USD
158541,6728915943734,Cattasaurus - shoproxstore - Shopify,direct_to_consumer,fulfilled,2025-07-21,2025-07-24,2025-07-21,NV3,OnTrac,1,1,16.45,1.8,0.0,18.25,shipmonk_estimate,USD
158542,6728919810358,Cattasaurus - shoproxstore - Shopify,direct_to_consumer,fulfilled,2025-07-21,2025-07-23,2025-07-21,NV3,FedEx,1,1,11.72,1.8,0.0,13.52,shipmonk_estimate,USD
158543,6728926200118,Cattasaurus - shoproxstore - Shopify,direct_to_consumer,fulfilled,2025-07-21,2025-07-24,2025-07-21,NV3,OnTrac,1,1,15.9,1.8,0.0,17.7,shipmonk_estimate,USD
158544,6728927346998,Cattasaurus - shoproxstore - Shopify,direct_to_consumer,fulfilled,2025-07-21,2025-07-24,2025-07-21,NV3,FedEx,1,1,20.29,2.1,0.0,22.39,shipmonk_estimate,USD
158544_1,633a2e01-264e-4019-a201-4820b86ef4a8,Cattasaurus - shoproxstore - Shopify,direct_to_consumer,fulfilled,2025-07-21,2025-07-24,2025-07-21,NV3,FedEx,1,1,20.29,2.1,0.0,22.39,shipmonk_estimate,USD
158546,6728934064438,Cattasaurus - shoproxstore - Shopify,direct_to_consumer,fulfilled,2025-07-21,2025-07-23,2025-07-21,NV3,OnTrac,1,1,11.53,1.8,0.0,13.33,shipmonk_estimate,USD
158547,6728939503926,Cattasaurus - shoproxstore - Shopify,direct_to_consumer,fulfilled,2025-07-21,2025-07-24,2025-07-21,NV3,OnTrac,1,1,18.79,1.8,0.0,20.59,shipmonk_estimate,USD
158549,6728952807734,Cattasaurus - shoproxstore - Shopify,direct_to_consumer,fulfilled,2025-07-21,2025-07-24,2025-07-21,NV3,OnTrac,1,1,11.53,1.8,0.0,13.33,shipmonk_estimate,USD
158551,6728970928438,Cattasaurus - shoproxstore - Shopify,direct_to_consumer,fulfilled,2025-07-21,2025-07-23,2025-07-21,NV3,OnTrac,1,1,12.74,1.8,0.0,14.54,shipmonk_estimate,USD
158552,6728975417654,Cattasaurus - shoproxstore - Shopify,direct_to_consumer,fulfilled,2025-07-21,2025-08-03,2025-07-21,PA2,OnTrac,1,1,10.91,1.8,0.0,12.71,shipmonk_estimate,USD
158553,6728975974710,Cattasaurus - shoproxstore - Shopify,direct_to_consumer,fulfilled,2025-07-21,2025-07-23,2025-07-21,NV3,OnTrac,1,1,11.53,1.8,0.0,13.33,shipmonk_estimate,USD
158555,6728979317046,Cattasaurus - shoproxstore - Shopify,direct_to_consumer,fulfilled,2025-07-21,2025-07-30,2025-07-21,PA2,USPS,1,1,11.53,1.8,0.0,13.33,shipmonk_estimate,USD
158556,6728981446966,Cattasaurus - shoproxstore - Shopify,direct_to_consumer,fulfilled,2025-07-21,2025-07-23,2025-07-21,NV3,OnTrac,1,1,16.45,1.8,0.0,18.25,shipmonk_estimate,USD
158557,6728986231094,Cattasaurus - shoproxstore - Shopify,direct_to_consumer,fulfilled,2025-07-21,2025-07-23,2025-07-21,NV3,OnTrac,1,1,0.0,1.8,0.0,1.8,shipmonk_estimate,USD
158558,6728994881846,Cattasaurus - shoproxstore - Shopify,direct_to_consumer,fulfilled,2025-07-21,2025-07-23,2025-07-21,PA2,OnTrac,1,1,14.04,1.8,0.0,15.84,shipmonk_estimate,USD
158561,6729017917750,Cattasaurus - shoproxstore - Shopify,direct_to_consumer,fulfilled,2025-07-21,2025-07-24,2025-07-21,NV3,FedEx,1,1,18.73,1.8,0.0,20.53,shipmonk_estimate,USD
158563,6729022931254,Cattasaurus - shoproxstore - Shopify,direct_to_consumer,fulfilled,2025-07-21,2025-07-23,2025-07-21,NV3,FedEx,1,1,15.9,1.8,0.0,17.7,shipmonk_estimate,USD
158564,6729023455542,Cattasaurus - shoproxstore - Shopify,direct_to_consumer,fulfilled,2025-07-21,2025-07-23,2025-07-21,NV3,OnTrac,1,1,18.73,1.8,0.0,20.53,shipmonk_estimate,USD
158566,6729032270134,Cattasaurus - shoproxstore - Shopify,direct_to_consumer,fulfilled,2025-07-21,2025-07-23,2025-07-21,NV3,OnTrac,1,1,11.53,1.8,0.0,13.33,shipmonk_estimate,USD
158567,6729032401206,Cattasaurus - shoproxstore - Shopify,direct_to_consumer,fulfilled,2025-07-21,2025-07-30,2025-07-21,PA2,OnTrac,1,1,10.81,1.8,0.0,12.61,shipmonk_estimate,USD
158568,6729035088182,Cattasaurus - shoproxstore - Shopify,direct_to_consumer,fulfilled,2025-07-21,2025-07-23,2025-07-21,NV3,OnTrac,1,1,23.2,1.8,0.0,25.0,shipmonk_estimate,USD
158569,6729037152566,Cattasaurus - shoproxstore - Shopify,direct_to_consumer,fulfilled,2025-07-21,2025-07-30,2025-07-21,PA2,OnTrac,1,1,10.81,1.8,0.0,12.61,shipmonk_estimate,USD
158570,6729044590902,Cattasaurus - shoproxstore - Shopify,direct_to_consumer,fulfilled,2025-07-21,2025-07-23,2025-07-21,PA2,OnTrac,1,1,11.53,2.1,0.0,13.63,shipmonk_estimate,USD
158571,6729050652982,Cattasaurus - shoproxstore - Shopify,direct_to_consumer,fulfilled,2025-07-21,2025-07-30,2025-07-21,PA2,UPS,1,1,13.09,1.8,0.0,14.89,shipmonk_estimate,USD
158572,6729051701558,Cattasaurus - shoproxstore - Shopify,direct_to_consumer,fulfilled,2025-07-21,2025-07-23,2025-07-21,NV3,OnTrac,1,1,23.2,1.8,0.0,25.0,shipmonk_estimate,USD
158573,6729062023478,Cattasaurus - shoproxstore - Shopify,direct_to_consumer,fulfilled,2025-07-21,2025-07-30,2025-07-21,PA2,UPS,1,1,13.09,1.8,0.0,14.89,shipmonk_estimate,USD
158575,6729082437942,Cattasaurus - shoproxstore - Shopify,direct_to_consumer,fulfilled,2025-07-21,2025-07-24,2025-07-21,NV3,OnTrac,1,1,25.38,1.8,0.0,27.18,shipmonk_estimate,USD
158576,6729086304566,Cattasaurus - shoproxstore - Shopify,direct_to_consumer,fulfilled,2025-07-21,2025-07-23,2025-07-21,NV3,FedEx,2,1,20.56,1.8,0.0,22.36,shipmonk_estimate,USD
158577,6729112158518,Cattasaurus - shoproxstore - Shopify,direct_to_consumer,fulfilled,2025-07-21,2025-07-30,2025-07-21,PA2,OnTrac,1,1,11.72,1.8,0.0,13.52,shipmonk_estimate,USD
158578,6729116811574,Cattasaurus - shoproxstore - Shopify,direct_to_consumer,fulfilled,2025-07-21,2025-07-23,2025-07-21,PA2,UPS,1,1,15.6,1.5,0.0,17.1,shipmonk_estimate,USD
158579,6729118646582,Cattasaurus - shoproxstore - Shopify,direct_to_consumer,fulfilled,2025-07-21,2025-07-24,2025-07-21,NV3,FedEx,1,1,20.2,1.8,0.0,22.0,shipmonk_estimate,USD
158580,6729119858998,Cattasaurus - shoproxstore - Shopify,direct_to_consumer,fulfilled,2025-07-21,2025-07-23,2025-07-21,NV3,OnTrac,1,1,18.73,1.8,0.0,20.53,shipmonk_estimate,USD
158581,6729120842038,Cattasaurus - shoproxstore - Shopify,direct_to_consumer,fulfilled,2025-07-21,2025-07-24,2025-07-21,NV3,OnTrac,1,1,11.53,1.8,0.0,13.33,shipmonk_estimate,USD
158582,6729134113078,Cattasaurus - shoproxstore - Shopify,direct_to_consumer,fulfilled,2025-07-21,,2025-07-21,PA2,ShipMonk,1,0,14.04,3.0,0.0,17.04,shipmonk_estimate,USD
158583,6729141223734,Cattasaurus - shoproxstore - Shopify,direct_to_consumer,fulfilled,2025-07-21,2025-07-23,2025-07-21,NV3,OnTrac,1,1,27.04,1.8,0.0,28.84,shipmonk_estimate,USD
158584,6729153315126,Cattasaurus - shoproxstore - Shopify,direct_to_consumer,fulfilled,2025-07-21,2025-07-23,2025-07-21,PA2,UPS,1,1,13.28,2.1,0.0,15.38,shipmonk_estimate,USD
158586,6729170813238,Cattasaurus - shoproxstore - Shopify,direct_to_consumer,fulfilled,2025-07-21,2025-07-23,2025-07-21,NV3,FedEx,1,1,22.12,1.8,0.0,23.92,shipmonk_estimate,USD
158587,6729173795126,Cattasaurus - shoproxstore - Shopify,direct_to_consumer,fulfilled,2025-07-21,2025-07-30,2025-07-21,PA2,UPS,1,1,15.6,1.8,0.0,17.4,shipmonk_estimate,USD
158588,6729175302454,Cattasaurus - shoproxstore - Shopify,direct_to_consumer,fulfilled,2025-07-21,2025-07-23,2025-07-21,NV3,OnTrac,1,1,16.45,1.8,0.0,18.25,shipmonk_estimate,USD
158589,6729175859510,Cattasaurus - shoproxstore - Shopify,direct_to_consumer,fulfilled,2025-07-21,2025-07-23,2025-07-21,PA2,UPS,1,1,15.6,2.1,0.0,17.7,shipmonk_estimate,USD
158590,6729176088886,Cattasaurus - shoproxstore - Shopify,direct_to_consumer,fulfilled,2025-07-21,2025-07-23,2025-07-21,NV3,UPS,1,1,17.46,1.8,0.0,19.26,shipmonk_estimate,USD
158591,6729179300150,Cattasaurus - shoproxstore - Shopify,direct_to_consumer,fulfilled,2025-07-21,2025-07-24,2025-07-21,NV3,FedEx,1,1,15.9,1.8,0.0,17.7,shipmonk_estimate,USD
158592,6729181987126,Cattasaurus - shoproxstore - Shopify,direct_to_consumer,fulfilled,2025-07-21,2025-07-24,2025-07-21,NV3,OnTrac,1,1,14.04,1.8,0.0,15.84,shipmonk_estimate,USD
158593,6729184543030,Cattasaurus - shoproxstore - Shopify,direct_to_consumer,fulfilled,2025-07-21,2025-07-23,2025-07-21,NV3,UPS,1,1,17.46,1.8,0.0,19.26,shipmonk_estimate,USD
158595,6729198043446,Cattasaurus - shoproxstore - Shopify,direct_to_consumer,fulfilled,2025-07-21,2025-07-30,2025-07-21,PA2,UPS,1,1,13.09,1.8,0.0,14.89,shipmonk_estimate,USD
158596,6729208037686,Cattasaurus - shoproxstore - Shopify,direct_to_consumer,fulfilled,2025-07-21,2025-07-24,2025-07-21,NV3,OnTrac,1,1,10.81,1.8,0.0,12.61,shipmonk_estimate,USD
158597,6729208103222,Cattasaurus - shoproxstore - Shopify,direct_to_consumer,fulfilled,2025-07-21,2025-07-24,2025-07-21,NV3,FedEx,1,1,19.32,1.8,0.0,21.12,shipmonk_estimate,USD
158598,6729212035382,Cattasaurus - shoproxstore - Shopify,direct_to_consumer,fulfilled,2025-07-21,2025-07-23,2025-07-21,NV3,OnTrac,1,1,14.04,1.8,0.0,15.84,shipmonk_estimate,USD
158599,6729217212726,Cattasaurus - shoproxstore - Shopify,direct_to_consumer,fulfilled,2025-07-21,2025-07-24,2025-07-21,PA2,FedEx,1,1,15.61,2.1,0.0,17.71,shipmonk_estimate,USD
158600,6729222193462,Cattasaurus - shoproxstore - Shopify,direct_to_consumer,fulfilled,2025-07-21,2025-07-23,2025-07-21,PA2,OnTrac,1,1,10.81,1.8,0.0,12.61,shipmonk_estimate,USD
158604,6729250767158,Cattasaurus - shoproxstore - Shopify,direct_to_consumer,fulfilled,2025-07-21,2025-07-24,2025-07-21,NV3,FedEx,1,1,21.76,1.8,0.0,23.56,shipmonk_estimate,USD
158605,6729254633782,Cattasaurus - shoproxstore - Shopify,direct_to_consumer,fulfilled,2025-07-21,2025-07-23,2025-07-21,PA2,OnTrac,1,1,14.04,2.1,0.0,16.14,shipmonk_estimate,USD
158606,6729254895926,Cattasaurus - shoproxstore - Shopify,direct_to_consumer,fulfilled,2025-07-21,2025-08-03,2025-07-21,PA2,FedEx,1,1,15.61,2.1,0.0,17.71,shipmonk_estimate,USD
158608,6729267216694,Cattasaurus - shoproxstore - Shopify,direct_to_consumer,fulfilled,2025-07-21,2025-07-24,2025-07-21,NV3,OnTrac,1,1,16.45,1.8,0.0,18.25,shipmonk_estimate,USD
158609,6729267904822,Cattasaurus - shoproxstore - Shopify,direct_to_consumer,fulfilled,2025-07-21,2025-07-23,2025-07-21,NV3,OnTrac,1,1,27.04,1.8,0.0,28.84,shipmonk_estimate,USD
158610,6729269477686,Cattasaurus - shoproxstore - Shopify,direct_to_consumer,fulfilled,2025-07-21,2025-07-30,2025-07-21,PA2,OnTrac,1,1,10.81,1.8,0.0,12.61,shipmonk_estimate,USD
158611,6729270722870,Cattasaurus - shoproxstore - Shopify,direct_to_consumer,fulfilled,2025-07-21,2025-07-24,2025-07-21,PA2,OnTrac,1,1,10.91,2.1,0.0,13.01,shipmonk_estimate,USD
158612,6729273180470,Cattasaurus - shoproxstore - Shopify,direct_to_consumer,fulfilled,2025-07-21,2025-08-03,2025-07-21,PA2,OnTrac,1,1,12.47,2.1,0.0,14.57,shipmonk_estimate,USD
158613,6729277997366,Cattasaurus - shoproxstore - Shopify,direct_to_consumer,fulfilled,2025-07-21,2025-08-03,2025-07-21,PA2,OnTrac,2,1,10.91,2.4,0.0,13.31,shipmonk_estimate,USD
158614,6729296576822,Cattasaurus - shoproxstore - Shopify,direct_to_consumer,fulfilled,2025-07-21,2025-07-23,2025-07-21,NV3,UPS,1,1,17.46,1.8,0.0,19.26,shipmonk_estimate,USD
158615,6729300181302,Cattasaurus - shoproxstore - Shopify,direct_to_consumer,fulfilled,2025-07-21,2025-07-23,2025-07-21,NV3,FedEx,1,1,12.49,1.8,0.0,14.29,shipmonk_estimate,USD
158616,6729302016310,Cattasaurus - shoproxstore - Shopify,direct_to_consumer,fulfilled,2025-07-21,2025-07-24,2025-07-21,NV3,OnTrac,1,1,14.04,2.1,0.0,16.14,shipmonk_estimate,USD
158618,6729306308918,Cattasaurus - shoproxstore - Shopify,direct_to_consumer,fulfilled,2025-07-21,2025-07-23,2025-07-21,NV3,OnTrac,1,1,17.46,1.8,0.0,19.26,shipmonk_estimate,USD
158619,6729307554102,Cattasaurus - shoproxstore - Shopify,direct_to_consumer,fulfilled,2025-07-21,2025-07-24,2025-07-21,NV3,OnTrac,1,1,13.28,1.8,0.0,15.08,shipmonk_estimate,USD
158621,6729310535990,Cattasaurus - shoproxstore - Shopify,direct_to_consumer,fulfilled,2025-07-21,2025-07-24,2025-07-21,NV3,OnTrac,1,1,11.53,1.8,0.0,13.33,shipmonk_estimate,USD
158622,6729314173238,Cattasaurus - shoproxstore - Shopify,direct_to_consumer,fulfilled,2025-07-21,2025-07-24,2025-07-21,NV3,OnTrac,1,1,24.43,2.1,0.0,26.53,shipmonk_estimate,USD
158623,6729335243062,Cattasaurus - shoproxstore - Shopify,direct_to_consumer,fulfilled,2025-07-21,2025-07-24,2025-07-21,NV3,OnTrac,1,1,11.53,1.8,0.0,13.33,shipmonk_estimate,USD
158624,6729335406902,Cattasaurus - shoproxstore - Shopify,direct_to_consumer,fulfilled,2025-07-21,2025-07-30,2025-07-21,PA2,OnTrac,1,1,10.81,1.8,0.0,12.61,shipmonk_estimate,USD
158625,6729340584246,Cattasaurus - shoproxstore - Shopify,direct_to_consumer,fulfilled,2025-07-21,2025-07-24,2025-07-21,NV3,FedEx,1,1,18.73,1.8,0.0,20.53,shipmonk_estimate,USD
158626,6729343533366,Cattasaurus - shoproxstore - Shopify,direct_to_consumer,fulfilled,2025-07-21,2025-07-24,2025-07-21,NV3,FedEx,1,1,13.28,1.8,0.0,15.08,shipmonk_estimate,USD
158627,6729354576182,Cattasaurus - shoproxstore - Shopify,direct_to_consumer,fulfilled,2025-07-21,2025-07-24,2025-07-21,NV3,FedEx,1,2,28.1,3.3,0.0,31.4,shipmonk_estimate,USD
158630,6729369682230,Cattasaurus - shoproxstore - Shopify,direct_to_consumer,fulfilled,2025-07-21,2025-07-24,2025-07-21,NV3,OnTrac,1,1,14.65,2.4,0.0,17.05,shipmonk_estimate,USD
158631,6729378070838,Cattasaurus - shoproxstore - Shopify,direct_to_consumer,fulfilled,2025-07-21,2025-07-24,2025-07-21,NV3,OnTrac,1,1,15.6,1.8,0.0,17.4,shipmonk_estimate,USD
158632,6729383674166,Cattasaurus - shoproxstore - Shopify,direct_to_consumer,fulfilled,2025-07-21,2025-07-24,2025-07-21,NV3,OnTrac,1,1,23.2,1.8,0.0,25.0,shipmonk_estimate,USD
158633,6729405792566,Cattasaurus - shoproxstore - Shopify,direct_to_consumer,fulfilled,2025-07-21,2025-07-24,2025-07-21,NV3,OnTrac,1,1,11.53,1.8,0.0,13.33,shipmonk_estimate,USD
158634,6729411887414,Cattasaurus - shoproxstore - Shopify,direct_to_consumer,fulfilled,2025-07-21,2025-07-23,2025-07-21,PA2,OnTrac,1,1,14.04,2.1,0.0,16.14,shipmonk_estimate,USD
158635,6729421521206,Cattasaurus - shoproxstore - Shopify,direct_to_consumer,fulfilled,2025-07-21,2025-08-03,2025-07-21,PA2,FedEx,1,1,16.45,1.8,0.0,18.25,shipmonk_estimate,USD
158636,6729427910966,Cattasaurus - shoproxstore - Shopify,direct_to_consumer,fulfilled,2025-07-21,2025-07-24,2025-07-21,NV3,OnTrac,1,1,13.28,1.8,0.0,15.08,shipmonk_estimate,USD
158639,6729454158134,Cattasaurus - shoproxstore - Shopify,direct_to_consumer,fulfilled,2025-07-21,2025-08-05,2025-07-21,NV3,OnTrac,1,1,15.67,2.1,0.0,17.77,shipmonk_estimate,USD
158640,6729456484662,Cattasaurus - shoproxstore - Shopify,direct_to_consumer,fulfilled,2025-07-21,2025-07-24,2025-07-21,NV3,OnTrac,1,1,17.17,1.8,0.0,18.97,shipmonk_estimate,USD
158641,6729464676662,Cattasaurus - shoproxstore - Shopify,direct_to_consumer,fulfilled,2025-07-21,2025-07-24,2025-07-21,NV3,OnTrac,1,1,13.09,1.8,0.0,14.89,shipmonk_estimate,USD
158642,6729488073014,Cattasaurus - shoproxstore - Shopify,direct_to_consumer,fulfilled,2025-07-21,2025-07-24,2025-07-21,PA2,OnTrac,1,1,12.97,2.1,0.0,15.07,shipmonk_estimate,USD
158643,6729492070710,Cattasaurus - shoproxstore - Shopify,direct_to_consumer,fulfilled,2025-07-21,2025-07-24,2025-07-21,NV3,OnTrac,1,1,11.72,1.8,0.0,13.52,shipmonk_estimate,USD
158644,6729492431158,Cattasaurus - shoproxstore - Shopify,direct_to_consumer,fulfilled,2025-07-21,2025-07-24,2025-07-21,NV3,OnTrac,1,1,13.28,1.8,0.0,15.08,shipmonk_estimate,USD
158645,6729501901110,Cattasaurus - shoproxstore - Shopify,direct_to_consumer,fulfilled,2025-07-21,2025-07-24,2025-07-21,NV3,OnTrac,1,1,11.53,1.8,0.0,13.33,shipmonk_estimate,USD
158646,6729519137078,Cattasaurus - shoproxstore - Shopify,direct_to_consumer,fulfilled,2025-07-21,2025-07-23,2025-07-21,NV3,OnTrac,1,1,15.61,1.8,0.0,17.41,shipmonk_estimate,USD
158647,6729526051126,Cattasaurus - shoproxstore - Shopify,direct_to_consumer,fulfilled,2025-07-21,2025-07-24,2025-07-21,NV3,FedEx,2,1,15.64,2.1,0.0,17.74,shipmonk_estimate,USD
158650,6729566912822,Cattasaurus - shoproxstore - Shopify,direct_to_consumer,fulfilled,2025-07-21,2025-07-24,2025-07-21,NV3,OnTrac,1,1,25.38,1.8,0.0,27.18,shipmonk_estimate,USD
INF146,a9a71a84-06cc-449d-b5a3-c2d6185e1c8a,Cattasaurus - Manual Store,direct_to_consumer,fulfilled,2025-07-21,2025-07-22,2025-07-21,PA2,UPS,1,1,13.28,1.8,0.0,15.08,shipmonk_estimate,USD
INF174,363c2b0d-7113-4313-8db5-38b22eedc74e,Cattasaurus - Manual Store,direct_to_consumer,fulfilled,2025-07-21,2025-07-22,2025-07-21,NV3,OnTrac,1,1,10.81,2.5,0.0,13.31,shipmonk_estimate,USD
INF175,2d828ddb-34a2-4f87-9225-4327270557c8,Cattasaurus - Manual Store,direct_to_consumer,fulfilled,2025-07-21,2025-07-24,2025-07-21,NV3,OnTrac,1,1,11.02,2.5,0.0,13.52,shipmonk_estimate,USD
INF176,2764fe40-f3db-4745-8f4a-ccf2d52b27ff,Cattasaurus - Manual Store,direct_to_consumer,fulfilled,2025-07-21,2025-07-22,2025-07-21,PA2,OnTrac,1,1,9.97,1.8,0.0,11.77,shipmonk_estimate,USD
INF177,4ddc151b-0be7-4c75-8d9c-1fc5cfa1cbf2,Cattasaurus - Manual Store,direct_to_consumer,fulfilled,2025-07-21,2025-07-23,2025-07-21,NV3,OnTrac,1,1,15.9,1.8,0.0,17.7,shipmonk_estimate,USD
INF178,f4cde300-38cf-4c4a-801c-1abb9527dffa,Cattasaurus - Manual Store,direct_to_consumer,fulfilled,2025-07-21,2025-07-23,2025-07-21,NV3,OnTrac,1,1,11.53,1.8,0.0,13.33,shipmonk_estimate,USD
INF179,1281b40a-d3e9-4b10-a342-52d0d4c85358,Cattasaurus - Manual Store,direct_to_consumer,fulfilled,2025-07-21,2025-07-24,2025-07-21,NV3,OnTrac,1,1,11.53,1.8,0.0,13.33,shipmonk_estimate,USD
INF180,fac1d910-fbc8-41f0-be23-b421aa12399b,Cattasaurus - Manual Store,direct_to_consumer,fulfilled,2025-07-21,2025-07-22,2025-07-21,PA2,OnTrac,1,1,12.5,2.5,0.0,15.0,shipmonk_estimate,USD
INF181,28ce0e2f-1dd3-4b99-ad09-6b1b5869990a,Cattasaurus - Manual Store,direct_to_consumer,fulfilled,2025-07-21,2025-07-24,2025-07-21,NV3,OnTrac,1,1,22.12,1.8,0.0,23.92,shipmonk_estimate,USD
INF182,3c89ae21-54e0-4845-8020-ae1576481220,Cattasaurus - Manual Store,direct_to_consumer,fulfilled,2025-07-21,2025-07-24,2025-07-21,NV3,FedEx,1,1,15.9,1.8,0.0,17.7,shipmonk_estimate,USD
INF184,c597548f-69d8-4bbb-ad3e-9bccd19cc4a3,Cattasaurus - Manual Store,direct_to_consumer,fulfilled,2025-07-21,2025-07-24,2025-07-21,NV3,OnTrac,1,1,20.56,1.8,0.0,22.36,shipmonk_estimate,USD
INF185,145b8b4e-7ec5-4faa-80d6-82eee5f48d81,Cattasaurus - Manual Store,direct_to_consumer,fulfilled,2025-07-21,2025-07-22,2025-07-21,PA2,OnTrac,1,1,10.81,1.8,0.0,12.61,shipmonk_estimate,USD
INF186,23f502a9-691c-4406-9037-348f57b41454,Cattasaurus - Manual Store,direct_to_consumer,fulfilled,2025-07-21,2025-07-22,2025-07-21,PA2,OnTrac,1,1,14.04,1.8,0.0,15.84,shipmonk_estimate,USD
INF187,82ccaff3-ea62-46ca-90b0-278459af2ae5,Cattasaurus - Manual Store,direct_to_consumer,fulfilled,2025-07-21,2025-07-22,2025-07-21,PA2,OnTrac,1,1,10.81,1.8,0.0,12.61,shipmonk_estimate,USD
INF188,9b42f9e0-97ee-415d-97e9-77e08e74f7f7,Cattasaurus - Manual Store,direct_to_consumer,fulfilled,2025-07-21,2025-07-24,2025-07-21,NV3,OnTrac,1,1,12.23,1.8,0.0,14.03,shipmonk_estimate,USD
INF190,ca57687b-6bd3-4c1f-9bfa-3e37e7e00a0c,Cattasaurus - Manual Store,direct_to_consumer,fulfilled,2025-07-21,2025-07-24,2025-07-21,NV3,FedEx,1,1,22.12,1.8,0.0,23.92,shipmonk_estimate,USD
INF191,cb4784f9-c74f-4457-8734-8d9c5dfa7408,Cattasaurus - Manual Store,direct_to_consumer,fulfilled,2025-07-21,2025-07-22,2025-07-21,PA2,OnTrac,1,1,11.53,1.8,0.0,13.33,shipmonk_estimate,USD
WAL129020325326321,cf21839b-f2e1-40f3-8b85-8fedd471b15d,Cattasaurus - Manual Store,direct_to_consumer,fulfilled,2025-07-21,2025-07-23,2025-07-21,NV3,FedEx,1,1,20.2,1.8,0.0,22.0,shipmonk_estimate,USD
WAL129020325326321_1,95870996-e661-4865-9a49-265cd26f7783,Cattasaurus - Manual Store,direct_to_consumer,fulfilled,2025-07-21,2025-07-23,2025-07-21,NV3,FedEx,1,1,15.9,1.8,0.0,17.7,shipmonk_estimate,USD
111-2917675-7249847,111-2917675-7249847,Cattasaurus - Amazon USA,direct_to_consumer,fulfilled,2025-07-22,2025-07-23,2025-07-22,NV3,OnTrac,1,1,11.6,2.5,0.0,14.1,shipmonk_estimate,USD
158651,6729643032886,Cattasaurus - shoproxstore - Shopify,direct_to_consumer,fulfilled,2025-07-22,2025-07-24,2025-07-22,NV3,OnTrac,1,1,14.05,1.8,0.0,15.85,shipmonk_estimate,USD
158652,6729664004406,Cattasaurus - shoproxstore - Shopify,direct_to_consumer,fulfilled,2025-07-22,2025-07-24,2025-07-22,NV3,FedEx,1,1,14.89,1.8,0.0,16.69,shipmonk_estimate,USD
158653,6729671737654,Cattasaurus - shoproxstore - Shopify,direct_to_consumer,fulfilled,2025-07-22,2025-07-23,2025-07-22,PA2,UPS,1,1,13.28,2.1,0.0,15.38,shipmonk_estimate,USD
158654,6729695330614,Cattasaurus - shoproxstore - Shopify,direct_to_consumer,fulfilled,2025-07-22,2025-08-03,2025-07-22,PA2,OnTrac,1,1,14.05,2.1,0.0,16.15,shipmonk_estimate,USD
158656,6729754706230,Cattasaurus - shoproxstore - Shopify,direct_to_consumer,fulfilled,2025-07-22,2025-07-30,2025-07-22,PA2,OnTrac,1,1,11.53,1.8,0.0,13.33,shipmonk_estimate,USD
158657,6729762177334,Cattasaurus - shoproxstore - Shopify,direct_to_consumer,fulfilled,2025-07-22,2025-07-23,2025-07-22,PA2,OnTrac,2,1,14.04,2.1,0.0,16.14,shipmonk_estimate,USD
158659,6729781248310,Cattasaurus - shoproxstore - Shopify,direct_to_consumer,fulfilled,2025-07-22,2025-07-30,2025-07-22,PA2,FedEx,1,1,11.53,1.8,0.0,13.33,shipmonk_estimate,USD
158661,6729798877494,Cattasaurus - shoproxstore - Shopify,direct_to_consumer,fulfilled,2025-07-22,2025-07-23,2025-07-22,PA2,OnTrac,1,1,11.53,2.1,0.0,13.63,shipmonk_estimate,USD
158663,6729815556406,Cattasaurus - shoproxstore - Shopify,direct_to_consumer,fulfilled,2025-07-22,2025-07-23,2025-07-22,PA2,OnTrac,1,1,11.72,2.1,0.0,13.82,shipmonk_estimate,USD
158664,6729819291958,Cattasaurus - shoproxstore - Shopify,direct_to_consumer,fulfilled,2025-07-22,2025-07-23,2025-07-22,NV3,OnTrac,1,1,0.0,1.8,0.0,1.8,shipmonk_estimate,USD
158665,6729820668214,Cattasaurus - shoproxstore - Shopify,direct_to_consumer,fulfilled,2025-07-22,2025-07-23,2025-07-22,NV3,OnTrac,1,1,14.04,1.8,0.0,15.84,shipmonk_estimate,USD
158666,6729827877174,Cattasaurus - shoproxstore - Shopify,direct_to_consumer,fulfilled,2025-07-22,2025-07-30,2025-07-22,PA2,OnTrac,1,1,10.81,1.8,0.0,12.61,shipmonk_estimate,USD
158667,6729827942710,Cattasaurus - shoproxstore - Shopify,direct_to_consumer,fulfilled,2025-07-22,2025-07-30,2025-07-22,PA2,FedEx,1,1,11.72,1.8,0.0,13.52,shipmonk_estimate,USD
158669,6729832202550,Cattasaurus - shoproxstore - Shopify,direct_to_consumer,fulfilled,2025-07-22,2025-07-23,2025-07-22,PA2,UPS,1,1,15.6,1.8,0.0,17.4,shipmonk_estimate,USD
158671,6729839968566,Cattasaurus - shoproxstore - Shopify,direct_to_consumer,fulfilled,2025-07-22,2025-07-23,2025-07-22,PA2,OnTrac,1,1,11.72,2.1,0.0,13.82,shipmonk_estimate,USD
158674,6729845997878,Cattasaurus - shoproxstore - Shopify,direct_to_consumer,fulfilled,2025-07-22,2025-07-30,2025-07-22,PA2,UPS,1,1,15.6,1.8,0.0,17.4,shipmonk_estimate,USD
158675,6729846718774,Cattasaurus - shoproxstore - Shopify,direct_to_consumer,fulfilled,2025-07-22,2025-07-30,2025-07-22,PA2,OnTrac,1,1,15.6,1.8,0.0,17.4,shipmonk_estimate,USD
158676,6729854058806,Cattasaurus - shoproxstore - Shopify,direct_to_consumer,fulfilled,2025-07-22,2025-07-23,2025-07-22,NV3,UPS,1,1,15.6,1.8,0.0,17.4,shipmonk_estimate,USD
158677,6729856614710,Cattasaurus - shoproxstore - Shopify,direct_to_consumer,fulfilled,2025-07-22,2025-07-23,2025-07-22,NV3,OnTrac,1,1,15.9,1.8,0.0,17.7,shipmonk_estimate,USD
158679,6729867493686,Cattasaurus - shoproxstore - Shopify,direct_to_consumer,fulfilled,2025-07-22,2025-07-23,2025-07-22,PA2,OnTrac,1,1,14.04,1.8,0.0,15.84,shipmonk_estimate,USD
158682,6729879781686,Cattasaurus - shoproxstore - Shopify,direct_to_consumer,fulfilled,2025-07-22,2025-08-03,2025-07-22,PA2,OnTrac,1,1,14.3,1.8,0.0,16.1,shipmonk_estimate,USD
158683,6729882566966,Cattasaurus - shoproxstore - Shopify,direct_to_consumer,fulfilled,2025-07-22,2025-07-30,2025-07-22,PA2,OnTrac,1,1,11.53,1.8,0.0,13.33,shipmonk_estimate,USD
158684,6729882960182,Cattasaurus - shoproxstore - Shopify,direct_to_consumer,fulfilled,2025-07-22,2025-07-30,2025-07-22,PA2,OnTrac,1,1,15.9,1.8,0.0,17.7,shipmonk_estimate,USD
158685,6729883386166,Cattasaurus - shoproxstore - Shopify,direct_to_consumer,fulfilled,2025-07-22,2025-07-24,2025-07-22,NV3,OnTrac,1,1,15.9,1.8,0.0,17.7,shipmonk_estimate,USD
158686,6729891184950,Cattasaurus - shoproxstore - Shopify,direct_to_consumer,fulfilled,2025-07-22,2025-08-03,2025-07-22,PA2,OnTrac,1,1,14.05,2.1,0.0,16.15,shipmonk_estimate,USD
158687,6729895215414,Cattasaurus - shoproxstore - Shopify,direct_to_consumer,fulfilled,2025-07-22,2025-07-30,2025-07-22,PA2,OnTrac,1,1,15.9,1.8,0.0,17.7,shipmonk_estimate,USD
158688,6729896526134,Cattasaurus - shoproxstore - Shopify,direct_to_consumer,fulfilled,2025-07-22,2025-08-03,2025-07-22,PA2,OnTrac,1,1,16.45,2.1,0.0,18.55,shipmonk_estimate,USD
158689,6729898131766,Cattasaurus - shoproxstore - Shopify,direct_to_consumer,fulfilled,2025-07-22,2025-07-30,2025-07-22,PA2,OnTrac,1,1,11.72,1.8,0.0,13.52,shipmonk_estimate,USD
158690,6729906553142,Cattasaurus - shoproxstore - Shopify,direct_to_consumer,fulfilled,2025-07-22,2025-07-30,2025-07-22,PA2,OnTrac,1,1,14.04,1.8,0.0,15.84,shipmonk_estimate,USD
158691_1,139c656d-2929-4d0c-be44-087f6730f808,Cattasaurus - shoproxstore - Shopify,direct_to_consumer,fulfilled,2025-07-22,2025-07-24,2025-07-22,PA2,USPS,1,1,4.64,1.5,0.3,6.44,shipmonk_estimate,USD
158692,6729915302198,Cattasaurus - shoproxstore - Shopify,direct_to_consumer,fulfilled,2025-07-22,2025-07-24,2025-07-22,NV3,OnTrac,1,1,21.78,1.8,0.0,23.58,shipmonk_estimate,USD
158693,6729922412854,Cattasaurus - shoproxstore - Shopify,direct_to_consumer,fulfilled,2025-07-22,2025-07-30,2025-07-22,PA2,OnTrac,1,1,14.04,1.8,0.0,15.84,shipmonk_estimate,USD
158694,6729924510006,Cattasaurus - shoproxstore - Shopify,direct_to_consumer,fulfilled,2025-07-22,2025-07-30,2025-07-22,PA2,OnTrac,1,1,14.04,1.8,0.0,15.84,shipmonk_estimate,USD
158695,6729926770998,Cattasaurus - shoproxstore - Shopify,direct_to_consumer,fulfilled,2025-07-22,2025-07-23,2025-07-22,PA2,OnTrac,1,1,10.81,1.8,0.0,12.61,shipmonk_estimate,USD
158696,6729930441014,Cattasaurus - shoproxstore - Shopify,direct_to_consumer,fulfilled,2025-07-22,2025-08-03,2025-07-22,PA2,OnTrac,1,1,10.91,1.8,0.0,12.71,shipmonk_estimate,USD
158698,6729932374326,Cattasaurus - shoproxstore - Shopify,direct_to_consumer,fulfilled,2025-07-22,2025-07-30,2025-07-22,PA2,FedEx,1,1,11.72,1.8,0.0,13.52,shipmonk_estimate,USD
158700,6729934635318,Cattasaurus - shoproxstore - Shopify,direct_to_consumer,fulfilled,2025-07-22,2025-07-24,2025-07-22,NV3,OnTrac,1,1,20.2,1.8,0.0,22.0,shipmonk_estimate,USD
158701,6729939058998,Cattasaurus - shoproxstore - Shopify,direct_to_consumer,fulfilled,2025-07-22,2025-07-24,2025-07-22,NV3,FedEx,1,1,25.38,2.1,0.0,27.48,shipmonk_estimate,USD
158702,6729939222838,Cattasaurus - shoproxstore - Shopify,direct_to_consumer,fulfilled,2025-07-22,2025-07-24,2025-07-22,NV3,OnTrac,1,1,11.53,1.8,0.0,13.33,shipmonk_estimate,USD
158703,6729941287222,Cattasaurus - shoproxstore - Shopify,direct_to_consumer,fulfilled,2025-07-22,2025-07-30,2025-07-22,PA2,OnTrac,1,1,11.53,1.8,0.0,13.33,shipmonk_estimate,USD
158704,6729943122230,Cattasaurus - shoproxstore - Shopify,direct_to_consumer,fulfilled,2025-07-22,2025-08-03,2025-07-22,PA2,OnTrac,1,1,20.2,2.1,0.0,22.3,shipmonk_estimate,USD
158705,6729946136886,Cattasaurus - shoproxstore - Shopify,direct_to_consumer,fulfilled,2025-07-22,2025-07-30,2025-07-22,PA2,OnTrac,1,1,14.04,1.8,0.0,15.84,shipmonk_estimate,USD
158706,6729946169654,Cattasaurus - shoproxstore - Shopify,direct_to_consumer,fulfilled,2025-07-22,2025-07-24,2025-07-22,NV3,OnTrac,1,1,15.9,1.8,0.0,17.7,shipmonk_estimate,USD
158708,6729954689334,Cattasaurus - shoproxstore - Shopify,direct_to_consumer,fulfilled,2025-07-22,2025-07-24,2025-07-22,NV3,FedEx,1,1,27.04,1.8,0.0,28.84,shipmonk_estimate,USD
158709,6729956360502,Cattasaurus - shoproxstore - Shopify,direct_to_consumer,fulfilled,2025-07-22,2025-07-30,2025-07-22,PA2,OnTrac,1,1,11.72,1.8,0.0,13.52,shipmonk_estimate,USD
158710,6729960718646,Cattasaurus - shoproxstore - Shopify,direct_to_consumer,fulfilled,2025-07-22,2025-08-03,2025-07-22,PA2,OnTrac,1,1,12.74,1.8,0.0,14.54,shipmonk_estimate,USD
158711,6729963503926,Cattasaurus - shoproxstore - Shopify,direct_to_consumer,fulfilled,2025-07-22,2025-08-03,2025-07-22,PA2,OnTrac,1,1,12.74,1.8,0.0,14.54,shipmonk_estimate,USD
158712,6729965109558,Cattasaurus - shoproxstore - Shopify,direct_to_consumer,fulfilled,2025-07-22,2025-07-30,2025-07-22,PA2,FedEx,1,1,11.72,1.8,0.0,13.52,shipmonk_estimate,USD
158713,6729967993142,Cattasaurus - shoproxstore - Shopify,direct_to_consumer,fulfilled,2025-07-22,2025-07-28,2025-07-22,NV3,FedEx,1,1,22.12,1.8,0.0,23.92,shipmonk_estimate,USD
158714,6729969271094,Cattasaurus - shoproxstore - Shopify,direct_to_consumer,fulfilled,2025-07-22,2025-07-30,2025-07-22,PA2,OnTrac,1,1,10.81,1.8,0.0,12.61,shipmonk_estimate,USD
158717,6729980444982,Cattasaurus - shoproxstore - Shopify,direct_to_consumer,fulfilled,2025-07-22,2025-07-24,2025-07-22,NV3,OnTrac,1,1,14.04,1.8,0.0,15.84,shipmonk_estimate,USD
158718,6729980739894,Cattasaurus - shoproxstore - Shopify,direct_to_consumer,fulfilled,2025-07-22,2025-07-24,2025-07-22,NV3,OnTrac,1,1,11.72,1.8,0.0,13.52,shipmonk_estimate,USD
158719,6729982050614,Cattasaurus - shoproxstore - Shopify,direct_to_consumer,fulfilled,2025-07-22,2025-07-30,2025-07-22,PA2,OnTrac,1,1,14.04,1.8,0.0,15.84,shipmonk_estimate,USD
158720,6729982247222,Cattasaurus - shoproxstore - Shopify,direct_to_consumer,fulfilled,2025-07-22,2025-07-30,2025-07-22,PA2,UPS,1,1,12.37,1.8,0.0,14.17,shipmonk_estimate,USD
158721,6729989980470,Cattasaurus - shoproxstore - Shopify,direct_to_consumer,fulfilled,2025-07-22,2025-08-03,2025-07-22,PA2,OnTrac,1,1,10.91,2.1,0.0,13.01,shipmonk_estimate,USD
158723,6729999188278,Cattasaurus - shoproxstore - Shopify,direct_to_consumer,fulfilled,2025-07-22,2025-07-24,2025-07-22,NV3,OnTrac,1,1,11.72,1.8,0.0,13.52,shipmonk_estimate,USD
158726,6730022879542,Cattasaurus - shoproxstore - Shopify,direct_to_consumer,fulfilled,2025-07-22,2025-07-24,2025-07-22,NV3,FedEx,1,1,24.76,1.8,0.0,26.56,shipmonk_estimate,USD
158727,6730024419638,Cattasaurus - shoproxstore - Shopify,direct_to_consumer,fulfilled,2025-07-22,2025-07-23,2025-07-22,NV3,OnTrac,1,1,14.04,1.8,0.0,15.84,shipmonk_estimate,USD
158728,6730025173302,Cattasaurus - shoproxstore - Shopify,direct_to_consumer,fulfilled,2025-07-22,2025-07-24,2025-07-22,NV3,OnTrac,1,1,23.2,2.1,0.0,25.3,shipmonk_estimate,USD
158729,6730035822902,Cattasaurus - shoproxstore - Shopify,direct_to_consumer,fulfilled,2025-07-22,2025-07-30,2025-07-22,PA2,OnTrac,1,1,10.81,1.8,0.0,12.61,shipmonk_estimate,USD
158730,6730037166390,Cattasaurus - shoproxstore - Shopify,direct_to_consumer,fulfilled,2025-07-22,2025-07-30,2025-07-22,PA2,UPS,1,1,13.28,1.8,0.0,15.08,shipmonk_estimate,USD
158731,6730039460150,Cattasaurus - shoproxstore - Shopify,direct_to_consumer,fulfilled,2025-07-22,2025-07-30,2025-07-22,PA2,UPS,1,1,12.37,1.8,0.0,14.17,shipmonk_estimate,USD
158732,6730039492918,Cattasaurus - shoproxstore - Shopify,direct_to_consumer,fulfilled,2025-07-22,2025-07-24,2025-07-22,NV3,OnTrac,1,1,11.72,1.8,0.0,13.52,shipmonk_estimate,USD
158735,6730043588918,Cattasaurus - shoproxstore - Shopify,direct_to_consumer,fulfilled,2025-07-22,2025-08-03,2025-07-22,PA2,OnTrac,1,1,12.47,2.1,0.0,14.57,shipmonk_estimate,USD
158736,6730047717686,Cattasaurus - shoproxstore - Shopify,direct_to_consumer,fulfilled,2025-07-22,2025-07-24,2025-07-22,PA2,OnTrac,1,1,12.97,2.1,0.0,15.07,shipmonk_estimate,USD
158737,6730051191094,Cattasaurus - shoproxstore - Shopify,direct_to_consumer,fulfilled,2025-07-22,2025-07-24,2025-07-22,NV3,OnTrac,1,1,11.72,2.1,0.0,13.82,shipmonk_estimate,USD
158738,6730052436278,Cattasaurus - shoproxstore - Shopify,direct_to_consumer,fulfilled,2025-07-22,2025-07-24,2025-07-22,NV3,OnTrac,1,1,20.2,1.8,0.0,22.0,shipmonk_estimate,USD
158739,6730055516470,Cattasaurus - shoproxstore - Shopify,direct_to_consumer,fulfilled,2025-07-22,2025-07-24,2025-07-22,NV3,OnTrac,1,1,11.53,1.8,0.0,13.33,shipmonk_estimate,USD
158740,6730056073526,Cattasaurus - shoproxstore - Shopify,direct_to_consumer,fulfilled,2025-07-22,2025-07-24,2025-07-22,PA2,OnTrac,1,1,16.45,2.1,0.0,18.55,shipmonk_estimate,USD
158741,6730058989878,Cattasaurus - shoproxstore - Shopify,direct_to_consumer,fulfilled,2025-07-22,2025-08-03,2025-07-22,PA2,UPS,1,1,14.3,1.8,0.0,16.1,shipmonk_estimate,USD
158744,6730068001078,Cattasaurus - shoproxstore - Shopify,direct_to_consumer,fulfilled,2025-07-22,2025-07-30,2025-07-22,PA2,OnTrac,1,1,11.72,1.8,0.0,13.52,shipmonk_estimate,USD
158745,6730068918582,Cattasaurus - shoproxstore - Shopify,direct_to_consumer,fulfilled,2025-07-22,2025-07-23,2025-07-22,NV3,UPS,1,1,20.29,1.8,0.0,22.09,shipmonk_estimate,USD
158746,6730069967158,Cattasaurus - shoproxstore - Shopify,direct_to_consumer,fulfilled,2025-07-22,2025-07-24,2025-07-22,NV3,OnTrac,1,1,18.53,2.1,0.0,20.63,shipmonk_estimate,USD
158748,6730084122934,Cattasaurus - shoproxstore - Shopify,direct_to_consumer,fulfilled,2025-07-22,2025-07-30,2025-07-22,PA2,OnTrac,1,1,15.9,1.8,0.0,17.7,shipmonk_estimate,USD
158749,6730085040438,Cattasaurus - shoproxstore - Shopify,direct_to_consumer,fulfilled,2025-07-22,2025-07-24,2025-07-22,PA2,FedEx,1,2,43.89,3.6,0.0,47.49,shipmonk_estimate,USD
158752,6730089726262,Cattasaurus - shoproxstore - Shopify,direct_to_consumer,fulfilled,2025-07-22,2025-07-30,2025-07-22,PA2,OnTrac,1,1,11.53,1.8,0.0,13.33,shipmonk_estimate,USD
158754,6730096247094,Cattasaurus - shoproxstore - Shopify,direct_to_consumer,fulfilled,2025-07-22,2025-07-30,2025-07-22,PA2,OnTrac,1,1,10.81,1.8,0.0,12.61,shipmonk_estimate,USD
158755,6730098311478,Cattasaurus - shoproxstore - Shopify,direct_to_consumer,fulfilled,2025-07-22,2025-07-24,2025-07-22,NV3,OnTrac,1,1,16.45,1.8,0.0,18.25,shipmonk_estimate,USD
158756,6730106339638,Cattasaurus - shoproxstore - Shopify,direct_to_consumer,fulfilled,2025-07-22,2025-07-24,2025-07-22,NV3,OnTrac,1,1,10.81,2.1,0.0,12.91,shipmonk_estimate,USD
158758,6730112532790,Cattasaurus - shoproxstore - Shopify,direct_to_consumer,fulfilled,2025-07-22,2025-07-24,2025-07-22,NV3,OnTrac,1,1,14.05,1.8,0.0,15.85,shipmonk_estimate,USD
158761,6730122461494,Cattasaurus - shoproxstore - Shopify,direct_to_consumer,fulfilled,2025-07-22,2025-07-23,2025-07-22,NV3,OnTrac,1,1,14.05,1.8,0.0,15.85,shipmonk_estimate,USD
158762,6730124362038,Cattasaurus - shoproxstore - Shopify,direct_to_consumer,fulfilled,2025-07-22,2025-07-24,2025-07-22,NV3,FedEx,1,1,24.43,2.1,0.0,26.53,shipmonk_estimate,USD
158763,6730145726774,Cattasaurus - shoproxstore - Shopify,direct_to_consumer,fulfilled,2025-07-22,2025-07-23,2025-07-22,NV3,OnTrac,1,1,20.56,1.8,0.0,22.36,shipmonk_estimate,USD
158764,6730148020534,Cattasaurus - shoproxstore - Shopify,direct_to_consumer,fulfilled,2025-07-22,2025-07-24,2025-07-22,NV3,OnTrac,1,1,15.9,1.8,0.0,17.7,shipmonk_estimate,USD
158765,6730150969654,Cattasaurus - shoproxstore - Shopify,direct_to_consumer,fulfilled,2025-07-22,2025-07-24,2025-07-22,NV3,UPS,1,1,15.6,1.8,0.0,17.4,shipmonk_estimate,USD
158766,6730155458870,Cattasaurus - shoproxstore - Shopify,direct_to_consumer,fulfilled,2025-07-22,2025-07-23,2025-07-22,NV3,OnTrac,1,1,0.0,1.8,0.0,1.8,shipmonk_estimate,USD
158768,6730164175158,Cattasaurus - shoproxstore - Shopify,direct_to_consumer,fulfilled,2025-07-22,2025-07-24,2025-07-22,NV3,OnTrac,1,1,20.2,1.8,0.0,22.0,shipmonk_estimate,USD
158770,6730167189814,Cattasaurus - shoproxstore - Shopify,direct_to_consumer,fulfilled,2025-07-22,2025-07-24,2025-07-22,NV3,FedEx,1,1,18.01,1.8,0.0,19.81,shipmonk_estimate,USD
158771,6730168009014,Cattasaurus - shoproxstore - Shopify,direct_to_consumer,fulfilled,2025-07-22,2025-07-24,2025-07-22,NV3,OnTrac,1,1,11.53,1.8,0.0,13.33,shipmonk_estimate,USD
158772,6730168729910,Cattasaurus - shoproxstore - Shopify,direct_to_consumer,fulfilled,2025-07-22,2025-07-25,2025-07-22,NV3,FedEx,1,1,18.53,2.4,0.0,20.93,shipmonk_estimate,USD
158773,6730172956982,Cattasaurus - shoproxstore - Shopify,direct_to_consumer,fulfilled,2025-07-22,2025-07-24,2025-07-22,NV3,OnTrac,1,1,11.53,1.8,0.0,13.33,shipmonk_estimate,USD
158774,6730177511734,Cattasaurus - shoproxstore - Shopify,direct_to_consumer,fulfilled,2025-07-22,2025-07-24,2025-07-22,NV3,OnTrac,1,1,11.72,1.8,0.0,13.52,shipmonk_estimate,USD
158778,6730189308214,Cattasaurus - shoproxstore - Shopify,direct_to_consumer,fulfilled,2025-07-22,2025-07-30,2025-07-22,PA2,OnTrac,1,1,11.53,1.8,0.0,13.33,shipmonk_estimate,USD
158779,6730189340982,Cattasaurus - shoproxstore - Shopify,direct_to_consumer,fulfilled,2025-07-22,2025-07-30,2025-07-22,PA2,OnTrac,1,1,11.72,1.8,0.0,13.52,shipmonk_estimate,USD
158780,6730192290102,Cattasaurus - shoproxstore - Shopify,direct_to_consumer,fulfilled,2025-07-22,2025-07-25,2025-07-22,NV3,OnTrac,1,1,17.46,1.8,0.0,19.26,shipmonk_estimate,USD
158780_1,693e9131-b704-421c-bd30-24622d37f28e,Cattasaurus - shoproxstore - Shopify,direct_to_consumer,fulfilled,2025-07-22,2025-07-25,2025-07-22,NV3,OnTrac,1,1,17.46,1.8,0.0,19.26,shipmonk_estimate,USD
158781,6730193633590,Cattasaurus - shoproxstore - Shopify,direct_to_consumer,fulfilled,2025-07-22,2025-08-03,2025-07-22,PA2,OnTrac,1,1,14.05,1.8,0.0,15.85,shipmonk_estimate,USD
158782,6730194256182,Cattasaurus - shoproxstore - Shopify,direct_to_consumer,fulfilled,2025-07-22,2025-07-24,2025-07-22,NV3,FedEx,1,1,15.9,1.8,0.0,17.7,shipmonk_estimate,USD
158783,6730194780470,Cattasaurus - shoproxstore - Shopify,direct_to_consumer,fulfilled,2025-07-22,2025-07-24,2025-07-22,NV3,OnTrac,1,1,11.53,1.8,0.0,13.33,shipmonk_estimate,USD
158784,6730197270838,Cattasaurus - shoproxstore - Shopify,direct_to_consumer,fulfilled,2025-07-22,2025-07-30,2025-07-22,PA2,UPS,1,1,15.6,1.8,0.0,17.4,shipmonk_estimate,USD
158785,6730206445878,Cattasaurus - shoproxstore - Shopify,direct_to_consumer,fulfilled,2025-07-22,2025-07-24,2025-07-22,NV3,OnTrac,1,1,15.9,1.8,0.0,17.7,shipmonk_estimate,USD
158786,6730206740790,Cattasaurus - shoproxstore - Shopify,direct_to_consumer,fulfilled,2025-07-22,2025-07-24,2025-07-22,NV3,FedEx,1,1,14.04,1.8,0.0,15.84,shipmonk_estimate,USD
158788,6730207297846,Cattasaurus - shoproxstore - Shopify,direct_to_consumer,fulfilled,2025-07-22,2025-07-24,2025-07-22,NV3,OnTrac,1,1,14.04,1.8,0.0,15.84,shipmonk_estimate,USD
158790,6730215850294,Cattasaurus - shoproxstore - Shopify,direct_to_consumer,fulfilled,2025-07-22,2025-08-03,2025-07-22,PA2,OnTrac,1,1,14.3,1.8,0.0,16.1,shipmonk_estimate,USD
158791,6730229907766,Cattasaurus - shoproxstore - Shopify,direct_to_consumer,fulfilled,2025-07-22,2025-07-25,2025-07-22,NV3,OnTrac,1,1,11.72,1.8,0.0,13.52,shipmonk_estimate,USD
158792,6730233676086,Cattasaurus - shoproxstore - Shopify,direct_to_consumer,fulfilled,2025-07-22,2025-07-30,2025-07-22,PA2,UPS,1,1,13.68,1.8,0.0,15.48,shipmonk_estimate,USD
158794,6730239213878,Cattasaurus - shoproxstore - Shopify,direct_to_consumer,fulfilled,2025-07-22,2025-07-25,2025-07-22,NV3,UPS,1,1,11.72,1.8,0.0,13.52,shipmonk_estimate,USD
158795,6730241507638,Cattasaurus - shoproxstore - Shopify,direct_to_consumer,fulfilled,2025-07-22,2025-07-24,2025-07-22,NV3,OnTrac,1,1,15.9,1.8,0.0,17.7,shipmonk_estimate,USD
158798,6730255499574,Cattasaurus - shoproxstore - Shopify,direct_to_consumer,fulfilled,2025-07-22,2025-08-03,2025-07-22,PA2,OnTrac,1,1,12.74,2.1,0.0,14.84,shipmonk_estimate,USD
158799,6730259398966,Cattasaurus - shoproxstore - Shopify,direct_to_consumer,fulfilled,2025-07-22,2025-08-06,2025-07-22,NV3,FedEx,1,1,20.97,2.4,0.0,23.37,shipmonk_estimate,USD
158800,6730268737846,Cattasaurus - shoproxstore - Shopify,direct_to_consumer,fulfilled,2025-07-22,2025-07-30,2025-07-22,PA2,OnTrac,1,1,13.28,1.8,0.0,15.08,shipmonk_estimate,USD
158803,6730288300342,Cattasaurus - shoproxstore - Shopify,direct_to_consumer,fulfilled,2025-07-22,2025-07-24,2025-07-22,NV3,OnTrac,1,1,15.9,1.8,0.0,17.7,shipmonk_estimate,USD
158804,6730291151158,Cattasaurus - shoproxstore - Shopify,direct_to_consumer,fulfilled,2025-07-22,2025-07-23,2025-07-22,NV3,FedEx,1,1,15.9,1.8,0.0,17.7,shipmonk_estimate,USD
158804_1,ca304bc1-4de6-406d-9284-a32ea1b5d64f,Cattasaurus - shoproxstore - Shopify,direct_to_consumer,fulfilled,2025-07-22,2025-07-23,2025-07-22,NV3,FedEx,1,1,15.9,1.8,0.0,17.7,shipmonk_estimate,USD
158805,6730293018934,Cattasaurus - shoproxstore - Shopify,direct_to_consumer,fulfilled,2025-07-22,2025-07-30,2025-07-22,PA2,FedEx,1,1,14.04,1.8,0.0,15.84,shipmonk_estimate,USD
158806,6730297803062,Cattasaurus - shoproxstore - Shopify,direct_to_consumer,fulfilled,2025-07-22,2025-07-24,2025-07-22,NV3,OnTrac,1,1,11.53,1.8,0.0,13.33,shipmonk_estimate,USD
158808,6730310779190,Cattasaurus - shoproxstore - Shopify,direct_to_consumer,fulfilled,2025-07-22,2025-07-30,2025-07-22,PA2,OnTrac,1,1,10.81,1.8,0.0,12.61,shipmonk_estimate,USD
158809,6730313859382,Cattasaurus - shoproxstore - Shopify,direct_to_consumer,fulfilled,2025-07-22,2025-07-24,2025-07-22,PA2,OnTrac,1,1,16.45,2.1,0.0,18.55,shipmonk_estimate,USD
158810,6730315759926,Cattasaurus - shoproxstore - Shopify,direct_to_consumer,fulfilled,2025-07-22,2025-07-30,2025-07-22,PA2,UPS,1,1,15.6,1.8,0.0,17.4,shipmonk_estimate,USD
158811,6730316972342,Cattasaurus - shoproxstore - Shopify,direct_to_consumer,fulfilled,2025-07-22,2025-07-24,2025-07-22,NV3,OnTrac,1,1,14.04,1.8,0.0,15.84,shipmonk_estimate,USD
158812,6730318283062,Cattasaurus - shoproxstore - Shopify,direct_to_consumer,fulfilled,2025-07-22,2025-07-24,2025-07-22,NV3,OnTrac,1,1,11.72,1.8,0.0,13.52,shipmonk_estimate,USD
158813,6730321822006,Cattasaurus - shoproxstore - Shopify,direct_to_consumer,fulfilled,2025-07-22,2025-07-24,2025-07-22,NV3,OnTrac,1,1,15.9,1.8,0.0,17.7,shipmonk_estimate,USD
158814,6730324508982,Cattasaurus - shoproxstore - Shopify,direct_to_consumer,fulfilled,2025-07-22,2025-07-24,2025-07-22,NV3,OnTrac,1,1,14.04,1.8,0.0,15.84,shipmonk_estimate,USD
158815,6730326901046,Cattasaurus - shoproxstore - Shopify,direct_to_consumer,fulfilled,2025-07-22,2025-07-25,2025-07-22,NV3,OnTrac,1,1,11.72,1.8,0.0,13.52,shipmonk_estimate,USD
158816,6730328080694,Cattasaurus - shoproxstore - Shopify,direct_to_consumer,fulfilled,2025-07-22,2025-07-23,2025-07-22,NV3,FedEx,1,1,14.04,1.8,0.0,15.84,shipmonk_estimate,USD
158817,6730328375606,Cattasaurus - shoproxstore - Shopify,direct_to_consumer,fulfilled,2025-07-22,2025-07-24,2025-07-22,NV3,FedEx,1,1,18.01,1.8,0.0,19.81,shipmonk_estimate,USD
158819,6730331062582,Cattasaurus - shoproxstore - Shopify,direct_to_consumer,fulfilled,2025-07-22,2025-07-30,2025-07-22,PA2,OnTrac,1,1,11.72,1.8,0.0,13.52,shipmonk_estimate,USD
158820,6730332373302,Cattasaurus - shoproxstore - Shopify,direct_to_consumer,fulfilled,2025-07-22,2025-07-24,2025-07-22,NV3,OnTrac,1,1,13.28,1.8,0.0,15.08,shipmonk_estimate,USD
158821,6730337190198,Cattasaurus - shoproxstore - Shopify,direct_to_consumer,fulfilled,2025-07-22,2025-08-06,2025-07-22,NV3,OnTrac,1,1,15.68,2.1,0.0,17.78,shipmonk_estimate,USD
158822,6730337911094,Cattasaurus - shoproxstore - Shopify,direct_to_consumer,fulfilled,2025-07-22,2025-07-24,2025-07-22,NV3,OnTrac,1,1,16.66,2.1,0.0,18.76,shipmonk_estimate,USD
158823,6730340237622,Cattasaurus - shoproxstore - Shopify,direct_to_consumer,fulfilled,2025-07-22,2025-07-30,2025-07-22,PA2,OnTrac,1,1,11.72,1.8,0.0,13.52,shipmonk_estimate,USD
158824,6730344857910,Cattasaurus - shoproxstore - Shopify,direct_to_consumer,fulfilled,2025-07-22,2025-07-25,2025-07-22,NV3,OnTrac,1,1,15.9,2.1,0.0,18.0,shipmonk_estimate,USD
158825,6730346463542,Cattasaurus - shoproxstore - Shopify,direct_to_consumer,fulfilled,2025-07-22,2025-08-12,2025-07-22,PA2,UPS,1,1,13.34,1.8,0.0,15.14,shipmonk_estimate,USD
158826,6730351771958,Cattasaurus - shoproxstore - Shopify,direct_to_consumer,fulfilled,2025-07-22,2025-07-24,2025-07-22,NV3,OnTrac,1,1,13.28,1.8,0.0,15.08,shipmonk_estimate,USD
158827,6730352820534,Cattasaurus - shoproxstore - Shopify,direct_to_consumer,fulfilled,2025-07-22,2025-07-25,2025-07-22,NV3,UPS,3,1,17.46,2.7,0.0,20.16,shipmonk_estimate,USD
158828,6730361405750,Cattasaurus - shoproxstore - Shopify,direct_to_consumer,fulfilled,2025-07-22,2025-07-25,2025-07-22,NV3,OnTrac,1,1,18.73,2.1,0.0,20.83,shipmonk_estimate,USD
158829,6730368155958,Cattasaurus - shoproxstore - Shopify,direct_to_consumer,fulfilled,2025-07-22,2025-08-03,2025-07-22,PA2,OnTrac,1,1,14.05,1.8,0.0,15.85,shipmonk_estimate,USD
158830,6730369433910,Cattasaurus - shoproxstore - Shopify,direct_to_consumer,fulfilled,2025-07-22,2025-07-24,2025-07-22,NV3,OnTrac,1,1,11.53,1.8,0.0,13.33,shipmonk_estimate,USD
158831,6730375495990,Cattasaurus - shoproxstore - Shopify,direct_to_consumer,fulfilled,2025-07-22,2025-07-23,2025-07-22,NV3,OnTrac,1,1,22.12,1.8,0.0,23.92,shipmonk_estimate,USD
158832,6730384769334,Cattasaurus - shoproxstore - Shopify,direct_to_consumer,fulfilled,2025-07-22,2025-07-24,2025-07-22,NV3,OnTrac,1,1,11.72,1.8,0.0,13.52,shipmonk_estimate,USD
158833,6730392469814,Cattasaurus - shoproxstore - Shopify,direct_to_consumer,fulfilled,2025-07-22,2025-08-03,2025-07-22,PA2,FedEx,1,1,14.65,2.4,0.0,17.05,shipmonk_estimate,USD
158834,6730392863030,Cattasaurus - shoproxstore - Shopify,direct_to_consumer,fulfilled,2025-07-22,2025-07-30,2025-07-22,PA2,OnTrac,1,1,13.09,1.8,0.0,14.89,shipmonk_estimate,USD
158835,6730393059638,Cattasaurus - shoproxstore - Shopify,direct_to_consumer,fulfilled,2025-07-22,2025-07-24,2025-07-22,PA2,FedEx,1,1,16.45,1.8,0.0,18.25,shipmonk_estimate,USD
158836,6730398236982,Cattasaurus - shoproxstore - Shopify,direct_to_consumer,fulfilled,2025-07-22,2025-07-24,2025-07-22,PA2,FedEx,1,1,14.65,2.1,0.0,16.75,shipmonk_estimate,USD
158837,6730403643702,Cattasaurus - shoproxstore - Shopify,direct_to_consumer,fulfilled,2025-07-22,2025-07-24,2025-07-22,NV3,OnTrac,1,1,10.91,1.8,0.0,12.71,shipmonk_estimate,USD
158838,6730404102454,Cattasaurus - shoproxstore - Shopify,direct_to_consumer,fulfilled,2025-07-22,2025-07-24,2025-07-22,NV3,OnTrac,1,1,15.9,1.8,0.0,17.7,shipmonk_estimate,USD
158839,6730405216566,Cattasaurus - shoproxstore - Shopify,direct_to_consumer,fulfilled,2025-07-22,2025-07-24,2025-07-22,NV3,FedEx,1,1,25.48,1.8,0.0,27.28,shipmonk_estimate,USD
158840,6730408165686,Cattasaurus - shoproxstore - Shopify,direct_to_consumer,fulfilled,2025-07-22,2025-07-23,2025-07-22,PA2,OnTrac,1,1,14.04,2.1,0.0,16.14,shipmonk_estimate,USD
158841,6730408984886,Cattasaurus - shoproxstore - Shopify,direct_to_consumer,fulfilled,2025-07-22,2025-07-24,2025-07-22,NV3,OnTrac,1,1,16.45,1.8,0.0,18.25,shipmonk_estimate,USD
158842,6730409312566,Cattasaurus - shoproxstore - Shopify,direct_to_consumer,fulfilled,2025-07-22,2025-07-24,2025-07-22,NV3,OnTrac,1,1,14.05,1.8,0.0,15.85,shipmonk_estimate,USD
158843,6730413048118,Cattasaurus - shoproxstore - Shopify,direct_to_consumer,fulfilled,2025-07-22,2025-07-25,2025-07-22,NV3,OnTrac,1,1,20.56,2.1,0.0,22.66,shipmonk_estimate,USD
158844,6730415898934,Cattasaurus - shoproxstore - Shopify,direct_to_consumer,fulfilled,2025-07-22,2025-07-30,2025-07-22,PA2,FedEx,1,1,13.28,1.8,0.0,15.08,shipmonk_estimate,USD
158845,6730419339574,Cattasaurus - shoproxstore - Shopify,direct_to_consumer,fulfilled,2025-07-22,2025-07-25,2025-07-22,NV3,OnTrac,1,1,11.72,2.1,0.0,13.82,shipmonk_estimate,USD
158846,6730422583606,Cattasaurus - shoproxstore - Shopify,direct_to_consumer,fulfilled,2025-07-22,2025-07-25,2025-07-22,NV3,OnTrac,1,1,12.12,2.4,0.0,14.52,shipmonk_estimate,USD
158847,6730422878518,Cattasaurus - shoproxstore - Shopify,direct_to_consumer,fulfilled,2025-07-22,2025-07-24,2025-07-22,PA2,OnTrac,1,1,12.74,2.1,0.0,14.84,shipmonk_estimate,USD
158848,6730423271734,Cattasaurus - shoproxstore - Shopify,direct_to_consumer,fulfilled,2025-07-22,2025-07-24,2025-07-22,NV3,OnTrac,1,1,15.6,1.8,0.0,17.4,shipmonk_estimate,USD
158849,6730424451382,Cattasaurus - shoproxstore - Shopify,direct_to_consumer,fulfilled,2025-07-22,2025-07-30,2025-07-22,PA2,OnTrac,1,1,11.72,1.8,0.0,13.52,shipmonk_estimate,USD
158850,6730434281782,Cattasaurus - shoproxstore - Shopify,direct_to_consumer,fulfilled,2025-07-22,2025-07-24,2025-07-22,NV3,FedEx,1,1,20.2,1.8,0.0,22.0,shipmonk_estimate,USD
158851,6730438246710,Cattasaurus - shoproxstore - Shopify,direct_to_consumer,fulfilled,2025-07-22,2025-07-25,2025-07-22,NV3,OnTrac,1,1,11.72,1.8,0.0,13.52,shipmonk_estimate,USD
158852,6730438213942,Cattasaurus - shoproxstore - Shopify,direct_to_consumer,fulfilled,2025-07-22,2025-07-30,2025-07-22,PA2,OnTrac,1,1,11.53,1.8,0.0,13.33,shipmonk_estimate,USD
158853,6730440835382,Cattasaurus - shoproxstore - Shopify,direct_to_consumer,fulfilled,2025-07-22,2025-07-25,2025-07-22,NV3,FedEx,1,1,15.9,1.8,0.0,17.7,shipmonk_estimate,USD
158854,6730441818422,Cattasaurus - shoproxstore - Shopify,direct_to_consumer,fulfilled,2025-07-22,2025-07-25,2025-07-22,NV3,OnTrac,1,1,12.74,2.1,0.0,14.84,shipmonk_estimate,USD
158855,6730441916726,Cattasaurus - shoproxstore - Shopify,direct_to_consumer,fulfilled,2025-07-22,2025-07-30,2025-07-22,PA2,OnTrac,1,1,12.37,1.8,0.0,14.17,shipmonk_estimate,USD
158856,6730442047798,Cattasaurus - shoproxstore - Shopify,direct_to_consumer,fulfilled,2025-07-22,2025-07-24,2025-07-22,NV3,OnTrac,1,1,18.73,1.8,0.0,20.53,shipmonk_estimate,USD
158857,6730442703158,Cattasaurus - shoproxstore - Shopify,direct_to_consumer,fulfilled,2025-07-22,2025-08-14,2025-07-22,PA2,FedEx,1,2,30.32,3.6,0.0,33.92,shipmonk_estimate,USD
158858,6730443456822,Cattasaurus - shoproxstore - Shopify,direct_to_consumer,fulfilled,2025-07-22,2025-07-30,2025-07-22,PA2,OnTrac,1,1,15.9,1.8,0.0,17.7,shipmonk_estimate,USD
158859,6730449551670,Cattasaurus - shoproxstore - Shopify,direct_to_consumer,fulfilled,2025-07-22,2025-07-25,2025-07-22,NV3,OnTrac,1,1,15.9,2.1,0.0,18.0,shipmonk_estimate,USD
158860,6730451222838,Cattasaurus - shoproxstore - Shopify,direct_to_consumer,fulfilled,2025-07-22,2025-07-24,2025-07-22,PA2,FedEx,1,1,16.45,2.1,0.0,18.55,shipmonk_estimate,USD
158861,6730457383222,Cattasaurus - shoproxstore - Shopify,direct_to_consumer,fulfilled,2025-07-22,2025-07-24,2025-07-22,NV3,OnTrac,1,1,11.53,1.8,0.0,13.33,shipmonk_estimate,USD
158862,6730459906358,Cattasaurus - shoproxstore - Shopify,direct_to_consumer,fulfilled,2025-07-22,2025-07-24,2025-07-22,NV3,OnTrac,1,1,27.04,1.8,0.0,28.84,shipmonk_estimate,USD
158863,6730463772982,Cattasaurus - shoproxstore - Shopify,direct_to_consumer,fulfilled,2025-07-22,2025-07-25,2025-07-22,NV3,OnTrac,1,1,14.05,2.1,0.0,16.15,shipmonk_estimate,USD
158864,6730467672374,Cattasaurus - shoproxstore - Shopify,direct_to_consumer,fulfilled,2025-07-22,2025-08-09,2025-07-22,PA2,UPS,1,1,12.42,1.8,0.0,14.22,shipmonk_estimate,USD
158865,6730469146934,Cattasaurus - shoproxstore - Shopify,direct_to_consumer,fulfilled,2025-07-22,2025-07-24,2025-07-22,NV3,OnTrac,1,1,14.05,1.8,0.0,15.85,shipmonk_estimate,USD
158866,6730469900598,Cattasaurus - shoproxstore - Shopify,direct_to_consumer,fulfilled,2025-07-22,2025-07-24,2025-07-22,NV3,OnTrac,1,1,16.45,1.8,0.0,18.25,shipmonk_estimate,USD
158867,6730472980790,Cattasaurus - shoproxstore - Shopify,direct_to_consumer,fulfilled,2025-07-22,2025-07-24,2025-07-22,NV3,OnTrac,1,1,11.53,1.8,0.0,13.33,shipmonk_estimate,USD
158868,6730484744502,Cattasaurus - shoproxstore - Shopify,direct_to_consumer,fulfilled,2025-07-22,2025-07-25,2025-07-22,NV3,OnTrac,1,1,11.72,1.8,0.0,13.52,shipmonk_estimate,USD
158869,6730487955766,Cattasaurus - shoproxstore - Shopify,direct_to_consumer,fulfilled,2025-07-22,2025-07-24,2025-07-22,NV3,FedEx,1,1,21.76,1.8,0.0,23.56,shipmonk_estimate,USD
158870,6730496770358,Cattasaurus - shoproxstore - Shopify,direct_to_consumer,fulfilled,2025-07-22,2025-07-30,2025-07-22,PA2,OnTrac,1,1,10.81,1.8,0.0,12.61,shipmonk_estimate,USD
158871,6730499064118,Cattasaurus - shoproxstore - Shopify,direct_to_consumer,fulfilled,2025-07-22,2025-07-29,2025-07-22,PA2,FedEx,1,1,13.68,1.8,0.0,15.48,shipmonk_estimate,USD
158872,6730501980470,Cattasaurus - shoproxstore - Shopify,direct_to_consumer,fulfilled,2025-07-22,2025-07-24,2025-07-22,NV3,OnTrac,1,1,14.3,1.8,0.0,16.1,shipmonk_estimate,USD
158873,6730514170166,Cattasaurus - shoproxstore - Shopify,direct_to_consumer,fulfilled,2025-07-22,2025-07-24,2025-07-22,NV3,OnTrac,1,1,13.28,1.8,0.0,15.08,shipmonk_estimate,USD
158874,6730516726070,Cattasaurus - shoproxstore - Shopify,direct_to_consumer,fulfilled,2025-07-22,2025-07-25,2025-07-22,NV3,OnTrac,1,1,15.9,2.1,0.0,18.0,shipmonk_estimate,USD
158875,6730517086518,Cattasaurus - shoproxstore - Shopify,direct_to_consumer,fulfilled,2025-07-22,2025-07-24,2025-07-22,PA2,OnTrac,1,1,10.91,2.1,0.0,13.01,shipmonk_estimate,USD
158877,6730530586934,Cattasaurus - shoproxstore - Shopify,direct_to_consumer,fulfilled,2025-07-22,2025-07-30,2025-07-22,PA2,UPS,1,1,11.72,1.8,0.0,13.52,shipmonk_estimate,USD
158879,6730536288566,Cattasaurus - shoproxstore - Shopify,direct_to_consumer,fulfilled,2025-07-22,2025-07-30,2025-07-22,PA2,UPS,1,1,15.6,1.8,0.0,17.4,shipmonk_estimate,USD
158880,6730539008310,Cattasaurus - shoproxstore - Shopify,direct_to_consumer,fulfilled,2025-07-22,2025-07-24,2025-07-22,NV3,OnTrac,1,1,27.04,1.8,0.0,28.84,shipmonk_estimate,USD
158882,6730547331382,Cattasaurus - shoproxstore - Shopify,direct_to_consumer,fulfilled,2025-07-22,2025-07-24,2025-07-22,NV3,OnTrac,1,1,11.72,1.8,0.0,13.52,shipmonk_estimate,USD
158883,6730554212662,Cattasaurus - shoproxstore - Shopify,direct_to_consumer,fulfilled,2025-07-22,2025-07-25,2025-07-22,NV3,OnTrac,1,1,13.28,2.1,0.0,15.38,shipmonk_estimate,USD
158884,6730555457846,Cattasaurus - shoproxstore - Shopify,direct_to_consumer,fulfilled,2025-07-22,2025-07-24,2025-07-22,NV3,OnTrac,1,1,15.6,1.8,0.0,17.4,shipmonk_estimate,USD
158885,6730557260086,Cattasaurus - shoproxstore - Shopify,direct_to_consumer,fulfilled,2025-07-22,2025-07-25,2025-07-22,NV3,FedEx,1,1,20.56,2.1,0.0,22.66,shipmonk_estimate,USD
158886,6730557587766,Cattasaurus - shoproxstore - Shopify,direct_to_consumer,fulfilled,2025-07-22,2025-07-24,2025-07-22,NV3,OnTrac,1,1,14.04,1.8,0.0,15.84,shipmonk_estimate,USD
158887,6730571317558,Cattasaurus - shoproxstore - Shopify,direct_to_consumer,fulfilled,2025-07-22,2025-07-25,2025-07-22,NV3,OnTrac,1,1,14.04,1.8,0.0,15.84,shipmonk_estimate,USD
158888,6730574692662,Cattasaurus - shoproxstore - Shopify,direct_to_consumer,fulfilled,2025-07-22,2025-07-25,2025-07-22,NV3,FedEx,1,1,20.56,2.1,0.0,22.66,shipmonk_estimate,USD
158889,6730574856502,Cattasaurus - shoproxstore - Shopify,direct_to_consumer,fulfilled,2025-07-22,2025-07-24,2025-07-22,NV3,USPS,1,1,11.81,1.8,0.0,13.61,shipmonk_estimate,USD
158890,6730576494902,Cattasaurus - shoproxstore - Shopify,direct_to_consumer,fulfilled,2025-07-22,2025-07-30,2025-07-22,PA2,OnTrac,1,1,11.53,1.8,0.0,13.33,shipmonk_estimate,USD
158891,6730578329910,Cattasaurus - shoproxstore - Shopify,direct_to_consumer,fulfilled,2025-07-22,2025-07-24,2025-07-22,NV3,OnTrac,1,1,14.04,1.8,0.0,15.84,shipmonk_estimate,USD
158892,6730586784054,Cattasaurus - shoproxstore - Shopify,direct_to_consumer,fulfilled,2025-07-22,2025-07-30,2025-07-22,PA2,OnTrac,1,1,15.9,1.8,0.0,17.7,shipmonk_estimate,USD
158894,6730617356598,Cattasaurus - shoproxstore - Shopify,direct_to_consumer,fulfilled,2025-07-22,2025-07-25,2025-07-22,NV3,OnTrac,1,1,14.05,2.1,0.0,16.15,shipmonk_estimate,USD
158895,6730620469558,Cattasaurus - shoproxstore - Shopify,direct_to_consumer,fulfilled,2025-07-22,2025-07-25,2025-07-22,NV3,FedEx,1,1,20.29,2.1,0.0,22.39,shipmonk_estimate,USD
158896,6730622107958,Cattasaurus - shoproxstore - Shopify,direct_to_consumer,fulfilled,2025-07-22,2025-07-25,2025-07-22,NV3,OnTrac,1,1,11.53,2.1,0.0,13.63,shipmonk_estimate,USD
158897,6730622402870,Cattasaurus - shoproxstore - Shopify,direct_to_consumer,fulfilled,2025-07-22,2025-07-24,2025-07-22,NV3,OnTrac,1,1,18.73,1.8,0.0,20.53,shipmonk_estimate,USD
158898,6730626400566,Cattasaurus - shoproxstore - Shopify,direct_to_consumer,fulfilled,2025-07-22,2025-07-24,2025-07-22,NV3,OnTrac,1,1,0.0,1.8,0.0,1.8,shipmonk_estimate,USD
158899,6730627055926,Cattasaurus - shoproxstore - Shopify,direct_to_consumer,fulfilled,2025-07-22,2025-07-24,2025-07-22,NV3,OnTrac,1,1,11.72,1.8,0.0,13.52,shipmonk_estimate,USD
158900,6730627449142,Cattasaurus - shoproxstore - Shopify,direct_to_consumer,fulfilled,2025-07-22,2025-07-25,2025-07-22,NV3,OnTrac,1,1,14.3,2.1,0.0,16.4,shipmonk_estimate,USD
158902,6730639442230,Cattasaurus - shoproxstore - Shopify,direct_to_consumer,fulfilled,2025-07-22,2025-07-24,2025-07-22,NV3,OnTrac,1,1,11.53,1.8,0.0,13.33,shipmonk_estimate,USD
158903,6730644193590,Cattasaurus - shoproxstore - Shopify,direct_to_consumer,fulfilled,2025-07-22,2025-07-24,2025-07-22,NV3,FedEx,1,1,24.43,2.1,0.0,26.53,shipmonk_estimate,USD
158904,6730645569846,Cattasaurus - shoproxstore - Shopify,direct_to_consumer,fulfilled,2025-07-22,2025-07-30,2025-07-22,PA2,OnTrac,1,1,11.53,1.8,0.0,13.33,shipmonk_estimate,USD
158905,6730650943798,Cattasaurus - shoproxstore - Shopify,direct_to_consumer,fulfilled,2025-07-22,2025-07-24,2025-07-22,PA2,OnTrac,1,1,12.74,1.8,0.0,14.54,shipmonk_estimate,USD
158906,6730655596854,Cattasaurus - shoproxstore - Shopify,direct_to_consumer,fulfilled,2025-07-22,2025-07-24,2025-07-22,PA2,OnTrac,1,1,14.04,1.8,0.0,15.84,shipmonk_estimate,USD
158907,6730659594550,Cattasaurus - shoproxstore - Shopify,direct_to_consumer,fulfilled,2025-07-22,2025-07-24,2025-07-22,NV3,OnTrac,1,1,14.04,1.8,0.0,15.84,shipmonk_estimate,USD
158909,6730662838582,Cattasaurus - shoproxstore - Shopify,direct_to_consumer,fulfilled,2025-07-22,2025-07-30,2025-07-22,PA2,UPS,1,1,13.09,1.8,0.0,14.89,shipmonk_estimate,USD
158910,6730668441910,Cattasaurus - shoproxstore - Shopify,direct_to_consumer,fulfilled,2025-07-22,2025-07-24,2025-07-22,NV3,OnTrac,1,1,15.9,1.8,0.0,17.7,shipmonk_estimate,USD
158911,6730671980854,Cattasaurus - shoproxstore - Shopify,direct_to_consumer,fulfilled,2025-07-22,2025-07-24,2025-07-22,NV3,FedEx,1,1,24.43,2.1,0.0,26.53,shipmonk_estimate,USD
158912,6730678829366,Cattasaurus - shoproxstore - Shopify,direct_to_consumer,fulfilled,2025-07-22,2025-07-24,2025-07-22,NV3,FedEx,1,1,20.2,1.8,0.0,22.0,shipmonk_estimate,USD
158913,6730683941174,Cattasaurus - shoproxstore - Shopify,direct_to_consumer,fulfilled,2025-07-22,2025-07-24,2025-07-22,NV3,OnTrac,1,1,11.53,1.8,0.0,13.33,shipmonk_estimate,USD
158914,6730690330934,Cattasaurus - shoproxstore - Shopify,direct_to_consumer,fulfilled,2025-07-22,2025-07-25,2025-07-22,NV3,OnTrac,1,1,15.6,2.1,0.0,17.7,shipmonk_estimate,USD
158916,6730701963574,Cattasaurus - shoproxstore - Shopify,direct_to_consumer,fulfilled,2025-07-22,2025-07-24,2025-07-22,NV3,OnTrac,1,1,14.04,1.8,0.0,15.84,shipmonk_estimate,USD
158917,6730707599670,Cattasaurus - shoproxstore - Shopify,direct_to_consumer,fulfilled,2025-07-22,2025-07-24,2025-07-22,NV3,OnTrac,1,1,11.53,1.8,0.0,13.33,shipmonk_estimate,USD
158918,6730708615478,Cattasaurus - shoproxstore - Shopify,direct_to_consumer,fulfilled,2025-07-22,2025-07-25,2025-07-22,NV3,OnTrac,1,1,14.04,1.8,0.0,15.84,shipmonk_estimate,USD
158919,6730709696822,Cattasaurus - shoproxstore - Shopify,direct_to_consumer,fulfilled,2025-07-22,2025-07-30,2025-07-22,PA2,UPS,1,1,15.6,1.8,0.0,17.4,shipmonk_estimate,USD
158920,6730712777014,Cattasaurus - shoproxstore - Shopify,direct_to_consumer,fulfilled,2025-07-22,2025-07-24,2025-07-22,NV3,UPS,1,1,17.46,1.8,0.0,19.26,shipmonk_estimate,USD
158921,6730715791670,Cattasaurus - shoproxstore - Shopify,direct_to_consumer,fulfilled,2025-07-22,2025-07-24,2025-07-22,NV3,OnTrac,1,1,13.28,1.8,0.0,15.08,shipmonk_estimate,USD
158922,6730719920438,Cattasaurus - shoproxstore - Shopify,direct_to_consumer,fulfilled,2025-07-22,2025-07-30,2025-07-22,PA2,OnTrac,1,1,11.53,1.8,0.0,13.33,shipmonk_estimate,USD
158923,6730724835638,Cattasaurus - shoproxstore - Shopify,direct_to_consumer,fulfilled,2025-07-22,2025-07-24,2025-07-22,NV3,FedEx,1,1,20.2,1.8,0.0,22.0,shipmonk_estimate,USD
158924,6730735518006,Cattasaurus - shoproxstore - Shopify,direct_to_consumer,fulfilled,2025-07-22,2025-07-25,2025-07-22,NV3,OnTrac,1,1,14.04,2.1,0.0,16.14,shipmonk_estimate,USD
158925,6730738041142,Cattasaurus - shoproxstore - Shopify,direct_to_consumer,fulfilled,2025-07-22,2025-07-24,2025-07-22,NV3,UPS,1,1,17.46,1.8,0.0,19.26,shipmonk_estimate,USD
158926,6730753966390,Cattasaurus - shoproxstore - Shopify,direct_to_consumer,fulfilled,2025-07-22,2025-07-24,2025-07-22,PA2,OnTrac,1,1,12.47,2.1,0.0,14.57,shipmonk_estimate,USD
158927,6730759012662,Cattasaurus - shoproxstore - Shopify,direct_to_consumer,fulfilled,2025-07-22,2025-07-30,2025-07-22,PA2,OnTrac,1,1,14.04,1.8,0.0,15.84,shipmonk_estimate,USD
158929,6730761142582,Cattasaurus - shoproxstore - Shopify,direct_to_consumer,fulfilled,2025-07-22,2025-07-24,2025-07-22,NV3,OnTrac,1,1,23.2,1.8,0.0,25.0,shipmonk_estimate,USD
158930,6730761404726,Cattasaurus - shoproxstore - Shopify,direct_to_consumer,fulfilled,2025-07-22,2025-07-30,2025-07-22,PA2,FedEx,1,1,15.6,1.8,0.0,17.4,shipmonk_estimate,USD
158931,6730766680374,Cattasaurus - shoproxstore - Shopify,direct_to_consumer,fulfilled,2025-07-22,2025-07-24,2025-07-22,NV3,OnTrac,1,1,14.04,1.8,0.0,15.84,shipmonk_estimate,USD
158932,6730767860022,Cattasaurus - shoproxstore - Shopify,direct_to_consumer,fulfilled,2025-07-22,2025-07-24,2025-07-22,NV3,UPS,1,1,15.6,1.8,0.0,17.4,shipmonk_estimate,USD
158933,6730768384310,Cattasaurus - shoproxstore - Shopify,direct_to_consumer,fulfilled,2025-07-22,2025-07-24,2025-07-22,NV3,OnTrac,1,1,12.74,1.8,0.0,14.54,shipmonk_estimate,USD
158934,6730768417078,Cattasaurus - shoproxstore - Shopify,direct_to_consumer,fulfilled,2025-07-22,2025-07-25,2025-07-22,NV3,OnTrac,1,1,11.72,1.8,0.0,13.52,shipmonk_estimate,USD
158935,6730770710838,Cattasaurus - shoproxstore - Shopify,direct_to_consumer,fulfilled,2025-07-22,2025-07-25,2025-07-22,NV3,OnTrac,1,1,15.61,1.8,0.0,17.41,shipmonk_estimate,USD
158936,6730776445238,Cattasaurus - shoproxstore - Shopify,direct_to_consumer,fulfilled,2025-07-22,2025-07-30,2025-07-22,PA2,OnTrac,1,1,10.81,1.8,0.0,12.61,shipmonk_estimate,USD
158937,6730784342326,Cattasaurus - shoproxstore - Shopify,direct_to_consumer,fulfilled,2025-07-22,2025-07-24,2025-07-22,PA2,UPS,1,1,12.47,2.1,0.0,14.57,shipmonk_estimate,USD
158939,6730792763702,Cattasaurus - shoproxstore - Shopify,direct_to_consumer,fulfilled,2025-07-22,2025-07-24,2025-07-22,NV3,UPS,1,1,15.6,1.8,0.0,17.4,shipmonk_estimate,USD
158940,6730799939894,Cattasaurus - shoproxstore - Shopify,direct_to_consumer,fulfilled,2025-07-22,2025-07-24,2025-07-22,PA2,OnTrac,1,1,14.05,2.1,0.0,16.15,shipmonk_estimate,USD
158941,6730804691254,Cattasaurus - shoproxstore - Shopify,direct_to_consumer,fulfilled,2025-07-22,2025-07-24,2025-07-22,PA2,OnTrac,1,1,16.45,1.8,0.0,18.25,shipmonk_estimate,USD
158943,6730806886710,Cattasaurus - shoproxstore - Shopify,direct_to_consumer,fulfilled,2025-07-22,2025-07-24,2025-07-22,NV3,OnTrac,1,1,14.04,1.8,0.0,15.84,shipmonk_estimate,USD
158944,6730807509302,Cattasaurus - shoproxstore - Shopify,direct_to_consumer,fulfilled,2025-07-22,2025-07-25,2025-07-22,NV3,OnTrac,1,1,11.53,2.1,0.0,13.63,shipmonk_estimate,USD
158945,6730807804214,Cattasaurus - shoproxstore - Shopify,direct_to_consumer,fulfilled,2025-07-22,2025-07-25,2025-07-22,NV3,FedEx,1,1,15.9,2.1,0.0,18.0,shipmonk_estimate,USD
158946,6730810065206,Cattasaurus - shoproxstore - Shopify,direct_to_consumer,fulfilled,2025-07-22,2025-07-30,2025-07-22,PA2,OnTrac,1,1,11.72,1.8,0.0,13.52,shipmonk_estimate,USD
158948,6730812752182,Cattasaurus - shoproxstore - Shopify,direct_to_consumer,fulfilled,2025-07-22,2025-07-24,2025-07-22,NV3,OnTrac,1,1,14.05,1.8,0.0,15.85,shipmonk_estimate,USD
158949,6730815373622,Cattasaurus - shoproxstore - Shopify,direct_to_consumer,fulfilled,2025-07-22,2025-07-25,2025-07-22,NV3,FedEx,1,1,18.73,1.8,0.0,20.53,shipmonk_estimate,USD
158950,6730815963446,Cattasaurus - shoproxstore - Shopify,direct_to_consumer,fulfilled,2025-07-22,2025-07-30,2025-07-22,PA2,OnTrac,1,1,11.72,1.8,0.0,13.52,shipmonk_estimate,USD
158951,6730816651574,Cattasaurus - shoproxstore - Shopify,direct_to_consumer,fulfilled,2025-07-22,2025-07-28,2025-07-22,NV3,OnTrac,1,1,16.45,1.8,0.0,18.25,shipmonk_estimate,USD
158952,6730820878646,Cattasaurus - shoproxstore - Shopify,direct_to_consumer,fulfilled,2025-07-22,2025-07-24,2025-07-22,PA2,FedEx,1,1,15.61,2.1,0.0,17.71,shipmonk_estimate,USD
158953,6730825990454,Cattasaurus - shoproxstore - Shopify,direct_to_consumer,fulfilled,2025-07-22,2025-07-30,2025-07-22,PA2,OnTrac,1,1,11.72,1.8,0.0,13.52,shipmonk_estimate,USD
158954,6730837918006,Cattasaurus - shoproxstore - Shopify,direct_to_consumer,fulfilled,2025-07-22,2025-07-24,2025-07-22,PA2,FedEx,1,1,15.61,2.1,0.0,17.71,shipmonk_estimate,USD
158956,6730848043318,Cattasaurus - shoproxstore - Shopify,direct_to_consumer,fulfilled,2025-07-22,2025-07-24,2025-07-22,NV3,OnTrac,1,1,15.9,1.8,0.0,17.7,shipmonk_estimate,USD
158957,6730856857910,Cattasaurus - shoproxstore - Shopify,direct_to_consumer,fulfilled,2025-07-22,2025-08-03,2025-07-22,PA2,FedEx,1,1,21.76,2.4,0.0,24.16,shipmonk_estimate,USD
158958,6730857021750,Cattasaurus - shoproxstore - Shopify,direct_to_consumer,fulfilled,2025-07-22,2025-07-30,2025-07-22,PA2,OnTrac,1,1,11.53,1.8,0.0,13.33,shipmonk_estimate,USD
158959,6730859348278,Cattasaurus - shoproxstore - Shopify,direct_to_consumer,fulfilled,2025-07-22,2025-07-24,2025-07-22,NV3,OnTrac,1,1,11.72,1.8,0.0,13.52,shipmonk_estimate,USD
158960,6730861412662,Cattasaurus - shoproxstore - Shopify,direct_to_consumer,fulfilled,2025-07-22,2025-07-24,2025-07-22,NV3,OnTrac,1,1,18.73,1.8,0.0,20.53,shipmonk_estimate,USD
158961,6730866164022,Cattasaurus - shoproxstore - Shopify,direct_to_consumer,fulfilled,2025-07-22,2025-08-03,2025-07-22,PA2,FedEx,1,1,14.65,2.4,0.0,17.05,shipmonk_estimate,USD
158962,6730867081526,Cattasaurus - shoproxstore - Shopify,direct_to_consumer,fulfilled,2025-07-22,2025-07-30,2025-07-22,PA2,OnTrac,1,1,12.37,1.8,0.0,14.17,shipmonk_estimate,USD
158963,6730875666742,Cattasaurus - shoproxstore - Shopify,direct_to_consumer,fulfilled,2025-07-22,2025-07-28,2025-07-22,NV3,OnTrac,1,1,18.01,1.8,0.0,19.81,shipmonk_estimate,USD
158964,6730875699510,Cattasaurus - shoproxstore - Shopify,direct_to_consumer,fulfilled,2025-07-22,2025-07-24,2025-07-22,NV3,OnTrac,1,1,16.45,1.8,0.0,18.25,shipmonk_estimate,USD
158965,6730876322102,Cattasaurus - shoproxstore - Shopify,direct_to_consumer,fulfilled,2025-07-22,2025-07-28,2025-07-22,NV3,OnTrac,1,1,11.53,2.1,0.0,13.63,shipmonk_estimate,USD
158966,6730877763894,Cattasaurus - shoproxstore - Shopify,direct_to_consumer,fulfilled,2025-07-22,2025-07-24,2025-07-22,NV3,OnTrac,1,1,14.05,1.8,0.0,15.85,shipmonk_estimate,USD
158967,6730879369526,Cattasaurus - shoproxstore - Shopify,direct_to_consumer,fulfilled,2025-07-22,2025-07-28,2025-07-22,NV3,OnTrac,1,1,27.04,1.8,0.0,28.84,shipmonk_estimate,USD
158969,6730883662134,Cattasaurus - shoproxstore - Shopify,direct_to_consumer,fulfilled,2025-07-22,2025-07-30,2025-07-22,PA2,FedEx,1,1,11.72,1.8,0.0,13.52,shipmonk_estimate,USD
158970,6730884579638,Cattasaurus - shoproxstore - Shopify,direct_to_consumer,fulfilled,2025-07-22,2025-07-30,2025-07-22,PA2,FedEx,1,1,14.04,1.8,0.0,15.84,shipmonk_estimate,USD
158971,6730886447414,Cattasaurus - shoproxstore - Shopify,direct_to_consumer,fulfilled,2025-07-22,2025-07-25,2025-07-22,NV3,OnTrac,1,1,23.2,1.8,0.0,25.0,shipmonk_estimate,USD
158973,6730889232694,Cattasaurus - shoproxstore - Shopify,direct_to_consumer,fulfilled,2025-07-22,2025-07-25,2025-07-22,NV3,OnTrac,1,1,20.2,1.8,0.0,22.0,shipmonk_estimate,USD
158974,6730889330998,Cattasaurus - shoproxstore - Shopify,direct_to_consumer,fulfilled,2025-07-22,2025-07-24,2025-07-22,NV3,OnTrac,1,1,16.45,1.8,0.0,18.25,shipmonk_estimate,USD
158975,6730891854134,Cattasaurus - shoproxstore - Shopify,direct_to_consumer,fulfilled,2025-07-22,2025-07-28,2025-07-22,NV3,FedEx,1,1,20.2,1.8,0.0,22.0,shipmonk_estimate,USD
158976,6730892771638,Cattasaurus - shoproxstore - Shopify,direct_to_consumer,fulfilled,2025-07-22,2025-07-30,2025-07-22,PA2,OnTrac,1,1,11.72,1.8,0.0,13.52,shipmonk_estimate,USD
158978,6730906173750,Cattasaurus - shoproxstore - Shopify,direct_to_consumer,fulfilled,2025-07-22,2025-08-03,2025-07-22,PA2,OnTrac,1,1,16.45,2.4,0.0,18.85,shipmonk_estimate,USD
158979,6730909810998,Cattasaurus - shoproxstore - Shopify,direct_to_consumer,fulfilled,2025-07-22,2025-07-30,2025-07-22,PA2,OnTrac,1,1,14.04,1.8,0.0,15.84,shipmonk_estimate,USD
158980,6730911351094,Cattasaurus - shoproxstore - Shopify,direct_to_consumer,fulfilled,2025-07-22,2025-07-30,2025-07-22,PA2,OnTrac,1,1,13.09,1.8,0.0,14.89,shipmonk_estimate,USD
158982,6730915873078,Cattasaurus - shoproxstore - Shopify,direct_to_consumer,fulfilled,2025-07-22,2025-07-30,2025-07-22,PA2,OnTrac,1,1,11.53,1.8,0.0,13.33,shipmonk_estimate,USD
158983,6730919346486,Cattasaurus - shoproxstore - Shopify,direct_to_consumer,fulfilled,2025-07-22,2025-07-24,2025-07-22,NV3,OnTrac,1,1,13.28,1.8,0.0,15.08,shipmonk_estimate,USD
158984,6730919444790,Cattasaurus - shoproxstore - Shopify,direct_to_consumer,fulfilled,2025-07-22,2025-07-30,2025-07-22,PA2,UPS,1,1,13.28,1.8,0.0,15.08,shipmonk_estimate,USD
158985,6730920886582,Cattasaurus - shoproxstore - Shopify,direct_to_consumer,fulfilled,2025-07-22,2025-07-30,2025-07-22,PA2,OnTrac,1,1,15.6,1.8,0.0,17.4,shipmonk_estimate,USD
158986,6730922557750,Cattasaurus - shoproxstore - Shopify,direct_to_consumer,fulfilled,2025-07-22,2025-07-30,2025-07-22,PA2,FedEx,1,1,14.04,1.8,0.0,15.84,shipmonk_estimate,USD
158987,6730928718134,Cattasaurus - shoproxstore - Shopify,direct_to_consumer,fulfilled,2025-07-22,2025-07-25,2025-07-22,NV3,OnTrac,1,1,28.6,1.8,0.0,30.4,shipmonk_estimate,USD
158988,6730928783670,Cattasaurus - shoproxstore - Shopify,direct_to_consumer,fulfilled,2025-07-22,2025-07-30,2025-07-22,PA2,OnTrac,1,1,17.46,1.8,0.0,19.26,shipmonk_estimate,USD
158989,6730929439030,Cattasaurus - shoproxstore - Shopify,direct_to_consumer,fulfilled,2025-07-22,2025-08-03,2025-07-22,PA2,OnTrac,1,1,11.53,2.1,0.0,13.63,shipmonk_estimate,USD
158990,6730936680758,Cattasaurus - shoproxstore - Shopify,direct_to_consumer,fulfilled,2025-07-22,2025-08-03,2025-07-22,PA2,FedEx,1,1,15.61,2.1,0.0,17.71,shipmonk_estimate,USD
158991,6730945134902,Cattasaurus - shoproxstore - Shopify,direct_to_consumer,fulfilled,2025-07-22,2025-07-30,2025-07-22,PA2,UPS,1,1,15.6,1.8,0.0,17.4,shipmonk_estimate,USD
158992,6730947592502,Cattasaurus - shoproxstore - Shopify,direct_to_consumer,fulfilled,2025-07-22,2025-07-30,2025-07-22,PA2,OnTrac,1,1,13.09,1.8,0.0,14.89,shipmonk_estimate,USD
158993,6730949755190,Cattasaurus - shoproxstore - Shopify,direct_to_consumer,fulfilled,2025-07-22,2025-07-28,2025-07-22,NV3,OnTrac,1,1,11.53,1.8,0.0,13.33,shipmonk_estimate,USD
158995,6730955653430,Cattasaurus - shoproxstore - Shopify,direct_to_consumer,fulfilled,2025-07-22,2025-07-24,2025-07-22,NV3,OnTrac,1,1,11.72,1.8,0.0,13.52,shipmonk_estimate,USD
158996,6730959552822,Cattasaurus - shoproxstore - Shopify,direct_to_consumer,fulfilled,2025-07-22,2025-07-30,2025-07-22,PA2,OnTrac,1,1,11.72,1.8,0.0,13.52,shipmonk_estimate,USD
158998,6730975150390,Cattasaurus - shoproxstore - Shopify,direct_to_consumer,fulfilled,2025-07-22,2025-07-24,2025-07-22,NV3,OnTrac,1,1,15.9,1.8,0.0,17.7,shipmonk_estimate,USD
158999,6730978394422,Cattasaurus - shoproxstore - Shopify,direct_to_consumer,fulfilled,2025-07-22,2025-07-24,2025-07-22,NV3,OnTrac,1,1,17.46,1.8,0.0,19.26,shipmonk_estimate,USD
159000,6730980196662,Cattasaurus - shoproxstore - Shopify,direct_to_consumer,fulfilled,2025-07-22,2025-07-24,2025-07-22,NV3,OnTrac,1,1,15.9,1.8,0.0,17.7,shipmonk_estimate,USD
159001,6730981605686,Cattasaurus - shoproxstore - Shopify,direct_to_consumer,fulfilled,2025-07-22,2025-08-08,2025-07-22,PA2,FedEx,2,1,19.4,2.1,0.0,21.5,shipmonk_estimate,USD
159002,6730983145782,Cattasaurus - shoproxstore - Shopify,direct_to_consumer,fulfilled,2025-07-22,2025-07-28,2025-07-22,NV3,FedEx,2,1,23.69,2.1,0.0,25.79,shipmonk_estimate,USD
159003,6730987241782,Cattasaurus - shoproxstore - Shopify,direct_to_consumer,fulfilled,2025-07-22,2025-07-30,2025-07-22,PA2,OnTrac,1,1,11.53,1.8,0.0,13.33,shipmonk_estimate,USD
159004,6730998776118,Cattasaurus - shoproxstore - Shopify,direct_to_consumer,fulfilled,2025-07-22,2025-07-30,2025-07-22,PA2,OnTrac,1,1,11.72,1.8,0.0,13.52,shipmonk_estimate,USD
159005,6731000217910,Cattasaurus - shoproxstore - Shopify,direct_to_consumer,fulfilled,2025-07-22,2025-07-24,2025-07-22,NV3,OnTrac,1,1,15.9,1.8,0.0,17.7,shipmonk_estimate,USD
159006,6731026530614,Cattasaurus - shoproxstore - Shopify,direct_to_consumer,fulfilled,2025-07-22,2025-07-28,2025-07-22,NV3,FedEx,1,1,16.45,1.8,0.0,18.25,shipmonk_estimate,USD
159007,6731027185974,Cattasaurus - shoproxstore - Shopify,direct_to_consumer,fulfilled,2025-07-22,2025-07-25,2025-07-22,NV3,OnTrac,1,1,15.9,1.8,0.0,17.7,shipmonk_estimate,USD
159008,6731036786998,Cattasaurus - shoproxstore - Shopify,direct_to_consumer,fulfilled,2025-07-22,2025-07-30,2025-07-22,PA2,FedEx,1,1,14.04,1.8,0.0,15.84,shipmonk_estimate,USD
159009,6731037147446,Cattasaurus - shoproxstore - Shopify,direct_to_consumer,fulfilled,2025-07-22,2025-07-24,2025-07-22,NV3,OnTrac,1,1,11.72,1.8,0.0,13.52,shipmonk_estimate,USD
159010,6731041243446,Cattasaurus - shoproxstore - Shopify,direct_to_consumer,fulfilled,2025-07-22,2025-07-25,2025-07-22,NV3,UPS,1,1,17.46,1.8,0.0,19.26,shipmonk_estimate,USD
159012,6731059233078,Cattasaurus - shoproxstore - Shopify,direct_to_consumer,fulfilled,2025-07-22,2025-07-28,2025-07-22,NV3,OnTrac,1,1,15.9,2.1,0.0,18.0,shipmonk_estimate,USD
159013,6731063820598,Cattasaurus - shoproxstore - Shopify,direct_to_consumer,fulfilled,2025-07-22,2025-07-24,2025-07-22,PA2,FedEx,1,1,15.89,7.5,0.0,23.39,shipmonk_estimate,USD
159015,6731073126710,Cattasaurus - shoproxstore - Shopify,direct_to_consumer,fulfilled,2025-07-22,2025-07-28,2025-07-22,NV3,OnTrac,1,1,27.04,1.8,0.0,28.84,shipmonk_estimate,USD
159017,6731107205430,Cattasaurus - shoproxstore - Shopify,direct_to_consumer,fulfilled,2025-07-22,2025-07-24,2025-07-22,PA2,OnTrac,1,1,12.08,2.1,0.0,14.18,shipmonk_estimate,USD
159018,6731109695798,Cattasaurus - shoproxstore - Shopify,direct_to_consumer,fulfilled,2025-07-22,2025-07-25,2025-07-22,NV3,UPS,1,1,15.6,1.8,0.0,17.4,shipmonk_estimate,USD
159019,6731114316086,Cattasaurus - shoproxstore - Shopify,direct_to_consumer,fulfilled,2025-07-22,2025-07-24,2025-07-22,NV3,OnTrac,1,1,11.53,1.8,0.0,13.33,shipmonk_estimate,USD
159020,6731129880886,Cattasaurus - shoproxstore - Shopify,direct_to_consumer,fulfilled,2025-07-22,2025-07-28,2025-07-22,NV3,OnTrac,1,1,10.81,2.1,0.0,12.91,shipmonk_estimate,USD
159022,6731146854710,Cattasaurus - shoproxstore - Shopify,direct_to_consumer,fulfilled,2025-07-22,2025-07-30,2025-07-22,PA2,OnTrac,1,1,11.53,1.8,0.0,13.33,shipmonk_estimate,USD
159024,6731164811574,Cattasaurus - shoproxstore - Shopify,direct_to_consumer,fulfilled,2025-07-22,2025-07-28,2025-07-22,NV3,OnTrac,1,1,15.61,1.8,0.0,17.41,shipmonk_estimate,USD
159025,6731175166262,Cattasaurus - shoproxstore - Shopify,direct_to_consumer,fulfilled,2025-07-22,2025-07-25,2025-07-22,NV3,OnTrac,1,1,11.72,1.8,0.0,13.52,shipmonk_estimate,USD
159026,6731180441910,Cattasaurus - shoproxstore - Shopify,direct_to_consumer,fulfilled,2025-07-22,2025-07-30,2025-07-22,PA2,OnTrac,1,1,11.72,1.8,0.0,13.52,shipmonk_estimate,USD
159027,6731215962422,Cattasaurus - shoproxstore - Shopify,direct_to_consumer,fulfilled,2025-07-22,2025-07-24,2025-07-22,NV3,OnTrac,1,1,11.72,1.8,0.0,13.52,shipmonk_estimate,USD
159028,6731233722678,Cattasaurus - shoproxstore - Shopify,direct_to_consumer,fulfilled,2025-07-22,2025-07-24,2025-07-22,NV3,OnTrac,1,1,9.97,1.8,0.0,11.77,shipmonk_estimate,USD
159029,6731250172214,Cattasaurus - shoproxstore - Shopify,direct_to_consumer,fulfilled,2025-07-22,2025-07-28,2025-07-22,NV3,OnTrac,1,1,16.45,1.8,0.0,18.25,shipmonk_estimate,USD
159030,6731257577782,Cattasaurus - shoproxstore - Shopify,direct_to_consumer,fulfilled,2025-07-22,2025-07-28,2025-07-22,PA2,OnTrac,1,1,13.09,1.8,0.0,14.89,shipmonk_estimate,USD
112-9091383-7485820,112-9091383-7485820,Cattasaurus - Amazon USA,direct_to_consumer,fulfilled,2025-07-23,2025-07-23,2025-07-23,NV3,OnTrac,1,1,11.02,2.5,0.0,13.52,shipmonk_estimate,USD
153647-01,b7081010-aa74-4f31-9944-8b8592dc0f24,Cattasaurus - shoproxstore - Shopify,direct_to_consumer,fulfilled,2025-07-23,2025-07-24,2025-07-23,PA2,OnTrac,1,1,13.09,1.8,0.0,14.89,shipmonk_estimate,USD
159031,6731483709750,Cattasaurus - shoproxstore - Shopify,direct_to_consumer,fulfilled,2025-07-23,2025-08-03,2025-07-23,PA2,OnTrac,1,1,15.61,2.1,0.0,17.71,shipmonk_estimate,USD
159032,6731495211318,Cattasaurus - shoproxstore - Shopify,direct_to_consumer,fulfilled,2025-07-23,2025-07-30,2025-07-23,PA2,OnTrac,1,1,11.72,1.8,0.0,13.52,shipmonk_estimate,USD
159033,6731497406774,Cattasaurus - shoproxstore - Shopify,direct_to_consumer,fulfilled,2025-07-23,2025-07-30,2025-07-23,PA2,OnTrac,1,1,11.72,1.8,0.0,13.52,shipmonk_estimate,USD
159034,6731505566006,Cattasaurus - shoproxstore - Shopify,direct_to_consumer,fulfilled,2025-07-23,2025-07-30,2025-07-23,PA2,OnTrac,1,1,10.81,1.8,0.0,12.61,shipmonk_estimate,USD
159036,6731528798518,Cattasaurus - shoproxstore - Shopify,direct_to_consumer,fulfilled,2025-07-23,2025-07-28,2025-07-23,NV3,OnTrac,1,1,28.6,1.8,0.0,30.4,shipmonk_estimate,USD
159037,6731530993974,Cattasaurus - shoproxstore - Shopify,direct_to_consumer,fulfilled,2025-07-23,2025-08-03,2025-07-23,PA2,OnTrac,1,1,16.21,2.4,0.0,18.61,shipmonk_estimate,USD
159040,6731542102326,Cattasaurus - shoproxstore - Shopify,direct_to_consumer,fulfilled,2025-07-23,2025-08-06,2025-07-23,PA2,FedEx,1,1,16.52,1.8,0.0,18.32,shipmonk_estimate,USD
159041,6731542200630,Cattasaurus - shoproxstore - Shopify,direct_to_consumer,fulfilled,2025-07-23,2025-07-28,2025-07-23,NV3,OnTrac,1,1,14.3,1.8,0.0,16.1,shipmonk_estimate,USD
159042,6731543839030,Cattasaurus - shoproxstore - Shopify,direct_to_consumer,fulfilled,2025-07-23,2025-07-30,2025-07-23,PA2,OnTrac,1,1,15.9,1.8,0.0,17.7,shipmonk_estimate,USD
159043,6731544363318,Cattasaurus - shoproxstore - Shopify,direct_to_consumer,fulfilled,2025-07-23,2025-07-30,2025-07-23,PA2,OnTrac,1,1,14.04,1.8,0.0,15.84,shipmonk_estimate,USD
159044,6731548655926,Cattasaurus - shoproxstore - Shopify,direct_to_consumer,fulfilled,2025-07-23,2025-07-25,2025-07-23,NV3,OnTrac,1,1,14.04,1.8,0.0,15.84,shipmonk_estimate,USD
159045,6731549507894,Cattasaurus - shoproxstore - Shopify,direct_to_consumer,fulfilled,2025-07-23,2025-07-30,2025-07-23,PA2,OnTrac,1,1,15.9,1.8,0.0,17.7,shipmonk_estimate,USD
159046,6731557142838,Cattasaurus - shoproxstore - Shopify,direct_to_consumer,fulfilled,2025-07-23,2025-07-30,2025-07-23,PA2,OnTrac,1,1,15.9,1.8,0.0,17.7,shipmonk_estimate,USD
159047,6731558191414,Cattasaurus - shoproxstore - Shopify,direct_to_consumer,fulfilled,2025-07-23,2025-07-30,2025-07-23,PA2,OnTrac,1,1,11.53,1.8,0.0,13.33,shipmonk_estimate,USD
159048,6731563270454,Cattasaurus - shoproxstore - Shopify,direct_to_consumer,fulfilled,2025-07-23,2025-07-24,2025-07-23,NV3,UPS,1,1,15.6,1.8,0.0,17.4,shipmonk_estimate,USD
159049,6731572347190,Cattasaurus - shoproxstore - Shopify,direct_to_consumer,fulfilled,2025-07-23,2025-07-24,2025-07-23,NV3,OnTrac,1,1,15.9,1.8,0.0,17.7,shipmonk_estimate,USD
159050,6731575755062,Cattasaurus - shoproxstore - Shopify,direct_to_consumer,fulfilled,2025-07-23,2025-07-30,2025-07-23,PA2,FedEx,1,1,11.72,1.8,0.0,13.52,shipmonk_estimate,USD
159052,6731582669110,Cattasaurus - shoproxstore - Shopify,direct_to_consumer,fulfilled,2025-07-23,2025-07-25,2025-07-23,NV3,OnTrac,1,1,15.6,1.8,0.0,17.4,shipmonk_estimate,USD
159053,6731592663350,Cattasaurus - shoproxstore - Shopify,direct_to_consumer,fulfilled,2025-07-23,2025-08-03,2025-07-23,PA2,FedEx,1,1,25.25,2.4,0.0,27.65,shipmonk_estimate,USD
159054,6731593285942,Cattasaurus - shoproxstore - Shopify,direct_to_consumer,fulfilled,2025-07-23,2025-07-30,2025-07-23,PA2,FedEx,1,1,14.04,1.8,0.0,15.84,shipmonk_estimate,USD
159055,6731597250870,Cattasaurus - shoproxstore - Shopify,direct_to_consumer,fulfilled,2025-07-23,2025-07-30,2025-07-23,PA2,UPS,1,1,13.09,1.8,0.0,14.89,shipmonk_estimate,USD
159056,6731599937846,Cattasaurus - shoproxstore - Shopify,direct_to_consumer,fulfilled,2025-07-23,2025-07-30,2025-07-23,PA2,OnTrac,1,1,14.04,1.8,0.0,15.84,shipmonk_estimate,USD
159057,6731600757046,Cattasaurus - shoproxstore - Shopify,direct_to_consumer,fulfilled,2025-07-23,2025-07-30,2025-07-23,PA2,FedEx,1,1,14.04,1.8,0.0,15.84,shipmonk_estimate,USD
159058,6731602297142,Cattasaurus - shoproxstore - Shopify,direct_to_consumer,fulfilled,2025-07-23,2025-07-25,2025-07-23,NV3,OnTrac,1,1,12.74,1.8,0.0,14.54,shipmonk_estimate,USD
159059,6731602329910,Cattasaurus - shoproxstore - Shopify,direct_to_consumer,fulfilled,2025-07-23,2025-07-30,2025-07-23,PA2,OnTrac,1,1,12.37,1.8,0.0,14.17,shipmonk_estimate,USD
159060,6731602460982,Cattasaurus - shoproxstore - Shopify,direct_to_consumer,fulfilled,2025-07-23,2025-07-30,2025-07-23,PA2,OnTrac,1,1,10.81,1.8,0.0,12.61,shipmonk_estimate,USD
159061,6731603280182,Cattasaurus - shoproxstore - Shopify,direct_to_consumer,fulfilled,2025-07-23,2025-07-30,2025-07-23,PA2,OnTrac,1,1,11.72,1.8,0.0,13.52,shipmonk_estimate,USD
159062,6731603706166,Cattasaurus - shoproxstore - Shopify,direct_to_consumer,fulfilled,2025-07-23,2025-07-25,2025-07-23,NV3,OnTrac,1,1,15.9,1.8,0.0,17.7,shipmonk_estimate,USD
159063,6731612881206,Cattasaurus - shoproxstore - Shopify,direct_to_consumer,fulfilled,2025-07-23,2025-07-30,2025-07-23,PA2,OnTrac,1,1,14.04,1.8,0.0,15.84,shipmonk_estimate,USD
159064,6731616026934,Cattasaurus - shoproxstore - Shopify,direct_to_consumer,fulfilled,2025-07-23,2025-07-30,2025-07-23,PA2,UPS,1,1,13.28,1.8,0.0,15.08,shipmonk_estimate,USD
159065,6731616747830,Cattasaurus - shoproxstore - Shopify,direct_to_consumer,fulfilled,2025-07-23,2025-07-28,2025-07-23,NV3,OnTrac,1,1,14.34,2.1,0.0,16.44,shipmonk_estimate,USD
159066,6731620221238,Cattasaurus - shoproxstore - Shopify,direct_to_consumer,fulfilled,2025-07-23,2025-07-30,2025-07-23,PA2,UPS,1,1,13.28,1.8,0.0,15.08,shipmonk_estimate,USD
159067,6731620843830,Cattasaurus - shoproxstore - Shopify,direct_to_consumer,fulfilled,2025-07-23,2025-07-24,2025-07-23,NV3,OnTrac,1,1,15.9,1.8,0.0,17.7,shipmonk_estimate,USD
159068,6731622613302,Cattasaurus - shoproxstore - Shopify,direct_to_consumer,fulfilled,2025-07-23,2025-07-25,2025-07-23,NV3,FedEx,1,1,28.6,1.8,0.0,30.4,shipmonk_estimate,USD
159069,6731633164598,Cattasaurus - shoproxstore - Shopify,direct_to_consumer,fulfilled,2025-07-23,2025-07-30,2025-07-23,PA2,OnTrac,1,1,12.37,1.8,0.0,14.17,shipmonk_estimate,USD
159070,6731634245942,Cattasaurus - shoproxstore - Shopify,direct_to_consumer,fulfilled,2025-07-23,2025-07-30,2025-07-23,PA2,OnTrac,1,1,10.81,1.8,0.0,12.61,shipmonk_estimate,USD
159071,6731639423286,Cattasaurus - shoproxstore - Shopify,direct_to_consumer,fulfilled,2025-07-23,2025-07-30,2025-07-23,PA2,OnTrac,1,1,11.53,1.8,0.0,13.33,shipmonk_estimate,USD
159073,6731644862774,Cattasaurus - shoproxstore - Shopify,direct_to_consumer,fulfilled,2025-07-23,2025-07-25,2025-07-23,NV3,OnTrac,1,1,18.73,1.8,0.0,20.53,shipmonk_estimate,USD
159074,6731646796086,Cattasaurus - shoproxstore - Shopify,direct_to_consumer,fulfilled,2025-07-23,2025-07-24,2025-07-23,NV3,OnTrac,1,1,15.9,1.8,0.0,17.7,shipmonk_estimate,USD
159075,6731652366646,Cattasaurus - shoproxstore - Shopify,direct_to_consumer,fulfilled,2025-07-23,2025-07-30,2025-07-23,PA2,OnTrac,1,1,15.6,1.8,0.0,17.4,shipmonk_estimate,USD
159076,6731653022006,Cattasaurus - shoproxstore - Shopify,direct_to_consumer,fulfilled,2025-07-23,2025-07-24,2025-07-23,PA2,FedEx,1,1,17.87,2.1,0.0,19.97,shipmonk_estimate,USD
159078,6731656331574,Cattasaurus - shoproxstore - Shopify,direct_to_consumer,fulfilled,2025-07-23,2025-07-25,2025-07-23,NV3,OnTrac,1,1,15.9,1.8,0.0,17.7,shipmonk_estimate,USD
159079,6731660198198,Cattasaurus - shoproxstore - Shopify,direct_to_consumer,fulfilled,2025-07-23,2025-07-30,2025-07-23,PA2,OnTrac,1,1,15.9,1.8,0.0,17.7,shipmonk_estimate,USD
159080,6731661443382,Cattasaurus - shoproxstore - Shopify,direct_to_consumer,fulfilled,2025-07-23,2025-07-30,2025-07-23,PA2,OnTrac,1,1,11.53,1.8,0.0,13.33,shipmonk_estimate,USD
159081,6731665637686,Cattasaurus - shoproxstore - Shopify,direct_to_consumer,fulfilled,2025-07-23,2025-08-03,2025-07-23,PA2,FedEx,1,1,18.64,2.4,0.0,21.04,shipmonk_estimate,USD
159082,6731666161974,Cattasaurus - shoproxstore - Shopify,direct_to_consumer,fulfilled,2025-07-23,2025-07-30,2025-07-23,PA2,FedEx,1,1,14.04,1.8,0.0,15.84,shipmonk_estimate,USD
159083,6731666391350,Cattasaurus - shoproxstore - Shopify,direct_to_consumer,fulfilled,2025-07-23,2025-07-25,2025-07-23,NV3,UPS,1,1,17.46,1.8,0.0,19.26,shipmonk_estimate,USD
159084,6731666424118,Cattasaurus - shoproxstore - Shopify,direct_to_consumer,fulfilled,2025-07-23,2025-07-28,2025-07-23,NV3,OnTrac,1,1,20.56,2.1,0.0,22.66,shipmonk_estimate,USD
159085,6731668128054,Cattasaurus - shoproxstore - Shopify,direct_to_consumer,fulfilled,2025-07-23,2025-07-28,2025-07-23,NV3,OnTrac,1,1,20.56,2.1,0.0,22.66,shipmonk_estimate,USD
159086,6731668881718,Cattasaurus - shoproxstore - Shopify,direct_to_consumer,fulfilled,2025-07-23,2025-07-30,2025-07-23,PA2,FedEx,1,1,11.72,1.8,0.0,13.52,shipmonk_estimate,USD
159087,6731671372086,Cattasaurus - shoproxstore - Shopify,direct_to_consumer,fulfilled,2025-07-23,2025-08-06,2025-07-23,NV3,OnTrac,1,1,20.28,2.1,0.0,22.38,shipmonk_estimate,USD
159088,6731674747190,Cattasaurus - shoproxstore - Shopify,direct_to_consumer,fulfilled,2025-07-23,2025-07-25,2025-07-23,NV3,OnTrac,1,1,14.04,1.8,0.0,15.84,shipmonk_estimate,USD
159089,6731679334710,Cattasaurus - shoproxstore - Shopify,direct_to_consumer,fulfilled,2025-07-23,2025-07-25,2025-07-23,NV3,OnTrac,1,1,23.2,1.8,0.0,25.0,shipmonk_estimate,USD
159090,6731683856694,Cattasaurus - shoproxstore - Shopify,direct_to_consumer,fulfilled,2025-07-23,2025-07-25,2025-07-23,NV3,FedEx,1,1,15.9,1.8,0.0,17.7,shipmonk_estimate,USD
159091,6731686281526,Cattasaurus - shoproxstore - Shopify,direct_to_consumer,fulfilled,2025-07-23,2025-08-07,2025-07-23,PA2,FedEx,1,1,14.36,1.8,0.0,16.16,shipmonk_estimate,USD
159093,6731689623862,Cattasaurus - shoproxstore - Shopify,direct_to_consumer,fulfilled,2025-07-23,2025-07-30,2025-07-23,PA2,OnTrac,1,1,13.09,1.8,0.0,14.89,shipmonk_estimate,USD
159094,6731689689398,Cattasaurus - shoproxstore - Shopify,direct_to_consumer,fulfilled,2025-07-23,2025-08-06,2025-07-23,PA2,FedEx,1,1,14.71,2.1,0.0,16.81,shipmonk_estimate,USD
159095,6731691622710,Cattasaurus - shoproxstore - Shopify,direct_to_consumer,fulfilled,2025-07-23,2025-07-30,2025-07-23,PA2,UPS,1,1,15.6,1.8,0.0,17.4,shipmonk_estimate,USD
159096,6731695554870,Cattasaurus - shoproxstore - Shopify,direct_to_consumer,fulfilled,2025-07-23,2025-07-28,2025-07-23,NV3,OnTrac,1,1,16.45,1.8,0.0,18.25,shipmonk_estimate,USD
159097,6731695980854,Cattasaurus - shoproxstore - Shopify,direct_to_consumer,fulfilled,2025-07-23,2025-07-30,2025-07-23,PA2,FedEx,1,1,14.04,1.8,0.0,15.84,shipmonk_estimate,USD
159098,6731697783094,Cattasaurus - shoproxstore - Shopify,direct_to_consumer,fulfilled,2025-07-23,2025-07-28,2025-07-23,NV3,OnTrac,1,1,20.56,2.1,0.0,22.66,shipmonk_estimate,USD
159099,6731697979702,Cattasaurus - shoproxstore - Shopify,direct_to_consumer,fulfilled,2025-07-23,2025-07-28,2025-07-23,NV3,OnTrac,1,1,22.12,1.8,0.0,23.92,shipmonk_estimate,USD
159101,6731704860982,Cattasaurus - shoproxstore - Shopify,direct_to_consumer,fulfilled,2025-07-23,2025-07-25,2025-07-23,NV3,OnTrac,1,1,14.04,1.8,0.0,15.84,shipmonk_estimate,USD
159102,6731708694838,Cattasaurus - shoproxstore - Shopify,direct_to_consumer,fulfilled,2025-07-23,2025-07-30,2025-07-23,PA2,OnTrac,1,1,11.53,1.8,0.0,13.33,shipmonk_estimate,USD
159103,6731710234934,Cattasaurus - shoproxstore - Shopify,direct_to_consumer,fulfilled,2025-07-23,2025-07-30,2025-07-23,PA2,OnTrac,1,1,10.81,1.8,0.0,12.61,shipmonk_estimate,USD
159104,6731711873334,Cattasaurus - shoproxstore - Shopify,direct_to_consumer,fulfilled,2025-07-23,2025-07-24,2025-07-23,NV3,FedEx,1,1,15.1,2.1,0.0,17.2,shipmonk_estimate,USD
159106,6731715248438,Cattasaurus - shoproxstore - Shopify,direct_to_consumer,fulfilled,2025-07-23,2025-07-24,2025-07-23,NV3,OnTrac,1,1,25.99,2.1,0.0,28.09,shipmonk_estimate,USD
159107,6731715772726,Cattasaurus - shoproxstore - Shopify,direct_to_consumer,fulfilled,2025-07-23,2025-07-30,2025-07-23,PA2,UPS,1,1,13.28,1.8,0.0,15.08,shipmonk_estimate,USD
159108,6731723374902,Cattasaurus - shoproxstore - Shopify,direct_to_consumer,fulfilled,2025-07-23,2025-07-24,2025-07-23,NV3,FedEx,1,1,15.9,1.8,0.0,17.7,shipmonk_estimate,USD
159109,6731723505974,Cattasaurus - shoproxstore - Shopify,direct_to_consumer,fulfilled,2025-07-23,2025-07-30,2025-07-23,PA2,UPS,1,1,13.09,1.8,0.0,14.89,shipmonk_estimate,USD
159110,6731723899190,Cattasaurus - shoproxstore - Shopify,direct_to_consumer,fulfilled,2025-07-23,2025-07-25,2025-07-23,NV3,FedEx,1,1,23.2,1.8,0.0,25.0,shipmonk_estimate,USD
159111,6731729436982,Cattasaurus - shoproxstore - Shopify,direct_to_consumer,fulfilled,2025-07-23,2025-07-28,2025-07-23,NV3,OnTrac,1,1,14.04,1.8,0.0,15.84,shipmonk_estimate,USD
159112,6731735466294,Cattasaurus - shoproxstore - Shopify,direct_to_consumer,fulfilled,2025-07-23,2025-07-28,2025-07-23,NV3,OnTrac,1,1,15.9,1.8,0.0,17.7,shipmonk_estimate,USD
159113,6731737956662,Cattasaurus - shoproxstore - Shopify,direct_to_consumer,fulfilled,2025-07-23,2025-07-30,2025-07-23,PA2,FedEx,1,1,11.53,1.8,0.0,13.33,shipmonk_estimate,USD
159114,6731740021046,Cattasaurus - shoproxstore - Shopify,direct_to_consumer,fulfilled,2025-07-23,2025-08-14,2025-07-23,PA2,UPS,1,2,31.34,3.6,0.0,34.94,shipmonk_estimate,USD
159116,6731745788214,Cattasaurus - shoproxstore - Shopify,direct_to_consumer,fulfilled,2025-07-23,2025-08-06,2025-07-23,PA2,OnTrac,1,1,14.36,1.8,0.0,16.16,shipmonk_estimate,USD
159117,6731747524918,Cattasaurus - shoproxstore - Shopify,direct_to_consumer,fulfilled,2025-07-23,2025-08-03,2025-07-23,PA2,OnTrac,1,1,12.74,2.4,0.0,15.14,shipmonk_estimate,USD
159118,6731748442422,Cattasaurus - shoproxstore - Shopify,direct_to_consumer,fulfilled,2025-07-23,2025-07-30,2025-07-23,PA2,OnTrac,1,1,15.6,1.8,0.0,17.4,shipmonk_estimate,USD
159119,6731755520310,Cattasaurus - shoproxstore - Shopify,direct_to_consumer,fulfilled,2025-07-23,2025-07-30,2025-07-23,PA2,OnTrac,1,1,12.12,1.8,0.0,13.92,shipmonk_estimate,USD
159120,6731756142902,Cattasaurus - shoproxstore - Shopify,direct_to_consumer,fulfilled,2025-07-23,2025-07-30,2025-07-23,PA2,OnTrac,1,1,11.72,1.8,0.0,13.52,shipmonk_estimate,USD
159121,6731757912374,Cattasaurus - shoproxstore - Shopify,direct_to_consumer,fulfilled,2025-07-23,2025-07-30,2025-07-23,PA2,OnTrac,1,1,11.53,1.8,0.0,13.33,shipmonk_estimate,USD
159122,6731760992566,Cattasaurus - shoproxstore - Shopify,direct_to_consumer,fulfilled,2025-07-23,2025-07-28,2025-07-23,NV3,OnTrac,1,1,20.56,2.1,0.0,22.66,shipmonk_estimate,USD
159123,6731764891958,Cattasaurus - shoproxstore - Shopify,direct_to_consumer,fulfilled,2025-07-23,2025-07-25,2025-07-23,NV3,OnTrac,1,1,11.53,1.8,0.0,13.33,shipmonk_estimate,USD
159124,6731765678390,Cattasaurus - shoproxstore - Shopify,direct_to_consumer,fulfilled,2025-07-23,2025-07-25,2025-07-23,NV3,OnTrac,1,1,11.72,1.8,0.0,13.52,shipmonk_estimate,USD
159125,6731769905462,Cattasaurus - shoproxstore - Shopify,direct_to_consumer,fulfilled,2025-07-23,2025-07-30,2025-07-23,PA2,UPS,1,1,13.28,1.8,0.0,15.08,shipmonk_estimate,USD
159126,6731773739318,Cattasaurus - shoproxstore - Shopify,direct_to_consumer,fulfilled,2025-07-23,2025-07-28,2025-07-23,NV3,FedEx,1,1,12.49,1.8,0.0,14.29,shipmonk_estimate,USD
159127,6731776196918,Cattasaurus - shoproxstore - Shopify,direct_to_consumer,fulfilled,2025-07-23,2025-07-28,2025-07-23,NV3,OnTrac,1,1,20.56,2.1,0.0,22.66,shipmonk_estimate,USD
159128,6731776295222,Cattasaurus - shoproxstore - Shopify,direct_to_consumer,fulfilled,2025-07-23,2025-07-25,2025-07-23,NV3,FedEx,1,1,15.9,1.8,0.0,17.7,shipmonk_estimate,USD
159129,6731783700790,Cattasaurus - shoproxstore - Shopify,direct_to_consumer,fulfilled,2025-07-23,2025-07-24,2025-07-23,NV3,OnTrac,1,1,11.53,1.8,0.0,13.33,shipmonk_estimate,USD
159130,6731784716598,Cattasaurus - shoproxstore - Shopify,direct_to_consumer,fulfilled,2025-07-23,2025-07-25,2025-07-23,NV3,OnTrac,1,1,11.72,1.8,0.0,13.52,shipmonk_estimate,USD
159131,6731785929014,Cattasaurus - shoproxstore - Shopify,direct_to_consumer,fulfilled,2025-07-23,2025-07-25,2025-07-23,NV3,UPS,1,1,17.46,1.8,0.0,19.26,shipmonk_estimate,USD
159132,6731786191158,Cattasaurus - shoproxstore - Shopify,direct_to_consumer,fulfilled,2025-07-23,2025-07-25,2025-07-23,NV3,OnTrac,1,1,15.9,1.8,0.0,17.7,shipmonk_estimate,USD
159133,6731788124470,Cattasaurus - shoproxstore - Shopify,direct_to_consumer,fulfilled,2025-07-23,2025-07-28,2025-07-23,NV3,OnTrac,1,1,20.2,1.8,0.0,22.0,shipmonk_estimate,USD
159134,6731789992246,Cattasaurus - shoproxstore - Shopify,direct_to_consumer,fulfilled,2025-07-23,2025-07-30,2025-07-23,PA2,OnTrac,1,1,11.72,1.8,0.0,13.52,shipmonk_estimate,USD
159135,6731791106358,Cattasaurus - shoproxstore - Shopify,direct_to_consumer,fulfilled,2025-07-23,2025-07-30,2025-07-23,PA2,OnTrac,1,1,14.04,1.8,0.0,15.84,shipmonk_estimate,USD
159136,6731802640694,Cattasaurus - shoproxstore - Shopify,direct_to_consumer,fulfilled,2025-07-23,2025-07-30,2025-07-23,PA2,OnTrac,1,1,10.81,1.8,0.0,12.61,shipmonk_estimate,USD
159137,6731804770614,Cattasaurus - shoproxstore - Shopify,direct_to_consumer,fulfilled,2025-07-23,2025-08-18,2025-07-23,PA2,OnTrac,1,1,10.95,1.8,0.0,12.75,shipmonk_estimate,USD
159139,6731809227062,Cattasaurus - shoproxstore - Shopify,direct_to_consumer,fulfilled,2025-07-23,2025-07-25,2025-07-23,NV3,OnTrac,1,1,11.53,1.8,0.0,13.33,shipmonk_estimate,USD
159140,6731810275638,Cattasaurus - shoproxstore - Shopify,direct_to_consumer,fulfilled,2025-07-23,2025-07-30,2025-07-23,PA2,OnTrac,1,1,11.72,1.8,0.0,13.52,shipmonk_estimate,USD
159141,6731813290294,Cattasaurus - shoproxstore - Shopify,direct_to_consumer,fulfilled,2025-07-23,2025-07-25,2025-07-23,NV3,OnTrac,1,1,11.53,1.8,0.0,13.33,shipmonk_estimate,USD
159142,6731814928694,Cattasaurus - shoproxstore - Shopify,direct_to_consumer,fulfilled,2025-07-23,2025-08-16,2025-07-23,PA2,OnTrac,1,1,16.52,1.8,0.0,18.32,shipmonk_estimate,USD
159143,6731817648438,Cattasaurus - shoproxstore - Shopify,direct_to_consumer,fulfilled,2025-07-23,2025-07-25,2025-07-23,NV3,OnTrac,1,1,10.16,1.8,0.0,11.96,shipmonk_estimate,USD
159144,6731822399798,Cattasaurus - shoproxstore - Shopify,direct_to_consumer,fulfilled,2025-07-23,2025-07-30,2025-07-23,PA2,UPS,1,1,13.28,1.8,0.0,15.08,shipmonk_estimate,USD
159145,6731826004278,Cattasaurus - shoproxstore - Shopify,direct_to_consumer,fulfilled,2025-07-23,2025-07-25,2025-07-23,NV3,OnTrac,1,1,11.53,1.8,0.0,13.33,shipmonk_estimate,USD
159146,6731827937590,Cattasaurus - shoproxstore - Shopify,direct_to_consumer,fulfilled,2025-07-23,2025-07-28,2025-07-23,NV3,FedEx,1,1,20.2,1.8,0.0,22.0,shipmonk_estimate,USD
159147,6731832557878,Cattasaurus - shoproxstore - Shopify,direct_to_consumer,fulfilled,2025-07-23,2025-07-25,2025-07-23,NV3,OnTrac,1,1,11.53,1.8,0.0,13.33,shipmonk_estimate,USD
159148,6731833999670,Cattasaurus - shoproxstore - Shopify,direct_to_consumer,fulfilled,2025-07-23,2025-07-30,2025-07-23,PA2,OnTrac,1,1,15.6,1.8,0.0,17.4,shipmonk_estimate,USD
159149,6731835212086,Cattasaurus - shoproxstore - Shopify,direct_to_consumer,fulfilled,2025-07-23,2025-07-24,2025-07-23,NV3,FedEx,1,1,18.73,1.8,0.0,20.53,shipmonk_estimate,USD
159150,6731835408694,Cattasaurus - shoproxstore - Shopify,direct_to_consumer,fulfilled,2025-07-23,2025-07-25,2025-07-23,NV3,OnTrac,1,1,11.72,1.8,0.0,13.52,shipmonk_estimate,USD
159151,6731835375926,Cattasaurus - shoproxstore - Shopify,direct_to_consumer,fulfilled,2025-07-23,2025-07-28,2025-07-23,NV3,OnTrac,1,1,23.2,1.8,0.0,25.0,shipmonk_estimate,USD
159152,6731836752182,Cattasaurus - shoproxstore - Shopify,direct_to_consumer,fulfilled,2025-07-23,2025-07-25,2025-07-23,NV3,OnTrac,1,1,20.2,1.8,0.0,22.0,shipmonk_estimate,USD
159153,6731837178166,Cattasaurus - shoproxstore - Shopify,direct_to_consumer,fulfilled,2025-07-23,2025-07-25,2025-07-23,NV3,OnTrac,1,1,15.9,1.8,0.0,17.7,shipmonk_estimate,USD
159155,6731842453814,Cattasaurus - shoproxstore - Shopify,direct_to_consumer,fulfilled,2025-07-23,2025-07-25,2025-07-23,NV3,OnTrac,1,1,11.53,1.8,0.0,13.33,shipmonk_estimate,USD
159156,6731842814262,Cattasaurus - shoproxstore - Shopify,direct_to_consumer,fulfilled,2025-07-23,2025-07-25,2025-07-23,NV3,OnTrac,1,1,11.53,1.8,0.0,13.33,shipmonk_estimate,USD
159157,6731847565622,Cattasaurus - shoproxstore - Shopify,direct_to_consumer,fulfilled,2025-07-23,2025-07-30,2025-07-23,PA2,OnTrac,1,1,11.53,1.8,0.0,13.33,shipmonk_estimate,USD
159158,6731848155446,Cattasaurus - shoproxstore - Shopify,direct_to_consumer,fulfilled,2025-07-23,2025-07-31,2025-07-23,PA2,OnTrac,1,1,12.37,1.8,0.0,14.17,shipmonk_estimate,USD
159159,6731849597238,Cattasaurus - shoproxstore - Shopify,direct_to_consumer,fulfilled,2025-07-23,2025-07-31,2025-07-23,PA2,FedEx,1,1,14.04,1.8,0.0,15.84,shipmonk_estimate,USD
159160,6731850219830,Cattasaurus - shoproxstore - Shopify,direct_to_consumer,fulfilled,2025-07-23,2025-07-25,2025-07-23,NV3,OnTrac,1,1,18.73,1.8,0.0,20.53,shipmonk_estimate,USD
159161,6731854020918,Cattasaurus - shoproxstore - Shopify,direct_to_consumer,fulfilled,2025-07-23,2025-07-28,2025-07-23,NV3,FedEx,1,1,23.69,1.8,0.0,25.49,shipmonk_estimate,USD
159162,6731855233334,Cattasaurus - shoproxstore - Shopify,direct_to_consumer,fulfilled,2025-07-23,2025-07-31,2025-07-23,PA2,OnTrac,1,1,10.81,1.8,0.0,12.61,shipmonk_estimate,USD
159164,6731858706742,Cattasaurus - shoproxstore - Shopify,direct_to_consumer,fulfilled,2025-07-23,2025-07-28,2025-07-23,NV3,OnTrac,1,1,20.2,2.1,0.0,22.3,shipmonk_estimate,USD
159165,6731858903350,Cattasaurus - shoproxstore - Shopify,direct_to_consumer,fulfilled,2025-07-23,2025-07-28,2025-07-23,NV3,OnTrac,1,1,12.74,1.8,0.0,14.54,shipmonk_estimate,USD
159166,6731864670518,Cattasaurus - shoproxstore - Shopify,direct_to_consumer,fulfilled,2025-07-23,2025-07-25,2025-07-23,NV3,UPS,1,1,15.6,1.8,0.0,17.4,shipmonk_estimate,USD
159168,6731867324726,Cattasaurus - shoproxstore - Shopify,direct_to_consumer,fulfilled,2025-07-23,2025-07-25,2025-07-23,NV3,OnTrac,1,1,13.28,1.8,0.0,15.08,shipmonk_estimate,USD
159169,6731867423030,Cattasaurus - shoproxstore - Shopify,direct_to_consumer,fulfilled,2025-07-23,2025-07-25,2025-07-23,NV3,FedEx,1,1,15.9,1.8,0.0,17.7,shipmonk_estimate,USD
159170,6731870896438,Cattasaurus - shoproxstore - Shopify,direct_to_consumer,fulfilled,2025-07-23,2025-07-28,2025-07-23,NV3,OnTrac,1,1,20.56,2.1,0.0,22.66,shipmonk_estimate,USD
159171,6731876663606,Cattasaurus - shoproxstore - Shopify,direct_to_consumer,fulfilled,2025-07-23,2025-07-28,2025-07-23,NV3,OnTrac,1,1,27.04,2.1,0.0,29.14,shipmonk_estimate,USD
159173,6731881021750,Cattasaurus - shoproxstore - Shopify,direct_to_consumer,fulfilled,2025-07-23,2025-07-25,2025-07-23,NV3,OnTrac,1,1,11.72,1.8,0.0,13.52,shipmonk_estimate,USD
159174,6731881546038,Cattasaurus - shoproxstore - Shopify,direct_to_consumer,fulfilled,2025-07-23,2025-07-25,2025-07-23,NV3,OnTrac,1,1,15.9,1.8,0.0,17.7,shipmonk_estimate,USD
159176,6731887214902,Cattasaurus - shoproxstore - Shopify,direct_to_consumer,fulfilled,2025-07-23,2025-07-30,2025-07-23,PA2,OnTrac,1,1,11.72,1.8,0.0,13.52,shipmonk_estimate,USD
159178,6731891671350,Cattasaurus - shoproxstore - Shopify,direct_to_consumer,fulfilled,2025-07-23,2025-07-25,2025-07-23,NV3,OnTrac,1,1,11.53,1.8,0.0,13.33,shipmonk_estimate,USD
159179,6731894325558,Cattasaurus - shoproxstore - Shopify,direct_to_consumer,fulfilled,2025-07-23,2025-08-07,2025-07-23,PA2,OnTrac,1,1,10.95,2.4,0.0,13.35,shipmonk_estimate,USD
159179_1,9b74c014-3a85-4da9-b193-6fcf2efa6c6c,Cattasaurus - shoproxstore - Shopify,direct_to_consumer,fulfilled,2025-07-23,2025-08-07,2025-07-23,PA2,OnTrac,1,1,12.13,2.1,0.0,14.23,shipmonk_estimate,USD
159179_2,39117cb1-1cf6-4abb-b61c-8c5017aa41b9,Cattasaurus - shoproxstore - Shopify,direct_to_consumer,fulfilled,2025-07-23,2025-08-08,2025-07-23,PA2,OnTrac,1,1,12.13,1.5,0.0,13.63,shipmonk_estimate,USD
159180,6731898749238,Cattasaurus - shoproxstore - Shopify,direct_to_consumer,fulfilled,2025-07-23,2025-07-31,2025-07-23,PA2,OnTrac,1,1,11.72,1.8,0.0,13.52,shipmonk_estimate,USD
159182,6731901174070,Cattasaurus - shoproxstore - Shopify,direct_to_consumer,fulfilled,2025-07-23,2025-07-25,2025-07-23,NV3,UPS,1,1,15.6,1.8,0.0,17.4,shipmonk_estimate,USD
159184,6731904713014,Cattasaurus - shoproxstore - Shopify,direct_to_consumer,fulfilled,2025-07-23,2025-07-30,2025-07-23,PA2,OnTrac,1,1,13.28,1.8,0.0,15.08,shipmonk_estimate,USD
159185,6731911364918,Cattasaurus - shoproxstore - Shopify,direct_to_consumer,fulfilled,2025-07-23,2025-07-30,2025-07-23,PA2,OnTrac,1,1,13.28,1.8,0.0,15.08,shipmonk_estimate,USD
159186,6731913625910,Cattasaurus - shoproxstore - Shopify,direct_to_consumer,fulfilled,2025-07-23,2025-07-25,2025-07-23,NV3,FedEx,1,1,14.04,1.8,0.0,15.84,shipmonk_estimate,USD
159187,6731914215734,Cattasaurus - shoproxstore - Shopify,direct_to_consumer,fulfilled,2025-07-23,2025-07-30,2025-07-23,PA2,OnTrac,1,1,14.04,1.8,0.0,15.84,shipmonk_estimate,USD
159188,6731915919670,Cattasaurus - shoproxstore - Shopify,direct_to_consumer,fulfilled,2025-07-23,2025-07-30,2025-07-23,PA2,OnTrac,1,1,10.81,1.8,0.0,12.61,shipmonk_estimate,USD
159189,6731917492534,Cattasaurus - shoproxstore - Shopify,direct_to_consumer,fulfilled,2025-07-23,,2025-07-23,NV3,ShipMonk,1,0,18.53,4.5,0.0,23.03,shipmonk_estimate,USD
159191,6731934597430,Cattasaurus - shoproxstore - Shopify,direct_to_consumer,fulfilled,2025-07-23,2025-07-28,2025-07-23,NV3,FedEx,1,1,21.76,2.1,0.0,23.86,shipmonk_estimate,USD
159192,6731940921654,Cattasaurus - shoproxstore - Shopify,direct_to_consumer,fulfilled,2025-07-23,2025-07-30,2025-07-23,PA2,OnTrac,1,1,10.81,1.8,0.0,12.61,shipmonk_estimate,USD
159193,6731941445942,Cattasaurus - shoproxstore - Shopify,direct_to_consumer,fulfilled,2025-07-23,2025-07-25,2025-07-23,NV3,OnTrac,1,1,11.53,1.8,0.0,13.33,shipmonk_estimate,USD
159194,6731941675318,Cattasaurus - shoproxstore - Shopify,direct_to_consumer,fulfilled,2025-07-23,2025-07-25,2025-07-23,NV3,OnTrac,1,1,11.72,1.8,0.0,13.52,shipmonk_estimate,USD
159195,6731946393910,Cattasaurus - shoproxstore - Shopify,direct_to_consumer,fulfilled,2025-07-23,2025-07-25,2025-07-23,NV3,OnTrac,1,1,11.53,1.8,0.0,13.33,shipmonk_estimate,USD
159196,6731951964470,Cattasaurus - shoproxstore - Shopify,direct_to_consumer,fulfilled,2025-07-23,2025-07-25,2025-07-23,NV3,UPS,1,1,15.6,1.8,0.0,17.4,shipmonk_estimate,USD
159197,6731967365430,Cattasaurus - shoproxstore - Shopify,direct_to_consumer,fulfilled,2025-07-23,2025-07-31,2025-07-23,PA2,OnTrac,1,1,11.72,1.8,0.0,13.52,shipmonk_estimate,USD
159198,6731968971062,Cattasaurus - shoproxstore - Shopify,direct_to_consumer,fulfilled,2025-07-23,2025-07-30,2025-07-23,PA2,OnTrac,1,1,11.72,1.8,0.0,13.52,shipmonk_estimate,USD
159199,6731972280630,Cattasaurus - shoproxstore - Shopify,direct_to_consumer,fulfilled,2025-07-23,2025-07-28,2025-07-23,NV3,OnTrac,1,1,14.04,2.1,0.0,16.14,shipmonk_estimate,USD
159200,6731972575542,Cattasaurus - shoproxstore - Shopify,direct_to_consumer,fulfilled,2025-07-23,2025-07-25,2025-07-23,NV3,UPS,1,1,17.46,1.8,0.0,19.26,shipmonk_estimate,USD
159201,6731972739382,Cattasaurus - shoproxstore - Shopify,direct_to_consumer,fulfilled,2025-07-23,2025-07-28,2025-07-23,NV3,OnTrac,1,1,20.09,2.4,0.0,22.49,shipmonk_estimate,USD
159202,6731973820726,Cattasaurus - shoproxstore - Shopify,direct_to_consumer,fulfilled,2025-07-23,2025-07-26,2025-07-23,PA2,FedEx,1,1,11.72,1.8,0.0,13.52,shipmonk_estimate,USD
159203,6731979030838,Cattasaurus - shoproxstore - Shopify,direct_to_consumer,fulfilled,2025-07-23,2025-08-03,2025-07-23,PA2,OnTrac,1,1,16.45,1.8,0.0,18.25,shipmonk_estimate,USD
159204,6731984109878,Cattasaurus - shoproxstore - Shopify,direct_to_consumer,fulfilled,2025-07-23,2025-07-26,2025-07-23,PA2,OnTrac,1,1,11.72,1.8,0.0,13.52,shipmonk_estimate,USD
159205,6731992432950,Cattasaurus - shoproxstore - Shopify,direct_to_consumer,fulfilled,2025-07-23,2025-07-25,2025-07-23,NV3,OnTrac,1,1,11.53,1.8,0.0,13.33,shipmonk_estimate,USD
159207,6731994857782,Cattasaurus - shoproxstore - Shopify,direct_to_consumer,fulfilled,2025-07-23,2025-07-25,2025-07-23,NV3,OnTrac,1,1,28.6,1.8,0.0,30.4,shipmonk_estimate,USD
159208,6732004983094,Cattasaurus - shoproxstore - Shopify,direct_to_consumer,fulfilled,2025-07-23,2025-08-03,2025-07-23,PA2,UPS,1,1,12.47,2.1,0.0,14.57,shipmonk_estimate,USD
159209,6732005638454,Cattasaurus - shoproxstore - Shopify,direct_to_consumer,fulfilled,2025-07-23,2025-07-30,2025-07-23,PA2,OnTrac,1,1,13.09,1.8,0.0,14.89,shipmonk_estimate,USD
159210,6732005998902,Cattasaurus - shoproxstore - Shopify,direct_to_consumer,fulfilled,2025-07-23,2025-07-25,2025-07-23,NV3,FedEx,1,1,15.9,1.8,0.0,17.7,shipmonk_estimate,USD
159211,6732012618038,Cattasaurus - shoproxstore - Shopify,direct_to_consumer,fulfilled,2025-07-23,2025-08-05,2025-07-23,PA2,OnTrac,1,1,14.1,1.8,0.0,15.9,shipmonk_estimate,USD
159212,6732019007798,Cattasaurus - shoproxstore - Shopify,direct_to_consumer,fulfilled,2025-07-23,2025-07-28,2025-07-23,NV3,FedEx,1,1,24.76,2.1,0.0,26.86,shipmonk_estimate,USD
159213,6732024545590,Cattasaurus - shoproxstore - Shopify,direct_to_consumer,fulfilled,2025-07-23,2025-07-28,2025-07-23,NV3,FedEx,1,1,16.45,1.8,0.0,18.25,shipmonk_estimate,USD
159214,6732028969270,Cattasaurus - shoproxstore - Shopify,direct_to_consumer,fulfilled,2025-07-23,2025-07-25,2025-07-23,NV3,FedEx,1,1,11.72,1.8,0.0,13.52,shipmonk_estimate,USD
159215,6732031295798,Cattasaurus - shoproxstore - Shopify,direct_to_consumer,fulfilled,2025-07-23,2025-07-28,2025-07-23,NV3,OnTrac,1,1,14.04,1.8,0.0,15.84,shipmonk_estimate,USD
159216,6732038308150,Cattasaurus - shoproxstore - Shopify,direct_to_consumer,fulfilled,2025-07-23,2025-07-28,2025-07-23,NV3,OnTrac,1,1,20.56,2.1,0.0,22.66,shipmonk_estimate,USD
159217,6732039946550,Cattasaurus - shoproxstore - Shopify,direct_to_consumer,fulfilled,2025-07-23,2025-07-25,2025-07-23,NV3,UPS,1,1,15.6,1.8,0.0,17.4,shipmonk_estimate,USD
159218,6732043682102,Cattasaurus - shoproxstore - Shopify,direct_to_consumer,fulfilled,2025-07-23,2025-07-25,2025-07-23,NV3,FedEx,1,1,15.9,1.8,0.0,17.7,shipmonk_estimate,USD
159219,6732044599606,Cattasaurus - shoproxstore - Shopify,direct_to_consumer,fulfilled,2025-07-23,2025-07-25,2025-07-23,NV3,FedEx,1,1,21.76,1.8,0.0,23.56,shipmonk_estimate,USD
159220,6732051644726,Cattasaurus - shoproxstore - Shopify,direct_to_consumer,fulfilled,2025-07-23,2025-07-25,2025-07-23,NV3,OnTrac,1,1,14.04,1.8,0.0,15.84,shipmonk_estimate,USD
159221,6732054135094,Cattasaurus - shoproxstore - Shopify,direct_to_consumer,fulfilled,2025-07-23,2025-07-25,2025-07-23,NV3,OnTrac,1,1,11.72,1.8,0.0,13.52,shipmonk_estimate,USD
159222,6732054593846,Cattasaurus - shoproxstore - Shopify,direct_to_consumer,fulfilled,2025-07-23,2025-07-26,2025-07-23,PA2,OnTrac,1,1,10.81,1.8,0.0,12.61,shipmonk_estimate,USD
159223,6732055675190,Cattasaurus - shoproxstore - Shopify,direct_to_consumer,fulfilled,2025-07-23,2025-07-28,2025-07-23,NV3,OnTrac,2,1,16.45,2.4,0.0,18.85,shipmonk_estimate,USD
159224,6732055871798,Cattasaurus - shoproxstore - Shopify,direct_to_consumer,fulfilled,2025-07-23,2025-07-25,2025-07-23,PA2,UPS,1,1,14.3,1.8,0.0,16.1,shipmonk_estimate,USD
159225,6732056133942,Cattasaurus - shoproxstore - Shopify,direct_to_consumer,fulfilled,2025-07-23,2025-07-25,2025-07-23,NV3,OnTrac,1,1,13.28,1.8,0.0,15.08,shipmonk_estimate,USD
159227,6732067143990,Cattasaurus - shoproxstore - Shopify,direct_to_consumer,fulfilled,2025-07-23,2025-08-03,2025-07-23,PA2,UPS,1,1,14.65,2.4,0.0,17.05,shipmonk_estimate,USD
159228,6732068913462,Cattasaurus - shoproxstore - Shopify,direct_to_consumer,fulfilled,2025-07-23,2025-07-28,2025-07-23,NV3,OnTrac,1,1,20.56,2.1,0.0,22.66,shipmonk_estimate,USD
159229,6732077957430,Cattasaurus - shoproxstore - Shopify,direct_to_consumer,fulfilled,2025-07-23,2025-08-03,2025-07-23,PA2,FedEx,1,1,15.61,1.8,0.0,17.41,shipmonk_estimate,USD
159230,6732078973238,Cattasaurus - shoproxstore - Shopify,direct_to_consumer,fulfilled,2025-07-23,2025-08-04,2025-07-23,PA2,FedEx,1,1,14.65,2.4,0.0,17.05,shipmonk_estimate,USD
159232,6732093817142,Cattasaurus - shoproxstore - Shopify,direct_to_consumer,fulfilled,2025-07-23,2025-07-25,2025-07-23,NV3,OnTrac,1,1,11.53,1.8,0.0,13.33,shipmonk_estimate,USD
159233,6732094341430,Cattasaurus - shoproxstore - Shopify,direct_to_consumer,fulfilled,2025-07-23,2025-07-25,2025-07-23,NV3,OnTrac,1,1,14.05,1.8,0.0,15.85,shipmonk_estimate,USD
159234,6732094832950,Cattasaurus - shoproxstore - Shopify,direct_to_consumer,fulfilled,2025-07-23,2025-07-26,2025-07-23,PA2,OnTrac,1,1,11.72,1.8,0.0,13.52,shipmonk_estimate,USD
159235,6732095947062,Cattasaurus - shoproxstore - Shopify,direct_to_consumer,fulfilled,2025-07-23,2025-07-25,2025-07-23,NV3,FedEx,1,1,11.72,1.8,0.0,13.52,shipmonk_estimate,USD
159236,6732098896182,Cattasaurus - shoproxstore - Shopify,direct_to_consumer,fulfilled,2025-07-23,2025-07-25,2025-07-23,NV3,OnTrac,1,1,14.34,1.8,0.0,16.14,shipmonk_estimate,USD
159237,6732102795574,Cattasaurus - shoproxstore - Shopify,direct_to_consumer,fulfilled,2025-07-23,2025-07-28,2025-07-23,NV3,FedEx,1,1,15.61,1.8,0.0,17.41,shipmonk_estimate,USD
159238,6732108595510,Cattasaurus - shoproxstore - Shopify,direct_to_consumer,fulfilled,2025-07-23,2025-07-26,2025-07-23,PA2,OnTrac,1,1,10.81,1.8,0.0,12.61,shipmonk_estimate,USD
159239,6732110135606,Cattasaurus - shoproxstore - Shopify,direct_to_consumer,fulfilled,2025-07-23,2025-07-25,2025-07-23,NV3,OnTrac,1,1,11.53,1.8,0.0,13.33,shipmonk_estimate,USD
159240,6732119441718,Cattasaurus - shoproxstore - Shopify,direct_to_consumer,fulfilled,2025-07-23,2025-07-25,2025-07-23,NV3,OnTrac,1,1,20.2,1.8,0.0,22.0,shipmonk_estimate,USD
159241,6732121932086,Cattasaurus - shoproxstore - Shopify,direct_to_consumer,fulfilled,2025-07-23,2025-07-28,2025-07-23,NV3,OnTrac,1,1,16.45,1.8,0.0,18.25,shipmonk_estimate,USD
159242,6732130648374,Cattasaurus - shoproxstore - Shopify,direct_to_consumer,fulfilled,2025-07-23,2025-07-26,2025-07-23,PA2,OnTrac,1,1,11.53,1.8,0.0,13.33,shipmonk_estimate,USD
159243,6732131008822,Cattasaurus - shoproxstore - Shopify,direct_to_consumer,fulfilled,2025-07-23,2025-07-26,2025-07-23,PA2,OnTrac,1,1,10.81,1.8,0.0,12.61,shipmonk_estimate,USD
159244,6732133499190,Cattasaurus - shoproxstore - Shopify,direct_to_consumer,fulfilled,2025-07-23,2025-07-26,2025-07-23,PA2,OnTrac,1,1,10.81,1.8,0.0,12.61,shipmonk_estimate,USD
159245,6732136743222,Cattasaurus - shoproxstore - Shopify,direct_to_consumer,fulfilled,2025-07-23,2025-07-26,2025-07-23,PA2,FedEx,1,1,14.04,1.8,0.0,15.84,shipmonk_estimate,USD
159247,6732155355446,Cattasaurus - shoproxstore - Shopify,direct_to_consumer,fulfilled,2025-07-23,2025-07-28,2025-07-23,NV3,FedEx,1,1,22.12,2.1,0.0,24.22,shipmonk_estimate,USD
159248,6732158468406,Cattasaurus - shoproxstore - Shopify,direct_to_consumer,fulfilled,2025-07-23,2025-07-25,2025-07-23,NV3,OnTrac,1,1,11.53,1.8,0.0,13.33,shipmonk_estimate,USD
159249,6732158697782,Cattasaurus - shoproxstore - Shopify,direct_to_consumer,fulfilled,2025-07-23,2025-07-28,2025-07-23,NV3,OnTrac,1,1,20.56,1.8,0.0,22.36,shipmonk_estimate,USD
159250,6732159484214,Cattasaurus - shoproxstore - Shopify,direct_to_consumer,fulfilled,2025-07-23,2025-07-28,2025-07-23,NV3,OnTrac,1,1,11.53,1.8,0.0,13.33,shipmonk_estimate,USD
159251,6732177441078,Cattasaurus - shoproxstore - Shopify,direct_to_consumer,fulfilled,2025-07-23,2025-08-06,2025-07-23,NV3,FedEx,1,1,14.11,2.1,0.0,16.21,shipmonk_estimate,USD
159251_1,e4509b00-9afc-4f8c-90c0-bfc8c6bc79d1,Cattasaurus - shoproxstore - Shopify,direct_to_consumer,fulfilled,2025-07-23,2025-08-07,2025-07-23,PA2,FedEx,1,1,31.86,1.5,0.0,33.36,shipmonk_estimate,USD
159252,6732190777654,Cattasaurus - shoproxstore - Shopify,direct_to_consumer,fulfilled,2025-07-23,2025-08-04,2025-07-23,PA2,FedEx,1,1,19.32,2.4,0.0,21.72,shipmonk_estimate,USD
159253,6732194218294,Cattasaurus - shoproxstore - Shopify,direct_to_consumer,fulfilled,2025-07-23,2025-07-25,2025-07-23,NV3,OnTrac,1,1,14.04,1.8,0.0,15.84,shipmonk_estimate,USD
159255,6732205719862,Cattasaurus - shoproxstore - Shopify,direct_to_consumer,fulfilled,2025-07-23,2025-07-26,2025-07-23,PA2,OnTrac,1,1,14.04,1.8,0.0,15.84,shipmonk_estimate,USD
159256,6732215583030,Cattasaurus - shoproxstore - Shopify,direct_to_consumer,fulfilled,2025-07-23,2025-07-26,2025-07-23,PA2,OnTrac,1,1,14.04,1.8,0.0,15.84,shipmonk_estimate,USD
159257,6732216107318,Cattasaurus - shoproxstore - Shopify,direct_to_consumer,fulfilled,2025-07-23,2025-08-04,2025-07-23,PA2,OnTrac,1,1,14.11,2.4,0.0,16.51,shipmonk_estimate,USD
159258,6732220563766,Cattasaurus - shoproxstore - Shopify,direct_to_consumer,fulfilled,2025-07-23,2025-07-25,2025-07-23,NV3,OnTrac,1,1,14.04,1.8,0.0,15.84,shipmonk_estimate,USD
159259,6732233310518,Cattasaurus - shoproxstore - Shopify,direct_to_consumer,fulfilled,2025-07-23,2025-07-25,2025-07-23,NV3,OnTrac,1,1,20.56,1.8,0.0,22.36,shipmonk_estimate,USD
159260,6732237799734,Cattasaurus - shoproxstore - Shopify,direct_to_consumer,fulfilled,2025-07-23,2025-08-09,2025-07-23,PA2,OnTrac,1,1,10.86,1.8,0.0,12.66,shipmonk_estimate,USD
159261,6732240781622,Cattasaurus - shoproxstore - Shopify,direct_to_consumer,fulfilled,2025-07-23,2025-07-25,2025-07-23,NV3,OnTrac,1,1,14.04,1.8,0.0,15.84,shipmonk_estimate,USD
159262,6732256117046,Cattasaurus - shoproxstore - Shopify,direct_to_consumer,fulfilled,2025-07-23,2025-07-25,2025-07-23,NV3,OnTrac,1,1,13.28,1.8,0.0,15.08,shipmonk_estimate,USD
159263,6732262965558,Cattasaurus - shoproxstore - Shopify,direct_to_consumer,fulfilled,2025-07-23,2025-07-26,2025-07-23,PA2,OnTrac,1,1,12.37,1.8,0.0,14.17,shipmonk_estimate,USD
159264,6732266438966,Cattasaurus - shoproxstore - Shopify,direct_to_consumer,fulfilled,2025-07-23,2025-07-25,2025-07-23,NV3,OnTrac,1,1,13.09,1.8,0.0,14.89,shipmonk_estimate,USD
159265,6732272533814,Cattasaurus - shoproxstore - Shopify,direct_to_consumer,fulfilled,2025-07-23,2025-07-28,2025-07-23,NV3,FedEx,1,1,31.73,1.8,0.0,33.53,shipmonk_estimate,USD
159266,6732273451318,Cattasaurus - shoproxstore - Shopify,direct_to_consumer,fulfilled,2025-07-23,2025-07-25,2025-07-23,NV3,FedEx,1,1,18.73,1.8,0.0,20.53,shipmonk_estimate,USD
159268,6732290326838,Cattasaurus - shoproxstore - Shopify,direct_to_consumer,fulfilled,2025-07-23,2025-07-26,2025-07-23,PA2,FedEx,1,1,11.53,1.8,0.0,13.33,shipmonk_estimate,USD
159269,6732292030774,Cattasaurus - shoproxstore - Shopify,direct_to_consumer,fulfilled,2025-07-23,2025-07-28,2025-07-23,NV3,OnTrac,1,1,16.45,1.8,0.0,18.25,shipmonk_estimate,USD
159270,6732296192310,Cattasaurus - shoproxstore - Shopify,direct_to_consumer,fulfilled,2025-07-23,2025-07-25,2025-07-23,NV3,OnTrac,1,1,18.73,1.8,0.0,20.53,shipmonk_estimate,USD
159271,6732297339190,Cattasaurus - shoproxstore - Shopify,direct_to_consumer,fulfilled,2025-07-23,2025-07-25,2025-07-23,NV3,OnTrac,1,1,15.9,1.8,0.0,17.7,shipmonk_estimate,USD
159272,6732307267894,Cattasaurus - shoproxstore - Shopify,direct_to_consumer,fulfilled,2025-07-23,2025-07-26,2025-07-23,PA2,OnTrac,1,1,11.72,1.8,0.0,13.52,shipmonk_estimate,USD
159274,6732318900534,Cattasaurus - shoproxstore - Shopify,direct_to_consumer,fulfilled,2025-07-23,2025-07-25,2025-07-23,PA2,FedEx,1,1,10.91,1.8,0.0,12.71,shipmonk_estimate,USD
159275,6732323356982,Cattasaurus - shoproxstore - Shopify,direct_to_consumer,fulfilled,2025-07-23,2025-08-04,2025-07-23,NV3,OnTrac,1,1,22.12,2.1,0.0,24.22,shipmonk_estimate,USD
159276,6732323488054,Cattasaurus - shoproxstore - Shopify,direct_to_consumer,fulfilled,2025-07-23,2025-08-04,2025-07-23,PA2,OnTrac,1,1,10.95,1.8,0.0,12.75,shipmonk_estimate,USD
159277,6732334334262,Cattasaurus - shoproxstore - Shopify,direct_to_consumer,fulfilled,2025-07-23,2025-07-25,2025-07-23,NV3,UPS,1,1,17.46,1.8,0.0,19.26,shipmonk_estimate,USD
159278,6732334661942,Cattasaurus - shoproxstore - Shopify,direct_to_consumer,fulfilled,2025-07-23,2025-07-26,2025-07-23,PA2,OnTrac,1,1,11.72,1.8,0.0,13.52,shipmonk_estimate,USD
159279,6732337873206,Cattasaurus - shoproxstore - Shopify,direct_to_consumer,fulfilled,2025-07-23,2025-07-25,2025-07-23,NV3,FedEx,1,1,15.9,1.8,0.0,17.7,shipmonk_estimate,USD
159281,6732344885558,Cattasaurus - shoproxstore - Shopify,direct_to_consumer,fulfilled,2025-07-23,2025-07-28,2025-07-23,NV3,OnTrac,1,1,12.74,1.8,0.0,14.54,shipmonk_estimate,USD
159282,6732351701302,Cattasaurus - shoproxstore - Shopify,direct_to_consumer,fulfilled,2025-07-23,2025-07-25,2025-07-23,NV3,OnTrac,1,1,14.04,1.8,0.0,15.84,shipmonk_estimate,USD
159283,6732359237942,Cattasaurus - shoproxstore - Shopify,direct_to_consumer,fulfilled,2025-07-23,2025-07-25,2025-07-23,NV3,OnTrac,1,1,14.04,1.8,0.0,15.84,shipmonk_estimate,USD
159284,6732360122678,Cattasaurus - shoproxstore - Shopify,direct_to_consumer,fulfilled,2025-07-23,2025-07-25,2025-07-23,NV3,OnTrac,1,1,11.72,1.8,0.0,13.52,shipmonk_estimate,USD
159285,6732365758774,Cattasaurus - shoproxstore - Shopify,direct_to_consumer,fulfilled,2025-07-23,2025-07-26,2025-07-23,PA2,OnTrac,1,1,14.04,1.8,0.0,15.84,shipmonk_estimate,USD
159286,6732368904502,Cattasaurus - shoproxstore - Shopify,direct_to_consumer,fulfilled,2025-07-23,2025-07-28,2025-07-23,NV3,OnTrac,1,1,16.45,2.1,0.0,18.55,shipmonk_estimate,USD
159287,6732386566454,Cattasaurus - shoproxstore - Shopify,direct_to_consumer,fulfilled,2025-07-23,2025-07-26,2025-07-23,PA2,FedEx,1,1,13.28,1.8,0.0,15.08,shipmonk_estimate,USD
159288,6732387909942,Cattasaurus - shoproxstore - Shopify,direct_to_consumer,fulfilled,2025-07-23,2025-08-07,2025-07-23,PA2,OnTrac,1,1,10.95,1.8,0.0,12.75,shipmonk_estimate,USD
159289,6732389548342,Cattasaurus - shoproxstore - Shopify,direct_to_consumer,fulfilled,2025-07-23,2025-07-25,2025-07-23,NV3,OnTrac,1,1,11.53,1.8,0.0,13.33,shipmonk_estimate,USD
159290,6732399051062,Cattasaurus - shoproxstore - Shopify,direct_to_consumer,fulfilled,2025-07-23,2025-07-26,2025-07-23,PA2,OnTrac,1,1,11.53,1.8,0.0,13.33,shipmonk_estimate,USD
159291,6732399149366,Cattasaurus - shoproxstore - Shopify,direct_to_consumer,fulfilled,2025-07-23,2025-07-25,2025-07-23,NV3,OnTrac,1,1,18.73,1.8,0.0,20.53,shipmonk_estimate,USD
159292,6732415205686,Cattasaurus - shoproxstore - Shopify,direct_to_consumer,fulfilled,2025-07-23,2025-07-25,2025-07-23,NV3,FedEx,1,1,15.9,1.8,0.0,17.7,shipmonk_estimate,USD
159293,6732417761590,Cattasaurus - shoproxstore - Shopify,direct_to_consumer,fulfilled,2025-07-23,2025-07-28,2025-07-23,NV3,FedEx,1,1,31.73,1.8,0.0,33.53,shipmonk_estimate,USD
159294,6732421366070,Cattasaurus - shoproxstore - Shopify,direct_to_consumer,fulfilled,2025-07-23,2025-07-25,2025-07-23,NV3,FedEx,1,1,22.12,1.8,0.0,23.92,shipmonk_estimate,USD
159295,6732427166006,Cattasaurus - shoproxstore - Shopify,direct_to_consumer,fulfilled,2025-07-23,2025-07-25,2025-07-23,NV3,OnTrac,1,1,11.53,1.8,0.0,13.33,shipmonk_estimate,USD
159296,6732443746614,Cattasaurus - shoproxstore - Shopify,direct_to_consumer,fulfilled,2025-07-23,2025-07-28,2025-07-23,NV3,OnTrac,1,1,16.45,2.1,0.0,18.55,shipmonk_estimate,USD
159297,6732450922806,Cattasaurus - shoproxstore - Shopify,direct_to_consumer,fulfilled,2025-07-23,2025-07-28,2025-07-23,NV3,OnTrac,1,1,13.09,2.1,0.0,15.19,shipmonk_estimate,USD
159298,6732457705782,Cattasaurus - shoproxstore - Shopify,direct_to_consumer,fulfilled,2025-07-23,2025-07-28,2025-07-23,NV3,FedEx,1,1,33.29,1.8,0.0,35.09,shipmonk_estimate,USD
159299,6732461408566,Cattasaurus - shoproxstore - Shopify,direct_to_consumer,fulfilled,2025-07-23,2025-07-25,2025-07-23,NV3,UPS,1,1,15.6,1.8,0.0,17.4,shipmonk_estimate,USD
159300,6732468158774,Cattasaurus - shoproxstore - Shopify,direct_to_consumer,fulfilled,2025-07-23,2025-07-25,2025-07-23,NV3,OnTrac,1,1,11.53,1.8,0.0,13.33,shipmonk_estimate,USD
159301,6732480184630,Cattasaurus - shoproxstore - Shopify,direct_to_consumer,fulfilled,2025-07-23,2025-07-25,2025-07-23,NV3,OnTrac,1,1,14.04,1.8,0.0,15.84,shipmonk_estimate,USD
159302,6732481495350,Cattasaurus - shoproxstore - Shopify,direct_to_consumer,fulfilled,2025-07-23,2025-07-26,2025-07-23,PA2,OnTrac,1,1,13.28,1.8,0.0,15.08,shipmonk_estimate,USD
159303,6732483395894,Cattasaurus - shoproxstore - Shopify,direct_to_consumer,fulfilled,2025-07-23,2025-07-26,2025-07-23,PA2,OnTrac,1,1,13.37,3.5,0.0,16.87,shipmonk_estimate,USD
159304,6732483526966,Cattasaurus - shoproxstore - Shopify,direct_to_consumer,fulfilled,2025-07-23,2025-07-25,2025-07-23,NV3,FedEx,1,1,18.73,1.8,0.0,20.53,shipmonk_estimate,USD
159305,6732489130294,Cattasaurus - shoproxstore - Shopify,direct_to_consumer,fulfilled,2025-07-23,2025-07-26,2025-07-23,PA2,OnTrac,1,1,12.37,1.8,0.0,14.17,shipmonk_estimate,USD
159306,6732490965302,Cattasaurus - shoproxstore - Shopify,direct_to_consumer,fulfilled,2025-07-23,2025-07-25,2025-07-23,NV3,UPS,1,1,17.46,1.8,0.0,19.26,shipmonk_estimate,USD
159308,6732498895158,Cattasaurus - shoproxstore - Shopify,direct_to_consumer,fulfilled,2025-07-23,2025-07-28,2025-07-23,NV3,OnTrac,1,1,12.74,1.8,0.0,14.54,shipmonk_estimate,USD
159309,6732499681590,Cattasaurus - shoproxstore - Shopify,direct_to_consumer,fulfilled,2025-07-23,2025-08-04,2025-07-23,NV3,OnTrac,1,1,11.77,1.8,0.0,13.57,shipmonk_estimate,USD
159310,6732506267958,Cattasaurus - shoproxstore - Shopify,direct_to_consumer,fulfilled,2025-07-23,2025-07-26,2025-07-23,PA2,UPS,1,1,13.28,1.8,0.0,15.08,shipmonk_estimate,USD
159311,6732526387510,Cattasaurus - shoproxstore - Shopify,direct_to_consumer,fulfilled,2025-07-23,2025-07-28,2025-07-23,NV3,FedEx,1,1,23.69,1.8,0.0,25.49,shipmonk_estimate,USD
159312,6732532121910,Cattasaurus - shoproxstore - Shopify,direct_to_consumer,fulfilled,2025-07-23,2025-07-25,2025-07-23,NV3,OnTrac,1,1,11.72,1.8,0.0,13.52,shipmonk_estimate,USD
159313,6732533760310,Cattasaurus - shoproxstore - Shopify,direct_to_consumer,fulfilled,2025-07-23,2025-07-25,2025-07-23,NV3,FedEx,1,1,15.9,1.8,0.0,17.7,shipmonk_estimate,USD
159314,6732546801974,Cattasaurus - shoproxstore - Shopify,direct_to_consumer,fulfilled,2025-07-23,2025-07-26,2025-07-23,PA2,OnTrac,1,1,11.72,1.8,0.0,13.52,shipmonk_estimate,USD
159315,6732553814326,Cattasaurus - shoproxstore - Shopify,direct_to_consumer,fulfilled,2025-07-23,2025-07-25,2025-07-23,NV3,OnTrac,1,1,22.12,1.8,0.0,23.92,shipmonk_estimate,USD
159316,6732574687542,Cattasaurus - shoproxstore - Shopify,direct_to_consumer,fulfilled,2025-07-23,2025-08-04,2025-07-23,PA2,OnTrac,1,1,15.97,2.1,0.0,18.07,shipmonk_estimate,USD
159318,6732578160950,Cattasaurus - shoproxstore - Shopify,direct_to_consumer,fulfilled,2025-07-23,2025-07-28,2025-07-23,NV3,UPS,1,1,17.46,2.1,0.0,19.56,shipmonk_estimate,USD
159319,6732578357558,Cattasaurus - shoproxstore - Shopify,direct_to_consumer,fulfilled,2025-07-23,2025-07-25,2025-07-23,NV3,OnTrac,1,1,19.0,1.8,0.0,20.8,shipmonk_estimate,USD
159320,6732588220726,Cattasaurus - shoproxstore - Shopify,direct_to_consumer,fulfilled,2025-07-23,2025-07-26,2025-07-23,PA2,OnTrac,1,1,15.6,1.8,0.0,17.4,shipmonk_estimate,USD
159322,6732602933558,Cattasaurus - shoproxstore - Shopify,direct_to_consumer,fulfilled,2025-07-23,2025-07-28,2025-07-23,NV3,OnTrac,1,1,14.04,1.8,0.0,15.84,shipmonk_estimate,USD
159324,6732625281334,Cattasaurus - shoproxstore - Shopify,direct_to_consumer,fulfilled,2025-07-23,2025-07-25,2025-07-23,NV3,OnTrac,1,1,20.2,1.8,0.0,22.0,shipmonk_estimate,USD
159325,6732637634870,Cattasaurus - shoproxstore - Shopify,direct_to_consumer,fulfilled,2025-07-23,2025-07-25,2025-07-23,NV3,OnTrac,1,1,9.97,1.8,0.0,11.77,shipmonk_estimate,USD
159326,6732647301430,Cattasaurus - shoproxstore - Shopify,direct_to_consumer,fulfilled,2025-07-23,2025-07-25,2025-07-23,NV3,OnTrac,1,1,11.72,1.8,0.0,13.52,shipmonk_estimate,USD
159327,6732648317238,Cattasaurus - shoproxstore - Shopify,direct_to_consumer,fulfilled,2025-07-23,2025-07-28,2025-07-23,NV3,OnTrac,1,1,15.9,1.8,0.0,17.7,shipmonk_estimate,USD
159328,6732648775990,Cattasaurus - shoproxstore - Shopify,direct_to_consumer,fulfilled,2025-07-23,2025-07-28,2025-07-23,NV3,OnTrac,1,1,15.9,1.8,0.0,17.7,shipmonk_estimate,USD
159329,6732662079798,Cattasaurus - shoproxstore - Shopify,direct_to_consumer,fulfilled,2025-07-23,2025-07-26,2025-07-23,PA2,FedEx,1,1,14.04,1.8,0.0,15.84,shipmonk_estimate,USD
159331,6732679184694,Cattasaurus - shoproxstore - Shopify,direct_to_consumer,fulfilled,2025-07-23,2025-07-25,2025-07-23,NV3,OnTrac,1,1,27.04,1.8,0.0,28.84,shipmonk_estimate,USD
159332,6732679414070,Cattasaurus - shoproxstore - Shopify,direct_to_consumer,fulfilled,2025-07-23,2025-07-28,2025-07-23,NV3,FedEx,1,1,15.9,1.8,0.0,17.7,shipmonk_estimate,USD
159333,6732703138102,Cattasaurus - shoproxstore - Shopify,direct_to_consumer,fulfilled,2025-07-23,2025-07-25,2025-07-23,NV3,OnTrac,1,1,14.34,1.8,0.0,16.14,shipmonk_estimate,USD
159334,6732707692854,Cattasaurus - shoproxstore - Shopify,direct_to_consumer,fulfilled,2025-07-23,2025-07-28,2025-07-23,NV3,FedEx,1,1,18.01,1.8,0.0,19.81,shipmonk_estimate,USD
159335,6732720636214,Cattasaurus - shoproxstore - Shopify,direct_to_consumer,fulfilled,2025-07-23,2025-07-26,2025-07-23,PA2,UPS,1,1,15.6,1.8,0.0,17.4,shipmonk_estimate,USD
159336,6732744393014,Cattasaurus - shoproxstore - Shopify,direct_to_consumer,fulfilled,2025-07-23,2025-07-28,2025-07-23,NV3,OnTrac,1,1,11.53,2.1,0.0,13.63,shipmonk_estimate,USD
159337,6732780142902,Cattasaurus - shoproxstore - Shopify,direct_to_consumer,fulfilled,2025-07-23,2025-07-28,2025-07-23,NV3,OnTrac,1,1,15.9,2.1,0.0,18.0,shipmonk_estimate,USD
159339,6732798001462,Cattasaurus - shoproxstore - Shopify,direct_to_consumer,fulfilled,2025-07-23,2025-08-21,2025-07-23,NV3,FedEx,1,1,16.38,2.1,0.0,18.48,shipmonk_estimate,USD
159340,6732832014646,Cattasaurus - shoproxstore - Shopify,direct_to_consumer,fulfilled,2025-07-23,2025-07-28,2025-07-23,NV3,OnTrac,1,1,15.9,1.8,0.0,17.7,shipmonk_estimate,USD
159341,6732844630326,Cattasaurus - shoproxstore - Shopify,direct_to_consumer,fulfilled,2025-07-23,2025-08-04,2025-07-23,NV3,OnTrac,1,1,12.8,1.8,0.0,14.6,shipmonk_estimate,USD
159342,6732860522806,Cattasaurus - shoproxstore - Shopify,direct_to_consumer,fulfilled,2025-07-23,2025-07-28,2025-07-23,NV3,OnTrac,1,1,11.53,1.8,0.0,13.33,shipmonk_estimate,USD
159343,6732878741814,Cattasaurus - shoproxstore - Shopify,direct_to_consumer,fulfilled,2025-07-23,2025-07-28,2025-07-23,NV3,FedEx,1,1,18.73,2.1,0.0,20.83,shipmonk_estimate,USD
159345,6732921700662,Cattasaurus - shoproxstore - Shopify,direct_to_consumer,fulfilled,2025-07-23,2025-07-28,2025-07-23,NV3,OnTrac,1,1,14.04,1.8,0.0,15.84,shipmonk_estimate,USD
159346,6732925993270,Cattasaurus - shoproxstore - Shopify,direct_to_consumer,fulfilled,2025-07-23,2025-07-28,2025-07-23,NV3,OnTrac,1,1,12.74,1.8,0.0,14.54,shipmonk_estimate,USD
159347,6732927467830,Cattasaurus - shoproxstore - Shopify,direct_to_consumer,fulfilled,2025-07-23,2025-07-28,2025-07-23,NV3,FedEx,1,1,27.04,1.8,0.0,28.84,shipmonk_estimate,USD
159348,6732927828278,Cattasaurus - shoproxstore - Shopify,direct_to_consumer,fulfilled,2025-07-23,2025-07-28,2025-07-23,NV3,OnTrac,1,1,11.53,1.8,0.0,13.33,shipmonk_estimate,USD
159349,6732928418102,Cattasaurus - shoproxstore - Shopify,direct_to_consumer,fulfilled,2025-07-23,2025-07-28,2025-07-23,NV3,OnTrac,1,1,13.28,1.8,0.0,15.08,shipmonk_estimate,USD
159350,6732993233206,Cattasaurus - shoproxstore - Shopify,direct_to_consumer,fulfilled,2025-07-23,2025-07-26,2025-07-23,PA2,OnTrac,1,1,11.53,1.8,0.0,13.33,shipmonk_estimate,USD
159351,6733004833078,Cattasaurus - shoproxstore - Shopify,direct_to_consumer,fulfilled,2025-07-23,2025-07-28,2025-07-23,NV3,OnTrac,1,1,15.9,1.8,0.0,17.7,shipmonk_estimate,USD
112-4065052-2861054,112-4065052-2861054,Cattasaurus - Amazon USA,direct_to_consumer,fulfilled,2025-07-24,2025-07-24,2025-07-24,NV3,OnTrac,1,1,14.48,2.5,0.0,16.98,shipmonk_estimate,USD
159352,6733303972150,Cattasaurus - shoproxstore - Shopify,direct_to_consumer,fulfilled,2025-07-24,2025-08-04,2025-07-24,PA2,FedEx,1,1,16.31,2.4,0.0,18.71,shipmonk_estimate,USD
159353,6733349552438,Cattasaurus - shoproxstore - Shopify,direct_to_consumer,fulfilled,2025-07-24,2025-07-25,2025-07-24,NV3,UPS,1,1,17.46,1.8,0.0,19.26,shipmonk_estimate,USD
159354,6733361381686,Cattasaurus - shoproxstore - Shopify,direct_to_consumer,fulfilled,2025-07-24,2025-07-28,2025-07-24,NV3,OnTrac,1,1,15.9,2.1,0.0,18.0,shipmonk_estimate,USD
159355,6733371932982,Cattasaurus - shoproxstore - Shopify,direct_to_consumer,fulfilled,2025-07-24,2025-08-06,2025-07-24,PA2,FedEx,1,1,15.68,2.4,0.0,18.08,shipmonk_estimate,USD
159356,6733386711350,Cattasaurus - shoproxstore - Shopify,direct_to_consumer,fulfilled,2025-07-24,2025-07-25,2025-07-24,NV3,OnTrac,1,1,18.73,1.8,0.0,20.53,shipmonk_estimate,USD
159357,6733391888694,Cattasaurus - shoproxstore - Shopify,direct_to_consumer,fulfilled,2025-07-24,2025-07-26,2025-07-24,PA2,UPS,1,1,13.28,1.8,0.0,15.08,shipmonk_estimate,USD
159359,6733417611574,Cattasaurus - shoproxstore - Shopify,direct_to_consumer,fulfilled,2025-07-24,2025-07-25,2025-07-24,NV3,OnTrac,1,1,18.73,1.8,0.0,20.53,shipmonk_estimate,USD
159360,6733417677110,Cattasaurus - shoproxstore - Shopify,direct_to_consumer,fulfilled,2025-07-24,2025-07-26,2025-07-24,PA2,OnTrac,1,1,11.53,1.8,0.0,13.33,shipmonk_estimate,USD
159361,6733429342518,Cattasaurus - shoproxstore - Shopify,direct_to_consumer,fulfilled,2025-07-24,2025-07-26,2025-07-24,PA2,OnTrac,1,1,11.53,1.8,0.0,13.33,shipmonk_estimate,USD
159363,6733440057654,Cattasaurus - shoproxstore - Shopify,direct_to_consumer,fulfilled,2025-07-24,2025-08-03,2025-07-24,PA2,FedEx,1,1,16.45,1.8,0.0,18.25,shipmonk_estimate,USD
159364,6733442679094,Cattasaurus - shoproxstore - Shopify,direct_to_consumer,fulfilled,2025-07-24,2025-07-26,2025-07-24,PA2,OnTrac,1,1,10.81,1.8,0.0,12.61,shipmonk_estimate,USD
159365,6733443858742,Cattasaurus - shoproxstore - Shopify,direct_to_consumer,fulfilled,2025-07-24,2025-07-26,2025-07-24,PA2,FedEx,1,1,11.72,1.8,0.0,13.52,shipmonk_estimate,USD
159366,6733453590838,Cattasaurus - shoproxstore - Shopify,direct_to_consumer,fulfilled,2025-07-24,2025-07-28,2025-07-24,NV3,OnTrac,1,1,14.04,1.8,0.0,15.84,shipmonk_estimate,USD
159367,6733454737718,Cattasaurus - shoproxstore - Shopify,direct_to_consumer,fulfilled,2025-07-24,2025-07-28,2025-07-24,NV3,OnTrac,1,1,27.04,1.8,0.0,28.84,shipmonk_estimate,USD
159368,6733455458614,Cattasaurus - shoproxstore - Shopify,direct_to_consumer,fulfilled,2025-07-24,2025-07-25,2025-07-24,NV3,UPS,1,1,15.6,1.8,0.0,17.4,shipmonk_estimate,USD
159369,6733455720758,Cattasaurus - shoproxstore - Shopify,direct_to_consumer,fulfilled,2025-07-24,2025-07-26,2025-07-24,PA2,OnTrac,1,1,11.72,1.8,0.0,13.52,shipmonk_estimate,USD
159370,6733455950134,Cattasaurus - shoproxstore - Shopify,direct_to_consumer,fulfilled,2025-07-24,2025-07-28,2025-07-24,NV3,OnTrac,1,1,20.56,1.8,0.0,22.36,shipmonk_estimate,USD
159371,6733493043510,Cattasaurus - shoproxstore - Shopify,direct_to_consumer,fulfilled,2025-07-24,2025-07-26,2025-07-24,PA2,UPS,1,1,15.6,1.8,0.0,17.4,shipmonk_estimate,USD
159373,6733500383542,Cattasaurus - shoproxstore - Shopify,direct_to_consumer,fulfilled,2025-07-24,2025-07-28,2025-07-24,NV3,OnTrac,1,1,15.9,1.8,0.0,17.7,shipmonk_estimate,USD
159374,6733506806070,Cattasaurus - shoproxstore - Shopify,direct_to_consumer,fulfilled,2025-07-24,2025-07-26,2025-07-24,PA2,OnTrac,1,1,10.81,1.8,0.0,12.61,shipmonk_estimate,USD
159375,6733509493046,Cattasaurus - shoproxstore - Shopify,direct_to_consumer,fulfilled,2025-07-24,2025-07-26,2025-07-24,PA2,OnTrac,1,1,10.81,1.8,0.0,12.61,shipmonk_estimate,USD
159376,6733523255606,Cattasaurus - shoproxstore - Shopify,direct_to_consumer,fulfilled,2025-07-24,2025-07-28,2025-07-24,NV3,OnTrac,1,1,12.74,1.8,0.0,14.54,shipmonk_estimate,USD
159377,6733525352758,Cattasaurus - shoproxstore - Shopify,direct_to_consumer,fulfilled,2025-07-24,2025-07-28,2025-07-24,NV3,OnTrac,1,1,22.12,1.8,0.0,23.92,shipmonk_estimate,USD
159378,6733525975350,Cattasaurus - shoproxstore - Shopify,direct_to_consumer,fulfilled,2025-07-24,2025-07-28,2025-07-24,NV3,OnTrac,1,1,15.9,1.8,0.0,17.7,shipmonk_estimate,USD
159379,6733530923318,Cattasaurus - shoproxstore - Shopify,direct_to_consumer,fulfilled,2025-07-24,2025-07-25,2025-07-24,NV3,FedEx,1,1,11.72,1.8,0.0,13.52,shipmonk_estimate,USD
159380,6733542359350,Cattasaurus - shoproxstore - Shopify,direct_to_consumer,fulfilled,2025-07-24,2025-07-28,2025-07-24,NV3,USPS,1,1,11.81,1.8,0.0,13.61,shipmonk_estimate,USD
159382,6733555597622,Cattasaurus - shoproxstore - Shopify,direct_to_consumer,fulfilled,2025-07-24,2025-07-28,2025-07-24,NV3,OnTrac,1,1,14.04,1.8,0.0,15.84,shipmonk_estimate,USD
159383,6733562282294,Cattasaurus - shoproxstore - Shopify,direct_to_consumer,fulfilled,2025-07-24,2025-07-28,2025-07-24,NV3,UPS,1,1,14.04,1.8,0.0,15.84,shipmonk_estimate,USD
159384,6733565493558,Cattasaurus - shoproxstore - Shopify,direct_to_consumer,fulfilled,2025-07-24,2025-07-28,2025-07-24,NV3,OnTrac,1,1,13.28,1.8,0.0,15.08,shipmonk_estimate,USD
159385,6733565624630,Cattasaurus - shoproxstore - Shopify,direct_to_consumer,fulfilled,2025-07-24,2025-07-28,2025-07-24,NV3,OnTrac,1,1,11.53,1.8,0.0,13.33,shipmonk_estimate,USD
159386,6733570015542,Cattasaurus - shoproxstore - Shopify,direct_to_consumer,fulfilled,2025-07-24,2025-07-28,2025-07-24,NV3,OnTrac,1,1,18.73,1.8,0.0,20.53,shipmonk_estimate,USD
159387,6733573882166,Cattasaurus - shoproxstore - Shopify,direct_to_consumer,fulfilled,2025-07-24,2025-07-25,2025-07-24,NV3,OnTrac,1,1,11.53,1.8,0.0,13.33,shipmonk_estimate,USD
159388,6733577945398,Cattasaurus - shoproxstore - Shopify,direct_to_consumer,fulfilled,2025-07-24,2025-07-28,2025-07-24,NV3,OnTrac,1,1,11.53,1.8,0.0,13.33,shipmonk_estimate,USD
159389,6733582467382,Cattasaurus - shoproxstore - Shopify,direct_to_consumer,fulfilled,2025-07-24,2025-07-28,2025-07-24,NV3,OnTrac,1,1,14.04,1.8,0.0,15.84,shipmonk_estimate,USD
159390,6733583679798,Cattasaurus - shoproxstore - Shopify,direct_to_consumer,fulfilled,2025-07-24,2025-07-26,2025-07-24,PA2,OnTrac,1,1,17.46,1.8,0.0,19.26,shipmonk_estimate,USD
159391,6733592592694,Cattasaurus - shoproxstore - Shopify,direct_to_consumer,fulfilled,2025-07-24,2025-07-28,2025-07-24,NV3,OnTrac,1,1,11.72,1.8,0.0,13.52,shipmonk_estimate,USD
159392,6733592953142,Cattasaurus - shoproxstore - Shopify,direct_to_consumer,fulfilled,2025-07-24,2025-07-28,2025-07-24,NV3,UPS,1,1,13.28,1.8,0.0,15.08,shipmonk_estimate,USD
159393,6733593313590,Cattasaurus - shoproxstore - Shopify,direct_to_consumer,fulfilled,2025-07-24,2025-07-28,2025-07-24,NV3,FedEx,1,1,11.72,1.8,0.0,13.52,shipmonk_estimate,USD
159394,6733600194870,Cattasaurus - shoproxstore - Shopify,direct_to_consumer,fulfilled,2025-07-24,2025-07-26,2025-07-24,PA2,UPS,1,1,13.28,1.8,0.0,15.08,shipmonk_estimate,USD
159396,6733621428534,Cattasaurus - shoproxstore - Shopify,direct_to_consumer,fulfilled,2025-07-24,2025-07-28,2025-07-24,NV3,OnTrac,1,1,15.9,1.8,0.0,17.7,shipmonk_estimate,USD
159398,6733689880886,Cattasaurus - shoproxstore - Shopify,direct_to_consumer,fulfilled,2025-07-24,2025-07-28,2025-07-24,NV3,OnTrac,1,1,20.56,1.8,0.0,22.36,shipmonk_estimate,USD
159399,6733717602614,Cattasaurus - shoproxstore - Shopify,direct_to_consumer,fulfilled,2025-07-24,2025-07-26,2025-07-24,PA2,OnTrac,2,1,13.09,2.1,0.0,15.19,shipmonk_estimate,USD
159400,6733735067958,Cattasaurus - shoproxstore - Shopify,direct_to_consumer,fulfilled,2025-07-24,2025-07-28,2025-07-24,NV3,OnTrac,1,1,11.72,1.8,0.0,13.52,shipmonk_estimate,USD
159401,6733744734518,Cattasaurus - shoproxstore - Shopify,direct_to_consumer,fulfilled,2025-07-24,2025-07-28,2025-07-24,NV3,OnTrac,1,1,20.56,1.8,0.0,22.36,shipmonk_estimate,USD
159402,6733750665526,Cattasaurus - shoproxstore - Shopify,direct_to_consumer,fulfilled,2025-07-24,2025-07-28,2025-07-24,NV3,OnTrac,2,1,14.04,2.4,0.0,16.44,shipmonk_estimate,USD
159403,6733754925366,Cattasaurus - shoproxstore - Shopify,direct_to_consumer,fulfilled,2025-07-24,2025-07-28,2025-07-24,NV3,OnTrac,1,1,14.04,1.8,0.0,15.84,shipmonk_estimate,USD
159405,6733770948918,Cattasaurus - shoproxstore - Shopify,direct_to_consumer,fulfilled,2025-07-24,2025-08-04,2025-07-24,PA2,OnTrac,1,1,10.95,2.1,0.0,13.05,shipmonk_estimate,USD
159407,6733789495606,Cattasaurus - shoproxstore - Shopify,direct_to_consumer,fulfilled,2025-07-24,2025-07-28,2025-07-24,NV3,FedEx,1,1,12.74,1.8,0.0,14.54,shipmonk_estimate,USD
159408,6733796671798,Cattasaurus - shoproxstore - Shopify,direct_to_consumer,fulfilled,2025-07-24,2025-07-28,2025-07-24,NV3,OnTrac,1,1,18.73,2.1,0.0,20.83,shipmonk_estimate,USD
159409,6733805584694,Cattasaurus - shoproxstore - Shopify,direct_to_consumer,fulfilled,2025-07-24,2025-07-26,2025-07-24,PA2,OnTrac,1,1,10.81,1.8,0.0,12.61,shipmonk_estimate,USD
159410,6733806928182,Cattasaurus - shoproxstore - Shopify,direct_to_consumer,fulfilled,2025-07-24,2025-08-03,2025-07-24,PA2,OnTrac,1,1,15.61,1.8,0.0,17.41,shipmonk_estimate,USD
159411,6733815972150,Cattasaurus - shoproxstore - Shopify,direct_to_consumer,fulfilled,2025-07-24,2025-07-28,2025-07-24,NV3,OnTrac,1,1,13.09,1.8,0.0,14.89,shipmonk_estimate,USD
159412,6733824590134,Cattasaurus - shoproxstore - Shopify,direct_to_consumer,fulfilled,2025-07-24,2025-07-28,2025-07-24,NV3,OnTrac,1,1,11.72,1.8,0.0,13.52,shipmonk_estimate,USD
159413,6733832683830,Cattasaurus - shoproxstore - Shopify,direct_to_consumer,fulfilled,2025-07-24,2025-07-28,2025-07-24,NV3,OnTrac,1,1,11.72,2.1,0.0,13.82,shipmonk_estimate,USD
159415,6733859586358,Cattasaurus - shoproxstore - Shopify,direct_to_consumer,fulfilled,2025-07-24,2025-07-28,2025-07-24,NV3,OnTrac,1,1,15.9,1.8,0.0,17.7,shipmonk_estimate,USD
159416,6733889077558,Cattasaurus - shoproxstore - Shopify,direct_to_consumer,fulfilled,2025-07-24,2025-08-04,2025-07-24,PA2,OnTrac,1,1,16.52,2.1,0.0,18.62,shipmonk_estimate,USD
159418,6733891731766,Cattasaurus - shoproxstore - Shopify,direct_to_consumer,fulfilled,2025-07-24,2025-07-28,2025-07-24,NV3,OnTrac,1,1,14.04,1.8,0.0,15.84,shipmonk_estimate,USD
159419,6733892682038,Cattasaurus - shoproxstore - Shopify,direct_to_consumer,fulfilled,2025-07-24,2025-07-28,2025-07-24,NV3,OnTrac,1,1,11.72,1.8,0.0,13.52,shipmonk_estimate,USD
159420,6733897367862,Cattasaurus - shoproxstore - Shopify,direct_to_consumer,fulfilled,2025-07-24,2025-07-28,2025-07-24,NV3,OnTrac,1,1,14.04,2.1,0.0,16.14,shipmonk_estimate,USD
159422,6733919289654,Cattasaurus - shoproxstore - Shopify,direct_to_consumer,fulfilled,2025-07-24,2025-08-03,2025-07-24,PA2,OnTrac,1,1,16.45,1.8,0.0,18.25,shipmonk_estimate,USD
159423,6733927448886,Cattasaurus - shoproxstore - Shopify,direct_to_consumer,fulfilled,2025-07-24,2025-07-26,2025-07-24,PA2,OnTrac,1,1,11.53,1.8,0.0,13.33,shipmonk_estimate,USD
159424,6733952909622,Cattasaurus - shoproxstore - Shopify,direct_to_consumer,fulfilled,2025-07-24,2025-07-28,2025-07-24,NV3,OnTrac,1,1,11.72,1.8,0.0,13.52,shipmonk_estimate,USD
159425,6733975617846,Cattasaurus - shoproxstore - Shopify,direct_to_consumer,fulfilled,2025-07-24,2025-08-09,2025-07-24,PA2,OnTrac,1,1,13.15,1.8,0.0,14.95,shipmonk_estimate,USD
159426,6733995966774,Cattasaurus - shoproxstore - Shopify,direct_to_consumer,fulfilled,2025-07-24,2025-08-04,2025-07-24,PA2,FedEx,1,1,16.66,2.4,0.0,19.06,shipmonk_estimate,USD
159427,6734008451382,Cattasaurus - shoproxstore - Shopify,direct_to_consumer,fulfilled,2025-07-24,2025-07-28,2025-07-24,NV3,OnTrac,1,1,20.2,1.8,0.0,22.0,shipmonk_estimate,USD
159428,6734010876214,Cattasaurus - shoproxstore - Shopify,direct_to_consumer,fulfilled,2025-07-24,2025-07-28,2025-07-24,NV3,OnTrac,1,1,11.53,1.8,0.0,13.33,shipmonk_estimate,USD
159429,6734027489590,Cattasaurus - shoproxstore - Shopify,direct_to_consumer,fulfilled,2025-07-24,2025-07-27,2025-07-24,PA2,OnTrac,1,1,12.74,1.8,0.0,14.54,shipmonk_estimate,USD
159431,6734041055542,Cattasaurus - shoproxstore - Shopify,direct_to_consumer,fulfilled,2025-07-24,2025-07-26,2025-07-24,PA2,UPS,1,1,15.6,1.8,0.0,17.4,shipmonk_estimate,USD
159432,6734042890550,Cattasaurus - shoproxstore - Shopify,direct_to_consumer,fulfilled,2025-07-24,2025-07-28,2025-07-24,NV3,FedEx,1,1,12.74,1.8,0.0,14.54,shipmonk_estimate,USD
159433,6734055702838,Cattasaurus - shoproxstore - Shopify,direct_to_consumer,fulfilled,2025-07-24,2025-07-26,2025-07-24,PA2,OnTrac,1,1,14.04,1.8,0.0,15.84,shipmonk_estimate,USD
159434,6734072480054,Cattasaurus - shoproxstore - Shopify,direct_to_consumer,fulfilled,2025-07-24,2025-07-28,2025-07-24,NV3,UPS,1,1,17.46,2.1,0.0,19.56,shipmonk_estimate,USD
159435,6734094860598,Cattasaurus - shoproxstore - Shopify,direct_to_consumer,fulfilled,2025-07-24,2025-07-26,2025-07-24,PA2,OnTrac,1,1,14.04,1.8,0.0,15.84,shipmonk_estimate,USD
159437,6734142210358,Cattasaurus - shoproxstore - Shopify,direct_to_consumer,fulfilled,2025-07-24,2025-07-28,2025-07-24,NV3,OnTrac,1,1,14.3,1.8,0.0,16.1,shipmonk_estimate,USD
159438,6734151483702,Cattasaurus - shoproxstore - Shopify,direct_to_consumer,fulfilled,2025-07-24,2025-07-28,2025-07-24,NV3,OnTrac,1,1,18.73,1.8,0.0,20.53,shipmonk_estimate,USD
159439,6734159216950,Cattasaurus - shoproxstore - Shopify,direct_to_consumer,fulfilled,2025-07-24,2025-07-26,2025-07-24,PA2,UPS,1,1,13.09,1.8,0.0,14.89,shipmonk_estimate,USD
159440,6734200439094,Cattasaurus - shoproxstore - Shopify,direct_to_consumer,fulfilled,2025-07-24,2025-07-26,2025-07-24,PA2,UPS,1,1,17.46,1.8,0.0,19.26,shipmonk_estimate,USD
159441,6734205321526,Cattasaurus - shoproxstore - Shopify,direct_to_consumer,fulfilled,2025-07-24,2025-07-28,2025-07-24,NV3,OnTrac,1,1,15.9,1.8,0.0,17.7,shipmonk_estimate,USD
159442,6734209515830,Cattasaurus - shoproxstore - Shopify,direct_to_consumer,fulfilled,2025-07-24,2025-08-03,2025-07-24,PA2,FedEx,1,1,18.01,1.8,0.0,19.81,shipmonk_estimate,USD
159443,6734211449142,Cattasaurus - shoproxstore - Shopify,direct_to_consumer,fulfilled,2025-07-24,2025-07-26,2025-07-24,PA2,OnTrac,1,1,10.81,1.8,0.0,12.61,shipmonk_estimate,USD
159444,6734248902966,Cattasaurus - shoproxstore - Shopify,direct_to_consumer,fulfilled,2025-07-24,2025-07-28,2025-07-24,NV3,OnTrac,1,1,13.28,1.8,0.0,15.08,shipmonk_estimate,USD
159447,6734263517494,Cattasaurus - shoproxstore - Shopify,direct_to_consumer,fulfilled,2025-07-24,2025-07-28,2025-07-24,NV3,OnTrac,1,1,14.04,1.8,0.0,15.84,shipmonk_estimate,USD
159448,6734269317430,Cattasaurus - shoproxstore - Shopify,direct_to_consumer,fulfilled,2025-07-24,2025-08-04,2025-07-24,PA2,OnTrac,1,1,13.34,2.1,0.0,15.44,shipmonk_estimate,USD
159449,6734287405366,Cattasaurus - shoproxstore - Shopify,direct_to_consumer,fulfilled,2025-07-24,2025-07-28,2025-07-24,NV3,FedEx,1,1,20.56,1.8,0.0,22.36,shipmonk_estimate,USD
159451,6734298972470,Cattasaurus - shoproxstore - Shopify,direct_to_consumer,fulfilled,2025-07-24,2025-07-28,2025-07-24,NV3,OnTrac,1,1,15.9,1.8,0.0,17.7,shipmonk_estimate,USD
159452,6734302773558,Cattasaurus - shoproxstore - Shopify,direct_to_consumer,fulfilled,2025-07-24,2025-07-28,2025-07-24,NV3,FedEx,1,1,15.9,1.8,0.0,17.7,shipmonk_estimate,USD
159453,6734312571190,Cattasaurus - shoproxstore - Shopify,direct_to_consumer,fulfilled,2025-07-24,2025-07-26,2025-07-24,PA2,OnTrac,1,1,11.72,1.8,0.0,13.52,shipmonk_estimate,USD
159454,6734321516854,Cattasaurus - shoproxstore - Shopify,direct_to_consumer,fulfilled,2025-07-24,2025-07-26,2025-07-24,PA2,UPS,1,1,13.28,1.8,0.0,15.08,shipmonk_estimate,USD
159455,6734323253558,Cattasaurus - shoproxstore - Shopify,direct_to_consumer,fulfilled,2025-07-24,2025-08-03,2025-07-24,PA2,FedEx,1,1,14.05,1.8,0.0,15.85,shipmonk_estimate,USD
159456,6734327480630,Cattasaurus - shoproxstore - Shopify,direct_to_consumer,fulfilled,2025-07-24,2025-08-04,2025-07-24,PA2,OnTrac,1,1,10.95,1.8,0.0,12.75,shipmonk_estimate,USD
159457,6734332690742,Cattasaurus - shoproxstore - Shopify,direct_to_consumer,fulfilled,2025-07-24,2025-07-26,2025-07-24,PA2,FedEx,1,1,11.53,1.8,0.0,13.33,shipmonk_estimate,USD
159458,6734339146038,Cattasaurus - shoproxstore - Shopify,direct_to_consumer,fulfilled,2025-07-24,2025-07-28,2025-07-24,NV3,OnTrac,1,1,14.04,1.8,0.0,15.84,shipmonk_estimate,USD
159459,6734365557046,Cattasaurus - shoproxstore - Shopify,direct_to_consumer,fulfilled,2025-07-24,2025-07-26,2025-07-24,PA2,OnTrac,1,1,13.09,1.8,0.0,14.89,shipmonk_estimate,USD
159460,6734367818038,Cattasaurus - shoproxstore - Shopify,direct_to_consumer,fulfilled,2025-07-24,2025-07-28,2025-07-24,NV3,OnTrac,1,1,13.28,2.1,0.0,15.38,shipmonk_estimate,USD
159462,6734400946486,Cattasaurus - shoproxstore - Shopify,direct_to_consumer,fulfilled,2025-07-24,2025-07-28,2025-07-24,NV3,OnTrac,1,1,16.45,1.8,0.0,18.25,shipmonk_estimate,USD
159463,6734415986998,Cattasaurus - shoproxstore - Shopify,direct_to_consumer,fulfilled,2025-07-24,2025-07-26,2025-07-24,PA2,OnTrac,1,1,14.04,1.8,0.0,15.84,shipmonk_estimate,USD
159465,6734425522486,Cattasaurus - shoproxstore - Shopify,direct_to_consumer,fulfilled,2025-07-24,2025-08-04,2025-07-24,PA2,FedEx,1,1,15.61,2.1,0.0,17.71,shipmonk_estimate,USD
159466,6734435549494,Cattasaurus - shoproxstore - Shopify,direct_to_consumer,fulfilled,2025-07-24,2025-07-26,2025-07-24,PA2,OnTrac,1,1,11.53,1.8,0.0,13.33,shipmonk_estimate,USD
159467,6734444364086,Cattasaurus - shoproxstore - Shopify,direct_to_consumer,fulfilled,2025-07-24,2025-08-04,2025-07-24,PA2,FedEx,1,1,18.01,2.1,0.0,20.11,shipmonk_estimate,USD
159469_1,0307000e-b426-4c7d-8431-6e4ef75b89e4,Cattasaurus - shoproxstore - Shopify,direct_to_consumer,fulfilled,2025-07-24,2025-07-27,2025-07-24,PA2,USPS,1,1,4.64,1.8,0.3,6.74,shipmonk_estimate,USD
159470,6734474576182,Cattasaurus - shoproxstore - Shopify,direct_to_consumer,fulfilled,2025-07-24,2025-08-03,2025-07-24,PA2,OnTrac,1,1,10.91,1.8,0.0,12.71,shipmonk_estimate,USD
159471,6734482276662,Cattasaurus - shoproxstore - Shopify,direct_to_consumer,fulfilled,2025-07-24,2025-07-26,2025-07-24,PA2,OnTrac,1,1,11.72,1.8,0.0,13.52,shipmonk_estimate,USD
159472,6734482407734,Cattasaurus - shoproxstore - Shopify,direct_to_consumer,fulfilled,2025-07-24,2025-07-26,2025-07-24,PA2,OnTrac,1,1,13.28,1.8,0.0,15.08,shipmonk_estimate,USD
159474,6734496596278,Cattasaurus - shoproxstore - Shopify,direct_to_consumer,fulfilled,2025-07-24,2025-07-26,2025-07-24,PA2,OnTrac,1,1,11.53,1.8,0.0,13.33,shipmonk_estimate,USD
159475,6734501183798,Cattasaurus - shoproxstore - Shopify,direct_to_consumer,fulfilled,2025-07-24,2025-07-26,2025-07-24,PA2,OnTrac,1,1,11.53,1.8,0.0,13.33,shipmonk_estimate,USD
159476,6734521598262,Cattasaurus - shoproxstore - Shopify,direct_to_consumer,fulfilled,2025-07-24,2025-07-26,2025-07-24,PA2,OnTrac,1,1,11.53,1.8,0.0,13.33,shipmonk_estimate,USD
159477,6734524481846,Cattasaurus - shoproxstore - Shopify,direct_to_consumer,fulfilled,2025-07-24,2025-07-28,2025-07-24,NV3,OnTrac,1,1,11.53,1.8,0.0,13.33,shipmonk_estimate,USD
159478,6734569308470,Cattasaurus - shoproxstore - Shopify,direct_to_consumer,fulfilled,2025-07-24,2025-07-26,2025-07-24,PA2,OnTrac,1,1,11.53,1.8,0.0,13.33,shipmonk_estimate,USD
159479,6734586118454,Cattasaurus - shoproxstore - Shopify,direct_to_consumer,fulfilled,2025-07-24,2025-07-26,2025-07-24,PA2,UPS,1,1,13.09,1.8,0.0,14.89,shipmonk_estimate,USD
159482,6734663942454,Cattasaurus - shoproxstore - Shopify,direct_to_consumer,fulfilled,2025-07-24,2025-07-28,2025-07-24,NV3,OnTrac,1,1,11.53,1.8,0.0,13.33,shipmonk_estimate,USD
159483,6734668824886,Cattasaurus - shoproxstore - Shopify,direct_to_consumer,fulfilled,2025-07-24,2025-07-28,2025-07-24,NV3,OnTrac,1,1,14.04,1.8,0.0,15.84,shipmonk_estimate,USD
159484,6734670299446,Cattasaurus - shoproxstore - Shopify,direct_to_consumer,fulfilled,2025-07-24,2025-07-28,2025-07-24,NV3,OnTrac,1,1,14.3,1.8,0.0,16.1,shipmonk_estimate,USD
159485,6734702936374,Cattasaurus - shoproxstore - Shopify,direct_to_consumer,fulfilled,2025-07-24,2025-08-03,2025-07-24,PA2,FedEx,1,1,16.45,1.8,0.0,18.25,shipmonk_estimate,USD
159486,6734739210550,Cattasaurus - shoproxstore - Shopify,direct_to_consumer,fulfilled,2025-07-24,2025-07-28,2025-07-24,NV3,OnTrac,1,1,20.56,1.8,0.0,22.36,shipmonk_estimate,USD
159487,6734741700918,Cattasaurus - shoproxstore - Shopify,direct_to_consumer,fulfilled,2025-07-24,2025-07-28,2025-07-24,NV3,OnTrac,1,1,12.74,1.8,0.0,14.54,shipmonk_estimate,USD
159488,6734782529846,Cattasaurus - shoproxstore - Shopify,direct_to_consumer,fulfilled,2025-07-24,2025-07-28,2025-07-24,NV3,OnTrac,1,1,11.53,1.8,0.0,13.33,shipmonk_estimate,USD
159490,6734803304758,Cattasaurus - shoproxstore - Shopify,direct_to_consumer,fulfilled,2025-07-24,2025-07-28,2025-07-24,NV3,OnTrac,1,1,11.53,1.8,0.0,13.33,shipmonk_estimate,USD
159491,6734821949750,Cattasaurus - shoproxstore - Shopify,direct_to_consumer,fulfilled,2025-07-24,2025-07-28,2025-07-24,NV3,OnTrac,1,1,18.01,2.1,0.0,20.11,shipmonk_estimate,USD
INF192,86828e92-eea8-442a-9c1d-d856a01cd2f9,Cattasaurus - Manual Store,direct_to_consumer,fulfilled,2025-07-24,2025-07-25,2025-07-24,PA2,OnTrac,1,1,9.97,1.8,0.0,11.77,shipmonk_estimate,USD
INF193,24232ef1-c9e9-4b49-b3d8-b2171d4e1a7f,Cattasaurus - Manual Store,direct_to_consumer,fulfilled,2025-07-24,2025-07-28,2025-07-24,NV3,OnTrac,1,1,20.56,1.8,0.0,22.36,shipmonk_estimate,USD
INF194,3dab0979-09b9-4cb4-b360-eba3be4343e7,Cattasaurus - Manual Store,direct_to_consumer,fulfilled,2025-07-24,2025-07-25,2025-07-24,PA2,FedEx,1,1,12.5,2.5,0.0,15.0,shipmonk_estimate,USD
159493,6734864384310,Cattasaurus - shoproxstore - Shopify,direct_to_consumer,fulfilled,2025-07-25,2025-07-28,2025-07-25,NV3,OnTrac,1,1,11.72,2.1,0.0,13.82,shipmonk_estimate,USD
159494,6735031632182,Cattasaurus - shoproxstore - Shopify,direct_to_consumer,fulfilled,2025-07-25,2025-07-26,2025-07-25,PA2,OnTrac,1,1,11.53,1.8,0.0,13.33,shipmonk_estimate,USD
159495,6735035629878,Cattasaurus - shoproxstore - Shopify,direct_to_consumer,fulfilled,2025-07-25,2025-07-26,2025-07-25,PA2,OnTrac,1,1,11.53,1.8,0.0,13.33,shipmonk_estimate,USD
159496,6735041823030,Cattasaurus - shoproxstore - Shopify,direct_to_consumer,fulfilled,2025-07-25,2025-07-26,2025-07-25,PA2,OnTrac,1,1,11.53,1.8,0.0,13.33,shipmonk_estimate,USD
159497,6735048278326,Cattasaurus - shoproxstore - Shopify,direct_to_consumer,fulfilled,2025-07-25,2025-07-26,2025-07-25,PA2,OnTrac,1,1,15.9,1.8,0.0,17.7,shipmonk_estimate,USD
159498,6735063548214,Cattasaurus - shoproxstore - Shopify,direct_to_consumer,fulfilled,2025-07-25,2025-07-26,2025-07-25,PA2,OnTrac,1,1,11.53,1.8,0.0,13.33,shipmonk_estimate,USD
159499,6735073182006,Cattasaurus - shoproxstore - Shopify,direct_to_consumer,fulfilled,2025-07-25,2025-07-26,2025-07-25,PA2,FedEx,1,1,14.04,1.8,0.0,15.84,shipmonk_estimate,USD
159500,6735086649654,Cattasaurus - shoproxstore - Shopify,direct_to_consumer,fulfilled,2025-07-25,2025-08-04,2025-07-25,PA2,OnTrac,1,1,12.8,2.1,0.0,14.9,shipmonk_estimate,USD
159501,6735087370550,Cattasaurus - shoproxstore - Shopify,direct_to_consumer,fulfilled,2025-07-25,2025-07-26,2025-07-25,PA2,OnTrac,1,1,11.53,1.8,0.0,13.33,shipmonk_estimate,USD
159502,6735095398710,Cattasaurus - shoproxstore - Shopify,direct_to_consumer,fulfilled,2025-07-25,2025-08-03,2025-07-25,PA2,OnTrac,1,1,16.45,1.8,0.0,18.25,shipmonk_estimate,USD
159504,6735104442678,Cattasaurus - shoproxstore - Shopify,direct_to_consumer,fulfilled,2025-07-25,2025-07-26,2025-07-25,PA2,OnTrac,1,1,11.53,1.8,0.0,13.33,shipmonk_estimate,USD
159506,6735115288886,Cattasaurus - shoproxstore - Shopify,direct_to_consumer,fulfilled,2025-07-25,2025-08-03,2025-07-25,PA2,OnTrac,1,1,12.74,1.8,0.0,14.54,shipmonk_estimate,USD
159507,6735115485494,Cattasaurus - shoproxstore - Shopify,direct_to_consumer,fulfilled,2025-07-25,2025-07-26,2025-07-25,PA2,OnTrac,1,1,11.53,1.8,0.0,13.33,shipmonk_estimate,USD
159508,6735122661686,Cattasaurus - shoproxstore - Shopify,direct_to_consumer,fulfilled,2025-07-25,2025-07-26,2025-07-25,PA2,UPS,1,1,12.37,1.8,0.0,14.17,shipmonk_estimate,USD
159510,6735124791606,Cattasaurus - shoproxstore - Shopify,direct_to_consumer,fulfilled,2025-07-25,2025-07-26,2025-07-25,PA2,OnTrac,1,1,10.81,1.8,0.0,12.61,shipmonk_estimate,USD
159511,6735128330550,Cattasaurus - shoproxstore - Shopify,direct_to_consumer,fulfilled,2025-07-25,2025-07-26,2025-07-25,PA2,OnTrac,1,1,20.29,1.8,0.0,22.09,shipmonk_estimate,USD
159512,6735134916918,Cattasaurus - shoproxstore - Shopify,direct_to_consumer,fulfilled,2025-07-25,2025-07-28,2025-07-25,NV3,OnTrac,1,1,18.73,1.8,0.0,20.53,shipmonk_estimate,USD
159513,6735139799350,Cattasaurus - shoproxstore - Shopify,direct_to_consumer,fulfilled,2025-07-25,2025-07-28,2025-07-25,NV3,OnTrac,1,1,20.56,1.8,0.0,22.36,shipmonk_estimate,USD
159514,6735141634358,Cattasaurus - shoproxstore - Shopify,direct_to_consumer,fulfilled,2025-07-25,2025-07-26,2025-07-25,PA2,OnTrac,1,1,10.81,1.8,0.0,12.61,shipmonk_estimate,USD
159515,6735143272758,Cattasaurus - shoproxstore - Shopify,direct_to_consumer,fulfilled,2025-07-25,2025-07-27,2025-07-25,PA2,FedEx,1,1,14.65,1.5,0.0,16.15,shipmonk_estimate,USD
159517,6735145107766,Cattasaurus - shoproxstore - Shopify,direct_to_consumer,fulfilled,2025-07-25,2025-07-26,2025-07-25,PA2,OnTrac,1,1,14.04,1.8,0.0,15.84,shipmonk_estimate,USD
159518,6735146582326,Cattasaurus - shoproxstore - Shopify,direct_to_consumer,fulfilled,2025-07-25,2025-08-04,2025-07-25,PA2,FedEx,1,1,18.01,2.1,0.0,20.11,shipmonk_estimate,USD
159519,6735152513334,Cattasaurus - shoproxstore - Shopify,direct_to_consumer,fulfilled,2025-07-25,2025-08-04,2025-07-25,PA2,FedEx,1,1,14.05,2.1,0.0,16.15,shipmonk_estimate,USD
159520,6735155265846,Cattasaurus - shoproxstore - Shopify,direct_to_consumer,fulfilled,2025-07-25,2025-08-04,2025-07-25,PA2,OnTrac,1,1,10.86,2.4,0.0,13.26,shipmonk_estimate,USD
159521,6735155495222,Cattasaurus - shoproxstore - Shopify,direct_to_consumer,fulfilled,2025-07-25,2025-07-28,2025-07-25,NV3,OnTrac,1,1,15.9,1.8,0.0,17.7,shipmonk_estimate,USD
159522,6735155855670,Cattasaurus - shoproxstore - Shopify,direct_to_consumer,fulfilled,2025-07-25,2025-08-04,2025-07-25,PA2,FedEx,1,1,19.32,2.4,0.0,21.72,shipmonk_estimate,USD
159523,6735171322166,Cattasaurus - shoproxstore - Shopify,direct_to_consumer,fulfilled,2025-07-25,2025-07-26,2025-07-25,PA2,UPS,1,1,13.28,1.8,0.0,15.08,shipmonk_estimate,USD
159524,6735176597814,Cattasaurus - shoproxstore - Shopify,direct_to_consumer,fulfilled,2025-07-25,2025-07-28,2025-07-25,NV3,OnTrac,1,1,20.56,1.8,0.0,22.36,shipmonk_estimate,USD
159525,6735177318710,Cattasaurus - shoproxstore - Shopify,direct_to_consumer,fulfilled,2025-07-25,2025-07-28,2025-07-25,NV3,OnTrac,1,1,15.9,1.8,0.0,17.7,shipmonk_estimate,USD
159526,6735179448630,Cattasaurus - shoproxstore - Shopify,direct_to_consumer,fulfilled,2025-07-25,2025-07-28,2025-07-25,NV3,FedEx,1,1,18.73,1.8,0.0,20.53,shipmonk_estimate,USD
159527,6735180103990,Cattasaurus - shoproxstore - Shopify,direct_to_consumer,fulfilled,2025-07-25,2025-08-03,2025-07-25,PA2,OnTrac,1,1,10.91,1.8,0.0,12.71,shipmonk_estimate,USD
159528,6735189868854,Cattasaurus - shoproxstore - Shopify,direct_to_consumer,fulfilled,2025-07-25,2025-07-26,2025-07-25,PA2,OnTrac,1,1,13.28,1.8,0.0,15.08,shipmonk_estimate,USD
159529,6735191245110,Cattasaurus - shoproxstore - Shopify,direct_to_consumer,fulfilled,2025-07-25,2025-07-28,2025-07-25,NV3,UPS,1,1,20.29,1.8,0.0,22.09,shipmonk_estimate,USD
159531,6735201730870,Cattasaurus - shoproxstore - Shopify,direct_to_consumer,fulfilled,2025-07-25,2025-07-27,2025-07-25,PA2,OnTrac,1,1,14.04,2.1,0.0,16.14,shipmonk_estimate,USD
159532,6735201829174,Cattasaurus - shoproxstore - Shopify,direct_to_consumer,fulfilled,2025-07-25,2025-08-03,2025-07-25,PA2,OnTrac,1,1,12.74,1.8,0.0,14.54,shipmonk_estimate,USD
159533,6735206514998,Cattasaurus - shoproxstore - Shopify,direct_to_consumer,fulfilled,2025-07-25,2025-07-27,2025-07-25,PA2,FedEx,1,1,16.21,1.5,0.0,17.71,shipmonk_estimate,USD
159534,6735207858486,Cattasaurus - shoproxstore - Shopify,direct_to_consumer,fulfilled,2025-07-25,2025-07-26,2025-07-25,PA2,UPS,1,1,12.37,1.8,0.0,14.17,shipmonk_estimate,USD
159535,6735214870838,Cattasaurus - shoproxstore - Shopify,direct_to_consumer,fulfilled,2025-07-25,2025-07-28,2025-07-25,NV3,OnTrac,1,1,20.56,1.8,0.0,22.36,shipmonk_estimate,USD
159536,6735216738614,Cattasaurus - shoproxstore - Shopify,direct_to_consumer,fulfilled,2025-07-25,2025-08-10,2025-07-25,PA2,OnTrac,1,1,16.52,1.8,0.0,18.32,shipmonk_estimate,USD
159538,6735223095606,Cattasaurus - shoproxstore - Shopify,direct_to_consumer,fulfilled,2025-07-25,2025-07-26,2025-07-25,PA2,OnTrac,1,1,11.72,1.8,0.0,13.52,shipmonk_estimate,USD
159539,6735225159990,Cattasaurus - shoproxstore - Shopify,direct_to_consumer,fulfilled,2025-07-25,2025-07-28,2025-07-25,NV3,OnTrac,1,1,15.9,2.1,0.0,18.0,shipmonk_estimate,USD
159540,6735236170038,Cattasaurus - shoproxstore - Shopify,direct_to_consumer,fulfilled,2025-07-25,2025-07-28,2025-07-25,NV3,FedEx,1,1,18.73,1.8,0.0,20.53,shipmonk_estimate,USD
159541,6735238103350,Cattasaurus - shoproxstore - Shopify,direct_to_consumer,fulfilled,2025-07-25,2025-07-26,2025-07-25,PA2,OnTrac,1,1,12.37,1.8,0.0,14.17,shipmonk_estimate,USD
159542,6735246557494,Cattasaurus - shoproxstore - Shopify,direct_to_consumer,fulfilled,2025-07-25,2025-07-28,2025-07-25,NV3,OnTrac,1,1,20.56,1.8,0.0,22.36,shipmonk_estimate,USD
159543,6735248916790,Cattasaurus - shoproxstore - Shopify,direct_to_consumer,fulfilled,2025-07-25,2025-07-28,2025-07-25,NV3,UPS,1,1,13.28,1.8,0.0,15.08,shipmonk_estimate,USD
159545,6735259959606,Cattasaurus - shoproxstore - Shopify,direct_to_consumer,fulfilled,2025-07-25,2025-07-26,2025-07-25,PA2,OnTrac,1,1,11.53,1.8,0.0,13.33,shipmonk_estimate,USD
159546,6735263400246,Cattasaurus - shoproxstore - Shopify,direct_to_consumer,fulfilled,2025-07-25,2025-08-04,2025-07-25,PA2,UPS,1,1,13.09,1.8,0.0,14.89,shipmonk_estimate,USD
159547,6735272935734,Cattasaurus - shoproxstore - Shopify,direct_to_consumer,fulfilled,2025-07-25,2025-08-03,2025-07-25,PA2,FedEx,1,1,14.05,1.8,0.0,15.85,shipmonk_estimate,USD
159548,6735274574134,Cattasaurus - shoproxstore - Shopify,direct_to_consumer,fulfilled,2025-07-25,2025-08-03,2025-07-25,PA2,OnTrac,1,1,12.74,1.8,0.0,14.54,shipmonk_estimate,USD
159549,6735281094966,Cattasaurus - shoproxstore - Shopify,direct_to_consumer,fulfilled,2025-07-25,2025-07-26,2025-07-25,PA2,FedEx,1,1,14.04,1.8,0.0,15.84,shipmonk_estimate,USD
159550,6735284928822,Cattasaurus - shoproxstore - Shopify,direct_to_consumer,fulfilled,2025-07-25,2025-08-03,2025-07-25,PA2,OnTrac,1,1,10.91,1.8,0.0,12.71,shipmonk_estimate,USD
159551,6735285420342,Cattasaurus - shoproxstore - Shopify,direct_to_consumer,fulfilled,2025-07-25,2025-08-03,2025-07-25,PA2,OnTrac,1,1,18.01,1.8,0.0,19.81,shipmonk_estimate,USD
159554,6735294366006,Cattasaurus - shoproxstore - Shopify,direct_to_consumer,fulfilled,2025-07-25,2025-08-03,2025-07-25,PA2,OnTrac,1,1,12.74,1.8,0.0,14.54,shipmonk_estimate,USD
159556,6735303803190,Cattasaurus - shoproxstore - Shopify,direct_to_consumer,fulfilled,2025-07-25,2025-07-28,2025-07-25,NV3,OnTrac,1,1,14.04,1.8,0.0,15.84,shipmonk_estimate,USD
159557,6735304884534,Cattasaurus - shoproxstore - Shopify,direct_to_consumer,fulfilled,2025-07-25,2025-07-28,2025-07-25,NV3,FedEx,1,1,18.73,1.8,0.0,20.53,shipmonk_estimate,USD
159558,6735306981686,Cattasaurus - shoproxstore - Shopify,direct_to_consumer,fulfilled,2025-07-25,2025-07-28,2025-07-25,NV3,OnTrac,1,1,11.53,1.8,0.0,13.33,shipmonk_estimate,USD
159559,6735316582710,Cattasaurus - shoproxstore - Shopify,direct_to_consumer,fulfilled,2025-07-25,2025-07-28,2025-07-25,NV3,OnTrac,1,1,18.73,1.8,0.0,20.53,shipmonk_estimate,USD
159561,6735323922742,Cattasaurus - shoproxstore - Shopify,direct_to_consumer,fulfilled,2025-07-25,2025-07-28,2025-07-25,NV3,OnTrac,1,1,11.53,1.8,0.0,13.33,shipmonk_estimate,USD
159562,6735327199542,Cattasaurus - shoproxstore - Shopify,direct_to_consumer,fulfilled,2025-07-25,2025-07-28,2025-07-25,NV3,UPS,1,1,17.46,1.8,0.0,19.26,shipmonk_estimate,USD
159563,6735329132854,Cattasaurus - shoproxstore - Shopify,direct_to_consumer,fulfilled,2025-07-25,2025-07-28,2025-07-25,NV3,OnTrac,1,1,18.73,1.8,0.0,20.53,shipmonk_estimate,USD
159564,6735344927030,Cattasaurus - shoproxstore - Shopify,direct_to_consumer,fulfilled,2025-07-25,2025-07-28,2025-07-25,NV3,FedEx,1,1,15.9,1.8,0.0,17.7,shipmonk_estimate,USD
159566,6735349121334,Cattasaurus - shoproxstore - Shopify,direct_to_consumer,fulfilled,2025-07-25,2025-07-26,2025-07-25,PA2,OnTrac,1,1,11.72,1.8,0.0,13.52,shipmonk_estimate,USD
159567,6735360327990,Cattasaurus - shoproxstore - Shopify,direct_to_consumer,fulfilled,2025-07-25,2025-07-28,2025-07-25,NV3,OnTrac,1,1,20.29,1.8,0.0,22.09,shipmonk_estimate,USD
159568,6735361343798,Cattasaurus - shoproxstore - Shopify,direct_to_consumer,fulfilled,2025-07-25,2025-07-26,2025-07-25,PA2,OnTrac,1,1,15.6,1.8,0.0,17.4,shipmonk_estimate,USD
159569,6735361933622,Cattasaurus - shoproxstore - Shopify,direct_to_consumer,fulfilled,2025-07-25,2025-07-28,2025-07-25,NV3,FedEx,1,1,14.04,1.8,0.0,15.84,shipmonk_estimate,USD
159570,6735362883894,Cattasaurus - shoproxstore - Shopify,direct_to_consumer,fulfilled,2025-07-25,2025-07-27,2025-07-25,PA2,OnTrac,1,1,11.53,1.8,0.0,13.33,shipmonk_estimate,USD
159571,6735363604790,Cattasaurus - shoproxstore - Shopify,direct_to_consumer,fulfilled,2025-07-25,2025-08-03,2025-07-25,PA2,OnTrac,1,1,16.45,1.8,0.0,18.25,shipmonk_estimate,USD
159572,6735371665718,Cattasaurus - shoproxstore - Shopify,direct_to_consumer,fulfilled,2025-07-25,2025-08-04,2025-07-25,PA2,OnTrac,1,1,10.95,2.1,0.0,13.05,shipmonk_estimate,USD
159573,6735386673462,Cattasaurus - shoproxstore - Shopify,direct_to_consumer,fulfilled,2025-07-25,2025-08-03,2025-07-25,PA2,OnTrac,1,1,14.05,1.8,0.0,15.85,shipmonk_estimate,USD
159574,6735387263286,Cattasaurus - shoproxstore - Shopify,direct_to_consumer,fulfilled,2025-07-25,2025-08-03,2025-07-25,PA2,FedEx,1,1,15.61,1.8,0.0,17.41,shipmonk_estimate,USD
159575,6735399026998,Cattasaurus - shoproxstore - Shopify,direct_to_consumer,fulfilled,2025-07-25,2025-07-26,2025-07-25,PA2,FedEx,1,1,14.04,1.8,0.0,15.84,shipmonk_estimate,USD
159576,6735407644982,Cattasaurus - shoproxstore - Shopify,direct_to_consumer,fulfilled,2025-07-25,2025-07-28,2025-07-25,NV3,OnTrac,1,1,16.45,1.8,0.0,18.25,shipmonk_estimate,USD
159577,6735409840438,Cattasaurus - shoproxstore - Shopify,direct_to_consumer,fulfilled,2025-07-25,2025-07-27,2025-07-25,PA2,OnTrac,1,1,14.05,1.5,0.0,15.55,shipmonk_estimate,USD
159578,6735410987318,Cattasaurus - shoproxstore - Shopify,direct_to_consumer,fulfilled,2025-07-25,2025-08-08,2025-07-25,PA2,OnTrac,2,1,14.1,2.1,0.0,16.2,shipmonk_estimate,USD
159580,6735413608758,Cattasaurus - shoproxstore - Shopify,direct_to_consumer,fulfilled,2025-07-25,2025-07-27,2025-07-25,PA2,FedEx,1,1,16.45,1.8,0.0,18.25,shipmonk_estimate,USD
159581,6735421210934,Cattasaurus - shoproxstore - Shopify,direct_to_consumer,fulfilled,2025-07-25,2025-07-26,2025-07-25,PA2,OnTrac,1,1,10.81,1.8,0.0,12.61,shipmonk_estimate,USD
159582,6735427043638,Cattasaurus - shoproxstore - Shopify,direct_to_consumer,fulfilled,2025-07-25,2025-07-28,2025-07-25,NV3,OnTrac,2,1,18.73,2.7,0.0,21.43,shipmonk_estimate,USD
159583,6735428059446,Cattasaurus - shoproxstore - Shopify,direct_to_consumer,fulfilled,2025-07-25,2025-07-26,2025-07-25,PA2,OnTrac,1,1,11.53,1.8,0.0,13.33,shipmonk_estimate,USD
159584,6735430713654,Cattasaurus - shoproxstore - Shopify,direct_to_consumer,fulfilled,2025-07-25,2025-08-03,2025-07-25,PA2,OnTrac,1,1,14.05,1.8,0.0,15.85,shipmonk_estimate,USD
159585,6735430844726,Cattasaurus - shoproxstore - Shopify,direct_to_consumer,fulfilled,2025-07-25,2025-08-04,2025-07-25,NV3,OnTrac,1,1,14.1,1.8,0.0,15.9,shipmonk_estimate,USD
159586,6735433105718,Cattasaurus - shoproxstore - Shopify,direct_to_consumer,fulfilled,2025-07-25,2025-07-26,2025-07-25,PA2,UPS,1,1,13.09,1.8,0.0,14.89,shipmonk_estimate,USD
159587,6735438512438,Cattasaurus - shoproxstore - Shopify,direct_to_consumer,fulfilled,2025-07-25,2025-07-28,2025-07-25,NV3,OnTrac,1,1,16.45,2.1,0.0,18.55,shipmonk_estimate,USD
159588,6735451586870,Cattasaurus - shoproxstore - Shopify,direct_to_consumer,fulfilled,2025-07-25,2025-07-26,2025-07-25,PA2,OnTrac,1,1,13.28,1.8,0.0,15.08,shipmonk_estimate,USD
159589,6735455027510,Cattasaurus - shoproxstore - Shopify,direct_to_consumer,fulfilled,2025-07-25,2025-08-04,2025-07-25,PA2,OnTrac,1,1,11.77,2.1,0.0,13.87,shipmonk_estimate,USD
159590,6735462400310,Cattasaurus - shoproxstore - Shopify,direct_to_consumer,fulfilled,2025-07-25,2025-07-28,2025-07-25,NV3,OnTrac,1,1,11.53,1.8,0.0,13.33,shipmonk_estimate,USD
159591,6735469510966,Cattasaurus - shoproxstore - Shopify,direct_to_consumer,fulfilled,2025-07-25,2025-07-28,2025-07-25,NV3,OnTrac,1,1,11.53,1.8,0.0,13.33,shipmonk_estimate,USD
159592,6735470919990,Cattasaurus - shoproxstore - Shopify,direct_to_consumer,fulfilled,2025-07-25,2025-07-28,2025-07-25,NV3,OnTrac,1,1,11.53,1.8,0.0,13.33,shipmonk_estimate,USD
159593,6735478456630,Cattasaurus - shoproxstore - Shopify,direct_to_consumer,fulfilled,2025-07-25,2025-07-26,2025-07-25,PA2,OnTrac,1,1,11.53,1.8,0.0,13.33,shipmonk_estimate,USD
159594,6735480881462,Cattasaurus - shoproxstore - Shopify,direct_to_consumer,fulfilled,2025-07-25,2025-08-03,2025-07-25,PA2,FedEx,1,1,14.3,1.8,0.0,16.1,shipmonk_estimate,USD
159595,6735481209142,Cattasaurus - shoproxstore - Shopify,direct_to_consumer,fulfilled,2025-07-25,2025-07-26,2025-07-25,PA2,OnTrac,1,1,10.81,1.8,0.0,12.61,shipmonk_estimate,USD
159596,6735482159414,Cattasaurus - shoproxstore - Shopify,direct_to_consumer,fulfilled,2025-07-25,2025-07-27,2025-07-25,PA2,OnTrac,1,1,13.28,1.8,0.0,15.08,shipmonk_estimate,USD
159597,6735488155958,Cattasaurus - shoproxstore - Shopify,direct_to_consumer,fulfilled,2025-07-25,2025-07-27,2025-07-25,PA2,FedEx,1,1,16.31,1.5,0.0,17.81,shipmonk_estimate,USD
159598,6735489138998,Cattasaurus - shoproxstore - Shopify,direct_to_consumer,fulfilled,2025-07-25,2025-07-27,2025-07-25,PA2,UPS,1,1,15.6,3.5,0.0,19.1,shipmonk_estimate,USD
159599,6735491760438,Cattasaurus - shoproxstore - Shopify,direct_to_consumer,fulfilled,2025-07-25,2025-07-28,2025-07-25,NV3,OnTrac,1,1,16.45,2.1,0.0,18.55,shipmonk_estimate,USD
159600,6735503982902,Cattasaurus - shoproxstore - Shopify,direct_to_consumer,fulfilled,2025-07-25,2025-08-04,2025-07-25,PA2,UPS,1,1,13.28,1.8,0.0,15.08,shipmonk_estimate,USD
159601,6735506309430,Cattasaurus - shoproxstore - Shopify,direct_to_consumer,fulfilled,2025-07-25,2025-07-26,2025-07-25,PA2,OnTrac,1,1,15.6,1.8,0.0,17.4,shipmonk_estimate,USD
159602,6735525085494,Cattasaurus - shoproxstore - Shopify,direct_to_consumer,fulfilled,2025-07-25,2025-07-28,2025-07-25,NV3,OnTrac,1,1,0.0,1.8,0.0,1.8,shipmonk_estimate,USD
159603,6735525675318,Cattasaurus - shoproxstore - Shopify,direct_to_consumer,fulfilled,2025-07-25,2025-07-28,2025-07-25,NV3,OnTrac,1,1,11.53,1.8,0.0,13.33,shipmonk_estimate,USD
159604,6735547793718,Cattasaurus - shoproxstore - Shopify,direct_to_consumer,fulfilled,2025-07-25,2025-07-26,2025-07-25,PA2,UPS,1,1,15.6,1.8,0.0,17.4,shipmonk_estimate,USD
159605,6735548154166,Cattasaurus - shoproxstore - Shopify,direct_to_consumer,fulfilled,2025-07-25,2025-07-28,2025-07-25,NV3,OnTrac,1,1,15.6,2.1,0.0,17.7,shipmonk_estimate,USD
159606,6735551234358,Cattasaurus - shoproxstore - Shopify,direct_to_consumer,fulfilled,2025-07-25,2025-07-26,2025-07-25,PA2,UPS,1,1,15.6,1.8,0.0,17.4,shipmonk_estimate,USD
159607,6735552938294,Cattasaurus - shoproxstore - Shopify,direct_to_consumer,fulfilled,2025-07-25,2025-07-26,2025-07-25,PA2,UPS,1,1,15.6,1.8,0.0,17.4,shipmonk_estimate,USD
159608,6735554674998,Cattasaurus - shoproxstore - Shopify,direct_to_consumer,fulfilled,2025-07-25,2025-07-28,2025-07-25,NV3,OnTrac,1,1,16.45,1.8,0.0,18.25,shipmonk_estimate,USD
159609,6735562604854,Cattasaurus - shoproxstore - Shopify,direct_to_consumer,fulfilled,2025-07-25,2025-07-28,2025-07-25,NV3,OnTrac,1,1,11.72,1.8,0.0,13.52,shipmonk_estimate,USD
159610,6735565029686,Cattasaurus - shoproxstore - Shopify,direct_to_consumer,fulfilled,2025-07-25,2025-07-28,2025-07-25,NV3,OnTrac,1,1,11.53,1.8,0.0,13.33,shipmonk_estimate,USD
159611,6735569518902,Cattasaurus - shoproxstore - Shopify,direct_to_consumer,fulfilled,2025-07-25,2025-07-28,2025-07-25,NV3,OnTrac,1,1,20.56,1.8,0.0,22.36,shipmonk_estimate,USD
159613,6735585673526,Cattasaurus - shoproxstore - Shopify,direct_to_consumer,fulfilled,2025-07-25,2025-07-28,2025-07-25,NV3,OnTrac,1,1,14.04,1.8,0.0,15.84,shipmonk_estimate,USD
159614,6735589441846,Cattasaurus - shoproxstore - Shopify,direct_to_consumer,fulfilled,2025-07-25,2025-07-26,2025-07-25,PA2,OnTrac,1,1,11.72,1.8,0.0,13.52,shipmonk_estimate,USD
159615,6735590719798,Cattasaurus - shoproxstore - Shopify,direct_to_consumer,fulfilled,2025-07-25,2025-07-28,2025-07-25,NV3,OnTrac,1,1,20.56,1.8,0.0,22.36,shipmonk_estimate,USD
159616,6735609233718,Cattasaurus - shoproxstore - Shopify,direct_to_consumer,fulfilled,2025-07-25,2025-07-28,2025-07-25,NV3,FedEx,1,1,15.9,1.8,0.0,17.7,shipmonk_estimate,USD
159617,6735625683254,Cattasaurus - shoproxstore - Shopify,direct_to_consumer,fulfilled,2025-07-25,2025-07-28,2025-07-25,NV3,FedEx,1,1,15.61,1.8,0.0,17.41,shipmonk_estimate,USD
159618,6735632204086,Cattasaurus - shoproxstore - Shopify,direct_to_consumer,fulfilled,2025-07-25,2025-07-28,2025-07-25,NV3,UPS,1,1,13.28,1.8,0.0,15.08,shipmonk_estimate,USD
159619,6735635022134,Cattasaurus - shoproxstore - Shopify,direct_to_consumer,fulfilled,2025-07-25,2025-08-03,2025-07-25,PA2,OnTrac,1,1,15.61,1.8,0.0,17.41,shipmonk_estimate,USD
159620,6735643836726,Cattasaurus - shoproxstore - Shopify,direct_to_consumer,fulfilled,2025-07-25,2025-07-26,2025-07-25,PA2,OnTrac,1,1,10.81,1.8,0.0,12.61,shipmonk_estimate,USD
159621,6735657107766,Cattasaurus - shoproxstore - Shopify,direct_to_consumer,fulfilled,2025-07-25,2025-07-28,2025-07-25,NV3,OnTrac,1,1,14.04,1.8,0.0,15.84,shipmonk_estimate,USD
159623,6735671820598,Cattasaurus - shoproxstore - Shopify,direct_to_consumer,fulfilled,2025-07-25,2025-07-28,2025-07-25,NV3,FedEx,1,1,15.9,1.8,0.0,17.7,shipmonk_estimate,USD
159624,6735687287094,Cattasaurus - shoproxstore - Shopify,direct_to_consumer,fulfilled,2025-07-25,2025-07-26,2025-07-25,PA2,OnTrac,1,1,11.72,1.8,0.0,13.52,shipmonk_estimate,USD
159625,6735700132150,Cattasaurus - shoproxstore - Shopify,direct_to_consumer,fulfilled,2025-07-25,2025-07-28,2025-07-25,NV3,OnTrac,1,1,20.56,1.8,0.0,22.36,shipmonk_estimate,USD
159626,6735702425910,Cattasaurus - shoproxstore - Shopify,direct_to_consumer,fulfilled,2025-07-25,2025-07-26,2025-07-25,PA2,UPS,1,1,13.09,1.8,0.0,14.89,shipmonk_estimate,USD
159627,6735708422454,Cattasaurus - shoproxstore - Shopify,direct_to_consumer,fulfilled,2025-07-25,2025-07-26,2025-07-25,PA2,FedEx,1,1,11.53,1.8,0.0,13.33,shipmonk_estimate,USD
159628,6735709995318,Cattasaurus - shoproxstore - Shopify,direct_to_consumer,fulfilled,2025-07-25,2025-08-01,2025-07-25,NV3,DHL eCommerce,2,1,5.68,2.4,0.3,8.38,shipmonk_estimate,USD
159628_1,d638a051-3e58-4136-a932-07e77595275c,Cattasaurus - shoproxstore - Shopify,direct_to_consumer,fulfilled,2025-07-25,2025-08-01,2025-07-25,NV3,OnTrac,1,1,14.04,2.3,0.0,16.34,shipmonk_estimate,USD
159629,6735713009974,Cattasaurus - shoproxstore - Shopify,direct_to_consumer,fulfilled,2025-07-25,2025-07-28,2025-07-25,NV3,OnTrac,1,1,10.81,1.8,0.0,12.61,shipmonk_estimate,USD
159630,6735735324982,Cattasaurus - shoproxstore - Shopify,direct_to_consumer,fulfilled,2025-07-25,2025-08-08,2025-07-25,PA2,OnTrac,2,1,12.42,2.1,0.0,14.52,shipmonk_estimate,USD
159632,6735749906742,Cattasaurus - shoproxstore - Shopify,direct_to_consumer,fulfilled,2025-07-25,2025-07-26,2025-07-25,PA2,OnTrac,1,1,14.04,1.8,0.0,15.84,shipmonk_estimate,USD
159633,6735753937206,Cattasaurus - shoproxstore - Shopify,direct_to_consumer,fulfilled,2025-07-25,2025-07-28,2025-07-25,NV3,OnTrac,1,1,14.3,1.8,0.0,16.1,shipmonk_estimate,USD
159634,6735765340470,Cattasaurus - shoproxstore - Shopify,direct_to_consumer,fulfilled,2025-07-25,2025-07-26,2025-07-25,PA2,OnTrac,1,1,11.53,1.8,0.0,13.33,shipmonk_estimate,USD
159635,6735783657782,Cattasaurus - shoproxstore - Shopify,direct_to_consumer,fulfilled,2025-07-25,2025-07-28,2025-07-25,NV3,OnTrac,1,1,14.04,1.8,0.0,15.84,shipmonk_estimate,USD
159637,6735790407990,Cattasaurus - shoproxstore - Shopify,direct_to_consumer,fulfilled,2025-07-25,2025-08-08,2025-07-25,PA2,OnTrac,2,1,18.81,1.8,0.0,20.61,shipmonk_estimate,USD
159637_1,1d244315-1e3d-404c-be12-e501148d0cdc,Cattasaurus - shoproxstore - Shopify,direct_to_consumer,fulfilled,2025-07-25,2025-08-06,2025-07-25,NV3,OnTrac,1,1,14.1,2.1,0.0,16.2,shipmonk_estimate,USD
159638,6735794897206,Cattasaurus - shoproxstore - Shopify,direct_to_consumer,fulfilled,2025-07-25,2025-07-26,2025-07-25,PA2,OnTrac,1,1,10.81,1.8,0.0,12.61,shipmonk_estimate,USD
159639,6735803318582,Cattasaurus - shoproxstore - Shopify,direct_to_consumer,fulfilled,2025-07-25,2025-07-28,2025-07-25,NV3,OnTrac,1,1,11.53,2.1,0.0,13.63,shipmonk_estimate,USD
159640,6735807349046,Cattasaurus - shoproxstore - Shopify,direct_to_consumer,fulfilled,2025-07-25,2025-07-27,2025-07-25,PA2,OnTrac,1,1,17.87,1.5,0.0,19.37,shipmonk_estimate,USD
159641,6735828746550,Cattasaurus - shoproxstore - Shopify,direct_to_consumer,fulfilled,2025-07-25,2025-07-28,2025-07-25,NV3,OnTrac,1,1,13.28,1.8,0.0,15.08,shipmonk_estimate,USD
159642,6735829369142,Cattasaurus - shoproxstore - Shopify,direct_to_consumer,fulfilled,2025-07-25,2025-07-27,2025-07-25,PA2,USPS,1,1,12.23,1.8,0.0,14.03,shipmonk_estimate,USD
159644,6735846572342,Cattasaurus - shoproxstore - Shopify,direct_to_consumer,fulfilled,2025-07-25,2025-07-28,2025-07-25,NV3,OnTrac,1,1,14.04,1.8,0.0,15.84,shipmonk_estimate,USD
159645,6735857418550,Cattasaurus - shoproxstore - Shopify,direct_to_consumer,fulfilled,2025-07-25,2025-07-27,2025-07-25,PA2,OnTrac,1,1,10.81,1.8,0.0,12.61,shipmonk_estimate,USD
159647,6735867445558,Cattasaurus - shoproxstore - Shopify,direct_to_consumer,fulfilled,2025-07-25,2025-07-27,2025-07-25,PA2,OnTrac,1,1,11.53,1.8,0.0,13.33,shipmonk_estimate,USD
159648,6735870722358,Cattasaurus - shoproxstore - Shopify,direct_to_consumer,fulfilled,2025-07-25,2025-07-27,2025-07-25,PA2,OnTrac,1,1,14.04,1.8,0.0,15.84,shipmonk_estimate,USD
159649,6735887892790,Cattasaurus - shoproxstore - Shopify,direct_to_consumer,fulfilled,2025-07-25,,2025-07-25,NV3,ShipMonk,1,0,11.72,3.0,0.0,14.72,shipmonk_estimate,USD
159650,6735901098294,Cattasaurus - shoproxstore - Shopify,direct_to_consumer,fulfilled,2025-07-25,2025-08-19,2025-07-25,PA2,UPS,1,2,32.21,3.6,0.0,35.81,shipmonk_estimate,USD
159651,6735908569398,Cattasaurus - shoproxstore - Shopify,direct_to_consumer,fulfilled,2025-07-25,2025-08-03,2025-07-25,PA2,FedEx,1,1,16.45,1.8,0.0,18.25,shipmonk_estimate,USD
159652,6735917482294,Cattasaurus - shoproxstore - Shopify,direct_to_consumer,fulfilled,2025-07-25,2025-07-28,2025-07-25,PA2,OnTrac,1,1,14.04,1.8,0.0,15.84,shipmonk_estimate,USD
159654,6735940387126,Cattasaurus - shoproxstore - Shopify,direct_to_consumer,fulfilled,2025-07-25,2025-07-28,2025-07-25,NV3,UPS,1,1,13.28,2.1,0.0,15.38,shipmonk_estimate,USD
159655,6735968076086,Cattasaurus - shoproxstore - Shopify,direct_to_consumer,fulfilled,2025-07-25,2025-08-03,2025-07-25,PA2,FedEx,1,1,16.45,1.8,0.0,18.25,shipmonk_estimate,USD
159656,6735970304310,Cattasaurus - shoproxstore - Shopify,direct_to_consumer,fulfilled,2025-07-25,2025-07-28,2025-07-25,NV3,UPS,1,1,14.04,1.8,0.0,15.84,shipmonk_estimate,USD
159658,6735996911926,Cattasaurus - shoproxstore - Shopify,direct_to_consumer,fulfilled,2025-07-25,2025-07-28,2025-07-25,NV3,OnTrac,1,1,14.04,1.8,0.0,15.84,shipmonk_estimate,USD
159659,6736012083510,Cattasaurus - shoproxstore - Shopify,direct_to_consumer,fulfilled,2025-07-25,2025-07-28,2025-07-25,NV3,FedEx,1,1,12.49,1.8,0.0,14.29,shipmonk_estimate,USD
159660,6736015819062,Cattasaurus - shoproxstore - Shopify,direct_to_consumer,fulfilled,2025-07-25,2025-07-27,2025-07-25,PA2,OnTrac,1,1,11.53,1.8,0.0,13.33,shipmonk_estimate,USD
159661,6736019325238,Cattasaurus - shoproxstore - Shopify,direct_to_consumer,fulfilled,2025-07-25,2025-07-28,2025-07-25,NV3,UPS,1,1,17.46,1.8,0.0,19.26,shipmonk_estimate,USD
159662,6736020504886,Cattasaurus - shoproxstore - Shopify,direct_to_consumer,fulfilled,2025-07-25,2025-07-28,2025-07-25,NV3,FedEx,1,1,27.55,2.1,0.0,29.65,shipmonk_estimate,USD
159663,6736035021110,Cattasaurus - shoproxstore - Shopify,direct_to_consumer,fulfilled,2025-07-25,2025-07-28,2025-07-25,NV3,OnTrac,1,1,20.56,1.8,0.0,22.36,shipmonk_estimate,USD
159664,6736035447094,Cattasaurus - shoproxstore - Shopify,direct_to_consumer,fulfilled,2025-07-25,,2025-07-25,NV3,ShipMonk,1,0,15.9,3.0,0.0,18.9,shipmonk_estimate,USD
159665,6736041345334,Cattasaurus - shoproxstore - Shopify,direct_to_consumer,fulfilled,2025-07-25,2025-07-27,2025-07-25,PA2,UPS,1,1,13.28,1.8,0.0,15.08,shipmonk_estimate,USD
159666,6736064872758,Cattasaurus - shoproxstore - Shopify,direct_to_consumer,fulfilled,2025-07-25,2025-07-28,2025-07-25,NV3,FedEx,1,1,16.31,1.8,0.0,18.11,shipmonk_estimate,USD
159667,6736069329206,Cattasaurus - shoproxstore - Shopify,direct_to_consumer,fulfilled,2025-07-25,2025-07-27,2025-07-25,PA2,FedEx,2,1,10.81,3.0,0.0,13.81,shipmonk_estimate,USD
159668,6736069624118,Cattasaurus - shoproxstore - Shopify,direct_to_consumer,fulfilled,2025-07-25,2025-07-27,2025-07-25,PA2,USPS,1,1,11.53,1.8,0.0,13.33,shipmonk_estimate,USD
159669,6736084795702,Cattasaurus - shoproxstore - Shopify,direct_to_consumer,fulfilled,2025-07-25,2025-07-28,2025-07-25,NV3,OnTrac,1,1,14.04,2.1,0.0,16.14,shipmonk_estimate,USD
159670,6736086663478,Cattasaurus - shoproxstore - Shopify,direct_to_consumer,fulfilled,2025-07-25,,2025-07-25,NV3,ShipMonk,1,0,15.6,3.0,0.0,18.6,shipmonk_estimate,USD
159671,6736091087158,Cattasaurus - shoproxstore - Shopify,direct_to_consumer,fulfilled,2025-07-25,2025-07-27,2025-07-25,PA2,OnTrac,1,1,11.72,1.8,0.0,13.52,shipmonk_estimate,USD
159672,6736096035126,Cattasaurus - shoproxstore - Shopify,direct_to_consumer,fulfilled,2025-07-25,2025-07-28,2025-07-25,NV3,OnTrac,1,1,12.74,2.1,0.0,14.84,shipmonk_estimate,USD
159673,6736100163894,Cattasaurus - shoproxstore - Shopify,direct_to_consumer,fulfilled,2025-07-25,2025-07-27,2025-07-25,PA2,OnTrac,1,1,11.53,1.8,0.0,13.33,shipmonk_estimate,USD
159674,6736102097206,Cattasaurus - shoproxstore - Shopify,direct_to_consumer,fulfilled,2025-07-25,2025-08-03,2025-07-25,PA2,OnTrac,1,1,10.91,1.8,0.0,12.71,shipmonk_estimate,USD
159675,6736104390966,Cattasaurus - shoproxstore - Shopify,direct_to_consumer,fulfilled,2025-07-25,2025-07-27,2025-07-25,PA2,OnTrac,1,1,10.81,1.8,0.0,12.61,shipmonk_estimate,USD
159676,6736106946870,Cattasaurus - shoproxstore - Shopify,direct_to_consumer,fulfilled,2025-07-25,2025-07-27,2025-07-25,PA2,UPS,1,1,13.09,1.8,0.0,14.89,shipmonk_estimate,USD
159677,6736108486966,Cattasaurus - shoproxstore - Shopify,direct_to_consumer,fulfilled,2025-07-25,2025-07-28,2025-07-25,NV3,OnTrac,1,1,11.72,1.8,0.0,13.52,shipmonk_estimate,USD
159678,6736113271094,Cattasaurus - shoproxstore - Shopify,direct_to_consumer,fulfilled,2025-07-25,2025-07-28,2025-07-25,NV3,OnTrac,1,1,12.74,2.1,0.0,14.84,shipmonk_estimate,USD
159679,6736125428022,Cattasaurus - shoproxstore - Shopify,direct_to_consumer,fulfilled,2025-07-25,2025-08-04,2025-07-25,NV3,FedEx,1,1,20.2,1.8,0.0,22.0,shipmonk_estimate,USD
159681,6736142991670,Cattasaurus - shoproxstore - Shopify,direct_to_consumer,fulfilled,2025-07-25,2025-07-28,2025-07-25,PA2,OnTrac,1,1,11.53,1.8,0.0,13.33,shipmonk_estimate,USD
159682,6736149741878,Cattasaurus - shoproxstore - Shopify,direct_to_consumer,fulfilled,2025-07-25,2025-07-28,2025-07-25,PA2,UPS,1,1,13.09,1.8,0.0,14.89,shipmonk_estimate,USD
159683,6736164487478,Cattasaurus - shoproxstore - Shopify,direct_to_consumer,fulfilled,2025-07-25,2025-07-28,2025-07-25,NV3,OnTrac,1,1,14.04,1.8,0.0,15.84,shipmonk_estimate,USD
159684,6736166289718,Cattasaurus - shoproxstore - Shopify,direct_to_consumer,fulfilled,2025-07-25,2025-07-28,2025-07-25,NV3,OnTrac,1,1,11.53,1.8,0.0,13.33,shipmonk_estimate,USD
159686,6736189096246,Cattasaurus - shoproxstore - Shopify,direct_to_consumer,fulfilled,2025-07-25,2025-08-03,2025-07-25,PA2,OnTrac,1,1,23.2,1.8,0.0,25.0,shipmonk_estimate,USD
159687,6736201089334,Cattasaurus - shoproxstore - Shopify,direct_to_consumer,fulfilled,2025-07-25,2025-08-04,2025-07-25,PA2,OnTrac,1,1,12.42,1.8,0.0,14.22,shipmonk_estimate,USD
159688,6736254140726,Cattasaurus - shoproxstore - Shopify,direct_to_consumer,fulfilled,2025-07-25,2025-08-03,2025-07-25,PA2,OnTrac,1,1,14.05,1.8,0.0,15.85,shipmonk_estimate,USD
159689,6736256270646,Cattasaurus - shoproxstore - Shopify,direct_to_consumer,fulfilled,2025-07-25,2025-07-28,2025-07-25,NV3,OnTrac,1,1,20.56,1.8,0.0,22.36,shipmonk_estimate,USD
159690,6736256893238,Cattasaurus - shoproxstore - Shopify,direct_to_consumer,fulfilled,2025-07-25,2025-07-28,2025-07-25,NV3,UPS,1,1,13.28,1.8,0.0,15.08,shipmonk_estimate,USD
159691,6736259514678,Cattasaurus - shoproxstore - Shopify,direct_to_consumer,fulfilled,2025-07-25,2025-08-03,2025-07-25,PA2,OnTrac,1,1,16.45,1.8,0.0,18.25,shipmonk_estimate,USD
159692,6736264069430,Cattasaurus - shoproxstore - Shopify,direct_to_consumer,fulfilled,2025-07-25,2025-07-27,2025-07-25,PA2,OnTrac,1,1,11.72,1.8,0.0,13.52,shipmonk_estimate,USD
159693,6736266428726,Cattasaurus - shoproxstore - Shopify,direct_to_consumer,fulfilled,2025-07-25,2025-07-27,2025-07-25,PA2,UPS,1,1,12.37,1.8,0.0,14.17,shipmonk_estimate,USD
159695,6736274719030,Cattasaurus - shoproxstore - Shopify,direct_to_consumer,fulfilled,2025-07-25,2025-08-04,2025-07-25,PA2,FedEx,1,1,15.61,2.1,0.0,17.71,shipmonk_estimate,USD
159696,6736306078006,Cattasaurus - shoproxstore - Shopify,direct_to_consumer,fulfilled,2025-07-25,2025-07-28,2025-07-25,NV3,OnTrac,1,1,20.56,1.8,0.0,22.36,shipmonk_estimate,USD
159697,6736306209078,Cattasaurus - shoproxstore - Shopify,direct_to_consumer,fulfilled,2025-07-25,2025-08-03,2025-07-25,PA2,OnTrac,1,1,12.74,1.8,0.0,14.54,shipmonk_estimate,USD
159698,6736307618102,Cattasaurus - shoproxstore - Shopify,direct_to_consumer,fulfilled,2025-07-25,2025-07-28,2025-07-25,NV3,FedEx,1,1,15.6,1.8,0.0,17.4,shipmonk_estimate,USD
159701,6736320168246,Cattasaurus - shoproxstore - Shopify,direct_to_consumer,fulfilled,2025-07-25,2025-07-28,2025-07-25,NV3,OnTrac,1,1,15.6,1.8,0.0,17.4,shipmonk_estimate,USD
159702,6736326361398,Cattasaurus - shoproxstore - Shopify,direct_to_consumer,fulfilled,2025-07-25,2025-07-27,2025-07-25,PA2,OnTrac,1,1,12.37,1.8,0.0,14.17,shipmonk_estimate,USD
159704,6736333078838,Cattasaurus - shoproxstore - Shopify,direct_to_consumer,fulfilled,2025-07-25,2025-08-03,2025-07-25,PA2,OnTrac,1,1,14.05,1.8,0.0,15.85,shipmonk_estimate,USD
159706,6736356507958,Cattasaurus - shoproxstore - Shopify,direct_to_consumer,fulfilled,2025-07-25,2025-07-28,2025-07-25,NV3,OnTrac,1,1,16.45,1.8,0.0,18.25,shipmonk_estimate,USD
159707,6736363553078,Cattasaurus - shoproxstore - Shopify,direct_to_consumer,fulfilled,2025-07-25,2025-08-03,2025-07-25,PA2,OnTrac,1,1,20.2,1.8,0.0,22.0,shipmonk_estimate,USD
159708,6736377119030,Cattasaurus - shoproxstore - Shopify,direct_to_consumer,fulfilled,2025-07-25,2025-07-28,2025-07-25,NV3,OnTrac,1,1,16.45,1.8,0.0,18.25,shipmonk_estimate,USD
159709,6736378691894,Cattasaurus - shoproxstore - Shopify,direct_to_consumer,fulfilled,2025-07-25,2025-07-28,2025-07-25,NV3,UPS,1,1,15.6,1.8,0.0,17.4,shipmonk_estimate,USD
159710,6736384262454,Cattasaurus - shoproxstore - Shopify,direct_to_consumer,fulfilled,2025-07-25,2025-07-27,2025-07-25,PA2,OnTrac,1,1,13.09,1.8,0.0,14.89,shipmonk_estimate,USD
159711,6736388358454,Cattasaurus - shoproxstore - Shopify,direct_to_consumer,fulfilled,2025-07-25,2025-07-28,2025-07-25,PA2,FedEx,1,1,11.72,1.8,0.0,13.52,shipmonk_estimate,USD
159712,6736402022710,Cattasaurus - shoproxstore - Shopify,direct_to_consumer,fulfilled,2025-07-25,2025-08-07,2025-07-25,PA2,FedEx,1,1,14.95,1.8,0.0,16.75,shipmonk_estimate,USD
159714,6736420471094,Cattasaurus - shoproxstore - Shopify,direct_to_consumer,fulfilled,2025-07-25,2025-08-04,2025-07-25,PA2,FedEx,1,1,16.45,1.8,0.0,18.25,shipmonk_estimate,USD
159715,6736443736374,Cattasaurus - shoproxstore - Shopify,direct_to_consumer,fulfilled,2025-07-25,2025-07-28,2025-07-25,PA2,UPS,1,1,15.6,1.8,0.0,17.4,shipmonk_estimate,USD
159716,6736458318134,Cattasaurus - shoproxstore - Shopify,direct_to_consumer,fulfilled,2025-07-25,2025-08-20,2025-07-25,PA2,OnTrac,1,1,10.95,2.1,0.0,13.05,shipmonk_estimate,USD
159717,6736473653558,Cattasaurus - shoproxstore - Shopify,direct_to_consumer,fulfilled,2025-07-25,2025-08-04,2025-07-25,PA2,OnTrac,1,1,21.85,1.8,0.0,23.65,shipmonk_estimate,USD
159718,6736504881462,Cattasaurus - shoproxstore - Shopify,direct_to_consumer,fulfilled,2025-07-25,2025-07-28,2025-07-25,NV3,FedEx,1,1,15.6,1.8,0.0,17.4,shipmonk_estimate,USD
159719,6736505143606,Cattasaurus - shoproxstore - Shopify,direct_to_consumer,fulfilled,2025-07-25,2025-07-27,2025-07-25,PA2,FedEx,1,1,14.04,1.8,0.0,15.84,shipmonk_estimate,USD
159720,6736521593142,Cattasaurus - shoproxstore - Shopify,direct_to_consumer,fulfilled,2025-07-25,2025-07-28,2025-07-25,NV3,OnTrac,1,1,11.53,1.8,0.0,13.33,shipmonk_estimate,USD
159721,6736521986358,Cattasaurus - shoproxstore - Shopify,direct_to_consumer,fulfilled,2025-07-25,2025-07-27,2025-07-25,PA2,OnTrac,1,1,11.72,1.5,0.0,13.22,shipmonk_estimate,USD
159723,6736528408886,Cattasaurus - shoproxstore - Shopify,direct_to_consumer,fulfilled,2025-07-25,2025-07-28,2025-07-25,NV3,OnTrac,1,1,20.2,1.8,0.0,22.0,shipmonk_estimate,USD
159724,6736531915062,Cattasaurus - shoproxstore - Shopify,direct_to_consumer,fulfilled,2025-07-25,2025-08-10,2025-07-25,PA2,OnTrac,1,1,14.11,2.1,0.0,16.21,shipmonk_estimate,USD
159725,6736537551158,Cattasaurus - shoproxstore - Shopify,direct_to_consumer,fulfilled,2025-07-25,2025-07-28,2025-07-25,NV3,UPS,1,1,15.6,1.8,0.0,17.4,shipmonk_estimate,USD
159726,6736538337590,Cattasaurus - shoproxstore - Shopify,direct_to_consumer,fulfilled,2025-07-25,2025-07-28,2025-07-25,NV3,OnTrac,1,1,15.9,1.8,0.0,17.7,shipmonk_estimate,USD
159727,6736543023414,Cattasaurus - shoproxstore - Shopify,direct_to_consumer,fulfilled,2025-07-25,2025-07-27,2025-07-25,PA2,OnTrac,1,1,13.28,1.8,0.0,15.08,shipmonk_estimate,USD
159728,6736559341878,Cattasaurus - shoproxstore - Shopify,direct_to_consumer,fulfilled,2025-07-25,2025-07-27,2025-07-25,PA2,OnTrac,1,1,10.81,1.8,0.0,12.61,shipmonk_estimate,USD
159729,6736572318006,Cattasaurus - shoproxstore - Shopify,direct_to_consumer,fulfilled,2025-07-25,2025-08-04,2025-07-25,PA2,FedEx,1,1,14.65,2.4,0.0,17.05,shipmonk_estimate,USD
159730,6736602530102,Cattasaurus - shoproxstore - Shopify,direct_to_consumer,fulfilled,2025-07-25,2025-08-07,2025-07-25,NV3,FedEx,1,1,13.34,1.8,0.0,15.14,shipmonk_estimate,USD
159731,6736659185974,Cattasaurus - shoproxstore - Shopify,direct_to_consumer,fulfilled,2025-07-25,2025-07-27,2025-07-25,PA2,UPS,1,1,15.6,1.8,0.0,17.4,shipmonk_estimate,USD
159732,6736663609654,Cattasaurus - shoproxstore - Shopify,direct_to_consumer,fulfilled,2025-07-25,2025-07-27,2025-07-25,PA2,UPS,1,1,12.37,1.8,0.0,14.17,shipmonk_estimate,USD
159733,6736719970614,Cattasaurus - shoproxstore - Shopify,direct_to_consumer,fulfilled,2025-07-25,2025-07-27,2025-07-25,PA2,OnTrac,1,1,14.04,1.8,0.0,15.84,shipmonk_estimate,USD
159734,6736720691510,Cattasaurus - shoproxstore - Shopify,direct_to_consumer,fulfilled,2025-07-25,2025-07-28,2025-07-25,NV3,OnTrac,1,1,11.72,1.8,0.0,13.52,shipmonk_estimate,USD
159736,6736775807286,Cattasaurus - shoproxstore - Shopify,direct_to_consumer,fulfilled,2025-07-25,2025-07-28,2025-07-25,NV3,OnTrac,1,1,11.72,1.8,0.0,13.52,shipmonk_estimate,USD
159737,6736783180086,Cattasaurus - shoproxstore - Shopify,direct_to_consumer,fulfilled,2025-07-25,2025-07-28,2025-07-25,NV3,OnTrac,1,1,14.04,1.8,0.0,15.84,shipmonk_estimate,USD
159739,6736807395638,Cattasaurus - shoproxstore - Shopify,direct_to_consumer,fulfilled,2025-07-25,2025-08-05,2025-07-25,NV3,FedEx,1,1,21.85,2.1,0.0,23.95,shipmonk_estimate,USD
159740,6736811229494,Cattasaurus - shoproxstore - Shopify,direct_to_consumer,fulfilled,2025-07-25,2025-09-15,2025-07-25,NV3,OnTrac,1,1,12.8,2.1,0.0,14.9,shipmonk_estimate,USD
157176-01,89113add-81bd-4a99-8a35-901c31b05a93,Cattasaurus - shoproxstore - Shopify,direct_to_consumer,fulfilled,2025-07-26,2025-07-29,2025-07-26,NV3,OnTrac,1,1,17.12,1.8,0.0,18.92,shipmonk_estimate,USD
159741,6737036181814,Cattasaurus - shoproxstore - Shopify,direct_to_consumer,fulfilled,2025-07-26,2025-08-03,2025-07-26,PA2,FedEx,1,1,16.45,1.8,0.0,18.25,shipmonk_estimate,USD
159743,6737072324918,Cattasaurus - shoproxstore - Shopify,direct_to_consumer,fulfilled,2025-07-26,2025-07-28,2025-07-26,NV3,OnTrac,1,1,18.73,1.8,0.0,20.53,shipmonk_estimate,USD
159745,6737108795702,Cattasaurus - shoproxstore - Shopify,direct_to_consumer,fulfilled,2025-07-26,2025-08-04,2025-07-26,PA2,FedEx,1,1,11.18,1.8,0.0,12.98,shipmonk_estimate,USD
159746,6737110237494,Cattasaurus - shoproxstore - Shopify,direct_to_consumer,fulfilled,2025-07-26,2025-08-08,2025-07-26,PA2,OnTrac,1,1,14.11,2.1,0.0,16.21,shipmonk_estimate,USD
159748,6737117610294,Cattasaurus - shoproxstore - Shopify,direct_to_consumer,fulfilled,2025-07-26,2025-07-28,2025-07-26,NV3,FedEx,1,1,15.9,1.8,0.0,17.7,shipmonk_estimate,USD
159749,6737120559414,Cattasaurus - shoproxstore - Shopify,direct_to_consumer,fulfilled,2025-07-26,2025-07-27,2025-07-26,PA2,OnTrac,1,1,13.09,1.8,0.0,14.89,shipmonk_estimate,USD
159750,6737128325430,Cattasaurus - shoproxstore - Shopify,direct_to_consumer,fulfilled,2025-07-26,2025-08-04,2025-07-26,PA2,FedEx,1,1,12.74,2.1,0.0,14.84,shipmonk_estimate,USD
159751,6737143234870,Cattasaurus - shoproxstore - Shopify,direct_to_consumer,fulfilled,2025-07-26,2025-07-27,2025-07-26,PA2,FedEx,1,1,16.21,1.5,0.0,17.71,shipmonk_estimate,USD
159753,6737152180534,Cattasaurus - shoproxstore - Shopify,direct_to_consumer,fulfilled,2025-07-26,2025-07-27,2025-07-26,PA2,FedEx,1,1,14.65,1.5,0.0,16.15,shipmonk_estimate,USD
159754,6737162567990,Cattasaurus - shoproxstore - Shopify,direct_to_consumer,fulfilled,2025-07-26,2025-07-28,2025-07-26,NV3,OnTrac,1,1,15.9,1.8,0.0,17.7,shipmonk_estimate,USD
159755,6737164960054,Cattasaurus - shoproxstore - Shopify,direct_to_consumer,fulfilled,2025-07-26,2025-08-06,2025-07-26,PA2,FedEx,1,1,16.38,2.1,0.0,18.48,shipmonk_estimate,USD
159756,6737166631222,Cattasaurus - shoproxstore - Shopify,direct_to_consumer,fulfilled,2025-07-26,2025-08-15,2025-07-26,PA2,OnTrac,1,1,11.58,2.1,0.0,13.68,shipmonk_estimate,USD
159757,6737174561078,Cattasaurus - shoproxstore - Shopify,direct_to_consumer,fulfilled,2025-07-26,2025-07-27,2025-07-26,PA2,OnTrac,1,1,11.72,1.8,0.0,13.52,shipmonk_estimate,USD
159758,6737175019830,Cattasaurus - shoproxstore - Shopify,direct_to_consumer,fulfilled,2025-07-26,2025-07-28,2025-07-26,NV3,OnTrac,1,1,14.04,2.1,0.0,16.14,shipmonk_estimate,USD
159759,6737177641270,Cattasaurus - shoproxstore - Shopify,direct_to_consumer,fulfilled,2025-07-26,2025-07-28,2025-07-26,NV3,OnTrac,1,1,20.56,1.8,0.0,22.36,shipmonk_estimate,USD
159760,6737180918070,Cattasaurus - shoproxstore - Shopify,direct_to_consumer,fulfilled,2025-07-26,2025-07-28,2025-07-26,NV3,UPS,1,1,17.46,1.8,0.0,19.26,shipmonk_estimate,USD
159761,6737184457014,Cattasaurus - shoproxstore - Shopify,direct_to_consumer,fulfilled,2025-07-26,2025-07-28,2025-07-26,NV3,UPS,2,1,13.28,2.1,0.0,15.38,shipmonk_estimate,USD
159762,6737187143990,Cattasaurus - shoproxstore - Shopify,direct_to_consumer,fulfilled,2025-07-26,2025-08-22,2025-07-26,PA2,OnTrac,1,1,16.52,1.8,0.0,18.32,shipmonk_estimate,USD
159763,6737209327926,Cattasaurus - shoproxstore - Shopify,direct_to_consumer,fulfilled,2025-07-26,2025-08-04,2025-07-26,PA2,OnTrac,1,1,14.1,2.1,0.0,16.2,shipmonk_estimate,USD
159764,6737216274742,Cattasaurus - shoproxstore - Shopify,direct_to_consumer,fulfilled,2025-07-26,2025-07-28,2025-07-26,NV3,OnTrac,1,1,11.72,1.8,0.0,13.52,shipmonk_estimate,USD
159765,6737217257782,Cattasaurus - shoproxstore - Shopify,direct_to_consumer,fulfilled,2025-07-26,2025-08-08,2025-07-26,PA2,OnTrac,1,1,12.8,1.8,0.0,14.6,shipmonk_estimate,USD
159766,6737245012278,Cattasaurus - shoproxstore - Shopify,direct_to_consumer,fulfilled,2025-07-26,2025-07-28,2025-07-26,NV3,OnTrac,1,1,18.73,2.1,0.0,20.83,shipmonk_estimate,USD
159768,6737257890102,Cattasaurus - shoproxstore - Shopify,direct_to_consumer,fulfilled,2025-07-26,2025-08-03,2025-07-26,PA2,FedEx,1,1,15.6,1.8,0.0,17.4,shipmonk_estimate,USD
159769,6737258414390,Cattasaurus - shoproxstore - Shopify,direct_to_consumer,fulfilled,2025-07-26,2025-08-03,2025-07-26,PA2,OnTrac,1,1,14.05,2.4,0.0,16.45,shipmonk_estimate,USD
159771,6737268769078,Cattasaurus - shoproxstore - Shopify,direct_to_consumer,fulfilled,2025-07-26,2025-07-28,2025-07-26,NV3,UPS,1,1,17.46,1.8,0.0,19.26,shipmonk_estimate,USD
159772,6737273061686,Cattasaurus - shoproxstore - Shopify,direct_to_consumer,fulfilled,2025-07-26,2025-07-27,2025-07-26,PA2,UPS,1,1,15.6,1.8,0.0,17.4,shipmonk_estimate,USD
159774,6737288167734,Cattasaurus - shoproxstore - Shopify,direct_to_consumer,fulfilled,2025-07-26,2025-07-27,2025-07-26,PA2,FedEx,1,1,14.65,1.5,0.0,16.15,shipmonk_estimate,USD
159775,6737298555190,Cattasaurus - shoproxstore - Shopify,direct_to_consumer,fulfilled,2025-07-26,2025-07-27,2025-07-26,PA2,FedEx,1,1,18.53,1.8,0.0,20.33,shipmonk_estimate,USD
159777,6737304879414,Cattasaurus - shoproxstore - Shopify,direct_to_consumer,fulfilled,2025-07-26,2025-07-28,2025-07-26,NV3,UPS,1,1,17.46,1.8,0.0,19.26,shipmonk_estimate,USD
159778,6737309663542,Cattasaurus - shoproxstore - Shopify,direct_to_consumer,fulfilled,2025-07-26,2025-07-28,2025-07-26,NV3,OnTrac,1,1,15.6,1.8,0.0,17.4,shipmonk_estimate,USD
159779,6737311433014,Cattasaurus - shoproxstore - Shopify,direct_to_consumer,fulfilled,2025-07-26,2025-07-28,2025-07-26,NV3,USPS,1,1,11.81,1.8,0.0,13.61,shipmonk_estimate,USD
159781,6737322017078,Cattasaurus - shoproxstore - Shopify,direct_to_consumer,fulfilled,2025-07-26,2025-07-28,2025-07-26,NV3,OnTrac,1,1,14.05,1.8,0.0,15.85,shipmonk_estimate,USD
159782,6737343512886,Cattasaurus - shoproxstore - Shopify,direct_to_consumer,fulfilled,2025-07-26,2025-07-28,2025-07-26,NV3,UPS,1,1,13.28,1.8,0.0,15.08,shipmonk_estimate,USD
159783,6737347412278,Cattasaurus - shoproxstore - Shopify,direct_to_consumer,fulfilled,2025-07-26,2025-07-28,2025-07-26,NV3,OnTrac,1,1,11.53,1.8,0.0,13.33,shipmonk_estimate,USD
159784,6737349247286,Cattasaurus - shoproxstore - Shopify,direct_to_consumer,fulfilled,2025-07-26,2025-07-28,2025-07-26,NV3,OnTrac,1,1,19.0,1.8,0.0,20.8,shipmonk_estimate,USD
159787,6737355079990,Cattasaurus - shoproxstore - Shopify,direct_to_consumer,fulfilled,2025-07-26,2025-07-27,2025-07-26,PA2,FedEx,1,1,21.76,1.8,0.0,23.56,shipmonk_estimate,USD
159788,6737357373750,Cattasaurus - shoproxstore - Shopify,direct_to_consumer,fulfilled,2025-07-26,2025-08-08,2025-07-26,PA2,OnTrac,1,1,16.52,1.8,0.0,18.32,shipmonk_estimate,USD
159789,6737364844854,Cattasaurus - shoproxstore - Shopify,direct_to_consumer,fulfilled,2025-07-26,2025-07-28,2025-07-26,NV3,OnTrac,1,1,20.2,1.8,0.0,22.0,shipmonk_estimate,USD
159790,6737365631286,Cattasaurus - shoproxstore - Shopify,direct_to_consumer,fulfilled,2025-07-26,2025-07-28,2025-07-26,PA2,OnTrac,1,1,14.04,1.8,0.0,15.84,shipmonk_estimate,USD
159791,6737371529526,Cattasaurus - shoproxstore - Shopify,direct_to_consumer,fulfilled,2025-07-26,2025-07-27,2025-07-26,PA2,OnTrac,1,1,10.81,1.8,0.0,12.61,shipmonk_estimate,USD
159792,6737380802870,Cattasaurus - shoproxstore - Shopify,direct_to_consumer,fulfilled,2025-07-26,2025-07-28,2025-07-26,NV3,OnTrac,1,1,11.53,1.8,0.0,13.33,shipmonk_estimate,USD
159793,6737388503350,Cattasaurus - shoproxstore - Shopify,direct_to_consumer,fulfilled,2025-07-26,2025-08-04,2025-07-26,PA2,FedEx,1,2,33.32,3.9,0.0,37.22,shipmonk_estimate,USD
159794,6737389093174,Cattasaurus - shoproxstore - Shopify,direct_to_consumer,fulfilled,2025-07-26,2025-07-28,2025-07-26,NV3,OnTrac,1,1,20.56,1.8,0.0,22.36,shipmonk_estimate,USD
159795,6737389420854,Cattasaurus - shoproxstore - Shopify,direct_to_consumer,fulfilled,2025-07-26,2025-07-27,2025-07-26,PA2,OnTrac,1,1,14.04,1.8,0.0,15.84,shipmonk_estimate,USD
159796,6737394336054,Cattasaurus - shoproxstore - Shopify,direct_to_consumer,fulfilled,2025-07-26,2025-07-28,2025-07-26,NV3,OnTrac,1,1,11.53,1.8,0.0,13.33,shipmonk_estimate,USD
159797,6737402167606,Cattasaurus - shoproxstore - Shopify,direct_to_consumer,fulfilled,2025-07-26,2025-07-28,2025-07-26,NV3,OnTrac,1,1,16.45,1.8,0.0,18.25,shipmonk_estimate,USD
159798,6737419043126,Cattasaurus - shoproxstore - Shopify,direct_to_consumer,fulfilled,2025-07-26,2025-07-27,2025-07-26,PA2,OnTrac,1,1,14.04,1.8,0.0,15.84,shipmonk_estimate,USD
159799,6737422582070,Cattasaurus - shoproxstore - Shopify,direct_to_consumer,fulfilled,2025-07-26,2025-07-28,2025-07-26,NV3,FedEx,1,1,20.2,1.8,0.0,22.0,shipmonk_estimate,USD
159800,6737423696182,Cattasaurus - shoproxstore - Shopify,direct_to_consumer,fulfilled,2025-07-26,2025-07-28,2025-07-26,NV3,OnTrac,1,1,14.05,1.8,0.0,15.85,shipmonk_estimate,USD
159801,6737441587510,Cattasaurus - shoproxstore - Shopify,direct_to_consumer,fulfilled,2025-07-26,2025-07-28,2025-07-26,NV3,OnTrac,1,1,20.29,1.8,0.0,22.09,shipmonk_estimate,USD
159802,6737450303798,Cattasaurus - shoproxstore - Shopify,direct_to_consumer,fulfilled,2025-07-26,2025-07-28,2025-07-26,NV3,OnTrac,1,1,14.04,1.8,0.0,15.84,shipmonk_estimate,USD
159803,6737451843894,Cattasaurus - shoproxstore - Shopify,direct_to_consumer,fulfilled,2025-07-26,2025-07-28,2025-07-26,NV3,OnTrac,1,1,11.72,1.8,0.0,13.52,shipmonk_estimate,USD
159804,6737456136502,Cattasaurus - shoproxstore - Shopify,direct_to_consumer,fulfilled,2025-07-26,2025-07-28,2025-07-26,NV3,OnTrac,1,1,11.72,1.8,0.0,13.52,shipmonk_estimate,USD
159805,6737474486582,Cattasaurus - shoproxstore - Shopify,direct_to_consumer,fulfilled,2025-07-26,2025-07-28,2025-07-26,NV3,OnTrac,1,1,15.9,1.8,0.0,17.7,shipmonk_estimate,USD
159806,6737474715958,Cattasaurus - shoproxstore - Shopify,direct_to_consumer,fulfilled,2025-07-26,2025-07-28,2025-07-26,NV3,OnTrac,1,1,20.56,1.8,0.0,22.36,shipmonk_estimate,USD
159807,6737478648118,Cattasaurus - shoproxstore - Shopify,direct_to_consumer,fulfilled,2025-07-26,2025-07-28,2025-07-26,NV3,OnTrac,1,1,20.56,1.8,0.0,22.36,shipmonk_estimate,USD
159808,6737483858230,Cattasaurus - shoproxstore - Shopify,direct_to_consumer,fulfilled,2025-07-26,2025-08-02,2025-07-26,PA2,OnTrac,1,1,10.91,2.1,0.0,13.01,shipmonk_estimate,USD
159808_1,332d80e4-f0d5-4f01-945c-4943088e55b0,Cattasaurus - shoproxstore - Shopify,direct_to_consumer,fulfilled,2025-07-26,2025-08-02,2025-07-26,PA2,OnTrac,1,1,10.91,1.8,0.0,12.71,shipmonk_estimate,USD
159809,6737487102262,Cattasaurus - shoproxstore - Shopify,direct_to_consumer,fulfilled,2025-07-26,2025-07-28,2025-07-26,NV3,OnTrac,1,1,14.04,1.8,0.0,15.84,shipmonk_estimate,USD
159810,6737487167798,Cattasaurus - shoproxstore - Shopify,direct_to_consumer,fulfilled,2025-07-26,2025-08-04,2025-07-26,PA2,FedEx,1,1,23.69,1.8,0.0,25.49,shipmonk_estimate,USD
159811,6737502601526,Cattasaurus - shoproxstore - Shopify,direct_to_consumer,fulfilled,2025-07-26,2025-07-28,2025-07-26,NV3,OnTrac,1,1,20.56,1.8,0.0,22.36,shipmonk_estimate,USD
159812,6737503551798,Cattasaurus - shoproxstore - Shopify,direct_to_consumer,fulfilled,2025-07-26,2025-07-28,2025-07-26,NV3,OnTrac,1,1,20.56,1.8,0.0,22.36,shipmonk_estimate,USD
159813,6737506402614,Cattasaurus - shoproxstore - Shopify,direct_to_consumer,fulfilled,2025-07-26,2025-07-28,2025-07-26,NV3,OnTrac,1,1,11.53,1.8,0.0,13.33,shipmonk_estimate,USD
159814,6737509744950,Cattasaurus - shoproxstore - Shopify,direct_to_consumer,fulfilled,2025-07-26,2025-07-28,2025-07-26,NV3,FedEx,1,1,20.2,1.8,0.0,22.0,shipmonk_estimate,USD
159815,6737515217206,Cattasaurus - shoproxstore - Shopify,direct_to_consumer,fulfilled,2025-07-26,2025-07-28,2025-07-26,NV3,UPS,1,1,20.29,1.8,0.0,22.09,shipmonk_estimate,USD
159816,6737519771958,Cattasaurus - shoproxstore - Shopify,direct_to_consumer,fulfilled,2025-07-26,2025-07-28,2025-07-26,NV3,OnTrac,1,1,20.56,1.8,0.0,22.36,shipmonk_estimate,USD
159817,6737521082678,Cattasaurus - shoproxstore - Shopify,direct_to_consumer,fulfilled,2025-07-26,2025-07-28,2025-07-26,NV3,FedEx,1,1,16.45,1.8,0.0,18.25,shipmonk_estimate,USD
159819,6737540743478,Cattasaurus - shoproxstore - Shopify,direct_to_consumer,fulfilled,2025-07-26,2025-08-04,2025-07-26,PA2,UPS,1,1,15.6,1.8,0.0,17.4,shipmonk_estimate,USD
159820,6737544905014,Cattasaurus - shoproxstore - Shopify,direct_to_consumer,fulfilled,2025-07-26,2025-07-28,2025-07-26,PA2,OnTrac,1,1,18.53,1.8,0.0,20.33,shipmonk_estimate,USD
159821,6737547297078,Cattasaurus - shoproxstore - Shopify,direct_to_consumer,fulfilled,2025-07-26,2025-07-28,2025-07-26,NV3,OnTrac,1,1,11.53,1.8,0.0,13.33,shipmonk_estimate,USD
159822,6737551491382,Cattasaurus - shoproxstore - Shopify,direct_to_consumer,fulfilled,2025-07-26,2025-07-27,2025-07-26,PA2,FedEx,1,1,16.31,2.1,0.0,18.41,shipmonk_estimate,USD
159823,6737559781686,Cattasaurus - shoproxstore - Shopify,direct_to_consumer,fulfilled,2025-07-26,2025-07-28,2025-07-26,NV3,OnTrac,1,1,14.04,1.8,0.0,15.84,shipmonk_estimate,USD
159824,6737569841462,Cattasaurus - shoproxstore - Shopify,direct_to_consumer,fulfilled,2025-07-26,2025-07-28,2025-07-26,NV3,OnTrac,1,1,20.56,1.8,0.0,22.36,shipmonk_estimate,USD
159826,6737579016502,Cattasaurus - shoproxstore - Shopify,direct_to_consumer,fulfilled,2025-07-26,2025-07-28,2025-07-26,NV3,FedEx,1,1,18.73,1.8,0.0,20.53,shipmonk_estimate,USD
159827,6737601429814,Cattasaurus - shoproxstore - Shopify,direct_to_consumer,fulfilled,2025-07-26,2025-07-28,2025-07-26,NV3,OnTrac,1,1,12.74,1.8,0.0,14.54,shipmonk_estimate,USD
159828,6737603559734,Cattasaurus - shoproxstore - Shopify,direct_to_consumer,fulfilled,2025-07-26,2025-07-28,2025-07-26,NV3,OnTrac,1,1,11.53,1.8,0.0,13.33,shipmonk_estimate,USD
159830,6737610637622,Cattasaurus - shoproxstore - Shopify,direct_to_consumer,fulfilled,2025-07-26,2025-07-28,2025-07-26,PA2,OnTrac,1,1,11.53,1.8,0.0,13.33,shipmonk_estimate,USD
159831,6737620205878,Cattasaurus - shoproxstore - Shopify,direct_to_consumer,fulfilled,2025-07-26,2025-07-28,2025-07-26,NV3,OnTrac,1,1,14.04,1.8,0.0,15.84,shipmonk_estimate,USD
159832,6737625645366,Cattasaurus - shoproxstore - Shopify,direct_to_consumer,fulfilled,2025-07-26,2025-07-28,2025-07-26,PA2,OnTrac,1,1,10.81,1.8,0.0,12.61,shipmonk_estimate,USD
159833,6737626857782,Cattasaurus - shoproxstore - Shopify,direct_to_consumer,fulfilled,2025-07-26,2025-07-28,2025-07-26,NV3,OnTrac,1,1,18.73,2.1,0.0,20.83,shipmonk_estimate,USD
159834,6737632100662,Cattasaurus - shoproxstore - Shopify,direct_to_consumer,fulfilled,2025-07-26,2025-07-28,2025-07-26,NV3,UPS,1,1,17.46,1.8,0.0,19.26,shipmonk_estimate,USD
159835,6737639604534,Cattasaurus - shoproxstore - Shopify,direct_to_consumer,fulfilled,2025-07-26,2025-07-28,2025-07-26,NV3,FedEx,1,1,18.73,1.8,0.0,20.53,shipmonk_estimate,USD
159837,6737664016694,Cattasaurus - shoproxstore - Shopify,direct_to_consumer,fulfilled,2025-07-26,2025-07-28,2025-07-26,PA2,OnTrac,1,1,13.28,1.8,0.0,15.08,shipmonk_estimate,USD
159838,6737672864054,Cattasaurus - shoproxstore - Shopify,direct_to_consumer,fulfilled,2025-07-26,2025-07-28,2025-07-26,PA2,OnTrac,1,1,14.04,1.8,0.0,15.84,shipmonk_estimate,USD
159840,6737700815158,Cattasaurus - shoproxstore - Shopify,direct_to_consumer,fulfilled,2025-07-26,2025-07-28,2025-07-26,PA2,OnTrac,1,1,10.81,1.8,0.0,12.61,shipmonk_estimate,USD
159841,6737701175606,Cattasaurus - shoproxstore - Shopify,direct_to_consumer,fulfilled,2025-07-26,2025-07-28,2025-07-26,NV3,OnTrac,1,1,20.2,1.8,0.0,22.0,shipmonk_estimate,USD
159842,6737701732662,Cattasaurus - shoproxstore - Shopify,direct_to_consumer,fulfilled,2025-07-26,2025-07-28,2025-07-26,NV3,OnTrac,1,1,21.67,2.4,0.0,24.07,shipmonk_estimate,USD
159843,6737705009462,Cattasaurus - shoproxstore - Shopify,direct_to_consumer,fulfilled,2025-07-26,2025-07-28,2025-07-26,NV3,OnTrac,1,1,20.56,1.8,0.0,22.36,shipmonk_estimate,USD
159844,6737711661366,Cattasaurus - shoproxstore - Shopify,direct_to_consumer,fulfilled,2025-07-26,2025-07-28,2025-07-26,PA2,OnTrac,1,1,11.53,1.8,0.0,13.33,shipmonk_estimate,USD
159845,6737732436278,Cattasaurus - shoproxstore - Shopify,direct_to_consumer,fulfilled,2025-07-26,2025-07-28,2025-07-26,NV3,OnTrac,1,1,20.2,1.8,0.0,22.0,shipmonk_estimate,USD
159846,6737742168374,Cattasaurus - shoproxstore - Shopify,direct_to_consumer,fulfilled,2025-07-26,2025-07-28,2025-07-26,NV3,FedEx,1,1,14.05,1.8,0.0,15.85,shipmonk_estimate,USD
159847,6737745543478,Cattasaurus - shoproxstore - Shopify,direct_to_consumer,fulfilled,2025-07-26,2025-07-28,2025-07-26,PA2,FedEx,1,1,15.9,1.8,0.0,17.7,shipmonk_estimate,USD
159848,6737761861942,Cattasaurus - shoproxstore - Shopify,direct_to_consumer,fulfilled,2025-07-26,2025-07-28,2025-07-26,NV3,OnTrac,1,1,15.6,1.8,0.0,17.4,shipmonk_estimate,USD
159849,6737766809910,Cattasaurus - shoproxstore - Shopify,direct_to_consumer,fulfilled,2025-07-26,2025-07-28,2025-07-26,NV3,FedEx,1,1,12.74,1.8,0.0,14.54,shipmonk_estimate,USD
159850,6737768546614,Cattasaurus - shoproxstore - Shopify,direct_to_consumer,fulfilled,2025-07-26,2025-07-28,2025-07-26,NV3,OnTrac,1,1,15.9,1.8,0.0,17.7,shipmonk_estimate,USD
159851,6737772675382,Cattasaurus - shoproxstore - Shopify,direct_to_consumer,fulfilled,2025-07-26,2025-07-28,2025-07-26,NV3,OnTrac,1,1,18.73,1.8,0.0,20.53,shipmonk_estimate,USD
159852,6737776509238,Cattasaurus - shoproxstore - Shopify,direct_to_consumer,fulfilled,2025-07-26,2025-08-04,2025-07-26,PA2,FedEx,1,1,14.3,2.4,0.0,16.7,shipmonk_estimate,USD
159853,6737786929462,Cattasaurus - shoproxstore - Shopify,direct_to_consumer,fulfilled,2025-07-26,2025-07-28,2025-07-26,PA2,UPS,1,1,17.46,1.8,0.0,19.26,shipmonk_estimate,USD
159854,6737787158838,Cattasaurus - shoproxstore - Shopify,direct_to_consumer,fulfilled,2025-07-26,2025-07-28,2025-07-26,NV3,FedEx,1,1,15.9,1.8,0.0,17.7,shipmonk_estimate,USD
159855,6737800692022,Cattasaurus - shoproxstore - Shopify,direct_to_consumer,fulfilled,2025-07-26,2025-07-28,2025-07-26,NV3,OnTrac,1,1,12.74,1.8,0.0,14.54,shipmonk_estimate,USD
159856,6737808621878,Cattasaurus - shoproxstore - Shopify,direct_to_consumer,fulfilled,2025-07-26,2025-07-28,2025-07-26,NV3,OnTrac,1,1,14.04,1.8,0.0,15.84,shipmonk_estimate,USD
159857,6737809342774,Cattasaurus - shoproxstore - Shopify,direct_to_consumer,fulfilled,2025-07-26,2025-07-28,2025-07-26,NV3,OnTrac,1,1,14.04,1.8,0.0,15.84,shipmonk_estimate,USD
159858,6737815273782,Cattasaurus - shoproxstore - Shopify,direct_to_consumer,fulfilled,2025-07-26,2025-07-28,2025-07-26,NV3,OnTrac,1,1,12.74,1.8,0.0,14.54,shipmonk_estimate,USD
159860,6737841389878,Cattasaurus - shoproxstore - Shopify,direct_to_consumer,fulfilled,2025-07-26,2025-07-28,2025-07-26,PA2,UPS,1,1,13.09,1.8,0.0,14.89,shipmonk_estimate,USD
159861,6737842733366,Cattasaurus - shoproxstore - Shopify,direct_to_consumer,fulfilled,2025-07-26,2025-07-28,2025-07-26,NV3,FedEx,1,1,15.9,1.8,0.0,17.7,shipmonk_estimate,USD
159862,6737849647414,Cattasaurus - shoproxstore - Shopify,direct_to_consumer,fulfilled,2025-07-26,2025-07-28,2025-07-26,NV3,OnTrac,1,1,20.56,1.8,0.0,22.36,shipmonk_estimate,USD
159863,6737850499382,Cattasaurus - shoproxstore - Shopify,direct_to_consumer,fulfilled,2025-07-26,2025-07-28,2025-07-26,PA2,UPS,1,1,13.28,1.8,0.0,15.08,shipmonk_estimate,USD
159864,6737859346742,Cattasaurus - shoproxstore - Shopify,direct_to_consumer,fulfilled,2025-07-26,2025-07-28,2025-07-26,PA2,FedEx,1,1,11.72,1.8,0.0,13.52,shipmonk_estimate,USD
159865,6737868718390,Cattasaurus - shoproxstore - Shopify,direct_to_consumer,fulfilled,2025-07-26,2025-08-08,2025-07-26,PA2,OnTrac,2,1,13.15,2.1,0.0,15.25,shipmonk_estimate,USD
159866,6737872453942,Cattasaurus - shoproxstore - Shopify,direct_to_consumer,fulfilled,2025-07-26,2025-07-28,2025-07-26,NV3,FedEx,1,1,17.46,1.8,0.0,19.26,shipmonk_estimate,USD
159867,6737890967862,Cattasaurus - shoproxstore - Shopify,direct_to_consumer,fulfilled,2025-07-26,2025-07-28,2025-07-26,PA2,FedEx,1,1,11.6,2.5,0.0,14.1,shipmonk_estimate,USD
159868,6737893130550,Cattasaurus - shoproxstore - Shopify,direct_to_consumer,fulfilled,2025-07-26,2025-07-28,2025-07-26,NV3,OnTrac,1,1,11.53,1.8,0.0,13.33,shipmonk_estimate,USD
159869,6737897619766,Cattasaurus - shoproxstore - Shopify,direct_to_consumer,fulfilled,2025-07-26,2025-07-28,2025-07-26,PA2,OnTrac,1,1,10.91,1.8,0.0,12.71,shipmonk_estimate,USD
159870,6737915150646,Cattasaurus - shoproxstore - Shopify,direct_to_consumer,fulfilled,2025-07-26,2025-08-04,2025-07-26,PA2,FedEx,1,1,20.88,2.4,0.0,23.28,shipmonk_estimate,USD
159871,6737915314486,Cattasaurus - shoproxstore - Shopify,direct_to_consumer,fulfilled,2025-07-26,2025-07-28,2025-07-26,NV3,OnTrac,1,1,14.04,1.8,0.0,15.84,shipmonk_estimate,USD
159872,6737945264438,Cattasaurus - shoproxstore - Shopify,direct_to_consumer,fulfilled,2025-07-26,2025-07-28,2025-07-26,NV3,FedEx,1,1,18.73,1.8,0.0,20.53,shipmonk_estimate,USD
159873,6737963811126,Cattasaurus - shoproxstore - Shopify,direct_to_consumer,fulfilled,2025-07-26,2025-07-28,2025-07-26,NV3,OnTrac,1,1,11.72,1.8,0.0,13.52,shipmonk_estimate,USD
159874,6737972101430,Cattasaurus - shoproxstore - Shopify,direct_to_consumer,fulfilled,2025-07-26,2025-07-28,2025-07-26,NV3,OnTrac,1,1,13.28,1.8,0.0,15.08,shipmonk_estimate,USD
159875,6737985962294,Cattasaurus - shoproxstore - Shopify,direct_to_consumer,fulfilled,2025-07-26,2025-08-04,2025-07-26,PA2,FedEx,1,1,16.45,2.4,0.0,18.85,shipmonk_estimate,USD
159876,6737986978102,Cattasaurus - shoproxstore - Shopify,direct_to_consumer,fulfilled,2025-07-26,2025-07-28,2025-07-26,NV3,OnTrac,1,1,18.73,1.8,0.0,20.53,shipmonk_estimate,USD
159877,6737999692086,Cattasaurus - shoproxstore - Shopify,direct_to_consumer,fulfilled,2025-07-26,2025-07-28,2025-07-26,NV3,FedEx,1,1,18.73,1.8,0.0,20.53,shipmonk_estimate,USD
159878,6738025873718,Cattasaurus - shoproxstore - Shopify,direct_to_consumer,fulfilled,2025-07-26,2025-08-05,2025-07-26,NV3,OnTrac,1,1,17.53,2.1,0.0,19.63,shipmonk_estimate,USD
159879,6738036850998,Cattasaurus - shoproxstore - Shopify,direct_to_consumer,fulfilled,2025-07-26,2025-07-28,2025-07-26,PA2,OnTrac,1,1,10.81,1.8,0.0,12.61,shipmonk_estimate,USD
159881,6738048909622,Cattasaurus - shoproxstore - Shopify,direct_to_consumer,fulfilled,2025-07-26,2025-07-28,2025-07-26,PA2,UPS,1,1,13.28,1.8,0.0,15.08,shipmonk_estimate,USD
159882,6738054545718,Cattasaurus - shoproxstore - Shopify,direct_to_consumer,fulfilled,2025-07-26,2025-07-28,2025-07-26,NV3,OnTrac,1,1,14.04,1.8,0.0,15.84,shipmonk_estimate,USD
159884,6738080137526,Cattasaurus - shoproxstore - Shopify,direct_to_consumer,fulfilled,2025-07-26,2025-07-28,2025-07-26,NV3,OnTrac,1,1,18.73,1.8,0.0,20.53,shipmonk_estimate,USD
159885,6738083381558,Cattasaurus - shoproxstore - Shopify,direct_to_consumer,fulfilled,2025-07-26,2025-08-04,2025-07-26,NV3,OnTrac,1,1,15.9,1.8,0.0,17.7,shipmonk_estimate,USD
159886,6738084200758,Cattasaurus - shoproxstore - Shopify,direct_to_consumer,fulfilled,2025-07-26,2025-07-28,2025-07-26,PA2,OnTrac,1,1,11.53,1.8,0.0,13.33,shipmonk_estimate,USD
159887,6738149179702,Cattasaurus - shoproxstore - Shopify,direct_to_consumer,fulfilled,2025-07-26,2025-07-28,2025-07-26,NV3,OnTrac,1,1,13.28,1.8,0.0,15.08,shipmonk_estimate,USD
159888,6738151932214,Cattasaurus - shoproxstore - Shopify,direct_to_consumer,fulfilled,2025-07-26,2025-08-08,2025-07-26,NV3,OnTrac,1,1,14.11,1.8,0.0,15.91,shipmonk_estimate,USD
159889,6738156880182,Cattasaurus - shoproxstore - Shopify,direct_to_consumer,fulfilled,2025-07-26,2025-07-28,2025-07-26,NV3,OnTrac,1,1,15.9,1.8,0.0,17.7,shipmonk_estimate,USD
159890,6738168217910,Cattasaurus - shoproxstore - Shopify,direct_to_consumer,fulfilled,2025-07-26,2025-07-29,2025-07-26,NV3,FedEx,1,1,20.2,2.1,0.0,22.3,shipmonk_estimate,USD
159891,6738171232566,Cattasaurus - shoproxstore - Shopify,direct_to_consumer,fulfilled,2025-07-26,2025-07-28,2025-07-26,NV3,OnTrac,1,1,11.72,1.8,0.0,13.52,shipmonk_estimate,USD
159892,6738176835894,Cattasaurus - shoproxstore - Shopify,direct_to_consumer,fulfilled,2025-07-26,2025-07-29,2025-07-26,NV3,OnTrac,1,1,15.64,1.8,0.0,17.44,shipmonk_estimate,USD
159894,6738204426550,Cattasaurus - shoproxstore - Shopify,direct_to_consumer,fulfilled,2025-07-26,2025-07-28,2025-07-26,NV3,FedEx,1,1,11.72,1.8,0.0,13.52,shipmonk_estimate,USD
159895,6738225037622,Cattasaurus - shoproxstore - Shopify,direct_to_consumer,fulfilled,2025-07-26,2025-08-08,2025-07-26,NV3,OnTrac,1,1,21.85,1.8,0.0,23.65,shipmonk_estimate,USD
159896,6738231198006,Cattasaurus - shoproxstore - Shopify,direct_to_consumer,fulfilled,2025-07-26,2025-07-28,2025-07-26,PA2,OnTrac,1,1,12.12,1.8,0.0,13.92,shipmonk_estimate,USD
159897,6738265801014,Cattasaurus - shoproxstore - Shopify,direct_to_consumer,fulfilled,2025-07-26,2025-07-28,2025-07-26,PA2,UPS,1,1,15.6,1.8,0.0,17.4,shipmonk_estimate,USD
159898,6738267046198,Cattasaurus - shoproxstore - Shopify,direct_to_consumer,fulfilled,2025-07-26,2025-07-28,2025-07-26,NV3,FedEx,1,1,15.9,1.8,0.0,17.7,shipmonk_estimate,USD
159899,6738272583990,Cattasaurus - shoproxstore - Shopify,direct_to_consumer,fulfilled,2025-07-26,2025-07-28,2025-07-26,NV3,UPS,1,1,15.6,1.8,0.0,17.4,shipmonk_estimate,USD
159900,6738298372406,Cattasaurus - shoproxstore - Shopify,direct_to_consumer,fulfilled,2025-07-26,2025-07-28,2025-07-26,NV3,UPS,1,1,15.6,1.8,0.0,17.4,shipmonk_estimate,USD
159901,6738313609526,Cattasaurus - shoproxstore - Shopify,direct_to_consumer,fulfilled,2025-07-26,2025-07-28,2025-07-26,NV3,OnTrac,1,1,16.45,1.8,0.0,18.25,shipmonk_estimate,USD
159902,6738338382134,Cattasaurus - shoproxstore - Shopify,direct_to_consumer,fulfilled,2025-07-26,2025-08-04,2025-07-26,PA2,FedEx,1,1,16.45,2.4,0.0,18.85,shipmonk_estimate,USD
159903,6738342215990,Cattasaurus - shoproxstore - Shopify,direct_to_consumer,fulfilled,2025-07-26,2025-07-28,2025-07-26,NV3,OnTrac,1,1,20.56,1.8,0.0,22.36,shipmonk_estimate,USD
159904,6738347524406,Cattasaurus - shoproxstore - Shopify,direct_to_consumer,fulfilled,2025-07-26,2025-08-01,2025-07-26,PA2,FedEx,1,1,30.89,7.5,0.0,38.39,shipmonk_estimate,USD
159905,6738359255350,Cattasaurus - shoproxstore - Shopify,direct_to_consumer,fulfilled,2025-07-26,2025-07-28,2025-07-26,NV3,OnTrac,1,1,15.9,1.8,0.0,17.7,shipmonk_estimate,USD
159906,6738369839414,Cattasaurus - shoproxstore - Shopify,direct_to_consumer,fulfilled,2025-07-26,2025-08-04,2025-07-26,PA2,OnTrac,1,1,10.95,1.8,0.0,12.75,shipmonk_estimate,USD
159907,6738377048374,Cattasaurus - shoproxstore - Shopify,direct_to_consumer,fulfilled,2025-07-26,2025-07-28,2025-07-26,NV3,OnTrac,1,1,18.73,1.8,0.0,20.53,shipmonk_estimate,USD
159909,6738406310198,Cattasaurus - shoproxstore - Shopify,direct_to_consumer,fulfilled,2025-07-26,2025-07-28,2025-07-26,NV3,OnTrac,1,1,16.45,1.8,0.0,18.25,shipmonk_estimate,USD
159912,6738413977910,Cattasaurus - shoproxstore - Shopify,direct_to_consumer,fulfilled,2025-07-26,2025-07-29,2025-07-26,NV3,FedEx,1,1,14.05,2.1,0.0,16.15,shipmonk_estimate,USD
159913,6738414469430,Cattasaurus - shoproxstore - Shopify,direct_to_consumer,fulfilled,2025-07-26,2025-07-28,2025-07-26,NV3,FedEx,1,1,20.56,1.8,0.0,22.36,shipmonk_estimate,USD
159914,6738436194614,Cattasaurus - shoproxstore - Shopify,direct_to_consumer,fulfilled,2025-07-26,2025-07-28,2025-07-26,NV3,OnTrac,1,1,11.53,1.8,0.0,13.33,shipmonk_estimate,USD
159915,6738462441782,Cattasaurus - shoproxstore - Shopify,direct_to_consumer,fulfilled,2025-07-26,2025-07-29,2025-07-26,NV3,OnTrac,1,1,14.04,1.8,0.0,15.84,shipmonk_estimate,USD
159916,6738464211254,Cattasaurus - shoproxstore - Shopify,direct_to_consumer,fulfilled,2025-07-26,2025-08-04,2025-07-26,PA2,FedEx,1,1,20.2,2.1,0.0,22.3,shipmonk_estimate,USD
159917,6738469552438,Cattasaurus - shoproxstore - Shopify,direct_to_consumer,fulfilled,2025-07-26,2025-07-28,2025-07-26,NV3,OnTrac,1,1,20.56,1.8,0.0,22.36,shipmonk_estimate,USD
159918,6738485444918,Cattasaurus - shoproxstore - Shopify,direct_to_consumer,fulfilled,2025-07-26,2025-08-04,2025-07-26,PA2,OnTrac,1,1,18.09,1.8,0.0,19.89,shipmonk_estimate,USD
159920,6738537513270,Cattasaurus - shoproxstore - Shopify,direct_to_consumer,fulfilled,2025-07-26,2025-08-10,2025-07-26,PA2,OnTrac,1,1,14.1,2.1,0.0,16.2,shipmonk_estimate,USD
159921,6738539479350,Cattasaurus - shoproxstore - Shopify,direct_to_consumer,fulfilled,2025-07-26,2025-07-29,2025-07-26,NV3,OnTrac,1,1,16.45,2.1,0.0,18.55,shipmonk_estimate,USD
159922,6738548818230,Cattasaurus - shoproxstore - Shopify,direct_to_consumer,fulfilled,2025-07-26,2025-07-29,2025-07-26,NV3,OnTrac,1,1,13.43,1.8,0.0,15.23,shipmonk_estimate,USD
159923,6738579095862,Cattasaurus - shoproxstore - Shopify,direct_to_consumer,fulfilled,2025-07-26,2025-07-28,2025-07-26,NV3,OnTrac,1,1,11.53,1.8,0.0,13.33,shipmonk_estimate,USD
159924,6738597249334,Cattasaurus - shoproxstore - Shopify,direct_to_consumer,fulfilled,2025-07-26,2025-07-29,2025-07-26,NV3,OnTrac,1,1,13.28,1.8,0.0,15.08,shipmonk_estimate,USD
158431-01,67862ba6-6c1a-4ea3-86c6-0214c049b8cd,Cattasaurus - shoproxstore - Shopify,direct_to_consumer,fulfilled,2025-07-27,2025-07-28,2025-07-27,NV3,OnTrac,1,1,13.09,1.8,0.0,14.89,shipmonk_estimate,USD
159925,6738698273078,Cattasaurus - shoproxstore - Shopify,direct_to_consumer,fulfilled,2025-07-27,2025-07-28,2025-07-27,PA2,UPS,1,1,13.09,1.8,0.0,14.89,shipmonk_estimate,USD
159926,6738851889462,Cattasaurus - shoproxstore - Shopify,direct_to_consumer,fulfilled,2025-07-27,2025-07-29,2025-07-27,NV3,FedEx,1,1,15.9,1.8,0.0,17.7,shipmonk_estimate,USD
159928,6738898288950,Cattasaurus - shoproxstore - Shopify,direct_to_consumer,fulfilled,2025-07-27,2025-08-04,2025-07-27,PA2,FedEx,1,1,20.2,1.8,0.0,22.0,shipmonk_estimate,USD
159929,6738904940854,Cattasaurus - shoproxstore - Shopify,direct_to_consumer,fulfilled,2025-07-27,2025-07-29,2025-07-27,NV3,OnTrac,1,1,18.73,1.8,0.0,20.53,shipmonk_estimate,USD
159931,6738909167926,Cattasaurus - shoproxstore - Shopify,direct_to_consumer,fulfilled,2025-07-27,2025-07-29,2025-07-27,NV3,FedEx,1,1,15.9,1.8,0.0,17.7,shipmonk_estimate,USD
159932,6738911789366,Cattasaurus - shoproxstore - Shopify,direct_to_consumer,fulfilled,2025-07-27,2025-08-04,2025-07-27,PA2,OnTrac,1,1,13.74,2.4,0.0,16.14,shipmonk_estimate,USD
159933,6738922635574,Cattasaurus - shoproxstore - Shopify,direct_to_consumer,fulfilled,2025-07-27,2025-07-29,2025-07-27,NV3,OnTrac,1,1,18.73,1.8,0.0,20.53,shipmonk_estimate,USD
159934,6738939085110,Cattasaurus - shoproxstore - Shopify,direct_to_consumer,fulfilled,2025-07-27,2025-07-29,2025-07-27,NV3,OnTrac,1,1,20.56,1.8,0.0,22.36,shipmonk_estimate,USD
159938,6738962252086,Cattasaurus - shoproxstore - Shopify,direct_to_consumer,fulfilled,2025-07-27,2025-08-04,2025-07-27,PA2,OnTrac,1,1,12.17,2.4,0.0,14.57,shipmonk_estimate,USD
159939,6738964382006,Cattasaurus - shoproxstore - Shopify,direct_to_consumer,fulfilled,2025-07-27,2025-08-04,2025-07-27,PA2,OnTrac,1,1,10.86,1.8,0.0,12.66,shipmonk_estimate,USD
159940,6738966937910,Cattasaurus - shoproxstore - Shopify,direct_to_consumer,fulfilled,2025-07-27,2025-07-29,2025-07-27,NV3,FedEx,1,1,18.73,1.8,0.0,20.53,shipmonk_estimate,USD
159941,6738967757110,Cattasaurus - shoproxstore - Shopify,direct_to_consumer,fulfilled,2025-07-27,2025-08-04,2025-07-27,PA2,UPS,1,1,15.6,1.8,0.0,17.4,shipmonk_estimate,USD
159942,6738969526582,Cattasaurus - shoproxstore - Shopify,direct_to_consumer,fulfilled,2025-07-27,2025-08-04,2025-07-27,PA2,OnTrac,1,1,10.86,1.8,0.0,12.66,shipmonk_estimate,USD
159944,6738981749046,Cattasaurus - shoproxstore - Shopify,direct_to_consumer,fulfilled,2025-07-27,2025-08-09,2025-07-27,PA2,FedEx,1,1,19.4,2.1,0.0,21.5,shipmonk_estimate,USD
159946,6738999902518,Cattasaurus - shoproxstore - Shopify,direct_to_consumer,fulfilled,2025-07-27,2025-08-01,2025-07-27,PA2,OnTrac,2,1,12.5,3.8,0.0,16.3,shipmonk_estimate,USD
159947,6739005505846,Cattasaurus - shoproxstore - Shopify,direct_to_consumer,fulfilled,2025-07-27,2025-07-29,2025-07-27,NV3,OnTrac,1,1,11.53,1.8,0.0,13.33,shipmonk_estimate,USD
159948,6739006619958,Cattasaurus - shoproxstore - Shopify,direct_to_consumer,fulfilled,2025-07-27,2025-07-28,2025-07-27,PA2,OnTrac,1,1,10.81,1.8,0.0,12.61,shipmonk_estimate,USD
159949,6739008684342,Cattasaurus - shoproxstore - Shopify,direct_to_consumer,fulfilled,2025-07-27,2025-08-04,2025-07-27,PA2,UPS,1,1,13.09,2.1,0.0,15.19,shipmonk_estimate,USD
159950,6739009306934,Cattasaurus - shoproxstore - Shopify,direct_to_consumer,fulfilled,2025-07-27,2025-07-29,2025-07-27,NV3,OnTrac,1,1,13.28,1.8,0.0,15.08,shipmonk_estimate,USD
159951,6739011240246,Cattasaurus - shoproxstore - Shopify,direct_to_consumer,fulfilled,2025-07-27,2025-07-29,2025-07-27,NV3,OnTrac,1,1,11.53,1.8,0.0,13.33,shipmonk_estimate,USD
159952,6739012321590,Cattasaurus - shoproxstore - Shopify,direct_to_consumer,fulfilled,2025-07-27,2025-07-28,2025-07-27,PA2,FedEx,1,1,16.31,2.1,0.0,18.41,shipmonk_estimate,USD
159953,6739019792694,Cattasaurus - shoproxstore - Shopify,direct_to_consumer,fulfilled,2025-07-27,2025-07-29,2025-07-27,NV3,OnTrac,1,1,11.72,1.8,0.0,13.52,shipmonk_estimate,USD
159954,6739020874038,Cattasaurus - shoproxstore - Shopify,direct_to_consumer,fulfilled,2025-07-27,2025-08-04,2025-07-27,PA2,OnTrac,1,1,20.28,1.8,0.0,22.08,shipmonk_estimate,USD
159955,6739022250294,Cattasaurus - shoproxstore - Shopify,direct_to_consumer,fulfilled,2025-07-27,2025-08-04,2025-07-27,PA2,OnTrac,1,1,16.52,2.1,0.0,18.62,shipmonk_estimate,USD
159956,6739042173238,Cattasaurus - shoproxstore - Shopify,direct_to_consumer,fulfilled,2025-07-27,2025-08-03,2025-07-27,PA2,FedEx,1,1,18.01,2.4,0.0,20.41,shipmonk_estimate,USD
159958,6739051872566,Cattasaurus - shoproxstore - Shopify,direct_to_consumer,fulfilled,2025-07-27,2025-07-29,2025-07-27,NV3,OnTrac,1,1,18.73,1.8,0.0,20.53,shipmonk_estimate,USD
159959,6739053904182,Cattasaurus - shoproxstore - Shopify,direct_to_consumer,fulfilled,2025-07-27,2025-07-28,2025-07-27,PA2,FedEx,1,1,15.1,1.8,0.0,16.9,shipmonk_estimate,USD
159960,6739059048758,Cattasaurus - shoproxstore - Shopify,direct_to_consumer,fulfilled,2025-07-27,2025-07-29,2025-07-27,NV3,UPS,2,1,15.6,3.6,0.0,19.2,shipmonk_estimate,USD
159961,6739069370678,Cattasaurus - shoproxstore - Shopify,direct_to_consumer,fulfilled,2025-07-27,2025-07-29,2025-07-27,NV3,OnTrac,1,1,18.73,1.8,0.0,20.53,shipmonk_estimate,USD
159963,6739073433910,Cattasaurus - shoproxstore - Shopify,direct_to_consumer,fulfilled,2025-07-27,2025-08-04,2025-07-27,PA2,FedEx,1,1,20.2,1.8,0.0,22.0,shipmonk_estimate,USD
159964,6739078054198,Cattasaurus - shoproxstore - Shopify,direct_to_consumer,fulfilled,2025-07-27,2025-08-03,2025-07-27,PA2,OnTrac,1,1,12.74,2.4,0.0,15.14,shipmonk_estimate,USD
159965,6739080347958,Cattasaurus - shoproxstore - Shopify,direct_to_consumer,fulfilled,2025-07-27,2025-08-04,2025-07-27,PA2,OnTrac,1,1,10.86,1.8,0.0,12.66,shipmonk_estimate,USD
159966,6739080675638,Cattasaurus - shoproxstore - Shopify,direct_to_consumer,fulfilled,2025-07-27,2025-08-04,2025-07-27,PA2,OnTrac,1,1,11.58,1.8,0.0,13.38,shipmonk_estimate,USD
159967,6739088605494,Cattasaurus - shoproxstore - Shopify,direct_to_consumer,fulfilled,2025-07-27,2025-07-29,2025-07-27,NV3,OnTrac,1,1,15.9,1.8,0.0,17.7,shipmonk_estimate,USD
159968,6739091194166,Cattasaurus - shoproxstore - Shopify,direct_to_consumer,fulfilled,2025-07-27,2025-07-29,2025-07-27,NV3,FedEx,1,1,18.73,1.8,0.0,20.53,shipmonk_estimate,USD
159969,6739098370358,Cattasaurus - shoproxstore - Shopify,direct_to_consumer,fulfilled,2025-07-27,2025-08-04,2025-07-27,PA2,UPS,1,1,13.28,1.8,0.0,15.08,shipmonk_estimate,USD
159970,6739099189558,Cattasaurus - shoproxstore - Shopify,direct_to_consumer,fulfilled,2025-07-27,2025-07-29,2025-07-27,NV3,FedEx,1,1,15.9,1.8,0.0,17.7,shipmonk_estimate,USD
159971,6739100041526,Cattasaurus - shoproxstore - Shopify,direct_to_consumer,fulfilled,2025-07-27,2025-07-29,2025-07-27,NV3,OnTrac,1,1,11.53,1.8,0.0,13.33,shipmonk_estimate,USD
159972,6739108200758,Cattasaurus - shoproxstore - Shopify,direct_to_consumer,fulfilled,2025-07-27,2025-07-29,2025-07-27,NV3,OnTrac,1,1,17.17,1.8,0.0,18.97,shipmonk_estimate,USD
159973,6739109413174,Cattasaurus - shoproxstore - Shopify,direct_to_consumer,fulfilled,2025-07-27,2025-08-04,2025-07-27,PA2,OnTrac,1,1,12.17,2.4,0.0,14.57,shipmonk_estimate,USD
159974,6739115114806,Cattasaurus - shoproxstore - Shopify,direct_to_consumer,fulfilled,2025-07-27,2025-07-29,2025-07-27,NV3,OnTrac,1,1,18.73,1.8,0.0,20.53,shipmonk_estimate,USD
159975,6739117080886,Cattasaurus - shoproxstore - Shopify,direct_to_consumer,fulfilled,2025-07-27,2025-08-04,2025-07-27,PA2,OnTrac,1,1,10.86,1.8,0.0,12.66,shipmonk_estimate,USD
159976,6739125207350,Cattasaurus - shoproxstore - Shopify,direct_to_consumer,fulfilled,2025-07-27,2025-07-28,2025-07-27,PA2,UPS,1,1,12.37,1.8,0.0,14.17,shipmonk_estimate,USD
159977,6739127730486,Cattasaurus - shoproxstore - Shopify,direct_to_consumer,fulfilled,2025-07-27,2025-08-01,2025-07-27,NV3,OnTrac,1,1,14.04,1.8,0.0,15.84,shipmonk_estimate,USD
159977_1,6c2b785d-ea56-43c9-bba9-c84baeaa7659,Cattasaurus - shoproxstore - Shopify,direct_to_consumer,fulfilled,2025-07-27,2025-08-01,2025-07-27,NV3,OnTrac,1,1,16.45,1.8,0.0,18.25,shipmonk_estimate,USD
159977_2,31de5f6e-62b4-4ebe-a737-f4c285d685f2,Cattasaurus - shoproxstore - Shopify,direct_to_consumer,fulfilled,2025-07-27,2025-08-01,2025-07-27,NV3,OnTrac,1,1,16.45,1.8,0.0,18.25,shipmonk_estimate,USD
159978,6739141656886,Cattasaurus - shoproxstore - Shopify,direct_to_consumer,fulfilled,2025-07-27,2025-07-29,2025-07-27,NV3,OnTrac,1,1,14.05,2.1,0.0,16.15,shipmonk_estimate,USD
159979,6739141919030,Cattasaurus - shoproxstore - Shopify,direct_to_consumer,fulfilled,2025-07-27,2025-07-29,2025-07-27,NV3,OnTrac,1,1,11.53,1.8,0.0,13.33,shipmonk_estimate,USD
159980,6739147620662,Cattasaurus - shoproxstore - Shopify,direct_to_consumer,fulfilled,2025-07-27,2025-07-28,2025-07-27,PA2,OnTrac,1,1,12.12,1.8,0.0,13.92,shipmonk_estimate,USD
159981,6739147850038,Cattasaurus - shoproxstore - Shopify,direct_to_consumer,fulfilled,2025-07-27,2025-07-29,2025-07-27,NV3,OnTrac,1,1,15.9,1.8,0.0,17.7,shipmonk_estimate,USD
159982,6739157975350,Cattasaurus - shoproxstore - Shopify,direct_to_consumer,fulfilled,2025-07-27,2025-07-28,2025-07-27,PA2,UPS,1,1,13.09,1.8,0.0,14.89,shipmonk_estimate,USD
159983,6739158499638,Cattasaurus - shoproxstore - Shopify,direct_to_consumer,fulfilled,2025-07-27,2025-07-29,2025-07-27,NV3,OnTrac,1,1,11.53,1.8,0.0,13.33,shipmonk_estimate,USD
159984,6739160236342,Cattasaurus - shoproxstore - Shopify,direct_to_consumer,fulfilled,2025-07-27,2025-07-29,2025-07-27,NV3,OnTrac,1,1,13.28,1.8,0.0,15.08,shipmonk_estimate,USD
159986,6739170427190,Cattasaurus - shoproxstore - Shopify,direct_to_consumer,fulfilled,2025-07-27,2025-07-29,2025-07-27,NV3,OnTrac,1,1,11.53,1.8,0.0,13.33,shipmonk_estimate,USD
159987,6739181633846,Cattasaurus - shoproxstore - Shopify,direct_to_consumer,fulfilled,2025-07-27,2025-08-08,2025-07-27,PA2,OnTrac,1,1,14.11,1.8,0.0,15.91,shipmonk_estimate,USD
159988,6739184615734,Cattasaurus - shoproxstore - Shopify,direct_to_consumer,fulfilled,2025-07-27,2025-08-03,2025-07-27,PA2,OnTrac,1,1,14.05,2.4,0.0,16.45,shipmonk_estimate,USD
159989,6739200114998,Cattasaurus - shoproxstore - Shopify,direct_to_consumer,fulfilled,2025-07-27,2025-08-04,2025-07-27,PA2,OnTrac,1,1,20.28,1.8,0.0,22.08,shipmonk_estimate,USD
159990,6739200344374,Cattasaurus - shoproxstore - Shopify,direct_to_consumer,fulfilled,2025-07-27,2025-07-29,2025-07-27,PA2,OnTrac,1,1,14.48,2.5,0.0,16.98,shipmonk_estimate,USD
159991,6739205095734,Cattasaurus - shoproxstore - Shopify,direct_to_consumer,fulfilled,2025-07-27,2025-07-29,2025-07-27,NV3,OnTrac,1,1,14.04,1.8,0.0,15.84,shipmonk_estimate,USD
159992,6739205259574,Cattasaurus - shoproxstore - Shopify,direct_to_consumer,fulfilled,2025-07-27,2025-07-28,2025-07-27,PA2,FedEx,1,1,11.72,1.8,0.0,13.52,shipmonk_estimate,USD
159993,6739215253814,Cattasaurus - shoproxstore - Shopify,direct_to_consumer,fulfilled,2025-07-27,2025-07-28,2025-07-27,PA2,OnTrac,1,1,12.37,1.8,0.0,14.17,shipmonk_estimate,USD
159995,6739236356406,Cattasaurus - shoproxstore - Shopify,direct_to_consumer,fulfilled,2025-07-27,2025-07-29,2025-07-27,NV3,OnTrac,1,1,11.72,1.8,0.0,13.52,shipmonk_estimate,USD
159996,6739238814006,Cattasaurus - shoproxstore - Shopify,direct_to_consumer,fulfilled,2025-07-27,2025-07-29,2025-07-27,NV3,OnTrac,1,1,15.64,1.8,0.0,17.44,shipmonk_estimate,USD
160000,6739266863414,Cattasaurus - shoproxstore - Shopify,direct_to_consumer,fulfilled,2025-07-27,2025-08-04,2025-07-27,PA2,OnTrac,1,1,10.86,1.8,0.0,12.66,shipmonk_estimate,USD
160001,6739267322166,Cattasaurus - shoproxstore - Shopify,direct_to_consumer,fulfilled,2025-07-27,2025-07-29,2025-07-27,NV3,OnTrac,1,1,15.61,2.1,0.0,17.71,shipmonk_estimate,USD
160002,6739268337974,Cattasaurus - shoproxstore - Shopify,direct_to_consumer,fulfilled,2025-07-27,2025-07-28,2025-07-27,PA2,OnTrac,1,1,14.04,1.8,0.0,15.84,shipmonk_estimate,USD
160003,6739296715062,Cattasaurus - shoproxstore - Shopify,direct_to_consumer,fulfilled,2025-07-27,2025-07-29,2025-07-27,NV3,FedEx,1,1,20.2,1.8,0.0,22.0,shipmonk_estimate,USD
160004,6739301695798,Cattasaurus - shoproxstore - Shopify,direct_to_consumer,fulfilled,2025-07-27,2025-07-29,2025-07-27,NV3,OnTrac,1,1,14.04,1.8,0.0,15.84,shipmonk_estimate,USD
160005,6739308151094,Cattasaurus - shoproxstore - Shopify,direct_to_consumer,fulfilled,2025-07-27,2025-08-04,2025-07-27,PA2,OnTrac,1,1,11.77,1.8,0.0,13.57,shipmonk_estimate,USD
160006,6739309429046,Cattasaurus - shoproxstore - Shopify,direct_to_consumer,fulfilled,2025-07-27,2025-08-02,2025-07-27,PA2,FedEx,1,1,14.65,2.1,0.0,16.75,shipmonk_estimate,USD
160007,6739309887798,Cattasaurus - shoproxstore - Shopify,direct_to_consumer,fulfilled,2025-07-27,2025-08-04,2025-07-27,PA2,OnTrac,1,1,14.11,2.1,0.0,16.21,shipmonk_estimate,USD
160008,6739314573622,Cattasaurus - shoproxstore - Shopify,direct_to_consumer,fulfilled,2025-07-27,2025-08-08,2025-07-27,NV3,UPS,1,1,14.36,2.1,0.0,16.46,shipmonk_estimate,USD
160009,6739314999606,Cattasaurus - shoproxstore - Shopify,direct_to_consumer,fulfilled,2025-07-27,2025-07-29,2025-07-27,NV3,OnTrac,1,1,15.9,1.8,0.0,17.7,shipmonk_estimate,USD
160010,6739320340790,Cattasaurus - shoproxstore - Shopify,direct_to_consumer,fulfilled,2025-07-27,2025-08-02,2025-07-27,PA2,OnTrac,1,1,12.08,2.4,0.0,14.48,shipmonk_estimate,USD
160011,6739326697782,Cattasaurus - shoproxstore - Shopify,direct_to_consumer,fulfilled,2025-07-27,2025-07-29,2025-07-27,NV3,OnTrac,1,1,11.72,1.8,0.0,13.52,shipmonk_estimate,USD
160012,6739337347382,Cattasaurus - shoproxstore - Shopify,direct_to_consumer,fulfilled,2025-07-27,2025-07-29,2025-07-27,PA2,FedEx,1,1,14.65,1.8,0.0,16.45,shipmonk_estimate,USD
160014,6739374244150,Cattasaurus - shoproxstore - Shopify,direct_to_consumer,fulfilled,2025-07-27,2025-07-29,2025-07-27,NV3,OnTrac,1,1,14.04,1.8,0.0,15.84,shipmonk_estimate,USD
160015,6739376439606,Cattasaurus - shoproxstore - Shopify,direct_to_consumer,fulfilled,2025-07-27,2025-07-29,2025-07-27,NV3,OnTrac,1,1,18.73,1.8,0.0,20.53,shipmonk_estimate,USD
160016,6739381977398,Cattasaurus - shoproxstore - Shopify,direct_to_consumer,fulfilled,2025-07-27,2025-07-29,2025-07-27,NV3,OnTrac,1,1,14.04,1.8,0.0,15.84,shipmonk_estimate,USD
160017,6739390857526,Cattasaurus - shoproxstore - Shopify,direct_to_consumer,fulfilled,2025-07-27,2025-07-29,2025-07-27,NV3,FedEx,1,1,15.6,1.8,0.0,17.4,shipmonk_estimate,USD
160018,6739393413430,Cattasaurus - shoproxstore - Shopify,direct_to_consumer,fulfilled,2025-07-27,2025-08-01,2025-07-27,PA2,OnTrac,1,1,13.28,1.8,0.0,15.08,shipmonk_estimate,USD
160019,6739395019062,Cattasaurus - shoproxstore - Shopify,direct_to_consumer,fulfilled,2025-07-27,2025-07-29,2025-07-27,NV3,FedEx,1,1,18.01,2.1,0.0,20.11,shipmonk_estimate,USD
160020,6739401539894,Cattasaurus - shoproxstore - Shopify,direct_to_consumer,fulfilled,2025-07-27,2025-07-29,2025-07-27,NV3,FedEx,1,1,12.5,2.5,0.0,15.0,shipmonk_estimate,USD
160021,6739413565750,Cattasaurus - shoproxstore - Shopify,direct_to_consumer,fulfilled,2025-07-27,2025-07-29,2025-07-27,NV3,OnTrac,1,1,11.72,1.8,0.0,13.52,shipmonk_estimate,USD
160022,6739427852598,Cattasaurus - shoproxstore - Shopify,direct_to_consumer,fulfilled,2025-07-27,2025-07-29,2025-07-27,NV3,OnTrac,1,1,13.09,1.8,0.0,14.89,shipmonk_estimate,USD
160023,6739430834486,Cattasaurus - shoproxstore - Shopify,direct_to_consumer,fulfilled,2025-07-27,2025-08-02,2025-07-27,PA2,FedEx,1,1,11.72,2.1,0.0,13.82,shipmonk_estimate,USD
160025,6739438534966,Cattasaurus - shoproxstore - Shopify,direct_to_consumer,fulfilled,2025-07-27,2025-07-29,2025-07-27,NV3,FedEx,1,1,18.79,1.8,0.0,20.59,shipmonk_estimate,USD
160026,6739443220790,Cattasaurus - shoproxstore - Shopify,direct_to_consumer,fulfilled,2025-07-27,2025-07-29,2025-07-27,NV3,OnTrac,1,1,15.64,1.8,0.0,17.44,shipmonk_estimate,USD
160027,6739446825270,Cattasaurus - shoproxstore - Shopify,direct_to_consumer,fulfilled,2025-07-27,2025-07-29,2025-07-27,NV3,OnTrac,1,1,13.43,2.1,0.0,15.53,shipmonk_estimate,USD
160028,6739447021878,Cattasaurus - shoproxstore - Shopify,direct_to_consumer,fulfilled,2025-07-27,2025-08-08,2025-07-27,NV3,FedEx,1,1,14.81,2.1,0.0,16.91,shipmonk_estimate,USD
160029,6739450888502,Cattasaurus - shoproxstore - Shopify,direct_to_consumer,fulfilled,2025-07-27,2025-08-02,2025-07-27,PA2,UPS,1,1,12.47,2.1,0.0,14.57,shipmonk_estimate,USD
160030,6739455869238,Cattasaurus - shoproxstore - Shopify,direct_to_consumer,fulfilled,2025-07-27,2025-08-02,2025-07-27,PA2,OnTrac,1,1,12.74,1.8,0.0,14.54,shipmonk_estimate,USD
160031,6739457016118,Cattasaurus - shoproxstore - Shopify,direct_to_consumer,fulfilled,2025-07-27,2025-08-02,2025-07-27,PA2,FedEx,1,1,15.61,1.8,0.0,17.41,shipmonk_estimate,USD
160032,6739457704246,Cattasaurus - shoproxstore - Shopify,direct_to_consumer,fulfilled,2025-07-27,2025-07-29,2025-07-27,NV3,OnTrac,1,1,15.61,2.1,0.0,17.71,shipmonk_estimate,USD
160033,6739483525430,Cattasaurus - shoproxstore - Shopify,direct_to_consumer,fulfilled,2025-07-27,2025-08-10,2025-07-27,PA2,FedEx,1,1,14.71,2.4,0.0,17.11,shipmonk_estimate,USD
160034,6739491651894,Cattasaurus - shoproxstore - Shopify,direct_to_consumer,fulfilled,2025-07-27,2025-08-02,2025-07-27,PA2,OnTrac,1,1,14.05,2.1,0.0,16.15,shipmonk_estimate,USD
160035,6739501351222,Cattasaurus - shoproxstore - Shopify,direct_to_consumer,fulfilled,2025-07-27,2025-08-02,2025-07-27,PA2,OnTrac,1,1,12.08,2.1,0.0,14.18,shipmonk_estimate,USD
160036,6739507413302,Cattasaurus - shoproxstore - Shopify,direct_to_consumer,fulfilled,2025-07-27,2025-08-02,2025-07-27,PA2,FedEx,1,1,19.32,2.1,0.0,21.42,shipmonk_estimate,USD
160037,6739534512438,Cattasaurus - shoproxstore - Shopify,direct_to_consumer,fulfilled,2025-07-27,2025-08-02,2025-07-27,PA2,FedEx,1,1,16.31,2.1,0.0,18.41,shipmonk_estimate,USD
160038,6739548602678,Cattasaurus - shoproxstore - Shopify,direct_to_consumer,fulfilled,2025-07-27,2025-08-02,2025-07-27,PA2,OnTrac,1,1,13.28,2.1,0.0,15.38,shipmonk_estimate,USD
160039,6739550798134,Cattasaurus - shoproxstore - Shopify,direct_to_consumer,fulfilled,2025-07-27,2025-07-29,2025-07-27,NV3,FedEx,1,1,20.2,2.1,0.0,22.3,shipmonk_estimate,USD
160040,6739553419574,Cattasaurus - shoproxstore - Shopify,direct_to_consumer,fulfilled,2025-07-27,2025-07-29,2025-07-27,NV3,OnTrac,1,1,10.91,1.8,0.0,12.71,shipmonk_estimate,USD
160041,6739556729142,Cattasaurus - shoproxstore - Shopify,direct_to_consumer,fulfilled,2025-07-27,2025-08-02,2025-07-27,PA2,FedEx,1,1,18.01,1.8,0.0,19.81,shipmonk_estimate,USD
160042,6739563053366,Cattasaurus - shoproxstore - Shopify,direct_to_consumer,fulfilled,2025-07-27,2025-08-01,2025-07-27,NV3,OnTrac,1,1,15.9,1.8,0.0,17.7,shipmonk_estimate,USD
160043,6739572588854,Cattasaurus - shoproxstore - Shopify,direct_to_consumer,fulfilled,2025-07-27,2025-07-29,2025-07-27,NV3,OnTrac,2,1,23.2,2.1,0.0,25.3,shipmonk_estimate,USD
160044,6739592839478,Cattasaurus - shoproxstore - Shopify,direct_to_consumer,fulfilled,2025-07-27,2025-08-02,2025-07-27,PA2,OnTrac,1,1,20.2,1.8,0.0,22.0,shipmonk_estimate,USD
160045,6739625705782,Cattasaurus - shoproxstore - Shopify,direct_to_consumer,fulfilled,2025-07-27,2025-07-29,2025-07-27,NV3,FedEx,1,1,18.01,1.8,0.0,19.81,shipmonk_estimate,USD
160046,6739627704630,Cattasaurus - shoproxstore - Shopify,direct_to_consumer,fulfilled,2025-07-27,2025-07-29,2025-07-27,NV3,OnTrac,1,1,11.53,1.8,0.0,13.33,shipmonk_estimate,USD
160047,6739640189238,Cattasaurus - shoproxstore - Shopify,direct_to_consumer,fulfilled,2025-07-27,2025-08-02,2025-07-27,PA2,OnTrac,1,1,14.05,1.8,0.0,15.85,shipmonk_estimate,USD
160048,6739649626422,Cattasaurus - shoproxstore - Shopify,direct_to_consumer,fulfilled,2025-07-27,2025-08-02,2025-07-27,PA2,OnTrac,1,1,14.05,2.4,0.0,16.45,shipmonk_estimate,USD
160049,6739652149558,Cattasaurus - shoproxstore - Shopify,direct_to_consumer,fulfilled,2025-07-27,2025-08-02,2025-07-27,PA2,OnTrac,1,1,20.2,1.8,0.0,22.0,shipmonk_estimate,USD
160050,6739668042038,Cattasaurus - shoproxstore - Shopify,direct_to_consumer,fulfilled,2025-07-27,2025-08-02,2025-07-27,PA2,OnTrac,1,1,14.3,1.8,0.0,16.1,shipmonk_estimate,USD
160051,6739674759478,Cattasaurus - shoproxstore - Shopify,direct_to_consumer,fulfilled,2025-07-27,2025-08-01,2025-07-27,PA2,OnTrac,1,1,14.04,1.8,0.0,15.84,shipmonk_estimate,USD
160052,6739678298422,Cattasaurus - shoproxstore - Shopify,direct_to_consumer,fulfilled,2025-07-27,2025-07-29,2025-07-27,PA2,FedEx,1,1,13.68,2.1,0.0,15.78,shipmonk_estimate,USD
160053,6739692749110,Cattasaurus - shoproxstore - Shopify,direct_to_consumer,fulfilled,2025-07-27,2025-08-02,2025-07-27,PA2,FedEx,1,1,16.31,2.4,0.0,18.71,shipmonk_estimate,USD
160054,6739702513974,Cattasaurus - shoproxstore - Shopify,direct_to_consumer,fulfilled,2025-07-27,2025-07-29,2025-07-27,NV3,FedEx,1,1,11.72,1.8,0.0,13.52,shipmonk_estimate,USD
160055,6739707461942,Cattasaurus - shoproxstore - Shopify,direct_to_consumer,fulfilled,2025-07-27,2025-08-02,2025-07-27,PA2,OnTrac,1,1,24.76,1.8,0.0,26.56,shipmonk_estimate,USD
160056,6739712508214,Cattasaurus - shoproxstore - Shopify,direct_to_consumer,fulfilled,2025-07-27,2025-08-02,2025-07-27,PA2,OnTrac,1,1,18.01,1.8,0.0,19.81,shipmonk_estimate,USD
160057,6739716833590,Cattasaurus - shoproxstore - Shopify,direct_to_consumer,fulfilled,2025-07-27,2025-08-02,2025-07-27,PA2,FedEx,1,1,18.01,2.1,0.0,20.11,shipmonk_estimate,USD
160058,6739728335158,Cattasaurus - shoproxstore - Shopify,direct_to_consumer,fulfilled,2025-07-27,2025-07-29,2025-07-27,PA2,OnTrac,1,1,18.01,2.1,0.0,20.11,shipmonk_estimate,USD
160059,6739731644726,Cattasaurus - shoproxstore - Shopify,direct_to_consumer,fulfilled,2025-07-27,2025-08-02,2025-07-27,PA2,OnTrac,1,1,10.91,2.1,0.0,13.01,shipmonk_estimate,USD
160060,6739742982454,Cattasaurus - shoproxstore - Shopify,direct_to_consumer,fulfilled,2025-07-27,2025-07-29,2025-07-27,NV3,OnTrac,1,1,15.9,1.8,0.0,17.7,shipmonk_estimate,USD
160061,6739755991350,Cattasaurus - shoproxstore - Shopify,direct_to_consumer,fulfilled,2025-07-27,2025-08-01,2025-07-27,PA2,OnTrac,1,1,12.37,1.8,0.0,14.17,shipmonk_estimate,USD
160062,6739761201462,Cattasaurus - shoproxstore - Shopify,direct_to_consumer,fulfilled,2025-07-27,2025-08-02,2025-07-27,PA2,FedEx,1,1,16.31,2.1,0.0,18.41,shipmonk_estimate,USD
160063,6739769426230,Cattasaurus - shoproxstore - Shopify,direct_to_consumer,fulfilled,2025-07-27,2025-08-04,2025-07-27,PA2,OnTrac,1,1,10.86,2.4,0.0,13.26,shipmonk_estimate,USD
160063_1,5dbb1ea8-d2ab-46fd-b67e-7b7c5fdc0bc1,Cattasaurus - shoproxstore - Shopify,direct_to_consumer,fulfilled,2025-07-27,2025-08-04,2025-07-27,PA2,OnTrac,1,1,10.95,1.8,0.0,12.75,shipmonk_estimate,USD
160064,6739769819446,Cattasaurus - shoproxstore - Shopify,direct_to_consumer,fulfilled,2025-07-27,2025-07-29,2025-07-27,NV3,FedEx,1,1,18.79,2.1,0.0,20.89,shipmonk_estimate,USD
160065,6739773030710,Cattasaurus - shoproxstore - Shopify,direct_to_consumer,fulfilled,2025-07-27,2025-07-29,2025-07-27,NV3,OnTrac,1,1,13.43,1.8,0.0,15.23,shipmonk_estimate,USD
160066,6739775914294,Cattasaurus - shoproxstore - Shopify,direct_to_consumer,fulfilled,2025-07-27,2025-08-02,2025-07-27,PA2,FedEx,1,1,12.08,2.4,0.0,14.48,shipmonk_estimate,USD
160067,6739794297142,Cattasaurus - shoproxstore - Shopify,direct_to_consumer,fulfilled,2025-07-27,2025-07-29,2025-07-27,NV3,UPS,1,1,14.06,2.5,0.0,16.56,shipmonk_estimate,USD
160068,6739806224694,Cattasaurus - shoproxstore - Shopify,direct_to_consumer,fulfilled,2025-07-27,2025-07-29,2025-07-27,PA2,FedEx,1,1,16.45,1.8,0.0,18.25,shipmonk_estimate,USD
160069,6739809042742,Cattasaurus - shoproxstore - Shopify,direct_to_consumer,fulfilled,2025-07-27,2025-08-01,2025-07-27,PA2,OnTrac,1,1,12.37,1.8,0.0,14.17,shipmonk_estimate,USD
160070,6739809927478,Cattasaurus - shoproxstore - Shopify,direct_to_consumer,fulfilled,2025-07-27,2025-07-29,2025-07-27,PA2,FedEx,1,1,14.05,2.1,0.0,16.15,shipmonk_estimate,USD
160071,6739834601782,Cattasaurus - shoproxstore - Shopify,direct_to_consumer,fulfilled,2025-07-27,2025-08-02,2025-07-27,PA2,FedEx,1,1,14.65,2.1,0.0,16.75,shipmonk_estimate,USD
160072,6739835322678,Cattasaurus - shoproxstore - Shopify,direct_to_consumer,fulfilled,2025-07-27,2025-08-02,2025-07-27,PA2,FedEx,1,1,18.01,2.4,0.0,20.41,shipmonk_estimate,USD
160073,6739835519286,Cattasaurus - shoproxstore - Shopify,direct_to_consumer,fulfilled,2025-07-27,2025-08-02,2025-07-27,PA2,FedEx,1,1,14.65,2.1,0.0,16.75,shipmonk_estimate,USD
160074,6739910689078,Cattasaurus - shoproxstore - Shopify,direct_to_consumer,fulfilled,2025-07-27,2025-07-31,2025-07-27,PA2,FedEx,1,1,14.04,1.8,0.0,15.84,shipmonk_estimate,USD
160075,6739910754614,Cattasaurus - shoproxstore - Shopify,direct_to_consumer,fulfilled,2025-07-27,2025-07-30,2025-07-27,NV3,OnTrac,2,1,18.73,2.4,0.0,21.13,shipmonk_estimate,USD
160076,6739911606582,Cattasaurus - shoproxstore - Shopify,direct_to_consumer,fulfilled,2025-07-27,2025-07-31,2025-07-27,PA2,UPS,1,1,15.6,1.8,0.0,17.4,shipmonk_estimate,USD
160077,6739922223414,Cattasaurus - shoproxstore - Shopify,direct_to_consumer,fulfilled,2025-07-27,2025-08-02,2025-07-27,PA2,UPS,1,1,14.3,1.8,0.0,16.1,shipmonk_estimate,USD
160078,6739922387254,Cattasaurus - shoproxstore - Shopify,direct_to_consumer,fulfilled,2025-07-27,2025-07-31,2025-07-27,PA2,OnTrac,1,1,11.53,1.8,0.0,13.33,shipmonk_estimate,USD
160079,6739924484406,Cattasaurus - shoproxstore - Shopify,direct_to_consumer,fulfilled,2025-07-27,2025-08-02,2025-07-27,PA2,FedEx,1,1,14.65,2.1,0.0,16.75,shipmonk_estimate,USD
160080,6739926745398,Cattasaurus - shoproxstore - Shopify,direct_to_consumer,fulfilled,2025-07-27,2025-07-29,2025-07-27,NV3,OnTrac,1,1,14.05,2.1,0.0,16.15,shipmonk_estimate,USD
160081,6739928940854,Cattasaurus - shoproxstore - Shopify,direct_to_consumer,fulfilled,2025-07-27,2025-07-30,2025-07-27,NV3,OnTrac,1,1,18.73,2.1,0.0,20.83,shipmonk_estimate,USD
160082,6739931300150,Cattasaurus - shoproxstore - Shopify,direct_to_consumer,fulfilled,2025-07-27,2025-07-30,2025-07-27,NV3,OnTrac,1,1,14.04,2.1,0.0,16.14,shipmonk_estimate,USD
160083,6739932545334,Cattasaurus - shoproxstore - Shopify,direct_to_consumer,fulfilled,2025-07-27,2025-07-31,2025-07-27,PA2,FedEx,1,1,14.04,1.8,0.0,15.84,shipmonk_estimate,USD
160084,6739949125942,Cattasaurus - shoproxstore - Shopify,direct_to_consumer,fulfilled,2025-07-27,2025-07-30,2025-07-27,NV3,OnTrac,1,1,15.9,2.1,0.0,18.0,shipmonk_estimate,USD
160085,6739955417398,Cattasaurus - shoproxstore - Shopify,direct_to_consumer,fulfilled,2025-07-27,2025-07-29,2025-07-27,NV3,OnTrac,1,1,18.79,1.8,0.0,20.59,shipmonk_estimate,USD
160086,6739973505334,Cattasaurus - shoproxstore - Shopify,direct_to_consumer,fulfilled,2025-07-27,2025-07-29,2025-07-27,NV3,OnTrac,1,1,11.72,1.8,0.0,13.52,shipmonk_estimate,USD
160087,6739973734710,Cattasaurus - shoproxstore - Shopify,direct_to_consumer,fulfilled,2025-07-27,2025-08-02,2025-07-27,PA2,OnTrac,1,1,16.45,1.8,0.0,18.25,shipmonk_estimate,USD
160088,6739976356150,Cattasaurus - shoproxstore - Shopify,direct_to_consumer,fulfilled,2025-07-27,2025-07-31,2025-07-27,PA2,OnTrac,1,1,11.53,1.8,0.0,13.33,shipmonk_estimate,USD
160089,6739981304118,Cattasaurus - shoproxstore - Shopify,direct_to_consumer,fulfilled,2025-07-27,2025-07-29,2025-07-27,NV3,OnTrac,1,1,14.05,1.8,0.0,15.85,shipmonk_estimate,USD
160090,6740005224758,Cattasaurus - shoproxstore - Shopify,direct_to_consumer,fulfilled,2025-07-27,2025-08-02,2025-07-27,PA2,OnTrac,1,1,14.05,1.8,0.0,15.85,shipmonk_estimate,USD
160091,6740016791862,Cattasaurus - shoproxstore - Shopify,direct_to_consumer,fulfilled,2025-07-27,2025-07-30,2025-07-27,NV3,OnTrac,1,1,18.73,2.1,0.0,20.83,shipmonk_estimate,USD
160092,6740021313846,Cattasaurus - shoproxstore - Shopify,direct_to_consumer,fulfilled,2025-07-27,2025-08-06,2025-07-27,PA2,FedEx,1,1,16.52,1.8,0.0,18.32,shipmonk_estimate,USD
160093,6740073972022,Cattasaurus - shoproxstore - Shopify,direct_to_consumer,fulfilled,2025-07-27,2025-07-30,2025-07-27,NV3,OnTrac,1,1,21.67,1.8,0.0,23.47,shipmonk_estimate,USD
160094,6740074266934,Cattasaurus - shoproxstore - Shopify,direct_to_consumer,fulfilled,2025-07-27,2025-07-31,2025-07-27,PA2,OnTrac,1,1,10.81,1.8,0.0,12.61,shipmonk_estimate,USD
160095,6740084359478,Cattasaurus - shoproxstore - Shopify,direct_to_consumer,fulfilled,2025-07-27,2025-07-30,2025-07-27,NV3,OnTrac,1,1,13.09,2.4,0.0,15.49,shipmonk_estimate,USD
160096,6740111622454,Cattasaurus - shoproxstore - Shopify,direct_to_consumer,fulfilled,2025-07-27,2025-08-02,2025-07-27,PA2,OnTrac,1,1,10.91,2.1,0.0,13.01,shipmonk_estimate,USD
160097,6740111753526,Cattasaurus - shoproxstore - Shopify,direct_to_consumer,fulfilled,2025-07-27,2025-07-31,2025-07-27,PA2,OnTrac,1,1,10.81,1.8,0.0,12.61,shipmonk_estimate,USD
160098,6740175192374,Cattasaurus - shoproxstore - Shopify,direct_to_consumer,fulfilled,2025-07-27,2025-07-30,2025-07-27,NV3,FedEx,1,1,15.9,2.1,0.0,18.0,shipmonk_estimate,USD
160099,6740259701046,Cattasaurus - shoproxstore - Shopify,direct_to_consumer,fulfilled,2025-07-27,2025-07-30,2025-07-27,PA2,OnTrac,1,1,11.53,1.8,0.0,13.33,shipmonk_estimate,USD
160100,6740266156342,Cattasaurus - shoproxstore - Shopify,direct_to_consumer,fulfilled,2025-07-27,2025-08-02,2025-07-27,PA2,OnTrac,1,1,20.2,1.8,0.0,22.0,shipmonk_estimate,USD
160101,6740268712246,Cattasaurus - shoproxstore - Shopify,direct_to_consumer,fulfilled,2025-07-27,2025-07-30,2025-07-27,NV3,OnTrac,1,1,11.72,2.1,0.0,13.82,shipmonk_estimate,USD
160102,6740278935862,Cattasaurus - shoproxstore - Shopify,direct_to_consumer,fulfilled,2025-07-27,2025-08-02,2025-07-27,PA2,OnTrac,1,1,18.01,1.8,0.0,19.81,shipmonk_estimate,USD
INF187.001,8f362095-d9ba-4f6e-8981-903ec8744fa3,Cattasaurus - Manual Store,direct_to_consumer,fulfilled,2025-07-27,2025-07-29,2025-07-27,NV3,OnTrac,1,1,20.26,1.8,0.0,22.06,shipmonk_estimate,USD
INF195,f413b416-36d5-4262-ac97-37fc876d7db4,Cattasaurus - Manual Store,direct_to_consumer,fulfilled,2025-07-27,2025-07-28,2025-07-27,PA2,FedEx,1,1,16.66,1.8,0.0,18.46,shipmonk_estimate,USD
160103,6740340474166,Cattasaurus - shoproxstore - Shopify,direct_to_consumer,fulfilled,2025-07-28,2025-08-01,2025-07-28,PA2,OnTrac,1,1,12.37,1.8,0.0,14.17,shipmonk_estimate,USD
160104,6740506050870,Cattasaurus - shoproxstore - Shopify,direct_to_consumer,fulfilled,2025-07-28,2025-08-02,2025-07-28,PA2,OnTrac,1,1,16.45,1.8,0.0,18.25,shipmonk_estimate,USD
160105,6740539081014,Cattasaurus - shoproxstore - Shopify,direct_to_consumer,fulfilled,2025-07-28,2025-08-02,2025-07-28,PA2,FedEx,1,1,14.65,1.5,0.0,16.15,shipmonk_estimate,USD
160106,6740570734902,Cattasaurus - shoproxstore - Shopify,direct_to_consumer,fulfilled,2025-07-28,2025-08-02,2025-07-28,PA2,FedEx,1,1,14.65,2.1,0.0,16.75,shipmonk_estimate,USD
160107,6740582564150,Cattasaurus - shoproxstore - Shopify,direct_to_consumer,fulfilled,2025-07-28,2025-07-30,2025-07-28,PA2,OnTrac,1,1,14.04,1.8,0.0,15.84,shipmonk_estimate,USD
160108,6740587151670,Cattasaurus - shoproxstore - Shopify,direct_to_consumer,fulfilled,2025-07-28,2025-07-30,2025-07-28,PA2,UPS,1,1,15.6,1.8,0.0,17.4,shipmonk_estimate,USD
160109,6740595638582,Cattasaurus - shoproxstore - Shopify,direct_to_consumer,fulfilled,2025-07-28,2025-08-02,2025-07-28,PA2,FedEx,1,1,15.61,1.8,0.0,17.41,shipmonk_estimate,USD
160110,6740610122038,Cattasaurus - shoproxstore - Shopify,direct_to_consumer,fulfilled,2025-07-28,2025-07-30,2025-07-28,PA2,OnTrac,1,1,11.72,1.8,0.0,13.52,shipmonk_estimate,USD
160111,6740687454518,Cattasaurus - shoproxstore - Shopify,direct_to_consumer,fulfilled,2025-07-28,2025-07-30,2025-07-28,PA2,OnTrac,1,1,13.09,1.8,0.0,14.89,shipmonk_estimate,USD
160112,6740707180854,Cattasaurus - shoproxstore - Shopify,direct_to_consumer,fulfilled,2025-07-28,2025-08-02,2025-07-28,PA2,FedEx,1,1,16.45,1.8,0.0,18.25,shipmonk_estimate,USD
160113,6740713210166,Cattasaurus - shoproxstore - Shopify,direct_to_consumer,fulfilled,2025-07-28,2025-08-01,2025-07-28,PA2,OnTrac,1,1,11.53,1.8,0.0,13.33,shipmonk_estimate,USD
160114,6740731625782,Cattasaurus - shoproxstore - Shopify,direct_to_consumer,fulfilled,2025-07-28,2025-08-02,2025-07-28,PA2,OnTrac,1,1,10.91,1.8,0.0,12.71,shipmonk_estimate,USD
160115,6740794605878,Cattasaurus - shoproxstore - Shopify,direct_to_consumer,fulfilled,2025-07-28,2025-07-30,2025-07-28,NV3,OnTrac,1,1,14.04,2.1,0.0,16.14,shipmonk_estimate,USD
160116,6740794966326,Cattasaurus - shoproxstore - Shopify,direct_to_consumer,fulfilled,2025-07-28,2025-07-30,2025-07-28,PA2,FedEx,1,1,15.6,1.8,0.0,17.4,shipmonk_estimate,USD
160117,6740808499510,Cattasaurus - shoproxstore - Shopify,direct_to_consumer,fulfilled,2025-07-28,2025-07-29,2025-07-28,NV3,OnTrac,1,1,14.05,1.8,0.0,15.85,shipmonk_estimate,USD
160118,6740833173814,Cattasaurus - shoproxstore - Shopify,direct_to_consumer,fulfilled,2025-07-28,2025-07-30,2025-07-28,PA2,OnTrac,1,1,14.04,1.8,0.0,15.84,shipmonk_estimate,USD
160119,6740839334198,Cattasaurus - shoproxstore - Shopify,direct_to_consumer,fulfilled,2025-07-28,2025-07-30,2025-07-28,NV3,OnTrac,1,1,14.04,2.1,0.0,16.14,shipmonk_estimate,USD
160120,6740858634550,Cattasaurus - shoproxstore - Shopify,direct_to_consumer,fulfilled,2025-07-28,2025-07-30,2025-07-28,NV3,FedEx,1,1,15.9,2.1,0.0,18.0,shipmonk_estimate,USD
160121,6740867383606,Cattasaurus - shoproxstore - Shopify,direct_to_consumer,fulfilled,2025-07-28,2025-08-02,2025-07-28,PA2,FedEx,1,1,16.31,2.1,0.0,18.41,shipmonk_estimate,USD
160122,6740898513206,Cattasaurus - shoproxstore - Shopify,direct_to_consumer,fulfilled,2025-07-28,2025-07-31,2025-07-28,NV3,OnTrac,1,1,11.72,1.8,0.0,13.52,shipmonk_estimate,USD
160123,6740899266870,Cattasaurus - shoproxstore - Shopify,direct_to_consumer,fulfilled,2025-07-28,2025-07-29,2025-07-28,NV3,FedEx,1,1,18.01,1.8,0.0,19.81,shipmonk_estimate,USD
160124,6740905656630,Cattasaurus - shoproxstore - Shopify,direct_to_consumer,fulfilled,2025-07-28,2025-07-31,2025-07-28,NV3,OnTrac,1,1,11.72,1.8,0.0,13.52,shipmonk_estimate,USD
160125,6740909523254,Cattasaurus - shoproxstore - Shopify,direct_to_consumer,fulfilled,2025-07-28,2025-07-29,2025-07-28,NV3,OnTrac,1,1,11.53,1.8,0.0,13.33,shipmonk_estimate,USD
160126,6740920041782,Cattasaurus - shoproxstore - Shopify,direct_to_consumer,fulfilled,2025-07-28,2025-08-02,2025-07-28,PA2,FedEx,1,1,14.65,2.4,0.0,17.05,shipmonk_estimate,USD
160127,6740927971638,Cattasaurus - shoproxstore - Shopify,direct_to_consumer,fulfilled,2025-07-28,2025-07-29,2025-07-28,NV3,OnTrac,1,1,16.45,2.1,0.0,18.55,shipmonk_estimate,USD
160128,6740946911542,Cattasaurus - shoproxstore - Shopify,direct_to_consumer,fulfilled,2025-07-28,2025-08-02,2025-07-28,PA2,FedEx,1,1,18.01,2.1,0.0,20.11,shipmonk_estimate,USD
160129,6740952449334,Cattasaurus - shoproxstore - Shopify,direct_to_consumer,fulfilled,2025-07-28,2025-08-02,2025-07-28,PA2,OnTrac,1,1,12.08,2.1,0.0,14.18,shipmonk_estimate,USD
160130,6740968309046,Cattasaurus - shoproxstore - Shopify,direct_to_consumer,fulfilled,2025-07-28,2025-08-01,2025-07-28,PA2,OnTrac,1,1,10.81,1.8,0.0,12.61,shipmonk_estimate,USD
160131,6740970111286,Cattasaurus - shoproxstore - Shopify,direct_to_consumer,fulfilled,2025-07-28,2025-07-29,2025-07-28,PA2,OnTrac,1,1,14.05,2.1,0.0,16.15,shipmonk_estimate,USD
160132,6740988199222,Cattasaurus - shoproxstore - Shopify,direct_to_consumer,fulfilled,2025-07-28,2025-08-02,2025-07-28,PA2,FedEx,1,1,18.01,1.8,0.0,19.81,shipmonk_estimate,USD
160133,6740997636406,Cattasaurus - shoproxstore - Shopify,direct_to_consumer,fulfilled,2025-07-28,2025-08-04,2025-07-28,NV3,OnTrac,1,1,13.15,1.8,0.0,14.95,shipmonk_estimate,USD
160134,6741007597878,Cattasaurus - shoproxstore - Shopify,direct_to_consumer,fulfilled,2025-07-28,2025-08-06,2025-07-28,NV3,OnTrac,1,1,14.1,1.8,0.0,15.9,shipmonk_estimate,USD
160135,6741013397814,Cattasaurus - shoproxstore - Shopify,direct_to_consumer,fulfilled,2025-07-28,2025-08-02,2025-07-28,PA2,OnTrac,1,1,16.45,1.8,0.0,18.25,shipmonk_estimate,USD
160136,6741021851958,Cattasaurus - shoproxstore - Shopify,direct_to_consumer,fulfilled,2025-07-28,2025-07-31,2025-07-28,NV3,OnTrac,1,1,14.04,1.8,0.0,15.84,shipmonk_estimate,USD
160137,6741029093686,Cattasaurus - shoproxstore - Shopify,direct_to_consumer,fulfilled,2025-07-28,2025-08-01,2025-07-28,PA2,OnTrac,1,1,15.6,1.8,0.0,17.4,shipmonk_estimate,USD
160138,6741039218998,Cattasaurus - shoproxstore - Shopify,direct_to_consumer,fulfilled,2025-07-28,2025-07-31,2025-07-28,NV3,OnTrac,1,1,20.56,1.8,0.0,22.36,shipmonk_estimate,USD
160139,6741064679734,Cattasaurus - shoproxstore - Shopify,direct_to_consumer,fulfilled,2025-07-28,2025-07-29,2025-07-28,NV3,OnTrac,1,1,20.56,1.8,0.0,22.36,shipmonk_estimate,USD
160140,6741064974646,Cattasaurus - shoproxstore - Shopify,direct_to_consumer,fulfilled,2025-07-28,2025-08-02,2025-07-28,PA2,OnTrac,1,1,12.08,2.1,0.0,14.18,shipmonk_estimate,USD
160141,6741070905654,Cattasaurus - shoproxstore - Shopify,direct_to_consumer,fulfilled,2025-07-28,2025-08-02,2025-07-28,PA2,FedEx,1,1,20.88,2.1,0.0,22.98,shipmonk_estimate,USD
160142,6741075788086,Cattasaurus - shoproxstore - Shopify,direct_to_consumer,fulfilled,2025-07-28,2025-08-02,2025-07-28,PA2,FedEx,1,1,16.45,1.8,0.0,18.25,shipmonk_estimate,USD
160143,6741114192182,Cattasaurus - shoproxstore - Shopify,direct_to_consumer,fulfilled,2025-07-28,2025-07-30,2025-07-28,NV3,UPS,1,1,20.29,1.8,0.0,22.09,shipmonk_estimate,USD
160144,6741129101622,Cattasaurus - shoproxstore - Shopify,direct_to_consumer,fulfilled,2025-07-28,2025-07-29,2025-07-28,NV3,OnTrac,1,1,15.64,1.8,0.0,17.44,shipmonk_estimate,USD
160145,6741149057334,Cattasaurus - shoproxstore - Shopify,direct_to_consumer,fulfilled,2025-07-28,2025-07-30,2025-07-28,NV3,FedEx,1,1,15.9,2.1,0.0,18.0,shipmonk_estimate,USD
160146,6741158428982,Cattasaurus - shoproxstore - Shopify,direct_to_consumer,fulfilled,2025-07-28,2025-08-02,2025-07-28,PA2,OnTrac,1,1,14.3,2.1,0.0,16.4,shipmonk_estimate,USD
160147,6741160919350,Cattasaurus - shoproxstore - Shopify,direct_to_consumer,fulfilled,2025-07-28,2025-07-30,2025-07-28,PA2,OnTrac,1,1,14.04,1.8,0.0,15.84,shipmonk_estimate,USD
160148,6741178482998,Cattasaurus - shoproxstore - Shopify,direct_to_consumer,fulfilled,2025-07-28,2025-07-30,2025-07-28,NV3,OnTrac,1,1,12.74,2.1,0.0,14.84,shipmonk_estimate,USD
160149,6741192540470,Cattasaurus - shoproxstore - Shopify,direct_to_consumer,fulfilled,2025-07-28,2025-07-30,2025-07-28,NV3,FedEx,1,1,14.05,2.1,0.0,16.15,shipmonk_estimate,USD
160150,6741210759478,Cattasaurus - shoproxstore - Shopify,direct_to_consumer,fulfilled,2025-07-28,2025-07-30,2025-07-28,PA2,OnTrac,1,1,10.81,1.8,0.0,12.61,shipmonk_estimate,USD
160151,6741230715190,Cattasaurus - shoproxstore - Shopify,direct_to_consumer,fulfilled,2025-07-28,2025-07-31,2025-07-28,PA2,USPS,1,1,4.89,1.5,0.3,6.69,shipmonk_estimate,USD
160152,6741255487798,Cattasaurus - shoproxstore - Shopify,direct_to_consumer,fulfilled,2025-07-28,2025-07-31,2025-07-28,NV3,OnTrac,1,1,13.28,1.8,0.0,15.08,shipmonk_estimate,USD
160153,6741268070710,Cattasaurus - shoproxstore - Shopify,direct_to_consumer,fulfilled,2025-07-28,2025-07-31,2025-07-28,NV3,OnTrac,1,1,20.29,1.8,0.0,22.09,shipmonk_estimate,USD
160154,6741291139382,Cattasaurus - shoproxstore - Shopify,direct_to_consumer,fulfilled,2025-07-28,2025-07-30,2025-07-28,PA2,OnTrac,1,1,12.37,1.8,0.0,14.17,shipmonk_estimate,USD
160155,6741306835254,Cattasaurus - shoproxstore - Shopify,direct_to_consumer,fulfilled,2025-07-28,2025-07-30,2025-07-28,PA2,UPS,1,1,15.6,1.8,0.0,17.4,shipmonk_estimate,USD
160156,6741310767414,Cattasaurus - shoproxstore - Shopify,direct_to_consumer,fulfilled,2025-07-28,2025-07-30,2025-07-28,NV3,FedEx,1,1,24.76,2.1,0.0,26.86,shipmonk_estimate,USD
160157,6741346287926,Cattasaurus - shoproxstore - Shopify,direct_to_consumer,fulfilled,2025-07-28,2025-07-30,2025-07-28,NV3,FedEx,1,1,18.01,2.1,0.0,20.11,shipmonk_estimate,USD
160158,6741348024630,Cattasaurus - shoproxstore - Shopify,direct_to_consumer,fulfilled,2025-07-28,2025-07-30,2025-07-28,NV3,OnTrac,1,1,11.53,1.8,0.0,13.33,shipmonk_estimate,USD
160159,6741400092982,Cattasaurus - shoproxstore - Shopify,direct_to_consumer,fulfilled,2025-07-28,2025-07-30,2025-07-28,NV3,OnTrac,1,1,15.9,1.8,0.0,17.7,shipmonk_estimate,USD
160160,6741403828534,Cattasaurus - shoproxstore - Shopify,direct_to_consumer,fulfilled,2025-07-28,2025-07-31,2025-07-28,NV3,OnTrac,1,1,20.56,1.8,0.0,22.36,shipmonk_estimate,USD
160161,6741408416054,Cattasaurus - shoproxstore - Shopify,direct_to_consumer,fulfilled,2025-07-28,2025-07-30,2025-07-28,NV3,OnTrac,1,1,11.53,1.8,0.0,13.33,shipmonk_estimate,USD
160162,6741409956150,Cattasaurus - shoproxstore - Shopify,direct_to_consumer,fulfilled,2025-07-28,2025-07-31,2025-07-28,NV3,FedEx,1,1,15.9,1.8,0.0,17.7,shipmonk_estimate,USD
160163,6741416509750,Cattasaurus - shoproxstore - Shopify,direct_to_consumer,fulfilled,2025-07-28,2025-07-30,2025-07-28,NV3,OnTrac,1,1,20.2,2.1,0.0,22.3,shipmonk_estimate,USD
160164,6741471822134,Cattasaurus - shoproxstore - Shopify,direct_to_consumer,fulfilled,2025-07-28,2025-07-31,2025-07-28,NV3,OnTrac,1,1,21.78,2.1,0.0,23.88,shipmonk_estimate,USD
160165,6741485781302,Cattasaurus - shoproxstore - Shopify,direct_to_consumer,fulfilled,2025-07-28,2025-07-31,2025-07-28,NV3,FedEx,1,1,15.9,1.8,0.0,17.7,shipmonk_estimate,USD
160166,6741493154102,Cattasaurus - shoproxstore - Shopify,direct_to_consumer,fulfilled,2025-07-28,2025-07-30,2025-07-28,PA2,OnTrac,1,1,11.72,1.8,0.0,13.52,shipmonk_estimate,USD
160167,6741502656822,Cattasaurus - shoproxstore - Shopify,direct_to_consumer,fulfilled,2025-07-28,2025-07-30,2025-07-28,NV3,OnTrac,1,1,22.12,2.1,0.0,24.22,shipmonk_estimate,USD
160168,6741550104886,Cattasaurus - shoproxstore - Shopify,direct_to_consumer,fulfilled,2025-07-28,2025-07-30,2025-07-28,PA2,UPS,1,1,15.6,1.8,0.0,17.4,shipmonk_estimate,USD
160169,6741586116918,Cattasaurus - shoproxstore - Shopify,direct_to_consumer,fulfilled,2025-07-28,2025-07-31,2025-07-28,NV3,OnTrac,1,1,20.29,1.8,0.0,22.09,shipmonk_estimate,USD
160170,6741692055862,Cattasaurus - shoproxstore - Shopify,direct_to_consumer,fulfilled,2025-07-28,2025-07-30,2025-07-28,NV3,OnTrac,1,1,12.74,2.1,0.0,14.84,shipmonk_estimate,USD
160171,6741696282934,Cattasaurus - shoproxstore - Shopify,direct_to_consumer,fulfilled,2025-07-28,2025-07-30,2025-07-28,PA2,OnTrac,1,1,14.04,1.8,0.0,15.84,shipmonk_estimate,USD
160172,6741706506550,Cattasaurus - shoproxstore - Shopify,direct_to_consumer,fulfilled,2025-07-28,2025-07-30,2025-07-28,NV3,FedEx,1,1,28.6,2.1,0.0,30.7,shipmonk_estimate,USD
160173,6741711749430,Cattasaurus - shoproxstore - Shopify,direct_to_consumer,fulfilled,2025-07-28,2025-07-31,2025-07-28,NV3,OnTrac,1,1,9.97,1.8,0.0,11.77,shipmonk_estimate,USD
160174,6741713879350,Cattasaurus - shoproxstore - Shopify,direct_to_consumer,fulfilled,2025-07-28,2025-07-30,2025-07-28,NV3,FedEx,1,1,15.6,1.8,0.0,17.4,shipmonk_estimate,USD
160175,6741736849718,Cattasaurus - shoproxstore - Shopify,direct_to_consumer,fulfilled,2025-07-28,2025-08-04,2025-07-28,NV3,OnTrac,1,1,14.04,1.8,0.0,15.84,shipmonk_estimate,USD
160176,6741763522870,Cattasaurus - shoproxstore - Shopify,direct_to_consumer,fulfilled,2025-07-28,2025-08-04,2025-07-28,NV3,OnTrac,1,1,15.9,1.8,0.0,17.7,shipmonk_estimate,USD
160177,6741769912630,Cattasaurus - shoproxstore - Shopify,direct_to_consumer,fulfilled,2025-07-28,2025-08-04,2025-07-28,NV3,OnTrac,1,1,13.34,1.8,0.0,15.14,shipmonk_estimate,USD
160178,6741837250870,Cattasaurus - shoproxstore - Shopify,direct_to_consumer,fulfilled,2025-07-28,2025-08-04,2025-07-28,NV3,OnTrac,1,1,11.58,1.8,0.0,13.38,shipmonk_estimate,USD
114-9314233-7292239,114-9314233-7292239,Cattasaurus - Amazon USA,direct_to_consumer,fulfilled,2025-07-29,2025-07-29,2025-07-29,NV3,FedEx,1,1,14.48,2.5,0.0,16.98,shipmonk_estimate,USD
160179,6742059581750,Cattasaurus - shoproxstore - Shopify,direct_to_consumer,fulfilled,2025-07-29,2025-07-30,2025-07-29,NV3,OnTrac,1,1,28.6,2.1,0.0,30.7,shipmonk_estimate,USD
160180,6742137274678,Cattasaurus - shoproxstore - Shopify,direct_to_consumer,fulfilled,2025-07-29,2025-07-30,2025-07-29,PA2,OnTrac,1,1,11.53,1.8,0.0,13.33,shipmonk_estimate,USD
160181,6742223323446,Cattasaurus - shoproxstore - Shopify,direct_to_consumer,fulfilled,2025-07-29,2025-07-30,2025-07-29,NV3,FedEx,1,1,29.11,2.1,0.0,31.21,shipmonk_estimate,USD
160182,6742270705974,Cattasaurus - shoproxstore - Shopify,direct_to_consumer,fulfilled,2025-07-29,2025-07-30,2025-07-29,NV3,FedEx,1,1,15.9,1.8,0.0,17.7,shipmonk_estimate,USD
160183,6742310945078,Cattasaurus - shoproxstore - Shopify,direct_to_consumer,fulfilled,2025-07-29,2025-08-02,2025-07-29,PA2,FedEx,1,1,14.65,2.1,0.0,16.75,shipmonk_estimate,USD
160184,6742315434294,Cattasaurus - shoproxstore - Shopify,direct_to_consumer,fulfilled,2025-07-29,2025-08-02,2025-07-29,PA2,OnTrac,1,1,11.72,1.8,0.0,13.52,shipmonk_estimate,USD
160185,6742322741558,Cattasaurus - shoproxstore - Shopify,direct_to_consumer,fulfilled,2025-07-29,2025-07-30,2025-07-29,NV3,OnTrac,1,1,11.53,1.8,0.0,13.33,shipmonk_estimate,USD
160186,6742371959094,Cattasaurus - shoproxstore - Shopify,direct_to_consumer,fulfilled,2025-07-29,2025-07-30,2025-07-29,NV3,OnTrac,1,1,20.56,2.1,0.0,22.66,shipmonk_estimate,USD
160187,6742372548918,Cattasaurus - shoproxstore - Shopify,direct_to_consumer,fulfilled,2025-07-29,2025-08-02,2025-07-29,PA2,FedEx,1,1,18.01,1.8,0.0,19.81,shipmonk_estimate,USD
160188,6742374121782,Cattasaurus - shoproxstore - Shopify,direct_to_consumer,fulfilled,2025-07-29,2025-07-30,2025-07-29,NV3,OnTrac,1,1,23.2,1.8,0.0,25.0,shipmonk_estimate,USD
160189,6742387720502,Cattasaurus - shoproxstore - Shopify,direct_to_consumer,fulfilled,2025-07-29,2025-07-30,2025-07-29,NV3,OnTrac,1,1,11.72,2.1,0.0,13.82,shipmonk_estimate,USD
160190,6742418227510,Cattasaurus - shoproxstore - Shopify,direct_to_consumer,fulfilled,2025-07-29,2025-07-30,2025-07-29,NV3,OnTrac,1,1,27.04,1.8,0.0,28.84,shipmonk_estimate,USD
160191,6742426845494,Cattasaurus - shoproxstore - Shopify,direct_to_consumer,fulfilled,2025-07-29,2025-07-30,2025-07-29,PA2,OnTrac,1,1,11.72,1.8,0.0,13.52,shipmonk_estimate,USD
160192,6742433890614,Cattasaurus - shoproxstore - Shopify,direct_to_consumer,fulfilled,2025-07-29,2025-07-30,2025-07-29,PA2,UPS,1,1,15.6,1.8,0.0,17.4,shipmonk_estimate,USD
160193,6742435397942,Cattasaurus - shoproxstore - Shopify,direct_to_consumer,fulfilled,2025-07-29,2025-07-30,2025-07-29,PA2,OnTrac,1,1,14.04,1.8,0.0,15.84,shipmonk_estimate,USD
160194,6742455615798,Cattasaurus - shoproxstore - Shopify,direct_to_consumer,fulfilled,2025-07-29,2025-07-30,2025-07-29,NV3,FedEx,1,1,18.53,2.4,0.0,20.93,shipmonk_estimate,USD
160195,6742459023670,Cattasaurus - shoproxstore - Shopify,direct_to_consumer,fulfilled,2025-07-29,2025-07-30,2025-07-29,PA2,OnTrac,1,1,11.72,1.8,0.0,13.52,shipmonk_estimate,USD
160196,6742461153590,Cattasaurus - shoproxstore - Shopify,direct_to_consumer,fulfilled,2025-07-29,2025-08-02,2025-07-29,PA2,OnTrac,1,1,10.91,2.1,0.0,13.01,shipmonk_estimate,USD
160197,6742493135158,Cattasaurus - shoproxstore - Shopify,direct_to_consumer,fulfilled,2025-07-29,2025-08-02,2025-07-29,PA2,FedEx,1,1,14.05,1.8,0.0,15.85,shipmonk_estimate,USD
160198,6742515024182,Cattasaurus - shoproxstore - Shopify,direct_to_consumer,fulfilled,2025-07-29,2025-07-30,2025-07-29,PA2,OnTrac,1,1,11.72,1.8,0.0,13.52,shipmonk_estimate,USD
160199,6742555853110,Cattasaurus - shoproxstore - Shopify,direct_to_consumer,fulfilled,2025-07-29,2025-07-30,2025-07-29,PA2,FedEx,1,1,15.9,1.8,0.0,17.7,shipmonk_estimate,USD
160200,6742579118390,Cattasaurus - shoproxstore - Shopify,direct_to_consumer,fulfilled,2025-07-29,2025-08-04,2025-07-29,NV3,FedEx,1,1,20.09,2.4,0.0,22.49,shipmonk_estimate,USD
160201,6742600515894,Cattasaurus - shoproxstore - Shopify,direct_to_consumer,fulfilled,2025-07-29,2025-08-02,2025-07-29,PA2,OnTrac,1,1,21.76,1.8,0.0,23.56,shipmonk_estimate,USD
160202,6742618898742,Cattasaurus - shoproxstore - Shopify,direct_to_consumer,fulfilled,2025-07-29,2025-08-04,2025-07-29,NV3,OnTrac,1,1,17.17,1.8,0.0,18.97,shipmonk_estimate,USD
160203,6742679617846,Cattasaurus - shoproxstore - Shopify,direct_to_consumer,fulfilled,2025-07-29,2025-07-30,2025-07-29,NV3,OnTrac,1,1,12.08,1.8,0.0,13.88,shipmonk_estimate,USD
160204,6742681616694,Cattasaurus - shoproxstore - Shopify,direct_to_consumer,fulfilled,2025-07-29,2025-07-30,2025-07-29,NV3,FedEx,1,1,20.2,1.8,0.0,22.0,shipmonk_estimate,USD
160205,6742696198454,Cattasaurus - shoproxstore - Shopify,direct_to_consumer,fulfilled,2025-07-29,2025-08-01,2025-07-29,PA2,UPS,1,1,13.28,1.8,0.0,15.08,shipmonk_estimate,USD
160206,6742697214262,Cattasaurus - shoproxstore - Shopify,direct_to_consumer,fulfilled,2025-07-29,2025-08-04,2025-07-29,NV3,OnTrac,1,1,13.34,1.8,0.0,15.14,shipmonk_estimate,USD
160207,6742710681910,Cattasaurus - shoproxstore - Shopify,direct_to_consumer,fulfilled,2025-07-29,2025-08-02,2025-07-29,PA2,UPS,1,1,14.65,2.4,0.0,17.05,shipmonk_estimate,USD
160208,6742725951798,Cattasaurus - shoproxstore - Shopify,direct_to_consumer,fulfilled,2025-07-29,2025-07-30,2025-07-29,NV3,FedEx,1,1,23.69,1.8,0.0,25.49,shipmonk_estimate,USD
160210,6742731358518,Cattasaurus - shoproxstore - Shopify,direct_to_consumer,fulfilled,2025-07-29,2025-07-30,2025-07-29,PA2,OnTrac,1,1,11.53,1.8,0.0,13.33,shipmonk_estimate,USD
160211,6742731882806,Cattasaurus - shoproxstore - Shopify,direct_to_consumer,fulfilled,2025-07-29,2025-07-30,2025-07-29,NV3,UPS,1,1,17.46,2.1,0.0,19.56,shipmonk_estimate,USD
160212,6742737355062,Cattasaurus - shoproxstore - Shopify,direct_to_consumer,fulfilled,2025-07-29,2025-08-04,2025-07-29,NV3,OnTrac,1,1,11.77,1.8,0.0,13.57,shipmonk_estimate,USD
160213,6742742597942,Cattasaurus - shoproxstore - Shopify,direct_to_consumer,fulfilled,2025-07-29,2025-07-30,2025-07-29,NV3,OnTrac,1,1,12.12,2.4,0.0,14.52,shipmonk_estimate,USD
160214,6742778282294,Cattasaurus - shoproxstore - Shopify,direct_to_consumer,fulfilled,2025-07-29,2025-07-30,2025-07-29,NV3,OnTrac,1,1,11.53,1.8,0.0,13.33,shipmonk_estimate,USD
160215,6742779724086,Cattasaurus - shoproxstore - Shopify,direct_to_consumer,fulfilled,2025-07-29,2025-08-04,2025-07-29,NV3,OnTrac,1,1,15.9,1.8,0.0,17.7,shipmonk_estimate,USD
160216,6742781624630,Cattasaurus - shoproxstore - Shopify,direct_to_consumer,fulfilled,2025-07-29,2025-08-04,2025-07-29,NV3,OnTrac,1,1,11.77,1.8,0.0,13.57,shipmonk_estimate,USD
160217,6742788604214,Cattasaurus - shoproxstore - Shopify,direct_to_consumer,fulfilled,2025-07-29,2025-07-30,2025-07-29,NV3,OnTrac,1,1,25.25,2.1,0.0,27.35,shipmonk_estimate,USD
160218,6742794109238,Cattasaurus - shoproxstore - Shopify,direct_to_consumer,fulfilled,2025-07-29,2025-07-31,2025-07-29,NV3,OnTrac,1,1,20.2,1.8,0.0,22.0,shipmonk_estimate,USD
160219,6742796763446,Cattasaurus - shoproxstore - Shopify,direct_to_consumer,fulfilled,2025-07-29,2025-07-30,2025-07-29,NV3,OnTrac,1,1,27.04,2.1,0.0,29.14,shipmonk_estimate,USD
160220,6742799843638,Cattasaurus - shoproxstore - Shopify,direct_to_consumer,fulfilled,2025-07-29,2025-07-30,2025-07-29,PA2,OnTrac,1,1,11.72,1.8,0.0,13.52,shipmonk_estimate,USD
160221,6742812492086,Cattasaurus - shoproxstore - Shopify,direct_to_consumer,fulfilled,2025-07-29,2025-07-31,2025-07-29,NV3,FedEx,1,1,20.2,1.8,0.0,22.0,shipmonk_estimate,USD
160222,6742833398070,Cattasaurus - shoproxstore - Shopify,direct_to_consumer,fulfilled,2025-07-29,2025-07-30,2025-07-29,NV3,FedEx,1,1,14.65,1.8,0.0,16.45,shipmonk_estimate,USD
160223,6742849618230,Cattasaurus - shoproxstore - Shopify,direct_to_consumer,fulfilled,2025-07-29,2025-08-04,2025-07-29,NV3,OnTrac,1,1,15.9,1.8,0.0,17.7,shipmonk_estimate,USD
160224,6742863839542,Cattasaurus - shoproxstore - Shopify,direct_to_consumer,fulfilled,2025-07-29,2025-07-31,2025-07-29,NV3,FedEx,1,1,20.2,1.8,0.0,22.0,shipmonk_estimate,USD
160225,6742868525366,Cattasaurus - shoproxstore - Shopify,direct_to_consumer,fulfilled,2025-07-29,2025-07-31,2025-07-29,NV3,OnTrac,1,1,18.73,1.8,0.0,20.53,shipmonk_estimate,USD
160226,6742881304886,Cattasaurus - shoproxstore - Shopify,direct_to_consumer,fulfilled,2025-07-29,2025-08-01,2025-07-29,PA2,UPS,1,1,15.6,1.8,0.0,17.4,shipmonk_estimate,USD
160227,6742890348854,Cattasaurus - shoproxstore - Shopify,direct_to_consumer,fulfilled,2025-07-29,2025-07-31,2025-07-29,NV3,OnTrac,1,1,18.73,1.8,0.0,20.53,shipmonk_estimate,USD
160228,6742918594870,Cattasaurus - shoproxstore - Shopify,direct_to_consumer,fulfilled,2025-07-29,2025-07-31,2025-07-29,NV3,OnTrac,1,1,15.61,1.8,0.0,17.41,shipmonk_estimate,USD
160229,6742920593718,Cattasaurus - shoproxstore - Shopify,direct_to_consumer,fulfilled,2025-07-29,2025-08-01,2025-07-29,PA2,OnTrac,1,1,11.72,1.8,0.0,13.52,shipmonk_estimate,USD
160230,6742939992374,Cattasaurus - shoproxstore - Shopify,direct_to_consumer,fulfilled,2025-07-29,2025-07-31,2025-07-29,NV3,OnTrac,1,1,20.2,1.8,0.0,22.0,shipmonk_estimate,USD
160231,6742950707510,Cattasaurus - shoproxstore - Shopify,direct_to_consumer,fulfilled,2025-07-29,2025-07-31,2025-07-29,NV3,OnTrac,1,1,14.05,1.8,0.0,15.85,shipmonk_estimate,USD
160232,6742968500534,Cattasaurus - shoproxstore - Shopify,direct_to_consumer,fulfilled,2025-07-29,2025-08-04,2025-07-29,NV3,OnTrac,1,1,14.1,1.8,0.0,15.9,shipmonk_estimate,USD
160233,6742973415734,Cattasaurus - shoproxstore - Shopify,direct_to_consumer,fulfilled,2025-07-29,2025-08-02,2025-07-29,PA2,FedEx,1,1,16.45,2.1,0.0,18.55,shipmonk_estimate,USD
160234,6743008084278,Cattasaurus - shoproxstore - Shopify,direct_to_consumer,fulfilled,2025-07-29,2025-07-31,2025-07-29,NV3,OnTrac,1,1,20.2,1.8,0.0,22.0,shipmonk_estimate,USD
160235,6743010246966,Cattasaurus - shoproxstore - Shopify,direct_to_consumer,fulfilled,2025-07-29,2025-08-02,2025-07-29,PA2,OnTrac,1,1,17.46,1.8,0.0,19.26,shipmonk_estimate,USD
160236,6743018570038,Cattasaurus - shoproxstore - Shopify,direct_to_consumer,fulfilled,2025-07-29,2025-08-04,2025-07-29,NV3,OnTrac,1,1,11.58,1.8,0.0,13.38,shipmonk_estimate,USD
160237,6743031284022,Cattasaurus - shoproxstore - Shopify,direct_to_consumer,fulfilled,2025-07-29,2025-07-31,2025-07-29,NV3,OnTrac,1,1,28.6,1.8,0.0,30.4,shipmonk_estimate,USD
160238,6743033938230,Cattasaurus - shoproxstore - Shopify,direct_to_consumer,fulfilled,2025-07-29,2025-07-31,2025-07-29,PA2,FedEx,1,1,22.78,7.5,0.0,30.28,shipmonk_estimate,USD
160239,6743068148022,Cattasaurus - shoproxstore - Shopify,direct_to_consumer,fulfilled,2025-07-29,2025-07-31,2025-07-29,NV3,FedEx,1,1,23.2,1.8,0.0,25.0,shipmonk_estimate,USD
160240,6743083942198,Cattasaurus - shoproxstore - Shopify,direct_to_consumer,fulfilled,2025-07-29,2025-08-07,2025-07-29,PA2,FedEx,1,1,19.4,2.1,0.0,21.5,shipmonk_estimate,USD
160241,6743089152310,Cattasaurus - shoproxstore - Shopify,direct_to_consumer,fulfilled,2025-07-29,2025-07-31,2025-07-29,NV3,OnTrac,1,1,14.04,1.8,0.0,15.84,shipmonk_estimate,USD
160242,6743090168118,Cattasaurus - shoproxstore - Shopify,direct_to_consumer,fulfilled,2025-07-29,2025-07-31,2025-07-29,NV3,FedEx,1,1,27.04,1.8,0.0,28.84,shipmonk_estimate,USD
160243,6743095378230,Cattasaurus - shoproxstore - Shopify,direct_to_consumer,fulfilled,2025-07-29,2025-07-31,2025-07-29,NV3,OnTrac,1,1,22.12,1.8,0.0,23.92,shipmonk_estimate,USD
160244,6743106683190,Cattasaurus - shoproxstore - Shopify,direct_to_consumer,fulfilled,2025-07-29,2025-08-02,2025-07-29,PA2,OnTrac,1,1,17.46,1.8,0.0,19.26,shipmonk_estimate,USD
160245,6743136698678,Cattasaurus - shoproxstore - Shopify,direct_to_consumer,fulfilled,2025-07-29,2025-07-31,2025-07-29,NV3,FedEx,1,1,27.04,1.8,0.0,28.84,shipmonk_estimate,USD
160246,6743137616182,Cattasaurus - shoproxstore - Shopify,direct_to_consumer,fulfilled,2025-07-29,2025-07-31,2025-07-29,NV3,OnTrac,1,1,20.2,1.8,0.0,22.0,shipmonk_estimate,USD
160247,6743138599222,Cattasaurus - shoproxstore - Shopify,direct_to_consumer,fulfilled,2025-07-29,2025-07-31,2025-07-29,NV3,OnTrac,1,1,25.38,2.1,0.0,27.48,shipmonk_estimate,USD
160248,6743152263478,Cattasaurus - shoproxstore - Shopify,direct_to_consumer,fulfilled,2025-07-29,2025-08-01,2025-07-29,PA2,OnTrac,1,1,11.53,1.8,0.0,13.33,shipmonk_estimate,USD
160249,6743154590006,Cattasaurus - shoproxstore - Shopify,direct_to_consumer,fulfilled,2025-07-29,2025-08-01,2025-07-29,PA2,OnTrac,1,1,11.53,1.8,0.0,13.33,shipmonk_estimate,USD
160250,6743203643702,Cattasaurus - shoproxstore - Shopify,direct_to_consumer,fulfilled,2025-07-29,2025-08-04,2025-07-29,NV3,OnTrac,1,1,13.68,2.4,0.0,16.08,shipmonk_estimate,USD
160250_1,b235274b-88bf-447a-9e63-1e59e9a735cc,Cattasaurus - shoproxstore - Shopify,direct_to_consumer,fulfilled,2025-07-29,2025-08-04,2025-07-29,NV3,OnTrac,1,1,13.68,2.4,0.0,16.08,shipmonk_estimate,USD
160251,6743221862710,Cattasaurus - shoproxstore - Shopify,direct_to_consumer,fulfilled,2025-07-29,2025-07-31,2025-07-29,NV3,OnTrac,1,1,23.2,1.8,0.0,25.0,shipmonk_estimate,USD
160252,6743237919030,Cattasaurus - shoproxstore - Shopify,direct_to_consumer,fulfilled,2025-07-29,2025-07-31,2025-07-29,NV3,OnTrac,1,1,20.29,1.8,0.0,22.09,shipmonk_estimate,USD
160253,6743260168502,Cattasaurus - shoproxstore - Shopify,direct_to_consumer,fulfilled,2025-07-29,2025-07-31,2025-07-29,NV3,FedEx,1,1,14.04,1.8,0.0,15.84,shipmonk_estimate,USD
160254,6743273111862,Cattasaurus - shoproxstore - Shopify,direct_to_consumer,fulfilled,2025-07-29,2025-07-31,2025-07-29,NV3,OnTrac,1,1,20.56,1.8,0.0,22.36,shipmonk_estimate,USD
160255,6743276749110,Cattasaurus - shoproxstore - Shopify,direct_to_consumer,fulfilled,2025-07-29,2025-08-01,2025-07-29,PA2,OnTrac,1,1,13.28,1.8,0.0,15.08,shipmonk_estimate,USD
160256,6743283106102,Cattasaurus - shoproxstore - Shopify,direct_to_consumer,fulfilled,2025-07-29,2025-07-31,2025-07-29,NV3,OnTrac,1,1,16.45,1.8,0.0,18.25,shipmonk_estimate,USD
160258,6743292543286,Cattasaurus - shoproxstore - Shopify,direct_to_consumer,fulfilled,2025-07-29,2025-07-31,2025-07-29,NV3,FedEx,1,1,15.9,1.8,0.0,17.7,shipmonk_estimate,USD
160259,6743295852854,Cattasaurus - shoproxstore - Shopify,direct_to_consumer,fulfilled,2025-07-29,2025-08-01,2025-07-29,PA2,OnTrac,1,1,14.04,1.8,0.0,15.84,shipmonk_estimate,USD
160260,6743297687862,Cattasaurus - shoproxstore - Shopify,direct_to_consumer,fulfilled,2025-07-29,2025-07-31,2025-07-29,NV3,USPS,1,1,17.2,2.1,0.0,19.3,shipmonk_estimate,USD
160261,6743342940470,Cattasaurus - shoproxstore - Shopify,direct_to_consumer,fulfilled,2025-07-29,2025-08-04,2025-07-29,NV3,UPS,1,1,15.6,1.8,0.0,17.4,shipmonk_estimate,USD
160262,6743355818294,Cattasaurus - shoproxstore - Shopify,direct_to_consumer,fulfilled,2025-07-29,2025-08-04,2025-07-29,NV3,UPS,1,1,17.46,1.8,0.0,19.26,shipmonk_estimate,USD
160263,6743356211510,Cattasaurus - shoproxstore - Shopify,direct_to_consumer,fulfilled,2025-07-29,2025-08-01,2025-07-29,PA2,OnTrac,1,1,11.53,1.8,0.0,13.33,shipmonk_estimate,USD
160264,6743357620534,Cattasaurus - shoproxstore - Shopify,direct_to_consumer,fulfilled,2025-07-29,2025-07-31,2025-07-29,NV3,FedEx,1,1,24.76,1.8,0.0,26.56,shipmonk_estimate,USD
160265,6743394255158,Cattasaurus - shoproxstore - Shopify,direct_to_consumer,fulfilled,2025-07-29,2025-07-31,2025-07-29,NV3,OnTrac,1,1,11.53,1.8,0.0,13.33,shipmonk_estimate,USD
160266,6743465132342,Cattasaurus - shoproxstore - Shopify,direct_to_consumer,fulfilled,2025-07-29,2025-08-10,2025-07-29,PA2,FedEx,1,1,21.85,1.8,0.0,23.65,shipmonk_estimate,USD
160267,6743492034870,Cattasaurus - shoproxstore - Shopify,direct_to_consumer,fulfilled,2025-07-29,2025-07-31,2025-07-29,NV3,OnTrac,1,1,21.76,1.8,0.0,23.56,shipmonk_estimate,USD
160268,6743499997494,Cattasaurus - shoproxstore - Shopify,direct_to_consumer,fulfilled,2025-07-29,2025-08-04,2025-07-29,NV3,UPS,1,1,15.6,1.8,0.0,17.4,shipmonk_estimate,USD
160269,6743652073782,Cattasaurus - shoproxstore - Shopify,direct_to_consumer,fulfilled,2025-07-29,2025-07-31,2025-07-29,NV3,OnTrac,1,1,16.45,1.8,0.0,18.25,shipmonk_estimate,USD
160270,6743957438774,Cattasaurus - shoproxstore - Shopify,direct_to_consumer,fulfilled,2025-07-29,2025-07-31,2025-07-29,NV3,OnTrac,1,1,15.61,1.8,0.0,17.41,shipmonk_estimate,USD
160271,6743984832822,Cattasaurus - shoproxstore - Shopify,direct_to_consumer,fulfilled,2025-07-29,2025-08-04,2025-07-29,NV3,OnTrac,1,1,11.77,1.8,0.0,13.57,shipmonk_estimate,USD
160272,6744375165238,Cattasaurus - shoproxstore - Shopify,direct_to_consumer,fulfilled,2025-07-30,2025-08-02,2025-07-30,PA2,FedEx,1,1,14.04,1.8,0.0,15.84,shipmonk_estimate,USD
160273,6744390336822,Cattasaurus - shoproxstore - Shopify,direct_to_consumer,fulfilled,2025-07-30,2025-07-31,2025-07-30,NV3,OnTrac,1,1,20.56,1.8,0.0,22.36,shipmonk_estimate,USD
160274,6744393974070,Cattasaurus - shoproxstore - Shopify,direct_to_consumer,fulfilled,2025-07-30,2025-07-31,2025-07-30,NV3,OnTrac,1,1,20.56,1.8,0.0,22.36,shipmonk_estimate,USD
160275,6744410751286,Cattasaurus - shoproxstore - Shopify,direct_to_consumer,fulfilled,2025-07-30,2025-07-31,2025-07-30,NV3,FedEx,1,1,20.56,1.8,0.0,22.36,shipmonk_estimate,USD
160276,6744426512694,Cattasaurus - shoproxstore - Shopify,direct_to_consumer,fulfilled,2025-07-30,2025-07-31,2025-07-30,NV3,FedEx,1,1,27.04,1.8,0.0,28.84,shipmonk_estimate,USD
160277,6744447058230,Cattasaurus - shoproxstore - Shopify,direct_to_consumer,fulfilled,2025-07-30,2025-08-01,2025-07-30,PA2,OnTrac,1,1,11.53,1.8,0.0,13.33,shipmonk_estimate,USD
160278,6744468291894,Cattasaurus - shoproxstore - Shopify,direct_to_consumer,fulfilled,2025-07-30,2025-07-31,2025-07-30,NV3,FedEx,1,1,18.73,1.8,0.0,20.53,shipmonk_estimate,USD
160279,6744491917622,Cattasaurus - shoproxstore - Shopify,direct_to_consumer,fulfilled,2025-07-30,2025-07-31,2025-07-30,NV3,OnTrac,1,1,20.56,1.8,0.0,22.36,shipmonk_estimate,USD
160280,6744509251894,Cattasaurus - shoproxstore - Shopify,direct_to_consumer,fulfilled,2025-07-30,2025-07-31,2025-07-30,NV3,FedEx,1,1,25.48,1.8,0.0,27.28,shipmonk_estimate,USD
160281,6744513478966,Cattasaurus - shoproxstore - Shopify,direct_to_consumer,fulfilled,2025-07-30,2025-07-31,2025-07-30,NV3,OnTrac,1,1,20.56,1.8,0.0,22.36,shipmonk_estimate,USD
160282,6744524030262,Cattasaurus - shoproxstore - Shopify,direct_to_consumer,fulfilled,2025-07-30,2025-08-01,2025-07-30,PA2,UPS,1,1,14.04,1.8,0.0,15.84,shipmonk_estimate,USD
160283,6744550211894,Cattasaurus - shoproxstore - Shopify,direct_to_consumer,fulfilled,2025-07-30,2025-07-31,2025-07-30,NV3,FedEx,1,1,27.04,1.8,0.0,28.84,shipmonk_estimate,USD
160284,6744574820662,Cattasaurus - shoproxstore - Shopify,direct_to_consumer,fulfilled,2025-07-30,2025-07-31,2025-07-30,NV3,OnTrac,1,1,18.73,1.8,0.0,20.53,shipmonk_estimate,USD
160285,6744597856566,Cattasaurus - shoproxstore - Shopify,direct_to_consumer,fulfilled,2025-07-30,2025-07-31,2025-07-30,NV3,OnTrac,1,1,11.53,1.8,0.0,13.33,shipmonk_estimate,USD
160286,6744601592118,Cattasaurus - shoproxstore - Shopify,direct_to_consumer,fulfilled,2025-07-30,2025-08-04,2025-07-30,NV3,OnTrac,1,1,11.58,1.8,0.0,13.38,shipmonk_estimate,USD
160287,6744614207798,Cattasaurus - shoproxstore - Shopify,direct_to_consumer,fulfilled,2025-07-30,2025-07-31,2025-07-30,NV3,OnTrac,1,1,22.12,1.8,0.0,23.92,shipmonk_estimate,USD
160288,6744638456118,Cattasaurus - shoproxstore - Shopify,direct_to_consumer,fulfilled,2025-07-30,2025-08-04,2025-07-30,NV3,FedEx,1,1,14.04,1.8,0.0,15.84,shipmonk_estimate,USD
160289,6744641306934,Cattasaurus - shoproxstore - Shopify,direct_to_consumer,fulfilled,2025-07-30,2025-08-02,2025-07-30,PA2,OnTrac,1,1,9.25,1.8,0.0,11.05,shipmonk_estimate,USD
160290,6744641503542,Cattasaurus - shoproxstore - Shopify,direct_to_consumer,fulfilled,2025-07-30,2025-07-31,2025-07-30,NV3,OnTrac,1,1,22.12,1.8,0.0,23.92,shipmonk_estimate,USD
160291,6744648843574,Cattasaurus - shoproxstore - Shopify,direct_to_consumer,fulfilled,2025-07-30,2025-07-31,2025-07-30,NV3,OnTrac,1,1,20.2,1.8,0.0,22.0,shipmonk_estimate,USD
160292,6744678826294,Cattasaurus - shoproxstore - Shopify,direct_to_consumer,fulfilled,2025-07-30,2025-07-31,2025-07-30,NV3,FedEx,1,1,22.12,1.8,0.0,23.92,shipmonk_estimate,USD
160293,6744690032950,Cattasaurus - shoproxstore - Shopify,direct_to_consumer,fulfilled,2025-07-30,2025-08-09,2025-07-30,PA2,OnTrac,1,1,15.67,1.8,0.0,17.47,shipmonk_estimate,USD
160294,6744699797814,Cattasaurus - shoproxstore - Shopify,direct_to_consumer,fulfilled,2025-07-30,2025-08-02,2025-07-30,PA2,UPS,1,1,15.6,1.8,0.0,17.4,shipmonk_estimate,USD
160295,6744733057334,Cattasaurus - shoproxstore - Shopify,direct_to_consumer,fulfilled,2025-07-30,2025-07-31,2025-07-30,NV3,OnTrac,1,1,24.76,1.8,0.0,26.56,shipmonk_estimate,USD
160296,6744736694582,Cattasaurus - shoproxstore - Shopify,direct_to_consumer,fulfilled,2025-07-30,2025-07-31,2025-07-30,NV3,OnTrac,1,1,18.73,1.8,0.0,20.53,shipmonk_estimate,USD
160297,6744743084342,Cattasaurus - shoproxstore - Shopify,direct_to_consumer,fulfilled,2025-07-30,2025-08-02,2025-07-30,PA2,OnTrac,1,1,15.9,1.8,0.0,17.7,shipmonk_estimate,USD
160298,6744798593334,Cattasaurus - shoproxstore - Shopify,direct_to_consumer,fulfilled,2025-07-30,2025-08-04,2025-07-30,NV3,FedEx,1,1,13.28,1.8,0.0,15.08,shipmonk_estimate,USD
160299,6744802197814,Cattasaurus - shoproxstore - Shopify,direct_to_consumer,fulfilled,2025-07-30,2025-08-02,2025-07-30,PA2,FedEx,1,1,18.01,2.1,0.0,20.11,shipmonk_estimate,USD
160300,6744805966134,Cattasaurus - shoproxstore - Shopify,direct_to_consumer,fulfilled,2025-07-30,2025-08-02,2025-07-30,PA2,OnTrac,1,1,14.04,1.8,0.0,15.84,shipmonk_estimate,USD
160301,6744806162742,Cattasaurus - shoproxstore - Shopify,direct_to_consumer,fulfilled,2025-07-30,2025-08-02,2025-07-30,PA2,OnTrac,1,1,14.05,1.8,0.0,15.85,shipmonk_estimate,USD
160302,6744818417974,Cattasaurus - shoproxstore - Shopify,direct_to_consumer,fulfilled,2025-07-30,2025-07-31,2025-07-30,NV3,OnTrac,1,1,14.04,1.8,0.0,15.84,shipmonk_estimate,USD
160303,6744822841654,Cattasaurus - shoproxstore - Shopify,direct_to_consumer,fulfilled,2025-07-30,2025-07-31,2025-07-30,NV3,OnTrac,1,1,28.6,1.8,0.0,30.4,shipmonk_estimate,USD
160304,6744829034806,Cattasaurus - shoproxstore - Shopify,direct_to_consumer,fulfilled,2025-07-30,2025-07-31,2025-07-30,NV3,FedEx,1,1,27.04,1.8,0.0,28.84,shipmonk_estimate,USD
160305,6744835031350,Cattasaurus - shoproxstore - Shopify,direct_to_consumer,fulfilled,2025-07-30,2025-07-31,2025-07-30,NV3,FedEx,1,1,22.12,1.8,0.0,23.92,shipmonk_estimate,USD
160306,6744835293494,Cattasaurus - shoproxstore - Shopify,direct_to_consumer,fulfilled,2025-07-30,2025-08-02,2025-07-30,PA2,OnTrac,1,1,14.05,1.8,0.0,15.85,shipmonk_estimate,USD
160307,6744847548726,Cattasaurus - shoproxstore - Shopify,direct_to_consumer,fulfilled,2025-07-30,2025-07-31,2025-07-30,NV3,UPS,1,1,17.46,1.8,0.0,19.26,shipmonk_estimate,USD
160308,6744859246902,Cattasaurus - shoproxstore - Shopify,direct_to_consumer,fulfilled,2025-07-30,2025-08-01,2025-07-30,PA2,USPS,1,1,10.81,1.8,0.0,12.61,shipmonk_estimate,USD
160309,6744871108918,Cattasaurus - shoproxstore - Shopify,direct_to_consumer,fulfilled,2025-07-30,2025-07-31,2025-07-30,NV3,OnTrac,1,1,15.9,1.8,0.0,17.7,shipmonk_estimate,USD
160310,6744883527990,Cattasaurus - shoproxstore - Shopify,direct_to_consumer,fulfilled,2025-07-30,2025-07-31,2025-07-30,NV3,OnTrac,1,1,14.05,1.8,0.0,15.85,shipmonk_estimate,USD
160311,6744894865718,Cattasaurus - shoproxstore - Shopify,direct_to_consumer,fulfilled,2025-07-30,2025-08-04,2025-07-30,NV3,OnTrac,1,1,15.9,1.8,0.0,17.7,shipmonk_estimate,USD
160312,6744907972918,Cattasaurus - shoproxstore - Shopify,direct_to_consumer,fulfilled,2025-07-30,2025-08-04,2025-07-30,NV3,OnTrac,1,1,15.9,1.8,0.0,17.7,shipmonk_estimate,USD
160313,6744924193078,Cattasaurus - shoproxstore - Shopify,direct_to_consumer,fulfilled,2025-07-30,2025-07-31,2025-07-30,NV3,OnTrac,1,1,14.04,1.8,0.0,15.84,shipmonk_estimate,USD
160315,6744943132982,Cattasaurus - shoproxstore - Shopify,direct_to_consumer,fulfilled,2025-07-30,2025-07-31,2025-07-30,NV3,OnTrac,1,1,16.45,1.8,0.0,18.25,shipmonk_estimate,USD
160316,6744983109942,Cattasaurus - shoproxstore - Shopify,direct_to_consumer,fulfilled,2025-07-30,2025-07-31,2025-07-30,NV3,OnTrac,1,1,20.29,1.8,0.0,22.09,shipmonk_estimate,USD
160317,6745022595382,Cattasaurus - shoproxstore - Shopify,direct_to_consumer,fulfilled,2025-07-30,2025-08-01,2025-07-30,PA2,OnTrac,1,1,10.81,1.8,0.0,12.61,shipmonk_estimate,USD
160318,6745022955830,Cattasaurus - shoproxstore - Shopify,direct_to_consumer,fulfilled,2025-07-30,2025-08-01,2025-07-30,PA2,FedEx,1,1,20.24,7.5,0.0,27.74,shipmonk_estimate,USD
160319,6745039765814,Cattasaurus - shoproxstore - Shopify,direct_to_consumer,fulfilled,2025-07-30,2025-08-01,2025-07-30,PA2,OnTrac,1,1,14.04,1.8,0.0,15.84,shipmonk_estimate,USD
160320,6745065816374,Cattasaurus - shoproxstore - Shopify,direct_to_consumer,fulfilled,2025-07-30,2025-08-01,2025-07-30,PA2,UPS,1,1,17.46,1.8,0.0,19.26,shipmonk_estimate,USD
160321,6745097306422,Cattasaurus - shoproxstore - Shopify,direct_to_consumer,fulfilled,2025-07-30,2025-08-01,2025-07-30,NV3,OnTrac,1,1,11.72,2.1,0.0,13.82,shipmonk_estimate,USD
160322,6745152061750,Cattasaurus - shoproxstore - Shopify,direct_to_consumer,fulfilled,2025-07-30,2025-08-01,2025-07-30,NV3,UPS,2,1,17.46,2.1,0.0,19.56,shipmonk_estimate,USD
160323,6745161171254,Cattasaurus - shoproxstore - Shopify,direct_to_consumer,fulfilled,2025-07-30,2025-08-02,2025-07-30,PA2,FedEx,1,1,10.91,2.1,0.0,13.01,shipmonk_estimate,USD
160324,6745196691766,Cattasaurus - shoproxstore - Shopify,direct_to_consumer,fulfilled,2025-07-30,2025-08-04,2025-07-30,NV3,OnTrac,1,1,15.9,1.8,0.0,17.7,shipmonk_estimate,USD
160325,6745229852982,Cattasaurus - shoproxstore - Shopify,direct_to_consumer,fulfilled,2025-07-30,2025-08-02,2025-07-30,PA2,OnTrac,1,1,14.04,1.8,0.0,15.84,shipmonk_estimate,USD
160326,6745240174902,Cattasaurus - shoproxstore - Shopify,direct_to_consumer,fulfilled,2025-07-30,2025-08-02,2025-07-30,PA2,OnTrac,1,1,24.76,2.1,0.0,26.86,shipmonk_estimate,USD
160327,6745259802934,Cattasaurus - shoproxstore - Shopify,direct_to_consumer,fulfilled,2025-07-30,2025-08-04,2025-07-30,NV3,USPS,1,1,13.85,1.8,0.0,15.65,shipmonk_estimate,USD
160328,6745270288694,Cattasaurus - shoproxstore - Shopify,direct_to_consumer,fulfilled,2025-07-30,2025-08-04,2025-07-30,NV3,FedEx,1,1,15.9,1.8,0.0,17.7,shipmonk_estimate,USD
160329,6745277563190,Cattasaurus - shoproxstore - Shopify,direct_to_consumer,fulfilled,2025-07-30,2025-08-04,2025-07-30,NV3,OnTrac,1,1,15.9,1.8,0.0,17.7,shipmonk_estimate,USD
160330,6745297191222,Cattasaurus - shoproxstore - Shopify,direct_to_consumer,fulfilled,2025-07-30,2025-08-01,2025-07-30,PA2,OnTrac,1,1,14.04,1.8,0.0,15.84,shipmonk_estimate,USD
160331,6745323962678,Cattasaurus - shoproxstore - Shopify,direct_to_consumer,fulfilled,2025-07-30,2025-08-01,2025-07-30,NV3,OnTrac,1,1,14.04,2.1,0.0,16.14,shipmonk_estimate,USD
160332,6745372557622,Cattasaurus - shoproxstore - Shopify,direct_to_consumer,fulfilled,2025-07-30,2025-08-01,2025-07-30,NV3,OnTrac,1,1,11.72,2.1,0.0,13.82,shipmonk_estimate,USD
160333,6745379143990,Cattasaurus - shoproxstore - Shopify,direct_to_consumer,fulfilled,2025-07-30,2025-08-01,2025-07-30,NV3,OnTrac,1,1,11.72,2.1,0.0,13.82,shipmonk_estimate,USD
160334,6745401360694,Cattasaurus - shoproxstore - Shopify,direct_to_consumer,fulfilled,2025-07-30,2025-08-01,2025-07-30,NV3,FedEx,1,1,14.65,2.4,0.0,17.05,shipmonk_estimate,USD
160335,6745401917750,Cattasaurus - shoproxstore - Shopify,direct_to_consumer,fulfilled,2025-07-30,2025-08-01,2025-07-30,NV3,OnTrac,1,1,11.53,2.1,0.0,13.63,shipmonk_estimate,USD
160336,6745405423926,Cattasaurus - shoproxstore - Shopify,direct_to_consumer,fulfilled,2025-07-30,2025-08-04,2025-07-30,NV3,OnTrac,1,1,11.77,1.8,0.0,13.57,shipmonk_estimate,USD
160337,6745408373046,Cattasaurus - shoproxstore - Shopify,direct_to_consumer,fulfilled,2025-07-30,2025-08-01,2025-07-30,PA2,OnTrac,1,1,15.9,1.8,0.0,17.7,shipmonk_estimate,USD
160338,6745417908534,Cattasaurus - shoproxstore - Shopify,direct_to_consumer,fulfilled,2025-07-30,2025-08-01,2025-07-30,PA2,OnTrac,1,1,11.53,1.8,0.0,13.33,shipmonk_estimate,USD
160339,6745475547446,Cattasaurus - shoproxstore - Shopify,direct_to_consumer,fulfilled,2025-07-30,2025-08-01,2025-07-30,PA2,OnTrac,1,1,14.04,1.8,0.0,15.84,shipmonk_estimate,USD
160340,6745476825398,Cattasaurus - shoproxstore - Shopify,direct_to_consumer,fulfilled,2025-07-30,2025-08-01,2025-07-30,NV3,OnTrac,1,1,15.9,2.1,0.0,18.0,shipmonk_estimate,USD
160341,6745536233782,Cattasaurus - shoproxstore - Shopify,direct_to_consumer,fulfilled,2025-07-30,2025-08-02,2025-07-30,PA2,OnTrac,1,1,12.08,2.1,0.0,14.18,shipmonk_estimate,USD
160342,6745559728438,Cattasaurus - shoproxstore - Shopify,direct_to_consumer,fulfilled,2025-07-30,2025-08-01,2025-07-30,NV3,OnTrac,1,1,15.9,1.8,0.0,17.7,shipmonk_estimate,USD
160343,6745613828406,Cattasaurus - shoproxstore - Shopify,direct_to_consumer,fulfilled,2025-07-30,2025-08-02,2025-07-30,PA2,OnTrac,1,1,10.91,1.8,0.0,12.71,shipmonk_estimate,USD
160344,6745652396342,Cattasaurus - shoproxstore - Shopify,direct_to_consumer,fulfilled,2025-07-30,2025-08-01,2025-07-30,PA2,OnTrac,1,1,12.37,1.8,0.0,14.17,shipmonk_estimate,USD
160345,6745655214390,Cattasaurus - shoproxstore - Shopify,direct_to_consumer,fulfilled,2025-07-30,2025-08-01,2025-07-30,NV3,OnTrac,1,1,16.45,1.8,0.0,18.25,shipmonk_estimate,USD
160346,6745661014326,Cattasaurus - shoproxstore - Shopify,direct_to_consumer,fulfilled,2025-07-30,2025-08-02,2025-07-30,PA2,FedEx,1,1,14.05,1.8,0.0,15.85,shipmonk_estimate,USD
160347,6745666715958,Cattasaurus - shoproxstore - Shopify,direct_to_consumer,fulfilled,2025-07-30,2025-08-01,2025-07-30,NV3,OnTrac,1,1,18.73,2.1,0.0,20.83,shipmonk_estimate,USD
160348,6745672515894,Cattasaurus - shoproxstore - Shopify,direct_to_consumer,fulfilled,2025-07-30,2025-08-01,2025-07-30,NV3,OnTrac,1,1,14.04,2.1,0.0,16.14,shipmonk_estimate,USD
160349,6745685262646,Cattasaurus - shoproxstore - Shopify,direct_to_consumer,fulfilled,2025-07-30,2025-08-04,2025-07-30,NV3,OnTrac,1,1,24.43,2.4,0.0,26.83,shipmonk_estimate,USD
160350,6745720160566,Cattasaurus - shoproxstore - Shopify,direct_to_consumer,fulfilled,2025-07-30,2025-08-04,2025-07-30,NV3,OnTrac,1,1,14.1,1.8,0.0,15.9,shipmonk_estimate,USD
160351,6745720521014,Cattasaurus - shoproxstore - Shopify,direct_to_consumer,fulfilled,2025-07-30,2025-08-04,2025-07-30,NV3,OnTrac,1,1,13.34,1.8,0.0,15.14,shipmonk_estimate,USD
160352,6745739985206,Cattasaurus - shoproxstore - Shopify,direct_to_consumer,fulfilled,2025-07-30,2025-08-01,2025-07-30,PA2,UPS,1,1,13.09,1.8,0.0,14.89,shipmonk_estimate,USD
160353,6745746800950,Cattasaurus - shoproxstore - Shopify,direct_to_consumer,fulfilled,2025-07-30,2025-08-02,2025-07-30,PA2,FedEx,2,1,14.3,2.7,0.0,17.0,shipmonk_estimate,USD
160354,6745785925942,Cattasaurus - shoproxstore - Shopify,direct_to_consumer,fulfilled,2025-07-30,2025-08-04,2025-07-30,NV3,OnTrac,1,1,11.77,1.8,0.0,13.57,shipmonk_estimate,USD
160355,6745801523510,Cattasaurus - shoproxstore - Shopify,direct_to_consumer,fulfilled,2025-07-30,2025-08-01,2025-07-30,PA2,OnTrac,1,1,11.72,1.8,0.0,13.52,shipmonk_estimate,USD
160356,6745862603062,Cattasaurus - shoproxstore - Shopify,direct_to_consumer,fulfilled,2025-07-30,2025-08-01,2025-07-30,PA2,UPS,1,1,13.28,1.8,0.0,15.08,shipmonk_estimate,USD
160357,6745919619382,Cattasaurus - shoproxstore - Shopify,direct_to_consumer,fulfilled,2025-07-30,2025-08-02,2025-07-30,PA2,OnTrac,1,1,14.04,1.8,0.0,15.84,shipmonk_estimate,USD
160358,6745975587126,Cattasaurus - shoproxstore - Shopify,direct_to_consumer,fulfilled,2025-07-30,2025-08-01,2025-07-30,NV3,FedEx,1,1,18.01,2.1,0.0,20.11,shipmonk_estimate,USD
INF198,e1e5750f-0d11-4831-b975-72b160d34756,Cattasaurus - Manual Store,direct_to_consumer,fulfilled,2025-07-30,2025-07-31,2025-07-30,NV3,OnTrac,1,1,11.02,2.5,0.0,13.52,shipmonk_estimate,USD
156218-01,3dbf1630-34b6-4ba7-b2ee-be89f23561e4,Cattasaurus - shoproxstore - Shopify,direct_to_consumer,fulfilled,2025-07-31,2025-08-01,2025-07-31,NV3,FedEx,1,1,18.01,1.8,0.0,19.81,shipmonk_estimate,USD
159369-01,168e9329-b8d4-41c1-a174-07e8c4cdba4d,Cattasaurus - shoproxstore - Shopify,direct_to_consumer,fulfilled,2025-07-31,2025-08-04,2025-07-31,PA2,OnTrac,1,1,11.77,1.8,0.0,13.57,shipmonk_estimate,USD
160359,6746009698614,Cattasaurus - shoproxstore - Shopify,direct_to_consumer,fulfilled,2025-07-31,2025-08-01,2025-07-31,PA2,OnTrac,1,1,11.53,1.8,0.0,13.33,shipmonk_estimate,USD
160360,6746107543862,Cattasaurus - shoproxstore - Shopify,direct_to_consumer,fulfilled,2025-07-31,2025-08-01,2025-07-31,PA2,UPS,1,1,15.6,1.8,0.0,17.4,shipmonk_estimate,USD
160361,6746219970870,Cattasaurus - shoproxstore - Shopify,direct_to_consumer,fulfilled,2025-07-31,2025-08-09,2025-07-31,PA2,FedEx,1,1,18.09,2.1,0.0,20.19,shipmonk_estimate,USD
160362,6746244415798,Cattasaurus - shoproxstore - Shopify,direct_to_consumer,fulfilled,2025-07-31,2025-08-01,2025-07-31,PA2,OnTrac,1,1,15.6,1.8,0.0,17.4,shipmonk_estimate,USD
160363,6746269057334,Cattasaurus - shoproxstore - Shopify,direct_to_consumer,fulfilled,2025-07-31,2025-08-02,2025-07-31,PA2,FedEx,1,1,12.74,1.8,0.0,14.54,shipmonk_estimate,USD
160364,6746285834550,Cattasaurus - shoproxstore - Shopify,direct_to_consumer,fulfilled,2025-07-31,2025-08-01,2025-07-31,PA2,OnTrac,1,1,12.37,1.8,0.0,14.17,shipmonk_estimate,USD
160365,6746298417462,Cattasaurus - shoproxstore - Shopify,direct_to_consumer,fulfilled,2025-07-31,2025-08-01,2025-07-31,PA2,OnTrac,1,1,13.09,1.8,0.0,14.89,shipmonk_estimate,USD
160366,6746315424054,Cattasaurus - shoproxstore - Shopify,direct_to_consumer,fulfilled,2025-07-31,2025-08-01,2025-07-31,PA2,OnTrac,1,1,11.72,1.8,0.0,13.52,shipmonk_estimate,USD
160367,6746316013878,Cattasaurus - shoproxstore - Shopify,direct_to_consumer,fulfilled,2025-07-31,2025-08-01,2025-07-31,PA2,OnTrac,1,1,12.37,1.8,0.0,14.17,shipmonk_estimate,USD
160368,6746328367414,Cattasaurus - shoproxstore - Shopify,direct_to_consumer,fulfilled,2025-07-31,2025-08-01,2025-07-31,NV3,OnTrac,1,1,17.46,2.1,0.0,19.56,shipmonk_estimate,USD
160369,6746332234038,Cattasaurus - shoproxstore - Shopify,direct_to_consumer,fulfilled,2025-07-31,2025-08-01,2025-07-31,PA2,FedEx,1,1,14.04,1.8,0.0,15.84,shipmonk_estimate,USD
160370,6746336788790,Cattasaurus - shoproxstore - Shopify,direct_to_consumer,fulfilled,2025-07-31,2025-08-02,2025-07-31,PA2,OnTrac,1,1,16.45,1.8,0.0,18.25,shipmonk_estimate,USD
160371,6746340426038,Cattasaurus - shoproxstore - Shopify,direct_to_consumer,fulfilled,2025-07-31,2025-08-01,2025-07-31,NV3,OnTrac,1,1,15.61,2.1,0.0,17.71,shipmonk_estimate,USD
160372,6746348912950,Cattasaurus - shoproxstore - Shopify,direct_to_consumer,fulfilled,2025-07-31,2025-08-02,2025-07-31,PA2,OnTrac,1,1,14.05,1.8,0.0,15.85,shipmonk_estimate,USD
160373,6746350485814,Cattasaurus - shoproxstore - Shopify,direct_to_consumer,fulfilled,2025-07-31,2025-08-01,2025-07-31,PA2,OnTrac,1,1,15.6,1.8,0.0,17.4,shipmonk_estimate,USD
160374,6746353729846,Cattasaurus - shoproxstore - Shopify,direct_to_consumer,fulfilled,2025-07-31,2025-08-01,2025-07-31,NV3,OnTrac,1,1,12.74,2.1,0.0,14.84,shipmonk_estimate,USD
160375,6746371883318,Cattasaurus - shoproxstore - Shopify,direct_to_consumer,fulfilled,2025-07-31,2025-08-02,2025-07-31,PA2,FedEx,1,1,16.45,2.1,0.0,18.55,shipmonk_estimate,USD
160376,6746387120438,Cattasaurus - shoproxstore - Shopify,direct_to_consumer,fulfilled,2025-07-31,2025-08-01,2025-07-31,PA2,OnTrac,1,1,10.81,1.8,0.0,12.61,shipmonk_estimate,USD
160377,6746396262710,Cattasaurus - shoproxstore - Shopify,direct_to_consumer,fulfilled,2025-07-31,2025-08-04,2025-07-31,NV3,OnTrac,1,1,15.9,1.8,0.0,17.7,shipmonk_estimate,USD
160378,6746459341110,Cattasaurus - shoproxstore - Shopify,direct_to_consumer,fulfilled,2025-07-31,2025-08-15,2025-07-31,NV3,OnTrac,1,1,21.85,2.1,0.0,23.95,shipmonk_estimate,USD
160379,6746474545462,Cattasaurus - shoproxstore - Shopify,direct_to_consumer,fulfilled,2025-07-31,2025-08-01,2025-07-31,NV3,OnTrac,1,1,11.72,2.1,0.0,13.82,shipmonk_estimate,USD
160380,6746474676534,Cattasaurus - shoproxstore - Shopify,direct_to_consumer,fulfilled,2025-07-31,2025-08-04,2025-07-31,NV3,OnTrac,1,1,14.1,1.8,0.0,15.9,shipmonk_estimate,USD
160381,6746475102518,Cattasaurus - shoproxstore - Shopify,direct_to_consumer,fulfilled,2025-07-31,2025-08-01,2025-07-31,PA2,OnTrac,1,1,11.72,1.8,0.0,13.52,shipmonk_estimate,USD
160382,6746501939510,Cattasaurus - shoproxstore - Shopify,direct_to_consumer,fulfilled,2025-07-31,2025-08-01,2025-07-31,PA2,OnTrac,1,1,11.53,1.8,0.0,13.33,shipmonk_estimate,USD
160383,6746517700918,Cattasaurus - shoproxstore - Shopify,direct_to_consumer,fulfilled,2025-07-31,2025-08-02,2025-07-31,PA2,OnTrac,1,1,10.81,1.8,0.0,12.61,shipmonk_estimate,USD
160384,6746526417206,Cattasaurus - shoproxstore - Shopify,direct_to_consumer,fulfilled,2025-07-31,2025-08-01,2025-07-31,NV3,UPS,1,1,17.46,2.1,0.0,19.56,shipmonk_estimate,USD
160385,6746533331254,Cattasaurus - shoproxstore - Shopify,direct_to_consumer,fulfilled,2025-07-31,2025-08-01,2025-07-31,PA2,OnTrac,1,1,11.53,1.8,0.0,13.33,shipmonk_estimate,USD
160386,6746534379830,Cattasaurus - shoproxstore - Shopify,direct_to_consumer,fulfilled,2025-07-31,2025-08-01,2025-07-31,NV3,OnTrac,1,1,15.9,2.1,0.0,18.0,shipmonk_estimate,USD
160387,6746538606902,Cattasaurus - shoproxstore - Shopify,direct_to_consumer,fulfilled,2025-07-31,2025-08-02,2025-07-31,PA2,FedEx,1,1,14.05,1.8,0.0,15.85,shipmonk_estimate,USD
160388,6746543030582,Cattasaurus - shoproxstore - Shopify,direct_to_consumer,fulfilled,2025-07-31,2025-08-02,2025-07-31,PA2,FedEx,1,1,16.45,1.8,0.0,18.25,shipmonk_estimate,USD
160389,6746547192118,Cattasaurus - shoproxstore - Shopify,direct_to_consumer,fulfilled,2025-07-31,2025-08-02,2025-07-31,PA2,OnTrac,1,1,11.53,1.8,0.0,13.33,shipmonk_estimate,USD
160390,6746550763830,Cattasaurus - shoproxstore - Shopify,direct_to_consumer,fulfilled,2025-07-31,2025-08-02,2025-07-31,PA2,OnTrac,1,1,14.05,1.8,0.0,15.85,shipmonk_estimate,USD
160391,6746563903798,Cattasaurus - shoproxstore - Shopify,direct_to_consumer,fulfilled,2025-07-31,2025-08-04,2025-07-31,NV3,OnTrac,2,1,13.15,2.1,0.0,15.25,shipmonk_estimate,USD
160392,6746564526390,Cattasaurus - shoproxstore - Shopify,direct_to_consumer,fulfilled,2025-07-31,2025-08-01,2025-07-31,NV3,FedEx,1,1,16.66,2.4,0.0,19.06,shipmonk_estimate,USD
160393,6746567049526,Cattasaurus - shoproxstore - Shopify,direct_to_consumer,fulfilled,2025-07-31,2025-08-01,2025-07-31,NV3,USPS,1,1,15.56,1.8,0.0,17.36,shipmonk_estimate,USD
160394,6746579173686,Cattasaurus - shoproxstore - Shopify,direct_to_consumer,fulfilled,2025-07-31,2025-08-02,2025-07-31,PA2,FedEx,1,1,14.3,1.8,0.0,16.1,shipmonk_estimate,USD
160395,6746598441270,Cattasaurus - shoproxstore - Shopify,direct_to_consumer,fulfilled,2025-07-31,2025-08-02,2025-07-31,PA2,FedEx,1,1,19.32,2.1,0.0,21.42,shipmonk_estimate,USD
160396,6746606928182,Cattasaurus - shoproxstore - Shopify,direct_to_consumer,fulfilled,2025-07-31,2025-08-01,2025-07-31,NV3,OnTrac,1,1,12.74,1.8,0.0,14.54,shipmonk_estimate,USD
160397,6746610368822,Cattasaurus - shoproxstore - Shopify,direct_to_consumer,fulfilled,2025-07-31,2025-08-01,2025-07-31,PA2,OnTrac,1,1,14.04,1.8,0.0,15.84,shipmonk_estimate,USD
160398,6746621411638,Cattasaurus - shoproxstore - Shopify,direct_to_consumer,fulfilled,2025-07-31,2025-08-01,2025-07-31,PA2,OnTrac,1,1,11.6,2.5,0.0,14.1,shipmonk_estimate,USD
160398_1,b99edd6d-f0e3-4eda-a037-8e10e85a85fb,Cattasaurus - shoproxstore - Shopify,direct_to_consumer,fulfilled,2025-07-31,2025-08-01,2025-07-31,PA2,OnTrac,1,1,11.72,1.8,0.0,13.52,shipmonk_estimate,USD
160399,6746628751670,Cattasaurus - shoproxstore - Shopify,direct_to_consumer,fulfilled,2025-07-31,2025-08-02,2025-07-31,PA2,FedEx,1,1,20.88,2.1,0.0,22.98,shipmonk_estimate,USD
160400,6746636878134,Cattasaurus - shoproxstore - Shopify,direct_to_consumer,fulfilled,2025-07-31,2025-08-02,2025-07-31,PA2,FedEx,1,1,16.45,2.1,0.0,18.55,shipmonk_estimate,USD
160401,6746640318774,Cattasaurus - shoproxstore - Shopify,direct_to_consumer,fulfilled,2025-07-31,2025-08-04,2025-07-31,NV3,OnTrac,1,1,11.58,1.8,0.0,13.38,shipmonk_estimate,USD
160402,6746671186230,Cattasaurus - shoproxstore - Shopify,direct_to_consumer,fulfilled,2025-07-31,2025-08-01,2025-07-31,PA2,OnTrac,1,1,11.72,1.8,0.0,13.52,shipmonk_estimate,USD
160403,6746676658486,Cattasaurus - shoproxstore - Shopify,direct_to_consumer,fulfilled,2025-07-31,2025-08-02,2025-07-31,PA2,OnTrac,1,1,12.74,1.8,0.0,14.54,shipmonk_estimate,USD
160404,6746691666230,Cattasaurus - shoproxstore - Shopify,direct_to_consumer,fulfilled,2025-07-31,2025-08-01,2025-07-31,NV3,OnTrac,1,1,15.61,1.8,0.0,17.41,shipmonk_estimate,USD
160405,6746708148534,Cattasaurus - shoproxstore - Shopify,direct_to_consumer,fulfilled,2025-07-31,2025-08-01,2025-07-31,PA2,OnTrac,1,1,12.37,1.8,0.0,14.17,shipmonk_estimate,USD
160406,6746710606134,Cattasaurus - shoproxstore - Shopify,direct_to_consumer,fulfilled,2025-07-31,2025-08-04,2025-07-31,NV3,OnTrac,1,1,14.1,1.8,0.0,15.9,shipmonk_estimate,USD
160407,6746731348278,Cattasaurus - shoproxstore - Shopify,direct_to_consumer,fulfilled,2025-07-31,2025-08-01,2025-07-31,NV3,OnTrac,1,1,11.72,2.1,0.0,13.82,shipmonk_estimate,USD
160408,6746732167478,Cattasaurus - shoproxstore - Shopify,direct_to_consumer,fulfilled,2025-07-31,2025-08-01,2025-07-31,PA2,OnTrac,1,1,10.81,1.8,0.0,12.61,shipmonk_estimate,USD
160409,6746733150518,Cattasaurus - shoproxstore - Shopify,direct_to_consumer,fulfilled,2025-07-31,2025-08-02,2025-07-31,PA2,FedEx,1,1,18.01,1.8,0.0,19.81,shipmonk_estimate,USD
160410,6746740687158,Cattasaurus - shoproxstore - Shopify,direct_to_consumer,fulfilled,2025-07-31,2025-08-04,2025-07-31,PA2,OnTrac,1,1,10.86,1.8,0.0,12.66,shipmonk_estimate,USD
160410_1,7b9252cf-2d8e-4373-b000-7722abae0e4b,Cattasaurus - shoproxstore - Shopify,direct_to_consumer,fulfilled,2025-07-31,2025-08-04,2025-07-31,PA2,OnTrac,1,1,10.86,1.8,0.0,12.66,shipmonk_estimate,USD
160411,6746743636278,Cattasaurus - shoproxstore - Shopify,direct_to_consumer,fulfilled,2025-07-31,2025-08-01,2025-07-31,PA2,UPS,1,1,15.6,1.8,0.0,17.4,shipmonk_estimate,USD
160412,6746745504054,Cattasaurus - shoproxstore - Shopify,direct_to_consumer,fulfilled,2025-07-31,2025-08-02,2025-07-31,PA2,OnTrac,1,1,14.05,1.8,0.0,15.85,shipmonk_estimate,USD
160413,6746746716470,Cattasaurus - shoproxstore - Shopify,direct_to_consumer,fulfilled,2025-07-31,2025-08-02,2025-07-31,PA2,OnTrac,1,1,11.53,1.8,0.0,13.33,shipmonk_estimate,USD
160414,6746746880310,Cattasaurus - shoproxstore - Shopify,direct_to_consumer,fulfilled,2025-07-31,2025-08-02,2025-07-31,PA2,OnTrac,1,1,11.53,1.8,0.0,13.33,shipmonk_estimate,USD
160415,6746747666742,Cattasaurus - shoproxstore - Shopify,direct_to_consumer,fulfilled,2025-07-31,2025-08-01,2025-07-31,NV3,OnTrac,1,1,10.81,1.8,0.0,12.61,shipmonk_estimate,USD
160416,6746758414646,Cattasaurus - shoproxstore - Shopify,direct_to_consumer,fulfilled,2025-07-31,2025-08-02,2025-07-31,PA2,OnTrac,1,1,11.53,1.8,0.0,13.33,shipmonk_estimate,USD
160417,6746767884598,Cattasaurus - shoproxstore - Shopify,direct_to_consumer,fulfilled,2025-07-31,2025-08-01,2025-07-31,PA2,OnTrac,1,1,13.09,1.8,0.0,14.89,shipmonk_estimate,USD
160418,6746770407734,Cattasaurus - shoproxstore - Shopify,direct_to_consumer,fulfilled,2025-07-31,2025-08-01,2025-07-31,PA2,OnTrac,1,1,14.04,1.8,0.0,15.84,shipmonk_estimate,USD
160419,6746783809846,Cattasaurus - shoproxstore - Shopify,direct_to_consumer,fulfilled,2025-07-31,2025-08-01,2025-07-31,NV3,FedEx,1,1,14.05,1.8,0.0,15.85,shipmonk_estimate,USD
160420,6746789577014,Cattasaurus - shoproxstore - Shopify,direct_to_consumer,fulfilled,2025-07-31,2025-08-03,2025-07-31,PA2,OnTrac,1,1,10.81,1.8,0.0,12.61,shipmonk_estimate,USD
160421,6746791936310,Cattasaurus - shoproxstore - Shopify,direct_to_consumer,fulfilled,2025-07-31,2025-08-01,2025-07-31,PA2,OnTrac,1,1,11.53,1.8,0.0,13.33,shipmonk_estimate,USD
160422,6746816086326,Cattasaurus - shoproxstore - Shopify,direct_to_consumer,fulfilled,2025-07-31,2025-08-01,2025-07-31,PA2,OnTrac,1,1,11.53,1.8,0.0,13.33,shipmonk_estimate,USD
160423,6746828243254,Cattasaurus - shoproxstore - Shopify,direct_to_consumer,fulfilled,2025-07-31,2025-08-02,2025-07-31,PA2,OnTrac,1,1,20.2,2.1,0.0,22.3,shipmonk_estimate,USD
160424,6746840826166,Cattasaurus - shoproxstore - Shopify,direct_to_consumer,fulfilled,2025-07-31,2025-08-01,2025-07-31,NV3,OnTrac,1,1,15.9,1.8,0.0,17.7,shipmonk_estimate,USD
160425,6746843808054,Cattasaurus - shoproxstore - Shopify,direct_to_consumer,fulfilled,2025-07-31,2025-08-02,2025-07-31,PA2,OnTrac,1,1,20.2,1.8,0.0,22.0,shipmonk_estimate,USD
160426,6746852065590,Cattasaurus - shoproxstore - Shopify,direct_to_consumer,fulfilled,2025-07-31,2025-08-01,2025-07-31,NV3,OnTrac,1,1,10.91,1.8,0.0,12.71,shipmonk_estimate,USD
160427,6746876838198,Cattasaurus - shoproxstore - Shopify,direct_to_consumer,fulfilled,2025-07-31,2025-08-02,2025-07-31,PA2,OnTrac,1,1,12.47,1.8,0.0,14.27,shipmonk_estimate,USD
160428,6746882081078,Cattasaurus - shoproxstore - Shopify,direct_to_consumer,fulfilled,2025-07-31,2025-08-01,2025-07-31,NV3,OnTrac,1,1,15.9,1.8,0.0,17.7,shipmonk_estimate,USD
160429,6746884145462,Cattasaurus - shoproxstore - Shopify,direct_to_consumer,fulfilled,2025-07-31,2025-08-01,2025-07-31,NV3,OnTrac,1,1,15.9,1.8,0.0,17.7,shipmonk_estimate,USD
160430,6746890207542,Cattasaurus - shoproxstore - Shopify,direct_to_consumer,fulfilled,2025-07-31,2025-08-01,2025-07-31,NV3,OnTrac,1,1,14.04,1.8,0.0,15.84,shipmonk_estimate,USD
160431,6746894074166,Cattasaurus - shoproxstore - Shopify,direct_to_consumer,fulfilled,2025-07-31,2025-08-01,2025-07-31,NV3,FedEx,1,1,11.18,1.8,0.0,12.98,shipmonk_estimate,USD
160432,6746908983606,Cattasaurus - shoproxstore - Shopify,direct_to_consumer,fulfilled,2025-07-31,2025-08-01,2025-07-31,NV3,OnTrac,2,1,14.04,2.1,0.0,16.14,shipmonk_estimate,USD
160433,6746914685238,Cattasaurus - shoproxstore - Shopify,direct_to_consumer,fulfilled,2025-07-31,2025-08-02,2025-07-31,PA2,OnTrac,1,1,16.45,1.8,0.0,18.25,shipmonk_estimate,USD
160434,6746915569974,Cattasaurus - shoproxstore - Shopify,direct_to_consumer,fulfilled,2025-07-31,2025-08-08,2025-07-31,NV3,UPS,1,1,15.67,2.1,0.0,17.77,shipmonk_estimate,USD
160435,6746938933558,Cattasaurus - shoproxstore - Shopify,direct_to_consumer,fulfilled,2025-07-31,2025-08-04,2025-07-31,NV3,FedEx,1,1,15.9,1.8,0.0,17.7,shipmonk_estimate,USD
160436,6746942210358,Cattasaurus - shoproxstore - Shopify,direct_to_consumer,fulfilled,2025-07-31,2025-08-04,2025-07-31,NV3,OnTrac,1,1,15.9,1.8,0.0,17.7,shipmonk_estimate,USD
160437,6746946175286,Cattasaurus - shoproxstore - Shopify,direct_to_consumer,fulfilled,2025-07-31,2025-08-04,2025-07-31,NV3,OnTrac,1,1,20.56,1.8,0.0,22.36,shipmonk_estimate,USD
160438,6746960167222,Cattasaurus - shoproxstore - Shopify,direct_to_consumer,fulfilled,2025-07-31,2025-08-04,2025-07-31,NV3,OnTrac,1,1,11.77,1.8,0.0,13.57,shipmonk_estimate,USD
160439,6746960527670,Cattasaurus - shoproxstore - Shopify,direct_to_consumer,fulfilled,2025-07-31,2025-08-04,2025-07-31,NV3,OnTrac,2,1,15.9,2.1,0.0,18.0,shipmonk_estimate,USD
160440,6746980286774,Cattasaurus - shoproxstore - Shopify,direct_to_consumer,fulfilled,2025-07-31,2025-08-04,2025-07-31,NV3,OnTrac,1,1,18.73,1.8,0.0,20.53,shipmonk_estimate,USD
160441,6746980516150,Cattasaurus - shoproxstore - Shopify,direct_to_consumer,fulfilled,2025-07-31,2025-08-04,2025-07-31,NV3,FedEx,1,1,20.29,1.8,0.0,22.09,shipmonk_estimate,USD
160442,6746989986102,Cattasaurus - shoproxstore - Shopify,direct_to_consumer,fulfilled,2025-07-31,2025-08-04,2025-07-31,NV3,FedEx,1,1,16.45,1.8,0.0,18.25,shipmonk_estimate,USD
160443,6746998473014,Cattasaurus - shoproxstore - Shopify,direct_to_consumer,fulfilled,2025-07-31,2025-08-03,2025-07-31,PA2,OnTrac,1,1,11.53,1.8,0.0,13.33,shipmonk_estimate,USD
160444,6747002143030,Cattasaurus - shoproxstore - Shopify,direct_to_consumer,fulfilled,2025-07-31,2025-08-04,2025-07-31,NV3,OnTrac,1,1,27.04,1.8,0.0,28.84,shipmonk_estimate,USD
160445,6747013022006,Cattasaurus - shoproxstore - Shopify,direct_to_consumer,fulfilled,2025-07-31,2025-08-03,2025-07-31,PA2,FedEx,2,1,20.09,2.7,0.0,22.79,shipmonk_estimate,USD
160446,6747032256822,Cattasaurus - shoproxstore - Shopify,direct_to_consumer,fulfilled,2025-07-31,2025-08-04,2025-07-31,NV3,OnTrac,2,1,18.73,2.4,0.0,21.13,shipmonk_estimate,USD
160447,6747073675574,Cattasaurus - shoproxstore - Shopify,direct_to_consumer,fulfilled,2025-07-31,2025-08-02,2025-07-31,PA2,OnTrac,1,1,12.37,1.8,0.0,14.17,shipmonk_estimate,USD
160448,6747083768118,Cattasaurus - shoproxstore - Shopify,direct_to_consumer,fulfilled,2025-07-31,2025-08-04,2025-07-31,NV3,OnTrac,1,1,11.58,2.1,0.0,13.68,shipmonk_estimate,USD
160449,6747086913846,Cattasaurus - shoproxstore - Shopify,direct_to_consumer,fulfilled,2025-07-31,2025-08-03,2025-07-31,PA2,OnTrac,1,1,12.47,2.1,0.0,14.57,shipmonk_estimate,USD
160450,6747101266230,Cattasaurus - shoproxstore - Shopify,direct_to_consumer,fulfilled,2025-07-31,2025-08-04,2025-07-31,NV3,FedEx,1,1,15.9,1.8,0.0,17.7,shipmonk_estimate,USD
160451,6747102839094,Cattasaurus - shoproxstore - Shopify,direct_to_consumer,fulfilled,2025-07-31,2025-08-03,2025-07-31,PA2,OnTrac,2,1,12.37,1.8,0.0,14.17,shipmonk_estimate,USD
160452,6747104215350,Cattasaurus - shoproxstore - Shopify,direct_to_consumer,fulfilled,2025-07-31,2025-08-01,2025-07-31,PA2,UPS,1,1,13.28,1.8,0.0,15.08,shipmonk_estimate,USD
160453,6747110506806,Cattasaurus - shoproxstore - Shopify,direct_to_consumer,fulfilled,2025-07-31,2025-08-04,2025-07-31,NV3,OnTrac,1,1,14.11,1.8,0.0,15.91,shipmonk_estimate,USD
160454,6747114340662,Cattasaurus - shoproxstore - Shopify,direct_to_consumer,fulfilled,2025-07-31,2025-08-02,2025-07-31,PA2,OnTrac,1,1,11.72,1.8,0.0,13.52,shipmonk_estimate,USD
160455,6747129807158,Cattasaurus - shoproxstore - Shopify,direct_to_consumer,fulfilled,2025-07-31,2025-08-01,2025-07-31,PA2,FedEx,1,1,11.53,1.8,0.0,13.33,shipmonk_estimate,USD
160456,6747133903158,Cattasaurus - shoproxstore - Shopify,direct_to_consumer,fulfilled,2025-07-31,2025-08-04,2025-07-31,NV3,OnTrac,1,1,15.67,2.1,0.0,17.77,shipmonk_estimate,USD
160457,6747163197750,Cattasaurus - shoproxstore - Shopify,direct_to_consumer,fulfilled,2025-07-31,2025-08-03,2025-07-31,PA2,FedEx,1,1,12.74,2.1,0.0,14.84,shipmonk_estimate,USD
160458,6747165425974,Cattasaurus - shoproxstore - Shopify,direct_to_consumer,fulfilled,2025-07-31,2025-08-02,2025-07-31,PA2,OnTrac,1,1,14.04,1.8,0.0,15.84,shipmonk_estimate,USD
160459,6747174961462,Cattasaurus - shoproxstore - Shopify,direct_to_consumer,fulfilled,2025-07-31,2025-08-04,2025-07-31,NV3,OnTrac,1,1,17.46,2.1,0.0,19.56,shipmonk_estimate,USD
160460,6747180138806,Cattasaurus - shoproxstore - Shopify,direct_to_consumer,fulfilled,2025-07-31,2025-08-04,2025-07-31,NV3,OnTrac,1,1,14.1,1.8,0.0,15.9,shipmonk_estimate,USD
160461,6747186757942,Cattasaurus - shoproxstore - Shopify,direct_to_consumer,fulfilled,2025-07-31,2025-08-02,2025-07-31,PA2,FedEx,1,1,18.01,1.8,0.0,19.81,shipmonk_estimate,USD
160462,6747199668534,Cattasaurus - shoproxstore - Shopify,direct_to_consumer,fulfilled,2025-07-31,2025-08-04,2025-07-31,NV3,OnTrac,1,1,15.9,2.1,0.0,18.0,shipmonk_estimate,USD
160463,6747214577974,Cattasaurus - shoproxstore - Shopify,direct_to_consumer,fulfilled,2025-07-31,2025-08-03,2025-07-31,PA2,UPS,1,1,12.47,2.1,0.0,14.57,shipmonk_estimate,USD
160464,6747220181302,Cattasaurus - shoproxstore - Shopify,direct_to_consumer,fulfilled,2025-07-31,2025-08-04,2025-07-31,NV3,FedEx,1,1,15.9,1.8,0.0,17.7,shipmonk_estimate,USD
160465,6747220836662,Cattasaurus - shoproxstore - Shopify,direct_to_consumer,fulfilled,2025-07-31,2025-08-03,2025-07-31,PA2,OnTrac,1,1,15.1,2.4,0.0,17.5,shipmonk_estimate,USD
160466,6747222114614,Cattasaurus - shoproxstore - Shopify,direct_to_consumer,fulfilled,2025-07-31,2025-08-04,2025-07-31,NV3,FedEx,1,1,16.45,1.8,0.0,18.25,shipmonk_estimate,USD
160467,6747223982390,Cattasaurus - shoproxstore - Shopify,direct_to_consumer,fulfilled,2025-07-31,2025-08-02,2025-07-31,PA2,UPS,1,1,15.6,1.8,0.0,17.4,shipmonk_estimate,USD
160468,6747225719094,Cattasaurus - shoproxstore - Shopify,direct_to_consumer,fulfilled,2025-07-31,2025-08-04,2025-07-31,NV3,OnTrac,1,1,15.9,2.1,0.0,18.0,shipmonk_estimate,USD
160469,6747234173238,Cattasaurus - shoproxstore - Shopify,direct_to_consumer,fulfilled,2025-07-31,2025-08-02,2025-07-31,PA2,OnTrac,1,1,14.05,1.8,0.0,15.85,shipmonk_estimate,USD
160470,6747263303990,Cattasaurus - shoproxstore - Shopify,direct_to_consumer,fulfilled,2025-07-31,2025-08-03,2025-07-31,PA2,FedEx,1,2,24.24,3.9,0.0,28.14,shipmonk_estimate,USD
160471,6747263500598,Cattasaurus - shoproxstore - Shopify,direct_to_consumer,fulfilled,2025-07-31,2025-08-04,2025-07-31,NV3,OnTrac,1,1,13.34,2.1,0.0,15.44,shipmonk_estimate,USD
160472,6747282997558,Cattasaurus - shoproxstore - Shopify,direct_to_consumer,fulfilled,2025-07-31,2025-08-04,2025-07-31,NV3,OnTrac,1,1,11.77,1.8,0.0,13.57,shipmonk_estimate,USD
160473,6747284537654,Cattasaurus - shoproxstore - Shopify,direct_to_consumer,fulfilled,2025-07-31,2025-08-02,2025-07-31,PA2,UPS,1,1,13.09,1.8,0.0,14.89,shipmonk_estimate,USD
160474,6747294302518,Cattasaurus - shoproxstore - Shopify,direct_to_consumer,fulfilled,2025-07-31,2025-08-04,2025-07-31,NV3,OnTrac,3,1,18.09,2.7,0.0,20.79,shipmonk_estimate,USD
160475,6747294826806,Cattasaurus - shoproxstore - Shopify,direct_to_consumer,fulfilled,2025-07-31,2025-08-04,2025-07-31,NV3,FedEx,1,1,18.01,1.8,0.0,19.81,shipmonk_estimate,USD
160476,6747312685366,Cattasaurus - shoproxstore - Shopify,direct_to_consumer,fulfilled,2025-07-31,2025-08-02,2025-07-31,PA2,OnTrac,1,1,15.61,1.8,0.0,17.41,shipmonk_estimate,USD
160477,6747338899766,Cattasaurus - shoproxstore - Shopify,direct_to_consumer,fulfilled,2025-07-31,2025-08-02,2025-07-31,PA2,OnTrac,1,1,14.05,1.8,0.0,15.85,shipmonk_estimate,USD
160478,6747348336950,Cattasaurus - shoproxstore - Shopify,direct_to_consumer,fulfilled,2025-07-31,2025-08-04,2025-07-31,NV3,OnTrac,1,1,18.73,1.8,0.0,20.53,shipmonk_estimate,USD
160479,6747352891702,Cattasaurus - shoproxstore - Shopify,direct_to_consumer,fulfilled,2025-07-31,2025-08-02,2025-07-31,PA2,OnTrac,1,1,13.28,1.8,0.0,15.08,shipmonk_estimate,USD
160480,6747363901750,Cattasaurus - shoproxstore - Shopify,direct_to_consumer,fulfilled,2025-07-31,2025-08-03,2025-07-31,PA2,UPS,1,1,15.6,1.8,0.0,17.4,shipmonk_estimate,USD
160481,6747370946870,Cattasaurus - shoproxstore - Shopify,direct_to_consumer,fulfilled,2025-07-31,2025-08-04,2025-07-31,NV3,OnTrac,1,1,15.9,1.8,0.0,17.7,shipmonk_estimate,USD
160482,6747373404470,Cattasaurus - shoproxstore - Shopify,direct_to_consumer,fulfilled,2025-07-31,2025-08-03,2025-07-31,PA2,OnTrac,1,1,12.37,2.1,0.0,14.47,shipmonk_estimate,USD
160483,6747377828150,Cattasaurus - shoproxstore - Shopify,direct_to_consumer,fulfilled,2025-07-31,2025-08-04,2025-07-31,NV3,OnTrac,1,1,16.52,1.8,0.0,18.32,shipmonk_estimate,USD
160484,6747386904886,Cattasaurus - shoproxstore - Shopify,direct_to_consumer,fulfilled,2025-07-31,2025-08-04,2025-07-31,PA2,OnTrac,1,1,14.11,1.8,0.0,15.91,shipmonk_estimate,USD
160486,6747401257270,Cattasaurus - shoproxstore - Shopify,direct_to_consumer,fulfilled,2025-07-31,2025-08-03,2025-07-31,PA2,UPS,1,1,13.28,1.8,0.0,15.08,shipmonk_estimate,USD
160487,6747410661686,Cattasaurus - shoproxstore - Shopify,direct_to_consumer,fulfilled,2025-07-31,2025-08-02,2025-07-31,PA2,OnTrac,1,1,10.91,1.8,0.0,12.71,shipmonk_estimate,USD
160488,6747414167862,Cattasaurus - shoproxstore - Shopify,direct_to_consumer,fulfilled,2025-07-31,2025-08-05,2025-07-31,NV3,OnTrac,1,1,21.85,1.8,0.0,23.65,shipmonk_estimate,USD
160489,6747433926966,Cattasaurus - shoproxstore - Shopify,direct_to_consumer,fulfilled,2025-07-31,2025-08-03,2025-07-31,PA2,FedEx,1,1,15.61,2.1,0.0,17.71,shipmonk_estimate,USD
160490,6747441070390,Cattasaurus - shoproxstore - Shopify,direct_to_consumer,fulfilled,2025-07-31,2025-08-03,2025-07-31,PA2,OnTrac,1,1,14.04,1.8,0.0,15.84,shipmonk_estimate,USD
160491,6747472331062,Cattasaurus - shoproxstore - Shopify,direct_to_consumer,fulfilled,2025-07-31,2025-08-02,2025-07-31,PA2,OnTrac,1,1,15.61,1.8,0.0,17.41,shipmonk_estimate,USD
160492,6747483046198,Cattasaurus - shoproxstore - Shopify,direct_to_consumer,fulfilled,2025-07-31,2025-08-03,2025-07-31,PA2,OnTrac,2,1,10.81,2.1,0.0,12.91,shipmonk_estimate,USD
160493,6747484750134,Cattasaurus - shoproxstore - Shopify,direct_to_consumer,fulfilled,2025-07-31,2025-08-01,2025-07-31,PA2,OnTrac,1,1,14.04,1.8,0.0,15.84,shipmonk_estimate,USD
160494,6747524464950,Cattasaurus - shoproxstore - Shopify,direct_to_consumer,fulfilled,2025-07-31,2025-08-03,2025-07-31,PA2,OnTrac,1,1,11.72,2.1,0.0,13.82,shipmonk_estimate,USD
160495,6747526201654,Cattasaurus - shoproxstore - Shopify,direct_to_consumer,fulfilled,2025-07-31,2025-08-02,2025-07-31,PA2,FedEx,1,1,18.01,1.8,0.0,19.81,shipmonk_estimate,USD
160496,6747626864950,Cattasaurus - shoproxstore - Shopify,direct_to_consumer,fulfilled,2025-07-31,2025-08-01,2025-07-31,PA2,OnTrac,1,1,11.72,1.8,0.0,13.52,shipmonk_estimate,USD
160497,6747627487542,Cattasaurus - shoproxstore - Shopify,direct_to_consumer,fulfilled,2025-07-31,2025-08-04,2025-07-31,NV3,OnTrac,1,1,18.73,1.8,0.0,20.53,shipmonk_estimate,USD
160498,6747631550774,Cattasaurus - shoproxstore - Shopify,direct_to_consumer,fulfilled,2025-07-31,2025-08-03,2025-07-31,PA2,OnTrac,1,1,15.6,2.1,0.0,17.7,shipmonk_estimate,USD
160499,6747715895606,Cattasaurus - shoproxstore - Shopify,direct_to_consumer,fulfilled,2025-07-31,2025-08-04,2025-07-31,NV3,OnTrac,1,1,11.77,1.8,0.0,13.57,shipmonk_estimate,USD
160500,6747781071158,Cattasaurus - shoproxstore - Shopify,direct_to_consumer,fulfilled,2025-07-31,2025-08-04,2025-07-31,NV3,OnTrac,1,1,15.9,1.8,0.0,17.7,shipmonk_estimate,USD
160501,6748134998326,Cattasaurus - shoproxstore - Shopify,direct_to_consumer,fulfilled,2025-07-31,2025-08-04,2025-07-31,NV3,OnTrac,1,1,11.77,2.1,0.0,13.87,shipmonk_estimate,USD
160502,6748205449526,Cattasaurus - shoproxstore - Shopify,direct_to_consumer,fulfilled,2025-07-31,2025-08-04,2025-07-31,NV3,OnTrac,1,1,12.8,1.8,0.0,14.6,shipmonk_estimate,USD
160503,6748223701302,Cattasaurus - shoproxstore - Shopify,direct_to_consumer,fulfilled,2025-07-31,2025-08-01,2025-07-31,NV3,OnTrac,1,1,14.04,1.8,0.0,15.84,shipmonk_estimate,USD
160503_1,2d137141-0c6f-40e8-825a-f1ed77228c92,Cattasaurus - shoproxstore - Shopify,direct_to_consumer,fulfilled,2025-07-31,2025-08-01,2025-07-31,NV3,OnTrac,1,1,16.45,1.8,0.0,18.25,shipmonk_estimate,USD
160504,6748246016310,Cattasaurus - shoproxstore - Shopify,direct_to_consumer,fulfilled,2025-07-31,2025-08-02,2025-07-31,PA2,USPS,1,1,4.97,1.8,0.3,7.07,shipmonk_estimate,USD
CAN011,86d665ed-b07d-497a-aa4e-7b2f8acef09f,Cattasaurus - Manual Store,direct_to_consumer,fulfilled,2025-07-31,2025-08-05,2025-07-31,PA2,DHL Express,1,1,137.94,2.5,6.5,146.94,shipmonk_estimate,USD
CAN013,88b56ba2-c038-4cc9-8443-f2d319617bee,Cattasaurus - Manual Store,direct_to_consumer,fulfilled,2025-07-31,2025-08-06,2025-07-31,NV3,DHL Express,1,1,115.65,2.8,0.0,118.45,shipmonk_estimate,USD
CAN013_1,2b51f970-aa9c-4b6a-92d4-2f8195db1bf2,Cattasaurus - Manual Store,direct_to_consumer,fulfilled,2025-07-31,2025-08-06,2025-07-31,NV3,DHL Express,1,1,98.32,3.5,0.0,101.82,shipmonk_estimate,USD
