order_number,order_key,store,order_type,status,ordered_day,shipped_day,pnl_day,warehouse,carrier,units,packages,shipping_cost,pick_pack_cost,packaging_cost,total_cost,cost_status,cost_currency
147632,6582882074934,Cattasaurus - shoproxstore - Shopify,direct_to_consumer,fulfilled,2025-05-01,2025-05-02,2025-05-01,PA2,OnTrac,2,1,13.17,3.0,0.0,16.17,shipmonk_estimate,USD
147637_1,56529dc6-386f-4fac-8713-b3c3d1c8203e,Cattasaurus - shoproxstore - Shopify,direct_to_consumer,fulfilled,2025-05-01,2025-05-06,2025-05-01,PA2,DHL eCommerce,1,1,4.97,1.89,0.3,7.16,shipmonk_estimate,USD
147640,6583004758326,Cattasaurus - shoproxstore - Shopify,direct_to_consumer,fulfilled,2025-05-01,2025-05-02,2025-05-01,PA2,OnTrac,1,1,19.51,2.63,0.0,22.14,shipmonk_estimate,USD
147648,6583041720630,Cattasaurus - shoproxstore - Shopify,direct_to_consumer,fulfilled,2025-05-01,2025-05-02,2025-05-01,PA2,OnTrac,1,1,15.27,2.63,0.0,17.9,shipmonk_estimate,USD
147652,6583061119286,Cattasaurus - shoproxstore - Shopify,direct_to_consumer,fulfilled,2025-05-01,2025-05-02,2025-05-01,PA2,OnTrac,1,1,19.51,2.63,0.0,22.14,shipmonk_estimate,USD
147653_1,d6b40981-d52d-43ac-adbc-da92ada618a4,Cattasaurus - shoproxstore - Shopify,direct_to_consumer,fulfilled,2025-05-01,2025-05-05,2025-05-01,PA2,OnTrac,1,1,5.61,1.89,0.0,7.5,shipmonk_estimate,USD
147655,6583083368758,Cattasaurus - shoproxstore - Shopify,direct_to_consumer,fulfilled,2025-05-01,2025-05-02,2025-05-01,PA2,OnTrac,1,1,16.77,2.63,0.0,19.4,shipmonk_estimate,USD
147658,6583096049974,Cattasaurus - shoproxstore - Shopify,direct_to_consumer,fulfilled,2025-05-01,2025-05-02,2025-05-01,PA2,OnTrac,1,1,16.77,2.63,0.0,19.4,shipmonk_estimate,USD
147659,6583096115510,Cattasaurus - shoproxstore - Shopify,direct_to_consumer,fulfilled,2025-05-01,2025-05-02,2025-05-01,PA2,FedEx,1,1,23.78,2.63,0.0,26.41,shipmonk_estimate,USD
147661_1,ced3fc5c-e783-48b7-b222-2da765dd7300,Cattasaurus - shoproxstore - Shopify,direct_to_consumer,fulfilled,2025-05-01,2025-05-05,2025-05-01,PA2,DHL eCommerce,2,1,6.62,2.26,0.5,9.38,shipmonk_estimate,USD
147665,6583130095926,Cattasaurus - shoproxstore - Shopify,direct_to_consumer,fulfilled,2025-05-01,2025-05-02,2025-05-01,PA2,OnTrac,1,1,15.27,2.63,0.0,17.9,shipmonk_estimate,USD
147666,6583137567030,Cattasaurus - shoproxstore - Shopify,direct_to_consumer,fulfilled,2025-05-01,2025-05-02,2025-05-01,PA2,OnTrac,1,1,16.77,2.63,0.0,19.4,shipmonk_estimate,USD
147667_1,a0e1c3b0-e85c-4eee-a60d-8d11d496b4ad,Cattasaurus - shoproxstore - Shopify,direct_to_consumer,fulfilled,2025-05-01,2025-05-06,2025-05-01,PA2,USPS,1,1,4.89,1.89,0.3,7.08,shipmonk_estimate,USD
147671,6583174070582,Cattasaurus - shoproxstore - Shopify,direct_to_consumer,fulfilled,2025-05-01,2025-05-03,2025-05-01,PA2,OnTrac,1,1,23.78,2.63,0.0,26.41,shipmonk_estimate,USD
147672_1,e571d08d-feaa-4e28-918a-aa1d06a6ea57,Cattasaurus - shoproxstore - Shopify,direct_to_consumer,fulfilled,2025-05-01,2025-05-05,2025-05-01,PA2,DHL eCommerce,1,1,5.68,1.89,0.0,7.57,shipmonk_estimate,USD
147674,6583215259958,Cattasaurus - shoproxstore - Shopify,direct_to_consumer,fulfilled,2025-05-01,2025-05-02,2025-05-01,PA2,OnTrac,2,1,19.51,3.0,0.0,22.51,shipmonk_estimate,USD
147676_1,73aedf7b-8e9a-4252-887f-93c5dd7166a5,Cattasaurus - shoproxstore - Shopify,direct_to_consumer,fulfilled,2025-05-01,2025-05-05,2025-05-01,NV3,DHL eCommerce,1,1,6.74,2.63,0.5,9.87,shipmonk_estimate,USD
147677_1,72a30c1e-8d88-4ac2-befc-3a98e8d058a6,Cattasaurus - shoproxstore - Shopify,direct_to_consumer,fulfilled,2025-05-01,2025-05-05,2025-05-01,NV3,USPS,1,1,5.68,1.89,0.0,7.57,shipmonk_estimate,USD
147687,6583272440118,Cattasaurus - shoproxstore - Shopify,direct_to_consumer,fulfilled,2025-05-01,2025-05-03,2025-05-01,PA2,FedEx,1,1,19.51,2.63,0.0,22.14,shipmonk_estimate,USD
147702,6583359865142,Cattasaurus - shoproxstore - Shopify,direct_to_consumer,fulfilled,2025-05-01,2025-05-03,2025-05-01,PA2,FedEx,2,1,22.79,3.0,0.0,25.79,shipmonk_estimate,USD
147704_1,b5ecf1d0-aeed-473d-ad8e-3f3c3cfeabf2,Cattasaurus - shoproxstore - Shopify,direct_to_consumer,fulfilled,2025-05-01,2025-05-05,2025-05-01,NV3,DHL eCommerce,1,1,5.61,2.26,0.5,8.37,shipmonk_estimate,USD
147706_1,39def9f2-aba9-4957-b241-3244d620b5ac,Cattasaurus - shoproxstore - Shopify,direct_to_consumer,fulfilled,2025-05-01,2025-05-06,2025-05-01,PA2,DHL eCommerce,1,1,4.89,1.89,0.3,7.08,shipmonk_estimate,USD
147707,6583389913398,Cattasaurus - shoproxstore - Shopify,direct_to_consumer,fulfilled,2025-05-01,2025-05-03,2025-05-01,PA2,OnTrac,1,1,15.27,2.26,0.0,17.53,shipmonk_estimate,USD
147712_1,290fd289-a392-473d-935b-f5d3ce35e7de,Cattasaurus - shoproxstore - Shopify,direct_to_consumer,fulfilled,2025-05-01,2025-05-11,2025-05-01,PA2,DHL eCommerce,2,1,8.31,3.0,0.5,11.81,shipmonk_estimate,USD
147714_1,ed1c81b0-1ac2-4d22-b383-4c7c990e97aa,Cattasaurus - shoproxstore - Shopify,direct_to_consumer,fulfilled,2025-05-01,2025-05-05,2025-05-01,PA2,OnTrac,1,1,5.61,1.89,0.0,7.5,shipmonk_estimate,USD
147718,6583454892342,Cattasaurus - shoproxstore - Shopify,direct_to_consumer,fulfilled,2025-05-01,2025-05-03,2025-05-01,PA2,OnTrac,1,1,16.77,2.26,0.0,19.03,shipmonk_estimate,USD
147721_1,a43b828d-a336-44b7-8e63-c68efd788c4d,Cattasaurus - shoproxstore - Shopify,direct_to_consumer,fulfilled,2025-05-01,2025-05-06,2025-05-01,PA2,DHL eCommerce,1,1,4.89,1.89,0.3,7.08,shipmonk_estimate,USD
147722_1,17b66e8e-bb98-40b1-9e9d-ea1391808327,Cattasaurus - shoproxstore - Shopify,direct_to_consumer,fulfilled,2025-05-01,2025-05-12,2025-05-01,PA2,OnTrac,1,1,5.43,1.89,0.0,7.32,shipmonk_estimate,USD
147725_1,1f65c5af-3f1f-4601-beeb-cac23fe39584,Cattasaurus - shoproxstore - Shopify,direct_to_consumer,fulfilled,2025-05-01,2025-05-05,2025-05-01,PA2,DHL eCommerce,2,1,6.35,2.63,0.5,9.48,shipmonk_estimate,USD
147727_1,4ab5628d-655c-4848-a651-422baafe5ea6,Cattasaurus - shoproxstore - Shopify,direct_to_consumer,fulfilled,2025-05-01,2025-05-05,2025-05-01,NV3,DHL eCommerce,1,1,5.61,1.89,0.0,7.5,shipmonk_estimate,USD
147730,6583537959222,Cattasaurus - shoproxstore - Shopify,direct_to_consumer,fulfilled,2025-05-01,2025-05-03,2025-05-01,PA2,OnTrac,1,1,16.8,2.26,0.0,19.06,shipmonk_estimate,USD
147735_1,69051b3e-4033-4e90-99e5-07bacb68ce2b,Cattasaurus - shoproxstore - Shopify,direct_to_consumer,fulfilled,2025-05-01,2025-05-05,2025-05-01,NV3,USPS,1,1,4.64,1.89,0.3,6.83,shipmonk_estimate,USD
147736_1,b2094b55-0d56-4ee1-8e97-e6e582b1233a,Cattasaurus - shoproxstore - Shopify,direct_to_consumer,fulfilled,2025-05-01,2025-05-05,2025-05-01,NV3,DHL eCommerce,2,1,6.46,2.26,0.5,9.22,shipmonk_estimate,USD
147741_1,612d305b-6723-4f26-a34a-193952e30e22,Cattasaurus - shoproxstore - Shopify,direct_to_consumer,fulfilled,2025-05-01,2025-05-05,2025-05-01,NV3,DHL eCommerce,1,1,5.43,1.89,0.0,7.32,shipmonk_estimate,USD
147746,6583634723126,Cattasaurus - shoproxstore - Shopify,direct_to_consumer,fulfilled,2025-05-01,2025-05-03,2025-05-01,PA2,OnTrac,1,1,23.78,2.26,0.0,26.04,shipmonk_estimate,USD
147749,6583645798710,Cattasaurus - shoproxstore - Shopify,direct_to_consumer,fulfilled,2025-05-01,2025-05-03,2025-05-01,PA2,FedEx,1,1,19.51,2.26,0.0,21.77,shipmonk_estimate,USD
147752,6583657824566,Cattasaurus - shoproxstore - Shopify,direct_to_consumer,fulfilled,2025-05-01,2025-05-03,2025-05-01,PA2,FedEx,2,1,18.31,3.0,0.0,21.31,shipmonk_estimate,USD
147759,6583722279222,Cattasaurus - shoproxstore - Shopify,direct_to_consumer,fulfilled,2025-05-01,2025-05-03,2025-05-01,PA2,OnTrac,2,1,15.27,3.0,0.0,18.27,shipmonk_estimate,USD
147761,6583730700598,Cattasaurus - shoproxstore - Shopify,direct_to_consumer,fulfilled,2025-05-01,2025-05-03,2025-05-01,PA2,FedEx,1,1,23.78,2.63,0.0,26.41,shipmonk_estimate,USD
147763_1,772b4bd2-d671-4fe1-8871-910e9186168b,Cattasaurus - shoproxstore - Shopify,direct_to_consumer,fulfilled,2025-05-01,2025-05-05,2025-05-01,PA2,DHL eCommerce,2,1,6.46,2.26,0.5,9.22,shipmonk_estimate,USD
147764,6583741514038,Cattasaurus - shoproxstore - Shopify,direct_to_consumer,fulfilled,2025-05-01,2025-05-03,2025-05-01,PA2,OnTrac,2,1,15.27,3.0,0.0,18.27,shipmonk_estimate,USD
147770,6583770546486,Cattasaurus - shoproxstore - Shopify,direct_to_consumer,fulfilled,2025-05-01,2025-05-03,2025-05-01,PA2,FedEx,2,1,26.24,3.0,0.0,29.24,shipmonk_estimate,USD
147772_1,b71c57f5-fa07-4d5f-bf26-5f226cc7f14a,Cattasaurus - shoproxstore - Shopify,direct_to_consumer,fulfilled,2025-05-01,2025-05-06,2025-05-01,PA2,DHL eCommerce,1,1,4.62,1.89,0.3,6.81,shipmonk_estimate,USD
147774_1,c2770947-1ff0-4d29-a4a7-d633ab9caf82,Cattasaurus - shoproxstore - Shopify,direct_to_consumer,fulfilled,2025-05-01,2025-05-05,2025-05-01,NV3,DHL eCommerce,1,1,5.68,2.26,0.5,8.44,shipmonk_estimate,USD
147776_1,2deaaf78-a84b-4988-baea-bae1f8206b76,Cattasaurus - shoproxstore - Shopify,direct_to_consumer,fulfilled,2025-05-01,2025-05-05,2025-05-01,NV3,DHL eCommerce,1,1,5.61,2.26,0.5,8.37,shipmonk_estimate,USD
147779_1,c73bf230-d475-4f20-a6b6-28f69ac0d687,Cattasaurus - shoproxstore - Shopify,direct_to_consumer,fulfilled,2025-05-01,2025-05-06,2025-05-01,PA2,USPS,1,1,4.97,1.89,0.3,7.16,shipmonk_estimate,USD
147783_1,44e470c1-c8c8-4522-84e4-8eb0fcb7afef,Cattasaurus - shoproxstore - Shopify,direct_to_consumer,fulfilled,2025-05-01,2025-05-05,2025-05-01,NV3,DHL eCommerce,1,1,5.43,1.89,0.0,7.32,shipmonk_estimate,USD
147785,6583854137654,Cattasaurus - shoproxstore - Shopify,direct_to_consumer,fulfilled,2025-05-01,2025-05-03,2025-05-01,PA2,FedEx,1,1,27.21,2.26,0.0,29.47,shipmonk_estimate,USD
147790,6583875010870,Cattasaurus - shoproxstore - Shopify,direct_to_consumer,fulfilled,2025-05-01,2025-05-03,2025-05-01,PA2,FedEx,1,1,21.05,2.26,0.0,23.31,shipmonk_estimate,USD
147793_1,47728c3a-629b-4fa6-a02b-ac5e210b9e08,Cattasaurus - shoproxstore - Shopify,direct_to_consumer,fulfilled,2025-05-01,2025-05-05,2025-05-01,PA2,OnTrac,1,1,5.41,1.89,0.0,7.3,shipmonk_estimate,USD
147794,6583923179830,Cattasaurus - shoproxstore - Shopify,direct_to_consumer,fulfilled,2025-05-01,2025-05-03,2025-05-01,PA2,OnTrac,1,1,6.35,2.63,0.5,9.48,shipmonk_estimate,USD
147799,6583947460918,Cattasaurus - shoproxstore - Shopify,direct_to_consumer,fulfilled,2025-05-01,2025-05-03,2025-05-01,PA2,OnTrac,1,1,19.51,2.26,0.0,21.77,shipmonk_estimate,USD
147800_1,ea4a49a3-b041-45f4-8ca0-a67a50498535,Cattasaurus - shoproxstore - Shopify,direct_to_consumer,fulfilled,2025-05-01,2025-05-05,2025-05-01,PA2,USPS,1,1,5.61,2.26,0.5,8.37,shipmonk_estimate,USD
147801,6583990223158,Cattasaurus - shoproxstore - Shopify,direct_to_consumer,fulfilled,2025-05-01,2025-05-03,2025-05-01,PA2,FedEx,1,1,19.51,2.63,0.0,22.14,shipmonk_estimate,USD
147802_1,7190532c-0b42-48e5-85d2-2bc7b941f821,Cattasaurus - shoproxstore - Shopify,direct_to_consumer,fulfilled,2025-05-01,2025-05-12,2025-05-01,NV3,DHL eCommerce,1,1,4.89,1.89,0.3,7.08,shipmonk_estimate,USD
147804,6583997530422,Cattasaurus - shoproxstore - Shopify,direct_to_consumer,fulfilled,2025-05-01,2025-05-03,2025-05-01,PA2,OnTrac,1,1,19.51,2.26,0.0,21.77,shipmonk_estimate,USD
147805,6584002445622,Cattasaurus - shoproxstore - Shopify,direct_to_consumer,fulfilled,2025-05-01,2025-05-03,2025-05-01,PA2,FedEx,1,1,18.31,2.26,0.0,20.57,shipmonk_estimate,USD
147809,6584032395574,Cattasaurus - shoproxstore - Shopify,direct_to_consumer,fulfilled,2025-05-01,2025-05-03,2025-05-01,PA2,OnTrac,1,1,15.27,2.26,0.0,17.53,shipmonk_estimate,USD
147812,6584038850870,Cattasaurus - shoproxstore - Shopify,direct_to_consumer,fulfilled,2025-05-01,2025-05-03,2025-05-01,PA2,OnTrac,1,1,23.78,2.63,0.0,26.41,shipmonk_estimate,USD
147813,6584049303862,Cattasaurus - shoproxstore - Shopify,direct_to_consumer,fulfilled,2025-05-01,2025-05-03,2025-05-01,PA2,UPS,1,1,14.71,2.26,0.0,16.97,shipmonk_estimate,USD
147815,6584067359030,Cattasaurus - shoproxstore - Shopify,direct_to_consumer,fulfilled,2025-05-01,2025-05-03,2025-05-01,PA2,OnTrac,1,1,19.51,2.26,0.0,21.77,shipmonk_estimate,USD
147816_1,21089d8a-937d-4031-b0ef-4b66870f65f7,Cattasaurus - shoproxstore - Shopify,direct_to_consumer,fulfilled,2025-05-01,2025-05-05,2025-05-01,PA2,DHL eCommerce,2,1,5.68,2.26,0.5,8.44,shipmonk_estimate,USD
147819_1,e9194c7b-9047-47ab-ab95-f80e3f6ce455,Cattasaurus - shoproxstore - Shopify,direct_to_consumer,fulfilled,2025-05-01,2025-05-06,2025-05-01,PA2,DHL eCommerce,2,1,5.43,2.26,0.5,8.19,shipmonk_estimate,USD
147820,6584090034486,Cattasaurus - shoproxstore - Shopify,direct_to_consumer,fulfilled,2025-05-01,2025-05-03,2025-05-01,PA2,DHL eCommerce,1,1,5.68,1.89,0.0,7.57,shipmonk_estimate,USD
147825,6584128438582,Cattasaurus - shoproxstore - Shopify,direct_to_consumer,fulfilled,2025-05-01,2025-05-03,2025-05-01,PA2,FedEx,1,1,15.27,2.63,0.0,17.9,shipmonk_estimate,USD
147833,6584170185014,Cattasaurus - shoproxstore - Shopify,direct_to_consumer,fulfilled,2025-05-01,2025-05-03,2025-05-01,PA2,OnTrac,1,1,21.05,2.63,0.0,23.68,shipmonk_estimate,USD
147836_1,e03e516c-96da-43eb-86db-b23658539fa9,Cattasaurus - shoproxstore - Shopify,direct_to_consumer,fulfilled,2025-05-01,2025-05-07,2025-05-01,NV3,DHL eCommerce,1,1,5.77,1.89,0.0,7.66,shipmonk_estimate,USD
147839,6584208523574,Cattasaurus - shoproxstore - Shopify,direct_to_consumer,fulfilled,2025-05-01,2025-05-03,2025-05-01,PA2,OnTrac,1,1,23.78,2.63,0.0,26.41,shipmonk_estimate,USD
147840_1,731b4e74-31a3-43ac-b799-d548ee062277,Cattasaurus - shoproxstore - Shopify,direct_to_consumer,fulfilled,2025-05-01,2025-05-07,2025-05-01,NV3,DHL eCommerce,1,1,4.89,1.89,0.3,7.08,shipmonk_estimate,USD
147842_1,3e5c6880-e50b-4a4b-9412-38b96d318eb4,Cattasaurus - shoproxstore - Shopify,direct_to_consumer,fulfilled,2025-05-01,2025-05-07,2025-05-01,NV3,DHL eCommerce,1,1,5.61,1.89,0.0,7.5,shipmonk_estimate,USD
147851_1,2a6d316a-76c7-493d-8fd4-d2c17d875b6f,Cattasaurus - shoproxstore - Shopify,direct_to_consumer,fulfilled,2025-05-01,2025-05-07,2025-05-01,NV3,DHL eCommerce,2,1,6.62,2.26,0.5,9.38,shipmonk_estimate,USD
147856,6584455135542,Cattasaurus - shoproxstore - Shopify,direct_to_consumer,fulfilled,2025-05-02,2025-05-02,2025-05-02,PA2,OnTrac,1,1,21.05,2.63,0.0,23.68,shipmonk_estimate,USD
147857_1,54e87311-1e12-4c9e-8c41-b74c5266ce8d,Cattasaurus - shoproxstore - Shopify,direct_to_consumer,fulfilled,2025-05-02,2025-05-07,2025-05-02,NV3,DHL eCommerce,1,1,5.1,1.89,0.3,7.29,shipmonk_estimate,USD
147860,6584500748598,Cattasaurus - shoproxstore - Shopify,direct_to_consumer,fulfilled,2025-05-02,2025-05-03,2025-05-02,PA2,OnTrac,1,1,16.8,2.63,0.0,19.43,shipmonk_estimate,USD
147862_1,9e372385-a88a-4699-aefe-3d6b181a6d36,Cattasaurus - shoproxstore - Shopify,direct_to_consumer,fulfilled,2025-05-02,2025-05-07,2025-05-02,NV3,DHL eCommerce,1,1,6.68,2.63,0.5,9.81,shipmonk_estimate,USD
147863,6584514380086,Cattasaurus - shoproxstore - Shopify,direct_to_consumer,fulfilled,2025-05-02,2025-05-03,2025-05-02,PA2,OnTrac,1,1,19.51,2.63,0.0,22.14,shipmonk_estimate,USD
147866_1,58fd8e04-d7dd-4465-a51c-aa500e3e8c51,Cattasaurus - shoproxstore - Shopify,direct_to_consumer,fulfilled,2025-05-02,2025-05-08,2025-05-02,PA2,OnTrac,3,1,6.35,2.63,0.3,9.28,shipmonk_estimate,USD
147867_1,2d055f22-8ad0-43ab-b6ed-7fd5faee5362,Cattasaurus - shoproxstore - Shopify,direct_to_consumer,fulfilled,2025-05-02,2025-05-08,2025-05-02,PA2,DHL eCommerce,1,1,4.64,1.89,0.3,6.83,shipmonk_estimate,USD
147870_1,e36e4bba-350c-48b0-9602-4bb905642412,Cattasaurus - shoproxstore - Shopify,direct_to_consumer,fulfilled,2025-05-02,2025-05-08,2025-05-02,PA2,DHL eCommerce,1,1,4.97,1.89,0.3,7.16,shipmonk_estimate,USD
147872_1,dfb883db-afb9-4b8f-b70f-a81a62988777,Cattasaurus - shoproxstore - Shopify,direct_to_consumer,fulfilled,2025-05-02,2025-05-08,2025-05-02,PA2,OnTrac,1,1,5.61,1.89,0.0,7.5,shipmonk_estimate,USD
147874,6584605081910,Cattasaurus - shoproxstore - Shopify,direct_to_consumer,fulfilled,2025-05-02,2025-05-03,2025-05-02,PA2,FedEx,2,1,20.88,3.0,0.0,23.88,shipmonk_estimate,USD
147875_1,f8025c22-3e11-46d3-a7a0-0b042ff93d2a,Cattasaurus - shoproxstore - Shopify,direct_to_consumer,fulfilled,2025-05-02,2025-05-08,2025-05-02,PA2,DHL eCommerce,1,1,4.97,1.89,0.3,7.16,shipmonk_estimate,USD
147876,6584612847926,Cattasaurus - shoproxstore - Shopify,direct_to_consumer,fulfilled,2025-05-02,2025-05-03,2025-05-02,PA2,OnTrac,1,1,14.71,2.63,0.0,17.34,shipmonk_estimate,USD
147881,6584637292854,Cattasaurus - shoproxstore - Shopify,direct_to_consumer,fulfilled,2025-05-02,2025-05-03,2025-05-02,PA2,FedEx,1,1,15.23,2.63,0.0,17.86,shipmonk_estimate,USD
147885,6584640995638,Cattasaurus - shoproxstore - Shopify,direct_to_consumer,fulfilled,2025-05-02,2025-05-03,2025-05-02,PA2,OnTrac,1,1,14.71,2.63,0.0,17.34,shipmonk_estimate,USD
147902_1,0357792d-a81d-4efb-b16a-597f60132040,Cattasaurus - shoproxstore - Shopify,direct_to_consumer,fulfilled,2025-05-02,2025-05-08,2025-05-02,PA2,USPS,1,1,5.68,1.89,0.0,7.57,shipmonk_estimate,USD
147903,6584734908726,Cattasaurus - shoproxstore - Shopify,direct_to_consumer,fulfilled,2025-05-02,2025-05-03,2025-05-02,PA2,OnTrac,1,1,13.17,2.63,0.0,15.8,shipmonk_estimate,USD
147904,6584737333558,Cattasaurus - shoproxstore - Shopify,direct_to_consumer,fulfilled,2025-05-02,2025-05-03,2025-05-02,PA2,OnTrac,1,1,18.31,2.63,0.0,20.94,shipmonk_estimate,USD
147906_1,858b7d22-1902-4598-9cad-24393b3cf8c0,Cattasaurus - shoproxstore - Shopify,direct_to_consumer,fulfilled,2025-05-02,2025-05-08,2025-05-02,PA2,DHL eCommerce,1,1,5.68,2.26,0.5,8.44,shipmonk_estimate,USD
147908,6584744673590,Cattasaurus - shoproxstore - Shopify,direct_to_consumer,fulfilled,2025-05-02,2025-05-03,2025-05-02,PA2,OnTrac,2,1,19.51,3.0,0.0,22.51,shipmonk_estimate,USD
147912_1,346eb0d5-2be1-4e74-a03f-749bffbcfe4f,Cattasaurus - shoproxstore - Shopify,direct_to_consumer,fulfilled,2025-05-02,2025-05-08,2025-05-02,PA2,USPS,1,1,4.89,1.89,0.3,7.08,shipmonk_estimate,USD
147913_1,abedce08-c76b-4073-b62c-9432864faa00,Cattasaurus - shoproxstore - Shopify,direct_to_consumer,fulfilled,2025-05-02,2025-05-08,2025-05-02,PA2,USPS,1,1,5.68,1.89,0.0,7.57,shipmonk_estimate,USD
147918,6584820400438,Cattasaurus - shoproxstore - Shopify,direct_to_consumer,fulfilled,2025-05-02,2025-05-03,2025-05-02,PA2,DHL eCommerce,2,1,4.62,2.26,0.3,7.18,shipmonk_estimate,USD
147919,6584824594742,Cattasaurus - shoproxstore - Shopify,direct_to_consumer,fulfilled,2025-05-02,2025-05-03,2025-05-02,PA2,FedEx,1,1,16.8,2.63,0.0,19.43,shipmonk_estimate,USD
147921,6584829149494,Cattasaurus - shoproxstore - Shopify,direct_to_consumer,fulfilled,2025-05-02,2025-07-15,2025-05-02,PA2,OnTrac,1,1,10.81,2.5,0.0,13.31,shipmonk_estimate,USD
147929,6584882364726,Cattasaurus - shoproxstore - Shopify,direct_to_consumer,fulfilled,2025-05-02,2025-07-15,2025-05-02,PA2,OnTrac,1,1,10.81,2.5,0.0,13.31,shipmonk_estimate,USD
147930_1,07aa119b-f738-42c1-ad7c-24fbfb1f121c,Cattasaurus - shoproxstore - Shopify,direct_to_consumer,fulfilled,2025-05-02,2025-05-12,2025-05-02,NV3,DHL eCommerce,1,1,5.61,1.89,0.0,7.5,shipmonk_estimate,USD
147935_1,dca1025d-0d44-48ff-a696-1ebddd639bf6,Cattasaurus - shoproxstore - Shopify,direct_to_consumer,fulfilled,2025-05-02,2025-05-08,2025-05-02,PA2,OnTrac,1,1,6.35,3.74,0.3,10.39,shipmonk_estimate,USD
147937_1,f8f10337-9441-47bb-8c7c-3dd56592ed44,Cattasaurus - shoproxstore - Shopify,direct_to_consumer,fulfilled,2025-05-02,2025-05-08,2025-05-02,PA2,DHL eCommerce,1,1,5.68,2.26,0.5,8.44,shipmonk_estimate,USD
147939_1,82873708-3112-4351-ab5e-1aad44e66ebe,Cattasaurus - shoproxstore - Shopify,direct_to_consumer,fulfilled,2025-05-02,2025-05-07,2025-05-02,NV3,DHL eCommerce,1,1,5.77,2.26,0.5,8.53,shipmonk_estimate,USD
147940,6584914575670,Cattasaurus - shoproxstore - Shopify,direct_to_consumer,fulfilled,2025-05-02,2025-05-04,2025-05-02,PA2,FedEx,1,1,23.78,2.26,0.0,26.04,shipmonk_estimate,USD
147941,6584915198262,Cattasaurus - shoproxstore - Shopify,direct_to_consumer,fulfilled,2025-05-02,2025-05-04,2025-05-02,PA2,OnTrac,1,1,13.17,2.26,0.0,15.43,shipmonk_estimate,USD
147942,6584920572214,Cattasaurus - shoproxstore - Shopify,direct_to_consumer,fulfilled,2025-05-02,2025-05-04,2025-05-02,PA2,FedEx,1,1,15.27,2.26,0.0,17.53,shipmonk_estimate,USD
147943_1,5025ca6c-22e5-44d0-8693-34c6c352eee1,Cattasaurus - shoproxstore - Shopify,direct_to_consumer,fulfilled,2025-05-02,2025-05-08,2025-05-02,PA2,USPS,1,1,5.43,1.89,0.0,7.32,shipmonk_estimate,USD
147945,6584928305462,Cattasaurus - shoproxstore - Shopify,direct_to_consumer,fulfilled,2025-05-02,2025-05-04,2025-05-02,PA2,OnTrac,1,1,15.27,2.26,0.0,17.53,shipmonk_estimate,USD
147952_1,a07bfc25-5df7-43d6-bacb-7853ef5a0f6e,Cattasaurus - shoproxstore - Shopify,direct_to_consumer,fulfilled,2025-05-02,2025-05-08,2025-05-02,PA2,DHL eCommerce,1,1,4.89,1.89,0.3,7.08,shipmonk_estimate,USD
147953,6584952488246,Cattasaurus - shoproxstore - Shopify,direct_to_consumer,fulfilled,2025-05-02,2025-05-04,2025-05-02,PA2,FedEx,2,1,28.75,2.63,0.0,31.38,shipmonk_estimate,USD
147955,6584957698358,Cattasaurus - shoproxstore - Shopify,direct_to_consumer,fulfilled,2025-05-02,2025-05-04,2025-05-02,PA2,FedEx,1,1,21.05,2.26,0.0,23.31,shipmonk_estimate,USD
147961,6584981913910,Cattasaurus - shoproxstore - Shopify,direct_to_consumer,fulfilled,2025-05-02,2025-05-04,2025-05-02,PA2,FedEx,1,1,25.32,2.26,0.0,27.58,shipmonk_estimate,USD
147962,6584986403126,Cattasaurus - shoproxstore - Shopify,direct_to_consumer,fulfilled,2025-05-02,2025-07-15,2025-05-02,PA2,OnTrac,1,1,10.81,2.5,0.0,13.31,shipmonk_estimate,USD
147962_1,99d423de-6875-4de6-a361-4747895ea267,Cattasaurus - shoproxstore - Shopify,direct_to_consumer,fulfilled,2025-05-02,2025-05-08,2025-05-02,PA2,DHL eCommerce,1,1,5.41,2.26,0.5,8.17,shipmonk_estimate,USD
147969_1,a58b2bff-9855-4e63-bd9e-4359c11838a8,Cattasaurus - shoproxstore - Shopify,direct_to_consumer,fulfilled,2025-05-02,2025-05-08,2025-05-02,PA2,USPS,2,1,5.61,2.63,0.3,8.54,shipmonk_estimate,USD
147973_1,561ccbfb-6166-4460-9c27-1603f3dc9920,Cattasaurus - shoproxstore - Shopify,direct_to_consumer,fulfilled,2025-05-02,2025-05-12,2025-05-02,NV3,USPS,1,1,4.64,1.89,0.3,6.83,shipmonk_estimate,USD
147974_1,aa028484-9cc6-4ec5-846a-987d1577b701,Cattasaurus - shoproxstore - Shopify,direct_to_consumer,fulfilled,2025-05-02,2025-05-12,2025-05-02,NV3,DHL eCommerce,2,1,6.68,2.26,0.5,9.44,shipmonk_estimate,USD
147976,6585078022454,Cattasaurus - shoproxstore - Shopify,direct_to_consumer,fulfilled,2025-05-02,2025-05-04,2025-05-02,PA2,FedEx,1,1,25.67,2.26,0.0,27.93,shipmonk_estimate,USD
147979_1,85c2e408-7b05-4a84-b0e3-59e637fee3d3,Cattasaurus - shoproxstore - Shopify,direct_to_consumer,fulfilled,2025-05-02,2025-05-08,2025-05-02,PA2,USPS,1,1,4.97,2.26,0.3,7.53,shipmonk_estimate,USD
147988_1,3a4fa0fa-ce25-4c7c-9c55-29eb0b164846,Cattasaurus - shoproxstore - Shopify,direct_to_consumer,fulfilled,2025-05-02,2025-05-08,2025-05-02,PA2,OnTrac,2,1,6.35,2.26,0.5,9.11,shipmonk_estimate,USD
147995,6585177407798,Cattasaurus - shoproxstore - Shopify,direct_to_consumer,fulfilled,2025-05-02,2025-05-04,2025-05-02,PA2,FedEx,1,1,19.51,2.63,0.0,22.14,shipmonk_estimate,USD
148000,6585256804662,Cattasaurus - shoproxstore - Shopify,direct_to_consumer,fulfilled,2025-05-02,2025-05-04,2025-05-02,PA2,OnTrac,1,1,23.78,2.26,0.0,26.04,shipmonk_estimate,USD
148004_1,24dac82f-a6ff-42c1-b97e-1f5e17d1ff5a,Cattasaurus - shoproxstore - Shopify,direct_to_consumer,fulfilled,2025-05-02,2025-05-08,2025-05-02,PA2,DHL eCommerce,1,1,4.89,1.89,0.3,7.08,shipmonk_estimate,USD
148005,6585270993206,Cattasaurus - shoproxstore - Shopify,direct_to_consumer,fulfilled,2025-05-02,2025-05-04,2025-05-02,PA2,FedEx,1,1,27.21,2.26,0.0,29.47,shipmonk_estimate,USD
148006,6585284362550,Cattasaurus - shoproxstore - Shopify,direct_to_consumer,fulfilled,2025-05-02,2025-05-05,2025-05-02,NV3,USPS,1,1,4.64,1.89,0.3,6.83,shipmonk_estimate,USD
148010_1,00dbb273-d65e-4c87-a6b2-5be58d44ed19,Cattasaurus - shoproxstore - Shopify,direct_to_consumer,fulfilled,2025-05-02,2025-05-08,2025-05-02,PA2,USPS,1,1,4.89,1.89,0.3,7.08,shipmonk_estimate,USD
148015,6585342460214,Cattasaurus - shoproxstore - Shopify,direct_to_consumer,fulfilled,2025-05-02,2025-05-04,2025-05-02,PA2,FedEx,2,1,18.31,3.0,0.0,21.31,shipmonk_estimate,USD
148017,6585356091702,Cattasaurus - shoproxstore - Shopify,direct_to_consumer,fulfilled,2025-05-02,2025-05-06,2025-05-02,PA2,OnTrac,1,1,27.21,2.26,0.0,29.47,shipmonk_estimate,USD
148017_1,480eccaf-e149-4775-b32e-71d88d8e790d,Cattasaurus - shoproxstore - Shopify,direct_to_consumer,fulfilled,2025-05-02,2025-05-05,2025-05-02,NV3,DHL eCommerce,1,1,5.68,2.26,0.5,8.44,shipmonk_estimate,USD
148020,6585375260982,Cattasaurus - shoproxstore - Shopify,direct_to_consumer,fulfilled,2025-05-02,2025-05-04,2025-05-02,PA2,OnTrac,1,1,16.77,2.26,0.0,19.03,shipmonk_estimate,USD
148023,6585382764854,Cattasaurus - shoproxstore - Shopify,direct_to_consumer,fulfilled,2025-05-02,2025-05-04,2025-05-02,PA2,OnTrac,1,1,15.27,2.26,0.0,17.53,shipmonk_estimate,USD
148033_1,1d2337e3-aeba-40cf-a61d-3afa8f14db41,Cattasaurus - shoproxstore - Shopify,direct_to_consumer,fulfilled,2025-05-02,2025-05-07,2025-05-02,NV3,USPS,1,1,5.77,1.89,0.0,7.66,shipmonk_estimate,USD
148035_1,1fb8fdea-4815-4c6c-af3c-ffab421953a7,Cattasaurus - shoproxstore - Shopify,direct_to_consumer,fulfilled,2025-05-02,2025-05-08,2025-05-02,PA2,USPS,1,1,5.68,1.89,0.0,7.57,shipmonk_estimate,USD
148040,6585466585398,Cattasaurus - shoproxstore - Shopify,direct_to_consumer,fulfilled,2025-05-02,2025-05-04,2025-05-02,PA2,FedEx,2,1,27.21,2.63,0.0,29.84,shipmonk_estimate,USD
148041_1,d882c317-6e16-48c9-8a67-addf16a8d285,Cattasaurus - shoproxstore - Shopify,direct_to_consumer,fulfilled,2025-05-02,2025-05-08,2025-05-02,PA2,DHL eCommerce,1,1,5.1,1.89,0.3,7.29,shipmonk_estimate,USD
148046_1,a5318847-a2e4-4666-8cd0-295ad41bbfe5,Cattasaurus - shoproxstore - Shopify,direct_to_consumer,fulfilled,2025-05-02,2025-05-08,2025-05-02,PA2,DHL eCommerce,1,1,4.64,1.89,0.3,6.83,shipmonk_estimate,USD
148047,6585486639414,Cattasaurus - shoproxstore - Shopify,direct_to_consumer,fulfilled,2025-05-02,2025-05-04,2025-05-02,PA2,FedEx,1,1,21.05,2.26,0.0,23.31,shipmonk_estimate,USD
148048_1,2b765801-fe41-4296-b0b7-b939ab3ccad6,Cattasaurus - shoproxstore - Shopify,direct_to_consumer,fulfilled,2025-05-02,2025-05-07,2025-05-02,NV3,DHL eCommerce,1,1,4.89,1.89,0.3,7.08,shipmonk_estimate,USD
148053_1,01ea0621-a3ef-4ff2-b9ae-ff2c06cf76ab,Cattasaurus - shoproxstore - Shopify,direct_to_consumer,fulfilled,2025-05-02,2025-05-07,2025-05-02,NV3,USPS,1,1,4.64,1.89,0.3,6.83,shipmonk_estimate,USD
148056_1,afad4c14-7624-4c83-b786-5205de69ee40,Cattasaurus - shoproxstore - Shopify,direct_to_consumer,fulfilled,2025-05-02,2025-05-08,2025-05-02,PA2,OnTrac,1,1,5.61,1.89,0.0,7.5,shipmonk_estimate,USD
148058,6585582289206,Cattasaurus - shoproxstore - Shopify,direct_to_consumer,fulfilled,2025-05-02,2025-05-04,2025-05-02,PA2,OnTrac,1,1,15.27,2.26,0.0,17.53,shipmonk_estimate,USD
148059_1,b14132f1-ad4a-434a-97e7-41ec771da06e,Cattasaurus - shoproxstore - Shopify,direct_to_consumer,fulfilled,2025-05-02,2025-05-07,2025-05-02,NV3,DHL eCommerce,1,1,4.97,1.89,0.3,7.16,shipmonk_estimate,USD
148060,6585600409910,Cattasaurus - shoproxstore - Shopify,direct_to_consumer,fulfilled,2025-05-02,2025-05-04,2025-05-02,PA2,OnTrac,1,1,15.27,2.26,0.0,17.53,shipmonk_estimate,USD
148062,6585614369078,Cattasaurus - shoproxstore - Shopify,direct_to_consumer,fulfilled,2025-05-02,2025-05-05,2025-05-02,NV3,DHL eCommerce,1,1,5.68,1.89,0.0,7.57,shipmonk_estimate,USD
148063,6585615614262,Cattasaurus - shoproxstore - Shopify,direct_to_consumer,fulfilled,2025-05-02,2025-05-04,2025-05-02,PA2,OnTrac,1,1,19.51,2.26,0.0,21.77,shipmonk_estimate,USD
148068,6585660637494,Cattasaurus - shoproxstore - Shopify,direct_to_consumer,fulfilled,2025-05-02,2025-05-05,2025-05-02,PA2,OnTrac,2,1,23.78,3.0,0.0,26.78,shipmonk_estimate,USD
148070_1,0623b6fe-bbe1-4f87-aeec-faa26a9e975d,Cattasaurus - shoproxstore - Shopify,direct_to_consumer,fulfilled,2025-05-02,2025-05-08,2025-05-02,PA2,USPS,1,1,5.68,1.89,0.0,7.57,shipmonk_estimate,USD
148076_1,03700487-9edf-4a28-907b-f3a980909d17,Cattasaurus - shoproxstore - Shopify,direct_to_consumer,fulfilled,2025-05-02,2025-05-08,2025-05-02,PA2,DHL eCommerce,2,1,4.89,2.26,0.3,7.45,shipmonk_estimate,USD
148083,6585775980854,Cattasaurus - shoproxstore - Shopify,direct_to_consumer,fulfilled,2025-05-02,2025-05-04,2025-05-02,PA2,OnTrac,1,1,23.78,2.26,0.0,26.04,shipmonk_estimate,USD
148085_1,5baac7e9-3414-4ca5-aef3-5c5c8183503b,Cattasaurus - shoproxstore - Shopify,direct_to_consumer,fulfilled,2025-05-02,2025-05-08,2025-05-02,PA2,DHL eCommerce,1,1,4.97,1.89,0.3,7.16,shipmonk_estimate,USD
148093,6585820709174,Cattasaurus - shoproxstore - Shopify,direct_to_consumer,fulfilled,2025-05-02,,2025-05-02,PA2,ShipMonk,1,0,18.31,7.14,0.0,25.45,shipmonk_estimate,USD
148103,6585888112950,Cattasaurus - shoproxstore - Shopify,direct_to_consumer,fulfilled,2025-05-02,2025-05-04,2025-05-02,PA2,OnTrac,1,1,23.78,2.26,0.0,26.04,shipmonk_estimate,USD
148106_1,936a0d11-2b28-4ef1-901e-9bb4599fadbd,Cattasaurus - shoproxstore - Shopify,direct_to_consumer,fulfilled,2025-05-02,2025-05-07,2025-05-02,NV3,DHL eCommerce,2,1,6.74,2.26,0.5,9.5,shipmonk_estimate,USD
148107_1,a26d5567-1e0d-4699-9a58-dcdf6a41bb31,Cattasaurus - shoproxstore - Shopify,direct_to_consumer,fulfilled,2025-05-02,2025-05-06,2025-05-02,PA2,DHL eCommerce,1,1,4.62,1.89,0.3,6.81,shipmonk_estimate,USD
148110,6585929564470,Cattasaurus - shoproxstore - Shopify,direct_to_consumer,fulfilled,2025-05-02,2025-05-04,2025-05-02,PA2,FedEx,1,1,23.78,2.26,0.0,26.04,shipmonk_estimate,USD
148112,6585936576822,Cattasaurus - shoproxstore - Shopify,direct_to_consumer,fulfilled,2025-05-02,2025-05-04,2025-05-02,PA2,FedEx,1,1,18.31,2.26,0.0,20.57,shipmonk_estimate,USD
148113_1,ba49563a-b4d0-4e77-a796-8ff5b682e051,Cattasaurus - shoproxstore - Shopify,direct_to_consumer,fulfilled,2025-05-02,2025-05-08,2025-05-02,PA2,USPS,1,1,5.68,1.89,0.0,7.57,shipmonk_estimate,USD
148115,6586013614390,Cattasaurus - shoproxstore - Shopify,direct_to_consumer,fulfilled,2025-05-02,2025-05-04,2025-05-02,PA2,FedEx,1,1,27.21,2.26,0.0,29.47,shipmonk_estimate,USD
148116,6586023346486,Cattasaurus - shoproxstore - Shopify,direct_to_consumer,fulfilled,2025-05-02,2025-05-04,2025-05-02,PA2,FedEx,1,1,27.21,2.26,0.0,29.47,shipmonk_estimate,USD
148121_1,b97cad9a-561b-44cf-b61f-c7ee9c9418c2,Cattasaurus - shoproxstore - Shopify,direct_to_consumer,fulfilled,2025-05-02,2025-05-07,2025-05-02,NV3,DHL eCommerce,2,1,6.46,2.26,0.5,9.22,shipmonk_estimate,USD
148132_1,9db0b8d1-a373-4d2f-a177-d6762816ad1d,Cattasaurus - shoproxstore - Shopify,direct_to_consumer,fulfilled,2025-05-03,2025-05-07,2025-05-03,NV3,DHL eCommerce,2,1,6.46,2.26,0.5,9.22,shipmonk_estimate,USD
148136,6586271236406,Cattasaurus - shoproxstore - Shopify,direct_to_consumer,fulfilled,2025-05-03,2025-05-04,2025-05-03,PA2,OnTrac,1,1,13.17,2.26,0.0,15.43,shipmonk_estimate,USD
148137_1,ee0314e8-7c02-4da8-9c55-4c154b68283a,Cattasaurus - shoproxstore - Shopify,direct_to_consumer,fulfilled,2025-05-03,2025-05-08,2025-05-03,PA2,USPS,1,1,5.68,1.89,0.0,7.57,shipmonk_estimate,USD
148142_1,b26aec48-8a18-403b-a724-5f994ca5a550,Cattasaurus - shoproxstore - Shopify,direct_to_consumer,fulfilled,2025-05-03,2025-05-08,2025-05-03,PA2,DHL eCommerce,1,1,4.62,1.89,0.3,6.81,shipmonk_estimate,USD
148144_1,db869862-0e4f-4d2a-b6df-86e093b926f6,Cattasaurus - shoproxstore - Shopify,direct_to_consumer,fulfilled,2025-05-03,2025-05-05,2025-05-03,PA2,USPS,1,1,5.43,1.89,0.0,7.32,shipmonk_estimate,USD
148146,6586304233782,Cattasaurus - shoproxstore - Shopify,direct_to_consumer,fulfilled,2025-05-03,2025-05-04,2025-05-03,PA2,OnTrac,1,1,13.17,2.26,0.0,15.43,shipmonk_estimate,USD
148155_1,ae79e217-c698-4e38-adac-fca34860e0d5,Cattasaurus - shoproxstore - Shopify,direct_to_consumer,fulfilled,2025-05-03,2025-05-08,2025-05-03,PA2,DHL eCommerce,1,1,4.64,1.89,0.3,6.83,shipmonk_estimate,USD
148156_1,91bb0457-1501-4c03-9cd5-c96c322f3ee9,Cattasaurus - shoproxstore - Shopify,direct_to_consumer,fulfilled,2025-05-03,2025-05-08,2025-05-03,PA2,USPS,1,1,4.97,1.89,0.3,7.16,shipmonk_estimate,USD
148158_1,5a743e52-27d4-4692-8320-e51024823d72,Cattasaurus - shoproxstore - Shopify,direct_to_consumer,fulfilled,2025-05-03,2025-05-08,2025-05-03,PA2,OnTrac,1,1,5.43,1.89,0.0,7.32,shipmonk_estimate,USD
148162,6586353778998,Cattasaurus - shoproxstore - Shopify,direct_to_consumer,fulfilled,2025-05-03,2025-05-04,2025-05-03,PA2,OnTrac,2,1,15.27,2.63,0.0,17.9,shipmonk_estimate,USD
148165_1,c80965b4-c049-44f3-98e6-e89a684f4dda,Cattasaurus - shoproxstore - Shopify,direct_to_consumer,fulfilled,2025-05-03,2025-05-08,2025-05-03,PA2,DHL eCommerce,1,1,4.64,1.89,0.3,6.83,shipmonk_estimate,USD
148166,6586360234294,Cattasaurus - shoproxstore - Shopify,direct_to_consumer,fulfilled,2025-05-03,2025-05-04,2025-05-03,PA2,OnTrac,1,1,23.78,2.26,0.0,26.04,shipmonk_estimate,USD
148169,6586363150646,Cattasaurus - shoproxstore - Shopify,direct_to_consumer,fulfilled,2025-05-03,2025-05-04,2025-05-03,PA2,OnTrac,1,1,16.77,2.26,0.0,19.03,shipmonk_estimate,USD
148171_1,84d356ea-7295-4754-9d45-0ee69aa152c9,Cattasaurus - shoproxstore - Shopify,direct_to_consumer,fulfilled,2025-05-03,2025-05-08,2025-05-03,PA2,DHL eCommerce,1,1,5.68,1.89,0.0,7.57,shipmonk_estimate,USD
148174,6586385826102,Cattasaurus - shoproxstore - Shopify,direct_to_consumer,fulfilled,2025-05-03,2025-05-04,2025-05-03,PA2,FedEx,1,1,27.21,2.26,0.0,29.47,shipmonk_estimate,USD
148175,6586393690422,Cattasaurus - shoproxstore - Shopify,direct_to_consumer,fulfilled,2025-05-03,2025-05-04,2025-05-03,PA2,FedEx,2,1,27.21,2.63,0.0,29.84,shipmonk_estimate,USD
148178_1,eac2adca-4055-48f5-a24d-ccb620bda522,Cattasaurus - shoproxstore - Shopify,direct_to_consumer,fulfilled,2025-05-03,2025-05-08,2025-05-03,PA2,DHL eCommerce,1,1,5.68,1.89,0.0,7.57,shipmonk_estimate,USD
148184,6586420691254,Cattasaurus - shoproxstore - Shopify,direct_to_consumer,fulfilled,2025-05-03,2025-05-04,2025-05-03,PA2,FedEx,2,1,21.05,2.63,0.0,23.68,shipmonk_estimate,USD
148188_1,01f358fb-bdc4-4a03-8f87-7a8781a5cf02,Cattasaurus - shoproxstore - Shopify,direct_to_consumer,fulfilled,2025-05-03,2025-05-07,2025-05-03,NV3,USPS,1,1,5.68,2.26,0.5,8.44,shipmonk_estimate,USD
148193_1,56ce0900-0467-418e-a367-85bb9922d1e0,Cattasaurus - shoproxstore - Shopify,direct_to_consumer,fulfilled,2025-05-03,2025-05-08,2025-05-03,PA2,DHL eCommerce,1,1,4.89,1.89,0.3,7.08,shipmonk_estimate,USD
148195_1,70c99af5-2204-424e-8508-277d1df1fe49,Cattasaurus - shoproxstore - Shopify,direct_to_consumer,fulfilled,2025-05-03,2025-05-08,2025-05-03,PA2,DHL eCommerce,1,1,4.89,1.89,0.3,7.08,shipmonk_estimate,USD
148197,6586469122358,Cattasaurus - shoproxstore - Shopify,direct_to_consumer,fulfilled,2025-05-03,2025-05-04,2025-05-03,PA2,FedEx,2,1,17.45,3.0,0.0,20.45,shipmonk_estimate,USD
148198_1,3396095e-db63-4032-a893-81d0591f1d45,Cattasaurus - shoproxstore - Shopify,direct_to_consumer,fulfilled,2025-05-03,2025-05-07,2025-05-03,NV3,DHL eCommerce,1,1,5.1,1.89,0.3,7.29,shipmonk_estimate,USD
148200,6586481344822,Cattasaurus - shoproxstore - Shopify,direct_to_consumer,fulfilled,2025-05-03,2025-05-04,2025-05-03,PA2,OnTrac,1,1,25.32,2.26,0.0,27.58,shipmonk_estimate,USD
148201_1,bc58933c-5198-4c0a-863b-54060164e3b6,Cattasaurus - shoproxstore - Shopify,direct_to_consumer,fulfilled,2025-05-03,2025-05-08,2025-05-03,PA2,USPS,1,1,4.97,1.89,0.3,7.16,shipmonk_estimate,USD
148204_1,848d4c50-9cb0-4524-97f3-7c35d83aae9c,Cattasaurus - shoproxstore - Shopify,direct_to_consumer,fulfilled,2025-05-03,2025-05-08,2025-05-03,PA2,USPS,1,1,4.64,1.89,0.3,6.83,shipmonk_estimate,USD
148210_1,53b7f171-dbaa-4ce3-b90b-5500ee718975,Cattasaurus - shoproxstore - Shopify,direct_to_consumer,fulfilled,2025-05-03,2025-05-08,2025-05-03,PA2,DHL eCommerce,2,1,4.89,2.26,0.3,7.45,shipmonk_estimate,USD
148212,6586513883446,Cattasaurus - shoproxstore - Shopify,direct_to_consumer,fulfilled,2025-05-03,2025-05-04,2025-05-03,PA2,OnTrac,1,1,15.27,2.63,0.0,17.9,shipmonk_estimate,USD
148214,6586516865334,Cattasaurus - shoproxstore - Shopify,direct_to_consumer,fulfilled,2025-05-03,2025-07-15,2025-05-03,PA2,OnTrac,1,1,11.6,2.5,0.0,14.1,shipmonk_estimate,USD
148216_1,beacace8-c439-4ce5-a169-1c7f6648a6af,Cattasaurus - shoproxstore - Shopify,direct_to_consumer,fulfilled,2025-05-03,2025-05-06,2025-05-03,PA2,DHL eCommerce,1,1,4.97,1.89,0.3,7.16,shipmonk_estimate,USD
148217_1,1521210c-9358-4e5f-90b0-a8897285719f,Cattasaurus - shoproxstore - Shopify,direct_to_consumer,fulfilled,2025-05-03,2025-05-07,2025-05-03,NV3,DHL eCommerce,1,1,4.97,1.89,0.3,7.16,shipmonk_estimate,USD
148218,6586548846902,Cattasaurus - shoproxstore - Shopify,direct_to_consumer,fulfilled,2025-05-03,2025-05-04,2025-05-03,PA2,OnTrac,1,1,19.51,2.63,0.0,22.14,shipmonk_estimate,USD
148222,6586551664950,Cattasaurus - shoproxstore - Shopify,direct_to_consumer,fulfilled,2025-05-03,2025-05-04,2025-05-03,PA2,OnTrac,2,1,21.05,3.0,0.0,24.05,shipmonk_estimate,USD
148225_1,79feb59a-fad7-4ae2-8659-ed8e7f56c91f,Cattasaurus - shoproxstore - Shopify,direct_to_consumer,fulfilled,2025-05-03,2025-05-08,2025-05-03,PA2,DHL eCommerce,2,1,6.62,2.63,0.5,9.75,shipmonk_estimate,USD
148226,6586562543926,Cattasaurus - shoproxstore - Shopify,direct_to_consumer,fulfilled,2025-05-03,2025-05-04,2025-05-03,PA2,FedEx,1,1,18.31,2.63,0.0,20.94,shipmonk_estimate,USD
148228,6586564116790,Cattasaurus - shoproxstore - Shopify,direct_to_consumer,fulfilled,2025-05-03,2025-05-04,2025-05-03,PA2,OnTrac,1,1,16.77,2.63,0.0,19.4,shipmonk_estimate,USD
148231_1,23ff48e0-e866-4a7c-9007-d1df90740218,Cattasaurus - shoproxstore - Shopify,direct_to_consumer,fulfilled,2025-05-03,2025-05-07,2025-05-03,NV3,DHL eCommerce,1,1,5.43,1.89,0.0,7.32,shipmonk_estimate,USD
148233,6586576503094,Cattasaurus - shoproxstore - Shopify,direct_to_consumer,fulfilled,2025-05-03,2025-05-04,2025-05-03,PA2,OnTrac,1,1,15.27,2.63,0.0,17.9,shipmonk_estimate,USD
148234_1,3dd46e0f-249c-4ca8-83bf-70323296e69f,Cattasaurus - shoproxstore - Shopify,direct_to_consumer,fulfilled,2025-05-03,2025-05-12,2025-05-03,NV3,DHL eCommerce,1,1,4.97,1.89,0.3,7.16,shipmonk_estimate,USD
148236,6586577781046,Cattasaurus - shoproxstore - Shopify,direct_to_consumer,fulfilled,2025-05-03,2025-05-05,2025-05-03,PA2,OnTrac,3,1,16.77,3.37,0.0,20.14,shipmonk_estimate,USD
148242_1,0a9318e6-fadb-47ef-931b-e38ad7cbcba6,Cattasaurus - shoproxstore - Shopify,direct_to_consumer,fulfilled,2025-05-03,2025-05-08,2025-05-03,PA2,DHL eCommerce,2,1,6.62,2.26,0.5,9.38,shipmonk_estimate,USD
148247,6586618642742,Cattasaurus - shoproxstore - Shopify,direct_to_consumer,fulfilled,2025-05-03,,2025-05-03,NV3,ShipMonk,1,0,17.19,3.78,0.0,20.97,shipmonk_estimate,USD
148248_1,4066fc1a-0dc1-4225-bea0-5b1c4c6ced55,Cattasaurus - shoproxstore - Shopify,direct_to_consumer,fulfilled,2025-05-03,2025-05-12,2025-05-03,NV3,DHL eCommerce,1,1,4.97,1.89,0.3,7.16,shipmonk_estimate,USD
148249_1,07c6fcc7-df7d-4995-9bc8-c712a5fee869,Cattasaurus - shoproxstore - Shopify,direct_to_consumer,fulfilled,2025-05-03,2025-05-07,2025-05-03,NV3,DHL eCommerce,2,1,5.41,2.63,0.3,8.34,shipmonk_estimate,USD
148256,6586658849078,Cattasaurus - shoproxstore - Shopify,direct_to_consumer,fulfilled,2025-05-03,2025-05-05,2025-05-03,NV3,DHL eCommerce,1,1,5.61,1.89,0.0,7.5,shipmonk_estimate,USD
148261,6586675921206,Cattasaurus - shoproxstore - Shopify,direct_to_consumer,fulfilled,2025-05-03,2025-05-05,2025-05-03,PA2,FedEx,1,1,16.77,2.63,0.0,19.4,shipmonk_estimate,USD
148268_1,3988da83-7365-43fb-b018-dd84b587cdfb,Cattasaurus - shoproxstore - Shopify,direct_to_consumer,fulfilled,2025-05-03,2025-05-08,2025-05-03,PA2,OnTrac,1,1,5.41,1.89,0.0,7.3,shipmonk_estimate,USD
148271,6586700792118,Cattasaurus - shoproxstore - Shopify,direct_to_consumer,fulfilled,2025-05-03,2025-05-05,2025-05-03,PA2,OnTrac,1,1,25.32,2.63,0.0,27.95,shipmonk_estimate,USD
148273,6586703642934,Cattasaurus - shoproxstore - Shopify,direct_to_consumer,fulfilled,2025-05-03,2025-05-05,2025-05-03,PA2,FedEx,3,1,19.51,3.37,0.0,22.88,shipmonk_estimate,USD
148274_1,6ef49c22-97a4-45e1-ad66-94db3e77f2a9,Cattasaurus - shoproxstore - Shopify,direct_to_consumer,fulfilled,2025-05-03,2025-05-08,2025-05-03,PA2,DHL eCommerce,1,1,5.77,1.89,0.0,7.66,shipmonk_estimate,USD
148277_1,65fb86ed-7f3f-4655-ad57-189105ce1ec9,Cattasaurus - shoproxstore - Shopify,direct_to_consumer,fulfilled,2025-05-03,2025-05-08,2025-05-03,PA2,USPS,1,1,4.64,1.89,0.3,6.83,shipmonk_estimate,USD
148279_1,d1758747-146c-405a-aab9-ba8bc72aee55,Cattasaurus - shoproxstore - Shopify,direct_to_consumer,fulfilled,2025-05-03,2025-05-07,2025-05-03,NV3,DHL eCommerce,1,1,5.77,1.89,0.0,7.66,shipmonk_estimate,USD
148280,6586724843830,Cattasaurus - shoproxstore - Shopify,direct_to_consumer,fulfilled,2025-05-03,2025-05-05,2025-05-03,PA2,OnTrac,1,1,19.51,2.63,0.0,22.14,shipmonk_estimate,USD
148281_1,224a79ff-7603-4a1b-97ed-cdae12be2afa,Cattasaurus - shoproxstore - Shopify,direct_to_consumer,fulfilled,2025-05-03,2025-05-07,2025-05-03,NV3,DHL eCommerce,2,1,6.46,2.26,0.5,9.22,shipmonk_estimate,USD
148285,6586763346230,Cattasaurus - shoproxstore - Shopify,direct_to_consumer,fulfilled,2025-05-03,2025-05-05,2025-05-03,PA2,FedEx,1,1,21.05,2.63,0.0,23.68,shipmonk_estimate,USD
148286_1,684b0194-f08e-4bce-9954-38511adaeb4c,Cattasaurus - shoproxstore - Shopify,direct_to_consumer,fulfilled,2025-05-03,2025-05-08,2025-05-03,PA2,DHL eCommerce,1,1,4.97,1.89,0.3,7.16,shipmonk_estimate,USD
148291,6586782286134,Cattasaurus - shoproxstore - Shopify,direct_to_consumer,fulfilled,2025-05-03,2025-05-05,2025-05-03,PA2,OnTrac,1,1,19.51,2.63,0.0,22.14,shipmonk_estimate,USD
148292,6586791231798,Cattasaurus - shoproxstore - Shopify,direct_to_consumer,fulfilled,2025-05-03,2025-05-05,2025-05-03,PA2,OnTrac,2,1,18.31,3.0,0.0,21.31,shipmonk_estimate,USD
148293,6586795721014,Cattasaurus - shoproxstore - Shopify,direct_to_consumer,fulfilled,2025-05-03,2025-05-05,2025-05-03,PA2,FedEx,2,2,29.02,4.89,0.0,33.91,shipmonk_estimate,USD
148297_1,b5114803-e5d7-453c-a880-2e049df9265b,Cattasaurus - shoproxstore - Shopify,direct_to_consumer,fulfilled,2025-05-03,2025-05-12,2025-05-03,NV3,DHL eCommerce,2,1,6.68,2.26,0.5,9.44,shipmonk_estimate,USD
148298_1,618f5f88-cb0e-492c-b58a-09dda0331e41,Cattasaurus - shoproxstore - Shopify,direct_to_consumer,fulfilled,2025-05-03,2025-05-07,2025-05-03,NV3,USPS,1,1,4.64,1.89,0.3,6.83,shipmonk_estimate,USD
148302,6586865713462,Cattasaurus - shoproxstore - Shopify,direct_to_consumer,fulfilled,2025-05-03,2025-05-05,2025-05-03,PA2,OnTrac,1,1,15.27,2.63,0.0,17.9,shipmonk_estimate,USD
148305_1,64315dd2-bf51-4972-bbd2-64868cec5cc2,Cattasaurus - shoproxstore - Shopify,direct_to_consumer,fulfilled,2025-05-03,2025-05-08,2025-05-03,PA2,OnTrac,1,1,5.61,1.89,0.0,7.5,shipmonk_estimate,USD
148316,6586940653878,Cattasaurus - shoproxstore - Shopify,direct_to_consumer,fulfilled,2025-05-03,2025-05-05,2025-05-03,PA2,OnTrac,1,1,16.77,2.63,0.0,19.4,shipmonk_estimate,USD
148319,6586942783798,Cattasaurus - shoproxstore - Shopify,direct_to_consumer,fulfilled,2025-05-03,2025-07-15,2025-05-03,PA2,FedEx,1,1,15.73,7.5,0.0,23.23,shipmonk_estimate,USD
148320_1,eeb593a3-816a-481f-a2ab-7539d09504d7,Cattasaurus - shoproxstore - Shopify,direct_to_consumer,fulfilled,2025-05-03,2025-05-07,2025-05-03,NV3,DHL eCommerce,1,1,5.43,2.26,0.5,8.19,shipmonk_estimate,USD
148324,6586973749558,Cattasaurus - shoproxstore - Shopify,direct_to_consumer,fulfilled,2025-05-03,2025-05-05,2025-05-03,PA2,FedEx,1,1,25.32,2.63,0.0,27.95,shipmonk_estimate,USD
148325_1,d6e5cf8e-10e3-4714-819c-0eaaa72f073b,Cattasaurus - shoproxstore - Shopify,direct_to_consumer,fulfilled,2025-05-03,2025-05-08,2025-05-03,PA2,DHL eCommerce,1,1,4.97,1.89,0.3,7.16,shipmonk_estimate,USD
148329,6586991575350,Cattasaurus - shoproxstore - Shopify,direct_to_consumer,fulfilled,2025-05-03,2025-05-05,2025-05-03,PA2,OnTrac,2,1,14.71,4.11,0.0,18.82,shipmonk_estimate,USD
148332_1,04797425-2920-4518-bc54-5c4d12b9184f,Cattasaurus - shoproxstore - Shopify,direct_to_consumer,fulfilled,2025-05-03,2025-05-08,2025-05-03,PA2,DHL eCommerce,1,1,5.61,1.89,0.0,7.5,shipmonk_estimate,USD
148337_1,16df34f9-d034-486a-980d-c619762fdcb3,Cattasaurus - shoproxstore - Shopify,direct_to_consumer,fulfilled,2025-05-03,2025-05-08,2025-05-03,PA2,DHL eCommerce,1,1,4.64,1.89,0.3,6.83,shipmonk_estimate,USD
148345_1,e3d4d424-82a8-4c50-b132-cbcfb4842dbd,Cattasaurus - shoproxstore - Shopify,direct_to_consumer,fulfilled,2025-05-03,2025-05-08,2025-05-03,PA2,DHL eCommerce,1,1,4.64,1.89,0.3,6.83,shipmonk_estimate,USD
148346_1,0a26cf2a-21d7-44cf-b612-8e0eac49739e,Cattasaurus - shoproxstore - Shopify,direct_to_consumer,fulfilled,2025-05-03,2025-05-08,2025-05-03,PA2,DHL eCommerce,1,1,4.62,1.89,0.3,6.81,shipmonk_estimate,USD
148371_1,e4b23691-1957-45df-9174-5eb802b5cfe0,Cattasaurus - shoproxstore - Shopify,direct_to_consumer,fulfilled,2025-05-03,2025-05-07,2025-05-03,NV3,DHL eCommerce,1,1,5.43,1.89,0.0,7.32,shipmonk_estimate,USD
148372_1,520f4ce9-8928-44db-ac7a-6b75881b071f,Cattasaurus - shoproxstore - Shopify,direct_to_consumer,fulfilled,2025-05-03,2025-05-06,2025-05-03,PA2,DHL eCommerce,1,1,4.62,1.89,0.3,6.81,shipmonk_estimate,USD
148374,6587221508406,Cattasaurus - shoproxstore - Shopify,direct_to_consumer,fulfilled,2025-05-03,2025-05-05,2025-05-03,PA2,OnTrac,1,1,27.21,2.63,0.0,29.84,shipmonk_estimate,USD
148376,6587240743222,Cattasaurus - shoproxstore - Shopify,direct_to_consumer,fulfilled,2025-05-03,2025-05-05,2025-05-03,PA2,FedEx,1,1,21.05,2.63,0.0,23.68,shipmonk_estimate,USD
148378,6587248673078,Cattasaurus - shoproxstore - Shopify,direct_to_consumer,fulfilled,2025-05-03,2025-05-05,2025-05-03,PA2,OnTrac,1,1,16.77,2.63,0.0,19.4,shipmonk_estimate,USD
148383,6587277902134,Cattasaurus - shoproxstore - Shopify,direct_to_consumer,fulfilled,2025-05-03,2025-05-05,2025-05-03,PA2,OnTrac,1,1,19.51,2.63,0.0,22.14,shipmonk_estimate,USD
148389,6587310342454,Cattasaurus - shoproxstore - Shopify,direct_to_consumer,fulfilled,2025-05-03,2025-05-05,2025-05-03,NV3,DHL eCommerce,1,1,6.68,2.63,0.5,9.81,shipmonk_estimate,USD
148395_1,a22209cb-775a-4445-a01e-1a8833be9b6c,Cattasaurus - shoproxstore - Shopify,direct_to_consumer,fulfilled,2025-05-03,2025-05-07,2025-05-03,NV3,DHL eCommerce,1,1,5.68,1.89,0.0,7.57,shipmonk_estimate,USD
148400_1,0636abeb-23aa-4f5e-9d2b-398fae12e825,Cattasaurus - shoproxstore - Shopify,direct_to_consumer,fulfilled,2025-05-03,2025-05-12,2025-05-03,NV3,DHL eCommerce,1,1,5.68,1.89,0.0,7.57,shipmonk_estimate,USD
148403_1,fb64a731-0356-47f8-baa0-69fb3e3a39d6,Cattasaurus - shoproxstore - Shopify,direct_to_consumer,fulfilled,2025-05-03,2025-05-08,2025-05-03,PA2,USPS,1,1,5.61,1.89,0.0,7.5,shipmonk_estimate,USD
148410,6587403436342,Cattasaurus - shoproxstore - Shopify,direct_to_consumer,fulfilled,2025-05-03,2025-05-05,2025-05-03,PA2,FedEx,2,2,35.08,4.89,0.0,39.97,shipmonk_estimate,USD
148411,6587407401270,Cattasaurus - shoproxstore - Shopify,direct_to_consumer,fulfilled,2025-05-03,2025-05-05,2025-05-03,PA2,FedEx,2,2,35.08,4.89,0.0,39.97,shipmonk_estimate,USD
148413,6587425227062,Cattasaurus - shoproxstore - Shopify,direct_to_consumer,fulfilled,2025-05-03,2025-05-05,2025-05-03,PA2,OnTrac,1,1,15.27,2.63,0.0,17.9,shipmonk_estimate,USD
148414_1,33325d89-e6fa-4bd0-a5c2-d0563efb5b6b,Cattasaurus - shoproxstore - Shopify,direct_to_consumer,fulfilled,2025-05-03,2025-05-07,2025-05-03,NV3,USPS,1,1,5.1,1.89,0.3,7.29,shipmonk_estimate,USD
148418_1,4a25a327-61c9-494f-a5da-785c6b7994e6,Cattasaurus - shoproxstore - Shopify,direct_to_consumer,fulfilled,2025-05-03,2025-05-08,2025-05-03,PA2,DHL eCommerce,1,1,4.97,1.89,0.3,7.16,shipmonk_estimate,USD
148430_1,18bf52f4-a96e-440c-a87f-d6380137b036,Cattasaurus - shoproxstore - Shopify,direct_to_consumer,fulfilled,2025-05-03,2025-05-08,2025-05-03,PA2,DHL eCommerce,1,1,4.62,1.89,0.3,6.81,shipmonk_estimate,USD
148431_1,0e1d8109-cc0b-4d70-a196-86afd106835c,Cattasaurus - shoproxstore - Shopify,direct_to_consumer,fulfilled,2025-05-03,2025-05-08,2025-05-03,PA2,OnTrac,1,1,5.43,1.89,0.0,7.32,shipmonk_estimate,USD
148434,6587537817910,Cattasaurus - shoproxstore - Shopify,direct_to_consumer,fulfilled,2025-05-03,2025-05-05,2025-05-03,NV3,FedEx,1,1,22.79,2.63,0.0,25.42,shipmonk_estimate,USD
148435_1,a7b62f5f-9f1c-491e-8fe0-dc930aa2f093,Cattasaurus - shoproxstore - Shopify,direct_to_consumer,fulfilled,2025-05-03,2025-05-08,2025-05-03,PA2,DHL eCommerce,2,1,6.68,2.26,0.5,9.44,shipmonk_estimate,USD
148441,6587609612598,Cattasaurus - shoproxstore - Shopify,direct_to_consumer,fulfilled,2025-05-03,2025-05-05,2025-05-03,PA2,OnTrac,1,1,16.77,2.63,0.0,19.4,shipmonk_estimate,USD
148446_1,3a20d074-6100-4ef2-882f-439d542fcec5,Cattasaurus - shoproxstore - Shopify,direct_to_consumer,fulfilled,2025-05-04,2025-05-12,2025-05-04,NV3,DHL eCommerce,1,1,5.68,1.89,0.0,7.57,shipmonk_estimate,USD
148447_1,d0117519-6907-43d8-983f-90d017131377,Cattasaurus - shoproxstore - Shopify,direct_to_consumer,fulfilled,2025-05-04,2025-05-08,2025-05-04,NV3,DHL eCommerce,2,1,6.74,2.26,0.5,9.5,shipmonk_estimate,USD
148453_1,c04d9e31-1041-41a0-9d61-74300c936ae2,Cattasaurus - shoproxstore - Shopify,direct_to_consumer,fulfilled,2025-05-04,2025-05-08,2025-05-04,PA2,OnTrac,1,1,5.77,1.89,0.0,7.66,shipmonk_estimate,USD
148457,6587917697334,Cattasaurus - shoproxstore - Shopify,direct_to_consumer,fulfilled,2025-05-04,2025-05-05,2025-05-04,PA2,FedEx,1,1,28.75,2.63,0.0,31.38,shipmonk_estimate,USD
148462_1,4a9a1cb8-a522-4090-917e-6bfd705cc9f0,Cattasaurus - shoproxstore - Shopify,direct_to_consumer,fulfilled,2025-05-04,2025-05-08,2025-05-04,PA2,OnTrac,1,1,5.43,1.89,0.0,7.32,shipmonk_estimate,USD
148464,6587941847350,Cattasaurus - shoproxstore - Shopify,direct_to_consumer,fulfilled,2025-05-04,2025-05-05,2025-05-04,PA2,FedEx,1,1,18.31,2.63,0.0,20.94,shipmonk_estimate,USD
148466_1,2348b001-5399-4422-94c9-697b09cbb366,Cattasaurus - shoproxstore - Shopify,direct_to_consumer,fulfilled,2025-05-04,2025-05-08,2025-05-04,PA2,DHL eCommerce,2,1,6.62,2.26,0.5,9.38,shipmonk_estimate,USD
148467,6587956003126,Cattasaurus - shoproxstore - Shopify,direct_to_consumer,fulfilled,2025-05-04,2025-05-05,2025-05-04,PA2,FedEx,1,1,15.27,2.63,0.0,17.9,shipmonk_estimate,USD
148470_1,46bd8480-0ca3-4e16-98d9-9c9f9f891727,Cattasaurus - shoproxstore - Shopify,direct_to_consumer,fulfilled,2025-05-04,2025-05-08,2025-05-04,PA2,USPS,1,1,4.64,1.89,0.3,6.83,shipmonk_estimate,USD
148472,6587976778038,Cattasaurus - shoproxstore - Shopify,direct_to_consumer,fulfilled,2025-05-04,2025-05-05,2025-05-04,PA2,OnTrac,1,1,13.17,2.63,0.0,15.8,shipmonk_estimate,USD
148473_1,85b1ffc3-7aa8-4cfd-876d-f45e4859db88,Cattasaurus - shoproxstore - Shopify,direct_to_consumer,fulfilled,2025-05-04,2025-05-12,2025-05-04,NV3,DHL eCommerce,2,1,6.62,2.26,0.5,9.38,shipmonk_estimate,USD
148474,6587979235638,Cattasaurus - shoproxstore - Shopify,direct_to_consumer,fulfilled,2025-05-04,2025-05-05,2025-05-04,PA2,OnTrac,3,1,15.27,3.37,0.0,18.64,shipmonk_estimate,USD
148475,6587981365558,Cattasaurus - shoproxstore - Shopify,direct_to_consumer,fulfilled,2025-05-04,2025-05-05,2025-05-04,PA2,OnTrac,1,1,16.77,2.63,0.0,19.4,shipmonk_estimate,USD
148479,6587984904502,Cattasaurus - shoproxstore - Shopify,direct_to_consumer,fulfilled,2025-05-04,2025-05-05,2025-05-04,PA2,FedEx,1,1,19.35,2.63,0.0,21.98,shipmonk_estimate,USD
148480,6587991458102,Cattasaurus - shoproxstore - Shopify,direct_to_consumer,fulfilled,2025-05-04,2025-05-05,2025-05-04,PA2,UPS,2,2,108.79,4.89,0.0,113.68,shipmonk_estimate,USD
148486_1,8ad8bb69-5485-4280-bbe4-56408b4e09aa,Cattasaurus - shoproxstore - Shopify,direct_to_consumer,fulfilled,2025-05-04,2025-05-08,2025-05-04,PA2,DHL eCommerce,1,1,4.62,1.89,0.3,6.81,shipmonk_estimate,USD
148488,6588007317814,Cattasaurus - shoproxstore - Shopify,direct_to_consumer,fulfilled,2025-05-04,2025-05-05,2025-05-04,PA2,OnTrac,1,1,13.17,2.63,0.0,15.8,shipmonk_estimate,USD
148494,6588018917686,Cattasaurus - shoproxstore - Shopify,direct_to_consumer,fulfilled,2025-05-04,2025-05-05,2025-05-04,PA2,OnTrac,1,1,13.17,2.63,0.0,15.8,shipmonk_estimate,USD
148495,6588020883766,Cattasaurus - shoproxstore - Shopify,direct_to_consumer,fulfilled,2025-05-04,2025-05-05,2025-05-04,PA2,FedEx,2,2,32.01,4.89,0.0,36.9,shipmonk_estimate,USD
148499,6588032581942,Cattasaurus - shoproxstore - Shopify,direct_to_consumer,fulfilled,2025-05-04,2025-05-05,2025-05-04,PA2,OnTrac,1,1,16.77,2.63,0.0,19.4,shipmonk_estimate,USD
148500,6588032680246,Cattasaurus - shoproxstore - Shopify,direct_to_consumer,fulfilled,2025-05-04,2025-05-05,2025-05-04,PA2,OnTrac,1,1,16.8,2.63,0.0,19.43,shipmonk_estimate,USD
148506,6588052701494,Cattasaurus - shoproxstore - Shopify,direct_to_consumer,fulfilled,2025-05-04,2025-05-05,2025-05-04,PA2,OnTrac,2,1,19.51,3.0,0.0,22.51,shipmonk_estimate,USD
148507,6588056011062,Cattasaurus - shoproxstore - Shopify,direct_to_consumer,fulfilled,2025-05-04,2025-05-05,2025-05-04,PA2,OnTrac,3,1,16.77,3.37,0.0,20.14,shipmonk_estimate,USD
148510,6588058239286,Cattasaurus - shoproxstore - Shopify,direct_to_consumer,fulfilled,2025-05-04,2025-05-05,2025-05-04,PA2,OnTrac,1,1,16.77,2.63,0.0,19.4,shipmonk_estimate,USD
148513,6588064301366,Cattasaurus - shoproxstore - Shopify,direct_to_consumer,fulfilled,2025-05-04,2025-05-05,2025-05-04,PA2,OnTrac,1,1,25.32,2.63,0.0,27.95,shipmonk_estimate,USD
148514_1,8886bf67-8e13-415a-8ad0-05b3f8a48b84,Cattasaurus - shoproxstore - Shopify,direct_to_consumer,fulfilled,2025-05-04,2025-05-08,2025-05-04,NV3,DHL eCommerce,1,1,5.68,1.89,0.0,7.57,shipmonk_estimate,USD
148516_1,078d8b61-3912-43b3-a711-79950d332d95,Cattasaurus - shoproxstore - Shopify,direct_to_consumer,fulfilled,2025-05-04,2025-05-08,2025-05-04,PA2,OnTrac,2,1,6.46,2.26,0.5,9.22,shipmonk_estimate,USD
148517,6588078489910,Cattasaurus - shoproxstore - Shopify,direct_to_consumer,fulfilled,2025-05-04,2025-05-05,2025-05-04,PA2,OnTrac,1,1,19.51,2.63,0.0,22.14,shipmonk_estimate,USD
148518_1,a1849325-6eed-4f79-94ef-2d610c77f334,Cattasaurus - shoproxstore - Shopify,direct_to_consumer,fulfilled,2025-05-04,2025-05-08,2025-05-04,PA2,DHL eCommerce,1,1,4.64,1.89,0.3,6.83,shipmonk_estimate,USD
148519,6588080685366,Cattasaurus - shoproxstore - Shopify,direct_to_consumer,fulfilled,2025-05-04,2025-05-05,2025-05-04,PA2,FedEx,1,1,21.05,2.63,0.0,23.68,shipmonk_estimate,USD
148522_1,f2fed054-4c00-4f1f-a90e-d17153e14187,Cattasaurus - shoproxstore - Shopify,direct_to_consumer,fulfilled,2025-05-04,2025-05-08,2025-05-04,PA2,DHL eCommerce,1,1,4.64,1.89,0.3,6.83,shipmonk_estimate,USD
148523_1,0e00533a-21bf-46ed-b655-5e6660d8f4b3,Cattasaurus - shoproxstore - Shopify,direct_to_consumer,fulfilled,2025-05-04,2025-05-08,2025-05-04,NV3,DHL eCommerce,1,1,5.61,1.89,0.0,7.5,shipmonk_estimate,USD
148527_1,16c6c7dd-b122-4da5-bc2e-c73e6a186be9,Cattasaurus - shoproxstore - Shopify,direct_to_consumer,fulfilled,2025-05-04,2025-05-08,2025-05-04,PA2,DHL eCommerce,3,1,8.1,3.0,0.5,11.6,shipmonk_estimate,USD
148529_1,4f06e65f-83ad-4b87-a9ce-c013aa9b78e3,Cattasaurus - shoproxstore - Shopify,direct_to_consumer,fulfilled,2025-05-04,2025-05-08,2025-05-04,NV3,DHL eCommerce,1,1,5.77,1.89,0.0,7.66,shipmonk_estimate,USD
148532,6588115878198,Cattasaurus - shoproxstore - Shopify,direct_to_consumer,fulfilled,2025-05-04,2025-05-06,2025-05-04,PA2,OnTrac,1,1,15.27,2.26,0.0,17.53,shipmonk_estimate,USD
148533_1,9072831f-c4d1-413b-8725-63735548f99c,Cattasaurus - shoproxstore - Shopify,direct_to_consumer,fulfilled,2025-05-04,2025-05-08,2025-05-04,PA2,DHL eCommerce,1,1,4.97,1.89,0.3,7.16,shipmonk_estimate,USD
148539_1,d5b44809-78d7-4b05-aa37-41cd1877c4b8,Cattasaurus - shoproxstore - Shopify,direct_to_consumer,fulfilled,2025-05-04,2025-05-08,2025-05-04,PA2,DHL eCommerce,1,1,5.68,1.89,0.0,7.57,shipmonk_estimate,USD
148540_1,1f58428e-5fcf-46a3-a98f-db597fc2f4ec,Cattasaurus - shoproxstore - Shopify,direct_to_consumer,fulfilled,2025-05-04,2025-05-08,2025-05-04,PA2,DHL eCommerce,1,1,4.64,1.89,0.3,6.83,shipmonk_estimate,USD
148541_1,06458b6d-ecc9-4b3e-b4f9-3be5e3338486,Cattasaurus - shoproxstore - Shopify,direct_to_consumer,fulfilled,2025-05-04,2025-05-12,2025-05-04,NV3,DHL eCommerce,1,1,5.61,1.89,0.0,7.5,shipmonk_estimate,USD
148542,6588136489270,Cattasaurus - shoproxstore - Shopify,direct_to_consumer,fulfilled,2025-05-04,2025-05-05,2025-05-04,PA2,FedEx,1,1,16.77,2.63,0.0,19.4,shipmonk_estimate,USD
148549,6588169486646,Cattasaurus - shoproxstore - Shopify,direct_to_consumer,fulfilled,2025-05-04,2025-05-05,2025-05-04,PA2,OnTrac,2,1,16.05,3.0,0.0,19.05,shipmonk_estimate,USD
148550_1,0ea863ba-6601-484c-b5ad-6deb12b420a2,Cattasaurus - shoproxstore - Shopify,direct_to_consumer,fulfilled,2025-05-04,2025-05-08,2025-05-04,PA2,OnTrac,1,1,5.41,1.89,0.0,7.3,shipmonk_estimate,USD
148551_1,97dac4ad-b393-42a6-8a81-939aac8454c8,Cattasaurus - shoproxstore - Shopify,direct_to_consumer,fulfilled,2025-05-04,2025-05-12,2025-05-04,NV3,USPS,1,1,4.64,1.89,0.3,6.83,shipmonk_estimate,USD
148552_1,6bcff3d9-2bbe-491f-8ec0-c08f12806e4f,Cattasaurus - shoproxstore - Shopify,direct_to_consumer,fulfilled,2025-05-04,2025-05-08,2025-05-04,PA2,OnTrac,2,1,5.61,2.63,0.3,8.54,shipmonk_estimate,USD
148554,6588180791606,Cattasaurus - shoproxstore - Shopify,direct_to_consumer,fulfilled,2025-05-04,2025-05-06,2025-05-04,PA2,OnTrac,1,1,16.77,2.26,0.0,19.03,shipmonk_estimate,USD
148555,6588183085366,Cattasaurus - shoproxstore - Shopify,direct_to_consumer,fulfilled,2025-05-04,2025-05-06,2025-05-04,PA2,FedEx,3,1,21.05,3.0,0.0,24.05,shipmonk_estimate,USD
148558_1,e63c8f61-c3c0-4b56-ac23-3a2d892a7666,Cattasaurus - shoproxstore - Shopify,direct_to_consumer,fulfilled,2025-05-04,2025-05-08,2025-05-04,PA2,OnTrac,1,1,5.41,1.89,0.0,7.3,shipmonk_estimate,USD
148560_1,39af3252-c91a-41df-a57f-bec416d90c51,Cattasaurus - shoproxstore - Shopify,direct_to_consumer,fulfilled,2025-05-04,2025-05-08,2025-05-04,NV3,USPS,1,1,5.61,1.89,0.0,7.5,shipmonk_estimate,USD
148561,6588232106294,Cattasaurus - shoproxstore - Shopify,direct_to_consumer,fulfilled,2025-05-04,2025-05-06,2025-05-04,PA2,OnTrac,1,1,21.05,2.26,0.0,23.31,shipmonk_estimate,USD
148562_1,b8916434-cc80-4006-a452-1072e90e208f,Cattasaurus - shoproxstore - Shopify,direct_to_consumer,fulfilled,2025-05-04,2025-05-08,2025-05-04,PA2,USPS,1,1,4.62,1.89,0.3,6.81,shipmonk_estimate,USD
148569_1,67503376-6b7b-485b-878a-155f9b4c0981,Cattasaurus - shoproxstore - Shopify,direct_to_consumer,fulfilled,2025-05-04,2025-05-08,2025-05-04,NV3,DHL eCommerce,1,1,5.61,2.26,0.5,8.37,shipmonk_estimate,USD
148570,6588296954166,Cattasaurus - shoproxstore - Shopify,direct_to_consumer,fulfilled,2025-05-04,2025-05-06,2025-05-04,PA2,OnTrac,3,1,19.51,3.0,0.0,22.51,shipmonk_estimate,USD
148574,6588311732534,Cattasaurus - shoproxstore - Shopify,direct_to_consumer,fulfilled,2025-05-04,2025-05-06,2025-05-04,PA2,OnTrac,1,1,23.78,2.26,0.0,26.04,shipmonk_estimate,USD
148578,6588327985462,Cattasaurus - shoproxstore - Shopify,direct_to_consumer,fulfilled,2025-05-04,2025-05-06,2025-05-04,PA2,FedEx,1,1,21.05,2.26,0.0,23.31,shipmonk_estimate,USD
148579_1,5c2fee4d-e5d5-4c0a-b51e-d260e18d383f,Cattasaurus - shoproxstore - Shopify,direct_to_consumer,fulfilled,2025-05-04,2025-05-08,2025-05-04,NV3,DHL eCommerce,2,1,6.35,2.26,0.5,9.11,shipmonk_estimate,USD
148580,6588343124278,Cattasaurus - shoproxstore - Shopify,direct_to_consumer,fulfilled,2025-05-04,2025-05-06,2025-05-04,PA2,OnTrac,2,1,21.05,2.63,0.0,23.68,shipmonk_estimate,USD
148583,6588345811254,Cattasaurus - shoproxstore - Shopify,direct_to_consumer,fulfilled,2025-05-04,2025-05-06,2025-05-04,PA2,OnTrac,1,1,16.77,2.26,0.0,19.03,shipmonk_estimate,USD
148585,6588360687926,Cattasaurus - shoproxstore - Shopify,direct_to_consumer,fulfilled,2025-05-04,2025-05-06,2025-05-04,PA2,FedEx,2,1,23.78,2.63,0.0,26.41,shipmonk_estimate,USD
148587,6588368388406,Cattasaurus - shoproxstore - Shopify,direct_to_consumer,fulfilled,2025-05-04,2025-05-06,2025-05-04,PA2,FedEx,2,1,19.51,2.63,0.0,22.14,shipmonk_estimate,USD
148590_1,7337bed6-458e-4ec7-9eea-e72d2c350b37,Cattasaurus - shoproxstore - Shopify,direct_to_consumer,fulfilled,2025-05-04,2025-05-09,2025-05-04,PA2,USPS,1,1,4.89,1.89,0.3,7.08,shipmonk_estimate,USD
148594,6588426912054,Cattasaurus - shoproxstore - Shopify,direct_to_consumer,fulfilled,2025-05-04,2025-05-06,2025-05-04,PA2,FedEx,2,1,27.21,2.63,0.0,29.84,shipmonk_estimate,USD
148598,6588462498102,Cattasaurus - shoproxstore - Shopify,direct_to_consumer,fulfilled,2025-05-04,2025-05-06,2025-05-04,PA2,OnTrac,1,1,16.77,2.26,0.0,19.03,shipmonk_estimate,USD
148599_1,4ff5930f-465c-4df7-84e7-e47d8ac88411,Cattasaurus - shoproxstore - Shopify,direct_to_consumer,fulfilled,2025-05-04,2025-05-09,2025-05-04,NV3,DHL eCommerce,1,1,5.43,1.89,0.0,7.32,shipmonk_estimate,USD
148603,6588508078390,Cattasaurus - shoproxstore - Shopify,direct_to_consumer,fulfilled,2025-05-04,2025-05-06,2025-05-04,PA2,OnTrac,1,1,14.71,2.26,0.0,16.97,shipmonk_estimate,USD
148606_1,317e481a-a592-47d5-bb34-f0bc485b9826,Cattasaurus - shoproxstore - Shopify,direct_to_consumer,fulfilled,2025-05-04,2025-05-09,2025-05-04,PA2,USPS,1,1,4.97,1.89,0.3,7.16,shipmonk_estimate,USD
148609_1,0a9dba42-0376-4ef8-a579-2c2a1cb8ee9e,Cattasaurus - shoproxstore - Shopify,direct_to_consumer,fulfilled,2025-05-04,2025-05-12,2025-05-04,NV3,DHL eCommerce,1,1,5.43,1.89,0.0,7.32,shipmonk_estimate,USD
148611_1,29c87117-75c1-4813-8763-cf3af3f211ca,Cattasaurus - shoproxstore - Shopify,direct_to_consumer,fulfilled,2025-05-04,2025-05-09,2025-05-04,PA2,DHL eCommerce,2,1,11.37,3.74,0.5,15.61,shipmonk_estimate,USD
148613,6588555690294,Cattasaurus - shoproxstore - Shopify,direct_to_consumer,fulfilled,2025-05-04,2025-05-06,2025-05-04,PA2,FedEx,1,1,18.31,2.26,0.0,20.57,shipmonk_estimate,USD
148619,6588588523830,Cattasaurus - shoproxstore - Shopify,direct_to_consumer,fulfilled,2025-05-04,2025-05-06,2025-05-04,PA2,OnTrac,1,1,19.51,2.26,0.0,21.77,shipmonk_estimate,USD
148622,6588595732790,Cattasaurus - shoproxstore - Shopify,direct_to_consumer,fulfilled,2025-05-04,2025-05-06,2025-05-04,PA2,FedEx,1,1,21.05,2.26,0.0,23.31,shipmonk_estimate,USD
148626_1,14c198bb-8aec-4908-89a8-77276b7d6388,Cattasaurus - shoproxstore - Shopify,direct_to_consumer,fulfilled,2025-05-04,2025-05-09,2025-05-04,PA2,USPS,1,1,4.97,1.89,0.3,7.16,shipmonk_estimate,USD
148627,6588638069046,Cattasaurus - shoproxstore - Shopify,direct_to_consumer,fulfilled,2025-05-04,2025-05-06,2025-05-04,PA2,OnTrac,2,1,13.17,2.63,0.0,15.8,shipmonk_estimate,USD
148631_1,01ba0235-d7a2-4721-8114-2f9d8069aa1e,Cattasaurus - shoproxstore - Shopify,direct_to_consumer,fulfilled,2025-05-04,2025-05-09,2025-05-04,NV3,USPS,2,1,5.68,2.63,0.3,8.61,shipmonk_estimate,USD
148632_1,e162eb2c-593e-4485-9159-138f8f7c3423,Cattasaurus - shoproxstore - Shopify,direct_to_consumer,fulfilled,2025-05-04,2025-05-09,2025-05-04,PA2,DHL eCommerce,1,1,4.97,1.89,0.3,7.16,shipmonk_estimate,USD
148633_1,2cb47c92-e245-48d5-b508-7ea3ea06fed7,Cattasaurus - shoproxstore - Shopify,direct_to_consumer,fulfilled,2025-05-04,2025-05-09,2025-05-04,NV3,DHL eCommerce,1,1,4.89,1.89,0.3,7.08,shipmonk_estimate,USD
148634,6588656091446,Cattasaurus - shoproxstore - Shopify,direct_to_consumer,fulfilled,2025-05-04,2025-05-06,2025-05-04,PA2,OnTrac,1,1,16.77,2.26,0.0,19.03,shipmonk_estimate,USD
148636_1,8a4338d6-f14c-4bcc-91a4-e20757c38ddd,Cattasaurus - shoproxstore - Shopify,direct_to_consumer,fulfilled,2025-05-04,2025-05-09,2025-05-04,PA2,DHL eCommerce,1,1,5.41,1.89,0.0,7.3,shipmonk_estimate,USD
148638,6588668576054,Cattasaurus - shoproxstore - Shopify,direct_to_consumer,fulfilled,2025-05-04,2025-05-06,2025-05-04,PA2,FedEx,2,1,18.31,2.63,0.0,20.94,shipmonk_estimate,USD
148641_1,ea3db7b0-c680-429e-aaec-67243f594608,Cattasaurus - shoproxstore - Shopify,direct_to_consumer,fulfilled,2025-05-04,2025-05-09,2025-05-04,NV3,USPS,1,1,4.64,1.89,0.3,6.83,shipmonk_estimate,USD
148646_1,c1e0e883-3145-475b-9706-fada17290882,Cattasaurus - shoproxstore - Shopify,direct_to_consumer,fulfilled,2025-05-04,2025-05-09,2025-05-04,PA2,USPS,1,1,4.97,1.89,0.3,7.16,shipmonk_estimate,USD
148654,6588754592054,Cattasaurus - shoproxstore - Shopify,direct_to_consumer,fulfilled,2025-05-04,2025-05-06,2025-05-04,PA2,OnTrac,1,1,23.78,2.26,0.0,26.04,shipmonk_estimate,USD
148658_1,59696342-5c9b-466b-a190-f2b902048031,Cattasaurus - shoproxstore - Shopify,direct_to_consumer,fulfilled,2025-05-04,2025-05-09,2025-05-04,NV3,DHL eCommerce,1,1,5.77,1.89,0.0,7.66,shipmonk_estimate,USD
148659,6588771139894,Cattasaurus - shoproxstore - Shopify,direct_to_consumer,fulfilled,2025-05-04,2025-05-06,2025-05-04,PA2,FedEx,1,1,28.75,2.26,0.0,31.01,shipmonk_estimate,USD
148661,6588786147638,Cattasaurus - shoproxstore - Shopify,direct_to_consumer,fulfilled,2025-05-04,2025-05-06,2025-05-04,PA2,UPS,2,1,14.71,2.63,0.0,17.34,shipmonk_estimate,USD
148662_1,73b88e44-d242-48ac-9eeb-6640ea524a64,Cattasaurus - shoproxstore - Shopify,direct_to_consumer,fulfilled,2025-05-04,2025-05-09,2025-05-04,PA2,OnTrac,2,1,0.0,4.48,0.3,4.78,shipmonk_estimate,USD
148664,6588796502326,Cattasaurus - shoproxstore - Shopify,direct_to_consumer,fulfilled,2025-05-04,2025-05-06,2025-05-04,PA2,OnTrac,2,1,19.51,2.63,0.0,22.14,shipmonk_estimate,USD
148673,6588839493942,Cattasaurus - shoproxstore - Shopify,direct_to_consumer,fulfilled,2025-05-04,2025-05-06,2025-05-04,PA2,OnTrac,1,1,19.51,2.26,0.0,21.77,shipmonk_estimate,USD
148675_1,36342def-b29c-49b7-a01e-976f173b0ef5,Cattasaurus - shoproxstore - Shopify,direct_to_consumer,fulfilled,2025-05-04,2025-05-09,2025-05-04,NV3,USPS,1,1,5.43,1.89,0.0,7.32,shipmonk_estimate,USD
148676,6588853223734,Cattasaurus - shoproxstore - Shopify,direct_to_consumer,fulfilled,2025-05-04,2025-05-06,2025-05-04,PA2,FedEx,1,1,21.05,2.26,0.0,23.31,shipmonk_estimate,USD
148679,6588861514038,Cattasaurus - shoproxstore - Shopify,direct_to_consumer,fulfilled,2025-05-04,2025-05-06,2025-05-04,PA2,OnTrac,1,1,16.77,2.26,0.0,19.03,shipmonk_estimate,USD
148680,6588870099254,Cattasaurus - shoproxstore - Shopify,direct_to_consumer,fulfilled,2025-05-04,2025-05-06,2025-05-04,PA2,DHL eCommerce,1,1,4.64,1.89,0.3,6.83,shipmonk_estimate,USD
148682,6588877603126,Cattasaurus - shoproxstore - Shopify,direct_to_consumer,fulfilled,2025-05-04,2025-05-06,2025-05-04,PA2,OnTrac,1,1,16.77,2.26,0.0,19.03,shipmonk_estimate,USD
148684,6588902015286,Cattasaurus - shoproxstore - Shopify,direct_to_consumer,fulfilled,2025-05-04,2025-05-06,2025-05-04,PA2,OnTrac,2,1,15.27,3.0,0.0,18.27,shipmonk_estimate,USD
148687_1,4ef42c10-5a60-401b-88a7-86f321a78ed5,Cattasaurus - shoproxstore - Shopify,direct_to_consumer,fulfilled,2025-05-04,2025-05-09,2025-05-04,NV3,USPS,1,1,5.43,1.89,0.0,7.32,shipmonk_estimate,USD
148694,6588946153782,Cattasaurus - shoproxstore - Shopify,direct_to_consumer,fulfilled,2025-05-04,2025-05-06,2025-05-04,PA2,FedEx,1,1,19.51,2.26,0.0,21.77,shipmonk_estimate,USD
148698,6588953723190,Cattasaurus - shoproxstore - Shopify,direct_to_consumer,fulfilled,2025-05-04,2025-05-06,2025-05-04,PA2,FedEx,1,1,21.05,2.26,0.0,23.31,shipmonk_estimate,USD
148704_1,a3cc7327-a1a4-4b1e-a89d-dbdac50a4f56,Cattasaurus - shoproxstore - Shopify,direct_to_consumer,fulfilled,2025-05-04,2025-05-09,2025-05-04,PA2,USPS,1,1,4.89,1.89,0.3,7.08,shipmonk_estimate,USD
148708,6588997730614,Cattasaurus - shoproxstore - Shopify,direct_to_consumer,fulfilled,2025-05-04,2025-05-06,2025-05-04,PA2,OnTrac,1,1,16.77,2.26,0.0,19.03,shipmonk_estimate,USD
148712,6589013295414,Cattasaurus - shoproxstore - Shopify,direct_to_consumer,fulfilled,2025-05-04,2025-05-07,2025-05-04,PA2,DHL eCommerce,2,1,8.08,2.26,0.5,10.84,shipmonk_estimate,USD
148716,6589029810486,Cattasaurus - shoproxstore - Shopify,direct_to_consumer,fulfilled,2025-05-04,2025-05-06,2025-05-04,PA2,OnTrac,1,1,15.27,2.26,0.0,17.53,shipmonk_estimate,USD
148721,6589051601206,Cattasaurus - shoproxstore - Shopify,direct_to_consumer,fulfilled,2025-05-04,2025-05-06,2025-05-04,PA2,FedEx,1,1,19.51,2.26,0.0,21.77,shipmonk_estimate,USD
148722_1,9fc03a0e-51e8-40dd-88d2-5f9bc9fddf58,Cattasaurus - shoproxstore - Shopify,direct_to_consumer,fulfilled,2025-05-04,2025-05-09,2025-05-04,PA2,DHL eCommerce,1,1,4.62,1.89,0.3,6.81,shipmonk_estimate,USD
148724,6589072572726,Cattasaurus - shoproxstore - Shopify,direct_to_consumer,fulfilled,2025-05-04,2025-05-06,2025-05-04,PA2,OnTrac,1,1,16.8,2.26,0.0,19.06,shipmonk_estimate,USD
148727_1,2e8dca65-f68b-4a84-8b93-ad54d9026822,Cattasaurus - shoproxstore - Shopify,direct_to_consumer,fulfilled,2025-05-04,2025-05-09,2025-05-04,NV3,DHL eCommerce,1,1,5.1,1.89,0.3,7.29,shipmonk_estimate,USD
148730,6589104226614,Cattasaurus - shoproxstore - Shopify,direct_to_consumer,fulfilled,2025-05-04,2025-05-06,2025-05-04,PA2,OnTrac,3,1,13.17,3.0,0.0,16.17,shipmonk_estimate,USD
148731_1,694e8128-a97c-4df5-a595-25ceb6dbd0fa,Cattasaurus - shoproxstore - Shopify,direct_to_consumer,fulfilled,2025-05-04,2025-05-09,2025-05-04,NV3,DHL eCommerce,2,1,6.46,2.26,0.5,9.22,shipmonk_estimate,USD
148732_1,93974008-6318-4f7a-86ef-b729d9b5b7c9,Cattasaurus - shoproxstore - Shopify,direct_to_consumer,fulfilled,2025-05-04,2025-05-09,2025-05-04,PA2,DHL eCommerce,3,1,12.31,4.11,0.5,16.92,shipmonk_estimate,USD
148734_1,92d2db0a-352f-4ec4-8760-05b34e9fe192,Cattasaurus - shoproxstore - Shopify,direct_to_consumer,fulfilled,2025-05-04,2025-05-09,2025-05-04,NV3,DHL eCommerce,1,1,5.77,1.89,0.0,7.66,shipmonk_estimate,USD
148736_1,f7c10a78-4351-4b85-b4f9-1b81f0ef0826,Cattasaurus - shoproxstore - Shopify,direct_to_consumer,fulfilled,2025-05-04,2025-05-09,2025-05-04,PA2,DHL eCommerce,2,1,6.68,2.26,0.5,9.44,shipmonk_estimate,USD
148738_1,0f39d971-b3f0-4333-8a85-e4edef95f387,Cattasaurus - shoproxstore - Shopify,direct_to_consumer,fulfilled,2025-05-04,2025-05-12,2025-05-04,NV3,DHL eCommerce,1,1,5.43,1.89,0.0,7.32,shipmonk_estimate,USD
148744,6589144138038,Cattasaurus - shoproxstore - Shopify,direct_to_consumer,fulfilled,2025-05-04,2025-05-06,2025-05-04,PA2,OnTrac,1,1,15.27,2.26,0.0,17.53,shipmonk_estimate,USD
148750,6589171433782,Cattasaurus - shoproxstore - Shopify,direct_to_consumer,fulfilled,2025-05-04,2025-05-06,2025-05-04,PA2,OnTrac,1,1,19.51,2.26,0.0,21.77,shipmonk_estimate,USD
148753,6589188505910,Cattasaurus - shoproxstore - Shopify,direct_to_consumer,fulfilled,2025-05-04,2025-05-06,2025-05-04,PA2,FedEx,1,1,17.97,2.26,0.0,20.23,shipmonk_estimate,USD
148769_1,00764745-0e6d-4059-8a1d-be924814faf5,Cattasaurus - shoproxstore - Shopify,direct_to_consumer,fulfilled,2025-05-04,2025-05-09,2025-05-04,NV3,DHL eCommerce,1,1,4.97,1.89,0.3,7.16,shipmonk_estimate,USD
148770_1,d7986ac1-5851-41cf-8714-77b83184b7d0,Cattasaurus - shoproxstore - Shopify,direct_to_consumer,fulfilled,2025-05-04,2025-05-09,2025-05-04,PA2,OnTrac,1,1,5.61,1.89,0.0,7.5,shipmonk_estimate,USD
148773_1,aabfad40-7283-4872-aa68-e8ccdca8060a,Cattasaurus - shoproxstore - Shopify,direct_to_consumer,fulfilled,2025-05-04,2025-05-09,2025-05-04,NV3,USPS,1,1,4.62,1.89,0.3,6.81,shipmonk_estimate,USD
148777_1,199a9a61-55e6-4779-9971-d65627404cce,Cattasaurus - shoproxstore - Shopify,direct_to_consumer,fulfilled,2025-05-05,2025-05-09,2025-05-05,NV3,DHL eCommerce,2,1,6.62,2.26,0.5,9.38,shipmonk_estimate,USD
148781,6589957669174,Cattasaurus - shoproxstore - Shopify,direct_to_consumer,fulfilled,2025-05-05,2025-05-06,2025-05-05,PA2,OnTrac,1,1,13.17,2.26,0.0,15.43,shipmonk_estimate,USD
148783,6589967106358,Cattasaurus - shoproxstore - Shopify,direct_to_consumer,fulfilled,2025-05-05,2025-05-06,2025-05-05,PA2,OnTrac,1,1,14.71,2.26,0.0,16.97,shipmonk_estimate,USD
148787,6590017896758,Cattasaurus - shoproxstore - Shopify,direct_to_consumer,fulfilled,2025-05-05,2025-05-06,2025-05-05,PA2,OnTrac,1,1,16.8,2.26,0.0,19.06,shipmonk_estimate,USD
148790,6590045946166,Cattasaurus - shoproxstore - Shopify,direct_to_consumer,fulfilled,2025-05-05,2025-05-06,2025-05-05,PA2,OnTrac,1,1,15.27,2.26,0.0,17.53,shipmonk_estimate,USD
148792,6590062166326,Cattasaurus - shoproxstore - Shopify,direct_to_consumer,fulfilled,2025-05-05,2025-05-06,2025-05-05,PA2,OnTrac,1,1,16.8,2.26,0.0,19.06,shipmonk_estimate,USD
148795_1,7244a85e-1403-4381-85aa-38ba5c8c69fe,Cattasaurus - shoproxstore - Shopify,direct_to_consumer,fulfilled,2025-05-05,2025-05-09,2025-05-05,PA2,USPS,1,1,5.61,1.89,0.0,7.5,shipmonk_estimate,USD
148807,6590154506550,Cattasaurus - shoproxstore - Shopify,direct_to_consumer,fulfilled,2025-05-05,2025-05-06,2025-05-05,PA2,OnTrac,1,1,13.17,2.26,0.0,15.43,shipmonk_estimate,USD
148816,6590191370550,Cattasaurus - shoproxstore - Shopify,direct_to_consumer,fulfilled,2025-05-05,2025-05-07,2025-05-05,PA2,OnTrac,1,1,16.77,2.26,0.0,19.03,shipmonk_estimate,USD
148818,6590201921846,Cattasaurus - shoproxstore - Shopify,direct_to_consumer,fulfilled,2025-05-05,2025-05-07,2025-05-05,PA2,OnTrac,1,1,23.78,2.26,0.0,26.04,shipmonk_estimate,USD
148820,6590229676342,Cattasaurus - shoproxstore - Shopify,direct_to_consumer,fulfilled,2025-05-05,2025-05-07,2025-05-05,PA2,UPS,1,1,14.71,2.26,0.0,16.97,shipmonk_estimate,USD
148821_1,021b6857-b613-4b6c-98d4-44fe3f402e27,Cattasaurus - shoproxstore - Shopify,direct_to_consumer,fulfilled,2025-05-05,2025-05-12,2025-05-05,NV3,USPS,1,1,5.61,1.89,0.0,7.5,shipmonk_estimate,USD
148826,6590272471350,Cattasaurus - shoproxstore - Shopify,direct_to_consumer,fulfilled,2025-05-05,2025-05-07,2025-05-05,PA2,FedEx,2,1,27.21,2.63,0.0,29.84,shipmonk_estimate,USD
148827,6590278304054,Cattasaurus - shoproxstore - Shopify,direct_to_consumer,fulfilled,2025-05-05,2025-05-07,2025-05-05,PA2,OnTrac,1,1,15.27,2.26,0.0,17.53,shipmonk_estimate,USD
148837,6590326898998,Cattasaurus - shoproxstore - Shopify,direct_to_consumer,fulfilled,2025-05-05,2025-05-07,2025-05-05,PA2,FedEx,2,1,22.24,2.63,0.0,24.87,shipmonk_estimate,USD
148838,6590351474998,Cattasaurus - shoproxstore - Shopify,direct_to_consumer,fulfilled,2025-05-05,2025-05-07,2025-05-05,PA2,FedEx,1,1,21.05,2.26,0.0,23.31,shipmonk_estimate,USD
148839,6590353506614,Cattasaurus - shoproxstore - Shopify,direct_to_consumer,fulfilled,2025-05-05,2025-05-07,2025-05-05,PA2,OnTrac,1,1,23.78,2.26,0.0,26.04,shipmonk_estimate,USD
148841_1,1ec4d705-f607-4ed9-8d12-a490ae446bb1,Cattasaurus - shoproxstore - Shopify,direct_to_consumer,fulfilled,2025-05-05,2025-05-12,2025-05-05,NV3,USPS,1,1,4.64,1.89,0.3,6.83,shipmonk_estimate,USD
148845_1,d925e00c-421a-4021-807d-7979715e80a3,Cattasaurus - shoproxstore - Shopify,direct_to_consumer,fulfilled,2025-05-05,2025-05-09,2025-05-05,NV3,DHL eCommerce,1,1,5.43,2.26,0.5,8.19,shipmonk_estimate,USD
148848_1,21d8c422-3082-47e0-9ed8-aaa53fe08259,Cattasaurus - shoproxstore - Shopify,direct_to_consumer,fulfilled,2025-05-05,2025-05-09,2025-05-05,NV3,DHL eCommerce,1,1,4.89,1.89,0.3,7.08,shipmonk_estimate,USD
148852_1,7e9bae5b-e7fc-4f05-8f26-698cbabe408e,Cattasaurus - shoproxstore - Shopify,direct_to_consumer,fulfilled,2025-05-05,2025-05-09,2025-05-05,PA2,USPS,1,1,5.68,1.89,0.0,7.57,shipmonk_estimate,USD
148855,6590437196086,Cattasaurus - shoproxstore - Shopify,direct_to_consumer,fulfilled,2025-05-05,2025-05-07,2025-05-05,PA2,OnTrac,2,1,16.77,2.63,0.0,19.4,shipmonk_estimate,USD
148857_1,df3f0a19-c019-4496-a705-818fbca9cf6e,Cattasaurus - shoproxstore - Shopify,direct_to_consumer,fulfilled,2025-05-05,2025-05-11,2025-05-05,PA2,DHL eCommerce,1,1,4.62,1.89,0.3,6.81,shipmonk_estimate,USD
148858_1,2031de98-e2b9-4e8a-8e7c-d12156dd3063,Cattasaurus - shoproxstore - Shopify,direct_to_consumer,fulfilled,2025-05-05,2025-05-09,2025-05-05,NV3,DHL eCommerce,1,1,5.43,1.89,0.0,7.32,shipmonk_estimate,USD
148860_1,8150a08c-2544-4431-96f0-fb9871f2a866,Cattasaurus - shoproxstore - Shopify,direct_to_consumer,fulfilled,2025-05-05,2025-05-11,2025-05-05,PA2,DHL eCommerce,1,1,4.97,1.89,0.3,7.16,shipmonk_estimate,USD
148862_1,fc2cd375-9c12-4f0e-ab66-1adb4f1a8d3e,Cattasaurus - shoproxstore - Shopify,direct_to_consumer,fulfilled,2025-05-05,2025-05-11,2025-05-05,PA2,USPS,1,1,4.89,1.89,0.3,7.08,shipmonk_estimate,USD
148868,6590501257526,Cattasaurus - shoproxstore - Shopify,direct_to_consumer,fulfilled,2025-05-05,2025-05-07,2025-05-05,PA2,FedEx,1,1,23.78,2.26,0.0,26.04,shipmonk_estimate,USD
148875_1,8c3ed02a-6f56-4b46-bc21-caadd4b047d6,Cattasaurus - shoproxstore - Shopify,direct_to_consumer,fulfilled,2025-05-05,2025-05-09,2025-05-05,NV3,DHL eCommerce,1,1,5.61,1.89,0.0,7.5,shipmonk_estimate,USD
148876_1,02b6fcbc-3626-4fb2-a27b-0cb43dd31793,Cattasaurus - shoproxstore - Shopify,direct_to_consumer,fulfilled,2025-05-05,2025-05-09,2025-05-05,NV3,DHL eCommerce,1,1,5.77,1.89,0.0,7.66,shipmonk_estimate,USD
148879_1,bacea435-b3d1-414f-9769-0fed9b226a8c,Cattasaurus - shoproxstore - Shopify,direct_to_consumer,fulfilled,2025-05-05,2025-05-09,2025-05-05,NV3,DHL eCommerce,1,1,5.1,1.89,0.3,7.29,shipmonk_estimate,USD
148887,6590616174902,Cattasaurus - shoproxstore - Shopify,direct_to_consumer,fulfilled,2025-05-05,2025-05-07,2025-05-05,PA2,OnTrac,1,1,13.17,2.26,0.0,15.43,shipmonk_estimate,USD
148889_1,a1ba0cb5-c9e8-47c7-9c3e-8d50f9819484,Cattasaurus - shoproxstore - Shopify,direct_to_consumer,fulfilled,2025-05-05,2025-05-12,2025-05-05,PA2,DHL eCommerce,1,1,5.68,1.89,0.0,7.57,shipmonk_estimate,USD
148894_1,f0bd833c-c866-4e0f-975b-e534486ffea6,Cattasaurus - shoproxstore - Shopify,direct_to_consumer,fulfilled,2025-05-05,2025-05-12,2025-05-05,PA2,USPS,1,1,5.68,1.89,0.0,7.57,shipmonk_estimate,USD
148900,6590674764086,Cattasaurus - shoproxstore - Shopify,direct_to_consumer,fulfilled,2025-05-05,2025-05-07,2025-05-05,PA2,OnTrac,1,1,13.17,2.26,0.0,15.43,shipmonk_estimate,USD
148903_1,66a14311-cb45-4522-b85c-b3d98486085b,Cattasaurus - shoproxstore - Shopify,direct_to_consumer,fulfilled,2025-05-05,2025-05-10,2025-05-05,PA2,DHL eCommerce,2,1,6.68,2.26,0.5,9.44,shipmonk_estimate,USD
148904_1,11d8ebe4-a147-4197-b716-32c34e0b95e2,Cattasaurus - shoproxstore - Shopify,direct_to_consumer,fulfilled,2025-05-05,2025-05-11,2025-05-05,PA2,DHL eCommerce,1,1,4.64,1.89,0.3,6.83,shipmonk_estimate,USD
148905,6590702092598,Cattasaurus - shoproxstore - Shopify,direct_to_consumer,fulfilled,2025-05-05,2025-05-07,2025-05-05,PA2,OnTrac,1,1,19.51,2.26,0.0,21.77,shipmonk_estimate,USD
148909_1,c056e893-265f-49c3-bacf-14d192315502,Cattasaurus - shoproxstore - Shopify,direct_to_consumer,fulfilled,2025-05-05,2025-05-09,2025-05-05,NV3,USPS,1,1,5.77,1.89,0.0,7.66,shipmonk_estimate,USD
148912,6590738006326,Cattasaurus - shoproxstore - Shopify,direct_to_consumer,fulfilled,2025-05-05,2025-05-07,2025-05-05,PA2,OnTrac,1,1,23.78,2.26,0.0,26.04,shipmonk_estimate,USD
148913_1,684ad406-a80a-44f8-a929-2d2008a7bb16,Cattasaurus - shoproxstore - Shopify,direct_to_consumer,fulfilled,2025-05-05,2025-05-09,2025-05-05,NV3,DHL eCommerce,2,1,6.74,2.26,0.5,9.5,shipmonk_estimate,USD
148914,6590752817462,Cattasaurus - shoproxstore - Shopify,direct_to_consumer,fulfilled,2025-05-05,2025-05-07,2025-05-05,PA2,OnTrac,1,1,15.27,2.26,0.0,17.53,shipmonk_estimate,USD
148915,6590769496374,Cattasaurus - shoproxstore - Shopify,direct_to_consumer,fulfilled,2025-05-05,2025-05-07,2025-05-05,NV3,DHL eCommerce,1,1,5.68,1.89,0.0,7.57,shipmonk_estimate,USD
148918,6590777917750,Cattasaurus - shoproxstore - Shopify,direct_to_consumer,fulfilled,2025-05-05,2025-05-07,2025-05-05,PA2,OnTrac,1,1,15.27,2.26,0.0,17.53,shipmonk_estimate,USD
148929,6590829887798,Cattasaurus - shoproxstore - Shopify,direct_to_consumer,fulfilled,2025-05-05,2025-05-07,2025-05-05,PA2,OnTrac,1,1,15.27,2.26,0.0,17.53,shipmonk_estimate,USD
148931,6590839488822,Cattasaurus - shoproxstore - Shopify,direct_to_consumer,fulfilled,2025-05-05,2025-05-07,2025-05-05,NV3,USPS,1,1,5.68,1.89,0.0,7.57,shipmonk_estimate,USD
148942_1,9c6a7f8b-51ba-49ca-a187-ff5429a3d4f3,Cattasaurus - shoproxstore - Shopify,direct_to_consumer,fulfilled,2025-05-05,2025-05-09,2025-05-05,NV3,DHL eCommerce,1,1,5.61,1.89,0.0,7.5,shipmonk_estimate,USD
148945_1,b1b251a0-bd20-4ac5-af5e-beee7a7feb67,Cattasaurus - shoproxstore - Shopify,direct_to_consumer,fulfilled,2025-05-05,2025-05-12,2025-05-05,PA2,USPS,1,1,5.61,1.89,0.0,7.5,shipmonk_estimate,USD
148951_1,4075448b-b694-45db-a80e-3a4f2e521178,Cattasaurus - shoproxstore - Shopify,direct_to_consumer,fulfilled,2025-05-05,2025-05-09,2025-05-05,NV3,USPS,1,1,4.64,2.26,0.3,7.2,shipmonk_estimate,USD
148954_1,c6f5eafe-715b-4a96-afd8-4d95f6349bbd,Cattasaurus - shoproxstore - Shopify,direct_to_consumer,fulfilled,2025-05-05,2025-05-10,2025-05-05,PA2,DHL eCommerce,2,1,6.68,2.26,0.5,9.44,shipmonk_estimate,USD
148955_1,c9913f05-a4b2-4439-a91b-18b440094f41,Cattasaurus - shoproxstore - Shopify,direct_to_consumer,fulfilled,2025-05-05,2025-05-09,2025-05-05,NV3,USPS,1,1,5.77,1.89,0.0,7.66,shipmonk_estimate,USD
148956_1,0385f943-e7db-4ae3-88be-c6595a8351fb,Cattasaurus - shoproxstore - Shopify,direct_to_consumer,fulfilled,2025-05-05,2025-05-12,2025-05-05,PA2,DHL eCommerce,2,1,12.31,4.85,0.5,17.66,shipmonk_estimate,USD
148958,6590973575478,Cattasaurus - shoproxstore - Shopify,direct_to_consumer,fulfilled,2025-05-05,2025-05-07,2025-05-05,NV3,DHL eCommerce,1,1,5.43,3.0,0.3,8.73,shipmonk_estimate,USD
148963,6590993563958,Cattasaurus - shoproxstore - Shopify,direct_to_consumer,fulfilled,2025-05-05,2025-05-07,2025-05-05,PA2,FedEx,1,1,23.78,2.26,0.0,26.04,shipmonk_estimate,USD
148964,6591003951414,Cattasaurus - shoproxstore - Shopify,direct_to_consumer,fulfilled,2025-05-05,2025-05-07,2025-05-05,PA2,OnTrac,1,1,27.21,2.26,0.0,29.47,shipmonk_estimate,USD
148966,6591008670006,Cattasaurus - shoproxstore - Shopify,direct_to_consumer,fulfilled,2025-05-05,2025-05-07,2025-05-05,PA2,FedEx,1,1,18.31,2.26,0.0,20.57,shipmonk_estimate,USD
148975_1,85c79b6c-652f-44ba-8d05-a80b430ee236,Cattasaurus - shoproxstore - Shopify,direct_to_consumer,fulfilled,2025-05-05,2025-05-10,2025-05-05,PA2,DHL eCommerce,2,1,6.68,2.26,0.5,9.44,shipmonk_estimate,USD
148976,6591037079862,Cattasaurus - shoproxstore - Shopify,direct_to_consumer,fulfilled,2025-05-05,2025-05-07,2025-05-05,PA2,OnTrac,1,1,21.05,2.26,0.0,23.31,shipmonk_estimate,USD
148978,6591046156598,Cattasaurus - shoproxstore - Shopify,direct_to_consumer,fulfilled,2025-05-05,2025-05-07,2025-05-05,PA2,OnTrac,1,1,21.05,2.26,0.0,23.31,shipmonk_estimate,USD
148979_1,e437358a-9846-4fed-a9c1-d3d50e1a3060,Cattasaurus - shoproxstore - Shopify,direct_to_consumer,fulfilled,2025-05-05,2025-05-12,2025-05-05,PA2,DHL eCommerce,1,1,5.77,1.89,0.0,7.66,shipmonk_estimate,USD
148981_1,78963c56-44d3-4dde-89ee-5c1f0882e3d5,Cattasaurus - shoproxstore - Shopify,direct_to_consumer,fulfilled,2025-05-05,2025-05-12,2025-05-05,PA2,DHL eCommerce,1,1,5.68,1.89,0.0,7.57,shipmonk_estimate,USD
148983,6591089606966,Cattasaurus - shoproxstore - Shopify,direct_to_consumer,fulfilled,2025-05-05,2025-05-07,2025-05-05,PA2,OnTrac,1,1,23.78,2.26,0.0,26.04,shipmonk_estimate,USD
148986,6591096095030,Cattasaurus - shoproxstore - Shopify,direct_to_consumer,fulfilled,2025-05-05,2025-05-07,2025-05-05,PA2,OnTrac,2,1,19.51,2.63,0.0,22.14,shipmonk_estimate,USD
148988_1,81f6959b-6a06-484b-99a7-abbb3876de10,Cattasaurus - shoproxstore - Shopify,direct_to_consumer,fulfilled,2025-05-05,2025-05-11,2025-05-05,PA2,DHL eCommerce,1,1,5.41,3.0,0.3,8.71,shipmonk_estimate,USD
148990,6591122768182,Cattasaurus - shoproxstore - Shopify,direct_to_consumer,fulfilled,2025-05-05,2025-05-07,2025-05-05,PA2,FedEx,1,1,21.05,2.26,0.0,23.31,shipmonk_estimate,USD
148994,6591131386166,Cattasaurus - shoproxstore - Shopify,direct_to_consumer,fulfilled,2025-05-05,2025-05-07,2025-05-05,PA2,FedEx,3,1,15.27,3.0,0.0,18.27,shipmonk_estimate,USD
148996,6591157207350,Cattasaurus - shoproxstore - Shopify,direct_to_consumer,fulfilled,2025-05-05,2025-05-07,2025-05-05,PA2,OnTrac,2,1,16.77,2.63,0.0,19.4,shipmonk_estimate,USD
148997,6591160254774,Cattasaurus - shoproxstore - Shopify,direct_to_consumer,fulfilled,2025-05-05,2025-05-07,2025-05-05,PA2,OnTrac,1,1,27.21,2.26,0.0,29.47,shipmonk_estimate,USD
148999_1,5b46d8d4-9a67-46a4-8879-5aaed6f7a131,Cattasaurus - shoproxstore - Shopify,direct_to_consumer,fulfilled,2025-05-05,2025-05-09,2025-05-05,NV3,DHL eCommerce,1,1,4.97,1.89,0.3,7.16,shipmonk_estimate,USD
149004_1,85b0198b-d748-417e-9452-d646ed5406f0,Cattasaurus - shoproxstore - Shopify,direct_to_consumer,fulfilled,2025-05-05,2025-05-12,2025-05-05,PA2,DHL eCommerce,1,1,5.61,1.89,0.0,7.5,shipmonk_estimate,USD
149006,6591210783030,Cattasaurus - shoproxstore - Shopify,direct_to_consumer,fulfilled,2025-05-05,2025-05-07,2025-05-05,PA2,OnTrac,1,1,16.77,2.26,0.0,19.03,shipmonk_estimate,USD
149007,6591212454198,Cattasaurus - shoproxstore - Shopify,direct_to_consumer,fulfilled,2025-05-05,2025-05-07,2025-05-05,PA2,OnTrac,1,1,27.21,2.26,0.0,29.47,shipmonk_estimate,USD
149009_1,edd9b0fc-ee9e-48e6-b0f1-92fa066def14,Cattasaurus - shoproxstore - Shopify,direct_to_consumer,fulfilled,2025-05-05,2025-05-11,2025-05-05,PA2,USPS,1,1,4.89,1.89,0.3,7.08,shipmonk_estimate,USD
149010_1,cc0348d3-e6b0-43a7-8f9b-ef2d9c150a0f,Cattasaurus - shoproxstore - Shopify,direct_to_consumer,fulfilled,2025-05-05,2025-05-09,2025-05-05,NV3,USPS,1,1,4.64,1.89,0.3,6.83,shipmonk_estimate,USD
112-3478112-7041066,112-3478112-7041066,Cattasaurus - Amazon USA,direct_to_consumer,fulfilled,2025-05-06,2025-05-07,2025-05-06,NV3,DHL eCommerce,1,1,5.1,1.89,0.3,7.29,shipmonk_estimate,USD
149020,6591536955702,Cattasaurus - shoproxstore - Shopify,direct_to_consumer,fulfilled,2025-05-06,2025-05-07,2025-05-06,PA2,OnTrac,1,1,14.71,2.26,0.0,16.97,shipmonk_estimate,USD
149023,6591551373622,Cattasaurus - shoproxstore - Shopify,direct_to_consumer,fulfilled,2025-05-06,2025-05-07,2025-05-06,PA2,OnTrac,1,1,16.8,2.26,0.0,19.06,shipmonk_estimate,USD
149026_1,7939fd3d-9d94-4d92-bd8e-f8146d780a25,Cattasaurus - shoproxstore - Shopify,direct_to_consumer,fulfilled,2025-05-06,2025-05-16,2025-05-06,PA2,OnTrac,2,1,13.88,2.63,0.0,16.51,shipmonk_estimate,USD
149028_1,bb8bb867-3620-4b3d-bfa4-e3551f2f2a78,Cattasaurus - shoproxstore - Shopify,direct_to_consumer,fulfilled,2025-05-06,2025-05-11,2025-05-06,PA2,DHL eCommerce,1,1,4.89,1.89,0.3,7.08,shipmonk_estimate,USD
149029_1,45b1034d-a810-46f9-bbf0-d46ba4e0e447,Cattasaurus - shoproxstore - Shopify,direct_to_consumer,fulfilled,2025-05-06,2025-05-12,2025-05-06,NV3,DHL eCommerce,2,1,6.46,2.63,0.5,9.59,shipmonk_estimate,USD
149031,6591588008246,Cattasaurus - shoproxstore - Shopify,direct_to_consumer,fulfilled,2025-05-06,2025-05-07,2025-05-06,PA2,OnTrac,1,1,19.51,2.26,0.0,21.77,shipmonk_estimate,USD
149037,6591605408054,Cattasaurus - shoproxstore - Shopify,direct_to_consumer,fulfilled,2025-05-06,2025-05-07,2025-05-06,PA2,FedEx,3,1,23.78,3.0,0.0,26.78,shipmonk_estimate,USD
149042_1,e7a71139-b9e4-4d26-905c-692ec1cbe635,Cattasaurus - shoproxstore - Shopify,direct_to_consumer,fulfilled,2025-05-06,2025-05-11,2025-05-06,PA2,DHL eCommerce,1,1,4.64,1.89,0.3,6.83,shipmonk_estimate,USD
149043_1,0f909afe-96ac-4071-b0ad-7fd34193fad2,Cattasaurus - shoproxstore - Shopify,direct_to_consumer,fulfilled,2025-05-06,2025-05-12,2025-05-06,PA2,DHL eCommerce,1,1,5.61,1.89,0.0,7.5,shipmonk_estimate,USD
149046_1,3eb64aa5-97a1-41f4-914b-935584ce6d00,Cattasaurus - shoproxstore - Shopify,direct_to_consumer,fulfilled,2025-05-06,2025-05-10,2025-05-06,PA2,DHL eCommerce,2,1,6.68,2.63,0.5,9.81,shipmonk_estimate,USD
149047,6591642829110,Cattasaurus - shoproxstore - Shopify,direct_to_consumer,fulfilled,2025-05-06,2025-05-07,2025-05-06,PA2,FedEx,2,1,27.21,2.63,0.0,29.84,shipmonk_estimate,USD
149054_1,040e66b8-5d02-4834-adb6-df51e3c73abc,Cattasaurus - shoproxstore - Shopify,direct_to_consumer,fulfilled,2025-05-06,2025-05-09,2025-05-06,NV3,USPS,1,1,5.1,1.89,0.3,7.29,shipmonk_estimate,USD
149058_1,5cd491fa-fe8c-4bc5-b376-6b28b6a3d97c,Cattasaurus - shoproxstore - Shopify,direct_to_consumer,fulfilled,2025-05-06,2025-05-12,2025-05-06,PA2,USPS,1,1,5.68,1.89,0.0,7.57,shipmonk_estimate,USD
149059_1,e20b2937-6cc6-44bb-ac53-d66aae049512,Cattasaurus - shoproxstore - Shopify,direct_to_consumer,fulfilled,2025-05-06,2025-05-11,2025-05-06,PA2,DHL eCommerce,1,1,5.1,1.89,0.3,7.29,shipmonk_estimate,USD
149061_1,d22bdf81-963a-4103-a76a-3e19b1b56ba6,Cattasaurus - shoproxstore - Shopify,direct_to_consumer,fulfilled,2025-05-06,2025-05-10,2025-05-06,PA2,DHL eCommerce,2,1,5.43,2.26,0.5,8.19,shipmonk_estimate,USD
149064,6591708692790,Cattasaurus - shoproxstore - Shopify,direct_to_consumer,fulfilled,2025-05-06,2025-05-07,2025-05-06,NV3,FedEx,1,1,27.78,2.26,0.0,30.04,shipmonk_estimate,USD
149066_1,5a2a8d6c-8878-4ef2-8aeb-f6d8e7480385,Cattasaurus - shoproxstore - Shopify,direct_to_consumer,fulfilled,2025-05-06,2025-05-09,2025-05-06,NV3,DHL eCommerce,1,1,5.77,1.89,0.0,7.66,shipmonk_estimate,USD
149067,6591730647350,Cattasaurus - shoproxstore - Shopify,direct_to_consumer,fulfilled,2025-05-06,2025-05-07,2025-05-06,PA2,OnTrac,2,1,18.31,2.63,0.0,20.94,shipmonk_estimate,USD
149069,6591744180534,Cattasaurus - shoproxstore - Shopify,direct_to_consumer,fulfilled,2025-05-06,2025-05-08,2025-05-06,PA2,OnTrac,1,1,14.71,2.63,0.0,17.34,shipmonk_estimate,USD
149071_1,516b75c8-ee1d-4f36-bdbc-fa66d4c42f10,Cattasaurus - shoproxstore - Shopify,direct_to_consumer,fulfilled,2025-05-06,2025-05-08,2025-05-06,NV3,USPS,1,1,4.64,1.89,0.3,6.83,shipmonk_estimate,USD
149074_1,4aa5df4a-4e94-4569-987b-6849c0cb54fa,Cattasaurus - shoproxstore - Shopify,direct_to_consumer,fulfilled,2025-05-06,2025-05-10,2025-05-06,PA2,DHL eCommerce,1,1,5.68,2.26,0.5,8.44,shipmonk_estimate,USD
149082_1,9455d96f-92a2-4f87-8b52-02d6eb6e09f6,Cattasaurus - shoproxstore - Shopify,direct_to_consumer,fulfilled,2025-05-06,2025-05-11,2025-05-06,PA2,USPS,1,1,4.97,1.89,0.3,7.16,shipmonk_estimate,USD
149083,6591826919734,Cattasaurus - shoproxstore - Shopify,direct_to_consumer,fulfilled,2025-05-06,2025-05-08,2025-05-06,PA2,OnTrac,2,1,13.17,3.0,0.0,16.17,shipmonk_estimate,USD
149085,6591847825718,Cattasaurus - shoproxstore - Shopify,direct_to_consumer,fulfilled,2025-05-06,2025-05-08,2025-05-06,PA2,OnTrac,1,1,27.21,2.63,0.0,29.84,shipmonk_estimate,USD
149086_1,1e2c253f-9516-45a9-b7e2-749c1ec964fc,Cattasaurus - shoproxstore - Shopify,direct_to_consumer,fulfilled,2025-05-06,2025-05-10,2025-05-06,PA2,DHL eCommerce,1,1,5.43,2.26,0.5,8.19,shipmonk_estimate,USD
149087,6591848218934,Cattasaurus - shoproxstore - Shopify,direct_to_consumer,fulfilled,2025-05-06,2025-05-08,2025-05-06,PA2,FedEx,1,1,18.31,2.63,0.0,20.94,shipmonk_estimate,USD
149088,6591849398582,Cattasaurus - shoproxstore - Shopify,direct_to_consumer,fulfilled,2025-05-06,2025-05-08,2025-05-06,PA2,OnTrac,1,1,23.78,2.63,0.0,26.41,shipmonk_estimate,USD
149090,6591855165750,Cattasaurus - shoproxstore - Shopify,direct_to_consumer,fulfilled,2025-05-06,2025-05-08,2025-05-06,PA2,FedEx,1,1,23.78,2.63,0.0,26.41,shipmonk_estimate,USD
149093,6591867093302,Cattasaurus - shoproxstore - Shopify,direct_to_consumer,fulfilled,2025-05-06,2025-05-08,2025-05-06,PA2,FedEx,1,1,16.8,2.63,0.0,19.43,shipmonk_estimate,USD
149095,6591879872822,Cattasaurus - shoproxstore - Shopify,direct_to_consumer,fulfilled,2025-05-06,2025-05-08,2025-05-06,PA2,OnTrac,1,1,16.77,2.63,0.0,19.4,shipmonk_estimate,USD
149100_1,5c1f07eb-3b90-42c8-a1db-4d6e5182f2e3,Cattasaurus - shoproxstore - Shopify,direct_to_consumer,fulfilled,2025-05-06,2025-05-12,2025-05-06,NV3,DHL eCommerce,1,1,5.61,1.89,0.0,7.5,shipmonk_estimate,USD
149107_1,9e508393-ea16-4764-8011-01a48d3746eb,Cattasaurus - shoproxstore - Shopify,direct_to_consumer,fulfilled,2025-05-06,2025-05-12,2025-05-06,PA2,OnTrac,1,1,5.41,1.89,0.0,7.3,shipmonk_estimate,USD
149108,6591970378038,Cattasaurus - shoproxstore - Shopify,direct_to_consumer,fulfilled,2025-05-06,2025-05-08,2025-05-06,PA2,OnTrac,1,1,15.27,2.63,0.0,17.9,shipmonk_estimate,USD
149109,6591970967862,Cattasaurus - shoproxstore - Shopify,direct_to_consumer,fulfilled,2025-05-06,2025-05-08,2025-05-06,PA2,FedEx,3,1,16.8,3.37,0.0,20.17,shipmonk_estimate,USD
149112,6591994429750,Cattasaurus - shoproxstore - Shopify,direct_to_consumer,fulfilled,2025-05-06,2025-05-08,2025-05-06,PA2,OnTrac,1,1,21.05,2.63,0.0,23.68,shipmonk_estimate,USD
149116_1,31ae76d4-1aee-480a-a1cc-e802364a1310,Cattasaurus - shoproxstore - Shopify,direct_to_consumer,fulfilled,2025-05-06,2025-05-12,2025-05-06,NV3,DHL eCommerce,2,1,6.62,2.26,0.5,9.38,shipmonk_estimate,USD
149117,6592036176182,Cattasaurus - shoproxstore - Shopify,direct_to_consumer,fulfilled,2025-05-06,2025-05-08,2025-05-06,PA2,FedEx,1,1,27.21,2.26,0.0,29.47,shipmonk_estimate,USD
149121,6592061014326,Cattasaurus - shoproxstore - Shopify,direct_to_consumer,fulfilled,2025-05-06,2025-05-08,2025-05-06,PA2,OnTrac,2,1,15.27,3.37,0.0,18.64,shipmonk_estimate,USD
149122_1,59cb4dd7-b384-4049-bd10-38c0b8793df4,Cattasaurus - shoproxstore - Shopify,direct_to_consumer,fulfilled,2025-05-06,2025-05-12,2025-05-06,NV3,DHL eCommerce,1,1,5.68,2.26,0.5,8.44,shipmonk_estimate,USD
149123,6592083886390,Cattasaurus - shoproxstore - Shopify,direct_to_consumer,fulfilled,2025-05-06,2025-05-08,2025-05-06,PA2,FedEx,2,1,16.77,3.0,0.0,19.77,shipmonk_estimate,USD
149125,6592098861366,Cattasaurus - shoproxstore - Shopify,direct_to_consumer,fulfilled,2025-05-06,2025-07-15,2025-05-06,PA2,OnTrac,1,1,12.5,2.5,0.0,15.0,shipmonk_estimate,USD
149136,6592173244726,Cattasaurus - shoproxstore - Shopify,direct_to_consumer,fulfilled,2025-05-06,2025-05-08,2025-05-06,PA2,OnTrac,1,1,27.21,2.26,0.0,29.47,shipmonk_estimate,USD
149143,6592206831926,Cattasaurus - shoproxstore - Shopify,direct_to_consumer,fulfilled,2025-05-06,2025-05-08,2025-05-06,PA2,OnTrac,1,1,13.17,2.26,0.0,15.43,shipmonk_estimate,USD
149146,6592212205878,Cattasaurus - shoproxstore - Shopify,direct_to_consumer,fulfilled,2025-05-06,2025-05-08,2025-05-06,PA2,FedEx,2,1,22.79,3.0,0.0,25.79,shipmonk_estimate,USD
149149_1,8e4b63cc-8c64-401e-8198-1aed2e2a3e12,Cattasaurus - shoproxstore - Shopify,direct_to_consumer,fulfilled,2025-05-06,2025-05-12,2025-05-06,NV3,USPS,1,1,4.64,1.89,0.3,6.83,shipmonk_estimate,USD
149150,6592242155830,Cattasaurus - shoproxstore - Shopify,direct_to_consumer,fulfilled,2025-05-06,,2025-05-06,PA2,unknown,1,0,0.0,2.26,0.0,2.26,shipmonk_estimate,USD
149152,6592246350134,Cattasaurus - shoproxstore - Shopify,direct_to_consumer,fulfilled,2025-05-06,2025-05-08,2025-05-06,PA2,OnTrac,1,1,19.51,2.26,0.0,21.77,shipmonk_estimate,USD
149156,6592311263542,Cattasaurus - shoproxstore - Shopify,direct_to_consumer,fulfilled,2025-05-06,2025-05-08,2025-05-06,PA2,OnTrac,1,1,13.17,2.26,0.0,15.43,shipmonk_estimate,USD
149157_1,86df2017-89be-4b95-89fb-4877a8d13c41,Cattasaurus - shoproxstore - Shopify,direct_to_consumer,fulfilled,2025-05-06,2025-05-12,2025-05-06,NV3,DHL eCommerce,1,1,5.43,1.89,0.0,7.32,shipmonk_estimate,USD
149158,6592344523062,Cattasaurus - shoproxstore - Shopify,direct_to_consumer,fulfilled,2025-05-06,2025-05-08,2025-05-06,NV3,DHL eCommerce,1,1,5.68,1.89,0.0,7.57,shipmonk_estimate,USD
149174_1,8f5d40d5-2f9d-4766-802b-991c7e984294,Cattasaurus - shoproxstore - Shopify,direct_to_consumer,fulfilled,2025-05-06,2025-05-12,2025-05-06,NV3,DHL eCommerce,1,1,5.68,1.89,0.0,7.57,shipmonk_estimate,USD
149175_1,8ee57f95-3ec6-4bcb-8acb-9cf1051f8106,Cattasaurus - shoproxstore - Shopify,direct_to_consumer,fulfilled,2025-05-06,2025-05-12,2025-05-06,NV3,USPS,1,1,5.68,1.89,0.0,7.57,shipmonk_estimate,USD
149176_1,430177a4-de62-4e88-a9db-6bbf1baee9b6,Cattasaurus - shoproxstore - Shopify,direct_to_consumer,fulfilled,2025-05-06,2025-05-12,2025-05-06,NV3,DHL eCommerce,1,1,4.89,1.89,0.3,7.08,shipmonk_estimate,USD
149180,6592441286966,Cattasaurus - shoproxstore - Shopify,direct_to_consumer,fulfilled,2025-05-06,2025-05-08,2025-05-06,PA2,FedEx,1,1,16.8,2.26,0.0,19.06,shipmonk_estimate,USD
149182_1,90a6c4c2-8ae1-4985-b97c-1e133d1f31f9,Cattasaurus - shoproxstore - Shopify,direct_to_consumer,fulfilled,2025-05-06,2025-05-12,2025-05-06,NV3,DHL eCommerce,1,1,5.61,1.89,0.0,7.5,shipmonk_estimate,USD
149183_1,47fa1999-101d-4df1-b581-680510080998,Cattasaurus - shoproxstore - Shopify,direct_to_consumer,fulfilled,2025-05-06,2025-05-11,2025-05-06,PA2,DHL eCommerce,1,1,4.97,1.89,0.3,7.16,shipmonk_estimate,USD
149185_1,33986b3c-086a-49d1-8e0c-c1d6d7e6ed5c,Cattasaurus - shoproxstore - Shopify,direct_to_consumer,fulfilled,2025-05-06,2025-05-11,2025-05-06,PA2,OnTrac,1,1,5.61,1.89,0.0,7.5,shipmonk_estimate,USD
149189_1,ba9bdb72-5238-474a-a804-ca5416ae90b6,Cattasaurus - shoproxstore - Shopify,direct_to_consumer,fulfilled,2025-05-06,2025-05-13,2025-05-06,NV3,USPS,1,1,5.68,1.89,0.0,7.57,shipmonk_estimate,USD
149193_1,305d437b-43fb-4038-b45d-212557b2b194,Cattasaurus - shoproxstore - Shopify,direct_to_consumer,fulfilled,2025-05-06,2025-05-13,2025-05-06,NV3,USPS,1,1,5.61,1.89,0.0,7.5,shipmonk_estimate,USD
149196_1,7340afd6-f524-42d3-a6b9-d155a47d46a8,Cattasaurus - shoproxstore - Shopify,direct_to_consumer,fulfilled,2025-05-06,2025-05-13,2025-05-06,NV3,DHL eCommerce,1,1,6.68,2.63,0.5,9.81,shipmonk_estimate,USD
149202_1,dcdda7d7-c756-4075-8faf-17864e9215b6,Cattasaurus - shoproxstore - Shopify,direct_to_consumer,fulfilled,2025-05-06,2025-05-11,2025-05-06,PA2,DHL eCommerce,1,1,5.68,1.89,0.0,7.57,shipmonk_estimate,USD
149203,6592567476534,Cattasaurus - shoproxstore - Shopify,direct_to_consumer,fulfilled,2025-05-06,2025-05-08,2025-05-06,PA2,OnTrac,1,1,16.77,2.63,0.0,19.4,shipmonk_estimate,USD
149209_1,6d4f0b5e-5825-441d-a2a0-b6355ab3ab1e,Cattasaurus - shoproxstore - Shopify,direct_to_consumer,fulfilled,2025-05-06,2025-05-12,2025-05-06,NV3,DHL eCommerce,1,1,5.68,1.89,0.0,7.57,shipmonk_estimate,USD
149210,6592614269238,Cattasaurus - shoproxstore - Shopify,direct_to_consumer,fulfilled,2025-05-06,2025-05-08,2025-05-06,PA2,OnTrac,1,1,14.71,2.63,0.0,17.34,shipmonk_estimate,USD
149212,6592616857910,Cattasaurus - shoproxstore - Shopify,direct_to_consumer,fulfilled,2025-05-06,2025-05-08,2025-05-06,PA2,OnTrac,2,1,14.56,4.89,0.0,19.45,shipmonk_estimate,USD
149214,6592643662134,Cattasaurus - shoproxstore - Shopify,direct_to_consumer,fulfilled,2025-05-06,2025-05-08,2025-05-06,PA2,OnTrac,1,1,13.17,2.63,0.0,15.8,shipmonk_estimate,USD
149215,6592646381878,Cattasaurus - shoproxstore - Shopify,direct_to_consumer,fulfilled,2025-05-06,2025-05-08,2025-05-06,PA2,OnTrac,2,1,16.8,3.0,0.0,19.8,shipmonk_estimate,USD
149216_1,435b728f-3466-4f03-a385-ff085a3c77d9,Cattasaurus - shoproxstore - Shopify,direct_to_consumer,fulfilled,2025-05-06,2025-05-13,2025-05-06,NV3,DHL eCommerce,1,1,5.43,1.89,0.0,7.32,shipmonk_estimate,USD
149224,6592714703158,Cattasaurus - shoproxstore - Shopify,direct_to_consumer,fulfilled,2025-05-06,2025-05-08,2025-05-06,PA2,FedEx,1,1,25.32,2.63,0.0,27.95,shipmonk_estimate,USD
149226,6592746160438,Cattasaurus - shoproxstore - Shopify,direct_to_consumer,fulfilled,2025-05-06,2025-05-08,2025-05-06,PA2,OnTrac,1,1,23.78,2.63,0.0,26.41,shipmonk_estimate,USD
149227_1,915c8a63-6c47-41a5-aa5a-5a6d2630c5b3,Cattasaurus - shoproxstore - Shopify,direct_to_consumer,fulfilled,2025-05-06,2025-05-13,2025-05-06,NV3,DHL eCommerce,1,1,5.43,2.26,0.5,8.19,shipmonk_estimate,USD
149231_1,bdfc0ad7-529b-4b5a-95bb-2486e32b9b99,Cattasaurus - shoproxstore - Shopify,direct_to_consumer,fulfilled,2025-05-06,2025-05-12,2025-05-06,NV3,DHL eCommerce,1,1,5.1,1.89,0.3,7.29,shipmonk_estimate,USD
149234_1,13f08771-64db-40ec-95e5-1dcda280c694,Cattasaurus - shoproxstore - Shopify,direct_to_consumer,fulfilled,2025-05-06,2025-05-10,2025-05-06,PA2,DHL eCommerce,2,1,6.46,2.26,0.5,9.22,shipmonk_estimate,USD
149245,6593178763574,Cattasaurus - shoproxstore - Shopify,direct_to_consumer,fulfilled,2025-05-07,2025-05-09,2025-05-07,PA2,OnTrac,1,1,19.51,2.63,0.0,22.14,shipmonk_estimate,USD
149249_1,f1ce60d7-51d5-4c1f-b9e8-8588909a208a,Cattasaurus - shoproxstore - Shopify,direct_to_consumer,fulfilled,2025-05-07,2025-05-11,2025-05-07,PA2,OnTrac,1,1,5.43,1.89,0.0,7.32,shipmonk_estimate,USD
149250_1,e571caee-3f3c-4034-b38e-93899beae0ad,Cattasaurus - shoproxstore - Shopify,direct_to_consumer,fulfilled,2025-05-07,2025-05-11,2025-05-07,PA2,DHL eCommerce,1,1,4.89,1.89,0.3,7.08,shipmonk_estimate,USD
149252_1,c5bbc461-338f-45ef-886d-eb8bafd67ffa,Cattasaurus - shoproxstore - Shopify,direct_to_consumer,fulfilled,2025-05-07,2025-05-11,2025-05-07,PA2,USPS,1,1,4.97,1.89,0.3,7.16,shipmonk_estimate,USD
149253,6593226539318,Cattasaurus - shoproxstore - Shopify,direct_to_consumer,fulfilled,2025-05-07,2025-05-09,2025-05-07,PA2,OnTrac,1,1,15.27,2.63,0.0,17.9,shipmonk_estimate,USD
149255_1,8cac325c-63c5-44eb-9f1e-6e77666fc6cb,Cattasaurus - shoproxstore - Shopify,direct_to_consumer,fulfilled,2025-05-07,2025-05-11,2025-05-07,PA2,USPS,1,1,5.68,1.89,0.0,7.57,shipmonk_estimate,USD
149257_1,3a74dde6-c33a-477a-9be4-8e601da37ddf,Cattasaurus - shoproxstore - Shopify,direct_to_consumer,fulfilled,2025-05-07,2025-05-11,2025-05-07,PA2,DHL eCommerce,1,1,5.68,1.89,0.0,7.57,shipmonk_estimate,USD
149260,6593264714038,Cattasaurus - shoproxstore - Shopify,direct_to_consumer,fulfilled,2025-05-07,2025-05-09,2025-05-07,PA2,UPS,2,1,15.64,3.0,0.0,18.64,shipmonk_estimate,USD
149261,6593302987062,Cattasaurus - shoproxstore - Shopify,direct_to_consumer,fulfilled,2025-05-07,2025-05-09,2025-05-07,PA2,FedEx,2,1,23.78,3.0,0.0,26.78,shipmonk_estimate,USD
149266_1,246e6ae2-87da-4587-8a88-e56dd288aaf8,Cattasaurus - shoproxstore - Shopify,direct_to_consumer,fulfilled,2025-05-07,2025-05-11,2025-05-07,PA2,DHL eCommerce,2,1,5.43,2.26,0.5,8.19,shipmonk_estimate,USD
149271,6593331331382,Cattasaurus - shoproxstore - Shopify,direct_to_consumer,fulfilled,2025-05-07,2025-05-09,2025-05-07,PA2,FedEx,1,1,23.78,2.63,0.0,26.41,shipmonk_estimate,USD
149274,6593369768246,Cattasaurus - shoproxstore - Shopify,direct_to_consumer,fulfilled,2025-05-07,2025-05-09,2025-05-07,PA2,FedEx,1,1,27.21,2.63,0.0,29.84,shipmonk_estimate,USD
149275_1,bce1a523-97c0-42e1-a9cd-5e1bd9d05732,Cattasaurus - shoproxstore - Shopify,direct_to_consumer,fulfilled,2025-05-07,2025-05-12,2025-05-07,NV3,DHL eCommerce,2,1,6.68,2.26,0.5,9.44,shipmonk_estimate,USD
149276,6593380679990,Cattasaurus - shoproxstore - Shopify,direct_to_consumer,fulfilled,2025-05-07,2025-05-09,2025-05-07,PA2,OnTrac,1,1,16.8,2.63,0.0,19.43,shipmonk_estimate,USD
149277,6593382482230,Cattasaurus - shoproxstore - Shopify,direct_to_consumer,fulfilled,2025-05-07,2025-05-09,2025-05-07,PA2,OnTrac,1,1,13.17,2.63,0.0,15.8,shipmonk_estimate,USD
149278,6593383072054,Cattasaurus - shoproxstore - Shopify,direct_to_consumer,fulfilled,2025-05-07,2025-05-09,2025-05-07,PA2,OnTrac,1,1,18.31,2.63,0.0,20.94,shipmonk_estimate,USD
149279_1,b9a6cddf-eb07-4b80-b9a3-1571193980fa,Cattasaurus - shoproxstore - Shopify,direct_to_consumer,fulfilled,2025-05-07,2025-05-12,2025-05-07,NV3,USPS,1,1,5.1,1.89,0.3,7.29,shipmonk_estimate,USD
149284_1,e3c1c0e8-ab60-42c6-b495-29d200913a92,Cattasaurus - shoproxstore - Shopify,direct_to_consumer,fulfilled,2025-05-07,2025-05-13,2025-05-07,NV3,DHL eCommerce,1,1,5.68,1.89,0.0,7.57,shipmonk_estimate,USD
149296_1,4a0ffee4-7780-4132-a77c-042207f8fbbc,Cattasaurus - shoproxstore - Shopify,direct_to_consumer,fulfilled,2025-05-07,2025-05-12,2025-05-07,NV3,DHL eCommerce,1,1,4.97,1.89,0.3,7.16,shipmonk_estimate,USD
149297_1,c84ee607-46ef-4229-aa88-9f21023ed043,Cattasaurus - shoproxstore - Shopify,direct_to_consumer,fulfilled,2025-05-07,2025-05-11,2025-05-07,PA2,DHL eCommerce,1,1,4.62,1.89,0.3,6.81,shipmonk_estimate,USD
149299,6593502085430,Cattasaurus - shoproxstore - Shopify,direct_to_consumer,fulfilled,2025-05-07,2025-05-09,2025-05-07,PA2,FedEx,1,1,19.51,2.26,0.0,21.77,shipmonk_estimate,USD
149301_1,feafeb95-2938-4b09-8c9d-23e944d33822,Cattasaurus - shoproxstore - Shopify,direct_to_consumer,fulfilled,2025-05-07,2025-05-11,2025-05-07,PA2,USPS,1,1,5.61,1.89,0.0,7.5,shipmonk_estimate,USD
149310_1,a5bfeb6d-90ca-4d5f-966f-ef543ffa8512,Cattasaurus - shoproxstore - Shopify,direct_to_consumer,fulfilled,2025-05-07,2025-05-11,2025-05-07,PA2,DHL eCommerce,1,1,5.68,1.89,0.0,7.57,shipmonk_estimate,USD
149312,6593631289654,Cattasaurus - shoproxstore - Shopify,direct_to_consumer,fulfilled,2025-05-07,2025-05-09,2025-05-07,PA2,OnTrac,1,1,16.77,2.63,0.0,19.4,shipmonk_estimate,USD
149314,6593653735734,Cattasaurus - shoproxstore - Shopify,direct_to_consumer,fulfilled,2025-05-07,2025-05-09,2025-05-07,PA2,OnTrac,1,1,14.71,2.26,0.0,16.97,shipmonk_estimate,USD
149315,6593657733430,Cattasaurus - shoproxstore - Shopify,direct_to_consumer,fulfilled,2025-05-07,2025-05-09,2025-05-07,PA2,UPS,1,1,18.28,2.63,0.0,20.91,shipmonk_estimate,USD
149316,6593657864502,Cattasaurus - shoproxstore - Shopify,direct_to_consumer,fulfilled,2025-05-07,2025-05-09,2025-05-07,PA2,OnTrac,1,1,15.27,2.26,0.0,17.53,shipmonk_estimate,USD
149317,6593660944694,Cattasaurus - shoproxstore - Shopify,direct_to_consumer,fulfilled,2025-05-07,2025-05-09,2025-05-07,PA2,OnTrac,1,1,15.27,2.26,0.0,17.53,shipmonk_estimate,USD
149322,6593704624438,Cattasaurus - shoproxstore - Shopify,direct_to_consumer,fulfilled,2025-05-07,2025-05-09,2025-05-07,PA2,OnTrac,1,1,23.78,2.63,0.0,26.41,shipmonk_estimate,USD
149327,6593718550838,Cattasaurus - shoproxstore - Shopify,direct_to_consumer,fulfilled,2025-05-07,2025-05-09,2025-05-07,PA2,UPS,2,1,18.28,3.0,0.0,21.28,shipmonk_estimate,USD
149335_1,eeec55f3-8664-48c8-9dd9-1c24f34f5315,Cattasaurus - shoproxstore - Shopify,direct_to_consumer,fulfilled,2025-05-07,2025-05-13,2025-05-07,PA2,DHL eCommerce,1,1,5.68,1.89,0.0,7.57,shipmonk_estimate,USD
149344,6593853620534,Cattasaurus - shoproxstore - Shopify,direct_to_consumer,fulfilled,2025-05-07,2025-05-09,2025-05-07,PA2,OnTrac,1,1,15.27,2.63,0.0,17.9,shipmonk_estimate,USD
149346,6593880916278,Cattasaurus - shoproxstore - Shopify,direct_to_consumer,fulfilled,2025-05-07,2025-05-09,2025-05-07,PA2,OnTrac,1,1,16.77,2.26,0.0,19.03,shipmonk_estimate,USD
149352,6593961066806,Cattasaurus - shoproxstore - Shopify,direct_to_consumer,fulfilled,2025-05-07,2025-05-09,2025-05-07,PA2,FedEx,1,1,23.78,2.26,0.0,26.04,shipmonk_estimate,USD
149353_1,2effb34b-72d0-46bc-a77a-8e23a3e7a48b,Cattasaurus - shoproxstore - Shopify,direct_to_consumer,fulfilled,2025-05-07,2025-05-12,2025-05-07,NV3,USPS,1,1,4.97,2.26,0.3,7.53,shipmonk_estimate,USD
149359,6594036564278,Cattasaurus - shoproxstore - Shopify,direct_to_consumer,fulfilled,2025-05-07,2025-05-09,2025-05-07,PA2,OnTrac,1,1,13.17,2.26,0.0,15.43,shipmonk_estimate,USD
149360_1,e589e517-cfb4-4d23-b1aa-17c7cb4b1154,Cattasaurus - shoproxstore - Shopify,direct_to_consumer,fulfilled,2025-05-07,2025-05-12,2025-05-07,NV3,DHL eCommerce,1,1,5.61,1.89,0.0,7.5,shipmonk_estimate,USD
149366,6594065891638,Cattasaurus - shoproxstore - Shopify,direct_to_consumer,fulfilled,2025-05-07,2025-05-09,2025-05-07,PA2,FedEx,1,1,19.51,2.26,0.0,21.77,shipmonk_estimate,USD
149367,6594068283702,Cattasaurus - shoproxstore - Shopify,direct_to_consumer,fulfilled,2025-05-07,2025-05-09,2025-05-07,PA2,OnTrac,2,1,14.59,3.37,0.0,17.96,shipmonk_estimate,USD
149370,6594077720886,Cattasaurus - shoproxstore - Shopify,direct_to_consumer,fulfilled,2025-05-07,2025-05-09,2025-05-07,PA2,OnTrac,2,1,14.59,3.0,0.0,17.59,shipmonk_estimate,USD
149372,6594126577974,Cattasaurus - shoproxstore - Shopify,direct_to_consumer,fulfilled,2025-05-07,2025-05-09,2025-05-07,PA2,OnTrac,1,1,16.8,2.26,0.0,19.06,shipmonk_estimate,USD
149374,6594135064886,Cattasaurus - shoproxstore - Shopify,direct_to_consumer,fulfilled,2025-05-07,2025-05-09,2025-05-07,PA2,OnTrac,1,1,15.27,2.63,0.0,17.9,shipmonk_estimate,USD
149376,6594139685174,Cattasaurus - shoproxstore - Shopify,direct_to_consumer,fulfilled,2025-05-07,2025-05-09,2025-05-07,PA2,FedEx,1,1,21.05,2.26,0.0,23.31,shipmonk_estimate,USD
149379,6594155020598,Cattasaurus - shoproxstore - Shopify,direct_to_consumer,fulfilled,2025-05-07,2025-05-09,2025-05-07,PA2,OnTrac,3,1,16.05,3.37,0.0,19.42,shipmonk_estimate,USD
149381,6594160427318,Cattasaurus - shoproxstore - Shopify,direct_to_consumer,fulfilled,2025-05-07,2025-05-09,2025-05-07,PA2,FedEx,1,1,21.05,2.26,0.0,23.31,shipmonk_estimate,USD
149385_1,7d4d6572-4b2b-48c8-ae78-46c7062bd2c6,Cattasaurus - shoproxstore - Shopify,direct_to_consumer,fulfilled,2025-05-07,2025-05-12,2025-05-07,NV3,DHL eCommerce,1,1,5.68,1.89,0.0,7.57,shipmonk_estimate,USD
149387,6594252702006,Cattasaurus - shoproxstore - Shopify,direct_to_consumer,fulfilled,2025-05-07,2025-05-09,2025-05-07,PA2,OnTrac,1,1,14.71,2.26,0.0,16.97,shipmonk_estimate,USD
149394,6594339176758,Cattasaurus - shoproxstore - Shopify,direct_to_consumer,fulfilled,2025-05-07,2025-05-09,2025-05-07,PA2,FedEx,2,1,32.2,3.0,0.0,35.2,shipmonk_estimate,USD
149395,6594364571958,Cattasaurus - shoproxstore - Shopify,direct_to_consumer,fulfilled,2025-05-07,2025-05-09,2025-05-07,PA2,FedEx,1,1,21.05,2.26,0.0,23.31,shipmonk_estimate,USD
149398_1,ec326d41-7282-4e26-9399-d4dd922bd09f,Cattasaurus - shoproxstore - Shopify,direct_to_consumer,fulfilled,2025-05-07,2025-05-13,2025-05-07,PA2,DHL eCommerce,3,1,8.31,3.37,0.5,12.18,shipmonk_estimate,USD
149399,6594401534262,Cattasaurus - shoproxstore - Shopify,direct_to_consumer,fulfilled,2025-05-07,2025-05-09,2025-05-07,PA2,OnTrac,1,1,13.17,2.26,0.0,15.43,shipmonk_estimate,USD
149400,6594411790646,Cattasaurus - shoproxstore - Shopify,direct_to_consumer,fulfilled,2025-05-07,2025-05-09,2025-05-07,PA2,OnTrac,2,1,13.88,3.0,0.0,16.88,shipmonk_estimate,USD
149403,6594438988086,Cattasaurus - shoproxstore - Shopify,direct_to_consumer,fulfilled,2025-05-07,2025-05-09,2025-05-07,PA2,UPS,3,1,15.42,3.37,0.0,18.79,shipmonk_estimate,USD
149407,6594460942646,Cattasaurus - shoproxstore - Shopify,direct_to_consumer,fulfilled,2025-05-07,2025-05-09,2025-05-07,PA2,OnTrac,1,1,13.17,2.26,0.0,15.43,shipmonk_estimate,USD
149409,6594468053302,Cattasaurus - shoproxstore - Shopify,direct_to_consumer,fulfilled,2025-05-07,2025-05-09,2025-05-07,PA2,OnTrac,1,1,15.27,2.63,0.0,17.9,shipmonk_estimate,USD
149412_1,645fa5be-6ece-4c8c-98f2-e6738e7edb42,Cattasaurus - shoproxstore - Shopify,direct_to_consumer,fulfilled,2025-05-07,2025-05-13,2025-05-07,NV3,DHL eCommerce,1,1,4.89,1.89,0.3,7.08,shipmonk_estimate,USD
149413,6594528641334,Cattasaurus - shoproxstore - Shopify,direct_to_consumer,fulfilled,2025-05-07,2025-05-09,2025-05-07,PA2,FedEx,2,1,17.45,3.37,0.0,20.82,shipmonk_estimate,USD
112-6106646-6571461,112-6106646-6571461,Cattasaurus - Amazon USA,direct_to_consumer,fulfilled,2025-05-08,2025-05-09,2025-05-08,NV3,FedEx,1,1,19.51,2.26,0.0,21.77,shipmonk_estimate,USD
149417_1,6f48b9e7-55b8-41b8-930e-38e11be75327,Cattasaurus - shoproxstore - Shopify,direct_to_consumer,fulfilled,2025-05-08,2025-05-12,2025-05-08,NV3,USPS,1,1,4.64,1.89,0.3,6.83,shipmonk_estimate,USD
149423,6594746581302,Cattasaurus - shoproxstore - Shopify,direct_to_consumer,fulfilled,2025-05-08,2025-05-09,2025-05-08,PA2,FedEx,1,1,28.75,2.63,0.0,31.38,shipmonk_estimate,USD
149427_1,d15b407f-dce2-4904-b7fb-d500a1ed4e8f,Cattasaurus - shoproxstore - Shopify,direct_to_consumer,fulfilled,2025-05-08,2025-05-14,2025-05-08,PA2,USPS,1,1,5.43,1.89,0.0,7.32,shipmonk_estimate,USD
149429,6594783772982,Cattasaurus - shoproxstore - Shopify,direct_to_consumer,fulfilled,2025-05-08,2025-05-09,2025-05-08,PA2,OnTrac,1,1,13.88,2.63,0.0,16.51,shipmonk_estimate,USD
149435,6594808807734,Cattasaurus - shoproxstore - Shopify,direct_to_consumer,fulfilled,2025-05-08,2025-05-09,2025-05-08,PA2,OnTrac,1,1,13.88,2.63,0.0,16.51,shipmonk_estimate,USD
149438,6594819653942,Cattasaurus - shoproxstore - Shopify,direct_to_consumer,fulfilled,2025-05-08,2025-05-09,2025-05-08,PA2,OnTrac,2,1,13.05,2.63,0.0,15.68,shipmonk_estimate,USD
149442_1,f9dbe794-8e14-4986-bf94-d0af7ddb83d0,Cattasaurus - shoproxstore - Shopify,direct_to_consumer,fulfilled,2025-05-08,2025-05-13,2025-05-08,PA2,OnTrac,1,1,5.43,1.89,0.0,7.32,shipmonk_estimate,USD
149448,6594864709942,Cattasaurus - shoproxstore - Shopify,direct_to_consumer,fulfilled,2025-05-08,2025-05-09,2025-05-08,PA2,OnTrac,1,1,14.11,2.63,0.0,16.74,shipmonk_estimate,USD
149449,6594871001398,Cattasaurus - shoproxstore - Shopify,direct_to_consumer,fulfilled,2025-05-08,2025-05-09,2025-05-08,PA2,OnTrac,1,1,13.05,2.63,0.0,15.68,shipmonk_estimate,USD
149450,6594873229622,Cattasaurus - shoproxstore - Shopify,direct_to_consumer,fulfilled,2025-05-08,2025-05-09,2025-05-08,PA2,OnTrac,1,1,13.05,2.63,0.0,15.68,shipmonk_estimate,USD
149452_1,bba9831f-c1e9-4a51-a1b6-8d67393f7ab4,Cattasaurus - shoproxstore - Shopify,direct_to_consumer,fulfilled,2025-05-08,2025-05-13,2025-05-08,PA2,DHL eCommerce,1,1,4.64,1.89,0.3,6.83,shipmonk_estimate,USD
149458_1,ec8d3a8a-c2e7-449f-988c-84fa31f00f00,Cattasaurus - shoproxstore - Shopify,direct_to_consumer,fulfilled,2025-05-08,2025-05-13,2025-05-08,PA2,DHL eCommerce,1,1,5.61,2.26,0.5,8.37,shipmonk_estimate,USD
149459,6594915008822,Cattasaurus - shoproxstore - Shopify,direct_to_consumer,fulfilled,2025-05-08,2025-05-09,2025-05-08,PA2,FedEx,1,1,16.74,2.63,0.0,19.37,shipmonk_estimate,USD
149460_1,da6601b1-5f1f-476e-aede-eda72873969e,Cattasaurus - shoproxstore - Shopify,direct_to_consumer,fulfilled,2025-05-08,2025-05-13,2025-05-08,NV3,DHL eCommerce,1,1,5.1,1.89,0.3,7.29,shipmonk_estimate,USD
149461_1,63e328a5-f252-4c67-90dd-11b692f6a130,Cattasaurus - shoproxstore - Shopify,direct_to_consumer,fulfilled,2025-05-08,2025-05-12,2025-05-08,NV3,USPS,1,1,4.62,1.89,0.3,6.81,shipmonk_estimate,USD
149463,6594937520438,Cattasaurus - shoproxstore - Shopify,direct_to_consumer,fulfilled,2025-05-08,2025-05-09,2025-05-08,PA2,OnTrac,1,1,13.17,2.26,0.0,15.43,shipmonk_estimate,USD
149469_1,48a42a56-15da-4657-9b48-3973b1f16d1f,Cattasaurus - shoproxstore - Shopify,direct_to_consumer,fulfilled,2025-05-08,2025-05-12,2025-05-08,NV3,USPS,1,1,4.64,1.89,0.3,6.83,shipmonk_estimate,USD
149478_1,0f215b1a-281b-4142-80c6-f10bb4e3b634,Cattasaurus - shoproxstore - Shopify,direct_to_consumer,fulfilled,2025-05-08,2025-05-12,2025-05-08,NV3,USPS,1,1,4.97,1.89,0.3,7.16,shipmonk_estimate,USD
149481_1,336a6186-f609-4525-ba51-b76c4b4593c7,Cattasaurus - shoproxstore - Shopify,direct_to_consumer,fulfilled,2025-05-08,2025-05-12,2025-05-08,NV3,DHL eCommerce,1,1,5.68,1.89,0.0,7.57,shipmonk_estimate,USD
149484_1,2aabf900-46f6-490c-965b-a4c8ddbb9412,Cattasaurus - shoproxstore - Shopify,direct_to_consumer,fulfilled,2025-05-08,2025-05-13,2025-05-08,PA2,OnTrac,2,1,6.46,3.37,0.5,10.33,shipmonk_estimate,USD
149485_1,5b7ec37d-3935-448e-a2db-184ca4c4bc12,Cattasaurus - shoproxstore - Shopify,direct_to_consumer,fulfilled,2025-05-08,2025-05-13,2025-05-08,PA2,DHL eCommerce,1,1,5.41,2.26,0.5,8.17,shipmonk_estimate,USD
149486,6595032088886,Cattasaurus - shoproxstore - Shopify,direct_to_consumer,fulfilled,2025-05-08,2025-05-09,2025-05-08,NV3,FedEx,2,1,15.27,2.63,0.0,17.9,shipmonk_estimate,USD
149488_1,22a7553b-87c2-4926-a4b3-06525c399702,Cattasaurus - shoproxstore - Shopify,direct_to_consumer,fulfilled,2025-05-08,2025-05-13,2025-05-08,PA2,USPS,1,1,4.89,1.89,0.3,7.08,shipmonk_estimate,USD
149489_1,d127167e-05c6-41c4-8a7b-e9f64fca557d,Cattasaurus - shoproxstore - Shopify,direct_to_consumer,fulfilled,2025-05-08,2025-05-12,2025-05-08,NV3,USPS,1,1,4.64,1.89,0.3,6.83,shipmonk_estimate,USD
149495_1,5f2d92e1-6f3f-4b1c-ba66-5cf6dc4b6578,Cattasaurus - shoproxstore - Shopify,direct_to_consumer,fulfilled,2025-05-08,2025-05-13,2025-05-08,PA2,DHL eCommerce,1,1,4.97,1.89,0.3,7.16,shipmonk_estimate,USD
149498_1,a056523f-4a34-49bc-aae7-743d8e1f5e1c,Cattasaurus - shoproxstore - Shopify,direct_to_consumer,fulfilled,2025-05-08,2025-05-13,2025-05-08,PA2,OnTrac,1,1,5.61,1.89,0.0,7.5,shipmonk_estimate,USD
149499_1,a73bc698-e57f-48f4-b0e3-7cb716941276,Cattasaurus - shoproxstore - Shopify,direct_to_consumer,fulfilled,2025-05-08,2025-05-12,2025-05-08,NV3,USPS,1,1,4.62,1.89,0.3,6.81,shipmonk_estimate,USD
149500_1,b4c01b85-b608-4dbf-bed2-f98538ddd86b,Cattasaurus - shoproxstore - Shopify,direct_to_consumer,fulfilled,2025-05-08,2025-05-13,2025-05-08,PA2,DHL eCommerce,1,1,4.89,1.89,0.3,7.08,shipmonk_estimate,USD
149501_1,59e02a21-15f0-49e3-bc90-8e142f2590a6,Cattasaurus - shoproxstore - Shopify,direct_to_consumer,fulfilled,2025-05-08,2025-05-12,2025-05-08,NV3,DHL eCommerce,2,1,6.46,2.26,0.5,9.22,shipmonk_estimate,USD
149506_1,4eca242f-48ce-46d8-ade6-04fd02bbf4f7,Cattasaurus - shoproxstore - Shopify,direct_to_consumer,fulfilled,2025-05-08,2025-05-13,2025-05-08,PA2,DHL eCommerce,2,1,6.68,2.26,0.5,9.44,shipmonk_estimate,USD
149515_1,e1c99fdc-9487-4e8a-9251-c1c3711a1f8d,Cattasaurus - shoproxstore - Shopify,direct_to_consumer,fulfilled,2025-05-08,2025-05-13,2025-05-08,NV3,DHL eCommerce,1,1,5.77,1.89,0.0,7.66,shipmonk_estimate,USD
149516_1,708a6928-5d71-44e2-967d-c5c7442e4237,Cattasaurus - shoproxstore - Shopify,direct_to_consumer,fulfilled,2025-05-08,2025-05-13,2025-05-08,PA2,DHL eCommerce,2,1,6.46,2.26,0.5,9.22,shipmonk_estimate,USD
149517_1,f9c2f3de-94de-4390-9926-78fef5fadfd8,Cattasaurus - shoproxstore - Shopify,direct_to_consumer,fulfilled,2025-05-08,2025-05-13,2025-05-08,NV3,DHL eCommerce,2,1,6.68,2.26,0.5,9.44,shipmonk_estimate,USD
149523_1,cb821198-4820-4afb-ba5d-9a7337f87313,Cattasaurus - shoproxstore - Shopify,direct_to_consumer,fulfilled,2025-05-08,2025-05-14,2025-05-08,PA2,DHL eCommerce,1,1,4.97,1.89,0.3,7.16,shipmonk_estimate,USD
149531_1,cd3846d3-5608-4c89-8146-b5cbd6529b3b,Cattasaurus - shoproxstore - Shopify,direct_to_consumer,fulfilled,2025-05-08,2025-05-13,2025-05-08,NV3,DHL eCommerce,1,1,5.77,1.89,0.0,7.66,shipmonk_estimate,USD
149535_1,744d5b63-6a38-412c-8206-b841adbd25ac,Cattasaurus - shoproxstore - Shopify,direct_to_consumer,fulfilled,2025-05-08,2025-05-13,2025-05-08,PA2,DHL eCommerce,2,1,8.1,3.0,0.5,11.6,shipmonk_estimate,USD
149542_1,2e40aeab-4124-44d2-89bb-bc146b3d966e,Cattasaurus - shoproxstore - Shopify,direct_to_consumer,fulfilled,2025-05-08,2025-05-13,2025-05-08,NV3,DHL eCommerce,1,1,4.89,1.89,0.3,7.08,shipmonk_estimate,USD
149546_1,cf9064c7-5ade-4915-88f8-7b9bb4f73d70,Cattasaurus - shoproxstore - Shopify,direct_to_consumer,fulfilled,2025-05-08,2025-05-14,2025-05-08,PA2,DHL eCommerce,1,1,4.64,1.89,0.3,6.83,shipmonk_estimate,USD
149550_1,bb5222c1-ceb1-4cc3-90e8-212b4b357a03,Cattasaurus - shoproxstore - Shopify,direct_to_consumer,fulfilled,2025-05-08,2025-05-16,2025-05-08,PA2,DHL eCommerce,2,1,6.74,2.26,0.5,9.5,shipmonk_estimate,USD
149563_1,a07059c8-ae3e-4e36-a664-d128a6a24d21,Cattasaurus - shoproxstore - Shopify,direct_to_consumer,fulfilled,2025-05-08,2025-05-14,2025-05-08,PA2,OnTrac,1,1,5.41,1.89,0.0,7.3,shipmonk_estimate,USD
149566_1,ba229bc3-af9e-43bd-929d-555b60161efe,Cattasaurus - shoproxstore - Shopify,direct_to_consumer,fulfilled,2025-05-08,2025-05-16,2025-05-08,PA2,OnTrac,2,1,6.35,2.26,0.5,9.11,shipmonk_estimate,USD
149568_1,4b93d59f-77ed-4806-b195-33052d618600,Cattasaurus - shoproxstore - Shopify,direct_to_consumer,fulfilled,2025-05-08,2025-05-14,2025-05-08,PA2,DHL eCommerce,1,1,4.64,1.89,0.3,6.83,shipmonk_estimate,USD
149569_1,c654b43b-e247-49d4-bcfb-62f248bfde8b,Cattasaurus - shoproxstore - Shopify,direct_to_consumer,fulfilled,2025-05-08,2025-05-13,2025-05-08,NV3,DHL eCommerce,1,1,5.68,1.89,0.0,7.57,shipmonk_estimate,USD
149571_1,e07f40e8-919f-49e1-b897-e5d28ca186bb,Cattasaurus - shoproxstore - Shopify,direct_to_consumer,fulfilled,2025-05-08,2025-05-16,2025-05-08,PA2,DHL eCommerce,1,1,6.68,2.63,0.5,9.81,shipmonk_estimate,USD
149593_1,c01ee029-0536-4b6b-8f54-639b38bd931d,Cattasaurus - shoproxstore - Shopify,direct_to_consumer,fulfilled,2025-05-08,2025-05-14,2025-05-08,PA2,USPS,1,1,4.97,1.89,0.3,7.16,shipmonk_estimate,USD
149595_1,4262cec8-1a4a-44b2-8116-aca5654e9e9c,Cattasaurus - shoproxstore - Shopify,direct_to_consumer,fulfilled,2025-05-08,2025-05-14,2025-05-08,PA2,OnTrac,1,1,5.61,1.89,0.0,7.5,shipmonk_estimate,USD
149598_1,3020defe-11f9-4acd-9190-2af91c9e2e42,Cattasaurus - shoproxstore - Shopify,direct_to_consumer,fulfilled,2025-05-08,2025-05-13,2025-05-08,PA2,DHL eCommerce,1,1,5.68,2.26,0.5,8.44,shipmonk_estimate,USD
149600_1,54980d38-7ce2-47ee-8a62-33ba7891c27c,Cattasaurus - shoproxstore - Shopify,direct_to_consumer,fulfilled,2025-05-08,2025-05-16,2025-05-08,PA2,OnTrac,2,1,6.35,2.26,0.5,9.11,shipmonk_estimate,USD
149602_1,f7b7043c-7eef-40fa-9672-f164f2199658,Cattasaurus - shoproxstore - Shopify,direct_to_consumer,fulfilled,2025-05-08,2025-05-13,2025-05-08,NV3,DHL eCommerce,1,1,4.97,1.89,0.3,7.16,shipmonk_estimate,USD
149618_1,b3a19374-0047-4d5d-a7a4-6203d5114207,Cattasaurus - shoproxstore - Shopify,direct_to_consumer,fulfilled,2025-05-08,2025-05-14,2025-05-08,PA2,OnTrac,1,1,5.43,1.89,0.0,7.32,shipmonk_estimate,USD
149621_1,dcce51df-731b-42ca-aa5f-d223cf44b574,Cattasaurus - shoproxstore - Shopify,direct_to_consumer,fulfilled,2025-05-08,2025-05-13,2025-05-08,NV3,DHL eCommerce,2,1,6.68,2.26,0.5,9.44,shipmonk_estimate,USD
149626_1,77a65d7a-e91b-4c2b-9125-9ac58ce6dfd1,Cattasaurus - shoproxstore - Shopify,direct_to_consumer,fulfilled,2025-05-08,2025-05-15,2025-05-08,NV3,DHL eCommerce,1,1,5.77,1.89,0.0,7.66,shipmonk_estimate,USD
149628_1,4fd38dc4-8433-4732-a0d6-e7ddccd0b760,Cattasaurus - shoproxstore - Shopify,direct_to_consumer,fulfilled,2025-05-08,2025-05-14,2025-05-08,PA2,DHL eCommerce,1,1,4.89,1.89,0.3,7.08,shipmonk_estimate,USD
149629_1,05748c74-d855-4342-8b17-ef0a0d013b0f,Cattasaurus - shoproxstore - Shopify,direct_to_consumer,fulfilled,2025-05-08,2025-05-13,2025-05-08,PA2,OnTrac,2,1,7.85,3.0,0.5,11.35,shipmonk_estimate,USD
149634_1,ef281e48-8beb-4acc-a33a-35b2f4f8991a,Cattasaurus - shoproxstore - Shopify,direct_to_consumer,fulfilled,2025-05-08,2025-05-13,2025-05-08,NV3,DHL eCommerce,1,1,5.68,1.89,0.0,7.57,shipmonk_estimate,USD
149635_1,693dc129-db56-4c77-9362-d7c8765f78e2,Cattasaurus - shoproxstore - Shopify,direct_to_consumer,fulfilled,2025-05-08,2025-05-13,2025-05-08,PA2,DHL eCommerce,1,1,5.41,2.26,0.5,8.17,shipmonk_estimate,USD
149636_1,8dce101b-0302-4389-809d-fc423821cf2f,Cattasaurus - shoproxstore - Shopify,direct_to_consumer,fulfilled,2025-05-08,2025-05-15,2025-05-08,NV3,DHL eCommerce,1,1,5.61,1.89,0.0,7.5,shipmonk_estimate,USD
149641_1,a20a0e55-8a79-4289-8239-fc205f8f5f6a,Cattasaurus - shoproxstore - Shopify,direct_to_consumer,fulfilled,2025-05-08,2025-05-13,2025-05-08,NV3,DHL eCommerce,1,1,4.97,1.89,0.3,7.16,shipmonk_estimate,USD
149644_1,61e03b13-10ce-4f7c-85c1-44f6c912d3f5,Cattasaurus - shoproxstore - Shopify,direct_to_consumer,fulfilled,2025-05-08,2025-05-13,2025-05-08,NV3,DHL eCommerce,1,1,5.68,1.89,0.0,7.57,shipmonk_estimate,USD
149653_1,a0f0cc3c-39d6-49f5-a53f-50e8f870021a,Cattasaurus - shoproxstore - Shopify,direct_to_consumer,fulfilled,2025-05-08,2025-05-13,2025-05-08,NV3,DHL eCommerce,1,1,5.61,1.89,0.0,7.5,shipmonk_estimate,USD
145294-01,c6de15f8-2e29-42e2-ab2b-c98e4cb66436,Cattasaurus - shoproxstore - Shopify,direct_to_consumer,fulfilled,2025-05-09,2025-05-11,2025-05-09,PA2,OnTrac,1,1,5.43,1.89,0.0,7.32,shipmonk_estimate,USD
147586-01,f1de204b-2d4e-4e12-a6f2-ae31aa87a93b,Cattasaurus - shoproxstore - Shopify,direct_to_consumer,fulfilled,2025-05-09,2025-05-10,2025-05-09,PA2,USPS,1,1,5.68,1.89,0.0,7.57,shipmonk_estimate,USD
149659,6596420272438,Cattasaurus - shoproxstore - Shopify,direct_to_consumer,fulfilled,2025-05-09,2025-05-11,2025-05-09,PA2,FedEx,1,2,28.22,4.52,0.0,32.74,shipmonk_estimate,USD
149660_1,f995533b-dc51-45b8-8cf0-8b9b2c506fe4,Cattasaurus - shoproxstore - Shopify,direct_to_consumer,fulfilled,2025-05-09,2025-05-13,2025-05-09,NV3,USPS,1,1,5.1,1.89,0.3,7.29,shipmonk_estimate,USD
149664_1,6c914c8e-97c0-413a-9ddb-ce6dead85153,Cattasaurus - shoproxstore - Shopify,direct_to_consumer,fulfilled,2025-05-09,2025-05-13,2025-05-09,NV3,DHL eCommerce,2,1,6.74,2.26,0.5,9.5,shipmonk_estimate,USD
149668_1,ad235336-ffad-4b09-ab38-43a39f3b41ba,Cattasaurus - shoproxstore - Shopify,direct_to_consumer,fulfilled,2025-05-09,2025-05-14,2025-05-09,PA2,DHL eCommerce,1,1,5.68,1.89,0.0,7.57,shipmonk_estimate,USD
149672_1,20312c04-0ddf-4912-80a6-a0bf5230a46d,Cattasaurus - shoproxstore - Shopify,direct_to_consumer,fulfilled,2025-05-09,2025-05-14,2025-05-09,PA2,OnTrac,1,1,5.43,1.89,0.0,7.32,shipmonk_estimate,USD
149679,6596548428086,Cattasaurus - shoproxstore - Shopify,direct_to_consumer,fulfilled,2025-05-09,2025-05-16,2025-05-09,PA2,OnTrac,2,1,16.77,3.0,0.0,19.77,shipmonk_estimate,USD
149695_1,77aeda1d-c044-4e4e-a035-654ab002ab13,Cattasaurus - shoproxstore - Shopify,direct_to_consumer,fulfilled,2025-05-09,2025-05-16,2025-05-09,PA2,DHL eCommerce,1,1,5.68,1.89,0.0,7.57,shipmonk_estimate,USD
149696_1,3b04dc90-98df-4516-ac5c-a26253d5ec13,Cattasaurus - shoproxstore - Shopify,direct_to_consumer,fulfilled,2025-05-09,2025-05-16,2025-05-09,PA2,OnTrac,1,1,5.43,1.89,0.0,7.32,shipmonk_estimate,USD
149707,6596688576822,Cattasaurus - shoproxstore - Shopify,direct_to_consumer,fulfilled,2025-05-09,2025-05-11,2025-05-09,PA2,FedEx,1,1,28.75,2.26,0.0,31.01,shipmonk_estimate,USD
149719,6596745560374,Cattasaurus - shoproxstore - Shopify,direct_to_consumer,fulfilled,2025-05-09,2025-05-11,2025-05-09,PA2,FedEx,1,1,18.31,2.26,0.0,20.57,shipmonk_estimate,USD
149733_1,f0670a8c-784a-43cd-b6a1-1320e3e94c6a,Cattasaurus - shoproxstore - Shopify,direct_to_consumer,fulfilled,2025-05-09,2025-05-14,2025-05-09,PA2,DHL eCommerce,1,1,4.89,1.89,0.3,7.08,shipmonk_estimate,USD
149737_1,12c26b54-b876-4b4a-a260-9eb4d64938fb,Cattasaurus - shoproxstore - Shopify,direct_to_consumer,fulfilled,2025-05-09,2025-05-15,2025-05-09,NV3,USPS,1,1,4.64,1.89,0.3,6.83,shipmonk_estimate,USD
149738_1,64e43158-f61a-4e64-9de8-6e6b22ffb352,Cattasaurus - shoproxstore - Shopify,direct_to_consumer,fulfilled,2025-05-09,2025-05-13,2025-05-09,NV3,USPS,1,1,4.89,2.26,0.3,7.45,shipmonk_estimate,USD
149740_1,f81b8960-c365-428a-9153-dca21a7ab69b,Cattasaurus - shoproxstore - Shopify,direct_to_consumer,fulfilled,2025-05-09,2025-05-14,2025-05-09,PA2,OnTrac,1,1,5.43,1.89,0.0,7.32,shipmonk_estimate,USD
149742_1,018ecb99-c5ac-4db1-a9ef-caa8ef01aeab,Cattasaurus - shoproxstore - Shopify,direct_to_consumer,fulfilled,2025-05-09,2025-05-13,2025-05-09,NV3,DHL eCommerce,1,1,4.97,1.89,0.3,7.16,shipmonk_estimate,USD
149744,6596856578358,Cattasaurus - shoproxstore - Shopify,direct_to_consumer,fulfilled,2025-05-09,2025-05-11,2025-05-09,PA2,FedEx,1,2,34.69,4.52,0.0,39.21,shipmonk_estimate,USD
149746,6596859822390,Cattasaurus - shoproxstore - Shopify,direct_to_consumer,fulfilled,2025-05-09,2025-05-11,2025-05-09,PA2,OnTrac,1,1,13.17,2.26,0.0,15.43,shipmonk_estimate,USD
149750,6596875190582,Cattasaurus - shoproxstore - Shopify,direct_to_consumer,fulfilled,2025-05-09,2025-05-11,2025-05-09,PA2,OnTrac,1,1,19.51,2.26,0.0,21.77,shipmonk_estimate,USD
149756,6596933681462,Cattasaurus - shoproxstore - Shopify,direct_to_consumer,fulfilled,2025-05-09,2025-05-11,2025-05-09,PA2,UPS,2,2,36.56,4.89,0.0,41.45,shipmonk_estimate,USD
149757_1,c0f630ea-938f-4559-9f42-7641efe89625,Cattasaurus - shoproxstore - Shopify,direct_to_consumer,fulfilled,2025-05-09,2025-05-13,2025-05-09,NV3,DHL eCommerce,1,1,5.68,1.89,0.0,7.57,shipmonk_estimate,USD
149759,6596939940150,Cattasaurus - shoproxstore - Shopify,direct_to_consumer,fulfilled,2025-05-09,2025-05-11,2025-05-09,PA2,OnTrac,1,1,16.77,2.26,0.0,19.03,shipmonk_estimate,USD
149765,6596961730870,Cattasaurus - shoproxstore - Shopify,direct_to_consumer,fulfilled,2025-05-09,2025-05-11,2025-05-09,PA2,FedEx,2,2,37.74,4.89,0.0,42.63,shipmonk_estimate,USD
149768,6596976181558,Cattasaurus - shoproxstore - Shopify,direct_to_consumer,fulfilled,2025-05-09,2025-05-11,2025-05-09,PA2,OnTrac,1,1,16.77,2.26,0.0,19.03,shipmonk_estimate,USD
149770,6596978704694,Cattasaurus - shoproxstore - Shopify,direct_to_consumer,fulfilled,2025-05-09,2025-05-11,2025-05-09,PA2,OnTrac,1,1,23.78,2.26,0.0,26.04,shipmonk_estimate,USD
149771,6596987224374,Cattasaurus - shoproxstore - Shopify,direct_to_consumer,fulfilled,2025-05-09,2025-05-11,2025-05-09,PA2,OnTrac,1,1,23.78,2.26,0.0,26.04,shipmonk_estimate,USD
149772,6596989649206,Cattasaurus - shoproxstore - Shopify,direct_to_consumer,fulfilled,2025-05-09,2025-05-11,2025-05-09,PA2,FedEx,3,2,29.12,5.26,0.0,34.38,shipmonk_estimate,USD
149774,6596993843510,Cattasaurus - shoproxstore - Shopify,direct_to_consumer,fulfilled,2025-05-09,2025-05-11,2025-05-09,PA2,FedEx,2,2,43.76,4.89,0.0,48.65,shipmonk_estimate,USD
149780,6597039948086,Cattasaurus - shoproxstore - Shopify,direct_to_consumer,fulfilled,2025-05-09,2025-05-11,2025-05-09,PA2,UPS,2,2,31.3,4.89,0.0,36.19,shipmonk_estimate,USD
149783,6597059969334,Cattasaurus - shoproxstore - Shopify,direct_to_consumer,fulfilled,2025-05-09,2025-05-11,2025-05-09,PA2,OnTrac,1,1,18.31,2.26,0.0,20.57,shipmonk_estimate,USD
149784_1,7e9b9f0a-28f0-4d27-8d60-66d3e4738d41,Cattasaurus - shoproxstore - Shopify,direct_to_consumer,fulfilled,2025-05-09,2025-05-13,2025-05-09,NV3,DHL eCommerce,1,1,5.43,2.26,0.5,8.19,shipmonk_estimate,USD
149789_1,e9964da9-e6fe-4529-8e13-e9d24ce2271e,Cattasaurus - shoproxstore - Shopify,direct_to_consumer,fulfilled,2025-05-09,2025-05-12,2025-05-09,PA2,DHL eCommerce,1,1,5.68,1.89,0.0,7.57,shipmonk_estimate,USD
149791,6597189534006,Cattasaurus - shoproxstore - Shopify,direct_to_consumer,fulfilled,2025-05-09,2025-05-11,2025-05-09,PA2,OnTrac,1,1,23.78,2.26,0.0,26.04,shipmonk_estimate,USD
149795,6597199331638,Cattasaurus - shoproxstore - Shopify,direct_to_consumer,fulfilled,2025-05-09,2025-05-11,2025-05-09,PA2,OnTrac,1,1,18.31,2.26,0.0,20.57,shipmonk_estimate,USD
149796_1,679f88ee-ee74-4c17-979a-86b8c18a9fe3,Cattasaurus - shoproxstore - Shopify,direct_to_consumer,fulfilled,2025-05-09,2025-05-13,2025-05-09,NV3,DHL eCommerce,1,1,5.61,1.89,0.0,7.5,shipmonk_estimate,USD
149801,6597228036406,Cattasaurus - shoproxstore - Shopify,direct_to_consumer,fulfilled,2025-05-09,2025-05-11,2025-05-09,PA2,FedEx,2,2,27.76,5.26,0.0,33.02,shipmonk_estimate,USD
149808,6597286920502,Cattasaurus - shoproxstore - Shopify,direct_to_consumer,fulfilled,2025-05-09,2025-05-11,2025-05-09,PA2,OnTrac,1,1,19.51,2.26,0.0,21.77,shipmonk_estimate,USD
149810,6597304123702,Cattasaurus - shoproxstore - Shopify,direct_to_consumer,fulfilled,2025-05-09,2025-05-11,2025-05-09,PA2,FedEx,1,2,37.74,4.52,0.0,42.26,shipmonk_estimate,USD
149822,6597373034806,Cattasaurus - shoproxstore - Shopify,direct_to_consumer,fulfilled,2025-05-09,2025-05-11,2025-05-09,PA2,FedEx,1,2,28.22,4.52,0.0,32.74,shipmonk_estimate,USD
149823,6597381849398,Cattasaurus - shoproxstore - Shopify,direct_to_consumer,fulfilled,2025-05-09,2025-05-11,2025-05-09,PA2,FedEx,1,2,27.76,4.52,0.0,32.28,shipmonk_estimate,USD
149824_1,8432f4a9-7e21-4017-9604-3176e65c2e88,Cattasaurus - shoproxstore - Shopify,direct_to_consumer,fulfilled,2025-05-09,2025-05-14,2025-05-09,PA2,DHL eCommerce,1,1,5.68,1.89,0.0,7.57,shipmonk_estimate,USD
149825_1,fa7656a0-0196-4d50-8e8b-f8b3d47faec1,Cattasaurus - shoproxstore - Shopify,direct_to_consumer,fulfilled,2025-05-09,2025-05-13,2025-05-09,PA2,USPS,1,1,5.41,2.26,0.5,8.17,shipmonk_estimate,USD
149829,6597487984950,Cattasaurus - shoproxstore - Shopify,direct_to_consumer,fulfilled,2025-05-09,2025-05-11,2025-05-09,PA2,UPS,1,2,42.66,4.52,0.0,47.18,shipmonk_estimate,USD
149830,6597488935222,Cattasaurus - shoproxstore - Shopify,direct_to_consumer,fulfilled,2025-05-09,2025-05-11,2025-05-09,PA2,FedEx,1,2,37.74,4.52,0.0,42.26,shipmonk_estimate,USD
149832,6597502239030,Cattasaurus - shoproxstore - Shopify,direct_to_consumer,fulfilled,2025-05-09,2025-05-11,2025-05-09,PA2,UPS,2,2,29.18,4.89,0.0,34.07,shipmonk_estimate,USD
149835_1,e642fa9a-6fc6-4d33-b352-91f45672c7aa,Cattasaurus - shoproxstore - Shopify,direct_to_consumer,fulfilled,2025-05-09,2025-05-14,2025-05-09,PA2,DHL eCommerce,1,1,4.89,1.89,0.3,7.08,shipmonk_estimate,USD
149839_1,5004103d-c9a1-450e-8d3e-42ba30ac8939,Cattasaurus - shoproxstore - Shopify,direct_to_consumer,fulfilled,2025-05-09,2025-05-14,2025-05-09,PA2,USPS,1,1,5.77,1.89,0.0,7.66,shipmonk_estimate,USD
149841,6597587075382,Cattasaurus - shoproxstore - Shopify,direct_to_consumer,fulfilled,2025-05-09,2025-05-11,2025-05-09,PA2,UPS,1,2,42.06,4.52,0.0,46.58,shipmonk_estimate,USD
149842_1,1e861c42-635c-4d53-8f64-3e75e0e995a8,Cattasaurus - shoproxstore - Shopify,direct_to_consumer,fulfilled,2025-05-09,2025-05-14,2025-05-09,PA2,DHL eCommerce,1,1,5.43,1.89,0.0,7.32,shipmonk_estimate,USD
149843,6597623775542,Cattasaurus - shoproxstore - Shopify,direct_to_consumer,fulfilled,2025-05-09,2025-05-11,2025-05-09,PA2,DHL eCommerce,1,1,5.68,1.89,0.0,7.57,shipmonk_estimate,USD
149862_1,fc962e42-e333-4fd7-8414-0eaa5f5b14f7,Cattasaurus - shoproxstore - Shopify,direct_to_consumer,fulfilled,2025-05-09,2025-05-13,2025-05-09,NV3,DHL eCommerce,1,1,4.89,1.89,0.3,7.08,shipmonk_estimate,USD
113-2898747-4770611,113-2898747-4770611,Cattasaurus - Amazon USA,direct_to_consumer,fulfilled,2025-05-10,2025-05-12,2025-05-10,NV3,FedEx,1,1,15.27,2.26,0.0,17.53,shipmonk_estimate,USD
149872_1,02323024-f3e5-43b7-aef0-91563a06a147,Cattasaurus - shoproxstore - Shopify,direct_to_consumer,fulfilled,2025-05-10,2025-05-14,2025-05-10,PA2,USPS,1,1,5.43,1.89,0.0,7.32,shipmonk_estimate,USD
149873,6598066241846,Cattasaurus - shoproxstore - Shopify,direct_to_consumer,fulfilled,2025-05-10,2025-05-11,2025-05-10,PA2,FedEx,1,2,26.1,4.52,0.0,30.62,shipmonk_estimate,USD
149874,6598087835958,Cattasaurus - shoproxstore - Shopify,direct_to_consumer,fulfilled,2025-05-10,2025-05-11,2025-05-10,PA2,FedEx,1,2,26.1,4.52,0.0,30.62,shipmonk_estimate,USD
149877_1,9d03f70f-eaac-4da7-8715-ec25fbd4e944,Cattasaurus - shoproxstore - Shopify,direct_to_consumer,fulfilled,2025-05-10,2025-05-14,2025-05-10,PA2,DHL eCommerce,1,1,5.61,1.89,0.0,7.5,shipmonk_estimate,USD
149878_1,3b0278a0-0fa8-403e-a0b3-ca956c9fc155,Cattasaurus - shoproxstore - Shopify,direct_to_consumer,fulfilled,2025-05-10,2025-05-15,2025-05-10,NV3,DHL eCommerce,1,1,4.97,1.89,0.3,7.16,shipmonk_estimate,USD
149886_1,e90d8588-825b-4504-81a7-4653ae8e8984,Cattasaurus - shoproxstore - Shopify,direct_to_consumer,fulfilled,2025-05-10,2025-05-14,2025-05-10,PA2,DHL eCommerce,1,1,4.62,1.89,0.3,6.81,shipmonk_estimate,USD
149887,6598183682358,Cattasaurus - shoproxstore - Shopify,direct_to_consumer,fulfilled,2025-05-10,2025-05-11,2025-05-10,PA2,UPS,1,2,30.84,4.52,0.0,35.36,shipmonk_estimate,USD
149890,6598207996214,Cattasaurus - shoproxstore - Shopify,direct_to_consumer,fulfilled,2025-05-10,2025-05-11,2025-05-10,PA2,FedEx,1,2,28.22,4.52,0.0,32.74,shipmonk_estimate,USD
149891_1,07a5ccee-68df-4104-8684-f4823d45c517,Cattasaurus - shoproxstore - Shopify,direct_to_consumer,fulfilled,2025-05-10,2025-05-14,2025-05-10,PA2,OnTrac,1,1,5.77,1.89,0.0,7.66,shipmonk_estimate,USD
149892,6598217367862,Cattasaurus - shoproxstore - Shopify,direct_to_consumer,fulfilled,2025-05-10,2025-05-11,2025-05-10,PA2,FedEx,2,2,44.22,4.89,0.0,49.11,shipmonk_estimate,USD
149893,6598223757622,Cattasaurus - shoproxstore - Shopify,direct_to_consumer,fulfilled,2025-05-10,2025-05-11,2025-05-10,PA2,UPS,2,2,29.18,4.89,0.0,34.07,shipmonk_estimate,USD
149894,6598224707894,Cattasaurus - shoproxstore - Shopify,direct_to_consumer,fulfilled,2025-05-10,2025-05-11,2025-05-10,PA2,FedEx,2,2,33.48,4.89,0.0,38.37,shipmonk_estimate,USD
149898,6598242107702,Cattasaurus - shoproxstore - Shopify,direct_to_consumer,fulfilled,2025-05-10,2025-05-13,2025-05-10,PA2,UPS,1,2,31.97,4.15,0.0,36.12,shipmonk_estimate,USD
149899,6598242337078,Cattasaurus - shoproxstore - Shopify,direct_to_consumer,fulfilled,2025-05-10,2025-05-11,2025-05-10,PA2,FedEx,1,2,28.22,4.52,0.0,32.74,shipmonk_estimate,USD
149900,6598245744950,Cattasaurus - shoproxstore - Shopify,direct_to_consumer,fulfilled,2025-05-10,2025-05-11,2025-05-10,PA2,FedEx,1,2,28.22,4.52,0.0,32.74,shipmonk_estimate,USD
149901_1,dca0c5f5-bcb3-4ef0-8707-80354118818a,Cattasaurus - shoproxstore - Shopify,direct_to_consumer,fulfilled,2025-05-10,2025-05-13,2025-05-10,NV3,DHL eCommerce,1,1,5.1,1.89,0.3,7.29,shipmonk_estimate,USD
149905,6598273761590,Cattasaurus - shoproxstore - Shopify,direct_to_consumer,fulfilled,2025-05-10,2025-05-11,2025-05-10,PA2,FedEx,1,2,27.76,4.52,0.0,32.28,shipmonk_estimate,USD
149908,6598284607798,Cattasaurus - shoproxstore - Shopify,direct_to_consumer,fulfilled,2025-05-10,2025-05-11,2025-05-10,PA2,FedEx,1,2,37.74,4.52,0.0,42.26,shipmonk_estimate,USD
149909,6598287130934,Cattasaurus - shoproxstore - Shopify,direct_to_consumer,fulfilled,2025-05-10,2025-05-11,2025-05-10,PA2,FedEx,1,2,27.76,4.52,0.0,32.28,shipmonk_estimate,USD
149912,6598294634806,Cattasaurus - shoproxstore - Shopify,direct_to_consumer,fulfilled,2025-05-10,2025-05-11,2025-05-10,PA2,FedEx,2,2,44.22,4.89,0.0,49.11,shipmonk_estimate,USD
149914,6598296633654,Cattasaurus - shoproxstore - Shopify,direct_to_consumer,fulfilled,2025-05-10,2025-05-11,2025-05-10,PA2,FedEx,1,2,26.1,4.52,0.0,30.62,shipmonk_estimate,USD
149917,6598304366902,Cattasaurus - shoproxstore - Shopify,direct_to_consumer,fulfilled,2025-05-10,2025-05-11,2025-05-10,PA2,FedEx,2,2,38.98,5.26,0.0,44.24,shipmonk_estimate,USD
149919,6598332514614,Cattasaurus - shoproxstore - Shopify,direct_to_consumer,fulfilled,2025-05-10,2025-05-11,2025-05-10,PA2,FedEx,1,2,33.48,4.52,0.0,38.0,shipmonk_estimate,USD
149922_1,ea31b641-15e2-4c59-be75-c2fffd8e5d1d,Cattasaurus - shoproxstore - Shopify,direct_to_consumer,fulfilled,2025-05-10,2025-05-14,2025-05-10,PA2,DHL eCommerce,1,1,4.62,1.89,0.3,6.81,shipmonk_estimate,USD
149925_1,414f60d0-c0e2-43fe-bc3b-d88ab1538b98,Cattasaurus - shoproxstore - Shopify,direct_to_consumer,fulfilled,2025-05-10,2025-05-14,2025-05-10,PA2,OnTrac,2,1,6.35,2.26,0.5,9.11,shipmonk_estimate,USD
149929,6598399852854,Cattasaurus - shoproxstore - Shopify,direct_to_consumer,fulfilled,2025-05-10,2025-05-11,2025-05-10,PA2,FedEx,1,2,28.22,4.52,0.0,32.74,shipmonk_estimate,USD
149934,6598415941942,Cattasaurus - shoproxstore - Shopify,direct_to_consumer,fulfilled,2025-05-10,2025-05-11,2025-05-10,PA2,FedEx,1,2,44.22,4.52,0.0,48.74,shipmonk_estimate,USD
149935_1,49b8c36a-d9a0-4f74-bc0d-9c98dd20121b,Cattasaurus - shoproxstore - Shopify,direct_to_consumer,fulfilled,2025-05-10,2025-05-14,2025-05-10,PA2,OnTrac,2,1,6.35,2.26,0.5,9.11,shipmonk_estimate,USD
149936_1,b63606f2-9cc5-4084-a6f7-f353575047b9,Cattasaurus - shoproxstore - Shopify,direct_to_consumer,fulfilled,2025-05-10,2025-05-14,2025-05-10,PA2,DHL eCommerce,2,1,6.35,2.26,0.5,9.11,shipmonk_estimate,USD
149942,6598434619702,Cattasaurus - shoproxstore - Shopify,direct_to_consumer,fulfilled,2025-05-10,2025-05-11,2025-05-10,PA2,FedEx,1,2,43.76,4.52,0.0,48.28,shipmonk_estimate,USD
149957_1,68889e6c-4390-4506-9633-b06da1c6aaff,Cattasaurus - shoproxstore - Shopify,direct_to_consumer,fulfilled,2025-05-10,2025-05-14,2025-05-10,PA2,DHL eCommerce,1,1,4.89,1.89,0.3,7.08,shipmonk_estimate,USD
149958_1,e7bb362a-79cb-4c96-8a84-c61892f1ed65,Cattasaurus - shoproxstore - Shopify,direct_to_consumer,fulfilled,2025-05-10,2025-05-13,2025-05-10,NV3,DHL eCommerce,1,1,4.89,1.89,0.3,7.08,shipmonk_estimate,USD
149959_1,74802a93-db2e-4e66-a683-86eff90cf906,Cattasaurus - shoproxstore - Shopify,direct_to_consumer,fulfilled,2025-05-10,2025-05-13,2025-05-10,PA2,DHL eCommerce,1,1,6.68,2.63,0.5,9.81,shipmonk_estimate,USD
149962_1,67d7697c-a210-4956-a502-d5bf1dbaaee8,Cattasaurus - shoproxstore - Shopify,direct_to_consumer,fulfilled,2025-05-10,2025-05-14,2025-05-10,PA2,USPS,1,1,5.77,2.26,0.5,8.53,shipmonk_estimate,USD
149968_1,6cf1d8fc-bcc4-420f-8a89-2d1156c50c6b,Cattasaurus - shoproxstore - Shopify,direct_to_consumer,fulfilled,2025-05-10,2025-05-14,2025-05-10,PA2,DHL eCommerce,1,1,4.89,1.89,0.3,7.08,shipmonk_estimate,USD
149970_1,3e3e4974-da11-4f9d-846a-2afb2776b156,Cattasaurus - shoproxstore - Shopify,direct_to_consumer,fulfilled,2025-05-10,2025-05-14,2025-05-10,PA2,DHL eCommerce,1,1,4.62,1.89,0.3,6.81,shipmonk_estimate,USD
149971_1,7089547a-3eaf-4d65-ab80-44bf85008790,Cattasaurus - shoproxstore - Shopify,direct_to_consumer,fulfilled,2025-05-10,2025-05-13,2025-05-10,NV3,DHL eCommerce,1,1,4.89,1.89,0.3,7.08,shipmonk_estimate,USD
149972,6598634996022,Cattasaurus - shoproxstore - Shopify,direct_to_consumer,fulfilled,2025-05-10,2025-05-11,2025-05-10,PA2,FedEx,1,2,27.76,4.52,0.0,32.28,shipmonk_estimate,USD
149974_1,c6a62edd-0762-40a5-a026-0f9bf3a3a9c2,Cattasaurus - shoproxstore - Shopify,direct_to_consumer,fulfilled,2025-05-10,2025-05-13,2025-05-10,NV3,DHL eCommerce,2,1,8.31,3.0,0.5,11.81,shipmonk_estimate,USD
149976,6598653641014,Cattasaurus - shoproxstore - Shopify,direct_to_consumer,fulfilled,2025-05-10,2025-05-12,2025-05-10,PA2,UPS,2,2,34.42,4.89,0.0,39.31,shipmonk_estimate,USD
149977,6598664651062,Cattasaurus - shoproxstore - Shopify,direct_to_consumer,fulfilled,2025-05-10,2025-05-11,2025-05-10,PA2,UPS,1,2,41.74,4.52,0.0,46.26,shipmonk_estimate,USD
149980,6598722879798,Cattasaurus - shoproxstore - Shopify,direct_to_consumer,fulfilled,2025-05-10,2025-05-11,2025-05-10,PA2,UPS,1,2,30.84,4.52,0.0,35.36,shipmonk_estimate,USD
149985_1,b6048529-4e7f-466e-879d-d2f045b04edf,Cattasaurus - shoproxstore - Shopify,direct_to_consumer,fulfilled,2025-05-10,2025-05-14,2025-05-10,NV3,USPS,1,1,4.89,1.89,0.3,7.08,shipmonk_estimate,USD
149988,6598823838006,Cattasaurus - shoproxstore - Shopify,direct_to_consumer,fulfilled,2025-05-10,2025-05-12,2025-05-10,PA2,FedEx,1,1,17.95,2.26,0.0,20.21,shipmonk_estimate,USD
149991,6598837961014,Cattasaurus - shoproxstore - Shopify,direct_to_consumer,fulfilled,2025-05-10,2025-05-12,2025-05-10,PA2,FedEx,2,2,29.78,4.89,0.0,34.67,shipmonk_estimate,USD
149995_1,e1bdac97-e15c-4290-bf68-d58e75576104,Cattasaurus - shoproxstore - Shopify,direct_to_consumer,fulfilled,2025-05-10,2025-05-15,2025-05-10,PA2,USPS,1,1,5.41,1.89,0.0,7.3,shipmonk_estimate,USD
149996_1,dd17c3c2-9da2-48ce-86b5-5a3fbbe51247,Cattasaurus - shoproxstore - Shopify,direct_to_consumer,fulfilled,2025-05-10,2025-05-15,2025-05-10,PA2,OnTrac,1,1,5.41,1.89,0.0,7.3,shipmonk_estimate,USD
150006_1,2be1f813-5caf-4a5d-b1af-abc2f4755202,Cattasaurus - shoproxstore - Shopify,direct_to_consumer,fulfilled,2025-05-10,2025-05-14,2025-05-10,NV3,DHL eCommerce,2,1,6.74,2.26,0.5,9.5,shipmonk_estimate,USD
150011,6598984466742,Cattasaurus - shoproxstore - Shopify,direct_to_consumer,fulfilled,2025-05-10,2025-05-15,2025-05-10,PA2,OnTrac,3,1,11.52,3.37,0.0,14.89,shipmonk_estimate,USD
150019,6599050920246,Cattasaurus - shoproxstore - Shopify,direct_to_consumer,fulfilled,2025-05-10,2025-05-13,2025-05-10,PA2,FedEx,2,2,31.34,4.89,0.0,36.23,shipmonk_estimate,USD
150022_1,a9055c3f-cc5d-4e35-ab41-a5573d88b715,Cattasaurus - shoproxstore - Shopify,direct_to_consumer,fulfilled,2025-05-10,2025-05-15,2025-05-10,NV3,USPS,1,1,4.62,1.89,0.3,6.81,shipmonk_estimate,USD
150023_1,27c53e36-d8cd-42ca-85c7-cf7b3074c9b0,Cattasaurus - shoproxstore - Shopify,direct_to_consumer,fulfilled,2025-05-10,2025-05-14,2025-05-10,NV3,DHL eCommerce,1,1,5.68,1.89,0.0,7.57,shipmonk_estimate,USD
150042_1,d8a6c96e-030f-4b47-87d5-ec91fa0e0c3c,Cattasaurus - shoproxstore - Shopify,direct_to_consumer,fulfilled,2025-05-10,2025-05-15,2025-05-10,PA2,OnTrac,1,1,5.68,1.89,0.0,7.57,shipmonk_estimate,USD
150045_1,034d7364-e6f2-4493-9313-5bc72bff7c55,Cattasaurus - shoproxstore - Shopify,direct_to_consumer,fulfilled,2025-05-10,2025-05-15,2025-05-10,NV3,USPS,1,1,4.89,1.89,0.3,7.08,shipmonk_estimate,USD
150048_1,c5f149d6-a361-4f76-9b46-a992e570e5ae,Cattasaurus - shoproxstore - Shopify,direct_to_consumer,fulfilled,2025-05-10,2025-05-15,2025-05-10,PA2,USPS,1,1,4.89,1.89,0.3,7.08,shipmonk_estimate,USD
150053_1,0192371d-324b-43c1-9963-3964a4fa6bd0,Cattasaurus - shoproxstore - Shopify,direct_to_consumer,fulfilled,2025-05-10,2025-05-15,2025-05-10,PA2,USPS,1,1,5.1,1.89,0.3,7.29,shipmonk_estimate,USD
150060,6599330922806,Cattasaurus - shoproxstore - Shopify,direct_to_consumer,fulfilled,2025-05-10,2025-05-12,2025-05-10,PA2,FedEx,2,2,35.9,4.89,0.0,40.79,shipmonk_estimate,USD
150061,6599355531574,Cattasaurus - shoproxstore - Shopify,direct_to_consumer,fulfilled,2025-05-10,2025-05-12,2025-05-10,PA2,FedEx,2,2,50.94,4.89,0.0,55.83,shipmonk_estimate,USD
150063_1,083da843-f0fd-4dac-92be-03b876d44720,Cattasaurus - shoproxstore - Shopify,direct_to_consumer,fulfilled,2025-05-10,2025-05-14,2025-05-10,NV3,USPS,1,1,5.61,1.89,0.0,7.5,shipmonk_estimate,USD
150064_1,3f6470da-67b2-4d7b-9070-d9c225cce96b,Cattasaurus - shoproxstore - Shopify,direct_to_consumer,fulfilled,2025-05-10,2025-05-17,2025-05-10,PA2,USPS,1,1,5.61,1.89,0.0,7.5,shipmonk_estimate,USD
150073_1,92807f40-24b5-4ebd-a8cd-8b6117ab9cb1,Cattasaurus - shoproxstore - Shopify,direct_to_consumer,fulfilled,2025-05-10,2025-05-14,2025-05-10,NV3,USPS,1,1,4.97,1.89,0.3,7.16,shipmonk_estimate,USD
150076,6599449444662,Cattasaurus - shoproxstore - Shopify,direct_to_consumer,fulfilled,2025-05-10,2025-05-12,2025-05-10,PA2,FedEx,1,2,29.12,4.52,0.0,33.64,shipmonk_estimate,USD
150079,6599453081910,Cattasaurus - shoproxstore - Shopify,direct_to_consumer,fulfilled,2025-05-10,2025-05-12,2025-05-10,PA2,FedEx,1,2,31.34,4.52,0.0,35.86,shipmonk_estimate,USD
150080_1,de9f6281-127a-478d-87c4-f8c2c09632a2,Cattasaurus - shoproxstore - Shopify,direct_to_consumer,fulfilled,2025-05-10,2025-05-14,2025-05-10,NV3,DHL eCommerce,2,1,6.46,2.26,0.5,9.22,shipmonk_estimate,USD
150082_1,ba2385b6-4ee1-4797-bc9d-f24972d00e64,Cattasaurus - shoproxstore - Shopify,direct_to_consumer,fulfilled,2025-05-10,2025-05-14,2025-05-10,NV3,DHL eCommerce,1,1,4.97,1.89,0.3,7.16,shipmonk_estimate,USD
150085,6599501742390,Cattasaurus - shoproxstore - Shopify,direct_to_consumer,fulfilled,2025-05-10,2025-05-13,2025-05-10,PA2,Pickup at ShipMonk's Warehouse,2,1,5.0,2.26,0.0,7.26,shipmonk_estimate,USD
150090_1,47759567-59b4-47fa-a718-f2f7283cab36,Cattasaurus - shoproxstore - Shopify,direct_to_consumer,fulfilled,2025-05-10,2025-05-19,2025-05-10,NV3,DHL eCommerce,1,1,4.97,1.89,0.3,7.16,shipmonk_estimate,USD
150092_1,e87681d0-bdcc-45df-935e-012880117104,Cattasaurus - shoproxstore - Shopify,direct_to_consumer,fulfilled,2025-05-10,2025-05-15,2025-05-10,PA2,OnTrac,1,1,5.43,1.89,0.0,7.32,shipmonk_estimate,USD
150103_1,0ae6f793-aa60-487b-a443-e900515a0925,Cattasaurus - shoproxstore - Shopify,direct_to_consumer,fulfilled,2025-05-10,2025-05-15,2025-05-10,PA2,OnTrac,1,1,5.61,1.89,0.0,7.5,shipmonk_estimate,USD
150108_1,3de41834-149f-4790-88db-5d0e5fcaf063,Cattasaurus - shoproxstore - Shopify,direct_to_consumer,fulfilled,2025-05-10,2025-05-14,2025-05-10,NV3,DHL eCommerce,2,1,6.46,2.26,0.5,9.22,shipmonk_estimate,USD
150111_1,f688c3ce-4162-4f1e-b009-e697a21edfe0,Cattasaurus - shoproxstore - Shopify,direct_to_consumer,fulfilled,2025-05-10,2025-05-12,2025-05-10,NV3,DHL eCommerce,1,1,5.61,1.89,0.0,7.5,shipmonk_estimate,USD
150113,6599671251254,Cattasaurus - shoproxstore - Shopify,direct_to_consumer,fulfilled,2025-05-10,2025-05-12,2025-05-10,PA2,FedEx,1,2,43.76,4.52,0.0,48.28,shipmonk_estimate,USD
150115,6599716929846,Cattasaurus - shoproxstore - Shopify,direct_to_consumer,fulfilled,2025-05-10,2025-05-12,2025-05-10,PA2,FedEx,1,2,26.1,4.52,0.0,30.62,shipmonk_estimate,USD
150116_1,f11b2dca-0a6f-48a2-bc7b-d8706ab5dcb7,Cattasaurus - shoproxstore - Shopify,direct_to_consumer,fulfilled,2025-05-10,2025-05-15,2025-05-10,PA2,OnTrac,1,1,5.68,1.89,0.0,7.57,shipmonk_estimate,USD
150119_1,a52dd8ce-df81-4ace-aadf-b5b6302429a3,Cattasaurus - shoproxstore - Shopify,direct_to_consumer,fulfilled,2025-05-11,2025-05-14,2025-05-11,NV3,DHL eCommerce,1,1,4.97,1.89,0.3,7.16,shipmonk_estimate,USD
150127_1,496228bd-ef86-4059-91be-34b61bd0f376,Cattasaurus - shoproxstore - Shopify,direct_to_consumer,fulfilled,2025-05-11,2025-05-15,2025-05-11,PA2,DHL eCommerce,2,1,6.74,2.63,0.5,9.87,shipmonk_estimate,USD
150128_1,f84d477f-19dd-4b28-8768-ee78262a666d,Cattasaurus - shoproxstore - Shopify,direct_to_consumer,fulfilled,2025-05-11,2025-05-15,2025-05-11,PA2,DHL eCommerce,1,1,4.64,1.89,0.3,6.83,shipmonk_estimate,USD
150129,6600059355446,Cattasaurus - shoproxstore - Shopify,direct_to_consumer,fulfilled,2025-05-11,,2025-05-11,NV3,ShipMonk,1,0,15.16,3.78,0.0,18.94,shipmonk_estimate,USD
150131,6600066728246,Cattasaurus - shoproxstore - Shopify,direct_to_consumer,fulfilled,2025-05-11,2025-05-12,2025-05-11,PA2,UPS,1,2,34.42,4.52,0.0,38.94,shipmonk_estimate,USD
150132_1,d1504978-348d-4516-841f-71ba7dd0c41b,Cattasaurus - shoproxstore - Shopify,direct_to_consumer,fulfilled,2025-05-11,2025-05-14,2025-05-11,NV3,DHL eCommerce,1,1,6.74,2.63,0.5,9.87,shipmonk_estimate,USD
150136_1,1e1d067f-081c-4166-b718-d6bb8140f32b,Cattasaurus - shoproxstore - Shopify,direct_to_consumer,fulfilled,2025-05-11,2025-05-15,2025-05-11,PA2,OnTrac,1,1,5.61,1.89,0.0,7.5,shipmonk_estimate,USD
150141,6600111423798,Cattasaurus - shoproxstore - Shopify,direct_to_consumer,fulfilled,2025-05-11,2025-05-12,2025-05-11,PA2,FedEx,1,2,35.9,4.52,0.0,40.42,shipmonk_estimate,USD
150142_1,6854ebe8-68c0-4798-85e4-51316ccbd9f0,Cattasaurus - shoproxstore - Shopify,direct_to_consumer,fulfilled,2025-05-11,2025-05-15,2025-05-11,PA2,USPS,1,1,4.97,1.89,0.3,7.16,shipmonk_estimate,USD
150148,6600148222262,Cattasaurus - shoproxstore - Shopify,direct_to_consumer,fulfilled,2025-05-11,2025-05-13,2025-05-11,PA2,Pickup at ShipMonk's Warehouse,2,1,5.0,2.26,0.0,7.26,shipmonk_estimate,USD
150152_1,b604b429-b706-43db-8632-c81ff8f4a1f8,Cattasaurus - shoproxstore - Shopify,direct_to_consumer,fulfilled,2025-05-11,2025-05-15,2025-05-11,PA2,OnTrac,1,1,5.41,1.89,0.0,7.3,shipmonk_estimate,USD
150153_1,022dfa01-2101-4bb0-af7f-1d91511f3cc7,Cattasaurus - shoproxstore - Shopify,direct_to_consumer,fulfilled,2025-05-11,2025-05-14,2025-05-11,NV3,DHL eCommerce,1,1,4.64,1.89,0.3,6.83,shipmonk_estimate,USD
150155_1,9bb59216-5c04-4591-9066-354edb880f3a,Cattasaurus - shoproxstore - Shopify,direct_to_consumer,fulfilled,2025-05-11,2025-05-17,2025-05-11,PA2,OnTrac,1,1,6.21,1.89,0.0,8.1,shipmonk_estimate,USD
150156,6600182759734,Cattasaurus - shoproxstore - Shopify,direct_to_consumer,fulfilled,2025-05-11,2025-05-13,2025-05-11,PA2,FedEx,1,2,35.9,4.52,0.0,40.42,shipmonk_estimate,USD
150157,6600186757430,Cattasaurus - shoproxstore - Shopify,direct_to_consumer,fulfilled,2025-05-11,2025-05-13,2025-05-11,PA2,FedEx,1,2,29.78,4.52,0.0,34.3,shipmonk_estimate,USD
150160,6600196817206,Cattasaurus - shoproxstore - Shopify,direct_to_consumer,fulfilled,2025-05-11,2025-05-13,2025-05-11,PA2,Pickup at ShipMonk's Warehouse,1,1,5.0,2.26,0.0,7.26,shipmonk_estimate,USD
150162_1,3f1f63c0-07e9-43a9-b37e-7fc7063ac705,Cattasaurus - shoproxstore - Shopify,direct_to_consumer,fulfilled,2025-05-11,2025-05-15,2025-05-11,PA2,DHL eCommerce,2,1,6.62,2.26,0.5,9.38,shipmonk_estimate,USD
150175,6600256880950,Cattasaurus - shoproxstore - Shopify,direct_to_consumer,fulfilled,2025-05-11,2025-05-13,2025-05-11,PA2,FedEx,4,1,13.88,3.74,0.0,17.62,shipmonk_estimate,USD
150178,6600263467318,Cattasaurus - shoproxstore - Shopify,direct_to_consumer,fulfilled,2025-05-11,2025-05-13,2025-05-11,PA2,FedEx,1,2,35.9,4.52,0.0,40.42,shipmonk_estimate,USD
150182_1,309b1cd8-3f5d-4a3c-809d-d70204bf42fa,Cattasaurus - shoproxstore - Shopify,direct_to_consumer,fulfilled,2025-05-11,2025-05-15,2025-05-11,PA2,OnTrac,1,1,5.61,1.89,0.0,7.5,shipmonk_estimate,USD
150183_1,bfeed348-c99f-4067-bd90-832519a415fb,Cattasaurus - shoproxstore - Shopify,direct_to_consumer,fulfilled,2025-05-11,2025-05-15,2025-05-11,PA2,DHL eCommerce,1,1,4.89,1.89,0.3,7.08,shipmonk_estimate,USD
150184_1,ccb65bbf-0a9b-464d-bae4-d5f4123f8bb3,Cattasaurus - shoproxstore - Shopify,direct_to_consumer,fulfilled,2025-05-11,2025-05-14,2025-05-11,NV3,DHL eCommerce,1,1,5.68,2.26,0.5,8.44,shipmonk_estimate,USD
150189_1,87d601ab-7c6b-4e9a-afd5-307127950a36,Cattasaurus - shoproxstore - Shopify,direct_to_consumer,fulfilled,2025-05-11,2025-05-15,2025-05-11,PA2,DHL eCommerce,1,1,4.89,1.89,0.3,7.08,shipmonk_estimate,USD
150192,6600316649782,Cattasaurus - shoproxstore - Shopify,direct_to_consumer,fulfilled,2025-05-11,2025-05-13,2025-05-11,PA2,FedEx,1,2,29.12,4.52,0.0,33.64,shipmonk_estimate,USD
150193,6600316944694,Cattasaurus - shoproxstore - Shopify,direct_to_consumer,fulfilled,2025-05-11,2025-05-13,2025-05-11,PA2,FedEx,1,2,26.1,4.52,0.0,30.62,shipmonk_estimate,USD
150207_1,e3b025ec-93bb-4220-80d0-2e651e4f7f7f,Cattasaurus - shoproxstore - Shopify,direct_to_consumer,fulfilled,2025-05-11,2025-05-14,2025-05-11,NV3,USPS,1,1,4.89,1.89,0.3,7.08,shipmonk_estimate,USD
150210_1,e8db528f-f81d-4d50-b72f-ef486c381d98,Cattasaurus - shoproxstore - Shopify,direct_to_consumer,fulfilled,2025-05-11,2025-05-15,2025-05-11,PA2,DHL eCommerce,2,1,6.68,2.26,0.5,9.44,shipmonk_estimate,USD
150212_1,a9b85ef2-57ad-48f0-ba44-90109d9c9abd,Cattasaurus - shoproxstore - Shopify,direct_to_consumer,fulfilled,2025-05-11,2025-05-14,2025-05-11,NV3,DHL eCommerce,1,1,4.97,1.89,0.3,7.16,shipmonk_estimate,USD
150221_1,768239f3-4eec-420c-8930-8d916b8c0df7,Cattasaurus - shoproxstore - Shopify,direct_to_consumer,fulfilled,2025-05-11,2025-05-17,2025-05-11,PA2,USPS,1,1,5.61,1.89,0.0,7.5,shipmonk_estimate,USD
150230_1,5199e82a-2a13-4a88-b62f-c0db1f40c309,Cattasaurus - shoproxstore - Shopify,direct_to_consumer,fulfilled,2025-05-11,2025-05-15,2025-05-11,PA2,OnTrac,1,1,5.61,1.89,0.0,7.5,shipmonk_estimate,USD
150234_1,48acf7b4-64f4-4747-bce5-d59b54377227,Cattasaurus - shoproxstore - Shopify,direct_to_consumer,fulfilled,2025-05-11,2025-05-17,2025-05-11,PA2,USPS,1,1,5.68,2.26,0.5,8.44,shipmonk_estimate,USD
150237_1,5fd68426-219b-44a5-bba2-fe3974d1c4df,Cattasaurus - shoproxstore - Shopify,direct_to_consumer,fulfilled,2025-05-11,2025-05-15,2025-05-11,PA2,DHL eCommerce,2,1,6.68,2.26,0.5,9.44,shipmonk_estimate,USD
150241_1,b561d462-36a5-4010-940f-073d80131b8d,Cattasaurus - shoproxstore - Shopify,direct_to_consumer,fulfilled,2025-05-11,2025-05-17,2025-05-11,PA2,DHL eCommerce,2,1,6.62,2.26,0.5,9.38,shipmonk_estimate,USD
150245,6600595538230,Cattasaurus - shoproxstore - Shopify,direct_to_consumer,fulfilled,2025-05-11,2025-05-13,2025-05-11,PA2,DHL eCommerce,1,1,5.68,1.89,0.0,7.57,shipmonk_estimate,USD
150267_1,ffbbe633-7e33-452d-b2d4-2f2f56e4d648,Cattasaurus - shoproxstore - Shopify,direct_to_consumer,fulfilled,2025-05-11,2025-05-15,2025-05-11,PA2,DHL eCommerce,2,1,5.43,2.63,0.3,8.36,shipmonk_estimate,USD
150273_1,9e6ed0cb-6983-4b7a-9cba-29054686650b,Cattasaurus - shoproxstore - Shopify,direct_to_consumer,fulfilled,2025-05-11,2025-05-19,2025-05-11,NV3,USPS,1,1,4.64,1.89,0.3,6.83,shipmonk_estimate,USD
150275_1,709f8f62-e055-41dd-8254-5797a93543f2,Cattasaurus - shoproxstore - Shopify,direct_to_consumer,fulfilled,2025-05-11,2025-05-17,2025-05-11,PA2,DHL eCommerce,1,1,4.97,1.89,0.3,7.16,shipmonk_estimate,USD
150291,6600792146230,Cattasaurus - shoproxstore - Shopify,direct_to_consumer,fulfilled,2025-05-11,,2025-05-11,PA2,ShipMonk,3,0,16.77,10.5,0.0,27.27,shipmonk_estimate,USD
150299_1,807b02bb-3963-46a7-92d0-de54f2e84dba,Cattasaurus - shoproxstore - Shopify,direct_to_consumer,fulfilled,2025-05-11,2025-05-15,2025-05-11,PA2,OnTrac,1,1,5.61,1.89,0.0,7.5,shipmonk_estimate,USD
150312_1,6dd31dc3-9019-4f02-9b42-cb56f81491db,Cattasaurus - shoproxstore - Shopify,direct_to_consumer,fulfilled,2025-05-11,2025-05-14,2025-05-11,NV3,DHL eCommerce,1,1,5.77,1.89,0.0,7.66,shipmonk_estimate,USD
150314_1,100eb7f1-20a9-45d1-a0dc-e33072c238ee,Cattasaurus - shoproxstore - Shopify,direct_to_consumer,fulfilled,2025-05-11,2025-05-14,2025-05-11,NV3,USPS,1,1,5.61,1.89,0.0,7.5,shipmonk_estimate,USD
150315_1,5cc8b76e-9687-4089-a49f-379a84c8997a,Cattasaurus - shoproxstore - Shopify,direct_to_consumer,fulfilled,2025-05-11,2025-05-15,2025-05-11,PA2,DHL eCommerce,1,1,5.61,2.26,0.5,8.37,shipmonk_estimate,USD
150325_1,4fe78c19-495d-40c2-abb5-4d2a4ca04dcb,Cattasaurus - shoproxstore - Shopify,direct_to_consumer,fulfilled,2025-05-11,2025-05-15,2025-05-11,PA2,DHL eCommerce,1,1,4.64,1.89,0.3,6.83,shipmonk_estimate,USD
150335_1,f87d1bcb-9ae2-4de6-a5b6-3014f4a898d9,Cattasaurus - shoproxstore - Shopify,direct_to_consumer,fulfilled,2025-05-11,2025-05-16,2025-05-11,PA2,OnTrac,1,1,5.43,1.89,0.0,7.32,shipmonk_estimate,USD
150346_1,602801e3-4b9f-490f-be50-b4dce9f04c32,Cattasaurus - shoproxstore - Shopify,direct_to_consumer,fulfilled,2025-05-11,2025-05-16,2025-05-11,PA2,USPS,1,1,4.89,1.89,0.5,7.28,shipmonk_estimate,USD
150348_1,53fd01a8-a1b7-4370-aa52-c43aacc958f8,Cattasaurus - shoproxstore - Shopify,direct_to_consumer,fulfilled,2025-05-11,2025-05-15,2025-05-11,NV3,USPS,1,1,4.89,1.89,0.3,7.08,shipmonk_estimate,USD
150363_1,85497cbb-7442-42a0-b7d2-36a790e6cc05,Cattasaurus - shoproxstore - Shopify,direct_to_consumer,fulfilled,2025-05-11,2025-05-15,2025-05-11,NV3,DHL eCommerce,1,1,5.68,1.89,0.0,7.57,shipmonk_estimate,USD
150364_1,330b0a3f-f469-4d2b-9a6a-e2b12751c23b,Cattasaurus - shoproxstore - Shopify,direct_to_consumer,fulfilled,2025-05-11,2025-05-15,2025-05-11,NV3,DHL eCommerce,1,1,5.61,1.89,0.0,7.5,shipmonk_estimate,USD
150369,6601131589942,Cattasaurus - shoproxstore - Shopify,direct_to_consumer,fulfilled,2025-05-11,2025-05-14,2025-05-11,PA2,OnTrac,2,1,16.8,3.0,0.0,19.8,shipmonk_estimate,USD
150372_1,5159080e-baac-4f01-a131-9423398d2283,Cattasaurus - shoproxstore - Shopify,direct_to_consumer,fulfilled,2025-05-11,2025-05-15,2025-05-11,NV3,USPS,1,1,4.97,1.89,0.3,7.16,shipmonk_estimate,USD
150373_1,784df9c1-a08d-462e-8485-039837f50c83,Cattasaurus - shoproxstore - Shopify,direct_to_consumer,fulfilled,2025-05-11,2025-05-19,2025-05-11,NV3,USPS,1,1,4.89,1.89,0.3,7.08,shipmonk_estimate,USD
150375_1,d8520af3-22d7-42a1-a53d-d35ebb2941f3,Cattasaurus - shoproxstore - Shopify,direct_to_consumer,fulfilled,2025-05-11,2025-05-16,2025-05-11,PA2,USPS,1,1,5.61,1.89,0.0,7.5,shipmonk_estimate,USD
150376,6601153020214,Cattasaurus - shoproxstore - Shopify,direct_to_consumer,fulfilled,2025-05-11,2025-05-13,2025-05-11,PA2,Pickup at ShipMonk's Warehouse,1,1,5.0,2.26,0.0,7.26,shipmonk_estimate,USD
150384_1,ae6b5995-7800-4765-9685-a6b5cf545a2a,Cattasaurus - shoproxstore - Shopify,direct_to_consumer,fulfilled,2025-05-11,2025-05-16,2025-05-11,PA2,DHL eCommerce,1,1,4.62,1.89,0.3,6.81,shipmonk_estimate,USD
150388_1,deffe910-bfda-424b-b7dc-21e25ee84acc,Cattasaurus - shoproxstore - Shopify,direct_to_consumer,fulfilled,2025-05-11,2025-05-16,2025-05-11,PA2,DHL eCommerce,1,1,4.97,1.89,0.3,7.16,shipmonk_estimate,USD
150392_1,e4829f21-9278-45e2-838b-d2f460911c2b,Cattasaurus - shoproxstore - Shopify,direct_to_consumer,fulfilled,2025-05-11,2025-05-16,2025-05-11,PA2,USPS,1,1,5.68,2.26,0.5,8.44,shipmonk_estimate,USD
150395_1,1f7c82f8-7c65-4360-beb0-220d423b35a4,Cattasaurus - shoproxstore - Shopify,direct_to_consumer,fulfilled,2025-05-11,2025-05-17,2025-05-11,PA2,OnTrac,1,1,6.21,1.89,0.0,8.1,shipmonk_estimate,USD
150402,6601236644150,Cattasaurus - shoproxstore - Shopify,direct_to_consumer,fulfilled,2025-05-11,2025-05-15,2025-05-11,PA2,OnTrac,2,1,16.74,3.0,0.0,19.74,shipmonk_estimate,USD
150403_1,84aa1e8d-7d64-402e-8554-a70da4c99380,Cattasaurus - shoproxstore - Shopify,direct_to_consumer,fulfilled,2025-05-11,2025-05-16,2025-05-11,PA2,DHL eCommerce,1,1,4.97,1.89,0.5,7.36,shipmonk_estimate,USD
150407_1,f957024c-86a3-4dea-9b93-e1e4a9afd0c8,Cattasaurus - shoproxstore - Shopify,direct_to_consumer,fulfilled,2025-05-11,2025-05-15,2025-05-11,NV3,DHL eCommerce,1,1,4.97,1.89,0.3,7.16,shipmonk_estimate,USD
150420_1,a5a41023-cb92-4b0e-b6ef-361db78d1b70,Cattasaurus - shoproxstore - Shopify,direct_to_consumer,fulfilled,2025-05-11,2025-05-16,2025-05-11,PA2,USPS,1,1,4.97,1.89,0.5,7.36,shipmonk_estimate,USD
150426_1,165866fb-164c-45c6-94f8-c9f1e8997bc2,Cattasaurus - shoproxstore - Shopify,direct_to_consumer,fulfilled,2025-05-12,2025-05-16,2025-05-12,PA2,OnTrac,1,1,5.61,1.89,0.0,7.5,shipmonk_estimate,USD
150427,6601466249526,Cattasaurus - shoproxstore - Shopify,direct_to_consumer,fulfilled,2025-05-12,,2025-05-12,PA2,ShipMonk,1,0,19.51,3.78,0.0,23.29,shipmonk_estimate,USD
150429_1,01380931-54be-4be8-8052-d06281d1e955,Cattasaurus - shoproxstore - Shopify,direct_to_consumer,fulfilled,2025-05-12,2025-05-16,2025-05-12,PA2,OnTrac,1,1,5.61,1.89,0.0,7.5,shipmonk_estimate,USD
150431_1,510fb3b7-2d51-475e-a1d1-4c45fd06d9f5,Cattasaurus - shoproxstore - Shopify,direct_to_consumer,fulfilled,2025-05-12,2025-05-15,2025-05-12,NV3,DHL eCommerce,2,1,8.5,3.0,0.5,12.0,shipmonk_estimate,USD
150440_1,4273b527-5425-4519-acc6-3f284c2b3319,Cattasaurus - shoproxstore - Shopify,direct_to_consumer,fulfilled,2025-05-12,2025-05-15,2025-05-12,NV3,USPS,1,1,5.68,1.89,0.0,7.57,shipmonk_estimate,USD
150441,6601936634166,Cattasaurus - shoproxstore - Shopify,direct_to_consumer,fulfilled,2025-05-12,2025-05-14,2025-05-12,PA2,Pickup at ShipMonk's Warehouse,1,1,5.0,2.26,0.0,7.26,shipmonk_estimate,USD
150444,6601976185142,Cattasaurus - shoproxstore - Shopify,direct_to_consumer,fulfilled,2025-05-12,2025-05-16,2025-05-12,PA2,OnTrac,1,1,20.41,2.26,0.0,22.67,shipmonk_estimate,USD
150447,6602049585462,Cattasaurus - shoproxstore - Shopify,direct_to_consumer,fulfilled,2025-05-12,2025-05-15,2025-05-12,PA2,FedEx,1,1,25.32,2.26,0.0,27.58,shipmonk_estimate,USD
150450,6602271686966,Cattasaurus - shoproxstore - Shopify,direct_to_consumer,fulfilled,2025-05-12,2025-05-15,2025-05-12,PA2,OnTrac,1,1,15.27,2.26,0.0,17.53,shipmonk_estimate,USD
150454_1,4471d524-22d9-49ae-9d2e-03a218600b86,Cattasaurus - shoproxstore - Shopify,direct_to_consumer,fulfilled,2025-05-12,2025-05-16,2025-05-12,PA2,DHL eCommerce,2,1,6.46,2.26,0.5,9.22,shipmonk_estimate,USD
150455,6602387718454,Cattasaurus - shoproxstore - Shopify,direct_to_consumer,fulfilled,2025-05-12,,2025-05-12,NV3,ShipMonk,3,0,17.21,5.67,0.0,22.88,shipmonk_estimate,USD
150456,6602434445622,Cattasaurus - shoproxstore - Shopify,direct_to_consumer,fulfilled,2025-05-12,2025-05-15,2025-05-12,PA2,OnTrac,3,1,14.11,3.0,0.0,17.11,shipmonk_estimate,USD
150457,6602474848566,Cattasaurus - shoproxstore - Shopify,direct_to_consumer,fulfilled,2025-05-12,2025-05-16,2025-05-12,PA2,OnTrac,1,1,16.74,2.26,0.0,19.0,shipmonk_estimate,USD
150459,6602496213302,Cattasaurus - shoproxstore - Shopify,direct_to_consumer,fulfilled,2025-05-12,2025-05-14,2025-05-12,PA2,OnTrac,1,1,13.88,2.26,0.0,16.14,shipmonk_estimate,USD
150460,6602505912630,Cattasaurus - shoproxstore - Shopify,direct_to_consumer,fulfilled,2025-05-12,2025-05-14,2025-05-12,NV3,DHL eCommerce,2,1,5.43,2.26,0.5,8.19,shipmonk_estimate,USD
150461_1,107f93bc-7c86-467e-8c07-eafb28de9531,Cattasaurus - shoproxstore - Shopify,direct_to_consumer,fulfilled,2025-05-12,2025-05-16,2025-05-12,NV3,DHL eCommerce,1,1,5.77,1.89,0.0,7.66,shipmonk_estimate,USD
150464,6602565517622,Cattasaurus - shoproxstore - Shopify,direct_to_consumer,fulfilled,2025-05-12,2025-05-15,2025-05-12,PA2,FedEx,1,1,22.11,2.63,0.0,24.74,shipmonk_estimate,USD
150467_1,155ba2e2-52b9-4109-bbcb-73bcf5d9054b,Cattasaurus - shoproxstore - Shopify,direct_to_consumer,fulfilled,2025-05-12,2025-05-16,2025-05-12,PA2,USPS,1,1,4.89,1.89,0.5,7.28,shipmonk_estimate,USD
150469_1,8ba14aca-4163-45ea-9bbe-000ef15a2488,Cattasaurus - shoproxstore - Shopify,direct_to_consumer,fulfilled,2025-05-12,2025-05-16,2025-05-12,NV3,USPS,1,1,4.97,1.89,0.3,7.16,shipmonk_estimate,USD
147686-01,1df83aad-c475-4996-be5e-c098a601bf34,Cattasaurus - shoproxstore - Shopify,direct_to_consumer,fulfilled,2025-05-13,2025-05-13,2025-05-13,NV3,DHL eCommerce,1,1,5.68,1.89,0.0,7.57,shipmonk_estimate,USD
150475_1,636cec38-f2d9-421c-9950-05a9818d20ea,Cattasaurus - shoproxstore - Shopify,direct_to_consumer,fulfilled,2025-05-13,2025-05-16,2025-05-13,PA2,USPS,1,1,5.61,1.89,0.0,7.5,shipmonk_estimate,USD
150477,6603181850934,Cattasaurus - shoproxstore - Shopify,direct_to_consumer,fulfilled,2025-05-13,2025-05-15,2025-05-13,PA2,OnTrac,2,1,18.87,2.63,0.0,21.5,shipmonk_estimate,USD
150478,6603192140086,Cattasaurus - shoproxstore - Shopify,direct_to_consumer,fulfilled,2025-05-13,2025-05-15,2025-05-13,PA2,OnTrac,1,1,13.17,2.26,0.0,15.43,shipmonk_estimate,USD
150479_1,077acff9-df84-4114-9add-5c8c4551c6ad,Cattasaurus - shoproxstore - Shopify,direct_to_consumer,fulfilled,2025-05-13,2025-05-16,2025-05-13,PA2,DHL eCommerce,1,1,4.64,1.89,0.5,7.03,shipmonk_estimate,USD
150482_1,ea125c47-0aa3-49f6-8a4f-651ff4704697,Cattasaurus - shoproxstore - Shopify,direct_to_consumer,fulfilled,2025-05-13,2025-05-16,2025-05-13,NV3,DHL eCommerce,1,1,5.43,1.89,0.0,7.32,shipmonk_estimate,USD
150488,6603313479990,Cattasaurus - shoproxstore - Shopify,direct_to_consumer,fulfilled,2025-05-13,2025-05-15,2025-05-13,PA2,FedEx,1,1,18.31,2.26,0.0,20.57,shipmonk_estimate,USD
150492_1,4e7195b7-81ca-4cef-8a3d-81b6e6b6dc8c,Cattasaurus - shoproxstore - Shopify,direct_to_consumer,fulfilled,2025-05-13,2025-05-16,2025-05-13,PA2,DHL eCommerce,1,1,5.68,2.26,0.5,8.44,shipmonk_estimate,USD
150493_1,e8fc20f8-aa9b-4c5f-9c96-6b3026f7ac09,Cattasaurus - shoproxstore - Shopify,direct_to_consumer,fulfilled,2025-05-13,2025-05-16,2025-05-13,NV3,USPS,1,1,4.89,1.89,0.3,7.08,shipmonk_estimate,USD
150497,6603588731190,Cattasaurus - shoproxstore - Shopify,direct_to_consumer,fulfilled,2025-05-13,2025-05-15,2025-05-13,PA2,UPS,2,1,20.41,2.63,0.0,23.04,shipmonk_estimate,USD
150498_1,e5708dda-4e91-4ae6-9368-ddfeedd47fee,Cattasaurus - shoproxstore - Shopify,direct_to_consumer,fulfilled,2025-05-13,2025-05-16,2025-05-13,NV3,DHL eCommerce,2,1,8.31,3.0,0.5,11.81,shipmonk_estimate,USD
150501,6603801723190,Cattasaurus - shoproxstore - Shopify,direct_to_consumer,fulfilled,2025-05-13,2025-05-15,2025-05-13,PA2,OnTrac,2,1,18.87,2.63,0.0,21.5,shipmonk_estimate,USD
150502,6603844288822,Cattasaurus - shoproxstore - Shopify,direct_to_consumer,fulfilled,2025-05-13,2025-05-15,2025-05-13,PA2,OnTrac,1,1,21.05,2.63,0.0,23.68,shipmonk_estimate,USD
150503_1,841b9e14-5c85-45bc-98df-4d771f804f1e,Cattasaurus - shoproxstore - Shopify,direct_to_consumer,fulfilled,2025-05-13,2025-05-16,2025-05-13,NV3,DHL eCommerce,1,1,5.77,2.26,0.5,8.53,shipmonk_estimate,USD
150505,6603919098166,Cattasaurus - shoproxstore - Shopify,direct_to_consumer,fulfilled,2025-05-13,2025-05-15,2025-05-13,PA2,FedEx,1,1,17.34,2.26,0.0,19.6,shipmonk_estimate,USD
150506,6603992301878,Cattasaurus - shoproxstore - Shopify,direct_to_consumer,fulfilled,2025-05-13,2025-05-15,2025-05-13,PA2,FedEx,3,1,16.74,3.0,0.0,19.74,shipmonk_estimate,USD
150509,6604040765750,Cattasaurus - shoproxstore - Shopify,direct_to_consumer,fulfilled,2025-05-13,2025-05-15,2025-05-13,PA2,OnTrac,2,1,14.71,2.63,0.0,17.34,shipmonk_estimate,USD
150510,6604069830966,Cattasaurus - shoproxstore - Shopify,direct_to_consumer,fulfilled,2025-05-13,2025-05-15,2025-05-13,PA2,OnTrac,1,1,23.78,2.26,0.0,26.04,shipmonk_estimate,USD
150516_1,9cce865b-5c0e-492b-9865-1606459b2412,Cattasaurus - shoproxstore - Shopify,direct_to_consumer,fulfilled,2025-05-14,2025-05-16,2025-05-14,PA2,OnTrac,1,1,5.41,1.89,0.0,7.3,shipmonk_estimate,USD
150517,6604890669366,Cattasaurus - shoproxstore - Shopify,direct_to_consumer,fulfilled,2025-05-14,2025-07-23,2025-05-14,PA2,OnTrac,1,1,11.02,2.5,0.0,13.52,shipmonk_estimate,USD
150519_1,630a751e-cdf0-401b-a610-c420b8a64d7a,Cattasaurus - shoproxstore - Shopify,direct_to_consumer,fulfilled,2025-05-14,2025-05-16,2025-05-14,NV3,DHL eCommerce,1,1,5.61,1.89,0.0,7.5,shipmonk_estimate,USD
150520_1,97d44080-c620-4715-b940-69fa41d1234d,Cattasaurus - shoproxstore - Shopify,direct_to_consumer,fulfilled,2025-05-14,2025-05-16,2025-05-14,PA2,DHL eCommerce,1,1,4.64,1.89,0.3,6.83,shipmonk_estimate,USD
150524_1,7ac4d8e1-4074-4733-b828-2f7cfeabf0b8,Cattasaurus - shoproxstore - Shopify,direct_to_consumer,fulfilled,2025-05-14,2025-05-16,2025-05-14,NV3,DHL eCommerce,2,1,6.46,2.26,0.5,9.22,shipmonk_estimate,USD
150526_1,5ad46f21-3d6d-440f-94fa-a810cee8e2ee,Cattasaurus - shoproxstore - Shopify,direct_to_consumer,fulfilled,2025-05-14,2025-05-16,2025-05-14,PA2,USPS,1,1,5.41,1.89,0.0,7.3,shipmonk_estimate,USD
150532_1,dec4d957-6faa-4c49-946e-e2bed7a2dbca,Cattasaurus - shoproxstore - Shopify,direct_to_consumer,fulfilled,2025-05-14,2025-05-17,2025-05-14,PA2,OnTrac,1,1,5.43,1.89,0.0,7.32,shipmonk_estimate,USD
150542_1,117fff93-b209-4d5a-853e-0c01a6161a77,Cattasaurus - shoproxstore - Shopify,direct_to_consumer,fulfilled,2025-05-14,2025-05-17,2025-05-14,PA2,DHL eCommerce,1,1,4.64,1.89,0.3,6.83,shipmonk_estimate,USD
150543_1,bb4d2a90-1103-43da-8546-3bef715a7411,Cattasaurus - shoproxstore - Shopify,direct_to_consumer,fulfilled,2025-05-14,2025-05-17,2025-05-14,PA2,USPS,1,1,5.43,1.89,0.0,7.32,shipmonk_estimate,USD
150545,6605767508278,Cattasaurus - shoproxstore - Shopify,direct_to_consumer,fulfilled,2025-05-14,2025-05-16,2025-05-14,PA2,USPS,1,1,5.77,2.26,0.5,8.53,shipmonk_estimate,USD
150547_1,89fa9c32-fdcf-40bc-8b45-4719dfbb1420,Cattasaurus - shoproxstore - Shopify,direct_to_consumer,fulfilled,2025-05-14,2025-05-17,2025-05-14,PA2,DHL eCommerce,1,1,4.97,1.89,0.3,7.16,shipmonk_estimate,USD
150552,6606022607158,Cattasaurus - shoproxstore - Shopify,direct_to_consumer,fulfilled,2025-05-14,2025-05-16,2025-05-14,NV3,FedEx,1,1,16.77,2.26,0.0,19.03,shipmonk_estimate,USD
150554_1,b7e6caf5-08b2-49d4-adc6-783fe2ee4d5f,Cattasaurus - shoproxstore - Shopify,direct_to_consumer,fulfilled,2025-05-14,2025-05-16,2025-05-14,NV3,DHL eCommerce,1,1,5.43,2.26,0.5,8.19,shipmonk_estimate,USD
150558_1,7259fc66-ab44-4f42-ab30-2cefb4272d3c,Cattasaurus - shoproxstore - Shopify,direct_to_consumer,fulfilled,2025-05-14,2025-05-16,2025-05-14,NV3,DHL eCommerce,1,1,4.97,1.89,0.3,7.16,shipmonk_estimate,USD
150562_1,496541c6-fbee-46c4-ac13-dfb6bc38c8f8,Cattasaurus - shoproxstore - Shopify,direct_to_consumer,fulfilled,2025-05-14,2025-05-17,2025-05-14,PA2,USPS,1,1,5.61,1.89,0.0,7.5,shipmonk_estimate,USD
150572_1,1fd18334-e3d2-4e0c-8206-52994f398ebc,Cattasaurus - shoproxstore - Shopify,direct_to_consumer,fulfilled,2025-05-15,2025-05-17,2025-05-15,PA2,OnTrac,1,1,5.77,1.89,0.0,7.66,shipmonk_estimate,USD
150574_1,85638b18-eecc-4a80-9629-02201e4881ee,Cattasaurus - shoproxstore - Shopify,direct_to_consumer,fulfilled,2025-05-15,2025-05-16,2025-05-15,NV3,USPS,1,1,5.61,1.89,0.0,7.5,shipmonk_estimate,USD
150577,6607688466742,Cattasaurus - shoproxstore - Shopify,direct_to_consumer,fulfilled,2025-05-15,2025-05-17,2025-05-15,PA2,OnTrac,1,1,15.27,2.26,0.0,17.53,shipmonk_estimate,USD
150581_1,7f0cf24e-c3ec-4c74-872b-53d7c5c4d433,Cattasaurus - shoproxstore - Shopify,direct_to_consumer,fulfilled,2025-05-15,2025-05-18,2025-05-15,PA2,USPS,1,1,5.61,1.89,0.0,7.5,shipmonk_estimate,USD
150585_1,0ee1258d-3772-428f-aa0f-41fe0d210fb7,Cattasaurus - shoproxstore - Shopify,direct_to_consumer,fulfilled,2025-05-15,2025-05-18,2025-05-15,PA2,USPS,1,1,6.21,1.89,0.0,8.1,shipmonk_estimate,USD
150586_1,83b942e6-be25-416a-8661-a3030708b57a,Cattasaurus - shoproxstore - Shopify,direct_to_consumer,fulfilled,2025-05-15,2025-05-18,2025-05-15,PA2,OnTrac,1,1,5.43,1.89,0.0,7.32,shipmonk_estimate,USD
150587_1,f24b62a7-b3b9-484c-9a18-fff1b6302e94,Cattasaurus - shoproxstore - Shopify,direct_to_consumer,fulfilled,2025-05-15,2025-05-18,2025-05-15,PA2,USPS,1,1,4.97,1.89,0.3,7.16,shipmonk_estimate,USD
150591_1,abb26a16-fdf1-49b3-82e1-752ef8614b25,Cattasaurus - shoproxstore - Shopify,direct_to_consumer,fulfilled,2025-05-15,2025-05-20,2025-05-15,PA2,DHL eCommerce,1,1,5.41,2.26,0.5,8.17,shipmonk_estimate,USD
150593_1,1cd5fffd-c351-4691-8b01-f212582393c1,Cattasaurus - shoproxstore - Shopify,direct_to_consumer,fulfilled,2025-05-15,2025-05-18,2025-05-15,PA2,DHL eCommerce,2,1,6.68,2.26,0.5,9.44,shipmonk_estimate,USD
114-8079064-1417027,114-8079064-1417027,Cattasaurus - Amazon USA,direct_to_consumer,fulfilled,2025-05-16,2025-05-16,2025-05-16,NV3,USPS,1,1,4.97,1.89,0.3,7.16,shipmonk_estimate,USD
150604_1,2e53dd0e-c49e-4d81-bbb0-0fdd405a6778,Cattasaurus - shoproxstore - Shopify,direct_to_consumer,fulfilled,2025-05-16,2025-05-18,2025-05-16,PA2,USPS,2,1,5.68,2.26,0.3,8.24,shipmonk_estimate,USD
150605_1,f8d3368a-5950-4e47-92d4-88dfc5724b43,Cattasaurus - shoproxstore - Shopify,direct_to_consumer,fulfilled,2025-05-16,2025-05-20,2025-05-16,PA2,USPS,1,1,5.41,1.89,0.0,7.3,shipmonk_estimate,USD
150608,6609092935990,Cattasaurus - shoproxstore - Shopify,direct_to_consumer,fulfilled,2025-05-16,2025-07-25,2025-05-16,PA2,OnTrac,1,1,11.6,2.5,0.0,14.1,shipmonk_estimate,USD
150610,6609113284918,Cattasaurus - shoproxstore - Shopify,direct_to_consumer,fulfilled,2025-05-16,2025-08-20,2025-05-16,PA2,FedEx,1,1,23.45,7.5,0.0,30.95,shipmonk_estimate,USD
150614_1,57697946-ee9e-4d57-a502-7e98d30ea7fd,Cattasaurus - shoproxstore - Shopify,direct_to_consumer,fulfilled,2025-05-16,2025-05-18,2025-05-16,PA2,USPS,1,1,5.68,1.89,0.0,7.57,shipmonk_estimate,USD
150617,6609204707638,Cattasaurus - shoproxstore - Shopify,direct_to_consumer,fulfilled,2025-05-16,2025-05-18,2025-05-16,PA2,OnTrac,1,1,5.41,1.89,0.0,7.3,shipmonk_estimate,USD
150621,6609283612982,Cattasaurus - shoproxstore - Shopify,direct_to_consumer,fulfilled,2025-05-16,2025-07-25,2025-05-16,PA2,OnTrac,1,1,11.6,2.5,0.0,14.1,shipmonk_estimate,USD
150630,6609674862902,Cattasaurus - shoproxstore - Shopify,direct_to_consumer,fulfilled,2025-05-16,2025-05-28,2025-05-16,NV3,USPS,1,1,4.64,1.89,0.3,6.83,shipmonk_estimate,USD
150639,6610128372022,Cattasaurus - shoproxstore - Shopify,direct_to_consumer,fulfilled,2025-05-16,2025-05-18,2025-05-16,PA2,DHL eCommerce,1,1,4.97,1.89,0.3,7.16,shipmonk_estimate,USD
150640_1,9b97ff69-014b-4f93-b761-d8caf9d9379d,Cattasaurus - shoproxstore - Shopify,direct_to_consumer,fulfilled,2025-05-16,2025-05-28,2025-05-16,PA2,DHL eCommerce,2,1,6.74,2.26,0.5,9.5,shipmonk_estimate,USD
150641_1,e0b14e11-febf-49c6-ba12-5195354973fc,Cattasaurus - shoproxstore - Shopify,direct_to_consumer,fulfilled,2025-05-16,2025-05-20,2025-05-16,NV3,USPS,1,1,4.97,1.89,0.3,7.16,shipmonk_estimate,USD
150642_1,ddcde621-5bc1-4c66-8644-5792b99cc2d8,Cattasaurus - shoproxstore - Shopify,direct_to_consumer,fulfilled,2025-05-16,2025-05-28,2025-05-16,PA2,DHL eCommerce,2,1,6.74,2.26,0.5,9.5,shipmonk_estimate,USD
114-1443064-2853065,114-1443064-2853065,Cattasaurus - Amazon USA,direct_to_consumer,fulfilled,2025-05-17,2025-05-17,2025-05-17,PA2,OnTrac,1,1,15.27,2.26,0.0,17.53,shipmonk_estimate,USD
150644,6610639454518,Cattasaurus - shoproxstore - Shopify,direct_to_consumer,fulfilled,2025-05-17,2025-07-25,2025-05-17,PA2,OnTrac,1,1,11.02,2.5,0.0,13.52,shipmonk_estimate,USD
150646,6610694996278,Cattasaurus - shoproxstore - Shopify,direct_to_consumer,fulfilled,2025-05-17,2025-05-18,2025-05-17,PA2,DHL eCommerce,2,1,6.68,3.37,0.5,10.55,shipmonk_estimate,USD
150649_1,bd68017b-5098-4093-93bf-00dca541f5af,Cattasaurus - shoproxstore - Shopify,direct_to_consumer,fulfilled,2025-05-17,2025-05-28,2025-05-17,PA2,USPS,1,1,5.61,1.89,0.0,7.5,shipmonk_estimate,USD
150652,6610896879926,Cattasaurus - shoproxstore - Shopify,direct_to_consumer,fulfilled,2025-05-17,2025-05-18,2025-05-17,PA2,DHL eCommerce,2,1,6.68,2.26,0.5,9.44,shipmonk_estimate,USD
150659_1,5de8115c-cec3-4ba4-9757-7ff2591cb0f6,Cattasaurus - shoproxstore - Shopify,direct_to_consumer,fulfilled,2025-05-17,2025-05-28,2025-05-17,PA2,DHL eCommerce,1,1,4.97,1.89,0.3,7.16,shipmonk_estimate,USD
150660,6610967527734,Cattasaurus - shoproxstore - Shopify,direct_to_consumer,fulfilled,2025-05-17,2025-07-07,2025-05-17,NV3,FedEx,1,1,17.36,2.5,0.0,19.86,shipmonk_estimate,USD
150661,6610971361590,Cattasaurus - shoproxstore - Shopify,direct_to_consumer,fulfilled,2025-05-17,2025-05-28,2025-05-17,PA2,DHL eCommerce,1,1,4.62,1.89,0.3,6.81,shipmonk_estimate,USD
150663,6611010683190,Cattasaurus - shoproxstore - Shopify,direct_to_consumer,fulfilled,2025-05-17,2025-05-28,2025-05-17,PA2,DHL eCommerce,1,1,4.62,1.89,0.3,6.81,shipmonk_estimate,USD
150664_1,95f7e6a6-11f6-4529-b729-d362fad3bbfe,Cattasaurus - shoproxstore - Shopify,direct_to_consumer,fulfilled,2025-05-17,2025-05-20,2025-05-17,PA2,DHL eCommerce,1,1,4.62,1.89,0.3,6.81,shipmonk_estimate,USD
150665,6611065995574,Cattasaurus - shoproxstore - Shopify,direct_to_consumer,fulfilled,2025-05-17,2025-05-28,2025-05-17,PA2,OnTrac,1,1,5.43,1.89,0.0,7.32,shipmonk_estimate,USD
150667,6611096109366,Cattasaurus - shoproxstore - Shopify,direct_to_consumer,fulfilled,2025-05-17,2025-05-28,2025-05-17,PA2,OnTrac,1,1,6.21,1.89,0.0,8.1,shipmonk_estimate,USD
150668,6611115180342,Cattasaurus - shoproxstore - Shopify,direct_to_consumer,fulfilled,2025-05-17,2025-05-28,2025-05-17,PA2,OnTrac,1,1,6.21,1.89,0.0,8.1,shipmonk_estimate,USD
150669,6611119309110,Cattasaurus - shoproxstore - Shopify,direct_to_consumer,fulfilled,2025-05-17,2025-05-19,2025-05-17,PA2,OnTrac,1,1,16.77,2.26,0.0,19.03,shipmonk_estimate,USD
150676,6611237470518,Cattasaurus - shoproxstore - Shopify,direct_to_consumer,fulfilled,2025-05-17,2025-05-27,2025-05-17,NV3,USPS,1,1,5.1,1.89,0.3,7.29,shipmonk_estimate,USD
150678,6611284263222,Cattasaurus - shoproxstore - Shopify,direct_to_consumer,fulfilled,2025-05-17,2025-05-28,2025-05-17,PA2,DHL eCommerce,2,1,6.46,2.26,0.5,9.22,shipmonk_estimate,USD
150681,6611397017910,Cattasaurus - shoproxstore - Shopify,direct_to_consumer,fulfilled,2025-05-17,2025-05-27,2025-05-17,NV3,DHL eCommerce,1,1,4.97,1.89,0.3,7.16,shipmonk_estimate,USD
150684,6611473531190,Cattasaurus - shoproxstore - Shopify,direct_to_consumer,fulfilled,2025-05-17,2025-05-19,2025-05-17,PA2,USPS,1,1,4.97,1.89,0.5,7.36,shipmonk_estimate,USD
150688,6611561414966,Cattasaurus - shoproxstore - Shopify,direct_to_consumer,fulfilled,2025-05-17,2025-05-28,2025-05-17,PA2,DHL eCommerce,2,1,7.26,2.26,0.5,10.02,shipmonk_estimate,USD
150701,6611768148278,Cattasaurus - shoproxstore - Shopify,direct_to_consumer,fulfilled,2025-05-17,2025-05-28,2025-05-17,PA2,OnTrac,1,1,5.41,1.89,0.0,7.3,shipmonk_estimate,USD
150711,6612227424566,Cattasaurus - shoproxstore - Shopify,direct_to_consumer,fulfilled,2025-05-18,2025-05-28,2025-05-18,PA2,OnTrac,2,1,6.46,2.26,0.5,9.22,shipmonk_estimate,USD
150719,6612405158198,Cattasaurus - shoproxstore - Shopify,direct_to_consumer,fulfilled,2025-05-18,2025-05-19,2025-05-18,NV3,FedEx,1,1,16.77,2.26,0.0,19.03,shipmonk_estimate,USD
150721,6612430750006,Cattasaurus - shoproxstore - Shopify,direct_to_consumer,fulfilled,2025-05-18,2025-05-28,2025-05-18,PA2,DHL eCommerce,1,1,5.1,1.89,0.3,7.29,shipmonk_estimate,USD
150729,6612558709046,Cattasaurus - shoproxstore - Shopify,direct_to_consumer,fulfilled,2025-05-18,2025-05-28,2025-05-18,PA2,USPS,1,1,4.64,1.89,0.3,6.83,shipmonk_estimate,USD
150731,6612624245046,Cattasaurus - shoproxstore - Shopify,direct_to_consumer,fulfilled,2025-05-18,2025-05-28,2025-05-18,PA2,USPS,1,1,5.68,1.89,0.0,7.57,shipmonk_estimate,USD
150733,6612669137206,Cattasaurus - shoproxstore - Shopify,direct_to_consumer,fulfilled,2025-05-18,2025-05-28,2025-05-18,PA2,OnTrac,1,1,5.61,1.89,0.0,7.5,shipmonk_estimate,USD
150737,6612716192054,Cattasaurus - shoproxstore - Shopify,direct_to_consumer,fulfilled,2025-05-18,2025-05-28,2025-05-18,PA2,DHL eCommerce,1,1,4.97,1.89,0.3,7.16,shipmonk_estimate,USD
150738,6612718616886,Cattasaurus - shoproxstore - Shopify,direct_to_consumer,fulfilled,2025-05-18,2025-05-29,2025-05-18,PA2,OnTrac,1,1,6.21,1.89,0.0,8.1,shipmonk_estimate,USD
150746,6612953891126,Cattasaurus - shoproxstore - Shopify,direct_to_consumer,fulfilled,2025-05-18,2025-05-28,2025-05-18,PA2,DHL eCommerce,2,1,4.64,2.26,0.3,7.2,shipmonk_estimate,USD
150754,6613064745270,Cattasaurus - shoproxstore - Shopify,direct_to_consumer,fulfilled,2025-05-18,2025-05-28,2025-05-18,PA2,DHL eCommerce,1,1,5.94,1.89,0.0,7.83,shipmonk_estimate,USD
150759,6613185102134,Cattasaurus - shoproxstore - Shopify,direct_to_consumer,fulfilled,2025-05-18,2025-05-28,2025-05-18,PA2,DHL eCommerce,1,1,4.89,1.89,0.3,7.08,shipmonk_estimate,USD
150766,6613291761974,Cattasaurus - shoproxstore - Shopify,direct_to_consumer,fulfilled,2025-05-18,2025-05-20,2025-05-18,PA2,DHL eCommerce,2,1,6.46,2.26,0.5,9.22,shipmonk_estimate,USD
148818-01,5c2d9596-66f6-4406-811d-805d9578c89e,Cattasaurus - shoproxstore - Shopify,direct_to_consumer,fulfilled,2025-05-19,2025-05-20,2025-05-19,NV3,FedEx,1,1,23.78,2.26,0.0,26.04,shipmonk_estimate,USD
149738_1-01,65c2322c-3a8e-4f95-9ed0-9c9b0f76a779,Cattasaurus - shoproxstore - Shopify,direct_to_consumer,fulfilled,2025-05-19,2025-05-20,2025-05-19,NV3,USPS,1,1,4.89,2.26,0.3,7.45,shipmonk_estimate,USD
150776,6613896560950,Cattasaurus - shoproxstore - Shopify,direct_to_consumer,fulfilled,2025-05-19,2025-05-28,2025-05-19,PA2,DHL eCommerce,1,1,4.89,2.26,0.3,7.45,shipmonk_estimate,USD
150778,6613946138934,Cattasaurus - shoproxstore - Shopify,direct_to_consumer,fulfilled,2025-05-19,2025-05-28,2025-05-19,PA2,OnTrac,1,1,6.21,1.89,0.0,8.1,shipmonk_estimate,USD
150781,6614020161846,Cattasaurus - shoproxstore - Shopify,direct_to_consumer,fulfilled,2025-05-19,2025-07-24,2025-05-19,NV3,OnTrac,1,1,11.02,2.5,0.0,13.52,shipmonk_estimate,USD
150782,6614027829558,Cattasaurus - shoproxstore - Shopify,direct_to_consumer,fulfilled,2025-05-19,2025-05-28,2025-05-19,PA2,DHL eCommerce,1,1,4.62,1.89,0.3,6.81,shipmonk_estimate,USD
150787,6614228828470,Cattasaurus - shoproxstore - Shopify,direct_to_consumer,fulfilled,2025-05-19,2025-05-21,2025-05-19,PA2,USPS,1,1,5.61,1.89,0.0,7.5,shipmonk_estimate,USD
150789,6614252126518,Cattasaurus - shoproxstore - Shopify,direct_to_consumer,fulfilled,2025-05-19,2025-05-28,2025-05-19,PA2,DHL eCommerce,1,1,4.64,1.89,0.3,6.83,shipmonk_estimate,USD
150798,6614589735222,Cattasaurus - shoproxstore - Shopify,direct_to_consumer,fulfilled,2025-05-19,2025-05-22,2025-05-19,PA2,OnTrac,2,1,15.27,2.63,0.0,17.9,shipmonk_estimate,USD
150804,6614673850678,Cattasaurus - shoproxstore - Shopify,direct_to_consumer,fulfilled,2025-05-19,2025-05-21,2025-05-19,PA2,OnTrac,1,1,5.41,1.89,0.0,7.3,shipmonk_estimate,USD
150808,6614735028534,Cattasaurus - shoproxstore - Shopify,direct_to_consumer,fulfilled,2025-05-19,2025-05-28,2025-05-19,PA2,OnTrac,1,1,5.61,1.89,0.0,7.5,shipmonk_estimate,USD
150817,6615138926902,Cattasaurus - shoproxstore - Shopify,direct_to_consumer,fulfilled,2025-05-19,2025-05-28,2025-05-19,PA2,DHL eCommerce,1,1,5.94,1.89,0.0,7.83,shipmonk_estimate,USD
150820,6615443767606,Cattasaurus - shoproxstore - Shopify,direct_to_consumer,fulfilled,2025-05-20,2025-05-29,2025-05-20,PA2,DHL eCommerce,2,1,6.46,2.26,0.5,9.22,shipmonk_estimate,USD
150821,6615496818998,Cattasaurus - shoproxstore - Shopify,direct_to_consumer,fulfilled,2025-05-20,2025-05-29,2025-05-20,PA2,USPS,1,1,5.68,1.89,0.0,7.57,shipmonk_estimate,USD
150826,6615611965750,Cattasaurus - shoproxstore - Shopify,direct_to_consumer,fulfilled,2025-05-20,2025-05-29,2025-05-20,PA2,DHL eCommerce,1,1,5.61,1.89,0.0,7.5,shipmonk_estimate,USD
150829_1,7e099d89-2440-448a-b183-7b140b057947,Cattasaurus - shoproxstore - Shopify,direct_to_consumer,fulfilled,2025-05-20,2025-05-27,2025-05-20,PA2,DHL eCommerce,1,1,5.77,1.89,0.0,7.66,shipmonk_estimate,USD
150842,6615774495030,Cattasaurus - shoproxstore - Shopify,direct_to_consumer,fulfilled,2025-05-20,2025-06-03,2025-05-20,PA2,OnTrac,2,1,31.81,2.63,0.0,34.44,shipmonk_estimate,USD
150843,6615779508534,Cattasaurus - shoproxstore - Shopify,direct_to_consumer,fulfilled,2025-05-20,2025-05-29,2025-05-20,PA2,DHL eCommerce,1,1,5.1,1.89,0.3,7.29,shipmonk_estimate,USD
150851,6615899308342,Cattasaurus - shoproxstore - Shopify,direct_to_consumer,fulfilled,2025-05-20,2025-05-29,2025-05-20,PA2,DHL eCommerce,1,1,5.41,1.89,0.0,7.3,shipmonk_estimate,USD
150858,6616033853750,Cattasaurus - shoproxstore - Shopify,direct_to_consumer,fulfilled,2025-05-20,2025-05-29,2025-05-20,PA2,OnTrac,1,1,5.43,1.89,0.0,7.32,shipmonk_estimate,USD
150867,6616206213430,Cattasaurus - shoproxstore - Shopify,direct_to_consumer,fulfilled,2025-05-20,2025-05-28,2025-05-20,NV3,DHL eCommerce,1,1,4.97,1.89,0.3,7.16,shipmonk_estimate,USD
150877,6616349770038,Cattasaurus - shoproxstore - Shopify,direct_to_consumer,fulfilled,2025-05-20,2025-05-29,2025-05-20,PA2,OnTrac,1,1,6.21,1.89,0.0,8.1,shipmonk_estimate,USD
150882,6616458166582,Cattasaurus - shoproxstore - Shopify,direct_to_consumer,fulfilled,2025-05-20,2025-05-29,2025-05-20,PA2,USPS,1,1,4.64,1.89,0.3,6.83,shipmonk_estimate,USD
150896,6616823693622,Cattasaurus - shoproxstore - Shopify,direct_to_consumer,fulfilled,2025-05-20,2025-05-29,2025-05-20,PA2,DHL eCommerce,1,1,5.41,1.89,0.0,7.3,shipmonk_estimate,USD
150900,6616910004534,Cattasaurus - shoproxstore - Shopify,direct_to_consumer,fulfilled,2025-05-20,2025-05-29,2025-05-20,PA2,OnTrac,1,1,6.21,1.89,0.0,8.1,shipmonk_estimate,USD
150905,6617172443446,Cattasaurus - shoproxstore - Shopify,direct_to_consumer,fulfilled,2025-05-21,2025-05-29,2025-05-21,PA2,DHL eCommerce,1,1,5.68,1.89,0.0,7.57,shipmonk_estimate,USD
150906,6617173426486,Cattasaurus - shoproxstore - Shopify,direct_to_consumer,fulfilled,2025-05-21,2025-05-29,2025-05-21,PA2,DHL eCommerce,1,1,4.64,1.89,0.3,6.83,shipmonk_estimate,USD
150907,6617175654710,Cattasaurus - shoproxstore - Shopify,direct_to_consumer,fulfilled,2025-05-21,2025-05-22,2025-05-21,PA2,OnTrac,1,1,15.27,2.26,0.0,17.53,shipmonk_estimate,USD
150909,6617244664118,Cattasaurus - shoproxstore - Shopify,direct_to_consumer,fulfilled,2025-05-21,2025-05-29,2025-05-21,PA2,FedEx,3,1,18.31,3.0,0.0,21.31,shipmonk_estimate,USD
150911,6617338446134,Cattasaurus - shoproxstore - Shopify,direct_to_consumer,fulfilled,2025-05-21,2025-05-29,2025-05-21,PA2,USPS,1,1,4.64,1.89,0.3,6.83,shipmonk_estimate,USD
150912,6617345982774,Cattasaurus - shoproxstore - Shopify,direct_to_consumer,fulfilled,2025-05-21,2025-05-29,2025-05-21,PA2,DHL eCommerce,1,1,4.97,1.89,0.3,7.16,shipmonk_estimate,USD
150913,6617364693302,Cattasaurus - shoproxstore - Shopify,direct_to_consumer,fulfilled,2025-05-21,2025-05-29,2025-05-21,PA2,OnTrac,2,1,7.87,3.0,0.5,11.37,shipmonk_estimate,USD
150917,6617404408118,Cattasaurus - shoproxstore - Shopify,direct_to_consumer,fulfilled,2025-05-21,2025-07-24,2025-05-21,PA2,UPS,1,1,13.16,2.5,0.0,15.66,shipmonk_estimate,USD
150926,6617602490678,Cattasaurus - shoproxstore - Shopify,direct_to_consumer,fulfilled,2025-05-21,2025-07-25,2025-05-21,PA2,FedEx,1,1,12.5,2.5,0.0,15.0,shipmonk_estimate,USD
150928,6617640239414,Cattasaurus - shoproxstore - Shopify,direct_to_consumer,fulfilled,2025-05-21,2025-05-29,2025-05-21,PA2,DHL eCommerce,1,1,4.89,1.89,0.3,7.08,shipmonk_estimate,USD
150939,6618058457398,Cattasaurus - shoproxstore - Shopify,direct_to_consumer,fulfilled,2025-05-21,2025-05-23,2025-05-21,NV3,USPS,1,1,5.1,1.89,0.3,7.29,shipmonk_estimate,USD
150942,6618105708854,Cattasaurus - shoproxstore - Shopify,direct_to_consumer,fulfilled,2025-05-21,2025-05-23,2025-05-21,PA2,DHL eCommerce,2,1,6.74,2.26,0.5,9.5,shipmonk_estimate,USD
150949,6618192380214,Cattasaurus - shoproxstore - Shopify,direct_to_consumer,fulfilled,2025-05-21,2025-05-29,2025-05-21,PA2,OnTrac,1,1,5.61,1.89,0.0,7.5,shipmonk_estimate,USD
150952,6618216169782,Cattasaurus - shoproxstore - Shopify,direct_to_consumer,fulfilled,2025-05-21,2025-05-23,2025-05-21,PA2,OnTrac,1,1,19.51,2.26,0.0,21.77,shipmonk_estimate,USD
150957,6618261881142,Cattasaurus - shoproxstore - Shopify,direct_to_consumer,fulfilled,2025-05-21,2025-05-29,2025-05-21,PA2,USPS,1,1,5.41,1.89,0.0,7.3,shipmonk_estimate,USD
150959,6618284294454,Cattasaurus - shoproxstore - Shopify,direct_to_consumer,fulfilled,2025-05-21,2025-05-29,2025-05-21,PA2,DHL eCommerce,1,1,5.68,1.89,0.0,7.57,shipmonk_estimate,USD
150961,6618343932214,Cattasaurus - shoproxstore - Shopify,direct_to_consumer,fulfilled,2025-05-21,2025-05-29,2025-05-21,PA2,USPS,1,1,5.77,1.89,0.0,7.66,shipmonk_estimate,USD
150969,6618586972470,Cattasaurus - shoproxstore - Shopify,direct_to_consumer,fulfilled,2025-05-21,2025-05-28,2025-05-21,NV3,DHL eCommerce,1,1,5.61,3.0,0.3,8.91,shipmonk_estimate,USD
150977,6618849804598,Cattasaurus - shoproxstore - Shopify,direct_to_consumer,fulfilled,2025-05-22,2025-05-29,2025-05-22,PA2,OnTrac,1,1,5.41,1.89,0.0,7.3,shipmonk_estimate,USD
150984,6618940342582,Cattasaurus - shoproxstore - Shopify,direct_to_consumer,fulfilled,2025-05-22,2025-05-29,2025-05-22,PA2,DHL eCommerce,1,1,4.97,1.89,0.3,7.16,shipmonk_estimate,USD
150986,6618953023798,Cattasaurus - shoproxstore - Shopify,direct_to_consumer,fulfilled,2025-05-22,2025-05-29,2025-05-22,PA2,DHL eCommerce,1,1,4.97,1.89,0.3,7.16,shipmonk_estimate,USD
150987,6618977304886,Cattasaurus - shoproxstore - Shopify,direct_to_consumer,fulfilled,2025-05-22,2025-05-29,2025-05-22,PA2,DHL eCommerce,1,1,4.64,1.89,0.3,6.83,shipmonk_estimate,USD
150990,6619000766774,Cattasaurus - shoproxstore - Shopify,direct_to_consumer,fulfilled,2025-05-22,2025-05-28,2025-05-22,NV3,DHL eCommerce,1,1,5.1,1.89,0.3,7.29,shipmonk_estimate,USD
150993,6619072594230,Cattasaurus - shoproxstore - Shopify,direct_to_consumer,fulfilled,2025-05-22,2025-05-29,2025-05-22,PA2,OnTrac,1,1,5.43,1.89,0.0,7.32,shipmonk_estimate,USD
150996,6619127251254,Cattasaurus - shoproxstore - Shopify,direct_to_consumer,fulfilled,2025-05-22,2025-05-28,2025-05-22,NV3,USPS,1,1,5.1,1.89,0.3,7.29,shipmonk_estimate,USD
151001,6619164934454,Cattasaurus - shoproxstore - Shopify,direct_to_consumer,fulfilled,2025-05-22,2025-05-29,2025-05-22,PA2,USPS,1,1,5.77,1.89,0.0,7.66,shipmonk_estimate,USD
151008,6619229487414,Cattasaurus - shoproxstore - Shopify,direct_to_consumer,fulfilled,2025-05-22,2025-05-29,2025-05-22,PA2,DHL eCommerce,1,1,4.64,1.89,0.3,6.83,shipmonk_estimate,USD
151013,6619272610102,Cattasaurus - shoproxstore - Shopify,direct_to_consumer,fulfilled,2025-05-22,2025-05-27,2025-05-22,PA2,OnTrac,1,1,19.51,2.26,0.0,21.77,shipmonk_estimate,USD
151018,6619396440374,Cattasaurus - shoproxstore - Shopify,direct_to_consumer,fulfilled,2025-05-22,2025-05-29,2025-05-22,PA2,USPS,1,1,5.68,1.89,0.0,7.57,shipmonk_estimate,USD
151020,6619445887286,Cattasaurus - shoproxstore - Shopify,direct_to_consumer,fulfilled,2025-05-22,2025-05-29,2025-05-22,PA2,DHL eCommerce,1,1,5.68,1.89,0.0,7.57,shipmonk_estimate,USD
151025,6619532034358,Cattasaurus - shoproxstore - Shopify,direct_to_consumer,fulfilled,2025-05-22,2025-05-29,2025-05-22,PA2,DHL eCommerce,1,1,4.97,1.89,0.3,7.16,shipmonk_estimate,USD
151035,6619779137846,Cattasaurus - shoproxstore - Shopify,direct_to_consumer,fulfilled,2025-05-22,2025-05-29,2025-05-22,PA2,OnTrac,1,1,5.61,1.89,0.0,7.5,shipmonk_estimate,USD
151037,6619825570102,Cattasaurus - shoproxstore - Shopify,direct_to_consumer,fulfilled,2025-05-22,2025-05-29,2025-05-22,PA2,DHL eCommerce,1,1,4.97,1.89,0.3,7.16,shipmonk_estimate,USD
151044,6619910996278,Cattasaurus - shoproxstore - Shopify,direct_to_consumer,fulfilled,2025-05-22,2025-05-29,2025-05-22,PA2,DHL eCommerce,1,1,5.68,1.89,0.0,7.57,shipmonk_estimate,USD
151045,6619911651638,Cattasaurus - shoproxstore - Shopify,direct_to_consumer,fulfilled,2025-05-22,2025-05-27,2025-05-22,PA2,OnTrac,1,1,15.27,2.26,0.0,17.53,shipmonk_estimate,USD
151053,6620036104502,Cattasaurus - shoproxstore - Shopify,direct_to_consumer,fulfilled,2025-05-22,2025-07-24,2025-05-22,NV3,OnTrac,1,1,11.6,2.5,0.0,14.1,shipmonk_estimate,USD
151055,6620042723638,Cattasaurus - shoproxstore - Shopify,direct_to_consumer,fulfilled,2025-05-22,2025-05-27,2025-05-22,PA2,DHL eCommerce,3,1,11.39,3.0,0.5,14.89,shipmonk_estimate,USD
151061,6620200436022,Cattasaurus - shoproxstore - Shopify,direct_to_consumer,fulfilled,2025-05-22,2025-05-27,2025-05-22,NV3,FedEx,1,1,21.05,2.26,0.0,23.31,shipmonk_estimate,USD
151074,6620616491318,Cattasaurus - shoproxstore - Shopify,direct_to_consumer,fulfilled,2025-05-23,2025-05-29,2025-05-23,PA2,USPS,1,1,5.43,2.26,0.5,8.19,shipmonk_estimate,USD
151090,6620950561078,Cattasaurus - shoproxstore - Shopify,direct_to_consumer,fulfilled,2025-05-23,2025-05-29,2025-05-23,PA2,DHL eCommerce,1,1,4.97,1.89,0.3,7.16,shipmonk_estimate,USD
151098,6621039690038,Cattasaurus - shoproxstore - Shopify,direct_to_consumer,fulfilled,2025-05-23,2025-05-28,2025-05-23,NV3,USPS,1,1,4.97,1.89,0.3,7.16,shipmonk_estimate,USD
151107,6621207593270,Cattasaurus - shoproxstore - Shopify,direct_to_consumer,fulfilled,2025-05-23,2025-05-27,2025-05-23,PA2,OnTrac,1,1,15.27,2.26,0.0,17.53,shipmonk_estimate,USD
151110,6621251764534,Cattasaurus - shoproxstore - Shopify,direct_to_consumer,fulfilled,2025-05-23,2025-05-29,2025-05-23,PA2,DHL eCommerce,1,1,5.94,1.89,0.0,7.83,shipmonk_estimate,USD
151111,6621316088118,Cattasaurus - shoproxstore - Shopify,direct_to_consumer,fulfilled,2025-05-23,2025-05-28,2025-05-23,NV3,USPS,1,1,4.64,1.89,0.3,6.83,shipmonk_estimate,USD
151113,6621323723062,Cattasaurus - shoproxstore - Shopify,direct_to_consumer,fulfilled,2025-05-23,2025-05-28,2025-05-23,NV3,DHL eCommerce,1,1,4.97,1.89,0.3,7.16,shipmonk_estimate,USD
151116,6621369467190,Cattasaurus - shoproxstore - Shopify,direct_to_consumer,fulfilled,2025-05-23,2025-05-28,2025-05-23,NV3,USPS,1,1,4.89,1.89,0.3,7.08,shipmonk_estimate,USD
151127,6621520101686,Cattasaurus - shoproxstore - Shopify,direct_to_consumer,fulfilled,2025-05-23,2025-05-29,2025-05-23,PA2,USPS,1,1,4.64,1.89,0.3,6.83,shipmonk_estimate,USD
151131,6621636198710,Cattasaurus - shoproxstore - Shopify,direct_to_consumer,fulfilled,2025-05-23,2025-05-28,2025-05-23,PA2,UPS,1,1,11.84,1.89,0.0,13.73,shipmonk_estimate,USD
151132,6621641605430,Cattasaurus - shoproxstore - Shopify,direct_to_consumer,fulfilled,2025-05-23,2025-05-28,2025-05-23,NV3,USPS,1,1,4.97,1.89,0.3,7.16,shipmonk_estimate,USD
151135,6621692395830,Cattasaurus - shoproxstore - Shopify,direct_to_consumer,fulfilled,2025-05-23,2025-05-28,2025-05-23,PA2,OnTrac,1,1,6.21,1.89,0.0,8.1,shipmonk_estimate,USD
151137,6621700587830,Cattasaurus - shoproxstore - Shopify,direct_to_consumer,fulfilled,2025-05-23,2025-08-20,2025-05-23,PA2,FedEx,1,1,23.16,7.5,0.0,30.66,shipmonk_estimate,USD
151141,6621728014646,Cattasaurus - shoproxstore - Shopify,direct_to_consumer,fulfilled,2025-05-23,2025-05-28,2025-05-23,NV3,USPS,1,1,5.77,2.26,0.5,8.53,shipmonk_estimate,USD
151146,6621802758454,Cattasaurus - shoproxstore - Shopify,direct_to_consumer,fulfilled,2025-05-23,2025-05-29,2025-05-23,PA2,DHL eCommerce,1,1,4.62,1.89,0.3,6.81,shipmonk_estimate,USD
151148,6621885464886,Cattasaurus - shoproxstore - Shopify,direct_to_consumer,fulfilled,2025-05-23,2025-05-28,2025-05-23,PA2,OnTrac,3,1,23.78,3.0,0.0,26.78,shipmonk_estimate,USD
151150,6621908304182,Cattasaurus - shoproxstore - Shopify,direct_to_consumer,fulfilled,2025-05-23,2025-05-29,2025-05-23,PA2,OnTrac,1,1,6.21,1.89,0.0,8.1,shipmonk_estimate,USD
151153,6621990224182,Cattasaurus - shoproxstore - Shopify,direct_to_consumer,fulfilled,2025-05-23,2025-05-28,2025-05-23,NV3,USPS,1,1,4.64,1.89,0.3,6.83,shipmonk_estimate,USD
151155,6622037311798,Cattasaurus - shoproxstore - Shopify,direct_to_consumer,fulfilled,2025-05-23,2025-05-29,2025-05-23,PA2,USPS,2,1,5.41,2.26,0.3,7.97,shipmonk_estimate,USD
151156,6622070767926,Cattasaurus - shoproxstore - Shopify,direct_to_consumer,fulfilled,2025-05-23,2025-05-27,2025-05-23,PA2,OnTrac,1,1,19.51,2.26,0.0,21.77,shipmonk_estimate,USD
150148-01,a9038938-d308-460c-a193-5a753639d3cf,Cattasaurus - shoproxstore - Shopify,direct_to_consumer,fulfilled,2025-05-24,2025-05-27,2025-05-24,PA2,DHL eCommerce,1,1,4.62,1.89,0.3,6.81,shipmonk_estimate,USD
151163,6622314496310,Cattasaurus - shoproxstore - Shopify,direct_to_consumer,fulfilled,2025-05-24,2025-05-29,2025-05-24,PA2,USPS,1,1,5.61,1.89,0.0,7.5,shipmonk_estimate,USD
151171,6622441996598,Cattasaurus - shoproxstore - Shopify,direct_to_consumer,fulfilled,2025-05-24,2025-05-27,2025-05-24,NV3,FedEx,1,1,21.05,2.26,0.0,23.31,shipmonk_estimate,USD
151180,6622501077302,Cattasaurus - shoproxstore - Shopify,direct_to_consumer,fulfilled,2025-05-24,2025-05-29,2025-05-24,PA2,DHL eCommerce,1,1,5.68,1.89,0.0,7.57,shipmonk_estimate,USD
151182,6622515921206,Cattasaurus - shoproxstore - Shopify,direct_to_consumer,fulfilled,2025-05-24,2025-05-29,2025-05-24,PA2,DHL eCommerce,1,1,4.64,1.89,0.3,6.83,shipmonk_estimate,USD
151185,6622541447478,Cattasaurus - shoproxstore - Shopify,direct_to_consumer,fulfilled,2025-05-24,2025-05-28,2025-05-24,NV3,USPS,1,1,4.89,1.89,0.3,7.08,shipmonk_estimate,USD
151201,6622764859702,Cattasaurus - shoproxstore - Shopify,direct_to_consumer,fulfilled,2025-05-24,2025-05-28,2025-05-24,NV3,DHL eCommerce,1,1,5.1,1.89,0.3,7.29,shipmonk_estimate,USD
151203,6622780326198,Cattasaurus - shoproxstore - Shopify,direct_to_consumer,fulfilled,2025-05-24,2025-05-28,2025-05-24,NV3,USPS,1,1,5.1,1.89,0.3,7.29,shipmonk_estimate,USD
151204,6622785143094,Cattasaurus - shoproxstore - Shopify,direct_to_consumer,fulfilled,2025-05-24,2025-05-29,2025-05-24,PA2,DHL eCommerce,2,1,6.68,2.26,0.5,9.44,shipmonk_estimate,USD
151225,6623258509622,Cattasaurus - shoproxstore - Shopify,direct_to_consumer,fulfilled,2025-05-24,2025-05-28,2025-05-24,NV3,USPS,1,1,5.1,1.89,0.3,7.29,shipmonk_estimate,USD
151226,6623272698166,Cattasaurus - shoproxstore - Shopify,direct_to_consumer,fulfilled,2025-05-24,2025-05-29,2025-05-24,PA2,DHL eCommerce,2,1,6.46,2.26,0.5,9.22,shipmonk_estimate,USD
151227,6623297175862,Cattasaurus - shoproxstore - Shopify,direct_to_consumer,fulfilled,2025-05-24,2025-05-29,2025-05-24,PA2,DHL eCommerce,1,1,4.89,1.89,0.3,7.08,shipmonk_estimate,USD
151231,6623328108854,Cattasaurus - shoproxstore - Shopify,direct_to_consumer,fulfilled,2025-05-24,2025-05-29,2025-05-24,PA2,OnTrac,2,1,16.74,2.26,0.0,19.0,shipmonk_estimate,USD
151236,6623402164534,Cattasaurus - shoproxstore - Shopify,direct_to_consumer,fulfilled,2025-05-24,2025-05-30,2025-05-24,PA2,DHL eCommerce,1,1,5.41,1.89,0.0,7.3,shipmonk_estimate,USD
151237,6623421235510,Cattasaurus - shoproxstore - Shopify,direct_to_consumer,fulfilled,2025-05-24,2025-05-30,2025-05-24,PA2,DHL eCommerce,1,1,5.41,2.26,0.5,8.17,shipmonk_estimate,USD
151242,6623496339766,Cattasaurus - shoproxstore - Shopify,direct_to_consumer,fulfilled,2025-05-24,2025-05-30,2025-05-24,PA2,DHL eCommerce,1,1,5.68,1.89,0.0,7.57,shipmonk_estimate,USD
151243,6623505154358,Cattasaurus - shoproxstore - Shopify,direct_to_consumer,fulfilled,2025-05-24,2025-05-27,2025-05-24,PA2,OnTrac,1,1,23.78,2.26,0.0,26.04,shipmonk_estimate,USD
151244,6623514853686,Cattasaurus - shoproxstore - Shopify,direct_to_consumer,fulfilled,2025-05-24,2025-05-27,2025-05-24,PA2,DHL eCommerce,2,1,6.62,2.63,0.5,9.75,shipmonk_estimate,USD
151249,6623599493430,Cattasaurus - shoproxstore - Shopify,direct_to_consumer,fulfilled,2025-05-24,2025-05-30,2025-05-24,PA2,DHL eCommerce,1,1,5.94,1.89,0.0,7.83,shipmonk_estimate,USD
151253,6623703171382,Cattasaurus - shoproxstore - Shopify,direct_to_consumer,fulfilled,2025-05-24,2025-05-30,2025-05-24,PA2,OnTrac,1,1,5.61,1.89,0.0,7.5,shipmonk_estimate,USD
150216-01,a043f949-233d-4d1f-80dc-466d64f9c8a1,Cattasaurus - shoproxstore - Shopify,direct_to_consumer,fulfilled,2025-05-25,2025-05-27,2025-05-25,PA2,OnTrac,2,1,6.35,2.26,0.5,9.11,shipmonk_estimate,USD
151257,6623805407542,Cattasaurus - shoproxstore - Shopify,direct_to_consumer,fulfilled,2025-05-25,2025-05-30,2025-05-25,NV3,USPS,1,1,4.97,1.89,0.3,7.16,shipmonk_estimate,USD
151258,6623814779190,Cattasaurus - shoproxstore - Shopify,direct_to_consumer,fulfilled,2025-05-25,2025-05-30,2025-05-25,PA2,DHL eCommerce,1,1,4.64,1.89,0.3,6.83,shipmonk_estimate,USD
151259,6623921996086,Cattasaurus - shoproxstore - Shopify,direct_to_consumer,fulfilled,2025-05-25,2025-05-30,2025-05-25,PA2,DHL eCommerce,1,1,5.43,1.89,0.0,7.32,shipmonk_estimate,USD
151260,6623945752886,Cattasaurus - shoproxstore - Shopify,direct_to_consumer,fulfilled,2025-05-25,2025-05-30,2025-05-25,PA2,USPS,1,1,4.64,1.89,0.3,6.83,shipmonk_estimate,USD
151264,6624016597302,Cattasaurus - shoproxstore - Shopify,direct_to_consumer,fulfilled,2025-05-25,2025-05-30,2025-05-25,PA2,DHL eCommerce,1,1,5.61,1.89,0.0,7.5,shipmonk_estimate,USD
151272,6624109199670,Cattasaurus - shoproxstore - Shopify,direct_to_consumer,fulfilled,2025-05-25,2025-05-30,2025-05-25,PA2,USPS,1,1,5.68,1.89,0.0,7.57,shipmonk_estimate,USD
151274,6624140001590,Cattasaurus - shoproxstore - Shopify,direct_to_consumer,fulfilled,2025-05-25,2025-05-30,2025-05-25,PA2,DHL eCommerce,1,1,4.64,1.89,0.3,6.83,shipmonk_estimate,USD
151275,6624153665846,Cattasaurus - shoproxstore - Shopify,direct_to_consumer,fulfilled,2025-05-25,2025-05-30,2025-05-25,PA2,USPS,1,1,4.97,1.89,0.3,7.16,shipmonk_estimate,USD
151289,6624256131382,Cattasaurus - shoproxstore - Shopify,direct_to_consumer,fulfilled,2025-05-25,2025-05-30,2025-05-25,PA2,DHL eCommerce,1,1,5.68,1.89,0.0,7.57,shipmonk_estimate,USD
151290,6624259637558,Cattasaurus - shoproxstore - Shopify,direct_to_consumer,fulfilled,2025-05-25,2025-05-30,2025-05-25,PA2,DHL eCommerce,1,1,4.97,1.89,0.3,7.16,shipmonk_estimate,USD
151292,6624278642998,Cattasaurus - shoproxstore - Shopify,direct_to_consumer,fulfilled,2025-05-25,2025-05-30,2025-05-25,NV3,USPS,1,1,4.97,1.89,0.3,7.16,shipmonk_estimate,USD
151294,6624286966070,Cattasaurus - shoproxstore - Shopify,direct_to_consumer,fulfilled,2025-05-25,2025-05-30,2025-05-25,NV3,USPS,1,1,4.89,1.89,0.3,7.08,shipmonk_estimate,USD
151297,6624309346614,Cattasaurus - shoproxstore - Shopify,direct_to_consumer,fulfilled,2025-05-25,2025-05-30,2025-05-25,PA2,OnTrac,3,1,9.91,5.96,0.5,16.37,shipmonk_estimate,USD
151298,6624310165814,Cattasaurus - shoproxstore - Shopify,direct_to_consumer,fulfilled,2025-05-25,2025-05-30,2025-05-25,PA2,DHL eCommerce,1,1,5.68,1.89,0.0,7.57,shipmonk_estimate,USD
151301,6624381436214,Cattasaurus - shoproxstore - Shopify,direct_to_consumer,fulfilled,2025-05-25,2025-05-30,2025-05-25,PA2,FedEx,2,1,21.05,2.63,0.0,23.68,shipmonk_estimate,USD
151303,6624411844918,Cattasaurus - shoproxstore - Shopify,direct_to_consumer,fulfilled,2025-05-25,2025-05-30,2025-05-25,PA2,DHL eCommerce,3,1,6.74,2.63,0.3,9.67,shipmonk_estimate,USD
151310,6624543015222,Cattasaurus - shoproxstore - Shopify,direct_to_consumer,fulfilled,2025-05-25,2025-05-30,2025-05-25,PA2,DHL eCommerce,1,1,5.94,1.89,0.0,7.83,shipmonk_estimate,USD
151318,6624623821110,Cattasaurus - shoproxstore - Shopify,direct_to_consumer,fulfilled,2025-05-25,2025-05-30,2025-05-25,PA2,DHL eCommerce,1,1,4.64,1.89,0.3,6.83,shipmonk_estimate,USD
151329,6624747422006,Cattasaurus - shoproxstore - Shopify,direct_to_consumer,fulfilled,2025-05-25,2025-05-30,2025-05-25,PA2,OnTrac,3,1,16.77,4.11,0.0,20.88,shipmonk_estimate,USD
151331,6624761807158,Cattasaurus - shoproxstore - Shopify,direct_to_consumer,fulfilled,2025-05-25,2025-05-30,2025-05-25,PA2,DHL eCommerce,1,1,4.89,1.89,0.3,7.08,shipmonk_estimate,USD
151332,6624762626358,Cattasaurus - shoproxstore - Shopify,direct_to_consumer,fulfilled,2025-05-25,2025-05-27,2025-05-25,PA2,DHL eCommerce,1,1,5.68,2.26,0.5,8.44,shipmonk_estimate,USD
151336,6624776618294,Cattasaurus - shoproxstore - Shopify,direct_to_consumer,fulfilled,2025-05-25,2025-05-30,2025-05-25,NV3,FedEx,2,1,16.77,2.63,0.0,19.4,shipmonk_estimate,USD
151338,6624823869750,Cattasaurus - shoproxstore - Shopify,direct_to_consumer,fulfilled,2025-05-25,2025-05-30,2025-05-25,PA2,DHL eCommerce,1,1,5.61,2.26,0.5,8.37,shipmonk_estimate,USD
151356,6625090797878,Cattasaurus - shoproxstore - Shopify,direct_to_consumer,fulfilled,2025-05-25,2025-05-30,2025-05-25,PA2,OnTrac,3,1,6.35,3.0,0.5,9.85,shipmonk_estimate,USD
151360,6625159282998,Cattasaurus - shoproxstore - Shopify,direct_to_consumer,fulfilled,2025-05-25,2025-05-30,2025-05-25,PA2,OnTrac,1,1,6.21,1.89,0.0,8.1,shipmonk_estimate,USD
151364,6625282064694,Cattasaurus - shoproxstore - Shopify,direct_to_consumer,fulfilled,2025-05-25,2025-05-30,2025-05-25,PA2,USPS,1,1,5.61,1.89,0.0,7.5,shipmonk_estimate,USD
151365,6625300611382,Cattasaurus - shoproxstore - Shopify,direct_to_consumer,fulfilled,2025-05-25,2025-05-30,2025-05-25,PA2,DHL eCommerce,1,1,5.61,1.89,0.0,7.5,shipmonk_estimate,USD
151366,6625324073270,Cattasaurus - shoproxstore - Shopify,direct_to_consumer,fulfilled,2025-05-25,2025-05-30,2025-05-25,PA2,DHL eCommerce,2,1,7.01,2.26,0.5,9.77,shipmonk_estimate,USD
151367,6625458553142,Cattasaurus - shoproxstore - Shopify,direct_to_consumer,fulfilled,2025-05-26,2025-05-30,2025-05-26,PA2,USPS,1,1,5.68,2.26,0.5,8.44,shipmonk_estimate,USD
151389,6625876181302,Cattasaurus - shoproxstore - Shopify,direct_to_consumer,fulfilled,2025-05-26,2025-05-30,2025-05-26,NV3,USPS,1,1,4.97,1.89,0.3,7.16,shipmonk_estimate,USD
151390,6625877754166,Cattasaurus - shoproxstore - Shopify,direct_to_consumer,fulfilled,2025-05-26,2025-05-30,2025-05-26,PA2,OnTrac,1,1,5.61,1.89,0.0,7.5,shipmonk_estimate,USD
151398,6625981202742,Cattasaurus - shoproxstore - Shopify,direct_to_consumer,fulfilled,2025-05-26,2025-05-30,2025-05-26,PA2,DHL eCommerce,1,1,6.62,3.74,0.3,10.66,shipmonk_estimate,USD
151413,6626279653686,Cattasaurus - shoproxstore - Shopify,direct_to_consumer,fulfilled,2025-05-26,2025-05-30,2025-05-26,PA2,OnTrac,1,1,6.21,1.89,0.0,8.1,shipmonk_estimate,USD
151421,6626436710710,Cattasaurus - shoproxstore - Shopify,direct_to_consumer,fulfilled,2025-05-26,2025-05-30,2025-05-26,PA2,DHL eCommerce,2,1,7.26,2.26,0.5,10.02,shipmonk_estimate,USD
151433,6626590097718,Cattasaurus - shoproxstore - Shopify,direct_to_consumer,fulfilled,2025-05-26,2025-05-30,2025-05-26,PA2,DHL eCommerce,1,1,4.62,1.89,0.3,6.81,shipmonk_estimate,USD
151437,6626698559798,Cattasaurus - shoproxstore - Shopify,direct_to_consumer,fulfilled,2025-05-26,2025-05-30,2025-05-26,NV3,DHL eCommerce,1,1,5.68,2.26,0.5,8.44,shipmonk_estimate,USD
151444,6626909421878,Cattasaurus - shoproxstore - Shopify,direct_to_consumer,fulfilled,2025-05-26,2025-05-28,2025-05-26,NV3,USPS,1,1,5.68,2.26,0.5,8.44,shipmonk_estimate,USD
149695-01,0f08e11a-e6fe-43a4-953b-80506c4e931c,Cattasaurus - shoproxstore - Shopify,direct_to_consumer,fulfilled,2025-05-27,2025-05-28,2025-05-27,PA2,FedEx,1,1,19.51,2.26,0.0,21.77,shipmonk_estimate,USD
151467,6627586441526,Cattasaurus - shoproxstore - Shopify,direct_to_consumer,fulfilled,2025-05-27,2025-05-30,2025-05-27,NV3,USPS,1,1,4.64,1.89,0.3,6.83,shipmonk_estimate,USD
151475,6627821977910,Cattasaurus - shoproxstore - Shopify,direct_to_consumer,fulfilled,2025-05-27,2025-05-30,2025-05-27,NV3,USPS,1,1,4.89,1.89,0.3,7.08,shipmonk_estimate,USD
151483,6628087300406,Cattasaurus - shoproxstore - Shopify,direct_to_consumer,fulfilled,2025-05-27,2025-05-30,2025-05-27,PA2,DHL eCommerce,1,1,4.64,1.89,0.3,6.83,shipmonk_estimate,USD
151484,6628114792758,Cattasaurus - shoproxstore - Shopify,direct_to_consumer,fulfilled,2025-05-27,2025-05-30,2025-05-27,PA2,USPS,1,1,4.89,1.89,0.3,7.08,shipmonk_estimate,USD
151490_1,e201d2dc-ea11-4437-bfac-3e7aae202f26,Cattasaurus - shoproxstore - Shopify,direct_to_consumer,fulfilled,2025-05-28,2025-05-31,2025-05-28,PA2,DHL eCommerce,1,1,4.64,1.89,0.3,6.83,shipmonk_estimate,USD
151493_1,17ceb5f9-faaf-422f-acf6-a060da58221d,Cattasaurus - shoproxstore - Shopify,direct_to_consumer,fulfilled,2025-05-28,2025-05-31,2025-05-28,PA2,OnTrac,1,1,5.41,1.89,0.0,7.3,shipmonk_estimate,USD
151496_1,044aa496-5aee-459e-b94b-0cda626c1897,Cattasaurus - shoproxstore - Shopify,direct_to_consumer,fulfilled,2025-05-28,2025-05-30,2025-05-28,NV3,DHL eCommerce,1,1,6.46,2.63,0.5,9.59,shipmonk_estimate,USD
151501_1,e6096287-8dcc-4a40-abe7-1c4f85a84fc9,Cattasaurus - shoproxstore - Shopify,direct_to_consumer,fulfilled,2025-05-28,2025-05-31,2025-05-28,PA2,DHL eCommerce,1,1,5.94,1.89,0.0,7.83,shipmonk_estimate,USD
151502,6629226578230,Cattasaurus - shoproxstore - Shopify,direct_to_consumer,fulfilled,2025-05-28,2025-05-30,2025-05-28,PA2,DHL eCommerce,1,1,4.97,1.89,0.3,7.16,shipmonk_estimate,USD
151504_1,0e2733c2-c915-4393-bc89-19599a211736,Cattasaurus - shoproxstore - Shopify,direct_to_consumer,fulfilled,2025-05-28,2025-05-31,2025-05-28,PA2,DHL eCommerce,1,1,5.68,1.89,0.0,7.57,shipmonk_estimate,USD
151510_1,d19e1212-5789-40c7-977f-b9dc20a6975b,Cattasaurus - shoproxstore - Shopify,direct_to_consumer,fulfilled,2025-05-28,2025-05-30,2025-05-28,PA2,DHL eCommerce,1,1,4.89,1.89,0.3,7.08,shipmonk_estimate,USD
151513_1,bc1379c9-f68c-4bea-a119-47f55de19eda,Cattasaurus - shoproxstore - Shopify,direct_to_consumer,fulfilled,2025-05-28,2025-05-31,2025-05-28,PA2,USPS,2,1,6.21,2.26,0.3,8.77,shipmonk_estimate,USD
151515_1,926876e3-1838-46ee-a9de-521c03f23d2c,Cattasaurus - shoproxstore - Shopify,direct_to_consumer,fulfilled,2025-05-28,2025-05-31,2025-05-28,PA2,DHL eCommerce,1,1,5.77,1.89,0.0,7.66,shipmonk_estimate,USD
151517,6629622382902,Cattasaurus - shoproxstore - Shopify,direct_to_consumer,fulfilled,2025-05-28,2025-05-30,2025-05-28,NV3,FedEx,2,1,25.32,2.26,0.0,27.58,shipmonk_estimate,USD
151519_1,e8bf53b3-dd4f-4145-ba5c-eeb624e799c9,Cattasaurus - shoproxstore - Shopify,direct_to_consumer,fulfilled,2025-05-28,2025-05-31,2025-05-28,PA2,DHL eCommerce,2,1,6.46,2.63,0.5,9.59,shipmonk_estimate,USD
151523_1,3d4c34d6-129e-46ca-aad0-8631429906d9,Cattasaurus - shoproxstore - Shopify,direct_to_consumer,fulfilled,2025-05-28,2025-06-03,2025-05-28,PA2,OnTrac,1,1,6.21,1.89,0.0,8.1,shipmonk_estimate,USD
149959_1-01,46fb6377-2b40-48ef-afdb-34a05db7c704,Cattasaurus - shoproxstore - Shopify,direct_to_consumer,fulfilled,2025-05-29,2025-05-29,2025-05-29,PA2,DHL eCommerce,1,1,6.68,2.63,0.5,9.81,shipmonk_estimate,USD
151529,6630583140662,Cattasaurus - shoproxstore - Shopify,direct_to_consumer,fulfilled,2025-05-29,2025-08-08,2025-05-29,PA2,USPS,2,1,9.29,2.1,0.0,11.39,shipmonk_estimate,USD
151536_1,5680e57a-f3c5-4bac-af19-5b7bb634f68d,Cattasaurus - shoproxstore - Shopify,direct_to_consumer,fulfilled,2025-05-29,2025-06-03,2025-05-29,PA2,DHL eCommerce,1,1,4.62,1.89,0.3,6.81,shipmonk_estimate,USD
151542_1,248c4074-4b9f-4c83-b425-8790c76fdacd,Cattasaurus - shoproxstore - Shopify,direct_to_consumer,fulfilled,2025-05-29,2025-06-03,2025-05-29,PA2,OnTrac,1,1,13.26,2.26,0.0,15.52,shipmonk_estimate,USD
151549_1,4a503edd-f273-4164-805d-fe6ce970180c,Cattasaurus - shoproxstore - Shopify,direct_to_consumer,fulfilled,2025-05-30,2025-06-02,2025-05-30,NV3,USPS,1,1,4.64,1.89,0.3,6.83,shipmonk_estimate,USD
151551_1,b9325253-2bf7-42f2-a232-ffc61a5d0701,Cattasaurus - shoproxstore - Shopify,direct_to_consumer,fulfilled,2025-05-30,2025-06-03,2025-05-30,PA2,DHL eCommerce,2,1,6.68,2.63,0.5,9.81,shipmonk_estimate,USD
151559_1,56f3e99a-4f1a-44ba-9b69-8ca0c74f9231,Cattasaurus - shoproxstore - Shopify,direct_to_consumer,fulfilled,2025-05-30,2025-06-03,2025-05-30,PA2,DHL eCommerce,1,1,4.97,1.89,0.3,7.16,shipmonk_estimate,USD
151572_1,21a71585-7cb6-424d-8319-07f334cd1de3,Cattasaurus - shoproxstore - Shopify,direct_to_consumer,fulfilled,2025-05-31,2025-06-03,2025-05-31,PA2,DHL eCommerce,1,1,5.68,1.89,0.0,7.57,shipmonk_estimate,USD
151575_1,aa011fc2-c095-489b-8105-8113e59ae54e,Cattasaurus - shoproxstore - Shopify,direct_to_consumer,fulfilled,2025-05-31,2025-06-02,2025-05-31,NV3,DHL eCommerce,1,1,5.1,1.89,0.3,7.29,shipmonk_estimate,USD
151583,6634027909430,Cattasaurus - shoproxstore - Shopify,direct_to_consumer,fulfilled,2025-05-31,2025-06-02,2025-05-31,PA2,FedEx,1,1,18.31,2.26,0.0,20.57,shipmonk_estimate,USD
151585_1,bb1415f5-33d3-4a86-b1de-2f572a6655a7,Cattasaurus - shoproxstore - Shopify,direct_to_consumer,fulfilled,2025-05-31,2025-06-03,2025-05-31,PA2,USPS,2,1,5.68,2.26,0.3,8.24,shipmonk_estimate,USD
151587_1,e7350234-3c32-476d-92a6-202505fbc93c,Cattasaurus - shoproxstore - Shopify,direct_to_consumer,fulfilled,2025-05-31,2025-06-02,2025-05-31,NV3,USPS,1,1,4.64,1.89,0.3,6.83,shipmonk_estimate,USD
151597_1,902484a8-efc6-4e7b-a0c7-739cd2808fb9,Cattasaurus - shoproxstore - Shopify,direct_to_consumer,fulfilled,2025-05-31,2025-06-03,2025-05-31,PA2,DHL eCommerce,1,1,5.77,1.89,0.0,7.66,shipmonk_estimate,USD
151599_1,cdf658f4-d1b9-4622-aa33-6479492c0bd3,Cattasaurus - shoproxstore - Shopify,direct_to_consumer,fulfilled,2025-05-31,2025-06-02,2025-05-31,NV3,DHL eCommerce,1,1,5.1,1.89,0.3,7.29,shipmonk_estimate,USD
151604,6634730389814,Cattasaurus - shoproxstore - Shopify,direct_to_consumer,fulfilled,2025-05-31,,2025-05-31,NV3,ShipMonk,1,0,15.74,2.26,0.0,18.0,shipmonk_estimate,USD
