order_number,order_key,store,order_type,status,ordered_day,shipped_day,pnl_day,warehouse,carrier,units,packages,shipping_cost,pick_pack_cost,packaging_cost,total_cost,cost_status,cost_currency
112-3029520-9173830,112-3029520-9173830,Cattasaurus - Amazon USA,direct_to_consumer,fulfilled,2026-09-01,2026-09-01,2026-09-01,PA2,UPS,1,1,12.94,1.9,0.0,14.84,shipmonk_estimate,USD
112-4695614-7653824,112-4695614-7653824,Cattasaurus - Amazon USA,direct_to_consumer,fulfilled,2026-09-01,2026-09-01,2026-09-01,NV3,OnTrac,1,1,13.15,2.22,0.0,15.37,shipmonk_estimate,USD
113-5957934-7436223,113-5957934-7436223,Cattasaurus - Amazon USA,direct_to_consumer,fulfilled,2026-09-01,2026-09-01,2026-09-01,NV3,OnTrac,1,1,18.08,2.22,0.0,20.3,shipmonk_estimate,USD
113-6900789-6144249,113-6900789-6144249,Cattasaurus - Amazon USA,direct_to_consumer,fulfilled,2026-09-01,2026-09-02,2026-09-01,PA2,OnTrac,1,1,28.44,3.68,0.0,32.12,shipmonk_estimate,USD
200015318273794,129124592717061,Cattasaurus - Walmart,direct_to_consumer,fulfilled,2026-09-01,2026-09-02,2026-09-01,NV3,UPS,1,1,21.08,1.9,0.0,22.98,shipmonk_estimate,USD
244672-01,4e645290-b91f-4643-9ded-8d260ee18a16,Cattasaurus - shoproxstore - Shopify,direct_to_consumer,fulfilled,2026-09-01,2026-09-02,2026-09-01,PA2,OnTrac,2,1,20.28,2.22,0.0,22.5,shipmonk_estimate,USD
244701-01,316dfada-aa4a-4674-8b7c-a889304060f2,Cattasaurus - shoproxstore - Shopify,direct_to_consumer,fulfilled,2026-09-01,2026-09-02,2026-09-01,NV3,OnTrac,3,1,25.74,4.44,0.0,30.18,shipmonk_estimate,USD
244723-01,745f2ad8-1473-43f0-8bee-d71dd5b62540,Cattasaurus - shoproxstore - Shopify,direct_to_consumer,fulfilled,2026-09-01,2026-09-02,2026-09-01,PA2,OnTrac,2,1,12.0,2.22,0.0,14.22,shipmonk_estimate,USD
244753-01,27633274-2896-4ac3-940e-bbe1b2c3aa3a,Cattasaurus - shoproxstore - Shopify,direct_to_consumer,fulfilled,2026-09-01,2026-09-02,2026-09-01,NV3,OnTrac,2,1,22.11,2.22,0.0,24.33,shipmonk_estimate,USD
244837-01,624e7d60-5495-4997-84fb-2098cec65a7a,Cattasaurus - shoproxstore - Shopify,direct_to_consumer,fulfilled,2026-09-01,2026-09-02,2026-09-01,PA2,OnTrac,2,1,12.74,2.22,0.0,14.96,shipmonk_estimate,USD
244870-01,d74afb0f-5467-4eb1-a58c-8d4d7e45170f,Cattasaurus - shoproxstore - Shopify,direct_to_consumer,fulfilled,2026-09-01,2026-09-04,2026-09-01,NV3,OnTrac,2,1,35.49,2.22,0.0,37.71,shipmonk_estimate,USD
245016-01,2601dc20-281a-4480-a74a-e9beaf29fa32,Cattasaurus - shoproxstore - Shopify,direct_to_consumer,fulfilled,2026-09-01,2026-09-02,2026-09-01,PA2,OnTrac,1,1,12.0,1.9,0.0,13.9,shipmonk_estimate,USD
245029-01-01,6bcd4bf0-3719-4bff-b3c8-8d03afcd65a6,Cattasaurus - shoproxstore - Shopify,direct_to_consumer,fulfilled,2026-09-01,2026-09-02,2026-09-01,PA2,OnTrac,2,1,14.83,2.22,0.0,17.05,shipmonk_estimate,USD
245038-01,f672fdb6-b951-4d8e-a003-ba17860d78fd,Cattasaurus - shoproxstore - Shopify,direct_to_consumer,fulfilled,2026-09-01,2026-09-02,2026-09-01,PA2,OnTrac,2,1,12.74,2.22,0.0,14.96,shipmonk_estimate,USD
245039-01,04bcafe9-150f-4771-bb04-df8065711968,Cattasaurus - shoproxstore - Shopify,direct_to_consumer,fulfilled,2026-09-01,2026-09-02,2026-09-01,PA2,OnTrac,2,1,14.94,2.22,0.0,17.16,shipmonk_estimate,USD
245045-01,30d47df5-0457-4231-9433-3af320697c73,Cattasaurus - shoproxstore - Shopify,direct_to_consumer,fulfilled,2026-09-01,2026-09-02,2026-09-01,PA2,OnTrac,2,1,14.94,2.22,0.0,17.16,shipmonk_estimate,USD
245061-01,2818f37d-efb2-4ddf-82f8-84bd06aae167,Cattasaurus - shoproxstore - Shopify,direct_to_consumer,fulfilled,2026-09-01,2026-09-02,2026-09-01,PA2,OnTrac,2,1,20.75,2.22,0.0,22.97,shipmonk_estimate,USD
245062-01,352bf378-9977-4c2d-83cd-df753d31c6b9,Cattasaurus - shoproxstore - Shopify,direct_to_consumer,fulfilled,2026-09-01,2026-09-02,2026-09-01,PA2,OnTrac,2,1,17.04,2.22,0.0,19.26,shipmonk_estimate,USD
245078-01,954ae4f1-278a-4908-a9b7-73bb4756b2e7,Cattasaurus - shoproxstore - Shopify,direct_to_consumer,fulfilled,2026-09-01,2026-09-02,2026-09-01,PA2,OnTrac,2,1,10.32,2.22,0.0,12.54,shipmonk_estimate,USD
245101-01,88ddc7c7-ef4f-400c-8c8b-12ba52d17009,Cattasaurus - shoproxstore - Shopify,direct_to_consumer,fulfilled,2026-09-01,2026-09-02,2026-09-01,PA2,OnTrac,2,1,12.74,2.22,0.0,14.96,shipmonk_estimate,USD
245108-01,4aaf1ed8-c3ea-42a3-a399-dad5ba9eca6c,Cattasaurus - shoproxstore - Shopify,direct_to_consumer,fulfilled,2026-09-01,2026-09-02,2026-09-01,PA2,OnTrac,2,1,12.0,2.22,0.0,14.22,shipmonk_estimate,USD
245118-01,08071779-511b-4de9-902a-096c854a9f71,Cattasaurus - shoproxstore - Shopify,direct_to_consumer,fulfilled,2026-09-01,2026-09-02,2026-09-01,PA2,OnTrac,2,1,16.23,2.22,0.0,18.45,shipmonk_estimate,USD
245124-01,fa392150-e08c-4931-8242-d5aeea28ebfc,Cattasaurus - shoproxstore - Shopify,direct_to_consumer,fulfilled,2026-09-01,2026-09-02,2026-09-01,PA2,OnTrac,2,1,14.94,2.22,0.0,17.16,shipmonk_estimate,USD
245151-01,c14e90de-54e7-431d-9ed7-3d66dbf8e2b3,Cattasaurus - shoproxstore - Shopify,direct_to_consumer,fulfilled,2026-09-01,2026-09-02,2026-09-01,PA2,OnTrac,1,1,10.26,1.9,0.0,12.16,shipmonk_estimate,USD
245153-01,6a9fb053-78f2-4116-b93f-c0abc7ba574e,Cattasaurus - shoproxstore - Shopify,direct_to_consumer,fulfilled,2026-09-01,2026-09-02,2026-09-01,PA2,OnTrac,1,1,12.0,1.9,0.0,13.9,shipmonk_estimate,USD
245155-01,75c89dc5-3a42-4197-a326-51e9d70b323f,Cattasaurus - shoproxstore - Shopify,direct_to_consumer,fulfilled,2026-09-01,2026-09-04,2026-09-01,NV3,OnTrac,2,1,34.56,2.22,0.0,36.78,shipmonk_estimate,USD
245228-01,e66940c6-098b-46cc-808f-75077b6a1a21,Cattasaurus - shoproxstore - Shopify,direct_to_consumer,fulfilled,2026-09-01,2026-09-02,2026-09-01,PA2,OnTrac,2,1,17.04,2.22,0.0,19.26,shipmonk_estimate,USD
245333-01,4e27e0d9-c930-4afa-84b9-26b1bbc4c4bb,Cattasaurus - shoproxstore - Shopify,direct_to_consumer,fulfilled,2026-09-01,2026-09-02,2026-09-01,PA2,OnTrac,2,1,16.23,2.22,0.0,18.45,shipmonk_estimate,USD
245340-01,f83a85e4-370c-4dd6-82f2-dfe4f2a182b4,Cattasaurus - shoproxstore - Shopify,direct_to_consumer,fulfilled,2026-09-01,2026-09-02,2026-09-01,NV3,OnTrac,2,1,34.56,2.22,0.0,36.78,shipmonk_estimate,USD
245364-01,137892d2-9c6d-4a18-a29e-63bf6a9891ca,Cattasaurus - shoproxstore - Shopify,direct_to_consumer,fulfilled,2026-09-01,2026-09-02,2026-09-01,PA2,OnTrac,1,1,12.34,1.9,0.0,14.24,shipmonk_estimate,USD
245370-01,0215d795-d03a-4f3f-891a-0d366022657d,Cattasaurus - shoproxstore - Shopify,direct_to_consumer,fulfilled,2026-09-01,2026-09-01,2026-09-01,NV3,OnTrac,2,1,22.11,2.22,0.0,24.33,shipmonk_estimate,USD
245382-01,255f4898-105b-47a9-bee9-540348b23595,Cattasaurus - shoproxstore - Shopify,direct_to_consumer,fulfilled,2026-09-01,2026-09-02,2026-09-01,NV3,OnTrac,2,1,26.68,2.22,0.0,28.9,shipmonk_estimate,USD
246083-01,97b03068-e709-4e9f-82e5-0732eba30f16,Cattasaurus - shoproxstore - Shopify,direct_to_consumer,fulfilled,2026-09-01,2026-09-02,2026-09-01,NV3,OnTrac,1,1,19.32,1.9,0.0,21.22,shipmonk_estimate,USD
246217-01,92216328-19a9-457d-b560-bb55ce4fc8bd,Cattasaurus - shoproxstore - Shopify,direct_to_consumer,fulfilled,2026-09-01,2026-09-02,2026-09-01,NV3,FedEx,1,1,32.09,1.9,0.0,33.99,shipmonk_estimate,USD
246249-01,b6653545-83d7-400d-acc2-c2eebfece9bc,Cattasaurus - shoproxstore - Shopify,direct_to_consumer,fulfilled,2026-09-01,2026-09-02,2026-09-01,PA2,OnTrac,2,1,17.64,2.22,0.0,19.86,shipmonk_estimate,USD
249866,7622855655734,Cattasaurus - shoproxstore - Shopify,direct_to_consumer,fulfilled,2026-09-01,2026-09-02,2026-09-01,PA2,UPS,1,1,22.51,1.9,0.0,24.41,shipmonk_estimate,USD
249874,7623010189622,Cattasaurus - shoproxstore - Shopify,direct_to_consumer,fulfilled,2026-09-01,2026-09-09,2026-09-01,NV3,OnTrac,2,1,20.08,2.22,0.0,22.3,shipmonk_estimate,USD
249874_2,5d7cb288-0378-40cc-bbf8-ef91a3a90d61,Cattasaurus - shoproxstore - Shopify,direct_to_consumer,fulfilled,2026-09-01,2026-09-09,2026-09-01,NV3,OnTrac,2,1,26.52,2.22,0.0,28.74,shipmonk_estimate,USD
249875,7623021822262,Cattasaurus - shoproxstore - Shopify,direct_to_consumer,fulfilled,2026-09-01,2026-09-02,2026-09-01,PA2,OnTrac,2,1,13.37,2.86,0.0,16.23,shipmonk_estimate,USD
249877,7623170326838,Cattasaurus - shoproxstore - Shopify,direct_to_consumer,fulfilled,2026-09-01,2026-09-02,2026-09-01,NV3,OnTrac,1,1,17.04,1.9,0.0,18.94,shipmonk_estimate,USD
249878,7623181435190,Cattasaurus - shoproxstore - Shopify,direct_to_consumer,fulfilled,2026-09-01,2026-09-02,2026-09-01,PA2,FedEx,2,1,14.99,2.22,0.0,17.21,shipmonk_estimate,USD
249879,7623188840758,Cattasaurus - shoproxstore - Shopify,direct_to_consumer,fulfilled,2026-09-01,2026-09-02,2026-09-01,PA2,UPS,2,1,18.03,2.22,0.0,20.25,shipmonk_estimate,USD
249880,7623190249782,Cattasaurus - shoproxstore - Shopify,direct_to_consumer,fulfilled,2026-09-01,2026-09-02,2026-09-01,PA2,OnTrac,1,1,12.74,2.22,0.0,14.96,shipmonk_estimate,USD
249881,7623202996534,Cattasaurus - shoproxstore - Shopify,direct_to_consumer,fulfilled,2026-09-01,2026-09-02,2026-09-01,PA2,UPS,2,1,17.0,2.22,0.0,19.22,shipmonk_estimate,USD
249882,7623218069814,Cattasaurus - shoproxstore - Shopify,direct_to_consumer,fulfilled,2026-09-01,2026-09-02,2026-09-01,PA2,OnTrac,1,1,22.66,2.54,0.0,25.2,shipmonk_estimate,USD
249885,7623252672822,Cattasaurus - shoproxstore - Shopify,direct_to_consumer,fulfilled,2026-09-01,2026-09-01,2026-09-01,PA2,OnTrac,2,1,13.15,2.22,0.0,15.37,shipmonk_estimate,USD
249890,7623270859062,Cattasaurus - shoproxstore - Shopify,direct_to_consumer,fulfilled,2026-09-01,2026-09-02,2026-09-01,PA2,UPS,1,1,13.37,1.9,0.0,15.27,shipmonk_estimate,USD
249891,7623279640886,Cattasaurus - shoproxstore - Shopify,direct_to_consumer,fulfilled,2026-09-01,2026-09-02,2026-09-01,PA2,UPS,2,1,14.25,2.22,0.0,16.47,shipmonk_estimate,USD
249892,7623344980278,Cattasaurus - shoproxstore - Shopify,direct_to_consumer,fulfilled,2026-09-01,2026-09-02,2026-09-01,PA2,UPS,1,1,15.34,2.63,0.0,17.97,shipmonk_estimate,USD
249893,7623352844598,Cattasaurus - shoproxstore - Shopify,direct_to_consumer,fulfilled,2026-09-01,2026-09-02,2026-09-01,PA2,UPS,2,1,19.79,2.22,0.0,22.01,shipmonk_estimate,USD
249895,7623354614070,Cattasaurus - shoproxstore - Shopify,direct_to_consumer,fulfilled,2026-09-01,2026-09-02,2026-09-01,PA2,OnTrac,2,1,10.58,2.22,0.0,12.8,shipmonk_estimate,USD
249896,7623359037750,Cattasaurus - shoproxstore - Shopify,direct_to_consumer,fulfilled,2026-09-01,2026-09-01,2026-09-01,PA2,OnTrac,1,1,18.61,1.9,0.0,20.51,shipmonk_estimate,USD
249898,7623406813494,Cattasaurus - shoproxstore - Shopify,direct_to_consumer,fulfilled,2026-09-01,2026-09-02,2026-09-01,PA2,OnTrac,1,1,17.04,1.9,0.0,18.94,shipmonk_estimate,USD
249899,7623408484662,Cattasaurus - shoproxstore - Shopify,direct_to_consumer,fulfilled,2026-09-01,2026-09-02,2026-09-01,PA2,OnTrac,1,1,14.94,1.9,0.0,16.84,shipmonk_estimate,USD
249900,7623416447286,Cattasaurus - shoproxstore - Shopify,direct_to_consumer,fulfilled,2026-09-01,2026-09-02,2026-09-01,NV3,UPS,2,1,20.37,2.22,0.0,22.59,shipmonk_estimate,USD
249902,7623429947702,Cattasaurus - shoproxstore - Shopify,direct_to_consumer,fulfilled,2026-09-01,2026-09-02,2026-09-01,PA2,OnTrac,2,1,14.94,2.22,0.0,17.16,shipmonk_estimate,USD
249903,7623435223350,Cattasaurus - shoproxstore - Shopify,direct_to_consumer,fulfilled,2026-09-01,2026-09-02,2026-09-01,PA2,OnTrac,2,1,12.0,2.22,0.0,14.22,shipmonk_estimate,USD
249905,7623447347510,Cattasaurus - shoproxstore - Shopify,direct_to_consumer,fulfilled,2026-09-01,2026-09-02,2026-09-01,PA2,OnTrac,2,1,15.32,2.22,0.0,17.54,shipmonk_estimate,USD
249906,7623460749622,Cattasaurus - shoproxstore - Shopify,direct_to_consumer,fulfilled,2026-09-01,2026-09-02,2026-09-01,PA2,OnTrac,3,1,14.0,2.54,0.0,16.54,shipmonk_estimate,USD
249908,7623482671414,Cattasaurus - shoproxstore - Shopify,direct_to_consumer,fulfilled,2026-09-01,2026-09-02,2026-09-01,PA2,FedEx,2,2,32.95,4.12,0.0,37.07,shipmonk_estimate,USD
249909,7623483719990,Cattasaurus - shoproxstore - Shopify,direct_to_consumer,fulfilled,2026-09-01,2026-09-02,2026-09-01,PA2,OnTrac,3,1,15.91,3.18,0.0,19.09,shipmonk_estimate,USD
249911,7623505576246,Cattasaurus - shoproxstore - Shopify,direct_to_consumer,fulfilled,2026-09-01,2026-09-09,2026-09-01,NV3,UPS,2,1,26.52,2.22,0.0,28.74,shipmonk_estimate,USD
249911_1,903a7013-ef39-473a-a4e1-595bbe43574b,Cattasaurus - shoproxstore - Shopify,direct_to_consumer,fulfilled,2026-09-01,2026-09-09,2026-09-01,NV3,UPS,3,1,26.52,2.54,0.0,29.06,shipmonk_estimate,USD
249912,7623514030390,Cattasaurus - shoproxstore - Shopify,direct_to_consumer,fulfilled,2026-09-01,2026-09-03,2026-09-01,PA2,Cirro,2,1,11.61,2.22,0.0,13.83,shipmonk_estimate,USD
249913,7623543357750,Cattasaurus - shoproxstore - Shopify,direct_to_consumer,fulfilled,2026-09-01,2026-09-02,2026-09-01,PA2,OnTrac,2,1,10.32,2.22,0.0,12.54,shipmonk_estimate,USD
249914,7623554597174,Cattasaurus - shoproxstore - Shopify,direct_to_consumer,fulfilled,2026-09-01,2026-09-02,2026-09-01,PA2,OnTrac,2,1,15.24,2.22,0.0,17.46,shipmonk_estimate,USD
249915,7623558529334,Cattasaurus - shoproxstore - Shopify,direct_to_consumer,fulfilled,2026-09-01,2026-09-04,2026-09-01,PA2,UPS,2,1,13.15,2.22,0.0,15.37,shipmonk_estimate,USD
249915_1,549d0c64-9e07-4b42-a579-1478847cd866,Cattasaurus - shoproxstore - Shopify,direct_to_consumer,fulfilled,2026-09-01,2026-09-04,2026-09-01,PA2,UPS,1,1,14.05,3.82,0.0,17.87,shipmonk_estimate,USD
249918_1,fb3551b5-185b-46ee-8977-63469d246949,Cattasaurus - shoproxstore - Shopify,direct_to_consumer,fulfilled,2026-09-01,2026-09-06,2026-09-01,PA2,UPS,1,1,14.25,3.82,0.0,18.07,shipmonk_estimate,USD
249918_2,3a8a5429-dfe4-4773-b4a5-93830e15595e,Cattasaurus - shoproxstore - Shopify,direct_to_consumer,fulfilled,2026-09-01,2026-09-06,2026-09-01,PA2,UPS,2,1,14.5,2.22,0.0,16.72,shipmonk_estimate,USD
249920,7623703068982,Cattasaurus - shoproxstore - Shopify,direct_to_consumer,fulfilled,2026-09-01,2026-09-03,2026-09-01,NV3,OnTrac,2,1,20.28,2.22,0.0,22.5,shipmonk_estimate,USD
249921,7623706411318,Cattasaurus - shoproxstore - Shopify,direct_to_consumer,fulfilled,2026-09-01,2026-09-03,2026-09-01,PA2,OnTrac,3,1,15.24,2.54,0.0,17.78,shipmonk_estimate,USD
249923,7623728267574,Cattasaurus - shoproxstore - Shopify,direct_to_consumer,fulfilled,2026-09-01,2026-09-03,2026-09-01,PA2,FedEx,2,1,14.99,2.22,0.0,17.21,shipmonk_estimate,USD
249928,7623806353718,Cattasaurus - shoproxstore - Shopify,direct_to_consumer,fulfilled,2026-09-01,2026-09-03,2026-09-01,PA2,FedEx,1,1,13.58,2.11,0.0,15.69,shipmonk_estimate,USD
249929,7623829356854,Cattasaurus - shoproxstore - Shopify,direct_to_consumer,fulfilled,2026-09-01,2026-09-02,2026-09-01,NV3,FedEx,2,1,26.02,2.22,0.0,28.24,shipmonk_estimate,USD
249930,7623836205366,Cattasaurus - shoproxstore - Shopify,direct_to_consumer,fulfilled,2026-09-01,2026-09-02,2026-09-01,NV3,OnTrac,2,1,18.08,2.22,0.0,20.3,shipmonk_estimate,USD
249931,7623838925110,Cattasaurus - shoproxstore - Shopify,direct_to_consumer,fulfilled,2026-09-01,2026-09-03,2026-09-01,PA2,OnTrac,2,1,12.19,2.22,0.0,14.41,shipmonk_estimate,USD
249934,7623874347318,Cattasaurus - shoproxstore - Shopify,direct_to_consumer,fulfilled,2026-09-01,2026-09-02,2026-09-01,NV3,OnTrac,2,1,10.58,2.22,0.0,12.8,shipmonk_estimate,USD
249936,7623909507382,Cattasaurus - shoproxstore - Shopify,direct_to_consumer,fulfilled,2026-09-01,2026-09-04,2026-09-01,NV3,FedEx,3,2,24.31,4.12,0.5,28.93,shipmonk_estimate,USD
249936_1,db12f8b2-2eb2-4d38-8d15-d4ea0d95c472,Cattasaurus - shoproxstore - Shopify,direct_to_consumer,fulfilled,2026-09-01,2026-09-04,2026-09-01,NV3,FedEx,1,1,15.34,3.82,0.0,19.16,shipmonk_estimate,USD
249937,7623910457654,Cattasaurus - shoproxstore - Shopify,direct_to_consumer,fulfilled,2026-09-01,2026-09-02,2026-09-01,NV3,Cirro,2,1,11.61,2.22,0.0,13.83,shipmonk_estimate,USD
249938,7623915602230,Cattasaurus - shoproxstore - Shopify,direct_to_consumer,fulfilled,2026-09-01,2026-09-02,2026-09-01,NV3,OnTrac,1,1,14.0,1.9,0.0,15.9,shipmonk_estimate,USD
249939,7623916454198,Cattasaurus - shoproxstore - Shopify,direct_to_consumer,fulfilled,2026-09-01,2026-09-03,2026-09-01,PA2,OnTrac,1,1,15.91,2.54,0.0,18.45,shipmonk_estimate,USD
249940,7623924875574,Cattasaurus - shoproxstore - Shopify,direct_to_consumer,fulfilled,2026-09-01,2026-09-02,2026-09-01,NV3,OnTrac,2,1,23.21,2.22,0.0,25.43,shipmonk_estimate,USD
249942,7623963246902,Cattasaurus - shoproxstore - Shopify,direct_to_consumer,fulfilled,2026-09-01,2026-09-03,2026-09-01,PA2,OnTrac,2,1,13.37,2.22,0.0,15.59,shipmonk_estimate,USD
249943,7623977009462,Cattasaurus - shoproxstore - Shopify,direct_to_consumer,fulfilled,2026-09-01,2026-09-02,2026-09-01,NV3,UPS,1,1,21.08,1.9,0.0,22.98,shipmonk_estimate,USD
249944,7623981859126,Cattasaurus - shoproxstore - Shopify,direct_to_consumer,fulfilled,2026-09-01,2026-09-02,2026-09-01,PA2,OnTrac,1,1,10.21,1.58,0.0,11.79,shipmonk_estimate,USD
249946,7624003092790,Cattasaurus - shoproxstore - Shopify,direct_to_consumer,fulfilled,2026-09-01,2026-09-02,2026-09-01,NV3,UPS,3,1,24.42,3.18,0.0,27.6,shipmonk_estimate,USD
249947,7624010826038,Cattasaurus - shoproxstore - Shopify,direct_to_consumer,fulfilled,2026-09-01,2026-09-02,2026-09-01,NV3,UPS,3,1,25.74,2.54,0.0,28.28,shipmonk_estimate,USD
249948,7624011645238,Cattasaurus - shoproxstore - Shopify,direct_to_consumer,fulfilled,2026-09-01,2026-09-03,2026-09-01,NV3,OnTrac,2,1,18.61,2.22,0.0,20.83,shipmonk_estimate,USD
249949,7624029307190,Cattasaurus - shoproxstore - Shopify,direct_to_consumer,fulfilled,2026-09-01,2026-09-02,2026-09-01,NV3,OnTrac,2,1,12.49,2.22,0.0,14.71,shipmonk_estimate,USD
249950_1,fe1d8245-5323-4495-89a0-87b3802d77f5,Cattasaurus - shoproxstore - Shopify,direct_to_consumer,fulfilled,2026-09-01,2026-09-06,2026-09-01,PA2,UPS,2,1,14.25,2.22,0.0,16.47,shipmonk_estimate,USD
249951,7624072626486,Cattasaurus - shoproxstore - Shopify,direct_to_consumer,fulfilled,2026-09-01,2026-09-02,2026-09-01,NV3,OnTrac,2,1,14.99,2.22,0.0,17.21,shipmonk_estimate,USD
249952,7624072724790,Cattasaurus - shoproxstore - Shopify,direct_to_consumer,fulfilled,2026-09-01,2026-09-03,2026-09-01,PA2,OnTrac,1,1,18.8,1.9,0.0,20.7,shipmonk_estimate,USD
249953,7624074494262,Cattasaurus - shoproxstore - Shopify,direct_to_consumer,fulfilled,2026-09-01,2026-09-02,2026-09-01,NV3,OnTrac,2,1,12.49,2.22,0.0,14.71,shipmonk_estimate,USD
249954,7624093466934,Cattasaurus - shoproxstore - Shopify,direct_to_consumer,fulfilled,2026-09-01,2026-09-03,2026-09-01,PA2,OnTrac,2,1,11.61,2.22,0.0,13.83,shipmonk_estimate,USD
249955,7624106377526,Cattasaurus - shoproxstore - Shopify,direct_to_consumer,fulfilled,2026-09-01,2026-09-02,2026-09-01,NV3,OnTrac,2,1,14.99,2.22,0.0,17.21,shipmonk_estimate,USD
249956,7624106705206,Cattasaurus - shoproxstore - Shopify,direct_to_consumer,fulfilled,2026-09-01,2026-09-03,2026-09-01,PA2,OnTrac,2,1,13.66,2.22,0.0,15.88,shipmonk_estimate,USD
249958,7624112865590,Cattasaurus - shoproxstore - Shopify,direct_to_consumer,fulfilled,2026-09-01,2026-09-03,2026-09-01,PA2,OnTrac,2,1,12.74,2.22,0.0,14.96,shipmonk_estimate,USD
249959,7624119550262,Cattasaurus - shoproxstore - Shopify,direct_to_consumer,fulfilled,2026-09-01,2026-09-02,2026-09-01,NV3,OnTrac,2,1,14.94,2.22,0.0,17.16,shipmonk_estimate,USD
249960,7624121844022,Cattasaurus - shoproxstore - Shopify,direct_to_consumer,fulfilled,2026-09-01,2026-09-03,2026-09-01,NV3,Cirro,2,1,11.61,2.22,0.0,13.83,shipmonk_estimate,USD
249962,7624138981686,Cattasaurus - shoproxstore - Shopify,direct_to_consumer,fulfilled,2026-09-01,2026-09-03,2026-09-01,PA2,OnTrac,2,1,15.32,2.22,0.0,17.54,shipmonk_estimate,USD
249963,7624139604278,Cattasaurus - shoproxstore - Shopify,direct_to_consumer,fulfilled,2026-09-01,2026-09-03,2026-09-01,PA2,OnTrac,1,1,20.28,1.9,0.0,22.18,shipmonk_estimate,USD
249964,7624157593910,Cattasaurus - shoproxstore - Shopify,direct_to_consumer,fulfilled,2026-09-01,2026-09-03,2026-09-01,NV3,OnTrac,2,1,14.99,2.22,0.0,17.21,shipmonk_estimate,USD
249965,7624168669494,Cattasaurus - shoproxstore - Shopify,direct_to_consumer,fulfilled,2026-09-01,2026-09-02,2026-09-01,NV3,OnTrac,1,1,18.08,1.9,0.0,19.98,shipmonk_estimate,USD
249966,7624170176822,Cattasaurus - shoproxstore - Shopify,direct_to_consumer,fulfilled,2026-09-01,2026-09-04,2026-09-01,NV3,UPS,2,1,30.96,2.22,0.0,33.18,shipmonk_estimate,USD
249968,7624212709686,Cattasaurus - shoproxstore - Shopify,direct_to_consumer,fulfilled,2026-09-01,2026-09-02,2026-09-01,NV3,FedEx,2,1,26.02,2.22,0.0,28.24,shipmonk_estimate,USD
249970,7624255013174,Cattasaurus - shoproxstore - Shopify,direct_to_consumer,fulfilled,2026-09-01,2026-09-02,2026-09-01,NV3,OnTrac,2,1,26.21,2.22,0.0,28.43,shipmonk_estimate,USD
249971,7624261108022,Cattasaurus - shoproxstore - Shopify,direct_to_consumer,fulfilled,2026-09-01,2026-09-03,2026-09-01,PA2,OnTrac,1,1,11.9,1.9,0.0,13.8,shipmonk_estimate,USD
249972,7624287912246,Cattasaurus - shoproxstore - Shopify,direct_to_consumer,fulfilled,2026-09-01,2026-09-03,2026-09-01,PA2,UPS,2,1,19.4,2.22,0.0,21.62,shipmonk_estimate,USD
249973,7624294170934,Cattasaurus - shoproxstore - Shopify,direct_to_consumer,fulfilled,2026-09-01,2026-09-03,2026-09-01,NV3,UPS,1,1,17.0,1.9,0.0,18.9,shipmonk_estimate,USD
249974,7624298168630,Cattasaurus - shoproxstore - Shopify,direct_to_consumer,fulfilled,2026-09-01,2026-09-03,2026-09-01,PA2,UPS,3,1,20.67,3.18,0.0,23.85,shipmonk_estimate,USD
249975_1,c57f70cf-37ee-45bb-88ed-cfc06e34ae06,Cattasaurus - shoproxstore - Shopify,direct_to_consumer,fulfilled,2026-09-01,2026-09-06,2026-09-01,NV3,OnTrac,2,1,16.75,2.22,0.0,18.97,shipmonk_estimate,USD
249976,7624327201078,Cattasaurus - shoproxstore - Shopify,direct_to_consumer,fulfilled,2026-09-01,2026-09-02,2026-09-01,NV3,Cirro,2,1,11.61,2.22,0.0,13.83,shipmonk_estimate,USD
249977,7624345420086,Cattasaurus - shoproxstore - Shopify,direct_to_consumer,fulfilled,2026-09-01,2026-09-02,2026-09-01,NV3,UPS,2,1,14.05,2.22,0.0,16.27,shipmonk_estimate,USD
249979,7624381563190,Cattasaurus - shoproxstore - Shopify,direct_to_consumer,fulfilled,2026-09-01,2026-09-02,2026-09-01,NV3,UPS,1,1,22.07,2.22,0.0,24.29,shipmonk_estimate,USD
249980,7624382054710,Cattasaurus - shoproxstore - Shopify,direct_to_consumer,fulfilled,2026-09-01,2026-09-02,2026-09-01,NV3,OnTrac,2,1,19.32,2.22,0.0,21.54,shipmonk_estimate,USD
249981,7624397947190,Cattasaurus - shoproxstore - Shopify,direct_to_consumer,fulfilled,2026-09-01,2026-09-02,2026-09-01,NV3,OnTrac,2,1,14.99,2.22,0.0,17.21,shipmonk_estimate,USD
249982,7624462074166,Cattasaurus - shoproxstore - Shopify,direct_to_consumer,fulfilled,2026-09-01,2026-09-03,2026-09-01,PA2,UPS,2,1,22.94,2.22,0.0,25.16,shipmonk_estimate,USD
249983,7624468431158,Cattasaurus - shoproxstore - Shopify,direct_to_consumer,fulfilled,2026-09-01,2026-09-03,2026-09-01,PA2,UPS,2,1,13.66,2.22,0.0,15.88,shipmonk_estimate,USD
249985,7624486060342,Cattasaurus - shoproxstore - Shopify,direct_to_consumer,fulfilled,2026-09-01,2026-09-02,2026-09-01,NV3,OnTrac,2,1,16.23,2.22,0.0,18.45,shipmonk_estimate,USD
249986,7624487305526,Cattasaurus - shoproxstore - Shopify,direct_to_consumer,fulfilled,2026-09-01,2026-09-02,2026-09-01,NV3,OnTrac,2,1,17.04,2.86,0.0,19.9,shipmonk_estimate,USD
249988,7624555626806,Cattasaurus - shoproxstore - Shopify,direct_to_consumer,fulfilled,2026-09-01,2026-09-04,2026-09-01,NV3,FedEx,2,1,27.78,2.22,0.0,30.0,shipmonk_estimate,USD
249990,7624557723958,Cattasaurus - shoproxstore - Shopify,direct_to_consumer,fulfilled,2026-09-01,2026-09-02,2026-09-01,NV3,UPS,2,1,24.96,2.22,0.0,27.18,shipmonk_estimate,USD
249991,7624562442550,Cattasaurus - shoproxstore - Shopify,direct_to_consumer,fulfilled,2026-09-01,2026-09-03,2026-09-01,PA2,OnTrac,2,1,12.74,2.22,0.0,14.96,shipmonk_estimate,USD
249993,7624570077494,Cattasaurus - shoproxstore - Shopify,direct_to_consumer,fulfilled,2026-09-01,2026-09-03,2026-09-01,PA2,UPS,1,1,19.4,1.9,0.0,21.3,shipmonk_estimate,USD
249994,7624570700086,Cattasaurus - shoproxstore - Shopify,direct_to_consumer,fulfilled,2026-09-01,2026-09-02,2026-09-01,NV3,OnTrac,4,1,15.91,3.5,0.0,19.41,shipmonk_estimate,USD
249995,7624604025142,Cattasaurus - shoproxstore - Shopify,direct_to_consumer,fulfilled,2026-09-01,2026-09-02,2026-09-01,NV3,Cirro,2,1,11.61,2.22,0.0,13.83,shipmonk_estimate,USD
249996,7624620507446,Cattasaurus - shoproxstore - Shopify,direct_to_consumer,fulfilled,2026-09-01,2026-09-04,2026-09-01,PA2,OnTrac,2,1,13.93,2.22,0.0,16.15,shipmonk_estimate,USD
249996_1,d79b99f3-14a3-4c72-bfda-3bfcadbdef02,Cattasaurus - shoproxstore - Shopify,direct_to_consumer,fulfilled,2026-09-01,2026-09-04,2026-09-01,PA2,OnTrac,2,1,13.66,2.22,0.0,15.88,shipmonk_estimate,USD
249997,7624621130038,Cattasaurus - shoproxstore - Shopify,direct_to_consumer,fulfilled,2026-09-01,2026-09-03,2026-09-01,NV3,Cirro,2,1,11.61,2.22,0.0,13.83,shipmonk_estimate,USD
249998,7624621687094,Cattasaurus - shoproxstore - Shopify,direct_to_consumer,fulfilled,2026-09-01,2026-09-03,2026-09-01,PA2,OnTrac,3,1,15.76,3.18,0.0,18.94,shipmonk_estimate,USD
249999,7624623096118,Cattasaurus - shoproxstore - Shopify,direct_to_consumer,fulfilled,2026-09-01,2026-09-03,2026-09-01,PA2,OnTrac,2,1,10.26,2.22,0.0,12.48,shipmonk_estimate,USD
250000,7624632434998,Cattasaurus - shoproxstore - Shopify,direct_to_consumer,fulfilled,2026-09-01,2026-09-04,2026-09-01,NV3,OnTrac,2,1,35.74,2.22,0.0,37.96,shipmonk_estimate,USD
250001,7624637284662,Cattasaurus - shoproxstore - Shopify,direct_to_consumer,fulfilled,2026-09-01,2026-09-03,2026-09-01,PA2,OnTrac,1,1,12.41,3.68,0.0,16.09,shipmonk_estimate,USD
250002,7624642527542,Cattasaurus - shoproxstore - Shopify,direct_to_consumer,fulfilled,2026-09-01,2026-09-02,2026-09-01,NV3,FedEx,2,2,42.07,4.12,0.0,46.19,shipmonk_estimate,USD
250003,7624643445046,Cattasaurus - shoproxstore - Shopify,direct_to_consumer,fulfilled,2026-09-01,2026-09-03,2026-09-01,PA2,OnTrac,2,1,11.61,2.22,0.0,13.83,shipmonk_estimate,USD
250004,7624658780470,Cattasaurus - shoproxstore - Shopify,direct_to_consumer,fulfilled,2026-09-01,2026-09-03,2026-09-01,PA2,OnTrac,2,1,12.0,2.22,0.0,14.22,shipmonk_estimate,USD
250005,7624660877622,Cattasaurus - shoproxstore - Shopify,direct_to_consumer,fulfilled,2026-09-01,2026-09-03,2026-09-01,NV3,OnTrac,2,1,18.61,2.22,0.0,20.83,shipmonk_estimate,USD
250006,7624666939702,Cattasaurus - shoproxstore - Shopify,direct_to_consumer,fulfilled,2026-09-01,2026-09-03,2026-09-01,NV3,UPS,2,1,14.5,2.22,0.0,16.72,shipmonk_estimate,USD
250007,7624677753142,Cattasaurus - shoproxstore - Shopify,direct_to_consumer,fulfilled,2026-09-01,2026-09-04,2026-09-01,PA2,OnTrac,3,1,14.0,2.54,0.0,16.54,shipmonk_estimate,USD
250007_1,14547bb2-969e-480d-b955-d6a2066334ce,Cattasaurus - shoproxstore - Shopify,direct_to_consumer,fulfilled,2026-09-01,2026-09-04,2026-09-01,PA2,OnTrac,2,1,11.61,2.22,0.0,13.83,shipmonk_estimate,USD
250008,7624681324854,Cattasaurus - shoproxstore - Shopify,direct_to_consumer,fulfilled,2026-09-01,2026-09-02,2026-09-01,NV3,UPS,2,1,21.08,2.22,0.0,23.3,shipmonk_estimate,USD
250009,7624701575478,Cattasaurus - shoproxstore - Shopify,direct_to_consumer,fulfilled,2026-09-01,2026-09-02,2026-09-01,NV3,OnTrac,1,1,18.61,1.9,0.0,20.51,shipmonk_estimate,USD
250012,7624735162678,Cattasaurus - shoproxstore - Shopify,direct_to_consumer,fulfilled,2026-09-01,2026-09-03,2026-09-01,NV3,OnTrac,2,1,19.32,2.22,0.0,21.54,shipmonk_estimate,USD
250014,7624771043638,Cattasaurus - shoproxstore - Shopify,direct_to_consumer,fulfilled,2026-09-01,2026-09-02,2026-09-01,PA2,OnTrac,2,1,15.17,2.22,0.0,17.39,shipmonk_estimate,USD
250016,7624784806198,Cattasaurus - shoproxstore - Shopify,direct_to_consumer,fulfilled,2026-09-01,2026-09-03,2026-09-01,PA2,OnTrac,1,1,22.04,1.9,0.0,23.94,shipmonk_estimate,USD
250017,7624808726838,Cattasaurus - shoproxstore - Shopify,direct_to_consumer,fulfilled,2026-09-01,2026-09-03,2026-09-01,PA2,OnTrac,3,1,14.99,2.54,0.0,17.53,shipmonk_estimate,USD
250018,7624817410358,Cattasaurus - shoproxstore - Shopify,direct_to_consumer,fulfilled,2026-09-01,2026-09-04,2026-09-01,NV3,FedEx,2,1,30.33,2.22,0.0,32.55,shipmonk_estimate,USD
250019,7624831697206,Cattasaurus - shoproxstore - Shopify,direct_to_consumer,fulfilled,2026-09-01,2026-09-03,2026-09-01,PA2,OnTrac,2,1,10.26,2.22,0.0,12.48,shipmonk_estimate,USD
250020,7624845295926,Cattasaurus - shoproxstore - Shopify,direct_to_consumer,fulfilled,2026-09-01,2026-09-03,2026-09-01,PA2,OnTrac,2,1,10.26,2.22,0.0,12.48,shipmonk_estimate,USD
250021,7624846344502,Cattasaurus - shoproxstore - Shopify,direct_to_consumer,fulfilled,2026-09-01,2026-09-02,2026-09-01,NV3,OnTrac,2,1,26.21,2.22,0.0,28.43,shipmonk_estimate,USD
250023,7624862368054,Cattasaurus - shoproxstore - Shopify,direct_to_consumer,fulfilled,2026-09-01,2026-09-03,2026-09-01,NV3,OnTrac,3,1,25.74,2.54,0.0,28.28,shipmonk_estimate,USD
250024,7624868987190,Cattasaurus - shoproxstore - Shopify,direct_to_consumer,fulfilled,2026-09-01,2026-09-03,2026-09-01,TO1,FedEx,1,2,27.04,4.26,0.0,31.3,shipmonk_estimate,CAD+USD
250026,7624946188598,Cattasaurus - shoproxstore - Shopify,direct_to_consumer,fulfilled,2026-09-01,2026-09-02,2026-09-01,NV3,UPS,2,1,17.99,2.22,0.0,20.21,shipmonk_estimate,USD
250027,7624958640438,Cattasaurus - shoproxstore - Shopify,direct_to_consumer,fulfilled,2026-09-01,2026-09-02,2026-09-01,NV3,OnTrac,3,1,12.49,2.86,0.0,15.35,shipmonk_estimate,USD
250028,7624962343222,Cattasaurus - shoproxstore - Shopify,direct_to_consumer,fulfilled,2026-09-01,2026-09-03,2026-09-01,PA2,OnTrac,2,1,20.28,2.22,0.0,22.5,shipmonk_estimate,USD
250029,7625030107446,Cattasaurus - shoproxstore - Shopify,direct_to_consumer,fulfilled,2026-09-01,2026-09-02,2026-09-01,NV3,OnTrac,2,1,23.98,2.22,0.0,26.2,shipmonk_estimate,USD
250031,7625087090998,Cattasaurus - shoproxstore - Shopify,direct_to_consumer,fulfilled,2026-09-01,2026-09-02,2026-09-01,NV3,OnTrac,1,1,22.51,1.9,0.0,24.41,shipmonk_estimate,USD
250032,7625102164278,Cattasaurus - shoproxstore - Shopify,direct_to_consumer,fulfilled,2026-09-01,2026-09-03,2026-09-01,NV3,OnTrac,1,1,12.74,2.22,0.0,14.96,shipmonk_estimate,USD
250033,7625116057910,Cattasaurus - shoproxstore - Shopify,direct_to_consumer,fulfilled,2026-09-01,2026-09-02,2026-09-01,NV3,OnTrac,1,1,8.5,1.9,0.5,10.9,shipmonk_estimate,USD
577548238656868496,e026703a-94cc-4be3-be31-865a5c8dd5f4,Cattasaurus - Manual Store,direct_to_consumer,fulfilled,2026-09-01,2026-09-01,2026-09-01,PA2,UPS,1,1,13.51,1.9,0.0,15.41,shipmonk_estimate,USD
577548240413495372,11eabfc7-1a8e-4867-8c68-cf58af200361,Cattasaurus - Manual Store,direct_to_consumer,fulfilled,2026-09-01,2026-09-01,2026-09-01,PA2,OnTrac,1,1,16.39,2.22,0.0,18.61,shipmonk_estimate,USD
577548240415920364,a97766ee-c75f-4afa-abae-0cd89ba0f270,Cattasaurus - Manual Store,direct_to_consumer,fulfilled,2026-09-01,2026-09-01,2026-09-01,PA2,OnTrac,1,1,16.39,1.9,0.0,18.29,shipmonk_estimate,USD
577548242306830962,bae5c7a0-c09b-40cf-9181-0bcf99a81aee,Cattasaurus - Manual Store,direct_to_consumer,fulfilled,2026-09-01,2026-09-01,2026-09-01,NV3,UPS,1,1,26.72,1.9,0.0,28.62,shipmonk_estimate,USD
577548242399367285,b752f4b8-1937-48e9-9f28-5e3b049018a9,Cattasaurus - Manual Store,direct_to_consumer,fulfilled,2026-09-01,2026-09-01,2026-09-01,NV3,UPS,1,1,19.32,2.22,0.0,21.54,shipmonk_estimate,USD
577548242693427373,f9a343bd-d54a-4712-96c2-04c471b16b45,Cattasaurus - Manual Store,direct_to_consumer,fulfilled,2026-09-01,2026-09-01,2026-09-01,NV3,OnTrac,1,1,17.11,1.9,0.0,19.01,shipmonk_estimate,USD
577548242817815176,d495f7fd-4548-45ce-802a-21cb7555a65f,Cattasaurus - Manual Store,direct_to_consumer,fulfilled,2026-09-01,2026-09-01,2026-09-01,NV3,OnTrac,1,1,22.82,1.9,0.0,24.72,shipmonk_estimate,USD
577548249084302225,a1b8dd63-a226-454d-8121-b2031d24d2b0,Cattasaurus - Manual Store,direct_to_consumer,fulfilled,2026-09-01,2026-09-01,2026-09-01,PA2,UPS,1,1,20.37,1.9,0.0,22.27,shipmonk_estimate,USD
577548252923335423,8c8e2c20-be00-4eac-8fb4-38c1547b4443,Cattasaurus - Manual Store,direct_to_consumer,fulfilled,2026-09-01,2026-09-01,2026-09-01,NV3,UPS,1,1,35.74,1.9,0.0,37.64,shipmonk_estimate,USD
577548256637325515,f90c280d-bf2e-4443-88b9-d2c0fc3833ea,Cattasaurus - Manual Store,direct_to_consumer,fulfilled,2026-09-01,2026-09-02,2026-09-01,NV3,OnTrac,1,1,12.94,2.22,0.0,15.16,shipmonk_estimate,USD
577548256898945481,cd74b24f-09f1-4690-bcf8-f367fd483ff6,Cattasaurus - Manual Store,direct_to_consumer,fulfilled,2026-09-01,2026-09-01,2026-09-01,PA2,OnTrac,1,1,17.11,1.9,0.0,19.01,shipmonk_estimate,USD
111-3410190-7697014,111-3410190-7697014,Cattasaurus - Amazon USA,direct_to_consumer,fulfilled,2026-09-02,2026-09-03,2026-09-02,PA2,OnTrac,1,1,19.32,2.11,0.0,21.43,shipmonk_estimate,USD
111-5693477-8755448,111-5693477-8755448,Cattasaurus - Amazon USA,direct_to_consumer,fulfilled,2026-09-02,2026-09-03,2026-09-02,NV3,OnTrac,1,1,15.27,1.9,0.0,17.17,shipmonk_estimate,USD
112-1527840-1268203,112-1527840-1268203,Cattasaurus - Amazon USA,direct_to_consumer,fulfilled,2026-09-02,2026-09-03,2026-09-02,PA2,OnTrac,1,1,14.11,3.68,0.0,17.79,shipmonk_estimate,USD
114-3430198-0573065,114-3430198-0573065,Cattasaurus - Amazon USA,direct_to_consumer,fulfilled,2026-09-02,2026-09-03,2026-09-02,PA2,OnTrac,1,1,16.39,2.22,0.0,18.61,shipmonk_estimate,USD
200014480001876-01,007cd9a5-e560-4f3e-ba70-5fe0cf2eef6b,Cattasaurus - Manual Store,direct_to_consumer,fulfilled,2026-09-02,2026-09-02,2026-09-02,PA2,Cirro,1,1,14.25,1.9,0.0,16.15,shipmonk_estimate,USD
200015312711562,129124696762464,Cattasaurus - Walmart,direct_to_consumer,fulfilled,2026-09-02,2026-09-03,2026-09-02,PA2,FedEx,1,1,16.26,1.9,0.0,18.16,shipmonk_estimate,USD
250034,7625186279734,Cattasaurus - shoproxstore - Shopify,direct_to_consumer,fulfilled,2026-09-02,2026-09-02,2026-09-02,NV3,OnTrac,2,1,12.49,2.22,0.0,14.71,shipmonk_estimate,USD
250038,7625336160566,Cattasaurus - shoproxstore - Shopify,direct_to_consumer,fulfilled,2026-09-02,2026-09-03,2026-09-02,PA2,OnTrac,2,1,11.61,2.22,0.0,13.83,shipmonk_estimate,USD
250039,7625442296118,Cattasaurus - shoproxstore - Shopify,direct_to_consumer,fulfilled,2026-09-02,2026-09-03,2026-09-02,PA2,OnTrac,1,1,11.61,1.9,0.0,13.51,shipmonk_estimate,USD
250040,7625463955766,Cattasaurus - shoproxstore - Shopify,direct_to_consumer,fulfilled,2026-09-02,2026-09-03,2026-09-02,PA2,OnTrac,2,1,20.75,2.22,0.0,22.97,shipmonk_estimate,USD
250041,7625495642422,Cattasaurus - shoproxstore - Shopify,direct_to_consumer,fulfilled,2026-09-02,2026-09-02,2026-09-02,NV3,UPS,3,2,32.46,4.12,0.5,37.08,shipmonk_estimate,USD
250042,7625495904566,Cattasaurus - shoproxstore - Shopify,direct_to_consumer,fulfilled,2026-09-02,2026-09-03,2026-09-02,PA2,UPS,2,1,22.94,2.22,0.0,25.16,shipmonk_estimate,USD
250043,7625524576566,Cattasaurus - shoproxstore - Shopify,direct_to_consumer,fulfilled,2026-09-02,2026-09-02,2026-09-02,NV3,OnTrac,2,1,16.23,2.22,0.0,18.45,shipmonk_estimate,USD
250044,7625534210358,Cattasaurus - shoproxstore - Shopify,direct_to_consumer,fulfilled,2026-09-02,2026-09-03,2026-09-02,PA2,FedEx,2,1,18.91,2.22,0.0,21.13,shipmonk_estimate,USD
250045,7625535619382,Cattasaurus - shoproxstore - Shopify,direct_to_consumer,fulfilled,2026-09-02,2026-09-04,2026-09-02,PA2,OnTrac,2,1,20.28,2.22,0.0,22.5,shipmonk_estimate,USD
250045_1,bffa8a9e-e896-4e00-bebf-fcff99e084bb,Cattasaurus - shoproxstore - Shopify,direct_to_consumer,fulfilled,2026-09-02,2026-09-04,2026-09-02,PA2,OnTrac,1,1,20.28,3.82,0.0,24.1,shipmonk_estimate,USD
250046,7625540239670,Cattasaurus - shoproxstore - Shopify,direct_to_consumer,fulfilled,2026-09-02,2026-09-03,2026-09-02,PA2,OnTrac,2,1,14.94,2.22,0.0,17.16,shipmonk_estimate,USD
250047,7625541976374,Cattasaurus - shoproxstore - Shopify,direct_to_consumer,fulfilled,2026-09-02,2026-09-03,2026-09-02,PA2,OnTrac,2,1,15.32,2.22,0.0,17.54,shipmonk_estimate,USD
250048,7625597518134,Cattasaurus - shoproxstore - Shopify,direct_to_consumer,fulfilled,2026-09-02,2026-09-03,2026-09-02,PA2,OnTrac,2,1,15.24,2.22,0.0,17.46,shipmonk_estimate,USD
250049,7625598009654,Cattasaurus - shoproxstore - Shopify,direct_to_consumer,fulfilled,2026-09-02,2026-09-03,2026-09-02,PA2,UPS,2,1,13.66,2.22,0.0,15.88,shipmonk_estimate,USD
250050,7625610658102,Cattasaurus - shoproxstore - Shopify,direct_to_consumer,fulfilled,2026-09-02,2026-09-03,2026-09-02,PA2,UPS,2,1,17.0,2.22,0.0,19.22,shipmonk_estimate,USD
250051,7625620586806,Cattasaurus - shoproxstore - Shopify,direct_to_consumer,fulfilled,2026-09-02,2026-09-02,2026-09-02,PA2,DHL eCommerce,1,1,11.97,1.58,0.0,13.55,shipmonk_estimate,USD
250052,7625632809270,Cattasaurus - shoproxstore - Shopify,direct_to_consumer,fulfilled,2026-09-02,2026-09-03,2026-09-02,PA2,UPS,2,1,14.25,2.22,0.0,16.47,shipmonk_estimate,USD
250053,7625637036342,Cattasaurus - shoproxstore - Shopify,direct_to_consumer,fulfilled,2026-09-02,2026-09-02,2026-09-02,NV3,FedEx,3,1,20.37,2.54,0.0,22.91,shipmonk_estimate,USD
250054,7625645261110,Cattasaurus - shoproxstore - Shopify,direct_to_consumer,fulfilled,2026-09-02,2026-09-03,2026-09-02,NV3,UPS,2,1,14.5,2.22,0.0,16.72,shipmonk_estimate,USD
250055,7625647915318,Cattasaurus - shoproxstore - Shopify,direct_to_consumer,fulfilled,2026-09-02,2026-09-03,2026-09-02,NV3,UPS,2,1,20.37,2.22,0.0,22.59,shipmonk_estimate,USD
250057,7625649848630,Cattasaurus - shoproxstore - Shopify,direct_to_consumer,fulfilled,2026-09-02,2026-09-03,2026-09-02,NV3,FedEx,2,1,12.74,2.22,0.0,14.96,shipmonk_estimate,USD
250059,7625659253046,Cattasaurus - shoproxstore - Shopify,direct_to_consumer,fulfilled,2026-09-02,2026-09-03,2026-09-02,NV3,FedEx,2,1,12.74,2.22,0.0,14.96,shipmonk_estimate,USD
250060,7625671573814,Cattasaurus - shoproxstore - Shopify,direct_to_consumer,fulfilled,2026-09-02,2026-09-06,2026-09-02,NV3,UPS,2,1,14.25,2.22,0.0,16.47,shipmonk_estimate,USD
250061,7625686909238,Cattasaurus - shoproxstore - Shopify,direct_to_consumer,fulfilled,2026-09-02,2026-09-03,2026-09-02,PA2,OnTrac,2,1,11.61,2.22,0.0,13.83,shipmonk_estimate,USD
250062,7625696215350,Cattasaurus - shoproxstore - Shopify,direct_to_consumer,fulfilled,2026-09-02,2026-09-06,2026-09-02,PA2,FedEx,1,1,15.24,1.9,0.0,17.14,shipmonk_estimate,USD
250063,7625698214198,Cattasaurus - shoproxstore - Shopify,direct_to_consumer,fulfilled,2026-09-02,2026-09-03,2026-09-02,PA2,UPS,2,1,19.79,2.22,0.0,22.01,shipmonk_estimate,USD
250064,7625723314486,Cattasaurus - shoproxstore - Shopify,direct_to_consumer,fulfilled,2026-09-02,2026-09-03,2026-09-02,PA2,OnTrac,2,1,20.28,2.22,0.0,22.5,shipmonk_estimate,USD
250065,7625729311030,Cattasaurus - shoproxstore - Shopify,direct_to_consumer,fulfilled,2026-09-02,2026-09-03,2026-09-02,PA2,OnTrac,2,1,16.23,2.22,0.0,18.45,shipmonk_estimate,USD
250067,7625756606774,Cattasaurus - shoproxstore - Shopify,direct_to_consumer,fulfilled,2026-09-02,2026-09-03,2026-09-02,NV3,FedEx,1,1,19.84,1.9,0.0,21.74,shipmonk_estimate,USD
250068,7625760276790,Cattasaurus - shoproxstore - Shopify,direct_to_consumer,fulfilled,2026-09-02,2026-09-03,2026-09-02,NV3,OnTrac,2,1,23.25,2.22,0.0,25.47,shipmonk_estimate,USD
250069,7625760375094,Cattasaurus - shoproxstore - Shopify,direct_to_consumer,fulfilled,2026-09-02,2026-09-03,2026-09-02,NV3,OnTrac,2,1,23.98,2.22,0.0,26.2,shipmonk_estimate,USD
250072,7625787801910,Cattasaurus - shoproxstore - Shopify,direct_to_consumer,fulfilled,2026-09-02,2026-09-03,2026-09-02,PA2,FedEx,2,1,11.61,2.22,0.0,13.83,shipmonk_estimate,USD
250073,7625794224438,Cattasaurus - shoproxstore - Shopify,direct_to_consumer,fulfilled,2026-09-02,2026-09-03,2026-09-02,PA2,FedEx,2,1,12.17,2.22,0.0,14.39,shipmonk_estimate,USD
250074,7625796878646,Cattasaurus - shoproxstore - Shopify,direct_to_consumer,fulfilled,2026-09-02,2026-09-03,2026-09-02,PA2,OnTrac,1,1,11.61,1.9,0.0,13.51,shipmonk_estimate,USD
250075,7625798254902,Cattasaurus - shoproxstore - Shopify,direct_to_consumer,fulfilled,2026-09-02,2026-09-03,2026-09-02,NV3,OnTrac,1,1,22.82,1.9,0.0,24.72,shipmonk_estimate,USD
250076,7625805562166,Cattasaurus - shoproxstore - Shopify,direct_to_consumer,fulfilled,2026-09-02,2026-09-03,2026-09-02,NV3,OnTrac,5,1,20.28,3.18,0.0,23.46,shipmonk_estimate,USD
250077,7625821487414,Cattasaurus - shoproxstore - Shopify,direct_to_consumer,fulfilled,2026-09-02,2026-09-03,2026-09-02,NV3,OnTrac,2,1,14.99,2.22,0.0,17.21,shipmonk_estimate,USD
250078,7625834889526,Cattasaurus - shoproxstore - Shopify,direct_to_consumer,fulfilled,2026-09-02,2026-09-03,2026-09-02,PA2,OnTrac,2,1,15.24,2.22,0.0,17.46,shipmonk_estimate,USD
250080,7625859268918,Cattasaurus - shoproxstore - Shopify,direct_to_consumer,fulfilled,2026-09-02,2026-09-03,2026-09-02,NV3,Cirro,2,1,11.61,2.22,0.0,13.83,shipmonk_estimate,USD
250081,7625868902710,Cattasaurus - shoproxstore - Shopify,direct_to_consumer,fulfilled,2026-09-02,2026-09-03,2026-09-02,NV3,UPS,2,1,19.4,2.22,0.0,21.62,shipmonk_estimate,USD
250082,7625875587382,Cattasaurus - shoproxstore - Shopify,direct_to_consumer,fulfilled,2026-09-02,2026-09-03,2026-09-02,PA2,OnTrac,2,1,14.94,2.22,0.0,17.16,shipmonk_estimate,USD
250083,7625890332982,Cattasaurus - shoproxstore - Shopify,direct_to_consumer,fulfilled,2026-09-02,2026-09-03,2026-09-02,NV3,OnTrac,2,1,18.61,2.22,0.0,20.83,shipmonk_estimate,USD
250084,7625899606326,Cattasaurus - shoproxstore - Shopify,direct_to_consumer,fulfilled,2026-09-02,2026-09-03,2026-09-02,NV3,OnTrac,1,1,19.32,1.9,0.0,21.22,shipmonk_estimate,USD
250085,7625906389302,Cattasaurus - shoproxstore - Shopify,direct_to_consumer,fulfilled,2026-09-02,2026-09-04,2026-09-02,PA2,OnTrac,2,1,11.61,2.22,0.0,13.83,shipmonk_estimate,USD
250086,7625911697718,Cattasaurus - shoproxstore - Shopify,direct_to_consumer,fulfilled,2026-09-02,2026-09-04,2026-09-02,PA2,OnTrac,2,1,14.99,2.22,0.0,17.21,shipmonk_estimate,USD
250087,7625948365110,Cattasaurus - shoproxstore - Shopify,direct_to_consumer,fulfilled,2026-09-02,2026-09-04,2026-09-02,PA2,FedEx,2,2,26.15,4.12,0.0,30.27,shipmonk_estimate,USD
250088,7625953739062,Cattasaurus - shoproxstore - Shopify,direct_to_consumer,fulfilled,2026-09-02,2026-09-03,2026-09-02,NV3,OnTrac,2,1,13.66,2.22,0.0,15.88,shipmonk_estimate,USD
250089,7625953935670,Cattasaurus - shoproxstore - Shopify,direct_to_consumer,fulfilled,2026-09-02,2026-09-04,2026-09-02,PA2,OnTrac,3,1,16.23,2.54,0.0,18.77,shipmonk_estimate,USD
250090,7625958687030,Cattasaurus - shoproxstore - Shopify,direct_to_consumer,fulfilled,2026-09-02,2026-09-04,2026-09-02,PA2,Cirro,2,1,11.61,2.22,0.0,13.83,shipmonk_estimate,USD
250091,7625960620342,Cattasaurus - shoproxstore - Shopify,direct_to_consumer,fulfilled,2026-09-02,2026-09-04,2026-09-02,PA2,OnTrac,3,1,26.04,2.54,0.0,28.58,shipmonk_estimate,USD
250092_1,995a6c0e-8458-4196-8774-7e13fb209ad2,Cattasaurus - shoproxstore - Shopify,direct_to_consumer,fulfilled,2026-09-02,2026-09-06,2026-09-02,NV3,OnTrac,3,1,24.45,2.54,0.0,26.99,shipmonk_estimate,USD
250094,7625975202102,Cattasaurus - shoproxstore - Shopify,direct_to_consumer,fulfilled,2026-09-02,2026-09-04,2026-09-02,PA2,UPS,2,1,19.4,2.22,0.0,21.62,shipmonk_estimate,USD
250096,7626005774646,Cattasaurus - shoproxstore - Shopify,direct_to_consumer,fulfilled,2026-09-02,2026-09-03,2026-09-02,NV3,OnTrac,2,1,23.98,2.22,0.0,26.2,shipmonk_estimate,USD
250097,7626008723766,Cattasaurus - shoproxstore - Shopify,direct_to_consumer,fulfilled,2026-09-02,2026-09-04,2026-09-02,NV3,OnTrac,2,1,35.16,2.22,0.0,37.38,shipmonk_estimate,USD
250098,7626009379126,Cattasaurus - shoproxstore - Shopify,direct_to_consumer,fulfilled,2026-09-02,2026-09-02,2026-09-02,NV3,OnTrac,2,1,14.91,2.22,0.0,17.13,shipmonk_estimate,USD
250099,7626016555318,Cattasaurus - shoproxstore - Shopify,direct_to_consumer,fulfilled,2026-09-02,2026-09-04,2026-09-02,PA2,OnTrac,2,1,10.6,2.86,0.0,13.46,shipmonk_estimate,USD
250101,7626030154038,Cattasaurus - shoproxstore - Shopify,direct_to_consumer,fulfilled,2026-09-02,2026-09-04,2026-09-02,PA2,OnTrac,2,1,15.13,2.22,0.0,17.35,shipmonk_estimate,USD
250104,7626062627126,Cattasaurus - shoproxstore - Shopify,direct_to_consumer,fulfilled,2026-09-02,2026-09-03,2026-09-02,NV3,FedEx,2,1,22.66,2.22,0.0,24.88,shipmonk_estimate,USD
250105,7626091331894,Cattasaurus - shoproxstore - Shopify,direct_to_consumer,fulfilled,2026-09-02,2026-09-04,2026-09-02,PA2,OnTrac,2,1,11.61,2.22,0.0,13.83,shipmonk_estimate,USD
250106,7626096279862,Cattasaurus - shoproxstore - Shopify,direct_to_consumer,fulfilled,2026-09-02,2026-09-04,2026-09-02,PA2,UPS,1,1,17.08,1.9,0.0,18.98,shipmonk_estimate,USD
250108,7626111844662,Cattasaurus - shoproxstore - Shopify,direct_to_consumer,fulfilled,2026-09-02,2026-09-04,2026-09-02,NV3,OnTrac,2,1,30.96,2.22,0.0,33.18,shipmonk_estimate,USD
250110,7626187800886,Cattasaurus - shoproxstore - Shopify,direct_to_consumer,fulfilled,2026-09-02,2026-09-03,2026-09-02,NV3,OnTrac,2,1,14.94,2.22,0.0,17.16,shipmonk_estimate,USD
250111,7626197860662,Cattasaurus - shoproxstore - Shopify,direct_to_consumer,fulfilled,2026-09-02,2026-09-04,2026-09-02,PA2,OnTrac,2,1,11.61,2.22,0.0,13.83,shipmonk_estimate,USD
250112,7626215620918,Cattasaurus - shoproxstore - Shopify,direct_to_consumer,fulfilled,2026-09-02,2026-09-04,2026-09-02,PA2,UPS,2,1,17.99,2.22,0.0,20.21,shipmonk_estimate,USD
250113,7626217783606,Cattasaurus - shoproxstore - Shopify,direct_to_consumer,fulfilled,2026-09-02,2026-09-04,2026-09-02,NV3,FedEx,1,1,12.74,1.9,0.0,14.64,shipmonk_estimate,USD
250114,7626238787894,Cattasaurus - shoproxstore - Shopify,direct_to_consumer,fulfilled,2026-09-02,2026-09-04,2026-09-02,PA2,OnTrac,2,1,14.94,2.22,0.0,17.16,shipmonk_estimate,USD
250115,7626243637558,Cattasaurus - shoproxstore - Shopify,direct_to_consumer,fulfilled,2026-09-02,2026-09-03,2026-09-02,NV3,OnTrac,2,1,17.04,2.22,0.0,19.26,shipmonk_estimate,USD
250116,7626246357302,Cattasaurus - shoproxstore - Shopify,direct_to_consumer,fulfilled,2026-09-02,2026-09-04,2026-09-02,PA2,OnTrac,2,1,12.49,2.22,0.0,14.71,shipmonk_estimate,USD
250117,7626251632950,Cattasaurus - shoproxstore - Shopify,direct_to_consumer,fulfilled,2026-09-02,2026-09-04,2026-09-02,PA2,OnTrac,1,1,12.7,3.68,0.0,16.38,shipmonk_estimate,USD
250119,7626282697014,Cattasaurus - shoproxstore - Shopify,direct_to_consumer,fulfilled,2026-09-02,2026-09-03,2026-09-02,NV3,UPS,2,1,26.72,2.22,0.0,28.94,shipmonk_estimate,USD
250122,7626301374774,Cattasaurus - shoproxstore - Shopify,direct_to_consumer,fulfilled,2026-09-02,2026-09-04,2026-09-02,PA2,OnTrac,1,1,12.17,1.9,0.0,14.07,shipmonk_estimate,USD
250123,7626301866294,Cattasaurus - shoproxstore - Shopify,direct_to_consumer,fulfilled,2026-09-02,2026-09-03,2026-09-02,NV3,OnTrac,2,1,23.21,2.22,0.0,25.43,shipmonk_estimate,USD
250124,7626315956534,Cattasaurus - shoproxstore - Shopify,direct_to_consumer,fulfilled,2026-09-02,2026-09-04,2026-09-02,PA2,OnTrac,2,1,0.0,2.22,0.0,2.22,shipmonk_estimate,USD
250125,7626323394870,Cattasaurus - shoproxstore - Shopify,direct_to_consumer,fulfilled,2026-09-02,2026-09-04,2026-09-02,PA2,OnTrac,2,1,22.04,2.22,0.0,24.26,shipmonk_estimate,USD
250128,7626352525622,Cattasaurus - shoproxstore - Shopify,direct_to_consumer,fulfilled,2026-09-02,2026-09-04,2026-09-02,NV3,FedEx,2,1,21.06,2.22,0.0,23.28,shipmonk_estimate,USD
250131,7626394173750,Cattasaurus - shoproxstore - Shopify,direct_to_consumer,fulfilled,2026-09-02,2026-09-04,2026-09-02,PA2,UPS,2,1,22.94,2.22,0.0,25.16,shipmonk_estimate,USD
250135,7626443260214,Cattasaurus - shoproxstore - Shopify,direct_to_consumer,fulfilled,2026-09-02,2026-09-04,2026-09-02,NV3,Cirro,2,1,11.61,2.22,0.0,13.83,shipmonk_estimate,USD
250136,7626444505398,Cattasaurus - shoproxstore - Shopify,direct_to_consumer,fulfilled,2026-09-02,2026-09-04,2026-09-02,NV3,OnTrac,2,1,24.96,2.22,0.0,27.18,shipmonk_estimate,USD
250137,7626459316534,Cattasaurus - shoproxstore - Shopify,direct_to_consumer,fulfilled,2026-09-02,2026-09-04,2026-09-02,PA2,OnTrac,2,1,13.95,2.22,0.0,16.17,shipmonk_estimate,USD
250138,7626468557110,Cattasaurus - shoproxstore - Shopify,direct_to_consumer,fulfilled,2026-09-02,2026-09-04,2026-09-02,NV3,OnTrac,2,1,33.4,2.22,0.0,35.62,shipmonk_estimate,USD
250139,7626498146614,Cattasaurus - shoproxstore - Shopify,direct_to_consumer,fulfilled,2026-09-02,2026-09-04,2026-09-02,PA2,UPS,2,1,22.04,2.22,0.0,24.26,shipmonk_estimate,USD
250140,7626538910006,Cattasaurus - shoproxstore - Shopify,direct_to_consumer,fulfilled,2026-09-02,2026-09-04,2026-09-02,NV3,Cirro,2,1,11.61,2.22,0.0,13.83,shipmonk_estimate,USD
250142,7626548412726,Cattasaurus - shoproxstore - Shopify,direct_to_consumer,fulfilled,2026-09-02,2026-09-04,2026-09-02,NV3,Cirro,2,1,11.61,2.22,0.0,13.83,shipmonk_estimate,USD
250143,7626561257782,Cattasaurus - shoproxstore - Shopify,direct_to_consumer,fulfilled,2026-09-02,2026-09-04,2026-09-02,NV3,FedEx,2,1,22.66,2.22,0.0,24.88,shipmonk_estimate,USD
250144,7626582360374,Cattasaurus - shoproxstore - Shopify,direct_to_consumer,fulfilled,2026-09-02,2026-09-04,2026-09-02,NV3,UPS,2,1,17.0,2.22,0.0,19.22,shipmonk_estimate,USD
250145,7626582917430,Cattasaurus - shoproxstore - Shopify,direct_to_consumer,fulfilled,2026-09-02,2026-09-04,2026-09-02,NV3,UPS,2,1,17.0,2.22,0.0,19.22,shipmonk_estimate,USD
250146,7626590159158,Cattasaurus - shoproxstore - Shopify,direct_to_consumer,fulfilled,2026-09-02,2026-09-04,2026-09-02,NV3,FedEx,2,1,17.84,2.22,0.0,20.06,shipmonk_estimate,USD
250147,7626610213174,Cattasaurus - shoproxstore - Shopify,direct_to_consumer,fulfilled,2026-09-02,2026-09-04,2026-09-02,PA2,OnTrac,1,1,17.04,1.9,0.0,18.94,shipmonk_estimate,USD
250148,7626612179254,Cattasaurus - shoproxstore - Shopify,direct_to_consumer,fulfilled,2026-09-02,2026-09-04,2026-09-02,NV3,OnTrac,2,1,19.32,2.22,0.0,21.54,shipmonk_estimate,USD
250149,7626640195894,Cattasaurus - shoproxstore - Shopify,direct_to_consumer,fulfilled,2026-09-02,2026-09-04,2026-09-02,NV3,FedEx,2,1,26.02,2.22,0.0,28.24,shipmonk_estimate,USD
250150,7626653794614,Cattasaurus - shoproxstore - Shopify,direct_to_consumer,fulfilled,2026-09-02,2026-09-04,2026-09-02,PA2,OnTrac,2,1,10.58,2.22,0.0,12.8,shipmonk_estimate,USD
250151,7626659266870,Cattasaurus - shoproxstore - Shopify,direct_to_consumer,fulfilled,2026-09-02,2026-09-04,2026-09-02,NV3,OnTrac,2,1,14.5,2.22,0.0,16.72,shipmonk_estimate,USD
250152,7626663493942,Cattasaurus - shoproxstore - Shopify,direct_to_consumer,fulfilled,2026-09-02,2026-09-04,2026-09-02,NV3,OnTrac,2,1,30.59,2.22,0.0,32.81,shipmonk_estimate,USD
250153,7626665034038,Cattasaurus - shoproxstore - Shopify,direct_to_consumer,fulfilled,2026-09-02,2026-09-04,2026-09-02,PA2,UPS,2,1,13.93,2.22,0.0,16.15,shipmonk_estimate,USD
250154,7626685284662,Cattasaurus - shoproxstore - Shopify,direct_to_consumer,fulfilled,2026-09-02,2026-09-04,2026-09-02,PA2,FedEx,2,2,16.77,4.12,0.0,20.89,shipmonk_estimate,USD
250154_1,17998861-ad3e-451d-8cc3-7fff0f0b7bce,Cattasaurus - shoproxstore - Shopify,direct_to_consumer,fulfilled,2026-09-02,2026-09-04,2026-09-02,PA2,OnTrac,1,1,10.58,1.9,0.0,12.48,shipmonk_estimate,USD
250155,7626686857526,Cattasaurus - shoproxstore - Shopify,direct_to_consumer,fulfilled,2026-09-02,2026-09-06,2026-09-02,NV3,OnTrac,2,1,18.8,2.22,0.0,21.02,shipmonk_estimate,USD
250157,7626691969334,Cattasaurus - shoproxstore - Shopify,direct_to_consumer,fulfilled,2026-09-02,2026-09-04,2026-09-02,PA2,OnTrac,2,1,16.7,2.22,0.0,18.92,shipmonk_estimate,USD
250160,7626716938550,Cattasaurus - shoproxstore - Shopify,direct_to_consumer,fulfilled,2026-09-02,2026-09-04,2026-09-02,PA2,UPS,1,1,18.8,1.9,0.0,20.7,shipmonk_estimate,USD
250163,7626738467126,Cattasaurus - shoproxstore - Shopify,direct_to_consumer,fulfilled,2026-09-02,2026-09-04,2026-09-02,NV3,UPS,2,1,14.5,2.22,0.0,16.72,shipmonk_estimate,USD
250164,7626739515702,Cattasaurus - shoproxstore - Shopify,direct_to_consumer,fulfilled,2026-09-02,2026-09-04,2026-09-02,PA2,OnTrac,2,1,11.61,2.22,0.0,13.83,shipmonk_estimate,USD
250166,7626762387766,Cattasaurus - shoproxstore - Shopify,direct_to_consumer,fulfilled,2026-09-02,2026-09-04,2026-09-02,PA2,OnTrac,2,1,19.23,2.22,0.0,21.45,shipmonk_estimate,USD
250166_1,d3c9e5eb-8696-494a-b57b-b56e26d0b07c,Cattasaurus - shoproxstore - Shopify,direct_to_consumer,fulfilled,2026-09-02,2026-09-04,2026-09-02,PA2,OnTrac,3,1,18.88,2.54,0.0,21.42,shipmonk_estimate,USD
250167,7626762977590,Cattasaurus - shoproxstore - Shopify,direct_to_consumer,fulfilled,2026-09-02,2026-09-04,2026-09-02,PA2,UPS,2,1,18.8,2.22,0.0,21.02,shipmonk_estimate,USD
250168,7626764779830,Cattasaurus - shoproxstore - Shopify,direct_to_consumer,fulfilled,2026-09-02,2026-09-04,2026-09-02,NV3,OnTrac,1,1,15.24,1.9,0.0,17.14,shipmonk_estimate,USD
250169,7626765828406,Cattasaurus - shoproxstore - Shopify,direct_to_consumer,fulfilled,2026-09-02,2026-09-04,2026-09-02,NV3,OnTrac,2,1,14.99,2.22,0.0,17.21,shipmonk_estimate,USD
250170,7626766811446,Cattasaurus - shoproxstore - Shopify,direct_to_consumer,fulfilled,2026-09-02,2026-09-04,2026-09-02,NV3,OnTrac,2,1,17.04,2.22,0.0,19.26,shipmonk_estimate,USD
250171,7626770055478,Cattasaurus - shoproxstore - Shopify,direct_to_consumer,fulfilled,2026-09-02,2026-09-04,2026-09-02,NV3,OnTrac,2,1,14.94,2.22,0.0,17.16,shipmonk_estimate,USD
250172,7626770514230,Cattasaurus - shoproxstore - Shopify,direct_to_consumer,fulfilled,2026-09-02,2026-09-04,2026-09-02,PA2,UPS,2,1,19.79,2.22,0.0,22.01,shipmonk_estimate,USD
250173_1,0723e3f6-e5be-4648-be58-f32151d7a198,Cattasaurus - shoproxstore - Shopify,direct_to_consumer,fulfilled,2026-09-02,2026-09-08,2026-09-02,PA2,OnTrac,2,1,22.93,4.14,0.0,27.07,shipmonk_estimate,USD
250174,7626774118710,Cattasaurus - shoproxstore - Shopify,direct_to_consumer,fulfilled,2026-09-02,2026-09-04,2026-09-02,NV3,OnTrac,2,1,20.28,2.22,0.0,22.5,shipmonk_estimate,USD
250175,7626791518518,Cattasaurus - shoproxstore - Shopify,direct_to_consumer,fulfilled,2026-09-02,2026-09-04,2026-09-02,PA2,OnTrac,2,1,16.23,2.22,0.0,18.45,shipmonk_estimate,USD
250176,7626795450678,Cattasaurus - shoproxstore - Shopify,direct_to_consumer,fulfilled,2026-09-02,2026-09-04,2026-09-02,PA2,UPS,2,1,17.0,2.22,0.0,19.22,shipmonk_estimate,USD
250177,7626808197430,Cattasaurus - shoproxstore - Shopify,direct_to_consumer,fulfilled,2026-09-02,2026-09-04,2026-09-02,PA2,OnTrac,2,1,17.64,2.22,0.0,19.86,shipmonk_estimate,USD
250179,7626852532534,Cattasaurus - shoproxstore - Shopify,direct_to_consumer,fulfilled,2026-09-02,2026-09-05,2026-09-02,NV3,UPS,1,1,26.89,1.9,0.0,28.79,shipmonk_estimate,USD
250180,7626855547190,Cattasaurus - shoproxstore - Shopify,direct_to_consumer,fulfilled,2026-09-02,2026-09-04,2026-09-02,NV3,FedEx,2,1,17.84,2.22,0.0,20.06,shipmonk_estimate,USD
250181,7626861642038,Cattasaurus - shoproxstore - Shopify,direct_to_consumer,fulfilled,2026-09-02,2026-09-04,2026-09-02,NV3,OnTrac,2,1,11.61,2.22,0.0,13.83,shipmonk_estimate,USD
250183,7626879271222,Cattasaurus - shoproxstore - Shopify,direct_to_consumer,fulfilled,2026-09-02,2026-09-04,2026-09-02,NV3,OnTrac,2,1,24.96,2.22,0.0,27.18,shipmonk_estimate,USD
250185,7626882482486,Cattasaurus - shoproxstore - Shopify,direct_to_consumer,fulfilled,2026-09-02,2026-09-04,2026-09-02,PA2,UPS,2,1,16.75,2.22,0.0,18.97,shipmonk_estimate,USD
250186,7626883399990,Cattasaurus - shoproxstore - Shopify,direct_to_consumer,fulfilled,2026-09-02,2026-09-04,2026-09-02,PA2,UPS,2,1,19.4,2.22,0.0,21.62,shipmonk_estimate,USD
250187,7626884415798,Cattasaurus - shoproxstore - Shopify,direct_to_consumer,fulfilled,2026-09-02,2026-09-04,2026-09-02,NV3,OnTrac,3,1,12.49,2.86,0.0,15.35,shipmonk_estimate,USD
250189,7626897129782,Cattasaurus - shoproxstore - Shopify,direct_to_consumer,fulfilled,2026-09-02,2026-09-04,2026-09-02,PA2,FedEx,2,1,12.74,2.22,0.0,14.96,shipmonk_estimate,USD
250190,7626897293622,Cattasaurus - shoproxstore - Shopify,direct_to_consumer,fulfilled,2026-09-02,2026-09-04,2026-09-02,NV3,OnTrac,2,1,29.2,2.22,0.0,31.42,shipmonk_estimate,USD
250192,7626920329526,Cattasaurus - shoproxstore - Shopify,direct_to_consumer,fulfilled,2026-09-02,2026-09-04,2026-09-02,NV3,OnTrac,2,1,16.7,2.22,0.0,18.92,shipmonk_estimate,USD
250193,7626925408566,Cattasaurus - shoproxstore - Shopify,direct_to_consumer,fulfilled,2026-09-02,2026-09-04,2026-09-02,NV3,Cirro,2,1,13.37,2.22,0.0,15.59,shipmonk_estimate,USD
250195,7626937631030,Cattasaurus - shoproxstore - Shopify,direct_to_consumer,fulfilled,2026-09-02,2026-09-04,2026-09-02,NV3,OnTrac,2,1,13.37,2.22,0.0,15.59,shipmonk_estimate,USD
250196,7626945495350,Cattasaurus - shoproxstore - Shopify,direct_to_consumer,fulfilled,2026-09-02,2026-09-04,2026-09-02,PA2,OnTrac,2,1,11.61,2.22,0.0,13.83,shipmonk_estimate,USD
250197,7626961977654,Cattasaurus - shoproxstore - Shopify,direct_to_consumer,fulfilled,2026-09-02,2026-09-04,2026-09-02,NV3,OnTrac,2,1,16.7,2.22,0.0,18.92,shipmonk_estimate,USD
250199,7626982359350,Cattasaurus - shoproxstore - Shopify,direct_to_consumer,fulfilled,2026-09-02,2026-09-05,2026-09-02,PA2,OnTrac,3,1,17.11,2.54,0.0,19.65,shipmonk_estimate,USD
250199_1,fa8c8591-e603-44b2-89db-8c4b26106e2a,Cattasaurus - shoproxstore - Shopify,direct_to_consumer,fulfilled,2026-09-02,2026-09-05,2026-09-02,PA2,OnTrac,1,1,17.47,3.82,0.0,21.29,shipmonk_estimate,USD
250200,7626993828150,Cattasaurus - shoproxstore - Shopify,direct_to_consumer,fulfilled,2026-09-02,2026-09-04,2026-09-02,NV3,OnTrac,1,1,11.61,1.9,0.0,13.51,shipmonk_estimate,USD
250201,7626997793078,Cattasaurus - shoproxstore - Shopify,direct_to_consumer,fulfilled,2026-09-02,2026-09-04,2026-09-02,PA2,OnTrac,1,1,5.07,1.58,0.3,6.95,shipmonk_estimate,USD
250202_1,074348d4-39c8-4d4d-b05c-06adfad83f72,Cattasaurus - shoproxstore - Shopify,direct_to_consumer,fulfilled,2026-09-02,2026-09-06,2026-09-02,PA2,FedEx,1,1,18.91,1.9,0.0,20.81,shipmonk_estimate,USD
250203,7627042292022,Cattasaurus - shoproxstore - Shopify,direct_to_consumer,fulfilled,2026-09-02,2026-09-04,2026-09-02,PA2,OnTrac,2,1,12.49,2.86,0.0,15.35,shipmonk_estimate,USD
250204,7627054645558,Cattasaurus - shoproxstore - Shopify,direct_to_consumer,fulfilled,2026-09-02,2026-09-04,2026-09-02,NV3,UPS,2,1,20.37,2.22,0.0,22.59,shipmonk_estimate,USD
250206,7627107729718,Cattasaurus - shoproxstore - Shopify,direct_to_consumer,fulfilled,2026-09-02,2026-09-04,2026-09-02,NV3,OnTrac,2,1,18.08,2.22,0.0,20.3,shipmonk_estimate,USD
250207,7627118182710,Cattasaurus - shoproxstore - Shopify,direct_to_consumer,fulfilled,2026-09-02,2026-09-04,2026-09-02,PA2,OnTrac,2,1,11.61,2.22,0.0,13.83,shipmonk_estimate,USD
250209,7627174019382,Cattasaurus - shoproxstore - Shopify,direct_to_consumer,fulfilled,2026-09-02,2026-09-04,2026-09-02,NV3,OnTrac,2,1,18.08,2.22,0.0,20.3,shipmonk_estimate,USD
250210,7627180802358,Cattasaurus - shoproxstore - Shopify,direct_to_consumer,fulfilled,2026-09-02,2026-09-04,2026-09-02,NV3,UPS,2,1,20.37,2.22,0.0,22.59,shipmonk_estimate,USD
250211,7627188666678,Cattasaurus - shoproxstore - Shopify,direct_to_consumer,fulfilled,2026-09-02,2026-09-04,2026-09-02,NV3,OnTrac,3,1,20.28,2.54,0.0,22.82,shipmonk_estimate,USD
250213,7627217109302,Cattasaurus - shoproxstore - Shopify,direct_to_consumer,fulfilled,2026-09-02,2026-09-05,2026-09-02,NV3,OnTrac,3,1,34.86,2.54,0.0,37.4,shipmonk_estimate,USD
250213_1,ba0d5a83-cad8-4031-8cf0-44f24fb6e455,Cattasaurus - shoproxstore - Shopify,direct_to_consumer,fulfilled,2026-09-02,2026-09-05,2026-09-02,NV3,OnTrac,3,1,33.4,2.54,0.0,35.94,shipmonk_estimate,USD
250215,7627305287990,Cattasaurus - shoproxstore - Shopify,direct_to_consumer,fulfilled,2026-09-02,2026-09-04,2026-09-02,NV3,OnTrac,2,1,14.99,2.86,0.0,17.85,shipmonk_estimate,USD
111-5544707-3590634,111-5544707-3590634,Cattasaurus - Amazon USA,direct_to_consumer,fulfilled,2026-09-03,2026-09-03,2026-09-03,PA2,OnTrac,1,1,12.13,2.22,0.0,14.35,shipmonk_estimate,USD
112-1541757-1650600,112-1541757-1650600,Cattasaurus - Amazon USA,direct_to_consumer,fulfilled,2026-09-03,2026-09-03,2026-09-03,PA2,OnTrac,1,1,12.94,1.9,0.0,14.84,shipmonk_estimate,USD
200015333281731,129124712144319,Cattasaurus - Walmart,direct_to_consumer,fulfilled,2026-09-03,2026-09-05,2026-09-03,NV3,FedEx,1,1,23.21,1.9,0.0,25.11,shipmonk_estimate,USD
200015333281731_1,4e33ebbf-9735-4e5c-b51f-e36a48cd0f4f,Cattasaurus - Walmart,direct_to_consumer,fulfilled,2026-09-03,2026-09-05,2026-09-03,PA2,FedEx,1,1,13.07,1.9,0.0,14.97,shipmonk_estimate,USD
248327-01,649982ca-ba0f-4152-9a18-4d0150b8d07d,Cattasaurus - shoproxstore - Shopify,direct_to_consumer,fulfilled,2026-09-03,2026-09-03,2026-09-03,PA2,UPS,2,1,19.23,2.22,0.0,21.45,shipmonk_estimate,USD
250219,7627412734262,Cattasaurus - shoproxstore - Shopify,direct_to_consumer,fulfilled,2026-09-03,2026-09-04,2026-09-03,PA2,OnTrac,3,1,12.02,2.54,0.0,14.56,shipmonk_estimate,USD
250221,7627474010422,Cattasaurus - shoproxstore - Shopify,direct_to_consumer,fulfilled,2026-09-03,2026-09-04,2026-09-03,NV3,OnTrac,1,1,18.61,1.9,0.0,20.51,shipmonk_estimate,USD
250222,7627619926326,Cattasaurus - shoproxstore - Shopify,direct_to_consumer,fulfilled,2026-09-03,2026-09-04,2026-09-03,PA2,FedEx,3,1,18.91,3.18,0.0,22.09,shipmonk_estimate,USD
250223,7627625595190,Cattasaurus - shoproxstore - Shopify,direct_to_consumer,fulfilled,2026-09-03,2026-09-04,2026-09-03,PA2,UPS,1,1,12.84,2.63,0.0,15.47,shipmonk_estimate,USD
250224,7627661345078,Cattasaurus - shoproxstore - Shopify,direct_to_consumer,fulfilled,2026-09-03,2026-09-04,2026-09-03,PA2,FedEx,2,1,15.24,2.22,0.0,17.46,shipmonk_estimate,USD
250225,7627674714422,Cattasaurus - shoproxstore - Shopify,direct_to_consumer,fulfilled,2026-09-03,2026-09-05,2026-09-03,NV3,OnTrac,2,1,33.4,2.22,0.0,35.62,shipmonk_estimate,USD
250226,7627706859830,Cattasaurus - shoproxstore - Shopify,direct_to_consumer,fulfilled,2026-09-03,2026-09-04,2026-09-03,NV3,FedEx,2,1,21.06,2.22,0.0,23.28,shipmonk_estimate,USD
250227,7627788091702,Cattasaurus - shoproxstore - Shopify,direct_to_consumer,fulfilled,2026-09-03,2026-09-04,2026-09-03,PA2,FedEx,5,2,22.6,5.4,0.0,28.0,shipmonk_estimate,USD
250228,7627790549302,Cattasaurus - shoproxstore - Shopify,direct_to_consumer,fulfilled,2026-09-03,2026-09-05,2026-09-03,NV3,OnTrac,2,1,23.98,2.22,0.0,26.2,shipmonk_estimate,USD
250229,7627794055478,Cattasaurus - shoproxstore - Shopify,direct_to_consumer,fulfilled,2026-09-03,2026-09-04,2026-09-03,NV3,OnTrac,2,1,23.21,2.22,0.0,25.43,shipmonk_estimate,USD
250230,7627814043958,Cattasaurus - shoproxstore - Shopify,direct_to_consumer,fulfilled,2026-09-03,2026-09-04,2026-09-03,PA2,OnTrac,2,1,12.17,2.22,0.0,14.39,shipmonk_estimate,USD
250231,7627835081014,Cattasaurus - shoproxstore - Shopify,direct_to_consumer,fulfilled,2026-09-03,2026-09-12,2026-09-03,NV3,OnTrac,2,1,29.18,2.22,0.0,31.4,shipmonk_estimate,USD
250232,7627837473078,Cattasaurus - shoproxstore - Shopify,direct_to_consumer,fulfilled,2026-09-03,2026-09-04,2026-09-03,NV3,OnTrac,2,1,23.98,2.22,0.0,26.2,shipmonk_estimate,USD
250234,7627862802742,Cattasaurus - shoproxstore - Shopify,direct_to_consumer,fulfilled,2026-09-03,2026-09-05,2026-09-03,PA2,Cirro,1,1,11.61,1.9,0.0,13.51,shipmonk_estimate,USD
250235,7627865620790,Cattasaurus - shoproxstore - Shopify,direct_to_consumer,fulfilled,2026-09-03,2026-09-05,2026-09-03,PA2,UPS,2,1,22.94,2.22,0.0,25.16,shipmonk_estimate,USD
250236,7627892785462,Cattasaurus - shoproxstore - Shopify,direct_to_consumer,fulfilled,2026-09-03,2026-09-05,2026-09-03,NV3,OnTrac,2,1,33.4,2.22,0.0,35.62,shipmonk_estimate,USD
250237,7627938595126,Cattasaurus - shoproxstore - Shopify,direct_to_consumer,fulfilled,2026-09-03,2026-09-05,2026-09-03,PA2,OnTrac,3,1,12.74,2.54,0.0,15.28,shipmonk_estimate,USD
250238,7627940888886,Cattasaurus - shoproxstore - Shopify,direct_to_consumer,fulfilled,2026-09-03,2026-09-05,2026-09-03,NV3,OnTrac,2,1,16.7,2.22,0.0,18.92,shipmonk_estimate,USD
250239,7627958485302,Cattasaurus - shoproxstore - Shopify,direct_to_consumer,fulfilled,2026-09-03,2026-09-05,2026-09-03,PA2,UPS,1,1,14.23,7.88,0.0,22.11,shipmonk_estimate,USD
250240,7627966185782,Cattasaurus - shoproxstore - Shopify,direct_to_consumer,fulfilled,2026-09-03,2026-09-05,2026-09-03,NV3,OnTrac,1,1,18.08,1.9,0.0,19.98,shipmonk_estimate,USD
250241,7627972018486,Cattasaurus - shoproxstore - Shopify,direct_to_consumer,fulfilled,2026-09-03,2026-09-05,2026-09-03,PA2,FedEx,2,1,20.67,2.22,0.0,22.89,shipmonk_estimate,USD
250243,7627993547062,Cattasaurus - shoproxstore - Shopify,direct_to_consumer,fulfilled,2026-09-03,2026-09-06,2026-09-03,PA2,UPS,2,1,14.23,2.22,0.0,16.45,shipmonk_estimate,USD
250245,7628002296118,Cattasaurus - shoproxstore - Shopify,direct_to_consumer,fulfilled,2026-09-03,2026-09-05,2026-09-03,PA2,FedEx,2,1,13.58,2.22,0.0,15.8,shipmonk_estimate,USD
250246,7628006850870,Cattasaurus - shoproxstore - Shopify,direct_to_consumer,fulfilled,2026-09-03,2026-09-05,2026-09-03,NV3,OnTrac,2,1,23.98,2.22,0.0,26.2,shipmonk_estimate,USD
250247,7628013044022,Cattasaurus - shoproxstore - Shopify,direct_to_consumer,fulfilled,2026-09-03,2026-09-05,2026-09-03,PA2,OnTrac,2,1,10.6,2.86,0.0,13.46,shipmonk_estimate,USD
250248,7628013273398,Cattasaurus - shoproxstore - Shopify,direct_to_consumer,fulfilled,2026-09-03,2026-09-05,2026-09-03,NV3,FedEx,2,1,17.84,2.22,0.0,20.06,shipmonk_estimate,USD
250249,7628018778422,Cattasaurus - shoproxstore - Shopify,direct_to_consumer,fulfilled,2026-09-03,2026-09-05,2026-09-03,PA2,OnTrac,2,1,11.9,2.22,0.0,14.12,shipmonk_estimate,USD
250251,7628052824374,Cattasaurus - shoproxstore - Shopify,direct_to_consumer,fulfilled,2026-09-03,2026-09-05,2026-09-03,NV3,UPS,2,1,24.97,2.22,0.0,27.19,shipmonk_estimate,USD
250252,7628054200630,Cattasaurus - shoproxstore - Shopify,direct_to_consumer,fulfilled,2026-09-03,2026-09-05,2026-09-03,PA2,UPS,2,1,17.99,2.22,0.0,20.21,shipmonk_estimate,USD
250253,7628079759670,Cattasaurus - shoproxstore - Shopify,direct_to_consumer,fulfilled,2026-09-03,2026-09-05,2026-09-03,PA2,UPS,2,1,14.0,2.22,0.0,16.22,shipmonk_estimate,USD
250254,7628083429686,Cattasaurus - shoproxstore - Shopify,direct_to_consumer,fulfilled,2026-09-03,2026-09-10,2026-09-03,PA2,OnTrac,1,1,22.31,1.9,0.0,24.21,shipmonk_estimate,USD
250254_1,0b5b62eb-eaf0-41e5-9c30-cdd35787b849,Cattasaurus - shoproxstore - Shopify,direct_to_consumer,fulfilled,2026-09-03,2026-09-10,2026-09-03,PA2,UPS,1,2,28.18,5.72,0.0,33.9,shipmonk_estimate,USD
250256,7628111708470,Cattasaurus - shoproxstore - Shopify,direct_to_consumer,fulfilled,2026-09-03,2026-09-05,2026-09-03,PA2,UPS,1,1,10.63,1.58,0.0,12.21,shipmonk_estimate,USD
250257,7628121637174,Cattasaurus - shoproxstore - Shopify,direct_to_consumer,fulfilled,2026-09-03,2026-09-06,2026-09-03,NV3,UPS,2,1,17.99,2.22,0.0,20.21,shipmonk_estimate,USD
250258,7628133237046,Cattasaurus - shoproxstore - Shopify,direct_to_consumer,fulfilled,2026-09-03,2026-09-05,2026-09-03,NV3,Cirro,2,1,13.37,2.22,0.0,15.59,shipmonk_estimate,USD
250259,7628140314934,Cattasaurus - shoproxstore - Shopify,direct_to_consumer,fulfilled,2026-09-03,2026-09-05,2026-09-03,NV3,OnTrac,2,1,20.28,2.22,0.0,22.5,shipmonk_estimate,USD
250260,7628155683126,Cattasaurus - shoproxstore - Shopify,direct_to_consumer,fulfilled,2026-09-03,2026-09-05,2026-09-03,PA2,OnTrac,2,1,24.45,2.22,0.0,26.67,shipmonk_estimate,USD
250261,7628158632246,Cattasaurus - shoproxstore - Shopify,direct_to_consumer,fulfilled,2026-09-03,2026-09-05,2026-09-03,PA2,OnTrac,2,1,17.99,2.22,0.0,20.21,shipmonk_estimate,USD
250262,7628165775670,Cattasaurus - shoproxstore - Shopify,direct_to_consumer,fulfilled,2026-09-03,2026-09-05,2026-09-03,NV3,OnTrac,2,1,11.61,2.22,0.0,13.83,shipmonk_estimate,USD
250263,7628175999286,Cattasaurus - shoproxstore - Shopify,direct_to_consumer,fulfilled,2026-09-03,2026-09-05,2026-09-03,PA2,OnTrac,2,1,12.17,2.22,0.0,14.39,shipmonk_estimate,USD
250264,7628178948406,Cattasaurus - shoproxstore - Shopify,direct_to_consumer,fulfilled,2026-09-03,2026-09-05,2026-09-03,PA2,OnTrac,2,1,14.5,2.22,0.0,16.72,shipmonk_estimate,USD
250266,7628181176630,Cattasaurus - shoproxstore - Shopify,direct_to_consumer,fulfilled,2026-09-03,2026-09-05,2026-09-03,NV3,OnTrac,2,1,23.21,2.22,0.0,25.43,shipmonk_estimate,USD
250268,7628213027126,Cattasaurus - shoproxstore - Shopify,direct_to_consumer,fulfilled,2026-09-03,2026-09-05,2026-09-03,NV3,OnTrac,2,1,12.49,2.22,0.0,14.71,shipmonk_estimate,USD
250270,7628222857526,Cattasaurus - shoproxstore - Shopify,direct_to_consumer,fulfilled,2026-09-03,2026-09-05,2026-09-03,NV3,OnTrac,2,1,18.8,2.22,0.0,21.02,shipmonk_estimate,USD
250271,7628226560310,Cattasaurus - shoproxstore - Shopify,direct_to_consumer,fulfilled,2026-09-03,2026-09-05,2026-09-03,PA2,OnTrac,2,1,13.93,2.22,0.0,16.15,shipmonk_estimate,USD
250272,7628227707190,Cattasaurus - shoproxstore - Shopify,direct_to_consumer,fulfilled,2026-09-03,2026-09-05,2026-09-03,NV3,OnTrac,2,1,17.04,2.22,0.0,19.26,shipmonk_estimate,USD
250273,7628229050678,Cattasaurus - shoproxstore - Shopify,direct_to_consumer,fulfilled,2026-09-03,2026-09-05,2026-09-03,NV3,OnTrac,2,1,25.74,2.22,0.0,27.96,shipmonk_estimate,USD
250274,7628229738806,Cattasaurus - shoproxstore - Shopify,direct_to_consumer,fulfilled,2026-09-03,2026-09-05,2026-09-03,NV3,OnTrac,2,1,19.73,2.22,0.0,21.95,shipmonk_estimate,USD
250275,7628256313654,Cattasaurus - shoproxstore - Shopify,direct_to_consumer,fulfilled,2026-09-03,2026-09-05,2026-09-03,PA2,OnTrac,2,1,12.19,2.22,0.0,14.41,shipmonk_estimate,USD
250276,7628263326006,Cattasaurus - shoproxstore - Shopify,direct_to_consumer,fulfilled,2026-09-03,2026-09-05,2026-09-03,PA2,OnTrac,2,1,13.37,2.22,0.0,15.59,shipmonk_estimate,USD
250278,7628274073910,Cattasaurus - shoproxstore - Shopify,direct_to_consumer,fulfilled,2026-09-03,2026-09-05,2026-09-03,PA2,OnTrac,2,1,10.58,2.22,0.0,12.8,shipmonk_estimate,USD
250279,7628281839926,Cattasaurus - shoproxstore - Shopify,direct_to_consumer,fulfilled,2026-09-03,2026-09-05,2026-09-03,PA2,OnTrac,2,1,12.17,2.22,0.0,14.39,shipmonk_estimate,USD
250280,7628282593590,Cattasaurus - shoproxstore - Shopify,direct_to_consumer,fulfilled,2026-09-03,2026-09-05,2026-09-03,PA2,UPS,2,1,17.19,2.86,0.0,20.05,shipmonk_estimate,USD
250281,7628283347254,Cattasaurus - shoproxstore - Shopify,direct_to_consumer,fulfilled,2026-09-03,2026-09-05,2026-09-03,NV3,UPS,2,1,18.8,2.22,0.0,21.02,shipmonk_estimate,USD
250282,7628287312182,Cattasaurus - shoproxstore - Shopify,direct_to_consumer,fulfilled,2026-09-03,2026-09-05,2026-09-03,PA2,OnTrac,2,1,12.17,2.22,0.0,14.39,shipmonk_estimate,USD
250283,7628288885046,Cattasaurus - shoproxstore - Shopify,direct_to_consumer,fulfilled,2026-09-03,2026-09-05,2026-09-03,NV3,OnTrac,1,1,23.21,2.22,0.0,25.43,shipmonk_estimate,USD
250284,7628297240886,Cattasaurus - shoproxstore - Shopify,direct_to_consumer,fulfilled,2026-09-03,2026-09-05,2026-09-03,NV3,Cirro,2,1,16.75,2.22,0.0,18.97,shipmonk_estimate,USD
250285,7628302352694,Cattasaurus - shoproxstore - Shopify,direct_to_consumer,fulfilled,2026-09-03,2026-09-05,2026-09-03,PA2,OnTrac,2,1,17.04,2.22,0.0,19.26,shipmonk_estimate,USD
250287,7628343083318,Cattasaurus - shoproxstore - Shopify,direct_to_consumer,fulfilled,2026-09-03,2026-09-05,2026-09-03,NV3,OnTrac,3,1,24.96,3.18,0.0,28.14,shipmonk_estimate,USD
250288,7628349473078,Cattasaurus - shoproxstore - Shopify,direct_to_consumer,fulfilled,2026-09-03,2026-09-05,2026-09-03,PA2,OnTrac,2,1,16.23,2.22,0.0,18.45,shipmonk_estimate,USD
250289,7628371460406,Cattasaurus - shoproxstore - Shopify,direct_to_consumer,fulfilled,2026-09-03,2026-09-05,2026-09-03,PA2,UPS,2,1,17.0,2.22,0.0,19.22,shipmonk_estimate,USD
250290,7628378767670,Cattasaurus - shoproxstore - Shopify,direct_to_consumer,fulfilled,2026-09-03,2026-09-05,2026-09-03,PA2,OnTrac,1,1,12.0,1.9,0.0,13.9,shipmonk_estimate,USD
250293,7628397576502,Cattasaurus - shoproxstore - Shopify,direct_to_consumer,fulfilled,2026-09-03,2026-09-05,2026-09-03,NV3,UPS,2,1,26.89,2.22,0.0,29.11,shipmonk_estimate,USD
250294,7628401148214,Cattasaurus - shoproxstore - Shopify,direct_to_consumer,fulfilled,2026-09-03,2026-09-05,2026-09-03,NV3,OnTrac,2,1,13.15,2.22,0.0,15.37,shipmonk_estimate,USD
250296,7628457541942,Cattasaurus - shoproxstore - Shopify,direct_to_consumer,fulfilled,2026-09-03,2026-09-05,2026-09-03,NV3,OnTrac,2,1,22.04,2.22,0.0,24.26,shipmonk_estimate,USD
250297,7628460982582,Cattasaurus - shoproxstore - Shopify,direct_to_consumer,fulfilled,2026-09-03,2026-09-05,2026-09-03,PA2,OnTrac,2,1,17.64,2.22,0.0,19.86,shipmonk_estimate,USD
250298,7628462358838,Cattasaurus - shoproxstore - Shopify,direct_to_consumer,fulfilled,2026-09-03,2026-09-05,2026-09-03,NV3,OnTrac,2,1,21.06,2.22,0.0,23.28,shipmonk_estimate,USD
250299,7628473729334,Cattasaurus - shoproxstore - Shopify,direct_to_consumer,fulfilled,2026-09-03,2026-09-05,2026-09-03,NV3,OnTrac,2,1,19.84,2.22,0.0,22.06,shipmonk_estimate,USD
250300,7628486934838,Cattasaurus - shoproxstore - Shopify,direct_to_consumer,fulfilled,2026-09-03,2026-09-05,2026-09-03,NV3,Cirro,2,1,11.61,2.22,0.0,13.83,shipmonk_estimate,USD
250302,7628510036278,Cattasaurus - shoproxstore - Shopify,direct_to_consumer,fulfilled,2026-09-03,2026-09-05,2026-09-03,NV3,OnTrac,2,1,13.37,2.22,0.0,15.59,shipmonk_estimate,USD
250303,7628517540150,Cattasaurus - shoproxstore - Shopify,direct_to_consumer,fulfilled,2026-09-03,2026-09-05,2026-09-03,PA2,UPS,1,1,22.51,1.9,0.0,24.41,shipmonk_estimate,USD
250304,7628524355894,Cattasaurus - shoproxstore - Shopify,direct_to_consumer,fulfilled,2026-09-03,2026-09-05,2026-09-03,PA2,OnTrac,3,1,12.74,2.54,0.0,15.28,shipmonk_estimate,USD
250306,7628547981622,Cattasaurus - shoproxstore - Shopify,direct_to_consumer,fulfilled,2026-09-03,2026-09-05,2026-09-03,NV3,FedEx,2,1,17.84,2.22,0.0,20.06,shipmonk_estimate,USD
250307,7628549620022,Cattasaurus - shoproxstore - Shopify,direct_to_consumer,fulfilled,2026-09-03,2026-09-05,2026-09-03,PA2,OnTrac,2,1,16.23,2.22,0.0,18.45,shipmonk_estimate,USD
250309,7628559548726,Cattasaurus - shoproxstore - Shopify,direct_to_consumer,fulfilled,2026-09-03,2026-09-05,2026-09-03,NV3,OnTrac,2,1,22.82,2.22,0.0,25.04,shipmonk_estimate,USD
250310,7628562039094,Cattasaurus - shoproxstore - Shopify,direct_to_consumer,fulfilled,2026-09-03,2026-09-05,2026-09-03,PA2,UPS,2,1,27.8,2.22,0.0,30.02,shipmonk_estimate,USD
250311,7628577866038,Cattasaurus - shoproxstore - Shopify,direct_to_consumer,fulfilled,2026-09-03,2026-09-05,2026-09-03,NV3,OnTrac,2,1,28.83,2.22,0.0,31.05,shipmonk_estimate,USD
250312,7628582912310,Cattasaurus - shoproxstore - Shopify,direct_to_consumer,fulfilled,2026-09-03,2026-09-05,2026-09-03,PA2,UPS,1,1,17.0,2.22,0.0,19.22,shipmonk_estimate,USD
250313,7628583862582,Cattasaurus - shoproxstore - Shopify,direct_to_consumer,fulfilled,2026-09-03,2026-09-05,2026-09-03,PA2,OnTrac,3,1,24.96,2.54,0.0,27.5,shipmonk_estimate,USD
250317,7628654117174,Cattasaurus - shoproxstore - Shopify,direct_to_consumer,fulfilled,2026-09-03,2026-09-05,2026-09-03,NV3,OnTrac,2,1,33.4,2.22,0.0,35.62,shipmonk_estimate,USD
250318,7628654805302,Cattasaurus - shoproxstore - Shopify,direct_to_consumer,fulfilled,2026-09-03,2026-09-05,2026-09-03,PA2,OnTrac,2,1,15.24,2.22,0.0,17.46,shipmonk_estimate,USD
250320,7628656345398,Cattasaurus - shoproxstore - Shopify,direct_to_consumer,fulfilled,2026-09-03,2026-09-05,2026-09-03,NV3,OnTrac,2,1,25.74,2.22,0.0,27.96,shipmonk_estimate,USD
250321,7628659917110,Cattasaurus - shoproxstore - Shopify,direct_to_consumer,fulfilled,2026-09-03,2026-09-05,2026-09-03,NV3,UPS,2,1,15.13,2.22,0.0,17.35,shipmonk_estimate,USD
250323,7628676825398,Cattasaurus - shoproxstore - Shopify,direct_to_consumer,fulfilled,2026-09-03,2026-09-05,2026-09-03,PA2,UPS,2,1,22.51,2.22,0.0,24.73,shipmonk_estimate,USD
250324,7628677546294,Cattasaurus - shoproxstore - Shopify,direct_to_consumer,fulfilled,2026-09-03,2026-09-05,2026-09-03,NV3,FedEx,3,1,19.32,2.54,0.0,21.86,shipmonk_estimate,USD
250325,7628697338166,Cattasaurus - shoproxstore - Shopify,direct_to_consumer,fulfilled,2026-09-03,2026-09-05,2026-09-03,PA2,FedEx,2,1,15.24,2.22,0.0,17.46,shipmonk_estimate,USD
250326,7628714115382,Cattasaurus - shoproxstore - Shopify,direct_to_consumer,fulfilled,2026-09-03,2026-09-05,2026-09-03,NV3,OnTrac,1,1,30.33,2.54,0.0,32.87,shipmonk_estimate,USD
250327,7628715917622,Cattasaurus - shoproxstore - Shopify,direct_to_consumer,fulfilled,2026-09-03,2026-09-05,2026-09-03,PA2,OnTrac,2,1,11.51,2.22,0.0,13.73,shipmonk_estimate,USD
250328,7628717097270,Cattasaurus - shoproxstore - Shopify,direct_to_consumer,fulfilled,2026-09-03,2026-09-05,2026-09-03,PA2,OnTrac,2,1,16.75,2.22,0.0,18.97,shipmonk_estimate,USD
250329,7628734431542,Cattasaurus - shoproxstore - Shopify,direct_to_consumer,fulfilled,2026-09-03,2026-09-04,2026-09-03,NV3,FedEx,2,1,17.84,2.22,0.0,20.06,shipmonk_estimate,USD
250331,7628768706870,Cattasaurus - shoproxstore - Shopify,direct_to_consumer,fulfilled,2026-09-03,2026-09-05,2026-09-03,PA2,OnTrac,2,1,19.4,2.22,0.0,21.62,shipmonk_estimate,USD
250332,7628770607414,Cattasaurus - shoproxstore - Shopify,direct_to_consumer,fulfilled,2026-09-03,2026-09-05,2026-09-03,PA2,OnTrac,2,1,13.37,2.22,0.0,15.59,shipmonk_estimate,USD
250333,7628787974454,Cattasaurus - shoproxstore - Shopify,direct_to_consumer,fulfilled,2026-09-03,2026-09-05,2026-09-03,NV3,OnTrac,2,1,14.99,2.22,0.0,17.21,shipmonk_estimate,USD
250334,7628831916342,Cattasaurus - shoproxstore - Shopify,direct_to_consumer,fulfilled,2026-09-03,2026-09-05,2026-09-03,PA2,UPS,2,1,17.09,2.22,0.0,19.31,shipmonk_estimate,USD
250335,7628879298870,Cattasaurus - shoproxstore - Shopify,direct_to_consumer,fulfilled,2026-09-03,2026-09-05,2026-09-03,PA2,OnTrac,2,1,14.94,2.22,0.0,17.16,shipmonk_estimate,USD
250336,7628891160886,Cattasaurus - shoproxstore - Shopify,direct_to_consumer,fulfilled,2026-09-03,2026-09-05,2026-09-03,PA2,OnTrac,2,1,17.47,2.22,0.0,19.69,shipmonk_estimate,USD
250336_1,abe8cab0-701e-4ab0-b84b-c98bbbd5aac3,Cattasaurus - shoproxstore - Shopify,direct_to_consumer,fulfilled,2026-09-03,2026-09-05,2026-09-03,PA2,OnTrac,3,1,17.11,2.54,0.0,19.65,shipmonk_estimate,USD
250337,7628895027510,Cattasaurus - shoproxstore - Shopify,direct_to_consumer,fulfilled,2026-09-03,2026-09-05,2026-09-03,PA2,OnTrac,2,1,14.94,2.22,0.0,17.16,shipmonk_estimate,USD
250339,7628906791222,Cattasaurus - shoproxstore - Shopify,direct_to_consumer,fulfilled,2026-09-03,2026-09-05,2026-09-03,NV3,Cirro,2,1,11.61,2.22,0.0,13.83,shipmonk_estimate,USD
250340,7628910690614,Cattasaurus - shoproxstore - Shopify,direct_to_consumer,fulfilled,2026-09-03,2026-09-05,2026-09-03,NV3,OnTrac,2,1,18.08,2.22,0.0,20.3,shipmonk_estimate,USD
250341,7628913344822,Cattasaurus - shoproxstore - Shopify,direct_to_consumer,fulfilled,2026-09-03,2026-09-05,2026-09-03,NV3,OnTrac,2,1,12.49,2.22,0.0,14.71,shipmonk_estimate,USD
250342,7628918554934,Cattasaurus - shoproxstore - Shopify,direct_to_consumer,fulfilled,2026-09-03,2026-09-05,2026-09-03,PA2,OnTrac,2,1,14.94,2.22,0.0,17.16,shipmonk_estimate,USD
250343,7628943032630,Cattasaurus - shoproxstore - Shopify,direct_to_consumer,fulfilled,2026-09-03,2026-09-05,2026-09-03,NV3,OnTrac,2,1,19.84,2.22,0.0,22.06,shipmonk_estimate,USD
250344,7628949520694,Cattasaurus - shoproxstore - Shopify,direct_to_consumer,fulfilled,2026-09-03,2026-09-05,2026-09-03,NV3,FedEx,2,1,23.21,2.22,0.0,25.43,shipmonk_estimate,USD
250345,7628954140982,Cattasaurus - shoproxstore - Shopify,direct_to_consumer,fulfilled,2026-09-03,2026-09-05,2026-09-03,NV3,UPS,2,1,25.74,2.22,0.0,27.96,shipmonk_estimate,USD
250346,7628962300214,Cattasaurus - shoproxstore - Shopify,direct_to_consumer,fulfilled,2026-09-03,2026-09-05,2026-09-03,PA2,OnTrac,2,1,13.37,2.22,0.0,15.59,shipmonk_estimate,USD
250348,7628965839158,Cattasaurus - shoproxstore - Shopify,direct_to_consumer,fulfilled,2026-09-03,2026-09-05,2026-09-03,PA2,UPS,1,1,14.5,1.9,0.0,16.4,shipmonk_estimate,USD
250350,7628972917046,Cattasaurus - shoproxstore - Shopify,direct_to_consumer,fulfilled,2026-09-03,2026-09-05,2026-09-03,PA2,OnTrac,2,1,10.26,2.22,0.0,12.48,shipmonk_estimate,USD
250351,7628989104438,Cattasaurus - shoproxstore - Shopify,direct_to_consumer,fulfilled,2026-09-03,2026-09-05,2026-09-03,PA2,UPS,1,1,22.94,1.9,0.0,24.84,shipmonk_estimate,USD
250352,7629001982262,Cattasaurus - shoproxstore - Shopify,direct_to_consumer,fulfilled,2026-09-03,2026-09-05,2026-09-03,NV3,FedEx,2,1,26.21,2.22,0.0,28.43,shipmonk_estimate,USD
250353,7629009977654,Cattasaurus - shoproxstore - Shopify,direct_to_consumer,fulfilled,2026-09-03,2026-09-05,2026-09-03,PA2,UPS,2,1,19.4,2.22,0.0,21.62,shipmonk_estimate,USD
250355,7629026722102,Cattasaurus - shoproxstore - Shopify,direct_to_consumer,fulfilled,2026-09-03,2026-09-05,2026-09-03,PA2,FedEx,2,1,13.37,2.22,0.0,15.59,shipmonk_estimate,USD
250356,7629029671222,Cattasaurus - shoproxstore - Shopify,direct_to_consumer,fulfilled,2026-09-03,2026-09-05,2026-09-03,NV3,UPS,2,1,23.83,2.22,0.0,26.05,shipmonk_estimate,USD
250357,7629032227126,Cattasaurus - shoproxstore - Shopify,direct_to_consumer,fulfilled,2026-09-03,2026-09-05,2026-09-03,NV3,OnTrac,2,1,21.06,2.22,0.0,23.28,shipmonk_estimate,USD
250359,7629039763766,Cattasaurus - shoproxstore - Shopify,direct_to_consumer,fulfilled,2026-09-03,2026-09-05,2026-09-03,PA2,OnTrac,2,1,10.58,2.22,0.0,12.8,shipmonk_estimate,USD
250360,7629040812342,Cattasaurus - shoproxstore - Shopify,direct_to_consumer,fulfilled,2026-09-03,2026-09-05,2026-09-03,NV3,OnTrac,3,1,17.04,2.54,0.0,19.58,shipmonk_estimate,USD
250360_1,3d7577cc-dd3e-4cec-90cf-ad4b82016988,Cattasaurus - shoproxstore - Shopify,direct_to_consumer,fulfilled,2026-09-03,2026-09-05,2026-09-03,NV3,OnTrac,1,1,17.47,5.72,0.0,23.19,shipmonk_estimate,USD
250360_2,68f3ba8e-f96b-45b3-8e78-69f7aa38493c,Cattasaurus - shoproxstore - Shopify,direct_to_consumer,fulfilled,2026-09-03,2026-09-05,2026-09-03,NV3,OnTrac,2,1,17.04,2.22,0.0,19.26,shipmonk_estimate,USD
250361,7629044285750,Cattasaurus - shoproxstore - Shopify,direct_to_consumer,fulfilled,2026-09-03,2026-09-05,2026-09-03,NV3,OnTrac,2,1,23.21,2.22,0.0,25.43,shipmonk_estimate,USD
250363,7629057032502,Cattasaurus - shoproxstore - Shopify,direct_to_consumer,fulfilled,2026-09-03,2026-09-06,2026-09-03,PA2,OnTrac,2,1,13.37,2.22,0.0,15.59,shipmonk_estimate,USD
250363_1,0b8b6adb-7c5a-4b94-85a2-5b66b3161d9c,Cattasaurus - shoproxstore - Shopify,direct_to_consumer,fulfilled,2026-09-03,2026-09-05,2026-09-03,PA2,OnTrac,1,1,12.74,3.82,0.0,16.56,shipmonk_estimate,USD
250364,7629063455030,Cattasaurus - shoproxstore - Shopify,direct_to_consumer,fulfilled,2026-09-03,2026-09-05,2026-09-03,PA2,OnTrac,2,1,11.9,2.22,0.0,14.12,shipmonk_estimate,USD
250365,7629097566518,Cattasaurus - shoproxstore - Shopify,direct_to_consumer,fulfilled,2026-09-03,2026-09-05,2026-09-03,PA2,OnTrac,2,1,14.94,2.22,0.0,17.16,shipmonk_estimate,USD
250367,7629124829494,Cattasaurus - shoproxstore - Shopify,direct_to_consumer,fulfilled,2026-09-03,2026-09-05,2026-09-03,PA2,Cirro,2,1,12.02,2.22,0.0,14.24,shipmonk_estimate,USD
250368,7629134889270,Cattasaurus - shoproxstore - Shopify,direct_to_consumer,fulfilled,2026-09-03,2026-09-05,2026-09-03,PA2,OnTrac,2,1,13.37,2.22,0.0,15.59,shipmonk_estimate,USD
250368_1,07baa0d4-62e2-44aa-9ebb-5da6c2e46ee7,Cattasaurus - shoproxstore - Shopify,direct_to_consumer,fulfilled,2026-09-03,2026-09-05,2026-09-03,PA2,SpeedX,1,1,9.22,1.58,0.0,10.8,shipmonk_estimate,USD
250369,7629136691510,Cattasaurus - shoproxstore - Shopify,direct_to_consumer,fulfilled,2026-09-03,2026-09-05,2026-09-03,NV3,OnTrac,2,1,26.89,2.22,0.0,29.11,shipmonk_estimate,USD
250370,7629137543478,Cattasaurus - shoproxstore - Shopify,direct_to_consumer,fulfilled,2026-09-03,2026-09-05,2026-09-03,NV3,OnTrac,1,1,12.49,1.9,0.0,14.39,shipmonk_estimate,USD
250371,7629137903926,Cattasaurus - shoproxstore - Shopify,direct_to_consumer,fulfilled,2026-09-03,2026-09-05,2026-09-03,NV3,OnTrac,2,1,18.08,2.22,0.0,20.3,shipmonk_estimate,USD
250372,7629146587446,Cattasaurus - shoproxstore - Shopify,direct_to_consumer,fulfilled,2026-09-03,2026-09-05,2026-09-03,NV3,OnTrac,2,1,15.24,2.22,0.0,17.46,shipmonk_estimate,USD
250373,7629165461814,Cattasaurus - shoproxstore - Shopify,direct_to_consumer,fulfilled,2026-09-03,2026-09-05,2026-09-03,NV3,FedEx,2,1,16.23,2.22,0.0,18.45,shipmonk_estimate,USD
250374,7629170540854,Cattasaurus - shoproxstore - Shopify,direct_to_consumer,fulfilled,2026-09-03,2026-09-05,2026-09-03,PA2,UPS,2,1,19.79,2.22,0.0,22.01,shipmonk_estimate,USD
250376,7629193543990,Cattasaurus - shoproxstore - Shopify,direct_to_consumer,fulfilled,2026-09-03,2026-09-05,2026-09-03,PA2,UPS,2,1,17.0,2.22,0.0,19.22,shipmonk_estimate,USD
250377,7629195084086,Cattasaurus - shoproxstore - Shopify,direct_to_consumer,fulfilled,2026-09-03,2026-09-05,2026-09-03,PA2,OnTrac,2,1,12.47,2.22,0.0,14.69,shipmonk_estimate,USD
250378_1,2214c2b8-9a79-4b1d-abe3-dcdcb6b55903,Cattasaurus - shoproxstore - Shopify,direct_to_consumer,fulfilled,2026-09-03,2026-09-05,2026-09-03,NV3,OnTrac,2,1,26.72,2.22,0.0,28.94,shipmonk_estimate,USD
250379,7629218119990,Cattasaurus - shoproxstore - Shopify,direct_to_consumer,fulfilled,2026-09-03,2026-09-05,2026-09-03,NV3,OnTrac,2,1,16.23,2.22,0.0,18.45,shipmonk_estimate,USD
250381,7629222609206,Cattasaurus - shoproxstore - Shopify,direct_to_consumer,fulfilled,2026-09-03,2026-09-05,2026-09-03,PA2,OnTrac,2,1,13.37,2.22,0.0,15.59,shipmonk_estimate,USD
250381_1,68e71dcf-598e-420e-95ce-14c1cf9756f6,Cattasaurus - shoproxstore - Shopify,direct_to_consumer,fulfilled,2026-09-03,2026-09-05,2026-09-03,NV3,OnTrac,3,1,26.02,2.54,0.0,28.56,shipmonk_estimate,USD
250382,7629224870198,Cattasaurus - shoproxstore - Shopify,direct_to_consumer,fulfilled,2026-09-03,2026-09-05,2026-09-03,NV3,OnTrac,2,1,12.49,2.22,0.0,14.71,shipmonk_estimate,USD
250383,7629256360246,Cattasaurus - shoproxstore - Shopify,direct_to_consumer,fulfilled,2026-09-03,2026-09-05,2026-09-03,PA2,OnTrac,2,1,17.99,2.86,0.0,20.85,shipmonk_estimate,USD
250384,7629264060726,Cattasaurus - shoproxstore - Shopify,direct_to_consumer,fulfilled,2026-09-03,2026-09-05,2026-09-03,NV3,OnTrac,2,1,29.2,2.22,0.0,31.42,shipmonk_estimate,USD
250385,7629266846006,Cattasaurus - shoproxstore - Shopify,direct_to_consumer,fulfilled,2026-09-03,2026-09-05,2026-09-03,PA2,OnTrac,2,1,16.23,2.22,0.0,18.45,shipmonk_estimate,USD
250386,7629267665206,Cattasaurus - shoproxstore - Shopify,direct_to_consumer,fulfilled,2026-09-03,2026-09-05,2026-09-03,PA2,OnTrac,2,1,22.51,2.22,0.0,24.73,shipmonk_estimate,USD
250388,7629377044790,Cattasaurus - shoproxstore - Shopify,direct_to_consumer,fulfilled,2026-09-03,2026-09-05,2026-09-03,NV3,UPS,2,1,14.5,2.22,0.0,16.72,shipmonk_estimate,USD
250391,7629450182966,Cattasaurus - shoproxstore - Shopify,direct_to_consumer,fulfilled,2026-09-03,2026-09-05,2026-09-03,NV3,OnTrac,2,1,18.8,2.22,0.0,21.02,shipmonk_estimate,USD
250393,7629506380086,Cattasaurus - shoproxstore - Shopify,direct_to_consumer,fulfilled,2026-09-03,2026-09-05,2026-09-03,NV3,OnTrac,2,1,12.49,2.22,0.0,14.71,shipmonk_estimate,USD
250395,7629617430838,Cattasaurus - shoproxstore - Shopify,direct_to_consumer,fulfilled,2026-09-03,2026-09-05,2026-09-03,NV3,UPS,3,2,19.4,4.12,0.5,24.02,shipmonk_estimate,USD
577551577451762452,99e16889-4e77-41dd-a1e0-82198334b39a,Cattasaurus - Manual Store,direct_to_consumer,fulfilled,2026-09-03,2026-09-03,2026-09-03,NV3,UPS,1,1,20.37,1.9,0.0,22.27,shipmonk_estimate,USD
577552438703198837,05611840-6ddd-490e-8e7a-8b79c9b27754,Cattasaurus - Manual Store,direct_to_consumer,fulfilled,2026-09-03,2026-09-03,2026-09-03,PA2,OnTrac,1,1,13.51,2.22,0.0,15.73,shipmonk_estimate,USD
577552441496212030,a5c5303b-83fd-4cfb-b852-ec0c9213a3e7,Cattasaurus - Manual Store,direct_to_consumer,fulfilled,2026-09-03,2026-09-03,2026-09-03,NV3,UPS,1,1,19.84,1.9,0.0,21.74,shipmonk_estimate,USD
577552725339968479,13aad990-b783-4d8c-b637-f6ca8e5e7665,Cattasaurus - Manual Store,direct_to_consumer,fulfilled,2026-09-03,2026-09-03,2026-09-03,PA2,FedEx,1,1,13.15,1.9,0.0,15.05,shipmonk_estimate,USD
577552725635207725,8fcb49e8-3034-4922-b1c2-4edad2594902,Cattasaurus - Manual Store,direct_to_consumer,fulfilled,2026-09-03,2026-09-03,2026-09-03,NV3,OnTrac,1,1,12.94,2.22,0.0,15.16,shipmonk_estimate,USD
577552725651657036,f0961444-5768-49e7-a967-e7a44ae2d7c5,Cattasaurus - Manual Store,direct_to_consumer,fulfilled,2026-09-03,2026-09-03,2026-09-03,NV3,UPS,1,1,26.72,1.9,0.0,28.62,shipmonk_estimate,USD
577552725849969582,127ce23b-c3c6-41d4-848e-8507faa5dc43,Cattasaurus - Manual Store,direct_to_consumer,fulfilled,2026-09-03,2026-09-03,2026-09-03,NV3,FedEx,1,1,30.33,1.9,0.0,32.23,shipmonk_estimate,USD
577552725886144791,41acca45-c191-4bd7-aaa0-92691b221563,Cattasaurus - Manual Store,direct_to_consumer,fulfilled,2026-09-03,2026-09-03,2026-09-03,PA2,OnTrac,1,1,15.63,1.9,0.0,17.53,shipmonk_estimate,USD
577552726098154301,7c7bf8fd-55b8-402d-9307-6013c20da88e,Cattasaurus - Manual Store,direct_to_consumer,fulfilled,2026-09-03,2026-09-03,2026-09-03,NV3,OnTrac,1,1,17.84,2.22,0.0,20.06,shipmonk_estimate,USD
577552727926542942,d45b8490-c6ab-4e54-8f96-dac50f8110e7,Cattasaurus - Manual Store,direct_to_consumer,fulfilled,2026-09-03,2026-09-03,2026-09-03,NV3,UPS,1,1,20.37,1.9,0.0,22.27,shipmonk_estimate,USD
577552728457974154,4c5df513-c305-453f-ba85-6bc5213169af,Cattasaurus - Manual Store,direct_to_consumer,fulfilled,2026-09-03,2026-09-03,2026-09-03,NV3,UPS,1,1,20.37,1.9,0.0,22.27,shipmonk_estimate,USD
577552728740368939,d1c169dd-9bcd-498b-9062-305ba64c398f,Cattasaurus - Manual Store,direct_to_consumer,fulfilled,2026-09-03,2026-09-03,2026-09-03,PA2,UPS,1,1,15.47,2.22,0.0,17.69,shipmonk_estimate,USD
577552729555112059,0bc04967-330e-4678-aad0-c76e1d29f2ad,Cattasaurus - Manual Store,direct_to_consumer,fulfilled,2026-09-03,2026-09-03,2026-09-03,NV3,FedEx,1,1,19.6,2.22,0.0,21.82,shipmonk_estimate,USD
577552729981292833,df260358-5338-4d2d-9b83-3d9c1da914e5,Cattasaurus - Manual Store,direct_to_consumer,fulfilled,2026-09-03,2026-09-03,2026-09-03,PA2,UPS,1,1,17.52,1.9,0.0,19.42,shipmonk_estimate,USD
577552730476613702,c121772b-683e-4569-b9dd-01e60d393157,Cattasaurus - Manual Store,direct_to_consumer,fulfilled,2026-09-03,2026-09-03,2026-09-03,PA2,OnTrac,1,1,13.27,2.22,0.0,15.49,shipmonk_estimate,USD
577552730504860395,3ac9b86a-1f26-4fc4-8bbd-204a5b0cef9a,Cattasaurus - Manual Store,direct_to_consumer,fulfilled,2026-09-03,2026-09-03,2026-09-03,PA2,UPS,1,1,22.11,2.22,0.0,24.33,shipmonk_estimate,USD
577552731777241833,a88e573f-d2dd-4600-8845-6b7628ae0cb8,Cattasaurus - Manual Store,direct_to_consumer,fulfilled,2026-09-03,2026-09-03,2026-09-03,NV3,OnTrac,1,1,35.16,1.9,0.0,37.06,shipmonk_estimate,USD
577552732990509076,bf8569fe-3351-486d-b180-dcc088c48572,Cattasaurus - Manual Store,direct_to_consumer,fulfilled,2026-09-03,2026-09-03,2026-09-03,PA2,UPS,1,1,17.52,1.9,0.0,19.42,shipmonk_estimate,USD
577552734437478962,ec29ab77-d4ac-4bba-9dc2-c58fba97e6c6,Cattasaurus - Manual Store,direct_to_consumer,fulfilled,2026-09-03,2026-09-03,2026-09-03,NV3,OnTrac,1,1,24.97,1.9,0.0,26.87,shipmonk_estimate,USD
577552734878340040,41e60d74-1d9a-4952-a8e5-4b5acb9f07bd,Cattasaurus - Manual Store,direct_to_consumer,fulfilled,2026-09-03,2026-09-03,2026-09-03,PA2,UPS,1,1,17.52,1.9,0.0,19.42,shipmonk_estimate,USD
577552735059940135,ef85cc6e-b7e7-4b8a-b015-a89a6b7b4b9a,Cattasaurus - Manual Store,direct_to_consumer,fulfilled,2026-09-03,2026-09-03,2026-09-03,PA2,UPS,1,1,16.37,2.22,0.0,18.59,shipmonk_estimate,USD
577552735060529823,0d8bf1cd-8e89-4e72-a7fa-05b6c79476b0,Cattasaurus - Manual Store,direct_to_consumer,fulfilled,2026-09-03,2026-09-03,2026-09-03,PA2,OnTrac,1,1,13.27,2.22,0.0,15.49,shipmonk_estimate,USD
577552735180132749,0b08f7a5-abb3-441f-81b9-84ad86f1fe13,Cattasaurus - Manual Store,direct_to_consumer,fulfilled,2026-09-03,2026-09-03,2026-09-03,NV3,FedEx,1,1,27.78,1.9,0.0,29.68,shipmonk_estimate,USD
577552736376688862,e738a385-c198-4ad8-972b-ead71aaeb5c2,Cattasaurus - Manual Store,direct_to_consumer,fulfilled,2026-09-03,2026-09-03,2026-09-03,PA2,OnTrac,1,1,13.3,2.22,0.0,15.52,shipmonk_estimate,USD
577552737497486067,3243d4ef-8163-443e-ac11-edbed7ab58ba,Cattasaurus - Manual Store,direct_to_consumer,fulfilled,2026-09-03,2026-09-03,2026-09-03,PA2,UPS,1,1,16.37,2.22,0.0,18.59,shipmonk_estimate,USD
577552738240402108,7aed218b-7177-45ed-830d-c23733aaac8d,Cattasaurus - Manual Store,direct_to_consumer,fulfilled,2026-09-03,2026-09-03,2026-09-03,NV3,OnTrac,1,1,19.32,2.22,0.0,21.54,shipmonk_estimate,USD
577554015904961282,fafabd12-5335-46e0-ab1a-6d734e347f8e,Cattasaurus - Manual Store,direct_to_consumer,fulfilled,2026-09-03,2026-09-04,2026-09-03,PA2,UPS,1,1,15.27,1.9,0.0,17.17,shipmonk_estimate,USD
INF608,245d3ef8-3511-4dd3-9532-de897ee2ab72,Cattasaurus - Manual Store,direct_to_consumer,fulfilled,2026-09-03,2026-09-03,2026-09-03,NV3,FedEx,1,1,30.33,1.9,0.0,32.23,shipmonk_estimate,USD
INF609,21f4bef9-5ecb-49b3-980a-0fa570e297eb,Cattasaurus - Manual Store,direct_to_consumer,fulfilled,2026-09-03,2026-09-03,2026-09-03,PA2,OnTrac,1,1,16.39,1.9,0.0,18.29,shipmonk_estimate,USD
INF610,91e88916-5e12-4ec4-88f9-ebee7bb30fa3,Cattasaurus - Manual Store,direct_to_consumer,fulfilled,2026-09-03,2026-09-03,2026-09-03,NV3,OnTrac,1,1,24.96,1.9,0.0,26.86,shipmonk_estimate,USD
INF611,a1631527-c3f1-401c-9b15-fac4fa4cfb7e,Cattasaurus - Manual Store,direct_to_consumer,fulfilled,2026-09-03,2026-09-03,2026-09-03,NV3,OnTrac,1,1,33.4,1.9,0.0,35.3,shipmonk_estimate,USD
INF612,eafb7b5c-65ca-40c3-981c-9fa0c4168f11,Cattasaurus - Manual Store,direct_to_consumer,fulfilled,2026-09-03,2026-09-03,2026-09-03,NV3,OnTrac,1,1,35.16,1.9,0.0,37.06,shipmonk_estimate,USD
INF613,4d6cab2e-e021-4bf5-995a-83951139d1d8,Cattasaurus - Manual Store,direct_to_consumer,fulfilled,2026-09-03,2026-09-03,2026-09-03,NV3,OnTrac,1,1,13.27,1.9,0.0,15.17,shipmonk_estimate,USD
INF614,19e88ff9-50b1-403f-bd98-068ebc3a9d69,Cattasaurus - Manual Store,direct_to_consumer,fulfilled,2026-09-03,2026-09-03,2026-09-03,NV3,OnTrac,1,1,12.94,1.9,0.0,14.84,shipmonk_estimate,USD
INF615,3305b53d-18ec-4391-b004-15bc6d33dedb,Cattasaurus - Manual Store,direct_to_consumer,fulfilled,2026-09-03,2026-09-03,2026-09-03,NV3,OnTrac,1,1,12.94,1.9,0.0,14.84,shipmonk_estimate,USD
INF617,445d102b-65a2-4819-8cf9-dfb0e86db67c,Cattasaurus - Manual Store,direct_to_consumer,fulfilled,2026-09-03,2026-09-03,2026-09-03,PA2,FedEx,1,1,18.91,1.9,0.0,20.81,shipmonk_estimate,USD
INF618,fa56321f-9730-4599-915a-25d0a697095b,Cattasaurus - Manual Store,direct_to_consumer,fulfilled,2026-09-03,2026-09-03,2026-09-03,NV3,OnTrac,1,1,15.43,1.9,0.0,17.33,shipmonk_estimate,USD
INF619,7c6e3fcd-4cb5-4c3d-9193-5f260d63a826,Cattasaurus - Manual Store,direct_to_consumer,fulfilled,2026-09-03,2026-09-03,2026-09-03,NV3,OnTrac,1,1,24.96,1.9,0.0,26.86,shipmonk_estimate,USD
INF620,a3c6c006-50cb-4584-9f37-46359d54390d,Cattasaurus - Manual Store,direct_to_consumer,fulfilled,2026-09-03,2026-09-03,2026-09-03,PA2,OnTrac,1,1,12.13,1.9,0.0,14.03,shipmonk_estimate,USD
INF621,effa0b7f-5104-4ee9-8bc1-d70e42c635e0,Cattasaurus - Manual Store,direct_to_consumer,fulfilled,2026-09-03,2026-09-03,2026-09-03,PA2,OnTrac,1,1,12.13,1.9,0.0,14.03,shipmonk_estimate,USD
INF622,3b363c62-de61-46d3-81f8-afafc2c33d18,Cattasaurus - Manual Store,direct_to_consumer,fulfilled,2026-09-03,2026-09-03,2026-09-03,NV3,OnTrac,1,1,15.76,1.9,0.0,17.66,shipmonk_estimate,USD
INF623,c1e90188-3873-4877-8b16-7f8cafd392bf,Cattasaurus - Manual Store,direct_to_consumer,fulfilled,2026-09-03,2026-09-03,2026-09-03,NV3,OnTrac,1,1,22.04,1.9,0.0,23.94,shipmonk_estimate,USD
111-0459951-8240259,111-0459951-8240259,Cattasaurus - Amazon USA,direct_to_consumer,fulfilled,2026-09-04,2026-09-05,2026-09-04,NV3,UPS,1,1,22.11,2.22,0.0,24.33,shipmonk_estimate,USD
111-4838298-9917813,111-4838298-9917813,Cattasaurus - Amazon USA,direct_to_consumer,fulfilled,2026-09-04,2026-09-04,2026-09-04,NV3,FedEx,1,1,17.52,2.22,0.0,19.74,shipmonk_estimate,USD
111-7248369-2993037,111-7248369-2993037,Cattasaurus - Amazon USA,direct_to_consumer,fulfilled,2026-09-04,2026-09-05,2026-09-04,PA2,UPS,1,1,16.37,2.22,0.0,18.59,shipmonk_estimate,USD
112-4525071-4091417,112-4525071-4091417,Cattasaurus - Amazon USA,direct_to_consumer,fulfilled,2026-09-04,2026-09-05,2026-09-04,PA2,OnTrac,1,1,15.76,2.22,0.0,17.98,shipmonk_estimate,USD
114-5296529-8365042,114-5296529-8365042,Cattasaurus - Amazon USA,direct_to_consumer,fulfilled,2026-09-04,2026-09-05,2026-09-04,PA2,OnTrac,1,1,15.76,2.22,0.0,17.98,shipmonk_estimate,USD
114-8259429-8751421,114-8259429-8751421,Cattasaurus - Amazon USA,direct_to_consumer,fulfilled,2026-09-04,2026-09-04,2026-09-04,PA2,OnTrac,1,1,12.13,2.22,0.0,14.35,shipmonk_estimate,USD
114-9475269-5505008,114-9475269-5505008,Cattasaurus - Amazon USA,direct_to_consumer,fulfilled,2026-09-04,2026-09-05,2026-09-04,PA2,FedEx,2,1,15.76,2.86,0.0,18.62,shipmonk_estimate,USD
233265-01,f8c2a8b0-dd02-4b53-a800-24d97753a907,Cattasaurus - shoproxstore - Shopify,direct_to_consumer,fulfilled,2026-09-04,2026-09-05,2026-09-04,NV3,FedEx,2,1,18.08,2.22,0.0,20.3,shipmonk_estimate,USD
239981_1-01,df4ba1e3-5357-409f-a7b8-d99f6cc4cd09,Cattasaurus - shoproxstore - Shopify,direct_to_consumer,fulfilled,2026-09-04,2026-09-05,2026-09-04,PA2,USPS,1,1,6.18,1.58,0.3,8.06,shipmonk_estimate,USD
242365-01,cb52ba0e-314e-4b23-9e7d-0883b659b584,Cattasaurus - shoproxstore - Shopify,direct_to_consumer,fulfilled,2026-09-04,2026-09-05,2026-09-04,PA2,OnTrac,2,1,17.04,2.22,0.0,19.26,shipmonk_estimate,USD
246151-01,310b555f-8d70-4afd-9c69-06a67c67bbee,Cattasaurus - shoproxstore - Shopify,direct_to_consumer,fulfilled,2026-09-04,2026-09-05,2026-09-04,PA2,UPS,1,1,17.52,1.9,0.0,19.42,shipmonk_estimate,USD
246668-01,6d3123e7-50a8-41e3-9c22-71da5571f66f,Cattasaurus - shoproxstore - Shopify,direct_to_consumer,fulfilled,2026-09-04,2026-09-05,2026-09-04,NV3,OnTrac,2,1,22.46,2.22,0.0,24.68,shipmonk_estimate,USD
247657-01,a51e84c6-1bc9-4836-a095-9b00ee0cf427,Cattasaurus - shoproxstore - Shopify,direct_to_consumer,fulfilled,2026-09-04,2026-09-05,2026-09-04,NV3,OnTrac,1,1,10.26,1.9,0.0,12.16,shipmonk_estimate,USD
248244-01,a4270e28-92c4-45d7-bde3-f84ccadebd15,Cattasaurus - shoproxstore - Shopify,direct_to_consumer,fulfilled,2026-09-04,2026-09-06,2026-09-04,NV3,OnTrac,2,1,14.25,2.22,0.0,16.47,shipmonk_estimate,USD
248341-01,d6f267b2-7c8f-410d-aed7-4871ee6b67aa,Cattasaurus - shoproxstore - Shopify,direct_to_consumer,fulfilled,2026-09-04,2026-09-05,2026-09-04,NV3,OnTrac,2,1,14.99,2.22,0.0,17.21,shipmonk_estimate,USD
248347-01,0564eaf5-abaf-4846-8fd1-5b7fdce821d1,Cattasaurus - shoproxstore - Shopify,direct_to_consumer,fulfilled,2026-09-04,2026-09-05,2026-09-04,NV3,UPS,1,1,18.95,2.22,0.0,21.17,shipmonk_estimate,USD
248536-01,3afd8dad-8c0f-4093-8e7e-3b8fc934ef01,Cattasaurus - shoproxstore - Shopify,direct_to_consumer,fulfilled,2026-09-04,2026-09-05,2026-09-04,PA2,OnTrac,2,1,13.67,2.22,0.0,15.89,shipmonk_estimate,USD
248691-01,4caa86a1-16a6-4e11-9140-e6871a3ab262,Cattasaurus - shoproxstore - Shopify,direct_to_consumer,fulfilled,2026-09-04,2026-09-05,2026-09-04,NV3,OnTrac,1,1,12.94,1.9,0.0,14.84,shipmonk_estimate,USD
250427,7629747323190,Cattasaurus - shoproxstore - Shopify,direct_to_consumer,fulfilled,2026-09-04,2026-09-05,2026-09-04,PA2,OnTrac,2,1,18.61,2.22,0.0,20.83,shipmonk_estimate,USD
250428,7629822820662,Cattasaurus - shoproxstore - Shopify,direct_to_consumer,fulfilled,2026-09-04,2026-09-05,2026-09-04,PA2,OnTrac,1,1,13.37,1.9,0.0,15.27,shipmonk_estimate,USD
250429,7629825343798,Cattasaurus - shoproxstore - Shopify,direct_to_consumer,fulfilled,2026-09-04,2026-09-06,2026-09-04,PA2,OnTrac,1,1,10.26,1.9,0.0,12.16,shipmonk_estimate,USD
250430,7629887471926,Cattasaurus - shoproxstore - Shopify,direct_to_consumer,fulfilled,2026-09-04,2026-09-05,2026-09-04,NV3,UPS,1,1,33.4,1.9,0.0,35.3,shipmonk_estimate,USD
250431,7629908869430,Cattasaurus - shoproxstore - Shopify,direct_to_consumer,fulfilled,2026-09-04,2026-09-05,2026-09-04,PA2,OnTrac,3,1,15.0,3.18,0.0,18.18,shipmonk_estimate,USD
250433,7629965525302,Cattasaurus - shoproxstore - Shopify,direct_to_consumer,fulfilled,2026-09-04,2026-09-05,2026-09-04,PA2,OnTrac,2,1,15.32,2.22,0.0,17.54,shipmonk_estimate,USD
250434,7629989740854,Cattasaurus - shoproxstore - Shopify,direct_to_consumer,fulfilled,2026-09-04,2026-09-05,2026-09-04,NV3,OnTrac,2,1,23.98,2.22,0.0,26.2,shipmonk_estimate,USD
250435,7629991477558,Cattasaurus - shoproxstore - Shopify,direct_to_consumer,fulfilled,2026-09-04,2026-09-05,2026-09-04,PA2,FedEx,2,1,14.99,2.22,0.0,17.21,shipmonk_estimate,USD
250436,7629998391606,Cattasaurus - shoproxstore - Shopify,direct_to_consumer,fulfilled,2026-09-04,2026-09-05,2026-09-04,NV3,OnTrac,2,1,25.12,2.22,0.0,27.34,shipmonk_estimate,USD
250437,7629999472950,Cattasaurus - shoproxstore - Shopify,direct_to_consumer,fulfilled,2026-09-04,2026-09-05,2026-09-04,PA2,OnTrac,2,1,12.19,2.22,0.0,14.41,shipmonk_estimate,USD
250438,7630010581302,Cattasaurus - shoproxstore - Shopify,direct_to_consumer,fulfilled,2026-09-04,2026-09-05,2026-09-04,NV3,OnTrac,2,1,21.06,2.22,0.0,23.28,shipmonk_estimate,USD
250439,7630017364278,Cattasaurus - shoproxstore - Shopify,direct_to_consumer,fulfilled,2026-09-04,2026-09-05,2026-09-04,NV3,OnTrac,1,1,18.08,1.9,0.0,19.98,shipmonk_estimate,USD
250440,7630042595638,Cattasaurus - shoproxstore - Shopify,direct_to_consumer,fulfilled,2026-09-04,2026-09-05,2026-09-04,PA2,OnTrac,1,1,17.04,1.9,0.0,18.94,shipmonk_estimate,USD
250441,7630051574070,Cattasaurus - shoproxstore - Shopify,direct_to_consumer,fulfilled,2026-09-04,2026-09-05,2026-09-04,PA2,OnTrac,2,1,18.03,2.22,0.0,20.25,shipmonk_estimate,USD
250442,7630063042870,Cattasaurus - shoproxstore - Shopify,direct_to_consumer,fulfilled,2026-09-04,2026-09-05,2026-09-04,NV3,OnTrac,3,1,24.96,2.54,0.0,27.5,shipmonk_estimate,USD
250443,7630066286902,Cattasaurus - shoproxstore - Shopify,direct_to_consumer,fulfilled,2026-09-04,2026-09-05,2026-09-04,PA2,OnTrac,2,1,17.99,2.22,0.0,20.21,shipmonk_estimate,USD
250444,7630066385206,Cattasaurus - shoproxstore - Shopify,direct_to_consumer,fulfilled,2026-09-04,2026-09-05,2026-09-04,NV3,FedEx,1,1,18.91,1.9,0.0,20.81,shipmonk_estimate,USD
250445,7630082244918,Cattasaurus - shoproxstore - Shopify,direct_to_consumer,fulfilled,2026-09-04,2026-09-05,2026-09-04,PA2,OnTrac,1,1,14.94,1.9,0.0,16.84,shipmonk_estimate,USD
250446,7630095286582,Cattasaurus - shoproxstore - Shopify,direct_to_consumer,fulfilled,2026-09-04,2026-09-05,2026-09-04,PA2,UPS,2,1,22.51,2.22,0.0,24.73,shipmonk_estimate,USD
250447,7630097678646,Cattasaurus - shoproxstore - Shopify,direct_to_consumer,fulfilled,2026-09-04,2026-09-05,2026-09-04,NV3,OnTrac,2,1,21.45,2.22,0.0,23.67,shipmonk_estimate,USD
250448,7630107050294,Cattasaurus - shoproxstore - Shopify,direct_to_consumer,fulfilled,2026-09-04,2026-09-05,2026-09-04,NV3,OnTrac,2,1,24.45,2.22,0.0,26.67,shipmonk_estimate,USD
250449,7630112522550,Cattasaurus - shoproxstore - Shopify,direct_to_consumer,fulfilled,2026-09-04,2026-09-05,2026-09-04,NV3,OnTrac,2,1,21.06,2.22,0.0,23.28,shipmonk_estimate,USD
250450,7630132543798,Cattasaurus - shoproxstore - Shopify,direct_to_consumer,fulfilled,2026-09-04,2026-09-05,2026-09-04,PA2,UPS,2,1,17.0,2.22,0.0,19.22,shipmonk_estimate,USD
250451,7630156333366,Cattasaurus - shoproxstore - Shopify,direct_to_consumer,fulfilled,2026-09-04,2026-09-05,2026-09-04,NV3,OnTrac,2,1,17.04,2.22,0.0,19.26,shipmonk_estimate,USD
250453,7630198636854,Cattasaurus - shoproxstore - Shopify,direct_to_consumer,fulfilled,2026-09-04,2026-09-05,2026-09-04,PA2,OnTrac,2,1,16.23,2.22,0.0,18.45,shipmonk_estimate,USD
250454,7630201192758,Cattasaurus - shoproxstore - Shopify,direct_to_consumer,fulfilled,2026-09-04,2026-09-05,2026-09-04,PA2,OnTrac,2,1,14.99,2.22,0.0,17.21,shipmonk_estimate,USD
250455_1,26fb9b4a-d179-4f0b-b22d-f4d1aa9e3e3b,Cattasaurus - shoproxstore - Shopify,direct_to_consumer,fulfilled,2026-09-04,2026-09-06,2026-09-04,NV3,OnTrac,2,1,27.44,2.22,0.0,29.66,shipmonk_estimate,USD
250456,7630205583670,Cattasaurus - shoproxstore - Shopify,direct_to_consumer,fulfilled,2026-09-04,2026-09-05,2026-09-04,PA2,Cirro,2,1,14.25,2.22,0.0,16.47,shipmonk_estimate,USD
250457,7630208008502,Cattasaurus - shoproxstore - Shopify,direct_to_consumer,onhold,2026-09-04,,2026-09-04,NV3,ShipMonk,2,0,11.61,3.16,0.0,14.77,shipmonk_estimate,USD
250458,7630236582198,Cattasaurus - shoproxstore - Shopify,direct_to_consumer,fulfilled,2026-09-04,2026-09-05,2026-09-04,PA2,UPS,1,1,12.02,1.9,0.0,13.92,shipmonk_estimate,USD
250459,7630239826230,Cattasaurus - shoproxstore - Shopify,direct_to_consumer,fulfilled,2026-09-04,2026-09-05,2026-09-04,NV3,UPS,3,1,17.99,2.54,0.0,20.53,shipmonk_estimate,USD
250460,7630241005878,Cattasaurus - shoproxstore - Shopify,direct_to_consumer,fulfilled,2026-09-04,2026-09-05,2026-09-04,NV3,OnTrac,3,1,30.33,3.18,0.0,33.51,shipmonk_estimate,USD
250461,7630244643126,Cattasaurus - shoproxstore - Shopify,direct_to_consumer,fulfilled,2026-09-04,2026-09-05,2026-09-04,NV3,OnTrac,2,1,23.21,2.22,0.0,25.43,shipmonk_estimate,USD
250462,7630256079158,Cattasaurus - shoproxstore - Shopify,direct_to_consumer,fulfilled,2026-09-04,2026-09-05,2026-09-04,NV3,OnTrac,2,1,23.98,2.22,0.0,26.2,shipmonk_estimate,USD
250463,7630257553718,Cattasaurus - shoproxstore - Shopify,direct_to_consumer,fulfilled,2026-09-04,2026-09-05,2026-09-04,PA2,OnTrac,2,1,11.9,2.22,0.0,14.12,shipmonk_estimate,USD
250464,7630273347894,Cattasaurus - shoproxstore - Shopify,direct_to_consumer,fulfilled,2026-09-04,2026-09-06,2026-09-04,NV3,OnTrac,2,1,21.06,2.22,0.0,23.28,shipmonk_estimate,USD
250465,7630296809782,Cattasaurus - shoproxstore - Shopify,direct_to_consumer,fulfilled,2026-09-04,2026-09-05,2026-09-04,NV3,FedEx,2,1,17.84,2.22,0.0,20.06,shipmonk_estimate,USD
250466,7630302740790,Cattasaurus - shoproxstore - Shopify,direct_to_consumer,fulfilled,2026-09-04,2026-09-05,2026-09-04,NV3,OnTrac,2,1,14.94,2.22,0.0,17.16,shipmonk_estimate,USD
250466_1,1ef7e7aa-4945-42fb-ac1d-426f48315545,Cattasaurus - shoproxstore - Shopify,direct_to_consumer,fulfilled,2026-09-04,2026-09-05,2026-09-04,NV3,OnTrac,1,1,14.94,3.82,0.0,18.76,shipmonk_estimate,USD
250468,7630370701622,Cattasaurus - shoproxstore - Shopify,direct_to_consumer,fulfilled,2026-09-04,2026-09-06,2026-09-04,NV3,UPS,2,1,25.74,2.22,0.0,27.96,shipmonk_estimate,USD
250469,7630392131894,Cattasaurus - shoproxstore - Shopify,direct_to_consumer,fulfilled,2026-09-04,2026-09-06,2026-09-04,NV3,OnTrac,2,1,12.49,2.22,0.0,14.71,shipmonk_estimate,USD
250470,7630394556726,Cattasaurus - shoproxstore - Shopify,direct_to_consumer,fulfilled,2026-09-04,2026-09-06,2026-09-04,NV3,OnTrac,2,1,13.37,2.22,0.0,15.59,shipmonk_estimate,USD
250471,7630412448054,Cattasaurus - shoproxstore - Shopify,direct_to_consumer,fulfilled,2026-09-04,2026-09-06,2026-09-04,PA2,Cirro,1,1,16.75,1.9,0.0,18.65,shipmonk_estimate,USD
250472,7630412939574,Cattasaurus - shoproxstore - Shopify,direct_to_consumer,fulfilled,2026-09-04,2026-09-06,2026-09-04,NV3,FedEx,2,2,0.0,4.12,0.0,4.12,shipmonk_estimate,USD
250473,7630417330486,Cattasaurus - shoproxstore - Shopify,direct_to_consumer,fulfilled,2026-09-04,2026-09-06,2026-09-04,PA2,OnTrac,3,1,17.04,2.54,0.0,19.58,shipmonk_estimate,USD
250474,7630418510134,Cattasaurus - shoproxstore - Shopify,direct_to_consumer,fulfilled,2026-09-04,2026-09-06,2026-09-04,NV3,OnTrac,3,1,24.45,2.54,0.0,26.99,shipmonk_estimate,USD
250475,7630430503222,Cattasaurus - shoproxstore - Shopify,direct_to_consumer,fulfilled,2026-09-04,2026-09-06,2026-09-04,NV3,FedEx,1,1,17.84,1.9,0.0,19.74,shipmonk_estimate,USD
250476,7630440792374,Cattasaurus - shoproxstore - Shopify,direct_to_consumer,fulfilled,2026-09-04,2026-09-06,2026-09-04,NV3,OnTrac,2,1,15.24,2.22,0.0,17.46,shipmonk_estimate,USD
250477,7630441873718,Cattasaurus - shoproxstore - Shopify,direct_to_consumer,fulfilled,2026-09-04,2026-09-06,2026-09-04,PA2,OnTrac,2,1,17.64,2.22,0.0,19.86,shipmonk_estimate,USD
250478,7630459044150,Cattasaurus - shoproxstore - Shopify,direct_to_consumer,onhold,2026-09-04,,2026-09-04,NV3,ShipMonk,2,0,18.08,6.83,0.0,24.91,shipmonk_estimate,USD
250479,7630460387638,Cattasaurus - shoproxstore - Shopify,direct_to_consumer,fulfilled,2026-09-04,2026-09-06,2026-09-04,PA2,FedEx,1,1,19.23,7.88,0.0,27.11,shipmonk_estimate,USD
250480,7630460617014,Cattasaurus - shoproxstore - Shopify,direct_to_consumer,fulfilled,2026-09-04,2026-09-06,2026-09-04,PA2,OnTrac,1,1,14.99,1.9,0.0,16.89,shipmonk_estimate,USD
250482,7630481719606,Cattasaurus - shoproxstore - Shopify,direct_to_consumer,fulfilled,2026-09-04,2026-09-06,2026-09-04,PA2,FedEx,2,1,15.54,2.22,0.0,17.76,shipmonk_estimate,USD
250483,7630484701494,Cattasaurus - shoproxstore - Shopify,direct_to_consumer,fulfilled,2026-09-04,2026-09-06,2026-09-04,PA2,UPS,1,1,22.51,1.9,0.0,24.41,shipmonk_estimate,USD
250484,7630486896950,Cattasaurus - shoproxstore - Shopify,direct_to_consumer,fulfilled,2026-09-04,2026-09-06,2026-09-04,NV3,OnTrac,2,1,14.99,2.22,0.0,17.21,shipmonk_estimate,USD
250485,7630490632502,Cattasaurus - shoproxstore - Shopify,direct_to_consumer,fulfilled,2026-09-04,2026-09-06,2026-09-04,PA2,UPS,2,1,17.0,2.22,0.0,19.22,shipmonk_estimate,USD
250486,7630507016502,Cattasaurus - shoproxstore - Shopify,direct_to_consumer,fulfilled,2026-09-04,2026-09-05,2026-09-04,NV3,OnTrac,2,1,23.21,2.22,0.0,25.43,shipmonk_estimate,USD
250486_1,ba21c396-408c-4735-acc2-37a8d2213fa5,Cattasaurus - shoproxstore - Shopify,direct_to_consumer,fulfilled,2026-09-04,2026-09-06,2026-09-04,PA2,OnTrac,1,1,11.9,3.82,0.0,15.72,shipmonk_estimate,USD
250487,7630515536182,Cattasaurus - shoproxstore - Shopify,direct_to_consumer,fulfilled,2026-09-04,2026-09-06,2026-09-04,NV3,Cirro,2,1,11.61,2.22,0.0,13.83,shipmonk_estimate,USD
250488,7630531330358,Cattasaurus - shoproxstore - Shopify,direct_to_consumer,fulfilled,2026-09-04,2026-09-06,2026-09-04,PA2,OnTrac,3,1,20.28,2.54,0.0,22.82,shipmonk_estimate,USD
250489,7630565376310,Cattasaurus - shoproxstore - Shopify,direct_to_consumer,fulfilled,2026-09-04,2026-09-06,2026-09-04,NV3,OnTrac,2,1,18.08,2.22,0.0,20.3,shipmonk_estimate,USD
250490,7630570717494,Cattasaurus - shoproxstore - Shopify,direct_to_consumer,fulfilled,2026-09-04,2026-09-07,2026-09-04,NV3,UPS,3,2,41.49,4.12,1.3,46.91,shipmonk_estimate,USD
250491_1,eec2c75d-8c68-4b88-b664-328a7fba8715,Cattasaurus - shoproxstore - Shopify,direct_to_consumer,fulfilled,2026-09-04,2026-09-06,2026-09-04,PA2,UPS,2,1,14.5,2.22,0.0,16.72,shipmonk_estimate,USD
250491_2,6c919e36-632f-489d-a5d8-c094384c8033,Cattasaurus - shoproxstore - Shopify,direct_to_consumer,fulfilled,2026-09-04,2026-09-06,2026-09-04,PA2,UPS,1,1,14.5,3.82,0.0,18.32,shipmonk_estimate,USD
250492,7630587101494,Cattasaurus - shoproxstore - Shopify,direct_to_consumer,fulfilled,2026-09-04,2026-09-06,2026-09-04,PA2,OnTrac,2,1,17.04,2.22,0.0,19.26,shipmonk_estimate,USD
250493,7630594703670,Cattasaurus - shoproxstore - Shopify,direct_to_consumer,fulfilled,2026-09-04,2026-09-06,2026-09-04,NV3,UPS,2,1,21.08,2.22,0.0,23.3,shipmonk_estimate,USD
250494,7630609285430,Cattasaurus - shoproxstore - Shopify,direct_to_consumer,fulfilled,2026-09-04,2026-09-06,2026-09-04,PA2,OnTrac,3,1,10.26,2.54,0.0,12.8,shipmonk_estimate,USD
250495,7630611611958,Cattasaurus - shoproxstore - Shopify,direct_to_consumer,fulfilled,2026-09-04,2026-09-06,2026-09-04,NV3,OnTrac,2,1,16.75,2.22,0.0,18.97,shipmonk_estimate,USD
250496,7630615740726,Cattasaurus - shoproxstore - Shopify,direct_to_consumer,fulfilled,2026-09-04,2026-09-06,2026-09-04,NV3,FedEx,1,1,24.96,7.88,0.0,32.84,shipmonk_estimate,USD
250497,7630629503286,Cattasaurus - shoproxstore - Shopify,direct_to_consumer,fulfilled,2026-09-04,2026-09-06,2026-09-04,PA2,FedEx,3,2,27.45,4.76,0.0,32.21,shipmonk_estimate,USD
250498,7630652342582,Cattasaurus - shoproxstore - Shopify,direct_to_consumer,fulfilled,2026-09-04,2026-09-06,2026-09-04,PA2,OnTrac,2,1,17.04,2.22,0.0,19.26,shipmonk_estimate,USD
250499,7630667841846,Cattasaurus - shoproxstore - Shopify,direct_to_consumer,fulfilled,2026-09-04,2026-09-06,2026-09-04,NV3,Cirro,2,1,11.61,2.22,0.0,13.83,shipmonk_estimate,USD
250500,7630668333366,Cattasaurus - shoproxstore - Shopify,direct_to_consumer,fulfilled,2026-09-04,2026-09-06,2026-09-04,NV3,OnTrac,1,1,15.35,1.9,0.0,17.25,shipmonk_estimate,USD
250501,7630670922038,Cattasaurus - shoproxstore - Shopify,direct_to_consumer,fulfilled,2026-09-04,2026-09-06,2026-09-04,PA2,OnTrac,1,1,13.93,1.9,0.0,15.83,shipmonk_estimate,USD
250502,7630674854198,Cattasaurus - shoproxstore - Shopify,direct_to_consumer,fulfilled,2026-09-04,2026-09-06,2026-09-04,PA2,UPS,2,1,22.94,2.22,0.0,25.16,shipmonk_estimate,USD
250503,7630696022326,Cattasaurus - shoproxstore - Shopify,direct_to_consumer,fulfilled,2026-09-04,2026-09-05,2026-09-04,PA2,OnTrac,2,1,14.5,2.22,0.0,16.72,shipmonk_estimate,USD
250503_1,6f331d53-9e9c-4110-83ba-a4912ffde0dd,Cattasaurus - shoproxstore - Shopify,direct_to_consumer,fulfilled,2026-09-04,2026-09-06,2026-09-04,PA2,UPS,3,2,36.19,3.8,13.0,52.99,shipmonk_estimate,USD
250504,7630699725110,Cattasaurus - shoproxstore - Shopify,direct_to_consumer,fulfilled,2026-09-04,2026-09-06,2026-09-04,PA2,OnTrac,2,1,11.9,2.22,0.0,14.12,shipmonk_estimate,USD
250505,7630712701238,Cattasaurus - shoproxstore - Shopify,direct_to_consumer,fulfilled,2026-09-04,2026-09-09,2026-09-04,NV3,OnTrac,3,1,19.14,2.54,0.0,21.68,shipmonk_estimate,USD
250505_1,f5a95943-ff32-469a-8b1d-16d7cced57d4,Cattasaurus - shoproxstore - Shopify,direct_to_consumer,fulfilled,2026-09-04,2026-09-09,2026-09-04,NV3,OnTrac,3,1,19.14,2.54,0.0,21.68,shipmonk_estimate,USD
250506,7630717485366,Cattasaurus - shoproxstore - Shopify,direct_to_consumer,fulfilled,2026-09-04,2026-09-06,2026-09-04,NV3,OnTrac,1,1,20.96,7.88,0.0,28.84,shipmonk_estimate,USD
250507,7630730854710,Cattasaurus - shoproxstore - Shopify,direct_to_consumer,fulfilled,2026-09-04,2026-09-06,2026-09-04,NV3,FedEx,2,1,11.41,2.22,0.0,13.63,shipmonk_estimate,USD
250508,7630750810422,Cattasaurus - shoproxstore - Shopify,direct_to_consumer,fulfilled,2026-09-04,2026-09-06,2026-09-04,PA2,OnTrac,1,1,7.0,2.22,0.5,9.72,shipmonk_estimate,USD
250510,7630755660086,Cattasaurus - shoproxstore - Shopify,direct_to_consumer,fulfilled,2026-09-04,2026-09-06,2026-09-04,NV3,Cirro,1,1,11.61,1.9,0.0,13.51,shipmonk_estimate,USD
250512,7630763426102,Cattasaurus - shoproxstore - Shopify,direct_to_consumer,fulfilled,2026-09-04,2026-09-06,2026-09-04,NV3,OnTrac,2,1,12.49,2.22,0.0,14.71,shipmonk_estimate,USD
250513,7630767980854,Cattasaurus - shoproxstore - Shopify,direct_to_consumer,fulfilled,2026-09-04,2026-09-06,2026-09-04,NV3,OnTrac,2,1,20.37,2.22,0.0,22.59,shipmonk_estimate,USD
250514,7630774993206,Cattasaurus - shoproxstore - Shopify,direct_to_consumer,fulfilled,2026-09-04,2026-09-06,2026-09-04,PA2,OnTrac,2,1,11.61,2.22,0.0,13.83,shipmonk_estimate,USD
250515,7630794031414,Cattasaurus - shoproxstore - Shopify,direct_to_consumer,fulfilled,2026-09-04,2026-09-05,2026-09-04,NV3,OnTrac,3,1,33.98,2.54,0.0,36.52,shipmonk_estimate,USD
250516,7630803501366,Cattasaurus - shoproxstore - Shopify,direct_to_consumer,fulfilled,2026-09-04,2026-09-06,2026-09-04,NV3,OnTrac,2,1,15.32,2.22,0.0,17.54,shipmonk_estimate,USD
250517,7630837711158,Cattasaurus - shoproxstore - Shopify,direct_to_consumer,fulfilled,2026-09-04,2026-09-05,2026-09-04,NV3,OnTrac,3,1,18.08,2.54,0.0,20.62,shipmonk_estimate,USD
250517_1,6a16039d-a8b8-457a-a223-708bc5916b5e,Cattasaurus - shoproxstore - Shopify,direct_to_consumer,fulfilled,2026-09-04,2026-09-05,2026-09-04,NV3,OnTrac,3,1,22.66,2.54,0.0,25.2,shipmonk_estimate,USD
250518,7630843445558,Cattasaurus - shoproxstore - Shopify,direct_to_consumer,fulfilled,2026-09-04,2026-09-06,2026-09-04,NV3,OnTrac,2,1,23.21,2.22,0.0,25.43,shipmonk_estimate,USD
250519,7630844625206,Cattasaurus - shoproxstore - Shopify,direct_to_consumer,fulfilled,2026-09-04,2026-09-06,2026-09-04,PA2,FedEx,2,2,22.69,4.12,0.0,26.81,shipmonk_estimate,USD
250520,7630860026166,Cattasaurus - shoproxstore - Shopify,direct_to_consumer,fulfilled,2026-09-04,2026-09-06,2026-09-04,PA2,UPS,2,1,14.5,2.22,0.0,16.72,shipmonk_estimate,USD
250521,7630904033590,Cattasaurus - shoproxstore - Shopify,direct_to_consumer,fulfilled,2026-09-04,2026-09-06,2026-09-04,NV3,OnTrac,2,1,23.21,2.22,0.0,25.43,shipmonk_estimate,USD
250522,7630922383670,Cattasaurus - shoproxstore - Shopify,direct_to_consumer,fulfilled,2026-09-04,2026-09-06,2026-09-04,PA2,FedEx,2,1,12.74,2.22,0.0,14.96,shipmonk_estimate,USD
250523,7630922907958,Cattasaurus - shoproxstore - Shopify,direct_to_consumer,fulfilled,2026-09-04,2026-09-06,2026-09-04,PA2,OnTrac,1,1,14.99,1.9,0.0,16.89,shipmonk_estimate,USD
250525,7630929985846,Cattasaurus - shoproxstore - Shopify,direct_to_consumer,onhold,2026-09-04,,2026-09-04,PA2,ShipMonk,6,0,0.0,7.9,0.0,7.9,shipmonk_estimate,USD
250527,7630941323574,Cattasaurus - shoproxstore - Shopify,direct_to_consumer,fulfilled,2026-09-04,2026-09-06,2026-09-04,PA2,OnTrac,1,1,10.26,1.9,0.0,12.16,shipmonk_estimate,USD
250528,7630950039862,Cattasaurus - shoproxstore - Shopify,direct_to_consumer,fulfilled,2026-09-04,2026-09-06,2026-09-04,PA2,OnTrac,2,1,12.74,2.22,0.0,14.96,shipmonk_estimate,USD
250530,7630975992118,Cattasaurus - shoproxstore - Shopify,direct_to_consumer,fulfilled,2026-09-04,2026-09-08,2026-09-04,TO1,FedEx,1,1,21.17,2.31,0.0,23.48,shipmonk_estimate,CAD+USD
250531,7630993686838,Cattasaurus - shoproxstore - Shopify,direct_to_consumer,fulfilled,2026-09-04,2026-09-06,2026-09-04,PA2,OnTrac,2,1,17.64,2.22,0.0,19.86,shipmonk_estimate,USD
250532,7631005974838,Cattasaurus - shoproxstore - Shopify,direct_to_consumer,onhold,2026-09-04,,2026-09-04,PA2,ShipMonk,3,0,13.53,3.16,0.0,16.69,shipmonk_estimate,USD
250533,7631036842294,Cattasaurus - shoproxstore - Shopify,direct_to_consumer,fulfilled,2026-09-04,2026-09-06,2026-09-04,PA2,UPS,2,1,17.09,2.22,0.0,19.31,shipmonk_estimate,USD
250533_1,69d37d1c-e5c1-4609-b692-df47258ea58b,Cattasaurus - shoproxstore - Shopify,direct_to_consumer,fulfilled,2026-09-04,2026-09-06,2026-09-04,PA2,UPS,2,1,17.09,2.22,0.0,19.31,shipmonk_estimate,USD
250535,7631086879030,Cattasaurus - shoproxstore - Shopify,direct_to_consumer,fulfilled,2026-09-04,2026-09-06,2026-09-04,PA2,OnTrac,2,1,12.49,2.22,0.0,14.71,shipmonk_estimate,USD
250535_1,44a55053-b854-477c-97c0-196036fd5ec6,Cattasaurus - shoproxstore - Shopify,direct_to_consumer,fulfilled,2026-09-04,2026-09-06,2026-09-04,PA2,OnTrac,1,1,12.49,3.82,0.0,16.31,shipmonk_estimate,USD
250536,7631091007798,Cattasaurus - shoproxstore - Shopify,direct_to_consumer,fulfilled,2026-09-04,2026-09-06,2026-09-04,NV3,FedEx,1,1,22.51,7.88,0.0,30.39,shipmonk_estimate,USD
250537,7631091564854,Cattasaurus - shoproxstore - Shopify,direct_to_consumer,fulfilled,2026-09-04,2026-09-06,2026-09-04,NV3,UPS,2,1,17.0,2.22,0.0,19.22,shipmonk_estimate,USD
250538,7631098872118,Cattasaurus - shoproxstore - Shopify,direct_to_consumer,fulfilled,2026-09-04,2026-09-06,2026-09-04,PA2,FedEx,2,1,11.41,2.22,0.0,13.63,shipmonk_estimate,USD
250539,7631102804278,Cattasaurus - shoproxstore - Shopify,direct_to_consumer,fulfilled,2026-09-04,2026-09-06,2026-09-04,PA2,UPS,2,1,17.0,2.22,0.0,19.22,shipmonk_estimate,USD
250540,7631157068086,Cattasaurus - shoproxstore - Shopify,direct_to_consumer,fulfilled,2026-09-04,2026-09-06,2026-09-04,PA2,FedEx,3,2,25.9,4.12,0.0,30.02,shipmonk_estimate,USD
250541,7631184593206,Cattasaurus - shoproxstore - Shopify,direct_to_consumer,fulfilled,2026-09-04,2026-09-06,2026-09-04,PA2,OnTrac,2,1,13.95,2.22,0.0,16.17,shipmonk_estimate,USD
250542,7631188394294,Cattasaurus - shoproxstore - Shopify,direct_to_consumer,fulfilled,2026-09-04,2026-09-06,2026-09-04,PA2,UPS,2,1,19.4,2.22,0.0,21.62,shipmonk_estimate,USD
250543,7631244329270,Cattasaurus - shoproxstore - Shopify,direct_to_consumer,fulfilled,2026-09-04,2026-09-06,2026-09-04,PA2,UPS,2,1,13.66,2.22,0.0,15.88,shipmonk_estimate,USD
250544,7631250719030,Cattasaurus - shoproxstore - Shopify,direct_to_consumer,fulfilled,2026-09-04,2026-09-05,2026-09-04,NV3,OnTrac,2,1,35.74,2.22,0.0,37.96,shipmonk_estimate,USD
250545,7631274082614,Cattasaurus - shoproxstore - Shopify,direct_to_consumer,fulfilled,2026-09-04,2026-09-06,2026-09-04,NV3,OnTrac,2,1,12.74,2.22,0.0,14.96,shipmonk_estimate,USD
250546_1,75a30232-b9dc-4beb-bc00-dfb19524c680,Cattasaurus - shoproxstore - Shopify,direct_to_consumer,fulfilled,2026-09-04,2026-09-06,2026-09-04,NV3,OnTrac,3,1,14.99,2.86,0.0,17.85,shipmonk_estimate,USD
250547,7631314059574,Cattasaurus - shoproxstore - Shopify,direct_to_consumer,fulfilled,2026-09-04,2026-09-12,2026-09-04,NV3,UPS,2,1,25.27,2.22,0.0,27.49,shipmonk_estimate,USD
250548,7631322546486,Cattasaurus - shoproxstore - Shopify,direct_to_consumer,fulfilled,2026-09-04,2026-09-06,2026-09-04,NV3,OnTrac,2,1,33.4,2.22,0.0,35.62,shipmonk_estimate,USD
250549,7631371043126,Cattasaurus - shoproxstore - Shopify,direct_to_consumer,fulfilled,2026-09-04,2026-09-06,2026-09-04,PA2,OnTrac,2,1,12.74,2.22,0.0,14.96,shipmonk_estimate,USD
250550,7631418294582,Cattasaurus - shoproxstore - Shopify,direct_to_consumer,fulfilled,2026-09-04,2026-09-06,2026-09-04,PA2,OnTrac,3,1,10.58,2.54,0.0,13.12,shipmonk_estimate,USD
250551,7631439561014,Cattasaurus - shoproxstore - Shopify,direct_to_consumer,fulfilled,2026-09-04,2026-09-11,2026-09-04,PA2,FedEx,2,1,20.53,2.22,0.0,22.75,shipmonk_estimate,USD
250552,7631502999862,Cattasaurus - shoproxstore - Shopify,direct_to_consumer,fulfilled,2026-09-04,2026-09-06,2026-09-04,PA2,OnTrac,2,1,17.0,2.22,0.0,19.22,shipmonk_estimate,USD
250553,7631508603190,Cattasaurus - shoproxstore - Shopify,direct_to_consumer,onhold,2026-09-04,,2026-09-04,NV3,ShipMonk,2,0,24.45,4.74,0.0,29.19,shipmonk_estimate,USD
250554,7631518302518,Cattasaurus - shoproxstore - Shopify,direct_to_consumer,fulfilled,2026-09-04,2026-09-06,2026-09-04,PA2,OnTrac,1,1,18.8,1.9,0.0,20.7,shipmonk_estimate,USD
250555,7631519744310,Cattasaurus - shoproxstore - Shopify,direct_to_consumer,fulfilled,2026-09-04,2026-09-06,2026-09-04,PA2,OnTrac,2,1,12.17,2.22,0.0,14.39,shipmonk_estimate,USD
250556,7631522038070,Cattasaurus - shoproxstore - Shopify,direct_to_consumer,fulfilled,2026-09-04,2026-09-06,2026-09-04,NV3,OnTrac,2,1,16.7,2.22,0.0,18.92,shipmonk_estimate,USD
250557,7631555166518,Cattasaurus - shoproxstore - Shopify,direct_to_consumer,fulfilled,2026-09-04,2026-09-06,2026-09-04,NV3,UPS,3,2,22.79,4.12,1.3,28.21,shipmonk_estimate,USD
250558,7631556182326,Cattasaurus - shoproxstore - Shopify,direct_to_consumer,fulfilled,2026-09-04,2026-09-06,2026-09-04,NV3,Cirro,2,1,11.61,2.22,0.0,13.83,shipmonk_estimate,USD
250561,7631587148086,Cattasaurus - shoproxstore - Shopify,direct_to_consumer,fulfilled,2026-09-04,2026-09-08,2026-09-04,NV3,OnTrac,2,1,15.17,2.22,0.0,17.39,shipmonk_estimate,USD
250561_1,e8a8c425-fd6a-4f36-9766-e963347042c9,Cattasaurus - shoproxstore - Shopify,direct_to_consumer,fulfilled,2026-09-04,2026-09-08,2026-09-04,NV3,OnTrac,2,1,15.17,2.22,0.0,17.39,shipmonk_estimate,USD
250562,7631605727542,Cattasaurus - shoproxstore - Shopify,direct_to_consumer,fulfilled,2026-09-04,2026-09-06,2026-09-04,PA2,OnTrac,2,1,10.26,2.22,0.0,12.48,shipmonk_estimate,USD
250563,7631612379446,Cattasaurus - shoproxstore - Shopify,direct_to_consumer,fulfilled,2026-09-04,2026-09-06,2026-09-04,NV3,FedEx,2,1,18.91,2.22,0.0,21.13,shipmonk_estimate,USD
250564,7631628861750,Cattasaurus - shoproxstore - Shopify,direct_to_consumer,fulfilled,2026-09-04,2026-09-05,2026-09-04,PA2,OnTrac,3,1,12.94,2.54,0.0,15.48,shipmonk_estimate,USD
250565,7631647179062,Cattasaurus - shoproxstore - Shopify,direct_to_consumer,fulfilled,2026-09-04,2026-09-06,2026-09-04,PA2,OnTrac,2,1,15.24,2.22,0.0,17.46,shipmonk_estimate,USD
250566,7631651701046,Cattasaurus - shoproxstore - Shopify,direct_to_consumer,fulfilled,2026-09-04,2026-09-06,2026-09-04,PA2,OnTrac,2,1,10.58,2.22,0.0,12.8,shipmonk_estimate,USD
250567,7631667855670,Cattasaurus - shoproxstore - Shopify,direct_to_consumer,fulfilled,2026-09-04,2026-09-06,2026-09-04,NV3,OnTrac,3,1,20.28,3.18,0.0,23.46,shipmonk_estimate,USD
250568,7631669002550,Cattasaurus - shoproxstore - Shopify,direct_to_consumer,fulfilled,2026-09-04,2026-09-06,2026-09-04,NV3,OnTrac,2,1,17.64,2.22,0.0,19.86,shipmonk_estimate,USD
250570,7631723397430,Cattasaurus - shoproxstore - Shopify,direct_to_consumer,fulfilled,2026-09-04,2026-09-06,2026-09-04,PA2,OnTrac,2,1,14.99,2.22,0.0,17.21,shipmonk_estimate,USD
250571,7631747612982,Cattasaurus - shoproxstore - Shopify,direct_to_consumer,fulfilled,2026-09-04,2026-09-06,2026-09-04,NV3,OnTrac,2,1,20.28,2.22,0.0,22.5,shipmonk_estimate,USD
250573,7631786213686,Cattasaurus - shoproxstore - Shopify,direct_to_consumer,fulfilled,2026-09-04,2026-09-06,2026-09-04,NV3,OnTrac,1,1,11.9,1.9,0.0,13.8,shipmonk_estimate,USD
250574,7631792472374,Cattasaurus - shoproxstore - Shopify,direct_to_consumer,fulfilled,2026-09-04,2026-09-06,2026-09-04,NV3,FedEx,2,1,17.84,2.22,0.0,20.06,shipmonk_estimate,USD
250575,7631798829366,Cattasaurus - shoproxstore - Shopify,direct_to_consumer,fulfilled,2026-09-04,2026-09-07,2026-09-04,NV3,OnTrac,2,1,23.34,1.9,0.0,25.24,shipmonk_estimate,USD
250577,7631815246134,Cattasaurus - shoproxstore - Shopify,direct_to_consumer,fulfilled,2026-09-04,2026-09-06,2026-09-04,NV3,OnTrac,2,1,12.49,2.22,0.0,14.71,shipmonk_estimate,USD
250578,7631828255030,Cattasaurus - shoproxstore - Shopify,direct_to_consumer,fulfilled,2026-09-04,2026-09-06,2026-09-04,NV3,OnTrac,2,1,16.23,2.22,0.0,18.45,shipmonk_estimate,USD
250579,7631850012982,Cattasaurus - shoproxstore - Shopify,direct_to_consumer,fulfilled,2026-09-04,2026-09-06,2026-09-04,PA2,OnTrac,2,1,13.37,2.22,0.0,15.59,shipmonk_estimate,USD
250580,7631852437814,Cattasaurus - shoproxstore - Shopify,direct_to_consumer,fulfilled,2026-09-04,2026-09-06,2026-09-04,NV3,OnTrac,2,1,14.99,2.22,0.0,17.21,shipmonk_estimate,USD
250581,7631878029622,Cattasaurus - shoproxstore - Shopify,direct_to_consumer,fulfilled,2026-09-04,2026-09-06,2026-09-04,NV3,OnTrac,2,1,14.99,2.22,0.0,17.21,shipmonk_estimate,USD
250582,7631940911414,Cattasaurus - shoproxstore - Shopify,direct_to_consumer,fulfilled,2026-09-04,2026-09-06,2026-09-04,NV3,OnTrac,5,1,22.04,3.82,0.0,25.86,shipmonk_estimate,USD
250583,7632001335606,Cattasaurus - shoproxstore - Shopify,direct_to_consumer,fulfilled,2026-09-04,2026-09-06,2026-09-04,PA2,OnTrac,2,1,20.28,2.22,0.0,22.5,shipmonk_estimate,USD
111-8656225-6337055,111-8656225-6337055,Cattasaurus - Amazon USA,direct_to_consumer,fulfilled,2026-09-05,2026-09-05,2026-09-05,NV3,OnTrac,1,1,24.45,1.9,0.0,26.35,shipmonk_estimate,USD
112-1959995-8810646,112-1959995-8810646,Cattasaurus - Amazon USA,direct_to_consumer,fulfilled,2026-09-05,2026-09-05,2026-09-05,PA2,OnTrac,1,1,16.39,2.22,0.0,18.61,shipmonk_estimate,USD
200015154959417,129124922349538,Cattasaurus - Walmart,direct_to_consumer,fulfilled,2026-09-05,2026-09-06,2026-09-05,PA2,UPS,1,1,16.6,1.9,0.0,18.5,shipmonk_estimate,USD
200015305530074,129124923778278,Cattasaurus - Walmart,direct_to_consumer,fulfilled,2026-09-05,2026-09-06,2026-09-05,NV3,UPS,1,1,24.97,1.9,0.0,26.87,shipmonk_estimate,USD
200015388905806,129124922707993,Cattasaurus - Walmart,direct_to_consumer,fulfilled,2026-09-05,2026-09-07,2026-09-05,PA2,UPS,1,1,22.78,1.9,0.0,24.68,shipmonk_estimate,USD
250589,7632117858614,Cattasaurus - shoproxstore - Shopify,direct_to_consumer,fulfilled,2026-09-05,2026-09-06,2026-09-05,NV3,OnTrac,2,1,22.51,2.22,0.0,24.73,shipmonk_estimate,USD
250591,7632246112566,Cattasaurus - shoproxstore - Shopify,direct_to_consumer,fulfilled,2026-09-05,2026-09-08,2026-09-05,NV3,FedEx,3,1,32.47,2.54,0.0,35.01,shipmonk_estimate,USD
250592,7632267182390,Cattasaurus - shoproxstore - Shopify,direct_to_consumer,fulfilled,2026-09-05,2026-09-06,2026-09-05,NV3,OnTrac,1,1,26.72,1.9,0.0,28.62,shipmonk_estimate,USD
250593,7632319054134,Cattasaurus - shoproxstore - Shopify,direct_to_consumer,fulfilled,2026-09-05,2026-09-06,2026-09-05,PA2,UPS,2,1,19.4,2.22,0.0,21.62,shipmonk_estimate,USD
250595,7632347038006,Cattasaurus - shoproxstore - Shopify,direct_to_consumer,fulfilled,2026-09-05,2026-09-06,2026-09-05,PA2,OnTrac,2,1,19.32,2.22,0.0,21.54,shipmonk_estimate,USD
250596,7632348053814,Cattasaurus - shoproxstore - Shopify,direct_to_consumer,fulfilled,2026-09-05,2026-09-09,2026-09-05,PA2,FedEx,2,1,12.89,2.22,0.0,15.11,shipmonk_estimate,USD
250596_1,20ebef35-4de0-498f-88f6-e1590a1fb58e,Cattasaurus - shoproxstore - Shopify,direct_to_consumer,fulfilled,2026-09-05,2026-09-08,2026-09-05,PA2,FedEx,2,1,12.64,2.22,0.0,14.86,shipmonk_estimate,USD
250597,7632356770102,Cattasaurus - shoproxstore - Shopify,direct_to_consumer,fulfilled,2026-09-05,2026-09-09,2026-09-05,NV3,OnTrac,2,1,18.3,2.86,0.0,21.16,shipmonk_estimate,USD
250598,7632359162166,Cattasaurus - shoproxstore - Shopify,direct_to_consumer,fulfilled,2026-09-05,2026-09-06,2026-09-05,NV3,FedEx,2,1,18.61,2.22,0.0,20.83,shipmonk_estimate,USD
250599,7632371024182,Cattasaurus - shoproxstore - Shopify,direct_to_consumer,fulfilled,2026-09-05,2026-09-06,2026-09-05,NV3,OnTrac,1,1,18.08,2.22,0.0,20.3,shipmonk_estimate,USD
250600,7632372302134,Cattasaurus - shoproxstore - Shopify,direct_to_consumer,fulfilled,2026-09-05,2026-09-06,2026-09-05,PA2,OnTrac,1,1,17.08,2.22,0.0,19.3,shipmonk_estimate,USD
250601,7632374694198,Cattasaurus - shoproxstore - Shopify,direct_to_consumer,fulfilled,2026-09-05,2026-09-06,2026-09-05,NV3,OnTrac,2,1,23.21,2.22,0.0,25.43,shipmonk_estimate,USD
250602,7632390553910,Cattasaurus - shoproxstore - Shopify,direct_to_consumer,fulfilled,2026-09-05,2026-09-06,2026-09-05,NV3,UPS,2,1,20.37,2.22,0.0,22.59,shipmonk_estimate,USD
250603,7632405496118,Cattasaurus - shoproxstore - Shopify,direct_to_consumer,fulfilled,2026-09-05,2026-09-06,2026-09-05,PA2,OnTrac,1,1,13.37,1.9,0.0,15.27,shipmonk_estimate,USD
250604,7632406708534,Cattasaurus - shoproxstore - Shopify,direct_to_consumer,fulfilled,2026-09-05,2026-09-06,2026-09-05,PA2,OnTrac,2,1,22.04,2.22,0.0,24.26,shipmonk_estimate,USD
250605,7632414671158,Cattasaurus - shoproxstore - Shopify,direct_to_consumer,fulfilled,2026-09-05,2026-09-06,2026-09-05,NV3,OnTrac,2,1,19.84,2.22,0.0,22.06,shipmonk_estimate,USD
250607,7632435609910,Cattasaurus - shoproxstore - Shopify,direct_to_consumer,fulfilled,2026-09-05,2026-09-06,2026-09-05,PA2,OnTrac,3,1,16.75,2.54,0.0,19.29,shipmonk_estimate,USD
250608,7632441180470,Cattasaurus - shoproxstore - Shopify,direct_to_consumer,fulfilled,2026-09-05,2026-09-06,2026-09-05,NV3,FedEx,2,1,19.32,2.22,0.0,21.54,shipmonk_estimate,USD
250610,7632485581110,Cattasaurus - shoproxstore - Shopify,direct_to_consumer,fulfilled,2026-09-05,2026-09-06,2026-09-05,NV3,OnTrac,2,1,21.08,2.22,0.0,23.3,shipmonk_estimate,USD
250611,7632486203702,Cattasaurus - shoproxstore - Shopify,direct_to_consumer,fulfilled,2026-09-05,2026-09-06,2026-09-05,PA2,OnTrac,2,1,14.94,2.22,0.0,17.16,shipmonk_estimate,USD
250612,7632489972022,Cattasaurus - shoproxstore - Shopify,direct_to_consumer,fulfilled,2026-09-05,2026-09-06,2026-09-05,NV3,OnTrac,2,1,18.08,2.22,0.0,20.3,shipmonk_estimate,USD
250614,7632496394550,Cattasaurus - shoproxstore - Shopify,direct_to_consumer,fulfilled,2026-09-05,2026-09-06,2026-09-05,NV3,UPS,2,1,24.97,2.22,0.0,27.19,shipmonk_estimate,USD
250615,7632512450870,Cattasaurus - shoproxstore - Shopify,direct_to_consumer,fulfilled,2026-09-05,2026-09-08,2026-09-05,PA2,OnTrac,2,1,14.11,2.22,0.0,16.33,shipmonk_estimate,USD
250617,7632538566966,Cattasaurus - shoproxstore - Shopify,direct_to_consumer,fulfilled,2026-09-05,2026-09-06,2026-09-05,NV3,OnTrac,2,1,16.7,2.22,0.0,18.92,shipmonk_estimate,USD
250618,7632538763574,Cattasaurus - shoproxstore - Shopify,direct_to_consumer,fulfilled,2026-09-05,2026-09-06,2026-09-05,NV3,UPS,2,1,20.37,2.22,0.0,22.59,shipmonk_estimate,USD
250620,7632541974838,Cattasaurus - shoproxstore - Shopify,direct_to_consumer,fulfilled,2026-09-05,2026-09-06,2026-09-05,NV3,UPS,2,1,23.83,2.22,0.0,26.05,shipmonk_estimate,USD
250621,7632542630198,Cattasaurus - shoproxstore - Shopify,direct_to_consumer,fulfilled,2026-09-05,2026-09-06,2026-09-05,NV3,OnTrac,2,1,24.45,2.22,0.0,26.67,shipmonk_estimate,USD
250622,7632554328374,Cattasaurus - shoproxstore - Shopify,direct_to_consumer,fulfilled,2026-09-05,2026-09-06,2026-09-05,PA2,OnTrac,2,1,17.64,2.22,0.0,19.86,shipmonk_estimate,USD
250623,7632556065078,Cattasaurus - shoproxstore - Shopify,direct_to_consumer,fulfilled,2026-09-05,2026-09-06,2026-09-05,NV3,FedEx,3,1,19.84,2.54,0.0,22.38,shipmonk_estimate,USD
250624,7632558424374,Cattasaurus - shoproxstore - Shopify,direct_to_consumer,fulfilled,2026-09-05,2026-09-06,2026-09-05,PA2,UPS,2,1,13.37,2.22,0.0,15.59,shipmonk_estimate,USD
250626,7632576479542,Cattasaurus - shoproxstore - Shopify,direct_to_consumer,fulfilled,2026-09-05,2026-09-08,2026-09-05,PA2,UPS,2,2,28.78,4.12,0.0,32.9,shipmonk_estimate,USD
250626_1,6bbde186-0486-4551-8a33-20d782305927,Cattasaurus - shoproxstore - Shopify,direct_to_consumer,fulfilled,2026-09-05,2026-09-08,2026-09-05,PA2,SpeedX,1,1,6.9,1.58,0.0,8.48,shipmonk_estimate,USD
250627,7632583524662,Cattasaurus - shoproxstore - Shopify,direct_to_consumer,fulfilled,2026-09-05,2026-09-06,2026-09-05,PA2,OnTrac,2,1,12.0,2.22,0.0,14.22,shipmonk_estimate,USD
250628,7632587653430,Cattasaurus - shoproxstore - Shopify,direct_to_consumer,fulfilled,2026-09-05,2026-09-06,2026-09-05,PA2,FedEx,2,1,16.23,2.22,0.0,18.45,shipmonk_estimate,USD
250630,7632593420598,Cattasaurus - shoproxstore - Shopify,direct_to_consumer,fulfilled,2026-09-05,2026-09-06,2026-09-05,PA2,OnTrac,2,1,17.04,2.22,0.0,19.26,shipmonk_estimate,USD
250631,7632597877046,Cattasaurus - shoproxstore - Shopify,direct_to_consumer,fulfilled,2026-09-05,2026-09-06,2026-09-05,PA2,OnTrac,2,1,20.75,2.22,0.0,22.97,shipmonk_estimate,USD
250632,7632624451894,Cattasaurus - shoproxstore - Shopify,direct_to_consumer,fulfilled,2026-09-05,2026-09-06,2026-09-05,PA2,OnTrac,2,1,14.94,2.22,0.0,17.16,shipmonk_estimate,USD
250633,7632626024758,Cattasaurus - shoproxstore - Shopify,direct_to_consumer,fulfilled,2026-09-05,2026-09-06,2026-09-05,NV3,UPS,2,1,21.08,2.22,0.0,23.3,shipmonk_estimate,USD
250634,7632631267638,Cattasaurus - shoproxstore - Shopify,direct_to_consumer,fulfilled,2026-09-05,2026-09-06,2026-09-05,PA2,UPS,2,1,16.75,2.22,0.0,18.97,shipmonk_estimate,USD
250636,7632643916086,Cattasaurus - shoproxstore - Shopify,direct_to_consumer,fulfilled,2026-09-05,2026-09-06,2026-09-05,NV3,OnTrac,2,1,20.28,2.22,0.0,22.5,shipmonk_estimate,USD
250637,7632651878710,Cattasaurus - shoproxstore - Shopify,direct_to_consumer,fulfilled,2026-09-05,2026-09-05,2026-09-05,PA2,OnTrac,2,1,15.63,2.22,0.0,17.85,shipmonk_estimate,USD
250638,7632680878390,Cattasaurus - shoproxstore - Shopify,direct_to_consumer,fulfilled,2026-09-05,2026-09-06,2026-09-05,NV3,OnTrac,2,1,17.04,2.22,0.0,19.26,shipmonk_estimate,USD
250639,7632694935862,Cattasaurus - shoproxstore - Shopify,direct_to_consumer,fulfilled,2026-09-05,2026-09-06,2026-09-05,NV3,OnTrac,2,1,12.49,2.22,0.0,14.71,shipmonk_estimate,USD
250640,7632696672566,Cattasaurus - shoproxstore - Shopify,direct_to_consumer,fulfilled,2026-09-05,2026-09-06,2026-09-05,NV3,UPS,2,1,26.72,2.22,0.0,28.94,shipmonk_estimate,USD
250641,7632703324470,Cattasaurus - shoproxstore - Shopify,direct_to_consumer,fulfilled,2026-09-05,2026-09-06,2026-09-05,NV3,FedEx,2,2,26.48,4.76,0.0,31.24,shipmonk_estimate,USD
250642,7632704733494,Cattasaurus - shoproxstore - Shopify,direct_to_consumer,fulfilled,2026-09-05,2026-09-07,2026-09-05,PA2,OnTrac,2,1,10.7,2.22,0.0,12.92,shipmonk_estimate,USD
250643,7632704831798,Cattasaurus - shoproxstore - Shopify,direct_to_consumer,fulfilled,2026-09-05,2026-09-06,2026-09-05,PA2,OnTrac,2,1,18.8,2.22,0.0,21.02,shipmonk_estimate,USD
250644,7632711745846,Cattasaurus - shoproxstore - Shopify,direct_to_consumer,fulfilled,2026-09-05,2026-09-06,2026-09-05,PA2,FedEx,2,2,27.24,4.12,6.5,37.86,shipmonk_estimate,USD
250646,7632725147958,Cattasaurus - shoproxstore - Shopify,direct_to_consumer,fulfilled,2026-09-05,2026-09-06,2026-09-05,NV3,OnTrac,2,1,23.21,2.22,0.0,25.43,shipmonk_estimate,USD
250648,7632737206582,Cattasaurus - shoproxstore - Shopify,direct_to_consumer,fulfilled,2026-09-05,2026-09-09,2026-09-05,PA2,FedEx,2,2,28.91,4.12,0.0,33.03,shipmonk_estimate,USD
250648_1,bcbb07ac-310e-4ba1-97e5-422abe92ebb8,Cattasaurus - shoproxstore - Shopify,direct_to_consumer,fulfilled,2026-09-05,2026-09-08,2026-09-05,PA2,Cirro,1,1,10.33,1.58,0.0,11.91,shipmonk_estimate,USD
250649,7632742285622,Cattasaurus - shoproxstore - Shopify,direct_to_consumer,fulfilled,2026-09-05,2026-09-06,2026-09-05,NV3,OnTrac,2,1,24.97,2.22,0.0,27.19,shipmonk_estimate,USD
250650,7632750248246,Cattasaurus - shoproxstore - Shopify,direct_to_consumer,fulfilled,2026-09-05,2026-09-06,2026-09-05,PA2,OnTrac,2,1,26.21,2.22,0.0,28.43,shipmonk_estimate,USD
250651,7632752640310,Cattasaurus - shoproxstore - Shopify,direct_to_consumer,fulfilled,2026-09-05,2026-09-07,2026-09-05,PA2,OnTrac,2,1,10.38,2.22,0.0,12.6,shipmonk_estimate,USD
250652,7632756015414,Cattasaurus - shoproxstore - Shopify,direct_to_consumer,fulfilled,2026-09-05,2026-09-06,2026-09-05,PA2,OnTrac,2,1,12.0,2.22,0.0,14.22,shipmonk_estimate,USD
250653,7632756474166,Cattasaurus - shoproxstore - Shopify,direct_to_consumer,fulfilled,2026-09-05,2026-09-06,2026-09-05,PA2,UPS,2,1,14.25,2.22,0.0,16.47,shipmonk_estimate,USD
250654,7632757850422,Cattasaurus - shoproxstore - Shopify,direct_to_consumer,fulfilled,2026-09-05,2026-09-07,2026-09-05,PA2,UPS,2,1,13.53,2.22,0.0,15.75,shipmonk_estimate,USD
250655,7632758014262,Cattasaurus - shoproxstore - Shopify,direct_to_consumer,fulfilled,2026-09-05,2026-09-06,2026-09-05,PA2,UPS,3,1,18.8,3.18,0.0,21.98,shipmonk_estimate,USD
250657,7632766730550,Cattasaurus - shoproxstore - Shopify,direct_to_consumer,fulfilled,2026-09-05,2026-09-07,2026-09-05,PA2,OnTrac,2,1,12.33,2.22,0.0,14.55,shipmonk_estimate,USD
250658,7632774103350,Cattasaurus - shoproxstore - Shopify,direct_to_consumer,fulfilled,2026-09-05,2026-09-08,2026-09-05,PA2,OnTrac,1,1,22.99,7.88,0.0,30.87,shipmonk_estimate,USD
250658_1,98430d0a-7b1c-4806-8e0b-55d82e07c932,Cattasaurus - shoproxstore - Shopify,direct_to_consumer,fulfilled,2026-09-05,2026-09-08,2026-09-05,PA2,OnTrac,1,1,22.99,7.88,0.0,30.87,shipmonk_estimate,USD
250659,7632790126902,Cattasaurus - shoproxstore - Shopify,direct_to_consumer,fulfilled,2026-09-05,2026-09-06,2026-09-05,NV3,UPS,2,1,22.94,2.22,0.0,25.16,shipmonk_estimate,USD
250660,7632797729078,Cattasaurus - shoproxstore - Shopify,direct_to_consumer,fulfilled,2026-09-05,2026-09-06,2026-09-05,PA2,OnTrac,1,1,12.49,1.9,0.0,14.39,shipmonk_estimate,USD
250661,7632808345910,Cattasaurus - shoproxstore - Shopify,direct_to_consumer,fulfilled,2026-09-05,2026-09-06,2026-09-05,PA2,OnTrac,2,1,11.61,2.22,0.0,13.83,shipmonk_estimate,USD
250662,7632813588790,Cattasaurus - shoproxstore - Shopify,direct_to_consumer,fulfilled,2026-09-05,2026-09-06,2026-09-05,PA2,OnTrac,2,1,14.99,2.22,0.0,17.21,shipmonk_estimate,USD
250664,7632822206774,Cattasaurus - shoproxstore - Shopify,direct_to_consumer,fulfilled,2026-09-05,2026-09-06,2026-09-05,PA2,OnTrac,2,1,12.74,2.22,0.0,14.96,shipmonk_estimate,USD
250665,7632825024822,Cattasaurus - shoproxstore - Shopify,direct_to_consumer,fulfilled,2026-09-05,2026-09-06,2026-09-05,PA2,OnTrac,3,1,16.7,3.18,0.0,19.88,shipmonk_estimate,USD
250666,7632834068790,Cattasaurus - shoproxstore - Shopify,direct_to_consumer,fulfilled,2026-09-05,2026-09-06,2026-09-05,NV3,FedEx,3,1,18.91,3.18,0.0,22.09,shipmonk_estimate,USD
250668,7632878272822,Cattasaurus - shoproxstore - Shopify,direct_to_consumer,fulfilled,2026-09-05,2026-09-06,2026-09-05,NV3,OnTrac,1,1,24.97,1.9,0.0,26.87,shipmonk_estimate,USD
250669,7632881615158,Cattasaurus - shoproxstore - Shopify,direct_to_consumer,fulfilled,2026-09-05,2026-09-08,2026-09-05,PA2,Cirro,1,1,10.33,1.58,0.0,11.91,shipmonk_estimate,USD
250669_1,da206799-4f90-404b-b385-3d7946420696,Cattasaurus - shoproxstore - Shopify,direct_to_consumer,fulfilled,2026-09-05,2026-09-08,2026-09-05,PA2,Cirro,1,1,10.33,1.58,0.0,11.91,shipmonk_estimate,USD
250670,7632903307574,Cattasaurus - shoproxstore - Shopify,direct_to_consumer,fulfilled,2026-09-05,2026-09-08,2026-09-05,PA2,OnTrac,2,1,19.63,2.22,0.0,21.85,shipmonk_estimate,USD
250672,7632923164982,Cattasaurus - shoproxstore - Shopify,direct_to_consumer,fulfilled,2026-09-05,2026-09-06,2026-09-05,NV3,OnTrac,2,1,26.21,4.14,0.0,30.35,shipmonk_estimate,USD
250673,7632925688118,Cattasaurus - shoproxstore - Shopify,direct_to_consumer,fulfilled,2026-09-05,2026-09-07,2026-09-05,PA2,OnTrac,2,1,15.12,2.22,0.0,17.34,shipmonk_estimate,USD
250674,7632939221302,Cattasaurus - shoproxstore - Shopify,direct_to_consumer,fulfilled,2026-09-05,2026-09-06,2026-09-05,NV3,OnTrac,2,1,21.06,2.22,0.0,23.28,shipmonk_estimate,USD
250675,7632949248310,Cattasaurus - shoproxstore - Shopify,direct_to_consumer,fulfilled,2026-09-05,2026-09-08,2026-09-05,PA2,FedEx,2,1,19.14,2.22,0.0,21.36,shipmonk_estimate,USD
250675_1,f8df4087-9c6e-4735-9aee-4e7d0be70679,Cattasaurus - shoproxstore - Shopify,direct_to_consumer,fulfilled,2026-09-05,2026-09-08,2026-09-05,PA2,FedEx,1,1,19.14,3.82,0.0,22.96,shipmonk_estimate,USD
250676,7632953671990,Cattasaurus - shoproxstore - Shopify,direct_to_consumer,fulfilled,2026-09-05,2026-09-06,2026-09-05,NV3,FedEx,2,1,21.06,2.22,0.0,23.28,shipmonk_estimate,USD
250677,7632970449206,Cattasaurus - shoproxstore - Shopify,direct_to_consumer,fulfilled,2026-09-05,2026-09-06,2026-09-05,NV3,OnTrac,2,1,11.61,2.22,0.0,13.83,shipmonk_estimate,USD
250678,7632977756470,Cattasaurus - shoproxstore - Shopify,direct_to_consumer,fulfilled,2026-09-05,2026-09-07,2026-09-05,NV3,UPS,2,1,27.04,2.22,0.0,29.26,shipmonk_estimate,USD
250679,7632987324726,Cattasaurus - shoproxstore - Shopify,direct_to_consumer,fulfilled,2026-09-05,2026-09-07,2026-09-05,PA2,OnTrac,2,1,21.0,2.22,0.0,23.22,shipmonk_estimate,USD
250680,7633023762742,Cattasaurus - shoproxstore - Shopify,direct_to_consumer,fulfilled,2026-09-05,2026-09-06,2026-09-05,NV3,OnTrac,2,1,12.49,2.22,0.0,14.71,shipmonk_estimate,USD
250681,7633049780534,Cattasaurus - shoproxstore - Shopify,direct_to_consumer,fulfilled,2026-09-05,2026-09-07,2026-09-05,PA2,UPS,2,1,22.78,2.22,0.0,25.0,shipmonk_estimate,USD
250683,7633108894006,Cattasaurus - shoproxstore - Shopify,direct_to_consumer,fulfilled,2026-09-05,2026-09-06,2026-09-05,NV3,OnTrac,2,1,12.49,2.22,0.0,14.71,shipmonk_estimate,USD
250684,7633120559414,Cattasaurus - shoproxstore - Shopify,direct_to_consumer,fulfilled,2026-09-05,2026-09-06,2026-09-05,NV3,UPS,2,1,23.21,2.22,0.0,25.43,shipmonk_estimate,USD
250686,7633163682102,Cattasaurus - shoproxstore - Shopify,direct_to_consumer,fulfilled,2026-09-05,2026-09-07,2026-09-05,PA2,OnTrac,2,1,15.42,1.9,0.0,17.32,shipmonk_estimate,USD
250687,7633169482038,Cattasaurus - shoproxstore - Shopify,direct_to_consumer,fulfilled,2026-09-05,2026-09-07,2026-09-05,PA2,OnTrac,2,1,12.14,2.22,0.0,14.36,shipmonk_estimate,USD
250688,7633180229942,Cattasaurus - shoproxstore - Shopify,direct_to_consumer,fulfilled,2026-09-05,2026-09-07,2026-09-05,PA2,Cirro,3,1,8.31,4.14,0.8,13.25,shipmonk_estimate,USD
250691,7633195761974,Cattasaurus - shoproxstore - Shopify,direct_to_consumer,fulfilled,2026-09-05,2026-09-06,2026-09-05,NV3,OnTrac,1,1,14.99,1.9,0.0,16.89,shipmonk_estimate,USD
250693,7633230692662,Cattasaurus - shoproxstore - Shopify,direct_to_consumer,fulfilled,2026-09-05,2026-09-07,2026-09-05,PA2,FedEx,3,2,16.91,4.44,0.0,21.35,shipmonk_estimate,USD
250694,7633232003382,Cattasaurus - shoproxstore - Shopify,direct_to_consumer,fulfilled,2026-09-05,2026-09-07,2026-09-05,PA2,OnTrac,2,1,10.38,2.22,0.0,12.6,shipmonk_estimate,USD
250695,7633249042742,Cattasaurus - shoproxstore - Shopify,direct_to_consumer,fulfilled,2026-09-05,2026-09-07,2026-09-05,PA2,UPS,2,1,17.29,2.22,0.0,19.51,shipmonk_estimate,USD
250696,7633249304886,Cattasaurus - shoproxstore - Shopify,direct_to_consumer,fulfilled,2026-09-05,2026-09-07,2026-09-05,PA2,OnTrac,2,1,15.12,2.22,0.0,17.34,shipmonk_estimate,USD
250697,7633262870838,Cattasaurus - shoproxstore - Shopify,direct_to_consumer,fulfilled,2026-09-05,2026-09-07,2026-09-05,PA2,FedEx,2,1,17.51,2.22,0.0,19.73,shipmonk_estimate,USD
250700,7633308877110,Cattasaurus - shoproxstore - Shopify,direct_to_consumer,fulfilled,2026-09-05,2026-09-07,2026-09-05,NV3,OnTrac,2,1,15.17,2.22,0.0,17.39,shipmonk_estimate,USD
250701,7633313005878,Cattasaurus - shoproxstore - Shopify,direct_to_consumer,fulfilled,2026-09-05,2026-09-08,2026-09-05,NV3,UPS,3,1,32.47,3.18,0.0,35.65,shipmonk_estimate,USD
250702,7633334468918,Cattasaurus - shoproxstore - Shopify,direct_to_consumer,fulfilled,2026-09-05,2026-09-07,2026-09-05,PA2,UPS,2,1,14.42,2.22,0.0,16.64,shipmonk_estimate,USD
250705,7633376280886,Cattasaurus - shoproxstore - Shopify,direct_to_consumer,fulfilled,2026-09-05,2026-09-07,2026-09-05,PA2,OnTrac,2,1,20.53,2.22,0.0,22.75,shipmonk_estimate,USD
250706,7633381392694,Cattasaurus - shoproxstore - Shopify,direct_to_consumer,fulfilled,2026-09-05,2026-09-07,2026-09-05,PA2,OnTrac,2,1,13.92,2.22,0.0,16.14,shipmonk_estimate,USD
250707,7633398006070,Cattasaurus - shoproxstore - Shopify,direct_to_consumer,fulfilled,2026-09-05,2026-09-07,2026-09-05,PA2,FedEx,2,1,17.2,2.22,0.0,19.42,shipmonk_estimate,USD
250708,7633405575478,Cattasaurus - shoproxstore - Shopify,direct_to_consumer,fulfilled,2026-09-05,2026-09-07,2026-09-05,NV3,OnTrac,2,1,15.17,2.22,0.0,17.39,shipmonk_estimate,USD
250712,7633518788918,Cattasaurus - shoproxstore - Shopify,direct_to_consumer,fulfilled,2026-09-05,2026-09-08,2026-09-05,NV3,OnTrac,2,1,16.0,2.86,0.0,18.86,shipmonk_estimate,USD
250712_1,d30a86e1-dba2-4c5d-b408-0c2539fb7aa2,Cattasaurus - shoproxstore - Shopify,direct_to_consumer,fulfilled,2026-09-05,2026-09-08,2026-09-05,NV3,OnTrac,1,1,13.03,1.58,0.0,14.61,shipmonk_estimate,USD
250713,7633522032950,Cattasaurus - shoproxstore - Shopify,direct_to_consumer,fulfilled,2026-09-05,2026-09-07,2026-09-05,NV3,OnTrac,3,1,5.95,2.22,0.3,8.47,shipmonk_estimate,USD
250714,7633597464886,Cattasaurus - shoproxstore - Shopify,direct_to_consumer,fulfilled,2026-09-05,2026-09-07,2026-09-05,PA2,FedEx,2,1,12.64,2.22,0.0,14.86,shipmonk_estimate,USD
250715,7633734041910,Cattasaurus - shoproxstore - Shopify,direct_to_consumer,fulfilled,2026-09-05,2026-09-07,2026-09-05,PA2,OnTrac,2,1,19.02,2.22,0.0,21.24,shipmonk_estimate,USD
250716,7633734271286,Cattasaurus - shoproxstore - Shopify,direct_to_consumer,fulfilled,2026-09-05,2026-09-07,2026-09-05,PA2,Cirro,2,1,16.95,2.22,0.0,19.17,shipmonk_estimate,USD
250718,7633738662198,Cattasaurus - shoproxstore - Shopify,direct_to_consumer,fulfilled,2026-09-05,2026-09-07,2026-09-05,NV3,OnTrac,2,1,18.3,2.22,0.0,20.52,shipmonk_estimate,USD
250719,7633752555830,Cattasaurus - shoproxstore - Shopify,direct_to_consumer,fulfilled,2026-09-05,2026-09-07,2026-09-05,PA2,OnTrac,2,1,13.53,2.22,0.0,15.75,shipmonk_estimate,USD
250722,7633768087862,Cattasaurus - shoproxstore - Shopify,direct_to_consumer,fulfilled,2026-09-05,2026-09-13,2026-09-05,PA2,OnTrac,1,1,11.75,2.22,0.0,13.97,shipmonk_estimate,USD
250724,7633798791478,Cattasaurus - shoproxstore - Shopify,direct_to_consumer,fulfilled,2026-09-05,2026-09-07,2026-09-05,PA2,UPS,2,1,14.42,2.22,0.0,16.64,shipmonk_estimate,USD
250725,7633869472054,Cattasaurus - shoproxstore - Shopify,direct_to_consumer,fulfilled,2026-09-05,2026-09-07,2026-09-05,PA2,OnTrac,1,1,13.53,1.9,0.0,15.43,shipmonk_estimate,USD
250726,7633870127414,Cattasaurus - shoproxstore - Shopify,direct_to_consumer,fulfilled,2026-09-05,2026-09-07,2026-09-05,NV3,OnTrac,1,1,24.71,2.54,0.0,27.25,shipmonk_estimate,USD
250728,7633881039158,Cattasaurus - shoproxstore - Shopify,direct_to_consumer,fulfilled,2026-09-05,2026-09-07,2026-09-05,PA2,UPS,2,1,23.21,2.22,0.0,25.43,shipmonk_estimate,USD
250729,7633883726134,Cattasaurus - shoproxstore - Shopify,direct_to_consumer,fulfilled,2026-09-05,2026-09-07,2026-09-05,NV3,OnTrac,2,1,24.74,2.22,0.0,26.96,shipmonk_estimate,USD
250730,7633887461686,Cattasaurus - shoproxstore - Shopify,direct_to_consumer,fulfilled,2026-09-05,2026-09-07,2026-09-05,PA2,UPS,2,1,22.78,2.22,0.0,25.0,shipmonk_estimate,USD
250731_1,8ff354ea-da26-4320-843a-05f7dd8a3a6c,Cattasaurus - shoproxstore - Shopify,direct_to_consumer,fulfilled,2026-09-05,2026-09-08,2026-09-05,PA2,UPS,2,1,19.63,2.22,0.0,21.85,shipmonk_estimate,USD
250732,7634077483318,Cattasaurus - shoproxstore - Shopify,direct_to_consumer,fulfilled,2026-09-05,2026-09-07,2026-09-05,PA2,OnTrac,2,1,10.7,2.22,0.0,12.92,shipmonk_estimate,USD
250733,7634080694582,Cattasaurus - shoproxstore - Shopify,direct_to_consumer,fulfilled,2026-09-05,2026-09-07,2026-09-05,NV3,FedEx,3,2,22.02,4.12,1.3,27.44,shipmonk_estimate,USD
250734,7634104910134,Cattasaurus - shoproxstore - Shopify,direct_to_consumer,fulfilled,2026-09-05,2026-09-07,2026-09-05,PA2,UPS,2,1,14.42,2.22,0.0,16.64,shipmonk_estimate,USD
250735,7634109464886,Cattasaurus - shoproxstore - Shopify,direct_to_consumer,fulfilled,2026-09-05,2026-09-07,2026-09-05,PA2,UPS,2,1,15.09,2.22,0.0,17.31,shipmonk_estimate,USD
250737,7634157273398,Cattasaurus - shoproxstore - Shopify,direct_to_consumer,fulfilled,2026-09-05,2026-09-08,2026-09-05,PA2,Cirro,4,1,8.97,2.54,0.5,12.01,shipmonk_estimate,USD
250737_1,224f2b19-86f3-40d1-bf27-98eb145c50af,Cattasaurus - shoproxstore - Shopify,direct_to_consumer,fulfilled,2026-09-05,2026-09-08,2026-09-05,PA2,Cirro,1,1,6.9,1.58,0.0,8.48,shipmonk_estimate,USD
250738,7634174607670,Cattasaurus - shoproxstore - Shopify,direct_to_consumer,fulfilled,2026-09-05,2026-09-07,2026-09-05,PA2,UPS,2,1,13.53,2.22,0.0,15.75,shipmonk_estimate,USD
250739,7634177655094,Cattasaurus - shoproxstore - Shopify,direct_to_consumer,fulfilled,2026-09-05,2026-09-08,2026-09-05,NV3,OnTrac,2,1,22.31,2.22,0.0,24.53,shipmonk_estimate,USD
250739_1,ff196e03-81e3-481f-a08a-806d1b151c1c,Cattasaurus - shoproxstore - Shopify,direct_to_consumer,fulfilled,2026-09-05,2026-09-08,2026-09-05,NV3,UPS,3,2,28.18,4.44,0.0,32.62,shipmonk_estimate,USD
250740,7634178670902,Cattasaurus - shoproxstore - Shopify,direct_to_consumer,fulfilled,2026-09-05,2026-09-07,2026-09-05,PA2,Cirro,2,1,16.95,2.22,0.0,19.17,shipmonk_estimate,USD
250741,7634186862902,Cattasaurus - shoproxstore - Shopify,direct_to_consumer,fulfilled,2026-09-05,2026-09-08,2026-09-05,PA2,OnTrac,2,1,17.2,2.22,0.0,19.42,shipmonk_estimate,USD
250741_1,58e519e6-abcf-483d-998a-6a2122b9f4a5,Cattasaurus - shoproxstore - Shopify,direct_to_consumer,fulfilled,2026-09-05,2026-09-08,2026-09-05,PA2,OnTrac,1,1,17.2,3.82,0.0,21.02,shipmonk_estimate,USD
250743,7634196889910,Cattasaurus - shoproxstore - Shopify,direct_to_consumer,fulfilled,2026-09-05,2026-09-07,2026-09-05,NV3,OnTrac,2,1,15.12,2.22,0.0,17.34,shipmonk_estimate,USD
250744,7634197315894,Cattasaurus - shoproxstore - Shopify,direct_to_consumer,fulfilled,2026-09-05,2026-09-07,2026-09-05,PA2,OnTrac,1,1,12.64,1.9,0.0,14.54,shipmonk_estimate,USD
250745,7634197807414,Cattasaurus - shoproxstore - Shopify,direct_to_consumer,fulfilled,2026-09-05,2026-09-07,2026-09-05,PA2,OnTrac,2,1,14.1,2.22,0.0,16.32,shipmonk_estimate,USD
250746,7634203803958,Cattasaurus - shoproxstore - Shopify,direct_to_consumer,fulfilled,2026-09-05,2026-09-07,2026-09-05,PA2,OnTrac,2,1,17.24,2.22,0.0,19.46,shipmonk_estimate,USD
250747,7634232049974,Cattasaurus - shoproxstore - Shopify,direct_to_consumer,fulfilled,2026-09-05,2026-09-07,2026-09-05,NV3,OnTrac,2,1,25.27,2.22,0.0,27.49,shipmonk_estimate,USD
250749,7634254659894,Cattasaurus - shoproxstore - Shopify,direct_to_consumer,fulfilled,2026-09-05,2026-09-07,2026-09-05,PA2,USPS,1,1,5.07,1.58,0.3,6.95,shipmonk_estimate,USD
250750,7634271863094,Cattasaurus - shoproxstore - Shopify,direct_to_consumer,fulfilled,2026-09-05,2026-09-07,2026-09-05,PA2,OnTrac,3,1,12.04,2.54,0.0,14.58,shipmonk_estimate,USD
250751,7634277073206,Cattasaurus - shoproxstore - Shopify,direct_to_consumer,fulfilled,2026-09-05,2026-09-07,2026-09-05,NV3,OnTrac,2,1,24.74,2.22,0.0,26.96,shipmonk_estimate,USD
250752,7634280317238,Cattasaurus - shoproxstore - Shopify,direct_to_consumer,fulfilled,2026-09-05,2026-09-07,2026-09-05,NV3,OnTrac,2,1,18.3,2.22,0.0,20.52,shipmonk_estimate,USD
250753,7634301616438,Cattasaurus - shoproxstore - Shopify,direct_to_consumer,fulfilled,2026-09-05,2026-09-07,2026-09-05,PA2,UPS,2,1,12.17,2.22,0.0,14.39,shipmonk_estimate,USD
250754,7634305483062,Cattasaurus - shoproxstore - Shopify,direct_to_consumer,fulfilled,2026-09-05,2026-09-07,2026-09-05,PA2,OnTrac,2,1,16.43,2.22,0.0,18.65,shipmonk_estimate,USD
250755,7634317443382,Cattasaurus - shoproxstore - Shopify,direct_to_consumer,fulfilled,2026-09-05,2026-09-07,2026-09-05,NV3,FedEx,2,1,23.1,2.22,0.0,25.32,shipmonk_estimate,USD
250756,7634318360886,Cattasaurus - shoproxstore - Shopify,direct_to_consumer,fulfilled,2026-09-05,2026-09-07,2026-09-05,PA2,OnTrac,1,1,20.53,2.22,0.0,22.75,shipmonk_estimate,USD
250757,7634320064822,Cattasaurus - shoproxstore - Shopify,direct_to_consumer,fulfilled,2026-09-05,2026-09-07,2026-09-05,NV3,OnTrac,2,1,23.1,2.22,0.0,25.32,shipmonk_estimate,USD
250758,7634321080630,Cattasaurus - shoproxstore - Shopify,direct_to_consumer,fulfilled,2026-09-05,2026-09-07,2026-09-05,PA2,OnTrac,1,1,21.0,1.9,0.0,22.9,shipmonk_estimate,USD
250760,7634329305398,Cattasaurus - shoproxstore - Shopify,direct_to_consumer,fulfilled,2026-09-05,2026-09-07,2026-09-05,NV3,OnTrac,2,1,24.74,2.22,0.0,26.96,shipmonk_estimate,USD
250761,7634334351670,Cattasaurus - shoproxstore - Shopify,direct_to_consumer,fulfilled,2026-09-05,2026-09-07,2026-09-05,PA2,OnTrac,2,1,16.43,2.22,0.0,18.65,shipmonk_estimate,USD
250762,7634345460022,Cattasaurus - shoproxstore - Shopify,direct_to_consumer,fulfilled,2026-09-05,2026-09-07,2026-09-05,PA2,OnTrac,2,1,10.38,2.22,0.0,12.6,shipmonk_estimate,USD
250763,7634351194422,Cattasaurus - shoproxstore - Shopify,direct_to_consumer,fulfilled,2026-09-05,2026-09-07,2026-09-05,NV3,OnTrac,2,1,15.12,2.22,0.0,17.34,shipmonk_estimate,USD
250764,7634355028278,Cattasaurus - shoproxstore - Shopify,direct_to_consumer,fulfilled,2026-09-05,2026-09-07,2026-09-05,PA2,OnTrac,2,1,15.42,2.22,0.0,17.64,shipmonk_estimate,USD
250765,7634390188342,Cattasaurus - shoproxstore - Shopify,direct_to_consumer,fulfilled,2026-09-05,2026-09-06,2026-09-05,PA2,UPS,2,1,20.67,2.22,0.0,22.89,shipmonk_estimate,USD
250766,7634400870710,Cattasaurus - shoproxstore - Shopify,direct_to_consumer,fulfilled,2026-09-05,2026-09-07,2026-09-05,NV3,UPS,2,1,16.95,2.22,0.0,19.17,shipmonk_estimate,USD
250768,7634429280566,Cattasaurus - shoproxstore - Shopify,direct_to_consumer,fulfilled,2026-09-05,2026-09-07,2026-09-05,NV3,FedEx,2,2,46.83,4.12,0.0,50.95,shipmonk_estimate,USD
250769,7634440421686,Cattasaurus - shoproxstore - Shopify,direct_to_consumer,fulfilled,2026-09-05,2026-09-07,2026-09-05,NV3,OnTrac,2,1,29.18,2.22,0.0,31.4,shipmonk_estimate,USD
250770,7634451431734,Cattasaurus - shoproxstore - Shopify,direct_to_consumer,fulfilled,2026-09-05,2026-09-07,2026-09-05,NV3,OnTrac,2,1,12.64,2.22,0.0,14.86,shipmonk_estimate,USD
250771,7634451628342,Cattasaurus - shoproxstore - Shopify,direct_to_consumer,fulfilled,2026-09-05,2026-09-07,2026-09-05,NV3,UPS,1,1,22.78,2.22,0.0,25.0,shipmonk_estimate,USD
250772,7634458771766,Cattasaurus - shoproxstore - Shopify,direct_to_consumer,fulfilled,2026-09-05,2026-09-07,2026-09-05,PA2,OnTrac,2,1,14.8,2.22,0.0,17.02,shipmonk_estimate,USD
250774,7634471223606,Cattasaurus - shoproxstore - Shopify,direct_to_consumer,fulfilled,2026-09-05,2026-09-08,2026-09-05,PA2,UPS,2,1,18.21,2.22,0.0,20.43,shipmonk_estimate,USD
250774_1,1bc24ea4-4d31-4090-b9fe-062007db958b,Cattasaurus - shoproxstore - Shopify,direct_to_consumer,fulfilled,2026-09-05,2026-09-08,2026-09-05,PA2,UPS,1,1,17.2,3.82,0.0,21.02,shipmonk_estimate,USD
250775,7634471551286,Cattasaurus - shoproxstore - Shopify,direct_to_consumer,fulfilled,2026-09-05,2026-09-07,2026-09-05,PA2,FedEx,2,1,15.17,2.22,0.0,17.39,shipmonk_estimate,USD
250777,7634471977270,Cattasaurus - shoproxstore - Shopify,direct_to_consumer,fulfilled,2026-09-05,2026-09-07,2026-09-05,PA2,OnTrac,2,1,16.43,2.22,0.0,18.65,shipmonk_estimate,USD
250778,7634481086774,Cattasaurus - shoproxstore - Shopify,direct_to_consumer,fulfilled,2026-09-05,2026-09-07,2026-09-05,NV3,OnTrac,1,1,23.49,1.9,0.0,25.39,shipmonk_estimate,USD
250779,7634487083318,Cattasaurus - shoproxstore - Shopify,direct_to_consumer,fulfilled,2026-09-05,2026-09-07,2026-09-05,NV3,OnTrac,2,1,15.12,2.22,0.0,17.34,shipmonk_estimate,USD
250780,7634512118070,Cattasaurus - shoproxstore - Shopify,direct_to_consumer,fulfilled,2026-09-05,2026-09-07,2026-09-05,NV3,OnTrac,3,1,17.24,2.54,0.0,19.78,shipmonk_estimate,USD
250781,7634514772278,Cattasaurus - shoproxstore - Shopify,direct_to_consumer,fulfilled,2026-09-05,2026-09-07,2026-09-05,PA2,OnTrac,2,1,12.32,2.22,0.0,14.54,shipmonk_estimate,USD
250782,7634526077238,Cattasaurus - shoproxstore - Shopify,direct_to_consumer,fulfilled,2026-09-05,2026-09-07,2026-09-05,NV3,OnTrac,2,1,15.17,2.22,0.0,17.39,shipmonk_estimate,USD
250783,7634544427318,Cattasaurus - shoproxstore - Shopify,direct_to_consumer,fulfilled,2026-09-05,2026-09-07,2026-09-05,NV3,OnTrac,1,1,15.17,1.9,0.0,17.07,shipmonk_estimate,USD
250785,7634593349942,Cattasaurus - shoproxstore - Shopify,direct_to_consumer,fulfilled,2026-09-05,2026-09-07,2026-09-05,NV3,OnTrac,2,1,16.95,2.22,0.0,19.17,shipmonk_estimate,USD
250786,7634687000886,Cattasaurus - shoproxstore - Shopify,direct_to_consumer,fulfilled,2026-09-05,2026-09-07,2026-09-05,PA2,UPS,4,1,20.92,2.86,0.0,23.78,shipmonk_estimate,USD
250787,7634738970934,Cattasaurus - shoproxstore - Shopify,direct_to_consumer,fulfilled,2026-09-05,2026-09-07,2026-09-05,NV3,UPS,2,1,24.11,2.22,0.0,26.33,shipmonk_estimate,USD
577554381943967854,a7a0bdab-14b6-4a0c-995f-ca909fee149b,Cattasaurus - Manual Store,direct_to_consumer,fulfilled,2026-09-05,2026-09-05,2026-09-05,PA2,FedEx,1,1,22.66,1.9,0.0,24.56,shipmonk_estimate,USD
577554382721486960,71637f84-2af6-41e0-baf0-9a4b4389f439,Cattasaurus - Manual Store,direct_to_consumer,fulfilled,2026-09-05,2026-09-05,2026-09-05,PA2,FedEx,1,1,13.15,2.22,0.0,15.37,shipmonk_estimate,USD
577554392121512724,a287b3f6-b5a4-48b9-bb26-d98819f9bac5,Cattasaurus - Manual Store,direct_to_consumer,fulfilled,2026-09-05,2026-09-05,2026-09-05,NV3,OnTrac,1,1,12.94,2.22,0.0,15.16,shipmonk_estimate,USD
577554392358949468,95cb69bb-3016-4062-88ae-6872e193e5be,Cattasaurus - Manual Store,direct_to_consumer,fulfilled,2026-09-05,2026-09-05,2026-09-05,NV3,OnTrac,1,1,13.07,1.9,0.0,14.97,shipmonk_estimate,USD
111-1319982-2662604,111-1319982-2662604,Cattasaurus - Amazon USA,direct_to_consumer,fulfilled,2026-09-06,2026-09-06,2026-09-06,PA2,OnTrac,1,1,13.15,2.22,0.0,15.37,shipmonk_estimate,USD
111-2006418-3985029,111-2006418-3985029,Cattasaurus - Amazon USA,direct_to_consumer,fulfilled,2026-09-06,2026-09-06,2026-09-06,PA2,OnTrac,1,1,15.76,2.22,0.0,17.98,shipmonk_estimate,USD
112-2408331-7789844,112-2408331-7789844,Cattasaurus - Amazon USA,direct_to_consumer,fulfilled,2026-09-06,2026-09-07,2026-09-06,PA2,OnTrac,1,1,13.42,1.9,0.0,15.32,shipmonk_estimate,USD
114-3731213-8335453,114-3731213-8335453,Cattasaurus - Amazon USA,direct_to_consumer,fulfilled,2026-09-06,2026-09-06,2026-09-06,PA2,OnTrac,1,1,13.15,2.22,0.0,15.37,shipmonk_estimate,USD
114-3763041-5337806,114-3763041-5337806,Cattasaurus - Amazon USA,direct_to_consumer,fulfilled,2026-09-06,2026-09-06,2026-09-06,NV3,OnTrac,1,1,14.91,2.22,0.0,17.13,shipmonk_estimate,USD
114-6457714-4794645,114-6457714-4794645,Cattasaurus - Amazon USA,direct_to_consumer,fulfilled,2026-09-06,2026-09-06,2026-09-06,NV3,OnTrac,1,1,13.15,1.9,0.0,15.05,shipmonk_estimate,USD
250792,7634898059574,Cattasaurus - shoproxstore - Shopify,direct_to_consumer,onhold,2026-09-06,,2026-09-06,PA2,ShipMonk,7,0,0.0,7.9,0.0,7.9,shipmonk_estimate,USD
250793,7634908184886,Cattasaurus - shoproxstore - Shopify,direct_to_consumer,fulfilled,2026-09-06,2026-09-10,2026-09-06,PA2,UPS,2,1,22.31,2.22,0.0,24.53,shipmonk_estimate,USD
250794,7635270500662,Cattasaurus - shoproxstore - Shopify,direct_to_consumer,fulfilled,2026-09-06,2026-09-07,2026-09-06,NV3,FedEx,2,1,23.49,2.22,0.0,25.71,shipmonk_estimate,USD
250796,7635274858806,Cattasaurus - shoproxstore - Shopify,direct_to_consumer,onhold,2026-09-06,,2026-09-06,NV3,ShipMonk,2,0,24.45,3.16,0.0,27.61,shipmonk_estimate,USD
250797,7635286589750,Cattasaurus - shoproxstore - Shopify,direct_to_consumer,fulfilled,2026-09-06,2026-09-07,2026-09-06,PA2,OnTrac,1,1,12.48,1.9,0.0,14.38,shipmonk_estimate,USD
250798,7635290521910,Cattasaurus - shoproxstore - Shopify,direct_to_consumer,fulfilled,2026-09-06,2026-09-07,2026-09-06,PA2,OnTrac,1,1,16.95,2.22,0.0,19.17,shipmonk_estimate,USD
250799,7635302252854,Cattasaurus - shoproxstore - Shopify,direct_to_consumer,fulfilled,2026-09-06,2026-09-07,2026-09-06,NV3,OnTrac,2,1,12.64,2.22,0.0,14.86,shipmonk_estimate,USD
250800,7635307561270,Cattasaurus - shoproxstore - Shopify,direct_to_consumer,fulfilled,2026-09-06,2026-09-07,2026-09-06,NV3,OnTrac,2,1,26.52,2.22,0.0,28.74,shipmonk_estimate,USD
250802,7635329974582,Cattasaurus - shoproxstore - Shopify,direct_to_consumer,fulfilled,2026-09-06,2026-09-07,2026-09-06,PA2,OnTrac,4,1,12.04,2.86,0.0,14.9,shipmonk_estimate,USD
250804,7635363823926,Cattasaurus - shoproxstore - Shopify,direct_to_consumer,fulfilled,2026-09-06,2026-09-07,2026-09-06,NV3,FedEx,2,1,19.55,2.22,0.0,21.77,shipmonk_estimate,USD
250805,7635383845174,Cattasaurus - shoproxstore - Shopify,direct_to_consumer,fulfilled,2026-09-06,2026-09-07,2026-09-06,PA2,Cirro,1,1,11.75,1.9,0.0,13.65,shipmonk_estimate,USD
250806,7635387744566,Cattasaurus - shoproxstore - Shopify,direct_to_consumer,fulfilled,2026-09-06,2026-09-07,2026-09-06,PA2,UPS,2,1,14.42,2.22,0.0,16.64,shipmonk_estimate,USD
250807,7635387842870,Cattasaurus - shoproxstore - Shopify,direct_to_consumer,fulfilled,2026-09-06,2026-09-07,2026-09-06,NV3,OnTrac,2,1,14.42,2.22,0.0,16.64,shipmonk_estimate,USD
250808,7635390955830,Cattasaurus - shoproxstore - Shopify,direct_to_consumer,fulfilled,2026-09-06,2026-09-08,2026-09-06,NV3,UPS,2,1,26.52,2.22,0.0,28.74,shipmonk_estimate,USD
250809,7635392758070,Cattasaurus - shoproxstore - Shopify,direct_to_consumer,fulfilled,2026-09-06,2026-09-08,2026-09-06,PA2,UPS,2,1,13.82,2.22,0.0,16.04,shipmonk_estimate,USD
250809_1,fd979850-0c7b-4a0d-b88c-18c797f2bf3d,Cattasaurus - shoproxstore - Shopify,direct_to_consumer,fulfilled,2026-09-06,2026-09-08,2026-09-06,PA2,UPS,1,2,21.7,3.8,0.0,25.5,shipmonk_estimate,USD
250810,7635397280054,Cattasaurus - shoproxstore - Shopify,direct_to_consumer,fulfilled,2026-09-06,2026-09-07,2026-09-06,NV3,OnTrac,3,1,23.49,2.54,0.0,26.03,shipmonk_estimate,USD
250811,7635420086582,Cattasaurus - shoproxstore - Shopify,direct_to_consumer,onhold,2026-09-06,,2026-09-06,PA2,ShipMonk,2,0,10.26,3.16,0.0,13.42,shipmonk_estimate,USD
250812,7635426541878,Cattasaurus - shoproxstore - Shopify,direct_to_consumer,onhold,2026-09-06,,2026-09-06,NV3,ShipMonk,4,0,14.99,8.41,0.0,23.4,shipmonk_estimate,USD
250813,7635426967862,Cattasaurus - shoproxstore - Shopify,direct_to_consumer,onhold,2026-09-06,,2026-09-06,PA2,ShipMonk,2,0,12.49,3.16,0.0,15.65,shipmonk_estimate,USD
250814,7635432407350,Cattasaurus - shoproxstore - Shopify,direct_to_consumer,fulfilled,2026-09-06,2026-09-07,2026-09-06,PA2,OnTrac,2,1,14.11,2.22,0.0,16.33,shipmonk_estimate,USD
250815,7635440304438,Cattasaurus - shoproxstore - Shopify,direct_to_consumer,onhold,2026-09-06,,2026-09-06,NV3,ShipMonk,2,0,26.21,3.16,0.0,29.37,shipmonk_estimate,USD
250816,7635452166454,Cattasaurus - shoproxstore - Shopify,direct_to_consumer,fulfilled,2026-09-06,2026-09-07,2026-09-06,PA2,OnTrac,2,1,15.17,2.22,0.0,17.39,shipmonk_estimate,USD
250818,7635482247478,Cattasaurus - shoproxstore - Shopify,direct_to_consumer,fulfilled,2026-09-06,2026-09-07,2026-09-06,NV3,OnTrac,2,1,12.64,2.22,0.0,14.86,shipmonk_estimate,USD
250819,7635485196598,Cattasaurus - shoproxstore - Shopify,direct_to_consumer,fulfilled,2026-09-06,2026-09-07,2026-09-06,NV3,OnTrac,1,1,21.31,1.9,0.0,23.21,shipmonk_estimate,USD
250820,7635490668854,Cattasaurus - shoproxstore - Shopify,direct_to_consumer,fulfilled,2026-09-06,2026-09-07,2026-09-06,PA2,FedEx,2,1,15.42,2.22,0.0,17.64,shipmonk_estimate,USD
250821,7635495092534,Cattasaurus - shoproxstore - Shopify,direct_to_consumer,fulfilled,2026-09-06,2026-09-07,2026-09-06,NV3,UPS,1,1,14.16,1.9,0.0,16.06,shipmonk_estimate,USD
250822,7635508756790,Cattasaurus - shoproxstore - Shopify,direct_to_consumer,fulfilled,2026-09-06,2026-09-07,2026-09-06,NV3,OnTrac,2,1,23.49,2.22,0.0,25.71,shipmonk_estimate,USD
250823,7635523961142,Cattasaurus - shoproxstore - Shopify,direct_to_consumer,onhold,2026-09-06,,2026-09-06,NV3,ShipMonk,2,0,16.95,3.16,0.0,20.11,shipmonk_estimate,USD
250824,7635525566774,Cattasaurus - shoproxstore - Shopify,direct_to_consumer,onhold,2026-09-06,,2026-09-06,PA2,ShipMonk,2,0,11.61,3.16,0.0,14.77,shipmonk_estimate,USD
250825,7635537854774,Cattasaurus - shoproxstore - Shopify,direct_to_consumer,fulfilled,2026-09-06,2026-09-07,2026-09-06,NV3,OnTrac,2,1,15.17,2.22,0.0,17.39,shipmonk_estimate,USD
250826,7635538870582,Cattasaurus - shoproxstore - Shopify,direct_to_consumer,fulfilled,2026-09-06,2026-09-08,2026-09-06,PA2,FedEx,3,2,18.95,4.44,0.0,23.39,shipmonk_estimate,USD
250827,7635543884086,Cattasaurus - shoproxstore - Shopify,direct_to_consumer,fulfilled,2026-09-06,2026-09-08,2026-09-06,PA2,OnTrac,2,1,12.04,2.22,0.0,14.26,shipmonk_estimate,USD
250828,7635545063734,Cattasaurus - shoproxstore - Shopify,direct_to_consumer,fulfilled,2026-09-06,2026-09-08,2026-09-06,NV3,OnTrac,2,1,33.8,2.22,0.0,36.02,shipmonk_estimate,USD
250829,7635545948470,Cattasaurus - shoproxstore - Shopify,direct_to_consumer,fulfilled,2026-09-06,2026-09-07,2026-09-06,NV3,OnTrac,2,1,19.55,2.22,0.0,21.77,shipmonk_estimate,USD
250830,7635547685174,Cattasaurus - shoproxstore - Shopify,direct_to_consumer,fulfilled,2026-09-06,2026-09-08,2026-09-06,PA2,UPS,2,1,20.61,2.22,0.0,22.83,shipmonk_estimate,USD
250831,7635552436534,Cattasaurus - shoproxstore - Shopify,direct_to_consumer,fulfilled,2026-09-06,2026-09-08,2026-09-06,PA2,Cirro,2,1,13.53,2.22,0.0,15.75,shipmonk_estimate,USD
250832,7635570557238,Cattasaurus - shoproxstore - Shopify,direct_to_consumer,fulfilled,2026-09-06,2026-09-08,2026-09-06,PA2,OnTrac,2,1,12.89,2.22,0.0,15.11,shipmonk_estimate,USD
250833,7635597721910,Cattasaurus - shoproxstore - Shopify,direct_to_consumer,fulfilled,2026-09-06,2026-09-08,2026-09-06,PA2,OnTrac,2,1,18.3,2.22,0.0,20.52,shipmonk_estimate,USD
250834,7635611681078,Cattasaurus - shoproxstore - Shopify,direct_to_consumer,fulfilled,2026-09-06,2026-09-08,2026-09-06,PA2,UPS,3,1,12.17,2.54,0.0,14.71,shipmonk_estimate,USD
250835,7635611910454,Cattasaurus - shoproxstore - Shopify,direct_to_consumer,fulfilled,2026-09-06,2026-09-08,2026-09-06,PA2,UPS,1,1,13.82,1.9,0.0,15.72,shipmonk_estimate,USD
250837,7635612827958,Cattasaurus - shoproxstore - Shopify,direct_to_consumer,fulfilled,2026-09-06,2026-09-08,2026-09-06,PA2,Cirro,2,1,11.75,2.22,0.0,13.97,shipmonk_estimate,USD
250838,7635627573558,Cattasaurus - shoproxstore - Shopify,direct_to_consumer,onhold,2026-09-06,,2026-09-06,PA2,ShipMonk,2,0,12.49,3.16,0.0,15.65,shipmonk_estimate,USD
250839,7635628753206,Cattasaurus - shoproxstore - Shopify,direct_to_consumer,onhold,2026-09-06,,2026-09-06,PA2,ShipMonk,1,0,13.76,1.58,0.0,15.34,shipmonk_estimate,USD
250840,7635639075126,Cattasaurus - shoproxstore - Shopify,direct_to_consumer,onhold,2026-09-06,,2026-09-06,NV3,ShipMonk,2,0,15.12,1.58,0.0,16.7,shipmonk_estimate,USD
250841,7635652346166,Cattasaurus - shoproxstore - Shopify,direct_to_consumer,fulfilled,2026-09-06,2026-09-08,2026-09-06,PA2,FedEx,2,1,15.42,2.22,0.0,17.64,shipmonk_estimate,USD
250842,7635657818422,Cattasaurus - shoproxstore - Shopify,direct_to_consumer,onhold,2026-09-06,,2026-09-06,PA2,ShipMonk,2,0,20.53,1.58,0.0,22.11,shipmonk_estimate,USD
250843,7635667190070,Cattasaurus - shoproxstore - Shopify,direct_to_consumer,fulfilled,2026-09-06,2026-09-08,2026-09-06,PA2,OnTrac,1,1,13.53,1.9,0.0,15.43,shipmonk_estimate,USD
250844,7635706806582,Cattasaurus - shoproxstore - Shopify,direct_to_consumer,fulfilled,2026-09-06,2026-09-08,2026-09-06,PA2,OnTrac,1,1,15.17,1.9,0.0,17.07,shipmonk_estimate,USD
250845,7635713327414,Cattasaurus - shoproxstore - Shopify,direct_to_consumer,onhold,2026-09-06,,2026-09-06,PA2,ShipMonk,2,0,20.28,3.16,0.0,23.44,shipmonk_estimate,USD
250846,7635726270774,Cattasaurus - shoproxstore - Shopify,direct_to_consumer,onhold,2026-09-06,,2026-09-06,PA2,ShipMonk,2,0,13.37,3.16,0.0,16.53,shipmonk_estimate,USD
250847,7635761332534,Cattasaurus - shoproxstore - Shopify,direct_to_consumer,fulfilled,2026-09-06,2026-09-08,2026-09-06,PA2,OnTrac,2,1,15.17,2.22,0.0,17.39,shipmonk_estimate,USD
250848,7635766640950,Cattasaurus - shoproxstore - Shopify,direct_to_consumer,onhold,2026-09-06,,2026-09-06,PA2,ShipMonk,2,0,23.21,3.16,0.0,26.37,shipmonk_estimate,USD
250849,7635770704182,Cattasaurus - shoproxstore - Shopify,direct_to_consumer,onhold,2026-09-06,,2026-09-06,PA2,ShipMonk,2,0,14.25,3.16,0.0,17.41,shipmonk_estimate,USD
250850,7635798851894,Cattasaurus - shoproxstore - Shopify,direct_to_consumer,fulfilled,2026-09-06,2026-09-08,2026-09-06,PA2,FedEx,2,1,19.14,2.22,0.0,21.36,shipmonk_estimate,USD
250851,7635807633718,Cattasaurus - shoproxstore - Shopify,direct_to_consumer,fulfilled,2026-09-06,2026-09-07,2026-09-06,NV3,OnTrac,2,1,13.53,2.22,0.0,15.75,shipmonk_estimate,USD
250852_1,42caa712-7cf6-40f9-88c0-5d84a2a715c6,Cattasaurus - shoproxstore - Shopify,direct_to_consumer,fulfilled,2026-09-06,2026-09-08,2026-09-06,NV3,FedEx,1,1,20.92,1.9,0.0,22.82,shipmonk_estimate,USD
250853,7635818774838,Cattasaurus - shoproxstore - Shopify,direct_to_consumer,fulfilled,2026-09-06,2026-09-07,2026-09-06,NV3,OnTrac,2,1,18.3,2.22,0.0,20.52,shipmonk_estimate,USD
250854,7635820183862,Cattasaurus - shoproxstore - Shopify,direct_to_consumer,fulfilled,2026-09-06,2026-09-07,2026-09-06,NV3,OnTrac,2,1,22.31,2.22,0.0,24.53,shipmonk_estimate,USD
250855,7635822936374,Cattasaurus - shoproxstore - Shopify,direct_to_consumer,fulfilled,2026-09-06,2026-09-08,2026-09-06,PA2,OnTrac,2,1,12.89,2.22,0.0,15.11,shipmonk_estimate,USD
250856,7635839025462,Cattasaurus - shoproxstore - Shopify,direct_to_consumer,fulfilled,2026-09-06,2026-09-08,2026-09-06,PA2,FedEx,2,1,15.73,2.22,0.0,17.95,shipmonk_estimate,USD
250858,7635847643446,Cattasaurus - shoproxstore - Shopify,direct_to_consumer,onhold,2026-09-06,,2026-09-06,PA2,ShipMonk,2,0,22.04,3.16,0.0,25.2,shipmonk_estimate,USD
250859,7635860324662,Cattasaurus - shoproxstore - Shopify,direct_to_consumer,fulfilled,2026-09-06,2026-09-08,2026-09-06,PA2,UPS,3,1,12.17,2.54,0.0,14.71,shipmonk_estimate,USD
250860,7635862028598,Cattasaurus - shoproxstore - Shopify,direct_to_consumer,fulfilled,2026-09-06,2026-09-08,2026-09-06,PA2,OnTrac,2,1,10.38,2.22,0.0,12.6,shipmonk_estimate,USD
250861,7635872645430,Cattasaurus - shoproxstore - Shopify,direct_to_consumer,fulfilled,2026-09-06,2026-09-07,2026-09-06,NV3,OnTrac,2,1,19.02,2.22,0.0,21.24,shipmonk_estimate,USD
250862,7635874709814,Cattasaurus - shoproxstore - Shopify,direct_to_consumer,onhold,2026-09-06,,2026-09-06,PA2,ShipMonk,2,0,23.21,3.16,0.0,26.37,shipmonk_estimate,USD
250863,7635884736822,Cattasaurus - shoproxstore - Shopify,direct_to_consumer,fulfilled,2026-09-06,2026-09-07,2026-09-06,NV3,OnTrac,2,1,15.17,2.22,0.0,17.39,shipmonk_estimate,USD
250864,7635915473206,Cattasaurus - shoproxstore - Shopify,direct_to_consumer,fulfilled,2026-09-06,2026-09-08,2026-09-06,PA2,OnTrac,2,1,12.64,2.22,0.0,14.86,shipmonk_estimate,USD
250865,7635916456246,Cattasaurus - shoproxstore - Shopify,direct_to_consumer,fulfilled,2026-09-06,2026-09-08,2026-09-06,NV3,UPS,1,1,24.27,2.54,0.0,26.81,shipmonk_estimate,USD
250866,7635933888822,Cattasaurus - shoproxstore - Shopify,direct_to_consumer,fulfilled,2026-09-06,2026-09-07,2026-09-06,NV3,OnTrac,2,1,11.75,2.22,0.0,13.97,shipmonk_estimate,USD
250867,7635964231990,Cattasaurus - shoproxstore - Shopify,direct_to_consumer,fulfilled,2026-09-06,2026-09-07,2026-09-06,NV3,Cirro,1,1,11.75,1.9,0.0,13.65,shipmonk_estimate,USD
250868,7635978191158,Cattasaurus - shoproxstore - Shopify,direct_to_consumer,fulfilled,2026-09-06,2026-09-07,2026-09-06,NV3,OnTrac,2,1,22.31,2.22,0.0,24.53,shipmonk_estimate,USD
250869,7635999260982,Cattasaurus - shoproxstore - Shopify,direct_to_consumer,onhold,2026-09-06,,2026-09-06,PA2,ShipMonk,2,0,14.25,3.16,0.0,17.41,shipmonk_estimate,USD
250870,7636006437174,Cattasaurus - shoproxstore - Shopify,direct_to_consumer,onhold,2026-09-06,,2026-09-06,NV3,ShipMonk,3,0,16.95,8.41,0.0,25.36,shipmonk_estimate,USD
250871,7636018233654,Cattasaurus - shoproxstore - Shopify,direct_to_consumer,onhold,2026-09-06,,2026-09-06,NV3,ShipMonk,2,0,13.37,3.16,0.0,16.53,shipmonk_estimate,USD
250872,7636023181622,Cattasaurus - shoproxstore - Shopify,direct_to_consumer,fulfilled,2026-09-06,2026-09-07,2026-09-06,NV3,OnTrac,2,1,14.42,2.22,0.0,16.64,shipmonk_estimate,USD
250873,7636033700150,Cattasaurus - shoproxstore - Shopify,direct_to_consumer,fulfilled,2026-09-06,2026-09-08,2026-09-06,PA2,OnTrac,2,1,19.55,2.22,0.0,21.77,shipmonk_estimate,USD
250874,7636040679734,Cattasaurus - shoproxstore - Shopify,direct_to_consumer,fulfilled,2026-09-06,2026-09-08,2026-09-06,PA2,OnTrac,2,1,13.53,2.22,0.0,15.75,shipmonk_estimate,USD
250875,7636052508982,Cattasaurus - shoproxstore - Shopify,direct_to_consumer,fulfilled,2026-09-06,2026-09-07,2026-09-06,NV3,UPS,3,2,30.45,4.44,0.0,34.89,shipmonk_estimate,USD
250876,7636066206006,Cattasaurus - shoproxstore - Shopify,direct_to_consumer,fulfilled,2026-09-06,2026-09-08,2026-09-06,PA2,OnTrac,2,1,14.67,2.22,0.0,16.89,shipmonk_estimate,USD
250877,7636066238774,Cattasaurus - shoproxstore - Shopify,direct_to_consumer,fulfilled,2026-09-06,2026-09-07,2026-09-06,NV3,FedEx,1,1,22.93,1.9,0.0,24.83,shipmonk_estimate,USD
250878,7636077969718,Cattasaurus - shoproxstore - Shopify,direct_to_consumer,fulfilled,2026-09-06,2026-09-08,2026-09-06,PA2,OnTrac,1,1,12.64,1.9,0.0,14.54,shipmonk_estimate,USD
250880_1,50cb2b7c-0d91-4cdc-8b40-f23de74e0b7d,Cattasaurus - shoproxstore - Shopify,direct_to_consumer,fulfilled,2026-09-06,2026-09-08,2026-09-06,PA2,FedEx,1,1,21.0,7.88,0.0,28.88,shipmonk_estimate,USD
250881,7636155367734,Cattasaurus - shoproxstore - Shopify,direct_to_consumer,fulfilled,2026-09-06,2026-09-08,2026-09-06,PA2,OnTrac,1,1,21.33,1.9,0.0,23.23,shipmonk_estimate,USD
250882,7636172374326,Cattasaurus - shoproxstore - Shopify,direct_to_consumer,fulfilled,2026-09-06,2026-09-08,2026-09-06,PA2,UPS,1,1,16.95,1.9,0.0,18.85,shipmonk_estimate,USD
250883,7636189708598,Cattasaurus - shoproxstore - Shopify,direct_to_consumer,onhold,2026-09-06,,2026-09-06,NV3,ShipMonk,1,0,18.8,1.58,0.0,20.38,shipmonk_estimate,USD
250884,7636189774134,Cattasaurus - shoproxstore - Shopify,direct_to_consumer,onhold,2026-09-06,,2026-09-06,PA2,ShipMonk,2,0,22.04,3.16,0.0,25.2,shipmonk_estimate,USD
250885,7636190265654,Cattasaurus - shoproxstore - Shopify,direct_to_consumer,fulfilled,2026-09-06,2026-09-08,2026-09-06,PA2,FedEx,4,2,27.03,4.76,0.0,31.79,shipmonk_estimate,USD
250887,7636208156982,Cattasaurus - shoproxstore - Shopify,direct_to_consumer,onhold,2026-09-06,,2026-09-06,NV3,ShipMonk,3,0,12.49,4.74,0.0,17.23,shipmonk_estimate,USD
250888,7636210024758,Cattasaurus - shoproxstore - Shopify,direct_to_consumer,fulfilled,2026-09-06,2026-09-08,2026-09-06,NV3,UPS,2,1,15.52,2.22,0.0,17.74,shipmonk_estimate,USD
250890,7636219986230,Cattasaurus - shoproxstore - Shopify,direct_to_consumer,fulfilled,2026-09-06,2026-09-08,2026-09-06,PA2,OnTrac,2,1,13.53,2.22,0.0,15.75,shipmonk_estimate,USD
250892,7636253049142,Cattasaurus - shoproxstore - Shopify,direct_to_consumer,fulfilled,2026-09-06,2026-09-08,2026-09-06,NV3,UPS,2,1,19.86,2.22,0.0,22.08,shipmonk_estimate,USD
250893,7636271300918,Cattasaurus - shoproxstore - Shopify,direct_to_consumer,onhold,2026-09-06,,2026-09-06,PA2,ShipMonk,2,0,12.49,4.74,0.0,17.23,shipmonk_estimate,USD
250894,7636320387382,Cattasaurus - shoproxstore - Shopify,direct_to_consumer,fulfilled,2026-09-06,2026-09-08,2026-09-06,PA2,OnTrac,1,1,14.81,2.54,0.0,17.35,shipmonk_estimate,USD
250895,7636343226678,Cattasaurus - shoproxstore - Shopify,direct_to_consumer,fulfilled,2026-09-06,2026-09-08,2026-09-06,PA2,OnTrac,1,1,10.7,1.9,0.0,12.6,shipmonk_estimate,USD
250896,7636349026614,Cattasaurus - shoproxstore - Shopify,direct_to_consumer,fulfilled,2026-09-06,2026-09-08,2026-09-06,NV3,OnTrac,2,1,15.17,2.22,0.0,17.39,shipmonk_estimate,USD
250897,7636358103350,Cattasaurus - shoproxstore - Shopify,direct_to_consumer,fulfilled,2026-09-06,2026-09-08,2026-09-06,NV3,OnTrac,2,1,12.64,2.22,0.0,14.86,shipmonk_estimate,USD
250898,7636365050166,Cattasaurus - shoproxstore - Shopify,direct_to_consumer,fulfilled,2026-09-06,2026-09-12,2026-09-06,NV3,OnTrac,2,1,20.53,2.22,0.0,22.75,shipmonk_estimate,USD
250898_1,73e41c03-2320-43df-b87f-c337719693a9,Cattasaurus - shoproxstore - Shopify,direct_to_consumer,fulfilled,2026-09-06,2026-09-12,2026-09-06,NV3,OnTrac,3,1,20.53,2.54,0.0,23.07,shipmonk_estimate,USD
250899,7636376256822,Cattasaurus - shoproxstore - Shopify,direct_to_consumer,fulfilled,2026-09-06,2026-09-13,2026-09-06,PA2,OnTrac,2,1,19.02,2.22,0.0,21.24,shipmonk_estimate,USD
250899_1,38f93e8b-4e0e-4a13-86e6-9ae6f1d32dc5,Cattasaurus - shoproxstore - Shopify,direct_to_consumer,fulfilled,2026-09-06,2026-09-13,2026-09-06,PA2,OnTrac,1,1,11.11,1.58,0.0,12.69,shipmonk_estimate,USD
250900,7636388610358,Cattasaurus - shoproxstore - Shopify,direct_to_consumer,fulfilled,2026-09-06,2026-09-08,2026-09-06,PA2,FedEx,2,1,13.82,2.22,0.0,16.04,shipmonk_estimate,USD
250901,7636391067958,Cattasaurus - shoproxstore - Shopify,direct_to_consumer,fulfilled,2026-09-06,2026-09-08,2026-09-06,PA2,OnTrac,2,1,15.12,2.22,0.0,17.34,shipmonk_estimate,USD
250902,7636395458870,Cattasaurus - shoproxstore - Shopify,direct_to_consumer,fulfilled,2026-09-06,2026-09-08,2026-09-06,PA2,UPS,2,1,14.67,2.22,0.0,16.89,shipmonk_estimate,USD
250903,7636407550262,Cattasaurus - shoproxstore - Shopify,direct_to_consumer,fulfilled,2026-09-06,2026-09-08,2026-09-06,NV3,Cirro,2,1,11.75,2.22,0.0,13.97,shipmonk_estimate,USD
250904,7636417478966,Cattasaurus - shoproxstore - Shopify,direct_to_consumer,fulfilled,2026-09-06,2026-09-08,2026-09-06,PA2,OnTrac,1,1,20.08,1.9,0.0,21.98,shipmonk_estimate,USD
250905,7636422754614,Cattasaurus - shoproxstore - Shopify,direct_to_consumer,fulfilled,2026-09-06,2026-09-08,2026-09-06,PA2,OnTrac,2,1,15.5,2.22,0.0,17.72,shipmonk_estimate,USD
250907,7636428652854,Cattasaurus - shoproxstore - Shopify,direct_to_consumer,fulfilled,2026-09-06,2026-09-08,2026-09-06,NV3,OnTrac,2,1,19.02,2.22,0.0,21.24,shipmonk_estimate,USD
250908,7636435173686,Cattasaurus - shoproxstore - Shopify,direct_to_consumer,fulfilled,2026-09-06,2026-09-08,2026-09-06,NV3,OnTrac,3,1,20.53,3.18,0.0,23.71,shipmonk_estimate,USD
250909,7636437074230,Cattasaurus - shoproxstore - Shopify,direct_to_consumer,fulfilled,2026-09-06,2026-09-08,2026-09-06,NV3,OnTrac,2,1,11.21,2.22,0.0,13.43,shipmonk_estimate,USD
250910,7636440645942,Cattasaurus - shoproxstore - Shopify,direct_to_consumer,fulfilled,2026-09-06,2026-09-08,2026-09-06,NV3,UPS,2,1,21.33,2.22,0.0,23.55,shipmonk_estimate,USD
250911,7636444381494,Cattasaurus - shoproxstore - Shopify,direct_to_consumer,fulfilled,2026-09-06,2026-09-08,2026-09-06,PA2,OnTrac,1,1,12.32,1.9,0.0,14.22,shipmonk_estimate,USD
250912,7636448051510,Cattasaurus - shoproxstore - Shopify,direct_to_consumer,onhold,2026-09-06,,2026-09-06,PA2,ShipMonk,2,0,11.61,4.74,0.0,16.35,shipmonk_estimate,USD
250913,7636468695350,Cattasaurus - shoproxstore - Shopify,direct_to_consumer,onhold,2026-09-06,,2026-09-06,PA2,ShipMonk,2,0,12.02,4.74,0.0,16.76,shipmonk_estimate,USD
250914,7636472070454,Cattasaurus - shoproxstore - Shopify,direct_to_consumer,onhold,2026-09-06,,2026-09-06,NV3,ShipMonk,3,0,15.91,4.74,0.0,20.65,shipmonk_estimate,USD
250915,7636473348406,Cattasaurus - shoproxstore - Shopify,direct_to_consumer,fulfilled,2026-09-06,2026-09-08,2026-09-06,PA2,OnTrac,2,1,12.64,2.22,0.0,14.86,shipmonk_estimate,USD
250916,7636477804854,Cattasaurus - shoproxstore - Shopify,direct_to_consumer,fulfilled,2026-09-06,2026-09-09,2026-09-06,PA2,OnTrac,1,1,12.32,2.22,0.0,14.54,shipmonk_estimate,USD
250917,7636484260150,Cattasaurus - shoproxstore - Shopify,direct_to_consumer,fulfilled,2026-09-06,2026-09-08,2026-09-06,NV3,FedEx,3,1,18.06,2.54,0.0,20.6,shipmonk_estimate,USD
250918,7636492845366,Cattasaurus - shoproxstore - Shopify,direct_to_consumer,fulfilled,2026-09-06,2026-09-08,2026-09-06,PA2,OnTrac,2,1,15.42,2.22,0.0,17.64,shipmonk_estimate,USD
250920,7636515324214,Cattasaurus - shoproxstore - Shopify,direct_to_consumer,onhold,2026-09-06,,2026-09-06,NV3,ShipMonk,2,0,18.08,3.16,0.0,21.24,shipmonk_estimate,USD
250921,7636519026998,Cattasaurus - shoproxstore - Shopify,direct_to_consumer,onhold,2026-09-06,,2026-09-06,PA2,ShipMonk,2,0,17.04,4.74,0.0,21.78,shipmonk_estimate,USD
250923,7636525744438,Cattasaurus - shoproxstore - Shopify,direct_to_consumer,fulfilled,2026-09-06,2026-09-08,2026-09-06,PA2,OnTrac,2,1,16.9,2.22,0.0,19.12,shipmonk_estimate,USD
250924,7636532920630,Cattasaurus - shoproxstore - Shopify,direct_to_consumer,fulfilled,2026-09-06,2026-09-08,2026-09-06,PA2,UPS,2,1,23.21,2.22,0.0,25.43,shipmonk_estimate,USD
250925,7636541636918,Cattasaurus - shoproxstore - Shopify,direct_to_consumer,fulfilled,2026-09-06,2026-09-08,2026-09-06,PA2,OnTrac,1,1,15.12,1.9,0.0,17.02,shipmonk_estimate,USD
250926,7636545372470,Cattasaurus - shoproxstore - Shopify,direct_to_consumer,fulfilled,2026-09-06,2026-09-08,2026-09-06,NV3,Cirro,1,1,11.75,1.9,0.0,13.65,shipmonk_estimate,USD
250927,7636547698998,Cattasaurus - shoproxstore - Shopify,direct_to_consumer,onhold,2026-09-06,,2026-09-06,NV3,ShipMonk,2,0,18.08,3.16,0.0,21.24,shipmonk_estimate,USD
250928,7636556579126,Cattasaurus - shoproxstore - Shopify,direct_to_consumer,fulfilled,2026-09-06,2026-09-08,2026-09-06,PA2,FedEx,3,1,19.14,3.18,0.0,22.32,shipmonk_estimate,USD
250929,7636574994742,Cattasaurus - shoproxstore - Shopify,direct_to_consumer,fulfilled,2026-09-06,2026-09-08,2026-09-06,TO1,FedEx,1,1,21.17,2.31,0.0,23.48,shipmonk_estimate,CAD+USD
250930,7636577419574,Cattasaurus - shoproxstore - Shopify,direct_to_consumer,fulfilled,2026-09-06,2026-09-08,2026-09-06,PA2,OnTrac,3,1,17.28,2.54,0.0,19.82,shipmonk_estimate,USD
250931,7636591903030,Cattasaurus - shoproxstore - Shopify,direct_to_consumer,fulfilled,2026-09-06,2026-09-08,2026-09-06,PA2,UPS,3,1,13.92,4.46,0.0,18.38,shipmonk_estimate,USD
250932,7636593213750,Cattasaurus - shoproxstore - Shopify,direct_to_consumer,fulfilled,2026-09-06,2026-09-09,2026-09-06,NV3,OnTrac,2,1,19.02,2.22,0.0,21.24,shipmonk_estimate,USD
250934,7636649935158,Cattasaurus - shoproxstore - Shopify,direct_to_consumer,onhold,2026-09-06,,2026-09-06,NV3,ShipMonk,2,0,12.49,3.16,0.0,15.65,shipmonk_estimate,USD
250936,7636654620982,Cattasaurus - shoproxstore - Shopify,direct_to_consumer,fulfilled,2026-09-06,2026-09-09,2026-09-06,PA2,Cirro,3,1,14.42,2.54,0.0,16.96,shipmonk_estimate,USD
250939,7636684538166,Cattasaurus - shoproxstore - Shopify,direct_to_consumer,fulfilled,2026-09-06,2026-09-08,2026-09-06,NV3,FedEx,2,2,0.0,4.12,0.0,4.12,shipmonk_estimate,USD
250940,7636684833078,Cattasaurus - shoproxstore - Shopify,direct_to_consumer,fulfilled,2026-09-06,2026-09-08,2026-09-06,PA2,OnTrac,1,1,20.53,1.9,0.0,22.43,shipmonk_estimate,USD
250941,7636687520054,Cattasaurus - shoproxstore - Shopify,direct_to_consumer,fulfilled,2026-09-06,2026-09-08,2026-09-06,PA2,OnTrac,1,1,12.32,1.9,0.0,14.22,shipmonk_estimate,USD
250942,7636690436406,Cattasaurus - shoproxstore - Shopify,direct_to_consumer,fulfilled,2026-09-06,2026-09-08,2026-09-06,NV3,OnTrac,2,1,13.53,2.22,0.0,15.75,shipmonk_estimate,USD
250943,7636694761782,Cattasaurus - shoproxstore - Shopify,direct_to_consumer,onhold,2026-09-06,,2026-09-06,NV3,ShipMonk,2,0,14.25,3.16,0.0,17.41,shipmonk_estimate,USD
250944,7636704624950,Cattasaurus - shoproxstore - Shopify,direct_to_consumer,fulfilled,2026-09-06,2026-09-08,2026-09-06,NV3,OnTrac,3,1,11.75,2.54,0.0,14.29,shipmonk_estimate,USD
250945,7636720058678,Cattasaurus - shoproxstore - Shopify,direct_to_consumer,fulfilled,2026-09-06,2026-09-10,2026-09-06,NV3,OnTrac,2,1,33.8,2.22,0.0,36.02,shipmonk_estimate,USD
250946,7636764721462,Cattasaurus - shoproxstore - Shopify,direct_to_consumer,fulfilled,2026-09-06,2026-09-08,2026-09-06,PA2,OnTrac,2,1,20.53,2.22,0.0,22.75,shipmonk_estimate,USD
250947,7636774748470,Cattasaurus - shoproxstore - Shopify,direct_to_consumer,onhold,2026-09-06,,2026-09-06,NV3,ShipMonk,2,0,19.84,3.16,0.0,23.0,shipmonk_estimate,USD
250948,7636778320182,Cattasaurus - shoproxstore - Shopify,direct_to_consumer,fulfilled,2026-09-06,2026-09-08,2026-09-06,PA2,OnTrac,3,1,14.81,2.54,0.0,17.35,shipmonk_estimate,USD
250949,7636797980982,Cattasaurus - shoproxstore - Shopify,direct_to_consumer,fulfilled,2026-09-06,2026-09-08,2026-09-06,PA2,OnTrac,2,1,24.74,2.22,0.0,26.96,shipmonk_estimate,USD
250950,7636806828342,Cattasaurus - shoproxstore - Shopify,direct_to_consumer,fulfilled,2026-09-06,2026-09-08,2026-09-06,PA2,UPS,3,1,15.94,3.18,0.0,19.12,shipmonk_estimate,USD
250952,7636825342262,Cattasaurus - shoproxstore - Shopify,direct_to_consumer,fulfilled,2026-09-06,2026-09-08,2026-09-06,NV3,Cirro,1,1,10.33,1.58,0.0,11.91,shipmonk_estimate,USD
250953,7636860830006,Cattasaurus - shoproxstore - Shopify,direct_to_consumer,fulfilled,2026-09-06,2026-09-08,2026-09-06,NV3,OnTrac,2,1,16.95,2.22,0.0,19.17,shipmonk_estimate,USD
250954,7636952777014,Cattasaurus - shoproxstore - Shopify,direct_to_consumer,fulfilled,2026-09-06,2026-09-08,2026-09-06,NV3,FedEx,2,1,22.93,2.22,0.0,25.15,shipmonk_estimate,USD
250955,7636978336054,Cattasaurus - shoproxstore - Shopify,direct_to_consumer,fulfilled,2026-09-06,2026-09-08,2026-09-06,PA2,OnTrac,2,1,10.7,2.22,0.0,12.92,shipmonk_estimate,USD
250956,7637055734070,Cattasaurus - shoproxstore - Shopify,direct_to_consumer,onhold,2026-09-06,,2026-09-06,PA2,ShipMonk,2,0,14.99,3.16,0.0,18.15,shipmonk_estimate,USD
250957,7637097775414,Cattasaurus - shoproxstore - Shopify,direct_to_consumer,fulfilled,2026-09-06,2026-09-10,2026-09-06,NV3,FedEx,2,1,30.96,2.22,0.0,33.18,shipmonk_estimate,USD
111-4548563-6835431,111-4548563-6835431,Cattasaurus - Amazon USA,direct_to_consumer,fulfilled,2026-09-07,2026-09-07,2026-09-07,PA2,FedEx,1,1,15.94,2.22,0.0,18.16,shipmonk_estimate,USD
111-7582137-0846668,111-7582137-0846668,Cattasaurus - Amazon USA,direct_to_consumer,fulfilled,2026-09-07,2026-09-07,2026-09-07,PA2,DHL eCommerce,1,1,6.18,1.58,0.3,8.06,shipmonk_estimate,USD
111-9016617-1907463,111-9016617-1907463,Cattasaurus - Amazon USA,direct_to_consumer,fulfilled,2026-09-07,2026-09-08,2026-09-07,PA2,OnTrac,2,1,14.06,2.86,0.0,16.92,shipmonk_estimate,USD
112-0347643-0580236,112-0347643-0580236,Cattasaurus - Amazon USA,direct_to_consumer,fulfilled,2026-09-07,2026-09-08,2026-09-07,PA2,OnTrac,1,1,13.35,1.58,0.0,14.93,shipmonk_estimate,USD
113-3777179-8241042,113-3777179-8241042,Cattasaurus - Amazon USA,direct_to_consumer,fulfilled,2026-09-07,2026-09-07,2026-09-07,NV3,UPS,1,1,22.37,2.22,0.0,24.59,shipmonk_estimate,USD
113-9952441-7073002,113-9952441-7073002,Cattasaurus - Amazon USA,direct_to_consumer,fulfilled,2026-09-07,2026-09-07,2026-09-07,PA2,UPS,1,1,14.88,1.9,0.0,16.78,shipmonk_estimate,USD
200015300008078,129125133491688,Cattasaurus - Walmart,direct_to_consumer,fulfilled,2026-09-07,2026-09-08,2026-09-07,NV3,FedEx,1,1,19.14,1.9,0.0,21.04,shipmonk_estimate,USD
200015374113378,129125133663363,Cattasaurus - Walmart,direct_to_consumer,fulfilled,2026-09-07,2026-09-08,2026-09-07,PA2,FedEx,1,1,13.31,1.9,0.0,15.21,shipmonk_estimate,USD
248139-01,bc7da1c5-9a7f-4df2-9863-d51ee15a76ba,Cattasaurus - shoproxstore - Shopify,direct_to_consumer,fulfilled,2026-09-07,2026-09-07,2026-09-07,NV3,OnTrac,1,1,18.3,1.9,0.0,20.2,shipmonk_estimate,USD
248732-01,0cd1a372-856c-49d9-af8f-7bbcc2213192,Cattasaurus - shoproxstore - Shopify,direct_to_consumer,fulfilled,2026-09-07,2026-09-09,2026-09-07,NV3,OnTrac,1,1,15.94,1.9,0.0,17.84,shipmonk_estimate,USD
249211-01,c65a0510-783c-43a9-a00b-83c4bb81cfc2,Cattasaurus - shoproxstore - Shopify,direct_to_consumer,fulfilled,2026-09-07,2026-09-07,2026-09-07,PA2,OnTrac,1,1,19.1,1.9,0.0,21.0,shipmonk_estimate,USD
249492-01,fd850a46-c941-45c3-9a4b-42831c2ed2b2,Cattasaurus - shoproxstore - Shopify,direct_to_consumer,fulfilled,2026-09-07,2026-09-09,2026-09-07,NV3,OnTrac,4,1,11.75,2.86,0.0,14.61,shipmonk_estimate,USD
250958,7637120680246,Cattasaurus - shoproxstore - Shopify,direct_to_consumer,fulfilled,2026-09-07,2026-09-08,2026-09-07,PA2,OnTrac,2,1,12.33,2.22,0.0,14.55,shipmonk_estimate,USD
250959,7637200863542,Cattasaurus - shoproxstore - Shopify,direct_to_consumer,fulfilled,2026-09-07,2026-09-08,2026-09-07,NV3,Cirro,2,1,11.21,2.22,0.0,13.43,shipmonk_estimate,USD
250964,7637235532086,Cattasaurus - shoproxstore - Shopify,direct_to_consumer,fulfilled,2026-09-07,2026-09-08,2026-09-07,NV3,OnTrac,2,1,15.17,2.22,0.0,17.39,shipmonk_estimate,USD
250965,7637314076982,Cattasaurus - shoproxstore - Shopify,direct_to_consumer,fulfilled,2026-09-07,2026-09-09,2026-09-07,PA2,OnTrac,3,1,10.38,2.54,0.0,12.92,shipmonk_estimate,USD
250966,7637350383926,Cattasaurus - shoproxstore - Shopify,direct_to_consumer,onhold,2026-09-07,,2026-09-07,PA2,ShipMonk,2,0,11.61,4.74,0.0,16.35,shipmonk_estimate,USD
250967,7637371879734,Cattasaurus - shoproxstore - Shopify,direct_to_consumer,onhold,2026-09-07,,2026-09-07,PA2,ShipMonk,2,0,12.49,3.16,0.0,15.65,shipmonk_estimate,USD
250968,7637414609206,Cattasaurus - shoproxstore - Shopify,direct_to_consumer,fulfilled,2026-09-07,2026-09-09,2026-09-07,PA2,OnTrac,2,1,12.04,2.22,0.0,14.26,shipmonk_estimate,USD
250969,7637462450486,Cattasaurus - shoproxstore - Shopify,direct_to_consumer,onhold,2026-09-07,,2026-09-07,PA2,ShipMonk,3,0,17.04,3.16,0.0,20.2,shipmonk_estimate,USD
250970,7637470708022,Cattasaurus - shoproxstore - Shopify,direct_to_consumer,fulfilled,2026-09-07,2026-09-08,2026-09-07,PA2,OnTrac,2,1,12.04,2.22,0.0,14.26,shipmonk_estimate,USD
250971,7637473067318,Cattasaurus - shoproxstore - Shopify,direct_to_consumer,onhold,2026-09-07,,2026-09-07,PA2,ShipMonk,2,0,16.75,3.16,0.0,19.91,shipmonk_estimate,USD
250972,7637475066166,Cattasaurus - shoproxstore - Shopify,direct_to_consumer,fulfilled,2026-09-07,2026-09-09,2026-09-07,PA2,OnTrac,1,1,10.38,1.9,0.0,12.28,shipmonk_estimate,USD
250973,7637483618614,Cattasaurus - shoproxstore - Shopify,direct_to_consumer,fulfilled,2026-09-07,2026-09-08,2026-09-07,PA2,OnTrac,2,1,12.17,2.22,0.0,14.39,shipmonk_estimate,USD
250974,7637492269366,Cattasaurus - shoproxstore - Shopify,direct_to_consumer,fulfilled,2026-09-07,2026-09-08,2026-09-07,NV3,UPS,2,1,13.53,2.22,0.0,15.75,shipmonk_estimate,USD
250976,7637511962934,Cattasaurus - shoproxstore - Shopify,direct_to_consumer,onhold,2026-09-07,,2026-09-07,PA2,ShipMonk,2,0,16.75,4.74,0.0,21.49,shipmonk_estimate,USD
250977,7637519237430,Cattasaurus - shoproxstore - Shopify,direct_to_consumer,fulfilled,2026-09-07,2026-09-09,2026-09-07,PA2,OnTrac,2,1,12.64,2.22,0.0,14.86,shipmonk_estimate,USD
250978,7637558853942,Cattasaurus - shoproxstore - Shopify,direct_to_consumer,fulfilled,2026-09-07,2026-09-08,2026-09-07,PA2,OnTrac,2,1,21.0,1.9,0.0,22.9,shipmonk_estimate,USD
250979,7637584478518,Cattasaurus - shoproxstore - Shopify,direct_to_consumer,fulfilled,2026-09-07,2026-09-09,2026-09-07,PA2,OnTrac,2,1,12.32,2.22,0.0,14.54,shipmonk_estimate,USD
250980,7637587886390,Cattasaurus - shoproxstore - Shopify,direct_to_consumer,onhold,2026-09-07,,2026-09-07,NV3,ShipMonk,3,0,21.31,3.16,0.0,24.47,shipmonk_estimate,USD
250981,7637590540598,Cattasaurus - shoproxstore - Shopify,direct_to_consumer,onhold,2026-09-07,,2026-09-07,PA2,ShipMonk,2,0,14.99,3.16,0.0,18.15,shipmonk_estimate,USD
250982,7637597585718,Cattasaurus - shoproxstore - Shopify,direct_to_consumer,fulfilled,2026-09-07,2026-09-08,2026-09-07,PA2,UPS,2,1,20.03,2.22,0.0,22.25,shipmonk_estimate,USD
250983,7637598961974,Cattasaurus - shoproxstore - Shopify,direct_to_consumer,fulfilled,2026-09-07,2026-09-08,2026-09-07,PA2,FedEx,2,1,24.71,2.22,0.0,26.93,shipmonk_estimate,USD
250984,7637611282742,Cattasaurus - shoproxstore - Shopify,direct_to_consumer,fulfilled,2026-09-07,2026-09-09,2026-09-07,PA2,OnTrac,2,1,15.5,2.22,0.0,17.72,shipmonk_estimate,USD
250985,7637619245366,Cattasaurus - shoproxstore - Shopify,direct_to_consumer,fulfilled,2026-09-07,2026-09-08,2026-09-07,PA2,OnTrac,2,1,18.21,2.22,0.0,20.43,shipmonk_estimate,USD
250986,7637626585398,Cattasaurus - shoproxstore - Shopify,direct_to_consumer,fulfilled,2026-09-07,2026-09-09,2026-09-07,PA2,OnTrac,2,1,12.04,2.22,0.0,14.26,shipmonk_estimate,USD
250987,7637631303990,Cattasaurus - shoproxstore - Shopify,direct_to_consumer,fulfilled,2026-09-07,2026-09-09,2026-09-07,PA2,FedEx,2,1,13.53,1.9,0.0,15.43,shipmonk_estimate,USD
250988,7637643100470,Cattasaurus - shoproxstore - Shopify,direct_to_consumer,fulfilled,2026-09-07,2026-09-08,2026-09-07,PA2,OnTrac,2,1,12.64,2.22,0.0,14.86,shipmonk_estimate,USD
250989,7637654634806,Cattasaurus - shoproxstore - Shopify,direct_to_consumer,fulfilled,2026-09-07,2026-09-08,2026-09-07,NV3,OnTrac,2,1,29.18,2.22,0.0,31.4,shipmonk_estimate,USD
250990,7637662368054,Cattasaurus - shoproxstore - Shopify,direct_to_consumer,onhold,2026-09-07,,2026-09-07,PA2,ShipMonk,2,0,11.61,4.74,0.0,16.35,shipmonk_estimate,USD
250991,7637667905846,Cattasaurus - shoproxstore - Shopify,direct_to_consumer,fulfilled,2026-09-07,2026-09-09,2026-09-07,PA2,OnTrac,2,1,12.32,2.22,0.0,14.54,shipmonk_estimate,USD
250992,7637671444790,Cattasaurus - shoproxstore - Shopify,direct_to_consumer,onhold,2026-09-07,,2026-09-07,NV3,ShipMonk,2,0,13.15,8.41,0.0,21.56,shipmonk_estimate,USD
250993,7637676392758,Cattasaurus - shoproxstore - Shopify,direct_to_consumer,fulfilled,2026-09-07,2026-09-08,2026-09-07,NV3,UPS,2,1,28.13,2.22,0.0,30.35,shipmonk_estimate,USD
250994,7637678457142,Cattasaurus - shoproxstore - Shopify,direct_to_consumer,fulfilled,2026-09-07,2026-09-08,2026-09-07,PA2,FedEx,2,2,35.5,4.12,0.0,39.62,shipmonk_estimate,USD
250995,7637684945206,Cattasaurus - shoproxstore - Shopify,direct_to_consumer,fulfilled,2026-09-07,2026-09-08,2026-09-07,NV3,OnTrac,2,1,16.9,2.22,0.0,19.12,shipmonk_estimate,USD
250996,7637689762102,Cattasaurus - shoproxstore - Shopify,direct_to_consumer,fulfilled,2026-09-07,2026-09-09,2026-09-07,PA2,UPS,1,1,26.52,1.9,0.0,28.42,shipmonk_estimate,USD
250997,7637700280630,Cattasaurus - shoproxstore - Shopify,direct_to_consumer,fulfilled,2026-09-07,2026-09-10,2026-09-07,PA2,OnTrac,3,1,11.69,2.54,0.0,14.23,shipmonk_estimate,USD
250997_1,3013fe4a-57c1-4ada-832e-26a16e9c4ec5,Cattasaurus - shoproxstore - Shopify,direct_to_consumer,fulfilled,2026-09-07,2026-09-10,2026-09-07,PA2,OnTrac,2,1,10.38,2.22,0.0,12.6,shipmonk_estimate,USD
250998,7637707784502,Cattasaurus - shoproxstore - Shopify,direct_to_consumer,fulfilled,2026-09-07,2026-09-09,2026-09-07,PA2,UPS,3,1,13.92,2.54,0.0,16.46,shipmonk_estimate,USD
250999,7637714436406,Cattasaurus - shoproxstore - Shopify,direct_to_consumer,onhold,2026-09-07,,2026-09-07,PA2,ShipMonk,2,0,12.49,4.74,0.0,17.23,shipmonk_estimate,USD
251000,7637717287222,Cattasaurus - shoproxstore - Shopify,direct_to_consumer,fulfilled,2026-09-07,2026-09-13,2026-09-07,PA2,OnTrac,1,1,10.33,1.58,0.0,11.91,shipmonk_estimate,USD
251000_1,4c5f475d-fdae-4a98-b7a7-b273c74d7b84,Cattasaurus - shoproxstore - Shopify,direct_to_consumer,fulfilled,2026-09-07,2026-09-13,2026-09-07,PA2,OnTrac,1,1,20.53,1.9,0.0,22.43,shipmonk_estimate,USD
251001,7637729149238,Cattasaurus - shoproxstore - Shopify,direct_to_consumer,fulfilled,2026-09-07,2026-09-08,2026-09-07,NV3,OnTrac,2,1,26.33,2.22,0.0,28.55,shipmonk_estimate,USD
251002,7637735211318,Cattasaurus - shoproxstore - Shopify,direct_to_consumer,onhold,2026-09-07,,2026-09-07,NV3,ShipMonk,3,0,33.4,4.74,0.0,38.14,shipmonk_estimate,USD
251003,7637736489270,Cattasaurus - shoproxstore - Shopify,direct_to_consumer,fulfilled,2026-09-07,2026-09-10,2026-09-07,PA2,OnTrac,3,1,11.75,2.54,0.0,14.29,shipmonk_estimate,USD
251003_1,07df4e22-3a21-4553-bd8a-0a5e6ae933a1,Cattasaurus - shoproxstore - Shopify,direct_to_consumer,fulfilled,2026-09-07,2026-09-10,2026-09-07,PA2,OnTrac,3,1,14.16,2.54,0.0,16.7,shipmonk_estimate,USD
251004,7637760770358,Cattasaurus - shoproxstore - Shopify,direct_to_consumer,onhold,2026-09-07,,2026-09-07,NV3,ShipMonk,2,0,18.8,4.74,0.0,23.54,shipmonk_estimate,USD
251005,7637765456182,Cattasaurus - shoproxstore - Shopify,direct_to_consumer,fulfilled,2026-09-07,2026-09-09,2026-09-07,PA2,UPS,2,1,16.95,2.22,0.0,19.17,shipmonk_estimate,USD
251006,7637767848246,Cattasaurus - shoproxstore - Shopify,direct_to_consumer,onhold,2026-09-07,,2026-09-07,NV3,ShipMonk,3,0,0.0,4.74,0.0,4.74,shipmonk_estimate,USD
251007,7637773484342,Cattasaurus - shoproxstore - Shopify,direct_to_consumer,fulfilled,2026-09-07,2026-09-09,2026-09-07,PA2,OnTrac,2,1,12.17,2.22,0.0,14.39,shipmonk_estimate,USD
251008,7637792293174,Cattasaurus - shoproxstore - Shopify,direct_to_consumer,fulfilled,2026-09-07,2026-09-09,2026-09-07,PA2,OnTrac,2,1,12.14,2.22,0.0,14.36,shipmonk_estimate,USD
251009,7637805170998,Cattasaurus - shoproxstore - Shopify,direct_to_consumer,fulfilled,2026-09-07,2026-09-09,2026-09-07,PA2,UPS,1,1,14.16,1.9,0.0,16.06,shipmonk_estimate,USD
251010,7637809135926,Cattasaurus - shoproxstore - Shopify,direct_to_consumer,fulfilled,2026-09-07,2026-09-08,2026-09-07,NV3,FedEx,3,1,22.93,2.54,0.0,25.47,shipmonk_estimate,USD
251011,7637816475958,Cattasaurus - shoproxstore - Shopify,direct_to_consumer,fulfilled,2026-09-07,2026-09-09,2026-09-07,NV3,UPS,2,1,15.94,2.22,0.0,18.16,shipmonk_estimate,USD
251012,7637817655606,Cattasaurus - shoproxstore - Shopify,direct_to_consumer,fulfilled,2026-09-07,2026-09-10,2026-09-07,PA2,OnTrac,3,1,11.69,3.18,0.0,14.87,shipmonk_estimate,USD
251012_1,4a3be7e7-722e-4be8-a925-25473cd9e78d,Cattasaurus - shoproxstore - Shopify,direct_to_consumer,fulfilled,2026-09-07,2026-09-10,2026-09-07,PA2,Cirro,1,1,7.65,1.58,0.0,9.23,shipmonk_estimate,USD
251013,7637825093942,Cattasaurus - shoproxstore - Shopify,direct_to_consumer,fulfilled,2026-09-07,2026-09-09,2026-09-07,PA2,UPS,2,1,14.42,2.22,0.0,16.64,shipmonk_estimate,USD
251014,7637829255478,Cattasaurus - shoproxstore - Shopify,direct_to_consumer,fulfilled,2026-09-07,2026-09-08,2026-09-07,NV3,OnTrac,2,1,18.3,2.22,0.0,20.52,shipmonk_estimate,USD
251015,7637829419318,Cattasaurus - shoproxstore - Shopify,direct_to_consumer,fulfilled,2026-09-07,2026-09-09,2026-09-07,PA2,OnTrac,2,1,16.95,2.22,0.0,19.17,shipmonk_estimate,USD
251016,7637830074678,Cattasaurus - shoproxstore - Shopify,direct_to_consumer,fulfilled,2026-09-07,2026-09-09,2026-09-07,PA2,OnTrac,2,1,12.14,2.22,0.0,14.36,shipmonk_estimate,USD
251017,7637831319862,Cattasaurus - shoproxstore - Shopify,direct_to_consumer,fulfilled,2026-09-07,2026-09-09,2026-09-07,PA2,OnTrac,2,1,26.52,2.22,0.0,28.74,shipmonk_estimate,USD
251018,7637842329910,Cattasaurus - shoproxstore - Shopify,direct_to_consumer,fulfilled,2026-09-07,2026-09-09,2026-09-07,PA2,UPS,2,1,20.08,2.22,0.0,22.3,shipmonk_estimate,USD
251019,7637856551222,Cattasaurus - shoproxstore - Shopify,direct_to_consumer,fulfilled,2026-09-07,2026-09-09,2026-09-07,PA2,OnTrac,2,1,12.33,2.22,0.0,14.55,shipmonk_estimate,USD
251020,7637857665334,Cattasaurus - shoproxstore - Shopify,direct_to_consumer,fulfilled,2026-09-07,2026-09-09,2026-09-07,PA2,FedEx,2,1,15.42,2.22,0.0,17.64,shipmonk_estimate,USD
251021,7637865267510,Cattasaurus - shoproxstore - Shopify,direct_to_consumer,fulfilled,2026-09-07,2026-09-09,2026-09-07,PA2,Cirro,2,1,14.42,2.22,0.0,16.64,shipmonk_estimate,USD
251022,7637865562422,Cattasaurus - shoproxstore - Shopify,direct_to_consumer,onhold,2026-09-07,,2026-09-07,NV3,ShipMonk,2,0,16.75,6.83,0.0,23.58,shipmonk_estimate,USD
251023,7637912584502,Cattasaurus - shoproxstore - Shopify,direct_to_consumer,fulfilled,2026-09-07,2026-09-10,2026-09-07,NV3,UPS,2,1,20.08,2.22,0.0,22.3,shipmonk_estimate,USD
251023_1,eb128bf9-b1c0-4349-b09e-51a46af220cf,Cattasaurus - shoproxstore - Shopify,direct_to_consumer,fulfilled,2026-09-07,2026-09-10,2026-09-07,NV3,UPS,3,1,24.71,2.54,0.0,27.25,shipmonk_estimate,USD
251024,7637924872502,Cattasaurus - shoproxstore - Shopify,direct_to_consumer,fulfilled,2026-09-07,2026-09-09,2026-09-07,PA2,OnTrac,1,1,15.17,1.9,0.0,17.07,shipmonk_estimate,USD
251025,7637953610038,Cattasaurus - shoproxstore - Shopify,direct_to_consumer,fulfilled,2026-09-07,2026-09-09,2026-09-07,PA2,OnTrac,2,1,13.92,2.22,0.0,16.14,shipmonk_estimate,USD
251026,7637961408822,Cattasaurus - shoproxstore - Shopify,direct_to_consumer,fulfilled,2026-09-07,2026-09-08,2026-09-07,NV3,OnTrac,2,1,12.14,2.22,0.0,14.36,shipmonk_estimate,USD
251027,7637967831350,Cattasaurus - shoproxstore - Shopify,direct_to_consumer,onhold,2026-09-07,,2026-09-07,NV3,ShipMonk,1,0,26.21,1.58,0.0,27.79,shipmonk_estimate,USD
251028,7637971468598,Cattasaurus - shoproxstore - Shopify,direct_to_consumer,fulfilled,2026-09-07,2026-09-10,2026-09-07,NV3,OnTrac,2,1,33.8,2.22,0.0,36.02,shipmonk_estimate,USD
251029,7637976482102,Cattasaurus - shoproxstore - Shopify,direct_to_consumer,fulfilled,2026-09-07,2026-09-08,2026-09-07,NV3,Cirro,2,1,11.75,2.22,0.0,13.97,shipmonk_estimate,USD
251030,7637979332918,Cattasaurus - shoproxstore - Shopify,direct_to_consumer,fulfilled,2026-09-07,2026-09-08,2026-09-07,NV3,OnTrac,2,1,17.24,2.22,0.0,19.46,shipmonk_estimate,USD
251032,7637993095478,Cattasaurus - shoproxstore - Shopify,direct_to_consumer,fulfilled,2026-09-07,2026-09-10,2026-09-07,PA2,UPS,2,1,22.31,2.22,0.0,24.53,shipmonk_estimate,USD
251032_1,abfffdca-a5fd-42b1-8d2e-1ade3b168c67,Cattasaurus - shoproxstore - Shopify,direct_to_consumer,fulfilled,2026-09-07,2026-09-10,2026-09-07,PA2,UPS,1,1,22.31,3.82,0.0,26.13,shipmonk_estimate,USD
251033,7638010986806,Cattasaurus - shoproxstore - Shopify,direct_to_consumer,fulfilled,2026-09-07,2026-09-08,2026-09-07,NV3,UPS,2,1,18.21,2.22,0.0,20.43,shipmonk_estimate,USD
251034,7638016885046,Cattasaurus - shoproxstore - Shopify,direct_to_consumer,fulfilled,2026-09-07,2026-09-09,2026-09-07,PA2,Cirro,2,1,13.53,2.22,0.0,15.75,shipmonk_estimate,USD
251035,7638028058934,Cattasaurus - shoproxstore - Shopify,direct_to_consumer,onhold,2026-09-07,,2026-09-07,NV3,ShipMonk,3,0,20.28,3.16,0.0,23.44,shipmonk_estimate,USD
251036,7638033957174,Cattasaurus - shoproxstore - Shopify,direct_to_consumer,fulfilled,2026-09-07,2026-09-08,2026-09-07,NV3,OnTrac,2,1,20.08,2.22,0.0,22.3,shipmonk_estimate,USD
251037,7638043001142,Cattasaurus - shoproxstore - Shopify,direct_to_consumer,onhold,2026-09-07,,2026-09-07,PA2,ShipMonk,2,0,12.49,3.16,0.0,15.65,shipmonk_estimate,USD
251038,7638045950262,Cattasaurus - shoproxstore - Shopify,direct_to_consumer,fulfilled,2026-09-07,2026-09-08,2026-09-07,NV3,OnTrac,2,1,12.89,2.22,0.0,15.11,shipmonk_estimate,USD
251039,7638047031606,Cattasaurus - shoproxstore - Shopify,direct_to_consumer,fulfilled,2026-09-07,2026-09-08,2026-09-07,NV3,OnTrac,2,1,12.89,2.22,0.0,15.11,shipmonk_estimate,USD
251040,7638056534326,Cattasaurus - shoproxstore - Shopify,direct_to_consumer,fulfilled,2026-09-07,2026-09-09,2026-09-07,PA2,OnTrac,1,1,19.02,1.9,0.0,20.92,shipmonk_estimate,USD
251041,7638062760246,Cattasaurus - shoproxstore - Shopify,direct_to_consumer,fulfilled,2026-09-07,2026-09-08,2026-09-07,NV3,OnTrac,2,1,10.38,2.22,0.0,12.6,shipmonk_estimate,USD
251042,7638071443766,Cattasaurus - shoproxstore - Shopify,direct_to_consumer,fulfilled,2026-09-07,2026-09-08,2026-09-07,NV3,OnTrac,2,1,16.95,2.22,0.0,19.17,shipmonk_estimate,USD
251043,7638071738678,Cattasaurus - shoproxstore - Shopify,direct_to_consumer,fulfilled,2026-09-07,2026-09-09,2026-09-07,PA2,OnTrac,2,1,17.24,2.22,0.0,19.46,shipmonk_estimate,USD
251044,7638076391734,Cattasaurus - shoproxstore - Shopify,direct_to_consumer,fulfilled,2026-09-07,2026-09-08,2026-09-07,NV3,FedEx,2,1,19.55,2.22,0.0,21.77,shipmonk_estimate,USD
251045,7638078718262,Cattasaurus - shoproxstore - Shopify,direct_to_consumer,fulfilled,2026-09-07,2026-09-09,2026-09-07,PA2,OnTrac,2,1,15.17,2.22,0.0,17.39,shipmonk_estimate,USD
251046,7638086353206,Cattasaurus - shoproxstore - Shopify,direct_to_consumer,onhold,2026-09-07,,2026-09-07,NV3,ShipMonk,2,0,14.99,8.41,0.0,23.4,shipmonk_estimate,USD
251047,7638093005110,Cattasaurus - shoproxstore - Shopify,direct_to_consumer,onhold,2026-09-07,,2026-09-07,PA2,ShipMonk,2,0,14.99,3.16,0.0,18.15,shipmonk_estimate,USD
251048,7638100214070,Cattasaurus - shoproxstore - Shopify,direct_to_consumer,fulfilled,2026-09-07,2026-09-08,2026-09-07,NV3,FedEx,2,1,18.21,2.22,0.0,20.43,shipmonk_estimate,USD
251049,7638113026358,Cattasaurus - shoproxstore - Shopify,direct_to_consumer,fulfilled,2026-09-07,2026-09-08,2026-09-07,NV3,OnTrac,2,1,15.17,2.22,0.0,17.39,shipmonk_estimate,USD
251051,7638137635126,Cattasaurus - shoproxstore - Shopify,direct_to_consumer,fulfilled,2026-09-07,2026-09-09,2026-09-07,PA2,OnTrac,2,1,16.43,2.86,0.0,19.29,shipmonk_estimate,USD
251052,7638138454326,Cattasaurus - shoproxstore - Shopify,direct_to_consumer,fulfilled,2026-09-07,2026-09-08,2026-09-07,NV3,OnTrac,2,1,15.42,2.22,0.0,17.64,shipmonk_estimate,USD
251053,7638139896118,Cattasaurus - shoproxstore - Shopify,direct_to_consumer,fulfilled,2026-09-07,2026-09-08,2026-09-07,NV3,OnTrac,2,1,15.17,2.22,0.0,17.39,shipmonk_estimate,USD
251054,7638143861046,Cattasaurus - shoproxstore - Shopify,direct_to_consumer,onhold,2026-09-07,,2026-09-07,NV3,ShipMonk,2,0,18.8,3.16,0.0,21.96,shipmonk_estimate,USD
251055,7638156443958,Cattasaurus - shoproxstore - Shopify,direct_to_consumer,fulfilled,2026-09-07,2026-09-08,2026-09-07,NV3,OnTrac,1,1,12.64,1.9,0.0,14.54,shipmonk_estimate,USD
251056,7638158180662,Cattasaurus - shoproxstore - Shopify,direct_to_consumer,fulfilled,2026-09-07,2026-09-08,2026-09-07,NV3,OnTrac,2,1,15.17,2.22,0.0,17.39,shipmonk_estimate,USD
251057,7638162669878,Cattasaurus - shoproxstore - Shopify,direct_to_consumer,fulfilled,2026-09-07,2026-09-08,2026-09-07,NV3,OnTrac,2,1,15.12,2.22,0.0,17.34,shipmonk_estimate,USD
251058,7638169813302,Cattasaurus - shoproxstore - Shopify,direct_to_consumer,fulfilled,2026-09-07,2026-09-09,2026-09-07,PA2,UPS,2,1,16.95,2.22,0.0,19.17,shipmonk_estimate,USD
251059,7638170501430,Cattasaurus - shoproxstore - Shopify,direct_to_consumer,fulfilled,2026-09-07,2026-09-10,2026-09-07,NV3,Cirro,2,1,11.75,2.22,0.0,13.97,shipmonk_estimate,USD
251059_1,119c1420-4c3c-43da-ad58-b718d74c8cf0,Cattasaurus - shoproxstore - Shopify,direct_to_consumer,fulfilled,2026-09-07,2026-09-10,2026-09-07,NV3,Cirro,1,1,11.75,3.82,0.0,15.57,shipmonk_estimate,USD
251060,7638172434742,Cattasaurus - shoproxstore - Shopify,direct_to_consumer,fulfilled,2026-09-07,2026-09-08,2026-09-07,NV3,OnTrac,2,1,17.24,2.22,0.0,19.46,shipmonk_estimate,USD
251061,7638184034614,Cattasaurus - shoproxstore - Shopify,direct_to_consumer,onhold,2026-09-07,,2026-09-07,NV3,ShipMonk,2,0,26.21,3.16,0.0,29.37,shipmonk_estimate,USD
251062,7638185836854,Cattasaurus - shoproxstore - Shopify,direct_to_consumer,onhold,2026-09-07,,2026-09-07,NV3,ShipMonk,2,0,20.28,3.16,0.0,23.44,shipmonk_estimate,USD
251063,7638188851510,Cattasaurus - shoproxstore - Shopify,direct_to_consumer,fulfilled,2026-09-07,2026-09-09,2026-09-07,PA2,FedEx,3,2,35.34,4.76,0.0,40.1,shipmonk_estimate,USD
251064,7638194946358,Cattasaurus - shoproxstore - Shopify,direct_to_consumer,fulfilled,2026-09-07,2026-09-09,2026-09-07,NV3,OnTrac,2,1,22.31,2.22,0.0,24.53,shipmonk_estimate,USD
251065,7638209626422,Cattasaurus - shoproxstore - Shopify,direct_to_consumer,fulfilled,2026-09-07,2026-09-10,2026-09-07,PA2,OnTrac,2,1,14.57,2.54,0.0,17.11,shipmonk_estimate,USD
251065_1,75a584a2-b3b4-46bc-bf21-b8ae1504b503,Cattasaurus - shoproxstore - Shopify,direct_to_consumer,fulfilled,2026-09-07,2026-09-10,2026-09-07,PA2,OnTrac,2,1,20.53,2.22,0.0,22.75,shipmonk_estimate,USD
251066,7638217097526,Cattasaurus - shoproxstore - Shopify,direct_to_consumer,fulfilled,2026-09-07,2026-09-09,2026-09-07,PA2,Cirro,2,1,10.38,2.22,0.0,12.6,shipmonk_estimate,USD
251067,7638232924470,Cattasaurus - shoproxstore - Shopify,direct_to_consumer,fulfilled,2026-09-07,2026-09-09,2026-09-07,PA2,OnTrac,2,1,13.92,2.22,0.0,16.14,shipmonk_estimate,USD
251068,7638241771830,Cattasaurus - shoproxstore - Shopify,direct_to_consumer,fulfilled,2026-09-07,2026-09-09,2026-09-07,PA2,FedEx,2,1,15.42,2.22,0.0,17.64,shipmonk_estimate,USD
251069,7638244065590,Cattasaurus - shoproxstore - Shopify,direct_to_consumer,fulfilled,2026-09-07,2026-09-09,2026-09-07,NV3,OnTrac,2,1,15.17,2.22,0.0,17.39,shipmonk_estimate,USD
251070,7638248325430,Cattasaurus - shoproxstore - Shopify,direct_to_consumer,onhold,2026-09-07,,2026-09-07,NV3,ShipMonk,3,0,12.0,3.16,0.0,15.16,shipmonk_estimate,USD
251071,7638255534390,Cattasaurus - shoproxstore - Shopify,direct_to_consumer,fulfilled,2026-09-07,2026-09-08,2026-09-07,NV3,UPS,2,1,20.08,2.22,0.0,22.3,shipmonk_estimate,USD
251072,7638272835894,Cattasaurus - shoproxstore - Shopify,direct_to_consumer,onhold,2026-09-07,,2026-09-07,NV3,ShipMonk,2,0,18.8,3.16,0.0,21.96,shipmonk_estimate,USD
251073,7638280438070,Cattasaurus - shoproxstore - Shopify,direct_to_consumer,fulfilled,2026-09-07,2026-09-08,2026-09-07,NV3,FedEx,2,1,18.06,2.22,0.0,20.28,shipmonk_estimate,USD
251074,7638294823222,Cattasaurus - shoproxstore - Shopify,direct_to_consumer,fulfilled,2026-09-07,2026-09-09,2026-09-07,NV3,FedEx,3,1,15.73,2.54,0.0,18.27,shipmonk_estimate,USD
251075,7638312386870,Cattasaurus - shoproxstore - Shopify,direct_to_consumer,onhold,2026-09-07,,2026-09-07,PA2,ShipMonk,2,0,17.04,3.16,0.0,20.2,shipmonk_estimate,USD
251076,7638326411574,Cattasaurus - shoproxstore - Shopify,direct_to_consumer,fulfilled,2026-09-07,2026-09-09,2026-09-07,PA2,UPS,1,1,14.42,1.9,0.0,16.32,shipmonk_estimate,USD
251077,7638327132470,Cattasaurus - shoproxstore - Shopify,direct_to_consumer,onhold,2026-09-07,,2026-09-07,PA2,ShipMonk,3,0,33.4,3.16,0.0,36.56,shipmonk_estimate,USD
251078,7638332703030,Cattasaurus - shoproxstore - Shopify,direct_to_consumer,fulfilled,2026-09-07,2026-09-09,2026-09-07,NV3,OnTrac,2,1,16.95,2.22,0.0,19.17,shipmonk_estimate,USD
251079,7638337814838,Cattasaurus - shoproxstore - Shopify,direct_to_consumer,fulfilled,2026-09-07,2026-09-09,2026-09-07,PA2,OnTrac,3,1,12.14,2.54,0.0,14.68,shipmonk_estimate,USD
251080,7638353084726,Cattasaurus - shoproxstore - Shopify,direct_to_consumer,fulfilled,2026-09-07,2026-09-09,2026-09-07,NV3,OnTrac,2,1,20.53,2.22,0.0,22.75,shipmonk_estimate,USD
251081,7638379102518,Cattasaurus - shoproxstore - Shopify,direct_to_consumer,fulfilled,2026-09-07,2026-09-09,2026-09-07,PA2,OnTrac,2,1,10.7,2.22,0.0,12.92,shipmonk_estimate,USD
251082,7638406988086,Cattasaurus - shoproxstore - Shopify,direct_to_consumer,onhold,2026-09-07,,2026-09-07,PA2,ShipMonk,6,0,0.0,6.32,0.0,6.32,shipmonk_estimate,USD
251083,7638418784566,Cattasaurus - shoproxstore - Shopify,direct_to_consumer,fulfilled,2026-09-07,2026-09-09,2026-09-07,NV3,OnTrac,2,1,16.9,2.22,0.0,19.12,shipmonk_estimate,USD
251084,7638422683958,Cattasaurus - shoproxstore - Shopify,direct_to_consumer,fulfilled,2026-09-07,2026-09-09,2026-09-07,PA2,OnTrac,3,1,20.53,2.86,0.0,23.39,shipmonk_estimate,USD
251085,7638440476982,Cattasaurus - shoproxstore - Shopify,direct_to_consumer,fulfilled,2026-09-07,2026-09-10,2026-09-07,PA2,OnTrac,1,1,15.12,1.9,0.0,17.02,shipmonk_estimate,USD
251085_1,2bccac0b-e211-4611-922a-6d8a2f3e221c,Cattasaurus - shoproxstore - Shopify,direct_to_consumer,fulfilled,2026-09-07,2026-09-10,2026-09-07,PA2,SpeedX,1,1,6.62,1.58,0.0,8.2,shipmonk_estimate,USD
251086,7638444081462,Cattasaurus - shoproxstore - Shopify,direct_to_consumer,fulfilled,2026-09-07,2026-09-09,2026-09-07,NV3,OnTrac,1,1,15.42,1.9,0.0,17.32,shipmonk_estimate,USD
251087,7638468624694,Cattasaurus - shoproxstore - Shopify,direct_to_consumer,onhold,2026-09-07,,2026-09-07,NV3,ShipMonk,2,0,18.08,3.16,0.0,21.24,shipmonk_estimate,USD
251088,7638469411126,Cattasaurus - shoproxstore - Shopify,direct_to_consumer,fulfilled,2026-09-07,2026-09-09,2026-09-07,PA2,OnTrac,2,1,15.17,2.22,0.0,17.39,shipmonk_estimate,USD
251089,7638483108150,Cattasaurus - shoproxstore - Shopify,direct_to_consumer,fulfilled,2026-09-07,2026-09-09,2026-09-07,PA2,UPS,1,1,16.9,1.9,0.0,18.8,shipmonk_estimate,USD
251090,7638483763510,Cattasaurus - shoproxstore - Shopify,direct_to_consumer,fulfilled,2026-09-07,2026-09-09,2026-09-07,PA2,UPS,3,1,14.42,2.54,0.0,16.96,shipmonk_estimate,USD
251091,7638485303606,Cattasaurus - shoproxstore - Shopify,direct_to_consumer,fulfilled,2026-09-07,2026-09-09,2026-09-07,PA2,OnTrac,2,1,15.12,2.22,0.0,17.34,shipmonk_estimate,USD
251092,7638512402742,Cattasaurus - shoproxstore - Shopify,direct_to_consumer,fulfilled,2026-09-07,2026-09-09,2026-09-07,NV3,OnTrac,2,1,18.3,2.22,0.0,20.52,shipmonk_estimate,USD
251093,7638514172214,Cattasaurus - shoproxstore - Shopify,direct_to_consumer,fulfilled,2026-09-07,2026-09-09,2026-09-07,NV3,OnTrac,1,1,11.75,1.9,0.0,13.65,shipmonk_estimate,USD
251094,7638514598198,Cattasaurus - shoproxstore - Shopify,direct_to_consumer,fulfilled,2026-09-07,2026-09-09,2026-09-07,PA2,FedEx,2,1,12.89,2.22,0.0,15.11,shipmonk_estimate,USD
251096,7638562930998,Cattasaurus - shoproxstore - Shopify,direct_to_consumer,fulfilled,2026-09-07,2026-09-09,2026-09-07,NV3,OnTrac,1,1,24.74,1.9,0.0,26.64,shipmonk_estimate,USD
251097,7638564536630,Cattasaurus - shoproxstore - Shopify,direct_to_consumer,fulfilled,2026-09-07,2026-09-09,2026-09-07,PA2,OnTrac,2,1,19.02,2.22,0.0,21.24,shipmonk_estimate,USD
251098,7638574432566,Cattasaurus - shoproxstore - Shopify,direct_to_consumer,fulfilled,2026-09-07,2026-09-09,2026-09-07,PA2,OnTrac,2,1,15.12,2.22,0.0,17.34,shipmonk_estimate,USD
251099,7638587801910,Cattasaurus - shoproxstore - Shopify,direct_to_consumer,fulfilled,2026-09-07,2026-09-09,2026-09-07,NV3,OnTrac,2,1,18.3,2.22,0.0,20.52,shipmonk_estimate,USD
251100,7638592389430,Cattasaurus - shoproxstore - Shopify,direct_to_consumer,fulfilled,2026-09-07,2026-09-09,2026-09-07,PA2,OnTrac,2,1,10.38,2.22,0.0,12.6,shipmonk_estimate,USD
251101,7638600155446,Cattasaurus - shoproxstore - Shopify,direct_to_consumer,onhold,2026-09-07,,2026-09-07,NV3,ShipMonk,1,0,17.04,1.58,0.0,18.62,shipmonk_estimate,USD
251102,7638608806198,Cattasaurus - shoproxstore - Shopify,direct_to_consumer,onhold,2026-09-07,,2026-09-07,PA2,ShipMonk,2,0,14.99,3.16,0.0,18.15,shipmonk_estimate,USD
251103,7638617456950,Cattasaurus - shoproxstore - Shopify,direct_to_consumer,onhold,2026-09-07,,2026-09-07,NV3,ShipMonk,2,0,19.84,4.74,0.0,24.58,shipmonk_estimate,USD
251104,7638619816246,Cattasaurus - shoproxstore - Shopify,direct_to_consumer,fulfilled,2026-09-07,2026-09-09,2026-09-07,PA2,UPS,2,1,14.42,2.22,0.0,16.64,shipmonk_estimate,USD
251105,7638619881782,Cattasaurus - shoproxstore - Shopify,direct_to_consumer,onhold,2026-09-07,,2026-09-07,PA2,ShipMonk,2,0,13.76,3.16,0.0,16.92,shipmonk_estimate,USD
251106,7638636822838,Cattasaurus - shoproxstore - Shopify,direct_to_consumer,fulfilled,2026-09-07,2026-09-09,2026-09-07,PA2,UPS,2,1,19.02,2.22,0.0,21.24,shipmonk_estimate,USD
251107,7638649078070,Cattasaurus - shoproxstore - Shopify,direct_to_consumer,fulfilled,2026-09-07,2026-09-09,2026-09-07,NV3,Cirro,1,1,11.75,1.9,0.0,13.65,shipmonk_estimate,USD
251108,7638652977462,Cattasaurus - shoproxstore - Shopify,direct_to_consumer,fulfilled,2026-09-07,2026-09-10,2026-09-07,TO1,FedEx,1,1,44.38,2.31,0.0,46.69,shipmonk_estimate,CAD+USD
251108_1,acdea9d1-e0b7-4448-9c59-e47b6c2c7dd7,Cattasaurus - shoproxstore - Shopify,direct_to_consumer,fulfilled,2026-09-07,2026-09-10,2026-09-07,TO1,FedEx,1,1,42.5,4.99,0.0,47.49,shipmonk_estimate,CAD+USD
251109,7638669656374,Cattasaurus - shoproxstore - Shopify,direct_to_consumer,onhold,2026-09-07,,2026-09-07,PA2,ShipMonk,2,0,17.04,4.74,0.0,21.78,shipmonk_estimate,USD
251110,7638678470966,Cattasaurus - shoproxstore - Shopify,direct_to_consumer,fulfilled,2026-09-07,2026-09-09,2026-09-07,PA2,UPS,2,1,16.95,2.22,0.0,19.17,shipmonk_estimate,USD
251111,7638680928566,Cattasaurus - shoproxstore - Shopify,direct_to_consumer,fulfilled,2026-09-07,2026-09-09,2026-09-07,NV3,Cirro,2,1,11.75,2.22,0.0,13.97,shipmonk_estimate,USD
251112,7638681223478,Cattasaurus - shoproxstore - Shopify,direct_to_consumer,onhold,2026-09-07,,2026-09-07,PA2,ShipMonk,2,0,14.99,4.74,0.0,19.73,shipmonk_estimate,USD
251113,7638688366902,Cattasaurus - shoproxstore - Shopify,direct_to_consumer,fulfilled,2026-09-07,2026-09-09,2026-09-07,PA2,OnTrac,2,1,12.33,2.22,0.0,14.55,shipmonk_estimate,USD
251114,7638693970230,Cattasaurus - shoproxstore - Shopify,direct_to_consumer,fulfilled,2026-09-07,2026-09-09,2026-09-07,NV3,OnTrac,2,1,11.75,2.22,0.0,13.97,shipmonk_estimate,USD
251115,7638698393910,Cattasaurus - shoproxstore - Shopify,direct_to_consumer,onhold,2026-09-07,,2026-09-07,PA2,ShipMonk,2,0,17.04,4.74,0.0,21.78,shipmonk_estimate,USD
251116,7638706520374,Cattasaurus - shoproxstore - Shopify,direct_to_consumer,onhold,2026-09-07,,2026-09-07,PA2,ShipMonk,2,0,12.0,3.16,0.0,15.16,shipmonk_estimate,USD
251117,7638717563190,Cattasaurus - shoproxstore - Shopify,direct_to_consumer,fulfilled,2026-09-07,2026-09-09,2026-09-07,NV3,OnTrac,1,1,16.1,2.54,0.0,18.64,shipmonk_estimate,USD
251118,7638719955254,Cattasaurus - shoproxstore - Shopify,direct_to_consumer,fulfilled,2026-09-07,2026-09-09,2026-09-07,NV3,FedEx,2,1,29.18,2.22,0.0,31.4,shipmonk_estimate,USD
251119,7638727360822,Cattasaurus - shoproxstore - Shopify,direct_to_consumer,fulfilled,2026-09-07,2026-09-09,2026-09-07,PA2,OnTrac,2,1,12.14,2.22,0.0,14.36,shipmonk_estimate,USD
251120,7638733816118,Cattasaurus - shoproxstore - Shopify,direct_to_consumer,onhold,2026-09-07,,2026-09-07,NV3,ShipMonk,2,0,23.21,8.41,0.0,31.62,shipmonk_estimate,USD
251121,7638742761782,Cattasaurus - shoproxstore - Shopify,direct_to_consumer,fulfilled,2026-09-07,2026-09-08,2026-09-07,PA2,OnTrac,1,1,21.21,7.88,0.0,29.09,shipmonk_estimate,USD
251121_1,575ba620-35af-4aaa-813e-2950c952f2c5,Cattasaurus - shoproxstore - Shopify,direct_to_consumer,fulfilled,2026-09-07,2026-09-08,2026-09-07,PA2,OnTrac,1,1,21.21,7.88,0.0,29.09,shipmonk_estimate,USD
251122,7638755901750,Cattasaurus - shoproxstore - Shopify,direct_to_consumer,fulfilled,2026-09-07,2026-09-09,2026-09-07,NV3,OnTrac,2,1,15.17,2.22,0.0,17.39,shipmonk_estimate,USD
251123,7638758555958,Cattasaurus - shoproxstore - Shopify,direct_to_consumer,onhold,2026-09-07,,2026-09-07,PA2,ShipMonk,2,0,16.75,4.74,0.0,21.49,shipmonk_estimate,USD
251124,7638759244086,Cattasaurus - shoproxstore - Shopify,direct_to_consumer,fulfilled,2026-09-07,2026-09-09,2026-09-07,PA2,OnTrac,2,1,16.95,2.22,0.0,19.17,shipmonk_estimate,USD
251125,7638763372854,Cattasaurus - shoproxstore - Shopify,direct_to_consumer,fulfilled,2026-09-07,2026-09-09,2026-09-07,NV3,OnTrac,2,1,23.49,2.22,0.0,25.71,shipmonk_estimate,USD
251126,7638767763766,Cattasaurus - shoproxstore - Shopify,direct_to_consumer,fulfilled,2026-09-07,2026-09-09,2026-09-07,NV3,UPS,2,1,22.31,2.22,0.0,24.53,shipmonk_estimate,USD
251127,7638776938806,Cattasaurus - shoproxstore - Shopify,direct_to_consumer,fulfilled,2026-09-07,2026-09-09,2026-09-07,PA2,UPS,3,1,16.9,2.54,0.0,19.44,shipmonk_estimate,USD
251128,7638784508214,Cattasaurus - shoproxstore - Shopify,direct_to_consumer,fulfilled,2026-09-07,2026-09-09,2026-09-07,NV3,OnTrac,1,1,23.1,1.9,0.0,25.0,shipmonk_estimate,USD
251129,7638786507062,Cattasaurus - shoproxstore - Shopify,direct_to_consumer,fulfilled,2026-09-07,2026-09-09,2026-09-07,PA2,UPS,3,1,22.31,2.54,0.0,24.85,shipmonk_estimate,USD
251130,7638794142006,Cattasaurus - shoproxstore - Shopify,direct_to_consumer,fulfilled,2026-09-07,2026-09-09,2026-09-07,NV3,UPS,2,1,22.31,2.22,0.0,24.53,shipmonk_estimate,USD
251131,7638819799350,Cattasaurus - shoproxstore - Shopify,direct_to_consumer,fulfilled,2026-09-07,2026-09-09,2026-09-07,PA2,UPS,4,2,29.07,4.44,1.5,35.01,shipmonk_estimate,USD
251132,7638823403830,Cattasaurus - shoproxstore - Shopify,direct_to_consumer,onhold,2026-09-07,,2026-09-07,PA2,ShipMonk,3,0,20.28,4.74,0.0,25.02,shipmonk_estimate,USD
251133,7638823731510,Cattasaurus - shoproxstore - Shopify,direct_to_consumer,fulfilled,2026-09-07,2026-09-09,2026-09-07,PA2,UPS,1,1,16.95,1.9,0.0,18.85,shipmonk_estimate,USD
251134,7638833889590,Cattasaurus - shoproxstore - Shopify,direct_to_consumer,fulfilled,2026-09-07,2026-09-09,2026-09-07,PA2,FedEx,2,1,16.43,2.22,0.0,18.65,shipmonk_estimate,USD
251135,7638837330230,Cattasaurus - shoproxstore - Shopify,direct_to_consumer,onhold,2026-09-07,,2026-09-07,NV3,ShipMonk,3,0,23.21,6.83,0.0,30.04,shipmonk_estimate,USD
251136,7638838083894,Cattasaurus - shoproxstore - Shopify,direct_to_consumer,fulfilled,2026-09-07,2026-09-09,2026-09-07,NV3,OnTrac,2,1,15.17,2.22,0.0,17.39,shipmonk_estimate,USD
251137,7638851879222,Cattasaurus - shoproxstore - Shopify,direct_to_consumer,fulfilled,2026-09-07,2026-09-09,2026-09-07,NV3,OnTrac,3,1,17.24,2.54,0.0,19.78,shipmonk_estimate,USD
251138,7638853845302,Cattasaurus - shoproxstore - Shopify,direct_to_consumer,fulfilled,2026-09-07,2026-09-09,2026-09-07,PA2,OnTrac,2,1,15.5,2.22,0.0,17.72,shipmonk_estimate,USD
251139,7638858826038,Cattasaurus - shoproxstore - Shopify,direct_to_consumer,fulfilled,2026-09-07,2026-09-09,2026-09-07,PA2,OnTrac,2,1,15.12,2.22,0.0,17.34,shipmonk_estimate,USD
251140,7638870393142,Cattasaurus - shoproxstore - Shopify,direct_to_consumer,fulfilled,2026-09-07,2026-09-08,2026-09-07,NV3,OnTrac,2,1,19.1,2.22,0.0,21.32,shipmonk_estimate,USD
251141,7638871834934,Cattasaurus - shoproxstore - Shopify,direct_to_consumer,fulfilled,2026-09-07,2026-09-09,2026-09-07,PA2,UPS,2,1,14.42,2.22,0.0,16.64,shipmonk_estimate,USD
251142,7638875963702,Cattasaurus - shoproxstore - Shopify,direct_to_consumer,fulfilled,2026-09-07,2026-09-09,2026-09-07,NV3,UPS,2,1,23.1,2.22,0.0,25.32,shipmonk_estimate,USD
251143,7638876848438,Cattasaurus - shoproxstore - Shopify,direct_to_consumer,fulfilled,2026-09-07,2026-09-09,2026-09-07,PA2,OnTrac,2,1,22.31,2.22,0.0,24.53,shipmonk_estimate,USD
251145,7638895198518,Cattasaurus - shoproxstore - Shopify,direct_to_consumer,onhold,2026-09-07,,2026-09-07,PA2,ShipMonk,2,0,12.0,3.16,0.0,15.16,shipmonk_estimate,USD
251147,7638897525046,Cattasaurus - shoproxstore - Shopify,direct_to_consumer,fulfilled,2026-09-07,2026-09-09,2026-09-07,NV3,OnTrac,2,1,23.49,2.22,0.0,25.71,shipmonk_estimate,USD
251148,7638900932918,Cattasaurus - shoproxstore - Shopify,direct_to_consumer,fulfilled,2026-09-07,2026-09-10,2026-09-07,NV3,OnTrac,2,1,21.31,2.22,0.0,23.53,shipmonk_estimate,USD
251149,7638904078646,Cattasaurus - shoproxstore - Shopify,direct_to_consumer,fulfilled,2026-09-07,2026-09-09,2026-09-07,NV3,OnTrac,2,1,12.64,2.22,0.0,14.86,shipmonk_estimate,USD
251150,7638920954166,Cattasaurus - shoproxstore - Shopify,direct_to_consumer,fulfilled,2026-09-07,2026-09-10,2026-09-07,NV3,OnTrac,2,1,24.74,2.22,0.0,26.96,shipmonk_estimate,USD
251150_1,37fc3480-6e38-4b79-bce5-8be6a581390e,Cattasaurus - shoproxstore - Shopify,direct_to_consumer,fulfilled,2026-09-07,2026-09-10,2026-09-07,NV3,OnTrac,1,1,24.74,3.82,0.0,28.56,shipmonk_estimate,USD
251151,7638934913334,Cattasaurus - shoproxstore - Shopify,direct_to_consumer,fulfilled,2026-09-07,2026-09-10,2026-09-07,PA2,OnTrac,2,1,16.95,2.22,0.0,19.17,shipmonk_estimate,USD
251151_1,32ec16e4-cee4-45e3-b832-e930948fe64f,Cattasaurus - shoproxstore - Shopify,direct_to_consumer,fulfilled,2026-09-07,2026-09-10,2026-09-07,PA2,OnTrac,3,1,20.92,2.54,0.0,23.46,shipmonk_estimate,USD
251152,7638938878262,Cattasaurus - shoproxstore - Shopify,direct_to_consumer,fulfilled,2026-09-07,2026-09-09,2026-09-07,PA2,OnTrac,2,1,13.92,2.22,0.0,16.14,shipmonk_estimate,USD
251153,7638957457718,Cattasaurus - shoproxstore - Shopify,direct_to_consumer,fulfilled,2026-09-07,2026-09-09,2026-09-07,PA2,UPS,1,1,17.88,1.9,0.0,19.78,shipmonk_estimate,USD
251154,7638986293558,Cattasaurus - shoproxstore - Shopify,direct_to_consumer,fulfilled,2026-09-07,2026-09-09,2026-09-07,NV3,FedEx,3,1,32.47,2.54,0.0,35.01,shipmonk_estimate,USD
251155,7638994354486,Cattasaurus - shoproxstore - Shopify,direct_to_consumer,fulfilled,2026-09-07,2026-09-09,2026-09-07,PA2,OnTrac,1,1,12.17,1.9,0.0,14.07,shipmonk_estimate,USD
251156,7638999564598,Cattasaurus - shoproxstore - Shopify,direct_to_consumer,fulfilled,2026-09-07,2026-09-09,2026-09-07,PA2,OnTrac,2,1,10.38,2.22,0.0,12.6,shipmonk_estimate,USD
251157,7639003005238,Cattasaurus - shoproxstore - Shopify,direct_to_consumer,fulfilled,2026-09-07,2026-09-09,2026-09-07,PA2,FedEx,1,1,19.14,1.9,0.0,21.04,shipmonk_estimate,USD
251158,7639021158710,Cattasaurus - shoproxstore - Shopify,direct_to_consumer,fulfilled,2026-09-07,2026-09-09,2026-09-07,NV3,OnTrac,2,1,18.3,2.22,0.0,20.52,shipmonk_estimate,USD
251159,7639024992566,Cattasaurus - shoproxstore - Shopify,direct_to_consumer,fulfilled,2026-09-07,2026-09-09,2026-09-07,NV3,OnTrac,2,1,12.14,3.5,0.0,15.64,shipmonk_estimate,USD
251160,7639060349238,Cattasaurus - shoproxstore - Shopify,direct_to_consumer,fulfilled,2026-09-07,2026-09-09,2026-09-07,PA2,OnTrac,3,1,18.83,2.54,0.0,21.37,shipmonk_estimate,USD
251161,7639068344630,Cattasaurus - shoproxstore - Shopify,direct_to_consumer,fulfilled,2026-09-07,2026-09-09,2026-09-07,NV3,Cirro,3,1,11.75,2.54,0.0,14.29,shipmonk_estimate,USD
251162,7639070081334,Cattasaurus - shoproxstore - Shopify,direct_to_consumer,onhold,2026-09-07,,2026-09-07,NV3,ShipMonk,2,0,22.04,3.16,0.0,25.2,shipmonk_estimate,USD
251163,7639072047414,Cattasaurus - shoproxstore - Shopify,direct_to_consumer,onhold,2026-09-07,,2026-09-07,NV3,ShipMonk,2,0,12.49,4.74,0.0,17.23,shipmonk_estimate,USD
251164,7639121330486,Cattasaurus - shoproxstore - Shopify,direct_to_consumer,fulfilled,2026-09-07,2026-09-09,2026-09-07,NV3,FedEx,1,1,22.93,1.9,0.0,24.83,shipmonk_estimate,USD
251165,7639132373302,Cattasaurus - shoproxstore - Shopify,direct_to_consumer,onhold,2026-09-07,,2026-09-07,NV3,ShipMonk,1,0,17.04,1.58,0.0,18.62,shipmonk_estimate,USD
251166,7639132537142,Cattasaurus - shoproxstore - Shopify,direct_to_consumer,fulfilled,2026-09-07,2026-09-09,2026-09-07,NV3,UPS,2,1,26.52,2.22,0.0,28.74,shipmonk_estimate,USD
251167,7639165763894,Cattasaurus - shoproxstore - Shopify,direct_to_consumer,fulfilled,2026-09-07,2026-09-09,2026-09-07,NV3,OnTrac,1,1,11.75,1.9,0.0,13.65,shipmonk_estimate,USD
251168,7639192895798,Cattasaurus - shoproxstore - Shopify,direct_to_consumer,onhold,2026-09-07,,2026-09-07,PA2,ShipMonk,2,0,17.04,3.16,0.0,20.2,shipmonk_estimate,USD
251169,7639211213110,Cattasaurus - shoproxstore - Shopify,direct_to_consumer,fulfilled,2026-09-07,2026-09-09,2026-09-07,NV3,UPS,1,1,20.92,2.54,0.0,23.46,shipmonk_estimate,USD
251170,7639211802934,Cattasaurus - shoproxstore - Shopify,direct_to_consumer,fulfilled,2026-09-07,2026-09-09,2026-09-07,NV3,OnTrac,1,1,12.64,1.9,0.0,14.54,shipmonk_estimate,USD
251171,7639220519222,Cattasaurus - shoproxstore - Shopify,direct_to_consumer,onhold,2026-09-07,,2026-09-07,PA2,ShipMonk,2,0,22.04,3.16,0.0,25.2,shipmonk_estimate,USD
251172,7639275077942,Cattasaurus - shoproxstore - Shopify,direct_to_consumer,fulfilled,2026-09-07,2026-09-09,2026-09-07,PA2,Cirro,3,1,11.34,3.18,0.0,14.52,shipmonk_estimate,USD
251173,7639275831606,Cattasaurus - shoproxstore - Shopify,direct_to_consumer,fulfilled,2026-09-07,2026-09-09,2026-09-07,NV3,OnTrac,2,1,11.75,2.22,0.0,13.97,shipmonk_estimate,USD
577558981646455072,ec3ff4a2-02eb-4146-ae5b-89e9b7f7f233,Cattasaurus - Manual Store,direct_to_consumer,fulfilled,2026-09-07,2026-09-07,2026-09-07,PA2,OnTrac,1,1,17.73,1.9,0.0,19.63,shipmonk_estimate,USD
577558984191021734,ec62feb7-be03-4c29-97f4-efbab8fd0b68,Cattasaurus - Manual Store,direct_to_consumer,fulfilled,2026-09-07,2026-09-07,2026-09-07,NV3,UPS,1,1,17.73,1.9,0.0,19.63,shipmonk_estimate,USD
577558984242532969,14884728-8778-4ea9-920c-e76cd84082c7,Cattasaurus - Manual Store,direct_to_consumer,fulfilled,2026-09-07,2026-09-07,2026-09-07,PA2,OnTrac,1,1,19.55,1.9,0.0,21.45,shipmonk_estimate,USD
577558985449968229,874f8db6-46cf-43de-9dc3-6f03d8358d30,Cattasaurus - Manual Store,direct_to_consumer,fulfilled,2026-09-07,2026-09-07,2026-09-07,PA2,UPS,1,1,14.88,1.9,0.0,16.78,shipmonk_estimate,USD
577558987707421498,ed8b1da3-98e4-443e-b575-bace63ab6026,Cattasaurus - Manual Store,direct_to_consumer,fulfilled,2026-09-07,2026-09-07,2026-09-07,NV3,FedEx,1,1,13.09,2.22,0.0,15.31,shipmonk_estimate,USD
577558988950573849,02b3b97a-825e-47aa-aeee-6ff8fc8d50aa,Cattasaurus - Manual Store,direct_to_consumer,fulfilled,2026-09-07,2026-09-07,2026-09-07,NV3,OnTrac,1,1,14.88,1.9,0.0,16.78,shipmonk_estimate,USD
577558989833343099,cdd572b5-f7a6-468e-acda-b9bd9f4a7505,Cattasaurus - Manual Store,direct_to_consumer,fulfilled,2026-09-07,2026-09-07,2026-09-07,PA2,FedEx,1,1,15.94,2.22,0.0,18.16,shipmonk_estimate,USD
577558992306213822,0d27c03d-5bbc-44c8-9cb5-e8074408fb76,Cattasaurus - Manual Store,direct_to_consumer,fulfilled,2026-09-07,2026-09-07,2026-09-07,NV3,OnTrac,1,1,33.8,1.9,0.0,35.7,shipmonk_estimate,USD
577558994447994898,79bfcbca-cc81-4c3b-8c7d-1a8c2c200567,Cattasaurus - Manual Store,direct_to_consumer,fulfilled,2026-09-07,2026-09-07,2026-09-07,PA2,OnTrac,1,1,14.21,2.22,0.0,16.43,shipmonk_estimate,USD
577558995831395022,901d1d1f-d746-4583-9953-d1466b953dc1,Cattasaurus - Manual Store,direct_to_consumer,fulfilled,2026-09-07,2026-09-07,2026-09-07,NV3,UPS,1,1,20.61,1.9,0.0,22.51,shipmonk_estimate,USD
577558999328133952,15a893df-203d-4f9b-b5a8-780f4e0c1185,Cattasaurus - Manual Store,direct_to_consumer,fulfilled,2026-09-07,2026-09-07,2026-09-07,NV3,OnTrac,1,1,13.09,2.22,0.0,15.31,shipmonk_estimate,USD
577559002399674419,ba73a8cc-b640-489a-b9f2-b04b46f1ab8b,Cattasaurus - Manual Store,direct_to_consumer,fulfilled,2026-09-07,2026-09-07,2026-09-07,PA2,UPS,1,1,16.06,2.22,0.0,18.28,shipmonk_estimate,USD
577559003275563162,658307ec-e1a1-4aaa-9bd1-835252d05d3d,Cattasaurus - Manual Store,direct_to_consumer,fulfilled,2026-09-07,2026-09-07,2026-09-07,PA2,OnTrac,1,1,15.94,1.9,0.0,17.84,shipmonk_estimate,USD
577559004037943748,eef6067b-435b-41f9-97fe-71f2b6ab576d,Cattasaurus - Manual Store,direct_to_consumer,fulfilled,2026-09-07,2026-09-07,2026-09-07,NV3,FedEx,1,1,18.06,1.9,0.0,19.96,shipmonk_estimate,USD
577559004040237292,ea9381f0-12e7-4536-83b1-bfcf2eda8a0d,Cattasaurus - Manual Store,direct_to_consumer,fulfilled,2026-09-07,2026-09-07,2026-09-07,PA2,OnTrac,1,1,17.73,2.22,0.0,19.95,shipmonk_estimate,USD
577559007060530126,47db0062-1845-402b-b9db-6bc898a5c23c,Cattasaurus - Manual Store,direct_to_consumer,fulfilled,2026-09-07,2026-09-07,2026-09-07,NV3,OnTrac,1,1,14.21,1.9,0.0,16.11,shipmonk_estimate,USD
577559007458136379,2f86cd69-058d-4d02-8293-c79ce2ab41e9,Cattasaurus - Manual Store,direct_to_consumer,fulfilled,2026-09-07,2026-09-07,2026-09-07,NV3,OnTrac,1,1,15.21,2.22,0.0,17.43,shipmonk_estimate,USD
577559008050188889,1850089c-5ec0-477b-9c6c-1a2cb0e500aa,Cattasaurus - Manual Store,direct_to_consumer,fulfilled,2026-09-07,2026-09-07,2026-09-07,NV3,UPS,1,1,35.58,1.9,0.0,37.48,shipmonk_estimate,USD
577559012271493954,c5a4f0d5-1649-4125-95b4-4f1a01f5872b,Cattasaurus - Manual Store,direct_to_consumer,fulfilled,2026-09-07,2026-09-07,2026-09-07,PA2,OnTrac,1,1,17.32,1.9,0.0,19.22,shipmonk_estimate,USD
577559013317710416,b545e5ea-0e9d-49a7-a2c0-3a987c1df443,Cattasaurus - Manual Store,direct_to_consumer,fulfilled,2026-09-07,2026-09-08,2026-09-07,PA2,OnTrac,1,1,0.0,1.58,0.0,1.58,shipmonk_estimate,USD
577559013908647989,20145435-fb91-4f87-8dbe-3ea77ae41682,Cattasaurus - Manual Store,direct_to_consumer,fulfilled,2026-09-07,2026-09-07,2026-09-07,PA2,FedEx,1,1,15.94,2.22,0.0,18.16,shipmonk_estimate,USD
577559018132770861,59f44f12-7001-4f7a-92b9-72921e1f929d,Cattasaurus - Manual Store,direct_to_consumer,fulfilled,2026-09-07,2026-09-07,2026-09-07,NV3,FedEx,1,1,22.93,1.9,0.0,24.83,shipmonk_estimate,USD
577559021848007084,8bafad11-7f68-4a0b-a280-aba7040e9f65,Cattasaurus - Manual Store,direct_to_consumer,fulfilled,2026-09-07,2026-09-07,2026-09-07,NV3,OnTrac,1,1,13.09,1.9,0.0,14.99,shipmonk_estimate,USD
577559023071891484,0d4aacaa-fc9a-4907-9d86-a00b43d863fa,Cattasaurus - Manual Store,direct_to_consumer,fulfilled,2026-09-07,2026-09-07,2026-09-07,NV3,OnTrac,1,1,26.52,1.9,0.0,28.42,shipmonk_estimate,USD
577559023437189743,4edda003-57f2-44e8-80b8-052904ce67fe,Cattasaurus - Manual Store,direct_to_consumer,fulfilled,2026-09-07,2026-09-07,2026-09-07,PA2,UPS,1,1,23.21,1.9,0.0,25.11,shipmonk_estimate,USD
577559029886652598,6f944b4f-d61b-49c1-8b7d-b161127d6390,Cattasaurus - Manual Store,direct_to_consumer,fulfilled,2026-09-07,2026-09-07,2026-09-07,PA2,UPS,2,1,23.21,2.54,0.0,25.75,shipmonk_estimate,USD
577559029902578479,08217219-38bf-48a0-ae53-5e129947aa81,Cattasaurus - Manual Store,direct_to_consumer,fulfilled,2026-09-07,2026-09-07,2026-09-07,NV3,FedEx,1,1,22.93,1.9,0.0,24.83,shipmonk_estimate,USD
577559029903561112,2463344e-5e49-4543-9368-131869872a15,Cattasaurus - Manual Store,direct_to_consumer,fulfilled,2026-09-07,2026-09-07,2026-09-07,PA2,OnTrac,1,1,12.28,1.9,0.0,14.18,shipmonk_estimate,USD
577559030505050635,48e6af17-f77f-4d79-84f7-a912ee308c84,Cattasaurus - Manual Store,direct_to_consumer,fulfilled,2026-09-07,2026-09-07,2026-09-07,PA2,UPS,1,1,26.52,1.9,0.0,28.42,shipmonk_estimate,USD
577559030514750212,2344f1a4-b6c3-488f-995a-dfbc7b786b5a,Cattasaurus - Manual Store,direct_to_consumer,fulfilled,2026-09-07,2026-09-07,2026-09-07,PA2,OnTrac,1,1,13.42,2.22,0.0,15.64,shipmonk_estimate,USD
577559030580417161,50c1114c-462f-493e-8ebf-d011f9c5c15b,Cattasaurus - Manual Store,direct_to_consumer,fulfilled,2026-09-07,2026-09-07,2026-09-07,NV3,OnTrac,1,1,15.09,2.22,0.0,17.31,shipmonk_estimate,USD
577559030580810255,4b426f28-7368-45da-bf31-56264bea7d8e,Cattasaurus - Manual Store,direct_to_consumer,fulfilled,2026-09-07,2026-09-07,2026-09-07,PA2,UPS,1,1,17.73,1.9,0.0,19.63,shipmonk_estimate,USD
577559030712602895,19f00c22-8b32-44d4-91de-5090a8198a2a,Cattasaurus - Manual Store,direct_to_consumer,fulfilled,2026-09-07,2026-09-07,2026-09-07,PA2,OnTrac,1,1,12.28,1.9,0.0,14.18,shipmonk_estimate,USD
577559044136342481,7590f4ec-569d-4774-9c59-2086a02b6d07,Cattasaurus - Manual Store,direct_to_consumer,fulfilled,2026-09-07,2026-09-07,2026-09-07,PA2,OnTrac,1,1,15.94,1.9,0.0,17.84,shipmonk_estimate,USD
577559044167471392,9e84abab-6b3c-4adc-a670-44c4242df4f8,Cattasaurus - Manual Store,direct_to_consumer,fulfilled,2026-09-07,2026-09-07,2026-09-07,NV3,OnTrac,1,1,29.18,1.9,0.0,31.08,shipmonk_estimate,USD
577559044243230794,07c76cb3-87cc-47b7-a2dc-0b50c54b9fbf,Cattasaurus - Manual Store,direct_to_consumer,fulfilled,2026-09-07,2026-09-07,2026-09-07,PA2,FedEx,1,1,17.73,1.9,0.0,19.63,shipmonk_estimate,USD
577559044359819312,2d9ad025-a7de-4593-9530-be47c772026c,Cattasaurus - Manual Store,direct_to_consumer,fulfilled,2026-09-07,2026-09-07,2026-09-07,NV3,OnTrac,1,1,20.53,1.9,0.0,22.43,shipmonk_estimate,USD
577559044372664890,465a1743-cfe9-4850-a506-163692bac011,Cattasaurus - Manual Store,direct_to_consumer,fulfilled,2026-09-07,2026-09-07,2026-09-07,NV3,OnTrac,1,1,19.55,2.22,0.0,21.77,shipmonk_estimate,USD
577559046107403252,c271a2d7-2553-4894-85ca-deadffcd99fe,Cattasaurus - Manual Store,direct_to_consumer,fulfilled,2026-09-07,2026-09-07,2026-09-07,PA2,OnTrac,1,1,12.28,2.22,0.0,14.5,shipmonk_estimate,USD
577559047990972495,e6b9baa2-f14b-4cd2-80a1-3b94f742deac,Cattasaurus - Manual Store,direct_to_consumer,fulfilled,2026-09-07,2026-09-07,2026-09-07,NV3,OnTrac,1,1,15.09,2.22,0.0,17.31,shipmonk_estimate,USD
577559291580616821,94132677-bcb0-483d-80c3-a1a91fd6e9ff,Cattasaurus - Manual Store,direct_to_consumer,fulfilled,2026-09-07,2026-09-07,2026-09-07,PA2,UPS,1,1,17.73,1.9,0.0,19.63,shipmonk_estimate,USD
577559300196438236,56fe55f4-970f-453f-af8e-9d4a7ca115b2,Cattasaurus - Manual Store,direct_to_consumer,fulfilled,2026-09-07,2026-09-07,2026-09-07,PA2,UPS,1,1,19.18,2.22,0.0,21.4,shipmonk_estimate,USD
577559301008560308,49165de0-1af8-4fdf-a1ab-4e7a3ae9845c,Cattasaurus - Manual Store,direct_to_consumer,fulfilled,2026-09-07,2026-09-07,2026-09-07,NV3,OnTrac,1,1,20.53,1.9,0.0,22.43,shipmonk_estimate,USD
577559301533176038,1644b299-b383-456f-a37f-1313bbd475a9,Cattasaurus - Manual Store,direct_to_consumer,fulfilled,2026-09-07,2026-09-07,2026-09-07,PA2,OnTrac,1,1,14.21,2.22,0.0,16.43,shipmonk_estimate,USD
577559301601529875,5f990e88-72f7-41a4-899b-2e320ff55f38,Cattasaurus - Manual Store,direct_to_consumer,fulfilled,2026-09-07,2026-09-07,2026-09-07,PA2,UPS,1,1,16.57,2.22,0.0,18.79,shipmonk_estimate,USD
577559302712562231,e5747e9a-6c34-4395-9c65-3366bb559599,Cattasaurus - Manual Store,direct_to_consumer,fulfilled,2026-09-07,2026-09-07,2026-09-07,PA2,OnTrac,1,1,12.28,2.22,0.0,14.5,shipmonk_estimate,USD
577559303060689349,d59f2246-4b67-42a4-becf-442dbfef4fb7,Cattasaurus - Manual Store,direct_to_consumer,fulfilled,2026-09-07,2026-09-07,2026-09-07,NV3,OnTrac,1,1,15.21,2.22,0.0,17.43,shipmonk_estimate,USD
577559303214633610,83aa58e9-de7b-445c-a7df-5ba578ed42c5,Cattasaurus - Manual Store,direct_to_consumer,fulfilled,2026-09-07,2026-09-07,2026-09-07,PA2,UPS,1,1,19.18,2.22,0.0,21.4,shipmonk_estimate,USD
577559303588778143,70c4705e-f449-4c18-a080-edab456f9903,Cattasaurus - Manual Store,direct_to_consumer,fulfilled,2026-09-07,2026-09-07,2026-09-07,NV3,OnTrac,1,1,13.09,1.9,0.0,14.99,shipmonk_estimate,USD
577559304415908212,48fd00ed-9e45-4fac-8716-427810d9da4a,Cattasaurus - Manual Store,direct_to_consumer,fulfilled,2026-09-07,2026-09-07,2026-09-07,PA2,UPS,1,1,15.24,2.22,0.0,17.46,shipmonk_estimate,USD
577559305157448472,0b1283ec-1771-4b89-a276-af7e66ece2a6,Cattasaurus - Manual Store,direct_to_consumer,fulfilled,2026-09-07,2026-09-07,2026-09-07,PA2,UPS,1,1,19.18,2.22,0.0,21.4,shipmonk_estimate,USD
577559305678787320,313b74a7-afd4-4d76-9bd7-29180bc00c44,Cattasaurus - Manual Store,direct_to_consumer,fulfilled,2026-09-07,2026-09-07,2026-09-07,PA2,FedEx,1,1,15.94,2.22,0.0,18.16,shipmonk_estimate,USD
577559305704935653,26d183ec-99d2-43d0-ba47-010d438c023c,Cattasaurus - Manual Store,direct_to_consumer,fulfilled,2026-09-07,2026-09-07,2026-09-07,NV3,OnTrac,1,1,19.55,2.22,0.0,21.77,shipmonk_estimate,USD
577559307106030327,deaafe32-7dfd-4382-820b-77f9b6516a87,Cattasaurus - Manual Store,direct_to_consumer,fulfilled,2026-09-07,2026-09-07,2026-09-07,PA2,OnTrac,1,1,13.42,1.9,0.0,15.32,shipmonk_estimate,USD
577559307778101724,05e68b62-afc9-4ad4-a22c-573e1653a925,Cattasaurus - Manual Store,direct_to_consumer,fulfilled,2026-09-07,2026-09-07,2026-09-07,PA2,OnTrac,1,1,16.58,2.22,0.0,18.8,shipmonk_estimate,USD
577559308021175006,6d6ed889-fb4b-4fdc-9a61-b6c60ea3ebb1,Cattasaurus - Manual Store,direct_to_consumer,fulfilled,2026-09-07,2026-09-07,2026-09-07,PA2,UPS,1,1,17.73,1.9,0.0,19.63,shipmonk_estimate,USD
577559308351673166,2b7b8ddb-8c27-4b6b-81ae-97ed54726a42,Cattasaurus - Manual Store,direct_to_consumer,fulfilled,2026-09-07,2026-09-07,2026-09-07,NV3,OnTrac,1,1,13.09,2.22,0.0,15.31,shipmonk_estimate,USD
577559309436948489,a29722de-7fd8-47bc-8f3e-5cc00f3375b2,Cattasaurus - Manual Store,direct_to_consumer,fulfilled,2026-09-07,2026-09-07,2026-09-07,PA2,UPS,1,1,16.06,2.22,0.0,18.28,shipmonk_estimate,USD
111-3187602-6924212,111-3187602-6924212,Cattasaurus - Amazon USA,direct_to_consumer,fulfilled,2026-09-08,2026-09-08,2026-09-08,PA2,UPS,1,1,16.57,2.22,0.0,18.79,shipmonk_estimate,USD
114-9555255-7750648,114-9555255-7750648,Cattasaurus - Amazon USA,direct_to_consumer,fulfilled,2026-09-08,2026-09-08,2026-09-08,PA2,OnTrac,1,1,12.28,2.22,0.0,14.5,shipmonk_estimate,USD
251174,7639387308342,Cattasaurus - shoproxstore - Shopify,direct_to_consumer,fulfilled,2026-09-08,2026-09-09,2026-09-08,PA2,UPS,3,2,17.81,4.12,1.5,23.43,shipmonk_estimate,USD
251180,7639693656374,Cattasaurus - shoproxstore - Shopify,direct_to_consumer,onhold,2026-09-08,,2026-09-08,PA2,ShipMonk,2,0,26.21,3.16,0.0,29.37,shipmonk_estimate,USD
251181,7639713218870,Cattasaurus - shoproxstore - Shopify,direct_to_consumer,fulfilled,2026-09-08,2026-09-09,2026-09-08,NV3,FedEx,2,1,18.3,2.22,0.0,20.52,shipmonk_estimate,USD
251183,7639715381558,Cattasaurus - shoproxstore - Shopify,direct_to_consumer,fulfilled,2026-09-08,2026-09-09,2026-09-08,PA2,UPS,2,1,14.42,2.22,0.0,16.64,shipmonk_estimate,USD
251184,7639722197302,Cattasaurus - shoproxstore - Shopify,direct_to_consumer,fulfilled,2026-09-08,2026-09-09,2026-09-08,PA2,OnTrac,2,1,15.17,2.22,0.0,17.39,shipmonk_estimate,USD
251185,7639724261686,Cattasaurus - shoproxstore - Shopify,direct_to_consumer,fulfilled,2026-09-08,2026-09-10,2026-09-08,NV3,OnTrac,2,1,33.8,2.22,0.0,36.02,shipmonk_estimate,USD
251186,7639766401334,Cattasaurus - shoproxstore - Shopify,direct_to_consumer,fulfilled,2026-09-08,2026-09-09,2026-09-08,PA2,OnTrac,2,1,16.95,2.22,0.0,19.17,shipmonk_estimate,USD
251187,7639777476918,Cattasaurus - shoproxstore - Shopify,direct_to_consumer,onhold,2026-09-08,,2026-09-08,PA2,ShipMonk,2,0,12.49,3.16,0.0,15.65,shipmonk_estimate,USD
251188,7639828529462,Cattasaurus - shoproxstore - Shopify,direct_to_consumer,fulfilled,2026-09-08,2026-09-09,2026-09-08,NV3,OnTrac,2,1,20.53,2.22,0.0,22.75,shipmonk_estimate,USD
251189,7639832166710,Cattasaurus - shoproxstore - Shopify,direct_to_consumer,onhold,2026-09-08,,2026-09-08,PA2,ShipMonk,2,0,17.04,3.16,0.0,20.2,shipmonk_estimate,USD
251190,7639840227638,Cattasaurus - shoproxstore - Shopify,direct_to_consumer,fulfilled,2026-09-08,2026-09-10,2026-09-08,NV3,OnTrac,2,1,18.3,2.22,0.0,20.52,shipmonk_estimate,USD
251190_1,73f63c88-c12d-4905-a083-b5cad2887680,Cattasaurus - shoproxstore - Shopify,direct_to_consumer,fulfilled,2026-09-08,2026-09-10,2026-09-08,NV3,OnTrac,1,1,18.3,3.82,0.0,22.12,shipmonk_estimate,USD
251191,7639849435446,Cattasaurus - shoproxstore - Shopify,direct_to_consumer,fulfilled,2026-09-08,2026-09-11,2026-09-08,PA2,UPS,3,1,16.95,2.54,0.0,19.49,shipmonk_estimate,USD
251192,7639851630902,Cattasaurus - shoproxstore - Shopify,direct_to_consumer,fulfilled,2026-09-08,2026-09-09,2026-09-08,PA2,OnTrac,2,1,12.04,2.22,0.0,14.26,shipmonk_estimate,USD
251193,7639869522230,Cattasaurus - shoproxstore - Shopify,direct_to_consumer,onhold,2026-09-08,,2026-09-08,NV3,ShipMonk,3,0,12.49,3.16,0.0,15.65,shipmonk_estimate,USD
251194,7639887249718,Cattasaurus - shoproxstore - Shopify,direct_to_consumer,fulfilled,2026-09-08,2026-09-09,2026-09-08,NV3,OnTrac,2,1,11.75,2.22,0.0,13.97,shipmonk_estimate,USD
251195,7639894524214,Cattasaurus - shoproxstore - Shopify,direct_to_consumer,onhold,2026-09-08,,2026-09-08,PA2,ShipMonk,3,0,15.91,4.74,0.0,20.65,shipmonk_estimate,USD
251196,7639905894710,Cattasaurus - shoproxstore - Shopify,direct_to_consumer,fulfilled,2026-09-08,2026-09-09,2026-09-08,PA2,OnTrac,1,1,12.89,1.9,0.0,14.79,shipmonk_estimate,USD
251197,7639918248246,Cattasaurus - shoproxstore - Shopify,direct_to_consumer,fulfilled,2026-09-08,2026-09-09,2026-09-08,PA2,FedEx,5,2,32.9,6.04,0.0,38.94,shipmonk_estimate,USD
251198,7639918510390,Cattasaurus - shoproxstore - Shopify,direct_to_consumer,fulfilled,2026-09-08,2026-09-10,2026-09-08,PA2,OnTrac,2,1,15.12,2.22,0.0,17.34,shipmonk_estimate,USD
251198_1,9abb2bc7-1767-41eb-bd7b-6763012d05ef,Cattasaurus - shoproxstore - Shopify,direct_to_consumer,fulfilled,2026-09-08,2026-09-10,2026-09-08,PA2,OnTrac,1,1,15.12,3.82,0.0,18.94,shipmonk_estimate,USD
251199,7639919624502,Cattasaurus - shoproxstore - Shopify,direct_to_consumer,onhold,2026-09-08,,2026-09-08,PA2,ShipMonk,3,0,0.0,3.48,0.0,3.48,shipmonk_estimate,USD
251200,7639960289590,Cattasaurus - shoproxstore - Shopify,direct_to_consumer,fulfilled,2026-09-08,2026-09-09,2026-09-08,PA2,UPS,2,1,16.95,2.22,0.0,19.17,shipmonk_estimate,USD
251201,7639964188982,Cattasaurus - shoproxstore - Shopify,direct_to_consumer,onhold,2026-09-08,,2026-09-08,NV3,ShipMonk,1,0,18.8,1.58,0.0,20.38,shipmonk_estimate,USD
251202,7639964418358,Cattasaurus - shoproxstore - Shopify,direct_to_consumer,fulfilled,2026-09-08,2026-09-09,2026-09-08,PA2,UPS,1,2,44.62,4.12,0.0,48.74,shipmonk_estimate,USD
251203,7639964909878,Cattasaurus - shoproxstore - Shopify,direct_to_consumer,fulfilled,2026-09-08,2026-09-09,2026-09-08,PA2,OnTrac,3,1,12.64,2.54,0.0,15.18,shipmonk_estimate,USD
251204,7639967695158,Cattasaurus - shoproxstore - Shopify,direct_to_consumer,fulfilled,2026-09-08,2026-09-09,2026-09-08,PA2,OnTrac,2,1,10.38,2.22,0.0,12.6,shipmonk_estimate,USD
251205,7639971856694,Cattasaurus - shoproxstore - Shopify,direct_to_consumer,onhold,2026-09-08,,2026-09-08,PA2,ShipMonk,3,0,18.91,4.74,0.0,23.65,shipmonk_estimate,USD
251206,7639972020534,Cattasaurus - shoproxstore - Shopify,direct_to_consumer,fulfilled,2026-09-08,2026-09-09,2026-09-08,NV3,Cirro,1,1,10.75,1.58,0.0,12.33,shipmonk_estimate,USD
251207,7639985127734,Cattasaurus - shoproxstore - Shopify,direct_to_consumer,fulfilled,2026-09-08,2026-09-09,2026-09-08,PA2,OnTrac,2,1,14.16,2.22,0.0,16.38,shipmonk_estimate,USD
251208,7639989092662,Cattasaurus - shoproxstore - Shopify,direct_to_consumer,fulfilled,2026-09-08,2026-09-09,2026-09-08,PA2,OnTrac,2,1,15.12,2.22,0.0,17.34,shipmonk_estimate,USD
251209,7639994335542,Cattasaurus - shoproxstore - Shopify,direct_to_consumer,fulfilled,2026-09-08,2026-09-09,2026-09-08,PA2,FedEx,3,2,32.06,4.44,0.0,36.5,shipmonk_estimate,USD
251210,7639997120822,Cattasaurus - shoproxstore - Shopify,direct_to_consumer,fulfilled,2026-09-08,2026-09-09,2026-09-08,PA2,FedEx,2,1,19.14,2.22,0.0,21.36,shipmonk_estimate,USD
251211,7640001052982,Cattasaurus - shoproxstore - Shopify,direct_to_consumer,fulfilled,2026-09-08,2026-09-09,2026-09-08,NV3,FedEx,2,1,18.3,2.22,0.0,20.52,shipmonk_estimate,USD
251212,7640029626678,Cattasaurus - shoproxstore - Shopify,direct_to_consumer,fulfilled,2026-09-08,2026-09-09,2026-09-08,PA2,OnTrac,1,1,10.7,1.9,0.0,12.6,shipmonk_estimate,USD
251213,7640062066998,Cattasaurus - shoproxstore - Shopify,direct_to_consumer,onhold,2026-09-08,,2026-09-08,PA2,ShipMonk,2,0,22.04,3.16,0.0,25.2,shipmonk_estimate,USD
251214,7640070783286,Cattasaurus - shoproxstore - Shopify,direct_to_consumer,fulfilled,2026-09-08,2026-09-09,2026-09-08,PA2,OnTrac,2,1,17.2,2.22,0.0,19.42,shipmonk_estimate,USD
251215,7640084414774,Cattasaurus - shoproxstore - Shopify,direct_to_consumer,fulfilled,2026-09-08,2026-09-09,2026-09-08,PA2,OnTrac,2,1,20.53,2.22,0.0,22.75,shipmonk_estimate,USD
251216,7640094769462,Cattasaurus - shoproxstore - Shopify,direct_to_consumer,onhold,2026-09-08,,2026-09-08,PA2,ShipMonk,2,0,14.25,3.16,0.0,17.41,shipmonk_estimate,USD
251217,7640096833846,Cattasaurus - shoproxstore - Shopify,direct_to_consumer,fulfilled,2026-09-08,2026-09-09,2026-09-08,PA2,OnTrac,2,1,15.12,2.22,0.0,17.34,shipmonk_estimate,USD
251218,7640103682358,Cattasaurus - shoproxstore - Shopify,direct_to_consumer,fulfilled,2026-09-08,2026-09-09,2026-09-08,NV3,Cirro,2,1,11.75,2.22,0.0,13.97,shipmonk_estimate,USD
251219,7640115020086,Cattasaurus - shoproxstore - Shopify,direct_to_consumer,fulfilled,2026-09-08,2026-09-10,2026-09-08,PA2,OnTrac,4,1,19.02,2.86,0.0,21.88,shipmonk_estimate,USD
251219_1,fc2b8207-0e6d-4421-8716-224e02315a1a,Cattasaurus - shoproxstore - Shopify,direct_to_consumer,fulfilled,2026-09-08,2026-09-10,2026-09-08,PA2,DHL eCommerce,1,1,6.73,1.58,0.0,8.31,shipmonk_estimate,USD
251219_2,601e6c97-944c-477d-8a51-0530c53ec590,Cattasaurus - shoproxstore - Shopify,direct_to_consumer,fulfilled,2026-09-08,2026-09-10,2026-09-08,PA2,DHL eCommerce,1,1,11.11,1.58,0.0,12.69,shipmonk_estimate,USD
251220,7640143462710,Cattasaurus - shoproxstore - Shopify,direct_to_consumer,fulfilled,2026-09-08,2026-09-10,2026-09-08,PA2,UPS,2,1,14.42,2.22,0.0,16.64,shipmonk_estimate,USD
251221,7640153686326,Cattasaurus - shoproxstore - Shopify,direct_to_consumer,onhold,2026-09-08,,2026-09-08,PA2,ShipMonk,3,0,12.49,3.16,0.0,15.65,shipmonk_estimate,USD
251222,7640162206006,Cattasaurus - shoproxstore - Shopify,direct_to_consumer,fulfilled,2026-09-08,2026-09-10,2026-09-08,PA2,OnTrac,3,1,11.69,2.54,0.0,14.23,shipmonk_estimate,USD
251222_1,91ec05ef-2c49-47c3-a32f-dc769f2a8d66,Cattasaurus - shoproxstore - Shopify,direct_to_consumer,fulfilled,2026-09-08,2026-09-10,2026-09-08,PA2,OnTrac,3,1,11.44,2.54,0.0,13.98,shipmonk_estimate,USD
251223,7640171217206,Cattasaurus - shoproxstore - Shopify,direct_to_consumer,fulfilled,2026-09-08,2026-09-10,2026-09-08,PA2,OnTrac,1,1,14.57,2.86,0.0,17.43,shipmonk_estimate,USD
251224,7640182194486,Cattasaurus - shoproxstore - Shopify,direct_to_consumer,onhold,2026-09-08,,2026-09-08,PA2,ShipMonk,2,0,12.02,4.74,0.0,16.76,shipmonk_estimate,USD
251225,7640182522166,Cattasaurus - shoproxstore - Shopify,direct_to_consumer,onhold,2026-09-08,,2026-09-08,PA2,ShipMonk,2,0,14.99,3.16,0.0,18.15,shipmonk_estimate,USD
251226,7640183996726,Cattasaurus - shoproxstore - Shopify,direct_to_consumer,fulfilled,2026-09-08,2026-09-09,2026-09-08,NV3,OnTrac,1,1,19.14,2.54,0.0,21.68,shipmonk_estimate,USD
251227,7640191795510,Cattasaurus - shoproxstore - Shopify,direct_to_consumer,fulfilled,2026-09-08,2026-09-10,2026-09-08,PA2,OnTrac,2,1,12.04,2.22,0.0,14.26,shipmonk_estimate,USD
251228,7640193990966,Cattasaurus - shoproxstore - Shopify,direct_to_consumer,fulfilled,2026-09-08,2026-09-09,2026-09-08,NV3,OnTrac,4,1,14.16,3.5,0.0,17.66,shipmonk_estimate,USD
251229,7640202084662,Cattasaurus - shoproxstore - Shopify,direct_to_consumer,fulfilled,2026-09-08,2026-09-10,2026-09-08,PA2,UPS,2,1,19.02,2.22,0.0,21.24,shipmonk_estimate,USD
251230,7640206737718,Cattasaurus - shoproxstore - Shopify,direct_to_consumer,fulfilled,2026-09-08,2026-09-10,2026-09-08,PA2,OnTrac,2,1,12.04,2.22,0.0,14.26,shipmonk_estimate,USD
251231,7640210866486,Cattasaurus - shoproxstore - Shopify,direct_to_consumer,onhold,2026-09-08,,2026-09-08,NV3,ShipMonk,3,0,18.08,6.83,0.0,24.91,shipmonk_estimate,USD
251232,7640211063094,Cattasaurus - shoproxstore - Shopify,direct_to_consumer,fulfilled,2026-09-08,2026-09-09,2026-09-08,NV3,OnTrac,2,1,21.0,2.22,0.0,23.22,shipmonk_estimate,USD
251233,7640228561206,Cattasaurus - shoproxstore - Shopify,direct_to_consumer,fulfilled,2026-09-08,2026-09-10,2026-09-08,PA2,OnTrac,1,1,15.17,1.9,0.0,17.07,shipmonk_estimate,USD
251234,7640229085494,Cattasaurus - shoproxstore - Shopify,direct_to_consumer,fulfilled,2026-09-08,2026-09-09,2026-09-08,NV3,OnTrac,2,1,15.17,2.22,0.0,17.39,shipmonk_estimate,USD
251235,7640229183798,Cattasaurus - shoproxstore - Shopify,direct_to_consumer,fulfilled,2026-09-08,2026-09-09,2026-09-08,NV3,OnTrac,3,1,19.02,3.18,0.0,22.2,shipmonk_estimate,USD
251236,7640247861558,Cattasaurus - shoproxstore - Shopify,direct_to_consumer,onhold,2026-09-08,,2026-09-08,PA2,ShipMonk,2,0,14.25,3.16,0.0,17.41,shipmonk_estimate,USD
251237,7640255529270,Cattasaurus - shoproxstore - Shopify,direct_to_consumer,fulfilled,2026-09-08,2026-09-10,2026-09-08,PA2,FedEx,1,1,20.53,1.9,0.0,22.43,shipmonk_estimate,USD
251238,7640256676150,Cattasaurus - shoproxstore - Shopify,direct_to_consumer,fulfilled,2026-09-08,2026-09-10,2026-09-08,PA2,OnTrac,2,1,12.33,2.22,0.0,14.55,shipmonk_estimate,USD
251239,7640286658870,Cattasaurus - shoproxstore - Shopify,direct_to_consumer,fulfilled,2026-09-08,2026-09-09,2026-09-08,NV3,OnTrac,1,1,16.1,2.54,0.0,18.64,shipmonk_estimate,USD
251240,7640325980470,Cattasaurus - shoproxstore - Shopify,direct_to_consumer,fulfilled,2026-09-08,2026-09-09,2026-09-08,NV3,UPS,2,1,13.92,2.22,0.0,16.14,shipmonk_estimate,USD
251241,7640337711414,Cattasaurus - shoproxstore - Shopify,direct_to_consumer,onhold,2026-09-08,,2026-09-08,NV3,ShipMonk,2,0,26.21,3.16,0.0,29.37,shipmonk_estimate,USD
251242,7640371265846,Cattasaurus - shoproxstore - Shopify,direct_to_consumer,onhold,2026-09-08,,2026-09-08,PA2,ShipMonk,2,0,16.75,4.74,0.0,21.49,shipmonk_estimate,USD
251243,7640381882678,Cattasaurus - shoproxstore - Shopify,direct_to_consumer,fulfilled,2026-09-08,2026-09-09,2026-09-08,NV3,OnTrac,2,1,12.89,2.22,0.0,15.11,shipmonk_estimate,USD
251244,7640400462134,Cattasaurus - shoproxstore - Shopify,direct_to_consumer,onhold,2026-09-08,,2026-09-08,PA2,ShipMonk,2,0,26.21,3.16,0.0,29.37,shipmonk_estimate,USD
251245,7640422285622,Cattasaurus - shoproxstore - Shopify,direct_to_consumer,onhold,2026-09-08,,2026-09-08,NV3,ShipMonk,2,0,14.25,8.41,0.0,22.66,shipmonk_estimate,USD
251246,7640459149622,Cattasaurus - shoproxstore - Shopify,direct_to_consumer,fulfilled,2026-09-08,2026-09-10,2026-09-08,PA2,OnTrac,2,1,12.04,2.22,0.0,14.26,shipmonk_estimate,USD
251247,7640466358582,Cattasaurus - shoproxstore - Shopify,direct_to_consumer,fulfilled,2026-09-08,2026-09-10,2026-09-08,PA2,UPS,2,1,16.95,2.22,0.0,19.17,shipmonk_estimate,USD
251248,7640476647734,Cattasaurus - shoproxstore - Shopify,direct_to_consumer,fulfilled,2026-09-08,2026-09-10,2026-09-08,PA2,Cirro,2,1,16.95,2.22,0.0,19.17,shipmonk_estimate,USD
251249,7640493293878,Cattasaurus - shoproxstore - Shopify,direct_to_consumer,fulfilled,2026-09-08,2026-09-10,2026-09-08,PA2,OnTrac,1,1,21.21,7.88,0.0,29.09,shipmonk_estimate,USD
251250,7640497979702,Cattasaurus - shoproxstore - Shopify,direct_to_consumer,fulfilled,2026-09-08,2026-09-10,2026-09-08,PA2,FedEx,2,1,15.42,2.22,0.0,17.64,shipmonk_estimate,USD
251251,7640517345590,Cattasaurus - shoproxstore - Shopify,direct_to_consumer,fulfilled,2026-09-08,2026-09-10,2026-09-08,PA2,UPS,1,1,16.95,1.9,0.0,18.85,shipmonk_estimate,USD
251252,7640520622390,Cattasaurus - shoproxstore - Shopify,direct_to_consumer,onhold,2026-09-08,,2026-09-08,NV3,ShipMonk,3,0,15.91,4.74,0.0,20.65,shipmonk_estimate,USD
251253,7640541823286,Cattasaurus - shoproxstore - Shopify,direct_to_consumer,fulfilled,2026-09-08,2026-09-10,2026-09-08,NV3,FedEx,2,1,23.49,2.22,0.0,25.71,shipmonk_estimate,USD
251254,7640542708022,Cattasaurus - shoproxstore - Shopify,direct_to_consumer,fulfilled,2026-09-08,2026-09-10,2026-09-08,PA2,FedEx,2,1,19.14,2.22,0.0,21.36,shipmonk_estimate,USD
251255,7640542773558,Cattasaurus - shoproxstore - Shopify,direct_to_consumer,fulfilled,2026-09-08,2026-09-10,2026-09-08,PA2,UPS,2,1,22.31,2.22,0.0,24.53,shipmonk_estimate,USD
251256,7640544313654,Cattasaurus - shoproxstore - Shopify,direct_to_consumer,fulfilled,2026-09-08,2026-09-10,2026-09-08,PA2,OnTrac,1,1,13.92,2.86,0.0,16.78,shipmonk_estimate,USD
251257,7640561385782,Cattasaurus - shoproxstore - Shopify,direct_to_consumer,fulfilled,2026-09-08,2026-09-10,2026-09-08,PA2,UPS,2,1,16.35,2.86,0.0,19.21,shipmonk_estimate,USD
251258,7640601657654,Cattasaurus - shoproxstore - Shopify,direct_to_consumer,fulfilled,2026-09-08,2026-09-10,2026-09-08,PA2,UPS,2,1,22.31,2.22,0.0,24.53,shipmonk_estimate,USD
251259,7640605098294,Cattasaurus - shoproxstore - Shopify,direct_to_consumer,onhold,2026-09-08,,2026-09-08,PA2,ShipMonk,2,0,11.61,3.16,0.0,14.77,shipmonk_estimate,USD
251260,7640683118902,Cattasaurus - shoproxstore - Shopify,direct_to_consumer,fulfilled,2026-09-08,2026-09-10,2026-09-08,PA2,OnTrac,3,1,20.53,2.86,0.0,23.39,shipmonk_estimate,USD
251260_1,7513fefc-6355-441b-8c1f-8a392bf4082e,Cattasaurus - shoproxstore - Shopify,direct_to_consumer,fulfilled,2026-09-08,2026-09-10,2026-09-08,PA2,OnTrac,2,1,20.53,3.5,0.0,24.03,shipmonk_estimate,USD
251261,7640688132406,Cattasaurus - shoproxstore - Shopify,direct_to_consumer,fulfilled,2026-09-08,2026-09-10,2026-09-08,NV3,FedEx,1,1,32.47,2.54,0.0,35.01,shipmonk_estimate,USD
251262,7640688558390,Cattasaurus - shoproxstore - Shopify,direct_to_consumer,fulfilled,2026-09-08,2026-09-10,2026-09-08,NV3,OnTrac,2,1,20.53,2.22,0.0,22.75,shipmonk_estimate,USD
251263,7640696717622,Cattasaurus - shoproxstore - Shopify,direct_to_consumer,fulfilled,2026-09-08,2026-09-10,2026-09-08,NV3,OnTrac,2,1,15.12,2.22,0.0,17.34,shipmonk_estimate,USD
251264,7640709562678,Cattasaurus - shoproxstore - Shopify,direct_to_consumer,onhold,2026-09-08,,2026-09-08,PA2,ShipMonk,2,0,14.99,3.16,0.0,18.15,shipmonk_estimate,USD
251265,7640710283574,Cattasaurus - shoproxstore - Shopify,direct_to_consumer,fulfilled,2026-09-08,2026-09-10,2026-09-08,PA2,OnTrac,1,1,15.12,1.9,0.0,17.02,shipmonk_estimate,USD
251266,7640711201078,Cattasaurus - shoproxstore - Shopify,direct_to_consumer,onhold,2026-09-08,,2026-09-08,NV3,ShipMonk,2,0,18.08,3.16,0.0,21.24,shipmonk_estimate,USD
251269,7640751964470,Cattasaurus - shoproxstore - Shopify,direct_to_consumer,fulfilled,2026-09-08,2026-09-10,2026-09-08,PA2,OnTrac,2,1,12.04,2.22,0.0,14.26,shipmonk_estimate,USD
251270,7640752324918,Cattasaurus - shoproxstore - Shopify,direct_to_consumer,fulfilled,2026-09-08,2026-09-10,2026-09-08,NV3,FedEx,4,2,30.24,5.08,0.0,35.32,shipmonk_estimate,USD
251271,7640763203894,Cattasaurus - shoproxstore - Shopify,direct_to_consumer,fulfilled,2026-09-08,2026-09-11,2026-09-08,PA2,FedEx,4,1,20.53,2.86,0.0,23.39,shipmonk_estimate,USD
251271_1,5628040a-e4bb-4037-80dd-70944ca1fc23,Cattasaurus - shoproxstore - Shopify,direct_to_consumer,fulfilled,2026-09-08,2026-09-10,2026-09-08,PA2,USPS,1,1,6.9,1.58,0.0,8.48,shipmonk_estimate,USD
251272,7640770249014,Cattasaurus - shoproxstore - Shopify,direct_to_consumer,fulfilled,2026-09-08,2026-09-10,2026-09-08,NV3,OnTrac,2,1,24.74,2.22,0.0,26.96,shipmonk_estimate,USD
251274,7640815436086,Cattasaurus - shoproxstore - Shopify,direct_to_consumer,fulfilled,2026-09-08,2026-09-10,2026-09-08,PA2,OnTrac,2,1,12.04,2.22,0.0,14.26,shipmonk_estimate,USD
251275,7640826478902,Cattasaurus - shoproxstore - Shopify,direct_to_consumer,fulfilled,2026-09-08,2026-09-10,2026-09-08,NV3,OnTrac,1,1,19.14,2.54,0.0,21.68,shipmonk_estimate,USD
251276,7640829493558,Cattasaurus - shoproxstore - Shopify,direct_to_consumer,fulfilled,2026-09-08,2026-09-10,2026-09-08,PA2,OnTrac,2,1,12.17,2.22,0.0,14.39,shipmonk_estimate,USD
251277,7640834310454,Cattasaurus - shoproxstore - Shopify,direct_to_consumer,fulfilled,2026-09-08,2026-09-10,2026-09-08,NV3,OnTrac,2,1,33.8,2.22,0.0,36.02,shipmonk_estimate,USD
251278,7640837816630,Cattasaurus - shoproxstore - Shopify,direct_to_consumer,onhold,2026-09-08,,2026-09-08,NV3,ShipMonk,4,0,0.0,6.32,0.0,6.32,shipmonk_estimate,USD
251279,7640848695606,Cattasaurus - shoproxstore - Shopify,direct_to_consumer,fulfilled,2026-09-08,2026-09-10,2026-09-08,NV3,OnTrac,3,1,23.49,2.86,0.0,26.35,shipmonk_estimate,USD
251280,7640865603894,Cattasaurus - shoproxstore - Shopify,direct_to_consumer,fulfilled,2026-09-08,2026-09-10,2026-09-08,PA2,OnTrac,2,1,12.04,2.22,0.0,14.26,shipmonk_estimate,USD
251281,7640871272758,Cattasaurus - shoproxstore - Shopify,direct_to_consumer,fulfilled,2026-09-08,2026-09-10,2026-09-08,NV3,UPS,1,1,24.71,2.54,0.0,27.25,shipmonk_estimate,USD
251282,7640872780086,Cattasaurus - shoproxstore - Shopify,direct_to_consumer,fulfilled,2026-09-08,2026-09-10,2026-09-08,PA2,UPS,2,1,14.42,2.22,0.0,16.64,shipmonk_estimate,USD
251283,7640872976694,Cattasaurus - shoproxstore - Shopify,direct_to_consumer,fulfilled,2026-09-08,2026-09-10,2026-09-08,NV3,OnTrac,2,1,18.3,2.22,0.0,20.52,shipmonk_estimate,USD
251284,7640873238838,Cattasaurus - shoproxstore - Shopify,direct_to_consumer,onhold,2026-09-08,,2026-09-08,PA2,ShipMonk,2,0,16.7,3.16,0.0,19.86,shipmonk_estimate,USD
251285,7640896340278,Cattasaurus - shoproxstore - Shopify,direct_to_consumer,fulfilled,2026-09-08,2026-09-10,2026-09-08,NV3,OnTrac,2,1,29.18,2.22,0.0,31.4,shipmonk_estimate,USD
251286,7640901419318,Cattasaurus - shoproxstore - Shopify,direct_to_consumer,onhold,2026-09-08,,2026-09-08,NV3,ShipMonk,1,0,20.28,1.58,0.0,21.86,shipmonk_estimate,USD
251287,7640906629430,Cattasaurus - shoproxstore - Shopify,direct_to_consumer,fulfilled,2026-09-08,2026-09-10,2026-09-08,PA2,FedEx,1,1,15.42,1.9,0.0,17.32,shipmonk_estimate,USD
251288,7640914493750,Cattasaurus - shoproxstore - Shopify,direct_to_consumer,fulfilled,2026-09-08,2026-09-10,2026-09-08,PA2,OnTrac,2,1,15.17,2.22,0.0,17.39,shipmonk_estimate,USD
251289,7640916328758,Cattasaurus - shoproxstore - Shopify,direct_to_consumer,fulfilled,2026-09-08,2026-09-10,2026-09-08,PA2,OnTrac,3,1,15.17,2.54,0.0,17.71,shipmonk_estimate,USD
251290,7640927961398,Cattasaurus - shoproxstore - Shopify,direct_to_consumer,fulfilled,2026-09-08,2026-09-10,2026-09-08,PA2,Cirro,2,1,12.64,2.22,0.0,14.86,shipmonk_estimate,USD
251291,7640961712438,Cattasaurus - shoproxstore - Shopify,direct_to_consumer,fulfilled,2026-09-08,2026-09-10,2026-09-08,PA2,OnTrac,2,1,13.53,2.22,0.0,15.75,shipmonk_estimate,USD
251292,7640964956470,Cattasaurus - shoproxstore - Shopify,direct_to_consumer,fulfilled,2026-09-08,2026-09-10,2026-09-08,NV3,FedEx,1,1,18.3,1.9,0.0,20.2,shipmonk_estimate,USD
251293,7640977211702,Cattasaurus - shoproxstore - Shopify,direct_to_consumer,fulfilled,2026-09-08,2026-09-12,2026-09-08,NV3,OnTrac,2,1,33.8,2.22,0.0,36.02,shipmonk_estimate,USD
251294,7640980685110,Cattasaurus - shoproxstore - Shopify,direct_to_consumer,fulfilled,2026-09-08,2026-09-10,2026-09-08,PA2,Cirro,2,1,11.75,2.22,0.0,13.97,shipmonk_estimate,USD
251295,7640990384438,Cattasaurus - shoproxstore - Shopify,direct_to_consumer,fulfilled,2026-09-08,2026-09-10,2026-09-08,NV3,FedEx,2,1,19.14,2.86,0.0,22.0,shipmonk_estimate,USD
251296,7641008111926,Cattasaurus - shoproxstore - Shopify,direct_to_consumer,fulfilled,2026-09-08,2026-09-10,2026-09-08,PA2,OnTrac,1,1,12.64,1.9,0.0,14.54,shipmonk_estimate,USD
251297,7641013453110,Cattasaurus - shoproxstore - Shopify,direct_to_consumer,fulfilled,2026-09-08,2026-09-10,2026-09-08,PA2,OnTrac,2,1,15.12,2.22,0.0,17.34,shipmonk_estimate,USD
251298,7641034293558,Cattasaurus - shoproxstore - Shopify,direct_to_consumer,fulfilled,2026-09-08,2026-09-10,2026-09-08,PA2,OnTrac,2,1,11.75,2.22,0.0,13.97,shipmonk_estimate,USD
251299,7641055002934,Cattasaurus - shoproxstore - Shopify,direct_to_consumer,fulfilled,2026-09-08,2026-09-10,2026-09-08,PA2,UPS,2,1,26.52,2.22,0.0,28.74,shipmonk_estimate,USD
251300,7641108971830,Cattasaurus - shoproxstore - Shopify,direct_to_consumer,fulfilled,2026-09-08,2026-09-10,2026-09-08,NV3,UPS,2,1,25.27,2.22,0.0,27.49,shipmonk_estimate,USD
251301,7641112281398,Cattasaurus - shoproxstore - Shopify,direct_to_consumer,onhold,2026-09-08,,2026-09-08,PA2,ShipMonk,2,0,14.99,3.16,0.0,18.15,shipmonk_estimate,USD
251302,7641118048566,Cattasaurus - shoproxstore - Shopify,direct_to_consumer,fulfilled,2026-09-08,2026-09-10,2026-09-08,PA2,OnTrac,3,1,13.53,2.54,0.0,16.07,shipmonk_estimate,USD
251303,7641126830390,Cattasaurus - shoproxstore - Shopify,direct_to_consumer,fulfilled,2026-09-08,2026-09-10,2026-09-08,NV3,OnTrac,1,1,21.31,1.9,0.0,23.21,shipmonk_estimate,USD
251304,7641133482294,Cattasaurus - shoproxstore - Shopify,direct_to_consumer,fulfilled,2026-09-08,2026-09-10,2026-09-08,PA2,UPS,1,1,16.95,1.9,0.0,18.85,shipmonk_estimate,USD
251305,7641147179318,Cattasaurus - shoproxstore - Shopify,direct_to_consumer,fulfilled,2026-09-08,2026-09-10,2026-09-08,NV3,OnTrac,2,1,14.16,2.22,0.0,16.38,shipmonk_estimate,USD
251306,7641178243382,Cattasaurus - shoproxstore - Shopify,direct_to_consumer,fulfilled,2026-09-08,2026-09-10,2026-09-08,NV3,OnTrac,1,1,14.42,1.9,0.0,16.32,shipmonk_estimate,USD
251307,7641181258038,Cattasaurus - shoproxstore - Shopify,direct_to_consumer,fulfilled,2026-09-08,2026-09-10,2026-09-08,PA2,OnTrac,2,1,20.53,2.22,0.0,22.75,shipmonk_estimate,USD
251308,7641217171766,Cattasaurus - shoproxstore - Shopify,direct_to_consumer,onhold,2026-09-08,,2026-09-08,NV3,ShipMonk,2,0,19.84,8.41,0.0,28.25,shipmonk_estimate,USD
251309,7641223299382,Cattasaurus - shoproxstore - Shopify,direct_to_consumer,fulfilled,2026-09-08,2026-09-10,2026-09-08,NV3,OnTrac,2,1,23.49,2.22,0.0,25.71,shipmonk_estimate,USD
251310,7641239912758,Cattasaurus - shoproxstore - Shopify,direct_to_consumer,fulfilled,2026-09-08,2026-09-10,2026-09-08,PA2,UPS,2,1,22.31,2.22,0.0,24.53,shipmonk_estimate,USD
251311,7641307513142,Cattasaurus - shoproxstore - Shopify,direct_to_consumer,onhold,2026-09-08,,2026-09-08,NV3,ShipMonk,2,0,12.49,4.74,0.0,17.23,shipmonk_estimate,USD
251313,7641440321846,Cattasaurus - shoproxstore - Shopify,direct_to_consumer,fulfilled,2026-09-08,2026-09-10,2026-09-08,PA2,OnTrac,2,1,14.11,2.22,0.0,16.33,shipmonk_estimate,USD
251314,7641466470710,Cattasaurus - shoproxstore - Shopify,direct_to_consumer,fulfilled,2026-09-08,2026-09-10,2026-09-08,NV3,OnTrac,3,1,17.24,2.54,0.0,19.78,shipmonk_estimate,USD
251315,7641470435638,Cattasaurus - shoproxstore - Shopify,direct_to_consumer,fulfilled,2026-09-08,2026-09-10,2026-09-08,NV3,UPS,2,1,20.08,2.22,0.0,22.3,shipmonk_estimate,USD
577560965643211292,8929d6dd-aa29-49b0-9e51-99c34140fcbd,Cattasaurus - Manual Store,direct_to_consumer,fulfilled,2026-09-08,2026-09-09,2026-09-08,NV3,FedEx,1,1,18.23,1.9,0.0,20.13,shipmonk_estimate,USD
577560965873570366,7d1223c1-06a1-448b-b4d9-b36a2e57f124,Cattasaurus - Manual Store,direct_to_consumer,fulfilled,2026-09-08,2026-09-09,2026-09-08,PA2,OnTrac,1,1,18.06,2.22,0.0,20.28,shipmonk_estimate,USD
577560965986161598,0b263894-b914-4ec5-9423-513bd621b373,Cattasaurus - Manual Store,direct_to_consumer,fulfilled,2026-09-08,2026-09-09,2026-09-08,NV3,OnTrac,1,1,13.31,1.9,0.0,15.21,shipmonk_estimate,USD
111-0530164-5079457,111-0530164-5079457,Cattasaurus - Amazon USA,direct_to_consumer,fulfilled,2026-09-09,2026-09-10,2026-09-09,NV3,OnTrac,1,1,15.94,2.22,0.0,18.16,shipmonk_estimate,USD
113-4349873-2959443,113-4349873-2959443,Cattasaurus - Amazon USA,direct_to_consumer,fulfilled,2026-09-09,2026-09-10,2026-09-09,NV3,OnTrac,1,1,13.09,2.22,0.0,15.31,shipmonk_estimate,USD
200015295085388,129125341984958,Cattasaurus - Walmart,direct_to_consumer,fulfilled,2026-09-09,2026-09-09,2026-09-09,NV3,FedEx,1,1,22.93,1.9,0.0,24.83,shipmonk_estimate,USD
247880-01,1f3ecd80-ba77-4f1c-8bfb-8b9251b82099,Cattasaurus - shoproxstore - Shopify,direct_to_consumer,fulfilled,2026-09-09,2026-09-10,2026-09-09,PA2,OnTrac,1,1,15.94,1.9,0.0,17.84,shipmonk_estimate,USD
248835-01,6cd5b4d1-1412-4f9f-b104-9de62d6329d4,Cattasaurus - shoproxstore - Shopify,direct_to_consumer,fulfilled,2026-09-09,2026-09-10,2026-09-09,PA2,OnTrac,1,1,15.61,1.9,0.0,17.51,shipmonk_estimate,USD
248906-01,dc3c545b-951a-4fc1-9c3f-fa2f0c1d4fe5,Cattasaurus - shoproxstore - Shopify,direct_to_consumer,fulfilled,2026-09-09,2026-09-10,2026-09-09,PA2,OnTrac,2,1,12.62,3.18,0.0,15.8,shipmonk_estimate,USD
249233-01,1e99c2a1-bb4f-44ec-a5e8-99620961a883,Cattasaurus - shoproxstore - Shopify,direct_to_consumer,fulfilled,2026-09-09,2026-09-10,2026-09-09,PA2,FedEx,1,1,19.14,1.9,0.0,21.04,shipmonk_estimate,USD
249445-01,14599732-3d9f-439c-9cdd-aa52f4e312a1,Cattasaurus - shoproxstore - Shopify,direct_to_consumer,fulfilled,2026-09-09,2026-09-11,2026-09-09,NV3,OnTrac,1,1,13.31,1.9,0.0,15.21,shipmonk_estimate,USD
249812-01,0781cd90-a916-4c59-9e71-672cff250f03,Cattasaurus - shoproxstore - Shopify,direct_to_consumer,fulfilled,2026-09-09,2026-09-11,2026-09-09,NV3,OnTrac,1,1,26.52,1.9,0.0,28.42,shipmonk_estimate,USD
251324,7641692569910,Cattasaurus - shoproxstore - Shopify,direct_to_consumer,fulfilled,2026-09-09,2026-09-10,2026-09-09,NV3,OnTrac,2,1,21.31,2.22,0.0,23.53,shipmonk_estimate,USD
251325,7641797263670,Cattasaurus - shoproxstore - Shopify,direct_to_consumer,fulfilled,2026-09-09,2026-09-10,2026-09-09,PA2,Cirro,2,1,13.53,2.22,0.0,15.75,shipmonk_estimate,USD
251326,7641797853494,Cattasaurus - shoproxstore - Shopify,direct_to_consumer,fulfilled,2026-09-09,2026-09-10,2026-09-09,PA2,OnTrac,2,1,13.92,2.22,0.0,16.14,shipmonk_estimate,USD
251327,7641829081398,Cattasaurus - shoproxstore - Shopify,direct_to_consumer,fulfilled,2026-09-09,2026-09-10,2026-09-09,PA2,OnTrac,2,1,11.75,2.22,0.0,13.97,shipmonk_estimate,USD
251328,7641835766070,Cattasaurus - shoproxstore - Shopify,direct_to_consumer,fulfilled,2026-09-09,2026-09-10,2026-09-09,PA2,OnTrac,2,1,14.42,2.22,0.0,16.64,shipmonk_estimate,USD
251330,7641901695286,Cattasaurus - shoproxstore - Shopify,direct_to_consumer,fulfilled,2026-09-09,2026-09-10,2026-09-09,PA2,OnTrac,1,1,15.17,1.9,0.0,17.07,shipmonk_estimate,USD
251331,7641903104310,Cattasaurus - shoproxstore - Shopify,direct_to_consumer,fulfilled,2026-09-09,2026-09-10,2026-09-09,PA2,OnTrac,2,1,12.64,2.22,0.0,14.86,shipmonk_estimate,USD
251332,7641904644406,Cattasaurus - shoproxstore - Shopify,direct_to_consumer,fulfilled,2026-09-09,2026-09-14,2026-09-09,PA2,OnTrac,2,1,17.24,2.22,0.0,19.46,shipmonk_estimate,USD
251332_1,4a74b5c5-302d-4e7c-b59b-6e5cfa3156bb,Cattasaurus - shoproxstore - Shopify,direct_to_consumer,fulfilled,2026-09-09,2026-09-14,2026-09-09,PA2,OnTrac,1,1,17.24,3.82,0.0,21.06,shipmonk_estimate,USD
251333,7641905758518,Cattasaurus - shoproxstore - Shopify,direct_to_consumer,fulfilled,2026-09-09,2026-09-10,2026-09-09,PA2,OnTrac,2,1,10.38,2.22,0.0,12.6,shipmonk_estimate,USD
251334,7641928892726,Cattasaurus - shoproxstore - Shopify,direct_to_consumer,fulfilled,2026-09-09,2026-09-10,2026-09-09,PA2,OnTrac,1,1,5.93,1.58,0.3,7.81,shipmonk_estimate,USD
251335,7641929089334,Cattasaurus - shoproxstore - Shopify,direct_to_consumer,onhold,2026-09-09,,2026-09-09,NV3,ShipMonk,2,0,23.1,6.83,0.0,29.93,shipmonk_estimate,USD
251336,7641939444022,Cattasaurus - shoproxstore - Shopify,direct_to_consumer,onhold,2026-09-09,,2026-09-09,PA2,ShipMonk,2,0,15.17,3.16,0.0,18.33,shipmonk_estimate,USD
251337,7641945735478,Cattasaurus - shoproxstore - Shopify,direct_to_consumer,fulfilled,2026-09-09,2026-09-10,2026-09-09,PA2,OnTrac,1,1,18.3,1.9,0.0,20.2,shipmonk_estimate,USD
251338,7641950028086,Cattasaurus - shoproxstore - Shopify,direct_to_consumer,onhold,2026-09-09,,2026-09-09,NV3,ShipMonk,3,0,30.96,3.16,0.0,34.12,shipmonk_estimate,USD
251339,7641961922870,Cattasaurus - shoproxstore - Shopify,direct_to_consumer,fulfilled,2026-09-09,2026-09-10,2026-09-09,NV3,UPS,2,1,23.1,2.22,0.0,25.32,shipmonk_estimate,USD
251340,7641981157686,Cattasaurus - shoproxstore - Shopify,direct_to_consumer,fulfilled,2026-09-09,2026-09-10,2026-09-09,PA2,UPS,2,1,16.95,2.22,0.0,19.17,shipmonk_estimate,USD
251341,7641983123766,Cattasaurus - shoproxstore - Shopify,direct_to_consumer,fulfilled,2026-09-09,2026-09-10,2026-09-09,PA2,OnTrac,2,1,17.28,2.22,0.0,19.5,shipmonk_estimate,USD
251342,7641998917942,Cattasaurus - shoproxstore - Shopify,direct_to_consumer,fulfilled,2026-09-09,2026-09-10,2026-09-09,NV3,UPS,2,1,26.52,2.22,0.0,28.74,shipmonk_estimate,USD
251343,7642023264566,Cattasaurus - shoproxstore - Shopify,direct_to_consumer,fulfilled,2026-09-09,2026-09-10,2026-09-09,PA2,OnTrac,3,1,22.31,2.54,0.0,24.85,shipmonk_estimate,USD
251344,7642024345910,Cattasaurus - shoproxstore - Shopify,direct_to_consumer,onhold,2026-09-09,,2026-09-09,NV3,ShipMonk,3,0,26.52,3.16,0.0,29.68,shipmonk_estimate,USD
251345,7642032210230,Cattasaurus - shoproxstore - Shopify,direct_to_consumer,fulfilled,2026-09-09,2026-09-10,2026-09-09,PA2,UPS,2,1,14.42,2.22,0.0,16.64,shipmonk_estimate,USD
251347,7642044694838,Cattasaurus - shoproxstore - Shopify,direct_to_consumer,onhold,2026-09-09,,2026-09-09,NV3,ShipMonk,1,0,15.17,1.58,0.0,16.75,shipmonk_estimate,USD
251348,7642061209910,Cattasaurus - shoproxstore - Shopify,direct_to_consumer,fulfilled,2026-09-09,2026-09-10,2026-09-09,PA2,OnTrac,2,1,15.17,2.22,0.0,17.39,shipmonk_estimate,USD
251349,7642072875318,Cattasaurus - shoproxstore - Shopify,direct_to_consumer,fulfilled,2026-09-09,2026-09-09,2026-09-09,NV3,OnTrac,2,1,23.49,2.22,0.0,25.71,shipmonk_estimate,USD
251350,7642081886518,Cattasaurus - shoproxstore - Shopify,direct_to_consumer,fulfilled,2026-09-09,2026-09-10,2026-09-09,PA2,OnTrac,2,1,11.75,2.22,0.0,13.97,shipmonk_estimate,USD
251351,7642105282870,Cattasaurus - shoproxstore - Shopify,direct_to_consumer,fulfilled,2026-09-09,2026-09-10,2026-09-09,NV3,UPS,1,1,26.52,1.9,0.0,28.42,shipmonk_estimate,USD
251352,7642110591286,Cattasaurus - shoproxstore - Shopify,direct_to_consumer,fulfilled,2026-09-09,2026-09-10,2026-09-09,PA2,FedEx,1,1,19.14,1.9,0.0,21.04,shipmonk_estimate,USD
251352_1,d28a9423-fcdb-4ddf-8d53-a3d3119e5d2c,Cattasaurus - shoproxstore - Shopify,direct_to_consumer,fulfilled,2026-09-09,2026-09-10,2026-09-09,PA2,DHL eCommerce,1,1,10.33,1.58,0.0,11.91,shipmonk_estimate,USD
251353,7642131005750,Cattasaurus - shoproxstore - Shopify,direct_to_consumer,fulfilled,2026-09-09,2026-09-10,2026-09-09,NV3,OnTrac,1,1,23.49,1.9,0.0,25.39,shipmonk_estimate,USD
251354,7642134872374,Cattasaurus - shoproxstore - Shopify,direct_to_consumer,fulfilled,2026-09-09,2026-09-10,2026-09-09,NV3,OnTrac,2,1,24.74,2.22,0.0,26.96,shipmonk_estimate,USD
251355,7642138509622,Cattasaurus - shoproxstore - Shopify,direct_to_consumer,fulfilled,2026-09-09,2026-09-10,2026-09-09,NV3,OnTrac,1,1,32.47,2.54,0.0,35.01,shipmonk_estimate,USD
251356,7642145161526,Cattasaurus - shoproxstore - Shopify,direct_to_consumer,fulfilled,2026-09-09,2026-09-10,2026-09-09,NV3,UPS,2,1,22.31,2.22,0.0,24.53,shipmonk_estimate,USD
251357,7642149617974,Cattasaurus - shoproxstore - Shopify,direct_to_consumer,fulfilled,2026-09-09,2026-09-10,2026-09-09,NV3,OnTrac,1,1,23.1,1.9,0.0,25.0,shipmonk_estimate,USD
251358,7642157646134,Cattasaurus - shoproxstore - Shopify,direct_to_consumer,fulfilled,2026-09-09,2026-09-10,2026-09-09,PA2,OnTrac,2,1,10.38,2.22,0.0,12.6,shipmonk_estimate,USD
251359,7642171998518,Cattasaurus - shoproxstore - Shopify,direct_to_consumer,onhold,2026-09-09,,2026-09-09,PA2,ShipMonk,1,0,17.24,1.58,0.0,18.82,shipmonk_estimate,USD
251360,7642178847030,Cattasaurus - shoproxstore - Shopify,direct_to_consumer,fulfilled,2026-09-09,2026-09-11,2026-09-09,PA2,UPS,1,1,20.92,2.54,0.0,23.46,shipmonk_estimate,USD
251361,7642178945334,Cattasaurus - shoproxstore - Shopify,direct_to_consumer,fulfilled,2026-09-09,2026-09-11,2026-09-09,PA2,OnTrac,2,1,18.3,2.22,0.0,20.52,shipmonk_estimate,USD
251362,7642203717942,Cattasaurus - shoproxstore - Shopify,direct_to_consumer,onhold,2026-09-09,,2026-09-09,NV3,ShipMonk,2,0,24.74,3.16,0.0,27.9,shipmonk_estimate,USD
251363,7642211156278,Cattasaurus - shoproxstore - Shopify,direct_to_consumer,fulfilled,2026-09-09,2026-09-11,2026-09-09,PA2,FedEx,1,1,19.14,2.54,0.0,21.68,shipmonk_estimate,USD
251364,7642225377590,Cattasaurus - shoproxstore - Shopify,direct_to_consumer,fulfilled,2026-09-09,2026-09-11,2026-09-09,PA2,OnTrac,2,1,17.24,2.22,0.0,19.46,shipmonk_estimate,USD
251365,7642253426998,Cattasaurus - shoproxstore - Shopify,direct_to_consumer,fulfilled,2026-09-09,2026-09-10,2026-09-09,NV3,UPS,2,1,26.52,2.22,0.0,28.74,shipmonk_estimate,USD
251366,7642266403126,Cattasaurus - shoproxstore - Shopify,direct_to_consumer,onhold,2026-09-09,,2026-09-09,PA2,ShipMonk,3,0,22.31,3.16,0.0,25.47,shipmonk_estimate,USD
251367,7642271449398,Cattasaurus - shoproxstore - Shopify,direct_to_consumer,fulfilled,2026-09-09,2026-09-11,2026-09-09,PA2,OnTrac,2,1,11.75,2.22,0.0,13.97,shipmonk_estimate,USD
251368_1,d785b360-47a9-4ae6-94ef-a2c7e5c69e0e,Cattasaurus - shoproxstore - Shopify,direct_to_consumer,fulfilled,2026-09-09,2026-09-11,2026-09-09,PA2,UPS,1,1,20.92,2.54,0.0,23.46,shipmonk_estimate,USD
251369,7642279674166,Cattasaurus - shoproxstore - Shopify,direct_to_consumer,fulfilled,2026-09-09,2026-09-10,2026-09-09,NV3,FedEx,1,1,24.71,2.54,0.0,27.25,shipmonk_estimate,USD
251370,7642301169974,Cattasaurus - shoproxstore - Shopify,direct_to_consumer,fulfilled,2026-09-09,2026-09-10,2026-09-09,NV3,OnTrac,2,1,19.02,2.22,0.0,21.24,shipmonk_estimate,USD
251371,7642312081718,Cattasaurus - shoproxstore - Shopify,direct_to_consumer,fulfilled,2026-09-09,2026-09-10,2026-09-09,NV3,OnTrac,2,1,12.14,2.22,0.0,14.36,shipmonk_estimate,USD
251372,7642337247542,Cattasaurus - shoproxstore - Shopify,direct_to_consumer,fulfilled,2026-09-09,2026-09-10,2026-09-09,NV3,OnTrac,2,1,29.18,2.22,0.0,31.4,shipmonk_estimate,USD
251373,7642345308470,Cattasaurus - shoproxstore - Shopify,direct_to_consumer,fulfilled,2026-09-09,2026-09-11,2026-09-09,PA2,OnTrac,2,1,12.14,2.22,0.0,14.36,shipmonk_estimate,USD
251374,7642346914102,Cattasaurus - shoproxstore - Shopify,direct_to_consumer,fulfilled,2026-09-09,2026-09-11,2026-09-09,PA2,OnTrac,1,1,12.14,1.9,0.0,14.04,shipmonk_estimate,USD
251375,7642354090294,Cattasaurus - shoproxstore - Shopify,direct_to_consumer,fulfilled,2026-09-09,2026-09-11,2026-09-09,PA2,Cirro,2,1,12.17,2.22,0.0,14.39,shipmonk_estimate,USD
251376,7642375586102,Cattasaurus - shoproxstore - Shopify,direct_to_consumer,fulfilled,2026-09-09,2026-09-11,2026-09-09,PA2,OnTrac,1,1,19.14,2.54,0.0,21.68,shipmonk_estimate,USD
251377,7642389119286,Cattasaurus - shoproxstore - Shopify,direct_to_consumer,fulfilled,2026-09-09,2026-09-11,2026-09-09,PA2,UPS,2,1,14.42,2.22,0.0,16.64,shipmonk_estimate,USD
251378,7642390200630,Cattasaurus - shoproxstore - Shopify,direct_to_consumer,fulfilled,2026-09-09,2026-09-11,2026-09-09,PA2,OnTrac,2,1,12.64,2.22,0.0,14.86,shipmonk_estimate,USD
251379,7642390790454,Cattasaurus - shoproxstore - Shopify,direct_to_consumer,fulfilled,2026-09-09,2026-09-11,2026-09-09,PA2,FedEx,2,1,15.17,2.22,0.0,17.39,shipmonk_estimate,USD
251380,7642393706806,Cattasaurus - shoproxstore - Shopify,direct_to_consumer,onhold,2026-09-09,,2026-09-09,NV3,ShipMonk,2,0,20.53,3.16,0.0,23.69,shipmonk_estimate,USD
251381,7642410221878,Cattasaurus - shoproxstore - Shopify,direct_to_consumer,onhold,2026-09-09,,2026-09-09,PA2,ShipMonk,2,0,11.75,4.74,0.0,16.49,shipmonk_estimate,USD
251382,7642423656758,Cattasaurus - shoproxstore - Shopify,direct_to_consumer,fulfilled,2026-09-09,2026-09-10,2026-09-09,NV3,OnTrac,2,1,23.49,2.22,0.0,25.71,shipmonk_estimate,USD
251383,7642466648374,Cattasaurus - shoproxstore - Shopify,direct_to_consumer,onhold,2026-09-09,,2026-09-09,NV3,ShipMonk,1,0,17.24,1.58,0.0,18.82,shipmonk_estimate,USD
251383_1,d0894cd4-1db5-43de-826d-eff84e208a05,Cattasaurus - shoproxstore - Shopify,direct_to_consumer,fulfilled,2026-09-09,2026-09-19,2026-09-09,NV3,OnTrac,1,1,17.24,1.9,0.0,19.14,shipmonk_estimate,USD
251384,7642487685430,Cattasaurus - shoproxstore - Shopify,direct_to_consumer,onhold,2026-09-09,,2026-09-09,PA2,ShipMonk,2,0,10.38,3.16,0.0,13.54,shipmonk_estimate,USD
251385,7642495385910,Cattasaurus - shoproxstore - Shopify,direct_to_consumer,onhold,2026-09-09,,2026-09-09,PA2,ShipMonk,3,0,17.24,3.16,0.0,20.4,shipmonk_estimate,USD
251386,7642497941814,Cattasaurus - shoproxstore - Shopify,direct_to_consumer,fulfilled,2026-09-09,2026-09-10,2026-09-09,NV3,FedEx,3,1,20.92,2.54,0.0,23.46,shipmonk_estimate,USD
251388,7642505609526,Cattasaurus - shoproxstore - Shopify,direct_to_consumer,onhold,2026-09-09,,2026-09-09,NV3,ShipMonk,1,0,25.27,5.25,0.0,30.52,shipmonk_estimate,USD
251389,7642512621878,Cattasaurus - shoproxstore - Shopify,direct_to_consumer,fulfilled,2026-09-09,2026-09-11,2026-09-09,PA2,UPS,3,1,22.31,3.18,0.0,25.49,shipmonk_estimate,USD
251390,7642513899830,Cattasaurus - shoproxstore - Shopify,direct_to_consumer,fulfilled,2026-09-09,2026-09-10,2026-09-09,NV3,UPS,2,1,20.08,2.22,0.0,22.3,shipmonk_estimate,USD
251391,7642535395638,Cattasaurus - shoproxstore - Shopify,direct_to_consumer,onhold,2026-09-09,,2026-09-09,PA2,ShipMonk,2,0,12.14,3.16,0.0,15.3,shipmonk_estimate,USD
251392,7642539131190,Cattasaurus - shoproxstore - Shopify,direct_to_consumer,fulfilled,2026-09-09,2026-09-10,2026-09-09,NV3,OnTrac,2,1,23.49,2.22,0.0,25.71,shipmonk_estimate,USD
251393,7642545979702,Cattasaurus - shoproxstore - Shopify,direct_to_consumer,fulfilled,2026-09-09,2026-09-11,2026-09-09,PA2,FedEx,1,1,16.1,2.54,0.0,18.64,shipmonk_estimate,USD
251394,7642560266550,Cattasaurus - shoproxstore - Shopify,direct_to_consumer,onhold,2026-09-09,,2026-09-09,PA2,ShipMonk,2,0,12.14,3.16,0.0,15.3,shipmonk_estimate,USD
251395,7642596737334,Cattasaurus - shoproxstore - Shopify,direct_to_consumer,fulfilled,2026-09-09,2026-09-10,2026-09-09,NV3,OnTrac,2,1,16.9,2.22,0.0,19.12,shipmonk_estimate,USD
251397,7642627998006,Cattasaurus - shoproxstore - Shopify,direct_to_consumer,onhold,2026-09-09,,2026-09-09,NV3,ShipMonk,2,0,21.31,8.41,0.0,29.72,shipmonk_estimate,USD
251398,7642629505334,Cattasaurus - shoproxstore - Shopify,direct_to_consumer,fulfilled,2026-09-09,2026-09-11,2026-09-09,PA2,OnTrac,2,1,17.24,2.22,0.0,19.46,shipmonk_estimate,USD
251399,7642642022710,Cattasaurus - shoproxstore - Shopify,direct_to_consumer,fulfilled,2026-09-09,2026-09-11,2026-09-09,PA2,OnTrac,2,1,15.17,2.22,0.0,17.39,shipmonk_estimate,USD
251400,7642643235126,Cattasaurus - shoproxstore - Shopify,direct_to_consumer,fulfilled,2026-09-09,2026-09-11,2026-09-09,NV3,UPS,1,1,19.14,2.54,0.0,21.68,shipmonk_estimate,USD
251401,7642657227062,Cattasaurus - shoproxstore - Shopify,direct_to_consumer,fulfilled,2026-09-09,2026-09-11,2026-09-09,PA2,OnTrac,2,1,16.95,2.22,0.0,19.17,shipmonk_estimate,USD
251402,7642704281910,Cattasaurus - shoproxstore - Shopify,direct_to_consumer,onhold,2026-09-09,,2026-09-09,PA2,ShipMonk,2,0,16.9,3.16,0.0,20.06,shipmonk_estimate,USD
251403,7642709000502,Cattasaurus - shoproxstore - Shopify,direct_to_consumer,fulfilled,2026-09-09,2026-09-11,2026-09-09,NV3,OnTrac,1,1,22.31,1.9,0.0,24.21,shipmonk_estimate,USD
251404,7642709328182,Cattasaurus - shoproxstore - Shopify,direct_to_consumer,onhold,2026-09-09,,2026-09-09,NV3,ShipMonk,2,0,12.64,4.74,0.0,17.38,shipmonk_estimate,USD
251405,7642713096502,Cattasaurus - shoproxstore - Shopify,direct_to_consumer,fulfilled,2026-09-09,2026-09-11,2026-09-09,PA2,FedEx,2,1,15.17,2.22,0.0,17.39,shipmonk_estimate,USD
251406,7642804486454,Cattasaurus - shoproxstore - Shopify,direct_to_consumer,onhold,2026-09-09,,2026-09-09,NV3,ShipMonk,2,0,12.64,8.41,0.0,21.05,shipmonk_estimate,USD
251407,7642827653430,Cattasaurus - shoproxstore - Shopify,direct_to_consumer,onhold,2026-09-09,,2026-09-09,PA2,ShipMonk,2,0,20.53,4.74,0.0,25.27,shipmonk_estimate,USD
251408,7642831782198,Cattasaurus - shoproxstore - Shopify,direct_to_consumer,onhold,2026-09-09,,2026-09-09,NV3,ShipMonk,2,0,15.12,3.16,0.0,18.28,shipmonk_estimate,USD
251409,7642840465718,Cattasaurus - shoproxstore - Shopify,direct_to_consumer,onhold,2026-09-09,,2026-09-09,NV3,ShipMonk,1,0,11.75,5.25,0.0,17.0,shipmonk_estimate,USD
251410,7642843218230,Cattasaurus - shoproxstore - Shopify,direct_to_consumer,onhold,2026-09-09,,2026-09-09,PA2,ShipMonk,2,0,20.53,3.16,0.0,23.69,shipmonk_estimate,USD
251412,7642868154678,Cattasaurus - shoproxstore - Shopify,direct_to_consumer,fulfilled,2026-09-09,2026-09-11,2026-09-09,PA2,UPS,2,1,22.31,2.22,0.0,24.53,shipmonk_estimate,USD
251413,7642878083382,Cattasaurus - shoproxstore - Shopify,direct_to_consumer,fulfilled,2026-09-09,2026-09-11,2026-09-09,PA2,OnTrac,2,1,12.64,2.22,0.0,14.86,shipmonk_estimate,USD
251414,7642888306998,Cattasaurus - shoproxstore - Shopify,direct_to_consumer,fulfilled,2026-09-09,2026-09-11,2026-09-09,PA2,UPS,2,1,19.02,2.22,0.0,21.24,shipmonk_estimate,USD
251415,7642892697910,Cattasaurus - shoproxstore - Shopify,direct_to_consumer,fulfilled,2026-09-09,2026-09-11,2026-09-09,NV3,FedEx,2,1,15.17,2.22,0.0,17.39,shipmonk_estimate,USD
251416,7642894598454,Cattasaurus - shoproxstore - Shopify,direct_to_consumer,onhold,2026-09-09,,2026-09-09,NV3,ShipMonk,2,0,25.27,8.41,0.0,33.68,shipmonk_estimate,USD
251417,7642927235382,Cattasaurus - shoproxstore - Shopify,direct_to_consumer,onhold,2026-09-09,,2026-09-09,PA2,ShipMonk,2,0,19.02,3.16,0.0,22.18,shipmonk_estimate,USD
251418,7642949943606,Cattasaurus - shoproxstore - Shopify,direct_to_consumer,onhold,2026-09-09,,2026-09-09,PA2,ShipMonk,2,0,10.38,3.16,0.0,13.54,shipmonk_estimate,USD
251419,7642954793270,Cattasaurus - shoproxstore - Shopify,direct_to_consumer,onhold,2026-09-09,,2026-09-09,NV3,ShipMonk,2,0,23.49,6.83,0.0,30.32,shipmonk_estimate,USD
251420,7642963378486,Cattasaurus - shoproxstore - Shopify,direct_to_consumer,fulfilled,2026-09-09,2026-09-14,2026-09-09,PA2,DHL eCommerce,1,1,9.0,1.58,0.0,10.58,shipmonk_estimate,USD
251420_1,24afc6a2-5520-4d34-beff-49cb18f06e50,Cattasaurus - shoproxstore - Shopify,direct_to_consumer,fulfilled,2026-09-09,2026-09-14,2026-09-09,PA2,DHL eCommerce,1,1,10.33,1.58,0.0,11.91,shipmonk_estimate,USD
251421,7642970652982,Cattasaurus - shoproxstore - Shopify,direct_to_consumer,fulfilled,2026-09-09,2026-09-11,2026-09-09,PA2,OnTrac,3,1,11.75,2.54,0.0,14.29,shipmonk_estimate,USD
251422,7642997489974,Cattasaurus - shoproxstore - Shopify,direct_to_consumer,fulfilled,2026-09-09,2026-09-11,2026-09-09,PA2,OnTrac,2,1,17.24,2.22,0.0,19.46,shipmonk_estimate,USD
251423,7643010335030,Cattasaurus - shoproxstore - Shopify,direct_to_consumer,fulfilled,2026-09-09,2026-09-14,2026-09-09,PA2,UPS,3,1,20.92,2.54,0.0,23.46,shipmonk_estimate,USD
251423_1,c4781dd2-f344-48ef-93d8-3dde498e3a38,Cattasaurus - shoproxstore - Shopify,direct_to_consumer,fulfilled,2026-09-09,2026-09-14,2026-09-09,PA2,UPS,3,1,20.92,2.54,0.0,23.46,shipmonk_estimate,USD
251424,7643043594550,Cattasaurus - shoproxstore - Shopify,direct_to_consumer,fulfilled,2026-09-09,2026-09-11,2026-09-09,NV3,OnTrac,2,1,17.24,2.22,0.0,19.46,shipmonk_estimate,USD
251425,7643050443062,Cattasaurus - shoproxstore - Shopify,direct_to_consumer,fulfilled,2026-09-09,2026-09-13,2026-09-09,PA2,OnTrac,2,1,12.64,2.22,0.0,14.86,shipmonk_estimate,USD
251426,7643072987446,Cattasaurus - shoproxstore - Shopify,direct_to_consumer,onhold,2026-09-09,,2026-09-09,NV3,ShipMonk,2,0,11.75,10.5,0.0,22.25,shipmonk_estimate,USD
251427,7643081867574,Cattasaurus - shoproxstore - Shopify,direct_to_consumer,fulfilled,2026-09-09,2026-09-11,2026-09-09,NV3,OnTrac,3,1,24.74,2.54,0.0,27.28,shipmonk_estimate,USD
251428,7643095040310,Cattasaurus - shoproxstore - Shopify,direct_to_consumer,fulfilled,2026-09-09,2026-09-11,2026-09-09,PA2,OnTrac,1,1,20.92,2.54,0.0,23.46,shipmonk_estimate,USD
251429,7643103887670,Cattasaurus - shoproxstore - Shopify,direct_to_consumer,onhold,2026-09-09,,2026-09-09,PA2,ShipMonk,2,0,20.53,3.16,0.0,23.69,shipmonk_estimate,USD
251430,7643128660278,Cattasaurus - shoproxstore - Shopify,direct_to_consumer,fulfilled,2026-09-09,2026-09-11,2026-09-09,NV3,OnTrac,2,1,16.95,2.22,0.0,19.17,shipmonk_estimate,USD
251431,7643137442102,Cattasaurus - shoproxstore - Shopify,direct_to_consumer,onhold,2026-09-09,,2026-09-09,NV3,ShipMonk,4,0,0.0,7.9,0.0,7.9,shipmonk_estimate,USD
251432,7643140161846,Cattasaurus - shoproxstore - Shopify,direct_to_consumer,fulfilled,2026-09-09,2026-09-11,2026-09-09,NV3,OnTrac,3,1,14.16,2.54,0.0,16.7,shipmonk_estimate,USD
251433,7643143668022,Cattasaurus - shoproxstore - Shopify,direct_to_consumer,fulfilled,2026-09-09,2026-09-11,2026-09-09,NV3,OnTrac,2,1,20.53,2.22,0.0,22.75,shipmonk_estimate,USD
251434,7643166736694,Cattasaurus - shoproxstore - Shopify,direct_to_consumer,fulfilled,2026-09-09,2026-09-11,2026-09-09,NV3,OnTrac,2,1,13.53,2.22,0.0,15.75,shipmonk_estimate,USD
251435,7643173355830,Cattasaurus - shoproxstore - Shopify,direct_to_consumer,onhold,2026-09-09,,2026-09-09,NV3,ShipMonk,2,0,11.75,10.5,0.0,22.25,shipmonk_estimate,USD
251436,7643175682358,Cattasaurus - shoproxstore - Shopify,direct_to_consumer,fulfilled,2026-09-09,2026-09-11,2026-09-09,PA2,OnTrac,2,1,10.38,2.22,0.0,12.6,shipmonk_estimate,USD
251437,7643177189686,Cattasaurus - shoproxstore - Shopify,direct_to_consumer,fulfilled,2026-09-09,2026-09-12,2026-09-09,PA2,OnTrac,2,1,20.53,2.22,0.0,22.75,shipmonk_estimate,USD
251438,7643188789558,Cattasaurus - shoproxstore - Shopify,direct_to_consumer,fulfilled,2026-09-09,2026-09-11,2026-09-09,PA2,FedEx,2,1,15.17,2.22,0.0,17.39,shipmonk_estimate,USD
251440,7643195343158,Cattasaurus - shoproxstore - Shopify,direct_to_consumer,fulfilled,2026-09-09,2026-09-11,2026-09-09,PA2,OnTrac,1,1,18.3,1.9,0.0,20.2,shipmonk_estimate,USD
251441,7643198947638,Cattasaurus - shoproxstore - Shopify,direct_to_consumer,fulfilled,2026-09-09,2026-09-11,2026-09-09,PA2,OnTrac,1,1,11.75,1.9,0.0,13.65,shipmonk_estimate,USD
251442,7643201569078,Cattasaurus - shoproxstore - Shopify,direct_to_consumer,fulfilled,2026-09-09,2026-09-11,2026-09-09,PA2,OnTrac,1,1,15.94,2.54,0.0,18.48,shipmonk_estimate,USD
251443,7643205861686,Cattasaurus - shoproxstore - Shopify,direct_to_consumer,fulfilled,2026-09-09,2026-09-11,2026-09-09,PA2,OnTrac,2,1,12.64,2.22,0.0,14.86,shipmonk_estimate,USD
251444,7643219984694,Cattasaurus - shoproxstore - Shopify,direct_to_consumer,fulfilled,2026-09-09,2026-09-11,2026-09-09,PA2,FedEx,2,1,17.24,2.22,0.0,19.46,shipmonk_estimate,USD
251445,7643249148214,Cattasaurus - shoproxstore - Shopify,direct_to_consumer,fulfilled,2026-09-09,2026-09-11,2026-09-09,PA2,UPS,1,1,16.95,1.9,0.0,18.85,shipmonk_estimate,USD
251446,7643257176374,Cattasaurus - shoproxstore - Shopify,direct_to_consumer,fulfilled,2026-09-09,2026-09-14,2026-09-09,TO1,FedEx,1,1,39.01,2.31,0.0,41.32,shipmonk_estimate,CAD+USD
251446_1,e6b3c2a0-c200-4487-88a0-acfd25c0676d,Cattasaurus - shoproxstore - Shopify,direct_to_consumer,fulfilled,2026-09-09,2026-09-14,2026-09-09,TO1,FedEx,1,1,39.01,2.31,0.0,41.32,shipmonk_estimate,CAD+USD
251447,7643264778550,Cattasaurus - shoproxstore - Shopify,direct_to_consumer,fulfilled,2026-09-09,2026-09-11,2026-09-09,PA2,OnTrac,2,1,12.14,2.22,0.0,14.36,shipmonk_estimate,USD
251448,7643264975158,Cattasaurus - shoproxstore - Shopify,direct_to_consumer,fulfilled,2026-09-09,2026-09-11,2026-09-09,NV3,OnTrac,2,1,18.3,2.22,0.0,20.52,shipmonk_estimate,USD
251449,7643276345654,Cattasaurus - shoproxstore - Shopify,direct_to_consumer,fulfilled,2026-09-09,2026-09-11,2026-09-09,PA2,FedEx,2,1,17.24,2.22,0.0,19.46,shipmonk_estimate,USD
251450,7643280376118,Cattasaurus - shoproxstore - Shopify,direct_to_consumer,fulfilled,2026-09-09,2026-09-11,2026-09-09,PA2,OnTrac,3,1,24.74,2.54,0.0,27.28,shipmonk_estimate,USD
251451,7643280998710,Cattasaurus - shoproxstore - Shopify,direct_to_consumer,fulfilled,2026-09-09,2026-09-11,2026-09-09,NV3,FedEx,2,1,16.95,2.22,0.0,19.17,shipmonk_estimate,USD
251452,7643286569270,Cattasaurus - shoproxstore - Shopify,direct_to_consumer,onhold,2026-09-09,,2026-09-09,PA2,ShipMonk,3,0,0.0,4.74,0.0,4.74,shipmonk_estimate,USD
251453,7643355382070,Cattasaurus - shoproxstore - Shopify,direct_to_consumer,fulfilled,2026-09-09,2026-09-14,2026-09-09,PA2,OnTrac,1,1,8.79,1.58,0.0,10.37,shipmonk_estimate,USD
251453_1,bdcc4553-1f83-41c0-b515-a2463f93eae7,Cattasaurus - shoproxstore - Shopify,direct_to_consumer,fulfilled,2026-09-09,2026-09-14,2026-09-09,PA2,SpeedX,1,1,9.33,1.58,0.0,10.91,shipmonk_estimate,USD
251453_2,db5d733f-92a6-472c-8338-271089115f45,Cattasaurus - shoproxstore - Shopify,direct_to_consumer,fulfilled,2026-09-09,2026-09-14,2026-09-09,PA2,USPS,1,1,5.4,1.58,0.3,7.28,shipmonk_estimate,USD
251454,7643363180854,Cattasaurus - shoproxstore - Shopify,direct_to_consumer,fulfilled,2026-09-09,2026-09-14,2026-09-09,NV3,OnTrac,4,1,33.8,2.86,0.0,36.66,shipmonk_estimate,USD
251455,7643367473462,Cattasaurus - shoproxstore - Shopify,direct_to_consumer,onhold,2026-09-09,,2026-09-09,NV3,ShipMonk,8,0,0.0,11.57,0.0,11.57,shipmonk_estimate,USD
251456,7643382415670,Cattasaurus - shoproxstore - Shopify,direct_to_consumer,fulfilled,2026-09-09,2026-09-11,2026-09-09,PA2,UPS,1,1,16.95,1.9,0.0,18.85,shipmonk_estimate,USD
251457,7643409252662,Cattasaurus - shoproxstore - Shopify,direct_to_consumer,fulfilled,2026-09-09,2026-09-11,2026-09-09,NV3,OnTrac,1,1,20.53,1.9,0.0,22.43,shipmonk_estimate,USD
251458,7643416822070,Cattasaurus - shoproxstore - Shopify,direct_to_consumer,fulfilled,2026-09-09,2026-09-11,2026-09-09,PA2,OnTrac,2,1,15.17,2.22,0.0,17.39,shipmonk_estimate,USD
251459,7643432157494,Cattasaurus - shoproxstore - Shopify,direct_to_consumer,fulfilled,2026-09-09,2026-09-11,2026-09-09,PA2,OnTrac,2,1,20.53,2.22,0.0,22.75,shipmonk_estimate,USD
251460,7643489567030,Cattasaurus - shoproxstore - Shopify,direct_to_consumer,onhold,2026-09-09,,2026-09-09,NV3,ShipMonk,2,0,20.53,3.16,0.0,23.69,shipmonk_estimate,USD
251461,7643506639158,Cattasaurus - shoproxstore - Shopify,direct_to_consumer,fulfilled,2026-09-09,2026-09-11,2026-09-09,PA2,OnTrac,1,1,13.48,2.54,0.0,16.02,shipmonk_estimate,USD
251462,7643515126070,Cattasaurus - shoproxstore - Shopify,direct_to_consumer,fulfilled,2026-09-09,2026-09-11,2026-09-09,NV3,FedEx,1,1,22.31,1.9,0.0,24.21,shipmonk_estimate,USD
251463,7643517124918,Cattasaurus - shoproxstore - Shopify,direct_to_consumer,fulfilled,2026-09-09,2026-09-11,2026-09-09,PA2,OnTrac,2,1,11.75,2.22,0.0,13.97,shipmonk_estimate,USD
251464,7643546255670,Cattasaurus - shoproxstore - Shopify,direct_to_consumer,fulfilled,2026-09-09,2026-09-14,2026-09-09,NV3,Cirro,2,1,11.75,2.22,0.0,13.97,shipmonk_estimate,USD
251464_1,8b550480-bfe5-47de-ab60-97f4b680e7e3,Cattasaurus - shoproxstore - Shopify,direct_to_consumer,fulfilled,2026-09-09,2026-09-14,2026-09-09,NV3,Cirro,1,1,11.75,3.82,0.0,15.57,shipmonk_estimate,USD
251465,7643559985462,Cattasaurus - shoproxstore - Shopify,direct_to_consumer,onhold,2026-09-09,,2026-09-09,PA2,ShipMonk,2,0,14.42,3.16,0.0,17.58,shipmonk_estimate,USD
251466,7643562541366,Cattasaurus - shoproxstore - Shopify,direct_to_consumer,fulfilled,2026-09-09,2026-09-11,2026-09-09,NV3,UPS,1,1,16.95,1.9,0.0,18.85,shipmonk_estimate,USD
251467,7643722449206,Cattasaurus - shoproxstore - Shopify,direct_to_consumer,onhold,2026-09-09,,2026-09-09,NV3,ShipMonk,2,0,11.75,10.5,0.0,22.25,shipmonk_estimate,USD
112-0320573-0942644,cfdeb32d-270d-409d-aafb-c029726e3531,Cattasaurus - Manual Store,direct_to_consumer,fulfilled,2026-09-10,2026-09-10,2026-09-10,NV3,OnTrac,1,1,23.49,1.9,0.0,25.39,shipmonk_estimate,USD
112-4329834-5184239,112-4329834-5184239,Cattasaurus - Amazon USA,direct_to_consumer,fulfilled,2026-09-10,2026-09-11,2026-09-10,PA2,OnTrac,1,1,13.09,1.9,0.0,14.99,shipmonk_estimate,USD
112-9557260-4701839,112-9557260-4701839,Cattasaurus - Amazon USA,direct_to_consumer,fulfilled,2026-09-10,2026-09-10,2026-09-10,NV3,OnTrac,1,1,18.06,2.22,0.0,20.28,shipmonk_estimate,USD
113-8675238-2643439,113-8675238-2643439,Cattasaurus - Amazon USA,direct_to_consumer,fulfilled,2026-09-10,2026-09-10,2026-09-10,PA2,OnTrac,1,1,18.3,1.9,0.0,20.2,shipmonk_estimate,USD
200015171544488,129125447059653,Cattasaurus - Walmart,direct_to_consumer,fulfilled,2026-09-10,2026-09-11,2026-09-10,PA2,UPS,1,1,15.09,2.22,0.0,17.31,shipmonk_estimate,USD
200015265303265,129125447562850,Cattasaurus - Walmart,direct_to_consumer,fulfilled,2026-09-10,2026-09-11,2026-09-10,PA2,UPS,1,1,17.73,1.9,0.0,19.63,shipmonk_estimate,USD
200015451486258,129125445729891,Cattasaurus - Walmart,direct_to_consumer,fulfilled,2026-09-10,2026-09-10,2026-09-10,PA2,FedEx,1,1,15.94,1.9,0.0,17.84,shipmonk_estimate,USD
200015498143467,129125447939837,Cattasaurus - Walmart,direct_to_consumer,fulfilled,2026-09-10,2026-09-11,2026-09-10,PA2,FedEx,1,1,13.09,1.9,0.0,14.99,shipmonk_estimate,USD
244966-01,e32bc16b-ca8d-49c1-aac1-fa4da47ade1b,Cattasaurus - shoproxstore - Shopify,direct_to_consumer,fulfilled,2026-09-10,2026-09-11,2026-09-10,NV3,OnTrac,2,1,20.53,2.22,0.0,22.75,shipmonk_estimate,USD
248368-01,ad50a7ba-daa7-48e9-9af2-710a9309eacb,Cattasaurus - shoproxstore - Shopify,direct_to_consumer,fulfilled,2026-09-10,2026-09-10,2026-09-10,NV3,Cirro,2,1,13.53,2.22,0.0,15.75,shipmonk_estimate,USD
248444-01,bcfc7d92-4d4c-407b-a721-7ba4fb20ca3a,Cattasaurus - shoproxstore - Shopify,direct_to_consumer,fulfilled,2026-09-10,2026-09-10,2026-09-10,PA2,OnTrac,2,1,22.31,2.22,0.0,24.53,shipmonk_estimate,USD
249299-01,9bcc36a4-e4ad-4f06-8997-ed671a1e90c4,Cattasaurus - shoproxstore - Shopify,direct_to_consumer,fulfilled,2026-09-10,2026-09-11,2026-09-10,PA2,OnTrac,2,1,15.17,2.22,0.0,17.39,shipmonk_estimate,USD
249458-01,dc51bd6d-a8c7-48e3-b05e-450ccc7379f2,Cattasaurus - shoproxstore - Shopify,direct_to_consumer,fulfilled,2026-09-10,2026-09-10,2026-09-10,NV3,FedEx,2,1,18.3,2.22,0.0,20.52,shipmonk_estimate,USD
251468,7643747909942,Cattasaurus - shoproxstore - Shopify,direct_to_consumer,fulfilled,2026-09-10,2026-09-11,2026-09-10,PA2,OnTrac,2,1,15.17,2.22,0.0,17.39,shipmonk_estimate,USD
251477,7644019097910,Cattasaurus - shoproxstore - Shopify,direct_to_consumer,fulfilled,2026-09-10,2026-09-11,2026-09-10,PA2,UPS,2,1,13.53,2.22,0.0,15.75,shipmonk_estimate,USD
251478,7644041150774,Cattasaurus - shoproxstore - Shopify,direct_to_consumer,fulfilled,2026-09-10,2026-09-12,2026-09-10,PA2,OnTrac,2,1,24.74,2.22,0.0,26.96,shipmonk_estimate,USD
251479,7644059992374,Cattasaurus - shoproxstore - Shopify,direct_to_consumer,fulfilled,2026-09-10,2026-09-11,2026-09-10,PA2,OnTrac,2,1,14.42,2.22,0.0,16.64,shipmonk_estimate,USD
251480,7644072050998,Cattasaurus - shoproxstore - Shopify,direct_to_consumer,fulfilled,2026-09-10,2026-09-11,2026-09-10,PA2,OnTrac,2,1,15.17,2.22,0.0,17.39,shipmonk_estimate,USD
251481,7644096266550,Cattasaurus - shoproxstore - Shopify,direct_to_consumer,onhold,2026-09-10,,2026-09-10,PA2,ShipMonk,2,0,10.38,3.16,0.0,13.54,shipmonk_estimate,USD
251482,7644097708342,Cattasaurus - shoproxstore - Shopify,direct_to_consumer,fulfilled,2026-09-10,2026-09-11,2026-09-10,PA2,OnTrac,2,1,17.24,2.22,0.0,19.46,shipmonk_estimate,USD
251483,7644117696822,Cattasaurus - shoproxstore - Shopify,direct_to_consumer,fulfilled,2026-09-10,2026-09-11,2026-09-10,PA2,OnTrac,1,1,12.64,1.9,0.0,14.54,shipmonk_estimate,USD
251484,7644144730422,Cattasaurus - shoproxstore - Shopify,direct_to_consumer,fulfilled,2026-09-10,2026-09-11,2026-09-10,PA2,OnTrac,2,1,11.75,2.22,0.0,13.97,shipmonk_estimate,USD
251485,7644155838774,Cattasaurus - shoproxstore - Shopify,direct_to_consumer,fulfilled,2026-09-10,2026-09-11,2026-09-10,PA2,OnTrac,2,1,10.38,2.22,0.0,12.6,shipmonk_estimate,USD
251486,7644196667702,Cattasaurus - shoproxstore - Shopify,direct_to_consumer,fulfilled,2026-09-10,2026-09-14,2026-09-10,NV3,OnTrac,1,1,33.8,1.9,0.0,35.7,shipmonk_estimate,USD
251487,7644209348918,Cattasaurus - shoproxstore - Shopify,direct_to_consumer,fulfilled,2026-09-10,2026-09-11,2026-09-10,NV3,Cirro,1,1,13.12,2.22,0.0,15.34,shipmonk_estimate,USD
251488,7644218360118,Cattasaurus - shoproxstore - Shopify,direct_to_consumer,onhold,2026-09-10,,2026-09-10,NV3,ShipMonk,2,0,23.49,3.16,0.0,26.65,shipmonk_estimate,USD
251489,7644237529398,Cattasaurus - shoproxstore - Shopify,direct_to_consumer,fulfilled,2026-09-10,2026-09-11,2026-09-10,PA2,UPS,2,1,14.42,2.22,0.0,16.64,shipmonk_estimate,USD
251490,7644244738358,Cattasaurus - shoproxstore - Shopify,direct_to_consumer,onhold,2026-09-10,,2026-09-10,NV3,ShipMonk,2,0,23.1,8.41,0.0,31.51,shipmonk_estimate,USD
251491,7644246049078,Cattasaurus - shoproxstore - Shopify,direct_to_consumer,fulfilled,2026-09-10,2026-09-11,2026-09-10,NV3,Cirro,1,1,11.75,1.9,0.0,13.65,shipmonk_estimate,USD
251492,7644248604982,Cattasaurus - shoproxstore - Shopify,direct_to_consumer,fulfilled,2026-09-10,2026-09-11,2026-09-10,PA2,UPS,2,1,16.95,2.22,0.0,19.17,shipmonk_estimate,USD
251493,7644254011702,Cattasaurus - shoproxstore - Shopify,direct_to_consumer,onhold,2026-09-10,,2026-09-10,NV3,ShipMonk,2,0,25.27,3.16,0.0,28.43,shipmonk_estimate,USD
251494,7644256403766,Cattasaurus - shoproxstore - Shopify,direct_to_consumer,fulfilled,2026-09-10,2026-09-11,2026-09-10,NV3,OnTrac,1,1,16.9,1.9,0.0,18.8,shipmonk_estimate,USD
251495,7644259254582,Cattasaurus - shoproxstore - Shopify,direct_to_consumer,onhold,2026-09-10,,2026-09-10,NV3,ShipMonk,2,0,14.42,8.41,0.0,22.83,shipmonk_estimate,USD
251496,7644289728822,Cattasaurus - shoproxstore - Shopify,direct_to_consumer,onhold,2026-09-10,,2026-09-10,PA2,ShipMonk,3,0,16.1,4.74,0.0,20.84,shipmonk_estimate,USD
251497,7644322070838,Cattasaurus - shoproxstore - Shopify,direct_to_consumer,fulfilled,2026-09-10,2026-09-11,2026-09-10,PA2,OnTrac,2,1,11.75,2.22,0.0,13.97,shipmonk_estimate,USD
251498,7644361261366,Cattasaurus - shoproxstore - Shopify,direct_to_consumer,fulfilled,2026-09-10,2026-09-10,2026-09-10,NV3,OnTrac,2,1,13.22,2.22,0.0,15.44,shipmonk_estimate,USD
251499,7644375220534,Cattasaurus - shoproxstore - Shopify,direct_to_consumer,fulfilled,2026-09-10,2026-09-11,2026-09-10,NV3,OnTrac,3,1,14.16,3.18,0.0,17.34,shipmonk_estimate,USD
251500,7644413886774,Cattasaurus - shoproxstore - Shopify,direct_to_consumer,onhold,2026-09-10,,2026-09-10,PA2,ShipMonk,2,0,13.53,3.16,0.0,16.69,shipmonk_estimate,USD
251501,7644417622326,Cattasaurus - shoproxstore - Shopify,direct_to_consumer,fulfilled,2026-09-10,2026-09-11,2026-09-10,PA2,OnTrac,1,1,21.0,2.54,0.0,23.54,shipmonk_estimate,USD
251502,7644434202934,Cattasaurus - shoproxstore - Shopify,direct_to_consumer,fulfilled,2026-09-10,2026-09-11,2026-09-10,PA2,OnTrac,2,1,12.64,2.22,0.0,14.86,shipmonk_estimate,USD
251503,7644446490934,Cattasaurus - shoproxstore - Shopify,direct_to_consumer,fulfilled,2026-09-10,2026-09-11,2026-09-10,NV3,Cirro,2,1,13.53,2.22,0.0,15.75,shipmonk_estimate,USD
251504,7644462383414,Cattasaurus - shoproxstore - Shopify,direct_to_consumer,fulfilled,2026-09-10,2026-09-11,2026-09-10,PA2,UPS,3,1,14.42,2.54,0.0,16.96,shipmonk_estimate,USD
251505,7644477784374,Cattasaurus - shoproxstore - Shopify,direct_to_consumer,fulfilled,2026-09-10,2026-09-11,2026-09-10,PA2,UPS,3,1,20.92,3.18,0.0,24.1,shipmonk_estimate,USD
251506,7644478570806,Cattasaurus - shoproxstore - Shopify,direct_to_consumer,fulfilled,2026-09-10,2026-09-12,2026-09-10,PA2,OnTrac,2,1,15.12,2.22,0.0,17.34,shipmonk_estimate,USD
251507,7644494561590,Cattasaurus - shoproxstore - Shopify,direct_to_consumer,fulfilled,2026-09-10,2026-09-12,2026-09-10,PA2,OnTrac,2,1,12.64,2.22,0.0,14.86,shipmonk_estimate,USD
251508,7644503638326,Cattasaurus - shoproxstore - Shopify,direct_to_consumer,fulfilled,2026-09-10,2026-09-11,2026-09-10,NV3,OnTrac,2,1,12.64,2.22,0.0,14.86,shipmonk_estimate,USD
251509,7644504162614,Cattasaurus - shoproxstore - Shopify,direct_to_consumer,onhold,2026-09-10,,2026-09-10,PA2,ShipMonk,2,0,15.17,4.74,0.0,19.91,shipmonk_estimate,USD
251510,7644510093622,Cattasaurus - shoproxstore - Shopify,direct_to_consumer,fulfilled,2026-09-10,2026-09-14,2026-09-10,NV3,OnTrac,2,1,17.24,2.22,0.0,19.46,shipmonk_estimate,USD
251510_1,e3e462cc-69e7-4216-a5fb-431b1ba8e7dd,Cattasaurus - shoproxstore - Shopify,direct_to_consumer,fulfilled,2026-09-10,2026-09-14,2026-09-10,NV3,OnTrac,1,1,17.24,3.82,0.0,21.06,shipmonk_estimate,USD
251511,7644511928630,Cattasaurus - shoproxstore - Shopify,direct_to_consumer,fulfilled,2026-09-10,2026-09-12,2026-09-10,PA2,UPS,2,1,13.53,2.22,0.0,15.75,shipmonk_estimate,USD
251512,7644515303734,Cattasaurus - shoproxstore - Shopify,direct_to_consumer,fulfilled,2026-09-10,2026-09-11,2026-09-10,NV3,FedEx,2,1,18.3,1.9,0.0,20.2,shipmonk_estimate,USD
251513,7644527526198,Cattasaurus - shoproxstore - Shopify,direct_to_consumer,fulfilled,2026-09-10,2026-09-11,2026-09-10,NV3,FedEx,2,1,18.3,2.22,0.0,20.52,shipmonk_estimate,USD
251514,7644554232118,Cattasaurus - shoproxstore - Shopify,direct_to_consumer,fulfilled,2026-09-10,2026-09-11,2026-09-10,NV3,FedEx,1,1,17.24,1.9,0.0,19.14,shipmonk_estimate,USD
251515,7644562194742,Cattasaurus - shoproxstore - Shopify,direct_to_consumer,onhold,2026-09-10,,2026-09-10,NV3,ShipMonk,3,0,18.3,10.5,0.0,28.8,shipmonk_estimate,USD
251516,7644566356278,Cattasaurus - shoproxstore - Shopify,direct_to_consumer,fulfilled,2026-09-10,2026-09-11,2026-09-10,NV3,UPS,2,1,25.27,2.22,0.0,27.49,shipmonk_estimate,USD
251517,7644578513206,Cattasaurus - shoproxstore - Shopify,direct_to_consumer,fulfilled,2026-09-10,2026-09-12,2026-09-10,PA2,OnTrac,2,1,12.14,2.22,0.0,14.36,shipmonk_estimate,USD
251518,7644591161654,Cattasaurus - shoproxstore - Shopify,direct_to_consumer,fulfilled,2026-09-10,2026-09-11,2026-09-10,NV3,OnTrac,2,1,18.3,2.22,0.0,20.52,shipmonk_estimate,USD
251519,7644609806646,Cattasaurus - shoproxstore - Shopify,direct_to_consumer,onhold,2026-09-10,,2026-09-10,PA2,ShipMonk,2,0,21.31,3.16,0.0,24.47,shipmonk_estimate,USD
251520,7644637266230,Cattasaurus - shoproxstore - Shopify,direct_to_consumer,fulfilled,2026-09-10,2026-09-14,2026-09-10,NV3,OnTrac,2,1,33.8,2.22,0.0,36.02,shipmonk_estimate,USD
251521,7644639461686,Cattasaurus - shoproxstore - Shopify,direct_to_consumer,fulfilled,2026-09-10,2026-09-11,2026-09-10,NV3,OnTrac,2,1,12.64,2.22,0.0,14.86,shipmonk_estimate,USD
251522,7644653682998,Cattasaurus - shoproxstore - Shopify,direct_to_consumer,fulfilled,2026-09-10,2026-09-11,2026-09-10,NV3,OnTrac,2,1,11.75,2.22,0.0,13.97,shipmonk_estimate,USD
251524,7644747104566,Cattasaurus - shoproxstore - Shopify,direct_to_consumer,fulfilled,2026-09-10,2026-09-12,2026-09-10,PA2,OnTrac,2,1,12.17,2.22,0.0,14.39,shipmonk_estimate,USD
251525,7644750381366,Cattasaurus - shoproxstore - Shopify,direct_to_consumer,fulfilled,2026-09-10,2026-09-11,2026-09-10,NV3,UPS,2,1,16.95,2.22,0.0,19.17,shipmonk_estimate,USD
251526,7644751855926,Cattasaurus - shoproxstore - Shopify,direct_to_consumer,fulfilled,2026-09-10,2026-09-12,2026-09-10,NV3,Cirro,2,1,11.75,2.22,0.0,13.97,shipmonk_estimate,USD
251527,7644794782006,Cattasaurus - shoproxstore - Shopify,direct_to_consumer,fulfilled,2026-09-10,2026-09-12,2026-09-10,PA2,OnTrac,2,1,12.64,2.22,0.0,14.86,shipmonk_estimate,USD
251528,7644824863030,Cattasaurus - shoproxstore - Shopify,direct_to_consumer,fulfilled,2026-09-10,2026-09-11,2026-09-10,NV3,OnTrac,2,1,22.31,2.22,0.0,24.53,shipmonk_estimate,USD
251529,7644827189558,Cattasaurus - shoproxstore - Shopify,direct_to_consumer,fulfilled,2026-09-10,2026-09-12,2026-09-10,PA2,FedEx,2,1,15.17,2.22,0.0,17.39,shipmonk_estimate,USD
251530,7644850159926,Cattasaurus - shoproxstore - Shopify,direct_to_consumer,onhold,2026-09-10,,2026-09-10,NV3,ShipMonk,2,0,23.49,8.41,0.0,31.9,shipmonk_estimate,USD
251531,7644857958710,Cattasaurus - shoproxstore - Shopify,direct_to_consumer,fulfilled,2026-09-10,2026-09-14,2026-09-10,PA2,OnTrac,2,1,22.31,2.22,0.0,24.53,shipmonk_estimate,USD
251531_1,9ddaca3d-14f4-491d-8be7-3480023ada0f,Cattasaurus - shoproxstore - Shopify,direct_to_consumer,fulfilled,2026-09-10,2026-09-14,2026-09-10,PA2,OnTrac,1,1,22.31,3.82,0.0,26.13,shipmonk_estimate,USD
251533,7644885319990,Cattasaurus - shoproxstore - Shopify,direct_to_consumer,onhold,2026-09-10,,2026-09-10,NV3,ShipMonk,6,0,0.0,7.9,0.0,7.9,shipmonk_estimate,USD
251534,7644886499638,Cattasaurus - shoproxstore - Shopify,direct_to_consumer,fulfilled,2026-09-10,2026-09-12,2026-09-10,PA2,UPS,3,1,22.31,3.18,0.0,25.49,shipmonk_estimate,USD
251535,7644890300726,Cattasaurus - shoproxstore - Shopify,direct_to_consumer,onhold,2026-09-10,,2026-09-10,PA2,ShipMonk,2,0,24.74,3.16,0.0,27.9,shipmonk_estimate,USD
251536,7644897968438,Cattasaurus - shoproxstore - Shopify,direct_to_consumer,onhold,2026-09-10,,2026-09-10,PA2,ShipMonk,2,0,14.42,3.16,0.0,17.58,shipmonk_estimate,USD
251537,7644902752566,Cattasaurus - shoproxstore - Shopify,direct_to_consumer,fulfilled,2026-09-10,2026-09-12,2026-09-10,PA2,UPS,2,1,19.02,2.22,0.0,21.24,shipmonk_estimate,USD
251538,7644906815798,Cattasaurus - shoproxstore - Shopify,direct_to_consumer,onhold,2026-09-10,,2026-09-10,NV3,ShipMonk,2,0,12.14,3.16,0.0,15.3,shipmonk_estimate,USD
251539,7644910616886,Cattasaurus - shoproxstore - Shopify,direct_to_consumer,fulfilled,2026-09-10,2026-09-12,2026-09-10,PA2,OnTrac,1,1,17.24,1.9,0.0,19.14,shipmonk_estimate,USD
251540,7644926935350,Cattasaurus - shoproxstore - Shopify,direct_to_consumer,fulfilled,2026-09-10,2026-09-12,2026-09-10,PA2,OnTrac,1,1,17.24,1.9,0.0,19.14,shipmonk_estimate,USD
251541,7644936962358,Cattasaurus - shoproxstore - Shopify,direct_to_consumer,onhold,2026-09-10,,2026-09-10,PA2,ShipMonk,1,0,12.64,3.16,0.0,15.8,shipmonk_estimate,USD
251543,7645004497206,Cattasaurus - shoproxstore - Shopify,direct_to_consumer,fulfilled,2026-09-10,2026-09-12,2026-09-10,PA2,OnTrac,2,1,12.64,2.22,0.0,14.86,shipmonk_estimate,USD
251544,7645017145654,Cattasaurus - shoproxstore - Shopify,direct_to_consumer,fulfilled,2026-09-10,2026-09-12,2026-09-10,PA2,OnTrac,1,1,17.88,2.54,0.0,20.42,shipmonk_estimate,USD
251545,7645022847286,Cattasaurus - shoproxstore - Shopify,direct_to_consumer,onhold,2026-09-10,,2026-09-10,PA2,ShipMonk,2,0,11.75,3.16,0.0,14.91,shipmonk_estimate,USD
251546,7645029826870,Cattasaurus - shoproxstore - Shopify,direct_to_consumer,fulfilled,2026-09-10,2026-09-11,2026-09-10,NV3,OnTrac,2,1,29.18,2.22,0.0,31.4,shipmonk_estimate,USD
251547,7645035036982,Cattasaurus - shoproxstore - Shopify,direct_to_consumer,fulfilled,2026-09-10,2026-09-12,2026-09-10,PA2,OnTrac,2,1,15.17,2.22,0.0,17.39,shipmonk_estimate,USD
251548,7645081862454,Cattasaurus - shoproxstore - Shopify,direct_to_consumer,fulfilled,2026-09-10,2026-09-12,2026-09-10,NV3,OnTrac,2,1,22.96,2.22,0.0,25.18,shipmonk_estimate,USD
251549,7645115482422,Cattasaurus - shoproxstore - Shopify,direct_to_consumer,fulfilled,2026-09-10,2026-09-12,2026-09-10,NV3,OnTrac,1,1,15.17,1.9,0.0,17.07,shipmonk_estimate,USD
251551,7645128393014,Cattasaurus - shoproxstore - Shopify,direct_to_consumer,fulfilled,2026-09-10,2026-09-11,2026-09-10,NV3,OnTrac,2,1,15.94,2.22,0.0,18.16,shipmonk_estimate,USD
251552,7645147103542,Cattasaurus - shoproxstore - Shopify,direct_to_consumer,fulfilled,2026-09-10,2026-09-12,2026-09-10,PA2,OnTrac,2,1,10.38,2.22,0.0,12.6,shipmonk_estimate,USD
251553,7645157294390,Cattasaurus - shoproxstore - Shopify,direct_to_consumer,fulfilled,2026-09-10,2026-09-14,2026-09-10,NV3,OnTrac,1,1,33.8,1.9,0.0,35.7,shipmonk_estimate,USD
251554,7645165781302,Cattasaurus - shoproxstore - Shopify,direct_to_consumer,fulfilled,2026-09-10,2026-09-12,2026-09-10,NV3,OnTrac,2,1,15.17,2.22,0.0,17.39,shipmonk_estimate,USD
251555,7645172662582,Cattasaurus - shoproxstore - Shopify,direct_to_consumer,onhold,2026-09-10,,2026-09-10,NV3,ShipMonk,2,0,12.14,3.16,0.0,15.3,shipmonk_estimate,USD
251556,7645183508790,Cattasaurus - shoproxstore - Shopify,direct_to_consumer,fulfilled,2026-09-10,2026-09-12,2026-09-10,NV3,UPS,2,1,22.31,2.22,0.0,24.53,shipmonk_estimate,USD
251557,7645202186550,Cattasaurus - shoproxstore - Shopify,direct_to_consumer,fulfilled,2026-09-10,2026-09-12,2026-09-10,NV3,OnTrac,2,1,24.74,2.22,0.0,26.96,shipmonk_estimate,USD
251558,7645202809142,Cattasaurus - shoproxstore - Shopify,direct_to_consumer,fulfilled,2026-09-10,2026-09-13,2026-09-10,PA2,FedEx,2,1,26.52,4.14,0.0,30.66,shipmonk_estimate,USD
251559,7645210116406,Cattasaurus - shoproxstore - Shopify,direct_to_consumer,fulfilled,2026-09-10,2026-09-12,2026-09-10,NV3,OnTrac,2,1,19.02,2.22,0.0,21.24,shipmonk_estimate,USD
251561,7645240328502,Cattasaurus - shoproxstore - Shopify,direct_to_consumer,fulfilled,2026-09-10,2026-09-12,2026-09-10,PA2,UPS,2,1,13.53,2.22,0.0,15.75,shipmonk_estimate,USD
251562,7645276733750,Cattasaurus - shoproxstore - Shopify,direct_to_consumer,fulfilled,2026-09-10,2026-09-12,2026-09-10,PA2,OnTrac,2,1,19.02,2.22,0.0,21.24,shipmonk_estimate,USD
251563,7645285318966,Cattasaurus - shoproxstore - Shopify,direct_to_consumer,onhold,2026-09-10,,2026-09-10,PA2,ShipMonk,2,0,16.9,3.16,0.0,20.06,shipmonk_estimate,USD
251564,7645299802422,Cattasaurus - shoproxstore - Shopify,direct_to_consumer,onhold,2026-09-10,,2026-09-10,PA2,ShipMonk,2,0,19.02,3.16,0.0,22.18,shipmonk_estimate,USD
251565,7645307994422,Cattasaurus - shoproxstore - Shopify,direct_to_consumer,onhold,2026-09-10,,2026-09-10,NV3,ShipMonk,2,0,20.53,3.16,0.0,23.69,shipmonk_estimate,USD
251566,7645314253110,Cattasaurus - shoproxstore - Shopify,direct_to_consumer,fulfilled,2026-09-10,2026-09-12,2026-09-10,NV3,OnTrac,3,1,12.64,2.54,0.0,15.18,shipmonk_estimate,USD
251567,7645334241590,Cattasaurus - shoproxstore - Shopify,direct_to_consumer,fulfilled,2026-09-10,2026-09-12,2026-09-10,PA2,FedEx,2,1,15.17,2.22,0.0,17.39,shipmonk_estimate,USD
251568,7645339877686,Cattasaurus - shoproxstore - Shopify,direct_to_consumer,fulfilled,2026-09-10,2026-09-12,2026-09-10,PA2,OnTrac,2,1,19.02,2.22,0.0,21.24,shipmonk_estimate,USD
251569,7645362749750,Cattasaurus - shoproxstore - Shopify,direct_to_consumer,fulfilled,2026-09-10,2026-09-12,2026-09-10,PA2,OnTrac,2,1,13.53,2.22,0.0,15.75,shipmonk_estimate,USD
251570,7645376348470,Cattasaurus - shoproxstore - Shopify,direct_to_consumer,onhold,2026-09-10,,2026-09-10,PA2,ShipMonk,2,0,13.92,3.16,0.0,17.08,shipmonk_estimate,USD
251571,7645386080566,Cattasaurus - shoproxstore - Shopify,direct_to_consumer,fulfilled,2026-09-10,2026-09-12,2026-09-10,PA2,OnTrac,2,1,12.14,2.22,0.0,14.36,shipmonk_estimate,USD
251572,7645387751734,Cattasaurus - shoproxstore - Shopify,direct_to_consumer,fulfilled,2026-09-10,2026-09-12,2026-09-10,PA2,UPS,2,1,19.02,2.22,0.0,21.24,shipmonk_estimate,USD
251573,7645400498486,Cattasaurus - shoproxstore - Shopify,direct_to_consumer,fulfilled,2026-09-10,2026-09-12,2026-09-10,PA2,FedEx,1,1,17.24,1.9,0.0,19.14,shipmonk_estimate,USD
251574,7645403676982,Cattasaurus - shoproxstore - Shopify,direct_to_consumer,fulfilled,2026-09-10,2026-09-12,2026-09-10,PA2,OnTrac,2,1,10.38,2.22,0.0,12.6,shipmonk_estimate,USD
251575,7645410787638,Cattasaurus - shoproxstore - Shopify,direct_to_consumer,fulfilled,2026-09-10,2026-09-12,2026-09-10,PA2,OnTrac,2,1,12.14,2.22,0.0,14.36,shipmonk_estimate,USD
251576,7645415178550,Cattasaurus - shoproxstore - Shopify,direct_to_consumer,fulfilled,2026-09-10,2026-09-12,2026-09-10,PA2,OnTrac,2,1,12.64,2.22,0.0,14.86,shipmonk_estimate,USD
251577,7645454434614,Cattasaurus - shoproxstore - Shopify,direct_to_consumer,fulfilled,2026-09-10,2026-09-12,2026-09-10,PA2,OnTrac,3,1,15.12,3.18,0.0,18.3,shipmonk_estimate,USD
251578,7645459513654,Cattasaurus - shoproxstore - Shopify,direct_to_consumer,fulfilled,2026-09-10,2026-09-12,2026-09-10,NV3,OnTrac,2,1,25.27,2.22,0.0,27.49,shipmonk_estimate,USD
251579,7645460070710,Cattasaurus - shoproxstore - Shopify,direct_to_consumer,fulfilled,2026-09-10,2026-09-12,2026-09-10,NV3,UPS,2,1,26.52,2.22,0.0,28.74,shipmonk_estimate,USD
251580,7645460988214,Cattasaurus - shoproxstore - Shopify,direct_to_consumer,fulfilled,2026-09-10,2026-09-12,2026-09-10,PA2,OnTrac,2,1,15.12,2.22,0.0,17.34,shipmonk_estimate,USD
251582,7645478519094,Cattasaurus - shoproxstore - Shopify,direct_to_consumer,fulfilled,2026-09-10,2026-09-12,2026-09-10,PA2,UPS,2,1,19.02,2.22,0.0,21.24,shipmonk_estimate,USD
251583,7645484089654,Cattasaurus - shoproxstore - Shopify,direct_to_consumer,fulfilled,2026-09-10,2026-09-12,2026-09-10,NV3,UPS,2,1,25.27,2.22,0.0,27.49,shipmonk_estimate,USD
251584,7645491659062,Cattasaurus - shoproxstore - Shopify,direct_to_consumer,fulfilled,2026-09-10,2026-09-12,2026-09-10,NV3,UPS,2,1,16.95,2.22,0.0,19.17,shipmonk_estimate,USD
251585,7645495853366,Cattasaurus - shoproxstore - Shopify,direct_to_consumer,fulfilled,2026-09-10,2026-09-12,2026-09-10,PA2,UPS,2,1,14.42,2.22,0.0,16.64,shipmonk_estimate,USD
251586,7645537337654,Cattasaurus - shoproxstore - Shopify,direct_to_consumer,fulfilled,2026-09-10,2026-09-12,2026-09-10,NV3,OnTrac,2,1,21.31,2.22,0.0,23.53,shipmonk_estimate,USD
251587,7645551755574,Cattasaurus - shoproxstore - Shopify,direct_to_consumer,fulfilled,2026-09-10,2026-09-12,2026-09-10,NV3,OnTrac,2,1,11.75,2.22,0.0,13.97,shipmonk_estimate,USD
251589,7645565124918,Cattasaurus - shoproxstore - Shopify,direct_to_consumer,fulfilled,2026-09-10,2026-09-12,2026-09-10,PA2,FedEx,2,1,22.31,2.22,0.0,24.53,shipmonk_estimate,USD
251590,7645568303414,Cattasaurus - shoproxstore - Shopify,direct_to_consumer,fulfilled,2026-09-10,2026-09-14,2026-09-10,NV3,FedEx,2,1,35.58,2.22,0.0,37.8,shipmonk_estimate,USD
251591,7645580198198,Cattasaurus - shoproxstore - Shopify,direct_to_consumer,fulfilled,2026-09-10,2026-09-12,2026-09-10,PA2,OnTrac,2,1,15.17,2.22,0.0,17.39,shipmonk_estimate,USD
251592,7645586882870,Cattasaurus - shoproxstore - Shopify,direct_to_consumer,fulfilled,2026-09-10,2026-09-12,2026-09-10,NV3,OnTrac,2,1,23.49,2.22,0.0,25.71,shipmonk_estimate,USD
251593,7645601694006,Cattasaurus - shoproxstore - Shopify,direct_to_consumer,fulfilled,2026-09-10,2026-09-12,2026-09-10,NV3,OnTrac,2,1,18.3,2.22,0.0,20.52,shipmonk_estimate,USD
251594,7645604282678,Cattasaurus - shoproxstore - Shopify,direct_to_consumer,fulfilled,2026-09-10,2026-09-12,2026-09-10,NV3,OnTrac,2,1,18.3,2.22,0.0,20.52,shipmonk_estimate,USD
251595,7645616505142,Cattasaurus - shoproxstore - Shopify,direct_to_consumer,fulfilled,2026-09-10,2026-09-14,2026-09-10,NV3,FedEx,2,1,30.96,2.22,0.0,33.18,shipmonk_estimate,USD
251596,7645623091510,Cattasaurus - shoproxstore - Shopify,direct_to_consumer,onhold,2026-09-10,,2026-09-10,PA2,ShipMonk,2,0,13.92,3.16,0.0,17.08,shipmonk_estimate,USD
251597,7645645078838,Cattasaurus - shoproxstore - Shopify,direct_to_consumer,onhold,2026-09-10,,2026-09-10,NV3,ShipMonk,2,0,14.42,4.74,0.0,19.16,shipmonk_estimate,USD
251598,7645672964406,Cattasaurus - shoproxstore - Shopify,direct_to_consumer,fulfilled,2026-09-10,2026-09-12,2026-09-10,NV3,OnTrac,2,1,15.12,2.22,0.0,17.34,shipmonk_estimate,USD
251600,7645712318774,Cattasaurus - shoproxstore - Shopify,direct_to_consumer,fulfilled,2026-09-10,2026-09-12,2026-09-10,NV3,UPS,2,1,20.08,2.22,0.0,22.3,shipmonk_estimate,USD
251602,7645792207158,Cattasaurus - shoproxstore - Shopify,direct_to_consumer,fulfilled,2026-09-10,2026-09-12,2026-09-10,PA2,FedEx,3,1,17.24,3.18,0.0,20.42,shipmonk_estimate,USD
251605,7645804888374,Cattasaurus - shoproxstore - Shopify,direct_to_consumer,fulfilled,2026-09-10,2026-09-12,2026-09-10,NV3,OnTrac,2,1,12.64,2.22,0.0,14.86,shipmonk_estimate,USD
251606,7645838967094,Cattasaurus - shoproxstore - Shopify,direct_to_consumer,fulfilled,2026-09-10,2026-09-12,2026-09-10,NV3,OnTrac,1,1,18.3,1.9,0.0,20.2,shipmonk_estimate,USD
251607,7645877698870,Cattasaurus - shoproxstore - Shopify,direct_to_consumer,onhold,2026-09-10,,2026-09-10,NV3,ShipMonk,2,0,15.12,3.16,0.0,18.28,shipmonk_estimate,USD
577562344717193770,a81c64db-9a0c-4f04-8589-7760471ccd44,Cattasaurus - Manual Store,direct_to_consumer,fulfilled,2026-09-10,2026-09-10,2026-09-10,NV3,OnTrac,1,1,26.52,1.9,0.0,28.42,shipmonk_estimate,USD
577562345002799955,bb425400-a256-4822-bc24-b728544ef7c1,Cattasaurus - Manual Store,direct_to_consumer,fulfilled,2026-09-10,2026-09-10,2026-09-10,NV3,OnTrac,1,1,35.58,1.9,0.0,37.48,shipmonk_estimate,USD
577562345003717566,28c6fde6-6d30-4591-8745-bc6c065e00d4,Cattasaurus - Manual Store,direct_to_consumer,fulfilled,2026-09-10,2026-09-10,2026-09-10,NV3,UPS,1,1,17.73,1.9,0.0,19.63,shipmonk_estimate,USD
577562345622311156,88c9412f-e60c-4ed6-ac5c-55eed01bf53e,Cattasaurus - Manual Store,direct_to_consumer,fulfilled,2026-09-10,2026-09-10,2026-09-10,NV3,OnTrac,1,1,13.09,1.9,0.0,14.99,shipmonk_estimate,USD
577562345709277973,20c5c6c1-74c7-4002-ad0a-264141dcaa45,Cattasaurus - Manual Store,direct_to_consumer,fulfilled,2026-09-10,2026-09-10,2026-09-10,PA2,OnTrac,1,1,12.28,1.9,0.0,14.18,shipmonk_estimate,USD
577562345837859217,8f9f25ea-0c7d-4a37-b120-ba516484bc65,Cattasaurus - Manual Store,direct_to_consumer,fulfilled,2026-09-10,2026-09-10,2026-09-10,NV3,OnTrac,1,1,29.18,1.9,0.0,31.08,shipmonk_estimate,USD
577562346652405971,b10908aa-6a88-42c3-b14d-024b10ae0750,Cattasaurus - Manual Store,direct_to_consumer,fulfilled,2026-09-10,2026-09-10,2026-09-10,PA2,FedEx,1,1,15.94,1.9,0.0,17.84,shipmonk_estimate,USD
577562346658435702,36cc7032-8197-4f31-b161-54450f7755d3,Cattasaurus - Manual Store,direct_to_consumer,fulfilled,2026-09-10,2026-09-10,2026-09-10,PA2,OnTrac,1,1,15.09,1.9,0.0,16.99,shipmonk_estimate,USD
577562346845999729,63bcc2ec-7329-4b9e-b909-c7d759a38a1e,Cattasaurus - Manual Store,direct_to_consumer,fulfilled,2026-09-10,2026-09-10,2026-09-10,PA2,OnTrac,1,1,15.94,1.9,0.0,17.84,shipmonk_estimate,USD
577562347467215558,9c7ab8d0-62d6-4495-a039-91409d7861e6,Cattasaurus - Manual Store,direct_to_consumer,fulfilled,2026-09-10,2026-09-10,2026-09-10,NV3,OnTrac,1,1,15.09,2.22,0.0,17.31,shipmonk_estimate,USD
577562347479273776,aba669b3-1134-4759-b0c4-cfbddea89d94,Cattasaurus - Manual Store,direct_to_consumer,fulfilled,2026-09-10,2026-09-10,2026-09-10,NV3,UPS,1,1,22.31,1.9,0.0,24.21,shipmonk_estimate,USD
577562347490284469,13380e31-49c2-48a8-8c06-88b340ae5a92,Cattasaurus - Manual Store,direct_to_consumer,fulfilled,2026-09-10,2026-09-10,2026-09-10,NV3,OnTrac,1,1,33.8,1.9,0.0,35.7,shipmonk_estimate,USD
577562347506799118,48febd21-6236-4129-ad2f-36e1cfdacfcf,Cattasaurus - Manual Store,direct_to_consumer,fulfilled,2026-09-10,2026-09-10,2026-09-10,NV3,UPS,1,1,20.08,1.9,0.0,21.98,shipmonk_estimate,USD
577562347534783034,539bc8a1-7cca-4f0f-b7da-3c381e318f1f,Cattasaurus - Manual Store,direct_to_consumer,fulfilled,2026-09-10,2026-09-10,2026-09-10,PA2,OnTrac,1,1,13.09,1.9,0.0,14.99,shipmonk_estimate,USD
577562350038782268,8553dd97-1f69-45f2-92cc-ab522698d2e6,Cattasaurus - Manual Store,direct_to_consumer,fulfilled,2026-09-10,2026-09-10,2026-09-10,PA2,OnTrac,1,1,12.28,1.9,0.0,14.18,shipmonk_estimate,USD
577562350041469918,79ac5613-bfb7-4330-9042-bd928126a8ee,Cattasaurus - Manual Store,direct_to_consumer,fulfilled,2026-09-10,2026-09-10,2026-09-10,NV3,OnTrac,1,1,27.4,1.9,0.0,29.3,shipmonk_estimate,USD
577562350721536378,2ea1728a-2f4f-474c-81ae-550b3d6e02db,Cattasaurus - Manual Store,direct_to_consumer,fulfilled,2026-09-10,2026-09-10,2026-09-10,NV3,FedEx,1,1,18.3,1.9,0.0,20.2,shipmonk_estimate,USD
"Merged: 251603, 251604",b180f2f7-d99e-4828-bf9e-8416e7459ee6,Cattasaurus - shoproxstore - Shopify,direct_to_consumer,fulfilled,2026-09-10,2026-09-14,2026-09-10,PA2,OnTrac,3,1,12.14,2.54,0.0,14.68,shipmonk_estimate,USD
111-2515231-4542609,111-2515231-4542609,Cattasaurus - Amazon USA,direct_to_consumer,fulfilled,2026-09-11,2026-09-11,2026-09-11,PA2,FedEx,1,1,13.09,2.22,0.0,15.31,shipmonk_estimate,USD
111-2624960-6319439,111-2624960-6319439,Cattasaurus - Amazon USA,direct_to_consumer,fulfilled,2026-09-11,2026-09-12,2026-09-11,NV3,OnTrac,1,1,20.08,1.9,0.0,21.98,shipmonk_estimate,USD
111-7655721-3578635,111-7655721-3578635,Cattasaurus - Amazon USA,direct_to_consumer,fulfilled,2026-09-11,2026-09-12,2026-09-11,PA2,OnTrac,1,1,12.28,1.9,0.0,14.18,shipmonk_estimate,USD
112-9976657-4805050,112-9976657-4805050,Cattasaurus - Amazon USA,direct_to_consumer,fulfilled,2026-09-11,2026-09-12,2026-09-11,PA2,OnTrac,1,1,19.83,7.88,0.0,27.71,shipmonk_estimate,USD
113-9350742-4348266,113-9350742-4348266,Cattasaurus - Amazon USA,direct_to_consumer,fulfilled,2026-09-11,2026-09-11,2026-09-11,PA2,OnTrac,1,1,12.28,2.22,0.0,14.5,shipmonk_estimate,USD
200015152665698,129125553264811,Cattasaurus - Walmart,direct_to_consumer,fulfilled,2026-09-11,2026-09-12,2026-09-11,NV3,UPS,1,1,14.88,2.22,0.0,17.1,shipmonk_estimate,USD
200015263067712,129125550793584,Cattasaurus - Walmart,direct_to_consumer,fulfilled,2026-09-11,2026-09-11,2026-09-11,NV3,FedEx,1,1,29.18,1.9,0.0,31.08,shipmonk_estimate,USD
200015404714295,129125552974277,Cattasaurus - Walmart,direct_to_consumer,fulfilled,2026-09-11,2026-09-12,2026-09-11,PA2,FedEx,1,1,17.4,1.9,0.0,19.3,shipmonk_estimate,USD
249028-01,6168e364-91f7-4f37-bfbb-a2f5a3b53cbb,Cattasaurus - shoproxstore - Shopify,direct_to_consumer,fulfilled,2026-09-11,2026-09-11,2026-09-11,NV3,FedEx,1,1,18.3,1.9,0.0,20.2,shipmonk_estimate,USD
249278-01,7c2fe71f-0644-444a-960b-cb2feac71c6f,Cattasaurus - shoproxstore - Shopify,direct_to_consumer,fulfilled,2026-09-11,2026-09-11,2026-09-11,PA2,OnTrac,2,1,15.12,2.22,0.0,17.34,shipmonk_estimate,USD
250124-01,4c510222-5f78-4cab-b4d0-ea76010429ec,Cattasaurus - shoproxstore - Shopify,direct_to_consumer,fulfilled,2026-09-11,2026-09-11,2026-09-11,PA2,OnTrac,2,1,20.53,2.22,0.0,22.75,shipmonk_estimate,USD
251622,7646162354486,Cattasaurus - shoproxstore - Shopify,direct_to_consumer,fulfilled,2026-09-11,2026-09-12,2026-09-11,PA2,UPS,2,1,13.53,2.22,0.0,15.75,shipmonk_estimate,USD
251623,7646173757750,Cattasaurus - shoproxstore - Shopify,direct_to_consumer,onhold,2026-09-11,,2026-09-11,NV3,ShipMonk,2,0,23.49,3.16,0.0,26.65,shipmonk_estimate,USD
251624,7646175494454,Cattasaurus - shoproxstore - Shopify,direct_to_consumer,fulfilled,2026-09-11,2026-09-13,2026-09-11,PA2,OnTrac,1,1,15.12,1.9,0.0,17.02,shipmonk_estimate,USD
251625,7646257643830,Cattasaurus - shoproxstore - Shopify,direct_to_consumer,fulfilled,2026-09-11,2026-09-12,2026-09-11,NV3,OnTrac,2,1,23.49,2.22,0.0,25.71,shipmonk_estimate,USD
251626,7646262100278,Cattasaurus - shoproxstore - Shopify,direct_to_consumer,fulfilled,2026-09-11,2026-09-13,2026-09-11,NV3,OnTrac,3,1,21.26,2.54,0.0,23.8,shipmonk_estimate,USD
251627,7646287593782,Cattasaurus - shoproxstore - Shopify,direct_to_consumer,fulfilled,2026-09-11,2026-09-13,2026-09-11,PA2,UPS,1,1,19.02,1.9,0.0,20.92,shipmonk_estimate,USD
251628,7646298931510,Cattasaurus - shoproxstore - Shopify,direct_to_consumer,fulfilled,2026-09-11,2026-09-12,2026-09-11,PA2,OnTrac,1,1,11.75,1.9,0.0,13.65,shipmonk_estimate,USD
251629,7646303781174,Cattasaurus - shoproxstore - Shopify,direct_to_consumer,onhold,2026-09-11,,2026-09-11,PA2,ShipMonk,2,0,17.24,3.16,0.0,20.4,shipmonk_estimate,USD
251630,7646317674806,Cattasaurus - shoproxstore - Shopify,direct_to_consumer,fulfilled,2026-09-11,2026-09-13,2026-09-11,NV3,OnTrac,3,1,23.34,2.54,0.0,25.88,shipmonk_estimate,USD
251631,7646323114294,Cattasaurus - shoproxstore - Shopify,direct_to_consumer,fulfilled,2026-09-11,2026-09-13,2026-09-11,NV3,OnTrac,2,1,17.51,2.22,0.0,19.73,shipmonk_estimate,USD
251632,7646332027190,Cattasaurus - shoproxstore - Shopify,direct_to_consumer,onhold,2026-09-11,,2026-09-11,PA2,ShipMonk,2,0,15.12,3.16,0.0,18.28,shipmonk_estimate,USD
251633,7646340481334,Cattasaurus - shoproxstore - Shopify,direct_to_consumer,fulfilled,2026-09-11,2026-09-13,2026-09-11,NV3,FedEx,2,1,22.93,2.22,0.0,25.15,shipmonk_estimate,USD
251634,7646375444790,Cattasaurus - shoproxstore - Shopify,direct_to_consumer,onhold,2026-09-11,,2026-09-11,NV3,ShipMonk,2,0,22.31,3.16,0.0,25.47,shipmonk_estimate,USD
251635,7646382784822,Cattasaurus - shoproxstore - Shopify,direct_to_consumer,fulfilled,2026-09-11,2026-09-12,2026-09-11,PA2,UPS,2,1,14.42,2.22,0.0,16.64,shipmonk_estimate,USD
251636,7646385570102,Cattasaurus - shoproxstore - Shopify,direct_to_consumer,fulfilled,2026-09-11,2026-09-12,2026-09-11,NV3,UPS,1,1,23.1,1.9,0.0,25.0,shipmonk_estimate,USD
251637,7646389338422,Cattasaurus - shoproxstore - Shopify,direct_to_consumer,fulfilled,2026-09-11,2026-09-13,2026-09-11,PA2,OnTrac,2,1,16.9,2.22,0.0,19.12,shipmonk_estimate,USD
251638,7646391959862,Cattasaurus - shoproxstore - Shopify,direct_to_consumer,onhold,2026-09-11,,2026-09-11,PA2,ShipMonk,3,0,12.64,3.16,0.0,15.8,shipmonk_estimate,USD
251639,7646395171126,Cattasaurus - shoproxstore - Shopify,direct_to_consumer,fulfilled,2026-09-11,2026-09-13,2026-09-11,NV3,OnTrac,1,1,17.24,1.9,0.0,19.14,shipmonk_estimate,USD
251640,7646402085174,Cattasaurus - shoproxstore - Shopify,direct_to_consumer,fulfilled,2026-09-11,2026-09-12,2026-09-11,NV3,OnTrac,1,1,12.64,1.9,0.0,14.54,shipmonk_estimate,USD
251641,7646403887414,Cattasaurus - shoproxstore - Shopify,direct_to_consumer,fulfilled,2026-09-11,2026-09-13,2026-09-11,PA2,FedEx,2,1,17.24,2.22,0.0,19.46,shipmonk_estimate,USD
251642,7646434623798,Cattasaurus - shoproxstore - Shopify,direct_to_consumer,onhold,2026-09-11,,2026-09-11,NV3,ShipMonk,2,0,23.1,3.16,0.0,26.26,shipmonk_estimate,USD
251643,7646443602230,Cattasaurus - shoproxstore - Shopify,direct_to_consumer,fulfilled,2026-09-11,2026-09-12,2026-09-11,PA2,OnTrac,2,1,18.3,2.22,0.0,20.52,shipmonk_estimate,USD
251644,7646456709430,Cattasaurus - shoproxstore - Shopify,direct_to_consumer,onhold,2026-09-11,,2026-09-11,PA2,ShipMonk,2,0,16.9,3.16,0.0,20.06,shipmonk_estimate,USD
251645,7646457823542,Cattasaurus - shoproxstore - Shopify,direct_to_consumer,fulfilled,2026-09-11,2026-09-12,2026-09-11,PA2,OnTrac,2,1,12.64,2.22,0.0,14.86,shipmonk_estimate,USD
251646,7646466998582,Cattasaurus - shoproxstore - Shopify,direct_to_consumer,fulfilled,2026-09-11,2026-09-12,2026-09-11,NV3,OnTrac,1,1,23.49,1.9,0.0,25.39,shipmonk_estimate,USD
251647,7646477386038,Cattasaurus - shoproxstore - Shopify,direct_to_consumer,fulfilled,2026-09-11,2026-09-12,2026-09-11,NV3,OnTrac,2,1,18.3,2.22,0.0,20.52,shipmonk_estimate,USD
251649,7646495768886,Cattasaurus - shoproxstore - Shopify,direct_to_consumer,fulfilled,2026-09-11,2026-09-12,2026-09-11,PA2,OnTrac,1,1,12.64,1.9,0.0,14.54,shipmonk_estimate,USD
251650,7646501798198,Cattasaurus - shoproxstore - Shopify,direct_to_consumer,onhold,2026-09-11,,2026-09-11,NV3,ShipMonk,2,0,11.75,3.16,0.0,14.91,shipmonk_estimate,USD
251651,7646514905398,Cattasaurus - shoproxstore - Shopify,direct_to_consumer,fulfilled,2026-09-11,2026-09-12,2026-09-11,NV3,OnTrac,1,1,23.49,1.9,0.0,25.39,shipmonk_estimate,USD
251652,7646535647542,Cattasaurus - shoproxstore - Shopify,direct_to_consumer,fulfilled,2026-09-11,2026-09-12,2026-09-11,PA2,Cirro,1,1,9.33,1.58,0.0,10.91,shipmonk_estimate,USD
251653,7646549639478,Cattasaurus - shoproxstore - Shopify,direct_to_consumer,onhold,2026-09-11,,2026-09-11,PA2,unknown,2,0,0.0,3.16,0.0,3.16,shipmonk_estimate,USD
251654,7646594138422,Cattasaurus - shoproxstore - Shopify,direct_to_consumer,fulfilled,2026-09-11,2026-09-13,2026-09-11,PA2,UPS,2,1,19.02,2.22,0.0,21.24,shipmonk_estimate,USD
251655,7646597579062,Cattasaurus - shoproxstore - Shopify,direct_to_consumer,onhold,2026-09-11,,2026-09-11,NV3,ShipMonk,2,0,18.3,3.16,0.0,21.46,shipmonk_estimate,USD
251656,7646602264886,Cattasaurus - shoproxstore - Shopify,direct_to_consumer,onhold,2026-09-11,,2026-09-11,NV3,ShipMonk,3,0,33.8,3.16,0.0,36.96,shipmonk_estimate,USD
251657,7646611833142,Cattasaurus - shoproxstore - Shopify,direct_to_consumer,onhold,2026-09-11,,2026-09-11,PA2,ShipMonk,2,0,12.64,3.16,0.0,15.8,shipmonk_estimate,USD
251658,7646623891766,Cattasaurus - shoproxstore - Shopify,direct_to_consumer,onhold,2026-09-11,,2026-09-11,PA2,ShipMonk,2,0,11.75,3.16,0.0,14.91,shipmonk_estimate,USD
251660,7646666031414,Cattasaurus - shoproxstore - Shopify,direct_to_consumer,onhold,2026-09-11,,2026-09-11,PA2,ShipMonk,3,0,15.17,3.16,0.0,18.33,shipmonk_estimate,USD
251661,7646699356470,Cattasaurus - shoproxstore - Shopify,direct_to_consumer,onhold,2026-09-11,,2026-09-11,NV3,ShipMonk,2,0,33.8,3.16,0.0,36.96,shipmonk_estimate,USD
251662,7646700929334,Cattasaurus - shoproxstore - Shopify,direct_to_consumer,fulfilled,2026-09-11,2026-09-12,2026-09-11,NV3,OnTrac,1,1,23.49,1.9,0.0,25.39,shipmonk_estimate,USD
251663,7646713839926,Cattasaurus - shoproxstore - Shopify,direct_to_consumer,fulfilled,2026-09-11,2026-09-13,2026-09-11,PA2,FedEx,2,1,20.53,2.22,0.0,22.75,shipmonk_estimate,USD
251664,7646715871542,Cattasaurus - shoproxstore - Shopify,direct_to_consumer,onhold,2026-09-11,,2026-09-11,PA2,ShipMonk,1,0,20.53,1.58,0.0,22.11,shipmonk_estimate,USD
251665,7646716821814,Cattasaurus - shoproxstore - Shopify,direct_to_consumer,fulfilled,2026-09-11,2026-09-12,2026-09-11,NV3,Cirro,1,1,11.75,1.9,0.0,13.65,shipmonk_estimate,USD
251666,7646724030774,Cattasaurus - shoproxstore - Shopify,direct_to_consumer,fulfilled,2026-09-11,2026-09-12,2026-09-11,NV3,OnTrac,2,1,11.75,2.22,0.0,13.97,shipmonk_estimate,USD
251667,7646732058934,Cattasaurus - shoproxstore - Shopify,direct_to_consumer,onhold,2026-09-11,,2026-09-11,NV3,ShipMonk,2,0,24.74,1.58,0.0,26.32,shipmonk_estimate,USD
251668,7646757028150,Cattasaurus - shoproxstore - Shopify,direct_to_consumer,fulfilled,2026-09-11,2026-09-12,2026-09-11,NV3,OnTrac,1,1,12.64,1.9,0.0,14.54,shipmonk_estimate,USD
251669,7646766399798,Cattasaurus - shoproxstore - Shopify,direct_to_consumer,fulfilled,2026-09-11,2026-09-12,2026-09-11,PA2,DHL eCommerce,1,1,9.21,1.58,0.0,10.79,shipmonk_estimate,USD
251670,7646774493494,Cattasaurus - shoproxstore - Shopify,direct_to_consumer,fulfilled,2026-09-11,2026-09-13,2026-09-11,PA2,OnTrac,2,1,20.53,2.22,0.0,22.75,shipmonk_estimate,USD
251671,7646786355510,Cattasaurus - shoproxstore - Shopify,direct_to_consumer,fulfilled,2026-09-11,2026-09-13,2026-09-11,NV3,FedEx,2,1,20.53,2.22,0.0,22.75,shipmonk_estimate,USD
251672,7646792810806,Cattasaurus - shoproxstore - Shopify,direct_to_consumer,fulfilled,2026-09-11,2026-09-13,2026-09-11,PA2,UPS,2,1,22.31,2.22,0.0,24.53,shipmonk_estimate,USD
251673,7646815453494,Cattasaurus - shoproxstore - Shopify,direct_to_consumer,onhold,2026-09-11,,2026-09-11,PA2,ShipMonk,2,0,16.9,3.16,0.0,20.06,shipmonk_estimate,USD
251674,7646830526774,Cattasaurus - shoproxstore - Shopify,direct_to_consumer,fulfilled,2026-09-11,2026-09-13,2026-09-11,NV3,FedEx,4,1,12.64,2.86,0.0,15.5,shipmonk_estimate,USD
251675,7646848811318,Cattasaurus - shoproxstore - Shopify,direct_to_consumer,fulfilled,2026-09-11,2026-09-13,2026-09-11,PA2,FedEx,1,1,15.17,1.9,0.0,17.07,shipmonk_estimate,USD
251676,7646881775926,Cattasaurus - shoproxstore - Shopify,direct_to_consumer,fulfilled,2026-09-11,2026-09-13,2026-09-11,NV3,OnTrac,2,1,24.74,2.22,0.0,26.96,shipmonk_estimate,USD
251677,7646886592822,Cattasaurus - shoproxstore - Shopify,direct_to_consumer,fulfilled,2026-09-11,2026-09-13,2026-09-11,NV3,UPS,2,1,26.52,2.22,0.0,28.74,shipmonk_estimate,USD
251678,7646907105590,Cattasaurus - shoproxstore - Shopify,direct_to_consumer,onhold,2026-09-11,,2026-09-11,NV3,ShipMonk,2,0,24.74,3.16,0.0,27.9,shipmonk_estimate,USD
251679,7646935417142,Cattasaurus - shoproxstore - Shopify,direct_to_consumer,fulfilled,2026-09-11,2026-09-12,2026-09-11,NV3,OnTrac,2,1,15.17,2.22,0.0,17.39,shipmonk_estimate,USD
251680,7646940070198,Cattasaurus - shoproxstore - Shopify,direct_to_consumer,fulfilled,2026-09-11,2026-09-14,2026-09-11,PA2,OnTrac,2,1,20.53,2.22,0.0,22.75,shipmonk_estimate,USD
251680_1,5028a6c6-80f2-459a-bdf0-44ed15988019,Cattasaurus - shoproxstore - Shopify,direct_to_consumer,fulfilled,2026-09-11,2026-09-14,2026-09-11,PA2,OnTrac,3,1,20.53,2.54,0.0,23.07,shipmonk_estimate,USD
251681,7646948655414,Cattasaurus - shoproxstore - Shopify,direct_to_consumer,fulfilled,2026-09-11,2026-09-13,2026-09-11,NV3,OnTrac,2,1,29.18,2.22,0.0,31.4,shipmonk_estimate,USD
251682,7646966350134,Cattasaurus - shoproxstore - Shopify,direct_to_consumer,fulfilled,2026-09-11,2026-09-12,2026-09-11,NV3,OnTrac,2,1,15.17,2.22,0.0,17.39,shipmonk_estimate,USD
251683,7646966612278,Cattasaurus - shoproxstore - Shopify,direct_to_consumer,fulfilled,2026-09-11,2026-09-13,2026-09-11,PA2,OnTrac,2,1,16.95,2.22,0.0,19.17,shipmonk_estimate,USD
251684,7646967497014,Cattasaurus - shoproxstore - Shopify,direct_to_consumer,fulfilled,2026-09-11,2026-09-13,2026-09-11,PA2,OnTrac,1,1,22.93,2.54,0.0,25.47,shipmonk_estimate,USD
251685,7646971789622,Cattasaurus - shoproxstore - Shopify,direct_to_consumer,fulfilled,2026-09-11,2026-09-12,2026-09-11,NV3,FedEx,2,1,18.3,2.22,0.0,20.52,shipmonk_estimate,USD
251686,7646990008630,Cattasaurus - shoproxstore - Shopify,direct_to_consumer,fulfilled,2026-09-11,2026-09-13,2026-09-11,NV3,UPS,3,1,22.31,3.18,0.0,25.49,shipmonk_estimate,USD
251687,7646992761142,Cattasaurus - shoproxstore - Shopify,direct_to_consumer,fulfilled,2026-09-11,2026-09-12,2026-09-11,NV3,UPS,2,1,20.08,2.22,0.0,22.3,shipmonk_estimate,USD
251688,7647019729206,Cattasaurus - shoproxstore - Shopify,direct_to_consumer,fulfilled,2026-09-11,2026-09-13,2026-09-11,NV3,UPS,2,1,26.52,2.22,0.0,28.74,shipmonk_estimate,USD
251689,7647021891894,Cattasaurus - shoproxstore - Shopify,direct_to_consumer,onhold,2026-09-11,,2026-09-11,NV3,ShipMonk,2,0,12.64,3.16,0.0,15.8,shipmonk_estimate,USD
251690,7647046598966,Cattasaurus - shoproxstore - Shopify,direct_to_consumer,onhold,2026-09-11,,2026-09-11,PA2,ShipMonk,2,0,14.42,3.16,0.0,17.58,shipmonk_estimate,USD
251691,7647048761654,Cattasaurus - shoproxstore - Shopify,direct_to_consumer,fulfilled,2026-09-11,2026-09-13,2026-09-11,NV3,OnTrac,2,1,17.24,2.22,0.0,19.46,shipmonk_estimate,USD
251692,7647121310006,Cattasaurus - shoproxstore - Shopify,direct_to_consumer,fulfilled,2026-09-11,2026-09-13,2026-09-11,NV3,OnTrac,2,1,17.24,2.22,0.0,19.46,shipmonk_estimate,USD
251693,7647122456886,Cattasaurus - shoproxstore - Shopify,direct_to_consumer,onhold,2026-09-11,,2026-09-11,NV3,ShipMonk,1,0,20.53,3.16,0.0,23.69,shipmonk_estimate,USD
251694,7647130255670,Cattasaurus - shoproxstore - Shopify,direct_to_consumer,fulfilled,2026-09-11,2026-09-13,2026-09-11,PA2,OnTrac,1,1,15.12,1.9,0.0,17.02,shipmonk_estimate,USD
251695,7647150702902,Cattasaurus - shoproxstore - Shopify,direct_to_consumer,fulfilled,2026-09-11,2026-09-13,2026-09-11,NV3,Cirro,2,1,11.75,2.22,0.0,13.97,shipmonk_estimate,USD
251696,7647150965046,Cattasaurus - shoproxstore - Shopify,direct_to_consumer,fulfilled,2026-09-11,2026-09-14,2026-09-11,PA2,UPS,3,1,19.02,2.54,0.0,21.56,shipmonk_estimate,USD
251696_1,fdc388cd-e981-460f-9a23-e7662d65b1c6,Cattasaurus - shoproxstore - Shopify,direct_to_consumer,fulfilled,2026-09-11,2026-09-14,2026-09-11,PA2,UPS,3,1,19.02,2.54,0.0,21.56,shipmonk_estimate,USD
251697,7647151227190,Cattasaurus - shoproxstore - Shopify,direct_to_consumer,fulfilled,2026-09-11,2026-09-13,2026-09-11,NV3,UPS,2,1,22.31,2.22,0.0,24.53,shipmonk_estimate,USD
251699,7647163023670,Cattasaurus - shoproxstore - Shopify,direct_to_consumer,onhold,2026-09-11,,2026-09-11,PA2,ShipMonk,2,0,20.53,3.16,0.0,23.69,shipmonk_estimate,USD
251700,7647180783926,Cattasaurus - shoproxstore - Shopify,direct_to_consumer,fulfilled,2026-09-11,2026-09-13,2026-09-11,NV3,OnTrac,4,1,23.49,2.86,0.0,26.35,shipmonk_estimate,USD
251701,7647196021046,Cattasaurus - shoproxstore - Shopify,direct_to_consumer,fulfilled,2026-09-11,2026-09-13,2026-09-11,PA2,FedEx,2,1,15.17,2.22,0.0,17.39,shipmonk_estimate,USD
251702,7647201558838,Cattasaurus - shoproxstore - Shopify,direct_to_consumer,onhold,2026-09-11,,2026-09-11,NV3,ShipMonk,5,0,28.91,4.74,0.0,33.65,shipmonk_estimate,USD
251703,7647240618294,Cattasaurus - shoproxstore - Shopify,direct_to_consumer,fulfilled,2026-09-11,2026-09-13,2026-09-11,NV3,OnTrac,2,1,22.93,2.22,0.0,25.15,shipmonk_estimate,USD
251704,7647244845366,Cattasaurus - shoproxstore - Shopify,direct_to_consumer,onhold,2026-09-11,,2026-09-11,NV3,ShipMonk,2,0,18.3,8.41,0.0,26.71,shipmonk_estimate,USD
251705,7647245762870,Cattasaurus - shoproxstore - Shopify,direct_to_consumer,fulfilled,2026-09-11,2026-09-13,2026-09-11,PA2,UPS,2,1,22.31,2.22,0.0,24.53,shipmonk_estimate,USD
251706,7647257788726,Cattasaurus - shoproxstore - Shopify,direct_to_consumer,fulfilled,2026-09-11,2026-09-14,2026-09-11,NV3,OnTrac,2,1,33.8,2.22,0.0,36.02,shipmonk_estimate,USD
251707,7647268995382,Cattasaurus - shoproxstore - Shopify,direct_to_consumer,fulfilled,2026-09-11,2026-09-13,2026-09-11,PA2,UPS,2,1,19.02,2.22,0.0,21.24,shipmonk_estimate,USD
251708,7647281054006,Cattasaurus - shoproxstore - Shopify,direct_to_consumer,fulfilled,2026-09-11,2026-09-13,2026-09-11,NV3,Cirro,2,1,11.75,2.22,0.0,13.97,shipmonk_estimate,USD
251709,7647291146550,Cattasaurus - shoproxstore - Shopify,direct_to_consumer,fulfilled,2026-09-11,2026-09-14,2026-09-11,NV3,UPS,3,2,33.9,4.44,0.0,38.34,shipmonk_estimate,USD
251710,7647303237942,Cattasaurus - shoproxstore - Shopify,direct_to_consumer,fulfilled,2026-09-11,2026-09-13,2026-09-11,NV3,OnTrac,2,1,16.9,2.22,0.0,19.12,shipmonk_estimate,USD
251711,7647321391414,Cattasaurus - shoproxstore - Shopify,direct_to_consumer,fulfilled,2026-09-11,2026-09-13,2026-09-11,PA2,FedEx,1,1,15.17,1.9,0.0,17.07,shipmonk_estimate,USD
251712,7647324078390,Cattasaurus - shoproxstore - Shopify,direct_to_consumer,fulfilled,2026-09-11,2026-09-13,2026-09-11,NV3,Cirro,2,1,11.75,2.22,0.0,13.97,shipmonk_estimate,USD
251713,7647371067702,Cattasaurus - shoproxstore - Shopify,direct_to_consumer,fulfilled,2026-09-11,2026-09-13,2026-09-11,NV3,OnTrac,2,1,18.3,2.22,0.0,20.52,shipmonk_estimate,USD
251714,7647375720758,Cattasaurus - shoproxstore - Shopify,direct_to_consumer,fulfilled,2026-09-11,2026-09-13,2026-09-11,NV3,UPS,2,1,24.71,2.22,0.0,26.93,shipmonk_estimate,USD
251715,7647392629046,Cattasaurus - shoproxstore - Shopify,direct_to_consumer,fulfilled,2026-09-11,2026-09-13,2026-09-11,NV3,OnTrac,2,1,25.27,2.22,0.0,27.49,shipmonk_estimate,USD
251716,7647402688822,Cattasaurus - shoproxstore - Shopify,direct_to_consumer,fulfilled,2026-09-11,2026-09-13,2026-09-11,NV3,OnTrac,1,1,20.53,1.9,0.0,22.43,shipmonk_estimate,USD
251717,7647402852662,Cattasaurus - shoproxstore - Shopify,direct_to_consumer,fulfilled,2026-09-11,2026-09-13,2026-09-11,NV3,UPS,3,1,22.31,2.54,0.0,24.85,shipmonk_estimate,USD
251718,7647404163382,Cattasaurus - shoproxstore - Shopify,direct_to_consumer,fulfilled,2026-09-11,2026-09-13,2026-09-11,PA2,UPS,2,1,19.02,2.22,0.0,21.24,shipmonk_estimate,USD
251719,7647407735094,Cattasaurus - shoproxstore - Shopify,direct_to_consumer,fulfilled,2026-09-11,2026-09-13,2026-09-11,NV3,OnTrac,2,1,15.17,2.22,0.0,17.39,shipmonk_estimate,USD
251720,7647417762102,Cattasaurus - shoproxstore - Shopify,direct_to_consumer,fulfilled,2026-09-11,2026-09-13,2026-09-11,PA2,UPS,2,1,16.95,2.22,0.0,19.17,shipmonk_estimate,USD
251721,7647420416310,Cattasaurus - shoproxstore - Shopify,direct_to_consumer,fulfilled,2026-09-11,2026-09-13,2026-09-11,NV3,UPS,3,1,18.54,2.86,0.0,21.4,shipmonk_estimate,USD
251722,7647422972214,Cattasaurus - shoproxstore - Shopify,direct_to_consumer,fulfilled,2026-09-11,2026-09-13,2026-09-11,NV3,OnTrac,1,1,25.27,1.9,0.0,27.17,shipmonk_estimate,USD
251723,7647423693110,Cattasaurus - shoproxstore - Shopify,direct_to_consumer,fulfilled,2026-09-11,2026-09-13,2026-09-11,NV3,OnTrac,2,1,18.3,2.22,0.0,20.52,shipmonk_estimate,USD
251724,7647430902070,Cattasaurus - shoproxstore - Shopify,direct_to_consumer,onhold,2026-09-11,,2026-09-11,PA2,ShipMonk,3,0,0.0,6.32,0.0,6.32,shipmonk_estimate,USD
251725,7647439159606,Cattasaurus - shoproxstore - Shopify,direct_to_consumer,onhold,2026-09-11,,2026-09-11,PA2,ShipMonk,2,0,22.31,3.16,0.0,25.47,shipmonk_estimate,USD
251726,7647470649654,Cattasaurus - shoproxstore - Shopify,direct_to_consumer,onhold,2026-09-11,,2026-09-11,PA2,ShipMonk,2,0,20.53,3.16,0.0,23.69,shipmonk_estimate,USD
251727,7647472615734,Cattasaurus - shoproxstore - Shopify,direct_to_consumer,fulfilled,2026-09-11,2026-09-14,2026-09-11,NV3,OnTrac,2,1,30.96,2.22,0.0,33.18,shipmonk_estimate,USD
251728,7647487263030,Cattasaurus - shoproxstore - Shopify,direct_to_consumer,onhold,2026-09-11,,2026-09-11,NV3,ShipMonk,10,0,0.0,12.96,0.0,12.96,shipmonk_estimate,USD
251729,7647493390646,Cattasaurus - shoproxstore - Shopify,direct_to_consumer,fulfilled,2026-09-11,2026-09-13,2026-09-11,PA2,OnTrac,3,1,19.14,2.54,0.0,21.68,shipmonk_estimate,USD
251730,7647529828662,Cattasaurus - shoproxstore - Shopify,direct_to_consumer,onhold,2026-09-11,,2026-09-11,PA2,ShipMonk,2,0,22.31,3.16,0.0,25.47,shipmonk_estimate,USD
251731,7647540937014,Cattasaurus - shoproxstore - Shopify,direct_to_consumer,fulfilled,2026-09-11,2026-09-13,2026-09-11,NV3,OnTrac,2,1,29.18,2.22,0.0,31.4,shipmonk_estimate,USD
251732,7647554011446,Cattasaurus - shoproxstore - Shopify,direct_to_consumer,fulfilled,2026-09-11,2026-09-13,2026-09-11,NV3,UPS,2,1,25.12,2.22,0.0,27.34,shipmonk_estimate,USD
251733,7647558762806,Cattasaurus - shoproxstore - Shopify,direct_to_consumer,fulfilled,2026-09-11,2026-09-13,2026-09-11,NV3,UPS,2,1,23.1,2.22,0.0,25.32,shipmonk_estimate,USD
251734,7647574393142,Cattasaurus - shoproxstore - Shopify,direct_to_consumer,fulfilled,2026-09-11,2026-09-13,2026-09-11,NV3,OnTrac,2,1,29.18,2.22,0.0,31.4,shipmonk_estimate,USD
251735,7647613387062,Cattasaurus - shoproxstore - Shopify,direct_to_consumer,onhold,2026-09-11,,2026-09-11,PA2,ShipMonk,2,0,16.9,3.16,0.0,20.06,shipmonk_estimate,USD
251736,7647639798070,Cattasaurus - shoproxstore - Shopify,direct_to_consumer,onhold,2026-09-11,,2026-09-11,NV3,ShipMonk,2,0,23.49,8.41,0.0,31.9,shipmonk_estimate,USD
251737,7647642321206,Cattasaurus - shoproxstore - Shopify,direct_to_consumer,fulfilled,2026-09-11,2026-09-13,2026-09-11,PA2,OnTrac,2,1,12.64,2.22,0.0,14.86,shipmonk_estimate,USD
251738,7647657623862,Cattasaurus - shoproxstore - Shopify,direct_to_consumer,fulfilled,2026-09-11,2026-09-14,2026-09-11,PA2,OnTrac,3,1,20.53,2.54,0.0,23.07,shipmonk_estimate,USD
251738_1,232fc9fd-0feb-4fbd-ac99-1c92ea893a38,Cattasaurus - shoproxstore - Shopify,direct_to_consumer,fulfilled,2026-09-11,2026-09-14,2026-09-11,PA2,OnTrac,1,1,21.21,7.88,0.0,29.09,shipmonk_estimate,USD
251738_2,9aaa7552-8d27-4215-82a0-07ad4aade3eb,Cattasaurus - shoproxstore - Shopify,direct_to_consumer,fulfilled,2026-09-11,2026-09-14,2026-09-11,PA2,OnTrac,2,1,20.53,2.22,0.0,22.75,shipmonk_estimate,USD
251739,7647665979702,Cattasaurus - shoproxstore - Shopify,direct_to_consumer,fulfilled,2026-09-11,2026-09-13,2026-09-11,NV3,Cirro,3,1,11.21,2.54,0.0,13.75,shipmonk_estimate,USD
251740,7647667650870,Cattasaurus - shoproxstore - Shopify,direct_to_consumer,fulfilled,2026-09-11,2026-09-13,2026-09-11,NV3,OnTrac,2,1,21.31,2.22,0.0,23.53,shipmonk_estimate,USD
251741,7647707267382,Cattasaurus - shoproxstore - Shopify,direct_to_consumer,fulfilled,2026-09-11,2026-09-13,2026-09-11,PA2,UPS,2,1,22.31,2.22,0.0,24.53,shipmonk_estimate,USD
251742,7647716245814,Cattasaurus - shoproxstore - Shopify,direct_to_consumer,fulfilled,2026-09-11,2026-09-13,2026-09-11,PA2,FedEx,3,1,20.53,2.54,0.0,23.07,shipmonk_estimate,USD
251743,7647724667190,Cattasaurus - shoproxstore - Shopify,direct_to_consumer,fulfilled,2026-09-11,2026-09-12,2026-09-11,NV3,UPS,2,1,25.27,2.22,0.0,27.49,shipmonk_estimate,USD
251744,7647726174518,Cattasaurus - shoproxstore - Shopify,direct_to_consumer,fulfilled,2026-09-11,2026-09-13,2026-09-11,NV3,Cirro,1,1,11.34,1.9,0.0,13.24,shipmonk_estimate,USD
251745,7647733219638,Cattasaurus - shoproxstore - Shopify,direct_to_consumer,onhold,2026-09-11,,2026-09-11,NV3,ShipMonk,2,0,26.52,3.16,0.0,29.68,shipmonk_estimate,USD
251746,7647735382326,Cattasaurus - shoproxstore - Shopify,direct_to_consumer,fulfilled,2026-09-11,2026-09-13,2026-09-11,PA2,UPS,2,1,12.17,2.22,0.0,14.39,shipmonk_estimate,USD
251747,7647740625206,Cattasaurus - shoproxstore - Shopify,direct_to_consumer,onhold,2026-09-11,,2026-09-11,NV3,ShipMonk,2,0,23.49,3.16,0.0,26.65,shipmonk_estimate,USD
251748,7647756058934,Cattasaurus - shoproxstore - Shopify,direct_to_consumer,onhold,2026-09-11,,2026-09-11,NV3,ShipMonk,2,0,23.49,3.16,0.0,26.65,shipmonk_estimate,USD
251749,7647758385462,Cattasaurus - shoproxstore - Shopify,direct_to_consumer,fulfilled,2026-09-11,2026-09-13,2026-09-11,NV3,OnTrac,3,1,24.74,3.18,0.0,27.92,shipmonk_estimate,USD
251750,7647765627190,Cattasaurus - shoproxstore - Shopify,direct_to_consumer,fulfilled,2026-09-11,2026-09-13,2026-09-11,PA2,Cirro,2,1,16.95,2.22,0.0,19.17,shipmonk_estimate,USD
251751,7647778505014,Cattasaurus - shoproxstore - Shopify,direct_to_consumer,fulfilled,2026-09-11,2026-09-14,2026-09-11,NV3,OnTrac,3,1,30.96,2.54,0.0,33.5,shipmonk_estimate,USD
251752,7647781814582,Cattasaurus - shoproxstore - Shopify,direct_to_consumer,fulfilled,2026-09-11,2026-09-13,2026-09-11,NV3,UPS,2,1,26.52,2.22,0.0,28.74,shipmonk_estimate,USD
251753,7647791218998,Cattasaurus - shoproxstore - Shopify,direct_to_consumer,fulfilled,2026-09-11,2026-09-13,2026-09-11,NV3,OnTrac,1,1,12.14,1.9,0.0,14.04,shipmonk_estimate,USD
251754,7647798985014,Cattasaurus - shoproxstore - Shopify,direct_to_consumer,fulfilled,2026-09-11,2026-09-13,2026-09-11,NV3,OnTrac,4,1,17.24,2.86,0.0,20.1,shipmonk_estimate,USD
251755,7647831359798,Cattasaurus - shoproxstore - Shopify,direct_to_consumer,onhold,2026-09-11,,2026-09-11,PA2,ShipMonk,2,0,11.75,3.16,0.0,14.91,shipmonk_estimate,USD
251756,7647900139830,Cattasaurus - shoproxstore - Shopify,direct_to_consumer,fulfilled,2026-09-11,2026-09-13,2026-09-11,NV3,OnTrac,2,1,11.75,2.22,0.0,13.97,shipmonk_estimate,USD
251757,7647902925110,Cattasaurus - shoproxstore - Shopify,direct_to_consumer,onhold,2026-09-11,,2026-09-11,NV3,ShipMonk,5,0,0.0,7.9,0.0,7.9,shipmonk_estimate,USD
251758,7647910789430,Cattasaurus - shoproxstore - Shopify,direct_to_consumer,fulfilled,2026-09-11,2026-09-13,2026-09-11,PA2,OnTrac,2,1,12.64,2.22,0.0,14.86,shipmonk_estimate,USD
251759,7648049004854,Cattasaurus - shoproxstore - Shopify,direct_to_consumer,onhold,2026-09-11,,2026-09-11,NV3,ShipMonk,2,0,12.64,8.41,0.0,21.05,shipmonk_estimate,USD
577559013317710416-01,041e8cb0-adb6-4d85-bde5-b474c6fb07d9,Cattasaurus - Manual Store,direct_to_consumer,fulfilled,2026-09-11,2026-09-11,2026-09-11,NV3,OnTrac,1,1,23.1,1.9,0.0,25.0,shipmonk_estimate,USD
200015265106126,129125658440297,Cattasaurus - Walmart,direct_to_consumer,fulfilled,2026-09-12,2026-09-13,2026-09-12,NV3,FedEx,1,1,23.49,1.9,0.0,25.39,shipmonk_estimate,USD
239429-01,856479ff-ae7b-4a49-88d9-aa369c5bdb99,Cattasaurus - shoproxstore - Shopify,direct_to_consumer,fulfilled,2026-09-12,2026-09-13,2026-09-12,NV3,FedEx,2,1,14.57,2.86,0.0,17.43,shipmonk_estimate,USD
251760,7648132694326,Cattasaurus - shoproxstore - Shopify,direct_to_consumer,fulfilled,2026-09-12,2026-09-13,2026-09-12,NV3,OnTrac,2,1,23.49,2.22,0.0,25.71,shipmonk_estimate,USD
251766,7648360005942,Cattasaurus - shoproxstore - Shopify,direct_to_consumer,fulfilled,2026-09-12,2026-09-14,2026-09-12,NV3,OnTrac,1,1,33.8,1.9,0.0,35.7,shipmonk_estimate,USD
251767,7648360038710,Cattasaurus - shoproxstore - Shopify,direct_to_consumer,fulfilled,2026-09-12,2026-09-13,2026-09-12,PA2,FedEx,3,1,15.12,2.54,0.0,17.66,shipmonk_estimate,USD
251768,7648367444278,Cattasaurus - shoproxstore - Shopify,direct_to_consumer,fulfilled,2026-09-12,2026-09-13,2026-09-12,PA2,UPS,2,1,16.95,2.22,0.0,19.17,shipmonk_estimate,USD
251769,7648399851830,Cattasaurus - shoproxstore - Shopify,direct_to_consumer,onhold,2026-09-12,,2026-09-12,NV3,ShipMonk,2,0,21.31,10.5,0.0,31.81,shipmonk_estimate,USD
251770,7648447004982,Cattasaurus - shoproxstore - Shopify,direct_to_consumer,fulfilled,2026-09-12,2026-09-13,2026-09-12,PA2,OnTrac,2,1,20.53,2.22,0.0,22.75,shipmonk_estimate,USD
251771,7648478658870,Cattasaurus - shoproxstore - Shopify,direct_to_consumer,onhold,2026-09-12,,2026-09-12,NV3,ShipMonk,4,0,21.31,3.16,0.0,24.47,shipmonk_estimate,USD
251772,7648481837366,Cattasaurus - shoproxstore - Shopify,direct_to_consumer,fulfilled,2026-09-12,2026-09-13,2026-09-12,PA2,OnTrac,2,1,15.17,2.22,0.0,17.39,shipmonk_estimate,USD
251773,7648485572918,Cattasaurus - shoproxstore - Shopify,direct_to_consumer,fulfilled,2026-09-12,2026-09-13,2026-09-12,NV3,OnTrac,2,1,13.92,2.22,0.0,16.14,shipmonk_estimate,USD
251774,7648495108406,Cattasaurus - shoproxstore - Shopify,direct_to_consumer,fulfilled,2026-09-12,2026-09-13,2026-09-12,NV3,OnTrac,3,1,20.53,2.54,0.0,23.07,shipmonk_estimate,USD
251775,7648501268790,Cattasaurus - shoproxstore - Shopify,direct_to_consumer,fulfilled,2026-09-12,2026-09-13,2026-09-12,PA2,OnTrac,2,1,15.12,2.22,0.0,17.34,shipmonk_estimate,USD
251776,7648507396406,Cattasaurus - shoproxstore - Shopify,direct_to_consumer,onhold,2026-09-12,,2026-09-12,PA2,ShipMonk,2,0,20.53,4.74,0.0,25.27,shipmonk_estimate,USD
251777,7648507822390,Cattasaurus - shoproxstore - Shopify,direct_to_consumer,fulfilled,2026-09-12,2026-09-13,2026-09-12,PA2,OnTrac,3,1,15.12,3.18,0.0,18.3,shipmonk_estimate,USD
251779,7648536330550,Cattasaurus - shoproxstore - Shopify,direct_to_consumer,fulfilled,2026-09-12,2026-09-13,2026-09-12,PA2,OnTrac,3,1,15.17,2.54,0.0,17.71,shipmonk_estimate,USD
251780,7648550191414,Cattasaurus - shoproxstore - Shopify,direct_to_consumer,fulfilled,2026-09-12,2026-09-13,2026-09-12,PA2,OnTrac,2,1,11.75,2.22,0.0,13.97,shipmonk_estimate,USD
251781,7648551698742,Cattasaurus - shoproxstore - Shopify,direct_to_consumer,fulfilled,2026-09-12,2026-09-13,2026-09-12,PA2,OnTrac,2,1,11.75,2.22,0.0,13.97,shipmonk_estimate,USD
251782,7648569524534,Cattasaurus - shoproxstore - Shopify,direct_to_consumer,fulfilled,2026-09-12,2026-09-13,2026-09-12,PA2,OnTrac,3,1,10.38,3.18,0.0,13.56,shipmonk_estimate,USD
251783,7648580763958,Cattasaurus - shoproxstore - Shopify,direct_to_consumer,onhold,2026-09-12,,2026-09-12,NV3,ShipMonk,2,0,16.95,8.41,0.0,25.36,shipmonk_estimate,USD
251784,7648580895030,Cattasaurus - shoproxstore - Shopify,direct_to_consumer,onhold,2026-09-12,,2026-09-12,PA2,ShipMonk,3,0,12.14,3.16,0.0,15.3,shipmonk_estimate,USD
251785,7648588792118,Cattasaurus - shoproxstore - Shopify,direct_to_consumer,onhold,2026-09-12,,2026-09-12,NV3,ShipMonk,2,0,25.27,4.74,0.0,30.01,shipmonk_estimate,USD
251786,7648595247414,Cattasaurus - shoproxstore - Shopify,direct_to_consumer,fulfilled,2026-09-12,2026-09-13,2026-09-12,NV3,OnTrac,3,1,17.24,2.54,0.0,19.78,shipmonk_estimate,USD
251787,7648601571638,Cattasaurus - shoproxstore - Shopify,direct_to_consumer,onhold,2026-09-12,,2026-09-12,NV3,ShipMonk,2,0,14.42,3.16,0.0,17.58,shipmonk_estimate,USD
251788,7648608649526,Cattasaurus - shoproxstore - Shopify,direct_to_consumer,fulfilled,2026-09-12,2026-09-13,2026-09-12,PA2,OnTrac,2,1,12.64,2.22,0.0,14.86,shipmonk_estimate,USD
251790,7648628670774,Cattasaurus - shoproxstore - Shopify,direct_to_consumer,fulfilled,2026-09-12,2026-09-13,2026-09-12,NV3,UPS,2,1,20.08,2.22,0.0,22.3,shipmonk_estimate,USD
251791,7648663011638,Cattasaurus - shoproxstore - Shopify,direct_to_consumer,fulfilled,2026-09-12,2026-09-13,2026-09-12,NV3,UPS,2,1,20.08,2.22,0.0,22.3,shipmonk_estimate,USD
251792,7648671170870,Cattasaurus - shoproxstore - Shopify,direct_to_consumer,fulfilled,2026-09-12,2026-09-13,2026-09-12,NV3,OnTrac,2,1,20.53,2.22,0.0,22.75,shipmonk_estimate,USD
251793,7648677036342,Cattasaurus - shoproxstore - Shopify,direct_to_consumer,fulfilled,2026-09-12,2026-09-14,2026-09-12,PA2,UPS,1,1,20.92,2.54,0.0,23.46,shipmonk_estimate,USD
251793_1,88e3b885-9ec9-42d3-b8d1-9e6bcdf0dab8,Cattasaurus - shoproxstore - Shopify,direct_to_consumer,fulfilled,2026-09-12,2026-09-14,2026-09-12,PA2,UPS,1,1,20.92,2.54,0.0,23.46,shipmonk_estimate,USD
251794,7648677298486,Cattasaurus - shoproxstore - Shopify,direct_to_consumer,fulfilled,2026-09-12,2026-09-13,2026-09-12,PA2,OnTrac,2,1,19.02,2.22,0.0,21.24,shipmonk_estimate,USD
251795,7648677364022,Cattasaurus - shoproxstore - Shopify,direct_to_consumer,onhold,2026-09-12,,2026-09-12,NV3,ShipMonk,2,0,35.58,3.16,0.0,38.74,shipmonk_estimate,USD
251796,7648689422646,Cattasaurus - shoproxstore - Shopify,direct_to_consumer,fulfilled,2026-09-12,2026-09-13,2026-09-12,PA2,OnTrac,2,1,11.75,2.22,0.0,13.97,shipmonk_estimate,USD
251797,7648690667830,Cattasaurus - shoproxstore - Shopify,direct_to_consumer,onhold,2026-09-12,,2026-09-12,NV3,ShipMonk,2,0,21.31,4.74,0.0,26.05,shipmonk_estimate,USD
251798,7648702923062,Cattasaurus - shoproxstore - Shopify,direct_to_consumer,onhold,2026-09-12,,2026-09-12,PA2,ShipMonk,2,0,16.9,3.16,0.0,20.06,shipmonk_estimate,USD
251799,7648712393014,Cattasaurus - shoproxstore - Shopify,direct_to_consumer,onhold,2026-09-12,,2026-09-12,NV3,ShipMonk,3,0,35.58,3.16,0.0,38.74,shipmonk_estimate,USD
251800,7648734183734,Cattasaurus - shoproxstore - Shopify,direct_to_consumer,fulfilled,2026-09-12,2026-09-13,2026-09-12,NV3,OnTrac,1,1,13.92,1.9,0.0,15.82,shipmonk_estimate,USD
251801,7648734806326,Cattasaurus - shoproxstore - Shopify,direct_to_consumer,fulfilled,2026-09-12,2026-09-13,2026-09-12,NV3,OnTrac,2,1,23.49,2.22,0.0,25.71,shipmonk_estimate,USD
251802,7648738738486,Cattasaurus - shoproxstore - Shopify,direct_to_consumer,fulfilled,2026-09-12,2026-09-13,2026-09-12,PA2,OnTrac,2,1,17.24,2.22,0.0,19.46,shipmonk_estimate,USD
251803,7648770359606,Cattasaurus - shoproxstore - Shopify,direct_to_consumer,fulfilled,2026-09-12,2026-09-13,2026-09-12,PA2,UPS,2,1,26.52,2.22,0.0,28.74,shipmonk_estimate,USD
251804,7648777044278,Cattasaurus - shoproxstore - Shopify,direct_to_consumer,fulfilled,2026-09-12,2026-09-13,2026-09-12,PA2,OnTrac,2,1,12.64,2.22,0.0,14.86,shipmonk_estimate,USD
251805,7648786710838,Cattasaurus - shoproxstore - Shopify,direct_to_consumer,fulfilled,2026-09-12,2026-09-13,2026-09-12,NV3,OnTrac,2,1,23.49,2.22,0.0,25.71,shipmonk_estimate,USD
251806,7648796344630,Cattasaurus - shoproxstore - Shopify,direct_to_consumer,onhold,2026-09-12,,2026-09-12,NV3,ShipMonk,2,0,23.1,4.74,0.0,27.84,shipmonk_estimate,USD
251807,7648797917494,Cattasaurus - shoproxstore - Shopify,direct_to_consumer,onhold,2026-09-12,,2026-09-12,PA2,ShipMonk,1,0,10.38,3.16,0.0,13.54,shipmonk_estimate,USD
251808,7648805159222,Cattasaurus - shoproxstore - Shopify,direct_to_consumer,onhold,2026-09-12,,2026-09-12,NV3,ShipMonk,2,0,24.74,3.16,0.0,27.9,shipmonk_estimate,USD
251809,7648805716278,Cattasaurus - shoproxstore - Shopify,direct_to_consumer,fulfilled,2026-09-12,2026-09-13,2026-09-12,NV3,FedEx,1,1,21.26,1.9,0.0,23.16,shipmonk_estimate,USD
251810,7648825180470,Cattasaurus - shoproxstore - Shopify,direct_to_consumer,fulfilled,2026-09-12,2026-09-13,2026-09-12,NV3,OnTrac,1,1,22.49,3.8,0.0,26.29,shipmonk_estimate,USD
251811,7648837894454,Cattasaurus - shoproxstore - Shopify,direct_to_consumer,fulfilled,2026-09-12,2026-09-13,2026-09-12,PA2,UPS,2,1,13.53,2.22,0.0,15.75,shipmonk_estimate,USD
251812,7648850018614,Cattasaurus - shoproxstore - Shopify,direct_to_consumer,fulfilled,2026-09-12,2026-09-13,2026-09-12,PA2,OnTrac,2,1,20.53,2.22,0.0,22.75,shipmonk_estimate,USD
251813,7648854180150,Cattasaurus - shoproxstore - Shopify,direct_to_consumer,fulfilled,2026-09-12,2026-09-13,2026-09-12,PA2,OnTrac,2,1,20.53,2.22,0.0,22.75,shipmonk_estimate,USD
251814,7648862044470,Cattasaurus - shoproxstore - Shopify,direct_to_consumer,fulfilled,2026-09-12,2026-09-13,2026-09-12,NV3,UPS,2,1,16.95,2.22,0.0,19.17,shipmonk_estimate,USD
251815,7648881246518,Cattasaurus - shoproxstore - Shopify,direct_to_consumer,fulfilled,2026-09-12,2026-09-14,2026-09-12,PA2,OnTrac,1,1,21.21,7.88,0.0,29.09,shipmonk_estimate,USD
251816,7648898285878,Cattasaurus - shoproxstore - Shopify,direct_to_consumer,fulfilled,2026-09-12,2026-09-14,2026-09-12,PA2,FedEx,3,2,16.91,4.44,0.0,21.35,shipmonk_estimate,USD
251817,7648900186422,Cattasaurus - shoproxstore - Shopify,direct_to_consumer,fulfilled,2026-09-12,2026-09-13,2026-09-12,NV3,OnTrac,2,1,12.64,2.22,0.0,14.86,shipmonk_estimate,USD
251818,7648920666422,Cattasaurus - shoproxstore - Shopify,direct_to_consumer,fulfilled,2026-09-12,2026-09-13,2026-09-12,NV3,OnTrac,3,1,15.17,2.54,0.0,17.71,shipmonk_estimate,USD
251819,7648963264822,Cattasaurus - shoproxstore - Shopify,direct_to_consumer,fulfilled,2026-09-12,2026-09-13,2026-09-12,NV3,OnTrac,2,1,12.64,2.22,0.0,14.86,shipmonk_estimate,USD
251820,7648966377782,Cattasaurus - shoproxstore - Shopify,direct_to_consumer,fulfilled,2026-09-12,2026-09-13,2026-09-12,NV3,Cirro,2,1,11.75,2.22,0.0,13.97,shipmonk_estimate,USD
251821,7648977387830,Cattasaurus - shoproxstore - Shopify,direct_to_consumer,fulfilled,2026-09-12,2026-09-13,2026-09-12,NV3,UPS,3,2,29.76,4.12,0.0,33.88,shipmonk_estimate,USD
251822,7648984957238,Cattasaurus - shoproxstore - Shopify,direct_to_consumer,fulfilled,2026-09-12,2026-09-13,2026-09-12,PA2,OnTrac,2,1,12.64,2.22,0.0,14.86,shipmonk_estimate,USD
251823,7649011368246,Cattasaurus - shoproxstore - Shopify,direct_to_consumer,fulfilled,2026-09-12,2026-09-13,2026-09-12,PA2,OnTrac,2,1,11.75,2.22,0.0,13.97,shipmonk_estimate,USD
251824,7649031651638,Cattasaurus - shoproxstore - Shopify,direct_to_consumer,fulfilled,2026-09-12,2026-09-14,2026-09-12,PA2,OnTrac,2,1,15.12,2.22,0.0,17.34,shipmonk_estimate,USD
251825,7649045479734,Cattasaurus - shoproxstore - Shopify,direct_to_consumer,onhold,2026-09-12,,2026-09-12,NV3,ShipMonk,3,0,11.75,3.16,0.0,14.91,shipmonk_estimate,USD
251826,7649049706806,Cattasaurus - shoproxstore - Shopify,direct_to_consumer,fulfilled,2026-09-12,2026-09-13,2026-09-12,NV3,FedEx,1,1,15.17,1.9,0.0,17.07,shipmonk_estimate,USD
251827,7649052721462,Cattasaurus - shoproxstore - Shopify,direct_to_consumer,fulfilled,2026-09-12,2026-09-13,2026-09-12,NV3,OnTrac,2,1,23.49,2.22,0.0,25.71,shipmonk_estimate,USD
251828,7649055244598,Cattasaurus - shoproxstore - Shopify,direct_to_consumer,fulfilled,2026-09-12,2026-09-13,2026-09-12,PA2,OnTrac,2,1,15.12,2.22,0.0,17.34,shipmonk_estimate,USD
251829,7649065599286,Cattasaurus - shoproxstore - Shopify,direct_to_consumer,onhold,2026-09-12,,2026-09-12,NV3,ShipMonk,2,0,23.49,4.74,0.0,28.23,shipmonk_estimate,USD
251830,7649065861430,Cattasaurus - shoproxstore - Shopify,direct_to_consumer,fulfilled,2026-09-12,2026-09-13,2026-09-12,PA2,OnTrac,2,1,10.38,2.22,0.0,12.6,shipmonk_estimate,USD
251832,7649085915446,Cattasaurus - shoproxstore - Shopify,direct_to_consumer,fulfilled,2026-09-12,2026-09-13,2026-09-12,NV3,OnTrac,2,1,15.17,2.22,0.0,17.39,shipmonk_estimate,USD
251833,7649090502966,Cattasaurus - shoproxstore - Shopify,direct_to_consumer,fulfilled,2026-09-12,2026-09-13,2026-09-12,NV3,OnTrac,2,1,21.31,2.22,0.0,23.53,shipmonk_estimate,USD
251834,7649103446326,Cattasaurus - shoproxstore - Shopify,direct_to_consumer,fulfilled,2026-09-12,2026-09-13,2026-09-12,NV3,UPS,2,1,16.95,2.22,0.0,19.17,shipmonk_estimate,USD
251835,7649103872310,Cattasaurus - shoproxstore - Shopify,direct_to_consumer,fulfilled,2026-09-12,2026-09-13,2026-09-12,NV3,FedEx,2,1,24.74,2.22,0.0,26.96,shipmonk_estimate,USD
251836,7649118716214,Cattasaurus - shoproxstore - Shopify,direct_to_consumer,fulfilled,2026-09-12,2026-09-13,2026-09-12,NV3,OnTrac,2,1,19.02,2.22,0.0,21.24,shipmonk_estimate,USD
251837,7649125302582,Cattasaurus - shoproxstore - Shopify,direct_to_consumer,fulfilled,2026-09-12,2026-09-14,2026-09-12,PA2,UPS,2,1,22.31,2.22,0.0,24.53,shipmonk_estimate,USD
251838,7649154957622,Cattasaurus - shoproxstore - Shopify,direct_to_consumer,fulfilled,2026-09-12,2026-09-14,2026-09-12,PA2,OnTrac,1,1,15.17,1.9,0.0,17.07,shipmonk_estimate,USD
251839,7649168654646,Cattasaurus - shoproxstore - Shopify,direct_to_consumer,fulfilled,2026-09-12,2026-09-13,2026-09-12,NV3,OnTrac,2,1,13.74,4.12,0.0,17.86,shipmonk_estimate,USD
251840,7649179631926,Cattasaurus - shoproxstore - Shopify,direct_to_consumer,onhold,2026-09-12,,2026-09-12,PA2,ShipMonk,4,0,19.02,3.16,0.0,22.18,shipmonk_estimate,USD
251841,7649186054454,Cattasaurus - shoproxstore - Shopify,direct_to_consumer,fulfilled,2026-09-12,2026-09-13,2026-09-12,NV3,OnTrac,2,1,12.64,2.22,0.0,14.86,shipmonk_estimate,USD
251842,7649208271158,Cattasaurus - shoproxstore - Shopify,direct_to_consumer,fulfilled,2026-09-12,2026-09-13,2026-09-12,NV3,OnTrac,2,1,23.49,2.22,0.0,25.71,shipmonk_estimate,USD
251843,7649221738806,Cattasaurus - shoproxstore - Shopify,direct_to_consumer,onhold,2026-09-12,,2026-09-12,NV3,ShipMonk,2,0,15.17,3.16,0.0,18.33,shipmonk_estimate,USD
251844,7649236582710,Cattasaurus - shoproxstore - Shopify,direct_to_consumer,fulfilled,2026-09-12,2026-09-14,2026-09-12,PA2,OnTrac,2,1,10.38,2.22,0.0,12.6,shipmonk_estimate,USD
251845,7649237336374,Cattasaurus - shoproxstore - Shopify,direct_to_consumer,fulfilled,2026-09-12,2026-09-14,2026-09-12,PA2,OnTrac,2,1,11.75,2.22,0.0,13.97,shipmonk_estimate,USD
251846,7649265451318,Cattasaurus - shoproxstore - Shopify,direct_to_consumer,fulfilled,2026-09-12,2026-09-14,2026-09-12,PA2,FedEx,2,1,11.75,2.22,0.0,13.97,shipmonk_estimate,USD
251846_1,d46221a4-8b6f-49f0-9a1d-680b22f11eb8,Cattasaurus - shoproxstore - Shopify,direct_to_consumer,fulfilled,2026-09-12,2026-09-14,2026-09-12,PA2,FedEx,1,1,11.75,3.82,0.0,15.57,shipmonk_estimate,USD
251847,7649274560822,Cattasaurus - shoproxstore - Shopify,direct_to_consumer,onhold,2026-09-12,,2026-09-12,PA2,ShipMonk,3,0,0.0,4.74,0.0,4.74,shipmonk_estimate,USD
251848,7649281245494,Cattasaurus - shoproxstore - Shopify,direct_to_consumer,fulfilled,2026-09-12,2026-09-14,2026-09-12,PA2,UPS,2,1,16.95,2.22,0.0,19.17,shipmonk_estimate,USD
251848_1,6eb4cd79-3cb4-4dae-b038-77611763b8af,Cattasaurus - shoproxstore - Shopify,direct_to_consumer,fulfilled,2026-09-12,2026-09-14,2026-09-12,PA2,UPS,1,1,16.95,3.82,0.0,20.77,shipmonk_estimate,USD
251849,7649290191158,Cattasaurus - shoproxstore - Shopify,direct_to_consumer,fulfilled,2026-09-12,2026-09-14,2026-09-12,PA2,FedEx,3,1,15.17,2.54,0.0,17.71,shipmonk_estimate,USD
251850,7649306968374,Cattasaurus - shoproxstore - Shopify,direct_to_consumer,fulfilled,2026-09-12,2026-09-13,2026-09-12,NV3,UPS,2,1,23.1,2.22,0.0,25.32,shipmonk_estimate,USD
251851,7649310540086,Cattasaurus - shoproxstore - Shopify,direct_to_consumer,fulfilled,2026-09-12,2026-09-13,2026-09-12,NV3,UPS,2,1,25.27,2.22,0.0,27.49,shipmonk_estimate,USD
251852,7649320075574,Cattasaurus - shoproxstore - Shopify,direct_to_consumer,fulfilled,2026-09-12,2026-09-14,2026-09-12,NV3,UPS,2,1,14.42,2.22,0.0,16.64,shipmonk_estimate,USD
251853,7649359200566,Cattasaurus - shoproxstore - Shopify,direct_to_consumer,onhold,2026-09-12,,2026-09-12,PA2,ShipMonk,2,0,20.53,3.16,0.0,23.69,shipmonk_estimate,USD
251854,7649365426486,Cattasaurus - shoproxstore - Shopify,direct_to_consumer,fulfilled,2026-09-12,2026-09-14,2026-09-12,PA2,OnTrac,2,1,19.02,2.22,0.0,21.24,shipmonk_estimate,USD
251855,7649376370998,Cattasaurus - shoproxstore - Shopify,direct_to_consumer,onhold,2026-09-12,,2026-09-12,PA2,ShipMonk,2,0,17.24,4.74,0.0,21.98,shipmonk_estimate,USD
251856,7649413595446,Cattasaurus - shoproxstore - Shopify,direct_to_consumer,fulfilled,2026-09-12,2026-09-14,2026-09-12,NV3,Cirro,4,1,7.36,2.86,0.5,10.72,shipmonk_estimate,USD
251856_1,1f2e0ca1-d19f-48d7-be22-1fdd85eff87a,Cattasaurus - shoproxstore - Shopify,direct_to_consumer,fulfilled,2026-09-12,2026-09-14,2026-09-12,NV3,Cirro,1,1,10.33,1.58,0.0,11.91,shipmonk_estimate,USD
251857,7649415332150,Cattasaurus - shoproxstore - Shopify,direct_to_consumer,fulfilled,2026-09-12,2026-09-14,2026-09-12,NV3,OnTrac,2,1,12.64,2.22,0.0,14.86,shipmonk_estimate,USD
251858,7649424015670,Cattasaurus - shoproxstore - Shopify,direct_to_consumer,fulfilled,2026-09-12,2026-09-14,2026-09-12,NV3,OnTrac,2,1,12.64,2.22,0.0,14.86,shipmonk_estimate,USD
251859,7649429815606,Cattasaurus - shoproxstore - Shopify,direct_to_consumer,onhold,2026-09-12,,2026-09-12,PA2,ShipMonk,2,0,11.44,3.16,0.0,14.6,shipmonk_estimate,USD
251860,7649436500278,Cattasaurus - shoproxstore - Shopify,direct_to_consumer,fulfilled,2026-09-12,2026-09-14,2026-09-12,NV3,OnTrac,2,1,23.49,2.22,0.0,25.71,shipmonk_estimate,USD
251862,7649438892342,Cattasaurus - shoproxstore - Shopify,direct_to_consumer,fulfilled,2026-09-12,2026-09-14,2026-09-12,PA2,OnTrac,2,1,15.12,2.22,0.0,17.34,shipmonk_estimate,USD
251863,7649459634486,Cattasaurus - shoproxstore - Shopify,direct_to_consumer,fulfilled,2026-09-12,2026-09-14,2026-09-12,PA2,UPS,3,1,17.88,2.54,0.0,20.42,shipmonk_estimate,USD
251863_1,5c9c8fec-7a92-4d24-86cb-d64ea5508a0e,Cattasaurus - shoproxstore - Shopify,direct_to_consumer,fulfilled,2026-09-12,2026-09-14,2026-09-12,PA2,UPS,2,1,14.42,2.22,0.0,16.64,shipmonk_estimate,USD
251864,7649460093238,Cattasaurus - shoproxstore - Shopify,direct_to_consumer,fulfilled,2026-09-12,2026-09-14,2026-09-12,NV3,OnTrac,2,1,24.74,2.22,0.0,26.96,shipmonk_estimate,USD
251866,7649486045494,Cattasaurus - shoproxstore - Shopify,direct_to_consumer,onhold,2026-09-12,,2026-09-12,PA2,ShipMonk,2,0,16.9,3.16,0.0,20.06,shipmonk_estimate,USD
251867,7649487388982,Cattasaurus - shoproxstore - Shopify,direct_to_consumer,fulfilled,2026-09-12,2026-09-14,2026-09-12,NV3,OnTrac,1,1,12.64,1.9,0.0,14.54,shipmonk_estimate,USD
251868,7649511080246,Cattasaurus - shoproxstore - Shopify,direct_to_consumer,onhold,2026-09-12,,2026-09-12,NV3,ShipMonk,2,0,21.31,4.74,0.0,26.05,shipmonk_estimate,USD
251869,7649512554806,Cattasaurus - shoproxstore - Shopify,direct_to_consumer,onhold,2026-09-12,,2026-09-12,PA2,ShipMonk,2,0,24.74,3.16,0.0,27.9,shipmonk_estimate,USD
251870,7649534345526,Cattasaurus - shoproxstore - Shopify,direct_to_consumer,fulfilled,2026-09-12,2026-09-14,2026-09-12,NV3,OnTrac,2,1,15.17,2.22,0.0,17.39,shipmonk_estimate,USD
251871,7649589887286,Cattasaurus - shoproxstore - Shopify,direct_to_consumer,fulfilled,2026-09-12,2026-09-18,2026-09-12,NV3,UPS,2,1,19.02,2.22,0.0,21.24,shipmonk_estimate,USD
251872,7649597849910,Cattasaurus - shoproxstore - Shopify,direct_to_consumer,onhold,2026-09-12,,2026-09-12,NV3,ShipMonk,3,0,12.64,3.16,0.0,15.8,shipmonk_estimate,USD
251873,7649611743542,Cattasaurus - shoproxstore - Shopify,direct_to_consumer,onhold,2026-09-12,,2026-09-12,PA2,ShipMonk,2,0,17.24,3.16,0.0,20.4,shipmonk_estimate,USD
251875,7649663582518,Cattasaurus - shoproxstore - Shopify,direct_to_consumer,fulfilled,2026-09-12,2026-09-14,2026-09-12,NV3,FedEx,2,1,23.49,2.22,0.0,25.71,shipmonk_estimate,USD
251876,7649665188150,Cattasaurus - shoproxstore - Shopify,direct_to_consumer,fulfilled,2026-09-12,2026-09-14,2026-09-12,NV3,OnTrac,2,1,18.3,2.22,0.0,20.52,shipmonk_estimate,USD
251877,7649678360886,Cattasaurus - shoproxstore - Shopify,direct_to_consumer,fulfilled,2026-09-12,2026-09-14,2026-09-12,NV3,OnTrac,2,1,15.12,2.22,0.0,17.34,shipmonk_estimate,USD
251878,7649688846646,Cattasaurus - shoproxstore - Shopify,direct_to_consumer,fulfilled,2026-09-12,2026-09-14,2026-09-12,NV3,UPS,1,1,25.27,1.9,0.0,27.17,shipmonk_estimate,USD
251879,7649740620086,Cattasaurus - shoproxstore - Shopify,direct_to_consumer,fulfilled,2026-09-12,2026-09-14,2026-09-12,NV3,OnTrac,1,1,11.31,1.9,0.0,13.21,shipmonk_estimate,USD
251880,7649742127414,Cattasaurus - shoproxstore - Shopify,direct_to_consumer,onhold,2026-09-12,,2026-09-12,NV3,ShipMonk,2,0,13.53,3.16,0.0,16.69,shipmonk_estimate,USD
251881,7649743634742,Cattasaurus - shoproxstore - Shopify,direct_to_consumer,fulfilled,2026-09-12,2026-09-15,2026-09-12,NV3,OnTrac,2,1,33.8,2.22,0.0,36.02,shipmonk_estimate,USD
251882,7649747075382,Cattasaurus - shoproxstore - Shopify,direct_to_consumer,onhold,2026-09-12,,2026-09-12,NV3,ShipMonk,2,0,25.27,8.41,0.0,33.68,shipmonk_estimate,USD
251883,7649747763510,Cattasaurus - shoproxstore - Shopify,direct_to_consumer,fulfilled,2026-09-12,2026-09-14,2026-09-12,TO1,FedEx,1,1,25.5,2.31,0.0,27.81,shipmonk_estimate,CAD+USD
251884,7649750581558,Cattasaurus - shoproxstore - Shopify,direct_to_consumer,fulfilled,2026-09-12,2026-09-14,2026-09-12,PA2,FedEx,2,1,17.24,2.22,0.0,19.46,shipmonk_estimate,USD
251885,7649751761206,Cattasaurus - shoproxstore - Shopify,direct_to_consumer,onhold,2026-09-12,,2026-09-12,NV3,ShipMonk,1,0,18.3,1.9,0.0,20.2,shipmonk_estimate,USD
251886,7649761001782,Cattasaurus - shoproxstore - Shopify,direct_to_consumer,onhold,2026-09-12,,2026-09-12,NV3,ShipMonk,2,0,19.02,3.16,0.0,22.18,shipmonk_estimate,USD
251887,7649804583222,Cattasaurus - shoproxstore - Shopify,direct_to_consumer,onhold,2026-09-12,,2026-09-12,NV3,ShipMonk,2,0,16.95,3.16,0.0,20.11,shipmonk_estimate,USD
251888,7649806516534,Cattasaurus - shoproxstore - Shopify,direct_to_consumer,onhold,2026-09-12,,2026-09-12,PA2,ShipMonk,2,0,11.75,3.16,0.0,14.91,shipmonk_estimate,USD
251889,7649807139126,Cattasaurus - shoproxstore - Shopify,direct_to_consumer,fulfilled,2026-09-12,2026-09-14,2026-09-12,NV3,OnTrac,2,1,23.49,2.22,0.0,25.71,shipmonk_estimate,USD
251890,7649830011190,Cattasaurus - shoproxstore - Shopify,direct_to_consumer,fulfilled,2026-09-12,2026-09-14,2026-09-12,PA2,UPS,1,1,13.53,1.9,0.0,15.43,shipmonk_estimate,USD
251891,7649863205174,Cattasaurus - shoproxstore - Shopify,direct_to_consumer,onhold,2026-09-12,,2026-09-12,PA2,ShipMonk,2,0,20.53,3.16,0.0,23.69,shipmonk_estimate,USD
251892,7649864646966,Cattasaurus - shoproxstore - Shopify,direct_to_consumer,fulfilled,2026-09-12,2026-09-14,2026-09-12,PA2,OnTrac,2,1,14.42,2.22,0.0,16.64,shipmonk_estimate,USD
251893,7649867858230,Cattasaurus - shoproxstore - Shopify,direct_to_consumer,fulfilled,2026-09-12,2026-09-14,2026-09-12,NV3,UPS,2,1,15.94,2.22,0.0,18.16,shipmonk_estimate,USD
251894,7649886994742,Cattasaurus - shoproxstore - Shopify,direct_to_consumer,fulfilled,2026-09-12,2026-09-14,2026-09-12,NV3,OnTrac,2,1,25.27,2.22,0.0,27.49,shipmonk_estimate,USD
251894_1,274f6726-b043-4f40-b62d-082720ae3009,Cattasaurus - shoproxstore - Shopify,direct_to_consumer,fulfilled,2026-09-12,2026-09-14,2026-09-12,PA2,Cirro,1,1,6.9,1.58,0.0,8.48,shipmonk_estimate,USD
251895,7649894957366,Cattasaurus - shoproxstore - Shopify,direct_to_consumer,fulfilled,2026-09-12,2026-09-14,2026-09-12,PA2,UPS,2,1,19.02,2.22,0.0,21.24,shipmonk_estimate,USD
251896,7649910522166,Cattasaurus - shoproxstore - Shopify,direct_to_consumer,fulfilled,2026-09-12,2026-09-14,2026-09-12,PA2,UPS,2,1,16.95,2.22,0.0,19.17,shipmonk_estimate,USD
251897,7649915502902,Cattasaurus - shoproxstore - Shopify,direct_to_consumer,fulfilled,2026-09-12,2026-09-14,2026-09-12,PA2,UPS,2,1,22.31,2.22,0.0,24.53,shipmonk_estimate,USD
251898,7649919828278,Cattasaurus - shoproxstore - Shopify,direct_to_consumer,fulfilled,2026-09-12,2026-09-14,2026-09-12,NV3,OnTrac,2,1,33.8,2.22,0.0,36.02,shipmonk_estimate,USD
251899,7649938440502,Cattasaurus - shoproxstore - Shopify,direct_to_consumer,onhold,2026-09-12,,2026-09-12,PA2,ShipMonk,2,0,10.38,3.16,0.0,13.54,shipmonk_estimate,USD
251900,7649946304822,Cattasaurus - shoproxstore - Shopify,direct_to_consumer,fulfilled,2026-09-12,2026-09-14,2026-09-12,PA2,UPS,2,1,12.17,2.22,0.0,14.39,shipmonk_estimate,USD
251901,7649947255094,Cattasaurus - shoproxstore - Shopify,direct_to_consumer,fulfilled,2026-09-12,2026-09-17,2026-09-12,PA2,Cirro,1,1,6.62,1.58,0.0,8.2,shipmonk_estimate,USD
251901_1,aabce4a7-b5d7-4d0a-a138-ec9b4b4e41f2,Cattasaurus - shoproxstore - Shopify,direct_to_consumer,fulfilled,2026-09-12,2026-09-19,2026-09-12,PA2,Cirro,1,1,13.53,3.82,0.0,17.35,shipmonk_estimate,USD
251901_2,ba17ddf4-4568-4c9d-adf8-e098003fa937,Cattasaurus - shoproxstore - Shopify,direct_to_consumer,fulfilled,2026-09-12,2026-09-19,2026-09-12,PA2,Cirro,2,1,13.53,2.22,0.0,15.75,shipmonk_estimate,USD
251901_3,b3afef1d-2bdd-45f3-bd80-bb68e9f379df,Cattasaurus - shoproxstore - Shopify,direct_to_consumer,fulfilled,2026-09-12,2026-09-19,2026-09-12,PA2,Cirro,1,1,9.9,1.58,0.0,11.48,shipmonk_estimate,USD
251902,7649956331830,Cattasaurus - shoproxstore - Shopify,direct_to_consumer,fulfilled,2026-09-12,2026-09-14,2026-09-12,NV3,OnTrac,2,1,15.17,2.22,0.0,17.39,shipmonk_estimate,USD
251903,7649966358838,Cattasaurus - shoproxstore - Shopify,direct_to_consumer,fulfilled,2026-09-12,2026-09-14,2026-09-12,PA2,UPS,3,1,22.31,2.54,0.0,24.85,shipmonk_estimate,USD
251904,7649973403958,Cattasaurus - shoproxstore - Shopify,direct_to_consumer,fulfilled,2026-09-12,2026-09-14,2026-09-12,NV3,OnTrac,1,1,23.49,1.9,0.0,25.39,shipmonk_estimate,USD
251905,7649974845750,Cattasaurus - shoproxstore - Shopify,direct_to_consumer,fulfilled,2026-09-12,2026-09-14,2026-09-12,PA2,OnTrac,2,1,10.38,2.22,0.0,12.6,shipmonk_estimate,USD
251906,7649992048950,Cattasaurus - shoproxstore - Shopify,direct_to_consumer,onhold,2026-09-12,,2026-09-12,PA2,ShipMonk,2,0,15.12,1.58,0.0,16.7,shipmonk_estimate,USD
251907,7649993949494,Cattasaurus - shoproxstore - Shopify,direct_to_consumer,onhold,2026-09-12,,2026-09-12,PA2,ShipMonk,2,0,12.64,3.16,0.0,15.8,shipmonk_estimate,USD
251909,7650020950326,Cattasaurus - shoproxstore - Shopify,direct_to_consumer,onhold,2026-09-12,,2026-09-12,NV3,ShipMonk,2,0,20.08,3.16,0.0,23.24,shipmonk_estimate,USD
251910,7650054177078,Cattasaurus - shoproxstore - Shopify,direct_to_consumer,fulfilled,2026-09-12,2026-09-14,2026-09-12,PA2,FedEx,2,1,22.31,2.22,0.0,24.53,shipmonk_estimate,USD
251911,7650054308150,Cattasaurus - shoproxstore - Shopify,direct_to_consumer,fulfilled,2026-09-12,2026-09-14,2026-09-12,PA2,UPS,3,1,19.02,2.86,0.0,21.88,shipmonk_estimate,USD
251913,7650079211830,Cattasaurus - shoproxstore - Shopify,direct_to_consumer,fulfilled,2026-09-12,2026-09-14,2026-09-12,NV3,OnTrac,3,1,21.15,2.54,0.0,23.69,shipmonk_estimate,USD
251914,7650103623990,Cattasaurus - shoproxstore - Shopify,direct_to_consumer,onhold,2026-09-12,,2026-09-12,PA2,ShipMonk,3,0,20.53,3.16,0.0,23.69,shipmonk_estimate,USD
251915,7650107621686,Cattasaurus - shoproxstore - Shopify,direct_to_consumer,fulfilled,2026-09-12,2026-09-14,2026-09-12,NV3,OnTrac,2,1,15.17,2.22,0.0,17.39,shipmonk_estimate,USD
251916,7650113126710,Cattasaurus - shoproxstore - Shopify,direct_to_consumer,onhold,2026-09-12,,2026-09-12,NV3,ShipMonk,1,0,11.75,3.16,0.0,14.91,shipmonk_estimate,USD
251917,7650126266678,Cattasaurus - shoproxstore - Shopify,direct_to_consumer,fulfilled,2026-09-12,2026-09-14,2026-09-12,NV3,OnTrac,2,1,16.95,2.22,0.0,19.17,shipmonk_estimate,USD
251918,7650132099382,Cattasaurus - shoproxstore - Shopify,direct_to_consumer,fulfilled,2026-09-12,2026-09-14,2026-09-12,PA2,FedEx,2,1,20.53,2.22,0.0,22.75,shipmonk_estimate,USD
251919,7650139078966,Cattasaurus - shoproxstore - Shopify,direct_to_consumer,onhold,2026-09-12,,2026-09-12,NV3,ShipMonk,2,0,12.64,8.41,0.0,21.05,shipmonk_estimate,USD
251920,7650145894710,Cattasaurus - shoproxstore - Shopify,direct_to_consumer,onhold,2026-09-12,,2026-09-12,NV3,ShipMonk,2,0,15.17,6.83,0.0,22.0,shipmonk_estimate,USD
251921,7650160116022,Cattasaurus - shoproxstore - Shopify,direct_to_consumer,fulfilled,2026-09-12,2026-09-14,2026-09-12,PA2,OnTrac,2,1,10.38,2.22,0.0,12.6,shipmonk_estimate,USD
251922,7650177220918,Cattasaurus - shoproxstore - Shopify,direct_to_consumer,fulfilled,2026-09-12,2026-09-14,2026-09-12,NV3,OnTrac,2,1,21.31,2.22,0.0,23.53,shipmonk_estimate,USD
251923,7650214805814,Cattasaurus - shoproxstore - Shopify,direct_to_consumer,fulfilled,2026-09-12,2026-09-14,2026-09-12,NV3,UPS,2,1,16.95,2.22,0.0,19.17,shipmonk_estimate,USD
251924,7650229387574,Cattasaurus - shoproxstore - Shopify,direct_to_consumer,fulfilled,2026-09-12,2026-09-14,2026-09-12,NV3,OnTrac,2,1,16.9,2.22,0.0,19.12,shipmonk_estimate,USD
251925,7650251669814,Cattasaurus - shoproxstore - Shopify,direct_to_consumer,fulfilled,2026-09-12,2026-09-14,2026-09-12,PA2,OnTrac,2,1,15.12,2.22,0.0,17.34,shipmonk_estimate,USD
251926,7650277327158,Cattasaurus - shoproxstore - Shopify,direct_to_consumer,fulfilled,2026-09-12,2026-09-14,2026-09-12,NV3,OnTrac,2,1,12.64,2.22,0.0,14.86,shipmonk_estimate,USD
251927,7650279227702,Cattasaurus - shoproxstore - Shopify,direct_to_consumer,fulfilled,2026-09-12,2026-09-14,2026-09-12,NV3,OnTrac,2,1,16.95,2.22,0.0,19.17,shipmonk_estimate,USD
251928,7650294399286,Cattasaurus - shoproxstore - Shopify,direct_to_consumer,fulfilled,2026-09-12,2026-09-17,2026-09-12,NV3,UPS,3,1,28.11,2.54,0.0,30.65,shipmonk_estimate,USD
251928_1,29a9ad07-50ea-435c-a8e5-d4125d4cd312,Cattasaurus - shoproxstore - Shopify,direct_to_consumer,fulfilled,2026-09-12,2026-09-19,2026-09-12,NV3,UPS,2,1,23.1,2.22,0.0,25.32,shipmonk_estimate,USD
251929,7650328019254,Cattasaurus - shoproxstore - Shopify,direct_to_consumer,onhold,2026-09-12,,2026-09-12,PA2,ShipMonk,2,0,22.31,3.16,0.0,25.47,shipmonk_estimate,USD
251930,7650331492662,Cattasaurus - shoproxstore - Shopify,direct_to_consumer,onhold,2026-09-12,,2026-09-12,NV3,ShipMonk,2,0,12.64,3.16,0.0,15.8,shipmonk_estimate,USD
251931,7650394702134,Cattasaurus - shoproxstore - Shopify,direct_to_consumer,fulfilled,2026-09-12,2026-09-14,2026-09-12,PA2,OnTrac,3,1,15.54,2.54,0.0,18.08,shipmonk_estimate,USD
577564891351519946,90f06045-617e-4a47-9d2b-2a0deffe72c3,Cattasaurus - Manual Store,direct_to_consumer,fulfilled,2026-09-12,2026-09-12,2026-09-12,NV3,UPS,1,1,35.58,1.9,0.0,37.48,shipmonk_estimate,USD
577564891906085540,37ad2a92-725d-4f12-b557-38851417587e,Cattasaurus - Manual Store,direct_to_consumer,fulfilled,2026-09-12,2026-09-13,2026-09-12,PA2,FedEx,1,1,18.3,1.9,0.0,20.2,shipmonk_estimate,USD
577564891999081375,3b4a01cd-864e-4829-9ae6-54464b7530b7,Cattasaurus - Manual Store,direct_to_consumer,fulfilled,2026-09-12,2026-09-12,2026-09-12,NV3,OnTrac,1,1,17.32,1.9,0.0,19.22,shipmonk_estimate,USD
577564892052426995,43a49c2a-8a00-4ece-a2c6-e4a26e828b6f,Cattasaurus - Manual Store,direct_to_consumer,fulfilled,2026-09-12,2026-09-12,2026-09-12,NV3,OnTrac,1,1,15.94,1.9,0.0,17.84,shipmonk_estimate,USD
577564892886766345,cb3dc169-f7e7-4ab2-9168-b4eba09cf14e,Cattasaurus - Manual Store,direct_to_consumer,fulfilled,2026-09-12,2026-09-13,2026-09-12,PA2,OnTrac,1,1,17.73,1.9,0.0,19.63,shipmonk_estimate,USD
577564892939784299,5f4217d3-0d0e-41fb-baa9-0a4e7e8ed791,Cattasaurus - Manual Store,direct_to_consumer,fulfilled,2026-09-12,2026-09-12,2026-09-12,NV3,FedEx,1,1,30.96,1.9,0.0,32.86,shipmonk_estimate,USD
577564892942733588,58e45026-146a-4d67-b2d4-54f4e6b6ca35,Cattasaurus - Manual Store,direct_to_consumer,fulfilled,2026-09-12,2026-09-13,2026-09-12,PA2,OnTrac,1,1,13.31,1.9,0.0,15.21,shipmonk_estimate,USD
577564894725968751,03af97d5-5515-4fc8-9a47-38bcb5cfea97,Cattasaurus - Manual Store,direct_to_consumer,fulfilled,2026-09-12,2026-09-12,2026-09-12,NV3,OnTrac,1,1,18.3,1.9,0.0,20.2,shipmonk_estimate,USD
577565455023641047,59b1bc87-6ba6-4927-a0d5-fd08259c1ffa,Cattasaurus - Manual Store,direct_to_consumer,fulfilled,2026-09-12,2026-09-12,2026-09-12,NV3,OnTrac,1,1,33.8,1.9,0.0,35.7,shipmonk_estimate,USD
577566460700234117,2c70f2a3-6374-46d4-bc67-3c93f590a38f,Cattasaurus - Manual Store,direct_to_consumer,fulfilled,2026-09-12,2026-09-13,2026-09-12,PA2,UPS,1,1,15.09,1.9,0.0,16.99,shipmonk_estimate,USD
577566460751810818,24baccd4-e091-40df-84ca-1f190b670493,Cattasaurus - Manual Store,direct_to_consumer,fulfilled,2026-09-12,2026-09-12,2026-09-12,NV3,UPS,1,1,20.08,1.9,0.0,21.98,shipmonk_estimate,USD
577566460752400665,5e8153fd-1e44-4841-b18e-0f2cb0fb9d69,Cattasaurus - Manual Store,direct_to_consumer,fulfilled,2026-09-12,2026-09-12,2026-09-12,NV3,OnTrac,1,1,18.3,1.9,0.0,20.2,shipmonk_estimate,USD
577566462064497539,f7e3a181-028b-4f12-a707-e96701c26ce3,Cattasaurus - Manual Store,direct_to_consumer,fulfilled,2026-09-12,2026-09-12,2026-09-12,NV3,UPS,1,1,29.18,1.9,0.0,31.08,shipmonk_estimate,USD
577566467052966767,b8ce7dbb-f8a4-444c-b6c0-e67cdfe1dc93,Cattasaurus - Manual Store,direct_to_consumer,fulfilled,2026-09-12,2026-09-12,2026-09-12,NV3,UPS,1,1,26.52,1.9,0.0,28.42,shipmonk_estimate,USD
577566468569993457,c05222b7-f2ff-43b2-b646-b25cd9499952,Cattasaurus - Manual Store,direct_to_consumer,fulfilled,2026-09-12,2026-09-12,2026-09-12,NV3,UPS,1,1,30.96,1.9,0.0,32.86,shipmonk_estimate,USD
577567013881483707,f78e21ea-e0d4-4290-bb5e-3d1ee5d7ba00,Cattasaurus - Manual Store,direct_to_consumer,fulfilled,2026-09-12,2026-09-12,2026-09-12,NV3,OnTrac,1,1,33.8,1.9,0.0,35.7,shipmonk_estimate,USD
111-4748545-3022649,111-4748545-3022649,Cattasaurus - Amazon USA,direct_to_consumer,fulfilled,2026-09-13,2026-09-13,2026-09-13,NV3,OnTrac,1,1,15.94,1.9,0.0,17.84,shipmonk_estimate,USD
112-1379476-8267444,112-1379476-8267444,Cattasaurus - Amazon USA,direct_to_consumer,fulfilled,2026-09-13,2026-09-13,2026-09-13,PA2,OnTrac,1,1,12.28,2.22,0.0,14.5,shipmonk_estimate,USD
114-7875564-3597046,114-7875564-3597046,Cattasaurus - Amazon USA,direct_to_consumer,fulfilled,2026-09-13,2026-09-14,2026-09-13,PA2,OnTrac,1,1,5.93,1.58,0.3,7.81,shipmonk_estimate,USD
200015275868222,129125764044133,Cattasaurus - Walmart,direct_to_consumer,fulfilled,2026-09-13,2026-09-14,2026-09-13,PA2,FedEx,1,1,12.28,1.9,0.0,14.18,shipmonk_estimate,USD
230598-01,b44fb842-04ed-4d1f-9697-9a18ef3a137b,Cattasaurus - shoproxstore - Shopify,direct_to_consumer,fulfilled,2026-09-13,2026-09-13,2026-09-13,PA2,UPS,1,1,19.1,1.9,0.0,21.0,shipmonk_estimate,USD
239981-01,bfbfefa6-1c9f-49b6-845d-53580ad33d56,Cattasaurus - shoproxstore - Shopify,direct_to_consumer,fulfilled,2026-09-13,2026-09-13,2026-09-13,PA2,USPS,1,1,8.79,1.58,0.0,10.37,shipmonk_estimate,USD
249121-01,134dfefa-b929-4300-9d40-de29b91218a5,Cattasaurus - shoproxstore - Shopify,direct_to_consumer,fulfilled,2026-09-13,2026-09-13,2026-09-13,NV3,FedEx,1,1,18.3,1.9,0.0,20.2,shipmonk_estimate,USD
249280-01,be011ea6-ef75-4411-b6d5-3956f34d19e6,Cattasaurus - shoproxstore - Shopify,direct_to_consumer,fulfilled,2026-09-13,2026-09-13,2026-09-13,NV3,UPS,2,1,19.86,2.22,0.0,22.08,shipmonk_estimate,USD
250973-01,1a4313bc-1c6e-471e-b95b-be4355d73869,Cattasaurus - shoproxstore - Shopify,direct_to_consumer,fulfilled,2026-09-13,2026-09-13,2026-09-13,NV3,OnTrac,1,1,23.49,1.9,0.0,25.39,shipmonk_estimate,USD
251086-01,88979dbb-a1f7-4b16-bed3-ab70412ead0e,Cattasaurus - shoproxstore - Shopify,direct_to_consumer,fulfilled,2026-09-13,2026-09-14,2026-09-13,NV3,OnTrac,1,1,15.94,1.9,0.0,17.84,shipmonk_estimate,USD
251932,7650541699382,Cattasaurus - shoproxstore - Shopify,direct_to_consumer,fulfilled,2026-09-13,2026-09-14,2026-09-13,NV3,Cirro,2,1,11.75,2.22,0.0,13.97,shipmonk_estimate,USD
251945,7650562703670,Cattasaurus - shoproxstore - Shopify,direct_to_consumer,fulfilled,2026-09-13,2026-09-14,2026-09-13,PA2,Cirro,1,1,12.17,1.9,0.0,14.07,shipmonk_estimate,USD
251946,7650565128502,Cattasaurus - shoproxstore - Shopify,direct_to_consumer,fulfilled,2026-09-13,2026-09-14,2026-09-13,NV3,UPS,2,1,26.52,2.22,0.0,28.74,shipmonk_estimate,USD
251947,7650664710454,Cattasaurus - shoproxstore - Shopify,direct_to_consumer,onhold,2026-09-13,,2026-09-13,PA2,ShipMonk,2,0,20.53,3.16,0.0,23.69,shipmonk_estimate,USD
251948,7650725364022,Cattasaurus - shoproxstore - Shopify,direct_to_consumer,fulfilled,2026-09-13,2026-09-14,2026-09-13,PA2,OnTrac,2,1,11.75,2.22,0.0,13.97,shipmonk_estimate,USD
251949,7650744533302,Cattasaurus - shoproxstore - Shopify,direct_to_consumer,fulfilled,2026-09-13,2026-09-14,2026-09-13,NV3,OnTrac,2,1,24.74,2.22,0.0,26.96,shipmonk_estimate,USD
251950,7650809905462,Cattasaurus - shoproxstore - Shopify,direct_to_consumer,onhold,2026-09-13,,2026-09-13,PA2,ShipMonk,3,0,17.24,4.74,0.0,21.98,shipmonk_estimate,USD
251951,7650834907446,Cattasaurus - shoproxstore - Shopify,direct_to_consumer,fulfilled,2026-09-13,2026-09-14,2026-09-13,NV3,OnTrac,2,1,21.31,2.22,0.0,23.53,shipmonk_estimate,USD
251952,7650840641846,Cattasaurus - shoproxstore - Shopify,direct_to_consumer,onhold,2026-09-13,,2026-09-13,PA2,ShipMonk,2,0,22.31,3.16,0.0,25.47,shipmonk_estimate,USD
251954,7650851881270,Cattasaurus - shoproxstore - Shopify,direct_to_consumer,fulfilled,2026-09-13,2026-09-14,2026-09-13,PA2,OnTrac,2,1,22.31,2.22,0.0,24.53,shipmonk_estimate,USD
251955,7650852798774,Cattasaurus - shoproxstore - Shopify,direct_to_consumer,fulfilled,2026-09-13,2026-09-14,2026-09-13,PA2,FedEx,2,1,15.17,2.22,0.0,17.39,shipmonk_estimate,USD
251956,7650854994230,Cattasaurus - shoproxstore - Shopify,direct_to_consumer,fulfilled,2026-09-13,2026-09-14,2026-09-13,PA2,OnTrac,2,1,15.12,2.22,0.0,17.34,shipmonk_estimate,USD
251957,7650862596406,Cattasaurus - shoproxstore - Shopify,direct_to_consumer,fulfilled,2026-09-13,2026-09-14,2026-09-13,PA2,UPS,2,1,14.42,2.22,0.0,16.64,shipmonk_estimate,USD
251958,7650864234806,Cattasaurus - shoproxstore - Shopify,direct_to_consumer,fulfilled,2026-09-13,2026-09-14,2026-09-13,PA2,OnTrac,2,1,12.17,2.22,0.0,14.39,shipmonk_estimate,USD
251959,7650870559030,Cattasaurus - shoproxstore - Shopify,direct_to_consumer,fulfilled,2026-09-13,2026-09-14,2026-09-13,PA2,OnTrac,2,1,15.17,2.22,0.0,17.39,shipmonk_estimate,USD
251960,7650872099126,Cattasaurus - shoproxstore - Shopify,direct_to_consumer,fulfilled,2026-09-13,2026-09-14,2026-09-13,PA2,UPS,1,1,13.53,1.9,0.0,15.43,shipmonk_estimate,USD
251961,7650873278774,Cattasaurus - shoproxstore - Shopify,direct_to_consumer,onhold,2026-09-13,,2026-09-13,NV3,ShipMonk,2,0,15.17,6.83,0.0,22.0,shipmonk_estimate,USD
251962,7650873901366,Cattasaurus - shoproxstore - Shopify,direct_to_consumer,fulfilled,2026-09-13,2026-09-14,2026-09-13,PA2,OnTrac,2,1,20.53,2.22,0.0,22.75,shipmonk_estimate,USD
251963,7650874032438,Cattasaurus - shoproxstore - Shopify,direct_to_consumer,fulfilled,2026-09-13,2026-09-14,2026-09-13,NV3,OnTrac,2,1,23.49,2.22,0.0,25.71,shipmonk_estimate,USD
251964,7650881012022,Cattasaurus - shoproxstore - Shopify,direct_to_consumer,fulfilled,2026-09-13,2026-09-14,2026-09-13,PA2,OnTrac,2,1,12.64,2.22,0.0,14.86,shipmonk_estimate,USD
251965,7650882552118,Cattasaurus - shoproxstore - Shopify,direct_to_consumer,fulfilled,2026-09-13,2026-09-14,2026-09-13,PA2,OnTrac,2,1,18.3,2.22,0.0,20.52,shipmonk_estimate,USD
251966,7650887794998,Cattasaurus - shoproxstore - Shopify,direct_to_consumer,fulfilled,2026-09-13,2026-09-14,2026-09-13,PA2,UPS,2,1,16.9,2.22,0.0,19.12,shipmonk_estimate,USD
251967,7650895200566,Cattasaurus - shoproxstore - Shopify,direct_to_consumer,fulfilled,2026-09-13,2026-09-14,2026-09-13,NV3,FedEx,4,2,43.45,5.4,2.0,50.85,shipmonk_estimate,USD
251968,7650898182454,Cattasaurus - shoproxstore - Shopify,direct_to_consumer,onhold,2026-09-13,,2026-09-13,PA2,unknown,2,0,0.0,4.74,0.0,4.74,shipmonk_estimate,USD
251969,7650905751862,Cattasaurus - shoproxstore - Shopify,direct_to_consumer,fulfilled,2026-09-13,2026-09-14,2026-09-13,NV3,UPS,3,1,20.08,2.54,0.0,22.62,shipmonk_estimate,USD
251970,7650925347126,Cattasaurus - shoproxstore - Shopify,direct_to_consumer,onhold,2026-09-13,,2026-09-13,PA2,ShipMonk,2,0,20.53,4.74,0.0,25.27,shipmonk_estimate,USD
251971,7650964832566,Cattasaurus - shoproxstore - Shopify,direct_to_consumer,fulfilled,2026-09-13,2026-09-14,2026-09-13,PA2,OnTrac,1,1,19.02,2.22,0.0,21.24,shipmonk_estimate,USD
251972,7650971746614,Cattasaurus - shoproxstore - Shopify,direct_to_consumer,onhold,2026-09-13,,2026-09-13,NV3,ShipMonk,2,0,18.3,3.16,0.0,21.46,shipmonk_estimate,USD
251973,7650974531894,Cattasaurus - shoproxstore - Shopify,direct_to_consumer,fulfilled,2026-09-13,2026-09-14,2026-09-13,PA2,OnTrac,2,1,12.17,2.22,0.0,14.39,shipmonk_estimate,USD
251975,7650988654902,Cattasaurus - shoproxstore - Shopify,direct_to_consumer,fulfilled,2026-09-13,2026-09-14,2026-09-13,PA2,UPS,2,1,13.92,2.22,0.0,16.14,shipmonk_estimate,USD
251976,7650999075126,Cattasaurus - shoproxstore - Shopify,direct_to_consumer,onhold,2026-09-13,,2026-09-13,NV3,ShipMonk,6,0,0.0,11.89,0.0,11.89,shipmonk_estimate,USD
251977,7651009167670,Cattasaurus - shoproxstore - Shopify,direct_to_consumer,fulfilled,2026-09-13,2026-09-14,2026-09-13,PA2,OnTrac,2,1,24.74,2.22,0.0,26.96,shipmonk_estimate,USD
251978,7651009265974,Cattasaurus - shoproxstore - Shopify,direct_to_consumer,fulfilled,2026-09-13,2026-09-14,2026-09-13,PA2,OnTrac,2,1,12.64,2.22,0.0,14.86,shipmonk_estimate,USD
251979,7651031056694,Cattasaurus - shoproxstore - Shopify,direct_to_consumer,fulfilled,2026-09-13,2026-09-16,2026-09-13,NV3,FedEx,2,1,35.58,2.22,0.0,37.8,shipmonk_estimate,USD
251980,7651041018166,Cattasaurus - shoproxstore - Shopify,direct_to_consumer,fulfilled,2026-09-13,2026-09-14,2026-09-13,PA2,OnTrac,2,1,10.38,2.22,0.0,12.6,shipmonk_estimate,USD
251981,7651054977334,Cattasaurus - shoproxstore - Shopify,direct_to_consumer,onhold,2026-09-13,,2026-09-13,PA2,ShipMonk,2,0,15.17,3.16,0.0,18.33,shipmonk_estimate,USD
251982,7651059761462,Cattasaurus - shoproxstore - Shopify,direct_to_consumer,fulfilled,2026-09-13,2026-09-14,2026-09-13,NV3,OnTrac,3,1,19.14,2.54,0.0,21.68,shipmonk_estimate,USD
251983,7651067461942,Cattasaurus - shoproxstore - Shopify,direct_to_consumer,onhold,2026-09-13,,2026-09-13,NV3,ShipMonk,2,0,23.49,8.41,0.0,31.9,shipmonk_estimate,USD
251984,7651088138550,Cattasaurus - shoproxstore - Shopify,direct_to_consumer,onhold,2026-09-13,,2026-09-13,NV3,ShipMonk,2,0,20.08,3.16,0.0,23.24,shipmonk_estimate,USD
251985,7651093348662,Cattasaurus - shoproxstore - Shopify,direct_to_consumer,fulfilled,2026-09-13,2026-09-14,2026-09-13,NV3,FedEx,2,2,0.0,4.12,0.0,4.12,shipmonk_estimate,USD
251986,7651113959734,Cattasaurus - shoproxstore - Shopify,direct_to_consumer,fulfilled,2026-09-13,2026-09-14,2026-09-13,PA2,OnTrac,2,1,15.12,2.22,0.0,17.34,shipmonk_estimate,USD
251987,7651121529142,Cattasaurus - shoproxstore - Shopify,direct_to_consumer,fulfilled,2026-09-13,2026-09-14,2026-09-13,NV3,OnTrac,2,1,21.31,2.22,0.0,23.53,shipmonk_estimate,USD
251988,7651121922358,Cattasaurus - shoproxstore - Shopify,direct_to_consumer,fulfilled,2026-09-13,2026-09-14,2026-09-13,NV3,UPS,1,1,25.27,1.9,0.0,27.17,shipmonk_estimate,USD
251989,7651136897334,Cattasaurus - shoproxstore - Shopify,direct_to_consumer,fulfilled,2026-09-13,2026-09-14,2026-09-13,NV3,FedEx,2,1,24.74,2.22,0.0,26.96,shipmonk_estimate,USD
251990,7651140436278,Cattasaurus - shoproxstore - Shopify,direct_to_consumer,fulfilled,2026-09-13,2026-09-14,2026-09-13,PA2,OnTrac,2,1,16.95,2.22,0.0,19.17,shipmonk_estimate,USD
251991,7651140796726,Cattasaurus - shoproxstore - Shopify,direct_to_consumer,fulfilled,2026-09-13,2026-09-14,2026-09-13,NV3,DHL eCommerce,1,1,12.53,1.58,0.0,14.11,shipmonk_estimate,USD
251992,7651147219254,Cattasaurus - shoproxstore - Shopify,direct_to_consumer,fulfilled,2026-09-13,2026-09-14,2026-09-13,NV3,OnTrac,2,1,20.08,2.22,0.0,22.3,shipmonk_estimate,USD
251993,7651154362678,Cattasaurus - shoproxstore - Shopify,direct_to_consumer,fulfilled,2026-09-13,2026-09-14,2026-09-13,PA2,UPS,2,1,16.95,2.22,0.0,19.17,shipmonk_estimate,USD
251994,7651155149110,Cattasaurus - shoproxstore - Shopify,direct_to_consumer,fulfilled,2026-09-13,2026-09-13,2026-09-13,PA2,OnTrac,1,1,12.28,1.9,0.0,14.18,shipmonk_estimate,USD
251996,7651177890102,Cattasaurus - shoproxstore - Shopify,direct_to_consumer,fulfilled,2026-09-13,2026-09-14,2026-09-13,PA2,OnTrac,1,1,9.41,1.58,0.0,10.99,shipmonk_estimate,USD
251997,7651228647734,Cattasaurus - shoproxstore - Shopify,direct_to_consumer,fulfilled,2026-09-13,2026-09-14,2026-09-13,PA2,OnTrac,1,1,13.83,1.9,0.0,15.73,shipmonk_estimate,USD
251998,7651250929974,Cattasaurus - shoproxstore - Shopify,direct_to_consumer,fulfilled,2026-09-13,2026-09-14,2026-09-13,NV3,OnTrac,1,1,23.49,1.9,0.0,25.39,shipmonk_estimate,USD
251999,7651259351350,Cattasaurus - shoproxstore - Shopify,direct_to_consumer,fulfilled,2026-09-13,2026-09-15,2026-09-13,PA2,FedEx,1,1,22.99,7.88,0.0,30.87,shipmonk_estimate,USD
252000,7651268362550,Cattasaurus - shoproxstore - Shopify,direct_to_consumer,onhold,2026-09-13,,2026-09-13,NV3,ShipMonk,2,0,16.9,3.16,0.0,20.06,shipmonk_estimate,USD
252001,7651282092342,Cattasaurus - shoproxstore - Shopify,direct_to_consumer,fulfilled,2026-09-13,2026-09-14,2026-09-13,NV3,OnTrac,1,1,12.64,1.9,0.0,14.54,shipmonk_estimate,USD
252002,7651287531830,Cattasaurus - shoproxstore - Shopify,direct_to_consumer,fulfilled,2026-09-13,2026-09-15,2026-09-13,NV3,UPS,3,2,18.06,4.12,0.5,22.68,shipmonk_estimate,USD
252003,7651340615990,Cattasaurus - shoproxstore - Shopify,direct_to_consumer,fulfilled,2026-09-13,2026-09-14,2026-09-13,NV3,OnTrac,2,1,19.02,2.22,0.0,21.24,shipmonk_estimate,USD
252004,7651362701622,Cattasaurus - shoproxstore - Shopify,direct_to_consumer,fulfilled,2026-09-13,2026-09-14,2026-09-13,NV3,OnTrac,2,1,22.49,4.12,0.0,26.61,shipmonk_estimate,USD
252005,7651364766006,Cattasaurus - shoproxstore - Shopify,direct_to_consumer,onhold,2026-09-13,,2026-09-13,NV3,ShipMonk,2,0,15.17,3.16,0.0,18.33,shipmonk_estimate,USD
252006,7651375448374,Cattasaurus - shoproxstore - Shopify,direct_to_consumer,fulfilled,2026-09-13,2026-09-19,2026-09-13,NV3,FedEx,1,1,22.93,2.54,0.0,25.47,shipmonk_estimate,USD
252007,7651402481974,Cattasaurus - shoproxstore - Shopify,direct_to_consumer,fulfilled,2026-09-13,2026-09-14,2026-09-13,PA2,FedEx,2,1,15.12,2.22,0.0,17.34,shipmonk_estimate,USD
252008,7651430727990,Cattasaurus - shoproxstore - Shopify,direct_to_consumer,fulfilled,2026-09-13,2026-09-15,2026-09-13,PA2,USPS,1,1,5.4,1.58,0.3,7.28,shipmonk_estimate,USD
252010,7651460710710,Cattasaurus - shoproxstore - Shopify,direct_to_consumer,fulfilled,2026-09-13,2026-09-15,2026-09-13,NV3,OnTrac,2,1,15.12,2.22,0.0,17.34,shipmonk_estimate,USD
252011,7651463495990,Cattasaurus - shoproxstore - Shopify,direct_to_consumer,onhold,2026-09-13,,2026-09-13,NV3,ShipMonk,1,0,21.31,3.16,0.0,24.47,shipmonk_estimate,USD
252012,7651482534198,Cattasaurus - shoproxstore - Shopify,direct_to_consumer,fulfilled,2026-09-13,2026-09-16,2026-09-13,NV3,OnTrac,2,1,30.96,2.22,0.0,33.18,shipmonk_estimate,USD
252013,7651493216566,Cattasaurus - shoproxstore - Shopify,direct_to_consumer,fulfilled,2026-09-13,2026-09-15,2026-09-13,PA2,FedEx,1,1,17.29,7.88,0.0,25.17,shipmonk_estimate,USD
252014,7651501179190,Cattasaurus - shoproxstore - Shopify,direct_to_consumer,onhold,2026-09-13,,2026-09-13,PA2,ShipMonk,2,0,15.12,3.16,0.0,18.28,shipmonk_estimate,USD
252016,7651519988022,Cattasaurus - shoproxstore - Shopify,direct_to_consumer,fulfilled,2026-09-13,2026-09-14,2026-09-13,NV3,UPS,2,1,23.1,2.22,0.0,25.32,shipmonk_estimate,USD
252017,7651520381238,Cattasaurus - shoproxstore - Shopify,direct_to_consumer,fulfilled,2026-09-13,2026-09-15,2026-09-13,NV3,OnTrac,2,1,20.08,2.22,0.0,22.3,shipmonk_estimate,USD
252018,7651520479542,Cattasaurus - shoproxstore - Shopify,direct_to_consumer,fulfilled,2026-09-13,2026-09-15,2026-09-13,NV3,OnTrac,3,1,12.64,2.54,0.0,15.18,shipmonk_estimate,USD
252019,7651526476086,Cattasaurus - shoproxstore - Shopify,direct_to_consumer,fulfilled,2026-09-13,2026-09-14,2026-09-13,NV3,OnTrac,2,1,24.74,2.22,0.0,26.96,shipmonk_estimate,USD
252020,7651528868150,Cattasaurus - shoproxstore - Shopify,direct_to_consumer,fulfilled,2026-09-13,2026-09-17,2026-09-13,NV3,FedEx,3,1,32.47,3.18,0.0,35.65,shipmonk_estimate,USD
252021,7651531915574,Cattasaurus - shoproxstore - Shopify,direct_to_consumer,onhold,2026-09-13,,2026-09-13,NV3,ShipMonk,2,0,10.38,3.16,0.0,13.54,shipmonk_estimate,USD
252022,7651558097206,Cattasaurus - shoproxstore - Shopify,direct_to_consumer,fulfilled,2026-09-13,2026-09-17,2026-09-13,PA2,OnTrac,2,1,12.14,2.22,0.0,14.36,shipmonk_estimate,USD
252022_1,aa6a4e18-1ead-4461-9542-5496e7a403d1,Cattasaurus - shoproxstore - Shopify,direct_to_consumer,fulfilled,2026-09-13,2026-09-19,2026-09-13,PA2,OnTrac,3,1,12.14,2.54,0.0,14.68,shipmonk_estimate,USD
252023,7651559637302,Cattasaurus - shoproxstore - Shopify,direct_to_consumer,fulfilled,2026-09-13,2026-09-15,2026-09-13,PA2,OnTrac,1,1,19.83,7.88,0.0,27.71,shipmonk_estimate,USD
252024,7651574841654,Cattasaurus - shoproxstore - Shopify,direct_to_consumer,fulfilled,2026-09-13,2026-09-15,2026-09-13,PA2,FedEx,2,1,22.31,2.22,0.0,24.53,shipmonk_estimate,USD
252025,7651580707126,Cattasaurus - shoproxstore - Shopify,direct_to_consumer,fulfilled,2026-09-13,2026-09-15,2026-09-13,PA2,OnTrac,1,1,12.64,1.9,0.0,14.54,shipmonk_estimate,USD
252026,7651591455030,Cattasaurus - shoproxstore - Shopify,direct_to_consumer,onhold,2026-09-13,,2026-09-13,NV3,ShipMonk,2,0,35.58,3.16,0.0,38.74,shipmonk_estimate,USD
252027,7651602661686,Cattasaurus - shoproxstore - Shopify,direct_to_consumer,fulfilled,2026-09-13,2026-09-15,2026-09-13,PA2,OnTrac,2,1,11.34,2.86,0.0,14.2,shipmonk_estimate,USD
252028,7651620421942,Cattasaurus - shoproxstore - Shopify,direct_to_consumer,onhold,2026-09-13,,2026-09-13,NV3,ShipMonk,2,0,23.49,10.5,0.0,33.99,shipmonk_estimate,USD
252029,7651629072694,Cattasaurus - shoproxstore - Shopify,direct_to_consumer,onhold,2026-09-13,,2026-09-13,PA2,ShipMonk,2,0,19.02,3.16,0.0,22.18,shipmonk_estimate,USD
252030,7651647127862,Cattasaurus - shoproxstore - Shopify,direct_to_consumer,onhold,2026-09-13,,2026-09-13,NV3,ShipMonk,3,0,22.93,4.74,0.0,27.67,shipmonk_estimate,USD
252031,7651658891574,Cattasaurus - shoproxstore - Shopify,direct_to_consumer,fulfilled,2026-09-13,2026-09-14,2026-09-13,PA2,OnTrac,1,1,14.06,1.9,0.0,15.96,shipmonk_estimate,USD
252032,7651666198838,Cattasaurus - shoproxstore - Shopify,direct_to_consumer,onhold,2026-09-13,,2026-09-13,NV3,ShipMonk,2,0,22.31,3.16,0.0,25.47,shipmonk_estimate,USD
252033,7651674259766,Cattasaurus - shoproxstore - Shopify,direct_to_consumer,fulfilled,2026-09-13,2026-09-15,2026-09-13,NV3,FedEx,2,1,18.3,2.22,0.0,20.52,shipmonk_estimate,USD
252034,7651705717046,Cattasaurus - shoproxstore - Shopify,direct_to_consumer,fulfilled,2026-09-13,2026-09-15,2026-09-13,NV3,FedEx,2,1,18.74,4.14,0.0,22.88,shipmonk_estimate,USD
252035,7651763454262,Cattasaurus - shoproxstore - Shopify,direct_to_consumer,fulfilled,2026-09-13,2026-09-15,2026-09-13,PA2,Cirro,2,1,16.95,2.22,0.0,19.17,shipmonk_estimate,USD
252036,7651764371766,Cattasaurus - shoproxstore - Shopify,direct_to_consumer,fulfilled,2026-09-13,2026-09-15,2026-09-13,NV3,OnTrac,1,1,18.3,1.9,0.0,20.2,shipmonk_estimate,USD
252037,7651777085750,Cattasaurus - shoproxstore - Shopify,direct_to_consumer,onhold,2026-09-13,,2026-09-13,NV3,ShipMonk,2,0,23.1,3.16,0.0,26.26,shipmonk_estimate,USD
252038,7651785572662,Cattasaurus - shoproxstore - Shopify,direct_to_consumer,fulfilled,2026-09-13,2026-09-15,2026-09-13,PA2,FedEx,1,1,20.08,1.9,0.0,21.98,shipmonk_estimate,USD
252039,7651807134006,Cattasaurus - shoproxstore - Shopify,direct_to_consumer,fulfilled,2026-09-13,2026-09-15,2026-09-13,PA2,OnTrac,1,1,5.1,1.58,0.3,6.98,shipmonk_estimate,USD
252040,7651815358774,Cattasaurus - shoproxstore - Shopify,direct_to_consumer,fulfilled,2026-09-13,2026-09-15,2026-09-13,NV3,FedEx,2,1,18.3,2.22,0.0,20.52,shipmonk_estimate,USD
252041,7651821453622,Cattasaurus - shoproxstore - Shopify,direct_to_consumer,fulfilled,2026-09-13,2026-09-15,2026-09-13,NV3,Cirro,2,1,11.75,2.22,0.0,13.97,shipmonk_estimate,USD
252042,7651834036534,Cattasaurus - shoproxstore - Shopify,direct_to_consumer,fulfilled,2026-09-13,2026-09-15,2026-09-13,NV3,OnTrac,2,1,24.74,2.22,0.0,26.96,shipmonk_estimate,USD
252043,7651842916662,Cattasaurus - shoproxstore - Shopify,direct_to_consumer,fulfilled,2026-09-13,2026-09-17,2026-09-13,NV3,UPS,2,1,25.27,2.22,0.0,27.49,shipmonk_estimate,USD
252043_1,47c0dcf4-26c7-4913-ba81-ccaad8d8e600,Cattasaurus - shoproxstore - Shopify,direct_to_consumer,fulfilled,2026-09-13,2026-09-19,2026-09-13,PA2,UPS,1,1,12.17,3.82,0.0,15.99,shipmonk_estimate,USD
252044,7651865821494,Cattasaurus - shoproxstore - Shopify,direct_to_consumer,fulfilled,2026-09-13,2026-09-15,2026-09-13,PA2,OnTrac,1,1,20.53,1.9,0.0,22.43,shipmonk_estimate,USD
252045,7651911827766,Cattasaurus - shoproxstore - Shopify,direct_to_consumer,fulfilled,2026-09-13,2026-09-15,2026-09-13,NV3,OnTrac,2,1,22.31,2.22,0.0,24.53,shipmonk_estimate,USD
252046,7651916448054,Cattasaurus - shoproxstore - Shopify,direct_to_consumer,onhold,2026-09-13,,2026-09-13,NV3,ShipMonk,2,0,24.74,3.16,0.0,27.9,shipmonk_estimate,USD
252047,7651916906806,Cattasaurus - shoproxstore - Shopify,direct_to_consumer,fulfilled,2026-09-13,2026-09-15,2026-09-13,NV3,UPS,4,1,22.31,3.5,0.0,25.81,shipmonk_estimate,USD
252048,7651922575670,Cattasaurus - shoproxstore - Shopify,direct_to_consumer,fulfilled,2026-09-13,2026-09-15,2026-09-13,NV3,OnTrac,2,1,15.17,2.22,0.0,17.39,shipmonk_estimate,USD
252049,7651930276150,Cattasaurus - shoproxstore - Shopify,direct_to_consumer,fulfilled,2026-09-13,2026-09-15,2026-09-13,PA2,Cirro,1,1,7.47,1.58,0.0,9.05,shipmonk_estimate,USD
252050,7651935420726,Cattasaurus - shoproxstore - Shopify,direct_to_consumer,fulfilled,2026-09-13,2026-09-15,2026-09-13,PA2,OnTrac,2,1,20.53,2.22,0.0,22.75,shipmonk_estimate,USD
252051,7651948658998,Cattasaurus - shoproxstore - Shopify,direct_to_consumer,fulfilled,2026-09-13,2026-09-15,2026-09-13,NV3,OnTrac,2,1,23.49,2.22,0.0,25.71,shipmonk_estimate,USD
252052,7651954393398,Cattasaurus - shoproxstore - Shopify,direct_to_consumer,fulfilled,2026-09-13,2026-09-15,2026-09-13,NV3,UPS,2,1,20.92,4.14,0.0,25.06,shipmonk_estimate,USD
252054,7651989553462,Cattasaurus - shoproxstore - Shopify,direct_to_consumer,fulfilled,2026-09-13,2026-09-15,2026-09-13,PA2,FedEx,2,1,15.17,2.22,0.0,17.39,shipmonk_estimate,USD
252055,7652004921654,Cattasaurus - shoproxstore - Shopify,direct_to_consumer,fulfilled,2026-09-13,2026-09-15,2026-09-13,PA2,OnTrac,2,1,15.17,2.22,0.0,17.39,shipmonk_estimate,USD
252056,7652018356534,Cattasaurus - shoproxstore - Shopify,direct_to_consumer,fulfilled,2026-09-13,2026-09-15,2026-09-13,PA2,OnTrac,2,1,12.64,2.22,0.0,14.86,shipmonk_estimate,USD
252057,7652019863862,Cattasaurus - shoproxstore - Shopify,direct_to_consumer,fulfilled,2026-09-13,2026-09-15,2026-09-13,PA2,OnTrac,2,1,12.64,2.22,0.0,14.86,shipmonk_estimate,USD
252058,7652057547062,Cattasaurus - shoproxstore - Shopify,direct_to_consumer,onhold,2026-09-13,,2026-09-13,NV3,ShipMonk,2,0,14.42,8.41,0.0,22.83,shipmonk_estimate,USD
252059,7652059873590,Cattasaurus - shoproxstore - Shopify,direct_to_consumer,fulfilled,2026-09-13,2026-09-15,2026-09-13,PA2,UPS,3,1,14.42,2.54,0.0,16.96,shipmonk_estimate,USD
252061,7652089823542,Cattasaurus - shoproxstore - Shopify,direct_to_consumer,fulfilled,2026-09-13,2026-09-15,2026-09-13,PA2,OnTrac,2,1,16.95,2.22,0.0,19.17,shipmonk_estimate,USD
252062,7652128424246,Cattasaurus - shoproxstore - Shopify,direct_to_consumer,fulfilled,2026-09-13,2026-09-17,2026-09-13,PA2,UPS,5,2,19.87,5.08,1.3,26.25,shipmonk_estimate,USD
252062_1,0e0409f2-6fa1-48aa-8890-38df2d6a973b,Cattasaurus - shoproxstore - Shopify,direct_to_consumer,fulfilled,2026-09-13,2026-09-19,2026-09-13,PA2,OnTrac,1,1,11.75,3.82,0.0,15.57,shipmonk_estimate,USD
252063,7652128555318,Cattasaurus - shoproxstore - Shopify,direct_to_consumer,fulfilled,2026-09-13,2026-09-15,2026-09-13,PA2,OnTrac,1,1,12.64,1.9,0.0,14.54,shipmonk_estimate,USD
252064,7652131111222,Cattasaurus - shoproxstore - Shopify,direct_to_consumer,fulfilled,2026-09-13,2026-09-15,2026-09-13,NV3,OnTrac,2,1,21.31,2.22,0.0,23.53,shipmonk_estimate,USD
252065,7652152312118,Cattasaurus - shoproxstore - Shopify,direct_to_consumer,fulfilled,2026-09-13,2026-09-15,2026-09-13,NV3,OnTrac,1,1,21.21,7.88,0.0,29.09,shipmonk_estimate,USD
252066,7652179378486,Cattasaurus - shoproxstore - Shopify,direct_to_consumer,fulfilled,2026-09-13,2026-09-15,2026-09-13,PA2,OnTrac,2,1,15.17,2.22,0.0,17.39,shipmonk_estimate,USD
252067,7652190847286,Cattasaurus - shoproxstore - Shopify,direct_to_consumer,fulfilled,2026-09-13,2026-09-15,2026-09-13,PA2,Cirro,1,1,8.12,1.58,0.0,9.7,shipmonk_estimate,USD
252068,7652195860790,Cattasaurus - shoproxstore - Shopify,direct_to_consumer,fulfilled,2026-09-13,2026-09-17,2026-09-13,PA2,Cirro,1,1,8.12,1.58,0.0,9.7,shipmonk_estimate,USD
252069,7652198318390,Cattasaurus - shoproxstore - Shopify,direct_to_consumer,fulfilled,2026-09-13,2026-09-15,2026-09-13,NV3,UPS,2,1,26.52,2.22,0.0,28.74,shipmonk_estimate,USD
252070,7652202447158,Cattasaurus - shoproxstore - Shopify,direct_to_consumer,fulfilled,2026-09-13,2026-09-15,2026-09-13,PA2,FedEx,2,1,17.24,2.22,0.0,19.46,shipmonk_estimate,USD
252071,7652207886646,Cattasaurus - shoproxstore - Shopify,direct_to_consumer,fulfilled,2026-09-13,2026-09-15,2026-09-13,PA2,UPS,4,1,17.88,3.5,0.0,21.38,shipmonk_estimate,USD
252072,7652209000758,Cattasaurus - shoproxstore - Shopify,direct_to_consumer,fulfilled,2026-09-13,2026-09-15,2026-09-13,NV3,OnTrac,2,1,21.31,2.22,0.0,23.53,shipmonk_estimate,USD
252073,7652224467254,Cattasaurus - shoproxstore - Shopify,direct_to_consumer,fulfilled,2026-09-13,2026-09-15,2026-09-13,NV3,OnTrac,2,1,18.3,2.22,0.0,20.52,shipmonk_estimate,USD
252074,7652239966518,Cattasaurus - shoproxstore - Shopify,direct_to_consumer,fulfilled,2026-09-13,2026-09-15,2026-09-13,NV3,UPS,2,1,23.1,2.22,0.0,25.32,shipmonk_estimate,USD
252075,7652246454582,Cattasaurus - shoproxstore - Shopify,direct_to_consumer,onhold,2026-09-13,,2026-09-13,NV3,ShipMonk,1,0,15.17,5.25,0.0,20.42,shipmonk_estimate,USD
252076,7652266869046,Cattasaurus - shoproxstore - Shopify,direct_to_consumer,fulfilled,2026-09-13,2026-09-15,2026-09-13,NV3,OnTrac,2,1,12.64,2.22,0.0,14.86,shipmonk_estimate,USD
252077,7652277322038,Cattasaurus - shoproxstore - Shopify,direct_to_consumer,fulfilled,2026-09-13,2026-09-15,2026-09-13,NV3,OnTrac,1,1,12.64,1.9,0.0,14.54,shipmonk_estimate,USD
252078,7652297015606,Cattasaurus - shoproxstore - Shopify,direct_to_consumer,fulfilled,2026-09-13,2026-09-15,2026-09-13,NV3,OnTrac,1,1,21.31,1.9,0.0,23.21,shipmonk_estimate,USD
252079,7652303143222,Cattasaurus - shoproxstore - Shopify,direct_to_consumer,onhold,2026-09-13,,2026-09-13,PA2,ShipMonk,1,0,12.64,3.16,0.0,15.8,shipmonk_estimate,USD
252080,7652323131702,Cattasaurus - shoproxstore - Shopify,direct_to_consumer,onhold,2026-09-13,,2026-09-13,NV3,ShipMonk,2,0,33.8,3.16,0.0,36.96,shipmonk_estimate,USD
252081,7652402299190,Cattasaurus - shoproxstore - Shopify,direct_to_consumer,fulfilled,2026-09-13,2026-09-15,2026-09-13,NV3,Cirro,2,1,11.75,2.22,0.0,13.97,shipmonk_estimate,USD
252082,7652427858230,Cattasaurus - shoproxstore - Shopify,direct_to_consumer,fulfilled,2026-09-13,2026-09-15,2026-09-13,NV3,OnTrac,2,1,15.17,2.86,0.0,18.03,shipmonk_estimate,USD
252083,7652440015158,Cattasaurus - shoproxstore - Shopify,direct_to_consumer,fulfilled,2026-09-13,2026-09-15,2026-09-13,NV3,OnTrac,1,1,20.53,1.9,0.0,22.43,shipmonk_estimate,USD
252084,7652464754998,Cattasaurus - shoproxstore - Shopify,direct_to_consumer,onhold,2026-09-13,,2026-09-13,NV3,ShipMonk,2,0,11.75,8.41,0.0,20.16,shipmonk_estimate,USD
252085,7652507975990,Cattasaurus - shoproxstore - Shopify,direct_to_consumer,fulfilled,2026-09-13,2026-09-16,2026-09-13,PA2,OnTrac,2,1,11.31,2.22,0.0,13.53,shipmonk_estimate,USD
252087,7652614046006,Cattasaurus - shoproxstore - Shopify,direct_to_consumer,onhold,2026-09-13,,2026-09-13,NV3,ShipMonk,1,0,12.64,3.16,0.0,15.8,shipmonk_estimate,USD
"Merged: 251603, 251604-01",0e1f3276-b548-42c5-ba8d-e5a3eb72d0d8,Cattasaurus - shoproxstore - Shopify,direct_to_consumer,fulfilled,2026-09-13,2026-09-14,2026-09-13,PA2,OnTrac,3,1,13.22,2.54,0.0,15.76,shipmonk_estimate,USD
113-3376959-6653860,113-3376959-6653860,Cattasaurus - Amazon USA,direct_to_consumer,fulfilled,2026-09-14,2026-09-14,2026-09-14,NV3,OnTrac,1,1,15.94,1.9,0.0,17.84,shipmonk_estimate,USD
113-6874939-6984262,113-6874939-6984262,Cattasaurus - Amazon USA,direct_to_consumer,fulfilled,2026-09-14,2026-09-14,2026-09-14,PA2,UPS,1,1,15.09,2.22,0.0,17.31,shipmonk_estimate,USD
114-5647320-0503421,114-5647320-0503421,Cattasaurus - Amazon USA,direct_to_consumer,fulfilled,2026-09-14,2026-09-14,2026-09-14,PA2,FedEx,1,1,15.94,2.22,0.0,18.16,shipmonk_estimate,USD
114-8714471-1049850,114-8714471-1049850,Cattasaurus - Amazon USA,direct_to_consumer,fulfilled,2026-09-14,2026-09-15,2026-09-14,NV3,OnTrac,1,1,14.88,2.22,0.0,17.1,shipmonk_estimate,USD
200015432326767,129125866801355,Cattasaurus - Walmart,direct_to_consumer,fulfilled,2026-09-14,2026-09-14,2026-09-14,PA2,FedEx,1,1,13.22,1.9,0.0,15.12,shipmonk_estimate,USD
250940-01,12755783-9e3a-4617-8242-9fd3a1ecc3b2,Cattasaurus - shoproxstore - Shopify,direct_to_consumer,fulfilled,2026-09-14,2026-09-15,2026-09-14,PA2,OnTrac,1,1,20.53,1.9,0.0,22.43,shipmonk_estimate,USD
252098,7652959584566,Cattasaurus - shoproxstore - Shopify,direct_to_consumer,fulfilled,2026-09-14,2026-09-15,2026-09-14,PA2,Cirro,2,1,14.42,2.86,0.0,17.28,shipmonk_estimate,USD
252099,7652973543734,Cattasaurus - shoproxstore - Shopify,direct_to_consumer,fulfilled,2026-09-14,2026-09-15,2026-09-14,PA2,OnTrac,2,1,17.24,2.22,0.0,19.46,shipmonk_estimate,USD
252100,7653029282102,Cattasaurus - shoproxstore - Shopify,direct_to_consumer,fulfilled,2026-09-14,2026-09-15,2026-09-14,PA2,OnTrac,2,1,10.38,2.22,0.0,12.6,shipmonk_estimate,USD
252101,7653054218550,Cattasaurus - shoproxstore - Shopify,direct_to_consumer,fulfilled,2026-09-14,2026-09-15,2026-09-14,NV3,OnTrac,1,1,21.31,1.9,0.0,23.21,shipmonk_estimate,USD
252102,7653068767542,Cattasaurus - shoproxstore - Shopify,direct_to_consumer,fulfilled,2026-09-14,2026-09-15,2026-09-14,PA2,OnTrac,2,1,15.12,2.22,0.0,17.34,shipmonk_estimate,USD
252103,7653076894006,Cattasaurus - shoproxstore - Shopify,direct_to_consumer,fulfilled,2026-09-14,2026-09-15,2026-09-14,PA2,OnTrac,2,1,17.24,2.22,0.0,19.46,shipmonk_estimate,USD
252104,7653083480374,Cattasaurus - shoproxstore - Shopify,direct_to_consumer,onhold,2026-09-14,,2026-09-14,PA2,ShipMonk,2,0,22.31,3.16,0.0,25.47,shipmonk_estimate,USD
252105,7653085217078,Cattasaurus - shoproxstore - Shopify,direct_to_consumer,onhold,2026-09-14,,2026-09-14,NV3,ShipMonk,9,0,0.0,12.64,0.0,12.64,shipmonk_estimate,USD
252106,7653093114166,Cattasaurus - shoproxstore - Shopify,direct_to_consumer,fulfilled,2026-09-14,2026-09-15,2026-09-14,PA2,UPS,3,1,19.02,3.18,0.0,22.2,shipmonk_estimate,USD
252107,7653146198326,Cattasaurus - shoproxstore - Shopify,direct_to_consumer,onhold,2026-09-14,,2026-09-14,NV3,ShipMonk,2,0,23.49,3.16,0.0,26.65,shipmonk_estimate,USD
252108,7653151244598,Cattasaurus - shoproxstore - Shopify,direct_to_consumer,fulfilled,2026-09-14,2026-09-15,2026-09-14,PA2,OnTrac,2,1,20.53,2.22,0.0,22.75,shipmonk_estimate,USD
252109,7653153440054,Cattasaurus - shoproxstore - Shopify,direct_to_consumer,fulfilled,2026-09-14,2026-09-15,2026-09-14,PA2,OnTrac,2,1,11.75,2.22,0.0,13.97,shipmonk_estimate,USD
252110,7653156618550,Cattasaurus - shoproxstore - Shopify,direct_to_consumer,fulfilled,2026-09-14,2026-09-14,2026-09-14,NV3,OnTrac,1,1,23.49,1.9,0.0,25.39,shipmonk_estimate,USD
252111,7653174346038,Cattasaurus - shoproxstore - Shopify,direct_to_consumer,fulfilled,2026-09-14,2026-09-15,2026-09-14,NV3,UPS,2,1,16.95,2.22,0.0,19.17,shipmonk_estimate,USD
252112,7653179818294,Cattasaurus - shoproxstore - Shopify,direct_to_consumer,fulfilled,2026-09-14,2026-09-15,2026-09-14,NV3,FedEx,3,1,12.64,2.54,0.0,15.18,shipmonk_estimate,USD
252113,7653193122102,Cattasaurus - shoproxstore - Shopify,direct_to_consumer,onhold,2026-09-14,,2026-09-14,PA2,ShipMonk,2,0,15.12,3.16,0.0,18.28,shipmonk_estimate,USD
252114,7653196464438,Cattasaurus - shoproxstore - Shopify,direct_to_consumer,fulfilled,2026-09-14,2026-09-15,2026-09-14,PA2,OnTrac,3,1,20.53,3.18,0.0,23.71,shipmonk_estimate,USD
252115,7653208785206,Cattasaurus - shoproxstore - Shopify,direct_to_consumer,fulfilled,2026-09-14,2026-09-15,2026-09-14,PA2,FedEx,2,1,20.53,2.22,0.0,22.75,shipmonk_estimate,USD
252116,7653284839734,Cattasaurus - shoproxstore - Shopify,direct_to_consumer,fulfilled,2026-09-14,2026-09-14,2026-09-14,PA2,OnTrac,2,1,17.73,2.22,0.0,19.95,shipmonk_estimate,USD
252117,7653290967350,Cattasaurus - shoproxstore - Shopify,direct_to_consumer,fulfilled,2026-09-14,2026-09-15,2026-09-14,PA2,OnTrac,2,1,24.74,2.22,0.0,26.96,shipmonk_estimate,USD
252118,7653302010166,Cattasaurus - shoproxstore - Shopify,direct_to_consumer,fulfilled,2026-09-14,2026-09-16,2026-09-14,NV3,UPS,2,1,19.02,2.22,0.0,21.24,shipmonk_estimate,USD
252118_1,e4432806-77ad-43ab-ba0f-6c17acc0f152,Cattasaurus - shoproxstore - Shopify,direct_to_consumer,fulfilled,2026-09-14,2026-09-19,2026-09-14,NV3,DHL eCommerce,1,1,11.11,1.58,0.0,12.69,shipmonk_estimate,USD
252119,7653312463158,Cattasaurus - shoproxstore - Shopify,direct_to_consumer,fulfilled,2026-09-14,2026-09-15,2026-09-14,NV3,OnTrac,3,1,19.14,3.18,0.0,22.32,shipmonk_estimate,USD
252120,7653330551094,Cattasaurus - shoproxstore - Shopify,direct_to_consumer,onhold,2026-09-14,,2026-09-14,PA2,ShipMonk,2,0,24.74,3.16,0.0,27.9,shipmonk_estimate,USD
252121,7653333041462,Cattasaurus - shoproxstore - Shopify,direct_to_consumer,onhold,2026-09-14,,2026-09-14,NV3,ShipMonk,2,0,21.31,8.41,0.0,29.72,shipmonk_estimate,USD
252122,7653333926198,Cattasaurus - shoproxstore - Shopify,direct_to_consumer,fulfilled,2026-09-14,2026-09-15,2026-09-14,PA2,UPS,1,1,13.53,1.9,0.0,15.43,shipmonk_estimate,USD
252123,7653342085430,Cattasaurus - shoproxstore - Shopify,direct_to_consumer,fulfilled,2026-09-14,2026-09-15,2026-09-14,PA2,OnTrac,2,1,11.75,2.22,0.0,13.97,shipmonk_estimate,USD
252124,7653347950902,Cattasaurus - shoproxstore - Shopify,direct_to_consumer,onhold,2026-09-14,,2026-09-14,NV3,ShipMonk,3,0,21.31,3.16,0.0,24.47,shipmonk_estimate,USD
252125,7653354078518,Cattasaurus - shoproxstore - Shopify,direct_to_consumer,fulfilled,2026-09-14,2026-09-15,2026-09-14,NV3,OnTrac,1,1,23.49,1.9,0.0,25.39,shipmonk_estimate,USD
252126,7653378425142,Cattasaurus - shoproxstore - Shopify,direct_to_consumer,onhold,2026-09-14,,2026-09-14,NV3,ShipMonk,2,0,24.74,3.16,0.0,27.9,shipmonk_estimate,USD
252127,7653393793334,Cattasaurus - shoproxstore - Shopify,direct_to_consumer,fulfilled,2026-09-14,2026-09-16,2026-09-14,PA2,UPS,2,1,14.42,2.22,0.0,16.64,shipmonk_estimate,USD
252129,7653437931830,Cattasaurus - shoproxstore - Shopify,direct_to_consumer,onhold,2026-09-14,,2026-09-14,PA2,ShipMonk,3,0,20.53,3.16,0.0,23.69,shipmonk_estimate,USD
252130,7653462999350,Cattasaurus - shoproxstore - Shopify,direct_to_consumer,fulfilled,2026-09-14,2026-09-17,2026-09-14,NV3,FedEx,2,1,18.3,2.22,0.0,20.52,shipmonk_estimate,USD
252131,7653476729142,Cattasaurus - shoproxstore - Shopify,direct_to_consumer,fulfilled,2026-09-14,2026-09-15,2026-09-14,PA2,OnTrac,3,1,15.17,2.54,0.0,17.71,shipmonk_estimate,USD
252132,7653490032950,Cattasaurus - shoproxstore - Shopify,direct_to_consumer,fulfilled,2026-09-14,2026-09-15,2026-09-14,NV3,OnTrac,2,1,12.64,2.22,0.0,14.86,shipmonk_estimate,USD
252133,7653509923126,Cattasaurus - shoproxstore - Shopify,direct_to_consumer,fulfilled,2026-09-14,2026-09-15,2026-09-14,PA2,UPS,2,1,19.02,2.22,0.0,21.24,shipmonk_estimate,USD
252134,7653514477878,Cattasaurus - shoproxstore - Shopify,direct_to_consumer,fulfilled,2026-09-14,2026-09-16,2026-09-14,NV3,FedEx,2,1,33.8,2.22,0.0,36.02,shipmonk_estimate,USD
252135,7653521490230,Cattasaurus - shoproxstore - Shopify,direct_to_consumer,fulfilled,2026-09-14,2026-09-19,2026-09-14,NV3,OnTrac,2,1,18.3,2.22,0.0,20.52,shipmonk_estimate,USD
252135_1,157977fa-a9ca-4225-b8ab-3047aee63af4,Cattasaurus - shoproxstore - Shopify,direct_to_consumer,fulfilled,2026-09-14,2026-09-19,2026-09-14,PA2,SpeedX,1,1,7.41,1.79,0.0,9.2,shipmonk_estimate,USD
252137,7653573001526,Cattasaurus - shoproxstore - Shopify,direct_to_consumer,onhold,2026-09-14,,2026-09-14,PA2,ShipMonk,2,0,12.14,3.16,0.0,15.3,shipmonk_estimate,USD
252138,7653573263670,Cattasaurus - shoproxstore - Shopify,direct_to_consumer,fulfilled,2026-09-14,2026-09-15,2026-09-14,NV3,OnTrac,1,1,12.64,1.9,0.0,14.54,shipmonk_estimate,USD
252139,7653580833078,Cattasaurus - shoproxstore - Shopify,direct_to_consumer,fulfilled,2026-09-14,2026-09-15,2026-09-14,NV3,OnTrac,2,1,23.49,2.22,0.0,25.71,shipmonk_estimate,USD
252140,7653609832758,Cattasaurus - shoproxstore - Shopify,direct_to_consumer,fulfilled,2026-09-14,2026-09-16,2026-09-14,PA2,Cirro,2,1,12.64,2.22,0.0,14.86,shipmonk_estimate,USD
252141,7653613895990,Cattasaurus - shoproxstore - Shopify,direct_to_consumer,onhold,2026-09-14,,2026-09-14,NV3,ShipMonk,2,0,20.53,3.16,0.0,23.69,shipmonk_estimate,USD
252142,7653636604214,Cattasaurus - shoproxstore - Shopify,direct_to_consumer,fulfilled,2026-09-14,2026-09-14,2026-09-14,NV3,OnTrac,2,1,15.09,2.22,0.0,17.31,shipmonk_estimate,USD
252143,7653647548726,Cattasaurus - shoproxstore - Shopify,direct_to_consumer,onhold,2026-09-14,,2026-09-14,NV3,ShipMonk,2,0,20.53,3.16,0.0,23.69,shipmonk_estimate,USD
252144,7653712462134,Cattasaurus - shoproxstore - Shopify,direct_to_consumer,onhold,2026-09-14,,2026-09-14,NV3,ShipMonk,2,0,18.3,4.74,0.0,23.04,shipmonk_estimate,USD
252145,7653714690358,Cattasaurus - shoproxstore - Shopify,direct_to_consumer,fulfilled,2026-09-14,2026-09-16,2026-09-14,NV3,OnTrac,1,1,18.3,1.9,0.0,20.2,shipmonk_estimate,USD
252146,7653745754422,Cattasaurus - shoproxstore - Shopify,direct_to_consumer,fulfilled,2026-09-14,2026-09-16,2026-09-14,PA2,OnTrac,2,1,17.24,2.22,0.0,19.46,shipmonk_estimate,USD
252149,7653799821622,Cattasaurus - shoproxstore - Shopify,direct_to_consumer,fulfilled,2026-09-14,2026-09-16,2026-09-14,PA2,UPS,3,1,19.02,3.18,0.0,22.2,shipmonk_estimate,USD
252150_1,9ac16bc6-e798-454f-83ed-fe2db1f6356b,Cattasaurus - shoproxstore - Shopify,direct_to_consumer,fulfilled,2026-09-14,2026-09-17,2026-09-14,NV3,OnTrac,2,1,23.1,2.22,0.0,25.32,shipmonk_estimate,USD
252151,7653821743414,Cattasaurus - shoproxstore - Shopify,direct_to_consumer,fulfilled,2026-09-14,2026-09-16,2026-09-14,PA2,OnTrac,2,1,20.53,1.9,0.0,22.43,shipmonk_estimate,USD
252152,7653824528694,Cattasaurus - shoproxstore - Shopify,direct_to_consumer,fulfilled,2026-09-14,2026-09-16,2026-09-14,PA2,OnTrac,3,1,10.38,2.54,0.0,12.92,shipmonk_estimate,USD
252153,7653876039990,Cattasaurus - shoproxstore - Shopify,direct_to_consumer,fulfilled,2026-09-14,2026-09-16,2026-09-14,PA2,OnTrac,2,1,12.64,2.22,0.0,14.86,shipmonk_estimate,USD
252154,7653893439798,Cattasaurus - shoproxstore - Shopify,direct_to_consumer,onhold,2026-09-14,,2026-09-14,NV3,ShipMonk,3,0,19.02,4.74,0.0,23.76,shipmonk_estimate,USD
252155,7653913854262,Cattasaurus - shoproxstore - Shopify,direct_to_consumer,fulfilled,2026-09-14,2026-09-17,2026-09-14,NV3,OnTrac,4,1,30.69,3.5,0.0,34.19,shipmonk_estimate,USD
252156,7653915328822,Cattasaurus - shoproxstore - Shopify,direct_to_consumer,onhold,2026-09-14,,2026-09-14,NV3,ShipMonk,6,0,0.0,9.48,0.0,9.48,shipmonk_estimate,USD
252157,7653916279094,Cattasaurus - shoproxstore - Shopify,direct_to_consumer,fulfilled,2026-09-14,2026-09-16,2026-09-14,NV3,OnTrac,2,1,15.17,2.22,0.0,17.39,shipmonk_estimate,USD
252158,7653934891318,Cattasaurus - shoproxstore - Shopify,direct_to_consumer,onhold,2026-09-14,,2026-09-14,PA2,ShipMonk,4,0,0.0,5.06,0.0,5.06,shipmonk_estimate,USD
252159,7653960286518,Cattasaurus - shoproxstore - Shopify,direct_to_consumer,onhold,2026-09-14,,2026-09-14,PA2,ShipMonk,2,0,12.14,3.16,0.0,15.3,shipmonk_estimate,USD
252160,7653961826614,Cattasaurus - shoproxstore - Shopify,direct_to_consumer,fulfilled,2026-09-14,2026-09-16,2026-09-14,NV3,OnTrac,2,1,23.49,2.22,0.0,25.71,shipmonk_estimate,USD
252161,7653968642358,Cattasaurus - shoproxstore - Shopify,direct_to_consumer,fulfilled,2026-09-14,2026-09-16,2026-09-14,NV3,OnTrac,2,1,25.27,2.22,0.0,27.49,shipmonk_estimate,USD
252162,7653991252278,Cattasaurus - shoproxstore - Shopify,direct_to_consumer,fulfilled,2026-09-14,2026-09-16,2026-09-14,PA2,OnTrac,2,1,12.64,2.22,0.0,14.86,shipmonk_estimate,USD
252163,7654009012534,Cattasaurus - shoproxstore - Shopify,direct_to_consumer,onhold,2026-09-14,,2026-09-14,NV3,ShipMonk,2,0,33.8,3.16,0.0,36.96,shipmonk_estimate,USD
252164,7654011732278,Cattasaurus - shoproxstore - Shopify,direct_to_consumer,fulfilled,2026-09-14,2026-09-16,2026-09-14,PA2,OnTrac,2,1,11.75,2.22,0.0,13.97,shipmonk_estimate,USD
252165,7654018941238,Cattasaurus - shoproxstore - Shopify,direct_to_consumer,fulfilled,2026-09-14,2026-09-16,2026-09-14,NV3,OnTrac,2,1,23.49,2.22,0.0,25.71,shipmonk_estimate,USD
252166,7654020579638,Cattasaurus - shoproxstore - Shopify,direct_to_consumer,fulfilled,2026-09-14,2026-09-16,2026-09-14,NV3,OnTrac,2,1,23.49,2.22,0.0,25.71,shipmonk_estimate,USD
252167,7654020841782,Cattasaurus - shoproxstore - Shopify,direct_to_consumer,fulfilled,2026-09-14,2026-09-16,2026-09-14,NV3,FedEx,1,1,29.18,1.9,0.0,31.08,shipmonk_estimate,USD
252168,7654022873398,Cattasaurus - shoproxstore - Shopify,direct_to_consumer,fulfilled,2026-09-14,2026-09-16,2026-09-14,NV3,OnTrac,2,1,15.12,2.22,0.0,17.34,shipmonk_estimate,USD
252169,7654047547702,Cattasaurus - shoproxstore - Shopify,direct_to_consumer,fulfilled,2026-09-14,2026-09-16,2026-09-14,PA2,UPS,2,1,13.53,2.22,0.0,15.75,shipmonk_estimate,USD
252170,7654065013046,Cattasaurus - shoproxstore - Shopify,direct_to_consumer,onhold,2026-09-14,,2026-09-14,NV3,ShipMonk,3,0,15.12,3.16,0.0,18.28,shipmonk_estimate,USD
252171,7654076121398,Cattasaurus - shoproxstore - Shopify,direct_to_consumer,fulfilled,2026-09-14,2026-09-16,2026-09-14,PA2,OnTrac,2,1,15.12,2.22,0.0,17.34,shipmonk_estimate,USD
252172,7654078873910,Cattasaurus - shoproxstore - Shopify,direct_to_consumer,onhold,2026-09-14,,2026-09-14,NV3,ShipMonk,2,0,22.31,3.16,0.0,25.47,shipmonk_estimate,USD
252173,7654124847414,Cattasaurus - shoproxstore - Shopify,direct_to_consumer,fulfilled,2026-09-14,2026-09-17,2026-09-14,NV3,UPS,2,2,44.71,4.44,0.5,49.65,shipmonk_estimate,USD
252174,7654124912950,Cattasaurus - shoproxstore - Shopify,direct_to_consumer,onhold,2026-09-14,,2026-09-14,PA2,ShipMonk,2,0,14.06,3.16,0.0,17.22,shipmonk_estimate,USD
252175,7654148309302,Cattasaurus - shoproxstore - Shopify,direct_to_consumer,fulfilled,2026-09-14,2026-09-16,2026-09-14,PA2,FedEx,2,1,22.31,2.22,0.0,24.53,shipmonk_estimate,USD
252176,7654154666294,Cattasaurus - shoproxstore - Shopify,direct_to_consumer,fulfilled,2026-09-14,2026-09-16,2026-09-14,PA2,OnTrac,1,1,17.24,1.9,0.0,19.14,shipmonk_estimate,USD
252177,7654164594998,Cattasaurus - shoproxstore - Shopify,direct_to_consumer,onhold,2026-09-14,,2026-09-14,NV3,ShipMonk,3,0,18.3,8.41,0.0,26.71,shipmonk_estimate,USD
252178,7654165184822,Cattasaurus - shoproxstore - Shopify,direct_to_consumer,onhold,2026-09-14,,2026-09-14,PA2,ShipMonk,2,0,19.02,3.16,0.0,22.18,shipmonk_estimate,USD
252179,7654173311286,Cattasaurus - shoproxstore - Shopify,direct_to_consumer,fulfilled,2026-09-14,2026-09-16,2026-09-14,NV3,OnTrac,2,1,16.95,2.22,0.0,19.17,shipmonk_estimate,USD
252180,7654180847926,Cattasaurus - shoproxstore - Shopify,direct_to_consumer,fulfilled,2026-09-14,2026-09-16,2026-09-14,NV3,Cirro,2,1,11.75,2.22,0.0,13.97,shipmonk_estimate,USD
252181,7654185795894,Cattasaurus - shoproxstore - Shopify,direct_to_consumer,fulfilled,2026-09-14,2026-09-16,2026-09-14,PA2,OnTrac,2,1,20.08,2.22,0.0,22.3,shipmonk_estimate,USD
252182,7654188679478,Cattasaurus - shoproxstore - Shopify,direct_to_consumer,fulfilled,2026-09-14,2026-09-16,2026-09-14,PA2,FedEx,2,1,20.53,2.22,0.0,22.75,shipmonk_estimate,USD
252183,7654225248566,Cattasaurus - shoproxstore - Shopify,direct_to_consumer,fulfilled,2026-09-14,2026-09-16,2026-09-14,NV3,OnTrac,2,1,29.18,2.22,0.0,31.4,shipmonk_estimate,USD
252184,7654234980662,Cattasaurus - shoproxstore - Shopify,direct_to_consumer,fulfilled,2026-09-14,2026-09-17,2026-09-14,PA2,OnTrac,2,1,17.24,2.22,0.0,19.46,shipmonk_estimate,USD
252184_1,7e1831b8-c5b1-4a2f-8dd4-7e7a5f9d2b5d,Cattasaurus - shoproxstore - Shopify,direct_to_consumer,fulfilled,2026-09-14,2026-09-19,2026-09-14,PA2,OnTrac,1,1,17.24,3.82,0.0,21.06,shipmonk_estimate,USD
252185_1,f1258c09-c49e-4b27-846e-dcf0e9e5ccd4,Cattasaurus - shoproxstore - Shopify,direct_to_consumer,fulfilled,2026-09-14,2026-09-18,2026-09-14,NV3,OnTrac,2,1,13.31,2.54,0.0,15.85,shipmonk_estimate,USD
252186,7654261063990,Cattasaurus - shoproxstore - Shopify,direct_to_consumer,fulfilled,2026-09-14,2026-09-16,2026-09-14,NV3,UPS,2,1,14.42,2.22,0.0,16.64,shipmonk_estimate,USD
252187,7654286688566,Cattasaurus - shoproxstore - Shopify,direct_to_consumer,fulfilled,2026-09-14,2026-09-16,2026-09-14,NV3,FedEx,2,1,18.06,2.54,0.0,20.6,shipmonk_estimate,USD
252188,7654290391350,Cattasaurus - shoproxstore - Shopify,direct_to_consumer,fulfilled,2026-09-14,2026-09-16,2026-09-14,NV3,OnTrac,2,1,15.17,2.22,0.0,17.39,shipmonk_estimate,USD
252189,7654305530166,Cattasaurus - shoproxstore - Shopify,direct_to_consumer,fulfilled,2026-09-14,2026-09-16,2026-09-14,NV3,OnTrac,2,1,16.9,2.22,0.0,19.12,shipmonk_estimate,USD
252190,7654325059894,Cattasaurus - shoproxstore - Shopify,direct_to_consumer,fulfilled,2026-09-14,2026-09-16,2026-09-14,NV3,OnTrac,2,1,17.24,2.22,0.0,19.46,shipmonk_estimate,USD
252191,7654328434998,Cattasaurus - shoproxstore - Shopify,direct_to_consumer,fulfilled,2026-09-14,2026-09-16,2026-09-14,PA2,OnTrac,1,1,20.53,1.9,0.0,22.43,shipmonk_estimate,USD
252192,7654336921910,Cattasaurus - shoproxstore - Shopify,direct_to_consumer,onhold,2026-09-14,,2026-09-14,NV3,ShipMonk,2,0,21.31,10.5,0.0,31.81,shipmonk_estimate,USD
252193,7654341574966,Cattasaurus - shoproxstore - Shopify,direct_to_consumer,fulfilled,2026-09-14,2026-09-16,2026-09-14,NV3,Cirro,2,1,13.53,2.22,0.0,15.75,shipmonk_estimate,USD
252194,7654354059574,Cattasaurus - shoproxstore - Shopify,direct_to_consumer,fulfilled,2026-09-14,2026-09-16,2026-09-14,PA2,OnTrac,2,1,15.12,2.22,0.0,17.34,shipmonk_estimate,USD
252195,7654363791670,Cattasaurus - shoproxstore - Shopify,direct_to_consumer,fulfilled,2026-09-14,2026-09-16,2026-09-14,NV3,OnTrac,2,1,18.3,2.22,0.0,20.52,shipmonk_estimate,USD
252197,7654396035382,Cattasaurus - shoproxstore - Shopify,direct_to_consumer,fulfilled,2026-09-14,2026-09-16,2026-09-14,NV3,OnTrac,1,1,18.3,1.9,0.0,20.2,shipmonk_estimate,USD
252198,7654412943670,Cattasaurus - shoproxstore - Shopify,direct_to_consumer,onhold,2026-09-14,,2026-09-14,PA2,ShipMonk,2,0,22.31,3.16,0.0,25.47,shipmonk_estimate,USD
252199,7654418874678,Cattasaurus - shoproxstore - Shopify,direct_to_consumer,fulfilled,2026-09-14,2026-09-16,2026-09-14,NV3,OnTrac,2,1,23.49,2.22,0.0,25.71,shipmonk_estimate,USD
252200,7654449152310,Cattasaurus - shoproxstore - Shopify,direct_to_consumer,fulfilled,2026-09-14,2026-09-19,2026-09-14,NV3,OnTrac,2,1,33.8,2.22,0.0,36.02,shipmonk_estimate,USD
252201,7654454493494,Cattasaurus - shoproxstore - Shopify,direct_to_consumer,fulfilled,2026-09-14,2026-09-15,2026-09-14,NV3,OnTrac,1,1,23.49,1.9,0.0,25.39,shipmonk_estimate,USD
252202,7654469042486,Cattasaurus - shoproxstore - Shopify,direct_to_consumer,fulfilled,2026-09-14,2026-09-19,2026-09-14,NV3,OnTrac,1,1,30.69,2.54,0.0,33.23,shipmonk_estimate,USD
252203,7654477824310,Cattasaurus - shoproxstore - Shopify,direct_to_consumer,fulfilled,2026-09-14,2026-09-16,2026-09-14,NV3,OnTrac,2,1,20.53,2.22,0.0,22.75,shipmonk_estimate,USD
252206,7654496370998,Cattasaurus - shoproxstore - Shopify,direct_to_consumer,fulfilled,2026-09-14,2026-09-16,2026-09-14,NV3,FedEx,3,1,18.3,2.54,0.0,20.84,shipmonk_estimate,USD
252207,7654515343670,Cattasaurus - shoproxstore - Shopify,direct_to_consumer,fulfilled,2026-09-14,2026-09-16,2026-09-14,PA2,OnTrac,2,1,12.64,2.22,0.0,14.86,shipmonk_estimate,USD
252208,7654527402294,Cattasaurus - shoproxstore - Shopify,direct_to_consumer,fulfilled,2026-09-14,2026-09-16,2026-09-14,PA2,OnTrac,3,1,17.24,3.18,0.0,20.42,shipmonk_estimate,USD
252209,7654543065398,Cattasaurus - shoproxstore - Shopify,direct_to_consumer,fulfilled,2026-09-14,2026-09-16,2026-09-14,NV3,OnTrac,1,1,26.33,2.54,0.0,28.87,shipmonk_estimate,USD
252210,7654546997558,Cattasaurus - shoproxstore - Shopify,direct_to_consumer,fulfilled,2026-09-14,2026-09-16,2026-09-14,NV3,UPS,3,2,16.55,4.12,0.5,21.17,shipmonk_estimate,USD
252211,7654570819894,Cattasaurus - shoproxstore - Shopify,direct_to_consumer,fulfilled,2026-09-14,2026-09-16,2026-09-14,NV3,OnTrac,2,1,15.12,2.22,0.0,17.34,shipmonk_estimate,USD
252212,7654582976822,Cattasaurus - shoproxstore - Shopify,direct_to_consumer,fulfilled,2026-09-14,2026-09-16,2026-09-14,NV3,FedEx,1,1,20.92,2.54,0.0,23.46,shipmonk_estimate,USD
252213,7654603915574,Cattasaurus - shoproxstore - Shopify,direct_to_consumer,fulfilled,2026-09-14,2026-09-16,2026-09-14,NV3,OnTrac,2,1,18.74,2.22,0.0,20.96,shipmonk_estimate,USD
252214,7654625542454,Cattasaurus - shoproxstore - Shopify,direct_to_consumer,fulfilled,2026-09-14,2026-09-16,2026-09-14,PA2,OnTrac,1,1,5.48,1.58,0.3,7.36,shipmonk_estimate,USD
252216,7654672957750,Cattasaurus - shoproxstore - Shopify,direct_to_consumer,fulfilled,2026-09-14,2026-09-16,2026-09-14,NV3,OnTrac,2,1,23.49,2.22,0.0,25.71,shipmonk_estimate,USD
252217,7654681116982,Cattasaurus - shoproxstore - Shopify,direct_to_consumer,fulfilled,2026-09-14,2026-09-16,2026-09-14,PA2,UPS,1,1,16.9,1.9,0.0,18.8,shipmonk_estimate,USD
252218,7654683640118,Cattasaurus - shoproxstore - Shopify,direct_to_consumer,fulfilled,2026-09-14,2026-09-19,2026-09-14,NV3,OnTrac,2,1,16.52,2.22,0.0,18.74,shipmonk_estimate,USD
252218_1,5161a315-ca08-4878-a6dd-754c59dbbb81,Cattasaurus - shoproxstore - Shopify,direct_to_consumer,fulfilled,2026-09-14,2026-09-19,2026-09-14,PA2,SpeedX,1,1,7.41,1.58,0.0,8.99,shipmonk_estimate,USD
252219,7654699041078,Cattasaurus - shoproxstore - Shopify,direct_to_consumer,onhold,2026-09-14,,2026-09-14,NV3,ShipMonk,3,0,0.0,8.41,0.0,8.41,shipmonk_estimate,USD
577569625813586311,13513ebb-3978-43d7-a1d3-a59309cf1551,Cattasaurus - Manual Store,direct_to_consumer,fulfilled,2026-09-14,2026-09-14,2026-09-14,PA2,UPS,1,1,15.09,1.9,0.0,16.99,shipmonk_estimate,USD
577569625910383531,adff3603-b3fc-438a-9794-59259c2f4903,Cattasaurus - Manual Store,direct_to_consumer,fulfilled,2026-09-14,2026-09-14,2026-09-14,PA2,FedEx,1,1,15.94,1.9,0.0,17.84,shipmonk_estimate,USD
577569638640291947,f439ce09-6b59-44d6-ba97-c18802c911ab,Cattasaurus - Manual Store,direct_to_consumer,fulfilled,2026-09-14,2026-09-14,2026-09-14,NV3,OnTrac,1,1,15.94,1.9,0.0,17.84,shipmonk_estimate,USD
577569638983046141,9b243307-8fbf-47fa-b5e7-64d00ac54669,Cattasaurus - Manual Store,direct_to_consumer,fulfilled,2026-09-14,2026-09-14,2026-09-14,PA2,FedEx,1,1,13.31,1.9,0.0,15.21,shipmonk_estimate,USD
577569822461038690,35ab4ca8-b087-47d6-a186-9bbfece25bbd,Cattasaurus - Manual Store,direct_to_consumer,fulfilled,2026-09-14,2026-09-14,2026-09-14,NV3,OnTrac,1,1,17.73,1.9,0.0,19.63,shipmonk_estimate,USD
577569884585366129,0b6e87c2-be0f-4217-89bb-21842e351524,Cattasaurus - Manual Store,direct_to_consumer,fulfilled,2026-09-14,2026-09-14,2026-09-14,PA2,OnTrac,1,1,15.94,1.9,0.0,17.84,shipmonk_estimate,USD
INF599,36295fa1-59b5-4b71-9ebc-d6a6c261ab45,Cattasaurus - Manual Store,direct_to_consumer,fulfilled,2026-09-14,2026-09-14,2026-09-14,TO1,FedEx,1,1,32.97,1.95,0.0,34.92,shipmonk_estimate,CAD+USD
111-4349954-9034606,111-4349954-9034606,Cattasaurus - Amazon USA,direct_to_consumer,fulfilled,2026-09-15,2026-09-16,2026-09-15,PA2,OnTrac,1,1,13.09,2.22,0.0,15.31,shipmonk_estimate,USD
111-6975048-8848218,111-6975048-8848218,Cattasaurus - Amazon USA,direct_to_consumer,fulfilled,2026-09-15,2026-09-15,2026-09-15,PA2,OnTrac,1,1,12.28,2.22,0.0,14.5,shipmonk_estimate,USD
113-1051487-6183416,113-1051487-6183416,Cattasaurus - Amazon USA,direct_to_consumer,fulfilled,2026-09-15,2026-09-16,2026-09-15,PA2,OnTrac,1,1,12.28,2.22,0.0,14.5,shipmonk_estimate,USD
113-8344485-7536230,113-8344485-7536230,Cattasaurus - Amazon USA,direct_to_consumer,fulfilled,2026-09-15,2026-09-16,2026-09-15,PA2,OnTrac,1,1,17.73,1.9,0.0,19.63,shipmonk_estimate,USD
114-6160007-6201850,114-6160007-6201850,Cattasaurus - Amazon USA,direct_to_consumer,fulfilled,2026-09-15,2026-09-16,2026-09-15,NV3,OnTrac,1,1,17.73,2.22,0.0,19.95,shipmonk_estimate,USD
114-7411474-1591431,114-7411474-1591431,Cattasaurus - Amazon USA,direct_to_consumer,fulfilled,2026-09-15,2026-09-16,2026-09-15,PA2,OnTrac,1,1,12.28,2.22,0.0,14.5,shipmonk_estimate,USD
250670-01,35643c34-5e62-4479-84a0-beee848ba4ef,Cattasaurus - shoproxstore - Shopify,direct_to_consumer,fulfilled,2026-09-15,2026-09-16,2026-09-15,PA2,OnTrac,1,1,6.18,1.58,0.3,8.06,shipmonk_estimate,USD
250674-01,6950e54b-c713-4d45-a5cc-77ed933d331e,Cattasaurus - shoproxstore - Shopify,direct_to_consumer,fulfilled,2026-09-15,2026-09-16,2026-09-15,PA2,OnTrac,1,1,6.18,1.58,0.3,8.06,shipmonk_estimate,USD
250741-01,bf23d5f3-c583-46a2-91ea-fddc45ada395,Cattasaurus - shoproxstore - Shopify,direct_to_consumer,fulfilled,2026-09-15,2026-09-16,2026-09-15,PA2,DHL eCommerce,1,1,6.26,1.58,0.3,8.14,shipmonk_estimate,USD
250743-01,b4c8e9a9-2eca-4969-85e5-e899795aed3a,Cattasaurus - shoproxstore - Shopify,direct_to_consumer,fulfilled,2026-09-15,2026-09-16,2026-09-15,NV3,OnTrac,1,1,5.95,1.58,0.3,7.83,shipmonk_estimate,USD
250882-01,4671593e-1456-472b-a804-fb65d0afd7be,Cattasaurus - shoproxstore - Shopify,direct_to_consumer,fulfilled,2026-09-15,2026-09-16,2026-09-15,PA2,USPS,1,1,6.26,1.58,0.3,8.14,shipmonk_estimate,USD
250897-01,97cb0c40-5587-439a-95e5-c4b9b9d990fd,Cattasaurus - shoproxstore - Shopify,direct_to_consumer,fulfilled,2026-09-15,2026-09-16,2026-09-15,NV3,OnTrac,1,1,6.18,1.58,0.3,8.06,shipmonk_estimate,USD
250902-01,d2d81300-4c80-4768-be96-27f898172756,Cattasaurus - shoproxstore - Shopify,direct_to_consumer,fulfilled,2026-09-15,2026-09-16,2026-09-15,PA2,DHL eCommerce,1,1,6.18,1.58,0.3,8.06,shipmonk_estimate,USD
250997-01,dc0785e3-3de3-4c00-8a21-b5c33a2c3930,Cattasaurus - shoproxstore - Shopify,direct_to_consumer,fulfilled,2026-09-15,2026-09-16,2026-09-15,PA2,OnTrac,1,1,5.93,1.58,0.3,7.81,shipmonk_estimate,USD
252220,7654840959286,Cattasaurus - shoproxstore - Shopify,direct_to_consumer,fulfilled,2026-09-15,2026-09-16,2026-09-15,NV3,FedEx,2,1,24.74,2.22,0.0,26.96,shipmonk_estimate,USD
252221,7654867829046,Cattasaurus - shoproxstore - Shopify,direct_to_consumer,fulfilled,2026-09-15,2026-09-16,2026-09-15,NV3,OnTrac,2,1,15.12,2.22,0.0,17.34,shipmonk_estimate,USD
252222,7654883230006,Cattasaurus - shoproxstore - Shopify,direct_to_consumer,fulfilled,2026-09-15,2026-09-16,2026-09-15,PA2,OnTrac,2,1,20.53,2.22,0.0,22.75,shipmonk_estimate,USD
252230,7655028392246,Cattasaurus - shoproxstore - Shopify,direct_to_consumer,onhold,2026-09-15,,2026-09-15,NV3,ShipMonk,2,0,23.49,10.5,0.0,33.99,shipmonk_estimate,USD
252231,7655047135542,Cattasaurus - shoproxstore - Shopify,direct_to_consumer,fulfilled,2026-09-15,2026-09-16,2026-09-15,PA2,UPS,2,1,13.92,1.9,0.0,15.82,shipmonk_estimate,USD
252232,7655102185782,Cattasaurus - shoproxstore - Shopify,direct_to_consumer,fulfilled,2026-09-15,2026-09-16,2026-09-15,PA2,UPS,2,1,19.02,2.22,0.0,21.24,shipmonk_estimate,USD
252233,7655103037750,Cattasaurus - shoproxstore - Shopify,direct_to_consumer,fulfilled,2026-09-15,2026-09-16,2026-09-15,PA2,FedEx,2,1,11.75,2.22,0.0,13.97,shipmonk_estimate,USD
252234,7655187349814,Cattasaurus - shoproxstore - Shopify,direct_to_consumer,fulfilled,2026-09-15,2026-09-20,2026-09-15,NV3,FedEx,2,1,32.02,2.22,0.0,34.24,shipmonk_estimate,USD
252235,7655218282806,Cattasaurus - shoproxstore - Shopify,direct_to_consumer,fulfilled,2026-09-15,2026-09-20,2026-09-15,NV3,UPS,3,1,35.58,2.54,0.0,38.12,shipmonk_estimate,USD
252236,7655228801334,Cattasaurus - shoproxstore - Shopify,direct_to_consumer,fulfilled,2026-09-15,2026-09-16,2026-09-15,PA2,FedEx,4,2,32.2,5.08,0.0,37.28,shipmonk_estimate,USD
252237,7655229292854,Cattasaurus - shoproxstore - Shopify,direct_to_consumer,fulfilled,2026-09-15,2026-09-16,2026-09-15,PA2,UPS,2,1,16.9,2.22,0.0,19.12,shipmonk_estimate,USD
252238,7655273103670,Cattasaurus - shoproxstore - Shopify,direct_to_consumer,fulfilled,2026-09-15,2026-09-16,2026-09-15,NV3,FedEx,5,1,22.96,3.82,0.0,26.78,shipmonk_estimate,USD
252239,7655275397430,Cattasaurus - shoproxstore - Shopify,direct_to_consumer,fulfilled,2026-09-15,2026-09-20,2026-09-15,NV3,FedEx,2,1,30.96,2.22,0.0,33.18,shipmonk_estimate,USD
252240,7655288013110,Cattasaurus - shoproxstore - Shopify,direct_to_consumer,fulfilled,2026-09-15,2026-09-16,2026-09-15,NV3,OnTrac,2,1,23.49,2.22,0.0,25.71,shipmonk_estimate,USD
252241,7655293124918,Cattasaurus - shoproxstore - Shopify,direct_to_consumer,fulfilled,2026-09-15,2026-09-16,2026-09-15,NV3,OnTrac,2,1,17.24,2.22,0.0,19.46,shipmonk_estimate,USD
252242,7655336640822,Cattasaurus - shoproxstore - Shopify,direct_to_consumer,fulfilled,2026-09-15,2026-09-19,2026-09-15,PA2,OnTrac,3,1,19.14,3.18,0.0,22.32,shipmonk_estimate,USD
252242_1,c8e1c7c5-7d59-4f1c-82ca-ebe12ae3ecb6,Cattasaurus - shoproxstore - Shopify,direct_to_consumer,fulfilled,2026-09-15,2026-09-19,2026-09-15,PA2,Cirro,1,1,6.9,1.58,0.0,8.48,shipmonk_estimate,USD
252243,7655346471222,Cattasaurus - shoproxstore - Shopify,direct_to_consumer,onhold,2026-09-15,,2026-09-15,NV3,ShipMonk,3,0,25.27,6.83,0.0,32.1,shipmonk_estimate,USD
252244,7655363772726,Cattasaurus - shoproxstore - Shopify,direct_to_consumer,fulfilled,2026-09-15,2026-09-16,2026-09-15,PA2,UPS,2,1,22.31,2.22,0.0,24.53,shipmonk_estimate,USD
252245,7655364624694,Cattasaurus - shoproxstore - Shopify,direct_to_consumer,fulfilled,2026-09-15,2026-09-16,2026-09-15,PA2,OnTrac,3,1,10.38,2.54,0.0,12.92,shipmonk_estimate,USD
252246,7655367246134,Cattasaurus - shoproxstore - Shopify,direct_to_consumer,fulfilled,2026-09-15,2026-09-16,2026-09-15,PA2,OnTrac,2,1,15.12,2.22,0.0,17.34,shipmonk_estimate,USD
252247,7655368098102,Cattasaurus - shoproxstore - Shopify,direct_to_consumer,fulfilled,2026-09-15,2026-09-16,2026-09-15,PA2,OnTrac,2,1,20.53,2.22,0.0,22.75,shipmonk_estimate,USD
252248,7655403585846,Cattasaurus - shoproxstore - Shopify,direct_to_consumer,fulfilled,2026-09-15,2026-09-16,2026-09-15,PA2,OnTrac,2,1,11.75,2.22,0.0,13.97,shipmonk_estimate,USD
252249,7655404273974,Cattasaurus - shoproxstore - Shopify,direct_to_consumer,fulfilled,2026-09-15,2026-09-16,2026-09-15,PA2,UPS,3,1,13.53,2.54,0.0,16.07,shipmonk_estimate,USD
252250,7655405617462,Cattasaurus - shoproxstore - Shopify,direct_to_consumer,fulfilled,2026-09-15,2026-09-16,2026-09-15,NV3,OnTrac,2,1,23.49,2.22,0.0,25.71,shipmonk_estimate,USD
252251,7655442514230,Cattasaurus - shoproxstore - Shopify,direct_to_consumer,onhold,2026-09-15,,2026-09-15,NV3,ShipMonk,3,0,12.17,10.5,0.0,22.67,shipmonk_estimate,USD
252252,7655450476854,Cattasaurus - shoproxstore - Shopify,direct_to_consumer,fulfilled,2026-09-15,2026-09-16,2026-09-15,NV3,OnTrac,1,1,25.27,1.9,0.0,27.17,shipmonk_estimate,USD
252253,7655483572534,Cattasaurus - shoproxstore - Shopify,direct_to_consumer,fulfilled,2026-09-15,2026-09-16,2026-09-15,PA2,OnTrac,3,1,17.24,2.54,0.0,19.78,shipmonk_estimate,USD
252254,7655489077558,Cattasaurus - shoproxstore - Shopify,direct_to_consumer,onhold,2026-09-15,,2026-09-15,NV3,ShipMonk,2,0,23.49,4.74,0.0,28.23,shipmonk_estimate,USD
252255,7655513489718,Cattasaurus - shoproxstore - Shopify,direct_to_consumer,onhold,2026-09-15,,2026-09-15,PA2,ShipMonk,4,0,16.95,3.16,0.0,20.11,shipmonk_estimate,USD
252256,7655516700982,Cattasaurus - shoproxstore - Shopify,direct_to_consumer,fulfilled,2026-09-15,2026-09-16,2026-09-15,NV3,OnTrac,2,1,18.3,2.22,0.0,20.52,shipmonk_estimate,USD
252257,7655518175542,Cattasaurus - shoproxstore - Shopify,direct_to_consumer,fulfilled,2026-09-15,2026-09-16,2026-09-15,NV3,FedEx,1,1,22.31,1.9,0.0,24.21,shipmonk_estimate,USD
252259,7655551041846,Cattasaurus - shoproxstore - Shopify,direct_to_consumer,fulfilled,2026-09-15,2026-09-16,2026-09-15,NV3,Cirro,1,1,11.75,1.9,0.0,13.65,shipmonk_estimate,USD
252260,7655580500278,Cattasaurus - shoproxstore - Shopify,direct_to_consumer,fulfilled,2026-09-15,2026-09-16,2026-09-15,NV3,Cirro,2,1,11.75,2.22,0.0,13.97,shipmonk_estimate,USD
252261,7655592657206,Cattasaurus - shoproxstore - Shopify,direct_to_consumer,fulfilled,2026-09-15,2026-09-16,2026-09-15,NV3,OnTrac,2,1,23.1,2.22,0.0,25.32,shipmonk_estimate,USD
252262,7655595213110,Cattasaurus - shoproxstore - Shopify,direct_to_consumer,fulfilled,2026-09-15,2026-09-16,2026-09-15,NV3,OnTrac,2,1,23.49,2.22,0.0,25.71,shipmonk_estimate,USD
252263,7655629685046,Cattasaurus - shoproxstore - Shopify,direct_to_consumer,onhold,2026-09-15,,2026-09-15,NV3,ShipMonk,3,0,15.17,3.16,0.0,18.33,shipmonk_estimate,USD
252264,7655640039734,Cattasaurus - shoproxstore - Shopify,direct_to_consumer,onhold,2026-09-15,,2026-09-15,PA2,ShipMonk,2,0,15.17,3.16,0.0,18.33,shipmonk_estimate,USD
252266,7655659110710,Cattasaurus - shoproxstore - Shopify,direct_to_consumer,fulfilled,2026-09-15,2026-09-16,2026-09-15,NV3,UPS,2,1,20.08,2.22,0.0,22.3,shipmonk_estimate,USD
252267,7655673659702,Cattasaurus - shoproxstore - Shopify,direct_to_consumer,fulfilled,2026-09-15,2026-09-16,2026-09-15,NV3,UPS,4,2,39.49,5.08,0.5,45.07,shipmonk_estimate,USD
252268,7655678804278,Cattasaurus - shoproxstore - Shopify,direct_to_consumer,fulfilled,2026-09-15,2026-09-20,2026-09-15,NV3,UPS,2,1,26.52,2.22,0.0,28.74,shipmonk_estimate,USD
252268_1,68fd50b4-59f7-4a4e-ab39-73505c3134fd,Cattasaurus - shoproxstore - Shopify,direct_to_consumer,fulfilled,2026-09-15,2026-09-20,2026-09-15,NV3,UPS,1,1,26.52,3.82,0.0,30.34,shipmonk_estimate,USD
252269,7655684145462,Cattasaurus - shoproxstore - Shopify,direct_to_consumer,onhold,2026-09-15,,2026-09-15,PA2,ShipMonk,1,0,14.42,1.9,0.0,16.32,shipmonk_estimate,USD
252270,7655696662838,Cattasaurus - shoproxstore - Shopify,direct_to_consumer,fulfilled,2026-09-15,2026-09-16,2026-09-15,NV3,OnTrac,1,1,23.49,1.9,0.0,25.39,shipmonk_estimate,USD
252271,7655724187958,Cattasaurus - shoproxstore - Shopify,direct_to_consumer,fulfilled,2026-09-15,2026-09-16,2026-09-15,PA2,OnTrac,2,1,19.02,2.22,0.0,21.24,shipmonk_estimate,USD
252272,7655807451446,Cattasaurus - shoproxstore - Shopify,direct_to_consumer,onhold,2026-09-15,,2026-09-15,NV3,ShipMonk,3,0,22.93,8.41,0.0,31.34,shipmonk_estimate,USD
252273,7655856013622,Cattasaurus - shoproxstore - Shopify,direct_to_consumer,onhold,2026-09-15,,2026-09-15,PA2,ShipMonk,2,0,12.14,3.16,0.0,15.3,shipmonk_estimate,USD
252274,7655861354806,Cattasaurus - shoproxstore - Shopify,direct_to_consumer,fulfilled,2026-09-15,2026-09-16,2026-09-15,PA2,OnTrac,2,1,20.53,2.22,0.0,22.75,shipmonk_estimate,USD
252275,7655862501686,Cattasaurus - shoproxstore - Shopify,direct_to_consumer,fulfilled,2026-09-15,2026-09-17,2026-09-15,NV3,OnTrac,2,1,23.49,2.22,0.0,25.71,shipmonk_estimate,USD
252276,7655872692534,Cattasaurus - shoproxstore - Shopify,direct_to_consumer,onhold,2026-09-15,,2026-09-15,NV3,ShipMonk,2,0,20.53,3.16,0.0,23.69,shipmonk_estimate,USD
252277,7655874363702,Cattasaurus - shoproxstore - Shopify,direct_to_consumer,fulfilled,2026-09-15,2026-09-17,2026-09-15,NV3,OnTrac,1,1,20.53,1.9,0.0,22.43,shipmonk_estimate,USD
252278,7655878328630,Cattasaurus - shoproxstore - Shopify,direct_to_consumer,onhold,2026-09-15,,2026-09-15,PA2,ShipMonk,4,0,0.0,5.06,0.0,5.06,shipmonk_estimate,USD
252279,7655913324854,Cattasaurus - shoproxstore - Shopify,direct_to_consumer,fulfilled,2026-09-15,2026-09-15,2026-09-15,NV3,OnTrac,2,1,15.61,2.22,0.0,17.83,shipmonk_estimate,USD
252280,7655915422006,Cattasaurus - shoproxstore - Shopify,direct_to_consumer,fulfilled,2026-09-15,2026-09-16,2026-09-15,NV3,OnTrac,2,1,23.49,2.22,0.0,25.71,shipmonk_estimate,USD
252281,7655926858038,Cattasaurus - shoproxstore - Shopify,direct_to_consumer,onhold,2026-09-15,,2026-09-15,PA2,ShipMonk,3,0,0.0,4.74,0.0,4.74,shipmonk_estimate,USD
252282,7655982170422,Cattasaurus - shoproxstore - Shopify,direct_to_consumer,fulfilled,2026-09-15,2026-09-17,2026-09-15,NV3,OnTrac,1,1,21.31,1.9,0.0,23.21,shipmonk_estimate,USD
252283,7655988363574,Cattasaurus - shoproxstore - Shopify,direct_to_consumer,fulfilled,2026-09-15,2026-09-17,2026-09-15,NV3,OnTrac,2,1,21.31,2.22,0.0,23.53,shipmonk_estimate,USD
252284,7655992787254,Cattasaurus - shoproxstore - Shopify,direct_to_consumer,fulfilled,2026-09-15,2026-09-17,2026-09-15,PA2,OnTrac,2,1,12.64,2.22,0.0,14.86,shipmonk_estimate,USD
252285,7656005959990,Cattasaurus - shoproxstore - Shopify,direct_to_consumer,fulfilled,2026-09-15,2026-09-17,2026-09-15,PA2,FedEx,2,1,15.17,2.22,0.0,17.39,shipmonk_estimate,USD
252286,7656041742646,Cattasaurus - shoproxstore - Shopify,direct_to_consumer,onhold,2026-09-15,,2026-09-15,NV3,ShipMonk,1,0,18.3,1.58,0.0,19.88,shipmonk_estimate,USD
252287,7656079687990,Cattasaurus - shoproxstore - Shopify,direct_to_consumer,fulfilled,2026-09-15,2026-09-17,2026-09-15,NV3,UPS,2,1,20.08,2.22,0.0,22.3,shipmonk_estimate,USD
252288,7656178549046,Cattasaurus - shoproxstore - Shopify,direct_to_consumer,fulfilled,2026-09-15,2026-09-19,2026-09-15,NV3,OnTrac,2,1,13.09,2.22,0.0,15.31,shipmonk_estimate,USD
252288_1,e0717820-da5b-4944-87e0-732a6706a39a,Cattasaurus - shoproxstore - Shopify,direct_to_consumer,fulfilled,2026-09-15,2026-09-19,2026-09-15,PA2,OnTrac,1,1,9.64,1.58,0.0,11.22,shipmonk_estimate,USD
252289,7656188412214,Cattasaurus - shoproxstore - Shopify,direct_to_consumer,onhold,2026-09-15,,2026-09-15,PA2,ShipMonk,2,0,12.14,4.74,0.0,16.88,shipmonk_estimate,USD
252290,7656194408758,Cattasaurus - shoproxstore - Shopify,direct_to_consumer,onhold,2026-09-15,,2026-09-15,NV3,ShipMonk,2,0,21.31,10.5,0.0,31.81,shipmonk_estimate,USD
252291,7656214823222,Cattasaurus - shoproxstore - Shopify,direct_to_consumer,fulfilled,2026-09-15,2026-09-17,2026-09-15,PA2,OnTrac,2,1,17.24,2.22,0.0,19.46,shipmonk_estimate,USD
252292,7656215281974,Cattasaurus - shoproxstore - Shopify,direct_to_consumer,fulfilled,2026-09-15,2026-09-17,2026-09-15,NV3,UPS,2,1,22.31,2.22,0.0,24.53,shipmonk_estimate,USD
252293,7656275870006,Cattasaurus - shoproxstore - Shopify,direct_to_consumer,onhold,2026-09-15,,2026-09-15,PA2,ShipMonk,3,0,17.24,3.16,0.0,20.4,shipmonk_estimate,USD
252294,7656288026934,Cattasaurus - shoproxstore - Shopify,direct_to_consumer,fulfilled,2026-09-15,2026-09-17,2026-09-15,PA2,UPS,2,1,22.31,2.22,0.0,24.53,shipmonk_estimate,USD
252295,7656321909046,Cattasaurus - shoproxstore - Shopify,direct_to_consumer,fulfilled,2026-09-15,2026-09-17,2026-09-15,NV3,UPS,4,1,26.52,3.5,0.0,30.02,shipmonk_estimate,USD
252296,7656335180086,Cattasaurus - shoproxstore - Shopify,direct_to_consumer,fulfilled,2026-09-15,2026-09-17,2026-09-15,NV3,OnTrac,2,1,18.3,2.22,0.0,20.52,shipmonk_estimate,USD
252297,7656338587958,Cattasaurus - shoproxstore - Shopify,direct_to_consumer,fulfilled,2026-09-15,2026-09-17,2026-09-15,NV3,Cirro,2,1,11.75,2.22,0.0,13.97,shipmonk_estimate,USD
252298,7656353202486,Cattasaurus - shoproxstore - Shopify,direct_to_consumer,onhold,2026-09-15,,2026-09-15,PA2,ShipMonk,2,0,19.02,3.16,0.0,22.18,shipmonk_estimate,USD
252299,7656398586166,Cattasaurus - shoproxstore - Shopify,direct_to_consumer,fulfilled,2026-09-15,2026-09-17,2026-09-15,NV3,OnTrac,2,1,15.12,2.22,0.0,17.34,shipmonk_estimate,USD
252300,7656420573494,Cattasaurus - shoproxstore - Shopify,direct_to_consumer,onhold,2026-09-15,,2026-09-15,PA2,ShipMonk,2,0,16.9,3.16,0.0,20.06,shipmonk_estimate,USD
252301,7656443511094,Cattasaurus - shoproxstore - Shopify,direct_to_consumer,fulfilled,2026-09-15,2026-09-17,2026-09-15,NV3,OnTrac,2,1,12.64,2.22,0.0,14.86,shipmonk_estimate,USD
252302,7656462156086,Cattasaurus - shoproxstore - Shopify,direct_to_consumer,fulfilled,2026-09-15,2026-09-17,2026-09-15,NV3,UPS,4,2,18.06,4.44,0.0,22.5,shipmonk_estimate,USD
252303,7656478179638,Cattasaurus - shoproxstore - Shopify,direct_to_consumer,fulfilled,2026-09-15,2026-09-17,2026-09-15,NV3,OnTrac,2,1,15.12,2.22,0.0,17.34,shipmonk_estimate,USD
252304,7656484634934,Cattasaurus - shoproxstore - Shopify,direct_to_consumer,fulfilled,2026-09-15,2026-09-17,2026-09-15,PA2,OnTrac,5,1,14.42,3.18,0.0,17.6,shipmonk_estimate,USD
252305,7656495186230,Cattasaurus - shoproxstore - Shopify,direct_to_consumer,fulfilled,2026-09-15,2026-09-17,2026-09-15,PA2,UPS,2,1,14.42,2.22,0.0,16.64,shipmonk_estimate,USD
252306,7656497054006,Cattasaurus - shoproxstore - Shopify,direct_to_consumer,fulfilled,2026-09-15,2026-09-19,2026-09-15,NV3,FedEx,2,1,69.77,2.22,0.0,71.99,shipmonk_estimate,USD
252306_1,21c5d4f5-24a1-4ce1-9738-2de5043e25e8,Cattasaurus - shoproxstore - Shopify,direct_to_consumer,fulfilled,2026-09-15,2026-09-19,2026-09-15,NV3,OnTrac,1,1,17.24,3.82,0.0,21.06,shipmonk_estimate,USD
252307,7656524480822,Cattasaurus - shoproxstore - Shopify,direct_to_consumer,fulfilled,2026-09-15,2026-09-17,2026-09-15,PA2,OnTrac,3,1,20.92,3.18,0.0,24.1,shipmonk_estimate,USD
252308,7656540242230,Cattasaurus - shoproxstore - Shopify,direct_to_consumer,onhold,2026-09-15,,2026-09-15,NV3,ShipMonk,3,0,17.24,4.74,0.0,21.98,shipmonk_estimate,USD
252309,7656549744950,Cattasaurus - shoproxstore - Shopify,direct_to_consumer,fulfilled,2026-09-15,2026-09-17,2026-09-15,NV3,OnTrac,1,1,15.17,1.9,0.0,17.07,shipmonk_estimate,USD
252310,7656553906486,Cattasaurus - shoproxstore - Shopify,direct_to_consumer,onhold,2026-09-15,,2026-09-15,NV3,ShipMonk,2,0,15.12,3.16,0.0,18.28,shipmonk_estimate,USD
252311,7656583102774,Cattasaurus - shoproxstore - Shopify,direct_to_consumer,fulfilled,2026-09-15,2026-09-17,2026-09-15,NV3,OnTrac,2,1,20.08,2.22,0.0,22.3,shipmonk_estimate,USD
252312,7656593490230,Cattasaurus - shoproxstore - Shopify,direct_to_consumer,fulfilled,2026-09-15,2026-09-17,2026-09-15,NV3,OnTrac,2,1,12.64,2.22,0.0,14.86,shipmonk_estimate,USD
252313,7656611316022,Cattasaurus - shoproxstore - Shopify,direct_to_consumer,fulfilled,2026-09-15,2026-09-17,2026-09-15,PA2,UPS,1,1,16.9,1.9,0.0,18.8,shipmonk_estimate,USD
252314,7656655618358,Cattasaurus - shoproxstore - Shopify,direct_to_consumer,fulfilled,2026-09-15,2026-09-17,2026-09-15,NV3,UPS,4,2,36.1,5.08,0.5,41.68,shipmonk_estimate,USD
252315,7656740946230,Cattasaurus - shoproxstore - Shopify,direct_to_consumer,fulfilled,2026-09-15,2026-09-17,2026-09-15,PA2,OnTrac,2,1,22.31,2.22,0.0,24.53,shipmonk_estimate,USD
252316,7656749859126,Cattasaurus - shoproxstore - Shopify,direct_to_consumer,fulfilled,2026-09-15,2026-09-17,2026-09-15,NV3,OnTrac,2,1,23.49,2.22,0.0,25.71,shipmonk_estimate,USD
252317,7656760443190,Cattasaurus - shoproxstore - Shopify,direct_to_consumer,fulfilled,2026-09-15,2026-09-17,2026-09-15,PA2,OnTrac,3,1,15.12,2.54,0.0,17.66,shipmonk_estimate,USD
252318,7656789508406,Cattasaurus - shoproxstore - Shopify,direct_to_consumer,fulfilled,2026-09-15,2026-09-17,2026-09-15,NV3,FedEx,2,1,15.17,2.22,0.0,17.39,shipmonk_estimate,USD
252319,7656792949046,Cattasaurus - shoproxstore - Shopify,direct_to_consumer,fulfilled,2026-09-15,2026-09-17,2026-09-15,PA2,OnTrac,2,1,15.12,2.22,0.0,17.34,shipmonk_estimate,USD
252320,7656812216630,Cattasaurus - shoproxstore - Shopify,direct_to_consumer,fulfilled,2026-09-15,2026-09-17,2026-09-15,NV3,OnTrac,1,1,20.53,1.9,0.0,22.43,shipmonk_estimate,USD
252321,7656827748662,Cattasaurus - shoproxstore - Shopify,direct_to_consumer,onhold,2026-09-15,,2026-09-15,NV3,ShipMonk,2,0,0.0,3.16,0.0,3.16,shipmonk_estimate,USD
252322,7656827814198,Cattasaurus - shoproxstore - Shopify,direct_to_consumer,fulfilled,2026-09-15,2026-09-17,2026-09-15,PA2,OnTrac,2,1,15.12,2.22,0.0,17.34,shipmonk_estimate,USD
252323,7656890695990,Cattasaurus - shoproxstore - Shopify,direct_to_consumer,fulfilled,2026-09-15,2026-09-17,2026-09-15,NV3,Cirro,2,1,11.75,2.22,0.0,13.97,shipmonk_estimate,USD
252324,7656896037174,Cattasaurus - shoproxstore - Shopify,direct_to_consumer,fulfilled,2026-09-15,2026-09-17,2026-09-15,NV3,OnTrac,2,1,24.74,2.22,0.0,26.96,shipmonk_estimate,USD
252325,7657067610422,Cattasaurus - shoproxstore - Shopify,direct_to_consumer,fulfilled,2026-09-15,2026-09-17,2026-09-15,NV3,OnTrac,2,1,18.3,2.22,0.0,20.52,shipmonk_estimate,USD
252326,7657141272886,Cattasaurus - shoproxstore - Shopify,direct_to_consumer,fulfilled,2026-09-15,2026-09-17,2026-09-15,NV3,FedEx,2,1,23.49,2.22,0.0,25.71,shipmonk_estimate,USD
252327,7657181544758,Cattasaurus - shoproxstore - Shopify,direct_to_consumer,fulfilled,2026-09-15,2026-09-17,2026-09-15,PA2,OnTrac,2,1,14.42,2.22,0.0,16.64,shipmonk_estimate,USD
252328,7657428418870,Cattasaurus - shoproxstore - Shopify,direct_to_consumer,fulfilled,2026-09-15,2026-09-17,2026-09-15,NV3,OnTrac,2,1,16.52,2.22,0.0,18.74,shipmonk_estimate,USD
252330,7657522921782,Cattasaurus - shoproxstore - Shopify,direct_to_consumer,fulfilled,2026-09-15,2026-09-19,2026-09-15,NV3,OnTrac,2,1,15.17,2.22,0.0,17.39,shipmonk_estimate,USD
252330_1,14020c9f-339c-4048-85d5-5adea3878466,Cattasaurus - shoproxstore - Shopify,direct_to_consumer,fulfilled,2026-09-15,2026-09-19,2026-09-15,NV3,OnTrac,1,1,20.53,1.9,0.0,22.43,shipmonk_estimate,USD
252331,7657557262646,Cattasaurus - shoproxstore - Shopify,direct_to_consumer,fulfilled,2026-09-15,2026-09-17,2026-09-15,NV3,OnTrac,2,1,15.12,2.22,0.0,17.34,shipmonk_estimate,USD
252332,7657597337910,Cattasaurus - shoproxstore - Shopify,direct_to_consumer,fulfilled,2026-09-15,2026-09-17,2026-09-15,NV3,OnTrac,2,1,11.75,2.22,0.0,13.97,shipmonk_estimate,USD
577570021103801213,33b56f9d-ad84-4278-b4f5-3eb06c19bd05,Cattasaurus - Manual Store,direct_to_consumer,fulfilled,2026-09-15,2026-09-15,2026-09-15,PA2,UPS,1,1,17.73,1.9,0.0,19.63,shipmonk_estimate,USD
577570021252370952,63a6b1b1-2757-46d9-aae5-20128bf33cf2,Cattasaurus - Manual Store,direct_to_consumer,fulfilled,2026-09-15,2026-09-15,2026-09-15,PA2,UPS,1,1,14.88,1.9,0.0,16.78,shipmonk_estimate,USD
577570021328196504,cb64fd9a-02a2-49f8-afbe-0df1de399f4b,Cattasaurus - Manual Store,direct_to_consumer,fulfilled,2026-09-15,2026-09-15,2026-09-15,PA2,OnTrac,1,1,15.09,1.9,0.0,16.99,shipmonk_estimate,USD
577570022468522307,04fb5eee-86d4-4543-bceb-118327720490,Cattasaurus - Manual Store,direct_to_consumer,fulfilled,2026-09-15,2026-09-15,2026-09-15,PA2,OnTrac,1,1,17.73,1.9,0.0,19.63,shipmonk_estimate,USD
577571054159696709,b3a011f1-ae4f-4e41-bed7-46450f6af167,Cattasaurus - Manual Store,direct_to_consumer,fulfilled,2026-09-15,2026-09-15,2026-09-15,PA2,OnTrac,1,1,12.28,1.9,0.0,14.18,shipmonk_estimate,USD
577571373524160906,25617c9c-cdb4-46fa-a3b6-e859c9cf0447,Cattasaurus - Manual Store,direct_to_consumer,fulfilled,2026-09-15,2026-09-15,2026-09-15,PA2,OnTrac,1,1,18.3,1.9,0.0,20.2,shipmonk_estimate,USD
577571373610734553,27e0e073-9185-4041-aafc-3b94c4d03c93,Cattasaurus - Manual Store,direct_to_consumer,fulfilled,2026-09-15,2026-09-15,2026-09-15,PA2,OnTrac,1,1,17.73,1.9,0.0,19.63,shipmonk_estimate,USD
577571374237848567,a5beb23c-234b-4da9-ab3a-b051534df000,Cattasaurus - Manual Store,direct_to_consumer,fulfilled,2026-09-15,2026-09-15,2026-09-15,NV3,UPS,1,1,20.08,1.9,0.0,21.98,shipmonk_estimate,USD
577571374484132656,87e59545-bb88-4f29-8c32-49eea45d2301,Cattasaurus - Manual Store,direct_to_consumer,fulfilled,2026-09-15,2026-09-15,2026-09-15,PA2,OnTrac,1,1,15.94,1.9,0.0,17.84,shipmonk_estimate,USD
577571374659834139,ac2500bb-6f7e-4d1f-b318-62e0ae204912,Cattasaurus - Manual Store,direct_to_consumer,fulfilled,2026-09-15,2026-09-15,2026-09-15,PA2,UPS,1,1,15.09,1.9,0.0,16.99,shipmonk_estimate,USD
577571374910837521,dc57b9f2-809c-4db1-8794-95ce4c797012,Cattasaurus - Manual Store,direct_to_consumer,fulfilled,2026-09-15,2026-09-15,2026-09-15,PA2,OnTrac,1,1,13.31,1.9,0.0,15.21,shipmonk_estimate,USD
577571375500202679,56781b7e-b604-4626-8049-3ea334445ad4,Cattasaurus - Manual Store,direct_to_consumer,fulfilled,2026-09-15,2026-09-15,2026-09-15,PA2,OnTrac,1,1,14.06,1.9,0.0,15.96,shipmonk_estimate,USD
577571375556957145,6d4f183e-f783-47bb-9ee6-15f6e6a5aa38,Cattasaurus - Manual Store,direct_to_consumer,fulfilled,2026-09-15,2026-09-15,2026-09-15,PA2,OnTrac,1,1,17.73,1.9,0.0,19.63,shipmonk_estimate,USD
577571376298037630,aff1a3bb-ebf9-4880-8e7d-e018da72e14e,Cattasaurus - Manual Store,direct_to_consumer,fulfilled,2026-09-15,2026-09-15,2026-09-15,NV3,OnTrac,1,1,18.3,1.9,0.0,20.2,shipmonk_estimate,USD
577571376694726807,fee60c2f-6633-41c7-bc94-6994ccc656fd,Cattasaurus - Manual Store,direct_to_consumer,fulfilled,2026-09-15,2026-09-15,2026-09-15,PA2,OnTrac,1,1,15.94,1.9,0.0,17.84,shipmonk_estimate,USD
577571376804237419,f4271521-ac7a-4d7c-a97d-670526e3908b,Cattasaurus - Manual Store,direct_to_consumer,fulfilled,2026-09-15,2026-09-15,2026-09-15,PA2,UPS,1,1,17.73,1.9,0.0,19.63,shipmonk_estimate,USD
577571376971157880,146811ce-f678-4b62-9f8a-90edbdaf238c,Cattasaurus - Manual Store,direct_to_consumer,fulfilled,2026-09-15,2026-09-15,2026-09-15,PA2,UPS,1,1,15.09,1.9,0.0,16.99,shipmonk_estimate,USD
577571377373221077,f7f08f3f-c212-463d-9dca-6d451a838a36,Cattasaurus - Manual Store,direct_to_consumer,fulfilled,2026-09-15,2026-09-15,2026-09-15,NV3,OnTrac,1,1,15.09,1.9,0.0,16.99,shipmonk_estimate,USD
577571378511450686,12e0e7d5-4319-4320-b238-88b5646997cb,Cattasaurus - Manual Store,direct_to_consumer,fulfilled,2026-09-15,2026-09-15,2026-09-15,PA2,OnTrac,1,1,15.09,1.9,0.0,16.99,shipmonk_estimate,USD
577571380742295830,9e7e3f75-997d-43ff-8b1a-167f582193ff,Cattasaurus - Manual Store,direct_to_consumer,fulfilled,2026-09-15,2026-09-15,2026-09-15,NV3,OnTrac,1,1,18.3,1.9,0.0,20.2,shipmonk_estimate,USD
577571381400015159,383245a1-4f10-43ee-8da1-ce973bea0683,Cattasaurus - Manual Store,direct_to_consumer,fulfilled,2026-09-15,2026-09-15,2026-09-15,PA2,OnTrac,1,1,15.94,1.9,0.0,17.84,shipmonk_estimate,USD
577571381691191851,914334fb-fb83-45ba-8104-7ddbe106732c,Cattasaurus - Manual Store,direct_to_consumer,fulfilled,2026-09-15,2026-09-15,2026-09-15,PA2,OnTrac,1,1,18.3,1.9,0.0,20.2,shipmonk_estimate,USD
577571382776533197,24474be4-a4e8-4280-bf7e-88e39bce3bbb,Cattasaurus - Manual Store,direct_to_consumer,fulfilled,2026-09-15,2026-09-15,2026-09-15,PA2,OnTrac,1,1,17.73,1.9,0.0,19.63,shipmonk_estimate,USD
577571383323300641,d6e1119b-5e63-40a8-b46a-32430b9bec8e,Cattasaurus - Manual Store,direct_to_consumer,fulfilled,2026-09-15,2026-09-15,2026-09-15,PA2,OnTrac,1,1,12.28,1.9,0.0,14.18,shipmonk_estimate,USD
577571383432680239,2b5cff01-9dbb-4825-b125-823dc9cf4f6c,Cattasaurus - Manual Store,direct_to_consumer,fulfilled,2026-09-15,2026-09-15,2026-09-15,NV3,FedEx,1,1,20.08,1.9,0.0,21.98,shipmonk_estimate,USD
577571383841624250,1f35d6c5-cfc5-4195-8067-ad9402372825,Cattasaurus - Manual Store,direct_to_consumer,fulfilled,2026-09-15,2026-09-15,2026-09-15,PA2,UPS,1,1,20.08,1.9,0.0,21.98,shipmonk_estimate,USD
577571383930425492,9e3a4328-3637-47a2-9fc7-c8b85ff1e49e,Cattasaurus - Manual Store,direct_to_consumer,fulfilled,2026-09-15,2026-09-15,2026-09-15,PA2,OnTrac,1,1,13.09,1.9,0.0,14.99,shipmonk_estimate,USD
577571384112550051,fae39ab5-255e-4d3b-ae99-8e8eafa92594,Cattasaurus - Manual Store,direct_to_consumer,fulfilled,2026-09-15,2026-09-15,2026-09-15,PA2,UPS,1,1,14.88,1.9,0.0,16.78,shipmonk_estimate,USD
INF624,f987543c-f85f-405a-bb8d-ddae83a9dc8d,Cattasaurus - Manual Store,direct_to_consumer,fulfilled,2026-09-15,2026-09-15,2026-09-15,PA2,OnTrac,1,1,15.54,1.9,0.0,17.44,shipmonk_estimate,USD
INF625,2903edc4-7652-40e8-9264-29839ac5ddc7,Cattasaurus - Manual Store,direct_to_consumer,fulfilled,2026-09-15,2026-09-15,2026-09-15,TO1,FedEx,1,1,31.12,1.95,0.0,33.07,shipmonk_estimate,CAD+USD
INF626,453ac832-00db-48e6-8a23-cc702e9514a0,Cattasaurus - Manual Store,direct_to_consumer,fulfilled,2026-09-15,2026-09-15,2026-09-15,PA2,OnTrac,1,1,20.53,1.9,0.0,22.43,shipmonk_estimate,USD
INF627,a93b7ab8-94cf-4a56-8cd7-d07eb156fbca,Cattasaurus - Manual Store,direct_to_consumer,fulfilled,2026-09-15,2026-09-15,2026-09-15,NV3,OnTrac,1,1,15.61,1.9,0.0,17.51,shipmonk_estimate,USD
INF628,0581968c-58ce-406d-9c30-c478ffcc2126,Cattasaurus - Manual Store,direct_to_consumer,fulfilled,2026-09-15,2026-09-15,2026-09-15,TO1,FedEx,1,1,46.39,1.95,0.0,48.34,shipmonk_estimate,CAD+USD
INF628-1,827cfc1f-2253-4f75-b1e7-59aea6b544ef,Cattasaurus - Manual Store,direct_to_consumer,fulfilled,2026-09-15,2026-09-15,2026-09-15,TO1,FedEx,1,1,46.39,1.95,0.0,48.34,shipmonk_estimate,CAD+USD
INF629,dc347c30-dbbc-4d21-8e27-100ab00f0e0d,Cattasaurus - Manual Store,direct_to_consumer,fulfilled,2026-09-15,2026-09-15,2026-09-15,NV3,OnTrac,1,1,17.32,1.9,0.0,19.22,shipmonk_estimate,USD
INF629-1,215d20e0-9b05-45c9-b100-e7a5e5eb1714,Cattasaurus - Manual Store,direct_to_consumer,fulfilled,2026-09-15,2026-09-15,2026-09-15,PA2,OnTrac,1,1,15.12,1.58,0.0,16.7,shipmonk_estimate,USD
INF630,6cd1ab29-56f8-4e59-8d92-6eeed84cda3a,Cattasaurus - Manual Store,direct_to_consumer,fulfilled,2026-09-15,2026-09-15,2026-09-15,NV3,OnTrac,1,1,35.58,1.9,0.0,37.48,shipmonk_estimate,USD
INF631,84cd62de-aff6-46c7-a37e-ac976ca58069,Cattasaurus - Manual Store,direct_to_consumer,fulfilled,2026-09-15,2026-09-15,2026-09-15,NV3,OnTrac,1,1,22.96,1.9,0.0,24.86,shipmonk_estimate,USD
INF631-1,6d0c8d22-c0eb-4f35-8365-83b3e76bb94f,Cattasaurus - Manual Store,direct_to_consumer,fulfilled,2026-09-15,2026-09-15,2026-09-15,NV3,OnTrac,1,1,22.96,1.9,0.0,24.86,shipmonk_estimate,USD
INF632,8c78fdaf-f4bf-4d0c-8c28-38a49290bb55,Cattasaurus - Manual Store,direct_to_consumer,fulfilled,2026-09-15,2026-09-15,2026-09-15,PA2,OnTrac,1,1,15.0,1.9,0.0,16.9,shipmonk_estimate,USD
111-9604442-4563426,111-9604442-4563426,Cattasaurus - Amazon USA,direct_to_consumer,fulfilled,2026-09-16,2026-09-19,2026-09-16,NV3,FedEx,1,1,15.09,2.22,0.0,17.31,shipmonk_estimate,USD
242404-01,daf548dc-3dfe-403e-a05b-745034ad40d1,Cattasaurus - shoproxstore - Shopify,direct_to_consumer,fulfilled,2026-09-16,2026-09-17,2026-09-16,NV3,UPS,2,1,20.53,2.22,0.0,22.75,shipmonk_estimate,USD
248566-01,3353be14-5692-474a-ab40-6720d95a016b,Cattasaurus - shoproxstore - Shopify,direct_to_consumer,fulfilled,2026-09-16,2026-09-16,2026-09-16,NV3,OnTrac,1,1,25.27,1.9,0.0,27.17,shipmonk_estimate,USD
248698-01,c4110ebd-ce26-4719-87f2-9589b63b3475,Cattasaurus - shoproxstore - Shopify,direct_to_consumer,fulfilled,2026-09-16,2026-09-17,2026-09-16,PA2,FedEx,2,1,17.24,2.22,0.0,19.46,shipmonk_estimate,USD
249311-01,d5c4dcd5-9c1a-48b8-aebd-6d9bc00676d2,Cattasaurus - shoproxstore - Shopify,direct_to_consumer,fulfilled,2026-09-16,2026-09-16,2026-09-16,PA2,OnTrac,2,1,15.94,2.22,0.0,18.16,shipmonk_estimate,USD
249616-01,e0e5a2b3-9092-4489-967e-eec50f17f147,Cattasaurus - shoproxstore - Shopify,direct_to_consumer,fulfilled,2026-09-16,2026-09-16,2026-09-16,NV3,OnTrac,1,1,21.31,1.9,0.0,23.21,shipmonk_estimate,USD
249763-01,f7e559fd-d1da-4275-8e90-d562868538ab,Cattasaurus - shoproxstore - Shopify,direct_to_consumer,fulfilled,2026-09-16,2026-09-16,2026-09-16,NV3,UPS,1,1,20.08,1.9,0.0,21.98,shipmonk_estimate,USD
250659-01,6c828ab2-7121-4297-af5e-9cb65dd0febd,Cattasaurus - shoproxstore - Shopify,direct_to_consumer,fulfilled,2026-09-16,2026-09-16,2026-09-16,NV3,UPS,2,1,22.31,2.22,0.0,24.53,shipmonk_estimate,USD
251041-01,2c6e78e9-1cf8-4dc4-93a6-3789250da24a,Cattasaurus - shoproxstore - Shopify,direct_to_consumer,fulfilled,2026-09-16,2026-09-17,2026-09-16,NV3,OnTrac,1,1,12.28,1.9,0.0,14.18,shipmonk_estimate,USD
251263-01,7bd25de7-e49a-4e67-803e-7d93b1f8bdca,Cattasaurus - shoproxstore - Shopify,direct_to_consumer,fulfilled,2026-09-16,2026-09-17,2026-09-16,NV3,OnTrac,1,1,15.61,1.9,0.0,17.51,shipmonk_estimate,USD
252344,7657825599798,Cattasaurus - shoproxstore - Shopify,direct_to_consumer,fulfilled,2026-09-16,2026-09-17,2026-09-16,PA2,FedEx,2,1,20.53,2.22,0.0,22.75,shipmonk_estimate,USD
252345,7657898672438,Cattasaurus - shoproxstore - Shopify,direct_to_consumer,fulfilled,2026-09-16,2026-09-17,2026-09-16,PA2,OnTrac,2,1,12.64,2.22,0.0,14.86,shipmonk_estimate,USD
252347,7657983050038,Cattasaurus - shoproxstore - Shopify,direct_to_consumer,fulfilled,2026-09-16,2026-09-17,2026-09-16,NV3,OnTrac,1,1,21.71,1.9,0.0,23.61,shipmonk_estimate,USD
252348,7657994158390,Cattasaurus - shoproxstore - Shopify,direct_to_consumer,onhold,2026-09-16,,2026-09-16,PA2,ShipMonk,2,0,15.12,3.16,0.0,18.28,shipmonk_estimate,USD
252349,7658004250934,Cattasaurus - shoproxstore - Shopify,direct_to_consumer,fulfilled,2026-09-16,2026-09-17,2026-09-16,PA2,OnTrac,1,1,11.75,1.9,0.0,13.65,shipmonk_estimate,USD
252350,7658056352054,Cattasaurus - shoproxstore - Shopify,direct_to_consumer,fulfilled,2026-09-16,2026-09-17,2026-09-16,PA2,OnTrac,1,1,12.17,1.9,0.0,14.07,shipmonk_estimate,USD
252351,7658080239926,Cattasaurus - shoproxstore - Shopify,direct_to_consumer,fulfilled,2026-09-16,2026-09-17,2026-09-16,NV3,UPS,2,1,25.27,2.22,0.0,27.49,shipmonk_estimate,USD
252352,7658081124662,Cattasaurus - shoproxstore - Shopify,direct_to_consumer,fulfilled,2026-09-16,2026-09-17,2026-09-16,NV3,UPS,2,1,23.1,2.22,0.0,25.32,shipmonk_estimate,USD
252353,7658103472438,Cattasaurus - shoproxstore - Shopify,direct_to_consumer,onhold,2026-09-16,,2026-09-16,PA2,ShipMonk,2,0,12.14,3.16,0.0,15.3,shipmonk_estimate,USD
252354,7658113237302,Cattasaurus - shoproxstore - Shopify,direct_to_consumer,fulfilled,2026-09-16,2026-09-17,2026-09-16,PA2,OnTrac,2,1,10.38,2.22,0.0,12.6,shipmonk_estimate,USD
252355,7658115465526,Cattasaurus - shoproxstore - Shopify,direct_to_consumer,fulfilled,2026-09-16,2026-09-17,2026-09-16,PA2,OnTrac,2,1,11.75,2.22,0.0,13.97,shipmonk_estimate,USD
252356,7658127032630,Cattasaurus - shoproxstore - Shopify,direct_to_consumer,onhold,2026-09-16,,2026-09-16,NV3,ShipMonk,2,0,24.74,3.16,0.0,27.9,shipmonk_estimate,USD
252357,7658139025718,Cattasaurus - shoproxstore - Shopify,direct_to_consumer,onhold,2026-09-16,,2026-09-16,PA2,ShipMonk,1,0,12.14,1.58,0.0,13.72,shipmonk_estimate,USD
252358,7658149085494,Cattasaurus - shoproxstore - Shopify,direct_to_consumer,onhold,2026-09-16,,2026-09-16,PA2,ShipMonk,2,0,20.53,3.16,0.0,23.69,shipmonk_estimate,USD
252359,7658163601718,Cattasaurus - shoproxstore - Shopify,direct_to_consumer,fulfilled,2026-09-16,2026-09-17,2026-09-16,PA2,OnTrac,2,1,20.53,2.22,0.0,22.75,shipmonk_estimate,USD
252360,7658182443318,Cattasaurus - shoproxstore - Shopify,direct_to_consumer,fulfilled,2026-09-16,2026-09-17,2026-09-16,PA2,OnTrac,2,1,16.95,2.22,0.0,19.17,shipmonk_estimate,USD
252361,7658193125686,Cattasaurus - shoproxstore - Shopify,direct_to_consumer,fulfilled,2026-09-16,2026-09-17,2026-09-16,PA2,OnTrac,2,1,20.53,2.22,0.0,22.75,shipmonk_estimate,USD
252362,7658202005814,Cattasaurus - shoproxstore - Shopify,direct_to_consumer,fulfilled,2026-09-16,2026-09-17,2026-09-16,NV3,Cirro,2,1,11.75,2.22,0.0,13.97,shipmonk_estimate,USD
252363,7658202792246,Cattasaurus - shoproxstore - Shopify,direct_to_consumer,fulfilled,2026-09-16,2026-09-17,2026-09-16,NV3,UPS,2,1,25.27,2.22,0.0,27.49,shipmonk_estimate,USD
252364,7658224189750,Cattasaurus - shoproxstore - Shopify,direct_to_consumer,fulfilled,2026-09-16,2026-09-17,2026-09-16,PA2,OnTrac,2,1,20.53,2.22,0.0,22.75,shipmonk_estimate,USD
252367,7658248339766,Cattasaurus - shoproxstore - Shopify,direct_to_consumer,fulfilled,2026-09-16,2026-09-17,2026-09-16,PA2,UPS,2,1,19.02,2.86,0.0,21.88,shipmonk_estimate,USD
252368,7658263937334,Cattasaurus - shoproxstore - Shopify,direct_to_consumer,fulfilled,2026-09-16,2026-09-17,2026-09-16,NV3,OnTrac,2,1,23.49,2.22,0.0,25.71,shipmonk_estimate,USD
252369,7658285269302,Cattasaurus - shoproxstore - Shopify,direct_to_consumer,fulfilled,2026-09-16,2026-09-17,2026-09-16,PA2,UPS,2,1,16.9,2.22,0.0,19.12,shipmonk_estimate,USD
252371,7658317545782,Cattasaurus - shoproxstore - Shopify,direct_to_consumer,fulfilled,2026-09-16,2026-09-17,2026-09-16,NV3,OnTrac,2,1,23.49,2.22,0.0,25.71,shipmonk_estimate,USD
252372,7658336289078,Cattasaurus - shoproxstore - Shopify,direct_to_consumer,fulfilled,2026-09-16,2026-09-17,2026-09-16,NV3,UPS,1,1,16.95,1.9,0.0,18.85,shipmonk_estimate,USD
252375,7658415423798,Cattasaurus - shoproxstore - Shopify,direct_to_consumer,fulfilled,2026-09-16,2026-09-17,2026-09-16,PA2,OnTrac,3,1,22.31,2.86,0.0,25.17,shipmonk_estimate,USD
252376,7658439442742,Cattasaurus - shoproxstore - Shopify,direct_to_consumer,onhold,2026-09-16,,2026-09-16,NV3,ShipMonk,2,0,17.24,3.16,0.0,20.4,shipmonk_estimate,USD
252377,7658447667510,Cattasaurus - shoproxstore - Shopify,direct_to_consumer,fulfilled,2026-09-16,2026-09-17,2026-09-16,NV3,FedEx,2,1,18.3,2.22,0.0,20.52,shipmonk_estimate,USD
252379,7658458480950,Cattasaurus - shoproxstore - Shopify,direct_to_consumer,onhold,2026-09-16,,2026-09-16,PA2,ShipMonk,1,0,15.17,1.9,0.0,17.07,shipmonk_estimate,USD
252380,7658468081974,Cattasaurus - shoproxstore - Shopify,direct_to_consumer,fulfilled,2026-09-16,2026-09-17,2026-09-16,PA2,OnTrac,2,1,15.12,2.22,0.0,17.34,shipmonk_estimate,USD
252382,7658471817526,Cattasaurus - shoproxstore - Shopify,direct_to_consumer,fulfilled,2026-09-16,2026-09-17,2026-09-16,PA2,UPS,2,1,22.31,2.22,0.0,24.53,shipmonk_estimate,USD
252383,7658503831862,Cattasaurus - shoproxstore - Shopify,direct_to_consumer,fulfilled,2026-09-16,2026-09-17,2026-09-16,NV3,UPS,2,1,20.08,2.22,0.0,22.3,shipmonk_estimate,USD
252384,7658525851958,Cattasaurus - shoproxstore - Shopify,direct_to_consumer,fulfilled,2026-09-16,2026-09-17,2026-09-16,NV3,UPS,3,2,19.36,4.12,0.0,23.48,shipmonk_estimate,USD
252385,7658531455286,Cattasaurus - shoproxstore - Shopify,direct_to_consumer,fulfilled,2026-09-16,2026-09-17,2026-09-16,PA2,OnTrac,2,1,11.75,2.22,0.0,13.97,shipmonk_estimate,USD
252386,7658534338870,Cattasaurus - shoproxstore - Shopify,direct_to_consumer,fulfilled,2026-09-16,2026-09-17,2026-09-16,NV3,FedEx,2,1,12.64,2.22,0.0,14.86,shipmonk_estimate,USD
252387,7658563141942,Cattasaurus - shoproxstore - Shopify,direct_to_consumer,fulfilled,2026-09-16,2026-09-17,2026-09-16,NV3,FedEx,1,1,23.49,1.9,0.0,25.39,shipmonk_estimate,USD
252388,7658569531702,Cattasaurus - shoproxstore - Shopify,direct_to_consumer,onhold,2026-09-16,,2026-09-16,NV3,ShipMonk,2,0,19.02,3.16,0.0,22.18,shipmonk_estimate,USD
252389,7658621567286,Cattasaurus - shoproxstore - Shopify,direct_to_consumer,fulfilled,2026-09-16,2026-09-17,2026-09-16,NV3,OnTrac,2,1,24.74,2.22,0.0,26.96,shipmonk_estimate,USD
252390,7658689003830,Cattasaurus - shoproxstore - Shopify,direct_to_consumer,fulfilled,2026-09-16,2026-09-18,2026-09-16,PA2,UPS,3,1,19.02,2.54,0.0,21.56,shipmonk_estimate,USD
252391,7658718232886,Cattasaurus - shoproxstore - Shopify,direct_to_consumer,fulfilled,2026-09-16,2026-09-18,2026-09-16,NV3,OnTrac,2,1,20.53,2.22,0.0,22.75,shipmonk_estimate,USD
252392,7658718724406,Cattasaurus - shoproxstore - Shopify,direct_to_consumer,onhold,2026-09-16,,2026-09-16,NV3,ShipMonk,2,0,20.08,10.5,0.0,30.58,shipmonk_estimate,USD
252393,7658729767222,Cattasaurus - shoproxstore - Shopify,direct_to_consumer,fulfilled,2026-09-16,2026-09-17,2026-09-16,NV3,OnTrac,1,1,15.17,1.9,0.0,17.07,shipmonk_estimate,USD
252394,7658739466550,Cattasaurus - shoproxstore - Shopify,direct_to_consumer,fulfilled,2026-09-16,2026-09-17,2026-09-16,NV3,OnTrac,1,1,16.52,1.9,0.0,18.42,shipmonk_estimate,USD
252395,7658763616566,Cattasaurus - shoproxstore - Shopify,direct_to_consumer,fulfilled,2026-09-16,2026-09-17,2026-09-16,NV3,OnTrac,2,1,15.17,2.22,0.0,17.39,shipmonk_estimate,USD
252396,7658822598966,Cattasaurus - shoproxstore - Shopify,direct_to_consumer,onhold,2026-09-16,,2026-09-16,NV3,ShipMonk,2,0,15.17,3.16,0.0,18.33,shipmonk_estimate,USD
252397,7658834329910,Cattasaurus - shoproxstore - Shopify,direct_to_consumer,fulfilled,2026-09-16,2026-09-18,2026-09-16,PA2,OnTrac,2,1,15.12,2.22,0.0,17.34,shipmonk_estimate,USD
252399,7658950558006,Cattasaurus - shoproxstore - Shopify,direct_to_consumer,fulfilled,2026-09-16,2026-09-18,2026-09-16,NV3,OnTrac,1,1,11.75,1.9,0.0,13.65,shipmonk_estimate,USD
252401,7658994434358,Cattasaurus - shoproxstore - Shopify,direct_to_consumer,fulfilled,2026-09-16,2026-09-18,2026-09-16,NV3,UPS,3,1,26.52,3.18,0.0,29.7,shipmonk_estimate,USD
252402,7659093360950,Cattasaurus - shoproxstore - Shopify,direct_to_consumer,fulfilled,2026-09-16,2026-09-18,2026-09-16,PA2,OnTrac,2,1,12.14,2.22,0.0,14.36,shipmonk_estimate,USD
252403,7659093983542,Cattasaurus - shoproxstore - Shopify,direct_to_consumer,onhold,2026-09-16,,2026-09-16,NV3,ShipMonk,2,0,20.08,8.41,0.0,28.49,shipmonk_estimate,USD
252404,7659102601526,Cattasaurus - shoproxstore - Shopify,direct_to_consumer,fulfilled,2026-09-16,2026-09-18,2026-09-16,NV3,UPS,1,1,14.42,1.9,0.0,16.32,shipmonk_estimate,USD
252405,7659134648630,Cattasaurus - shoproxstore - Shopify,direct_to_consumer,fulfilled,2026-09-16,2026-09-19,2026-09-16,NV3,OnTrac,3,1,30.69,2.54,0.0,33.23,shipmonk_estimate,USD
252406,7659179901238,Cattasaurus - shoproxstore - Shopify,direct_to_consumer,fulfilled,2026-09-16,2026-09-18,2026-09-16,PA2,FedEx,2,1,20.53,2.22,0.0,22.75,shipmonk_estimate,USD
252407,7659185340726,Cattasaurus - shoproxstore - Shopify,direct_to_consumer,fulfilled,2026-09-16,2026-09-19,2026-09-16,PA2,UPS,2,1,19.02,2.22,0.0,21.24,shipmonk_estimate,USD
252408,7659205558582,Cattasaurus - shoproxstore - Shopify,direct_to_consumer,fulfilled,2026-09-16,2026-09-18,2026-09-16,PA2,OnTrac,1,1,13.92,1.9,0.0,15.82,shipmonk_estimate,USD
252409,7659252613430,Cattasaurus - shoproxstore - Shopify,direct_to_consumer,fulfilled,2026-09-16,2026-09-18,2026-09-16,PA2,FedEx,2,1,19.02,2.22,0.0,21.24,shipmonk_estimate,USD
252410,7659257725238,Cattasaurus - shoproxstore - Shopify,direct_to_consumer,fulfilled,2026-09-16,2026-09-18,2026-09-16,PA2,OnTrac,2,1,11.75,2.22,0.0,13.97,shipmonk_estimate,USD
252411,7659265556790,Cattasaurus - shoproxstore - Shopify,direct_to_consumer,fulfilled,2026-09-16,2026-09-19,2026-09-16,NV3,UPS,1,1,25.27,1.9,0.0,27.17,shipmonk_estimate,USD
252411_1,f73d51aa-ee8c-4f4b-ad70-e0b27598ec01,Cattasaurus - shoproxstore - Shopify,direct_to_consumer,fulfilled,2026-09-16,2026-09-19,2026-09-16,PA2,UPS,1,1,17.4,1.9,0.0,19.3,shipmonk_estimate,USD
252412,7659296751926,Cattasaurus - shoproxstore - Shopify,direct_to_consumer,fulfilled,2026-09-16,2026-09-18,2026-09-16,NV3,OnTrac,1,1,14.16,2.54,0.0,16.7,shipmonk_estimate,USD
252413,7659334959414,Cattasaurus - shoproxstore - Shopify,direct_to_consumer,fulfilled,2026-09-16,2026-09-18,2026-09-16,NV3,UPS,2,1,16.95,2.22,0.0,19.17,shipmonk_estimate,USD
252414,7659374838070,Cattasaurus - shoproxstore - Shopify,direct_to_consumer,fulfilled,2026-09-16,2026-09-18,2026-09-16,NV3,OnTrac,3,1,23.49,2.54,0.0,26.03,shipmonk_estimate,USD
252415,7659402789174,Cattasaurus - shoproxstore - Shopify,direct_to_consumer,onhold,2026-09-16,,2026-09-16,PA2,ShipMonk,3,0,20.53,3.16,0.0,23.69,shipmonk_estimate,USD
252416,7659413766454,Cattasaurus - shoproxstore - Shopify,direct_to_consumer,fulfilled,2026-09-16,2026-09-18,2026-09-16,NV3,OnTrac,2,1,21.31,2.22,0.0,23.53,shipmonk_estimate,USD
252417,7659462197558,Cattasaurus - shoproxstore - Shopify,direct_to_consumer,fulfilled,2026-09-16,2026-09-18,2026-09-16,NV3,UPS,3,2,33.6,4.12,0.5,38.22,shipmonk_estimate,USD
252418,7659481170230,Cattasaurus - shoproxstore - Shopify,direct_to_consumer,fulfilled,2026-09-16,2026-09-18,2026-09-16,NV3,OnTrac,2,1,19.02,2.22,0.0,21.24,shipmonk_estimate,USD
252419,7659482677558,Cattasaurus - shoproxstore - Shopify,direct_to_consumer,fulfilled,2026-09-16,2026-09-19,2026-09-16,PA2,FedEx,3,1,19.02,2.54,0.0,21.56,shipmonk_estimate,USD
252419_1,be3c6d74-94ef-4ae9-8355-f88431d23364,Cattasaurus - shoproxstore - Shopify,direct_to_consumer,fulfilled,2026-09-16,2026-09-21,2026-09-16,PA2,FedEx,3,1,19.14,2.54,0.0,21.68,shipmonk_estimate,USD
252420,7659498897718,Cattasaurus - shoproxstore - Shopify,direct_to_consumer,fulfilled,2026-09-16,2026-09-18,2026-09-16,NV3,OnTrac,2,1,15.12,2.22,0.0,17.34,shipmonk_estimate,USD
252421,7659508138294,Cattasaurus - shoproxstore - Shopify,direct_to_consumer,fulfilled,2026-09-16,2026-09-19,2026-09-16,NV3,FedEx,2,1,24.74,2.22,0.0,26.96,shipmonk_estimate,USD
252421_1,97b05eb1-6dd6-4a0d-a76f-240a1d74cb03,Cattasaurus - shoproxstore - Shopify,direct_to_consumer,fulfilled,2026-09-16,2026-09-19,2026-09-16,PA2,DHL eCommerce,1,1,7.06,1.58,0.0,8.64,shipmonk_estimate,USD
252422,7659516494134,Cattasaurus - shoproxstore - Shopify,direct_to_consumer,fulfilled,2026-09-16,2026-09-18,2026-09-16,PA2,UPS,3,1,14.42,2.54,0.0,16.96,shipmonk_estimate,USD
252423,7659546575158,Cattasaurus - shoproxstore - Shopify,direct_to_consumer,onhold,2026-09-16,,2026-09-16,NV3,ShipMonk,2,0,15.17,10.5,0.0,25.67,shipmonk_estimate,USD
252424,7659554079030,Cattasaurus - shoproxstore - Shopify,direct_to_consumer,onhold,2026-09-16,,2026-09-16,PA2,ShipMonk,3,0,0.0,3.48,0.0,3.48,shipmonk_estimate,USD
252425,7659558207798,Cattasaurus - shoproxstore - Shopify,direct_to_consumer,fulfilled,2026-09-16,2026-09-18,2026-09-16,NV3,OnTrac,2,1,20.53,2.22,0.0,22.75,shipmonk_estimate,USD
252426,7659576951094,Cattasaurus - shoproxstore - Shopify,direct_to_consumer,fulfilled,2026-09-16,2026-09-18,2026-09-16,NV3,UPS,2,1,25.27,2.22,0.0,27.49,shipmonk_estimate,USD
252427,7659635802422,Cattasaurus - shoproxstore - Shopify,direct_to_consumer,fulfilled,2026-09-16,2026-09-18,2026-09-16,NV3,OnTrac,2,1,15.17,2.22,0.0,17.39,shipmonk_estimate,USD
252428,7659652940086,Cattasaurus - shoproxstore - Shopify,direct_to_consumer,fulfilled,2026-09-16,2026-09-18,2026-09-16,PA2,UPS,2,1,19.02,2.22,0.0,21.24,shipmonk_estimate,USD
252429,7659667882294,Cattasaurus - shoproxstore - Shopify,direct_to_consumer,fulfilled,2026-09-16,2026-09-18,2026-09-16,NV3,UPS,4,1,25.27,3.5,0.0,28.77,shipmonk_estimate,USD
252430,7659700551990,Cattasaurus - shoproxstore - Shopify,direct_to_consumer,fulfilled,2026-09-16,2026-09-18,2026-09-16,NV3,OnTrac,2,1,17.24,4.14,0.0,21.38,shipmonk_estimate,USD
252431,7659723587894,Cattasaurus - shoproxstore - Shopify,direct_to_consumer,fulfilled,2026-09-16,2026-09-18,2026-09-16,NV3,FedEx,2,1,24.74,2.22,0.0,26.96,shipmonk_estimate,USD
252432,7659732697398,Cattasaurus - shoproxstore - Shopify,direct_to_consumer,fulfilled,2026-09-16,2026-09-18,2026-09-16,NV3,OnTrac,1,1,14.42,1.9,0.0,16.32,shipmonk_estimate,USD
252433,7659827265846,Cattasaurus - shoproxstore - Shopify,direct_to_consumer,fulfilled,2026-09-16,2026-09-18,2026-09-16,NV3,OnTrac,2,1,11.34,2.86,0.0,14.2,shipmonk_estimate,USD
252435,7659857838390,Cattasaurus - shoproxstore - Shopify,direct_to_consumer,fulfilled,2026-09-16,2026-09-18,2026-09-16,NV3,OnTrac,1,1,29.18,1.9,0.0,31.08,shipmonk_estimate,USD
252436,7659875664182,Cattasaurus - shoproxstore - Shopify,direct_to_consumer,onhold,2026-09-16,,2026-09-16,NV3,ShipMonk,2,0,16.95,3.16,0.0,20.11,shipmonk_estimate,USD
252437,7659922129206,Cattasaurus - shoproxstore - Shopify,direct_to_consumer,fulfilled,2026-09-16,2026-09-19,2026-09-16,NV3,OnTrac,2,1,16.9,2.22,0.0,19.12,shipmonk_estimate,USD
252437_1,d831c288-6a17-4d5a-8da0-51f3858193e3,Cattasaurus - shoproxstore - Shopify,direct_to_consumer,fulfilled,2026-09-16,2026-09-19,2026-09-16,NV3,OnTrac,1,1,16.9,3.82,0.0,20.72,shipmonk_estimate,USD
252438,7659948015926,Cattasaurus - shoproxstore - Shopify,direct_to_consumer,fulfilled,2026-09-16,2026-09-19,2026-09-16,PA2,FedEx,3,1,19.02,2.54,0.0,21.56,shipmonk_estimate,USD
252438_1,ca0d0b14-f554-4f73-944b-c7e64f477415,Cattasaurus - shoproxstore - Shopify,direct_to_consumer,fulfilled,2026-09-16,2026-09-19,2026-09-16,PA2,FedEx,2,1,15.17,2.22,0.0,17.39,shipmonk_estimate,USD
577565455023641047-01,932818ef-ef30-46d6-8425-22f8ff28e4c3,Cattasaurus - Manual Store,direct_to_consumer,fulfilled,2026-09-16,2026-09-16,2026-09-16,NV3,OnTrac,2,1,33.8,2.22,0.0,36.02,shipmonk_estimate,USD
113-2166254-9385823,113-2166254-9385823,Cattasaurus - Amazon USA,direct_to_consumer,fulfilled,2026-09-17,2026-09-18,2026-09-17,PA2,OnTrac,1,1,13.09,1.9,0.0,14.99,shipmonk_estimate,USD
200015499025535,129126184891449,Cattasaurus - Walmart,direct_to_consumer,fulfilled,2026-09-17,2026-09-18,2026-09-17,NV3,FedEx,1,1,21.31,1.9,0.0,23.21,shipmonk_estimate,USD
241581-01,87b6e233-5408-4b3a-bbf6-9f2484f5b6af,Cattasaurus - shoproxstore - Shopify,direct_to_consumer,fulfilled,2026-09-17,2026-09-19,2026-09-17,NV3,OnTrac,2,1,18.3,2.22,0.0,20.52,shipmonk_estimate,USD
252439,7659999232310,Cattasaurus - shoproxstore - Shopify,direct_to_consumer,fulfilled,2026-09-17,2026-09-18,2026-09-17,NV3,OnTrac,2,1,24.74,2.22,0.0,26.96,shipmonk_estimate,USD
252451,7660144525622,Cattasaurus - shoproxstore - Shopify,direct_to_consumer,fulfilled,2026-09-17,2026-09-18,2026-09-17,PA2,OnTrac,2,1,15.17,2.22,0.0,17.39,shipmonk_estimate,USD
252452,7660177260854,Cattasaurus - shoproxstore - Shopify,direct_to_consumer,onhold,2026-09-17,,2026-09-17,NV3,ShipMonk,2,0,25.27,3.16,0.0,28.43,shipmonk_estimate,USD
252453,7660277989686,Cattasaurus - shoproxstore - Shopify,direct_to_consumer,fulfilled,2026-09-17,2026-09-18,2026-09-17,PA2,OnTrac,1,1,19.84,2.22,0.0,22.06,shipmonk_estimate,USD
252454,7660296995126,Cattasaurus - shoproxstore - Shopify,direct_to_consumer,fulfilled,2026-09-17,2026-09-19,2026-09-17,NV3,OnTrac,2,1,33.8,2.22,0.0,36.02,shipmonk_estimate,USD
252455,7660337824054,Cattasaurus - shoproxstore - Shopify,direct_to_consumer,fulfilled,2026-09-17,2026-09-18,2026-09-17,NV3,UPS,2,1,14.42,2.22,0.0,16.64,shipmonk_estimate,USD
252456,7660343263542,Cattasaurus - shoproxstore - Shopify,direct_to_consumer,onhold,2026-09-17,,2026-09-17,PA2,ShipMonk,2,0,18.3,3.16,0.0,21.46,shipmonk_estimate,USD
252457,7660377047350,Cattasaurus - shoproxstore - Shopify,direct_to_consumer,fulfilled,2026-09-17,2026-09-18,2026-09-17,NV3,OnTrac,2,1,15.12,2.86,0.0,17.98,shipmonk_estimate,USD
252458,7660382421302,Cattasaurus - shoproxstore - Shopify,direct_to_consumer,fulfilled,2026-09-17,2026-09-18,2026-09-17,PA2,OnTrac,2,1,12.64,2.22,0.0,14.86,shipmonk_estimate,USD
252459,7660387500342,Cattasaurus - shoproxstore - Shopify,direct_to_consumer,fulfilled,2026-09-17,2026-09-18,2026-09-17,NV3,OnTrac,2,1,19.02,2.22,0.0,21.24,shipmonk_estimate,USD
252460,7660396413238,Cattasaurus - shoproxstore - Shopify,direct_to_consumer,fulfilled,2026-09-17,2026-09-18,2026-09-17,PA2,OnTrac,2,1,12.14,2.22,0.0,14.36,shipmonk_estimate,USD
252461,7660414075190,Cattasaurus - shoproxstore - Shopify,direct_to_consumer,onhold,2026-09-17,,2026-09-17,PA2,ShipMonk,2,0,20.53,3.16,0.0,23.69,shipmonk_estimate,USD
252462,7660415648054,Cattasaurus - shoproxstore - Shopify,direct_to_consumer,fulfilled,2026-09-17,2026-09-18,2026-09-17,NV3,UPS,2,2,31.43,4.44,0.0,35.87,shipmonk_estimate,USD
252464,7660457525558,Cattasaurus - shoproxstore - Shopify,direct_to_consumer,fulfilled,2026-09-17,2026-09-18,2026-09-17,PA2,OnTrac,2,1,12.14,2.22,0.0,14.36,shipmonk_estimate,USD
252465,7660457787702,Cattasaurus - shoproxstore - Shopify,direct_to_consumer,onhold,2026-09-17,,2026-09-17,NV3,ShipMonk,5,0,0.0,10.31,0.0,10.31,shipmonk_estimate,USD
252466,7660492816694,Cattasaurus - shoproxstore - Shopify,direct_to_consumer,onhold,2026-09-17,,2026-09-17,PA2,ShipMonk,1,0,10.38,1.9,0.0,12.28,shipmonk_estimate,USD
252467,7660505235766,Cattasaurus - shoproxstore - Shopify,direct_to_consumer,fulfilled,2026-09-17,2026-09-18,2026-09-17,NV3,OnTrac,1,1,16.95,1.9,0.0,18.85,shipmonk_estimate,USD
252468,7660548981046,Cattasaurus - shoproxstore - Shopify,direct_to_consumer,onhold,2026-09-17,,2026-09-17,NV3,ShipMonk,1,0,14.42,1.9,0.0,16.32,shipmonk_estimate,USD
252469,7660596232502,Cattasaurus - shoproxstore - Shopify,direct_to_consumer,onhold,2026-09-17,,2026-09-17,NV3,ShipMonk,2,0,25.27,3.16,0.0,28.43,shipmonk_estimate,USD
252470,7660598395190,Cattasaurus - shoproxstore - Shopify,direct_to_consumer,fulfilled,2026-09-17,2026-09-18,2026-09-17,NV3,FedEx,2,1,23.49,2.22,0.0,25.71,shipmonk_estimate,USD
252471,7660609765686,Cattasaurus - shoproxstore - Shopify,direct_to_consumer,fulfilled,2026-09-17,2026-09-18,2026-09-17,PA2,OnTrac,2,1,10.38,2.22,0.0,12.6,shipmonk_estimate,USD
252472,7660631589174,Cattasaurus - shoproxstore - Shopify,direct_to_consumer,fulfilled,2026-09-17,2026-09-19,2026-09-17,NV3,OnTrac,2,1,33.8,2.22,0.0,36.02,shipmonk_estimate,USD
252473,7660671009078,Cattasaurus - shoproxstore - Shopify,direct_to_consumer,fulfilled,2026-09-17,2026-09-18,2026-09-17,PA2,OnTrac,2,1,10.38,2.22,0.0,12.6,shipmonk_estimate,USD
252475,7660707578166,Cattasaurus - shoproxstore - Shopify,direct_to_consumer,fulfilled,2026-09-17,2026-09-18,2026-09-17,PA2,FedEx,2,1,20.53,2.22,0.0,22.75,shipmonk_estimate,USD
252476,7660722061622,Cattasaurus - shoproxstore - Shopify,direct_to_consumer,onhold,2026-09-17,,2026-09-17,NV3,ShipMonk,3,0,0.0,4.74,0.0,4.74,shipmonk_estimate,USD
252477,7660726616374,Cattasaurus - shoproxstore - Shopify,direct_to_consumer,fulfilled,2026-09-17,2026-09-18,2026-09-17,NV3,OnTrac,3,1,23.49,2.54,0.0,26.03,shipmonk_estimate,USD
252478,7660734349622,Cattasaurus - shoproxstore - Shopify,direct_to_consumer,onhold,2026-09-17,,2026-09-17,PA2,ShipMonk,2,0,16.9,4.74,0.0,21.64,shipmonk_estimate,USD
252479,7660734644534,Cattasaurus - shoproxstore - Shopify,direct_to_consumer,fulfilled,2026-09-17,2026-09-18,2026-09-17,NV3,OnTrac,2,1,20.53,2.22,0.0,22.75,shipmonk_estimate,USD
252480,7660739330358,Cattasaurus - shoproxstore - Shopify,direct_to_consumer,onhold,2026-09-17,,2026-09-17,NV3,ShipMonk,3,0,23.49,3.16,0.0,26.65,shipmonk_estimate,USD
252481,7660747456822,Cattasaurus - shoproxstore - Shopify,direct_to_consumer,fulfilled,2026-09-17,2026-09-18,2026-09-17,NV3,Cirro,2,1,11.75,2.22,0.0,13.97,shipmonk_estimate,USD
252482,7660769411382,Cattasaurus - shoproxstore - Shopify,direct_to_consumer,fulfilled,2026-09-17,2026-09-18,2026-09-17,PA2,OnTrac,2,1,24.74,2.22,0.0,26.96,shipmonk_estimate,USD
252483,7660778815798,Cattasaurus - shoproxstore - Shopify,direct_to_consumer,fulfilled,2026-09-17,2026-09-18,2026-09-17,NV3,OnTrac,2,1,16.9,1.9,0.0,18.8,shipmonk_estimate,USD
252484,7660788318518,Cattasaurus - shoproxstore - Shopify,direct_to_consumer,fulfilled,2026-09-17,2026-09-18,2026-09-17,PA2,OnTrac,2,1,10.38,2.22,0.0,12.6,shipmonk_estimate,USD
252486,7660805128502,Cattasaurus - shoproxstore - Shopify,direct_to_consumer,fulfilled,2026-09-17,2026-09-18,2026-09-17,NV3,FedEx,1,1,21.31,1.9,0.0,23.21,shipmonk_estimate,USD
252487,7660831539510,Cattasaurus - shoproxstore - Shopify,direct_to_consumer,onhold,2026-09-17,,2026-09-17,PA2,ShipMonk,2,0,19.02,4.74,0.0,23.76,shipmonk_estimate,USD
252488,7660863258934,Cattasaurus - shoproxstore - Shopify,direct_to_consumer,fulfilled,2026-09-17,2026-09-18,2026-09-17,NV3,OnTrac,2,1,14.42,2.22,0.0,16.64,shipmonk_estimate,USD
252489,7660867486006,Cattasaurus - shoproxstore - Shopify,direct_to_consumer,fulfilled,2026-09-17,2026-09-18,2026-09-17,NV3,OnTrac,3,1,21.31,2.54,0.0,23.85,shipmonk_estimate,USD
252490,7660877513014,Cattasaurus - shoproxstore - Shopify,direct_to_consumer,fulfilled,2026-09-17,2026-09-19,2026-09-17,PA2,UPS,2,1,13.31,2.22,0.0,15.53,shipmonk_estimate,USD
252491,7660892717366,Cattasaurus - shoproxstore - Shopify,direct_to_consumer,fulfilled,2026-09-17,2026-09-19,2026-09-17,PA2,UPS,1,1,19.02,1.9,0.0,20.92,shipmonk_estimate,USD
252491_1,fbe42eca-6860-477b-b270-c46557380d4a,Cattasaurus - shoproxstore - Shopify,direct_to_consumer,fulfilled,2026-09-17,2026-09-19,2026-09-17,NV3,UPS,2,1,25.27,2.22,0.0,27.49,shipmonk_estimate,USD
252493,7660921422134,Cattasaurus - shoproxstore - Shopify,direct_to_consumer,fulfilled,2026-09-17,2026-09-18,2026-09-17,NV3,DHL eCommerce,2,1,7.31,1.9,0.5,9.71,shipmonk_estimate,USD
252495,7660955599158,Cattasaurus - shoproxstore - Shopify,direct_to_consumer,fulfilled,2026-09-17,2026-09-19,2026-09-17,PA2,OnTrac,2,1,10.38,2.22,0.0,12.6,shipmonk_estimate,USD
252496,7660982468918,Cattasaurus - shoproxstore - Shopify,direct_to_consumer,fulfilled,2026-09-17,2026-09-19,2026-09-17,PA2,OnTrac,1,1,11.75,1.9,0.0,13.65,shipmonk_estimate,USD
252497,7661000884534,Cattasaurus - shoproxstore - Shopify,direct_to_consumer,fulfilled,2026-09-17,2026-09-19,2026-09-17,PA2,OnTrac,2,1,15.12,2.22,0.0,17.34,shipmonk_estimate,USD
252498,7661007110454,Cattasaurus - shoproxstore - Shopify,direct_to_consumer,onhold,2026-09-17,,2026-09-17,NV3,ShipMonk,2,0,23.49,8.41,0.0,31.9,shipmonk_estimate,USD
252499,7661022773558,Cattasaurus - shoproxstore - Shopify,direct_to_consumer,fulfilled,2026-09-17,2026-09-18,2026-09-17,NV3,OnTrac,2,1,15.17,2.22,0.0,17.39,shipmonk_estimate,USD
252500,7661026443574,Cattasaurus - shoproxstore - Shopify,direct_to_consumer,onhold,2026-09-17,,2026-09-17,NV3,ShipMonk,1,0,22.31,1.58,0.0,23.89,shipmonk_estimate,USD
252501,7661069009206,Cattasaurus - shoproxstore - Shopify,direct_to_consumer,fulfilled,2026-09-17,2026-09-18,2026-09-17,NV3,Cirro,2,1,11.75,2.22,0.0,13.97,shipmonk_estimate,USD
252502,7661123928374,Cattasaurus - shoproxstore - Shopify,direct_to_consumer,onhold,2026-09-17,,2026-09-17,NV3,ShipMonk,2,0,23.49,10.5,0.0,33.99,shipmonk_estimate,USD
252503,7661169344822,Cattasaurus - shoproxstore - Shopify,direct_to_consumer,fulfilled,2026-09-17,2026-09-19,2026-09-17,PA2,OnTrac,2,1,17.24,2.22,0.0,19.46,shipmonk_estimate,USD
252504,7661180518710,Cattasaurus - shoproxstore - Shopify,direct_to_consumer,fulfilled,2026-09-17,2026-09-19,2026-09-17,NV3,Cirro,1,1,8.12,1.58,0.0,9.7,shipmonk_estimate,USD
252504_1,88f97600-12e8-48f5-b9a2-0ec183e103c3,Cattasaurus - shoproxstore - Shopify,direct_to_consumer,fulfilled,2026-09-17,2026-09-19,2026-09-17,NV3,OnTrac,1,1,5.1,1.58,0.3,6.98,shipmonk_estimate,USD
252505,7661181894966,Cattasaurus - shoproxstore - Shopify,direct_to_consumer,fulfilled,2026-09-17,2026-09-19,2026-09-17,NV3,OnTrac,3,1,18.3,2.54,0.0,20.84,shipmonk_estimate,USD
252506,7661231931702,Cattasaurus - shoproxstore - Shopify,direct_to_consumer,fulfilled,2026-09-17,2026-09-19,2026-09-17,NV3,OnTrac,1,1,23.49,1.9,0.0,25.39,shipmonk_estimate,USD
252507,7661259391286,Cattasaurus - shoproxstore - Shopify,direct_to_consumer,fulfilled,2026-09-17,2026-09-19,2026-09-17,PA2,OnTrac,2,1,12.64,2.22,0.0,14.86,shipmonk_estimate,USD
252508,7661272236342,Cattasaurus - shoproxstore - Shopify,direct_to_consumer,fulfilled,2026-09-17,2026-09-19,2026-09-17,PA2,FedEx,4,1,17.24,3.5,0.0,20.74,shipmonk_estimate,USD
252509,7661274792246,Cattasaurus - shoproxstore - Shopify,direct_to_consumer,fulfilled,2026-09-17,2026-09-19,2026-09-17,PA2,OnTrac,2,1,22.31,2.22,0.0,24.53,shipmonk_estimate,USD
252510,7661276135734,Cattasaurus - shoproxstore - Shopify,direct_to_consumer,fulfilled,2026-09-17,2026-09-19,2026-09-17,NV3,FedEx,2,1,18.3,2.22,0.0,20.52,shipmonk_estimate,USD
252511,7661279183158,Cattasaurus - shoproxstore - Shopify,direct_to_consumer,fulfilled,2026-09-17,2026-09-19,2026-09-17,PA2,OnTrac,2,1,12.64,2.22,0.0,14.86,shipmonk_estimate,USD
252512,7661285409078,Cattasaurus - shoproxstore - Shopify,direct_to_consumer,fulfilled,2026-09-17,2026-09-19,2026-09-17,PA2,OnTrac,2,1,20.53,2.22,0.0,22.75,shipmonk_estimate,USD
252513,7661293568310,Cattasaurus - shoproxstore - Shopify,direct_to_consumer,fulfilled,2026-09-17,2026-09-19,2026-09-17,NV3,UPS,4,1,13.09,2.86,0.0,15.95,shipmonk_estimate,USD
252515,7661326893366,Cattasaurus - shoproxstore - Shopify,direct_to_consumer,fulfilled,2026-09-17,2026-09-19,2026-09-17,NV3,OnTrac,2,1,14.42,2.22,0.0,16.64,shipmonk_estimate,USD
252516,7661336789302,Cattasaurus - shoproxstore - Shopify,direct_to_consumer,fulfilled,2026-09-17,2026-09-19,2026-09-17,NV3,OnTrac,1,1,12.64,1.9,0.0,14.54,shipmonk_estimate,USD
252518,7661345898806,Cattasaurus - shoproxstore - Shopify,direct_to_consumer,fulfilled,2026-09-17,2026-09-19,2026-09-17,PA2,OnTrac,2,1,10.38,2.22,0.0,12.6,shipmonk_estimate,USD
252519,7661358383414,Cattasaurus - shoproxstore - Shopify,direct_to_consumer,fulfilled,2026-09-17,2026-09-19,2026-09-17,NV3,OnTrac,2,1,23.49,2.22,0.0,25.71,shipmonk_estimate,USD
252519_1,7c017abe-921f-4d07-9a21-250cae40efbe,Cattasaurus - shoproxstore - Shopify,direct_to_consumer,fulfilled,2026-09-17,2026-09-20,2026-09-17,NV3,OnTrac,2,1,23.49,2.22,0.0,25.71,shipmonk_estimate,USD
252520,7661369458998,Cattasaurus - shoproxstore - Shopify,direct_to_consumer,fulfilled,2026-09-17,2026-09-19,2026-09-17,NV3,OnTrac,2,1,24.74,2.22,0.0,26.96,shipmonk_estimate,USD
252521,7661370704182,Cattasaurus - shoproxstore - Shopify,direct_to_consumer,fulfilled,2026-09-17,2026-09-19,2026-09-17,PA2,Cirro,2,1,11.75,2.22,0.0,13.97,shipmonk_estimate,USD
252522,7661371719990,Cattasaurus - shoproxstore - Shopify,direct_to_consumer,onhold,2026-09-17,,2026-09-17,PA2,ShipMonk,2,0,12.64,3.16,0.0,15.8,shipmonk_estimate,USD
252523,7661375127862,Cattasaurus - shoproxstore - Shopify,direct_to_consumer,onhold,2026-09-17,,2026-09-17,NV3,ShipMonk,2,0,15.12,3.16,0.0,18.28,shipmonk_estimate,USD
252524,7661380272438,Cattasaurus - shoproxstore - Shopify,direct_to_consumer,onhold,2026-09-17,,2026-09-17,NV3,ShipMonk,2,0,11.75,3.16,0.0,14.91,shipmonk_estimate,USD
252525,7661398327606,Cattasaurus - shoproxstore - Shopify,direct_to_consumer,fulfilled,2026-09-17,2026-09-19,2026-09-17,PA2,FedEx,2,1,17.24,2.22,0.0,19.46,shipmonk_estimate,USD
252526,7661398884662,Cattasaurus - shoproxstore - Shopify,direct_to_consumer,fulfilled,2026-09-17,2026-09-19,2026-09-17,PA2,OnTrac,2,1,14.42,2.22,0.0,16.64,shipmonk_estimate,USD
252527,7661418152246,Cattasaurus - shoproxstore - Shopify,direct_to_consumer,fulfilled,2026-09-17,2026-09-19,2026-09-17,NV3,OnTrac,2,1,15.17,2.22,0.0,17.39,shipmonk_estimate,USD
252528,7661421363510,Cattasaurus - shoproxstore - Shopify,direct_to_consumer,fulfilled,2026-09-17,2026-09-19,2026-09-17,PA2,OnTrac,2,1,20.53,2.22,0.0,22.75,shipmonk_estimate,USD
252529,7661421691190,Cattasaurus - shoproxstore - Shopify,direct_to_consumer,fulfilled,2026-09-17,2026-09-19,2026-09-17,NV3,OnTrac,2,1,10.38,2.22,0.0,12.6,shipmonk_estimate,USD
252530,7661422412086,Cattasaurus - shoproxstore - Shopify,direct_to_consumer,fulfilled,2026-09-17,2026-09-19,2026-09-17,NV3,FedEx,2,1,18.3,2.22,0.0,20.52,shipmonk_estimate,USD
252531,7661455147318,Cattasaurus - shoproxstore - Shopify,direct_to_consumer,fulfilled,2026-09-17,2026-09-19,2026-09-17,NV3,UPS,2,1,14.42,2.22,0.0,16.64,shipmonk_estimate,USD
252532,7661483393334,Cattasaurus - shoproxstore - Shopify,direct_to_consumer,fulfilled,2026-09-17,2026-09-19,2026-09-17,NV3,OnTrac,2,1,18.3,2.22,0.0,20.52,shipmonk_estimate,USD
252533,7661505151286,Cattasaurus - shoproxstore - Shopify,direct_to_consumer,fulfilled,2026-09-17,2026-09-19,2026-09-17,NV3,UPS,2,1,23.1,2.22,0.0,25.32,shipmonk_estimate,USD
252534,7661508591926,Cattasaurus - shoproxstore - Shopify,direct_to_consumer,fulfilled,2026-09-17,2026-09-19,2026-09-17,PA2,OnTrac,2,1,15.12,2.22,0.0,17.34,shipmonk_estimate,USD
252535,7661518422326,Cattasaurus - shoproxstore - Shopify,direct_to_consumer,fulfilled,2026-09-17,2026-09-18,2026-09-17,PA2,OnTrac,3,1,20.53,2.54,0.0,23.07,shipmonk_estimate,USD
252536,7661545357622,Cattasaurus - shoproxstore - Shopify,direct_to_consumer,onhold,2026-09-17,,2026-09-17,NV3,ShipMonk,2,0,20.53,3.16,0.0,23.69,shipmonk_estimate,USD
252537,7661597851958,Cattasaurus - shoproxstore - Shopify,direct_to_consumer,fulfilled,2026-09-17,2026-09-19,2026-09-17,PA2,OnTrac,2,1,14.42,2.22,0.0,16.64,shipmonk_estimate,USD
252538,7661602275638,Cattasaurus - shoproxstore - Shopify,direct_to_consumer,fulfilled,2026-09-17,2026-09-19,2026-09-17,PA2,FedEx,2,1,20.53,2.22,0.0,22.75,shipmonk_estimate,USD
252539,7661604274486,Cattasaurus - shoproxstore - Shopify,direct_to_consumer,fulfilled,2026-09-17,2026-09-19,2026-09-17,NV3,OnTrac,2,1,16.9,2.22,0.0,19.12,shipmonk_estimate,USD
252540,7661610565942,Cattasaurus - shoproxstore - Shopify,direct_to_consumer,fulfilled,2026-09-17,2026-09-19,2026-09-17,NV3,OnTrac,1,1,20.08,1.9,0.0,21.98,shipmonk_estimate,USD
252541,7661628358966,Cattasaurus - shoproxstore - Shopify,direct_to_consumer,fulfilled,2026-09-17,2026-09-19,2026-09-17,NV3,OnTrac,1,1,23.49,1.9,0.0,25.39,shipmonk_estimate,USD
252542,7661664796982,Cattasaurus - shoproxstore - Shopify,direct_to_consumer,fulfilled,2026-09-17,2026-09-19,2026-09-17,PA2,OnTrac,2,1,17.24,2.22,0.0,19.46,shipmonk_estimate,USD
252543,7661665976630,Cattasaurus - shoproxstore - Shopify,direct_to_consumer,fulfilled,2026-09-17,2026-09-19,2026-09-17,NV3,OnTrac,2,1,20.53,2.22,0.0,22.75,shipmonk_estimate,USD
252544,7661669122358,Cattasaurus - shoproxstore - Shopify,direct_to_consumer,fulfilled,2026-09-17,2026-09-19,2026-09-17,NV3,OnTrac,2,1,26.52,2.22,0.0,28.74,shipmonk_estimate,USD
252545,7661673251126,Cattasaurus - shoproxstore - Shopify,direct_to_consumer,fulfilled,2026-09-17,2026-09-19,2026-09-17,PA2,UPS,2,1,19.02,2.22,0.0,21.24,shipmonk_estimate,USD
252546,7661680591158,Cattasaurus - shoproxstore - Shopify,direct_to_consumer,onhold,2026-09-17,,2026-09-17,PA2,ShipMonk,1,0,15.17,3.16,0.0,18.33,shipmonk_estimate,USD
252547,7661689405750,Cattasaurus - shoproxstore - Shopify,direct_to_consumer,onhold,2026-09-17,,2026-09-17,PA2,ShipMonk,3,0,19.14,4.74,0.0,23.88,shipmonk_estimate,USD
252548,7661703692598,Cattasaurus - shoproxstore - Shopify,direct_to_consumer,fulfilled,2026-09-17,2026-09-19,2026-09-17,NV3,OnTrac,2,1,19.02,2.22,0.0,21.24,shipmonk_estimate,USD
252549,7661705003318,Cattasaurus - shoproxstore - Shopify,direct_to_consumer,fulfilled,2026-09-17,2026-09-19,2026-09-17,PA2,OnTrac,2,1,10.38,2.22,0.0,12.6,shipmonk_estimate,USD
252550,7661705756982,Cattasaurus - shoproxstore - Shopify,direct_to_consumer,fulfilled,2026-09-17,2026-09-19,2026-09-17,PA2,OnTrac,2,1,18.3,2.86,0.0,21.16,shipmonk_estimate,USD
252550_1,4cba2f08-fe09-4f4a-82b9-411607d0c594,Cattasaurus - shoproxstore - Shopify,direct_to_consumer,fulfilled,2026-09-17,2026-09-20,2026-09-17,NV3,OnTrac,2,1,23.49,2.22,0.0,25.71,shipmonk_estimate,USD
252551,7661776044342,Cattasaurus - shoproxstore - Shopify,direct_to_consumer,fulfilled,2026-09-17,2026-09-19,2026-09-17,NV3,UPS,2,1,25.27,2.22,0.0,27.49,shipmonk_estimate,USD
252552,7661795442998,Cattasaurus - shoproxstore - Shopify,direct_to_consumer,fulfilled,2026-09-17,2026-09-19,2026-09-17,NV3,OnTrac,2,1,20.53,2.22,0.0,22.75,shipmonk_estimate,USD
252553,7661798850870,Cattasaurus - shoproxstore - Shopify,direct_to_consumer,onhold,2026-09-17,,2026-09-17,NV3,ShipMonk,2,0,26.52,3.16,0.0,29.68,shipmonk_estimate,USD
252554,7661802651958,Cattasaurus - shoproxstore - Shopify,direct_to_consumer,fulfilled,2026-09-17,2026-09-19,2026-09-17,NV3,OnTrac,2,1,23.49,2.22,0.0,25.71,shipmonk_estimate,USD
252555,7661823426870,Cattasaurus - shoproxstore - Shopify,direct_to_consumer,fulfilled,2026-09-17,2026-09-19,2026-09-17,NV3,OnTrac,2,1,15.17,2.22,0.0,17.39,shipmonk_estimate,USD
252556,7661845086518,Cattasaurus - shoproxstore - Shopify,direct_to_consumer,fulfilled,2026-09-17,2026-09-19,2026-09-17,NV3,FedEx,2,1,23.49,2.22,0.0,25.71,shipmonk_estimate,USD
252557,7661867270454,Cattasaurus - shoproxstore - Shopify,direct_to_consumer,fulfilled,2026-09-17,2026-09-21,2026-09-17,PA2,OnTrac,2,1,15.12,2.22,0.0,17.34,shipmonk_estimate,USD
252557_1,a2355ba0-567c-4865-b4d7-663b6bf6a0ce,Cattasaurus - shoproxstore - Shopify,direct_to_consumer,fulfilled,2026-09-17,2026-09-21,2026-09-17,PA2,SpeedX,1,1,8.12,1.58,0.0,9.7,shipmonk_estimate,USD
252558,7661880344886,Cattasaurus - shoproxstore - Shopify,direct_to_consumer,fulfilled,2026-09-17,2026-09-20,2026-09-17,NV3,FedEx,3,1,30.69,2.54,0.0,33.23,shipmonk_estimate,USD
252560,7661924614454,Cattasaurus - shoproxstore - Shopify,direct_to_consumer,fulfilled,2026-09-17,2026-09-19,2026-09-17,NV3,FedEx,2,1,74.33,4.14,0.0,78.47,shipmonk_estimate,USD
252561,7661924811062,Cattasaurus - shoproxstore - Shopify,direct_to_consumer,fulfilled,2026-09-17,2026-09-19,2026-09-17,PA2,Cirro,2,1,11.75,2.22,0.0,13.97,shipmonk_estimate,USD
252562,7661948109110,Cattasaurus - shoproxstore - Shopify,direct_to_consumer,fulfilled,2026-09-17,2026-09-19,2026-09-17,PA2,OnTrac,2,1,15.17,2.22,0.0,17.39,shipmonk_estimate,USD
252563,7661956268342,Cattasaurus - shoproxstore - Shopify,direct_to_consumer,fulfilled,2026-09-17,2026-09-21,2026-09-17,PA2,OnTrac,2,1,12.14,2.22,0.0,14.36,shipmonk_estimate,USD
252564,7661999948086,Cattasaurus - shoproxstore - Shopify,direct_to_consumer,onhold,2026-09-17,,2026-09-17,PA2,ShipMonk,3,0,17.24,3.16,0.0,20.4,shipmonk_estimate,USD
252565,7662000898358,Cattasaurus - shoproxstore - Shopify,direct_to_consumer,fulfilled,2026-09-17,2026-09-19,2026-09-17,NV3,UPS,2,1,22.31,2.22,0.0,24.53,shipmonk_estimate,USD
252566,7662068236598,Cattasaurus - shoproxstore - Shopify,direct_to_consumer,fulfilled,2026-09-17,2026-09-20,2026-09-17,NV3,FedEx,3,1,20.81,2.54,0.0,23.35,shipmonk_estimate,USD
252566_1,5c74249e-e8bc-47a9-a235-ae839353d161,Cattasaurus - shoproxstore - Shopify,direct_to_consumer,fulfilled,2026-09-17,2026-09-20,2026-09-17,NV3,FedEx,3,1,22.31,2.54,0.0,24.85,shipmonk_estimate,USD
252567,7662083539254,Cattasaurus - shoproxstore - Shopify,direct_to_consumer,fulfilled,2026-09-17,2026-09-19,2026-09-17,PA2,OnTrac,3,1,20.53,3.18,0.0,23.71,shipmonk_estimate,USD
252568,7662083735862,Cattasaurus - shoproxstore - Shopify,direct_to_consumer,fulfilled,2026-09-17,2026-09-19,2026-09-17,PA2,FedEx,2,1,20.53,2.22,0.0,22.75,shipmonk_estimate,USD
252569,7662090256694,Cattasaurus - shoproxstore - Shopify,direct_to_consumer,fulfilled,2026-09-17,2026-09-20,2026-09-17,NV3,UPS,2,1,35.58,2.22,0.0,37.8,shipmonk_estimate,USD
252570,7662110146870,Cattasaurus - shoproxstore - Shopify,direct_to_consumer,fulfilled,2026-09-17,2026-09-19,2026-09-17,NV3,OnTrac,2,1,15.17,2.22,0.0,17.39,shipmonk_estimate,USD
252571,7662194000182,Cattasaurus - shoproxstore - Shopify,direct_to_consumer,onhold,2026-09-17,,2026-09-17,NV3,ShipMonk,2,0,15.12,3.16,0.0,18.28,shipmonk_estimate,USD
252572,7662200422710,Cattasaurus - shoproxstore - Shopify,direct_to_consumer,fulfilled,2026-09-17,2026-09-19,2026-09-17,NV3,OnTrac,2,1,12.64,2.22,0.0,14.86,shipmonk_estimate,USD
252573,7662307148086,Cattasaurus - shoproxstore - Shopify,direct_to_consumer,onhold,2026-09-17,,2026-09-17,PA2,ShipMonk,6,0,0.0,4.74,0.0,4.74,shipmonk_estimate,USD
577571734227489383,6b68bc95-cbbe-4cbe-8a75-b3b6d2fc2d70,Cattasaurus - Manual Store,direct_to_consumer,fulfilled,2026-09-17,2026-09-17,2026-09-17,NV3,OnTrac,1,1,20.53,1.9,0.0,22.43,shipmonk_estimate,USD
577572612581200115,5dd8cacd-ab61-4a72-9e12-cfdb97cc5988,Cattasaurus - Manual Store,direct_to_consumer,fulfilled,2026-09-17,2026-09-17,2026-09-17,NV3,OnTrac,1,1,15.61,1.9,0.0,17.51,shipmonk_estimate,USD
113-4929477-8629863,113-4929477-8629863,Cattasaurus - Amazon USA,direct_to_consumer,fulfilled,2026-09-18,2026-09-18,2026-09-18,NV3,OnTrac,1,1,18.06,2.22,0.0,20.28,shipmonk_estimate,USD
252574,7662337229110,Cattasaurus - shoproxstore - Shopify,direct_to_consumer,fulfilled,2026-09-18,2026-09-19,2026-09-18,PA2,OnTrac,2,1,16.95,2.22,0.0,19.17,shipmonk_estimate,USD
252581,7662515913014,Cattasaurus - shoproxstore - Shopify,direct_to_consumer,fulfilled,2026-09-18,2026-09-18,2026-09-18,TO1,FedEx,2,2,28.94,4.26,0.0,33.2,shipmonk_estimate,CAD+USD
252582,7662517092662,Cattasaurus - shoproxstore - Shopify,direct_to_consumer,onhold,2026-09-18,,2026-09-18,NV3,ShipMonk,4,0,0.0,6.32,0.0,6.32,shipmonk_estimate,USD
252583,7662548386102,Cattasaurus - shoproxstore - Shopify,direct_to_consumer,onhold,2026-09-18,,2026-09-18,NV3,ShipMonk,5,0,0.0,6.64,0.0,6.64,shipmonk_estimate,USD
252584,7662549991734,Cattasaurus - shoproxstore - Shopify,direct_to_consumer,onhold,2026-09-18,,2026-09-18,NV3,ShipMonk,3,0,25.27,8.41,0.0,33.68,shipmonk_estimate,USD
252585,7662551859510,Cattasaurus - shoproxstore - Shopify,direct_to_consumer,fulfilled,2026-09-18,2026-09-19,2026-09-18,PA2,OnTrac,2,1,17.24,2.22,0.0,19.46,shipmonk_estimate,USD
252586,7662562607414,Cattasaurus - shoproxstore - Shopify,direct_to_consumer,fulfilled,2026-09-18,2026-09-19,2026-09-18,PA2,OnTrac,1,1,12.64,1.9,0.0,14.54,shipmonk_estimate,USD
252587,7662582661430,Cattasaurus - shoproxstore - Shopify,direct_to_consumer,fulfilled,2026-09-18,2026-09-19,2026-09-18,PA2,OnTrac,2,1,12.17,2.22,0.0,14.39,shipmonk_estimate,USD
252588,7662588756278,Cattasaurus - shoproxstore - Shopify,direct_to_consumer,fulfilled,2026-09-18,2026-09-19,2026-09-18,PA2,OnTrac,1,1,15.12,1.9,0.0,17.02,shipmonk_estimate,USD
252589,7662599930166,Cattasaurus - shoproxstore - Shopify,direct_to_consumer,fulfilled,2026-09-18,2026-09-19,2026-09-18,PA2,OnTrac,2,1,14.42,2.22,0.0,16.64,shipmonk_estimate,USD
252590,7662611398966,Cattasaurus - shoproxstore - Shopify,direct_to_consumer,fulfilled,2026-09-18,2026-09-19,2026-09-18,NV3,OnTrac,2,1,21.31,2.22,0.0,23.53,shipmonk_estimate,USD
252591,7662659371318,Cattasaurus - shoproxstore - Shopify,direct_to_consumer,fulfilled,2026-09-18,2026-09-20,2026-09-18,NV3,FedEx,1,2,64.94,4.12,0.0,69.06,shipmonk_estimate,USD
252592,7662673199414,Cattasaurus - shoproxstore - Shopify,direct_to_consumer,fulfilled,2026-09-18,2026-09-19,2026-09-18,PA2,OnTrac,2,1,15.17,2.22,0.0,17.39,shipmonk_estimate,USD
252593,7662696530230,Cattasaurus - shoproxstore - Shopify,direct_to_consumer,fulfilled,2026-09-18,2026-09-19,2026-09-18,NV3,UPS,3,1,25.27,2.54,0.0,27.81,shipmonk_estimate,USD
252594,7662700200246,Cattasaurus - shoproxstore - Shopify,direct_to_consumer,fulfilled,2026-09-18,2026-09-19,2026-09-18,PA2,UPS,2,1,14.42,2.22,0.0,16.64,shipmonk_estimate,USD
252595_1,e97155f1-d071-4c1e-bfce-f2ef93a0bd9d,Cattasaurus - shoproxstore - Shopify,direct_to_consumer,fulfilled,2026-09-18,2026-09-18,2026-09-18,NV3,OnTrac,2,1,13.09,2.22,0.0,15.31,shipmonk_estimate,USD
252596,7662754627894,Cattasaurus - shoproxstore - Shopify,direct_to_consumer,fulfilled,2026-09-18,2026-09-19,2026-09-18,PA2,OnTrac,2,1,12.64,2.22,0.0,14.86,shipmonk_estimate,USD
252597,7662755447094,Cattasaurus - shoproxstore - Shopify,direct_to_consumer,fulfilled,2026-09-18,2026-09-19,2026-09-18,NV3,UPS,2,1,25.27,2.22,0.0,27.49,shipmonk_estimate,USD
252598,7662760034614,Cattasaurus - shoproxstore - Shopify,direct_to_consumer,onhold,2026-09-18,,2026-09-18,PA2,ShipMonk,1,0,19.02,1.58,0.0,20.6,shipmonk_estimate,USD
252599,7662770028854,Cattasaurus - shoproxstore - Shopify,direct_to_consumer,fulfilled,2026-09-18,2026-09-19,2026-09-18,NV3,UPS,3,1,19.84,2.54,0.0,22.38,shipmonk_estimate,USD
252600,7662800372022,Cattasaurus - shoproxstore - Shopify,direct_to_consumer,fulfilled,2026-09-18,2026-09-20,2026-09-18,NV3,OnTrac,2,1,25.27,2.22,0.0,27.49,shipmonk_estimate,USD
252600_1,39be2b94-d8ba-491c-bca6-6e105635ad17,Cattasaurus - shoproxstore - Shopify,direct_to_consumer,fulfilled,2026-09-18,2026-09-21,2026-09-18,PA2,OnTrac,1,1,13.92,1.9,0.0,15.82,shipmonk_estimate,USD
252601,7662801584438,Cattasaurus - shoproxstore - Shopify,direct_to_consumer,fulfilled,2026-09-18,2026-09-19,2026-09-18,PA2,OnTrac,2,1,20.53,2.22,0.0,22.75,shipmonk_estimate,USD
252602,7662807875894,Cattasaurus - shoproxstore - Shopify,direct_to_consumer,fulfilled,2026-09-18,2026-09-19,2026-09-18,NV3,OnTrac,2,1,21.31,2.22,0.0,23.53,shipmonk_estimate,USD
252604,7662832353590,Cattasaurus - shoproxstore - Shopify,direct_to_consumer,fulfilled,2026-09-18,2026-09-19,2026-09-18,NV3,FedEx,2,1,25.27,2.22,0.0,27.49,shipmonk_estimate,USD
252605,7662840086838,Cattasaurus - shoproxstore - Shopify,direct_to_consumer,fulfilled,2026-09-18,2026-09-19,2026-09-18,NV3,OnTrac,2,1,18.3,2.22,0.0,20.52,shipmonk_estimate,USD
252606,7662890680630,Cattasaurus - shoproxstore - Shopify,direct_to_consumer,fulfilled,2026-09-18,2026-09-19,2026-09-18,NV3,OnTrac,1,1,15.17,1.9,0.0,17.07,shipmonk_estimate,USD
252607,7662922760502,Cattasaurus - shoproxstore - Shopify,direct_to_consumer,fulfilled,2026-09-18,2026-09-19,2026-09-18,PA2,UPS,2,1,16.9,2.22,0.0,19.12,shipmonk_estimate,USD
252608,7662923546934,Cattasaurus - shoproxstore - Shopify,direct_to_consumer,fulfilled,2026-09-18,2026-09-19,2026-09-18,PA2,UPS,3,1,15.68,2.54,0.0,18.22,shipmonk_estimate,USD
252609,7662927905078,Cattasaurus - shoproxstore - Shopify,direct_to_consumer,fulfilled,2026-09-18,2026-09-19,2026-09-18,NV3,OnTrac,2,1,21.31,2.22,0.0,23.53,shipmonk_estimate,USD
252610,7662932197686,Cattasaurus - shoproxstore - Shopify,direct_to_consumer,fulfilled,2026-09-18,2026-09-20,2026-09-18,NV3,OnTrac,2,1,14.42,2.22,0.0,16.64,shipmonk_estimate,USD
252610_1,8022e7ee-9ed4-4480-96c0-b3eaf5af5212,Cattasaurus - shoproxstore - Shopify,direct_to_consumer,fulfilled,2026-09-18,2026-09-20,2026-09-18,NV3,OnTrac,1,1,14.42,3.82,0.0,18.24,shipmonk_estimate,USD
252612,7662945829174,Cattasaurus - shoproxstore - Shopify,direct_to_consumer,fulfilled,2026-09-18,2026-09-20,2026-09-18,NV3,UPS,2,1,19.02,2.22,0.0,21.24,shipmonk_estimate,USD
252613,7662961983798,Cattasaurus - shoproxstore - Shopify,direct_to_consumer,fulfilled,2026-09-18,2026-09-19,2026-09-18,PA2,FedEx,1,1,20.53,1.9,0.0,22.43,shipmonk_estimate,USD
252614,7662963163446,Cattasaurus - shoproxstore - Shopify,direct_to_consumer,fulfilled,2026-09-18,2026-09-19,2026-09-18,NV3,FedEx,3,2,37.26,4.12,0.0,41.38,shipmonk_estimate,USD
252615,7662991507766,Cattasaurus - shoproxstore - Shopify,direct_to_consumer,fulfilled,2026-09-18,2026-09-19,2026-09-18,NV3,OnTrac,2,1,24.74,2.22,0.0,26.96,shipmonk_estimate,USD
252616,7663013888310,Cattasaurus - shoproxstore - Shopify,direct_to_consumer,fulfilled,2026-09-18,2026-09-19,2026-09-18,NV3,UPS,1,1,20.92,2.54,0.0,23.46,shipmonk_estimate,USD
252617,7663033155894,Cattasaurus - shoproxstore - Shopify,direct_to_consumer,fulfilled,2026-09-18,2026-09-20,2026-09-18,PA2,FedEx,2,1,20.53,2.22,0.0,22.75,shipmonk_estimate,USD
252618,7663059370294,Cattasaurus - shoproxstore - Shopify,direct_to_consumer,fulfilled,2026-09-18,2026-09-19,2026-09-18,NV3,OnTrac,3,1,14.1,2.54,0.0,16.64,shipmonk_estimate,USD
252619,7663080735030,Cattasaurus - shoproxstore - Shopify,direct_to_consumer,fulfilled,2026-09-18,2026-09-20,2026-09-18,PA2,OnTrac,2,1,12.14,2.22,0.0,14.36,shipmonk_estimate,USD
252620,7663091712310,Cattasaurus - shoproxstore - Shopify,direct_to_consumer,fulfilled,2026-09-18,2026-09-20,2026-09-18,NV3,OnTrac,2,1,15.17,2.22,0.0,17.39,shipmonk_estimate,USD
252621,7663108981046,Cattasaurus - shoproxstore - Shopify,direct_to_consumer,onhold,2026-09-18,,2026-09-18,NV3,ShipMonk,2,0,23.49,4.74,0.0,28.23,shipmonk_estimate,USD
252622,7663115010358,Cattasaurus - shoproxstore - Shopify,direct_to_consumer,fulfilled,2026-09-18,2026-09-20,2026-09-18,NV3,OnTrac,2,1,14.42,2.22,0.0,16.64,shipmonk_estimate,USD
252623,7663131296054,Cattasaurus - shoproxstore - Shopify,direct_to_consumer,fulfilled,2026-09-18,2026-09-20,2026-09-18,PA2,OnTrac,1,1,11.75,1.9,0.0,13.65,shipmonk_estimate,USD
252624,7663132246326,Cattasaurus - shoproxstore - Shopify,direct_to_consumer,fulfilled,2026-09-18,2026-09-21,2026-09-18,TO1,FedEx,2,1,39.15,2.31,0.0,41.46,shipmonk_estimate,CAD+USD
252625,7663140012342,Cattasaurus - shoproxstore - Shopify,direct_to_consumer,fulfilled,2026-09-18,2026-09-20,2026-09-18,NV3,OnTrac,2,1,23.49,2.22,0.0,25.71,shipmonk_estimate,USD
252626,7663166587190,Cattasaurus - shoproxstore - Shopify,direct_to_consumer,fulfilled,2026-09-18,2026-09-20,2026-09-18,PA2,OnTrac,3,1,19.14,2.54,0.0,21.68,shipmonk_estimate,USD
252627,7663189000502,Cattasaurus - shoproxstore - Shopify,direct_to_consumer,fulfilled,2026-09-18,2026-09-21,2026-09-18,TO1,FedEx,2,1,45.48,2.31,0.0,47.79,shipmonk_estimate,CAD+USD
252627_1,b0c6a7ac-9972-47c1-8b09-4108cf75e952,Cattasaurus - shoproxstore - Shopify,direct_to_consumer,fulfilled,2026-09-18,2026-09-21,2026-09-18,TO1,FedEx,2,1,45.48,2.31,0.0,47.79,shipmonk_estimate,CAD+USD
252628,7663193325878,Cattasaurus - shoproxstore - Shopify,direct_to_consumer,fulfilled,2026-09-18,2026-09-20,2026-09-18,PA2,OnTrac,2,1,20.53,2.22,0.0,22.75,shipmonk_estimate,USD
252629_1,4591a905-29f4-480f-b6e6-3e4f69ca3226,Cattasaurus - shoproxstore - Shopify,direct_to_consumer,fulfilled,2026-09-18,2026-09-20,2026-09-18,PA2,Cirro,1,1,5.35,1.58,0.3,7.23,shipmonk_estimate,USD
252630,7663197126966,Cattasaurus - shoproxstore - Shopify,direct_to_consumer,fulfilled,2026-09-18,2026-09-19,2026-09-18,NV3,Cirro,2,1,11.75,2.22,0.0,13.97,shipmonk_estimate,USD
252631,7663232614710,Cattasaurus - shoproxstore - Shopify,direct_to_consumer,fulfilled,2026-09-18,2026-09-19,2026-09-18,NV3,OnTrac,3,1,17.24,3.18,0.0,20.42,shipmonk_estimate,USD
252632,7663260074294,Cattasaurus - shoproxstore - Shopify,direct_to_consumer,fulfilled,2026-09-18,2026-09-19,2026-09-18,NV3,UPS,2,1,16.95,2.22,0.0,19.17,shipmonk_estimate,USD
252633,7663267316022,Cattasaurus - shoproxstore - Shopify,direct_to_consumer,fulfilled,2026-09-18,2026-09-19,2026-09-18,NV3,UPS,2,1,22.31,2.22,0.0,24.53,shipmonk_estimate,USD
252634,7663271182646,Cattasaurus - shoproxstore - Shopify,direct_to_consumer,onhold,2026-09-18,,2026-09-18,NV3,ShipMonk,1,0,17.24,1.58,0.0,18.82,shipmonk_estimate,USD
252635,7663281635638,Cattasaurus - shoproxstore - Shopify,direct_to_consumer,fulfilled,2026-09-18,2026-09-19,2026-09-18,NV3,OnTrac,2,1,15.17,2.22,0.0,17.39,shipmonk_estimate,USD
252636,7663326986550,Cattasaurus - shoproxstore - Shopify,direct_to_consumer,fulfilled,2026-09-18,2026-09-20,2026-09-18,NV3,Cirro,2,1,11.75,2.22,0.0,13.97,shipmonk_estimate,USD
252637,7663332032822,Cattasaurus - shoproxstore - Shopify,direct_to_consumer,fulfilled,2026-09-18,2026-09-19,2026-09-18,NV3,OnTrac,2,1,16.43,2.22,0.0,18.65,shipmonk_estimate,USD
252638,7663332884790,Cattasaurus - shoproxstore - Shopify,direct_to_consumer,fulfilled,2026-09-18,2026-09-21,2026-09-18,TO1,FedEx,1,1,14.65,1.95,0.0,16.6,shipmonk_estimate,CAD+USD
252639,7663352185142,Cattasaurus - shoproxstore - Shopify,direct_to_consumer,fulfilled,2026-09-18,2026-09-20,2026-09-18,NV3,OnTrac,1,1,23.1,1.9,0.0,25.0,shipmonk_estimate,USD
252640,7663359328566,Cattasaurus - shoproxstore - Shopify,direct_to_consumer,fulfilled,2026-09-18,2026-09-20,2026-09-18,PA2,OnTrac,2,1,17.24,2.22,0.0,19.46,shipmonk_estimate,USD
252641,7663385018678,Cattasaurus - shoproxstore - Shopify,direct_to_consumer,onhold,2026-09-18,,2026-09-18,PA2,ShipMonk,2,0,11.75,3.16,0.0,14.91,shipmonk_estimate,USD
252642,7663395995958,Cattasaurus - shoproxstore - Shopify,direct_to_consumer,fulfilled,2026-09-18,2026-09-19,2026-09-18,NV3,OnTrac,2,1,26.52,2.22,0.0,28.74,shipmonk_estimate,USD
252643,7663419883830,Cattasaurus - shoproxstore - Shopify,direct_to_consumer,fulfilled,2026-09-18,2026-09-19,2026-09-18,NV3,OnTrac,1,1,12.64,1.9,0.0,14.54,shipmonk_estimate,USD
252644,7663457370422,Cattasaurus - shoproxstore - Shopify,direct_to_consumer,fulfilled,2026-09-18,2026-09-20,2026-09-18,NV3,Cirro,2,1,11.75,2.22,0.0,13.97,shipmonk_estimate,USD
252645,7663468871990,Cattasaurus - shoproxstore - Shopify,direct_to_consumer,fulfilled,2026-09-18,2026-09-20,2026-09-18,PA2,Cirro,2,1,12.17,2.22,0.0,14.39,shipmonk_estimate,USD
252646,7663475261750,Cattasaurus - shoproxstore - Shopify,direct_to_consumer,fulfilled,2026-09-18,2026-09-20,2026-09-18,NV3,UPS,3,1,25.27,2.54,0.0,27.81,shipmonk_estimate,USD
252647,7663512518966,Cattasaurus - shoproxstore - Shopify,direct_to_consumer,fulfilled,2026-09-18,2026-09-21,2026-09-18,TO1,FedEx,2,1,33.07,2.31,0.0,35.38,shipmonk_estimate,CAD+USD
252649,7663522840886,Cattasaurus - shoproxstore - Shopify,direct_to_consumer,onhold,2026-09-18,,2026-09-18,NV3,ShipMonk,3,0,20.53,3.16,0.0,23.69,shipmonk_estimate,USD
252650,7663524741430,Cattasaurus - shoproxstore - Shopify,direct_to_consumer,fulfilled,2026-09-18,2026-09-20,2026-09-18,PA2,UPS,2,1,22.31,2.22,0.0,24.53,shipmonk_estimate,USD
252651,7663571861814,Cattasaurus - shoproxstore - Shopify,direct_to_consumer,fulfilled,2026-09-18,2026-09-20,2026-09-18,PA2,OnTrac,2,1,20.53,2.22,0.0,22.75,shipmonk_estimate,USD
252653,7663603188022,Cattasaurus - shoproxstore - Shopify,direct_to_consumer,fulfilled,2026-09-18,2026-09-21,2026-09-18,TO1,FedEx,2,1,39.15,2.31,0.0,41.46,shipmonk_estimate,CAD+USD
252654,7663623110966,Cattasaurus - shoproxstore - Shopify,direct_to_consumer,fulfilled,2026-09-18,2026-09-20,2026-09-18,PA2,UPS,5,1,22.31,3.18,0.0,25.49,shipmonk_estimate,USD
252655,7663638446390,Cattasaurus - shoproxstore - Shopify,direct_to_consumer,onhold,2026-09-18,,2026-09-18,PA2,ShipMonk,2,0,20.53,3.16,0.0,23.69,shipmonk_estimate,USD
252656,7663667380534,Cattasaurus - shoproxstore - Shopify,direct_to_consumer,fulfilled,2026-09-18,2026-09-21,2026-09-18,TO1,FedEx,2,1,18.7,2.31,0.0,21.01,shipmonk_estimate,CAD+USD
252657,7663680389430,Cattasaurus - shoproxstore - Shopify,direct_to_consumer,onhold,2026-09-18,,2026-09-18,NV3,ShipMonk,2,0,16.9,3.16,0.0,20.06,shipmonk_estimate,USD
252658,7663706177846,Cattasaurus - shoproxstore - Shopify,direct_to_consumer,fulfilled,2026-09-18,2026-09-20,2026-09-18,PA2,FedEx,2,1,15.17,2.22,0.0,17.39,shipmonk_estimate,USD
252659,7663719448886,Cattasaurus - shoproxstore - Shopify,direct_to_consumer,fulfilled,2026-09-18,2026-09-20,2026-09-18,NV3,OnTrac,2,1,15.17,2.22,0.0,17.39,shipmonk_estimate,USD
252660,7663771615542,Cattasaurus - shoproxstore - Shopify,direct_to_consumer,fulfilled,2026-09-18,2026-09-20,2026-09-18,PA2,OnTrac,2,1,15.17,2.22,0.0,17.39,shipmonk_estimate,USD
252661,7663799697718,Cattasaurus - shoproxstore - Shopify,direct_to_consumer,fulfilled,2026-09-18,2026-09-20,2026-09-18,PA2,FedEx,2,1,20.53,2.22,0.0,22.75,shipmonk_estimate,USD
252662,7663824044342,Cattasaurus - shoproxstore - Shopify,direct_to_consumer,fulfilled,2026-09-18,2026-09-20,2026-09-18,NV3,FedEx,2,2,42.34,4.12,0.0,46.46,shipmonk_estimate,USD
252663,7663856451894,Cattasaurus - shoproxstore - Shopify,direct_to_consumer,onhold,2026-09-18,,2026-09-18,NV3,ShipMonk,2,0,20.08,8.41,0.0,28.49,shipmonk_estimate,USD
252664,7663868903734,Cattasaurus - shoproxstore - Shopify,direct_to_consumer,fulfilled,2026-09-18,2026-09-21,2026-09-18,TO1,FedEx,2,1,17.59,2.31,0.0,19.9,shipmonk_estimate,CAD+USD
252665,7663875916086,Cattasaurus - shoproxstore - Shopify,direct_to_consumer,fulfilled,2026-09-18,2026-09-20,2026-09-18,NV3,OnTrac,2,1,23.49,2.22,0.0,25.71,shipmonk_estimate,USD
252666,7663886795062,Cattasaurus - shoproxstore - Shopify,direct_to_consumer,fulfilled,2026-09-18,2026-09-21,2026-09-18,TO1,FedEx,2,1,31.25,2.31,0.0,33.56,shipmonk_estimate,CAD+USD
252667,7663900033334,Cattasaurus - shoproxstore - Shopify,direct_to_consumer,fulfilled,2026-09-18,2026-09-20,2026-09-18,NV3,FedEx,1,1,10.38,1.9,0.0,12.28,shipmonk_estimate,USD
252668,7663925854518,Cattasaurus - shoproxstore - Shopify,direct_to_consumer,fulfilled,2026-09-18,2026-09-21,2026-09-18,TO1,FedEx,2,1,33.07,2.31,0.0,35.38,shipmonk_estimate,CAD+USD
252669,7663938896182,Cattasaurus - shoproxstore - Shopify,direct_to_consumer,onhold,2026-09-18,,2026-09-18,PA2,ShipMonk,2,0,15.17,3.16,0.0,18.33,shipmonk_estimate,USD
252670,7663949873462,Cattasaurus - shoproxstore - Shopify,direct_to_consumer,fulfilled,2026-09-18,2026-09-20,2026-09-18,NV3,OnTrac,2,1,23.49,2.22,0.0,25.71,shipmonk_estimate,USD
252671,7663961047350,Cattasaurus - shoproxstore - Shopify,direct_to_consumer,fulfilled,2026-09-18,2026-09-20,2026-09-18,PA2,FedEx,2,1,15.17,2.22,0.0,17.39,shipmonk_estimate,USD
252672,7663978086710,Cattasaurus - shoproxstore - Shopify,direct_to_consumer,fulfilled,2026-09-18,2026-09-20,2026-09-18,NV3,OnTrac,1,1,18.3,1.9,0.0,20.2,shipmonk_estimate,USD
252673,7663990309174,Cattasaurus - shoproxstore - Shopify,direct_to_consumer,fulfilled,2026-09-18,2026-09-21,2026-09-18,TO1,FedEx,2,2,89.82,4.26,0.0,94.08,shipmonk_estimate,CAD+USD
252674,7663998435638,Cattasaurus - shoproxstore - Shopify,direct_to_consumer,fulfilled,2026-09-18,2026-09-20,2026-09-18,NV3,OnTrac,2,1,24.74,2.22,0.0,26.96,shipmonk_estimate,USD
252675,7664018850102,Cattasaurus - shoproxstore - Shopify,direct_to_consumer,fulfilled,2026-09-18,2026-09-21,2026-09-18,PA2,FedEx,2,1,17.24,2.22,0.0,19.46,shipmonk_estimate,USD
252675_1,ece3bc76-a4e7-449c-97d2-8921cf53c516,Cattasaurus - shoproxstore - Shopify,direct_to_consumer,fulfilled,2026-09-18,2026-09-21,2026-09-18,PA2,FedEx,1,1,17.24,3.82,0.0,21.06,shipmonk_estimate,USD
252676,7664030548278,Cattasaurus - shoproxstore - Shopify,direct_to_consumer,fulfilled,2026-09-18,2026-09-21,2026-09-18,TO1,FedEx,2,1,41.69,2.31,0.0,44.0,shipmonk_estimate,CAD+USD
252677,7664050569526,Cattasaurus - shoproxstore - Shopify,direct_to_consumer,fulfilled,2026-09-18,2026-09-20,2026-09-18,PA2,OnTrac,2,1,19.02,2.22,0.0,21.24,shipmonk_estimate,USD
252678,7664054042934,Cattasaurus - shoproxstore - Shopify,direct_to_consumer,fulfilled,2026-09-18,2026-09-20,2026-09-18,NV3,UPS,3,2,30.71,4.44,0.0,35.15,shipmonk_estimate,USD
252679,7664099721526,Cattasaurus - shoproxstore - Shopify,direct_to_consumer,fulfilled,2026-09-18,2026-09-21,2026-09-18,TO1,FedEx,2,1,52.9,2.31,0.0,55.21,shipmonk_estimate,CAD+USD
252680,7664104603958,Cattasaurus - shoproxstore - Shopify,direct_to_consumer,fulfilled,2026-09-18,2026-09-20,2026-09-18,PA2,Cirro,1,1,11.75,1.9,0.0,13.65,shipmonk_estimate,USD
252681,7664145760566,Cattasaurus - shoproxstore - Shopify,direct_to_consumer,onhold,2026-09-18,,2026-09-18,NV3,ShipMonk,5,0,0.0,7.9,0.0,7.9,shipmonk_estimate,USD
252682,7664154607926,Cattasaurus - shoproxstore - Shopify,direct_to_consumer,fulfilled,2026-09-18,2026-09-20,2026-09-18,NV3,OnTrac,2,1,17.36,3.5,0.0,20.86,shipmonk_estimate,USD
252683,7664170205494,Cattasaurus - shoproxstore - Shopify,direct_to_consumer,fulfilled,2026-09-18,2026-09-20,2026-09-18,NV3,UPS,1,1,22.31,1.9,0.0,24.21,shipmonk_estimate,USD
252684,7664192356662,Cattasaurus - shoproxstore - Shopify,direct_to_consumer,fulfilled,2026-09-18,2026-09-20,2026-09-18,NV3,OnTrac,2,1,15.12,2.22,0.0,17.34,shipmonk_estimate,USD
252685,7664201630006,Cattasaurus - shoproxstore - Shopify,direct_to_consumer,fulfilled,2026-09-18,2026-09-21,2026-09-18,TO1,FedEx,2,1,18.7,2.31,0.0,21.01,shipmonk_estimate,CAD+USD
252686,7664205791542,Cattasaurus - shoproxstore - Shopify,direct_to_consumer,fulfilled,2026-09-18,2026-09-20,2026-09-18,NV3,Cirro,1,1,11.75,1.9,0.0,13.65,shipmonk_estimate,USD
252687,7664207888694,Cattasaurus - shoproxstore - Shopify,direct_to_consumer,fulfilled,2026-09-18,2026-09-20,2026-09-18,PA2,UPS,2,1,20.08,2.22,0.0,22.3,shipmonk_estimate,USD
252688,7664216310070,Cattasaurus - shoproxstore - Shopify,direct_to_consumer,onhold,2026-09-18,,2026-09-18,NV3,ShipMonk,2,0,12.14,4.74,0.0,16.88,shipmonk_estimate,USD
252689,7664225222966,Cattasaurus - shoproxstore - Shopify,direct_to_consumer,fulfilled,2026-09-18,2026-09-20,2026-09-18,NV3,OnTrac,1,1,23.49,1.9,0.0,25.39,shipmonk_estimate,USD
252690,7664231940406,Cattasaurus - shoproxstore - Shopify,direct_to_consumer,fulfilled,2026-09-18,2026-09-20,2026-09-18,NV3,OnTrac,1,1,19.14,2.54,0.0,21.68,shipmonk_estimate,USD
252691,7664246194486,Cattasaurus - shoproxstore - Shopify,direct_to_consumer,fulfilled,2026-09-18,2026-09-20,2026-09-18,PA2,Cirro,2,1,11.75,2.22,0.0,13.97,shipmonk_estimate,USD
252692,7664252485942,Cattasaurus - shoproxstore - Shopify,direct_to_consumer,fulfilled,2026-09-18,2026-09-20,2026-09-18,NV3,OnTrac,3,1,21.31,2.54,0.0,23.85,shipmonk_estimate,USD
252693,7664256188726,Cattasaurus - shoproxstore - Shopify,direct_to_consumer,onhold,2026-09-18,,2026-09-18,NV3,ShipMonk,2,0,26.52,4.74,0.0,31.26,shipmonk_estimate,USD
252694,7664329130294,Cattasaurus - shoproxstore - Shopify,direct_to_consumer,fulfilled,2026-09-18,2026-09-19,2026-09-18,PA2,OnTrac,2,1,14.88,2.22,0.0,17.1,shipmonk_estimate,USD
252695,7664347414838,Cattasaurus - shoproxstore - Shopify,direct_to_consumer,fulfilled,2026-09-18,2026-09-21,2026-09-18,TO1,FedEx,2,1,18.7,2.31,0.0,21.01,shipmonk_estimate,CAD+USD
252696,7664350986550,Cattasaurus - shoproxstore - Shopify,direct_to_consumer,fulfilled,2026-09-18,2026-09-20,2026-09-18,NV3,OnTrac,2,1,18.3,2.22,0.0,20.52,shipmonk_estimate,USD
252697,7664351969590,Cattasaurus - shoproxstore - Shopify,direct_to_consumer,fulfilled,2026-09-18,2026-09-20,2026-09-18,NV3,FedEx,2,2,38.28,5.72,0.0,44.0,shipmonk_estimate,USD
252698,7664370614582,Cattasaurus - shoproxstore - Shopify,direct_to_consumer,fulfilled,2026-09-18,2026-09-20,2026-09-18,NV3,UPS,2,1,22.31,2.22,0.0,24.53,shipmonk_estimate,USD
252699,7664384311606,Cattasaurus - shoproxstore - Shopify,direct_to_consumer,fulfilled,2026-09-18,2026-09-20,2026-09-18,NV3,OnTrac,2,1,12.64,2.22,0.0,14.86,shipmonk_estimate,USD
252700,7664446243126,Cattasaurus - shoproxstore - Shopify,direct_to_consumer,fulfilled,2026-09-18,2026-09-20,2026-09-18,NV3,OnTrac,3,1,16.1,3.18,0.0,19.28,shipmonk_estimate,USD
252701,7664477602102,Cattasaurus - shoproxstore - Shopify,direct_to_consumer,fulfilled,2026-09-18,2026-09-20,2026-09-18,NV3,OnTrac,5,1,16.9,3.82,0.0,20.72,shipmonk_estimate,USD
252702,7664483959094,Cattasaurus - shoproxstore - Shopify,direct_to_consumer,fulfilled,2026-09-18,2026-09-21,2026-09-18,NV3,FedEx,3,2,30.71,4.76,2.0,37.47,shipmonk_estimate,USD
252703,7664565059894,Cattasaurus - shoproxstore - Shopify,direct_to_consumer,fulfilled,2026-09-18,2026-09-22,2026-09-18,PA2,OnTrac,2,1,17.24,2.22,0.0,19.46,shipmonk_estimate,USD
252703_1,114db414-1937-4c67-9962-8ce0420e825c,Cattasaurus - shoproxstore - Shopify,direct_to_consumer,fulfilled,2026-09-18,2026-09-22,2026-09-18,PA2,OnTrac,3,1,17.24,2.54,0.0,19.78,shipmonk_estimate,USD
112-1703752-8800201,112-1703752-8800201,Cattasaurus - Amazon USA,direct_to_consumer,fulfilled,2026-09-19,2026-09-20,2026-09-19,NV3,UPS,2,1,17.73,2.86,0.0,20.59,shipmonk_estimate,USD
112-6392438-7166600,112-6392438-7166600,Cattasaurus - Amazon USA,direct_to_consumer,fulfilled,2026-09-19,2026-09-20,2026-09-19,NV3,UPS,1,1,17.73,1.9,0.0,19.63,shipmonk_estimate,USD
113-1511738-1768205,113-1511738-1768205,Cattasaurus - Amazon USA,direct_to_consumer,fulfilled,2026-09-19,2026-09-20,2026-09-19,PA2,OnTrac,1,1,13.09,2.22,0.0,15.31,shipmonk_estimate,USD
113-2492916-9274611,113-2492916-9274611,Cattasaurus - Amazon USA,direct_to_consumer,fulfilled,2026-09-19,2026-09-20,2026-09-19,PA2,OnTrac,1,1,13.31,2.22,0.0,15.53,shipmonk_estimate,USD
200015170077088,129126391950998,Cattasaurus - Walmart,direct_to_consumer,fulfilled,2026-09-19,2026-09-19,2026-09-19,NV3,UPS,1,1,25.27,1.9,0.0,27.17,shipmonk_estimate,USD
200015242396914,129126391617962,Cattasaurus - Walmart,direct_to_consumer,fulfilled,2026-09-19,2026-09-19,2026-09-19,NV3,FedEx,1,1,23.49,1.9,0.0,25.39,shipmonk_estimate,USD
200015463204752,129126392308482,Cattasaurus - Walmart,direct_to_consumer,fulfilled,2026-09-19,2026-09-19,2026-09-19,NV3,UPS,1,1,25.27,1.9,0.0,27.17,shipmonk_estimate,USD
248591-01,847fb3ba-2cd8-47d4-931c-d40e5ee97f0f,Cattasaurus - shoproxstore - Shopify,direct_to_consumer,fulfilled,2026-09-19,2026-09-19,2026-09-19,PA2,OnTrac,1,1,20.53,1.9,0.0,22.43,shipmonk_estimate,USD
251084-01,d9703a82-4c1d-4321-a9a1-5c46c5c2a793,Cattasaurus - shoproxstore - Shopify,direct_to_consumer,fulfilled,2026-09-19,2026-09-19,2026-09-19,PA2,OnTrac,3,1,20.53,2.86,0.0,23.39,shipmonk_estimate,USD
252607-01,eef1e7cf-b2ec-43e1-95fa-3bec24a8f8f3,Cattasaurus - shoproxstore - Shopify,direct_to_consumer,fulfilled,2026-09-19,2026-09-19,2026-09-19,PA2,OnTrac,2,1,21.0,2.22,0.0,23.22,shipmonk_estimate,USD
252710,7664894804278,Cattasaurus - shoproxstore - Shopify,direct_to_consumer,fulfilled,2026-09-19,2026-09-20,2026-09-19,NV3,OnTrac,2,1,20.53,4.14,0.0,24.67,shipmonk_estimate,USD
252711,7664909713718,Cattasaurus - shoproxstore - Shopify,direct_to_consumer,fulfilled,2026-09-19,2026-09-21,2026-09-19,TO1,FedEx,1,1,19.0,1.95,0.0,20.95,shipmonk_estimate,CAD+USD
252712,7664909844790,Cattasaurus - shoproxstore - Shopify,direct_to_consumer,fulfilled,2026-09-19,2026-09-20,2026-09-19,PA2,OnTrac,2,1,13.83,2.22,0.0,16.05,shipmonk_estimate,USD
252713,7664912859446,Cattasaurus - shoproxstore - Shopify,direct_to_consumer,fulfilled,2026-09-19,2026-09-20,2026-09-19,NV3,OnTrac,2,1,21.31,2.22,0.0,23.53,shipmonk_estimate,USD
252714,7664964698422,Cattasaurus - shoproxstore - Shopify,direct_to_consumer,fulfilled,2026-09-19,2026-09-22,2026-09-19,NV3,OnTrac,1,1,23.49,1.9,0.0,25.39,shipmonk_estimate,USD
252714_1,87e6388f-b83b-4dbd-a692-a574aad71728,Cattasaurus - shoproxstore - Shopify,direct_to_consumer,fulfilled,2026-09-19,2026-09-22,2026-09-19,PA2,Cirro,1,1,7.47,1.58,0.0,9.05,shipmonk_estimate,USD
252715,7664971448630,Cattasaurus - shoproxstore - Shopify,direct_to_consumer,fulfilled,2026-09-19,2026-09-20,2026-09-19,NV3,OnTrac,2,1,23.49,2.22,0.0,25.71,shipmonk_estimate,USD
252716,7664981868854,Cattasaurus - shoproxstore - Shopify,direct_to_consumer,fulfilled,2026-09-19,2026-09-20,2026-09-19,PA2,UPS,2,1,19.02,2.22,0.0,21.24,shipmonk_estimate,USD
252717,7665027809590,Cattasaurus - shoproxstore - Shopify,direct_to_consumer,fulfilled,2026-09-19,2026-09-20,2026-09-19,NV3,OnTrac,3,1,17.24,2.54,0.0,19.78,shipmonk_estimate,USD
252718,7665060577590,Cattasaurus - shoproxstore - Shopify,direct_to_consumer,fulfilled,2026-09-19,2026-09-19,2026-09-19,NV3,UPS,2,1,25.27,2.22,0.0,27.49,shipmonk_estimate,USD
252719,7665065820470,Cattasaurus - shoproxstore - Shopify,direct_to_consumer,fulfilled,2026-09-19,2026-09-20,2026-09-19,NV3,OnTrac,2,1,15.17,2.22,0.0,17.39,shipmonk_estimate,USD
252720,7665066901814,Cattasaurus - shoproxstore - Shopify,direct_to_consumer,fulfilled,2026-09-19,2026-09-20,2026-09-19,NV3,OnTrac,3,1,24.74,3.18,0.0,27.92,shipmonk_estimate,USD
252721,7665074995510,Cattasaurus - shoproxstore - Shopify,direct_to_consumer,onhold,2026-09-19,,2026-09-19,NV3,ShipMonk,2,0,18.3,3.16,0.0,21.46,shipmonk_estimate,USD
252722,7665076371766,Cattasaurus - shoproxstore - Shopify,direct_to_consumer,onhold,2026-09-19,,2026-09-19,PA2,ShipMonk,3,0,20.53,3.16,0.0,23.69,shipmonk_estimate,USD
252723,7665092100406,Cattasaurus - shoproxstore - Shopify,direct_to_consumer,fulfilled,2026-09-19,2026-09-21,2026-09-19,TO1,FedEx,2,1,33.07,2.31,0.0,35.38,shipmonk_estimate,CAD+USD
252724,7665093116214,Cattasaurus - shoproxstore - Shopify,direct_to_consumer,fulfilled,2026-09-19,2026-09-20,2026-09-19,NV3,OnTrac,2,1,14.42,2.22,0.0,16.64,shipmonk_estimate,USD
252725,7665094132022,Cattasaurus - shoproxstore - Shopify,direct_to_consumer,onhold,2026-09-19,,2026-09-19,PA2,ShipMonk,3,0,16.9,3.16,0.0,20.06,shipmonk_estimate,USD
252726,7665109434678,Cattasaurus - shoproxstore - Shopify,direct_to_consumer,onhold,2026-09-19,,2026-09-19,PA2,ShipMonk,2,0,14.42,3.16,0.0,17.58,shipmonk_estimate,USD
252727,7665110319414,Cattasaurus - shoproxstore - Shopify,direct_to_consumer,fulfilled,2026-09-19,2026-09-20,2026-09-19,PA2,UPS,2,1,22.31,2.22,0.0,24.53,shipmonk_estimate,USD
252728,7665114284342,Cattasaurus - shoproxstore - Shopify,direct_to_consumer,onhold,2026-09-19,,2026-09-19,NV3,ShipMonk,2,0,23.49,3.16,0.0,26.65,shipmonk_estimate,USD
252729,7665144529206,Cattasaurus - shoproxstore - Shopify,direct_to_consumer,onhold,2026-09-19,,2026-09-19,PA2,ShipMonk,2,0,17.24,3.16,0.0,20.4,shipmonk_estimate,USD
252730,7665149378870,Cattasaurus - shoproxstore - Shopify,direct_to_consumer,fulfilled,2026-09-19,2026-09-20,2026-09-19,NV3,OnTrac,2,1,18.3,2.22,0.0,20.52,shipmonk_estimate,USD
252731,7665155342646,Cattasaurus - shoproxstore - Shopify,direct_to_consumer,fulfilled,2026-09-19,2026-09-20,2026-09-19,PA2,FedEx,3,1,20.53,2.54,0.0,23.07,shipmonk_estimate,USD
252732,7665171693878,Cattasaurus - shoproxstore - Shopify,direct_to_consumer,onhold,2026-09-19,,2026-09-19,NV3,ShipMonk,2,0,33.8,3.16,0.0,36.96,shipmonk_estimate,USD
252733,7665181262134,Cattasaurus - shoproxstore - Shopify,direct_to_consumer,onhold,2026-09-19,,2026-09-19,PA2,ShipMonk,2,0,11.75,3.16,0.0,14.91,shipmonk_estimate,USD
252734,7665193812278,Cattasaurus - shoproxstore - Shopify,direct_to_consumer,fulfilled,2026-09-19,2026-09-20,2026-09-19,PA2,OnTrac,2,1,12.14,2.22,0.0,14.36,shipmonk_estimate,USD
252735,7665202790710,Cattasaurus - shoproxstore - Shopify,direct_to_consumer,fulfilled,2026-09-19,2026-09-22,2026-09-19,NV3,FedEx,2,1,35.58,2.22,0.0,37.8,shipmonk_estimate,USD
252736,7665208230198,Cattasaurus - shoproxstore - Shopify,direct_to_consumer,onhold,2026-09-19,,2026-09-19,NV3,ShipMonk,2,0,25.27,4.74,0.0,30.01,shipmonk_estimate,USD
252737,7665209475382,Cattasaurus - shoproxstore - Shopify,direct_to_consumer,fulfilled,2026-09-19,2026-09-20,2026-09-19,PA2,OnTrac,2,1,17.24,2.22,0.0,19.46,shipmonk_estimate,USD
252738,7665212621110,Cattasaurus - shoproxstore - Shopify,direct_to_consumer,fulfilled,2026-09-19,2026-09-22,2026-09-19,NV3,OnTrac,2,1,26.52,2.22,0.0,28.74,shipmonk_estimate,USD
252738_1,fc1f226d-2920-4ffb-9f4b-32708e2d1534,Cattasaurus - shoproxstore - Shopify,direct_to_consumer,fulfilled,2026-09-19,2026-09-22,2026-09-19,PA2,SpeedX,1,1,7.41,1.58,0.0,8.99,shipmonk_estimate,USD
252738_2,8a8dc6f4-823b-4612-ae2d-ae86f440fd63,Cattasaurus - shoproxstore - Shopify,direct_to_consumer,fulfilled,2026-09-19,2026-09-22,2026-09-19,NV3,Cirro,1,1,12.53,1.58,0.0,14.11,shipmonk_estimate,USD
252738_3,d190ffab-7648-41e2-98f8-d1327b8aba45,Cattasaurus - shoproxstore - Shopify,direct_to_consumer,fulfilled,2026-09-19,2026-09-22,2026-09-19,NV3,Cirro,1,1,12.53,1.58,0.0,14.11,shipmonk_estimate,USD
252738_4,18d1431f-51c1-4298-857c-bdd4f37a5f1a,Cattasaurus - shoproxstore - Shopify,direct_to_consumer,fulfilled,2026-09-19,2026-09-22,2026-09-19,PA2,SpeedX,1,1,7.41,1.58,0.0,8.99,shipmonk_estimate,USD
252739,7665250500918,Cattasaurus - shoproxstore - Shopify,direct_to_consumer,fulfilled,2026-09-19,2026-09-22,2026-09-19,NV3,FedEx,3,1,35.58,2.54,0.0,38.12,shipmonk_estimate,USD
252740,7665253679414,Cattasaurus - shoproxstore - Shopify,direct_to_consumer,onhold,2026-09-19,,2026-09-19,NV3,ShipMonk,2,0,23.49,3.16,0.0,26.65,shipmonk_estimate,USD
252741,7665255645494,Cattasaurus - shoproxstore - Shopify,direct_to_consumer,fulfilled,2026-09-19,2026-09-20,2026-09-19,NV3,OnTrac,1,1,14.57,2.22,0.0,16.79,shipmonk_estimate,USD
252742,7665266229558,Cattasaurus - shoproxstore - Shopify,direct_to_consumer,fulfilled,2026-09-19,2026-09-20,2026-09-19,PA2,OnTrac,2,1,17.24,2.22,0.0,19.46,shipmonk_estimate,USD
252743,7665270653238,Cattasaurus - shoproxstore - Shopify,direct_to_consumer,fulfilled,2026-09-19,2026-09-20,2026-09-19,NV3,FedEx,1,1,18.3,1.9,0.0,20.2,shipmonk_estimate,USD
252744,7665274716470,Cattasaurus - shoproxstore - Shopify,direct_to_consumer,fulfilled,2026-09-19,2026-09-21,2026-09-19,TO1,FedEx,2,1,39.15,2.31,0.0,41.46,shipmonk_estimate,CAD+USD
252745,7665279959350,Cattasaurus - shoproxstore - Shopify,direct_to_consumer,fulfilled,2026-09-19,2026-09-22,2026-09-19,TO1,FedEx,1,1,33.08,1.95,0.0,35.03,shipmonk_estimate,CAD+USD
252746,7665281630518,Cattasaurus - shoproxstore - Shopify,direct_to_consumer,fulfilled,2026-09-19,2026-09-21,2026-09-19,TO1,FedEx,2,1,18.7,2.31,0.0,21.01,shipmonk_estimate,CAD+USD
252747,7665283989814,Cattasaurus - shoproxstore - Shopify,direct_to_consumer,fulfilled,2026-09-19,2026-09-20,2026-09-19,NV3,FedEx,2,1,18.3,2.22,0.0,20.52,shipmonk_estimate,USD
252748,7665284579638,Cattasaurus - shoproxstore - Shopify,direct_to_consumer,onhold,2026-09-19,,2026-09-19,PA2,ShipMonk,2,0,11.75,3.16,0.0,14.91,shipmonk_estimate,USD
252749,7665295458614,Cattasaurus - shoproxstore - Shopify,direct_to_consumer,onhold,2026-09-19,,2026-09-19,NV3,ShipMonk,2,0,21.31,4.74,0.0,26.05,shipmonk_estimate,USD
252750,7665307550006,Cattasaurus - shoproxstore - Shopify,direct_to_consumer,onhold,2026-09-19,,2026-09-19,NV3,ShipMonk,2,0,18.3,3.16,0.0,21.46,shipmonk_estimate,USD
252751,7665335206198,Cattasaurus - shoproxstore - Shopify,direct_to_consumer,onhold,2026-09-19,,2026-09-19,NV3,ShipMonk,3,0,18.3,3.16,0.0,21.46,shipmonk_estimate,USD
252752,7665352016182,Cattasaurus - shoproxstore - Shopify,direct_to_consumer,fulfilled,2026-09-19,2026-09-20,2026-09-19,PA2,OnTrac,2,1,10.38,2.22,0.0,12.6,shipmonk_estimate,USD
252753,7665356636470,Cattasaurus - shoproxstore - Shopify,direct_to_consumer,onhold,2026-09-19,,2026-09-19,PA2,ShipMonk,3,0,0.0,3.48,0.0,3.48,shipmonk_estimate,USD
252754,7665359061302,Cattasaurus - shoproxstore - Shopify,direct_to_consumer,fulfilled,2026-09-19,2026-09-22,2026-09-19,NV3,UPS,2,1,26.52,2.22,0.0,28.74,shipmonk_estimate,USD
252754_1,a4c4e44c-fd15-4668-95ef-6ab46937e92a,Cattasaurus - shoproxstore - Shopify,direct_to_consumer,fulfilled,2026-09-19,2026-09-22,2026-09-19,PA2,UPS,3,1,22.31,2.54,0.0,24.85,shipmonk_estimate,USD
252755,7665365221686,Cattasaurus - shoproxstore - Shopify,direct_to_consumer,fulfilled,2026-09-19,2026-09-22,2026-09-19,PA2,OnTrac,2,1,16.9,2.22,0.0,19.12,shipmonk_estimate,USD
252755_1,14853295-bfe2-41dc-b56a-cebf4718267a,Cattasaurus - shoproxstore - Shopify,direct_to_consumer,fulfilled,2026-09-19,2026-09-22,2026-09-19,PA2,OnTrac,1,1,16.9,3.82,0.0,20.72,shipmonk_estimate,USD
252756,7665367384374,Cattasaurus - shoproxstore - Shopify,direct_to_consumer,fulfilled,2026-09-19,2026-09-20,2026-09-19,NV3,OnTrac,2,1,25.27,2.22,0.0,27.49,shipmonk_estimate,USD
252757,7665377313078,Cattasaurus - shoproxstore - Shopify,direct_to_consumer,fulfilled,2026-09-19,2026-09-20,2026-09-19,NV3,UPS,2,1,25.27,2.22,0.0,27.49,shipmonk_estimate,USD
252758,7665387536694,Cattasaurus - shoproxstore - Shopify,direct_to_consumer,fulfilled,2026-09-19,2026-09-19,2026-09-19,PA2,OnTrac,1,1,18.3,1.9,0.0,20.2,shipmonk_estimate,USD
252759,7665398022454,Cattasaurus - shoproxstore - Shopify,direct_to_consumer,fulfilled,2026-09-19,2026-09-20,2026-09-19,NV3,Cirro,1,1,11.75,1.9,0.0,13.65,shipmonk_estimate,USD
252760,7665405329718,Cattasaurus - shoproxstore - Shopify,direct_to_consumer,onhold,2026-09-19,,2026-09-19,PA2,ShipMonk,2,0,12.14,3.16,0.0,15.3,shipmonk_estimate,USD
252761,7665409032502,Cattasaurus - shoproxstore - Shopify,direct_to_consumer,fulfilled,2026-09-19,2026-09-22,2026-09-19,PA2,Cirro,2,1,11.75,2.22,0.0,13.97,shipmonk_estimate,USD
252761_1,9ec1b5b1-0a6d-417b-acd9-519b9a45ad12,Cattasaurus - shoproxstore - Shopify,direct_to_consumer,fulfilled,2026-09-19,2026-09-22,2026-09-19,PA2,Cirro,1,1,11.75,3.82,0.0,15.57,shipmonk_estimate,USD
252762,7665428889910,Cattasaurus - shoproxstore - Shopify,direct_to_consumer,fulfilled,2026-09-19,2026-09-22,2026-09-19,PA2,OnTrac,2,1,15.12,2.22,0.0,17.34,shipmonk_estimate,USD
252763,7665462051126,Cattasaurus - shoproxstore - Shopify,direct_to_consumer,fulfilled,2026-09-19,2026-09-20,2026-09-19,PA2,OnTrac,2,1,20.53,2.22,0.0,22.75,shipmonk_estimate,USD
252764,7665471717686,Cattasaurus - shoproxstore - Shopify,direct_to_consumer,fulfilled,2026-09-19,2026-09-20,2026-09-19,NV3,OnTrac,2,1,20.08,2.22,0.0,22.3,shipmonk_estimate,USD
252765,7665509499190,Cattasaurus - shoproxstore - Shopify,direct_to_consumer,fulfilled,2026-09-19,2026-09-20,2026-09-19,NV3,OnTrac,2,1,29.18,2.22,0.0,31.4,shipmonk_estimate,USD
252766,7665518510390,Cattasaurus - shoproxstore - Shopify,direct_to_consumer,fulfilled,2026-09-19,2026-09-21,2026-09-19,PA2,OnTrac,2,1,12.64,2.22,0.0,14.86,shipmonk_estimate,USD
252767,7665539219766,Cattasaurus - shoproxstore - Shopify,direct_to_consumer,onhold,2026-09-19,,2026-09-19,NV3,ShipMonk,2,0,23.49,4.74,0.0,28.23,shipmonk_estimate,USD
252768,7665564483894,Cattasaurus - shoproxstore - Shopify,direct_to_consumer,fulfilled,2026-09-19,2026-09-22,2026-09-19,TO1,FedEx,2,1,33.08,2.31,0.0,35.39,shipmonk_estimate,CAD+USD
252769,7665589584182,Cattasaurus - shoproxstore - Shopify,direct_to_consumer,fulfilled,2026-09-19,2026-09-22,2026-09-19,NV3,OnTrac,2,1,33.8,2.22,0.0,36.02,shipmonk_estimate,USD
252770,7665595121974,Cattasaurus - shoproxstore - Shopify,direct_to_consumer,fulfilled,2026-09-19,2026-09-22,2026-09-19,TO1,FedEx,2,1,46.58,2.31,0.0,48.89,shipmonk_estimate,CAD+USD
252771,7665600037174,Cattasaurus - shoproxstore - Shopify,direct_to_consumer,onhold,2026-09-19,,2026-09-19,PA2,ShipMonk,2,0,22.31,3.16,0.0,25.47,shipmonk_estimate,USD
252772,7665602068790,Cattasaurus - shoproxstore - Shopify,direct_to_consumer,fulfilled,2026-09-19,2026-09-21,2026-09-19,PA2,OnTrac,1,1,19.14,2.54,0.0,21.68,shipmonk_estimate,USD
252773,7665602330934,Cattasaurus - shoproxstore - Shopify,direct_to_consumer,fulfilled,2026-09-19,2026-09-20,2026-09-19,NV3,OnTrac,3,1,25.27,2.54,0.0,27.81,shipmonk_estimate,USD
252774,7665607508278,Cattasaurus - shoproxstore - Shopify,direct_to_consumer,onhold,2026-09-19,,2026-09-19,PA2,ShipMonk,2,0,20.53,3.16,0.0,23.69,shipmonk_estimate,USD
252775,7665615503670,Cattasaurus - shoproxstore - Shopify,direct_to_consumer,fulfilled,2026-09-19,2026-09-22,2026-09-19,TO1,FedEx,2,1,33.08,2.31,0.0,35.39,shipmonk_estimate,CAD+USD
252776,7665630085430,Cattasaurus - shoproxstore - Shopify,direct_to_consumer,fulfilled,2026-09-19,2026-09-20,2026-09-19,PA2,OnTrac,2,1,19.02,2.22,0.0,21.24,shipmonk_estimate,USD
252777,7665664033078,Cattasaurus - shoproxstore - Shopify,direct_to_consumer,onhold,2026-09-19,,2026-09-19,PA2,ShipMonk,2,0,15.17,3.16,0.0,18.33,shipmonk_estimate,USD
252778,7665704337718,Cattasaurus - shoproxstore - Shopify,direct_to_consumer,onhold,2026-09-19,,2026-09-19,NV3,ShipMonk,1,0,29.18,1.58,0.0,30.76,shipmonk_estimate,USD
252779,7665713774902,Cattasaurus - shoproxstore - Shopify,direct_to_consumer,fulfilled,2026-09-19,2026-09-20,2026-09-19,NV3,OnTrac,1,1,12.14,2.22,0.0,14.36,shipmonk_estimate,USD
252780,7665735565622,Cattasaurus - shoproxstore - Shopify,direct_to_consumer,fulfilled,2026-09-19,2026-09-21,2026-09-19,PA2,OnTrac,2,1,15.17,2.22,0.0,17.39,shipmonk_estimate,USD
252781,7665750114614,Cattasaurus - shoproxstore - Shopify,direct_to_consumer,onhold,2026-09-19,,2026-09-19,NV3,ShipMonk,2,0,12.64,3.16,0.0,15.8,shipmonk_estimate,USD
252782,7665803198774,Cattasaurus - shoproxstore - Shopify,direct_to_consumer,fulfilled,2026-09-19,2026-09-20,2026-09-19,PA2,OnTrac,2,1,20.53,2.22,0.0,22.75,shipmonk_estimate,USD
252783,7665828790582,Cattasaurus - shoproxstore - Shopify,direct_to_consumer,fulfilled,2026-09-19,2026-09-22,2026-09-19,TO1,FedEx,2,1,33.08,2.31,0.0,35.39,shipmonk_estimate,CAD+USD
252784,7665861624118,Cattasaurus - shoproxstore - Shopify,direct_to_consumer,fulfilled,2026-09-19,2026-09-22,2026-09-19,TO1,FedEx,2,1,39.16,2.31,0.0,41.47,shipmonk_estimate,CAD+USD
252785,7665874469174,Cattasaurus - shoproxstore - Shopify,direct_to_consumer,onhold,2026-09-19,,2026-09-19,NV3,ShipMonk,2,0,21.31,8.41,0.0,29.72,shipmonk_estimate,USD
252786,7665878827318,Cattasaurus - shoproxstore - Shopify,direct_to_consumer,onhold,2026-09-19,,2026-09-19,NV3,ShipMonk,2,0,19.02,3.16,0.0,22.18,shipmonk_estimate,USD
252787,7665889607990,Cattasaurus - shoproxstore - Shopify,direct_to_consumer,onhold,2026-09-19,,2026-09-19,PA2,ShipMonk,4,0,16.95,3.16,0.0,20.11,shipmonk_estimate,USD
252788,7665929322806,Cattasaurus - shoproxstore - Shopify,direct_to_consumer,fulfilled,2026-09-19,2026-09-21,2026-09-19,NV3,OnTrac,1,1,18.3,1.9,0.0,20.2,shipmonk_estimate,USD
252789,7665932534070,Cattasaurus - shoproxstore - Shopify,direct_to_consumer,fulfilled,2026-09-19,2026-09-22,2026-09-19,TO1,FedEx,2,1,38.42,2.31,0.0,40.73,shipmonk_estimate,CAD+USD
252790,7665957044534,Cattasaurus - shoproxstore - Shopify,direct_to_consumer,fulfilled,2026-09-19,2026-09-21,2026-09-19,NV3,UPS,2,1,16.95,2.22,0.0,19.17,shipmonk_estimate,USD
252791,7665972674870,Cattasaurus - shoproxstore - Shopify,direct_to_consumer,fulfilled,2026-09-19,2026-09-21,2026-09-19,PA2,OnTrac,2,1,20.53,2.22,0.0,22.75,shipmonk_estimate,USD
252792,7665977458998,Cattasaurus - shoproxstore - Shopify,direct_to_consumer,fulfilled,2026-09-19,2026-09-21,2026-09-19,NV3,OnTrac,2,1,18.3,2.22,0.0,20.52,shipmonk_estimate,USD
252793,7665981292854,Cattasaurus - shoproxstore - Shopify,direct_to_consumer,fulfilled,2026-09-19,2026-09-21,2026-09-19,TO1,FedEx,2,1,19.0,2.31,0.0,21.31,shipmonk_estimate,CAD+USD
252794,7665987649846,Cattasaurus - shoproxstore - Shopify,direct_to_consumer,onhold,2026-09-19,,2026-09-19,PA2,ShipMonk,2,0,22.31,3.16,0.0,25.47,shipmonk_estimate,USD
252795,7666010358070,Cattasaurus - shoproxstore - Shopify,direct_to_consumer,fulfilled,2026-09-19,2026-09-21,2026-09-19,PA2,OnTrac,2,1,15.12,2.22,0.0,17.34,shipmonk_estimate,USD
252797,7666064163126,Cattasaurus - shoproxstore - Shopify,direct_to_consumer,fulfilled,2026-09-19,2026-09-21,2026-09-19,NV3,OnTrac,2,1,18.3,2.22,0.0,20.52,shipmonk_estimate,USD
252798,7666093261110,Cattasaurus - shoproxstore - Shopify,direct_to_consumer,onhold,2026-09-19,,2026-09-19,NV3,ShipMonk,2,0,35.58,3.16,0.0,38.74,shipmonk_estimate,USD
252799,7666098241846,Cattasaurus - shoproxstore - Shopify,direct_to_consumer,fulfilled,2026-09-19,2026-09-21,2026-09-19,PA2,OnTrac,2,1,14.16,2.22,0.0,16.38,shipmonk_estimate,USD
252800,7666106761526,Cattasaurus - shoproxstore - Shopify,direct_to_consumer,fulfilled,2026-09-19,2026-09-21,2026-09-19,NV3,OnTrac,1,1,14.42,1.9,0.0,16.32,shipmonk_estimate,USD
252801,7666163286326,Cattasaurus - shoproxstore - Shopify,direct_to_consumer,onhold,2026-09-19,,2026-09-19,NV3,ShipMonk,2,0,23.49,3.16,0.0,26.65,shipmonk_estimate,USD
252802,7666173215030,Cattasaurus - shoproxstore - Shopify,direct_to_consumer,fulfilled,2026-09-19,2026-09-21,2026-09-19,PA2,OnTrac,2,1,18.3,2.22,0.0,20.52,shipmonk_estimate,USD
252803,7666177016118,Cattasaurus - shoproxstore - Shopify,direct_to_consumer,fulfilled,2026-09-19,2026-09-21,2026-09-19,NV3,OnTrac,2,1,18.3,2.22,0.0,20.52,shipmonk_estimate,USD
252804,7666187632950,Cattasaurus - shoproxstore - Shopify,direct_to_consumer,fulfilled,2026-09-19,2026-09-22,2026-09-19,NV3,UPS,2,1,25.27,2.22,0.0,27.49,shipmonk_estimate,USD
252805,7666196250934,Cattasaurus - shoproxstore - Shopify,direct_to_consumer,fulfilled,2026-09-19,2026-09-21,2026-09-19,PA2,UPS,2,1,16.95,2.22,0.0,19.17,shipmonk_estimate,USD
252806,7666261786934,Cattasaurus - shoproxstore - Shopify,direct_to_consumer,fulfilled,2026-09-19,2026-09-21,2026-09-19,PA2,FedEx,1,1,19.14,1.9,0.0,21.04,shipmonk_estimate,USD
252807,7666278367542,Cattasaurus - shoproxstore - Shopify,direct_to_consumer,onhold,2026-09-19,,2026-09-19,PA2,ShipMonk,2,0,17.24,3.16,0.0,20.4,shipmonk_estimate,USD
252809,7666293342518,Cattasaurus - shoproxstore - Shopify,direct_to_consumer,onhold,2026-09-19,,2026-09-19,NV3,ShipMonk,2,0,10.38,3.16,0.0,13.54,shipmonk_estimate,USD
252810,7666298782006,Cattasaurus - shoproxstore - Shopify,direct_to_consumer,fulfilled,2026-09-19,2026-09-22,2026-09-19,TO1,FedEx,2,1,33.08,2.31,0.0,35.39,shipmonk_estimate,CAD+USD
252811,7666325356854,Cattasaurus - shoproxstore - Shopify,direct_to_consumer,onhold,2026-09-19,,2026-09-19,NV3,ShipMonk,2,0,23.49,10.5,0.0,33.99,shipmonk_estimate,USD
252812,7666326274358,Cattasaurus - shoproxstore - Shopify,direct_to_consumer,fulfilled,2026-09-19,2026-09-21,2026-09-19,PA2,FedEx,2,1,15.17,2.22,0.0,17.39,shipmonk_estimate,USD
252813,7666337906998,Cattasaurus - shoproxstore - Shopify,direct_to_consumer,fulfilled,2026-09-19,2026-09-21,2026-09-19,NV3,OnTrac,2,1,20.53,2.22,0.0,22.75,shipmonk_estimate,USD
252814,7666368676150,Cattasaurus - shoproxstore - Shopify,direct_to_consumer,fulfilled,2026-09-19,2026-09-21,2026-09-19,PA2,OnTrac,2,1,11.75,2.22,0.0,13.97,shipmonk_estimate,USD
252816,7666383257910,Cattasaurus - shoproxstore - Shopify,direct_to_consumer,fulfilled,2026-09-19,2026-09-21,2026-09-19,NV3,OnTrac,2,1,12.64,2.22,0.0,14.86,shipmonk_estimate,USD
252817,7666407670070,Cattasaurus - shoproxstore - Shopify,direct_to_consumer,onhold,2026-09-19,,2026-09-19,PA2,ShipMonk,1,0,12.14,3.16,0.0,15.3,shipmonk_estimate,USD
252818,7666437652790,Cattasaurus - shoproxstore - Shopify,direct_to_consumer,fulfilled,2026-09-19,2026-09-21,2026-09-19,PA2,UPS,1,1,20.92,1.9,0.0,22.82,shipmonk_estimate,USD
252819,7666473795894,Cattasaurus - shoproxstore - Shopify,direct_to_consumer,fulfilled,2026-09-19,2026-09-21,2026-09-19,NV3,OnTrac,2,1,15.12,2.22,0.0,17.34,shipmonk_estimate,USD
252821,7666500960566,Cattasaurus - shoproxstore - Shopify,direct_to_consumer,fulfilled,2026-09-19,2026-09-21,2026-09-19,PA2,OnTrac,2,1,20.53,2.22,0.0,22.75,shipmonk_estimate,USD
252822,7666513117494,Cattasaurus - shoproxstore - Shopify,direct_to_consumer,onhold,2026-09-19,,2026-09-19,NV3,ShipMonk,2,0,23.49,10.5,0.0,33.99,shipmonk_estimate,USD
252823,7666551161142,Cattasaurus - shoproxstore - Shopify,direct_to_consumer,onhold,2026-09-19,,2026-09-19,PA2,ShipMonk,1,0,20.53,1.58,0.0,22.11,shipmonk_estimate,USD
252824,7666570690870,Cattasaurus - shoproxstore - Shopify,direct_to_consumer,fulfilled,2026-09-19,2026-09-21,2026-09-19,PA2,Cirro,1,1,13.12,2.22,0.0,15.34,shipmonk_estimate,USD
252825,7666575638838,Cattasaurus - shoproxstore - Shopify,direct_to_consumer,fulfilled,2026-09-19,2026-09-21,2026-09-19,NV3,FedEx,2,1,18.3,2.22,0.0,20.52,shipmonk_estimate,USD
252826,7666579276086,Cattasaurus - shoproxstore - Shopify,direct_to_consumer,fulfilled,2026-09-19,2026-09-21,2026-09-19,NV3,FedEx,1,1,21.31,1.9,0.0,23.21,shipmonk_estimate,USD
252827,7666581078326,Cattasaurus - shoproxstore - Shopify,direct_to_consumer,fulfilled,2026-09-19,2026-09-21,2026-09-19,PA2,OnTrac,2,1,12.14,2.22,0.0,14.36,shipmonk_estimate,USD
252828,7666602279222,Cattasaurus - shoproxstore - Shopify,direct_to_consumer,onhold,2026-09-19,,2026-09-19,TO1,FedEx,2,0,38.63,3.17,0.0,41.8,shipmonk_estimate,CAD+USD
252829,7666603229494,Cattasaurus - shoproxstore - Shopify,direct_to_consumer,fulfilled,2026-09-19,2026-09-21,2026-09-19,PA2,OnTrac,1,1,15.94,2.54,0.0,18.48,shipmonk_estimate,USD
252830,7666607161654,Cattasaurus - shoproxstore - Shopify,direct_to_consumer,onhold,2026-09-19,,2026-09-19,TO1,FedEx,2,0,32.64,3.17,0.0,35.81,shipmonk_estimate,CAD+USD
252831,7666653036854,Cattasaurus - shoproxstore - Shopify,direct_to_consumer,onhold,2026-09-19,,2026-09-19,NV3,ShipMonk,2,0,26.52,3.16,0.0,29.68,shipmonk_estimate,USD
252832,7666655199542,Cattasaurus - shoproxstore - Shopify,direct_to_consumer,fulfilled,2026-09-19,2026-09-21,2026-09-19,PA2,UPS,2,1,16.95,2.22,0.0,19.17,shipmonk_estimate,USD
252834,7666685378870,Cattasaurus - shoproxstore - Shopify,direct_to_consumer,fulfilled,2026-09-19,2026-09-21,2026-09-19,NV3,OnTrac,2,1,20.53,2.22,0.0,22.75,shipmonk_estimate,USD
252835,7666694193462,Cattasaurus - shoproxstore - Shopify,direct_to_consumer,fulfilled,2026-09-19,2026-09-21,2026-09-19,PA2,OnTrac,2,1,15.12,2.22,0.0,17.34,shipmonk_estimate,USD
252836,7666696618294,Cattasaurus - shoproxstore - Shopify,direct_to_consumer,onhold,2026-09-19,,2026-09-19,PA2,ShipMonk,2,0,8.97,1.9,0.0,10.87,shipmonk_estimate,USD
252837,7666700550454,Cattasaurus - shoproxstore - Shopify,direct_to_consumer,fulfilled,2026-09-19,2026-09-21,2026-09-19,NV3,OnTrac,1,1,15.12,2.22,0.0,17.34,shipmonk_estimate,USD
252838,7666701599030,Cattasaurus - shoproxstore - Shopify,direct_to_consumer,onhold,2026-09-19,,2026-09-19,PA2,ShipMonk,2,0,12.64,3.16,0.0,15.8,shipmonk_estimate,USD
252839,7666713133366,Cattasaurus - shoproxstore - Shopify,direct_to_consumer,fulfilled,2026-09-19,2026-09-21,2026-09-19,PA2,OnTrac,2,1,15.12,2.22,0.0,17.34,shipmonk_estimate,USD
252840,7666714476854,Cattasaurus - shoproxstore - Shopify,direct_to_consumer,onhold,2026-09-19,,2026-09-19,PA2,ShipMonk,1,0,22.31,1.58,0.0,23.89,shipmonk_estimate,USD
252841,7666730467638,Cattasaurus - shoproxstore - Shopify,direct_to_consumer,fulfilled,2026-09-19,2026-09-21,2026-09-19,PA2,UPS,2,1,16.95,2.22,0.0,19.17,shipmonk_estimate,USD
252842,7666749276470,Cattasaurus - shoproxstore - Shopify,direct_to_consumer,fulfilled,2026-09-19,2026-09-21,2026-09-19,PA2,FedEx,2,1,20.53,2.22,0.0,22.75,shipmonk_estimate,USD
252843,7666760417590,Cattasaurus - shoproxstore - Shopify,direct_to_consumer,onhold,2026-09-19,,2026-09-19,TO1,FedEx,2,0,37.91,3.17,0.0,41.08,shipmonk_estimate,CAD+USD
252844,7666784993590,Cattasaurus - shoproxstore - Shopify,direct_to_consumer,onhold,2026-09-19,,2026-09-19,TO1,FedEx,1,0,38.89,3.17,0.0,42.06,shipmonk_estimate,CAD+USD
252845,7666809667894,Cattasaurus - shoproxstore - Shopify,direct_to_consumer,onhold,2026-09-19,,2026-09-19,NV3,ShipMonk,4,0,17.24,3.16,0.0,20.4,shipmonk_estimate,USD
252846,7666860032310,Cattasaurus - shoproxstore - Shopify,direct_to_consumer,fulfilled,2026-09-19,2026-09-21,2026-09-19,PA2,OnTrac,2,1,20.53,2.22,0.0,22.75,shipmonk_estimate,USD
111-6797313-8694643,111-6797313-8694643,Cattasaurus - Amazon USA,direct_to_consumer,fulfilled,2026-09-20,2026-09-20,2026-09-20,PA2,OnTrac,1,1,13.09,1.9,0.0,14.99,shipmonk_estimate,USD
111-9087338-9419426,111-9087338-9419426,Cattasaurus - Amazon USA,direct_to_consumer,fulfilled,2026-09-20,2026-09-21,2026-09-20,NV3,OnTrac,1,1,13.31,2.22,0.0,15.53,shipmonk_estimate,USD
113-8525691-0978609,113-8525691-0978609,Cattasaurus - Amazon USA,direct_to_consumer,fulfilled,2026-09-20,2026-09-21,2026-09-20,NV3,OnTrac,1,1,15.94,2.22,0.0,18.16,shipmonk_estimate,USD
200015293528427,129126497616855,Cattasaurus - Walmart,direct_to_consumer,fulfilled,2026-09-20,2026-09-20,2026-09-20,NV3,UPS,1,1,25.27,1.9,0.0,27.17,shipmonk_estimate,USD
248954-01,ea7eeaa3-748c-4088-b3c8-5f1e07c1f9aa,Cattasaurus - shoproxstore - Shopify,direct_to_consumer,fulfilled,2026-09-20,2026-09-21,2026-09-20,NV3,UPS,1,1,17.88,2.54,0.0,20.42,shipmonk_estimate,USD
252849,7667023708470,Cattasaurus - shoproxstore - Shopify,direct_to_consumer,fulfilled,2026-09-20,2026-09-20,2026-09-20,NV3,FedEx,2,1,24.74,2.22,0.0,26.96,shipmonk_estimate,USD
252850,7667091996982,Cattasaurus - shoproxstore - Shopify,direct_to_consumer,fulfilled,2026-09-20,2026-09-21,2026-09-20,PA2,OnTrac,1,1,16.1,2.54,0.0,18.64,shipmonk_estimate,USD
252863,7667120406838,Cattasaurus - shoproxstore - Shopify,direct_to_consumer,fulfilled,2026-09-20,2026-09-20,2026-09-20,NV3,OnTrac,1,1,13.09,1.9,0.0,14.99,shipmonk_estimate,USD
252865,7667141935414,Cattasaurus - shoproxstore - Shopify,direct_to_consumer,fulfilled,2026-09-20,2026-09-20,2026-09-20,NV3,OnTrac,3,1,15.94,2.54,0.0,18.48,shipmonk_estimate,USD
252866,7667169132854,Cattasaurus - shoproxstore - Shopify,direct_to_consumer,onhold,2026-09-20,,2026-09-20,NV3,ShipMonk,3,0,12.64,3.16,0.0,15.8,shipmonk_estimate,USD
252867,7667281396022,Cattasaurus - shoproxstore - Shopify,direct_to_consumer,onhold,2026-09-20,,2026-09-20,PA2,ShipMonk,3,0,18.3,3.16,0.0,21.46,shipmonk_estimate,USD
252868,7667335921974,Cattasaurus - shoproxstore - Shopify,direct_to_consumer,onhold,2026-09-20,,2026-09-20,NV3,ShipMonk,1,0,33.8,1.58,0.0,35.38,shipmonk_estimate,USD
252870,7667440156982,Cattasaurus - shoproxstore - Shopify,direct_to_consumer,fulfilled,2026-09-20,2026-09-21,2026-09-20,NV3,OnTrac,2,1,11.75,2.22,0.0,13.97,shipmonk_estimate,USD
252872,7667466633526,Cattasaurus - shoproxstore - Shopify,direct_to_consumer,onhold,2026-09-20,,2026-09-20,NV3,ShipMonk,1,0,30.69,13.66,0.0,44.35,shipmonk_estimate,USD
252873,7667469648182,Cattasaurus - shoproxstore - Shopify,direct_to_consumer,onhold,2026-09-20,,2026-09-20,NV3,ShipMonk,2,0,25.27,4.74,0.0,30.01,shipmonk_estimate,USD
252874,7667486916918,Cattasaurus - shoproxstore - Shopify,direct_to_consumer,fulfilled,2026-09-20,2026-09-21,2026-09-20,PA2,OnTrac,2,1,16.1,2.22,0.0,18.32,shipmonk_estimate,USD
252875,7667499663670,Cattasaurus - shoproxstore - Shopify,direct_to_consumer,onhold,2026-09-20,,2026-09-20,TO1,Passport,2,0,33.79,3.17,0.0,36.96,shipmonk_estimate,CAD+USD
252876,7667515588918,Cattasaurus - shoproxstore - Shopify,direct_to_consumer,fulfilled,2026-09-20,2026-09-21,2026-09-20,TO1,FedEx,2,1,19.0,2.31,0.0,21.31,shipmonk_estimate,CAD+USD
252877,7667524632886,Cattasaurus - shoproxstore - Shopify,direct_to_consumer,onhold,2026-09-20,,2026-09-20,NV3,ShipMonk,2,0,20.53,3.16,0.0,23.69,shipmonk_estimate,USD
252878,7667529842998,Cattasaurus - shoproxstore - Shopify,direct_to_consumer,fulfilled,2026-09-20,2026-09-21,2026-09-20,NV3,FedEx,3,1,26.33,3.18,0.0,29.51,shipmonk_estimate,USD
252879,7667547144502,Cattasaurus - shoproxstore - Shopify,direct_to_consumer,onhold,2026-09-20,,2026-09-20,NV3,ShipMonk,2,0,15.17,3.16,0.0,18.33,shipmonk_estimate,USD
252880,7667553829174,Cattasaurus - shoproxstore - Shopify,direct_to_consumer,fulfilled,2026-09-20,2026-09-21,2026-09-20,NV3,OnTrac,2,1,21.31,2.22,0.0,23.53,shipmonk_estimate,USD
252881,7667559989558,Cattasaurus - shoproxstore - Shopify,direct_to_consumer,fulfilled,2026-09-20,2026-09-21,2026-09-20,PA2,UPS,1,1,22.31,2.54,0.0,24.85,shipmonk_estimate,USD
252882,7667573621046,Cattasaurus - shoproxstore - Shopify,direct_to_consumer,onhold,2026-09-20,,2026-09-20,TO1,FedEx,2,0,45.96,3.17,0.0,49.13,shipmonk_estimate,CAD+USD
252883,7667580043574,Cattasaurus - shoproxstore - Shopify,direct_to_consumer,fulfilled,2026-09-20,2026-09-21,2026-09-20,PA2,UPS,2,1,17.88,2.22,0.0,20.1,shipmonk_estimate,USD
252884,7667581157686,Cattasaurus - shoproxstore - Shopify,direct_to_consumer,fulfilled,2026-09-20,2026-09-21,2026-09-20,PA2,OnTrac,2,1,12.64,2.22,0.0,14.86,shipmonk_estimate,USD
252885,7667584794934,Cattasaurus - shoproxstore - Shopify,direct_to_consumer,fulfilled,2026-09-20,2026-09-21,2026-09-20,NV3,OnTrac,3,1,15.17,2.54,0.0,17.71,shipmonk_estimate,USD
252886,7667587514678,Cattasaurus - shoproxstore - Shopify,direct_to_consumer,onhold,2026-09-20,,2026-09-20,PA2,ShipMonk,3,0,13.92,3.16,0.0,17.08,shipmonk_estimate,USD
252887,7667591905590,Cattasaurus - shoproxstore - Shopify,direct_to_consumer,fulfilled,2026-09-20,2026-09-21,2026-09-20,PA2,OnTrac,2,1,12.64,2.22,0.0,14.86,shipmonk_estimate,USD
252888,7667648266550,Cattasaurus - shoproxstore - Shopify,direct_to_consumer,onhold,2026-09-20,,2026-09-20,TO1,Passport,2,0,38.12,3.17,0.0,41.29,shipmonk_estimate,CAD+USD
252889,7667652264246,Cattasaurus - shoproxstore - Shopify,direct_to_consumer,onhold,2026-09-20,,2026-09-20,NV3,ShipMonk,2,0,21.31,4.74,0.0,26.05,shipmonk_estimate,USD
252890,7667654492470,Cattasaurus - shoproxstore - Shopify,direct_to_consumer,onhold,2026-09-20,,2026-09-20,NV3,ShipMonk,4,0,0.0,8.41,0.0,8.41,shipmonk_estimate,USD
252891,7667659604278,Cattasaurus - shoproxstore - Shopify,direct_to_consumer,fulfilled,2026-09-20,2026-09-21,2026-09-20,PA2,OnTrac,2,1,14.42,2.22,0.0,16.64,shipmonk_estimate,USD
252892,7667694403894,Cattasaurus - shoproxstore - Shopify,direct_to_consumer,fulfilled,2026-09-20,2026-09-21,2026-09-20,TO1,FedEx,2,1,17.59,2.31,0.0,19.9,shipmonk_estimate,CAD+USD
252893,7667703415094,Cattasaurus - shoproxstore - Shopify,direct_to_consumer,fulfilled,2026-09-20,2026-09-21,2026-09-20,PA2,OnTrac,2,1,22.93,2.22,0.0,25.15,shipmonk_estimate,USD
252894,7667712819510,Cattasaurus - shoproxstore - Shopify,direct_to_consumer,fulfilled,2026-09-20,2026-09-21,2026-09-20,PA2,OnTrac,2,1,12.64,2.22,0.0,14.86,shipmonk_estimate,USD
252895,7667722060086,Cattasaurus - shoproxstore - Shopify,direct_to_consumer,onhold,2026-09-20,,2026-09-20,PA2,ShipMonk,2,0,22.31,3.16,0.0,25.47,shipmonk_estimate,USD
252896,7667730317622,Cattasaurus - shoproxstore - Shopify,direct_to_consumer,fulfilled,2026-09-20,2026-09-21,2026-09-20,NV3,FedEx,2,1,26.52,2.22,0.0,28.74,shipmonk_estimate,USD
252897,7667730678070,Cattasaurus - shoproxstore - Shopify,direct_to_consumer,onhold,2026-09-20,,2026-09-20,TO1,FedEx,2,0,32.64,4.75,0.0,37.39,shipmonk_estimate,CAD+USD
252898,7667731366198,Cattasaurus - shoproxstore - Shopify,direct_to_consumer,fulfilled,2026-09-20,2026-09-21,2026-09-20,PA2,OnTrac,1,1,10.38,1.9,0.0,12.28,shipmonk_estimate,USD
252899,7667732087094,Cattasaurus - shoproxstore - Shopify,direct_to_consumer,onhold,2026-09-20,,2026-09-20,NV3,ShipMonk,2,0,33.8,3.16,0.0,36.96,shipmonk_estimate,USD
252900,7667733791030,Cattasaurus - shoproxstore - Shopify,direct_to_consumer,onhold,2026-09-20,,2026-09-20,PA2,ShipMonk,5,0,0.0,7.9,0.0,7.9,shipmonk_estimate,USD
252901,7667734806838,Cattasaurus - shoproxstore - Shopify,direct_to_consumer,fulfilled,2026-09-20,2026-09-21,2026-09-20,PA2,OnTrac,1,1,14.16,2.54,0.0,16.7,shipmonk_estimate,USD
252903,7667757285686,Cattasaurus - shoproxstore - Shopify,direct_to_consumer,onhold,2026-09-20,,2026-09-20,NV3,ShipMonk,2,0,18.3,8.41,0.0,26.71,shipmonk_estimate,USD
252904,7667760791862,Cattasaurus - shoproxstore - Shopify,direct_to_consumer,onhold,2026-09-20,,2026-09-20,TO1,FedEx,2,0,44.88,3.17,0.0,48.05,shipmonk_estimate,CAD+USD
252905,7667774783798,Cattasaurus - shoproxstore - Shopify,direct_to_consumer,onhold,2026-09-20,,2026-09-20,TO1,FedEx,2,0,45.96,3.17,0.0,49.13,shipmonk_estimate,CAD+USD
252906,7667811844406,Cattasaurus - shoproxstore - Shopify,direct_to_consumer,onhold,2026-09-20,,2026-09-20,PA2,ShipMonk,2,0,0.0,8.22,0.0,8.22,shipmonk_estimate,USD
252907,7667818463542,Cattasaurus - shoproxstore - Shopify,direct_to_consumer,fulfilled,2026-09-20,2026-09-21,2026-09-20,NV3,Cirro,3,1,11.75,2.54,0.0,14.29,shipmonk_estimate,USD
252909,7667848511798,Cattasaurus - shoproxstore - Shopify,direct_to_consumer,fulfilled,2026-09-20,2026-09-21,2026-09-20,TO1,FedEx,2,1,18.7,2.31,0.0,21.01,shipmonk_estimate,CAD+USD
252910,7667850314038,Cattasaurus - shoproxstore - Shopify,direct_to_consumer,fulfilled,2026-09-20,2026-09-21,2026-09-20,PA2,UPS,1,2,33.9,4.12,0.0,38.02,shipmonk_estimate,USD
252911,7667886096694,Cattasaurus - shoproxstore - Shopify,direct_to_consumer,fulfilled,2026-09-20,2026-09-21,2026-09-20,NV3,OnTrac,1,1,19.14,2.54,0.0,21.68,shipmonk_estimate,USD
252912,7667894812982,Cattasaurus - shoproxstore - Shopify,direct_to_consumer,fulfilled,2026-09-20,2026-09-21,2026-09-20,NV3,OnTrac,2,1,25.27,2.22,0.0,27.49,shipmonk_estimate,USD
252913,7667925352758,Cattasaurus - shoproxstore - Shopify,direct_to_consumer,onhold,2026-09-20,,2026-09-20,PA2,ShipMonk,1,0,16.95,3.16,0.0,20.11,shipmonk_estimate,USD
252914,7667965133110,Cattasaurus - shoproxstore - Shopify,direct_to_consumer,fulfilled,2026-09-20,2026-09-21,2026-09-20,NV3,UPS,2,1,25.27,2.22,0.0,27.49,shipmonk_estimate,USD
252915,7667967000886,Cattasaurus - shoproxstore - Shopify,direct_to_consumer,fulfilled,2026-09-20,2026-09-21,2026-09-20,NV3,OnTrac,2,1,15.17,2.22,0.0,17.39,shipmonk_estimate,USD
252916,7667972833590,Cattasaurus - shoproxstore - Shopify,direct_to_consumer,fulfilled,2026-09-20,2026-09-21,2026-09-20,PA2,UPS,1,2,24.34,4.12,0.0,28.46,shipmonk_estimate,USD
252917,7667975225654,Cattasaurus - shoproxstore - Shopify,direct_to_consumer,onhold,2026-09-20,,2026-09-20,NV3,ShipMonk,1,0,11.75,3.16,0.0,14.91,shipmonk_estimate,USD
252918,7667987415350,Cattasaurus - shoproxstore - Shopify,direct_to_consumer,onhold,2026-09-20,,2026-09-20,NV3,ShipMonk,2,0,15.17,3.16,0.0,18.33,shipmonk_estimate,USD
252919,7667988988214,Cattasaurus - shoproxstore - Shopify,direct_to_consumer,onhold,2026-09-20,,2026-09-20,NV3,ShipMonk,4,0,0.0,6.32,0.0,6.32,shipmonk_estimate,USD
252920,7668032897334,Cattasaurus - shoproxstore - Shopify,direct_to_consumer,onhold,2026-09-20,,2026-09-20,TO1,FedEx,2,0,32.64,3.17,0.0,35.81,shipmonk_estimate,CAD+USD
252921,7668045807926,Cattasaurus - shoproxstore - Shopify,direct_to_consumer,fulfilled,2026-09-20,2026-09-21,2026-09-20,NV3,OnTrac,1,1,22.93,2.54,0.0,25.47,shipmonk_estimate,USD
252922,7668050592054,Cattasaurus - shoproxstore - Shopify,direct_to_consumer,onhold,2026-09-20,,2026-09-20,TO1,FedEx,2,0,32.64,3.17,0.0,35.81,shipmonk_estimate,CAD+USD
252923,7668069990710,Cattasaurus - shoproxstore - Shopify,direct_to_consumer,fulfilled,2026-09-20,2026-09-21,2026-09-20,NV3,UPS,4,1,26.52,2.86,0.0,29.38,shipmonk_estimate,USD
252924,7668074053942,Cattasaurus - shoproxstore - Shopify,direct_to_consumer,fulfilled,2026-09-20,2026-09-22,2026-09-20,PA2,FedEx,5,1,20.53,3.18,0.0,23.71,shipmonk_estimate,USD
252925,7668106920246,Cattasaurus - shoproxstore - Shopify,direct_to_consumer,fulfilled,2026-09-20,2026-09-22,2026-09-20,PA2,OnTrac,2,1,15.17,2.22,0.0,17.39,shipmonk_estimate,USD
252926,7668113310006,Cattasaurus - shoproxstore - Shopify,direct_to_consumer,fulfilled,2026-09-20,2026-09-21,2026-09-20,NV3,OnTrac,1,1,14.16,2.54,0.0,16.7,shipmonk_estimate,USD
252927,7668119437622,Cattasaurus - shoproxstore - Shopify,direct_to_consumer,fulfilled,2026-09-20,2026-09-21,2026-09-20,NV3,Cirro,1,1,9.33,1.58,0.0,10.91,shipmonk_estimate,USD
252928,7668119666998,Cattasaurus - shoproxstore - Shopify,direct_to_consumer,fulfilled,2026-09-20,2026-09-21,2026-09-20,NV3,OnTrac,2,1,25.27,2.22,0.0,27.49,shipmonk_estimate,USD
252929,7668134019382,Cattasaurus - shoproxstore - Shopify,direct_to_consumer,onhold,2026-09-20,,2026-09-20,PA2,ShipMonk,3,0,0.0,6.32,0.0,6.32,shipmonk_estimate,USD
252930,7668137328950,Cattasaurus - shoproxstore - Shopify,direct_to_consumer,onhold,2026-09-20,,2026-09-20,NV3,ShipMonk,3,0,15.12,3.16,0.0,18.28,shipmonk_estimate,USD
252931,7668163379510,Cattasaurus - shoproxstore - Shopify,direct_to_consumer,fulfilled,2026-09-20,2026-09-21,2026-09-20,NV3,OnTrac,2,1,23.49,2.22,0.0,25.71,shipmonk_estimate,USD
252932,7668164722998,Cattasaurus - shoproxstore - Shopify,direct_to_consumer,fulfilled,2026-09-20,2026-09-21,2026-09-20,NV3,OnTrac,2,1,20.08,2.22,0.0,22.3,shipmonk_estimate,USD
252933,7668164886838,Cattasaurus - shoproxstore - Shopify,direct_to_consumer,fulfilled,2026-09-20,2026-09-22,2026-09-20,NV3,OnTrac,1,1,28.11,2.54,0.0,30.65,shipmonk_estimate,USD
252934,7668167639350,Cattasaurus - shoproxstore - Shopify,direct_to_consumer,fulfilled,2026-09-20,2026-09-22,2026-09-20,PA2,OnTrac,1,1,12.14,1.9,0.0,14.04,shipmonk_estimate,USD
252935,7668171440438,Cattasaurus - shoproxstore - Shopify,direct_to_consumer,fulfilled,2026-09-20,2026-09-21,2026-09-20,PA2,FedEx,1,2,29.74,4.12,0.0,33.86,shipmonk_estimate,USD
252936,7668208369974,Cattasaurus - shoproxstore - Shopify,direct_to_consumer,fulfilled,2026-09-20,2026-09-21,2026-09-20,NV3,OnTrac,1,1,23.49,1.9,0.0,25.39,shipmonk_estimate,USD
252937,7668210532662,Cattasaurus - shoproxstore - Shopify,direct_to_consumer,fulfilled,2026-09-20,2026-09-22,2026-09-20,PA2,FedEx,2,1,17.24,2.22,0.0,19.46,shipmonk_estimate,USD
252938,7668213383478,Cattasaurus - shoproxstore - Shopify,direct_to_consumer,onhold,2026-09-20,,2026-09-20,PA2,ShipMonk,3,0,11.75,3.16,0.0,14.91,shipmonk_estimate,USD
252939,7668221935926,Cattasaurus - shoproxstore - Shopify,direct_to_consumer,onhold,2026-09-20,,2026-09-20,TO1,FedEx,2,0,32.64,3.17,0.0,35.81,shipmonk_estimate,CAD+USD
252941,7668234649910,Cattasaurus - shoproxstore - Shopify,direct_to_consumer,onhold,2026-09-20,,2026-09-20,PA2,ShipMonk,2,0,15.17,3.16,0.0,18.33,shipmonk_estimate,USD
252942,7668241989942,Cattasaurus - shoproxstore - Shopify,direct_to_consumer,fulfilled,2026-09-20,2026-09-21,2026-09-20,PA2,OnTrac,2,1,18.3,2.22,0.0,20.52,shipmonk_estimate,USD
252943,7668281409846,Cattasaurus - shoproxstore - Shopify,direct_to_consumer,fulfilled,2026-09-20,2026-09-22,2026-09-20,NV3,OnTrac,2,1,25.27,2.22,0.0,27.49,shipmonk_estimate,USD
252944,7668307231030,Cattasaurus - shoproxstore - Shopify,direct_to_consumer,fulfilled,2026-09-20,2026-09-22,2026-09-20,PA2,OnTrac,2,1,20.53,2.22,0.0,22.75,shipmonk_estimate,USD
252945,7668311753014,Cattasaurus - shoproxstore - Shopify,direct_to_consumer,onhold,2026-09-20,,2026-09-20,NV3,ShipMonk,2,0,16.95,3.16,0.0,20.11,shipmonk_estimate,USD
252946,7668317421878,Cattasaurus - shoproxstore - Shopify,direct_to_consumer,fulfilled,2026-09-20,2026-09-22,2026-09-20,PA2,OnTrac,2,1,12.14,2.54,0.0,14.68,shipmonk_estimate,USD
252947,7668323090742,Cattasaurus - shoproxstore - Shopify,direct_to_consumer,fulfilled,2026-09-20,2026-09-22,2026-09-20,NV3,FedEx,1,2,28.32,4.12,0.0,32.44,shipmonk_estimate,USD
252948,7668333805878,Cattasaurus - shoproxstore - Shopify,direct_to_consumer,fulfilled,2026-09-20,2026-09-22,2026-09-20,TO1,FedEx,2,1,15.46,2.31,0.0,17.77,shipmonk_estimate,CAD+USD
252949,7668352221494,Cattasaurus - shoproxstore - Shopify,direct_to_consumer,fulfilled,2026-09-20,2026-09-22,2026-09-20,NV3,OnTrac,1,1,15.12,1.9,0.0,17.02,shipmonk_estimate,USD
252950,7668352090422,Cattasaurus - shoproxstore - Shopify,direct_to_consumer,onhold,2026-09-20,,2026-09-20,NV3,ShipMonk,2,0,18.3,3.16,0.0,21.46,shipmonk_estimate,USD
252951,7668352975158,Cattasaurus - shoproxstore - Shopify,direct_to_consumer,fulfilled,2026-09-20,2026-09-22,2026-09-20,PA2,OnTrac,2,1,20.53,2.22,0.0,22.75,shipmonk_estimate,USD
252952,7668394950966,Cattasaurus - shoproxstore - Shopify,direct_to_consumer,fulfilled,2026-09-20,2026-09-22,2026-09-20,NV3,FedEx,2,1,18.3,2.22,0.0,20.52,shipmonk_estimate,USD
252953,7668401504566,Cattasaurus - shoproxstore - Shopify,direct_to_consumer,onhold,2026-09-20,,2026-09-20,NV3,ShipMonk,2,0,33.8,3.16,0.0,36.96,shipmonk_estimate,USD
252954,7668413890870,Cattasaurus - shoproxstore - Shopify,direct_to_consumer,fulfilled,2026-09-20,2026-09-22,2026-09-20,NV3,OnTrac,3,1,17.24,2.54,0.0,19.78,shipmonk_estimate,USD
252955,7668424606006,Cattasaurus - shoproxstore - Shopify,direct_to_consumer,onhold,2026-09-20,,2026-09-20,PA2,ShipMonk,3,0,0.0,6.32,0.0,6.32,shipmonk_estimate,USD
252956,7668430143798,Cattasaurus - shoproxstore - Shopify,direct_to_consumer,onhold,2026-09-20,,2026-09-20,PA2,ShipMonk,2,0,12.14,3.16,0.0,15.3,shipmonk_estimate,USD
252957,7668451508534,Cattasaurus - shoproxstore - Shopify,direct_to_consumer,onhold,2026-09-20,,2026-09-20,TO1,FedEx,2,0,48.47,3.17,0.0,51.64,shipmonk_estimate,CAD+USD
252958,7668455899446,Cattasaurus - shoproxstore - Shopify,direct_to_consumer,onhold,2026-09-20,,2026-09-20,PA2,ShipMonk,3,0,24.74,4.74,0.0,29.48,shipmonk_estimate,USD
252959,7668485521718,Cattasaurus - shoproxstore - Shopify,direct_to_consumer,fulfilled,2026-09-20,2026-09-22,2026-09-20,NV3,OnTrac,2,1,15.17,2.22,0.0,17.39,shipmonk_estimate,USD
252960,7668486963510,Cattasaurus - shoproxstore - Shopify,direct_to_consumer,fulfilled,2026-09-20,2026-09-22,2026-09-20,PA2,OnTrac,2,1,15.12,2.22,0.0,17.34,shipmonk_estimate,USD
252961,7668492370230,Cattasaurus - shoproxstore - Shopify,direct_to_consumer,fulfilled,2026-09-20,2026-09-22,2026-09-20,NV3,Cirro,2,1,11.75,2.22,0.0,13.97,shipmonk_estimate,USD
252962,7668497154358,Cattasaurus - shoproxstore - Shopify,direct_to_consumer,onhold,2026-09-20,,2026-09-20,NV3,ShipMonk,3,0,30.69,6.32,0.0,37.01,shipmonk_estimate,USD
252963,7668497416502,Cattasaurus - shoproxstore - Shopify,direct_to_consumer,fulfilled,2026-09-20,2026-09-21,2026-09-20,NV3,OnTrac,2,1,19.1,2.22,0.0,21.32,shipmonk_estimate,USD
252964_1,82a69a1b-5607-42ee-8efa-a99879554061,Cattasaurus - shoproxstore - Shopify,direct_to_consumer,unfulfilled,2026-09-20,,2026-09-20,NV3,ShipMonk,3,0,15.09,4.74,0.0,19.83,shipmonk_estimate,USD
252965,7668508459318,Cattasaurus - shoproxstore - Shopify,direct_to_consumer,fulfilled,2026-09-20,2026-09-22,2026-09-20,PA2,OnTrac,2,1,15.12,2.22,0.0,17.34,shipmonk_estimate,USD
252966,7668508623158,Cattasaurus - shoproxstore - Shopify,direct_to_consumer,fulfilled,2026-09-20,2026-09-22,2026-09-20,PA2,UPS,2,1,12.17,2.22,0.0,14.39,shipmonk_estimate,USD
252967,7668519174454,Cattasaurus - shoproxstore - Shopify,direct_to_consumer,onhold,2026-09-20,,2026-09-20,NV3,ShipMonk,3,0,35.58,3.16,0.0,38.74,shipmonk_estimate,USD
252968,7668524646710,Cattasaurus - shoproxstore - Shopify,direct_to_consumer,fulfilled,2026-09-20,2026-09-22,2026-09-20,PA2,OnTrac,2,1,11.75,2.22,0.0,13.97,shipmonk_estimate,USD
252969,7668583072054,Cattasaurus - shoproxstore - Shopify,direct_to_consumer,onhold,2026-09-20,,2026-09-20,NV3,ShipMonk,2,0,35.58,3.16,0.0,38.74,shipmonk_estimate,USD
252970,7668583498038,Cattasaurus - shoproxstore - Shopify,direct_to_consumer,fulfilled,2026-09-20,2026-09-22,2026-09-20,NV3,OnTrac,2,1,17.24,2.22,0.0,19.46,shipmonk_estimate,USD
252971,7668596244790,Cattasaurus - shoproxstore - Shopify,direct_to_consumer,fulfilled,2026-09-20,2026-09-22,2026-09-20,NV3,OnTrac,1,1,23.49,1.9,0.0,25.39,shipmonk_estimate,USD
252972,7668597719350,Cattasaurus - shoproxstore - Shopify,direct_to_consumer,onhold,2026-09-20,,2026-09-20,TO1,Passport,1,0,33.79,3.17,0.0,36.96,shipmonk_estimate,CAD+USD
252973,7668605583670,Cattasaurus - shoproxstore - Shopify,direct_to_consumer,onhold,2026-09-20,,2026-09-20,NV3,ShipMonk,2,0,18.3,3.16,0.0,21.46,shipmonk_estimate,USD
252974,7668606796086,Cattasaurus - shoproxstore - Shopify,direct_to_consumer,fulfilled,2026-09-20,2026-09-22,2026-09-20,PA2,OnTrac,1,1,15.17,1.9,0.0,17.07,shipmonk_estimate,USD
252975,7668614824246,Cattasaurus - shoproxstore - Shopify,direct_to_consumer,fulfilled,2026-09-20,2026-09-22,2026-09-20,NV3,OnTrac,1,1,20.53,1.9,0.0,22.43,shipmonk_estimate,USD
252976,7668615545142,Cattasaurus - shoproxstore - Shopify,direct_to_consumer,fulfilled,2026-09-20,2026-09-22,2026-09-20,NV3,FedEx,2,1,17.24,2.22,0.0,19.46,shipmonk_estimate,USD
252977,7668615643446,Cattasaurus - shoproxstore - Shopify,direct_to_consumer,fulfilled,2026-09-20,2026-09-22,2026-09-20,NV3,OnTrac,4,1,20.53,2.86,0.0,23.39,shipmonk_estimate,USD
252978,7668642480438,Cattasaurus - shoproxstore - Shopify,direct_to_consumer,onhold,2026-09-20,,2026-09-20,NV3,ShipMonk,1,0,18.3,3.16,0.0,21.46,shipmonk_estimate,USD
252979,7668648608054,Cattasaurus - shoproxstore - Shopify,direct_to_consumer,onhold,2026-09-20,,2026-09-20,TO1,FedEx,2,0,30.84,3.17,0.0,34.01,shipmonk_estimate,CAD+USD
252980,7668668465462,Cattasaurus - shoproxstore - Shopify,direct_to_consumer,fulfilled,2026-09-20,2026-09-22,2026-09-20,PA2,FedEx,2,1,15.12,2.22,0.0,17.34,shipmonk_estimate,USD
252981,7668691534134,Cattasaurus - shoproxstore - Shopify,direct_to_consumer,fulfilled,2026-09-20,2026-09-22,2026-09-20,NV3,Cirro,2,1,11.75,2.22,0.0,13.97,shipmonk_estimate,USD
252982,7668691763510,Cattasaurus - shoproxstore - Shopify,direct_to_consumer,fulfilled,2026-09-20,2026-09-22,2026-09-20,NV3,FedEx,2,2,28.32,5.08,0.0,33.4,shipmonk_estimate,USD
252983,7668694417718,Cattasaurus - shoproxstore - Shopify,direct_to_consumer,fulfilled,2026-09-20,2026-09-22,2026-09-20,PA2,OnTrac,1,1,15.94,2.54,0.0,18.48,shipmonk_estimate,USD
252984,7668716831030,Cattasaurus - shoproxstore - Shopify,direct_to_consumer,onhold,2026-09-20,,2026-09-20,TO1,FedEx,2,0,30.84,3.17,0.0,34.01,shipmonk_estimate,CAD+USD
252985,7668721942838,Cattasaurus - shoproxstore - Shopify,direct_to_consumer,fulfilled,2026-09-20,2026-09-22,2026-09-20,NV3,OnTrac,2,1,21.31,2.22,0.0,23.53,shipmonk_estimate,USD
252986,7668726104374,Cattasaurus - shoproxstore - Shopify,direct_to_consumer,onhold,2026-09-20,,2026-09-20,NV3,ShipMonk,3,0,25.27,3.16,0.0,28.43,shipmonk_estimate,USD
252987,7668726890806,Cattasaurus - shoproxstore - Shopify,direct_to_consumer,onhold,2026-09-20,,2026-09-20,PA2,ShipMonk,2,0,19.02,3.16,0.0,22.18,shipmonk_estimate,USD
252988,7668727152950,Cattasaurus - shoproxstore - Shopify,direct_to_consumer,onhold,2026-09-20,,2026-09-20,TO1,FedEx,2,0,32.64,3.17,0.0,35.81,shipmonk_estimate,CAD+USD
252989,7668728758582,Cattasaurus - shoproxstore - Shopify,direct_to_consumer,fulfilled,2026-09-20,2026-09-22,2026-09-20,NV3,UPS,3,1,20.53,2.54,0.0,23.07,shipmonk_estimate,USD
252990,7668734558518,Cattasaurus - shoproxstore - Shopify,direct_to_consumer,fulfilled,2026-09-20,2026-09-22,2026-09-20,NV3,OnTrac,3,1,25.27,2.54,0.0,27.81,shipmonk_estimate,USD
252991,7668736885046,Cattasaurus - shoproxstore - Shopify,direct_to_consumer,fulfilled,2026-09-20,2026-09-22,2026-09-20,PA2,UPS,2,1,13.53,2.22,0.0,15.75,shipmonk_estimate,USD
252992,7668737605942,Cattasaurus - shoproxstore - Shopify,direct_to_consumer,onhold,2026-09-20,,2026-09-20,TO1,FedEx,1,0,44.88,1.58,0.0,46.46,shipmonk_estimate,CAD+USD
252993,7668743471414,Cattasaurus - shoproxstore - Shopify,direct_to_consumer,onhold,2026-09-20,,2026-09-20,PA2,unknown,7,0,0.0,0.0,0.0,0.0,missing,
252994,7668759298358,Cattasaurus - shoproxstore - Shopify,direct_to_consumer,fulfilled,2026-09-20,2026-09-21,2026-09-20,NV3,OnTrac,3,1,15.61,3.18,0.0,18.79,shipmonk_estimate,USD
252995,7668760805686,Cattasaurus - shoproxstore - Shopify,direct_to_consumer,fulfilled,2026-09-20,2026-09-22,2026-09-20,TO1,FedEx,2,1,19.01,2.31,0.0,21.32,shipmonk_estimate,CAD+USD
252996,7668763525430,Cattasaurus - shoproxstore - Shopify,direct_to_consumer,fulfilled,2026-09-20,2026-09-22,2026-09-20,PA2,OnTrac,1,1,15.12,1.9,0.0,17.02,shipmonk_estimate,USD
252997,7668768080182,Cattasaurus - shoproxstore - Shopify,direct_to_consumer,onhold,2026-09-20,,2026-09-20,NV3,ShipMonk,3,0,0.0,6.32,0.0,6.32,shipmonk_estimate,USD
252998,7668774109494,Cattasaurus - shoproxstore - Shopify,direct_to_consumer,onhold,2026-09-20,,2026-09-20,PA2,ShipMonk,3,0,15.12,4.74,0.0,19.86,shipmonk_estimate,USD
252999,7668781678902,Cattasaurus - shoproxstore - Shopify,direct_to_consumer,onhold,2026-09-20,,2026-09-20,TO1,FedEx,2,0,44.88,3.17,0.0,48.05,shipmonk_estimate,CAD+USD
253000,7668793639222,Cattasaurus - shoproxstore - Shopify,direct_to_consumer,fulfilled,2026-09-20,2026-09-22,2026-09-20,NV3,OnTrac,1,1,22.93,2.54,0.0,25.47,shipmonk_estimate,USD
253001,7668814217526,Cattasaurus - shoproxstore - Shopify,direct_to_consumer,fulfilled,2026-09-20,2026-09-22,2026-09-20,PA2,OnTrac,1,1,12.64,1.9,0.0,14.54,shipmonk_estimate,USD
253002,7668837024054,Cattasaurus - shoproxstore - Shopify,direct_to_consumer,fulfilled,2026-09-20,2026-09-22,2026-09-20,PA2,UPS,3,1,22.31,3.18,0.0,25.49,shipmonk_estimate,USD
253003,7668846231862,Cattasaurus - shoproxstore - Shopify,direct_to_consumer,onhold,2026-09-20,,2026-09-20,PA2,ShipMonk,2,0,24.74,3.16,0.0,27.9,shipmonk_estimate,USD
253004,7668850524470,Cattasaurus - shoproxstore - Shopify,direct_to_consumer,fulfilled,2026-09-20,2026-09-22,2026-09-20,PA2,OnTrac,2,1,10.38,2.22,0.0,12.6,shipmonk_estimate,USD
253005,7668873986358,Cattasaurus - shoproxstore - Shopify,direct_to_consumer,onhold,2026-09-20,,2026-09-20,NV3,ShipMonk,3,0,18.3,8.41,0.0,26.71,shipmonk_estimate,USD
253006,7668879819062,Cattasaurus - shoproxstore - Shopify,direct_to_consumer,onhold,2026-09-20,,2026-09-20,TO1,FedEx,2,0,45.96,3.17,0.0,49.13,shipmonk_estimate,CAD+USD
253007,7668887257398,Cattasaurus - shoproxstore - Shopify,direct_to_consumer,onhold,2026-09-20,,2026-09-20,NV3,ShipMonk,2,0,23.49,3.16,0.0,26.65,shipmonk_estimate,USD
253008,7668890009910,Cattasaurus - shoproxstore - Shopify,direct_to_consumer,fulfilled,2026-09-20,2026-09-22,2026-09-20,NV3,UPS,1,1,14.42,1.9,0.0,16.32,shipmonk_estimate,USD
253009,7668893581622,Cattasaurus - shoproxstore - Shopify,direct_to_consumer,onhold,2026-09-20,,2026-09-20,NV3,ShipMonk,2,0,16.95,8.41,0.0,25.36,shipmonk_estimate,USD
253010,7668915208502,Cattasaurus - shoproxstore - Shopify,direct_to_consumer,onhold,2026-09-20,,2026-09-20,NV3,ShipMonk,2,0,23.1,10.5,0.0,33.6,shipmonk_estimate,USD
253011,7668928577846,Cattasaurus - shoproxstore - Shopify,direct_to_consumer,fulfilled,2026-09-20,2026-09-22,2026-09-20,PA2,UPS,4,1,15.94,3.5,0.0,19.44,shipmonk_estimate,USD
253012,7668933886262,Cattasaurus - shoproxstore - Shopify,direct_to_consumer,fulfilled,2026-09-20,2026-09-22,2026-09-20,NV3,OnTrac,2,1,17.24,2.22,0.0,19.46,shipmonk_estimate,USD
253013,7668946239798,Cattasaurus - shoproxstore - Shopify,direct_to_consumer,onhold,2026-09-20,,2026-09-20,PA2,ShipMonk,2,0,15.17,3.16,0.0,18.33,shipmonk_estimate,USD
253014,7668976976182,Cattasaurus - shoproxstore - Shopify,direct_to_consumer,onhold,2026-09-20,,2026-09-20,PA2,ShipMonk,2,0,19.02,3.16,0.0,22.18,shipmonk_estimate,USD
253015,7668978843958,Cattasaurus - shoproxstore - Shopify,direct_to_consumer,fulfilled,2026-09-20,2026-09-22,2026-09-20,PA2,FedEx,2,1,20.53,2.22,0.0,22.75,shipmonk_estimate,USD
253016,7668986839350,Cattasaurus - shoproxstore - Shopify,direct_to_consumer,fulfilled,2026-09-20,2026-09-22,2026-09-20,PA2,OnTrac,1,1,10.38,1.9,0.0,12.28,shipmonk_estimate,USD
253017,7668997456182,Cattasaurus - shoproxstore - Shopify,direct_to_consumer,onhold,2026-09-20,,2026-09-20,NV3,ShipMonk,3,0,0.0,6.32,0.0,6.32,shipmonk_estimate,USD
253018,7669024096566,Cattasaurus - shoproxstore - Shopify,direct_to_consumer,fulfilled,2026-09-20,2026-09-22,2026-09-20,PA2,OnTrac,1,1,11.69,2.54,0.0,14.23,shipmonk_estimate,USD
253019,7669039169846,Cattasaurus - shoproxstore - Shopify,direct_to_consumer,fulfilled,2026-09-20,2026-09-22,2026-09-20,PA2,OnTrac,1,1,12.14,1.9,0.0,14.04,shipmonk_estimate,USD
253020,7669049884982,Cattasaurus - shoproxstore - Shopify,direct_to_consumer,fulfilled,2026-09-20,2026-09-22,2026-09-20,NV3,OnTrac,2,1,15.17,2.22,0.0,17.39,shipmonk_estimate,USD
253021,7669077344566,Cattasaurus - shoproxstore - Shopify,direct_to_consumer,onhold,2026-09-20,,2026-09-20,NV3,ShipMonk,2,0,18.3,6.83,0.0,25.13,shipmonk_estimate,USD
253022,7669109424438,Cattasaurus - shoproxstore - Shopify,direct_to_consumer,onhold,2026-09-20,,2026-09-20,TO1,FedEx,2,0,45.95,3.17,0.0,49.12,shipmonk_estimate,CAD+USD
253023,7669114601782,Cattasaurus - shoproxstore - Shopify,direct_to_consumer,onhold,2026-09-20,,2026-09-20,PA2,ShipMonk,5,0,0.0,7.9,0.0,7.9,shipmonk_estimate,USD
253024,7669160444214,Cattasaurus - shoproxstore - Shopify,direct_to_consumer,fulfilled,2026-09-20,2026-09-22,2026-09-20,NV3,OnTrac,2,1,17.24,2.22,0.0,19.46,shipmonk_estimate,USD
253025,7669219623222,Cattasaurus - shoproxstore - Shopify,direct_to_consumer,onhold,2026-09-20,,2026-09-20,NV3,ShipMonk,4,0,0.0,6.32,0.0,6.32,shipmonk_estimate,USD
577575042483458508,90d93483-65e8-4a71-87b5-44dd1b7f1620,Cattasaurus - Manual Store,direct_to_consumer,fulfilled,2026-09-20,2026-09-21,2026-09-20,NV3,UPS,1,1,23.1,1.9,0.0,25.0,shipmonk_estimate,USD
577575589074866945,41f3148b-e36e-4cc9-8ce0-0ff7d0e2168c,Cattasaurus - Manual Store,direct_to_consumer,fulfilled,2026-09-20,2026-09-21,2026-09-20,PA2,FedEx,1,1,15.94,1.9,0.0,17.84,shipmonk_estimate,USD
577575589107372181,e07a7933-27af-4ae7-8f07-b96f7045142e,Cattasaurus - Manual Store,direct_to_consumer,fulfilled,2026-09-20,2026-09-21,2026-09-20,PA2,OnTrac,1,1,13.31,1.9,0.0,15.21,shipmonk_estimate,USD
577575589126771311,7ccb968d-350a-4262-86bf-b6758b009749,Cattasaurus - Manual Store,direct_to_consumer,fulfilled,2026-09-20,2026-09-21,2026-09-20,NV3,FedEx,1,1,15.94,1.9,0.0,17.84,shipmonk_estimate,USD
577575589129130617,237847e0-e5ce-4ae5-9e57-25ba6b199bdd,Cattasaurus - Manual Store,direct_to_consumer,fulfilled,2026-09-20,2026-09-21,2026-09-20,PA2,OnTrac,1,1,13.31,1.9,0.0,15.21,shipmonk_estimate,USD
577575589173235782,4ed5f8ea-e508-452a-8485-20d827c3b339,Cattasaurus - Manual Store,direct_to_consumer,fulfilled,2026-09-20,2026-09-21,2026-09-20,PA2,OnTrac,1,1,15.94,1.9,0.0,17.84,shipmonk_estimate,USD
577575589186212544,6770b651-04f1-4a6d-b520-2a17456b3f35,Cattasaurus - Manual Store,direct_to_consumer,fulfilled,2026-09-20,2026-09-21,2026-09-20,PA2,UPS,1,1,17.73,1.9,0.0,19.63,shipmonk_estimate,USD
577575589245326211,d4444ecd-30a2-43ba-a7cc-136556626721,Cattasaurus - Manual Store,direct_to_consumer,fulfilled,2026-09-20,2026-09-21,2026-09-20,PA2,UPS,1,1,15.94,1.9,0.0,17.84,shipmonk_estimate,USD
577575589245719427,b96bd978-5d87-4270-8aaf-02885b594518,Cattasaurus - Manual Store,direct_to_consumer,fulfilled,2026-09-20,2026-09-21,2026-09-20,PA2,OnTrac,1,1,15.94,1.9,0.0,17.84,shipmonk_estimate,USD
577575589639263113,9fb697ca-e185-4184-8c5a-4ef3f21f6447,Cattasaurus - Manual Store,direct_to_consumer,fulfilled,2026-09-20,2026-09-21,2026-09-20,PA2,UPS,1,1,15.09,1.9,0.0,16.99,shipmonk_estimate,USD
577575589659119796,c52b76ed-f32e-4dc1-b77b-dc2d893cbf01,Cattasaurus - Manual Store,direct_to_consumer,fulfilled,2026-09-20,2026-09-21,2026-09-20,NV3,OnTrac,1,1,15.94,1.9,0.0,17.84,shipmonk_estimate,USD
577575589671244589,cbb1b65f-a00f-4dcb-899c-15da96e1f606,Cattasaurus - Manual Store,direct_to_consumer,fulfilled,2026-09-20,2026-09-21,2026-09-20,PA2,OnTrac,1,1,13.09,1.9,0.0,14.99,shipmonk_estimate,USD
577575589671440795,6abe395a-0186-4bc1-9366-f8b89530823f,Cattasaurus - Manual Store,direct_to_consumer,fulfilled,2026-09-20,2026-09-21,2026-09-20,NV3,OnTrac,1,1,18.3,1.9,0.0,20.2,shipmonk_estimate,USD
577575589705716112,ae6a8eeb-6919-4c09-84e4-410c8794670f,Cattasaurus - Manual Store,direct_to_consumer,fulfilled,2026-09-20,2026-09-21,2026-09-20,PA2,UPS,1,1,15.09,1.9,0.0,16.99,shipmonk_estimate,USD
577575589706109412,dd042a0b-c560-411a-bd81-519766188877,Cattasaurus - Manual Store,direct_to_consumer,fulfilled,2026-09-20,2026-09-21,2026-09-20,PA2,OnTrac,1,1,15.94,1.9,0.0,17.84,shipmonk_estimate,USD
577575589710959152,e9ac4c2b-0247-4b33-a85c-fbd60a23887c,Cattasaurus - Manual Store,direct_to_consumer,fulfilled,2026-09-20,2026-09-21,2026-09-20,NV3,OnTrac,1,1,13.09,1.9,0.0,14.99,shipmonk_estimate,USD
577575589876044760,b1964109-8afe-49f2-b08e-f47d8287b053,Cattasaurus - Manual Store,direct_to_consumer,fulfilled,2026-09-20,2026-09-21,2026-09-20,NV3,OnTrac,1,1,13.09,1.9,0.0,14.99,shipmonk_estimate,USD
577575589876240560,736eb503-ec49-42cb-8f1d-d1a9ec1bc630,Cattasaurus - Manual Store,direct_to_consumer,fulfilled,2026-09-20,2026-09-21,2026-09-20,PA2,UPS,1,1,14.88,1.9,0.0,16.78,shipmonk_estimate,USD
577575590477074988,0aef8496-2265-4e27-9ee5-b33640695985,Cattasaurus - Manual Store,direct_to_consumer,fulfilled,2026-09-20,2026-09-21,2026-09-20,PA2,OnTrac,1,1,13.09,1.9,0.0,14.99,shipmonk_estimate,USD
577575590486708465,6669e231-cb68-46c7-9b7b-d928ab5d5927,Cattasaurus - Manual Store,direct_to_consumer,fulfilled,2026-09-20,2026-09-21,2026-09-20,PA2,UPS,1,1,14.06,1.9,0.0,15.96,shipmonk_estimate,USD
577575590493458634,22564b4a-54d3-4133-becf-5f742e36e0a5,Cattasaurus - Manual Store,direct_to_consumer,fulfilled,2026-09-20,2026-09-21,2026-09-20,PA2,OnTrac,1,1,17.73,1.9,0.0,19.63,shipmonk_estimate,USD
577575590495228117,a054cbe7-17d7-4746-8bcf-bdde42b44c11,Cattasaurus - Manual Store,direct_to_consumer,fulfilled,2026-09-20,2026-09-21,2026-09-20,PA2,OnTrac,1,1,15.09,1.9,0.0,16.99,shipmonk_estimate,USD
577575590534681583,00accca9-838c-4fbc-9075-24498cbb0f77,Cattasaurus - Manual Store,direct_to_consumer,fulfilled,2026-09-20,2026-09-21,2026-09-20,PA2,UPS,1,1,17.73,1.9,0.0,19.63,shipmonk_estimate,USD
577575590544576577,c0b1a9fb-a3af-4d3d-82c4-fcdc3f351e79,Cattasaurus - Manual Store,direct_to_consumer,fulfilled,2026-09-20,2026-09-21,2026-09-20,PA2,UPS,1,1,20.08,1.9,0.0,21.98,shipmonk_estimate,USD
577575590565548824,093d346e-50a1-475b-8162-d4eff98864c5,Cattasaurus - Manual Store,direct_to_consumer,fulfilled,2026-09-20,2026-09-21,2026-09-20,PA2,UPS,1,1,14.88,1.9,0.0,16.78,shipmonk_estimate,USD
577575590566334652,7060dbe7-c4df-4db9-8537-0a46b99e1666,Cattasaurus - Manual Store,direct_to_consumer,fulfilled,2026-09-20,2026-09-21,2026-09-20,PA2,OnTrac,1,1,14.88,1.9,0.0,16.78,shipmonk_estimate,USD
577575590603035154,7447ea7e-cbfd-4b96-ba37-c76076d30fb4,Cattasaurus - Manual Store,direct_to_consumer,fulfilled,2026-09-20,2026-09-21,2026-09-20,NV3,FedEx,1,1,20.08,1.9,0.0,21.98,shipmonk_estimate,USD
577575590630232694,161f08df-7bd4-4654-89c0-fd2b32828f28,Cattasaurus - Manual Store,direct_to_consumer,fulfilled,2026-09-20,2026-09-21,2026-09-20,NV3,OnTrac,1,1,15.09,1.9,0.0,16.99,shipmonk_estimate,USD
577575590631346582,e40562c5-7573-412c-a175-64ad7d51be92,Cattasaurus - Manual Store,direct_to_consumer,fulfilled,2026-09-20,2026-09-21,2026-09-20,PA2,UPS,1,1,17.73,1.9,0.0,19.63,shipmonk_estimate,USD
577576781088920006,fb2f019b-ed6e-427f-9b3e-a2e60d750c3a,Cattasaurus - Manual Store,direct_to_consumer,fulfilled,2026-09-20,2026-09-21,2026-09-20,PA2,OnTrac,1,1,13.31,1.9,0.0,15.21,shipmonk_estimate,USD
577577311565419294,bd6d70aa-73c6-48bf-abd7-1816a4af6ed6,Cattasaurus - Manual Store,direct_to_consumer,fulfilled,2026-09-20,2026-09-21,2026-09-20,PA2,OnTrac,1,1,17.73,1.9,0.0,19.63,shipmonk_estimate,USD
577577319336219447,89f2d168-95b5-496c-b70e-e6e2bd36849c,Cattasaurus - Manual Store,direct_to_consumer,fulfilled,2026-09-20,2026-09-21,2026-09-20,NV3,UPS,1,1,17.73,1.9,0.0,19.63,shipmonk_estimate,USD
577577326151897477,a481ffd2-da54-4506-b86e-0fe264575786,Cattasaurus - Manual Store,direct_to_consumer,fulfilled,2026-09-20,2026-09-21,2026-09-20,PA2,FedEx,1,1,15.94,1.9,0.0,17.84,shipmonk_estimate,USD
577577358018056312,ccdea791-a9e7-461a-9d52-c7767d493b63,Cattasaurus - Manual Store,direct_to_consumer,fulfilled,2026-09-20,2026-09-21,2026-09-20,NV3,FedEx,1,1,13.31,1.9,0.0,15.21,shipmonk_estimate,USD
577577358034768875,5cce3dc7-8797-4d1b-ae2d-8741fa99c911,Cattasaurus - Manual Store,direct_to_consumer,fulfilled,2026-09-20,2026-09-21,2026-09-20,PA2,OnTrac,1,1,13.31,1.9,0.0,15.21,shipmonk_estimate,USD
577577358034965159,4cbd2c02-7624-4017-bc34-b9a91f12d4cd,Cattasaurus - Manual Store,direct_to_consumer,fulfilled,2026-09-20,2026-09-21,2026-09-20,PA2,UPS,1,1,15.09,1.9,0.0,16.99,shipmonk_estimate,USD
577577358068978610,bc1f2c3b-7e97-44b7-8fd5-97804d0dbdc7,Cattasaurus - Manual Store,direct_to_consumer,fulfilled,2026-09-20,2026-09-21,2026-09-20,PA2,OnTrac,1,1,13.31,1.9,0.0,15.21,shipmonk_estimate,USD
577577358908166739,373f5d5c-de26-4df9-bf78-4d2c9278bd51,Cattasaurus - Manual Store,direct_to_consumer,fulfilled,2026-09-20,2026-09-21,2026-09-20,PA2,FedEx,1,2,36.36,3.8,0.0,40.16,shipmonk_estimate,USD
577577358940476128,97bc5755-8666-4bc6-88bf-eee8f9fa3340,Cattasaurus - Manual Store,direct_to_consumer,fulfilled,2026-09-20,2026-09-21,2026-09-20,NV3,UPS,1,2,39.92,3.8,0.0,43.72,shipmonk_estimate,USD
577577359197443002,247e7da2-5d53-4154-890d-564d3ca61a01,Cattasaurus - Manual Store,direct_to_consumer,fulfilled,2026-09-20,2026-09-21,2026-09-20,PA2,OnTrac,1,1,13.09,1.9,0.0,14.99,shipmonk_estimate,USD
577577359220117993,72b76810-6c98-4279-898b-3103abbc44ce,Cattasaurus - Manual Store,direct_to_consumer,fulfilled,2026-09-20,2026-09-21,2026-09-20,NV3,OnTrac,1,1,13.09,1.9,0.0,14.99,shipmonk_estimate,USD
577577359234404739,82816fff-30d8-4a58-927d-d923bfb79bf0,Cattasaurus - Manual Store,direct_to_consumer,fulfilled,2026-09-20,2026-09-21,2026-09-20,NV3,UPS,1,1,20.08,1.9,0.0,21.98,shipmonk_estimate,USD
577577359243383033,4ae7fbfb-ca6d-447c-9ab1-830f83e7b27b,Cattasaurus - Manual Store,direct_to_consumer,fulfilled,2026-09-20,2026-09-21,2026-09-20,NV3,OnTrac,1,1,13.09,1.9,0.0,14.99,shipmonk_estimate,USD
577577805327208872,d3370f8a-0f6d-439e-9f62-f71f8c8f37d5,Cattasaurus - Manual Store,direct_to_consumer,fulfilled,2026-09-20,2026-09-21,2026-09-20,PA2,USPS,1,1,17.73,1.9,0.0,19.63,shipmonk_estimate,USD
577578162451681285,19825f1c-773a-4255-ad02-c010ff7b6df0,Cattasaurus - Manual Store,direct_to_consumer,fulfilled,2026-09-20,2026-09-21,2026-09-20,PA2,OnTrac,1,1,12.28,1.9,0.0,14.18,shipmonk_estimate,USD
577578532390605256,4ab42d16-3533-4e3b-bfc3-9ca2c1b5a98f,Cattasaurus - Manual Store,direct_to_consumer,fulfilled,2026-09-20,2026-09-21,2026-09-20,PA2,UPS,1,1,15.09,1.9,0.0,16.99,shipmonk_estimate,USD
577579573203668992,8bf7e8b3-aadd-45b7-b1bf-a6cc1ff6b7c3,Cattasaurus - Manual Store,direct_to_consumer,fulfilled,2026-09-20,2026-09-21,2026-09-20,PA2,UPS,1,1,15.09,1.9,0.0,16.99,shipmonk_estimate,USD
577579608663167108,c177af14-49cb-4c2b-98f1-427f2fccc558,Cattasaurus - Manual Store,direct_to_consumer,fulfilled,2026-09-20,2026-09-21,2026-09-20,PA2,OnTrac,1,1,14.06,1.9,0.0,15.96,shipmonk_estimate,USD
577579713023349536,0d271b5b-fddc-42c0-97dc-000ab037336f,Cattasaurus - Manual Store,direct_to_consumer,fulfilled,2026-09-20,2026-09-21,2026-09-20,PA2,OnTrac,1,1,13.31,1.9,0.0,15.21,shipmonk_estimate,USD
111-1428259-8882630,111-1428259-8882630,Cattasaurus - Amazon USA,direct_to_consumer,fulfilled,2026-09-21,2026-09-22,2026-09-21,PA2,FedEx,1,1,15.94,2.22,0.0,18.16,shipmonk_estimate,USD
112-5344734-5631438,112-5344734-5631438,Cattasaurus - Amazon USA,direct_to_consumer,fulfilled,2026-09-21,2026-09-21,2026-09-21,NV3,OnTrac,1,1,13.09,2.22,0.0,15.31,shipmonk_estimate,USD
114-4040147-9812224,114-4040147-9812224,Cattasaurus - Amazon USA,direct_to_consumer,fulfilled,2026-09-21,2026-09-22,2026-09-21,PA2,OnTrac,1,1,12.28,2.22,0.0,14.5,shipmonk_estimate,USD
114-4161640-4396235,114-4161640-4396235,Cattasaurus - Amazon USA,direct_to_consumer,fulfilled,2026-09-21,2026-09-22,2026-09-21,PA2,OnTrac,1,1,13.09,2.22,0.0,15.31,shipmonk_estimate,USD
200015186777773,129126514974212,Cattasaurus - Walmart,direct_to_consumer,fulfilled,2026-09-21,2026-09-22,2026-09-21,NV3,FedEx,1,1,18.3,1.9,0.0,20.2,shipmonk_estimate,USD
200015206508371,129126514857498,Cattasaurus - Walmart,direct_to_consumer,fulfilled,2026-09-21,2026-09-22,2026-09-21,PA2,FedEx,1,1,12.28,1.9,0.0,14.18,shipmonk_estimate,USD
200015409900992,129126513719032,Cattasaurus - Walmart,direct_to_consumer,fulfilled,2026-09-21,2026-09-22,2026-09-21,PA2,FedEx,1,1,15.61,1.9,0.0,17.51,shipmonk_estimate,USD
200015586535684,129126616237928,Cattasaurus - Walmart,direct_to_consumer,fulfilled,2026-09-21,2026-09-22,2026-09-21,PA2,FedEx,1,1,13.22,1.9,0.0,15.12,shipmonk_estimate,USD
234683-02,4b983e61-918b-4be5-ac76-8fd1df72d0c6,Cattasaurus - shoproxstore - Shopify,direct_to_consumer,fulfilled,2026-09-21,2026-09-22,2026-09-21,PA2,OnTrac,3,1,17.32,2.54,0.0,19.86,shipmonk_estimate,USD
253029,7669379531062,Cattasaurus - shoproxstore - Shopify,direct_to_consumer,fulfilled,2026-09-21,2026-09-22,2026-09-21,NV3,OnTrac,2,1,18.3,2.54,0.0,20.84,shipmonk_estimate,USD
253038,7669423964470,Cattasaurus - shoproxstore - Shopify,direct_to_consumer,fulfilled,2026-09-21,2026-09-22,2026-09-21,PA2,OnTrac,1,1,15.17,1.9,0.0,17.07,shipmonk_estimate,USD
253039,7669491958070,Cattasaurus - shoproxstore - Shopify,direct_to_consumer,fulfilled,2026-09-21,2026-09-22,2026-09-21,NV3,OnTrac,1,1,18.3,1.9,0.0,20.2,shipmonk_estimate,USD
253040,7669497561398,Cattasaurus - shoproxstore - Shopify,direct_to_consumer,fulfilled,2026-09-21,2026-09-22,2026-09-21,PA2,OnTrac,3,1,15.12,2.54,0.0,17.66,shipmonk_estimate,USD
253041_1,68379f81-724d-4657-8179-2e93906dc33b,Cattasaurus - shoproxstore - Shopify,direct_to_consumer,unfulfilled,2026-09-21,,2026-09-21,NV3,ShipMonk,4,0,29.18,3.16,0.0,32.34,shipmonk_estimate,USD
253042,7669576302902,Cattasaurus - shoproxstore - Shopify,direct_to_consumer,fulfilled,2026-09-21,2026-09-22,2026-09-21,PA2,OnTrac,2,1,12.64,2.22,0.0,14.86,shipmonk_estimate,USD
253043,7669654815030,Cattasaurus - shoproxstore - Shopify,direct_to_consumer,onhold,2026-09-21,,2026-09-21,PA2,ShipMonk,3,0,0.0,6.32,0.0,6.32,shipmonk_estimate,USD
253044,7669696561462,Cattasaurus - shoproxstore - Shopify,direct_to_consumer,onhold,2026-09-21,,2026-09-21,PA2,ShipMonk,2,0,11.75,3.16,0.0,14.91,shipmonk_estimate,USD
253046,7669775630646,Cattasaurus - shoproxstore - Shopify,direct_to_consumer,fulfilled,2026-09-21,2026-09-22,2026-09-21,NV3,OnTrac,2,1,15.17,2.22,0.0,17.39,shipmonk_estimate,USD
253047,7669809643830,Cattasaurus - shoproxstore - Shopify,direct_to_consumer,fulfilled,2026-09-21,2026-09-22,2026-09-21,PA2,OnTrac,2,1,20.53,2.22,0.0,22.75,shipmonk_estimate,USD
253048,7669815804214,Cattasaurus - shoproxstore - Shopify,direct_to_consumer,onhold,2026-09-21,,2026-09-21,PA2,ShipMonk,2,0,20.53,3.16,0.0,23.69,shipmonk_estimate,USD
253049,7669822947638,Cattasaurus - shoproxstore - Shopify,direct_to_consumer,onhold,2026-09-21,,2026-09-21,PA2,ShipMonk,2,0,17.24,3.16,0.0,20.4,shipmonk_estimate,USD
253050,7669875802422,Cattasaurus - shoproxstore - Shopify,direct_to_consumer,fulfilled,2026-09-21,2026-09-22,2026-09-21,PA2,UPS,2,1,15.09,2.22,0.0,17.31,shipmonk_estimate,USD
253051,7669880258870,Cattasaurus - shoproxstore - Shopify,direct_to_consumer,onhold,2026-09-21,,2026-09-21,TO1,FedEx,2,0,33.07,3.17,0.0,36.24,shipmonk_estimate,CAD+USD
253052,7669885632822,Cattasaurus - shoproxstore - Shopify,direct_to_consumer,onhold,2026-09-21,,2026-09-21,PA2,ShipMonk,3,0,19.14,4.74,0.0,23.88,shipmonk_estimate,USD
253053,7669893824822,Cattasaurus - shoproxstore - Shopify,direct_to_consumer,fulfilled,2026-09-21,2026-09-22,2026-09-21,PA2,OnTrac,2,1,15.17,2.22,0.0,17.39,shipmonk_estimate,USD
253054,7669897003318,Cattasaurus - shoproxstore - Shopify,direct_to_consumer,onhold,2026-09-21,,2026-09-21,NV3,ShipMonk,3,0,32.47,4.74,0.0,37.21,shipmonk_estimate,USD
253055,7669904113974,Cattasaurus - shoproxstore - Shopify,direct_to_consumer,fulfilled,2026-09-21,2026-09-22,2026-09-21,NV3,OnTrac,2,1,12.64,2.22,0.0,14.86,shipmonk_estimate,USD
253056,7669906112822,Cattasaurus - shoproxstore - Shopify,direct_to_consumer,fulfilled,2026-09-21,2026-09-22,2026-09-21,PA2,OnTrac,2,1,12.64,2.22,0.0,14.86,shipmonk_estimate,USD
253057,7669913256246,Cattasaurus - shoproxstore - Shopify,direct_to_consumer,onhold,2026-09-21,,2026-09-21,NV3,ShipMonk,2,0,23.49,10.5,0.0,33.99,shipmonk_estimate,USD
253059,7669927117110,Cattasaurus - shoproxstore - Shopify,direct_to_consumer,fulfilled,2026-09-21,2026-09-22,2026-09-21,NV3,OnTrac,2,1,16.9,2.22,0.0,19.12,shipmonk_estimate,USD
253060,7669929115958,Cattasaurus - shoproxstore - Shopify,direct_to_consumer,fulfilled,2026-09-21,2026-09-22,2026-09-21,NV3,OnTrac,2,1,21.31,2.22,0.0,23.53,shipmonk_estimate,USD
253061,7669931573558,Cattasaurus - shoproxstore - Shopify,direct_to_consumer,fulfilled,2026-09-21,2026-09-22,2026-09-21,PA2,OnTrac,1,1,12.14,1.9,0.0,14.04,shipmonk_estimate,USD
253062,7669949202742,Cattasaurus - shoproxstore - Shopify,direct_to_consumer,fulfilled,2026-09-21,2026-09-22,2026-09-21,PA2,OnTrac,1,1,21.21,7.88,0.0,29.09,shipmonk_estimate,USD
253063,7669992980790,Cattasaurus - shoproxstore - Shopify,direct_to_consumer,fulfilled,2026-09-21,2026-09-22,2026-09-21,PA2,UPS,2,1,16.9,2.22,0.0,19.12,shipmonk_estimate,USD
253064,7669999272246,Cattasaurus - shoproxstore - Shopify,direct_to_consumer,onhold,2026-09-21,,2026-09-21,NV3,ShipMonk,2,0,24.74,3.16,0.0,27.9,shipmonk_estimate,USD
253065,7670000255286,Cattasaurus - shoproxstore - Shopify,direct_to_consumer,fulfilled,2026-09-21,2026-09-22,2026-09-21,TO1,FedEx,2,1,15.46,2.31,0.0,17.77,shipmonk_estimate,CAD+USD
253066,7670011035958,Cattasaurus - shoproxstore - Shopify,direct_to_consumer,fulfilled,2026-09-21,2026-09-22,2026-09-21,NV3,OnTrac,3,1,29.18,2.54,0.0,31.72,shipmonk_estimate,USD
253067,7670016868662,Cattasaurus - shoproxstore - Shopify,direct_to_consumer,fulfilled,2026-09-21,2026-09-22,2026-09-21,PA2,OnTrac,2,1,13.92,2.22,0.0,16.14,shipmonk_estimate,USD
253068,7670029910326,Cattasaurus - shoproxstore - Shopify,direct_to_consumer,fulfilled,2026-09-21,2026-09-22,2026-09-21,PA2,OnTrac,2,1,15.17,2.22,0.0,17.39,shipmonk_estimate,USD
253069,7670034366774,Cattasaurus - shoproxstore - Shopify,direct_to_consumer,onhold,2026-09-21,,2026-09-21,PA2,ShipMonk,3,0,0.0,3.48,0.0,3.48,shipmonk_estimate,USD
253070,7670052651318,Cattasaurus - shoproxstore - Shopify,direct_to_consumer,fulfilled,2026-09-21,2026-09-22,2026-09-21,PA2,OnTrac,2,1,15.17,2.22,0.0,17.39,shipmonk_estimate,USD
253071,7670054584630,Cattasaurus - shoproxstore - Shopify,direct_to_consumer,fulfilled,2026-09-21,2026-09-22,2026-09-21,NV3,OnTrac,2,1,15.17,2.22,0.0,17.39,shipmonk_estimate,USD
253072,7670084436278,Cattasaurus - shoproxstore - Shopify,direct_to_consumer,fulfilled,2026-09-21,2026-09-22,2026-09-21,PA2,OnTrac,1,1,10.38,1.9,0.0,12.28,shipmonk_estimate,USD
253073,7670085124406,Cattasaurus - shoproxstore - Shopify,direct_to_consumer,fulfilled,2026-09-21,2026-09-22,2026-09-21,PA2,FedEx,2,1,15.12,2.22,0.0,17.34,shipmonk_estimate,USD
253074,7670091055414,Cattasaurus - shoproxstore - Shopify,direct_to_consumer,fulfilled,2026-09-21,2026-09-22,2026-09-21,NV3,OnTrac,2,1,19.02,2.22,0.0,21.24,shipmonk_estimate,USD
253075,7670101639478,Cattasaurus - shoproxstore - Shopify,direct_to_consumer,onhold,2026-09-21,,2026-09-21,NV3,ShipMonk,2,0,26.52,3.16,0.0,29.68,shipmonk_estimate,USD
253076,7670112354614,Cattasaurus - shoproxstore - Shopify,direct_to_consumer,fulfilled,2026-09-21,2026-09-22,2026-09-21,PA2,OnTrac,2,1,11.75,2.22,0.0,13.97,shipmonk_estimate,USD
253077,7670120579382,Cattasaurus - shoproxstore - Shopify,direct_to_consumer,fulfilled,2026-09-21,2026-09-23,2026-09-21,NV3,FedEx,2,1,24.74,2.22,0.0,26.96,shipmonk_estimate,USD
253078,7670136176950,Cattasaurus - shoproxstore - Shopify,direct_to_consumer,onhold,2026-09-21,,2026-09-21,NV3,ShipMonk,4,0,15.17,3.16,0.0,18.33,shipmonk_estimate,USD
253079,7670146236726,Cattasaurus - shoproxstore - Shopify,direct_to_consumer,unfulfilled,2026-09-21,,2026-09-21,TO1,FedEx,2,0,25.59,3.17,0.0,28.76,shipmonk_estimate,CAD+USD
253080,7670168518966,Cattasaurus - shoproxstore - Shopify,direct_to_consumer,fulfilled,2026-09-21,2026-09-22,2026-09-21,NV3,OnTrac,1,1,19.14,2.54,0.0,21.68,shipmonk_estimate,USD
253081,7670175531318,Cattasaurus - shoproxstore - Shopify,direct_to_consumer,fulfilled,2026-09-21,2026-09-22,2026-09-21,PA2,UPS,2,1,14.42,2.22,0.0,16.64,shipmonk_estimate,USD
253083,7670209806646,Cattasaurus - shoproxstore - Shopify,direct_to_consumer,fulfilled,2026-09-21,2026-09-22,2026-09-21,NV3,FedEx,1,1,18.3,1.9,0.0,20.2,shipmonk_estimate,USD
253084,7670212886838,Cattasaurus - shoproxstore - Shopify,direct_to_consumer,fulfilled,2026-09-21,2026-09-23,2026-09-21,PA2,FedEx,2,1,22.31,2.22,0.0,24.53,shipmonk_estimate,USD
253085,7670231007542,Cattasaurus - shoproxstore - Shopify,direct_to_consumer,fulfilled,2026-09-21,2026-09-22,2026-09-21,NV3,OnTrac,2,1,16.9,2.22,0.0,19.12,shipmonk_estimate,USD
253086,7670246605110,Cattasaurus - shoproxstore - Shopify,direct_to_consumer,unfulfilled,2026-09-21,,2026-09-21,TO1,FedEx,2,0,18.7,3.17,0.0,21.87,shipmonk_estimate,CAD+USD
253087,7670255518006,Cattasaurus - shoproxstore - Shopify,direct_to_consumer,onhold,2026-09-21,,2026-09-21,PA2,ShipMonk,2,0,20.53,3.16,0.0,23.69,shipmonk_estimate,USD
253088,7670267052342,Cattasaurus - shoproxstore - Shopify,direct_to_consumer,fulfilled,2026-09-21,2026-09-22,2026-09-21,NV3,OnTrac,3,1,21.31,2.54,0.0,23.85,shipmonk_estimate,USD
253089,7670276358454,Cattasaurus - shoproxstore - Shopify,direct_to_consumer,onhold,2026-09-21,,2026-09-21,NV3,ShipMonk,3,0,18.3,3.16,0.0,21.46,shipmonk_estimate,USD
253090,7670282715446,Cattasaurus - shoproxstore - Shopify,direct_to_consumer,fulfilled,2026-09-21,2026-09-23,2026-09-21,PA2,UPS,2,1,22.31,2.22,0.0,24.53,shipmonk_estimate,USD
253091,7670285467958,Cattasaurus - shoproxstore - Shopify,direct_to_consumer,unfulfilled,2026-09-21,,2026-09-21,TO1,FedEx,2,0,18.7,3.17,0.0,21.87,shipmonk_estimate,CAD+USD
253092,7670295920950,Cattasaurus - shoproxstore - Shopify,direct_to_consumer,onhold,2026-09-21,,2026-09-21,TO1,FedEx,2,0,33.07,4.75,0.0,37.82,shipmonk_estimate,CAD+USD
253093,7670297526582,Cattasaurus - shoproxstore - Shopify,direct_to_consumer,fulfilled,2026-09-21,2026-09-23,2026-09-21,PA2,OnTrac,2,1,13.53,2.22,0.0,15.75,shipmonk_estimate,USD
253094,7670315909430,Cattasaurus - shoproxstore - Shopify,direct_to_consumer,fulfilled,2026-09-21,2026-09-23,2026-09-21,NV3,OnTrac,1,1,15.17,1.9,0.0,17.07,shipmonk_estimate,USD
253095,7670352675126,Cattasaurus - shoproxstore - Shopify,direct_to_consumer,fulfilled,2026-09-21,2026-09-23,2026-09-21,PA2,UPS,2,1,19.02,2.22,0.0,21.24,shipmonk_estimate,USD
253096,7670379544886,Cattasaurus - shoproxstore - Shopify,direct_to_consumer,fulfilled,2026-09-21,2026-09-22,2026-09-21,NV3,FedEx,2,1,12.64,2.22,0.0,14.86,shipmonk_estimate,USD
253097,7670392619318,Cattasaurus - shoproxstore - Shopify,direct_to_consumer,unfulfilled,2026-09-21,,2026-09-21,NV3,ShipMonk,2,1,21.31,4.74,0.0,26.05,shipmonk_estimate,USD
253098,7670402515254,Cattasaurus - shoproxstore - Shopify,direct_to_consumer,fulfilled,2026-09-21,2026-09-22,2026-09-21,NV3,UPS,3,1,20.08,2.54,0.0,22.62,shipmonk_estimate,USD
253099,7670409462070,Cattasaurus - shoproxstore - Shopify,direct_to_consumer,fulfilled,2026-09-21,2026-09-22,2026-09-21,NV3,OnTrac,3,1,23.49,2.54,0.0,26.03,shipmonk_estimate,USD
253100,7670421717302,Cattasaurus - shoproxstore - Shopify,direct_to_consumer,onhold,2026-09-21,,2026-09-21,PA2,ShipMonk,3,0,12.14,3.16,0.0,15.3,shipmonk_estimate,USD
253101,7670457205046,Cattasaurus - shoproxstore - Shopify,direct_to_consumer,fulfilled,2026-09-21,2026-09-23,2026-09-21,PA2,Cirro,1,1,6.62,1.58,0.0,8.2,shipmonk_estimate,USD
253103,7670491021622,Cattasaurus - shoproxstore - Shopify,direct_to_consumer,unfulfilled,2026-09-21,,2026-09-21,TO1,FedEx,2,0,22.63,3.17,0.0,25.8,shipmonk_estimate,CAD+USD
253104,7670544007478,Cattasaurus - shoproxstore - Shopify,direct_to_consumer,onhold,2026-09-21,,2026-09-21,PA2,ShipMonk,3,0,12.64,3.16,0.0,15.8,shipmonk_estimate,USD
253105,7670555574582,Cattasaurus - shoproxstore - Shopify,direct_to_consumer,unfulfilled,2026-09-21,,2026-09-21,NV3,ShipMonk,2,1,23.1,4.74,0.0,27.84,shipmonk_estimate,USD
253107,7670577594678,Cattasaurus - shoproxstore - Shopify,direct_to_consumer,onhold,2026-09-21,,2026-09-21,NV3,ShipMonk,3,0,0.0,4.74,0.0,4.74,shipmonk_estimate,USD
253108,7670607184182,Cattasaurus - shoproxstore - Shopify,direct_to_consumer,onhold,2026-09-21,,2026-09-21,NV3,ShipMonk,2,0,12.64,3.16,0.0,15.8,shipmonk_estimate,USD
253111,7670647292214,Cattasaurus - shoproxstore - Shopify,direct_to_consumer,unfulfilled,2026-09-21,,2026-09-21,NV3,ShipMonk,2,0,26.52,3.16,0.0,29.68,shipmonk_estimate,USD
253112,7670674260278,Cattasaurus - shoproxstore - Shopify,direct_to_consumer,onhold,2026-09-21,,2026-09-21,PA2,ShipMonk,3,0,12.14,4.74,0.0,16.88,shipmonk_estimate,USD
253113,7670674751798,Cattasaurus - shoproxstore - Shopify,direct_to_consumer,fulfilled,2026-09-21,2026-09-23,2026-09-21,NV3,FedEx,2,1,24.74,2.22,0.0,26.96,shipmonk_estimate,USD
253114,7670676881718,Cattasaurus - shoproxstore - Shopify,direct_to_consumer,fulfilled,2026-09-21,2026-09-22,2026-09-21,NV3,UPS,2,1,23.1,2.22,0.0,25.32,shipmonk_estimate,USD
253114_1,cee3ef3f-eb88-44b6-b313-f6bc9e313de5,Cattasaurus - shoproxstore - Shopify,direct_to_consumer,fulfilled,2026-09-21,2026-09-22,2026-09-21,PA2,Cirro,1,1,16.95,3.82,0.0,20.77,shipmonk_estimate,USD
253115,7670700638518,Cattasaurus - shoproxstore - Shopify,direct_to_consumer,onhold,2026-09-21,,2026-09-21,NV3,ShipMonk,3,0,30.69,6.32,0.0,37.01,shipmonk_estimate,USD
253116,7670703292726,Cattasaurus - shoproxstore - Shopify,direct_to_consumer,onhold,2026-09-21,,2026-09-21,PA2,ShipMonk,2,0,0.0,4.21,0.0,4.21,shipmonk_estimate,USD
253117,7670708797750,Cattasaurus - shoproxstore - Shopify,direct_to_consumer,onhold,2026-09-21,,2026-09-21,TO1,FedEx,1,0,33.07,3.17,0.0,36.24,shipmonk_estimate,CAD+USD
253118,7670730490166,Cattasaurus - shoproxstore - Shopify,direct_to_consumer,onhold,2026-09-21,,2026-09-21,NV3,ShipMonk,1,0,23.49,5.25,0.0,28.74,shipmonk_estimate,USD
253119,7670734618934,Cattasaurus - shoproxstore - Shopify,direct_to_consumer,onhold,2026-09-21,,2026-09-21,PA2,ShipMonk,2,0,20.53,3.16,0.0,23.69,shipmonk_estimate,USD
253121,7670785507638,Cattasaurus - shoproxstore - Shopify,direct_to_consumer,fulfilled,2026-09-21,2026-09-23,2026-09-21,PA2,OnTrac,4,1,13.53,2.86,0.0,16.39,shipmonk_estimate,USD
253123_1,75cf4abe-c5cf-42cc-8c47-533ff9777671,Cattasaurus - shoproxstore - Shopify,direct_to_consumer,fulfilled,2026-09-21,2026-09-23,2026-09-21,PA2,OnTrac,2,1,13.31,2.22,0.0,15.53,shipmonk_estimate,USD
253124,7670807429430,Cattasaurus - shoproxstore - Shopify,direct_to_consumer,onhold,2026-09-21,,2026-09-21,NV3,ShipMonk,1,0,23.49,5.25,0.0,28.74,shipmonk_estimate,USD
253125,7670808379702,Cattasaurus - shoproxstore - Shopify,direct_to_consumer,unfulfilled,2026-09-21,,2026-09-21,NV3,ShipMonk,2,1,14.42,4.74,0.0,19.16,shipmonk_estimate,USD
253126,7670836724022,Cattasaurus - shoproxstore - Shopify,direct_to_consumer,fulfilled,2026-09-21,2026-09-22,2026-09-21,NV3,OnTrac,2,1,17.24,2.22,0.0,19.46,shipmonk_estimate,USD
253127,7670840754486,Cattasaurus - shoproxstore - Shopify,direct_to_consumer,fulfilled,2026-09-21,2026-09-22,2026-09-21,NV3,OnTrac,2,1,23.49,2.22,0.0,25.71,shipmonk_estimate,USD
253128,7670847111478,Cattasaurus - shoproxstore - Shopify,direct_to_consumer,onhold,2026-09-21,,2026-09-21,NV3,ShipMonk,2,0,17.24,3.16,0.0,20.4,shipmonk_estimate,USD
253129,7670867067190,Cattasaurus - shoproxstore - Shopify,direct_to_consumer,fulfilled,2026-09-21,2026-09-23,2026-09-21,PA2,OnTrac,2,1,22.31,2.22,0.0,24.53,shipmonk_estimate,USD
253130,7670867788086,Cattasaurus - shoproxstore - Shopify,direct_to_consumer,onhold,2026-09-21,,2026-09-21,PA2,ShipMonk,3,0,12.14,4.74,0.0,16.88,shipmonk_estimate,USD
253131,7670873063734,Cattasaurus - shoproxstore - Shopify,direct_to_consumer,fulfilled,2026-09-21,2026-09-23,2026-09-21,NV3,OnTrac,2,1,20.53,2.22,0.0,22.75,shipmonk_estimate,USD
253132,7670888333622,Cattasaurus - shoproxstore - Shopify,direct_to_consumer,fulfilled,2026-09-21,2026-09-23,2026-09-21,PA2,OnTrac,2,1,11.75,2.22,0.0,13.97,shipmonk_estimate,USD
253133,7670898032950,Cattasaurus - shoproxstore - Shopify,direct_to_consumer,fulfilled,2026-09-21,2026-09-23,2026-09-21,NV3,UPS,2,1,26.52,2.22,0.0,28.74,shipmonk_estimate,USD
253134,7670907044150,Cattasaurus - shoproxstore - Shopify,direct_to_consumer,unfulfilled,2026-09-21,,2026-09-21,NV3,ShipMonk,2,1,20.08,4.74,0.0,24.82,shipmonk_estimate,USD
253135,7670916219190,Cattasaurus - shoproxstore - Shopify,direct_to_consumer,fulfilled,2026-09-21,2026-09-23,2026-09-21,PA2,FedEx,2,1,17.24,2.22,0.0,19.46,shipmonk_estimate,USD
253136,7670922707254,Cattasaurus - shoproxstore - Shopify,direct_to_consumer,unfulfilled,2026-09-21,,2026-09-21,NV3,ShipMonk,3,0,21.31,4.74,0.0,26.05,shipmonk_estimate,USD
253137,7670933520694,Cattasaurus - shoproxstore - Shopify,direct_to_consumer,onhold,2026-09-21,,2026-09-21,NV3,ShipMonk,3,0,35.58,3.16,0.0,38.74,shipmonk_estimate,USD
253138,7670938173750,Cattasaurus - shoproxstore - Shopify,direct_to_consumer,fulfilled,2026-09-21,2026-09-23,2026-09-21,PA2,OnTrac,2,1,22.31,2.22,0.0,24.53,shipmonk_estimate,USD
253139,7670954950966,Cattasaurus - shoproxstore - Shopify,direct_to_consumer,fulfilled,2026-09-21,2026-09-22,2026-09-21,NV3,OnTrac,2,1,20.08,2.22,0.0,22.3,shipmonk_estimate,USD
253140,7670965338422,Cattasaurus - shoproxstore - Shopify,direct_to_consumer,fulfilled,2026-09-21,2026-09-23,2026-09-21,PA2,OnTrac,2,1,12.14,2.22,0.0,14.36,shipmonk_estimate,USD
253141,7670987161910,Cattasaurus - shoproxstore - Shopify,direct_to_consumer,unfulfilled,2026-09-21,,2026-09-21,NV3,ShipMonk,3,0,17.88,4.74,0.0,22.62,shipmonk_estimate,USD
253142,7670988276022,Cattasaurus - shoproxstore - Shopify,direct_to_consumer,onhold,2026-09-21,,2026-09-21,NV3,ShipMonk,3,0,19.53,3.16,0.0,22.69,shipmonk_estimate,USD
253143,7670993289526,Cattasaurus - shoproxstore - Shopify,direct_to_consumer,unfulfilled,2026-09-21,,2026-09-21,NV3,ShipMonk,2,1,21.31,4.74,0.0,26.05,shipmonk_estimate,USD
253144,7670993781046,Cattasaurus - shoproxstore - Shopify,direct_to_consumer,fulfilled,2026-09-21,2026-09-23,2026-09-21,NV3,FedEx,1,1,18.3,1.9,0.0,20.2,shipmonk_estimate,USD
253145,7671012819254,Cattasaurus - shoproxstore - Shopify,direct_to_consumer,onhold,2026-09-21,,2026-09-21,NV3,ShipMonk,2,0,12.64,3.16,0.0,15.8,shipmonk_estimate,USD
253146,7671015309622,Cattasaurus - shoproxstore - Shopify,direct_to_consumer,onhold,2026-09-21,,2026-09-21,PA2,ShipMonk,2,0,12.14,4.74,0.0,16.88,shipmonk_estimate,USD
253147,7671043588406,Cattasaurus - shoproxstore - Shopify,direct_to_consumer,fulfilled,2026-09-21,2026-09-23,2026-09-21,PA2,OnTrac,1,1,22.93,2.54,0.0,25.47,shipmonk_estimate,USD
253148,7671049126198,Cattasaurus - shoproxstore - Shopify,direct_to_consumer,onhold,2026-09-21,,2026-09-21,NV3,ShipMonk,3,0,0.0,6.32,0.0,6.32,shipmonk_estimate,USD
253149,7671056564534,Cattasaurus - shoproxstore - Shopify,direct_to_consumer,fulfilled,2026-09-21,2026-09-23,2026-09-21,PA2,FedEx,3,1,17.24,2.54,0.0,19.78,shipmonk_estimate,USD
253150,7671069540662,Cattasaurus - shoproxstore - Shopify,direct_to_consumer,onhold,2026-09-21,,2026-09-21,NV3,ShipMonk,5,0,0.0,10.31,0.0,10.31,shipmonk_estimate,USD
253151,7671070032182,Cattasaurus - shoproxstore - Shopify,direct_to_consumer,fulfilled,2026-09-21,2026-09-23,2026-09-21,PA2,Cirro,1,1,5.4,1.58,0.7,7.68,shipmonk_estimate,USD
253152,7671075995958,Cattasaurus - shoproxstore - Shopify,direct_to_consumer,fulfilled,2026-09-21,2026-09-23,2026-09-21,PA2,UPS,2,1,19.02,2.22,0.0,21.24,shipmonk_estimate,USD
253153,7671079239990,Cattasaurus - shoproxstore - Shopify,direct_to_consumer,fulfilled,2026-09-21,2026-09-23,2026-09-21,NV3,OnTrac,2,1,15.17,2.22,0.0,17.39,shipmonk_estimate,USD
253154,7671089398070,Cattasaurus - shoproxstore - Shopify,direct_to_consumer,unfulfilled,2026-09-21,,2026-09-21,NV3,ShipMonk,3,0,18.3,3.16,0.0,21.46,shipmonk_estimate,USD
253156,7671095296310,Cattasaurus - shoproxstore - Shopify,direct_to_consumer,onhold,2026-09-21,,2026-09-21,NV3,ShipMonk,3,0,22.31,3.16,0.0,25.47,shipmonk_estimate,USD
253162,7671122297142,Cattasaurus - shoproxstore - Shopify,direct_to_consumer,unfulfilled,2026-09-21,,2026-09-21,NV3,ShipMonk,2,0,15.17,3.16,0.0,18.33,shipmonk_estimate,USD
253163,7671127736630,Cattasaurus - shoproxstore - Shopify,direct_to_consumer,fulfilled,2026-09-21,2026-09-23,2026-09-21,PA2,UPS,2,1,22.31,2.22,0.0,24.53,shipmonk_estimate,USD
253164,7671128588598,Cattasaurus - shoproxstore - Shopify,direct_to_consumer,unfulfilled,2026-09-21,,2026-09-21,NV3,ShipMonk,3,0,21.31,4.74,0.0,26.05,shipmonk_estimate,USD
253165,7671134847286,Cattasaurus - shoproxstore - Shopify,direct_to_consumer,unfulfilled,2026-09-21,,2026-09-21,TO1,FedEx,2,0,18.7,3.17,0.0,21.87,shipmonk_estimate,CAD+USD
253166,7671198810422,Cattasaurus - shoproxstore - Shopify,direct_to_consumer,onhold,2026-09-21,,2026-09-21,NV3,ShipMonk,2,0,33.8,3.16,0.0,36.96,shipmonk_estimate,USD
253167,7671221944630,Cattasaurus - shoproxstore - Shopify,direct_to_consumer,onhold,2026-09-21,,2026-09-21,NV3,ShipMonk,2,0,15.17,4.74,0.0,19.91,shipmonk_estimate,USD
253168,7671228793142,Cattasaurus - shoproxstore - Shopify,direct_to_consumer,unfulfilled,2026-09-21,,2026-09-21,TO1,FedEx,2,0,14.66,4.75,0.0,19.41,shipmonk_estimate,CAD+USD
253169,7671245013302,Cattasaurus - shoproxstore - Shopify,direct_to_consumer,fulfilled,2026-09-21,2026-09-23,2026-09-21,PA2,Cirro,1,1,10.33,1.58,0.0,11.91,shipmonk_estimate,USD
253170,7671280959798,Cattasaurus - shoproxstore - Shopify,direct_to_consumer,fulfilled,2026-09-21,2026-09-23,2026-09-21,PA2,UPS,2,1,13.92,2.86,0.0,16.78,shipmonk_estimate,USD
253171,7671301177654,Cattasaurus - shoproxstore - Shopify,direct_to_consumer,onhold,2026-09-21,,2026-09-21,NV3,ShipMonk,2,0,15.94,3.16,0.0,19.1,shipmonk_estimate,USD
253172,7671304388918,Cattasaurus - shoproxstore - Shopify,direct_to_consumer,fulfilled,2026-09-21,2026-09-23,2026-09-21,NV3,OnTrac,1,1,16.95,1.9,0.0,18.85,shipmonk_estimate,USD
253173,7671408296246,Cattasaurus - shoproxstore - Shopify,direct_to_consumer,onhold,2026-09-21,,2026-09-21,PA2,ShipMonk,2,0,19.02,4.74,0.0,23.76,shipmonk_estimate,USD
253174,7671415013686,Cattasaurus - shoproxstore - Shopify,direct_to_consumer,onhold,2026-09-21,,2026-09-21,NV3,ShipMonk,3,0,33.8,4.74,0.0,38.54,shipmonk_estimate,USD
253175,7671423009078,Cattasaurus - shoproxstore - Shopify,direct_to_consumer,unfulfilled,2026-09-21,,2026-09-21,NV3,ShipMonk,2,0,15.17,3.16,0.0,18.33,shipmonk_estimate,USD
112-1596565-4341064,112-1596565-4341064,Cattasaurus - Amazon USA,direct_to_consumer,fulfilled,2026-09-22,2026-09-22,2026-09-22,NV3,OnTrac,1,1,13.09,1.9,0.0,14.99,shipmonk_estimate,USD
112-3583472-1399450,112-3583472-1399450,Cattasaurus - Amazon USA,direct_to_consumer,fulfilled,2026-09-22,2026-09-23,2026-09-22,NV3,FedEx,1,1,36.84,7.88,0.0,44.72,shipmonk_estimate,USD
112-4100453-5564208,112-4100453-5564208,Cattasaurus - Amazon USA,direct_to_consumer,fulfilled,2026-09-22,2026-09-22,2026-09-22,PA2,OnTrac,1,1,12.28,2.22,0.0,14.5,shipmonk_estimate,USD
112-9632737-0609805,112-9632737-0609805,Cattasaurus - Amazon USA,direct_to_consumer,fulfilled,2026-09-22,2026-09-22,2026-09-22,PA2,OnTrac,1,1,10.5,2.22,0.0,12.72,shipmonk_estimate,USD
114-3823023-3071453,114-3823023-3071453,Cattasaurus - Amazon USA,direct_to_consumer,fulfilled,2026-09-22,2026-09-23,2026-09-22,NV3,OnTrac,1,1,13.09,2.22,0.0,15.31,shipmonk_estimate,USD
200015275894452,129126618850423,Cattasaurus - Walmart,direct_to_consumer,fulfilled,2026-09-22,2026-09-23,2026-09-22,PA2,FedEx,1,1,13.31,2.22,0.0,15.53,shipmonk_estimate,USD
200015318986429,129126618468233,Cattasaurus - Walmart,direct_to_consumer,fulfilled,2026-09-22,2026-09-22,2026-09-22,NV3,FedEx,1,1,23.49,1.9,0.0,25.39,shipmonk_estimate,USD
200015367664664,129126721490544,Cattasaurus - Walmart,direct_to_consumer,fulfilled,2026-09-22,2026-09-23,2026-09-22,PA2,UPS,1,1,15.09,1.9,0.0,16.99,shipmonk_estimate,USD
243388-01,b1c36e02-9707-4a2f-bed3-5a0423de5d38,Cattasaurus - shoproxstore - Shopify,direct_to_consumer,fulfilled,2026-09-22,2026-09-22,2026-09-22,NV3,FedEx,1,1,18.3,1.9,0.0,20.2,shipmonk_estimate,USD
253176,7671446929718,Cattasaurus - shoproxstore - Shopify,direct_to_consumer,unfulfilled,2026-09-22,,2026-09-22,NV3,ShipMonk,2,1,15.17,4.74,0.0,19.91,shipmonk_estimate,USD
253177,7671461740854,Cattasaurus - shoproxstore - Shopify,direct_to_consumer,fulfilled,2026-09-22,2026-09-23,2026-09-22,PA2,FedEx,2,1,20.53,2.22,0.0,22.75,shipmonk_estimate,USD
253184,7671505092918,Cattasaurus - shoproxstore - Shopify,direct_to_consumer,unfulfilled,2026-09-22,,2026-09-22,NV3,ShipMonk,3,0,23.49,3.16,0.0,26.65,shipmonk_estimate,USD
253197,7671652319542,Cattasaurus - shoproxstore - Shopify,direct_to_consumer,unfulfilled,2026-09-22,,2026-09-22,NV3,ShipMonk,2,1,23.1,4.74,0.0,27.84,shipmonk_estimate,USD
253198,7671692132662,Cattasaurus - shoproxstore - Shopify,direct_to_consumer,onhold,2026-09-22,,2026-09-22,NV3,ShipMonk,2,0,18.3,6.83,0.0,25.13,shipmonk_estimate,USD
253199,7671692689718,Cattasaurus - shoproxstore - Shopify,direct_to_consumer,fulfilled,2026-09-22,2026-09-23,2026-09-22,PA2,OnTrac,2,1,13.53,2.22,0.0,15.75,shipmonk_estimate,USD
253200,7671702683958,Cattasaurus - shoproxstore - Shopify,direct_to_consumer,unfulfilled,2026-09-22,,2026-09-22,NV3,ShipMonk,3,0,20.53,3.16,0.0,23.69,shipmonk_estimate,USD
253201,7671726965046,Cattasaurus - shoproxstore - Shopify,direct_to_consumer,fulfilled,2026-09-22,2026-09-23,2026-09-22,PA2,OnTrac,1,1,19.02,1.9,0.0,20.92,shipmonk_estimate,USD
253202,7671737155894,Cattasaurus - shoproxstore - Shopify,direct_to_consumer,fulfilled,2026-09-22,2026-09-23,2026-09-22,NV3,OnTrac,2,1,18.3,2.22,0.0,20.52,shipmonk_estimate,USD
253203,7671750459702,Cattasaurus - shoproxstore - Shopify,direct_to_consumer,fulfilled,2026-09-22,2026-09-23,2026-09-22,PA2,OnTrac,2,1,20.53,2.22,0.0,22.75,shipmonk_estimate,USD
253204,7671759798582,Cattasaurus - shoproxstore - Shopify,direct_to_consumer,onhold,2026-09-22,,2026-09-22,PA2,ShipMonk,2,0,15.12,3.16,0.0,18.28,shipmonk_estimate,USD
253205,7671772971318,Cattasaurus - shoproxstore - Shopify,direct_to_consumer,unfulfilled,2026-09-22,,2026-09-22,NV3,ShipMonk,2,0,25.27,3.16,0.0,28.43,shipmonk_estimate,USD
253206,7671773921590,Cattasaurus - shoproxstore - Shopify,direct_to_consumer,unfulfilled,2026-09-22,,2026-09-22,TO1,FedEx,2,0,19.01,4.75,0.0,23.76,shipmonk_estimate,CAD+USD
253207,7671794008374,Cattasaurus - shoproxstore - Shopify,direct_to_consumer,fulfilled,2026-09-22,2026-09-23,2026-09-22,PA2,OnTrac,2,1,15.12,2.22,0.0,17.34,shipmonk_estimate,USD
253208,7671815536950,Cattasaurus - shoproxstore - Shopify,direct_to_consumer,fulfilled,2026-09-22,2026-09-23,2026-09-22,PA2,UPS,3,1,16.95,2.54,0.0,19.49,shipmonk_estimate,USD
253209,7671820026166,Cattasaurus - shoproxstore - Shopify,direct_to_consumer,fulfilled,2026-09-22,2026-09-22,2026-09-22,NV3,OnTrac,4,1,18.3,2.86,0.0,21.16,shipmonk_estimate,USD
253210,7671847452982,Cattasaurus - shoproxstore - Shopify,direct_to_consumer,unfulfilled,2026-09-22,,2026-09-22,NV3,ShipMonk,3,0,25.27,4.74,0.0,30.01,shipmonk_estimate,USD
253211,7671852958006,Cattasaurus - shoproxstore - Shopify,direct_to_consumer,unfulfilled,2026-09-22,,2026-09-22,NV3,ShipMonk,3,0,15.17,4.74,0.0,19.91,shipmonk_estimate,USD
253212,7671883989302,Cattasaurus - shoproxstore - Shopify,direct_to_consumer,onhold,2026-09-22,,2026-09-22,TO1,FedEx,2,0,33.08,4.75,0.0,37.83,shipmonk_estimate,CAD+USD
253213,7671889920310,Cattasaurus - shoproxstore - Shopify,direct_to_consumer,fulfilled,2026-09-22,2026-09-23,2026-09-22,PA2,OnTrac,2,1,12.14,2.22,0.0,14.36,shipmonk_estimate,USD
253214,7671891132726,Cattasaurus - shoproxstore - Shopify,direct_to_consumer,onhold,2026-09-22,,2026-09-22,PA2,ShipMonk,1,0,15.61,1.58,0.0,17.19,shipmonk_estimate,USD
253215,7671900635446,Cattasaurus - shoproxstore - Shopify,direct_to_consumer,fulfilled,2026-09-22,2026-09-23,2026-09-22,NV3,OnTrac,2,1,23.49,2.22,0.0,25.71,shipmonk_estimate,USD
253216,7671906042166,Cattasaurus - shoproxstore - Shopify,direct_to_consumer,fulfilled,2026-09-22,2026-09-23,2026-09-22,PA2,OnTrac,2,1,19.02,2.22,0.0,21.24,shipmonk_estimate,USD
253217,7671909515574,Cattasaurus - shoproxstore - Shopify,direct_to_consumer,onhold,2026-09-22,,2026-09-22,NV3,ShipMonk,2,0,18.3,6.83,0.0,25.13,shipmonk_estimate,USD
253218,7671925834038,Cattasaurus - shoproxstore - Shopify,direct_to_consumer,onhold,2026-09-22,,2026-09-22,PA2,ShipMonk,2,0,15.12,3.16,0.0,18.28,shipmonk_estimate,USD
253219,7671952441654,Cattasaurus - shoproxstore - Shopify,direct_to_consumer,unfulfilled,2026-09-22,,2026-09-22,NV3,ShipMonk,2,0,11.75,4.74,0.0,16.49,shipmonk_estimate,USD
253220,7671960633654,Cattasaurus - shoproxstore - Shopify,direct_to_consumer,unfulfilled,2026-09-22,,2026-09-22,TO1,FedEx,2,0,22.64,3.17,0.0,25.81,shipmonk_estimate,CAD+USD
253221,7671971119414,Cattasaurus - shoproxstore - Shopify,direct_to_consumer,unfulfilled,2026-09-22,,2026-09-22,PA2,ShipMonk,2,0,14.42,3.16,0.0,17.58,shipmonk_estimate,USD
253222,7672014340406,Cattasaurus - shoproxstore - Shopify,direct_to_consumer,onhold,2026-09-22,,2026-09-22,NV3,ShipMonk,2,0,23.1,3.16,0.0,26.26,shipmonk_estimate,USD
253223,7672030363958,Cattasaurus - shoproxstore - Shopify,direct_to_consumer,unfulfilled,2026-09-22,,2026-09-22,NV3,ShipMonk,2,0,22.31,3.16,0.0,25.47,shipmonk_estimate,USD
253224,7672042684726,Cattasaurus - shoproxstore - Shopify,direct_to_consumer,unfulfilled,2026-09-22,,2026-09-22,NV3,ShipMonk,2,0,21.31,4.74,0.0,26.05,shipmonk_estimate,USD
253225,7672047599926,Cattasaurus - shoproxstore - Shopify,direct_to_consumer,unfulfilled,2026-09-22,,2026-09-22,NV3,ShipMonk,2,0,26.33,9.99,0.0,36.32,shipmonk_estimate,USD
253226,7672052416822,Cattasaurus - shoproxstore - Shopify,direct_to_consumer,unfulfilled,2026-09-22,,2026-09-22,NV3,ShipMonk,2,0,24.74,3.16,0.0,27.9,shipmonk_estimate,USD
253227,7672057397558,Cattasaurus - shoproxstore - Shopify,direct_to_consumer,fulfilled,2026-09-22,2026-09-23,2026-09-22,PA2,OnTrac,2,1,12.64,2.22,0.0,14.86,shipmonk_estimate,USD
253228,7672064180534,Cattasaurus - shoproxstore - Shopify,direct_to_consumer,unfulfilled,2026-09-22,,2026-09-22,NV3,ShipMonk,2,0,23.49,4.74,0.0,28.23,shipmonk_estimate,USD
253229,7672065753398,Cattasaurus - shoproxstore - Shopify,direct_to_consumer,fulfilled,2026-09-22,2026-09-22,2026-09-22,NV3,FedEx,3,1,26.52,2.54,0.0,29.06,shipmonk_estimate,USD
253230,7672071160118,Cattasaurus - shoproxstore - Shopify,direct_to_consumer,onhold,2026-09-22,,2026-09-22,TO1,FedEx,2,0,46.58,3.17,0.0,49.75,shipmonk_estimate,CAD+USD
253231,7672087413046,Cattasaurus - shoproxstore - Shopify,direct_to_consumer,fulfilled,2026-09-22,2026-09-22,2026-09-22,NV3,OnTrac,1,1,17.32,1.9,0.0,19.22,shipmonk_estimate,USD
253232,7672090067254,Cattasaurus - shoproxstore - Shopify,direct_to_consumer,fulfilled,2026-09-22,2026-09-23,2026-09-22,PA2,FedEx,3,1,15.17,2.54,0.0,17.71,shipmonk_estimate,USD
253233,7672094064950,Cattasaurus - shoproxstore - Shopify,direct_to_consumer,fulfilled,2026-09-22,2026-09-23,2026-09-22,PA2,OnTrac,2,1,19.02,2.22,0.0,21.24,shipmonk_estimate,USD
253234,7672138137910,Cattasaurus - shoproxstore - Shopify,direct_to_consumer,fulfilled,2026-09-22,2026-09-23,2026-09-22,PA2,Cirro,2,1,6.9,2.22,0.3,9.42,shipmonk_estimate,USD
253235,7672151343414,Cattasaurus - shoproxstore - Shopify,direct_to_consumer,onhold,2026-09-22,,2026-09-22,TO1,FedEx,2,0,33.08,4.75,0.0,37.83,shipmonk_estimate,CAD+USD
253236,7672171692342,Cattasaurus - shoproxstore - Shopify,direct_to_consumer,onhold,2026-09-22,,2026-09-22,NV3,ShipMonk,2,0,23.49,6.83,0.0,30.32,shipmonk_estimate,USD
253237,7672173986102,Cattasaurus - shoproxstore - Shopify,direct_to_consumer,unfulfilled,2026-09-22,,2026-09-22,NV3,ShipMonk,2,0,15.12,3.16,0.0,18.28,shipmonk_estimate,USD
253238,7672176181558,Cattasaurus - shoproxstore - Shopify,direct_to_consumer,unfulfilled,2026-09-22,,2026-09-22,PA2,ShipMonk,2,0,20.53,3.16,0.0,23.69,shipmonk_estimate,USD
253239,7672178213174,Cattasaurus - shoproxstore - Shopify,direct_to_consumer,unfulfilled,2026-09-22,,2026-09-22,NV3,ShipMonk,3,0,22.93,4.74,0.0,27.67,shipmonk_estimate,USD
253240,7672204067126,Cattasaurus - shoproxstore - Shopify,direct_to_consumer,unfulfilled,2026-09-22,,2026-09-22,PA2,ShipMonk,3,0,15.17,3.16,0.0,18.33,shipmonk_estimate,USD
253241,7672217927990,Cattasaurus - shoproxstore - Shopify,direct_to_consumer,unfulfilled,2026-09-22,,2026-09-22,NV3,ShipMonk,3,0,20.08,4.74,0.0,24.82,shipmonk_estimate,USD
253242,7672219828534,Cattasaurus - shoproxstore - Shopify,direct_to_consumer,unfulfilled,2026-09-22,,2026-09-22,PA2,ShipMonk,2,0,15.12,3.16,0.0,18.28,shipmonk_estimate,USD
253243,7672264753462,Cattasaurus - shoproxstore - Shopify,direct_to_consumer,unfulfilled,2026-09-22,,2026-09-22,NV3,ShipMonk,1,0,23.49,3.16,0.0,26.65,shipmonk_estimate,USD
253244,7672268063030,Cattasaurus - shoproxstore - Shopify,direct_to_consumer,unfulfilled,2026-09-22,,2026-09-22,NV3,ShipMonk,1,0,25.27,3.16,0.0,28.43,shipmonk_estimate,USD
253245,7672276222262,Cattasaurus - shoproxstore - Shopify,direct_to_consumer,unfulfilled,2026-09-22,,2026-09-22,PA2,ShipMonk,2,0,17.24,3.16,0.0,20.4,shipmonk_estimate,USD
253246,7672277106998,Cattasaurus - shoproxstore - Shopify,direct_to_consumer,onhold,2026-09-22,,2026-09-22,NV3,ShipMonk,2,0,25.27,10.5,0.0,35.77,shipmonk_estimate,USD
253247,7672281104694,Cattasaurus - shoproxstore - Shopify,direct_to_consumer,unfulfilled,2026-09-22,,2026-09-22,NV3,ShipMonk,2,0,22.31,3.16,0.0,25.47,shipmonk_estimate,USD
253248,7672304140598,Cattasaurus - shoproxstore - Shopify,direct_to_consumer,unfulfilled,2026-09-22,,2026-09-22,NV3,ShipMonk,2,0,23.49,3.16,0.0,26.65,shipmonk_estimate,USD
253249,7672363680054,Cattasaurus - shoproxstore - Shopify,direct_to_consumer,onhold,2026-09-22,,2026-09-22,NV3,ShipMonk,4,0,16.95,4.74,0.0,21.69,shipmonk_estimate,USD
253251,7672374559030,Cattasaurus - shoproxstore - Shopify,direct_to_consumer,onhold,2026-09-22,,2026-09-22,PA2,ShipMonk,2,0,16.95,3.16,0.0,20.11,shipmonk_estimate,USD
253252,7672383340854,Cattasaurus - shoproxstore - Shopify,direct_to_consumer,unfulfilled,2026-09-22,,2026-09-22,NV3,ShipMonk,2,0,20.92,4.74,0.0,25.66,shipmonk_estimate,USD
253253,7672424530230,Cattasaurus - shoproxstore - Shopify,direct_to_consumer,unfulfilled,2026-09-22,,2026-09-22,PA2,ShipMonk,1,0,19.02,1.58,0.0,20.6,shipmonk_estimate,USD
253254,7672425742646,Cattasaurus - shoproxstore - Shopify,direct_to_consumer,unfulfilled,2026-09-22,,2026-09-22,NV3,ShipMonk,3,0,15.12,3.16,0.0,18.28,shipmonk_estimate,USD
253255,7672464015670,Cattasaurus - shoproxstore - Shopify,direct_to_consumer,onhold,2026-09-22,,2026-09-22,TO1,FedEx,2,0,38.42,3.17,0.0,41.59,shipmonk_estimate,CAD+USD
253256,7672472863030,Cattasaurus - shoproxstore - Shopify,direct_to_consumer,onhold,2026-09-22,,2026-09-22,TO1,FedEx,2,0,39.16,3.17,0.0,42.33,shipmonk_estimate,CAD+USD
253257,7672482890038,Cattasaurus - shoproxstore - Shopify,direct_to_consumer,onhold,2026-09-22,,2026-09-22,PA2,ShipMonk,2,0,13.53,3.16,0.0,16.69,shipmonk_estimate,USD
253258,7672488493366,Cattasaurus - shoproxstore - Shopify,direct_to_consumer,unfulfilled,2026-09-22,,2026-09-22,NV3,ShipMonk,2,0,19.02,3.16,0.0,22.18,shipmonk_estimate,USD
253259,7672522244406,Cattasaurus - shoproxstore - Shopify,direct_to_consumer,unfulfilled,2026-09-22,,2026-09-22,PA2,ShipMonk,2,0,20.53,3.16,0.0,23.69,shipmonk_estimate,USD
253260,7672533909814,Cattasaurus - shoproxstore - Shopify,direct_to_consumer,unfulfilled,2026-09-22,,2026-09-22,NV3,ShipMonk,2,0,23.49,3.16,0.0,26.65,shipmonk_estimate,USD
253261,7672534171958,Cattasaurus - shoproxstore - Shopify,direct_to_consumer,unfulfilled,2026-09-22,,2026-09-22,NV3,ShipMonk,1,0,22.93,6.32,0.0,29.25,shipmonk_estimate,USD
253262,7672538988854,Cattasaurus - shoproxstore - Shopify,direct_to_consumer,onhold,2026-09-22,,2026-09-22,TO1,FedEx,1,0,32.67,1.58,0.0,34.25,shipmonk_estimate,CAD+USD
253264,7672579653942,Cattasaurus - shoproxstore - Shopify,direct_to_consumer,onhold,2026-09-22,,2026-09-22,NV3,ShipMonk,1,0,24.74,1.58,0.0,26.32,shipmonk_estimate,USD
253265,7672581292342,Cattasaurus - shoproxstore - Shopify,direct_to_consumer,unfulfilled,2026-09-22,,2026-09-22,NV3,ShipMonk,3,0,11.75,6.83,0.0,18.58,shipmonk_estimate,USD
253267,7672588730678,Cattasaurus - shoproxstore - Shopify,direct_to_consumer,unfulfilled,2026-09-22,,2026-09-22,NV3,ShipMonk,2,0,12.14,3.16,0.0,15.3,shipmonk_estimate,USD
253268,7672609997110,Cattasaurus - shoproxstore - Shopify,direct_to_consumer,unfulfilled,2026-09-22,,2026-09-22,NV3,ShipMonk,1,0,15.12,1.58,0.0,16.7,shipmonk_estimate,USD
253269,7672613175606,Cattasaurus - shoproxstore - Shopify,direct_to_consumer,unfulfilled,2026-09-22,,2026-09-22,NV3,ShipMonk,2,0,24.74,3.16,0.0,27.9,shipmonk_estimate,USD
253270,7672618647862,Cattasaurus - shoproxstore - Shopify,direct_to_consumer,unfulfilled,2026-09-22,,2026-09-22,NV3,ShipMonk,2,0,20.08,4.74,0.0,24.82,shipmonk_estimate,USD
253271,7672633229622,Cattasaurus - shoproxstore - Shopify,direct_to_consumer,onhold,2026-09-22,,2026-09-22,NV3,ShipMonk,4,0,0.0,8.41,0.0,8.41,shipmonk_estimate,USD
253272,7672645058870,Cattasaurus - shoproxstore - Shopify,direct_to_consumer,onhold,2026-09-22,,2026-09-22,NV3,ShipMonk,2,0,33.8,4.74,0.0,38.54,shipmonk_estimate,USD
253273,7672660525366,Cattasaurus - shoproxstore - Shopify,direct_to_consumer,onhold,2026-09-22,,2026-09-22,PA2,ShipMonk,3,0,22.31,3.16,0.0,25.47,shipmonk_estimate,USD
253274,7672661377334,Cattasaurus - shoproxstore - Shopify,direct_to_consumer,unfulfilled,2026-09-22,,2026-09-22,NV3,ShipMonk,2,0,13.53,3.16,0.0,16.69,shipmonk_estimate,USD
253275,7672667406646,Cattasaurus - shoproxstore - Shopify,direct_to_consumer,onhold,2026-09-22,,2026-09-22,NV3,ShipMonk,3,0,0.0,4.74,0.0,4.74,shipmonk_estimate,USD
253276,7672671600950,Cattasaurus - shoproxstore - Shopify,direct_to_consumer,unfulfilled,2026-09-22,,2026-09-22,NV3,ShipMonk,4,0,25.27,4.74,0.0,30.01,shipmonk_estimate,USD
253277,7672679170358,Cattasaurus - shoproxstore - Shopify,direct_to_consumer,unfulfilled,2026-09-22,,2026-09-22,NV3,ShipMonk,2,0,16.95,3.16,0.0,20.11,shipmonk_estimate,USD
253278,7672719900982,Cattasaurus - shoproxstore - Shopify,direct_to_consumer,unfulfilled,2026-09-22,,2026-09-22,NV3,ShipMonk,1,0,18.3,3.16,0.0,21.46,shipmonk_estimate,USD
253279,7672758141238,Cattasaurus - shoproxstore - Shopify,direct_to_consumer,unfulfilled,2026-09-22,,2026-09-22,PA2,ShipMonk,2,0,14.16,3.16,0.0,17.32,shipmonk_estimate,USD
253280,7672758927670,Cattasaurus - shoproxstore - Shopify,direct_to_consumer,unfulfilled,2026-09-22,,2026-09-22,NV3,ShipMonk,2,0,17.24,3.16,0.0,20.4,shipmonk_estimate,USD
253281,7672759451958,Cattasaurus - shoproxstore - Shopify,direct_to_consumer,unfulfilled,2026-09-22,,2026-09-22,PA2,ShipMonk,2,0,10.38,3.16,0.0,13.54,shipmonk_estimate,USD
253283,7672775115062,Cattasaurus - shoproxstore - Shopify,direct_to_consumer,unfulfilled,2026-09-22,,2026-09-22,NV3,ShipMonk,2,0,25.27,4.74,0.0,30.01,shipmonk_estimate,USD
253284,7672780161334,Cattasaurus - shoproxstore - Shopify,direct_to_consumer,unfulfilled,2026-09-22,,2026-09-22,NV3,ShipMonk,1,0,21.31,3.16,0.0,24.47,shipmonk_estimate,USD
253285,7672783536438,Cattasaurus - shoproxstore - Shopify,direct_to_consumer,onhold,2026-09-22,,2026-09-22,NV3,ShipMonk,3,0,33.8,3.16,0.0,36.96,shipmonk_estimate,USD
253286,7672793923894,Cattasaurus - shoproxstore - Shopify,direct_to_consumer,unfulfilled,2026-09-22,,2026-09-22,PA2,ShipMonk,2,0,19.02,3.16,0.0,22.18,shipmonk_estimate,USD
253287_1,e03f1e6e-a580-496e-9f45-368fa4bec1c3,Cattasaurus - shoproxstore - Shopify,direct_to_consumer,unfulfilled,2026-09-22,,2026-09-22,NV3,ShipMonk,1,0,10.75,1.58,0.0,12.33,shipmonk_estimate,USD
253288,7672812175670,Cattasaurus - shoproxstore - Shopify,direct_to_consumer,unfulfilled,2026-09-22,,2026-09-22,PA2,ShipMonk,2,0,16.9,3.16,0.0,20.06,shipmonk_estimate,USD
253289,7672814403894,Cattasaurus - shoproxstore - Shopify,direct_to_consumer,unfulfilled,2026-09-22,,2026-09-22,NV3,ShipMonk,1,0,16.9,1.58,0.0,18.48,shipmonk_estimate,USD
253290,7672818663734,Cattasaurus - shoproxstore - Shopify,direct_to_consumer,unfulfilled,2026-09-22,,2026-09-22,NV3,ShipMonk,3,0,15.12,3.16,0.0,18.28,shipmonk_estimate,USD
253291,7672832000310,Cattasaurus - shoproxstore - Shopify,direct_to_consumer,unfulfilled,2026-09-22,,2026-09-22,NV3,ShipMonk,2,0,16.95,3.16,0.0,20.11,shipmonk_estimate,USD
253292,7672862245174,Cattasaurus - shoproxstore - Shopify,direct_to_consumer,unfulfilled,2026-09-22,,2026-09-22,PA2,ShipMonk,2,0,20.08,3.16,0.0,23.24,shipmonk_estimate,USD
253293,7672884724022,Cattasaurus - shoproxstore - Shopify,direct_to_consumer,unfulfilled,2026-09-22,,2026-09-22,PA2,ShipMonk,2,0,11.75,3.16,0.0,14.91,shipmonk_estimate,USD
253294,7672893047094,Cattasaurus - shoproxstore - Shopify,direct_to_consumer,onhold,2026-09-22,,2026-09-22,NV3,ShipMonk,2,0,23.49,3.16,0.0,26.65,shipmonk_estimate,USD
253295,7672911069494,Cattasaurus - shoproxstore - Shopify,direct_to_consumer,unfulfilled,2026-09-22,,2026-09-22,NV3,ShipMonk,1,0,17.24,1.58,0.0,18.82,shipmonk_estimate,USD
253296,7672917885238,Cattasaurus - shoproxstore - Shopify,direct_to_consumer,unfulfilled,2026-09-22,,2026-09-22,PA2,unknown,1,0,0.0,0.0,0.0,0.0,missing,
253297,7672942788918,Cattasaurus - shoproxstore - Shopify,direct_to_consumer,onhold,2026-09-22,,2026-09-22,NV3,ShipMonk,2,0,33.8,3.16,0.0,36.96,shipmonk_estimate,USD
253298,7672948818230,Cattasaurus - shoproxstore - Shopify,direct_to_consumer,unfulfilled,2026-09-22,,2026-09-22,PA2,ShipMonk,2,0,15.17,3.16,0.0,18.33,shipmonk_estimate,USD
253299,7672955765046,Cattasaurus - shoproxstore - Shopify,direct_to_consumer,unfulfilled,2026-09-22,,2026-09-22,NV3,ShipMonk,2,0,20.08,3.16,0.0,23.24,shipmonk_estimate,USD
253300,7672965628214,Cattasaurus - shoproxstore - Shopify,direct_to_consumer,onhold,2026-09-22,,2026-09-22,PA2,ShipMonk,2,0,11.44,3.16,0.0,14.6,shipmonk_estimate,USD
253301,7672978702646,Cattasaurus - shoproxstore - Shopify,direct_to_consumer,unfulfilled,2026-09-22,,2026-09-22,NV3,ShipMonk,3,0,16.9,3.16,0.0,20.06,shipmonk_estimate,USD
253302,7672987844918,Cattasaurus - shoproxstore - Shopify,direct_to_consumer,unfulfilled,2026-09-22,,2026-09-22,NV3,ShipMonk,3,0,23.49,4.74,0.0,28.23,shipmonk_estimate,USD
253303,7673009176886,Cattasaurus - shoproxstore - Shopify,direct_to_consumer,unfulfilled,2026-09-22,,2026-09-22,PA2,ShipMonk,2,0,12.14,3.16,0.0,15.3,shipmonk_estimate,USD
253304,7673009602870,Cattasaurus - shoproxstore - Shopify,direct_to_consumer,unfulfilled,2026-09-22,,2026-09-22,PA2,ShipMonk,1,0,14.42,1.9,0.0,16.32,shipmonk_estimate,USD
253305,7673016779062,Cattasaurus - shoproxstore - Shopify,direct_to_consumer,unfulfilled,2026-09-22,,2026-09-22,PA2,ShipMonk,2,0,17.24,3.16,0.0,20.4,shipmonk_estimate,USD
253306,7673031262518,Cattasaurus - shoproxstore - Shopify,direct_to_consumer,unfulfilled,2026-09-22,,2026-09-22,PA2,ShipMonk,2,0,12.64,3.16,0.0,15.8,shipmonk_estimate,USD
253307,7673039782198,Cattasaurus - shoproxstore - Shopify,direct_to_consumer,unfulfilled,2026-09-22,,2026-09-22,NV3,ShipMonk,2,0,18.3,3.16,0.0,21.46,shipmonk_estimate,USD
253308,7673062523190,Cattasaurus - shoproxstore - Shopify,direct_to_consumer,fulfilled,2026-09-22,2026-09-23,2026-09-22,NV3,FedEx,3,1,21.31,2.54,0.0,23.85,shipmonk_estimate,USD
253309,7673108365622,Cattasaurus - shoproxstore - Shopify,direct_to_consumer,unfulfilled,2026-09-22,,2026-09-22,NV3,ShipMonk,1,0,16.95,3.16,0.0,20.11,shipmonk_estimate,USD
253310,7673160728886,Cattasaurus - shoproxstore - Shopify,direct_to_consumer,unfulfilled,2026-09-22,,2026-09-22,PA2,ShipMonk,2,0,10.38,3.16,0.0,13.54,shipmonk_estimate,USD
253311,7673165709622,Cattasaurus - shoproxstore - Shopify,direct_to_consumer,onhold,2026-09-22,,2026-09-22,NV3,ShipMonk,2,0,22.31,3.16,0.0,25.47,shipmonk_estimate,USD
253312,7673166725430,Cattasaurus - shoproxstore - Shopify,direct_to_consumer,unfulfilled,2026-09-22,,2026-09-22,NV3,ShipMonk,2,0,11.75,3.16,0.0,14.91,shipmonk_estimate,USD
253313,7673167970614,Cattasaurus - shoproxstore - Shopify,direct_to_consumer,unfulfilled,2026-09-22,,2026-09-22,PA2,ShipMonk,2,0,13.53,3.16,0.0,16.69,shipmonk_estimate,USD
253314,7673172558134,Cattasaurus - shoproxstore - Shopify,direct_to_consumer,unfulfilled,2026-09-22,,2026-09-22,PA2,ShipMonk,2,0,17.56,1.9,0.0,19.46,shipmonk_estimate,USD
253315,7673175376182,Cattasaurus - shoproxstore - Shopify,direct_to_consumer,onhold,2026-09-22,,2026-09-22,NV3,ShipMonk,2,0,24.74,3.16,0.0,27.9,shipmonk_estimate,USD
253316,7673194971446,Cattasaurus - shoproxstore - Shopify,direct_to_consumer,onhold,2026-09-22,,2026-09-22,NV3,ShipMonk,2,0,30.96,3.16,0.0,34.12,shipmonk_estimate,USD
253317,7673219514678,Cattasaurus - shoproxstore - Shopify,direct_to_consumer,unfulfilled,2026-09-22,,2026-09-22,NV3,ShipMonk,1,0,16.95,3.16,0.0,20.11,shipmonk_estimate,USD
253318,7673227313462,Cattasaurus - shoproxstore - Shopify,direct_to_consumer,unfulfilled,2026-09-22,,2026-09-22,NV3,ShipMonk,1,0,6.16,2.22,0.0,8.38,shipmonk_estimate,USD
253319,7673268404534,Cattasaurus - shoproxstore - Shopify,direct_to_consumer,onhold,2026-09-22,,2026-09-22,NV3,ShipMonk,3,0,35.58,3.16,0.0,38.74,shipmonk_estimate,USD
253320,7673276563766,Cattasaurus - shoproxstore - Shopify,direct_to_consumer,unfulfilled,2026-09-22,,2026-09-22,NV3,ShipMonk,3,0,13.09,3.16,0.0,16.25,shipmonk_estimate,USD
253321,7673303695670,Cattasaurus - shoproxstore - Shopify,direct_to_consumer,unfulfilled,2026-09-22,,2026-09-22,TO1,FedEx,2,0,18.65,3.17,0.0,21.82,shipmonk_estimate,CAD+USD
253322,7673319358774,Cattasaurus - shoproxstore - Shopify,direct_to_consumer,onhold,2026-09-22,,2026-09-22,PA2,ShipMonk,2,0,20.53,3.16,0.0,23.69,shipmonk_estimate,USD
253323,7673320866102,Cattasaurus - shoproxstore - Shopify,direct_to_consumer,unfulfilled,2026-09-22,,2026-09-22,NV3,ShipMonk,2,0,12.64,1.58,0.0,14.22,shipmonk_estimate,USD
253324,7673329582390,Cattasaurus - shoproxstore - Shopify,direct_to_consumer,onhold,2026-09-22,,2026-09-22,PA2,ShipMonk,2,0,13.53,3.16,0.0,16.69,shipmonk_estimate,USD
253325,7673349210422,Cattasaurus - shoproxstore - Shopify,direct_to_consumer,onhold,2026-09-22,,2026-09-22,PA2,unknown,2,0,0.0,3.16,0.0,3.16,shipmonk_estimate,USD
253326,7673350816054,Cattasaurus - shoproxstore - Shopify,direct_to_consumer,unfulfilled,2026-09-22,,2026-09-22,NV3,ShipMonk,2,0,14.42,4.74,0.0,19.16,shipmonk_estimate,USD
253328,7673433620790,Cattasaurus - shoproxstore - Shopify,direct_to_consumer,onhold,2026-09-22,,2026-09-22,TO1,FedEx,2,0,39.05,3.17,0.0,42.22,shipmonk_estimate,CAD+USD
253329,7673474875702,Cattasaurus - shoproxstore - Shopify,direct_to_consumer,unfulfilled,2026-09-22,,2026-09-22,PA2,ShipMonk,2,0,16.9,3.16,0.0,20.06,shipmonk_estimate,USD
253330,7673527796022,Cattasaurus - shoproxstore - Shopify,direct_to_consumer,unfulfilled,2026-09-22,,2026-09-22,NV3,ShipMonk,1,0,22.93,4.74,0.0,27.67,shipmonk_estimate,USD
253331,7673537626422,Cattasaurus - shoproxstore - Shopify,direct_to_consumer,unfulfilled,2026-09-22,,2026-09-22,NV3,ShipMonk,3,0,19.02,3.16,0.0,22.18,shipmonk_estimate,USD
253332,7673543983414,Cattasaurus - shoproxstore - Shopify,direct_to_consumer,unfulfilled,2026-09-22,,2026-09-22,NV3,ShipMonk,2,0,24.74,3.16,0.0,27.9,shipmonk_estimate,USD
577580979255087864,b70a0e30-cffd-456a-a3ed-da3cf9c49855,Cattasaurus - Manual Store,direct_to_consumer,fulfilled,2026-09-22,2026-09-22,2026-09-22,PA2,FedEx,1,1,15.94,1.9,0.0,17.84,shipmonk_estimate,USD
577580979345396432,97441c93-6657-4200-a3b8-5683f8a024a2,Cattasaurus - Manual Store,direct_to_consumer,fulfilled,2026-09-22,2026-09-22,2026-09-22,NV3,OnTrac,1,1,13.31,1.9,0.0,15.21,shipmonk_estimate,USD
577580979361190141,7fb93009-3d1a-4e3f-8125-2d9fdd2c57c5,Cattasaurus - Manual Store,direct_to_consumer,fulfilled,2026-09-22,2026-09-22,2026-09-22,PA2,OnTrac,1,1,18.3,1.9,0.0,20.2,shipmonk_estimate,USD
577580979410407818,b6dbb07d-1d1d-450c-a08b-a1273a0e1278,Cattasaurus - Manual Store,direct_to_consumer,fulfilled,2026-09-22,2026-09-22,2026-09-22,PA2,OnTrac,1,1,18.3,1.9,0.0,20.2,shipmonk_estimate,USD
577580979410801428,9d2b1de0-0ee3-46fe-8fe5-f3078011caa2,Cattasaurus - Manual Store,direct_to_consumer,fulfilled,2026-09-22,2026-09-22,2026-09-22,PA2,UPS,1,1,20.08,1.9,0.0,21.98,shipmonk_estimate,USD
577580980569281384,520bf61f-98be-44cb-8edb-ceac4811f47b,Cattasaurus - Manual Store,direct_to_consumer,fulfilled,2026-09-22,2026-09-22,2026-09-22,NV3,OnTrac,1,1,13.09,1.9,0.0,14.99,shipmonk_estimate,USD
577580980716343340,0cabbbb8-59e2-43b6-9242-0a6723745293,Cattasaurus - Manual Store,direct_to_consumer,fulfilled,2026-09-22,2026-09-22,2026-09-22,PA2,OnTrac,1,1,13.31,1.9,0.0,15.21,shipmonk_estimate,USD
577581000445497905,eed6781f-d016-4561-b1b6-8f86372e5156,Cattasaurus - Manual Store,direct_to_consumer,fulfilled,2026-09-22,2026-09-22,2026-09-22,NV3,OnTrac,1,1,13.09,1.9,0.0,14.99,shipmonk_estimate,USD
577581077407895603,186b10e7-1268-4f98-84a6-449aa336091c,Cattasaurus - Manual Store,direct_to_consumer,fulfilled,2026-09-22,2026-09-22,2026-09-22,NV3,UPS,1,1,20.08,2.22,0.0,22.3,shipmonk_estimate,USD
INF633,cca8fd9e-e067-4415-bc63-70ec26a95254,Cattasaurus - Manual Store,direct_to_consumer,fulfilled,2026-09-22,2026-09-22,2026-09-22,PA2,OnTrac,1,1,17.4,1.9,0.0,19.3,shipmonk_estimate,USD
INF634,823f90aa-7762-43b9-b7ea-888dd462baee,Cattasaurus - Manual Store,direct_to_consumer,fulfilled,2026-09-22,2026-09-22,2026-09-22,PA2,OnTrac,1,1,20.53,1.9,0.0,22.43,shipmonk_estimate,USD
INF635,b4d4c828-cba5-49fd-80a9-8912b704a575,Cattasaurus - Manual Store,direct_to_consumer,fulfilled,2026-09-22,2026-09-22,2026-09-22,NV3,OnTrac,2,1,24.74,2.22,0.0,26.96,shipmonk_estimate,USD
INF635-01,d7f96478-2e3e-4972-a0a5-7735e12cef6c,Cattasaurus - Manual Store,direct_to_consumer,fulfilled,2026-09-22,2026-09-22,2026-09-22,PA2,OnTrac,1,1,15.94,2.22,0.0,18.16,shipmonk_estimate,USD
INF635-1,6fcc0256-e9dd-4cd5-b22e-c58c636f6c17,Cattasaurus - Manual Store,direct_to_consumer,fulfilled,2026-09-22,2026-09-22,2026-09-22,NV3,OnTrac,1,1,13.31,1.9,0.0,15.21,shipmonk_estimate,USD
112-2651823-4891409-REP,b27883ae-d2b0-408a-8668-00918a5acc65,Cattasaurus - Manual Store,direct_to_consumer,fulfilled,2026-09-23,2026-09-23,2026-09-23,PA2,UPS,1,1,15.0,2.22,0.0,17.22,shipmonk_estimate,USD
112-4408422-6254630,112-4408422-6254630,Cattasaurus - Amazon USA,direct_to_consumer,fulfilled,2026-09-23,2026-09-23,2026-09-23,PA2,OnTrac,1,1,13.09,2.22,0.0,15.31,shipmonk_estimate,USD
112-4791474-2949007,112-4791474-2949007,Cattasaurus - Amazon USA,direct_to_consumer,fulfilled,2026-09-23,2026-09-23,2026-09-23,PA2,UPS,1,1,14.06,2.22,0.0,16.28,shipmonk_estimate,USD
112-6926735-2950647,112-6926735-2950647,Cattasaurus - Amazon USA,direct_to_consumer,fulfilled,2026-09-23,2026-09-23,2026-09-23,PA2,OnTrac,1,1,14.88,2.22,0.0,17.1,shipmonk_estimate,USD
231103-01,06acce57-eeea-471d-a994-fea766334d03,Cattasaurus - shoproxstore - Shopify,direct_to_consumer,unfulfilled,2026-09-23,,2026-09-23,NV3,ShipMonk,2,0,11.75,10.5,0.0,22.25,shipmonk_estimate,USD
253333,7673633767734,Cattasaurus - shoproxstore - Shopify,direct_to_consumer,unfulfilled,2026-09-23,,2026-09-23,NV3,ShipMonk,3,0,19.14,4.74,0.0,23.88,shipmonk_estimate,USD
253354,7673708183862,Cattasaurus - shoproxstore - Shopify,direct_to_consumer,unfulfilled,2026-09-23,,2026-09-23,NV3,ShipMonk,2,0,23.1,3.16,0.0,26.26,shipmonk_estimate,USD
253355,7673787023670,Cattasaurus - shoproxstore - Shopify,direct_to_consumer,unfulfilled,2026-09-23,,2026-09-23,NV3,ShipMonk,3,0,20.53,3.16,0.0,23.69,shipmonk_estimate,USD
253356,7673864454454,Cattasaurus - shoproxstore - Shopify,direct_to_consumer,unfulfilled,2026-09-23,,2026-09-23,PA2,ShipMonk,2,0,17.24,3.16,0.0,20.4,shipmonk_estimate,USD
253357,7673868583222,Cattasaurus - shoproxstore - Shopify,direct_to_consumer,unfulfilled,2026-09-23,,2026-09-23,NV3,ShipMonk,1,0,25.27,3.16,0.0,28.43,shipmonk_estimate,USD
253358,7673912787254,Cattasaurus - shoproxstore - Shopify,direct_to_consumer,unfulfilled,2026-09-23,,2026-09-23,PA2,ShipMonk,1,0,15.17,1.58,0.0,16.75,shipmonk_estimate,USD
253359,7673919308086,Cattasaurus - shoproxstore - Shopify,direct_to_consumer,onhold,2026-09-23,,2026-09-23,NV3,ShipMonk,2,0,12.64,8.41,0.0,21.05,shipmonk_estimate,USD
253360,7673928286518,Cattasaurus - shoproxstore - Shopify,direct_to_consumer,unfulfilled,2026-09-23,,2026-09-23,PA2,ShipMonk,2,0,12.17,3.16,0.0,15.33,shipmonk_estimate,USD
253361,7673957417270,Cattasaurus - shoproxstore - Shopify,direct_to_consumer,onhold,2026-09-23,,2026-09-23,NV3,ShipMonk,2,0,33.8,3.16,0.0,36.96,shipmonk_estimate,USD
253362,7673959121206,Cattasaurus - shoproxstore - Shopify,direct_to_consumer,onhold,2026-09-23,,2026-09-23,PA2,ShipMonk,3,0,12.64,3.16,0.0,15.8,shipmonk_estimate,USD
253363,7673986023734,Cattasaurus - shoproxstore - Shopify,direct_to_consumer,unfulfilled,2026-09-23,,2026-09-23,PA2,ShipMonk,2,0,14.42,3.16,0.0,17.58,shipmonk_estimate,USD
253364,7674003423542,Cattasaurus - shoproxstore - Shopify,direct_to_consumer,unfulfilled,2026-09-23,,2026-09-23,PA2,ShipMonk,3,0,19.02,4.74,0.0,23.76,shipmonk_estimate,USD
253365,7674004734262,Cattasaurus - shoproxstore - Shopify,direct_to_consumer,unfulfilled,2026-09-23,,2026-09-23,NV3,ShipMonk,3,0,18.3,4.74,0.0,23.04,shipmonk_estimate,USD
253366,7674027802934,Cattasaurus - shoproxstore - Shopify,direct_to_consumer,unfulfilled,2026-09-23,,2026-09-23,PA2,ShipMonk,2,0,13.53,3.16,0.0,16.69,shipmonk_estimate,USD
253367,7674049102134,Cattasaurus - shoproxstore - Shopify,direct_to_consumer,onhold,2026-09-23,,2026-09-23,NV3,ShipMonk,2,0,16.9,3.16,0.0,20.06,shipmonk_estimate,USD
253368,7674051887414,Cattasaurus - shoproxstore - Shopify,direct_to_consumer,unfulfilled,2026-09-23,,2026-09-23,PA2,ShipMonk,2,0,20.53,3.16,0.0,23.69,shipmonk_estimate,USD
253369,7674060767542,Cattasaurus - shoproxstore - Shopify,direct_to_consumer,unfulfilled,2026-09-23,,2026-09-23,NV3,ShipMonk,2,0,23.1,3.16,0.0,26.26,shipmonk_estimate,USD
253370,7674070663478,Cattasaurus - shoproxstore - Shopify,direct_to_consumer,unfulfilled,2026-09-23,,2026-09-23,PA2,ShipMonk,2,0,20.53,3.16,0.0,23.69,shipmonk_estimate,USD
253371,7674136035638,Cattasaurus - shoproxstore - Shopify,direct_to_consumer,unfulfilled,2026-09-23,,2026-09-23,NV3,ShipMonk,2,0,25.27,3.16,0.0,28.43,shipmonk_estimate,USD
253372,7674141442358,Cattasaurus - shoproxstore - Shopify,direct_to_consumer,unfulfilled,2026-09-23,,2026-09-23,NV3,ShipMonk,2,0,16.95,3.16,0.0,20.11,shipmonk_estimate,USD
253373,7674144325942,Cattasaurus - shoproxstore - Shopify,direct_to_consumer,fulfilled,2026-09-23,2026-09-23,2026-09-23,PA2,UPS,2,1,19.1,2.22,0.0,21.32,shipmonk_estimate,USD
253374,7674148192566,Cattasaurus - shoproxstore - Shopify,direct_to_consumer,onhold,2026-09-23,,2026-09-23,NV3,ShipMonk,2,0,21.31,3.16,0.0,24.47,shipmonk_estimate,USD
253375,7674170835254,Cattasaurus - shoproxstore - Shopify,direct_to_consumer,unfulfilled,2026-09-23,,2026-09-23,PA2,ShipMonk,2,0,16.9,3.16,0.0,20.06,shipmonk_estimate,USD
253376,7674171654454,Cattasaurus - shoproxstore - Shopify,direct_to_consumer,unfulfilled,2026-09-23,,2026-09-23,NV3,ShipMonk,2,0,13.92,3.16,0.0,17.08,shipmonk_estimate,USD
253377,7674180567350,Cattasaurus - shoproxstore - Shopify,direct_to_consumer,unfulfilled,2026-09-23,,2026-09-23,PA2,ShipMonk,2,0,17.24,3.16,0.0,20.4,shipmonk_estimate,USD
253378,7674188857654,Cattasaurus - shoproxstore - Shopify,direct_to_consumer,onhold,2026-09-23,,2026-09-23,NV3,ShipMonk,2,0,35.58,3.16,0.0,38.74,shipmonk_estimate,USD
253379,7674191020342,Cattasaurus - shoproxstore - Shopify,direct_to_consumer,onhold,2026-09-23,,2026-09-23,TO1,FedEx,2,0,38.31,3.17,0.0,41.48,shipmonk_estimate,CAD+USD
253380,7674193150262,Cattasaurus - shoproxstore - Shopify,direct_to_consumer,unfulfilled,2026-09-23,,2026-09-23,PA2,ShipMonk,2,0,12.64,3.16,0.0,15.8,shipmonk_estimate,USD
253381,7674197934390,Cattasaurus - shoproxstore - Shopify,direct_to_consumer,unfulfilled,2026-09-23,,2026-09-23,NV3,ShipMonk,3,0,20.53,3.16,0.0,23.69,shipmonk_estimate,USD
253382,7674224148790,Cattasaurus - shoproxstore - Shopify,direct_to_consumer,unfulfilled,2026-09-23,,2026-09-23,PA2,ShipMonk,3,0,15.12,3.16,0.0,18.28,shipmonk_estimate,USD
253383,7674224476470,Cattasaurus - shoproxstore - Shopify,direct_to_consumer,onhold,2026-09-23,,2026-09-23,NV3,ShipMonk,2,0,16.95,3.16,0.0,20.11,shipmonk_estimate,USD
253384,7674234274102,Cattasaurus - shoproxstore - Shopify,direct_to_consumer,onhold,2026-09-23,,2026-09-23,PA2,ShipMonk,2,0,18.3,3.16,0.0,21.46,shipmonk_estimate,USD
253385,7674235814198,Cattasaurus - shoproxstore - Shopify,direct_to_consumer,onhold,2026-09-23,,2026-09-23,PA2,unknown,2,0,0.0,3.16,0.0,3.16,shipmonk_estimate,USD
253386,7674236109110,Cattasaurus - shoproxstore - Shopify,direct_to_consumer,unfulfilled,2026-09-23,,2026-09-23,PA2,ShipMonk,2,0,16.95,3.16,0.0,20.11,shipmonk_estimate,USD
253387,7674252755254,Cattasaurus - shoproxstore - Shopify,direct_to_consumer,unfulfilled,2026-09-23,,2026-09-23,PA2,ShipMonk,2,0,15.12,3.16,0.0,18.28,shipmonk_estimate,USD
253388,7674268582198,Cattasaurus - shoproxstore - Shopify,direct_to_consumer,unfulfilled,2026-09-23,,2026-09-23,PA2,ShipMonk,2,0,15.17,3.16,0.0,18.33,shipmonk_estimate,USD
253389,7674270646582,Cattasaurus - shoproxstore - Shopify,direct_to_consumer,unfulfilled,2026-09-23,,2026-09-23,PA2,ShipMonk,2,0,16.9,3.16,0.0,20.06,shipmonk_estimate,USD
253390,7674281427254,Cattasaurus - shoproxstore - Shopify,direct_to_consumer,onhold,2026-09-23,,2026-09-23,NV3,ShipMonk,1,0,0.0,8.22,0.0,8.22,shipmonk_estimate,USD
253391,7674301022518,Cattasaurus - shoproxstore - Shopify,direct_to_consumer,unfulfilled,2026-09-23,,2026-09-23,NV3,ShipMonk,3,0,26.33,6.32,0.0,32.65,shipmonk_estimate,USD
253392,7674306855222,Cattasaurus - shoproxstore - Shopify,direct_to_consumer,unfulfilled,2026-09-23,,2026-09-23,NV3,ShipMonk,2,0,17.24,3.16,0.0,20.4,shipmonk_estimate,USD
253393,7674346209590,Cattasaurus - shoproxstore - Shopify,direct_to_consumer,unfulfilled,2026-09-23,,2026-09-23,PA2,ShipMonk,2,0,10.38,3.16,0.0,13.54,shipmonk_estimate,USD
253394,7674350207286,Cattasaurus - shoproxstore - Shopify,direct_to_consumer,unfulfilled,2026-09-23,,2026-09-23,NV3,ShipMonk,2,0,18.3,3.16,0.0,21.46,shipmonk_estimate,USD
253395,7674359808310,Cattasaurus - shoproxstore - Shopify,direct_to_consumer,unfulfilled,2026-09-23,,2026-09-23,NV3,ShipMonk,3,0,23.49,8.41,0.0,31.9,shipmonk_estimate,USD
253396,7674376945974,Cattasaurus - shoproxstore - Shopify,direct_to_consumer,onhold,2026-09-23,,2026-09-23,NV3,ShipMonk,2,0,21.71,4.74,0.0,26.45,shipmonk_estimate,USD
253397,7674388185398,Cattasaurus - shoproxstore - Shopify,direct_to_consumer,onhold,2026-09-23,,2026-09-23,PA2,ShipMonk,4,0,0.0,7.9,0.0,7.9,shipmonk_estimate,USD
253398,7674405257526,Cattasaurus - shoproxstore - Shopify,direct_to_consumer,onhold,2026-09-23,,2026-09-23,NV3,ShipMonk,2,0,18.3,3.16,0.0,21.46,shipmonk_estimate,USD
253399,7674430619958,Cattasaurus - shoproxstore - Shopify,direct_to_consumer,unfulfilled,2026-09-23,,2026-09-23,NV3,ShipMonk,2,0,15.17,3.16,0.0,18.33,shipmonk_estimate,USD
253400,7674437599542,Cattasaurus - shoproxstore - Shopify,direct_to_consumer,onhold,2026-09-23,,2026-09-23,PA2,ShipMonk,2,0,17.24,3.16,0.0,20.4,shipmonk_estimate,USD
253401,7674438254902,Cattasaurus - shoproxstore - Shopify,direct_to_consumer,unfulfilled,2026-09-23,,2026-09-23,NV3,ShipMonk,2,0,24.74,1.58,0.0,26.32,shipmonk_estimate,USD
253402,7674442711350,Cattasaurus - shoproxstore - Shopify,direct_to_consumer,unfulfilled,2026-09-23,,2026-09-23,NV3,ShipMonk,2,0,18.3,4.74,0.0,23.04,shipmonk_estimate,USD
253403,7674448675126,Cattasaurus - shoproxstore - Shopify,direct_to_consumer,unfulfilled,2026-09-23,,2026-09-23,PA2,ShipMonk,1,0,7.04,1.58,0.0,8.62,shipmonk_estimate,USD
253404,7674465517878,Cattasaurus - shoproxstore - Shopify,direct_to_consumer,unfulfilled,2026-09-23,,2026-09-23,TO1,FedEx,1,0,25.52,3.17,0.0,28.69,shipmonk_estimate,CAD+USD
253405,7674468041014,Cattasaurus - shoproxstore - Shopify,direct_to_consumer,unfulfilled,2026-09-23,,2026-09-23,PA2,ShipMonk,2,0,20.53,3.16,0.0,23.69,shipmonk_estimate,USD
253406,7674485506358,Cattasaurus - shoproxstore - Shopify,direct_to_consumer,unfulfilled,2026-09-23,,2026-09-23,NV3,ShipMonk,2,0,29.18,3.16,0.0,32.34,shipmonk_estimate,USD
253407,7674488226102,Cattasaurus - shoproxstore - Shopify,direct_to_consumer,onhold,2026-09-23,,2026-09-23,NV3,ShipMonk,2,0,33.8,10.5,0.0,44.3,shipmonk_estimate,USD
253408,7674500809014,Cattasaurus - shoproxstore - Shopify,direct_to_consumer,onhold,2026-09-23,,2026-09-23,NV3,ShipMonk,4,0,0.0,7.9,0.0,7.9,shipmonk_estimate,USD
577582813395980987,da223ec1-37ec-43c8-96ce-ac2331acb7e8,Cattasaurus - Manual Store,direct_to_consumer,fulfilled,2026-09-23,2026-09-23,2026-09-23,NV3,OnTrac,1,1,13.31,1.9,0.0,15.21,shipmonk_estimate,USD
577583078462886404,01a042f7-7a09-49e3-b0e2-5909dd7647e9,Cattasaurus - Manual Store,direct_to_consumer,fulfilled,2026-09-23,2026-09-23,2026-09-23,PA2,OnTrac,1,1,12.28,1.9,0.0,14.18,shipmonk_estimate,USD
577583083285287562,47bf0743-68d9-485d-9fd6-c811be6f4137,Cattasaurus - Manual Store,direct_to_consumer,fulfilled,2026-09-23,2026-09-23,2026-09-23,NV3,OnTrac,1,1,21.31,1.9,0.0,23.21,shipmonk_estimate,USD
577584033139560876,01e8c455-d5a1-485b-8341-a791c9d3ae7b,Cattasaurus - Manual Store,direct_to_consumer,unfulfilled,2026-09-23,,2026-09-23,NV3,ShipMonk,1,0,15.94,3.16,0.0,19.1,shipmonk_estimate,USD
577584064689378225,717680a3-743e-417b-b466-eeb0b82e0720,Cattasaurus - Manual Store,direct_to_consumer,fulfilled,2026-09-23,2026-09-23,2026-09-23,NV3,OnTrac,1,1,25.27,1.9,0.0,27.17,shipmonk_estimate,USD
