order_number,order_key,store,order_type,status,ordered_day,shipped_day,pnl_day,warehouse,carrier,units,packages,shipping_cost,pick_pack_cost,packaging_cost,total_cost,cost_status,cost_currency
111-1011002-6527426,111-1011002-6527426,Cattasaurus - Amazon USA,direct_to_consumer,fulfilled,2026-01-01,2026-01-02,2026-01-01,NV3,OnTrac,1,1,18.81,2.1,0.0,20.91,shipmonk_estimate,USD
111-1221615-3965865,111-1221615-3965865,Cattasaurus - Amazon USA,direct_to_consumer,fulfilled,2026-01-01,2026-01-02,2026-01-01,PA2,OnTrac,1,1,17.15,2.1,0.0,19.25,shipmonk_estimate,USD
111-1567736-1432210,111-1567736-1432210,Cattasaurus - Amazon USA,direct_to_consumer,fulfilled,2026-01-01,2026-01-02,2026-01-01,PA2,UPS,1,1,12.86,2.1,0.0,14.96,shipmonk_estimate,USD
111-2201240-8045047,111-2201240-8045047,Cattasaurus - Amazon USA,direct_to_consumer,fulfilled,2026-01-01,2026-01-02,2026-01-01,PA2,OnTrac,1,1,16.94,2.1,0.0,19.04,shipmonk_estimate,USD
111-5225388-2771457,111-5225388-2771457,Cattasaurus - Amazon USA,direct_to_consumer,fulfilled,2026-01-01,2026-01-02,2026-01-01,PA2,FedEx,1,1,15.34,2.1,0.0,17.44,shipmonk_estimate,USD
111-5550206-7964258,111-5550206-7964258,Cattasaurus - Amazon USA,direct_to_consumer,fulfilled,2026-01-01,2026-01-02,2026-01-01,NV3,OnTrac,1,1,16.34,2.1,0.0,18.44,shipmonk_estimate,USD
111-8701391-7797869,111-8701391-7797869,Cattasaurus - Amazon USA,direct_to_consumer,fulfilled,2026-01-01,2026-01-02,2026-01-01,NV3,UPS,1,1,21.88,2.1,0.0,23.98,shipmonk_estimate,USD
111-9043006-0930615,111-9043006-0930615,Cattasaurus - Amazon USA,direct_to_consumer,fulfilled,2026-01-01,2026-01-02,2026-01-01,PA2,OnTrac,1,1,14.55,2.1,0.0,16.65,shipmonk_estimate,USD
112-1143444-1030603,112-1143444-1030603,Cattasaurus - Amazon USA,direct_to_consumer,fulfilled,2026-01-01,2026-01-02,2026-01-01,PA2,OnTrac,1,1,14.7,2.1,0.0,16.8,shipmonk_estimate,USD
112-3736161-7461802,112-3736161-7461802,Cattasaurus - Amazon USA,direct_to_consumer,fulfilled,2026-01-01,2026-01-02,2026-01-01,NV3,OnTrac,1,1,16.34,2.1,0.0,18.44,shipmonk_estimate,USD
113-1057374-7001065,113-1057374-7001065,Cattasaurus - Amazon USA,direct_to_consumer,fulfilled,2026-01-01,2026-01-02,2026-01-01,PA2,OnTrac,1,1,13.6,1.5,0.0,15.1,shipmonk_estimate,USD
113-3372839-4977813,113-3372839-4977813,Cattasaurus - Amazon USA,direct_to_consumer,fulfilled,2026-01-01,2026-01-02,2026-01-01,PA2,OnTrac,1,1,17.12,2.1,0.0,19.22,shipmonk_estimate,USD
113-4865835-5644238,113-4865835-5644238,Cattasaurus - Amazon USA,direct_to_consumer,fulfilled,2026-01-01,2026-01-02,2026-01-01,PA2,OnTrac,1,1,14.7,2.1,0.0,16.8,shipmonk_estimate,USD
113-5331265-4897051,113-5331265-4897051,Cattasaurus - Amazon USA,direct_to_consumer,fulfilled,2026-01-01,2026-01-02,2026-01-01,PA2,OnTrac,1,1,14.55,2.1,0.0,16.65,shipmonk_estimate,USD
113-5857543-2325810,113-5857543-2325810,Cattasaurus - Amazon USA,direct_to_consumer,fulfilled,2026-01-01,2026-01-02,2026-01-01,PA2,OnTrac,1,1,15.44,2.1,0.0,17.54,shipmonk_estimate,USD
113-8512302-9337006,113-8512302-9337006,Cattasaurus - Amazon USA,direct_to_consumer,fulfilled,2026-01-01,2026-01-02,2026-01-01,PA2,UPS,1,1,19.4,2.1,0.0,21.5,shipmonk_estimate,USD
113-9988535-9577801,113-9988535-9577801,Cattasaurus - Amazon USA,direct_to_consumer,fulfilled,2026-01-01,2026-01-02,2026-01-01,PA2,UPS,1,1,16.93,2.1,0.0,19.03,shipmonk_estimate,USD
114-0249333-0968251,114-0249333-0968251,Cattasaurus - Amazon USA,direct_to_consumer,fulfilled,2026-01-01,2026-01-02,2026-01-01,PA2,OnTrac,1,1,13.95,2.1,0.0,16.05,shipmonk_estimate,USD
114-0384979-4661035,114-0384979-4661035,Cattasaurus - Amazon USA,direct_to_consumer,fulfilled,2026-01-01,2026-01-02,2026-01-01,PA2,OnTrac,1,1,16.94,2.1,0.0,19.04,shipmonk_estimate,USD
114-1271213-5160248,114-1271213-5160248,Cattasaurus - Amazon USA,direct_to_consumer,fulfilled,2026-01-01,2026-01-02,2026-01-01,NV3,OnTrac,1,1,13.63,2.1,0.0,15.73,shipmonk_estimate,USD
114-4436744-5796229,114-4436744-5796229,Cattasaurus - Amazon USA,direct_to_consumer,fulfilled,2026-01-01,2026-01-02,2026-01-01,PA2,UPS,1,1,16.45,2.1,0.0,18.55,shipmonk_estimate,USD
114-5186864-3083461,114-5186864-3083461,Cattasaurus - Amazon USA,direct_to_consumer,fulfilled,2026-01-01,2026-01-02,2026-01-01,NV3,UPS,1,1,19.4,2.1,0.0,21.5,shipmonk_estimate,USD
114-5766173-0621053,114-5766173-0621053,Cattasaurus - Amazon USA,direct_to_consumer,fulfilled,2026-01-01,2026-01-02,2026-01-01,PA2,OnTrac,1,1,15.64,2.1,0.0,17.74,shipmonk_estimate,USD
114-9173335-6458612,114-9173335-6458612,Cattasaurus - Amazon USA,direct_to_consumer,fulfilled,2026-01-01,2026-01-02,2026-01-01,NV3,FedEx,1,1,17.21,2.1,0.0,19.31,shipmonk_estimate,USD
114-9289738-6805009,114-9289738-6805009,Cattasaurus - Amazon USA,direct_to_consumer,fulfilled,2026-01-01,2026-01-02,2026-01-01,PA2,UPS,1,1,15.3,2.5,0.0,17.8,shipmonk_estimate,USD
114-9316934-7535445,114-9316934-7535445,Cattasaurus - Amazon USA,direct_to_consumer,fulfilled,2026-01-01,2026-01-02,2026-01-01,NV3,OnTrac,1,1,15.32,2.1,0.0,17.42,shipmonk_estimate,USD
194965-01,19088427-07d9-4b45-a913-fb79f53a7cd9,Cattasaurus - shoproxstore - Shopify,direct_to_consumer,fulfilled,2026-01-01,2026-01-02,2026-01-01,NV3,UPS,1,1,15.87,2.1,0.0,17.97,shipmonk_estimate,USD
197442-01,c446db89-11c0-4487-8c6c-a80b1bf91e30,Cattasaurus - shoproxstore - Shopify,direct_to_consumer,fulfilled,2026-01-01,2026-01-02,2026-01-01,PA2,UPS,1,1,16.94,2.1,0.0,19.04,shipmonk_estimate,USD
200394-01,6a9c7518-0346-48e9-8115-35a4168c013b,Cattasaurus - shoproxstore - Shopify,direct_to_consumer,fulfilled,2026-01-01,2026-01-05,2026-01-01,NV3,OnTrac,1,1,13.66,1.8,0.0,15.46,shipmonk_estimate,USD
200783-01,d3e4be7f-d568-476b-91db-ef839fd524d6,Cattasaurus - shoproxstore - Shopify,direct_to_consumer,fulfilled,2026-01-01,2026-01-03,2026-01-01,PA2,UPS,1,1,16.39,1.8,0.0,18.19,shipmonk_estimate,USD
202735-01,09dbf785-c55b-4825-98ed-d42670a8815c,Cattasaurus - shoproxstore - Shopify,direct_to_consumer,fulfilled,2026-01-01,2026-01-02,2026-01-01,NV3,FedEx,2,1,18.17,2.4,0.0,20.57,shipmonk_estimate,USD
205436_1-01,b717555f-8bc3-4704-947e-6a5ac81bbce3,Cattasaurus - shoproxstore - Shopify,direct_to_consumer,fulfilled,2026-01-01,2026-01-05,2026-01-01,NV3,FedEx,1,1,16.35,1.8,0.0,18.15,shipmonk_estimate,USD
207859,7059722928438,Cattasaurus - shoproxstore - Shopify,direct_to_consumer,fulfilled,2026-01-01,2026-01-02,2026-01-01,NV3,UPS,1,1,18.03,1.8,0.0,19.83,shipmonk_estimate,USD
207860,7059732758838,Cattasaurus - shoproxstore - Shopify,direct_to_consumer,fulfilled,2026-01-01,2026-01-07,2026-01-01,PA2,OnTrac,2,1,14.73,2.4,0.0,17.13,shipmonk_estimate,USD
207860_1,117a2c1c-ac2a-4125-95f5-4d99b5655d27,Cattasaurus - shoproxstore - Shopify,direct_to_consumer,fulfilled,2026-01-01,2026-01-08,2026-01-01,NV3,FedEx,1,1,21.89,2.1,0.0,23.99,shipmonk_estimate,USD
207861,7059744096566,Cattasaurus - shoproxstore - Shopify,direct_to_consumer,fulfilled,2026-01-01,2026-01-02,2026-01-01,PA2,OnTrac,1,1,16.34,2.1,0.0,18.44,shipmonk_estimate,USD
207862,7059757433142,Cattasaurus - shoproxstore - Shopify,direct_to_consumer,fulfilled,2026-01-01,2026-01-02,2026-01-01,PA2,OnTrac,1,1,12.86,2.1,0.0,14.96,shipmonk_estimate,USD
207863,7059767918902,Cattasaurus - shoproxstore - Shopify,direct_to_consumer,fulfilled,2026-01-01,2026-01-02,2026-01-01,PA2,OnTrac,1,1,21.06,2.1,0.0,23.16,shipmonk_estimate,USD
207864,7059779322166,Cattasaurus - shoproxstore - Shopify,direct_to_consumer,fulfilled,2026-01-01,2026-01-02,2026-01-01,PA2,UPS,1,1,16.39,1.8,0.0,18.19,shipmonk_estimate,USD
207865,7059820642614,Cattasaurus - shoproxstore - Shopify,direct_to_consumer,fulfilled,2026-01-01,2026-01-02,2026-01-01,PA2,OnTrac,1,1,13.84,2.1,0.0,15.94,shipmonk_estimate,USD
207866,7059845775670,Cattasaurus - shoproxstore - Shopify,direct_to_consumer,fulfilled,2026-01-01,2026-01-02,2026-01-01,PA2,UPS,1,1,16.94,2.1,0.0,19.04,shipmonk_estimate,USD
207867,7059852788022,Cattasaurus - shoproxstore - Shopify,direct_to_consumer,fulfilled,2026-01-01,2026-01-02,2026-01-01,NV3,OnTrac,1,1,13.95,2.1,0.0,16.05,shipmonk_estimate,USD
207868,7059862421814,Cattasaurus - shoproxstore - Shopify,direct_to_consumer,fulfilled,2026-01-01,2026-01-02,2026-01-01,PA2,OnTrac,1,1,13.63,1.8,0.0,15.43,shipmonk_estimate,USD
207869,7059866026294,Cattasaurus - shoproxstore - Shopify,direct_to_consumer,fulfilled,2026-01-01,2026-01-02,2026-01-01,PA2,OnTrac,2,1,16.34,2.4,0.0,18.74,shipmonk_estimate,USD
207870,7059913638198,Cattasaurus - shoproxstore - Shopify,direct_to_consumer,fulfilled,2026-01-01,2026-01-02,2026-01-01,NV3,FedEx,1,1,15.31,1.8,0.0,17.11,shipmonk_estimate,USD
207871,7059924648246,Cattasaurus - shoproxstore - Shopify,direct_to_consumer,fulfilled,2026-01-01,2026-01-02,2026-01-01,NV3,OnTrac,1,1,15.32,2.1,0.0,17.42,shipmonk_estimate,USD
207872,7059940540726,Cattasaurus - shoproxstore - Shopify,direct_to_consumer,fulfilled,2026-01-01,2026-01-02,2026-01-01,PA2,OnTrac,1,1,12.86,2.7,0.0,15.56,shipmonk_estimate,USD
207873,7059953025334,Cattasaurus - shoproxstore - Shopify,direct_to_consumer,fulfilled,2026-01-01,2026-01-02,2026-01-01,PA2,OnTrac,1,1,13.75,2.1,0.0,15.85,shipmonk_estimate,USD
207874,7059955220790,Cattasaurus - shoproxstore - Shopify,direct_to_consumer,fulfilled,2026-01-01,2026-01-02,2026-01-01,PA2,UPS,1,1,25.41,2.1,0.0,27.51,shipmonk_estimate,USD
207875,7059964395830,Cattasaurus - shoproxstore - Shopify,direct_to_consumer,fulfilled,2026-01-01,2026-01-02,2026-01-01,PA2,UPS,1,1,21.42,2.1,0.0,23.52,shipmonk_estimate,USD
207876,7059981599030,Cattasaurus - shoproxstore - Shopify,direct_to_consumer,fulfilled,2026-01-01,2026-01-02,2026-01-01,NV3,UPS,1,1,20.08,2.1,0.0,22.18,shipmonk_estimate,USD
207877,7060002013494,Cattasaurus - shoproxstore - Shopify,direct_to_consumer,fulfilled,2026-01-01,2026-01-02,2026-01-01,PA2,OnTrac,3,1,14.7,3.3,0.0,18.0,shipmonk_estimate,USD
207878,7060016988470,Cattasaurus - shoproxstore - Shopify,direct_to_consumer,fulfilled,2026-01-01,2026-01-08,2026-01-01,PA2,OnTrac,1,1,13.87,1.8,0.0,15.67,shipmonk_estimate,USD
207879,7060020166966,Cattasaurus - shoproxstore - Shopify,direct_to_consumer,fulfilled,2026-01-01,2026-01-02,2026-01-01,PA2,UPS,1,1,15.64,2.1,0.0,17.74,shipmonk_estimate,USD
207880,7060042252598,Cattasaurus - shoproxstore - Shopify,direct_to_consumer,fulfilled,2026-01-01,2026-01-02,2026-01-01,NV3,OnTrac,1,1,16.82,2.4,0.0,19.22,shipmonk_estimate,USD
207881,7060046053686,Cattasaurus - shoproxstore - Shopify,direct_to_consumer,fulfilled,2026-01-01,2026-01-03,2026-01-01,PA2,OnTrac,1,1,13.63,2.1,0.0,15.73,shipmonk_estimate,USD
207882,7060052377910,Cattasaurus - shoproxstore - Shopify,direct_to_consumer,fulfilled,2026-01-01,2026-01-02,2026-01-01,NV3,FedEx,1,1,17.67,2.1,0.0,19.77,shipmonk_estimate,USD
207883,7060057522486,Cattasaurus - shoproxstore - Shopify,direct_to_consumer,fulfilled,2026-01-01,2026-01-02,2026-01-01,PA2,UPS,1,1,18.63,2.1,0.0,20.73,shipmonk_estimate,USD
207884,7060071186742,Cattasaurus - shoproxstore - Shopify,direct_to_consumer,fulfilled,2026-01-01,2026-01-02,2026-01-01,PA2,OnTrac,1,1,13.63,2.1,0.0,15.73,shipmonk_estimate,USD
207885,7060084687158,Cattasaurus - shoproxstore - Shopify,direct_to_consumer,fulfilled,2026-01-01,2026-01-02,2026-01-01,PA2,OnTrac,1,1,15.46,2.1,0.0,17.56,shipmonk_estimate,USD
207886,7060113293622,Cattasaurus - shoproxstore - Shopify,direct_to_consumer,fulfilled,2026-01-01,2026-01-03,2026-01-01,PA2,UPS,1,1,14.55,2.1,0.0,16.65,shipmonk_estimate,USD
207887,7060119355702,Cattasaurus - shoproxstore - Shopify,direct_to_consumer,fulfilled,2026-01-01,2026-01-05,2026-01-01,NV3,UPS,1,1,20.3,2.1,0.0,22.4,shipmonk_estimate,USD
207888,7060120568118,Cattasaurus - shoproxstore - Shopify,direct_to_consumer,fulfilled,2026-01-01,2026-01-03,2026-01-01,PA2,OnTrac,1,1,13.84,2.1,0.0,15.94,shipmonk_estimate,USD
207889,7060128137526,Cattasaurus - shoproxstore - Shopify,direct_to_consumer,fulfilled,2026-01-01,2026-01-03,2026-01-01,PA2,DHL eCommerce,1,1,9.6,1.5,0.0,11.1,shipmonk_estimate,USD
207890,7060133249334,Cattasaurus - shoproxstore - Shopify,direct_to_consumer,fulfilled,2026-01-01,2026-01-02,2026-01-01,PA2,UPS,1,1,25.41,2.1,0.0,27.51,shipmonk_estimate,USD
207891,7060137541942,Cattasaurus - shoproxstore - Shopify,direct_to_consumer,fulfilled,2026-01-01,2026-01-03,2026-01-01,PA2,OnTrac,1,1,15.53,2.1,0.0,17.63,shipmonk_estimate,USD
207892,7060142588214,Cattasaurus - shoproxstore - Shopify,direct_to_consumer,fulfilled,2026-01-01,2026-01-02,2026-01-01,PA2,OnTrac,1,1,17.15,1.8,0.0,18.95,shipmonk_estimate,USD
207893,7060148453686,Cattasaurus - shoproxstore - Shopify,direct_to_consumer,fulfilled,2026-01-01,2026-01-02,2026-01-01,PA2,OnTrac,1,1,16.81,2.5,0.0,19.31,shipmonk_estimate,USD
207893_1,aafbbdf9-e257-458f-8c8e-337f0ace7d38,Cattasaurus - shoproxstore - Shopify,direct_to_consumer,fulfilled,2026-01-01,2026-01-02,2026-01-01,PA2,OnTrac,1,1,17.48,2.5,0.0,19.98,shipmonk_estimate,USD
207894,7060158284086,Cattasaurus - shoproxstore - Shopify,direct_to_consumer,fulfilled,2026-01-01,2026-01-02,2026-01-01,NV3,OnTrac,1,1,13.63,2.1,0.0,15.73,shipmonk_estimate,USD
207895,7060161265974,Cattasaurus - shoproxstore - Shopify,direct_to_consumer,fulfilled,2026-01-01,2026-01-02,2026-01-01,NV3,OnTrac,1,1,13.63,2.1,0.0,15.73,shipmonk_estimate,USD
207896,7060168900918,Cattasaurus - shoproxstore - Shopify,direct_to_consumer,fulfilled,2026-01-01,2026-01-05,2026-01-01,NV3,OnTrac,1,1,17.47,1.8,0.0,19.27,shipmonk_estimate,USD
207897,7060178436406,Cattasaurus - shoproxstore - Shopify,direct_to_consumer,fulfilled,2026-01-01,2026-01-05,2026-01-01,NV3,FedEx,1,1,21.89,2.1,0.0,23.99,shipmonk_estimate,USD
207898,7060200522038,Cattasaurus - shoproxstore - Shopify,direct_to_consumer,fulfilled,2026-01-01,2026-01-05,2026-01-01,NV3,OnTrac,1,1,25.98,2.1,0.0,28.08,shipmonk_estimate,USD
207899,7060209893686,Cattasaurus - shoproxstore - Shopify,direct_to_consumer,fulfilled,2026-01-01,2026-01-02,2026-01-01,PA2,UPS,1,1,17.15,2.1,0.0,19.25,shipmonk_estimate,USD
207900,7060211663158,Cattasaurus - shoproxstore - Shopify,direct_to_consumer,fulfilled,2026-01-01,2026-01-02,2026-01-01,PA2,OnTrac,1,1,12.86,2.7,0.0,15.56,shipmonk_estimate,USD
207901,7060218347830,Cattasaurus - shoproxstore - Shopify,direct_to_consumer,fulfilled,2026-01-01,2026-01-08,2026-01-01,PA2,OnTrac,1,1,9.12,1.5,0.0,10.62,shipmonk_estimate,USD
207901_1,73199f26-d28a-4cf7-ae2f-34c25ff07eda,Cattasaurus - shoproxstore - Shopify,direct_to_consumer,fulfilled,2026-01-01,2026-01-08,2026-01-01,PA2,OnTrac,1,1,9.12,0.3,0.0,9.42,shipmonk_estimate,USD
207901_2,47f8700b-d809-4f1d-9b7d-8a4829cdf9ca,Cattasaurus - shoproxstore - Shopify,direct_to_consumer,fulfilled,2026-01-01,2026-01-08,2026-01-01,PA2,OnTrac,1,1,8.17,1.5,0.0,9.67,shipmonk_estimate,USD
207902,7060224737590,Cattasaurus - shoproxstore - Shopify,direct_to_consumer,fulfilled,2026-01-01,2026-01-05,2026-01-01,NV3,FedEx,2,1,23.01,2.7,0.0,25.71,shipmonk_estimate,USD
207903,7060230570294,Cattasaurus - shoproxstore - Shopify,direct_to_consumer,fulfilled,2026-01-01,2026-01-02,2026-01-01,PA2,OnTrac,1,1,15.46,1.8,0.0,17.26,shipmonk_estimate,USD
207904,7060243611958,Cattasaurus - shoproxstore - Shopify,direct_to_consumer,fulfilled,2026-01-01,2026-01-05,2026-01-01,NV3,FedEx,1,1,16.35,1.8,0.0,18.15,shipmonk_estimate,USD
207905,7060252000566,Cattasaurus - shoproxstore - Shopify,direct_to_consumer,fulfilled,2026-01-01,2026-01-05,2026-01-01,NV3,FedEx,1,1,23.01,2.4,0.0,25.41,shipmonk_estimate,USD
207906,7060254720310,Cattasaurus - shoproxstore - Shopify,direct_to_consumer,fulfilled,2026-01-01,2026-01-08,2026-01-01,PA2,OnTrac,1,1,12.89,2.7,0.0,15.59,shipmonk_estimate,USD
207907,7060275626294,Cattasaurus - shoproxstore - Shopify,direct_to_consumer,fulfilled,2026-01-01,2026-01-03,2026-01-01,PA2,OnTrac,1,1,16.34,2.1,0.0,18.44,shipmonk_estimate,USD
207908,7060282573110,Cattasaurus - shoproxstore - Shopify,direct_to_consumer,fulfilled,2026-01-01,2026-01-03,2026-01-01,PA2,UPS,1,1,14.18,2.1,0.0,16.28,shipmonk_estimate,USD
207909,7060284080438,Cattasaurus - shoproxstore - Shopify,direct_to_consumer,fulfilled,2026-01-01,2026-01-05,2026-01-01,NV3,OnTrac,1,1,13.66,2.7,0.0,16.36,shipmonk_estimate,USD
207910,7060300792118,Cattasaurus - shoproxstore - Shopify,direct_to_consumer,fulfilled,2026-01-01,2026-01-05,2026-01-01,NV3,OnTrac,1,1,13.87,2.7,0.0,16.57,shipmonk_estimate,USD
207911,7060301676854,Cattasaurus - shoproxstore - Shopify,direct_to_consumer,fulfilled,2026-01-01,2026-01-05,2026-01-01,NV3,FedEx,1,1,25.98,2.4,0.0,28.38,shipmonk_estimate,USD
207912,7060303708470,Cattasaurus - shoproxstore - Shopify,direct_to_consumer,fulfilled,2026-01-01,2026-01-05,2026-01-01,NV3,FedEx,1,1,19.12,2.1,0.0,21.22,shipmonk_estimate,USD
207913,7060315046198,Cattasaurus - shoproxstore - Shopify,direct_to_consumer,fulfilled,2026-01-01,2026-01-03,2026-01-01,PA2,OnTrac,1,1,16.82,2.1,0.0,18.92,shipmonk_estimate,USD
207914,7060328284470,Cattasaurus - shoproxstore - Shopify,direct_to_consumer,fulfilled,2026-01-01,2026-01-05,2026-01-01,NV3,OnTrac,1,1,13.66,2.1,0.0,15.76,shipmonk_estimate,USD
207915,7060329955638,Cattasaurus - shoproxstore - Shopify,direct_to_consumer,fulfilled,2026-01-01,2026-01-03,2026-01-01,PA2,OnTrac,1,1,16.82,2.1,0.0,18.92,shipmonk_estimate,USD
207916,7060339720502,Cattasaurus - shoproxstore - Shopify,direct_to_consumer,fulfilled,2026-01-01,2026-01-03,2026-01-01,PA2,OnTrac,1,1,18.57,1.8,0.0,20.37,shipmonk_estimate,USD
207917,7060342735158,Cattasaurus - shoproxstore - Shopify,direct_to_consumer,fulfilled,2026-01-01,2026-01-05,2026-01-01,NV3,OnTrac,1,1,14.21,2.1,0.0,16.31,shipmonk_estimate,USD
207918,7060343095606,Cattasaurus - shoproxstore - Shopify,direct_to_consumer,fulfilled,2026-01-01,2026-01-05,2026-01-01,NV3,FedEx,2,1,19.12,2.4,0.0,21.52,shipmonk_estimate,USD
207919,7060353548598,Cattasaurus - shoproxstore - Shopify,direct_to_consumer,fulfilled,2026-01-01,2026-01-05,2026-01-01,NV3,FedEx,2,1,19.41,2.7,0.0,22.11,shipmonk_estimate,USD
207920,7060389495094,Cattasaurus - shoproxstore - Shopify,direct_to_consumer,fulfilled,2026-01-01,2026-01-03,2026-01-01,PA2,UPS,1,1,16.39,2.1,0.0,18.49,shipmonk_estimate,USD
207921,7060400505142,Cattasaurus - shoproxstore - Shopify,direct_to_consumer,fulfilled,2026-01-01,2026-01-05,2026-01-01,NV3,FedEx,1,1,18.61,2.1,0.0,20.71,shipmonk_estimate,USD
207922,7060400800054,Cattasaurus - shoproxstore - Shopify,direct_to_consumer,fulfilled,2026-01-01,2026-01-05,2026-01-01,NV3,OnTrac,1,1,14.4,2.7,0.0,17.1,shipmonk_estimate,USD
207923,7060418691382,Cattasaurus - shoproxstore - Shopify,direct_to_consumer,fulfilled,2026-01-01,2026-01-05,2026-01-01,NV3,OnTrac,1,1,18.67,2.1,0.0,20.77,shipmonk_estimate,USD
207924,7060424851766,Cattasaurus - shoproxstore - Shopify,direct_to_consumer,fulfilled,2026-01-01,2026-01-05,2026-01-01,NV3,OnTrac,1,1,15.35,2.1,0.0,17.45,shipmonk_estimate,USD
207925,7060441071926,Cattasaurus - shoproxstore - Shopify,direct_to_consumer,fulfilled,2026-01-01,2026-01-05,2026-01-01,NV3,FedEx,3,1,18.86,2.7,0.0,21.56,shipmonk_estimate,USD
207926,7060482720054,Cattasaurus - shoproxstore - Shopify,direct_to_consumer,fulfilled,2026-01-01,2026-01-03,2026-01-01,PA2,UPS,1,1,16.34,2.1,0.0,18.44,shipmonk_estimate,USD
207927,7060491141430,Cattasaurus - shoproxstore - Shopify,direct_to_consumer,fulfilled,2026-01-01,2026-01-08,2026-01-01,NV3,OnTrac,1,1,13.66,2.1,0.0,15.76,shipmonk_estimate,USD
207927_1,cef7780c-82c8-4049-b2d2-98fec9bdf20f,Cattasaurus - shoproxstore - Shopify,direct_to_consumer,fulfilled,2026-01-01,2026-01-08,2026-01-01,NV3,OnTrac,1,1,13.66,2.1,0.0,15.76,shipmonk_estimate,USD
207928,7060500578614,Cattasaurus - shoproxstore - Shopify,direct_to_consumer,fulfilled,2026-01-01,2026-01-05,2026-01-01,NV3,OnTrac,1,1,16.98,2.1,0.0,19.08,shipmonk_estimate,USD
207929,7060515160374,Cattasaurus - shoproxstore - Shopify,direct_to_consumer,fulfilled,2026-01-01,2026-01-05,2026-01-01,NV3,OnTrac,1,1,16.37,2.1,0.0,18.47,shipmonk_estimate,USD
207930,7060516634934,Cattasaurus - shoproxstore - Shopify,direct_to_consumer,fulfilled,2026-01-01,2026-01-03,2026-01-01,PA2,OnTrac,1,1,16.34,2.1,0.0,18.44,shipmonk_estimate,USD
207931,7060522434870,Cattasaurus - shoproxstore - Shopify,direct_to_consumer,fulfilled,2026-01-01,2026-01-02,2026-01-01,PA2,FedEx,1,1,17.67,2.1,0.0,19.77,shipmonk_estimate,USD
207932,7060545896758,Cattasaurus - shoproxstore - Shopify,direct_to_consumer,fulfilled,2026-01-01,2026-01-02,2026-01-01,PA2,OnTrac,1,1,13.84,2.1,0.0,15.94,shipmonk_estimate,USD
207933,7060572635446,Cattasaurus - shoproxstore - Shopify,direct_to_consumer,fulfilled,2026-01-01,2026-01-05,2026-01-01,NV3,FedEx,1,1,29.69,2.4,0.0,32.09,shipmonk_estimate,USD
207934,7060580729142,Cattasaurus - shoproxstore - Shopify,direct_to_consumer,fulfilled,2026-01-01,2026-01-03,2026-01-01,PA2,OnTrac,1,1,18.03,2.1,0.0,20.13,shipmonk_estimate,USD
207935,7060603863350,Cattasaurus - shoproxstore - Shopify,direct_to_consumer,fulfilled,2026-01-01,2026-01-05,2026-01-01,NV3,OnTrac,1,1,14.73,2.1,0.0,16.83,shipmonk_estimate,USD
207936,7060606026038,Cattasaurus - shoproxstore - Shopify,direct_to_consumer,fulfilled,2026-01-01,2026-01-03,2026-01-01,PA2,OnTrac,1,1,16.34,2.1,0.0,18.44,shipmonk_estimate,USD
207939,7060626899254,Cattasaurus - shoproxstore - Shopify,direct_to_consumer,fulfilled,2026-01-01,2026-01-03,2026-01-01,PA2,OnTrac,1,1,9.21,1.5,0.0,10.71,shipmonk_estimate,USD
207940,7060628111670,Cattasaurus - shoproxstore - Shopify,direct_to_consumer,fulfilled,2026-01-01,2026-01-05,2026-01-01,NV3,OnTrac,1,1,13.87,2.1,0.0,15.97,shipmonk_estimate,USD
207941,7060665893174,Cattasaurus - shoproxstore - Shopify,direct_to_consumer,fulfilled,2026-01-01,2026-01-03,2026-01-01,PA2,UPS,1,1,19.4,2.1,0.0,21.5,shipmonk_estimate,USD
207942,7060674412854,Cattasaurus - shoproxstore - Shopify,direct_to_consumer,fulfilled,2026-01-01,2026-01-05,2026-01-01,NV3,OnTrac,1,1,16.37,2.1,0.0,18.47,shipmonk_estimate,USD
207943,7060690698550,Cattasaurus - shoproxstore - Shopify,direct_to_consumer,fulfilled,2026-01-01,2026-01-03,2026-01-01,PA2,FedEx,1,1,15.31,2.1,0.0,17.41,shipmonk_estimate,USD
207944,7060698169654,Cattasaurus - shoproxstore - Shopify,direct_to_consumer,fulfilled,2026-01-01,2026-01-05,2026-01-01,NV3,OnTrac,1,1,18.61,2.1,0.0,20.71,shipmonk_estimate,USD
207945,7060707639606,Cattasaurus - shoproxstore - Shopify,direct_to_consumer,fulfilled,2026-01-01,2026-01-05,2026-01-01,NV3,UPS,1,1,20.81,2.1,0.0,22.91,shipmonk_estimate,USD
207946,7060743192886,Cattasaurus - shoproxstore - Shopify,direct_to_consumer,fulfilled,2026-01-01,2026-01-03,2026-01-01,PA2,OnTrac,1,1,13.75,2.1,0.0,15.85,shipmonk_estimate,USD
207947,7060753482038,Cattasaurus - shoproxstore - Shopify,direct_to_consumer,fulfilled,2026-01-01,2026-01-05,2026-01-01,NV3,OnTrac,1,1,13.66,1.8,0.0,15.46,shipmonk_estimate,USD
207948,7060753973558,Cattasaurus - shoproxstore - Shopify,direct_to_consumer,fulfilled,2026-01-01,2026-01-03,2026-01-01,PA2,OnTrac,1,1,12.86,1.8,0.0,14.66,shipmonk_estimate,USD
207949,7060757184822,Cattasaurus - shoproxstore - Shopify,direct_to_consumer,fulfilled,2026-01-01,2026-01-03,2026-01-01,PA2,OnTrac,3,1,13.63,2.7,0.0,16.33,shipmonk_estimate,USD
207950,7060805681462,Cattasaurus - shoproxstore - Shopify,direct_to_consumer,fulfilled,2026-01-01,2026-01-05,2026-01-01,NV3,OnTrac,1,1,19.8,2.1,0.0,21.9,shipmonk_estimate,USD
207951,7060825309494,Cattasaurus - shoproxstore - Shopify,direct_to_consumer,fulfilled,2026-01-01,2026-01-03,2026-01-01,PA2,OnTrac,2,1,16.82,2.1,0.0,18.92,shipmonk_estimate,USD
207952,7060835828022,Cattasaurus - shoproxstore - Shopify,direct_to_consumer,fulfilled,2026-01-01,2026-01-03,2026-01-01,PA2,OnTrac,1,1,16.34,2.1,0.0,18.44,shipmonk_estimate,USD
207953,7060861550902,Cattasaurus - shoproxstore - Shopify,direct_to_consumer,fulfilled,2026-01-01,2026-01-02,2026-01-01,NV3,OnTrac,1,1,16.34,2.1,0.0,18.44,shipmonk_estimate,USD
207954,7060872102198,Cattasaurus - shoproxstore - Shopify,direct_to_consumer,fulfilled,2026-01-01,2026-01-05,2026-01-01,NV3,FedEx,1,1,19.41,2.4,0.0,21.81,shipmonk_estimate,USD
207955,7060886257974,Cattasaurus - shoproxstore - Shopify,direct_to_consumer,fulfilled,2026-01-01,2026-01-07,2026-01-01,PA2,FedEx,1,1,16.37,2.1,0.0,18.47,shipmonk_estimate,USD
207955_1,53acc64c-451f-45ed-aac9-aee0511221cc,Cattasaurus - shoproxstore - Shopify,direct_to_consumer,fulfilled,2026-01-01,2026-01-07,2026-01-01,PA2,FedEx,1,1,16.37,2.1,0.0,18.47,shipmonk_estimate,USD
207956,7060921418038,Cattasaurus - shoproxstore - Shopify,direct_to_consumer,fulfilled,2026-01-01,2026-01-05,2026-01-01,NV3,FedEx,1,1,19.41,2.4,0.0,21.81,shipmonk_estimate,USD
"Merged: 207937, 207938",1dcdea86-760b-45f6-809e-94347fda063b,Cattasaurus - shoproxstore - Shopify,direct_to_consumer,fulfilled,2026-01-01,2026-01-08,2026-01-01,NV3,OnTrac,1,1,18.61,2.1,0.0,20.71,shipmonk_estimate,USD
WAL129100353702752,225b1767-22ae-44d4-a37b-ac46e321a434,Cattasaurus - Manual Store,direct_to_consumer,fulfilled,2026-01-01,2026-01-02,2026-01-01,PA2,OnTrac,1,1,12.86,1.8,0.0,14.66,shipmonk_estimate,USD
WAL129100354308849,45bd1629-3886-4811-ac74-f8d289c6e7eb,Cattasaurus - Manual Store,direct_to_consumer,fulfilled,2026-01-01,2026-01-02,2026-01-01,PA2,UPS,1,1,16.34,1.8,0.0,18.14,shipmonk_estimate,USD
111-1951727-5537844,111-1951727-5537844,Cattasaurus - Amazon USA,direct_to_consumer,fulfilled,2026-01-02,2026-01-02,2026-01-02,NV3,FedEx,1,1,0.0,1.8,0.0,1.8,shipmonk_estimate,USD
111-2224881-8517856,111-2224881-8517856,Cattasaurus - Amazon USA,direct_to_consumer,fulfilled,2026-01-02,2026-01-02,2026-01-02,NV3,OnTrac,1,1,18.03,2.1,0.0,20.13,shipmonk_estimate,USD
111-5365900-7533817,111-5365900-7533817,Cattasaurus - Amazon USA,direct_to_consumer,fulfilled,2026-01-02,2026-01-02,2026-01-02,NV3,OnTrac,1,1,24.9,2.1,0.0,27.0,shipmonk_estimate,USD
111-5923042-8124247,111-5923042-8124247,Cattasaurus - Amazon USA,direct_to_consumer,fulfilled,2026-01-02,2026-01-03,2026-01-02,PA2,OnTrac,1,1,16.94,2.1,0.0,19.04,shipmonk_estimate,USD
111-8310712-4685067,111-8310712-4685067,Cattasaurus - Amazon USA,direct_to_consumer,fulfilled,2026-01-02,2026-01-03,2026-01-02,PA2,OnTrac,1,1,16.34,2.1,0.0,18.44,shipmonk_estimate,USD
112-1666272-9341001,112-1666272-9341001,Cattasaurus - Amazon USA,direct_to_consumer,fulfilled,2026-01-02,2026-01-02,2026-01-02,PA2,OnTrac,1,1,12.86,2.1,0.0,14.96,shipmonk_estimate,USD
112-3233567-0355466,112-3233567-0355466,Cattasaurus - Amazon USA,direct_to_consumer,fulfilled,2026-01-02,2026-01-05,2026-01-02,NV3,FedEx,1,1,16.69,2.1,0.0,18.79,shipmonk_estimate,USD
112-6759213-9353028,112-6759213-9353028,Cattasaurus - Amazon USA,direct_to_consumer,fulfilled,2026-01-02,2026-01-05,2026-01-02,NV3,OnTrac,1,1,20.23,2.1,0.0,22.33,shipmonk_estimate,USD
112-9869291-2376237,112-9869291-2376237,Cattasaurus - Amazon USA,direct_to_consumer,fulfilled,2026-01-02,2026-01-03,2026-01-02,PA2,OnTrac,1,1,13.84,2.1,0.0,15.94,shipmonk_estimate,USD
113-2646989-4685827,113-2646989-4685827,Cattasaurus - Amazon USA,direct_to_consumer,fulfilled,2026-01-02,2026-01-02,2026-01-02,NV3,OnTrac,1,1,15.53,2.1,0.0,17.63,shipmonk_estimate,USD
113-3570622-6461027,113-3570622-6461027,Cattasaurus - Amazon USA,direct_to_consumer,fulfilled,2026-01-02,2026-01-05,2026-01-02,NV3,OnTrac,1,1,16.37,2.1,0.0,18.47,shipmonk_estimate,USD
113-4623136-6829860,113-4623136-6829860,Cattasaurus - Amazon USA,direct_to_consumer,fulfilled,2026-01-02,2026-01-02,2026-01-02,NV3,OnTrac,1,1,13.63,2.1,0.0,15.73,shipmonk_estimate,USD
113-9805085-2005063,113-9805085-2005063,Cattasaurus - Amazon USA,direct_to_consumer,fulfilled,2026-01-02,2026-01-05,2026-01-02,NV3,UPS,1,1,18.07,2.1,0.0,20.17,shipmonk_estimate,USD
114-1430151-9990648,114-1430151-9990648,Cattasaurus - Amazon USA,direct_to_consumer,fulfilled,2026-01-02,2026-01-02,2026-01-02,PA2,OnTrac,1,1,13.95,2.1,0.0,16.05,shipmonk_estimate,USD
114-2828620-7097053,114-2828620-7097053,Cattasaurus - Amazon USA,direct_to_consumer,fulfilled,2026-01-02,2026-01-02,2026-01-02,PA2,UPS,1,1,16.93,2.1,0.0,19.03,shipmonk_estimate,USD
114-3605402-3540216,114-3605402-3540216,Cattasaurus - Amazon USA,direct_to_consumer,fulfilled,2026-01-02,2026-01-03,2026-01-02,PA2,OnTrac,1,1,16.39,2.1,0.0,18.49,shipmonk_estimate,USD
114-4715415-9559425,114-4715415-9559425,Cattasaurus - Amazon USA,direct_to_consumer,fulfilled,2026-01-02,2026-01-05,2026-01-02,NV3,OnTrac,1,1,14.01,2.1,0.0,16.11,shipmonk_estimate,USD
114-8532648-8270657,114-8532648-8270657,Cattasaurus - Amazon USA,direct_to_consumer,fulfilled,2026-01-02,2026-01-02,2026-01-02,PA2,OnTrac,1,1,14.89,2.7,0.0,17.59,shipmonk_estimate,USD
114-8608823-6900217,114-8608823-6900217,Cattasaurus - Amazon USA,direct_to_consumer,fulfilled,2026-01-02,2026-01-02,2026-01-02,PA2,OnTrac,1,1,12.86,2.1,0.0,14.96,shipmonk_estimate,USD
207958,7060975583542,Cattasaurus - shoproxstore - Shopify,direct_to_consumer,fulfilled,2026-01-02,2026-01-05,2026-01-02,NV3,FedEx,1,1,17.13,1.8,0.0,18.93,shipmonk_estimate,USD
207959,7061001339190,Cattasaurus - shoproxstore - Shopify,direct_to_consumer,fulfilled,2026-01-02,2026-01-03,2026-01-02,PA2,OnTrac,1,1,13.63,2.1,0.0,15.73,shipmonk_estimate,USD
207960,7061007335734,Cattasaurus - shoproxstore - Shopify,direct_to_consumer,fulfilled,2026-01-02,2026-01-02,2026-01-02,PA2,UPS,1,1,21.42,2.1,0.0,23.52,shipmonk_estimate,USD
207961,7061042299190,Cattasaurus - shoproxstore - Shopify,direct_to_consumer,fulfilled,2026-01-02,2026-01-05,2026-01-02,NV3,FedEx,1,1,19.12,2.1,0.0,21.22,shipmonk_estimate,USD
207963,7061240119606,Cattasaurus - shoproxstore - Shopify,direct_to_consumer,fulfilled,2026-01-02,2026-01-03,2026-01-02,PA2,FedEx,1,1,21.25,2.1,0.0,23.35,shipmonk_estimate,USD
207965_1,8cbef976-d3b1-4699-949d-364ec321218d,Cattasaurus - shoproxstore - Shopify,direct_to_consumer,fulfilled,2026-01-02,2026-03-06,2026-01-02,PA2,OnTrac,1,1,5.36,1.5,0.3,7.16,shipmonk_estimate,USD
207967,7061267054902,Cattasaurus - shoproxstore - Shopify,direct_to_consumer,fulfilled,2026-01-02,2026-01-05,2026-01-02,NV3,FedEx,1,1,29.69,2.4,0.0,32.09,shipmonk_estimate,USD
207968_1,564291ed-e1da-40b2-a29f-9923eafa9c40,Cattasaurus - shoproxstore - Shopify,direct_to_consumer,fulfilled,2026-01-02,2026-03-06,2026-01-02,PA2,USPS,1,1,6.22,1.8,0.5,8.52,shipmonk_estimate,USD
207972,7061310439734,Cattasaurus - shoproxstore - Shopify,direct_to_consumer,fulfilled,2026-01-02,2026-01-05,2026-01-02,NV3,FedEx,1,1,23.76,1.8,0.0,25.56,shipmonk_estimate,USD
207973_1,77fa548c-3295-4d74-a095-ee39894d82fe,Cattasaurus - shoproxstore - Shopify,direct_to_consumer,fulfilled,2026-01-02,2026-03-06,2026-01-02,PA2,USPS,1,1,4.95,1.5,0.3,6.75,shipmonk_estimate,USD
207974,7061339963702,Cattasaurus - shoproxstore - Shopify,direct_to_consumer,fulfilled,2026-01-02,2026-01-03,2026-01-02,PA2,FedEx,1,1,15.79,2.4,0.0,18.19,shipmonk_estimate,USD
207975,7061348057398,Cattasaurus - shoproxstore - Shopify,direct_to_consumer,fulfilled,2026-01-02,2026-01-03,2026-01-02,PA2,OnTrac,1,1,14.18,2.1,0.0,16.28,shipmonk_estimate,USD
207976,7061350285622,Cattasaurus - shoproxstore - Shopify,direct_to_consumer,fulfilled,2026-01-02,2026-01-03,2026-01-02,PA2,OnTrac,1,1,10.07,1.5,0.0,11.57,shipmonk_estimate,USD
207978,7061372502326,Cattasaurus - shoproxstore - Shopify,direct_to_consumer,fulfilled,2026-01-02,2026-01-03,2026-01-02,PA2,FedEx,1,1,16.91,2.1,0.0,19.01,shipmonk_estimate,USD
207979,7061384692022,Cattasaurus - shoproxstore - Shopify,direct_to_consumer,fulfilled,2026-01-02,2026-01-03,2026-01-02,PA2,OnTrac,1,1,15.32,2.7,0.0,18.02,shipmonk_estimate,USD
207980,7061387149622,Cattasaurus - shoproxstore - Shopify,direct_to_consumer,fulfilled,2026-01-02,2026-01-03,2026-01-02,PA2,FedEx,1,1,17.67,2.1,0.0,19.77,shipmonk_estimate,USD
207981,7061413101878,Cattasaurus - shoproxstore - Shopify,direct_to_consumer,fulfilled,2026-01-02,2026-04-03,2026-01-02,PA2,USPS,1,1,10.48,1.5,0.0,11.98,shipmonk_estimate,USD
207982,7061426766134,Cattasaurus - shoproxstore - Shopify,direct_to_consumer,fulfilled,2026-01-02,2026-01-03,2026-01-02,PA2,OnTrac,1,1,16.34,2.1,0.0,18.44,shipmonk_estimate,USD
207983,7061429485878,Cattasaurus - shoproxstore - Shopify,direct_to_consumer,fulfilled,2026-01-02,2026-01-03,2026-01-02,PA2,OnTrac,1,1,16.34,2.1,0.0,18.44,shipmonk_estimate,USD
207984,7061446328630,Cattasaurus - shoproxstore - Shopify,direct_to_consumer,fulfilled,2026-01-02,2026-01-03,2026-01-02,PA2,UPS,1,1,15.87,2.1,0.0,17.97,shipmonk_estimate,USD
207985,7061447934262,Cattasaurus - shoproxstore - Shopify,direct_to_consumer,fulfilled,2026-01-02,2026-01-03,2026-01-02,PA2,UPS,2,1,16.34,2.4,0.0,18.74,shipmonk_estimate,USD
207986,7061487550774,Cattasaurus - shoproxstore - Shopify,direct_to_consumer,fulfilled,2026-01-02,2026-01-03,2026-01-02,PA2,OnTrac,1,1,15.46,2.1,0.0,17.56,shipmonk_estimate,USD
207987,7061509177654,Cattasaurus - shoproxstore - Shopify,direct_to_consumer,fulfilled,2026-01-02,2026-01-05,2026-01-02,NV3,OnTrac,1,1,13.87,2.1,0.0,15.97,shipmonk_estimate,USD
207988,7061531656502,Cattasaurus - shoproxstore - Shopify,direct_to_consumer,fulfilled,2026-01-02,2026-01-03,2026-01-02,PA2,OnTrac,1,1,15.44,1.8,0.0,17.24,shipmonk_estimate,USD
207989,7061538734390,Cattasaurus - shoproxstore - Shopify,direct_to_consumer,fulfilled,2026-01-02,2026-01-05,2026-01-02,NV3,OnTrac,1,1,18.61,2.1,0.0,20.71,shipmonk_estimate,USD
207991,7061550104886,Cattasaurus - shoproxstore - Shopify,direct_to_consumer,fulfilled,2026-01-02,2026-01-05,2026-01-02,NV3,OnTrac,1,1,17.47,2.1,0.0,19.57,shipmonk_estimate,USD
207996,7061629960502,Cattasaurus - shoproxstore - Shopify,direct_to_consumer,fulfilled,2026-01-02,2026-01-04,2026-01-02,PA2,FedEx,1,1,17.67,2.1,0.0,19.77,shipmonk_estimate,USD
207997,7061665284406,Cattasaurus - shoproxstore - Shopify,direct_to_consumer,fulfilled,2026-01-02,2026-01-05,2026-01-02,NV3,OnTrac,1,1,13.87,2.1,0.0,15.97,shipmonk_estimate,USD
207999,7061681373494,Cattasaurus - shoproxstore - Shopify,direct_to_consumer,fulfilled,2026-01-02,2026-01-02,2026-01-02,PA2,FedEx,1,1,17.67,2.1,0.0,19.77,shipmonk_estimate,USD
208000,7061689172278,Cattasaurus - shoproxstore - Shopify,direct_to_consumer,fulfilled,2026-01-02,2026-01-04,2026-01-02,PA2,OnTrac,1,1,12.86,2.1,0.0,14.96,shipmonk_estimate,USD
208001,7061757722934,Cattasaurus - shoproxstore - Shopify,direct_to_consumer,fulfilled,2026-01-02,2026-01-04,2026-01-02,PA2,UPS,1,1,16.94,2.1,0.0,19.04,shipmonk_estimate,USD
208002,7061765521718,Cattasaurus - shoproxstore - Shopify,direct_to_consumer,fulfilled,2026-01-02,2026-01-05,2026-01-02,NV3,OnTrac,1,1,14.21,2.1,0.0,16.31,shipmonk_estimate,USD
208003,7061774827830,Cattasaurus - shoproxstore - Shopify,direct_to_consumer,fulfilled,2026-01-02,2026-01-04,2026-01-02,PA2,OnTrac,1,1,13.63,2.1,0.0,15.73,shipmonk_estimate,USD
208004_1,27ddaabb-bac1-4e6d-9b01-f62c670d0b26,Cattasaurus - shoproxstore - Shopify,direct_to_consumer,fulfilled,2026-01-02,2026-03-06,2026-01-02,PA2,USPS,1,1,6.11,1.5,0.3,7.91,shipmonk_estimate,USD
208005,7061819949366,Cattasaurus - shoproxstore - Shopify,direct_to_consumer,fulfilled,2026-01-02,2026-01-04,2026-01-02,PA2,OnTrac,1,1,16.34,2.1,0.0,18.44,shipmonk_estimate,USD
208006,7061827060022,Cattasaurus - shoproxstore - Shopify,direct_to_consumer,fulfilled,2026-01-02,2026-01-04,2026-01-02,PA2,OnTrac,1,1,13.63,2.1,0.0,15.73,shipmonk_estimate,USD
208009,7061881127222,Cattasaurus - shoproxstore - Shopify,direct_to_consumer,fulfilled,2026-01-02,2026-04-03,2026-01-02,PA2,OnTrac,1,1,8.89,1.5,0.0,10.39,shipmonk_estimate,USD
208010,7061885878582,Cattasaurus - shoproxstore - Shopify,direct_to_consumer,fulfilled,2026-01-02,2026-04-03,2026-01-02,PA2,OnTrac,1,1,9.29,1.5,0.0,10.79,shipmonk_estimate,USD
208011,7061902426422,Cattasaurus - shoproxstore - Shopify,direct_to_consumer,fulfilled,2026-01-02,2026-01-04,2026-01-02,PA2,OnTrac,1,1,15.44,2.1,0.0,17.54,shipmonk_estimate,USD
208012,7061942468918,Cattasaurus - shoproxstore - Shopify,direct_to_consumer,fulfilled,2026-01-02,2026-01-04,2026-01-02,PA2,UPS,1,1,21.06,2.1,0.0,23.16,shipmonk_estimate,USD
208014,7062011969846,Cattasaurus - shoproxstore - Shopify,direct_to_consumer,fulfilled,2026-01-02,2026-01-05,2026-01-02,NV3,FedEx,1,1,15.49,2.4,0.0,17.89,shipmonk_estimate,USD
208016,7062102311222,Cattasaurus - shoproxstore - Shopify,direct_to_consumer,fulfilled,2026-01-02,2026-01-04,2026-01-02,PA2,OnTrac,1,1,12.86,2.1,0.0,14.96,shipmonk_estimate,USD
208017,7062138683702,Cattasaurus - shoproxstore - Shopify,direct_to_consumer,fulfilled,2026-01-02,2026-04-04,2026-01-02,PA2,USPS,1,1,11.35,1.5,0.0,12.85,shipmonk_estimate,USD
208020,7062237643062,Cattasaurus - shoproxstore - Shopify,direct_to_consumer,fulfilled,2026-01-02,2026-01-04,2026-01-02,PA2,OnTrac,1,1,15.44,2.1,0.0,17.54,shipmonk_estimate,USD
208021,7062246621494,Cattasaurus - shoproxstore - Shopify,direct_to_consumer,fulfilled,2026-01-02,2026-04-03,2026-01-02,PA2,OnTrac,1,1,10.89,1.5,0.0,12.39,shipmonk_estimate,USD
208022,7062253699382,Cattasaurus - shoproxstore - Shopify,direct_to_consumer,fulfilled,2026-01-02,2026-01-05,2026-01-02,NV3,UPS,1,1,21.47,1.8,0.0,23.27,shipmonk_estimate,USD
208023,7062258647350,Cattasaurus - shoproxstore - Shopify,direct_to_consumer,fulfilled,2026-01-02,2026-01-04,2026-01-02,PA2,OnTrac,2,1,13.63,2.1,0.0,15.73,shipmonk_estimate,USD
208024,7062266315062,Cattasaurus - shoproxstore - Shopify,direct_to_consumer,fulfilled,2026-01-02,2026-01-04,2026-01-02,PA2,UPS,1,1,16.94,2.1,0.0,19.04,shipmonk_estimate,USD
208025,7062283714870,Cattasaurus - shoproxstore - Shopify,direct_to_consumer,fulfilled,2026-01-02,2026-01-04,2026-01-02,PA2,FedEx,1,1,14.57,2.1,0.0,16.67,shipmonk_estimate,USD
208026,7062288924982,Cattasaurus - shoproxstore - Shopify,direct_to_consumer,fulfilled,2026-01-02,2026-01-04,2026-01-02,PA2,OnTrac,1,1,16.34,2.1,0.0,18.44,shipmonk_estimate,USD
208027,7062304948534,Cattasaurus - shoproxstore - Shopify,direct_to_consumer,fulfilled,2026-01-02,2026-01-05,2026-01-02,NV3,OnTrac,1,1,14.21,2.1,0.0,16.31,shipmonk_estimate,USD
208028,7062311600438,Cattasaurus - shoproxstore - Shopify,direct_to_consumer,fulfilled,2026-01-02,2026-01-04,2026-01-02,PA2,OnTrac,1,1,12.86,2.7,0.0,15.56,shipmonk_estimate,USD
208029,7062335258934,Cattasaurus - shoproxstore - Shopify,direct_to_consumer,fulfilled,2026-01-02,2026-01-05,2026-01-02,NV3,FedEx,1,1,21.89,2.1,0.0,23.99,shipmonk_estimate,USD
208030,7062370582838,Cattasaurus - shoproxstore - Shopify,direct_to_consumer,fulfilled,2026-01-02,2026-01-04,2026-01-02,PA2,FedEx,1,2,37.87,3.9,0.0,41.77,shipmonk_estimate,USD
208031,7062384279862,Cattasaurus - shoproxstore - Shopify,direct_to_consumer,fulfilled,2026-01-02,2026-01-04,2026-01-02,PA2,OnTrac,1,1,16.34,2.1,0.0,18.44,shipmonk_estimate,USD
208032,7062437691702,Cattasaurus - shoproxstore - Shopify,direct_to_consumer,fulfilled,2026-01-02,2026-01-04,2026-01-02,PA2,OnTrac,1,1,16.34,2.1,0.0,18.44,shipmonk_estimate,USD
208033,7062449652022,Cattasaurus - shoproxstore - Shopify,direct_to_consumer,fulfilled,2026-01-02,2026-01-04,2026-01-02,PA2,UPS,1,1,18.79,2.1,0.0,20.89,shipmonk_estimate,USD
208034,7062453453110,Cattasaurus - shoproxstore - Shopify,direct_to_consumer,fulfilled,2026-01-02,2026-01-04,2026-01-02,PA2,OnTrac,1,1,12.86,2.1,0.0,14.96,shipmonk_estimate,USD
208035,7062459679030,Cattasaurus - shoproxstore - Shopify,direct_to_consumer,fulfilled,2026-01-02,2026-01-04,2026-01-02,PA2,FedEx,1,1,17.67,2.1,0.0,19.77,shipmonk_estimate,USD
208036,7062474785078,Cattasaurus - shoproxstore - Shopify,direct_to_consumer,fulfilled,2026-01-02,2026-01-04,2026-01-02,PA2,OnTrac,1,1,13.63,2.1,0.0,15.73,shipmonk_estimate,USD
208037,7062499819830,Cattasaurus - shoproxstore - Shopify,direct_to_consumer,fulfilled,2026-01-02,2026-01-05,2026-01-02,NV3,FedEx,1,1,31.39,2.4,0.0,33.79,shipmonk_estimate,USD
208038,7062524625206,Cattasaurus - shoproxstore - Shopify,direct_to_consumer,fulfilled,2026-01-02,2026-01-04,2026-01-02,PA2,UPS,1,1,21.06,2.4,0.0,23.46,shipmonk_estimate,USD
208039,7062530621750,Cattasaurus - shoproxstore - Shopify,direct_to_consumer,fulfilled,2026-01-02,2026-01-04,2026-01-02,PA2,UPS,1,1,18.51,2.4,0.0,20.91,shipmonk_estimate,USD
208040,7062633152822,Cattasaurus - shoproxstore - Shopify,direct_to_consumer,fulfilled,2026-01-02,2026-01-04,2026-01-02,PA2,OnTrac,1,1,16.82,2.1,0.0,18.92,shipmonk_estimate,USD
208041,7062653501750,Cattasaurus - shoproxstore - Shopify,direct_to_consumer,fulfilled,2026-01-02,2026-01-04,2026-01-02,PA2,OnTrac,1,1,18.57,2.1,0.0,20.67,shipmonk_estimate,USD
208042,7062703309110,Cattasaurus - shoproxstore - Shopify,direct_to_consumer,fulfilled,2026-01-02,2026-01-05,2026-01-02,NV3,OnTrac,2,1,19.12,2.4,0.0,21.52,shipmonk_estimate,USD
208043,7062731260214,Cattasaurus - shoproxstore - Shopify,direct_to_consumer,fulfilled,2026-01-02,2026-01-04,2026-01-02,PA2,OnTrac,1,1,14.76,2.7,0.0,17.46,shipmonk_estimate,USD
208044,7062756163894,Cattasaurus - shoproxstore - Shopify,direct_to_consumer,fulfilled,2026-01-02,2026-01-04,2026-01-02,PA2,UPS,1,1,16.94,2.1,0.0,19.04,shipmonk_estimate,USD
208045,7062775726390,Cattasaurus - shoproxstore - Shopify,direct_to_consumer,fulfilled,2026-01-02,2026-01-05,2026-01-02,NV3,FedEx,1,1,19.77,1.8,0.0,21.57,shipmonk_estimate,USD
208046,7062813704502,Cattasaurus - shoproxstore - Shopify,direct_to_consumer,fulfilled,2026-01-02,2026-01-05,2026-01-02,NV3,UPS,1,1,21.1,2.4,0.0,23.5,shipmonk_estimate,USD
208047,7062858072374,Cattasaurus - shoproxstore - Shopify,direct_to_consumer,fulfilled,2026-01-02,2026-01-05,2026-01-02,NV3,OnTrac,1,1,13.66,2.1,0.0,15.76,shipmonk_estimate,USD
"Merged: 207970, 207971",28cd68ea-76ca-4fba-a0e5-48c1c0cd8d7c,Cattasaurus - shoproxstore - Shopify,direct_to_consumer,fulfilled,2026-01-02,2026-01-07,2026-01-02,PA2,OnTrac,1,1,12.89,2.1,0.0,14.99,shipmonk_estimate,USD
"Merged: 208018, 208019",9883319a-3d77-44aa-adac-a24edba2a829,Cattasaurus - shoproxstore - Shopify,direct_to_consumer,fulfilled,2026-01-02,2026-01-04,2026-01-02,PA2,FedEx,5,1,15.64,3.3,0.0,18.94,shipmonk_estimate,USD
111-0399452-9581814,111-0399452-9581814,Cattasaurus - Amazon USA,direct_to_consumer,fulfilled,2026-01-03,2026-01-05,2026-01-03,NV3,OnTrac,1,1,16.37,2.1,0.0,18.47,shipmonk_estimate,USD
111-0570019-3586623,111-0570019-3586623,Cattasaurus - Amazon USA,direct_to_consumer,fulfilled,2026-01-03,2026-01-04,2026-01-03,PA2,OnTrac,1,1,12.86,2.1,0.0,14.96,shipmonk_estimate,USD
111-1041463-2049869,111-1041463-2049869,Cattasaurus - Amazon USA,direct_to_consumer,fulfilled,2026-01-03,2026-01-04,2026-01-03,PA2,FedEx,1,1,15.34,2.1,0.0,17.44,shipmonk_estimate,USD
111-6508365-5773807,111-6508365-5773807,Cattasaurus - Amazon USA,direct_to_consumer,fulfilled,2026-01-03,2026-01-04,2026-01-03,PA2,OnTrac,1,1,14.7,2.1,0.0,16.8,shipmonk_estimate,USD
111-6909052-2072268,111-6909052-2072268,Cattasaurus - Amazon USA,direct_to_consumer,fulfilled,2026-01-03,2026-01-05,2026-01-03,NV3,OnTrac,1,1,18.85,2.1,0.0,20.95,shipmonk_estimate,USD
111-7130541-4605829,111-7130541-4605829,Cattasaurus - Amazon USA,direct_to_consumer,fulfilled,2026-01-03,2026-01-04,2026-01-03,PA2,OnTrac,1,1,17.12,2.1,0.0,19.22,shipmonk_estimate,USD
111-7818647-6171426,111-7818647-6171426,Cattasaurus - Amazon USA,direct_to_consumer,fulfilled,2026-01-03,2026-01-03,2026-01-03,PA2,OnTrac,1,1,14.76,2.1,0.0,16.86,shipmonk_estimate,USD
112-1162042-4893041,112-1162042-4893041,Cattasaurus - Amazon USA,direct_to_consumer,fulfilled,2026-01-03,2026-01-04,2026-01-03,PA2,OnTrac,2,1,14.7,2.7,0.0,17.4,shipmonk_estimate,USD
112-1201478-1516267,112-1201478-1516267,Cattasaurus - Amazon USA,direct_to_consumer,fulfilled,2026-01-03,2026-01-05,2026-01-03,NV3,OnTrac,1,1,18.61,2.1,0.0,20.71,shipmonk_estimate,USD
112-1230646-5727445,112-1230646-5727445,Cattasaurus - Amazon USA,direct_to_consumer,fulfilled,2026-01-03,2026-01-03,2026-01-03,PA2,OnTrac,1,1,16.45,2.1,0.0,18.55,shipmonk_estimate,USD
112-1283792-3207461,112-1283792-3207461,Cattasaurus - Amazon USA,direct_to_consumer,fulfilled,2026-01-03,2026-01-05,2026-01-03,NV3,OnTrac,1,1,14.79,2.1,0.0,16.89,shipmonk_estimate,USD
112-3726070-6413009,112-3726070-6413009,Cattasaurus - Amazon USA,direct_to_consumer,fulfilled,2026-01-03,2026-01-05,2026-01-03,PA2,FedEx,1,1,16.37,1.8,0.0,18.17,shipmonk_estimate,USD
112-3726070-6413009_1,f00d1d62-31b9-406a-8245-3681cbef8c16,Cattasaurus - Amazon USA,direct_to_consumer,fulfilled,2026-01-03,2026-01-05,2026-01-03,PA2,UPS,1,1,10.77,0.3,0.0,11.07,shipmonk_estimate,USD
112-3726070-6413009_2,fca4633e-24bd-4fef-bcfd-5245c717560d,Cattasaurus - Amazon USA,direct_to_consumer,fulfilled,2026-01-03,2026-01-05,2026-01-03,PA2,DHL eCommerce,1,1,8.63,1.5,0.0,10.13,shipmonk_estimate,USD
112-8625236-9832217,112-8625236-9832217,Cattasaurus - Amazon USA,direct_to_consumer,fulfilled,2026-01-03,2026-01-04,2026-01-03,PA2,FedEx,1,1,15.34,2.1,0.0,17.44,shipmonk_estimate,USD
112-9145394-5359424,112-9145394-5359424,Cattasaurus - Amazon USA,direct_to_consumer,fulfilled,2026-01-03,2026-01-03,2026-01-03,PA2,UPS,1,1,14.76,2.1,0.0,16.86,shipmonk_estimate,USD
112-9157390-4490619,112-9157390-4490619,Cattasaurus - Amazon USA,direct_to_consumer,fulfilled,2026-01-03,2026-01-04,2026-01-03,PA2,UPS,1,1,21.42,1.8,0.0,23.22,shipmonk_estimate,USD
112-9458226-1333040,112-9458226-1333040,Cattasaurus - Amazon USA,direct_to_consumer,fulfilled,2026-01-03,2026-01-05,2026-01-03,NV3,FedEx,1,1,15.56,2.1,0.0,17.66,shipmonk_estimate,USD
112-9860508-2985061,112-9860508-2985061,Cattasaurus - Amazon USA,direct_to_consumer,fulfilled,2026-01-03,2026-01-05,2026-01-03,NV3,OnTrac,1,1,18.85,2.1,0.0,20.95,shipmonk_estimate,USD
112-9987620-6912246,112-9987620-6912246,Cattasaurus - Amazon USA,direct_to_consumer,fulfilled,2026-01-03,2026-01-03,2026-01-03,PA2,OnTrac,1,1,12.18,1.5,0.0,13.68,shipmonk_estimate,USD
113-0022407-0155452,113-0022407-0155452,Cattasaurus - Amazon USA,direct_to_consumer,fulfilled,2026-01-03,2026-01-05,2026-01-03,NV3,OnTrac,1,1,18.61,2.1,0.0,20.71,shipmonk_estimate,USD
113-0124468-6378648,113-0124468-6378648,Cattasaurus - Amazon USA,direct_to_consumer,fulfilled,2026-01-03,2026-01-03,2026-01-03,PA2,OnTrac,1,1,19.75,2.1,0.0,21.85,shipmonk_estimate,USD
113-0896353-0220247,113-0896353-0220247,Cattasaurus - Amazon USA,direct_to_consumer,fulfilled,2026-01-03,2026-01-03,2026-01-03,PA2,OnTrac,1,1,14.55,2.1,0.0,16.65,shipmonk_estimate,USD
113-4599908-5822659,113-4599908-5822659,Cattasaurus - Amazon USA,direct_to_consumer,fulfilled,2026-01-03,2026-01-05,2026-01-03,NV3,OnTrac,1,1,16.42,2.1,0.0,18.52,shipmonk_estimate,USD
113-5054987-3705841,113-5054987-3705841,Cattasaurus - Amazon USA,direct_to_consumer,fulfilled,2026-01-03,2026-01-04,2026-01-03,PA2,OnTrac,2,1,13.84,2.7,0.0,16.54,shipmonk_estimate,USD
113-5498085-9880218,113-5498085-9880218,Cattasaurus - Amazon USA,direct_to_consumer,fulfilled,2026-01-03,2026-01-05,2026-01-03,NV3,OnTrac,1,1,14.01,2.1,0.0,16.11,shipmonk_estimate,USD
113-6295396-8068213,113-6295396-8068213,Cattasaurus - Amazon USA,direct_to_consumer,fulfilled,2026-01-03,2026-01-05,2026-01-03,NV3,UPS,1,1,18.85,2.1,0.0,20.95,shipmonk_estimate,USD
113-8851309-8114667,113-8851309-8114667,Cattasaurus - Amazon USA,direct_to_consumer,fulfilled,2026-01-03,2026-01-04,2026-01-03,PA2,FedEx,1,1,15.34,2.1,0.0,17.44,shipmonk_estimate,USD
113-9276058-6785053,113-9276058-6785053,Cattasaurus - Amazon USA,direct_to_consumer,fulfilled,2026-01-03,2026-01-04,2026-01-03,PA2,UPS,1,1,19.4,2.1,0.0,21.5,shipmonk_estimate,USD
113-9732366-3627467,113-9732366-3627467,Cattasaurus - Amazon USA,direct_to_consumer,fulfilled,2026-01-03,2026-01-03,2026-01-03,PA2,UPS,1,1,14.37,2.1,0.0,16.47,shipmonk_estimate,USD
114-1969344-0401822,114-1969344-0401822,Cattasaurus - Amazon USA,direct_to_consumer,fulfilled,2026-01-03,2026-01-05,2026-01-03,NV3,UPS,1,1,21.93,2.1,0.0,24.03,shipmonk_estimate,USD
114-2218334-1308236,114-2218334-1308236,Cattasaurus - Amazon USA,direct_to_consumer,fulfilled,2026-01-03,2026-01-05,2026-01-03,NV3,UPS,1,1,16.96,2.1,0.0,19.06,shipmonk_estimate,USD
114-8624269-7673039,114-8624269-7673039,Cattasaurus - Amazon USA,direct_to_consumer,fulfilled,2026-01-03,2026-01-03,2026-01-03,PA2,OnTrac,1,1,13.95,2.1,0.0,16.05,shipmonk_estimate,USD
114-9200338-4553013,114-9200338-4553013,Cattasaurus - Amazon USA,direct_to_consumer,fulfilled,2026-01-03,2026-01-03,2026-01-03,PA2,UPS,1,1,18.79,2.1,0.0,20.89,shipmonk_estimate,USD
200220-01,8c704837-3923-4812-b47b-e2f5889d254f,Cattasaurus - shoproxstore - Shopify,direct_to_consumer,fulfilled,2026-01-03,2026-01-05,2026-01-03,NV3,FedEx,2,1,23.01,2.4,0.0,25.41,shipmonk_estimate,USD
208048,7062920102198,Cattasaurus - shoproxstore - Shopify,direct_to_consumer,fulfilled,2026-01-03,2026-01-04,2026-01-03,PA2,OnTrac,1,1,18.03,2.1,0.0,20.13,shipmonk_estimate,USD
208049,7063096131894,Cattasaurus - shoproxstore - Shopify,direct_to_consumer,fulfilled,2026-01-03,2026-01-04,2026-01-03,PA2,OnTrac,1,1,15.46,2.1,0.0,17.56,shipmonk_estimate,USD
208051,7063167435062,Cattasaurus - shoproxstore - Shopify,direct_to_consumer,fulfilled,2026-01-03,2026-01-05,2026-01-03,NV3,FedEx,1,1,21.48,2.1,0.0,23.58,shipmonk_estimate,USD
208052,7063180116278,Cattasaurus - shoproxstore - Shopify,direct_to_consumer,fulfilled,2026-01-03,2026-01-04,2026-01-03,PA2,FedEx,1,1,17.67,2.1,0.0,19.77,shipmonk_estimate,USD
208053,7063192011062,Cattasaurus - shoproxstore - Shopify,direct_to_consumer,fulfilled,2026-01-03,2026-01-04,2026-01-03,PA2,FedEx,1,1,21.76,2.4,0.0,24.16,shipmonk_estimate,USD
208054,7063233921334,Cattasaurus - shoproxstore - Shopify,direct_to_consumer,fulfilled,2026-01-03,2026-01-04,2026-01-03,PA2,UPS,1,1,18.51,2.4,0.0,20.91,shipmonk_estimate,USD
208055,7063238803766,Cattasaurus - shoproxstore - Shopify,direct_to_consumer,fulfilled,2026-01-03,2026-01-04,2026-01-03,PA2,UPS,1,1,15.32,1.8,0.0,17.12,shipmonk_estimate,USD
208056,7063243817270,Cattasaurus - shoproxstore - Shopify,direct_to_consumer,fulfilled,2026-01-03,2026-01-05,2026-01-03,NV3,OnTrac,2,1,19.12,2.4,0.0,21.52,shipmonk_estimate,USD
208057,7063249387830,Cattasaurus - shoproxstore - Shopify,direct_to_consumer,fulfilled,2026-01-03,2026-01-04,2026-01-03,PA2,UPS,1,1,16.94,2.1,0.0,19.04,shipmonk_estimate,USD
208058,7063252205878,Cattasaurus - shoproxstore - Shopify,direct_to_consumer,fulfilled,2026-01-03,2026-01-04,2026-01-03,PA2,OnTrac,1,1,16.34,2.1,0.0,18.44,shipmonk_estimate,USD
208059,7063253025078,Cattasaurus - shoproxstore - Shopify,direct_to_consumer,fulfilled,2026-01-03,2026-01-04,2026-01-03,PA2,FedEx,1,1,15.31,2.1,0.0,17.41,shipmonk_estimate,USD
208060,7063257055542,Cattasaurus - shoproxstore - Shopify,direct_to_consumer,fulfilled,2026-01-03,2026-01-04,2026-01-03,PA2,OnTrac,2,1,12.86,2.4,0.0,15.26,shipmonk_estimate,USD
208061,7063259709750,Cattasaurus - shoproxstore - Shopify,direct_to_consumer,fulfilled,2026-01-03,2026-01-04,2026-01-03,PA2,OnTrac,1,1,13.63,2.1,0.0,15.73,shipmonk_estimate,USD
208062,7063272128822,Cattasaurus - shoproxstore - Shopify,direct_to_consumer,fulfilled,2026-01-03,2026-01-04,2026-01-03,PA2,UPS,1,1,14.55,2.1,0.0,16.65,shipmonk_estimate,USD
208063,7063284285750,Cattasaurus - shoproxstore - Shopify,direct_to_consumer,fulfilled,2026-01-03,,2026-01-03,NV3,ShipMonk,1,0,26.75,4.5,0.0,31.25,shipmonk_estimate,USD
208063-01,1306f4a3-b1cd-4dc3-b73c-f369a17b5076,Cattasaurus - shoproxstore - Shopify,direct_to_consumer,fulfilled,2026-01-03,2026-01-12,2026-01-03,NV3,FedEx,1,1,29.69,2.4,0.0,32.09,shipmonk_estimate,USD
208065,7063301030198,Cattasaurus - shoproxstore - Shopify,direct_to_consumer,fulfilled,2026-01-03,2026-01-04,2026-01-03,PA2,FedEx,1,1,16.91,2.1,0.0,19.01,shipmonk_estimate,USD
208066,7063316300086,Cattasaurus - shoproxstore - Shopify,direct_to_consumer,fulfilled,2026-01-03,2026-01-05,2026-01-03,NV3,FedEx,1,1,23.01,2.4,0.0,25.41,shipmonk_estimate,USD
208067,7063320854838,Cattasaurus - shoproxstore - Shopify,direct_to_consumer,fulfilled,2026-01-03,,2026-01-03,NV3,ShipMonk,1,0,26.75,4.5,0.0,31.25,shipmonk_estimate,USD
208067-01,d7e393ef-9ea6-4901-925a-f57c66ade18b,Cattasaurus - shoproxstore - Shopify,direct_to_consumer,fulfilled,2026-01-03,2026-01-14,2026-01-03,PA2,OnTrac,1,1,15.49,2.4,0.0,17.89,shipmonk_estimate,USD
208068,7063347527990,Cattasaurus - shoproxstore - Shopify,direct_to_consumer,fulfilled,2026-01-03,2026-01-04,2026-01-03,PA2,FedEx,1,1,15.31,2.4,0.0,17.71,shipmonk_estimate,USD
208069,7063360340278,Cattasaurus - shoproxstore - Shopify,direct_to_consumer,fulfilled,2026-01-03,2026-01-05,2026-01-03,NV3,FedEx,1,1,19.41,2.4,0.0,21.81,shipmonk_estimate,USD
208070,7063397597494,Cattasaurus - shoproxstore - Shopify,direct_to_consumer,fulfilled,2026-01-03,2026-01-04,2026-01-03,PA2,UPS,1,1,21.06,2.1,0.0,23.16,shipmonk_estimate,USD
208071,7063409754422,Cattasaurus - shoproxstore - Shopify,direct_to_consumer,fulfilled,2026-01-03,2026-01-04,2026-01-03,PA2,UPS,1,2,28.16,3.9,0.0,32.06,shipmonk_estimate,USD
208072,7063409983798,Cattasaurus - shoproxstore - Shopify,direct_to_consumer,fulfilled,2026-01-03,2026-01-04,2026-01-03,PA2,FedEx,1,2,32.54,3.9,0.0,36.44,shipmonk_estimate,USD
208073,7063419519286,Cattasaurus - shoproxstore - Shopify,direct_to_consumer,fulfilled,2026-01-03,2026-01-04,2026-01-03,PA2,OnTrac,1,1,16.34,2.1,0.0,18.44,shipmonk_estimate,USD
208074,7063422042422,Cattasaurus - shoproxstore - Shopify,direct_to_consumer,fulfilled,2026-01-03,2026-01-04,2026-01-03,PA2,UPS,1,2,36.5,3.9,0.0,40.4,shipmonk_estimate,USD
208075,7063422009654,Cattasaurus - shoproxstore - Shopify,direct_to_consumer,fulfilled,2026-01-03,2026-01-04,2026-01-03,PA2,OnTrac,1,1,13.84,2.1,0.0,15.94,shipmonk_estimate,USD
208076,7063424303414,Cattasaurus - shoproxstore - Shopify,direct_to_consumer,fulfilled,2026-01-03,,2026-01-03,NV3,ShipMonk,1,0,23.12,3.3,0.0,26.42,shipmonk_estimate,USD
208076-01,57a6ea4a-6653-425b-8d6f-6ed678f21e74,Cattasaurus - shoproxstore - Shopify,direct_to_consumer,fulfilled,2026-01-03,2026-01-15,2026-01-03,PA2,FedEx,1,1,16.86,3.3,0.0,20.16,shipmonk_estimate,USD
208077,7063424762166,Cattasaurus - shoproxstore - Shopify,direct_to_consumer,fulfilled,2026-01-03,2026-01-06,2026-01-03,NV3,OnTrac,1,1,14.21,2.1,0.0,16.31,shipmonk_estimate,USD
208078,7063427219766,Cattasaurus - shoproxstore - Shopify,direct_to_consumer,fulfilled,2026-01-03,2026-01-04,2026-01-03,PA2,FedEx,1,2,30.62,3.9,0.0,34.52,shipmonk_estimate,USD
208079,7063432134966,Cattasaurus - shoproxstore - Shopify,direct_to_consumer,fulfilled,2026-01-03,2026-01-04,2026-01-03,PA2,FedEx,1,2,37.87,3.9,0.0,41.77,shipmonk_estimate,USD
208080,7063436525878,Cattasaurus - shoproxstore - Shopify,direct_to_consumer,fulfilled,2026-01-03,2026-01-05,2026-01-03,NV3,OnTrac,1,1,13.66,2.1,0.0,15.76,shipmonk_estimate,USD
208081,7063440884022,Cattasaurus - shoproxstore - Shopify,direct_to_consumer,fulfilled,2026-01-03,,2026-01-03,NV3,ShipMonk,1,0,26.75,3.3,0.0,30.05,shipmonk_estimate,USD
208081-01,5785b37c-f028-41e5-919e-68f6f02cf39d,Cattasaurus - shoproxstore - Shopify,direct_to_consumer,fulfilled,2026-01-03,2026-01-12,2026-01-03,NV3,OnTrac,1,1,27.25,3.3,0.0,30.55,shipmonk_estimate,USD
208082,7063445799222,Cattasaurus - shoproxstore - Shopify,direct_to_consumer,fulfilled,2026-01-03,2026-01-04,2026-01-03,PA2,UPS,1,2,27.99,3.9,0.0,31.89,shipmonk_estimate,USD
208083,7063445831990,Cattasaurus - shoproxstore - Shopify,direct_to_consumer,fulfilled,2026-01-03,2026-01-04,2026-01-03,PA2,OnTrac,1,1,18.57,2.1,0.0,20.67,shipmonk_estimate,USD
208084,7063465165110,Cattasaurus - shoproxstore - Shopify,direct_to_consumer,fulfilled,2026-01-03,2026-01-04,2026-01-03,PA2,FedEx,1,1,18.51,2.1,0.0,20.61,shipmonk_estimate,USD
208085,7063468376374,Cattasaurus - shoproxstore - Shopify,direct_to_consumer,fulfilled,2026-01-03,2026-01-04,2026-01-03,PA2,FedEx,1,2,30.62,3.9,0.0,34.52,shipmonk_estimate,USD
208086,7063473094966,Cattasaurus - shoproxstore - Shopify,direct_to_consumer,fulfilled,2026-01-03,2026-01-04,2026-01-03,PA2,OnTrac,1,1,13.75,2.4,0.0,16.15,shipmonk_estimate,USD
208087,7063473586486,Cattasaurus - shoproxstore - Shopify,direct_to_consumer,fulfilled,2026-01-03,2026-01-08,2026-01-03,NV3,UPS,1,1,31.39,3.3,0.0,34.69,shipmonk_estimate,USD
208088,7063485153590,Cattasaurus - shoproxstore - Shopify,direct_to_consumer,fulfilled,2026-01-03,2026-01-04,2026-01-03,PA2,UPS,1,2,46.46,3.9,0.0,50.36,shipmonk_estimate,USD
208089,7063487250742,Cattasaurus - shoproxstore - Shopify,direct_to_consumer,fulfilled,2026-01-03,,2026-01-03,NV3,ShipMonk,2,0,21.69,4.5,0.0,26.19,shipmonk_estimate,USD
208089-01,8d253508-910d-4caf-b65d-6e45c03e4044,Cattasaurus - shoproxstore - Shopify,direct_to_consumer,fulfilled,2026-01-03,2026-01-12,2026-01-03,NV3,UPS,2,1,26.11,2.7,0.0,28.81,shipmonk_estimate,USD
208090,7063498490166,Cattasaurus - shoproxstore - Shopify,direct_to_consumer,fulfilled,2026-01-03,2026-01-08,2026-01-03,NV3,FedEx,1,1,23.01,3.3,0.0,26.31,shipmonk_estimate,USD
208091,7063506747702,Cattasaurus - shoproxstore - Shopify,direct_to_consumer,fulfilled,2026-01-03,2026-01-05,2026-01-03,NV3,OnTrac,1,1,19.41,2.4,0.0,21.81,shipmonk_estimate,USD
208092,7063513530678,Cattasaurus - shoproxstore - Shopify,direct_to_consumer,fulfilled,2026-01-03,2026-01-05,2026-01-03,NV3,OnTrac,1,1,15.49,2.4,0.0,17.89,shipmonk_estimate,USD
208093,7063523098934,Cattasaurus - shoproxstore - Shopify,direct_to_consumer,fulfilled,2026-01-03,2026-01-05,2026-01-03,NV3,OnTrac,1,1,18.07,2.1,0.0,20.17,shipmonk_estimate,USD
208094,7063525589302,Cattasaurus - shoproxstore - Shopify,direct_to_consumer,fulfilled,2026-01-03,2026-01-05,2026-01-03,PA2,FedEx,1,1,18.86,2.1,0.0,20.96,shipmonk_estimate,USD
208095,7063535354166,Cattasaurus - shoproxstore - Shopify,direct_to_consumer,fulfilled,2026-01-03,2026-01-05,2026-01-03,PA2,OnTrac,1,1,15.49,1.8,0.0,17.29,shipmonk_estimate,USD
208096,7063535452470,Cattasaurus - shoproxstore - Shopify,direct_to_consumer,fulfilled,2026-01-03,,2026-01-03,NV3,ShipMonk,1,0,28.32,4.5,0.0,32.82,shipmonk_estimate,USD
208096-01,f70e9029-2109-479b-b675-08779e0019a2,Cattasaurus - shoproxstore - Shopify,direct_to_consumer,fulfilled,2026-01-03,2026-01-14,2026-01-03,PA2,UPS,1,1,21.1,2.4,0.0,23.5,shipmonk_estimate,USD
208097,7063536435510,Cattasaurus - shoproxstore - Shopify,direct_to_consumer,fulfilled,2026-01-03,,2026-01-03,NV3,ShipMonk,1,0,26.75,4.5,0.0,31.25,shipmonk_estimate,USD
208097-01,0f52cd91-93d9-45bc-a07c-5f06e644c72a,Cattasaurus - shoproxstore - Shopify,direct_to_consumer,fulfilled,2026-01-03,2026-01-12,2026-01-03,NV3,FedEx,1,1,29.69,2.4,0.0,32.09,shipmonk_estimate,USD
208098,7063540072758,Cattasaurus - shoproxstore - Shopify,direct_to_consumer,fulfilled,2026-01-03,2026-01-05,2026-01-03,PA2,OnTrac,1,1,16.37,1.8,0.0,18.17,shipmonk_estimate,USD
208099,7063542759734,Cattasaurus - shoproxstore - Shopify,direct_to_consumer,fulfilled,2026-01-03,2026-01-05,2026-01-03,NV3,FedEx,1,1,23.76,2.1,0.0,25.86,shipmonk_estimate,USD
208100,7063544627510,Cattasaurus - shoproxstore - Shopify,direct_to_consumer,fulfilled,2026-01-03,2026-01-05,2026-01-03,NV3,FedEx,1,1,23.01,2.4,0.0,25.41,shipmonk_estimate,USD
208101,7063549837622,Cattasaurus - shoproxstore - Shopify,direct_to_consumer,fulfilled,2026-01-03,2026-01-05,2026-01-03,NV3,OnTrac,1,1,15.49,2.4,0.0,17.89,shipmonk_estimate,USD
208102,7063550165302,Cattasaurus - shoproxstore - Shopify,direct_to_consumer,fulfilled,2026-01-03,2026-01-05,2026-01-03,NV3,OnTrac,1,1,13.87,2.1,0.0,15.97,shipmonk_estimate,USD
208103,7063552229686,Cattasaurus - shoproxstore - Shopify,direct_to_consumer,fulfilled,2026-01-03,2026-01-08,2026-01-03,NV3,FedEx,1,1,25.1,2.4,0.0,27.5,shipmonk_estimate,USD
208104,7063552983350,Cattasaurus - shoproxstore - Shopify,direct_to_consumer,fulfilled,2026-01-03,2026-01-05,2026-01-03,NV3,OnTrac,1,1,16.37,2.1,0.0,18.47,shipmonk_estimate,USD
208105,7063559831862,Cattasaurus - shoproxstore - Shopify,direct_to_consumer,fulfilled,2026-01-03,2026-01-05,2026-01-03,PA2,OnTrac,1,1,13.78,1.8,0.0,15.58,shipmonk_estimate,USD
208106,7063563239734,Cattasaurus - shoproxstore - Shopify,direct_to_consumer,fulfilled,2026-01-03,2026-01-05,2026-01-03,PA2,OnTrac,1,1,15.56,2.1,0.0,17.66,shipmonk_estimate,USD
208107,7063607443766,Cattasaurus - shoproxstore - Shopify,direct_to_consumer,fulfilled,2026-01-03,,2026-01-03,NV3,ShipMonk,1,0,26.75,4.5,0.0,31.25,shipmonk_estimate,USD
208107-01,1af1f5fd-1e45-42e4-b459-c065bc680b37,Cattasaurus - shoproxstore - Shopify,direct_to_consumer,fulfilled,2026-01-03,2026-01-12,2026-01-03,NV3,FedEx,1,1,29.69,2.4,0.0,32.09,shipmonk_estimate,USD
208108,7063610261814,Cattasaurus - shoproxstore - Shopify,direct_to_consumer,fulfilled,2026-01-03,2026-01-05,2026-01-03,PA2,FedEx,1,1,12.89,2.1,0.0,14.99,shipmonk_estimate,USD
208109,7063629234486,Cattasaurus - shoproxstore - Shopify,direct_to_consumer,fulfilled,2026-01-03,2026-01-05,2026-01-03,NV3,FedEx,1,1,18.07,2.1,0.0,20.17,shipmonk_estimate,USD
208110,7063631561014,Cattasaurus - shoproxstore - Shopify,direct_to_consumer,fulfilled,2026-01-03,2026-01-05,2026-01-03,PA2,OnTrac,1,1,16.37,2.1,0.0,18.47,shipmonk_estimate,USD
208111,7063637164342,Cattasaurus - shoproxstore - Shopify,direct_to_consumer,fulfilled,2026-01-03,,2026-01-03,NV3,ShipMonk,1,0,26.75,4.5,0.0,31.25,shipmonk_estimate,USD
208111-01,e5fd512e-4d27-4a85-bf14-123baa132896,Cattasaurus - shoproxstore - Shopify,direct_to_consumer,fulfilled,2026-01-03,2026-01-12,2026-01-03,NV3,FedEx,1,1,29.69,2.4,0.0,32.09,shipmonk_estimate,USD
208112,7063655153974,Cattasaurus - shoproxstore - Shopify,direct_to_consumer,fulfilled,2026-01-03,2026-01-05,2026-01-03,NV3,FedEx,1,1,29.69,2.4,0.0,32.09,shipmonk_estimate,USD
208113,7063661052214,Cattasaurus - shoproxstore - Shopify,direct_to_consumer,fulfilled,2026-01-03,2026-01-05,2026-01-03,NV3,OnTrac,1,1,15.49,2.4,0.0,17.89,shipmonk_estimate,USD
208114,7063667933494,Cattasaurus - shoproxstore - Shopify,direct_to_consumer,fulfilled,2026-01-03,,2026-01-03,NV3,ShipMonk,1,0,28.32,4.5,0.0,32.82,shipmonk_estimate,USD
208114-01,cb386875-012c-4084-8665-31fb4ed9c87a,Cattasaurus - shoproxstore - Shopify,direct_to_consumer,fulfilled,2026-01-03,2026-01-12,2026-01-03,NV3,OnTrac,1,1,31.39,2.4,0.0,33.79,shipmonk_estimate,USD
208115,7063680942390,Cattasaurus - shoproxstore - Shopify,direct_to_consumer,fulfilled,2026-01-03,2026-01-05,2026-01-03,NV3,OnTrac,1,1,18.55,2.4,0.0,20.95,shipmonk_estimate,USD
208116,7063681564982,Cattasaurus - shoproxstore - Shopify,direct_to_consumer,fulfilled,2026-01-03,2026-01-05,2026-01-03,NV3,FedEx,2,1,18.83,2.4,0.0,21.23,shipmonk_estimate,USD
208117,7063682679094,Cattasaurus - shoproxstore - Shopify,direct_to_consumer,fulfilled,2026-01-03,2026-01-05,2026-01-03,NV3,FedEx,1,1,23.01,3.3,0.0,26.31,shipmonk_estimate,USD
208118,7063691297078,Cattasaurus - shoproxstore - Shopify,direct_to_consumer,fulfilled,2026-01-03,2026-01-05,2026-01-03,PA2,OnTrac,1,1,13.66,1.8,0.0,15.46,shipmonk_estimate,USD
208119,7063696081206,Cattasaurus - shoproxstore - Shopify,direct_to_consumer,fulfilled,2026-01-03,2026-01-05,2026-01-03,NV3,OnTrac,1,1,16.37,2.1,0.0,18.47,shipmonk_estimate,USD
208120,7063700013366,Cattasaurus - shoproxstore - Shopify,direct_to_consumer,fulfilled,2026-01-03,2026-01-05,2026-01-03,PA2,UPS,1,1,19.33,2.4,0.0,21.73,shipmonk_estimate,USD
208121,7063702241590,Cattasaurus - shoproxstore - Shopify,direct_to_consumer,fulfilled,2026-01-03,2026-01-05,2026-01-03,NV3,FedEx,2,1,19.77,2.4,0.0,22.17,shipmonk_estimate,USD
208122,7063709581622,Cattasaurus - shoproxstore - Shopify,direct_to_consumer,fulfilled,2026-01-03,2026-01-05,2026-01-03,PA2,OnTrac,1,1,13.87,1.8,0.0,15.67,shipmonk_estimate,USD
208123,7063735730486,Cattasaurus - shoproxstore - Shopify,direct_to_consumer,fulfilled,2026-01-03,2026-01-05,2026-01-03,PA2,OnTrac,1,1,12.87,1.5,0.0,14.37,shipmonk_estimate,USD
208124,7063745102134,Cattasaurus - shoproxstore - Shopify,direct_to_consumer,fulfilled,2026-01-03,2026-01-05,2026-01-03,PA2,UPS,1,1,21.1,1.8,0.0,22.9,shipmonk_estimate,USD
208125,7063759061302,Cattasaurus - shoproxstore - Shopify,direct_to_consumer,fulfilled,2026-01-03,2026-01-05,2026-01-03,NV3,OnTrac,1,1,17.47,2.1,0.0,19.57,shipmonk_estimate,USD
208126,7063770497334,Cattasaurus - shoproxstore - Shopify,direct_to_consumer,fulfilled,2026-01-03,2026-01-05,2026-01-03,PA2,UPS,1,1,18.83,1.8,0.0,20.63,shipmonk_estimate,USD
208127,7063773741366,Cattasaurus - shoproxstore - Shopify,direct_to_consumer,fulfilled,2026-01-03,2026-01-05,2026-01-03,NV3,FedEx,1,1,23.76,1.8,0.0,25.56,shipmonk_estimate,USD
208128,7063775052086,Cattasaurus - shoproxstore - Shopify,direct_to_consumer,fulfilled,2026-01-03,2026-01-05,2026-01-03,NV3,OnTrac,1,1,15.49,1.8,0.0,17.29,shipmonk_estimate,USD
208129,7063808049462,Cattasaurus - shoproxstore - Shopify,direct_to_consumer,fulfilled,2026-01-03,,2026-01-03,NV3,ShipMonk,1,0,26.75,4.5,0.0,31.25,shipmonk_estimate,USD
208129-01,6e4e31f8-535a-4982-929f-88d5bbb0254d,Cattasaurus - shoproxstore - Shopify,direct_to_consumer,fulfilled,2026-01-03,2026-01-12,2026-01-03,NV3,FedEx,1,1,29.69,2.4,0.0,32.09,shipmonk_estimate,USD
208130,7063822106934,Cattasaurus - shoproxstore - Shopify,direct_to_consumer,fulfilled,2026-01-03,2026-01-05,2026-01-03,NV3,UPS,1,1,25.24,2.1,0.0,27.34,shipmonk_estimate,USD
208133,7063862018358,Cattasaurus - shoproxstore - Shopify,direct_to_consumer,fulfilled,2026-01-03,2026-01-05,2026-01-03,NV3,FedEx,1,1,19.41,2.4,0.0,21.81,shipmonk_estimate,USD
208134,7063865360694,Cattasaurus - shoproxstore - Shopify,direct_to_consumer,fulfilled,2026-01-03,2026-01-05,2026-01-03,NV3,OnTrac,1,1,16.98,2.1,0.0,19.08,shipmonk_estimate,USD
208135,7063865688374,Cattasaurus - shoproxstore - Shopify,direct_to_consumer,fulfilled,2026-01-03,2026-01-05,2026-01-03,PA2,OnTrac,1,1,12.89,1.8,0.0,14.69,shipmonk_estimate,USD
208136,7063883415862,Cattasaurus - shoproxstore - Shopify,direct_to_consumer,fulfilled,2026-01-03,2026-01-05,2026-01-03,NV3,OnTrac,1,1,16.37,1.8,0.0,18.17,shipmonk_estimate,USD
208137,7063893344566,Cattasaurus - shoproxstore - Shopify,direct_to_consumer,fulfilled,2026-01-03,2026-01-05,2026-01-03,PA2,UPS,1,1,15.9,2.1,0.0,18.0,shipmonk_estimate,USD
208138,7063896752438,Cattasaurus - shoproxstore - Shopify,direct_to_consumer,fulfilled,2026-01-03,,2026-01-03,NV3,ShipMonk,1,0,23.12,4.5,0.0,27.62,shipmonk_estimate,USD
208138-01,09660846-38be-4b1b-a32d-a39e9f6fd68f,Cattasaurus - shoproxstore - Shopify,direct_to_consumer,fulfilled,2026-01-03,2026-01-14,2026-01-03,PA2,OnTrac,1,1,16.86,2.4,0.0,19.26,shipmonk_estimate,USD
208139,7063903469878,Cattasaurus - shoproxstore - Shopify,direct_to_consumer,fulfilled,2026-01-03,2026-01-05,2026-01-03,NV3,FedEx,1,1,29.69,2.4,0.0,32.09,shipmonk_estimate,USD
208140,7063905534262,Cattasaurus - shoproxstore - Shopify,direct_to_consumer,fulfilled,2026-01-03,2026-01-05,2026-01-03,PA2,FedEx,1,1,18.86,2.1,0.0,20.96,shipmonk_estimate,USD
208141,7063926374710,Cattasaurus - shoproxstore - Shopify,direct_to_consumer,fulfilled,2026-01-03,2026-01-05,2026-01-03,PA2,OnTrac,1,1,13.87,2.1,0.0,15.97,shipmonk_estimate,USD
208143,7063947575606,Cattasaurus - shoproxstore - Shopify,direct_to_consumer,fulfilled,2026-01-03,2026-01-05,2026-01-03,NV3,FedEx,1,1,19.41,2.4,0.0,21.81,shipmonk_estimate,USD
208144,7063949934902,Cattasaurus - shoproxstore - Shopify,direct_to_consumer,fulfilled,2026-01-03,,2026-01-03,NV3,ShipMonk,1,0,26.75,3.3,0.0,30.05,shipmonk_estimate,USD
208144-01,9c628222-c2cb-4df8-8f8c-c96f06388af1,Cattasaurus - shoproxstore - Shopify,direct_to_consumer,fulfilled,2026-01-03,2026-01-12,2026-01-03,NV3,FedEx,1,1,29.69,2.4,0.0,32.09,shipmonk_estimate,USD
208145,7063963042102,Cattasaurus - shoproxstore - Shopify,direct_to_consumer,fulfilled,2026-01-03,2026-01-05,2026-01-03,PA2,FedEx,1,2,26.82,3.9,0.0,30.72,shipmonk_estimate,USD
208146,7063984865590,Cattasaurus - shoproxstore - Shopify,direct_to_consumer,fulfilled,2026-01-03,,2026-01-03,NV3,ShipMonk,1,0,23.12,3.3,0.0,26.42,shipmonk_estimate,USD
208146-01,6fa5e811-51b5-467d-ba67-fe76dd9566dc,Cattasaurus - shoproxstore - Shopify,direct_to_consumer,fulfilled,2026-01-03,2026-01-12,2026-01-03,NV3,FedEx,1,1,25.98,2.4,0.0,28.38,shipmonk_estimate,USD
208147,7063985619254,Cattasaurus - shoproxstore - Shopify,direct_to_consumer,fulfilled,2026-01-03,,2026-01-03,NV3,ShipMonk,1,0,28.32,4.5,0.0,32.82,shipmonk_estimate,USD
208147-01,2e80ff72-b459-4edf-a2b2-e9bab916a2e5,Cattasaurus - shoproxstore - Shopify,direct_to_consumer,fulfilled,2026-01-03,2026-01-12,2026-01-03,NV3,OnTrac,1,1,31.39,2.4,0.0,33.79,shipmonk_estimate,USD
208148,7064011735350,Cattasaurus - shoproxstore - Shopify,direct_to_consumer,fulfilled,2026-01-03,2026-01-05,2026-01-03,PA2,UPS,1,1,14.58,2.1,0.0,16.68,shipmonk_estimate,USD
208149,7064014291254,Cattasaurus - shoproxstore - Shopify,direct_to_consumer,fulfilled,2026-01-03,2026-01-05,2026-01-03,PA2,OnTrac,1,1,16.37,1.8,0.0,18.17,shipmonk_estimate,USD
208150,7064016945462,Cattasaurus - shoproxstore - Shopify,direct_to_consumer,fulfilled,2026-01-03,2026-01-05,2026-01-03,PA2,UPS,1,1,21.1,1.8,0.0,22.9,shipmonk_estimate,USD
208151,7064021205302,Cattasaurus - shoproxstore - Shopify,direct_to_consumer,fulfilled,2026-01-03,2026-01-05,2026-01-03,PA2,FedEx,1,1,13.87,1.8,0.0,15.67,shipmonk_estimate,USD
208152,7064022024502,Cattasaurus - shoproxstore - Shopify,direct_to_consumer,fulfilled,2026-01-03,2026-01-05,2026-01-03,NV3,OnTrac,1,1,18.55,2.4,0.0,20.95,shipmonk_estimate,USD
208153,7064050401590,Cattasaurus - shoproxstore - Shopify,direct_to_consumer,fulfilled,2026-01-03,2026-01-05,2026-01-03,PA2,UPS,1,2,45.74,3.9,0.0,49.64,shipmonk_estimate,USD
208154,7064058593590,Cattasaurus - shoproxstore - Shopify,direct_to_consumer,fulfilled,2026-01-03,2026-01-05,2026-01-03,NV3,FedEx,1,1,23.01,2.4,0.0,25.41,shipmonk_estimate,USD
208155,7064060330294,Cattasaurus - shoproxstore - Shopify,direct_to_consumer,fulfilled,2026-01-03,2026-01-05,2026-01-03,NV3,UPS,1,1,21.47,1.8,0.0,23.27,shipmonk_estimate,USD
208156,7064084447542,Cattasaurus - shoproxstore - Shopify,direct_to_consumer,fulfilled,2026-01-03,,2026-01-03,NV3,ShipMonk,1,0,28.32,3.3,0.0,31.62,shipmonk_estimate,USD
208156-01,fcb1ac23-00ad-4dc9-89ab-12fec310880b,Cattasaurus - shoproxstore - Shopify,direct_to_consumer,fulfilled,2026-01-03,2026-01-15,2026-01-03,PA2,OnTrac,1,1,15.27,3.3,0.0,18.57,shipmonk_estimate,USD
208157,7064100110646,Cattasaurus - shoproxstore - Shopify,direct_to_consumer,fulfilled,2026-01-03,2026-01-06,2026-01-03,NV3,UPS,1,1,15.9,2.1,0.0,18.0,shipmonk_estimate,USD
208158,7064109515062,Cattasaurus - shoproxstore - Shopify,direct_to_consumer,fulfilled,2026-01-03,2026-01-05,2026-01-03,PA2,FedEx,2,1,18.86,2.1,0.0,20.96,shipmonk_estimate,USD
208159,7064127045942,Cattasaurus - shoproxstore - Shopify,direct_to_consumer,fulfilled,2026-01-03,2026-01-05,2026-01-03,PA2,FedEx,1,1,18.86,2.1,0.0,20.96,shipmonk_estimate,USD
208160,7064137466166,Cattasaurus - shoproxstore - Shopify,direct_to_consumer,fulfilled,2026-01-03,2026-01-05,2026-01-03,PA2,OnTrac,1,1,13.78,2.4,0.0,16.18,shipmonk_estimate,USD
208161,7064137662774,Cattasaurus - shoproxstore - Shopify,direct_to_consumer,fulfilled,2026-01-03,2026-01-05,2026-01-03,NV3,UPS,1,1,27.67,2.4,0.0,30.07,shipmonk_estimate,USD
208162,7064144871734,Cattasaurus - shoproxstore - Shopify,direct_to_consumer,fulfilled,2026-01-03,2026-01-05,2026-01-03,PA2,FedEx,2,1,18.86,2.4,0.0,21.26,shipmonk_estimate,USD
208163,7064151163190,Cattasaurus - shoproxstore - Shopify,direct_to_consumer,fulfilled,2026-01-03,2026-01-05,2026-01-03,PA2,OnTrac,1,1,18.55,2.4,0.0,20.95,shipmonk_estimate,USD
208164,7064166859062,Cattasaurus - shoproxstore - Shopify,direct_to_consumer,fulfilled,2026-01-03,2026-01-05,2026-01-03,NV3,FedEx,1,1,24.71,2.4,0.0,27.11,shipmonk_estimate,USD
208165,7064184783158,Cattasaurus - shoproxstore - Shopify,direct_to_consumer,fulfilled,2026-01-03,2026-01-05,2026-01-03,PA2,FedEx,1,1,19.41,2.4,0.0,21.81,shipmonk_estimate,USD
208166,7064192319798,Cattasaurus - shoproxstore - Shopify,direct_to_consumer,fulfilled,2026-01-03,2026-01-05,2026-01-03,NV3,UPS,1,1,13.87,1.8,0.0,15.67,shipmonk_estimate,USD
208167,7064204706102,Cattasaurus - shoproxstore - Shopify,direct_to_consumer,fulfilled,2026-01-03,2026-01-05,2026-01-03,PA2,OnTrac,1,1,15.49,1.8,0.0,17.29,shipmonk_estimate,USD
208168,7064209981750,Cattasaurus - shoproxstore - Shopify,direct_to_consumer,fulfilled,2026-01-03,2026-01-05,2026-01-03,NV3,UPS,1,1,15.9,2.1,0.0,18.0,shipmonk_estimate,USD
208169,7064220369206,Cattasaurus - shoproxstore - Shopify,direct_to_consumer,fulfilled,2026-01-03,2026-01-05,2026-01-03,PA2,FedEx,1,1,16.86,2.4,0.0,19.26,shipmonk_estimate,USD
208170,7064251892022,Cattasaurus - shoproxstore - Shopify,direct_to_consumer,fulfilled,2026-01-03,2026-01-05,2026-01-03,PA2,OnTrac,1,1,13.87,1.8,0.0,15.67,shipmonk_estimate,USD
208171,7064262476086,Cattasaurus - shoproxstore - Shopify,direct_to_consumer,fulfilled,2026-01-03,2026-01-05,2026-01-03,NV3,FedEx,1,1,19.78,2.1,0.0,21.88,shipmonk_estimate,USD
208172,7064269357366,Cattasaurus - shoproxstore - Shopify,direct_to_consumer,fulfilled,2026-01-03,2026-01-05,2026-01-03,PA2,OnTrac,2,1,16.37,2.4,0.0,18.77,shipmonk_estimate,USD
208173,7064293605686,Cattasaurus - shoproxstore - Shopify,direct_to_consumer,fulfilled,2026-01-03,2026-01-12,2026-01-03,NV3,FedEx,1,1,29.69,2.4,0.0,32.09,shipmonk_estimate,USD
208174,7064300224822,Cattasaurus - shoproxstore - Shopify,direct_to_consumer,fulfilled,2026-01-03,2026-01-05,2026-01-03,PA2,OnTrac,1,1,13.66,2.1,0.0,15.76,shipmonk_estimate,USD
208175,7064300781878,Cattasaurus - shoproxstore - Shopify,direct_to_consumer,fulfilled,2026-01-03,2026-01-05,2026-01-03,PA2,UPS,1,2,45.74,3.9,0.0,49.64,shipmonk_estimate,USD
208176,7064307499318,Cattasaurus - shoproxstore - Shopify,direct_to_consumer,fulfilled,2026-01-03,2026-01-12,2026-01-03,NV3,FedEx,1,1,25.98,2.4,0.0,28.38,shipmonk_estimate,USD
208177,7064316281142,Cattasaurus - shoproxstore - Shopify,direct_to_consumer,fulfilled,2026-01-03,2026-01-05,2026-01-03,PA2,UPS,2,1,19.33,3.0,0.0,22.33,shipmonk_estimate,USD
208178,7064321622326,Cattasaurus - shoproxstore - Shopify,direct_to_consumer,fulfilled,2026-01-03,2026-01-05,2026-01-03,PA2,FedEx,1,1,19.41,2.4,0.0,21.81,shipmonk_estimate,USD
208179,7064394760502,Cattasaurus - shoproxstore - Shopify,direct_to_consumer,fulfilled,2026-01-03,2026-01-05,2026-01-03,NV3,OnTrac,1,1,15.49,2.1,0.0,17.59,shipmonk_estimate,USD
208180,7064403411254,Cattasaurus - shoproxstore - Shopify,direct_to_consumer,fulfilled,2026-01-03,2026-01-12,2026-01-03,NV3,FedEx,1,1,29.69,2.4,0.0,32.09,shipmonk_estimate,USD
208181,7064409997622,Cattasaurus - shoproxstore - Shopify,direct_to_consumer,fulfilled,2026-01-03,2026-01-05,2026-01-03,NV3,OnTrac,1,1,16.37,2.1,0.0,18.47,shipmonk_estimate,USD
208182,7064441717046,Cattasaurus - shoproxstore - Shopify,direct_to_consumer,fulfilled,2026-01-03,2026-01-04,2026-01-03,PA2,UPS,2,1,15.9,2.1,0.0,18.0,shipmonk_estimate,USD
208183,7064477925686,Cattasaurus - shoproxstore - Shopify,direct_to_consumer,fulfilled,2026-01-03,2026-01-12,2026-01-03,NV3,UPS,1,1,31.39,3.3,0.0,34.69,shipmonk_estimate,USD
"Merged: 206704, 206703-01",c977485a-ab43-462a-9cc3-3c4e9c1a75c0,Cattasaurus - shoproxstore - Shopify,direct_to_consumer,fulfilled,2026-01-03,2026-01-05,2026-01-03,NV3,UPS,2,1,18.83,2.1,0.0,20.93,shipmonk_estimate,USD
"Merged: 206719, 206722-01",defe2521-c35a-46ef-80fb-7a7a832f51a1,Cattasaurus - shoproxstore - Shopify,direct_to_consumer,fulfilled,2026-01-03,2026-01-04,2026-01-03,PA2,UPS,1,1,18.51,2.1,0.0,20.61,shipmonk_estimate,USD
"Merged: 208131, 208132",c6be95bf-c6f5-4e7b-994b-db02ccd263c7,Cattasaurus - shoproxstore - Shopify,direct_to_consumer,fulfilled,2026-01-03,2026-01-06,2026-01-03,PA2,OnTrac,1,1,13.66,2.7,0.0,16.36,shipmonk_estimate,USD
WAL129100356469690,a2723a65-f4db-4d00-86b5-d08b271a0a41,Cattasaurus - Manual Store,direct_to_consumer,fulfilled,2026-01-03,2026-01-05,2026-01-03,NV3,UPS,1,1,18.07,1.8,0.0,19.87,shipmonk_estimate,USD
WAL129100357335185,621ebc92-85fe-43db-b237-20c5ce32062c,Cattasaurus - Manual Store,direct_to_consumer,fulfilled,2026-01-03,2026-01-03,2026-01-03,PA2,OnTrac,1,1,15.3,2.5,0.0,17.8,shipmonk_estimate,USD
WAL129100458883399,ba6f8213-cc7c-4824-95c6-da32f2590dd0,Cattasaurus - Manual Store,direct_to_consumer,fulfilled,2026-01-03,2026-01-03,2026-01-03,PA2,OnTrac,1,1,18.57,1.8,0.0,20.37,shipmonk_estimate,USD
111-0209368-9669053,111-0209368-9669053,Cattasaurus - Amazon USA,direct_to_consumer,fulfilled,2026-01-04,2026-01-04,2026-01-04,PA2,OnTrac,1,1,12.86,2.1,0.0,14.96,shipmonk_estimate,USD
111-0922897-3657067,111-0922897-3657067,Cattasaurus - Amazon USA,direct_to_consumer,fulfilled,2026-01-04,2026-01-05,2026-01-04,PA2,OnTrac,1,1,17.16,2.1,0.0,19.26,shipmonk_estimate,USD
111-1177502-4654603,111-1177502-4654603,Cattasaurus - Amazon USA,direct_to_consumer,fulfilled,2026-01-04,2026-01-05,2026-01-04,NV3,OnTrac,1,1,13.98,2.1,0.0,16.08,shipmonk_estimate,USD
111-4905407-7513031,111-4905407-7513031,Cattasaurus - Amazon USA,direct_to_consumer,fulfilled,2026-01-04,2026-01-05,2026-01-04,PA2,OnTrac,1,1,13.78,1.8,0.0,15.58,shipmonk_estimate,USD
111-5502940-6017032,111-5502940-6017032,Cattasaurus - Amazon USA,direct_to_consumer,fulfilled,2026-01-04,2026-01-05,2026-01-04,PA2,UPS,1,1,19.44,2.1,0.0,21.54,shipmonk_estimate,USD
111-7702170-1879460,111-7702170-1879460,Cattasaurus - Amazon USA,direct_to_consumer,fulfilled,2026-01-04,2026-01-05,2026-01-04,PA2,UPS,1,1,16.09,2.1,0.0,18.19,shipmonk_estimate,USD
111-8262853-6175449,111-8262853-6175449,Cattasaurus - Amazon USA,direct_to_consumer,fulfilled,2026-01-04,2026-01-05,2026-01-04,NV3,OnTrac,1,1,17.16,2.1,0.0,19.26,shipmonk_estimate,USD
112-2091661-1269864,112-2091661-1269864,Cattasaurus - Amazon USA,direct_to_consumer,fulfilled,2026-01-04,2026-01-05,2026-01-04,NV3,OnTrac,1,1,14.01,2.1,0.0,16.11,shipmonk_estimate,USD
112-2278028-1653858,112-2278028-1653858,Cattasaurus - Amazon USA,direct_to_consumer,fulfilled,2026-01-04,2026-01-04,2026-01-04,PA2,UPS,1,1,19.4,2.1,0.0,21.5,shipmonk_estimate,USD
112-3384357-6293040,112-3384357-6293040,Cattasaurus - Amazon USA,direct_to_consumer,fulfilled,2026-01-04,2026-01-05,2026-01-04,NV3,OnTrac,1,1,15.35,2.1,0.0,17.45,shipmonk_estimate,USD
112-5396145-3317855,112-5396145-3317855,Cattasaurus - Amazon USA,direct_to_consumer,fulfilled,2026-01-04,2026-01-05,2026-01-04,PA2,OnTrac,1,1,17.16,2.1,0.0,19.26,shipmonk_estimate,USD
112-5493423-8231413,112-5493423-8231413,Cattasaurus - Amazon USA,direct_to_consumer,fulfilled,2026-01-04,2026-01-05,2026-01-04,NV3,OnTrac,1,1,17.16,2.1,0.0,19.26,shipmonk_estimate,USD
112-5717066-3001016,112-5717066-3001016,Cattasaurus - Amazon USA,direct_to_consumer,fulfilled,2026-01-04,2026-01-05,2026-01-04,PA2,FedEx,1,1,18.86,2.1,0.0,20.96,shipmonk_estimate,USD
112-6767797-7815402,112-6767797-7815402,Cattasaurus - Amazon USA,direct_to_consumer,fulfilled,2026-01-04,2026-01-05,2026-01-04,NV3,OnTrac,1,1,16.48,2.1,0.0,18.58,shipmonk_estimate,USD
112-9036513-5141815,112-9036513-5141815,Cattasaurus - Amazon USA,direct_to_consumer,fulfilled,2026-01-04,2026-01-05,2026-01-04,NV3,FedEx,1,1,16.37,2.1,0.0,18.47,shipmonk_estimate,USD
113-0052894-8644237,113-0052894-8644237,Cattasaurus - Amazon USA,direct_to_consumer,fulfilled,2026-01-04,2026-01-05,2026-01-04,NV3,OnTrac,1,1,13.87,2.1,0.0,15.97,shipmonk_estimate,USD
113-0266392-1893878,113-0266392-1893878,Cattasaurus - Amazon USA,direct_to_consumer,fulfilled,2026-01-04,2026-01-04,2026-01-04,PA2,OnTrac,1,1,16.34,2.1,0.0,18.44,shipmonk_estimate,USD
113-0376062-2097009,113-0376062-2097009,Cattasaurus - Amazon USA,direct_to_consumer,fulfilled,2026-01-04,2026-01-05,2026-01-04,PA2,UPS,1,1,11.18,1.5,0.0,12.68,shipmonk_estimate,USD
113-1369357-5293052,113-1369357-5293052,Cattasaurus - Amazon USA,direct_to_consumer,fulfilled,2026-01-04,2026-01-05,2026-01-04,NV3,FedEx,1,1,20.07,2.1,0.0,22.17,shipmonk_estimate,USD
113-1379942-2624211,113-1379942-2624211,Cattasaurus - Amazon USA,direct_to_consumer,fulfilled,2026-01-04,2026-01-05,2026-01-04,NV3,OnTrac,1,1,17.16,2.1,0.0,19.26,shipmonk_estimate,USD
113-3048650-3476218,113-3048650-3476218,Cattasaurus - Amazon USA,direct_to_consumer,fulfilled,2026-01-04,2026-01-05,2026-01-04,NV3,USPS,1,1,15.44,2.5,0.0,17.94,shipmonk_estimate,USD
113-4551284-1593044,113-4551284-1593044,Cattasaurus - Amazon USA,direct_to_consumer,fulfilled,2026-01-04,2026-01-05,2026-01-04,NV3,OnTrac,1,1,18.61,2.1,0.0,20.71,shipmonk_estimate,USD
113-5933131-2390603,113-5933131-2390603,Cattasaurus - Amazon USA,direct_to_consumer,fulfilled,2026-01-04,2026-01-05,2026-01-04,PA2,OnTrac,1,1,13.87,2.1,0.0,15.97,shipmonk_estimate,USD
113-8546047-0749021,113-8546047-0749021,Cattasaurus - Amazon USA,direct_to_consumer,fulfilled,2026-01-04,2026-01-05,2026-01-04,PA2,OnTrac,1,1,16.98,2.1,0.0,19.08,shipmonk_estimate,USD
113-9449779-4003419,113-9449779-4003419,Cattasaurus - Amazon USA,direct_to_consumer,fulfilled,2026-01-04,2026-01-05,2026-01-04,PA2,FedEx,1,1,15.56,2.1,0.0,17.66,shipmonk_estimate,USD
114-1469770-7038655,114-1469770-7038655,Cattasaurus - Amazon USA,direct_to_consumer,fulfilled,2026-01-04,2026-01-04,2026-01-04,PA2,OnTrac,1,1,12.86,2.1,0.0,14.96,shipmonk_estimate,USD
114-2045482-4697864,114-2045482-4697864,Cattasaurus - Amazon USA,direct_to_consumer,fulfilled,2026-01-04,2026-01-05,2026-01-04,NV3,OnTrac,1,1,18.55,1.8,0.0,20.35,shipmonk_estimate,USD
114-2481482-1277057,114-2481482-1277057,Cattasaurus - Amazon USA,direct_to_consumer,fulfilled,2026-01-04,2026-01-04,2026-01-04,PA2,OnTrac,1,1,14.18,2.1,0.0,16.28,shipmonk_estimate,USD
114-4271212-0514644,114-4271212-0514644,Cattasaurus - Amazon USA,direct_to_consumer,fulfilled,2026-01-04,2026-01-05,2026-01-04,NV3,OnTrac,1,1,15.27,2.1,0.0,17.37,shipmonk_estimate,USD
114-8694047-7856234,114-8694047-7856234,Cattasaurus - Amazon USA,direct_to_consumer,fulfilled,2026-01-04,2026-01-05,2026-01-04,NV3,OnTrac,1,1,15.71,2.1,0.0,17.81,shipmonk_estimate,USD
208184,7064879366454,Cattasaurus - shoproxstore - Shopify,direct_to_consumer,fulfilled,2026-01-04,2026-01-08,2026-01-04,PA2,FedEx,1,1,14.71,2.5,0.0,17.21,shipmonk_estimate,USD
208184_1,7d4194d8-c969-42c2-8514-c60b98b9ec40,Cattasaurus - shoproxstore - Shopify,direct_to_consumer,fulfilled,2026-01-04,2026-01-08,2026-01-04,PA2,USPS,1,1,5.29,1.5,0.3,7.09,shipmonk_estimate,USD
208184_2,123043d8-c42b-4fcd-ad45-64a97c50df2f,Cattasaurus - shoproxstore - Shopify,direct_to_consumer,fulfilled,2026-01-04,2026-01-08,2026-01-04,PA2,FedEx,1,1,14.71,2.5,0.0,17.21,shipmonk_estimate,USD
208185,7064897814838,Cattasaurus - shoproxstore - Shopify,direct_to_consumer,fulfilled,2026-01-04,2026-01-12,2026-01-04,NV3,FedEx,1,1,31.39,2.4,0.0,33.79,shipmonk_estimate,USD
208186,7064931598646,Cattasaurus - shoproxstore - Shopify,direct_to_consumer,fulfilled,2026-01-04,2026-01-12,2026-01-04,NV3,FedEx,1,1,25.98,2.4,0.0,28.38,shipmonk_estimate,USD
208187,7064935563574,Cattasaurus - shoproxstore - Shopify,direct_to_consumer,fulfilled,2026-01-04,2026-01-05,2026-01-04,PA2,OnTrac,2,1,16.37,3.0,0.0,19.37,shipmonk_estimate,USD
208188,7064955355446,Cattasaurus - shoproxstore - Shopify,direct_to_consumer,fulfilled,2026-01-04,2026-01-05,2026-01-04,PA2,UPS,1,1,18.07,2.1,0.0,20.17,shipmonk_estimate,USD
208189,7064968429878,Cattasaurus - shoproxstore - Shopify,direct_to_consumer,fulfilled,2026-01-04,2026-01-05,2026-01-04,NV3,OnTrac,1,1,18.55,1.8,0.0,20.35,shipmonk_estimate,USD
208190,7064991400246,Cattasaurus - shoproxstore - Shopify,direct_to_consumer,fulfilled,2026-01-04,2026-01-05,2026-01-04,NV3,FedEx,3,1,23.76,2.7,0.0,26.46,shipmonk_estimate,USD
208191,7065001427254,Cattasaurus - shoproxstore - Shopify,direct_to_consumer,fulfilled,2026-01-04,2026-01-05,2026-01-04,PA2,OnTrac,1,1,17.18,2.1,0.0,19.28,shipmonk_estimate,USD
208192_1,25d7a976-6751-4e6e-8e29-0b506f9273d1,Cattasaurus - shoproxstore - Shopify,direct_to_consumer,fulfilled,2026-01-04,2026-04-03,2026-01-04,PA2,Cirro,1,1,4.64,1.5,0.3,6.44,shipmonk_estimate,USD
208193,7065040453942,Cattasaurus - shoproxstore - Shopify,direct_to_consumer,fulfilled,2026-01-04,2026-01-05,2026-01-04,PA2,UPS,1,1,18.67,2.1,0.0,20.77,shipmonk_estimate,USD
208194,7065078071606,Cattasaurus - shoproxstore - Shopify,direct_to_consumer,fulfilled,2026-01-04,2026-01-05,2026-01-04,PA2,OnTrac,1,1,13.87,1.8,0.0,15.67,shipmonk_estimate,USD
208195,7065092260150,Cattasaurus - shoproxstore - Shopify,direct_to_consumer,fulfilled,2026-01-04,2026-01-05,2026-01-04,PA2,UPS,1,1,16.42,2.1,0.0,18.52,shipmonk_estimate,USD
208196,7065099731254,Cattasaurus - shoproxstore - Shopify,direct_to_consumer,fulfilled,2026-01-04,2026-01-05,2026-01-04,PA2,OnTrac,1,1,11.19,1.8,0.0,12.99,shipmonk_estimate,USD
208197,7065099993398,Cattasaurus - shoproxstore - Shopify,direct_to_consumer,fulfilled,2026-01-04,2026-01-05,2026-01-04,PA2,FedEx,1,1,17.17,1.8,0.0,18.97,shipmonk_estimate,USD
208198,7065103630646,Cattasaurus - shoproxstore - Shopify,direct_to_consumer,fulfilled,2026-01-04,2026-01-05,2026-01-04,PA2,OnTrac,2,1,18.07,2.4,0.0,20.47,shipmonk_estimate,USD
208199,7065111363894,Cattasaurus - shoproxstore - Shopify,direct_to_consumer,fulfilled,2026-01-04,2026-01-05,2026-01-04,NV3,OnTrac,2,1,16.37,2.1,0.0,18.47,shipmonk_estimate,USD
208200,7065127616822,Cattasaurus - shoproxstore - Shopify,direct_to_consumer,fulfilled,2026-01-04,2026-01-05,2026-01-04,PA2,UPS,1,1,21.1,2.4,0.0,23.5,shipmonk_estimate,USD
208201,7065142755638,Cattasaurus - shoproxstore - Shopify,direct_to_consumer,fulfilled,2026-01-04,2026-01-05,2026-01-04,PA2,FedEx,1,1,13.87,1.8,0.0,15.67,shipmonk_estimate,USD
208202,7065145803062,Cattasaurus - shoproxstore - Shopify,direct_to_consumer,fulfilled,2026-01-04,2026-01-05,2026-01-04,NV3,OnTrac,1,1,14.21,2.1,0.0,16.31,shipmonk_estimate,USD
208203,7065170149686,Cattasaurus - shoproxstore - Shopify,direct_to_consumer,fulfilled,2026-01-04,2026-01-05,2026-01-04,NV3,OnTrac,1,1,19.12,2.1,0.0,21.22,shipmonk_estimate,USD
208204,7065183224118,Cattasaurus - shoproxstore - Shopify,direct_to_consumer,fulfilled,2026-01-04,2026-01-05,2026-01-04,PA2,FedEx,1,1,21.1,2.4,0.0,23.5,shipmonk_estimate,USD
208205,7065196855606,Cattasaurus - shoproxstore - Shopify,direct_to_consumer,fulfilled,2026-01-04,2026-01-05,2026-01-04,NV3,OnTrac,1,1,19.12,2.1,0.0,21.22,shipmonk_estimate,USD
208206,7065200492854,Cattasaurus - shoproxstore - Shopify,direct_to_consumer,fulfilled,2026-01-04,2026-01-05,2026-01-04,NV3,OnTrac,1,1,14.21,1.8,0.0,16.01,shipmonk_estimate,USD
208207,7065201246518,Cattasaurus - shoproxstore - Shopify,direct_to_consumer,fulfilled,2026-01-04,2026-01-05,2026-01-04,PA2,OnTrac,1,1,16.98,2.7,0.0,19.68,shipmonk_estimate,USD
208209,7065210847542,Cattasaurus - shoproxstore - Shopify,direct_to_consumer,fulfilled,2026-01-04,2026-01-05,2026-01-04,PA2,UPS,3,1,18.07,2.7,0.0,20.77,shipmonk_estimate,USD
208210,7065232998710,Cattasaurus - shoproxstore - Shopify,direct_to_consumer,fulfilled,2026-01-04,2026-01-05,2026-01-04,PA2,OnTrac,1,1,13.87,2.1,0.0,15.97,shipmonk_estimate,USD
208211,7065237651766,Cattasaurus - shoproxstore - Shopify,direct_to_consumer,fulfilled,2026-01-04,2026-01-05,2026-01-04,PA2,OnTrac,1,1,13.66,1.8,0.0,15.46,shipmonk_estimate,USD
208212,7065238143286,Cattasaurus - shoproxstore - Shopify,direct_to_consumer,fulfilled,2026-01-04,2026-01-05,2026-01-04,PA2,UPS,1,1,16.92,2.4,0.0,19.32,shipmonk_estimate,USD
208213,7065270288694,Cattasaurus - shoproxstore - Shopify,direct_to_consumer,fulfilled,2026-01-04,2026-01-05,2026-01-04,NV3,FedEx,1,1,16.35,1.8,0.0,18.15,shipmonk_estimate,USD
208214,7065283100982,Cattasaurus - shoproxstore - Shopify,direct_to_consumer,fulfilled,2026-01-04,2026-01-05,2026-01-04,PA2,FedEx,1,1,13.66,2.1,0.0,15.76,shipmonk_estimate,USD
208215,7065300304182,Cattasaurus - shoproxstore - Shopify,direct_to_consumer,fulfilled,2026-01-04,2026-01-05,2026-01-04,PA2,OnTrac,2,1,13.66,2.1,0.0,15.76,shipmonk_estimate,USD
208216,7065318588726,Cattasaurus - shoproxstore - Shopify,direct_to_consumer,fulfilled,2026-01-04,2026-01-05,2026-01-04,NV3,UPS,1,1,17.18,2.4,0.0,19.58,shipmonk_estimate,USD
208217,7065322029366,Cattasaurus - shoproxstore - Shopify,direct_to_consumer,fulfilled,2026-01-04,2026-01-05,2026-01-04,NV3,FedEx,1,1,25.98,3.3,0.0,29.28,shipmonk_estimate,USD
208218,7065341329718,Cattasaurus - shoproxstore - Shopify,direct_to_consumer,fulfilled,2026-01-04,2026-01-06,2026-01-04,PA2,FedEx,1,1,13.87,2.1,0.0,15.97,shipmonk_estimate,USD
208219,7065354731830,Cattasaurus - shoproxstore - Shopify,direct_to_consumer,fulfilled,2026-01-04,2026-01-05,2026-01-04,NV3,OnTrac,2,1,16.37,2.4,0.0,18.77,shipmonk_estimate,USD
208220,7065354764598,Cattasaurus - shoproxstore - Shopify,direct_to_consumer,fulfilled,2026-01-04,2026-01-06,2026-01-04,PA2,OnTrac,1,1,16.37,2.1,0.0,18.47,shipmonk_estimate,USD
208221,7065360859446,Cattasaurus - shoproxstore - Shopify,direct_to_consumer,fulfilled,2026-01-04,2026-01-05,2026-01-04,NV3,OnTrac,2,1,18.55,2.4,0.0,20.95,shipmonk_estimate,USD
208222,7065379701046,Cattasaurus - shoproxstore - Shopify,direct_to_consumer,fulfilled,2026-01-04,2026-01-06,2026-01-04,PA2,OnTrac,1,1,18.55,2.1,0.0,20.65,shipmonk_estimate,USD
208223,7065422299446,Cattasaurus - shoproxstore - Shopify,direct_to_consumer,fulfilled,2026-01-04,2026-01-05,2026-01-04,NV3,OnTrac,1,1,15.49,2.4,0.0,17.89,shipmonk_estimate,USD
208224,7065426002230,Cattasaurus - shoproxstore - Shopify,direct_to_consumer,fulfilled,2026-01-04,2026-01-06,2026-01-04,NV3,OnTrac,1,1,15.49,1.8,0.0,17.29,shipmonk_estimate,USD
208225,7065442320694,Cattasaurus - shoproxstore - Shopify,direct_to_consumer,fulfilled,2026-01-04,2026-01-05,2026-01-04,NV3,FedEx,1,1,23.76,2.1,0.0,25.86,shipmonk_estimate,USD
208226,7065450021174,Cattasaurus - shoproxstore - Shopify,direct_to_consumer,fulfilled,2026-01-04,2026-01-06,2026-01-04,PA2,FedEx,2,1,18.38,2.1,0.0,20.48,shipmonk_estimate,USD
208227,7065450971446,Cattasaurus - shoproxstore - Shopify,direct_to_consumer,fulfilled,2026-01-04,2026-01-05,2026-01-04,NV3,UPS,1,1,15.9,2.1,0.0,18.0,shipmonk_estimate,USD
208228,7065477841206,Cattasaurus - shoproxstore - Shopify,direct_to_consumer,fulfilled,2026-01-04,2026-01-06,2026-01-04,NV3,OnTrac,1,1,14.21,2.1,0.0,16.31,shipmonk_estimate,USD
208229,7065496977718,Cattasaurus - shoproxstore - Shopify,direct_to_consumer,fulfilled,2026-01-04,2026-01-06,2026-01-04,NV3,OnTrac,1,1,14.73,2.1,0.0,16.83,shipmonk_estimate,USD
208230,7065524011318,Cattasaurus - shoproxstore - Shopify,direct_to_consumer,fulfilled,2026-01-04,2026-01-06,2026-01-04,NV3,OnTrac,1,1,16.86,2.4,0.0,19.26,shipmonk_estimate,USD
208231,7065540919606,Cattasaurus - shoproxstore - Shopify,direct_to_consumer,fulfilled,2026-01-04,2026-01-06,2026-01-04,PA2,UPS,1,1,21.47,1.8,0.0,23.27,shipmonk_estimate,USD
208232,7065547964726,Cattasaurus - shoproxstore - Shopify,direct_to_consumer,fulfilled,2026-01-04,2026-01-06,2026-01-04,PA2,UPS,1,1,15.9,1.8,0.0,17.7,shipmonk_estimate,USD
208234,7065568051510,Cattasaurus - shoproxstore - Shopify,direct_to_consumer,fulfilled,2026-01-04,2026-01-06,2026-01-04,PA2,UPS,1,1,18.83,2.1,0.0,20.93,shipmonk_estimate,USD
208235,7065580896566,Cattasaurus - shoproxstore - Shopify,direct_to_consumer,fulfilled,2026-01-04,2026-01-06,2026-01-04,NV3,OnTrac,1,1,18.07,1.8,0.0,19.87,shipmonk_estimate,USD
208236,7065585942838,Cattasaurus - shoproxstore - Shopify,direct_to_consumer,fulfilled,2026-01-04,2026-01-06,2026-01-04,NV3,OnTrac,1,1,13.66,1.8,0.0,15.46,shipmonk_estimate,USD
208237,7065594134838,Cattasaurus - shoproxstore - Shopify,direct_to_consumer,fulfilled,2026-01-04,2026-01-06,2026-01-04,NV3,OnTrac,1,1,19.12,2.1,0.0,21.22,shipmonk_estimate,USD
208238,7065618350390,Cattasaurus - shoproxstore - Shopify,direct_to_consumer,fulfilled,2026-01-04,2026-01-06,2026-01-04,NV3,OnTrac,1,1,12.89,2.7,0.0,15.59,shipmonk_estimate,USD
208239,7065631588662,Cattasaurus - shoproxstore - Shopify,direct_to_consumer,fulfilled,2026-01-04,2026-01-06,2026-01-04,PA2,UPS,2,1,21.1,2.1,0.0,23.2,shipmonk_estimate,USD
208240,7065648365878,Cattasaurus - shoproxstore - Shopify,direct_to_consumer,fulfilled,2026-01-04,2026-01-06,2026-01-04,NV3,OnTrac,1,1,19.12,2.1,0.0,21.22,shipmonk_estimate,USD
208241,7065656688950,Cattasaurus - shoproxstore - Shopify,direct_to_consumer,fulfilled,2026-01-04,2026-01-06,2026-01-04,PA2,OnTrac,1,1,13.87,1.8,0.0,15.67,shipmonk_estimate,USD
208242,7065676022070,Cattasaurus - shoproxstore - Shopify,direct_to_consumer,fulfilled,2026-01-04,2026-01-06,2026-01-04,NV3,UPS,1,1,24.95,2.1,0.0,27.05,shipmonk_estimate,USD
208243,7065684771126,Cattasaurus - shoproxstore - Shopify,direct_to_consumer,fulfilled,2026-01-04,2026-01-06,2026-01-04,PA2,FedEx,1,1,19.41,2.4,0.0,21.81,shipmonk_estimate,USD
208244,7065694765366,Cattasaurus - shoproxstore - Shopify,direct_to_consumer,fulfilled,2026-01-04,2026-01-06,2026-01-04,NV3,OnTrac,1,1,13.98,1.8,0.0,15.78,shipmonk_estimate,USD
208245,7065709642038,Cattasaurus - shoproxstore - Shopify,direct_to_consumer,fulfilled,2026-01-04,2026-01-06,2026-01-04,NV3,UPS,1,1,23.58,2.1,0.0,25.68,shipmonk_estimate,USD
208246,7065711411510,Cattasaurus - shoproxstore - Shopify,direct_to_consumer,fulfilled,2026-01-04,2026-01-06,2026-01-04,NV3,OnTrac,1,1,16.86,2.4,0.0,19.26,shipmonk_estimate,USD
208247,7065731498294,Cattasaurus - shoproxstore - Shopify,direct_to_consumer,fulfilled,2026-01-04,2026-01-06,2026-01-04,PA2,OnTrac,1,1,16.37,1.8,0.0,18.17,shipmonk_estimate,USD
208248,7065749750070,Cattasaurus - shoproxstore - Shopify,direct_to_consumer,fulfilled,2026-01-04,2026-01-06,2026-01-04,NV3,OnTrac,1,1,15.49,2.4,0.0,17.89,shipmonk_estimate,USD
208250,7065786941750,Cattasaurus - shoproxstore - Shopify,direct_to_consumer,fulfilled,2026-01-04,2026-01-06,2026-01-04,PA2,OnTrac,1,1,16.37,2.1,0.0,18.47,shipmonk_estimate,USD
208251,7065792676150,Cattasaurus - shoproxstore - Shopify,direct_to_consumer,fulfilled,2026-01-04,2026-01-06,2026-01-04,NV3,FedEx,1,1,29.69,2.4,0.0,32.09,shipmonk_estimate,USD
208252,7065852870966,Cattasaurus - shoproxstore - Shopify,direct_to_consumer,fulfilled,2026-01-04,2026-01-06,2026-01-04,NV3,UPS,1,1,24.71,2.4,0.0,27.11,shipmonk_estimate,USD
208253,7065864339766,Cattasaurus - shoproxstore - Shopify,direct_to_consumer,fulfilled,2026-01-04,2026-01-06,2026-01-04,NV3,OnTrac,1,1,15.49,1.8,0.0,17.29,shipmonk_estimate,USD
208254,7065910903094,Cattasaurus - shoproxstore - Shopify,direct_to_consumer,fulfilled,2026-01-04,2026-01-06,2026-01-04,NV3,FedEx,1,1,31.39,2.4,0.0,33.79,shipmonk_estimate,USD
208255,7065938067766,Cattasaurus - shoproxstore - Shopify,direct_to_consumer,fulfilled,2026-01-04,2026-01-06,2026-01-04,PA2,FedEx,1,1,16.35,1.8,0.0,18.15,shipmonk_estimate,USD
208256,7065949339958,Cattasaurus - shoproxstore - Shopify,direct_to_consumer,fulfilled,2026-01-04,2026-01-05,2026-01-04,NV3,OnTrac,2,1,20.81,2.4,0.0,23.21,shipmonk_estimate,USD
208257,7065968214326,Cattasaurus - shoproxstore - Shopify,direct_to_consumer,fulfilled,2026-01-04,2026-01-06,2026-01-04,PA2,OnTrac,2,1,14.58,2.4,0.0,16.98,shipmonk_estimate,USD
208258,7065993478454,Cattasaurus - shoproxstore - Shopify,direct_to_consumer,fulfilled,2026-01-04,2026-01-06,2026-01-04,NV3,UPS,1,1,20.3,1.8,0.0,22.1,shipmonk_estimate,USD
208259,7066011533622,Cattasaurus - shoproxstore - Shopify,direct_to_consumer,fulfilled,2026-01-04,2026-01-06,2026-01-04,PA2,UPS,1,1,19.37,2.4,0.0,21.77,shipmonk_estimate,USD
208260,7066083590454,Cattasaurus - shoproxstore - Shopify,direct_to_consumer,fulfilled,2026-01-04,2026-01-08,2026-01-04,PA2,OnTrac,1,1,15.48,2.4,0.0,17.88,shipmonk_estimate,USD
208260_1,ab9715f0-95cb-4c09-bde6-645dfad18ade,Cattasaurus - shoproxstore - Shopify,direct_to_consumer,fulfilled,2026-01-04,2026-01-12,2026-01-04,NV3,OnTrac,1,1,31.39,2.4,0.0,33.79,shipmonk_estimate,USD
208263,7066123960630,Cattasaurus - shoproxstore - Shopify,direct_to_consumer,fulfilled,2026-01-04,2026-01-06,2026-01-04,NV3,FedEx,1,1,19.77,2.1,0.0,21.87,shipmonk_estimate,USD
208264,7066142933302,Cattasaurus - shoproxstore - Shopify,direct_to_consumer,fulfilled,2026-01-04,2026-01-06,2026-01-04,NV3,FedEx,1,1,18.61,1.8,0.0,20.41,shipmonk_estimate,USD
208265,7066152665398,Cattasaurus - shoproxstore - Shopify,direct_to_consumer,fulfilled,2026-01-04,2026-01-06,2026-01-04,NV3,UPS,1,1,18.07,2.1,0.0,20.17,shipmonk_estimate,USD
208267,7066180976950,Cattasaurus - shoproxstore - Shopify,direct_to_consumer,fulfilled,2026-01-04,2026-01-06,2026-01-04,NV3,OnTrac,1,1,17.18,2.4,0.0,19.58,shipmonk_estimate,USD
208268,7066214924598,Cattasaurus - shoproxstore - Shopify,direct_to_consumer,fulfilled,2026-01-04,2026-01-06,2026-01-04,NV3,OnTrac,1,1,18.55,2.4,0.0,20.95,shipmonk_estimate,USD
208269,7066286653750,Cattasaurus - shoproxstore - Shopify,direct_to_consumer,fulfilled,2026-01-04,2026-01-06,2026-01-04,NV3,FedEx,1,1,19.41,2.4,0.0,21.81,shipmonk_estimate,USD
208270,7066298057014,Cattasaurus - shoproxstore - Shopify,direct_to_consumer,fulfilled,2026-01-04,2026-01-07,2026-01-04,PA2,OnTrac,3,1,16.42,3.0,0.0,19.42,shipmonk_estimate,USD
208271,7066311557430,Cattasaurus - shoproxstore - Shopify,direct_to_consumer,fulfilled,2026-01-04,2026-01-05,2026-01-04,PA2,FedEx,1,1,18.86,2.1,0.0,20.96,shipmonk_estimate,USD
208272,7066370638134,Cattasaurus - shoproxstore - Shopify,direct_to_consumer,fulfilled,2026-01-04,2026-01-06,2026-01-04,NV3,OnTrac,2,1,13.66,2.4,0.0,16.06,shipmonk_estimate,USD
"Merged: 206779, 206782-01",2672816f-c67e-42a2-bc17-21f3c4f0d05c,Cattasaurus - shoproxstore - Shopify,direct_to_consumer,fulfilled,2026-01-04,2026-01-06,2026-01-04,PA2,OnTrac,1,1,10.77,1.5,0.0,12.27,shipmonk_estimate,USD
"Merged: 206959, 206955-01",5686d4fa-408a-4515-995c-d43f67f3df25,Cattasaurus - shoproxstore - Shopify,direct_to_consumer,fulfilled,2026-01-04,2026-01-06,2026-01-04,NV3,DHL eCommerce,1,1,12.76,1.5,0.0,14.26,shipmonk_estimate,USD
"Merged: 206984, 206985-01",91e6df4a-ea71-4358-8d97-a0d269b8f1cb,Cattasaurus - shoproxstore - Shopify,direct_to_consumer,fulfilled,2026-01-04,2026-01-06,2026-01-04,NV3,DHL eCommerce,1,1,11.18,1.5,0.0,12.68,shipmonk_estimate,USD
"Merged: 208261, 208262",bd180df0-00ec-4668-805b-6b1df2378540,Cattasaurus - shoproxstore - Shopify,direct_to_consumer,fulfilled,2026-01-04,2026-01-06,2026-01-04,NV3,OnTrac,2,1,14.73,2.4,0.0,17.13,shipmonk_estimate,USD
111-0753133-4291448,111-0753133-4291448,Cattasaurus - Amazon USA,direct_to_consumer,fulfilled,2026-01-05,2026-01-06,2026-01-05,NV3,OnTrac,1,1,13.66,2.1,0.0,15.76,shipmonk_estimate,USD
111-5495138-1346660,111-5495138-1346660,Cattasaurus - Amazon USA,direct_to_consumer,fulfilled,2026-01-05,2026-01-06,2026-01-05,PA2,OnTrac,1,1,13.66,2.1,0.0,15.76,shipmonk_estimate,USD
111-6107136-8925844,111-6107136-8925844,Cattasaurus - Amazon USA,direct_to_consumer,fulfilled,2026-01-05,2026-01-06,2026-01-05,NV3,OnTrac,1,1,16.37,2.1,0.0,18.47,shipmonk_estimate,USD
111-8097111-8303442,111-8097111-8303442,Cattasaurus - Amazon USA,direct_to_consumer,fulfilled,2026-01-05,2026-01-06,2026-01-05,PA2,FedEx,1,1,16.37,2.1,0.0,18.47,shipmonk_estimate,USD
111-8561529-9560222,111-8561529-9560222,Cattasaurus - Amazon USA,direct_to_consumer,fulfilled,2026-01-05,2026-01-06,2026-01-05,PA2,OnTrac,1,1,16.37,2.1,0.0,18.47,shipmonk_estimate,USD
112-0269766-0543426,112-0269766-0543426,Cattasaurus - Amazon USA,direct_to_consumer,fulfilled,2026-01-05,2026-01-05,2026-01-05,PA2,UPS,1,1,18.85,2.1,0.0,20.95,shipmonk_estimate,USD
112-0356479-3065822,112-0356479-3065822,Cattasaurus - Amazon USA,direct_to_consumer,fulfilled,2026-01-05,2026-01-06,2026-01-05,NV3,OnTrac,1,1,13.98,2.1,0.0,16.08,shipmonk_estimate,USD
112-2311870-2647453,112-2311870-2647453,Cattasaurus - Amazon USA,direct_to_consumer,fulfilled,2026-01-05,2026-01-06,2026-01-05,PA2,UPS,1,1,11.18,1.5,0.0,12.68,shipmonk_estimate,USD
112-3011811-9038614,112-3011811-9038614,Cattasaurus - Amazon USA,direct_to_consumer,fulfilled,2026-01-05,2026-01-05,2026-01-05,PA2,OnTrac,1,1,12.89,2.1,0.0,14.99,shipmonk_estimate,USD
112-5887414-7229000,112-5887414-7229000,Cattasaurus - Amazon USA,direct_to_consumer,fulfilled,2026-01-05,2026-01-05,2026-01-05,PA2,UPS,1,1,16.96,2.1,0.0,19.06,shipmonk_estimate,USD
112-6257506-9396261,112-6257506-9396261,Cattasaurus - Amazon USA,direct_to_consumer,fulfilled,2026-01-05,2026-01-05,2026-01-05,PA2,OnTrac,1,1,17.75,2.1,0.0,19.85,shipmonk_estimate,USD
112-9428398-6919409,112-9428398-6919409,Cattasaurus - Amazon USA,direct_to_consumer,fulfilled,2026-01-05,2026-01-05,2026-01-05,NV3,OnTrac,1,1,14.79,2.1,0.0,16.89,shipmonk_estimate,USD
112-9653541-2779418,112-9653541-2779418,Cattasaurus - Amazon USA,direct_to_consumer,fulfilled,2026-01-05,2026-01-05,2026-01-05,PA2,UPS,1,1,16.09,2.1,0.0,18.19,shipmonk_estimate,USD
113-2879469-6810630,113-2879469-6810630,Cattasaurus - Amazon USA,direct_to_consumer,fulfilled,2026-01-05,2026-01-05,2026-01-05,PA2,OnTrac,1,1,12.89,2.1,0.0,14.99,shipmonk_estimate,USD
113-3760895-2614631,113-3760895-2614631,Cattasaurus - Amazon USA,direct_to_consumer,fulfilled,2026-01-05,2026-01-05,2026-01-05,PA2,FedEx,1,1,16.37,2.1,0.0,18.47,shipmonk_estimate,USD
113-9092884-5003452,113-9092884-5003452,Cattasaurus - Amazon USA,direct_to_consumer,fulfilled,2026-01-05,2026-01-06,2026-01-05,NV3,OnTrac,1,1,13.87,2.1,0.0,15.97,shipmonk_estimate,USD
113-9836020-1185854,113-9836020-1185854,Cattasaurus - Amazon USA,direct_to_consumer,fulfilled,2026-01-05,2026-01-06,2026-01-05,PA2,UPS,1,1,21.1,2.1,0.0,23.2,shipmonk_estimate,USD
114-1187714-8628236,114-1187714-8628236,Cattasaurus - Amazon USA,direct_to_consumer,fulfilled,2026-01-05,2026-01-06,2026-01-05,NV3,OnTrac,1,1,14.01,2.1,0.0,16.11,shipmonk_estimate,USD
114-2998730-8394660,114-2998730-8394660,Cattasaurus - Amazon USA,direct_to_consumer,fulfilled,2026-01-05,2026-01-06,2026-01-05,NV3,USPS,1,1,15.56,2.1,0.0,17.66,shipmonk_estimate,USD
114-3215054-7717807,114-3215054-7717807,Cattasaurus - Amazon USA,direct_to_consumer,fulfilled,2026-01-05,2026-01-06,2026-01-05,NV3,OnTrac,1,1,16.37,2.1,0.0,18.47,shipmonk_estimate,USD
114-3607408-1521826,114-3607408-1521826,Cattasaurus - Amazon USA,direct_to_consumer,fulfilled,2026-01-05,2026-01-05,2026-01-05,PA2,OnTrac,1,1,14.73,2.1,0.0,16.83,shipmonk_estimate,USD
114-6370767-1880205,114-6370767-1880205,Cattasaurus - Amazon USA,direct_to_consumer,fulfilled,2026-01-05,2026-01-06,2026-01-05,PA2,UPS,1,1,21.47,1.8,0.0,23.27,shipmonk_estimate,USD
187976_1-01,282289f2-5eb4-4f5c-92a5-8f7774d79dc1,Cattasaurus - shoproxstore - Shopify,direct_to_consumer,fulfilled,2026-01-05,2026-01-05,2026-01-05,NV3,OnTrac,1,1,15.56,1.8,0.0,17.36,shipmonk_estimate,USD
194775-01,4436a00e-0181-4fad-b7ba-7cc9169d66e7,Cattasaurus - shoproxstore - Shopify,direct_to_consumer,fulfilled,2026-01-05,2026-01-06,2026-01-05,NV3,OnTrac,1,1,21.1,1.8,0.0,22.9,shipmonk_estimate,USD
198804-01,7250e357-6196-45ad-90f0-bf6775832566,Cattasaurus - shoproxstore - Shopify,direct_to_consumer,fulfilled,2026-01-05,2026-01-05,2026-01-05,PA2,OnTrac,1,1,15.56,1.8,0.0,17.36,shipmonk_estimate,USD
202922-01,b043c161-904e-4063-a55d-c6645c98d4d8,Cattasaurus - shoproxstore - Shopify,direct_to_consumer,fulfilled,2026-01-05,2026-01-05,2026-01-05,PA2,OnTrac,1,1,12.89,2.1,0.0,14.99,shipmonk_estimate,USD
203412-01,a74125af-e529-408a-a9e2-e7db78dca785,Cattasaurus - shoproxstore - Shopify,direct_to_consumer,fulfilled,2026-01-05,2026-01-05,2026-01-05,PA2,OnTrac,1,1,12.89,1.8,0.0,14.69,shipmonk_estimate,USD
203472-01,8980bb93-0822-4ea2-9afe-494f72851351,Cattasaurus - shoproxstore - Shopify,direct_to_consumer,fulfilled,2026-01-05,2026-01-06,2026-01-05,NV3,UPS,1,1,18.07,1.8,0.0,19.87,shipmonk_estimate,USD
203847-01,f9736407-0e06-484a-999b-160998b63d35,Cattasaurus - shoproxstore - Shopify,direct_to_consumer,fulfilled,2026-01-05,2026-01-05,2026-01-05,NV3,FedEx,1,1,21.89,1.8,0.0,23.69,shipmonk_estimate,USD
204157-01,4cc003c9-5104-4b79-aa39-a0bacfed0a9c,Cattasaurus - shoproxstore - Shopify,direct_to_consumer,fulfilled,2026-01-05,2026-01-05,2026-01-05,PA2,FedEx,1,1,18.04,1.8,0.0,19.84,shipmonk_estimate,USD
205063-01,84b3e85c-01c5-44b5-a3b1-b07df19305c3,Cattasaurus - shoproxstore - Shopify,direct_to_consumer,fulfilled,2026-01-05,2026-01-05,2026-01-05,NV3,OnTrac,1,1,11.97,2.1,0.0,14.07,shipmonk_estimate,USD
208273,7066406453558,Cattasaurus - shoproxstore - Shopify,direct_to_consumer,fulfilled,2026-01-05,2026-01-06,2026-01-05,NV3,FedEx,1,1,19.41,2.4,0.0,21.81,shipmonk_estimate,USD
208277,7066599326006,Cattasaurus - shoproxstore - Shopify,direct_to_consumer,fulfilled,2026-01-05,2026-01-06,2026-01-05,PA2,OnTrac,1,1,13.66,2.1,0.0,15.76,shipmonk_estimate,USD
208278,7066651001142,Cattasaurus - shoproxstore - Shopify,direct_to_consumer,fulfilled,2026-01-05,2026-01-06,2026-01-05,PA2,UPS,1,1,15.35,2.1,0.0,17.45,shipmonk_estimate,USD
208279,7066653786422,Cattasaurus - shoproxstore - Shopify,direct_to_consumer,fulfilled,2026-01-05,2026-01-06,2026-01-05,PA2,FedEx,1,1,18.38,2.1,0.0,20.48,shipmonk_estimate,USD
208280,7066680459574,Cattasaurus - shoproxstore - Shopify,direct_to_consumer,fulfilled,2026-01-05,2026-01-06,2026-01-05,PA2,FedEx,1,1,16.37,1.8,0.0,18.17,shipmonk_estimate,USD
208281,7066748191030,Cattasaurus - shoproxstore - Shopify,direct_to_consumer,fulfilled,2026-01-05,2026-01-06,2026-01-05,PA2,UPS,2,1,14.58,3.0,0.0,17.58,shipmonk_estimate,USD
208284,7066852884790,Cattasaurus - shoproxstore - Shopify,direct_to_consumer,fulfilled,2026-01-05,2026-01-06,2026-01-05,NV3,UPS,2,1,27.94,2.7,0.0,30.64,shipmonk_estimate,USD
208285,7066867237174,Cattasaurus - shoproxstore - Shopify,direct_to_consumer,fulfilled,2026-01-05,2026-01-06,2026-01-05,PA2,OnTrac,1,1,15.48,2.1,0.0,17.58,shipmonk_estimate,USD
208286,7066890993974,Cattasaurus - shoproxstore - Shopify,direct_to_consumer,fulfilled,2026-01-05,2026-01-06,2026-01-05,PA2,FedEx,1,1,16.37,2.1,0.0,18.47,shipmonk_estimate,USD
208287,7066927989046,Cattasaurus - shoproxstore - Shopify,direct_to_consumer,fulfilled,2026-01-05,2026-01-06,2026-01-05,PA2,OnTrac,1,1,13.87,1.8,0.0,15.67,shipmonk_estimate,USD
208289,7066981957942,Cattasaurus - shoproxstore - Shopify,direct_to_consumer,fulfilled,2026-01-05,2026-01-08,2026-01-05,NV3,FedEx,1,1,29.69,2.4,0.0,32.09,shipmonk_estimate,USD
208290_1,fe424528-474c-41a0-83bd-9f984416acc3,Cattasaurus - shoproxstore - Shopify,direct_to_consumer,fulfilled,2026-01-05,2026-04-04,2026-01-05,PA2,USPS,1,1,4.73,1.5,0.3,6.53,shipmonk_estimate,USD
208291,7066999193910,Cattasaurus - shoproxstore - Shopify,direct_to_consumer,fulfilled,2026-01-05,2026-01-07,2026-01-05,PA2,OnTrac,1,1,14.58,1.8,0.0,16.38,shipmonk_estimate,USD
208294,7067033796918,Cattasaurus - shoproxstore - Shopify,direct_to_consumer,fulfilled,2026-01-05,2026-01-06,2026-01-05,PA2,USPS,1,1,5.29,1.5,0.3,7.09,shipmonk_estimate,USD
208295,7067039269174,Cattasaurus - shoproxstore - Shopify,direct_to_consumer,fulfilled,2026-01-05,2026-01-07,2026-01-05,PA2,OnTrac,1,1,13.66,2.7,0.0,16.36,shipmonk_estimate,USD
208296_1,1be5f618-8305-4195-8941-9241638da825,Cattasaurus - shoproxstore - Shopify,direct_to_consumer,fulfilled,2026-01-05,2026-04-02,2026-01-05,PA2,UPS,1,1,10.36,1.5,0.0,11.86,shipmonk_estimate,USD
208297,7067138425142,Cattasaurus - shoproxstore - Shopify,direct_to_consumer,fulfilled,2026-01-05,2026-01-07,2026-01-05,PA2,UPS,1,1,15.67,2.1,0.0,17.77,shipmonk_estimate,USD
208298,7067166310710,Cattasaurus - shoproxstore - Shopify,direct_to_consumer,fulfilled,2026-01-05,2026-01-06,2026-01-05,NV3,FedEx,1,1,24.28,2.1,0.0,26.38,shipmonk_estimate,USD
208299,7067184496950,Cattasaurus - shoproxstore - Shopify,direct_to_consumer,fulfilled,2026-01-05,2026-01-08,2026-01-05,PA2,OnTrac,1,1,13.75,2.5,0.0,16.25,shipmonk_estimate,USD
208299_1,d9a37366-4756-45fc-88cb-55dfb24c3daf,Cattasaurus - shoproxstore - Shopify,direct_to_consumer,fulfilled,2026-01-05,2026-01-08,2026-01-05,PA2,OnTrac,1,1,13.75,2.5,0.0,16.25,shipmonk_estimate,USD
208300,7067271135542,Cattasaurus - shoproxstore - Shopify,direct_to_consumer,fulfilled,2026-01-05,2026-01-08,2026-01-05,PA2,OnTrac,1,1,15.48,2.1,0.0,17.58,shipmonk_estimate,USD
208300_1,924e7814-134f-47b1-80b9-fff206335ad6,Cattasaurus - shoproxstore - Shopify,direct_to_consumer,fulfilled,2026-01-05,2026-01-08,2026-01-05,PA2,DHL eCommerce,1,1,8.17,1.5,0.0,9.67,shipmonk_estimate,USD
208301,7067298431286,Cattasaurus - shoproxstore - Shopify,direct_to_consumer,fulfilled,2026-01-05,2026-01-07,2026-01-05,PA2,FedEx,2,1,13.87,2.1,0.0,15.97,shipmonk_estimate,USD
208302,7067312226614,Cattasaurus - shoproxstore - Shopify,direct_to_consumer,fulfilled,2026-01-05,2026-01-07,2026-01-05,PA2,OnTrac,1,1,13.66,1.8,0.0,15.46,shipmonk_estimate,USD
208304,7067355644214,Cattasaurus - shoproxstore - Shopify,direct_to_consumer,fulfilled,2026-01-05,2026-01-06,2026-01-05,NV3,OnTrac,1,1,16.42,2.1,0.0,18.52,shipmonk_estimate,USD
208306,7067378090294,Cattasaurus - shoproxstore - Shopify,direct_to_consumer,fulfilled,2026-01-05,2026-01-07,2026-01-05,PA2,FedEx,1,1,16.35,2.4,0.0,18.75,shipmonk_estimate,USD
208307,7067378680118,Cattasaurus - shoproxstore - Shopify,direct_to_consumer,fulfilled,2026-01-05,2026-01-08,2026-01-05,NV3,OnTrac,1,1,13.87,2.7,0.0,16.57,shipmonk_estimate,USD
208308,7067383267638,Cattasaurus - shoproxstore - Shopify,direct_to_consumer,fulfilled,2026-01-05,2026-01-12,2026-01-05,NV3,OnTrac,2,1,21.1,2.7,0.0,23.8,shipmonk_estimate,USD
208308_1,e2714c4e-9ae5-40b7-aee8-255f094d0529,Cattasaurus - shoproxstore - Shopify,direct_to_consumer,fulfilled,2026-01-05,2026-01-07,2026-01-05,PA2,OnTrac,1,1,17.28,1.5,0.0,18.78,shipmonk_estimate,USD
208309,7067398603062,Cattasaurus - shoproxstore - Shopify,direct_to_consumer,fulfilled,2026-01-05,2026-01-08,2026-01-05,NV3,OnTrac,1,1,15.56,2.1,0.0,17.66,shipmonk_estimate,USD
208311,7067429175606,Cattasaurus - shoproxstore - Shopify,direct_to_consumer,fulfilled,2026-01-05,2026-01-07,2026-01-05,PA2,OnTrac,1,1,12.89,1.8,0.0,14.69,shipmonk_estimate,USD
208312,7067457618230,Cattasaurus - shoproxstore - Shopify,direct_to_consumer,fulfilled,2026-01-05,2026-01-06,2026-01-05,NV3,FedEx,1,1,13.87,2.1,0.0,15.97,shipmonk_estimate,USD
208313,7067485110582,Cattasaurus - shoproxstore - Shopify,direct_to_consumer,fulfilled,2026-01-05,2026-01-06,2026-01-05,NV3,UPS,1,1,18.07,2.1,0.0,20.17,shipmonk_estimate,USD
208315,7067512930614,Cattasaurus - shoproxstore - Shopify,direct_to_consumer,fulfilled,2026-01-05,2026-01-06,2026-01-05,NV3,OnTrac,1,1,6.0,1.5,0.3,7.8,shipmonk_estimate,USD
208316,7067533246774,Cattasaurus - shoproxstore - Shopify,direct_to_consumer,fulfilled,2026-01-05,2026-01-06,2026-01-05,NV3,FedEx,1,1,23.01,2.4,0.0,25.41,shipmonk_estimate,USD
208318,7067643347254,Cattasaurus - shoproxstore - Shopify,direct_to_consumer,fulfilled,2026-01-05,2026-01-06,2026-01-05,PA2,OnTrac,1,1,12.89,2.1,0.0,14.99,shipmonk_estimate,USD
208319,7067644559670,Cattasaurus - shoproxstore - Shopify,direct_to_consumer,fulfilled,2026-01-05,2026-01-06,2026-01-05,PA2,OnTrac,1,1,15.49,2.1,0.0,17.59,shipmonk_estimate,USD
208320,7067645673782,Cattasaurus - shoproxstore - Shopify,direct_to_consumer,fulfilled,2026-01-05,,2026-01-05,PA2,unknown,3,0,0.0,1.2,0.0,1.2,shipmonk_estimate,USD
208321,7067663204662,Cattasaurus - shoproxstore - Shopify,direct_to_consumer,fulfilled,2026-01-05,2026-01-07,2026-01-05,PA2,UPS,1,1,16.96,2.1,0.0,19.06,shipmonk_estimate,USD
208322,7067693482294,Cattasaurus - shoproxstore - Shopify,direct_to_consumer,fulfilled,2026-01-05,2026-01-06,2026-01-05,PA2,OnTrac,1,1,12.89,2.1,0.0,14.99,shipmonk_estimate,USD
208323,7067696595254,Cattasaurus - shoproxstore - Shopify,direct_to_consumer,fulfilled,2026-01-05,2026-01-07,2026-01-05,PA2,OnTrac,1,1,16.42,2.1,0.0,18.52,shipmonk_estimate,USD
208324,7067702034742,Cattasaurus - shoproxstore - Shopify,direct_to_consumer,fulfilled,2026-01-05,2026-01-06,2026-01-05,NV3,UPS,1,1,18.07,1.8,0.0,19.87,shipmonk_estimate,USD
208326,7067746861366,Cattasaurus - shoproxstore - Shopify,direct_to_consumer,fulfilled,2026-01-05,2026-01-07,2026-01-05,PA2,FedEx,1,2,40.45,3.9,0.0,44.35,shipmonk_estimate,USD
208327,7067821867318,Cattasaurus - shoproxstore - Shopify,direct_to_consumer,fulfilled,2026-01-05,2026-01-07,2026-01-05,PA2,UPS,1,1,18.67,2.1,0.0,20.77,shipmonk_estimate,USD
208328,7067836285238,Cattasaurus - shoproxstore - Shopify,direct_to_consumer,fulfilled,2026-01-05,2026-01-06,2026-01-05,PA2,OnTrac,1,1,14.58,2.1,0.0,16.68,shipmonk_estimate,USD
208329,7067840938294,Cattasaurus - shoproxstore - Shopify,direct_to_consumer,fulfilled,2026-01-05,2026-01-07,2026-01-05,PA2,UPS,1,1,18.07,2.1,0.0,20.17,shipmonk_estimate,USD
208330,7067843723574,Cattasaurus - shoproxstore - Shopify,direct_to_consumer,fulfilled,2026-01-05,2026-01-09,2026-01-05,PA2,OnTrac,1,1,13.87,2.1,0.0,15.97,shipmonk_estimate,USD
208331,7067846836534,Cattasaurus - shoproxstore - Shopify,direct_to_consumer,fulfilled,2026-01-05,2026-01-06,2026-01-05,NV3,UPS,1,1,18.07,1.8,0.0,19.87,shipmonk_estimate,USD
208332,7067872395574,Cattasaurus - shoproxstore - Shopify,direct_to_consumer,fulfilled,2026-01-05,2026-01-07,2026-01-05,PA2,UPS,1,1,18.67,2.1,0.0,20.77,shipmonk_estimate,USD
208333,7067876786486,Cattasaurus - shoproxstore - Shopify,direct_to_consumer,fulfilled,2026-01-05,2026-01-06,2026-01-05,NV3,OnTrac,1,1,13.66,2.1,0.0,15.76,shipmonk_estimate,USD
"Merged: 208131, 208132-01",b5008317-c132-45b0-8f8a-7d96840fc281,Cattasaurus - shoproxstore - Shopify,direct_to_consumer,fulfilled,2026-01-05,2026-01-06,2026-01-05,PA2,OnTrac,1,1,14.58,2.1,0.0,16.68,shipmonk_estimate,USD
"Merged: 208274, 208276",c4b3a5f3-cc11-4a00-acab-aad2613be3ce,Cattasaurus - shoproxstore - Shopify,direct_to_consumer,fulfilled,2026-01-05,2026-01-06,2026-01-05,NV3,OnTrac,5,1,21.1,3.3,0.0,24.4,shipmonk_estimate,USD
WAL129100562918351,a2edc00c-10bf-407e-b82f-9bbe9b642138,Cattasaurus - Manual Store,direct_to_consumer,fulfilled,2026-01-05,2026-01-05,2026-01-05,NV3,OnTrac,1,1,19.12,1.8,0.0,20.92,shipmonk_estimate,USD
111-0889228-7954615,111-0889228-7954615,Cattasaurus - Amazon USA,direct_to_consumer,fulfilled,2026-01-06,2026-01-06,2026-01-06,PA2,OnTrac,1,1,21.89,2.7,0.0,24.59,shipmonk_estimate,USD
111-1088353-2937807,111-1088353-2937807,Cattasaurus - Amazon USA,direct_to_consumer,fulfilled,2026-01-06,2026-01-06,2026-01-06,PA2,UPS,1,1,12.21,1.5,0.0,13.71,shipmonk_estimate,USD
111-3846797-5713047,111-3846797-5713047,Cattasaurus - Amazon USA,direct_to_consumer,fulfilled,2026-01-06,2026-01-06,2026-01-06,PA2,UPS,1,1,18.85,2.1,0.0,20.95,shipmonk_estimate,USD
111-4952164-0349802,111-4952164-0349802,Cattasaurus - Amazon USA,direct_to_consumer,fulfilled,2026-01-06,2026-01-07,2026-01-06,PA2,OnTrac,1,1,17.16,2.1,0.0,19.26,shipmonk_estimate,USD
111-6628123-2354642,111-6628123-2354642,Cattasaurus - Amazon USA,direct_to_consumer,fulfilled,2026-01-06,2026-01-06,2026-01-06,PA2,OnTrac,1,1,16.37,2.1,0.0,18.47,shipmonk_estimate,USD
111-9622416-4549033,111-9622416-4549033,Cattasaurus - Amazon USA,direct_to_consumer,fulfilled,2026-01-06,2026-01-06,2026-01-06,NV3,OnTrac,1,1,20.23,2.1,0.0,22.33,shipmonk_estimate,USD
112-2861541-0291461,112-2861541-0291461,Cattasaurus - Amazon USA,direct_to_consumer,fulfilled,2026-01-06,2026-01-06,2026-01-06,PA2,OnTrac,1,1,18.55,1.8,0.0,20.35,shipmonk_estimate,USD
112-8161333-0048214,112-8161333-0048214,Cattasaurus - Amazon USA,direct_to_consumer,fulfilled,2026-01-06,2026-01-06,2026-01-06,PA2,OnTrac,1,1,18.55,2.1,0.0,20.65,shipmonk_estimate,USD
112-9148809-3514627_1-01,92820786-2d5c-4455-b0ee-d34d8088ddee,Cattasaurus - Manual Store,direct_to_consumer,fulfilled,2026-01-06,2026-01-06,2026-01-06,NV3,OnTrac,1,1,13.78,1.8,0.0,15.58,shipmonk_estimate,USD
114-1969285-5764241,114-1969285-5764241,Cattasaurus - Amazon USA,direct_to_consumer,fulfilled,2026-01-06,2026-01-07,2026-01-06,NV3,OnTrac,1,1,13.98,2.1,0.0,16.08,shipmonk_estimate,USD
114-3853094-9641854,114-3853094-9641854,Cattasaurus - Amazon USA,direct_to_consumer,fulfilled,2026-01-06,2026-01-07,2026-01-06,PA2,UPS,1,1,16.96,2.1,0.0,19.06,shipmonk_estimate,USD
114-7048131-7273850,114-7048131-7273850,Cattasaurus - Amazon USA,direct_to_consumer,fulfilled,2026-01-06,2026-01-07,2026-01-06,PA2,OnTrac,1,1,19.8,2.1,0.0,21.9,shipmonk_estimate,USD
191641-01,628e4f81-2eab-4ef5-babd-a2336ca93a0e,Cattasaurus - shoproxstore - Shopify,direct_to_consumer,fulfilled,2026-01-06,2026-01-06,2026-01-06,PA2,FedEx,1,1,12.89,1.8,0.0,14.69,shipmonk_estimate,USD
206459-01,0acc3d6a-cd9d-4bf7-83db-74db262a1f1c,Cattasaurus - shoproxstore - Shopify,direct_to_consumer,fulfilled,2026-01-06,2026-01-07,2026-01-06,PA2,OnTrac,1,1,16.37,1.8,0.0,18.17,shipmonk_estimate,USD
208334,7068102328630,Cattasaurus - shoproxstore - Shopify,direct_to_consumer,fulfilled,2026-01-06,2026-01-06,2026-01-06,NV3,FedEx,1,1,17.13,1.8,0.0,18.93,shipmonk_estimate,USD
208335,7068117958966,Cattasaurus - shoproxstore - Shopify,direct_to_consumer,fulfilled,2026-01-06,2026-01-06,2026-01-06,NV3,UPS,1,1,18.07,2.1,0.0,20.17,shipmonk_estimate,USD
208336,7068340126006,Cattasaurus - shoproxstore - Shopify,direct_to_consumer,fulfilled,2026-01-06,2026-01-07,2026-01-06,PA2,UPS,1,1,14.58,2.1,0.0,16.68,shipmonk_estimate,USD
208338,7068359328054,Cattasaurus - shoproxstore - Shopify,direct_to_consumer,fulfilled,2026-01-06,2026-01-07,2026-01-06,PA2,FedEx,1,1,16.35,1.8,0.0,18.15,shipmonk_estimate,USD
208339,7068379087158,Cattasaurus - shoproxstore - Shopify,direct_to_consumer,fulfilled,2026-01-06,2026-01-07,2026-01-06,PA2,OnTrac,1,1,16.37,2.1,0.0,18.47,shipmonk_estimate,USD
208340,7068386001206,Cattasaurus - shoproxstore - Shopify,direct_to_consumer,fulfilled,2026-01-06,2026-01-06,2026-01-06,NV3,OnTrac,1,1,20.3,2.1,0.0,22.4,shipmonk_estimate,USD
208341,7068457697590,Cattasaurus - shoproxstore - Shopify,direct_to_consumer,fulfilled,2026-01-06,2026-01-07,2026-01-06,PA2,OnTrac,1,1,14.21,2.1,0.0,16.31,shipmonk_estimate,USD
208342,7068459172150,Cattasaurus - shoproxstore - Shopify,direct_to_consumer,fulfilled,2026-01-06,2026-01-07,2026-01-06,PA2,OnTrac,1,1,13.78,2.1,0.0,15.88,shipmonk_estimate,USD
208343,7068460679478,Cattasaurus - shoproxstore - Shopify,direct_to_consumer,fulfilled,2026-01-06,2026-01-07,2026-01-06,PA2,FedEx,1,2,30.38,3.9,0.0,34.28,shipmonk_estimate,USD
208344_1,2cc18700-c848-4623-96e3-7aa24937d96c,Cattasaurus - shoproxstore - Shopify,direct_to_consumer,fulfilled,2026-01-06,2026-04-03,2026-01-06,PA2,OnTrac,1,1,11.65,1.8,0.0,13.45,shipmonk_estimate,USD
208345,7068494299446,Cattasaurus - shoproxstore - Shopify,direct_to_consumer,fulfilled,2026-01-06,2026-01-07,2026-01-06,PA2,OnTrac,1,1,16.37,2.1,0.0,18.47,shipmonk_estimate,USD
208346,7068530442550,Cattasaurus - shoproxstore - Shopify,direct_to_consumer,fulfilled,2026-01-06,2026-01-06,2026-01-06,NV3,UPS,1,1,15.56,2.1,0.0,17.66,shipmonk_estimate,USD
208347,7068531589430,Cattasaurus - shoproxstore - Shopify,direct_to_consumer,fulfilled,2026-01-06,2026-01-06,2026-01-06,NV3,FedEx,1,1,23.01,2.4,0.0,25.41,shipmonk_estimate,USD
208348,7068542959926,Cattasaurus - shoproxstore - Shopify,direct_to_consumer,fulfilled,2026-01-06,2026-01-06,2026-01-06,NV3,OnTrac,1,1,15.35,2.1,0.0,17.45,shipmonk_estimate,USD
208349,7068564390198,Cattasaurus - shoproxstore - Shopify,direct_to_consumer,fulfilled,2026-01-06,2026-01-06,2026-01-06,NV3,FedEx,1,1,21.48,2.1,0.0,23.58,shipmonk_estimate,USD
208350,7068589949238,Cattasaurus - shoproxstore - Shopify,direct_to_consumer,fulfilled,2026-01-06,2026-01-07,2026-01-06,PA2,OnTrac,1,1,13.66,1.8,0.0,15.46,shipmonk_estimate,USD
208351,7068596666678,Cattasaurus - shoproxstore - Shopify,direct_to_consumer,fulfilled,2026-01-06,2026-01-06,2026-01-06,NV3,OnTrac,1,1,24.28,2.1,0.0,26.38,shipmonk_estimate,USD
208352,7068602204470,Cattasaurus - shoproxstore - Shopify,direct_to_consumer,fulfilled,2026-01-06,2026-01-06,2026-01-06,NV3,FedEx,1,1,21.48,2.1,0.0,23.58,shipmonk_estimate,USD
208353,7068607578422,Cattasaurus - shoproxstore - Shopify,direct_to_consumer,fulfilled,2026-01-06,2026-01-07,2026-01-06,PA2,UPS,1,1,15.48,1.8,0.0,17.28,shipmonk_estimate,USD
208354,7068685631798,Cattasaurus - shoproxstore - Shopify,direct_to_consumer,fulfilled,2026-01-06,2026-01-06,2026-01-06,NV3,FedEx,2,1,16.35,2.1,0.0,18.45,shipmonk_estimate,USD
208355,7068721905974,Cattasaurus - shoproxstore - Shopify,direct_to_consumer,fulfilled,2026-01-06,2026-01-07,2026-01-06,PA2,UPS,1,1,21.47,2.1,0.0,23.57,shipmonk_estimate,USD
208357,7068757000502,Cattasaurus - shoproxstore - Shopify,direct_to_consumer,fulfilled,2026-01-06,2026-01-07,2026-01-06,PA2,FedEx,1,1,20.56,2.1,0.0,22.66,shipmonk_estimate,USD
208358,7068792389942,Cattasaurus - shoproxstore - Shopify,direct_to_consumer,fulfilled,2026-01-06,2026-01-12,2026-01-06,NV3,FedEx,1,1,31.39,2.4,0.0,33.79,shipmonk_estimate,USD
208358_1,e76768ac-f1b0-4497-b7a3-6ba84a9616f1,Cattasaurus - shoproxstore - Shopify,direct_to_consumer,fulfilled,2026-01-06,2026-01-12,2026-01-06,NV3,FedEx,1,1,31.39,2.4,0.0,33.79,shipmonk_estimate,USD
208359,7068805529910,Cattasaurus - shoproxstore - Shopify,direct_to_consumer,fulfilled,2026-01-06,2026-01-07,2026-01-06,PA2,UPS,1,1,18.67,1.8,0.0,20.47,shipmonk_estimate,USD
208360,7068850553142,Cattasaurus - shoproxstore - Shopify,direct_to_consumer,fulfilled,2026-01-06,2026-01-07,2026-01-06,PA2,OnTrac,1,1,18.07,2.1,0.0,20.17,shipmonk_estimate,USD
208361,7068913991990,Cattasaurus - shoproxstore - Shopify,direct_to_consumer,fulfilled,2026-01-06,2026-01-07,2026-01-06,PA2,UPS,2,1,15.35,2.4,0.0,17.75,shipmonk_estimate,USD
208362,7068951118134,Cattasaurus - shoproxstore - Shopify,direct_to_consumer,fulfilled,2026-01-06,2026-01-08,2026-01-06,NV3,OnTrac,1,1,15.49,2.4,0.0,17.89,shipmonk_estimate,USD
208363,7068980281654,Cattasaurus - shoproxstore - Shopify,direct_to_consumer,fulfilled,2026-01-06,2026-01-08,2026-01-06,NV3,OnTrac,1,1,17.18,1.8,0.0,18.98,shipmonk_estimate,USD
208364,7069019930934,Cattasaurus - shoproxstore - Shopify,direct_to_consumer,fulfilled,2026-01-06,2026-01-08,2026-01-06,NV3,OnTrac,1,1,24.71,2.4,0.0,27.11,shipmonk_estimate,USD
208365,7069027303734,Cattasaurus - shoproxstore - Shopify,direct_to_consumer,fulfilled,2026-01-06,2026-01-08,2026-01-06,NV3,OnTrac,1,1,18.61,2.1,0.0,20.71,shipmonk_estimate,USD
208366,7069056598326,Cattasaurus - shoproxstore - Shopify,direct_to_consumer,fulfilled,2026-01-06,2026-01-08,2026-01-06,NV3,OnTrac,1,1,25.39,2.1,0.0,27.49,shipmonk_estimate,USD
208367,7069087990070,Cattasaurus - shoproxstore - Shopify,direct_to_consumer,fulfilled,2026-01-06,2026-01-08,2026-01-06,NV3,FedEx,1,1,24.28,2.1,0.0,26.38,shipmonk_estimate,USD
208368,7069232595254,Cattasaurus - shoproxstore - Shopify,direct_to_consumer,fulfilled,2026-01-06,2026-01-08,2026-01-06,PA2,UPS,1,1,17.47,1.8,0.0,19.27,shipmonk_estimate,USD
208369,7069264347446,Cattasaurus - shoproxstore - Shopify,direct_to_consumer,fulfilled,2026-01-06,2026-01-08,2026-01-06,NV3,OnTrac,1,1,13.87,2.1,0.0,15.97,shipmonk_estimate,USD
208370,7069424484662,Cattasaurus - shoproxstore - Shopify,direct_to_consumer,fulfilled,2026-01-06,2026-01-07,2026-01-06,PA2,OnTrac,1,1,12.89,1.8,0.0,14.69,shipmonk_estimate,USD
208371,7069510893878,Cattasaurus - shoproxstore - Shopify,direct_to_consumer,fulfilled,2026-01-06,2026-01-08,2026-01-06,NV3,OnTrac,1,1,13.87,1.8,0.0,15.67,shipmonk_estimate,USD
208372,7069525475638,Cattasaurus - shoproxstore - Shopify,direct_to_consumer,fulfilled,2026-01-06,2026-01-07,2026-01-06,PA2,UPS,1,1,18.07,1.8,0.0,19.87,shipmonk_estimate,USD
208373,7069566402870,Cattasaurus - shoproxstore - Shopify,direct_to_consumer,fulfilled,2026-01-06,2026-01-08,2026-01-06,NV3,UPS,1,1,15.56,2.1,0.0,17.66,shipmonk_estimate,USD
208374,7069569843510,Cattasaurus - shoproxstore - Shopify,direct_to_consumer,fulfilled,2026-01-06,2026-01-08,2026-01-06,NV3,OnTrac,1,1,13.87,1.8,0.0,15.67,shipmonk_estimate,USD
208375,7069570400566,Cattasaurus - shoproxstore - Shopify,direct_to_consumer,fulfilled,2026-01-06,2026-01-08,2026-01-06,NV3,OnTrac,1,1,15.56,1.8,0.0,17.36,shipmonk_estimate,USD
208376,7069580362038,Cattasaurus - shoproxstore - Shopify,direct_to_consumer,fulfilled,2026-01-06,2026-01-08,2026-01-06,PA2,FedEx,1,1,22.71,2.4,0.0,25.11,shipmonk_estimate,USD
208377,7069582360886,Cattasaurus - shoproxstore - Shopify,direct_to_consumer,fulfilled,2026-01-06,2026-01-08,2026-01-06,NV3,OnTrac,1,1,13.66,1.8,0.0,15.46,shipmonk_estimate,USD
208378,7069589111094,Cattasaurus - shoproxstore - Shopify,direct_to_consumer,fulfilled,2026-01-06,2026-01-08,2026-01-06,PA2,UPS,1,1,12.28,2.1,0.0,14.38,shipmonk_estimate,USD
208379,7069640393014,Cattasaurus - shoproxstore - Shopify,direct_to_consumer,fulfilled,2026-01-06,2026-01-07,2026-01-06,PA2,DHL eCommerce,1,1,11.27,2.4,0.8,14.47,shipmonk_estimate,USD
208381,7069659365686,Cattasaurus - shoproxstore - Shopify,direct_to_consumer,fulfilled,2026-01-06,2026-01-08,2026-01-06,NV3,OnTrac,1,1,16.37,2.1,0.0,18.47,shipmonk_estimate,USD
208382,7069659529526,Cattasaurus - shoproxstore - Shopify,direct_to_consumer,fulfilled,2026-01-06,2026-01-08,2026-01-06,PA2,OnTrac,1,1,16.37,1.8,0.0,18.17,shipmonk_estimate,USD
208383,7069685285174,Cattasaurus - shoproxstore - Shopify,direct_to_consumer,fulfilled,2026-01-06,2026-01-08,2026-01-06,NV3,UPS,1,1,24.71,2.4,0.0,27.11,shipmonk_estimate,USD
208384,7069702881590,Cattasaurus - shoproxstore - Shopify,direct_to_consumer,fulfilled,2026-01-06,2026-01-08,2026-01-06,NV3,FedEx,1,1,23.76,2.1,0.0,25.86,shipmonk_estimate,USD
208385,7069755474230,Cattasaurus - shoproxstore - Shopify,direct_to_consumer,fulfilled,2026-01-06,2026-01-08,2026-01-06,NV3,FedEx,2,1,15.49,2.4,0.0,17.89,shipmonk_estimate,USD
208386,7069778018614,Cattasaurus - shoproxstore - Shopify,direct_to_consumer,fulfilled,2026-01-06,2026-01-08,2026-01-06,NV3,FedEx,1,1,16.35,2.1,0.0,18.45,shipmonk_estimate,USD
208387,7069788635446,Cattasaurus - shoproxstore - Shopify,direct_to_consumer,fulfilled,2026-01-06,2026-01-08,2026-01-06,NV3,OnTrac,1,1,18.61,2.1,0.0,20.71,shipmonk_estimate,USD
208387_1,dba6ab26-4f83-4fae-9be1-ea5337854fe4,Cattasaurus - shoproxstore - Shopify,direct_to_consumer,fulfilled,2026-01-06,2026-01-08,2026-01-06,PA2,OnTrac,1,1,8.82,1.5,0.0,10.32,shipmonk_estimate,USD
208388,7069801152822,Cattasaurus - shoproxstore - Shopify,direct_to_consumer,fulfilled,2026-01-06,2026-01-08,2026-01-06,PA2,FedEx,1,1,13.87,2.1,0.0,15.97,shipmonk_estimate,USD
208389,7069814096182,Cattasaurus - shoproxstore - Shopify,direct_to_consumer,fulfilled,2026-01-06,2026-01-08,2026-01-06,NV3,UPS,1,1,20.81,2.1,0.0,22.91,shipmonk_estimate,USD
208390,7069834379574,Cattasaurus - shoproxstore - Shopify,direct_to_consumer,fulfilled,2026-01-06,2026-01-08,2026-01-06,NV3,OnTrac,1,1,21.1,2.1,0.0,23.2,shipmonk_estimate,USD
208391,7069836378422,Cattasaurus - shoproxstore - Shopify,direct_to_consumer,fulfilled,2026-01-06,2026-01-08,2026-01-06,PA2,OnTrac,1,1,16.37,1.8,0.0,18.17,shipmonk_estimate,USD
208392,7069843718454,Cattasaurus - shoproxstore - Shopify,direct_to_consumer,fulfilled,2026-01-06,2026-01-07,2026-01-06,PA2,OnTrac,1,1,14.21,2.1,0.0,16.31,shipmonk_estimate,USD
208393,7069852860726,Cattasaurus - shoproxstore - Shopify,direct_to_consumer,fulfilled,2026-01-06,2026-01-07,2026-01-06,PA2,OnTrac,1,1,12.89,2.1,0.0,14.99,shipmonk_estimate,USD
208394,7069874487606,Cattasaurus - shoproxstore - Shopify,direct_to_consumer,fulfilled,2026-01-06,2026-01-08,2026-01-06,NV3,OnTrac,1,1,25.39,2.1,0.0,27.49,shipmonk_estimate,USD
208395,7070005821750,Cattasaurus - shoproxstore - Shopify,direct_to_consumer,fulfilled,2026-01-06,2026-01-08,2026-01-06,NV3,UPS,1,1,21.1,2.4,0.0,23.5,shipmonk_estimate,USD
208396,7070078402870,Cattasaurus - shoproxstore - Shopify,direct_to_consumer,fulfilled,2026-01-06,2026-01-08,2026-01-06,NV3,OnTrac,1,1,13.66,2.7,0.0,16.36,shipmonk_estimate,USD
208397,7070078533942,Cattasaurus - shoproxstore - Shopify,direct_to_consumer,fulfilled,2026-01-06,2026-01-08,2026-01-06,NV3,FedEx,1,1,18.61,2.1,0.0,20.71,shipmonk_estimate,USD
208398,7070111334710,Cattasaurus - shoproxstore - Shopify,direct_to_consumer,fulfilled,2026-01-06,2026-01-08,2026-01-06,PA2,FedEx,2,1,17.13,2.4,0.0,19.53,shipmonk_estimate,USD
208399,7070117298486,Cattasaurus - shoproxstore - Shopify,direct_to_consumer,fulfilled,2026-01-06,2026-01-08,2026-01-06,NV3,OnTrac,2,1,14.73,2.4,0.0,17.13,shipmonk_estimate,USD
INF378,70f1c6e8-b6cb-46e0-a1aa-673024f1c28e,Cattasaurus - Manual Store,direct_to_consumer,fulfilled,2026-01-06,2026-01-06,2026-01-06,NV3,OnTrac,1,1,13.23,2.5,0.0,15.73,shipmonk_estimate,USD
"Merged: 207140, 207141-01",675e2672-12dc-4ecd-b684-4cae482a69c4,Cattasaurus - shoproxstore - Shopify,direct_to_consumer,fulfilled,2026-01-06,2026-01-08,2026-01-06,PA2,DHL eCommerce,1,1,11.65,1.5,0.0,13.15,shipmonk_estimate,USD
"Merged: 207181, 207183-01",4f02ea27-f8ee-4a76-b65e-e41b8c5db7d2,Cattasaurus - shoproxstore - Shopify,direct_to_consumer,fulfilled,2026-01-06,2026-01-07,2026-01-06,PA2,UPS,5,1,15.56,3.0,0.0,18.56,shipmonk_estimate,USD
"Merged: 207196, 207195-01",4066548c-47d4-4a3f-a332-333695b93209,Cattasaurus - shoproxstore - Shopify,direct_to_consumer,fulfilled,2026-01-06,2026-01-08,2026-01-06,NV3,OnTrac,1,1,9.68,1.5,0.0,11.18,shipmonk_estimate,USD
"Merged: 207403, 207404-01",3319402e-1394-42dd-8787-7b58b0ca77d1,Cattasaurus - shoproxstore - Shopify,direct_to_consumer,fulfilled,2026-01-06,2026-01-06,2026-01-06,NV3,UPS,2,1,15.9,2.1,0.0,18.0,shipmonk_estimate,USD
111-8770767-8465806,111-8770767-8465806,Cattasaurus - Amazon USA,direct_to_consumer,fulfilled,2026-01-07,2026-01-07,2026-01-07,PA2,OnTrac,1,1,12.89,2.7,0.0,15.59,shipmonk_estimate,USD
111-8770767-8465806_1,4da8bad0-9f15-4837-8b2c-c358b9ac5c97,Cattasaurus - Amazon USA,direct_to_consumer,fulfilled,2026-01-07,2026-01-07,2026-01-07,PA2,OnTrac,1,1,12.89,2.1,0.0,14.99,shipmonk_estimate,USD
111-8770767-8465806_2,381445eb-b95b-4a80-9a04-be2f436c3c5a,Cattasaurus - Amazon USA,direct_to_consumer,fulfilled,2026-01-07,2026-01-07,2026-01-07,PA2,OnTrac,1,1,10.66,0.3,0.0,10.96,shipmonk_estimate,USD
111-9534913-6336240,111-9534913-6336240,Cattasaurus - Amazon USA,direct_to_consumer,fulfilled,2026-01-07,2026-01-08,2026-01-07,PA2,OnTrac,1,1,13.62,1.5,0.0,15.12,shipmonk_estimate,USD
113-2291387-0204203,113-2291387-0204203,Cattasaurus - Amazon USA,direct_to_consumer,fulfilled,2026-01-07,2026-01-07,2026-01-07,PA2,OnTrac,1,1,13.62,1.5,0.0,15.12,shipmonk_estimate,USD
113-3883906-7037039,113-3883906-7037039,Cattasaurus - Amazon USA,direct_to_consumer,fulfilled,2026-01-07,2026-01-07,2026-01-07,PA2,OnTrac,1,1,16.98,2.1,0.0,19.08,shipmonk_estimate,USD
113-4080531-1112215,113-4080531-1112215,Cattasaurus - Amazon USA,direct_to_consumer,fulfilled,2026-01-07,2026-01-07,2026-01-07,PA2,OnTrac,1,1,14.58,2.1,0.0,16.68,shipmonk_estimate,USD
114-3856497-2085007,114-3856497-2085007,Cattasaurus - Amazon USA,direct_to_consumer,fulfilled,2026-01-07,2026-01-07,2026-01-07,PA2,OnTrac,1,1,18.38,2.1,0.0,20.48,shipmonk_estimate,USD
114-9577140-4225033,114-9577140-4225033,Cattasaurus - Amazon USA,direct_to_consumer,fulfilled,2026-01-07,2026-01-08,2026-01-07,PA2,FedEx,1,1,21.02,2.1,0.0,23.12,shipmonk_estimate,USD
184126-01,e9115d55-82ab-43d3-9043-9924be35af7f,Cattasaurus - shoproxstore - Shopify,direct_to_consumer,fulfilled,2026-01-07,2026-01-07,2026-01-07,PA2,OnTrac,1,1,18.55,1.8,0.0,20.35,shipmonk_estimate,USD
200314-01,e4b84a45-5df9-40a6-a7c7-8387685bd692,Cattasaurus - shoproxstore - Shopify,direct_to_consumer,fulfilled,2026-01-07,2026-01-08,2026-01-07,NV3,OnTrac,2,1,31.39,2.4,0.0,33.79,shipmonk_estimate,USD
200752-01,005ce0f6-72eb-4a5c-9f43-a4414eed0c7c,Cattasaurus - shoproxstore - Shopify,direct_to_consumer,fulfilled,2026-01-07,2026-01-08,2026-01-07,PA2,UPS,2,1,21.1,2.4,0.0,23.5,shipmonk_estimate,USD
203402-01,beaeedb3-fac0-4094-854a-ae6fe3d60036,Cattasaurus - shoproxstore - Shopify,direct_to_consumer,fulfilled,2026-01-07,2026-01-07,2026-01-07,PA2,FedEx,1,1,16.37,1.8,0.0,18.17,shipmonk_estimate,USD
203740-01,9da4338f-0d41-4473-94c1-2fb90cedebbd,Cattasaurus - shoproxstore - Shopify,direct_to_consumer,fulfilled,2026-01-07,2026-01-07,2026-01-07,PA2,UPS,1,1,13.03,2.1,0.0,15.13,shipmonk_estimate,USD
205294-01,343fc4b9-2ca7-495f-92b0-369f602f82c3,Cattasaurus - shoproxstore - Shopify,direct_to_consumer,fulfilled,2026-01-07,2026-01-07,2026-01-07,PA2,FedEx,1,1,18.86,1.8,0.0,20.66,shipmonk_estimate,USD
205940-01,c542a7a6-2419-4ae8-a02b-0748c080b434,Cattasaurus - shoproxstore - Shopify,direct_to_consumer,fulfilled,2026-01-07,2026-01-07,2026-01-07,PA2,UPS,1,1,14.21,1.8,0.0,16.01,shipmonk_estimate,USD
206507-01,b5a2b9e4-900c-4886-b524-de5149370f81,Cattasaurus - shoproxstore - Shopify,direct_to_consumer,fulfilled,2026-01-07,2026-01-09,2026-01-07,PA2,OnTrac,1,1,5.29,1.5,0.3,7.09,shipmonk_estimate,USD
206686-01,7804670e-5c32-4f4c-925d-cea5e6dd90d7,Cattasaurus - shoproxstore - Shopify,direct_to_consumer,fulfilled,2026-01-07,2026-01-08,2026-01-07,NV3,FedEx,1,1,18.61,1.8,0.0,20.41,shipmonk_estimate,USD
206700-01,f6baa3f1-4a4f-40eb-bbee-a01e4e39ce36,Cattasaurus - shoproxstore - Shopify,direct_to_consumer,fulfilled,2026-01-07,2026-01-07,2026-01-07,PA2,UPS,1,1,15.48,1.8,0.0,17.28,shipmonk_estimate,USD
206751-01,0e21f41d-9a65-445c-a693-09d00713dc93,Cattasaurus - shoproxstore - Shopify,direct_to_consumer,fulfilled,2026-01-07,2026-01-08,2026-01-07,NV3,FedEx,2,1,16.86,2.4,0.0,19.26,shipmonk_estimate,USD
206774-01,f343ac9c-bb18-4a82-a575-f85685217584,Cattasaurus - shoproxstore - Shopify,direct_to_consumer,fulfilled,2026-01-07,2026-01-07,2026-01-07,PA2,FedEx,1,1,16.37,2.1,0.0,18.47,shipmonk_estimate,USD
208400,7070369251638,Cattasaurus - shoproxstore - Shopify,direct_to_consumer,fulfilled,2026-01-07,2026-01-08,2026-01-07,NV3,FedEx,2,1,31.39,2.4,0.0,33.79,shipmonk_estimate,USD
208401,7070480859446,Cattasaurus - shoproxstore - Shopify,direct_to_consumer,fulfilled,2026-01-07,2026-01-08,2026-01-07,PA2,OnTrac,1,1,13.78,2.1,0.0,15.88,shipmonk_estimate,USD
208402,7070604132662,Cattasaurus - shoproxstore - Shopify,direct_to_consumer,fulfilled,2026-01-07,2026-01-08,2026-01-07,NV3,FedEx,1,1,21.48,2.1,0.0,23.58,shipmonk_estimate,USD
208403,7070608982326,Cattasaurus - shoproxstore - Shopify,direct_to_consumer,fulfilled,2026-01-07,2026-01-08,2026-01-07,PA2,FedEx,1,1,16.37,2.1,0.0,18.47,shipmonk_estimate,USD
208404,7070609735990,Cattasaurus - shoproxstore - Shopify,direct_to_consumer,fulfilled,2026-01-07,2026-01-08,2026-01-07,PA2,OnTrac,1,1,13.98,2.7,0.0,16.68,shipmonk_estimate,USD
208405,7070622122294,Cattasaurus - shoproxstore - Shopify,direct_to_consumer,fulfilled,2026-01-07,2026-01-07,2026-01-07,PA2,OnTrac,1,1,14.58,2.7,0.0,17.28,shipmonk_estimate,USD
208406,7070624809270,Cattasaurus - shoproxstore - Shopify,direct_to_consumer,fulfilled,2026-01-07,2026-01-08,2026-01-07,NV3,OnTrac,1,1,27.08,2.1,0.0,29.18,shipmonk_estimate,USD
208407,7070627758390,Cattasaurus - shoproxstore - Shopify,direct_to_consumer,fulfilled,2026-01-07,2026-01-08,2026-01-07,PA2,UPS,1,1,13.98,1.8,0.0,15.78,shipmonk_estimate,USD
208407_1,6527cb7c-4eee-4dab-911d-b85b4142ce43,Cattasaurus - shoproxstore - Shopify,direct_to_consumer,fulfilled,2026-01-07,2026-01-08,2026-01-07,PA2,OnTrac,1,1,9.63,1.5,0.0,11.13,shipmonk_estimate,USD
208409,7070668587318,Cattasaurus - shoproxstore - Shopify,direct_to_consumer,fulfilled,2026-01-07,2026-01-08,2026-01-07,PA2,OnTrac,1,1,13.78,2.1,0.0,15.88,shipmonk_estimate,USD
208410,7070681923894,Cattasaurus - shoproxstore - Shopify,direct_to_consumer,fulfilled,2026-01-07,2026-01-08,2026-01-07,NV3,OnTrac,1,1,16.86,2.4,0.0,19.26,shipmonk_estimate,USD
208411,7070690083126,Cattasaurus - shoproxstore - Shopify,direct_to_consumer,fulfilled,2026-01-07,2026-01-08,2026-01-07,NV3,FedEx,1,1,29.69,2.4,0.0,32.09,shipmonk_estimate,USD
208412,7070722031926,Cattasaurus - shoproxstore - Shopify,direct_to_consumer,fulfilled,2026-01-07,2026-01-07,2026-01-07,PA2,OnTrac,1,1,12.89,2.1,0.0,14.99,shipmonk_estimate,USD
208413,7070727143734,Cattasaurus - shoproxstore - Shopify,direct_to_consumer,fulfilled,2026-01-07,2026-01-08,2026-01-07,NV3,UPS,1,1,21.47,1.8,0.0,23.27,shipmonk_estimate,USD
208414,7070733893942,Cattasaurus - shoproxstore - Shopify,direct_to_consumer,fulfilled,2026-01-07,2026-01-08,2026-01-07,PA2,UPS,1,1,21.1,2.1,0.0,23.2,shipmonk_estimate,USD
208415,7070763450678,Cattasaurus - shoproxstore - Shopify,direct_to_consumer,fulfilled,2026-01-07,2026-01-08,2026-01-07,NV3,FedEx,1,1,25.98,2.4,0.0,28.38,shipmonk_estimate,USD
208416,7070763647286,Cattasaurus - shoproxstore - Shopify,direct_to_consumer,fulfilled,2026-01-07,2026-01-08,2026-01-07,NV3,FedEx,1,1,13.79,2.4,0.0,16.19,shipmonk_estimate,USD
208417,7070798676278,Cattasaurus - shoproxstore - Shopify,direct_to_consumer,fulfilled,2026-01-07,2026-01-08,2026-01-07,NV3,OnTrac,1,1,15.49,2.4,0.0,17.89,shipmonk_estimate,USD
208418,7070810571062,Cattasaurus - shoproxstore - Shopify,direct_to_consumer,fulfilled,2026-01-07,2026-01-08,2026-01-07,PA2,OnTrac,1,1,13.87,2.1,0.0,15.97,shipmonk_estimate,USD
208419,7070856839478,Cattasaurus - shoproxstore - Shopify,direct_to_consumer,fulfilled,2026-01-07,2026-01-08,2026-01-07,NV3,OnTrac,1,1,16.37,2.1,0.0,18.47,shipmonk_estimate,USD
208420,7070859723062,Cattasaurus - shoproxstore - Shopify,direct_to_consumer,fulfilled,2026-01-07,2026-01-08,2026-01-07,NV3,OnTrac,1,1,15.9,1.8,0.0,17.7,shipmonk_estimate,USD
208421,7070861394230,Cattasaurus - shoproxstore - Shopify,direct_to_consumer,fulfilled,2026-01-07,2026-01-08,2026-01-07,NV3,OnTrac,1,1,19.12,2.1,0.0,21.22,shipmonk_estimate,USD
208422,7070878073142,Cattasaurus - shoproxstore - Shopify,direct_to_consumer,fulfilled,2026-01-07,2026-01-08,2026-01-07,NV3,OnTrac,1,1,19.12,2.1,0.0,21.22,shipmonk_estimate,USD
208423,7070885445942,Cattasaurus - shoproxstore - Shopify,direct_to_consumer,fulfilled,2026-01-07,2026-01-08,2026-01-07,PA2,FedEx,1,1,14.68,2.1,0.0,16.78,shipmonk_estimate,USD
208424,7070897373494,Cattasaurus - shoproxstore - Shopify,direct_to_consumer,fulfilled,2026-01-07,2026-01-08,2026-01-07,PA2,FedEx,2,1,20.56,2.4,0.0,22.96,shipmonk_estimate,USD
208425,7070935548214,Cattasaurus - shoproxstore - Shopify,direct_to_consumer,fulfilled,2026-01-07,2026-01-07,2026-01-07,PA2,OnTrac,1,1,15.49,2.1,0.0,17.59,shipmonk_estimate,USD
208426,7070944985398,Cattasaurus - shoproxstore - Shopify,direct_to_consumer,fulfilled,2026-01-07,2026-01-07,2026-01-07,PA2,OnTrac,1,1,13.87,2.1,0.0,15.97,shipmonk_estimate,USD
208427,7070954815798,Cattasaurus - shoproxstore - Shopify,direct_to_consumer,fulfilled,2026-01-07,2026-01-08,2026-01-07,NV3,UPS,1,1,21.1,2.4,0.0,23.5,shipmonk_estimate,USD
208428,7070961336630,Cattasaurus - shoproxstore - Shopify,direct_to_consumer,fulfilled,2026-01-07,2026-01-08,2026-01-07,PA2,UPS,1,1,18.07,2.1,0.0,20.17,shipmonk_estimate,USD
208429,7070970511670,Cattasaurus - shoproxstore - Shopify,direct_to_consumer,fulfilled,2026-01-07,2026-01-08,2026-01-07,NV3,OnTrac,1,1,19.8,2.1,0.0,21.9,shipmonk_estimate,USD
208430,7070980112694,Cattasaurus - shoproxstore - Shopify,direct_to_consumer,fulfilled,2026-01-07,2026-01-08,2026-01-07,NV3,OnTrac,1,1,17.18,1.8,0.0,18.98,shipmonk_estimate,USD
208431,7071011602742,Cattasaurus - shoproxstore - Shopify,direct_to_consumer,fulfilled,2026-01-07,2026-01-08,2026-01-07,NV3,OnTrac,1,1,19.12,2.1,0.0,21.22,shipmonk_estimate,USD
208432,7071036375350,Cattasaurus - shoproxstore - Shopify,direct_to_consumer,fulfilled,2026-01-07,2026-01-08,2026-01-07,NV3,OnTrac,1,1,23.17,2.1,0.0,25.27,shipmonk_estimate,USD
208433,7071039324470,Cattasaurus - shoproxstore - Shopify,direct_to_consumer,fulfilled,2026-01-07,2026-01-08,2026-01-07,NV3,OnTrac,1,1,13.66,1.8,0.0,15.46,shipmonk_estimate,USD
208434,7071052202294,Cattasaurus - shoproxstore - Shopify,direct_to_consumer,fulfilled,2026-01-07,2026-01-07,2026-01-07,PA2,FedEx,1,1,16.37,2.1,0.0,18.47,shipmonk_estimate,USD
208435,7071073403190,Cattasaurus - shoproxstore - Shopify,direct_to_consumer,fulfilled,2026-01-07,2026-01-08,2026-01-07,PA2,FedEx,1,1,16.35,1.8,0.0,18.15,shipmonk_estimate,USD
208436,7071075500342,Cattasaurus - shoproxstore - Shopify,direct_to_consumer,fulfilled,2026-01-07,2026-01-07,2026-01-07,PA2,FedEx,1,1,16.37,2.1,0.0,18.47,shipmonk_estimate,USD
208437,7071089885494,Cattasaurus - shoproxstore - Shopify,direct_to_consumer,fulfilled,2026-01-07,2026-01-08,2026-01-07,PA2,FedEx,1,1,18.86,2.1,0.0,20.96,shipmonk_estimate,USD
208438,7071110660406,Cattasaurus - shoproxstore - Shopify,direct_to_consumer,fulfilled,2026-01-07,2026-01-08,2026-01-07,NV3,UPS,1,1,18.61,2.1,0.0,20.71,shipmonk_estimate,USD
208439,7071118426422,Cattasaurus - shoproxstore - Shopify,direct_to_consumer,fulfilled,2026-01-07,2026-01-07,2026-01-07,PA2,OnTrac,1,1,11.29,1.8,0.8,13.89,shipmonk_estimate,USD
208440,7071118983478,Cattasaurus - shoproxstore - Shopify,direct_to_consumer,fulfilled,2026-01-07,2026-01-07,2026-01-07,PA2,OnTrac,1,1,13.66,2.1,0.0,15.76,shipmonk_estimate,USD
208441,7071133008182,Cattasaurus - shoproxstore - Shopify,direct_to_consumer,fulfilled,2026-01-07,2026-01-08,2026-01-07,PA2,OnTrac,1,1,13.66,2.1,0.0,15.76,shipmonk_estimate,USD
208442,7071153684790,Cattasaurus - shoproxstore - Shopify,direct_to_consumer,fulfilled,2026-01-07,2026-01-09,2026-01-07,PA2,UPS,1,1,18.67,2.1,0.0,20.77,shipmonk_estimate,USD
208443,7071166562614,Cattasaurus - shoproxstore - Shopify,direct_to_consumer,fulfilled,2026-01-07,2026-01-09,2026-01-07,PA2,OnTrac,1,1,15.35,1.8,0.0,17.15,shipmonk_estimate,USD
208444,7071178981686,Cattasaurus - shoproxstore - Shopify,direct_to_consumer,fulfilled,2026-01-07,2026-01-09,2026-01-07,PA2,UPS,1,1,18.07,2.1,0.0,20.17,shipmonk_estimate,USD
208445_1,e54d1c04-60b2-4aae-99f4-53a858aa2f7f,Cattasaurus - shoproxstore - Shopify,direct_to_consumer,fulfilled,2026-01-07,2026-04-03,2026-01-07,PA2,USPS,1,1,5.27,1.5,0.3,7.07,shipmonk_estimate,USD
208446,7071207194934,Cattasaurus - shoproxstore - Shopify,direct_to_consumer,fulfilled,2026-01-07,2026-01-09,2026-01-07,NV3,UPS,1,1,18.07,2.1,0.0,20.17,shipmonk_estimate,USD
208447,7071219941686,Cattasaurus - shoproxstore - Shopify,direct_to_consumer,fulfilled,2026-01-07,2026-01-09,2026-01-07,PA2,OnTrac,1,1,13.87,2.1,0.0,15.97,shipmonk_estimate,USD
208448,7071224725814,Cattasaurus - shoproxstore - Shopify,direct_to_consumer,fulfilled,2026-01-07,2026-01-09,2026-01-07,NV3,OnTrac,1,1,18.07,1.8,0.0,19.87,shipmonk_estimate,USD
208449,7071232983350,Cattasaurus - shoproxstore - Shopify,direct_to_consumer,fulfilled,2026-01-07,2026-01-09,2026-01-07,PA2,OnTrac,1,1,13.66,2.1,0.0,15.76,shipmonk_estimate,USD
208450,7071236882742,Cattasaurus - shoproxstore - Shopify,direct_to_consumer,fulfilled,2026-01-07,2026-01-09,2026-01-07,NV3,OnTrac,1,1,18.61,2.1,0.0,20.71,shipmonk_estimate,USD
208451,7071241535798,Cattasaurus - shoproxstore - Shopify,direct_to_consumer,fulfilled,2026-01-07,2026-01-09,2026-01-07,NV3,OnTrac,1,1,15.49,1.8,0.0,17.29,shipmonk_estimate,USD
208452_1,98cc0f8b-607a-4e28-9557-0960c12c9011,Cattasaurus - shoproxstore - Shopify,direct_to_consumer,fulfilled,2026-01-07,2026-04-03,2026-01-07,PA2,Cirro,1,1,4.73,1.5,0.3,6.53,shipmonk_estimate,USD
208453,7071258542390,Cattasaurus - shoproxstore - Shopify,direct_to_consumer,fulfilled,2026-01-07,2026-01-09,2026-01-07,PA2,FedEx,1,1,16.37,2.1,0.0,18.47,shipmonk_estimate,USD
208455,7071303696694,Cattasaurus - shoproxstore - Shopify,direct_to_consumer,fulfilled,2026-01-07,2026-01-09,2026-01-07,PA2,FedEx,1,1,18.86,1.8,0.0,20.66,shipmonk_estimate,USD
208456,7071308611894,Cattasaurus - shoproxstore - Shopify,direct_to_consumer,fulfilled,2026-01-07,2026-01-09,2026-01-07,NV3,FedEx,1,1,18.61,1.8,0.0,20.41,shipmonk_estimate,USD
208457,7071317885238,Cattasaurus - shoproxstore - Shopify,direct_to_consumer,fulfilled,2026-01-07,2026-01-09,2026-01-07,NV3,FedEx,1,1,19.77,2.1,0.0,21.87,shipmonk_estimate,USD
208458,7071320998198,Cattasaurus - shoproxstore - Shopify,direct_to_consumer,fulfilled,2026-01-07,2026-01-11,2026-01-07,PA2,USPS,1,1,16.95,2.7,0.0,19.65,shipmonk_estimate,USD
208458_1,60a13595-ceba-4b12-adc8-a25130dc494b,Cattasaurus - shoproxstore - Shopify,direct_to_consumer,fulfilled,2026-01-07,2026-01-12,2026-01-07,NV3,DHL eCommerce,1,1,5.42,1.5,0.5,7.42,shipmonk_estimate,USD
208459,7071329714486,Cattasaurus - shoproxstore - Shopify,direct_to_consumer,fulfilled,2026-01-07,2026-01-09,2026-01-07,NV3,OnTrac,1,1,18.07,2.1,0.0,20.17,shipmonk_estimate,USD
208460,7071332794678,Cattasaurus - shoproxstore - Shopify,direct_to_consumer,fulfilled,2026-01-07,2026-01-09,2026-01-07,PA2,UPS,1,1,16.42,2.1,0.0,18.52,shipmonk_estimate,USD
208461,7071339151670,Cattasaurus - shoproxstore - Shopify,direct_to_consumer,fulfilled,2026-01-07,2026-01-09,2026-01-07,PA2,OnTrac,1,1,20.3,1.8,0.0,22.1,shipmonk_estimate,USD
208462,7071353045302,Cattasaurus - shoproxstore - Shopify,direct_to_consumer,fulfilled,2026-01-07,2026-01-09,2026-01-07,NV3,OnTrac,1,1,13.66,2.1,0.0,15.76,shipmonk_estimate,USD
208463,7071364645174,Cattasaurus - shoproxstore - Shopify,direct_to_consumer,fulfilled,2026-01-07,2026-01-09,2026-01-07,NV3,FedEx,1,1,17.13,2.1,0.0,19.23,shipmonk_estimate,USD
208464,7071400591670,Cattasaurus - shoproxstore - Shopify,direct_to_consumer,fulfilled,2026-01-07,2026-01-09,2026-01-07,PA2,UPS,1,1,21.1,2.1,0.0,23.2,shipmonk_estimate,USD
208465,7071409242422,Cattasaurus - shoproxstore - Shopify,direct_to_consumer,fulfilled,2026-01-07,2026-01-09,2026-01-07,PA2,OnTrac,1,1,16.37,1.8,0.0,18.17,shipmonk_estimate,USD
208466,7071420055862,Cattasaurus - shoproxstore - Shopify,direct_to_consumer,fulfilled,2026-01-07,2026-01-09,2026-01-07,NV3,OnTrac,1,1,14.73,2.1,0.0,16.83,shipmonk_estimate,USD
208467,7071433883958,Cattasaurus - shoproxstore - Shopify,direct_to_consumer,fulfilled,2026-01-07,2026-01-09,2026-01-07,NV3,FedEx,1,1,23.01,2.4,0.0,25.41,shipmonk_estimate,USD
208468,7071434244406,Cattasaurus - shoproxstore - Shopify,direct_to_consumer,fulfilled,2026-01-07,2026-01-08,2026-01-07,NV3,UPS,1,1,24.95,1.8,0.0,26.75,shipmonk_estimate,USD
208469,7071440503094,Cattasaurus - shoproxstore - Shopify,direct_to_consumer,fulfilled,2026-01-07,2026-01-09,2026-01-07,NV3,OnTrac,2,1,23.17,2.1,0.0,25.27,shipmonk_estimate,USD
208470,7071457804598,Cattasaurus - shoproxstore - Shopify,direct_to_consumer,fulfilled,2026-01-07,2026-01-09,2026-01-07,PA2,OnTrac,1,1,17.18,1.8,0.0,18.98,shipmonk_estimate,USD
208471,7071472517430,Cattasaurus - shoproxstore - Shopify,direct_to_consumer,fulfilled,2026-01-07,2026-01-09,2026-01-07,NV3,UPS,1,1,18.07,2.1,0.0,20.17,shipmonk_estimate,USD
208472,7071492079926,Cattasaurus - shoproxstore - Shopify,direct_to_consumer,fulfilled,2026-01-07,2026-01-09,2026-01-07,NV3,FedEx,1,1,19.77,2.1,0.0,21.87,shipmonk_estimate,USD
208473,7071498273078,Cattasaurus - shoproxstore - Shopify,direct_to_consumer,fulfilled,2026-01-07,2026-01-09,2026-01-07,NV3,UPS,1,1,21.1,1.8,0.0,22.9,shipmonk_estimate,USD
208474,7071506432310,Cattasaurus - shoproxstore - Shopify,direct_to_consumer,fulfilled,2026-01-07,2026-01-09,2026-01-07,NV3,OnTrac,1,1,15.35,2.7,0.0,18.05,shipmonk_estimate,USD
208475,7071507317046,Cattasaurus - shoproxstore - Shopify,direct_to_consumer,fulfilled,2026-01-07,2026-01-09,2026-01-07,PA2,OnTrac,1,1,15.49,1.8,0.0,17.29,shipmonk_estimate,USD
208476,7071514624310,Cattasaurus - shoproxstore - Shopify,direct_to_consumer,fulfilled,2026-01-07,2026-01-09,2026-01-07,PA2,OnTrac,1,1,16.37,2.1,0.0,18.47,shipmonk_estimate,USD
208477,7071532286262,Cattasaurus - shoproxstore - Shopify,direct_to_consumer,fulfilled,2026-01-07,2026-01-09,2026-01-07,PA2,OnTrac,1,1,15.49,2.4,0.0,17.89,shipmonk_estimate,USD
208478,7071559811382,Cattasaurus - shoproxstore - Shopify,direct_to_consumer,fulfilled,2026-01-07,2026-01-09,2026-01-07,NV3,OnTrac,1,1,14.79,2.7,0.0,17.49,shipmonk_estimate,USD
208479,7071559844150,Cattasaurus - shoproxstore - Shopify,direct_to_consumer,fulfilled,2026-01-07,2026-01-09,2026-01-07,PA2,FedEx,1,1,13.66,2.1,0.0,15.76,shipmonk_estimate,USD
208482,7071580586294,Cattasaurus - shoproxstore - Shopify,direct_to_consumer,fulfilled,2026-01-07,2026-01-09,2026-01-07,PA2,OnTrac,2,1,13.66,2.4,0.0,16.06,shipmonk_estimate,USD
208483,7071596806454,Cattasaurus - shoproxstore - Shopify,direct_to_consumer,fulfilled,2026-01-07,2026-01-09,2026-01-07,PA2,UPS,1,1,21.1,2.4,0.0,23.5,shipmonk_estimate,USD
208484,7071608734006,Cattasaurus - shoproxstore - Shopify,direct_to_consumer,fulfilled,2026-01-07,2026-01-09,2026-01-07,PA2,UPS,1,1,21.47,2.1,0.0,23.57,shipmonk_estimate,USD
208485,7071692325174,Cattasaurus - shoproxstore - Shopify,direct_to_consumer,fulfilled,2026-01-07,2026-01-09,2026-01-07,PA2,OnTrac,1,1,13.87,2.1,0.0,15.97,shipmonk_estimate,USD
208486,7071713820982,Cattasaurus - shoproxstore - Shopify,direct_to_consumer,fulfilled,2026-01-07,2026-01-09,2026-01-07,NV3,FedEx,1,1,14.68,1.8,0.0,16.48,shipmonk_estimate,USD
208487,7071771656502,Cattasaurus - shoproxstore - Shopify,direct_to_consumer,fulfilled,2026-01-07,2026-01-09,2026-01-07,PA2,OnTrac,1,1,12.89,2.1,0.0,14.99,shipmonk_estimate,USD
208488,7071773196598,Cattasaurus - shoproxstore - Shopify,direct_to_consumer,fulfilled,2026-01-07,2026-01-08,2026-01-07,PA2,OnTrac,1,1,21.1,2.1,0.0,23.2,shipmonk_estimate,USD
208489,7071807373622,Cattasaurus - shoproxstore - Shopify,direct_to_consumer,fulfilled,2026-01-07,2026-01-09,2026-01-07,PA2,FedEx,1,1,18.86,1.8,0.0,20.66,shipmonk_estimate,USD
208490,7071873401142,Cattasaurus - shoproxstore - Shopify,direct_to_consumer,fulfilled,2026-01-07,2026-01-09,2026-01-07,NV3,FedEx,1,1,17.65,2.1,0.0,19.75,shipmonk_estimate,USD
208491,7071894831414,Cattasaurus - shoproxstore - Shopify,direct_to_consumer,fulfilled,2026-01-07,2026-01-09,2026-01-07,NV3,FedEx,2,1,19.77,2.4,0.0,22.17,shipmonk_estimate,USD
208492,7071905022262,Cattasaurus - shoproxstore - Shopify,direct_to_consumer,fulfilled,2026-01-07,2026-01-09,2026-01-07,NV3,FedEx,1,1,16.35,1.8,0.0,18.15,shipmonk_estimate,USD
208493,7072025444662,Cattasaurus - shoproxstore - Shopify,direct_to_consumer,fulfilled,2026-01-07,2026-01-09,2026-01-07,NV3,OnTrac,1,1,9.29,1.5,0.5,11.29,shipmonk_estimate,USD
"Merged: 207440, 207544-01",810e5120-ad61-410d-8cef-8205065a39ee,Cattasaurus - shoproxstore - Shopify,direct_to_consumer,fulfilled,2026-01-07,2026-01-08,2026-01-07,PA2,FedEx,3,1,15.19,2.7,0.0,17.89,shipmonk_estimate,USD
"Merged: 207711, 207712-01",e3e66b5f-c459-4408-9ffc-cbf151db965e,Cattasaurus - shoproxstore - Shopify,direct_to_consumer,fulfilled,2026-01-07,2026-01-08,2026-01-07,PA2,OnTrac,1,1,13.87,2.1,0.0,15.97,shipmonk_estimate,USD
"Merged: 207852, 207853-01",c23accd4-32bd-4fa5-965e-690d5ed15624,Cattasaurus - shoproxstore - Shopify,direct_to_consumer,fulfilled,2026-01-07,2026-01-08,2026-01-07,PA2,DHL eCommerce,1,1,10.77,1.5,0.0,12.27,shipmonk_estimate,USD
"Merged: 207937, 207938-01",ec448db8-cddb-468e-bdcb-3a693991e2d8,Cattasaurus - shoproxstore - Shopify,direct_to_consumer,fulfilled,2026-01-07,2026-01-08,2026-01-07,NV3,OnTrac,1,1,11.18,1.5,0.0,12.68,shipmonk_estimate,USD
"Merged: 207970, 207971-01",a4f95c08-d23e-4a8c-8f89-080196ce32ce,Cattasaurus - shoproxstore - Shopify,direct_to_consumer,fulfilled,2026-01-07,2026-01-08,2026-01-07,PA2,OnTrac,1,1,9.12,1.5,0.0,10.62,shipmonk_estimate,USD
"Merged: 208480, 208481",504c1bf7-9fbe-47c6-b136-d825d5686c49,Cattasaurus - shoproxstore - Shopify,direct_to_consumer,fulfilled,2026-01-07,2026-01-12,2026-01-07,NV3,FedEx,2,1,27.67,2.7,0.0,30.37,shipmonk_estimate,USD
111-0602277-6940268,111-0602277-6940268,Cattasaurus - Amazon USA,direct_to_consumer,fulfilled,2026-01-08,2026-01-09,2026-01-08,PA2,OnTrac,1,1,16.37,2.1,0.0,18.47,shipmonk_estimate,USD
111-4230734-8818615,111-4230734-8818615,Cattasaurus - Amazon USA,direct_to_consumer,fulfilled,2026-01-08,2026-01-08,2026-01-08,PA2,UPS,1,1,15.48,2.1,0.0,17.58,shipmonk_estimate,USD
112-5878165-4505022,112-5878165-4505022,Cattasaurus - Amazon USA,direct_to_consumer,fulfilled,2026-01-08,2026-01-09,2026-01-08,PA2,OnTrac,1,1,16.98,2.1,0.0,19.08,shipmonk_estimate,USD
112-6052707-4040224,112-6052707-4040224,Cattasaurus - Amazon USA,direct_to_consumer,fulfilled,2026-01-08,2026-01-09,2026-01-08,PA2,OnTrac,1,1,16.37,2.1,0.0,18.47,shipmonk_estimate,USD
199028-01,20426ffb-ce5b-454e-b69e-184a493b2e91,Cattasaurus - shoproxstore - Shopify,direct_to_consumer,fulfilled,2026-01-08,2026-01-09,2026-01-08,PA2,OnTrac,1,1,12.89,1.8,0.0,14.69,shipmonk_estimate,USD
199047-01,1dbc9908-8c2a-464f-81b6-afb6a5dc3b24,Cattasaurus - shoproxstore - Shopify,direct_to_consumer,fulfilled,2026-01-08,2026-01-08,2026-01-08,NV3,FedEx,2,1,23.01,2.4,0.0,25.41,shipmonk_estimate,USD
201865-01,f839726d-b02d-4b69-a541-96511493ec03,Cattasaurus - shoproxstore - Shopify,direct_to_consumer,fulfilled,2026-01-08,2026-01-09,2026-01-08,NV3,FedEx,1,1,24.41,1.8,0.0,26.21,shipmonk_estimate,USD
206387-01,6cdc6e73-2e79-42c3-a83e-81b24d86f5ee,Cattasaurus - shoproxstore - Shopify,direct_to_consumer,fulfilled,2026-01-08,2026-01-08,2026-01-08,NV3,OnTrac,1,1,18.55,2.4,0.0,20.95,shipmonk_estimate,USD
206905-01,4d6924d1-34c5-414d-9f4e-8ff87e670d98,Cattasaurus - shoproxstore - Shopify,direct_to_consumer,fulfilled,2026-01-08,2026-01-09,2026-01-08,PA2,OnTrac,1,1,18.07,1.8,0.0,19.87,shipmonk_estimate,USD
208495,7072236699958,Cattasaurus - shoproxstore - Shopify,direct_to_consumer,fulfilled,2026-01-08,2026-01-09,2026-01-08,PA2,UPS,1,1,21.47,2.1,0.0,23.57,shipmonk_estimate,USD
208496,7072237912374,Cattasaurus - shoproxstore - Shopify,direct_to_consumer,fulfilled,2026-01-08,2026-01-09,2026-01-08,PA2,OnTrac,4,1,18.55,3.0,0.0,21.55,shipmonk_estimate,USD
208497,7072289063222,Cattasaurus - shoproxstore - Shopify,direct_to_consumer,fulfilled,2026-01-08,2026-01-09,2026-01-08,PA2,UPS,1,1,21.1,2.1,0.0,23.2,shipmonk_estimate,USD
208498,7072295518518,Cattasaurus - shoproxstore - Shopify,direct_to_consumer,fulfilled,2026-01-08,2026-01-09,2026-01-08,PA2,UPS,1,1,21.47,2.1,0.0,23.57,shipmonk_estimate,USD
208500,7072357843254,Cattasaurus - shoproxstore - Shopify,direct_to_consumer,fulfilled,2026-01-08,2026-01-09,2026-01-08,NV3,FedEx,1,1,19.77,2.1,0.0,21.87,shipmonk_estimate,USD
208502,7072380944694,Cattasaurus - shoproxstore - Shopify,direct_to_consumer,fulfilled,2026-01-08,2026-01-09,2026-01-08,PA2,OnTrac,1,1,15.49,2.1,0.0,17.59,shipmonk_estimate,USD
208503,7072385958198,Cattasaurus - shoproxstore - Shopify,direct_to_consumer,fulfilled,2026-01-08,2026-01-08,2026-01-08,PA2,DHL eCommerce,2,1,8.42,2.7,0.9,12.02,shipmonk_estimate,USD
208505_1,fedd5425-7093-4630-9d5c-dfc69222b12b,Cattasaurus - shoproxstore - Shopify,direct_to_consumer,fulfilled,2026-01-08,2026-04-03,2026-01-08,PA2,USPS,1,1,7.98,1.5,0.0,9.48,shipmonk_estimate,USD
208506,7072438092086,Cattasaurus - shoproxstore - Shopify,direct_to_consumer,fulfilled,2026-01-08,2026-01-08,2026-01-08,NV3,OnTrac,1,1,19.12,2.1,0.0,21.22,shipmonk_estimate,USD
208507,7072444514614,Cattasaurus - shoproxstore - Shopify,direct_to_consumer,fulfilled,2026-01-08,2026-01-09,2026-01-08,PA2,UPS,1,1,18.55,2.1,0.0,20.65,shipmonk_estimate,USD
208508,7072445006134,Cattasaurus - shoproxstore - Shopify,direct_to_consumer,fulfilled,2026-01-08,2026-01-09,2026-01-08,PA2,UPS,1,1,18.67,2.1,0.0,20.77,shipmonk_estimate,USD
208509,7072472629558,Cattasaurus - shoproxstore - Shopify,direct_to_consumer,fulfilled,2026-01-08,2026-01-09,2026-01-08,PA2,OnTrac,1,1,15.49,2.1,0.0,17.59,shipmonk_estimate,USD
208510,7072484884790,Cattasaurus - shoproxstore - Shopify,direct_to_consumer,fulfilled,2026-01-08,2026-01-09,2026-01-08,PA2,FedEx,1,1,16.35,2.1,0.0,18.45,shipmonk_estimate,USD
208511,7072508838198,Cattasaurus - shoproxstore - Shopify,direct_to_consumer,fulfilled,2026-01-08,2026-01-09,2026-01-08,PA2,FedEx,1,1,16.37,1.8,0.0,18.17,shipmonk_estimate,USD
208512,7072518373686,Cattasaurus - shoproxstore - Shopify,direct_to_consumer,fulfilled,2026-01-08,2026-01-09,2026-01-08,NV3,OnTrac,1,1,13.98,2.1,0.0,16.08,shipmonk_estimate,USD
208513,7072529842486,Cattasaurus - shoproxstore - Shopify,direct_to_consumer,fulfilled,2026-01-08,2026-01-09,2026-01-08,PA2,OnTrac,1,1,12.89,2.1,0.0,14.99,shipmonk_estimate,USD
208514,7072534266166,Cattasaurus - shoproxstore - Shopify,direct_to_consumer,fulfilled,2026-01-08,2026-01-09,2026-01-08,NV3,UPS,1,1,20.81,2.1,0.0,22.91,shipmonk_estimate,USD
208517,7072614449462,Cattasaurus - shoproxstore - Shopify,direct_to_consumer,fulfilled,2026-01-08,2026-01-08,2026-01-08,NV3,OnTrac,1,1,13.66,2.1,0.0,15.76,shipmonk_estimate,USD
208518,7072622444854,Cattasaurus - shoproxstore - Shopify,direct_to_consumer,fulfilled,2026-01-08,2026-01-09,2026-01-08,PA2,OnTrac,1,1,15.49,2.4,0.0,17.89,shipmonk_estimate,USD
208519,7072626114870,Cattasaurus - shoproxstore - Shopify,direct_to_consumer,fulfilled,2026-01-08,2026-01-09,2026-01-08,PA2,OnTrac,2,1,18.07,2.1,0.0,20.17,shipmonk_estimate,USD
208522,7072659210550,Cattasaurus - shoproxstore - Shopify,direct_to_consumer,fulfilled,2026-01-08,2026-01-09,2026-01-08,PA2,UPS,1,1,18.07,2.1,0.0,20.17,shipmonk_estimate,USD
208523,7072667173174,Cattasaurus - shoproxstore - Shopify,direct_to_consumer,fulfilled,2026-01-08,2026-01-09,2026-01-08,NV3,FedEx,1,1,17.13,2.1,0.0,19.23,shipmonk_estimate,USD
208525,7072672252214,Cattasaurus - shoproxstore - Shopify,direct_to_consumer,fulfilled,2026-01-08,2026-01-09,2026-01-08,NV3,FedEx,1,1,19.12,2.1,0.0,21.22,shipmonk_estimate,USD
208526,7072673071414,Cattasaurus - shoproxstore - Shopify,direct_to_consumer,fulfilled,2026-01-08,2026-01-10,2026-01-08,PA2,FedEx,1,1,17.13,2.1,0.0,19.23,shipmonk_estimate,USD
208527,7072676872502,Cattasaurus - shoproxstore - Shopify,direct_to_consumer,fulfilled,2026-01-08,2026-01-09,2026-01-08,NV3,FedEx,1,1,23.76,2.1,0.0,25.86,shipmonk_estimate,USD
208528,7072685687094,Cattasaurus - shoproxstore - Shopify,direct_to_consumer,fulfilled,2026-01-08,2026-01-09,2026-01-08,PA2,FedEx,1,1,16.35,2.1,0.0,18.45,shipmonk_estimate,USD
208530,7072708854070,Cattasaurus - shoproxstore - Shopify,direct_to_consumer,fulfilled,2026-01-08,2026-01-09,2026-01-08,PA2,OnTrac,1,1,13.66,1.8,0.0,15.46,shipmonk_estimate,USD
208532,7072716783926,Cattasaurus - shoproxstore - Shopify,direct_to_consumer,fulfilled,2026-01-08,2026-01-13,2026-01-08,NV3,OnTrac,1,1,16.98,2.1,0.0,19.08,shipmonk_estimate,USD
208532_1,8981b1b1-fd2a-4f24-a236-a54f07c12dcf,Cattasaurus - shoproxstore - Shopify,direct_to_consumer,fulfilled,2026-01-08,2026-01-13,2026-01-08,NV3,OnTrac,1,1,16.37,2.1,0.0,18.47,shipmonk_estimate,USD
208533,7072718258486,Cattasaurus - shoproxstore - Shopify,direct_to_consumer,fulfilled,2026-01-08,2026-01-10,2026-01-08,PA2,OnTrac,1,1,15.35,2.1,0.0,17.45,shipmonk_estimate,USD
208534,7072719438134,Cattasaurus - shoproxstore - Shopify,direct_to_consumer,fulfilled,2026-01-08,2026-01-09,2026-01-08,NV3,OnTrac,1,1,19.8,2.1,0.0,21.9,shipmonk_estimate,USD
208535,7072727630134,Cattasaurus - shoproxstore - Shopify,direct_to_consumer,fulfilled,2026-01-08,2026-01-09,2026-01-08,NV3,OnTrac,1,1,21.1,2.1,0.0,23.2,shipmonk_estimate,USD
208537,7072729661750,Cattasaurus - shoproxstore - Shopify,direct_to_consumer,fulfilled,2026-01-08,,2026-01-08,PA2,ShipMonk,1,0,10.27,1.5,0.0,11.77,shipmonk_estimate,USD
208538,7072731267382,Cattasaurus - shoproxstore - Shopify,direct_to_consumer,fulfilled,2026-01-08,2026-01-09,2026-01-08,PA2,OnTrac,1,1,13.87,2.7,0.0,16.57,shipmonk_estimate,USD
208539,7072750272822,Cattasaurus - shoproxstore - Shopify,direct_to_consumer,fulfilled,2026-01-08,2026-01-10,2026-01-08,PA2,FedEx,1,1,14.65,2.1,0.0,16.75,shipmonk_estimate,USD
208540,7072759120182,Cattasaurus - shoproxstore - Shopify,direct_to_consumer,fulfilled,2026-01-08,,2026-01-08,NV3,ShipMonk,1,0,12.04,1.5,0.0,13.54,shipmonk_estimate,USD
208542,7072765641014,Cattasaurus - shoproxstore - Shopify,direct_to_consumer,fulfilled,2026-01-08,2026-01-10,2026-01-08,PA2,OnTrac,2,1,12.89,2.4,0.0,15.29,shipmonk_estimate,USD
208543,7072772063542,Cattasaurus - shoproxstore - Shopify,direct_to_consumer,fulfilled,2026-01-08,2026-01-18,2026-01-08,PA2,USPS,3,1,6.04,2.1,0.5,8.64,shipmonk_estimate,USD
208543_2,b15fe904-f09f-4238-8114-4676d13d4fc0,Cattasaurus - shoproxstore - Shopify,direct_to_consumer,fulfilled,2026-01-08,2026-01-18,2026-01-08,PA2,DHL eCommerce,1,1,8.89,1.5,0.0,10.39,shipmonk_estimate,USD
208545,7072820035894,Cattasaurus - shoproxstore - Shopify,direct_to_consumer,fulfilled,2026-01-08,2026-01-09,2026-01-08,NV3,OnTrac,1,1,18.55,2.1,0.0,20.65,shipmonk_estimate,USD
208547,7072876822838,Cattasaurus - shoproxstore - Shopify,direct_to_consumer,fulfilled,2026-01-08,2026-01-09,2026-01-08,NV3,OnTrac,1,1,16.98,2.1,0.0,19.08,shipmonk_estimate,USD
208548,7072877576502,Cattasaurus - shoproxstore - Shopify,direct_to_consumer,fulfilled,2026-01-08,2026-01-09,2026-01-08,NV3,FedEx,1,1,20.07,2.7,0.0,22.77,shipmonk_estimate,USD
208549,7072904708406,Cattasaurus - shoproxstore - Shopify,direct_to_consumer,fulfilled,2026-01-08,2026-01-10,2026-01-08,PA2,FedEx,1,1,17.13,2.1,0.0,19.23,shipmonk_estimate,USD
208550,7072913490230,Cattasaurus - shoproxstore - Shopify,direct_to_consumer,fulfilled,2026-01-08,2026-01-09,2026-01-08,NV3,UPS,1,1,25.46,2.1,0.0,27.56,shipmonk_estimate,USD
208551,7072937247030,Cattasaurus - shoproxstore - Shopify,direct_to_consumer,fulfilled,2026-01-08,2026-01-10,2026-01-08,PA2,UPS,1,1,21.1,2.1,0.0,23.2,shipmonk_estimate,USD
208552,7072952910134,Cattasaurus - shoproxstore - Shopify,direct_to_consumer,fulfilled,2026-01-08,2026-01-10,2026-01-08,PA2,UPS,1,1,20.81,2.1,0.0,22.91,shipmonk_estimate,USD
208554,7072999014710,Cattasaurus - shoproxstore - Shopify,direct_to_consumer,fulfilled,2026-01-08,2026-01-10,2026-01-08,PA2,OnTrac,1,1,15.35,2.1,0.0,17.45,shipmonk_estimate,USD
208555,7073000063286,Cattasaurus - shoproxstore - Shopify,direct_to_consumer,fulfilled,2026-01-08,2026-01-10,2026-01-08,PA2,OnTrac,1,1,16.37,2.1,0.0,18.47,shipmonk_estimate,USD
208556,7073016250678,Cattasaurus - shoproxstore - Shopify,direct_to_consumer,fulfilled,2026-01-08,2026-01-12,2026-01-08,NV3,FedEx,2,1,29.69,2.7,0.0,32.39,shipmonk_estimate,USD
208557,7073045250358,Cattasaurus - shoproxstore - Shopify,direct_to_consumer,fulfilled,2026-01-08,2026-01-10,2026-01-08,PA2,OnTrac,1,1,16.86,2.1,0.0,18.96,shipmonk_estimate,USD
208559,7073086112054,Cattasaurus - shoproxstore - Shopify,direct_to_consumer,fulfilled,2026-01-08,2026-01-09,2026-01-08,PA2,OnTrac,1,1,13.78,2.1,0.0,15.88,shipmonk_estimate,USD
208560,7073098531126,Cattasaurus - shoproxstore - Shopify,direct_to_consumer,fulfilled,2026-01-08,2026-01-12,2026-01-08,PA2,OnTrac,1,1,14.58,2.5,0.0,17.08,shipmonk_estimate,USD
208560_1,517e5d81-a5c6-4827-9f02-c5032fc0c43c,Cattasaurus - shoproxstore - Shopify,direct_to_consumer,fulfilled,2026-01-08,2026-01-12,2026-01-08,PA2,OnTrac,1,1,14.58,2.5,0.0,17.08,shipmonk_estimate,USD
208560_2,ac42c92f-8d5d-4c54-9f6f-b71a2f2bbcf6,Cattasaurus - shoproxstore - Shopify,direct_to_consumer,fulfilled,2026-01-08,2026-01-11,2026-01-08,PA2,OnTrac,1,1,14.58,2.5,0.0,17.08,shipmonk_estimate,USD
208560_3,c905b424-d3d1-48ff-8edb-9214a8610d2b,Cattasaurus - shoproxstore - Shopify,direct_to_consumer,fulfilled,2026-01-08,2026-01-11,2026-01-08,PA2,OnTrac,1,1,14.58,2.5,0.0,17.08,shipmonk_estimate,USD
208561,7073102823734,Cattasaurus - shoproxstore - Shopify,direct_to_consumer,fulfilled,2026-01-08,2026-01-10,2026-01-08,PA2,FedEx,1,1,18.86,1.8,0.0,20.66,shipmonk_estimate,USD
208562,7073117536566,Cattasaurus - shoproxstore - Shopify,direct_to_consumer,fulfilled,2026-01-08,2026-01-10,2026-01-08,PA2,FedEx,1,1,13.87,2.1,0.0,15.97,shipmonk_estimate,USD
208563,7073143619894,Cattasaurus - shoproxstore - Shopify,direct_to_consumer,fulfilled,2026-01-08,2026-01-10,2026-01-08,PA2,OnTrac,1,1,15.49,2.1,0.0,17.59,shipmonk_estimate,USD
208564,7073144832310,Cattasaurus - shoproxstore - Shopify,direct_to_consumer,fulfilled,2026-01-08,2026-01-10,2026-01-08,PA2,OnTrac,2,1,13.78,2.4,0.0,16.18,shipmonk_estimate,USD
208565,7073164722486,Cattasaurus - shoproxstore - Shopify,direct_to_consumer,fulfilled,2026-01-08,2026-01-09,2026-01-08,PA2,UPS,1,1,18.07,2.1,0.0,20.17,shipmonk_estimate,USD
208566,7073188806966,Cattasaurus - shoproxstore - Shopify,direct_to_consumer,fulfilled,2026-01-08,2026-01-12,2026-01-08,NV3,FedEx,1,1,16.35,2.1,0.0,18.45,shipmonk_estimate,USD
208567,7073212596534,Cattasaurus - shoproxstore - Shopify,direct_to_consumer,fulfilled,2026-01-08,2026-01-13,2026-01-08,PA2,OnTrac,1,1,13.66,2.1,0.0,15.76,shipmonk_estimate,USD
208567_1,f9ffc2be-8016-4cb6-ba30-d0aa3f0a2fea,Cattasaurus - shoproxstore - Shopify,direct_to_consumer,fulfilled,2026-01-08,2026-01-13,2026-01-08,NV3,OnTrac,1,1,25.39,2.1,0.0,27.49,shipmonk_estimate,USD
208569,7073216856374,Cattasaurus - shoproxstore - Shopify,direct_to_consumer,fulfilled,2026-01-08,2026-01-12,2026-01-08,NV3,FedEx,1,1,19.12,2.1,0.0,21.22,shipmonk_estimate,USD
208570,7073218167094,Cattasaurus - shoproxstore - Shopify,direct_to_consumer,fulfilled,2026-01-08,2026-01-12,2026-01-08,NV3,OnTrac,1,1,13.78,2.1,0.0,15.88,shipmonk_estimate,USD
208571,7073241727286,Cattasaurus - shoproxstore - Shopify,direct_to_consumer,fulfilled,2026-01-08,2026-01-12,2026-01-08,NV3,OnTrac,1,1,16.37,2.7,0.0,19.07,shipmonk_estimate,USD
208573,7073291764022,Cattasaurus - shoproxstore - Shopify,direct_to_consumer,fulfilled,2026-01-08,2026-01-12,2026-01-08,NV3,OnTrac,1,1,16.37,2.1,0.0,18.47,shipmonk_estimate,USD
208574,7073297793334,Cattasaurus - shoproxstore - Shopify,direct_to_consumer,fulfilled,2026-01-08,2026-01-12,2026-01-08,NV3,UPS,1,1,21.47,2.1,0.0,23.57,shipmonk_estimate,USD
208575,7073300480310,Cattasaurus - shoproxstore - Shopify,direct_to_consumer,fulfilled,2026-01-08,2026-01-12,2026-01-08,NV3,OnTrac,1,1,25.39,2.1,0.0,27.49,shipmonk_estimate,USD
208576,7073306018102,Cattasaurus - shoproxstore - Shopify,direct_to_consumer,fulfilled,2026-01-08,2026-01-12,2026-01-08,NV3,OnTrac,1,1,15.56,2.1,0.0,17.66,shipmonk_estimate,USD
208577,7073318895926,Cattasaurus - shoproxstore - Shopify,direct_to_consumer,fulfilled,2026-01-08,2026-01-12,2026-01-08,NV3,OnTrac,1,1,13.66,2.1,0.0,15.76,shipmonk_estimate,USD
208578,7073323647286,Cattasaurus - shoproxstore - Shopify,direct_to_consumer,fulfilled,2026-01-08,2026-01-12,2026-01-08,NV3,OnTrac,1,1,15.35,2.1,0.0,17.45,shipmonk_estimate,USD
208579,7073324958006,Cattasaurus - shoproxstore - Shopify,direct_to_consumer,fulfilled,2026-01-08,2026-01-12,2026-01-08,NV3,OnTrac,1,1,13.66,2.1,0.0,15.76,shipmonk_estimate,USD
208580,7073329086774,Cattasaurus - shoproxstore - Shopify,direct_to_consumer,fulfilled,2026-01-08,2026-01-12,2026-01-08,NV3,FedEx,1,1,17.13,2.1,0.0,19.23,shipmonk_estimate,USD
208581,7073337377078,Cattasaurus - shoproxstore - Shopify,direct_to_consumer,fulfilled,2026-01-08,2026-01-10,2026-01-08,PA2,OnTrac,1,1,12.89,1.8,0.0,14.69,shipmonk_estimate,USD
208582,7073351074102,Cattasaurus - shoproxstore - Shopify,direct_to_consumer,fulfilled,2026-01-08,2026-01-09,2026-01-08,PA2,OnTrac,1,1,13.58,3.3,0.0,16.88,shipmonk_estimate,USD
208583,7073393148214,Cattasaurus - shoproxstore - Shopify,direct_to_consumer,fulfilled,2026-01-08,2026-01-10,2026-01-08,PA2,OnTrac,1,1,15.56,2.1,0.0,17.66,shipmonk_estimate,USD
208584,7073395474742,Cattasaurus - shoproxstore - Shopify,direct_to_consumer,fulfilled,2026-01-08,2026-01-10,2026-01-08,PA2,OnTrac,1,1,16.37,2.1,0.0,18.47,shipmonk_estimate,USD
208586,7073429618998,Cattasaurus - shoproxstore - Shopify,direct_to_consumer,fulfilled,2026-01-08,2026-01-10,2026-01-08,PA2,OnTrac,1,1,14.21,2.7,0.0,16.91,shipmonk_estimate,USD
208587,7073437122870,Cattasaurus - shoproxstore - Shopify,direct_to_consumer,fulfilled,2026-01-08,2026-01-10,2026-01-08,PA2,OnTrac,2,1,13.78,2.4,0.0,16.18,shipmonk_estimate,USD
208588,7073444692278,Cattasaurus - shoproxstore - Shopify,direct_to_consumer,fulfilled,2026-01-08,2026-01-10,2026-01-08,PA2,OnTrac,1,1,15.49,2.1,0.0,17.59,shipmonk_estimate,USD
208589,7073460355382,Cattasaurus - shoproxstore - Shopify,direct_to_consumer,fulfilled,2026-01-08,2026-01-10,2026-01-08,PA2,OnTrac,1,1,16.37,2.1,0.0,18.47,shipmonk_estimate,USD
208590,7073463763254,Cattasaurus - shoproxstore - Shopify,direct_to_consumer,fulfilled,2026-01-08,2026-01-10,2026-01-08,PA2,OnTrac,1,1,16.37,2.1,0.0,18.47,shipmonk_estimate,USD
208591,7073474642230,Cattasaurus - shoproxstore - Shopify,direct_to_consumer,fulfilled,2026-01-08,2026-01-10,2026-01-08,PA2,FedEx,1,1,18.86,2.1,0.0,20.96,shipmonk_estimate,USD
208592,7073475232054,Cattasaurus - shoproxstore - Shopify,direct_to_consumer,fulfilled,2026-01-08,2026-01-12,2026-01-08,NV3,OnTrac,1,1,16.37,2.1,0.0,18.47,shipmonk_estimate,USD
208593,7073479983414,Cattasaurus - shoproxstore - Shopify,direct_to_consumer,fulfilled,2026-01-08,2026-01-12,2026-01-08,NV3,OnTrac,1,1,16.37,2.1,0.0,18.47,shipmonk_estimate,USD
208594,7073501020470,Cattasaurus - shoproxstore - Shopify,direct_to_consumer,fulfilled,2026-01-08,2026-01-09,2026-01-08,NV3,UPS,1,1,20.3,1.8,0.0,22.1,shipmonk_estimate,USD
208595,7073516749110,Cattasaurus - shoproxstore - Shopify,direct_to_consumer,fulfilled,2026-01-08,2026-01-12,2026-01-08,NV3,OnTrac,1,1,15.49,2.4,0.0,17.89,shipmonk_estimate,USD
208596_1,28ce268f-f5e3-4075-96e4-1820beb56b53,Cattasaurus - shoproxstore - Shopify,direct_to_consumer,fulfilled,2026-01-08,2026-04-02,2026-01-08,NV3,Cirro,1,1,8.66,1.5,0.0,10.16,shipmonk_estimate,USD
208597,7073552433462,Cattasaurus - shoproxstore - Shopify,direct_to_consumer,fulfilled,2026-01-08,2026-01-10,2026-01-08,PA2,UPS,1,1,15.35,2.1,0.0,17.45,shipmonk_estimate,USD
208600,7073583857974,Cattasaurus - shoproxstore - Shopify,direct_to_consumer,fulfilled,2026-01-08,2026-01-12,2026-01-08,NV3,UPS,1,1,18.83,2.1,0.0,20.93,shipmonk_estimate,USD
INF379,3b03b3fc-8faa-4176-a2fb-5da5d3deaa42,Cattasaurus - Manual Store,direct_to_consumer,fulfilled,2026-01-08,2026-01-09,2026-01-08,PA2,UPS,1,1,18.67,2.1,0.0,20.77,shipmonk_estimate,USD
INF379_1,031ffed6-5a55-4f88-8073-08e54563274b,Cattasaurus - Manual Store,direct_to_consumer,fulfilled,2026-01-08,2026-01-09,2026-01-08,PA2,UPS,1,1,21.1,1.8,0.0,22.9,shipmonk_estimate,USD
INF379_2,a47b492f-7428-496b-a727-02475b634733,Cattasaurus - Manual Store,direct_to_consumer,fulfilled,2026-01-08,2026-01-09,2026-01-08,PA2,UPS,1,1,17.02,2.5,0.0,19.52,shipmonk_estimate,USD
INF379_3,85894462-1eea-43c1-96e8-867fbed22f49,Cattasaurus - Manual Store,direct_to_consumer,fulfilled,2026-01-08,2026-01-09,2026-01-08,PA2,DHL eCommerce,1,1,12.35,1.5,0.0,13.85,shipmonk_estimate,USD
111-0114223-5701815,111-0114223-5701815,Cattasaurus - Amazon USA,direct_to_consumer,fulfilled,2026-01-09,2026-01-09,2026-01-09,PA2,OnTrac,1,1,18.38,2.1,0.0,20.48,shipmonk_estimate,USD
111-5512123-4770633,111-5512123-4770633,Cattasaurus - Amazon USA,direct_to_consumer,fulfilled,2026-01-09,2026-01-09,2026-01-09,PA2,OnTrac,2,1,15.48,2.4,0.0,17.88,shipmonk_estimate,USD
112-2351713-9762616,112-2351713-9762616,Cattasaurus - Amazon USA,direct_to_consumer,fulfilled,2026-01-09,2026-01-09,2026-01-09,PA2,OnTrac,1,1,15.58,1.5,0.0,17.08,shipmonk_estimate,USD
112-9487718-0237030,112-9487718-0237030,Cattasaurus - Amazon USA,direct_to_consumer,fulfilled,2026-01-09,2026-01-09,2026-01-09,PA2,FedEx,1,1,13.87,2.1,0.0,15.97,shipmonk_estimate,USD
113-0923601-7695459,113-0923601-7695459,Cattasaurus - Amazon USA,direct_to_consumer,fulfilled,2026-01-09,2026-01-12,2026-01-09,NV3,OnTrac,1,1,13.66,2.1,0.0,15.76,shipmonk_estimate,USD
114-3484814-8901013,114-3484814-8901013,Cattasaurus - Amazon USA,direct_to_consumer,fulfilled,2026-01-09,2026-01-09,2026-01-09,PA2,FedEx,1,1,15.19,2.1,0.0,17.29,shipmonk_estimate,USD
114-6976326-7518657,114-6976326-7518657,Cattasaurus - Amazon USA,direct_to_consumer,fulfilled,2026-01-09,2026-01-12,2026-01-09,NV3,UPS,1,1,19.44,2.1,0.0,21.54,shipmonk_estimate,USD
199531-01,8fc40bce-81a1-4af2-a460-3f83e7f7ce3a,Cattasaurus - shoproxstore - Shopify,direct_to_consumer,fulfilled,2026-01-09,2026-01-09,2026-01-09,PA2,FedEx,1,1,18.86,1.8,0.0,20.66,shipmonk_estimate,USD
199736-01,c5038a19-e672-4bcf-b87c-e48f2431bc22,Cattasaurus - shoproxstore - Shopify,direct_to_consumer,fulfilled,2026-01-09,2026-01-09,2026-01-09,PA2,FedEx,1,1,16.37,1.8,0.0,18.17,shipmonk_estimate,USD
208601,7073954332982,Cattasaurus - shoproxstore - Shopify,direct_to_consumer,fulfilled,2026-01-09,2026-01-13,2026-01-09,PA2,UPS,1,1,15.56,2.7,0.0,18.26,shipmonk_estimate,USD
208601_1,38ed7326-f400-408b-9487-e324b9267848,Cattasaurus - shoproxstore - Shopify,direct_to_consumer,fulfilled,2026-01-09,2026-01-13,2026-01-09,PA2,UPS,1,1,13.9,1.5,0.0,15.4,shipmonk_estimate,USD
208603,7074089926966,Cattasaurus - shoproxstore - Shopify,direct_to_consumer,fulfilled,2026-01-09,2026-01-09,2026-01-09,PA2,OnTrac,1,1,16.37,2.1,0.0,18.47,shipmonk_estimate,USD
208604,7074094973238,Cattasaurus - shoproxstore - Shopify,direct_to_consumer,fulfilled,2026-01-09,2026-01-10,2026-01-09,PA2,OnTrac,2,1,13.87,2.4,0.0,16.27,shipmonk_estimate,USD
208605,7074098282806,Cattasaurus - shoproxstore - Shopify,direct_to_consumer,fulfilled,2026-01-09,2026-01-09,2026-01-09,PA2,OnTrac,2,1,13.78,2.1,0.0,15.88,shipmonk_estimate,USD
208606,7074179023158,Cattasaurus - shoproxstore - Shopify,direct_to_consumer,fulfilled,2026-01-09,2026-01-14,2026-01-09,PA2,UPS,1,1,17.18,2.4,0.0,19.58,shipmonk_estimate,USD
208607,7074183774518,Cattasaurus - shoproxstore - Shopify,direct_to_consumer,fulfilled,2026-01-09,2026-01-10,2026-01-09,PA2,OnTrac,1,1,13.66,2.1,0.0,15.76,shipmonk_estimate,USD
208608,7074184855862,Cattasaurus - shoproxstore - Shopify,direct_to_consumer,fulfilled,2026-01-09,2026-01-10,2026-01-09,PA2,OnTrac,1,1,13.78,2.1,0.0,15.88,shipmonk_estimate,USD
208609,7074209562934,Cattasaurus - shoproxstore - Shopify,direct_to_consumer,fulfilled,2026-01-09,2026-01-10,2026-01-09,PA2,UPS,1,1,18.83,2.1,0.0,20.93,shipmonk_estimate,USD
208610,7074212839734,Cattasaurus - shoproxstore - Shopify,direct_to_consumer,fulfilled,2026-01-09,2026-01-10,2026-01-09,PA2,UPS,1,1,18.07,2.1,0.0,20.17,shipmonk_estimate,USD
208611,7074245345590,Cattasaurus - shoproxstore - Shopify,direct_to_consumer,fulfilled,2026-01-09,2026-01-12,2026-01-09,PA2,FedEx,1,1,18.86,2.1,0.0,20.96,shipmonk_estimate,USD
208612,7074253898038,Cattasaurus - shoproxstore - Shopify,direct_to_consumer,fulfilled,2026-01-09,2026-01-13,2026-01-09,PA2,OnTrac,1,1,18.38,2.7,0.0,21.08,shipmonk_estimate,USD
208612_1,f3df5907-c6e5-4674-a065-862c95ac72b5,Cattasaurus - shoproxstore - Shopify,direct_to_consumer,fulfilled,2026-01-09,2026-01-13,2026-01-09,PA2,FedEx,1,1,18.38,2.1,0.0,20.48,shipmonk_estimate,USD
208612_2,52954b56-74f0-4f37-8293-04ddee899585,Cattasaurus - shoproxstore - Shopify,direct_to_consumer,fulfilled,2026-01-09,2026-01-13,2026-01-09,PA2,OnTrac,1,1,11.18,1.5,0.0,12.68,shipmonk_estimate,USD
208613,7074260156726,Cattasaurus - shoproxstore - Shopify,direct_to_consumer,fulfilled,2026-01-09,2026-01-10,2026-01-09,PA2,FedEx,1,1,16.35,2.1,0.0,18.45,shipmonk_estimate,USD
208614,7074265465142,Cattasaurus - shoproxstore - Shopify,direct_to_consumer,fulfilled,2026-01-09,2026-01-12,2026-01-09,NV3,OnTrac,1,1,23.55,2.1,0.0,25.65,shipmonk_estimate,USD
208615,7074267988278,Cattasaurus - shoproxstore - Shopify,direct_to_consumer,fulfilled,2026-01-09,2026-01-12,2026-01-09,NV3,OnTrac,1,1,16.37,2.1,0.0,18.47,shipmonk_estimate,USD
208616,7074292433206,Cattasaurus - shoproxstore - Shopify,direct_to_consumer,fulfilled,2026-01-09,2026-01-10,2026-01-09,PA2,OnTrac,1,1,18.61,2.1,0.0,20.71,shipmonk_estimate,USD
208617,7074297119030,Cattasaurus - shoproxstore - Shopify,direct_to_consumer,fulfilled,2026-01-09,2026-01-10,2026-01-09,PA2,FedEx,1,1,16.37,2.1,0.0,18.47,shipmonk_estimate,USD
208618,7074313503030,Cattasaurus - shoproxstore - Shopify,direct_to_consumer,fulfilled,2026-01-09,2026-01-12,2026-01-09,NV3,UPS,1,1,18.07,1.8,0.0,19.87,shipmonk_estimate,USD
208619,7074320580918,Cattasaurus - shoproxstore - Shopify,direct_to_consumer,fulfilled,2026-01-09,2026-01-12,2026-01-09,NV3,OnTrac,1,1,13.66,2.1,0.0,15.76,shipmonk_estimate,USD
208620,7074325266742,Cattasaurus - shoproxstore - Shopify,direct_to_consumer,fulfilled,2026-01-09,2026-01-12,2026-01-09,NV3,UPS,1,1,20.3,2.1,0.0,22.4,shipmonk_estimate,USD
208622,7074376417590,Cattasaurus - shoproxstore - Shopify,direct_to_consumer,fulfilled,2026-01-09,2026-01-10,2026-01-09,PA2,OnTrac,1,1,14.73,2.1,0.0,16.83,shipmonk_estimate,USD
208623,7074399551798,Cattasaurus - shoproxstore - Shopify,direct_to_consumer,fulfilled,2026-01-09,2026-01-10,2026-01-09,PA2,OnTrac,1,1,18.07,2.1,0.0,20.17,shipmonk_estimate,USD
208624,7074412331318,Cattasaurus - shoproxstore - Shopify,direct_to_consumer,fulfilled,2026-01-09,2026-01-11,2026-01-09,PA2,OnTrac,1,1,9.12,1.5,0.0,10.62,shipmonk_estimate,USD
208624_1,53b063a1-5ab9-442b-b3fa-0ea3bf49c71f,Cattasaurus - shoproxstore - Shopify,direct_to_consumer,fulfilled,2026-01-09,2026-01-11,2026-01-09,PA2,OnTrac,1,1,9.12,0.3,0.0,9.42,shipmonk_estimate,USD
208624_2,749db928-0a0f-458a-979a-a084c6d05664,Cattasaurus - shoproxstore - Shopify,direct_to_consumer,fulfilled,2026-01-09,2026-01-11,2026-01-09,PA2,OnTrac,1,1,12.89,1.8,0.0,14.69,shipmonk_estimate,USD
208625,7074418360630,Cattasaurus - shoproxstore - Shopify,direct_to_consumer,fulfilled,2026-01-09,2026-01-13,2026-01-09,NV3,FedEx,2,1,18.61,2.1,0.0,20.71,shipmonk_estimate,USD
208625_1,5122490b-f63e-445c-9a48-8faeff3835de,Cattasaurus - shoproxstore - Shopify,direct_to_consumer,fulfilled,2026-01-09,2026-01-13,2026-01-09,PA2,DHL eCommerce,1,1,8.82,1.5,0.0,10.32,shipmonk_estimate,USD
208625_2,40ed7337-0274-44b3-bf3c-616c6a798e78,Cattasaurus - shoproxstore - Shopify,direct_to_consumer,fulfilled,2026-01-09,2026-01-13,2026-01-09,PA2,UPS,1,1,13.62,1.5,0.0,15.12,shipmonk_estimate,USD
208625_3,e061d48e-7868-43f2-87f6-501f57acbed7,Cattasaurus - shoproxstore - Shopify,direct_to_consumer,fulfilled,2026-01-09,2026-01-13,2026-01-09,PA2,UPS,1,1,11.18,1.5,0.0,12.68,shipmonk_estimate,USD
208625_4,7d4a185a-0f58-4ee1-9e6d-0661a253f787,Cattasaurus - shoproxstore - Shopify,direct_to_consumer,fulfilled,2026-01-09,2026-01-13,2026-01-09,NV3,DHL eCommerce,1,1,11.18,1.5,0.0,12.68,shipmonk_estimate,USD
208625_5,4337981b-47a8-4ec1-a3cd-24b00eb422ca,Cattasaurus - shoproxstore - Shopify,direct_to_consumer,fulfilled,2026-01-09,2026-01-13,2026-01-09,PA2,FedEx,1,1,16.84,2.5,0.0,19.34,shipmonk_estimate,USD
208626,7074443329846,Cattasaurus - shoproxstore - Shopify,direct_to_consumer,fulfilled,2026-01-09,2026-01-10,2026-01-09,PA2,OnTrac,1,1,15.49,2.1,0.0,17.59,shipmonk_estimate,USD
208627,7074449326390,Cattasaurus - shoproxstore - Shopify,direct_to_consumer,fulfilled,2026-01-09,2026-01-10,2026-01-09,PA2,OnTrac,1,1,10.77,1.5,0.0,12.27,shipmonk_estimate,USD
208628,7074451849526,Cattasaurus - shoproxstore - Shopify,direct_to_consumer,fulfilled,2026-01-09,2026-01-11,2026-01-09,PA2,OnTrac,1,1,11.18,1.5,0.0,12.68,shipmonk_estimate,USD
208628_1,12e8c0f8-4f67-41b0-8d8e-3cfc1203ea25,Cattasaurus - shoproxstore - Shopify,direct_to_consumer,fulfilled,2026-01-09,2026-01-11,2026-01-09,PA2,OnTrac,1,1,11.18,0.3,0.0,11.48,shipmonk_estimate,USD
208629,7074454536502,Cattasaurus - shoproxstore - Shopify,direct_to_consumer,fulfilled,2026-01-09,2026-01-10,2026-01-09,PA2,OnTrac,1,1,14.58,2.1,0.0,16.68,shipmonk_estimate,USD
208630,7074462794038,Cattasaurus - shoproxstore - Shopify,direct_to_consumer,fulfilled,2026-01-09,2026-01-10,2026-01-09,PA2,OnTrac,1,1,13.87,2.1,0.0,15.97,shipmonk_estimate,USD
208632,7074486649142,Cattasaurus - shoproxstore - Shopify,direct_to_consumer,fulfilled,2026-01-09,2026-01-10,2026-01-09,PA2,OnTrac,1,1,12.89,2.1,0.0,14.99,shipmonk_estimate,USD
208633,7074504180022,Cattasaurus - shoproxstore - Shopify,direct_to_consumer,fulfilled,2026-01-09,2026-01-09,2026-01-09,NV3,OnTrac,1,1,19.8,2.1,0.0,21.9,shipmonk_estimate,USD
208634,7074510569782,Cattasaurus - shoproxstore - Shopify,direct_to_consumer,fulfilled,2026-01-09,2026-01-10,2026-01-09,PA2,OnTrac,1,1,13.87,2.1,0.0,15.97,shipmonk_estimate,USD
208635,7074510700854,Cattasaurus - shoproxstore - Shopify,direct_to_consumer,fulfilled,2026-01-09,2026-01-12,2026-01-09,NV3,OnTrac,1,1,13.66,2.7,0.0,16.36,shipmonk_estimate,USD
208636,7074524496182,Cattasaurus - shoproxstore - Shopify,direct_to_consumer,fulfilled,2026-01-09,2026-01-12,2026-01-09,NV3,OnTrac,1,1,24.95,2.1,0.0,27.05,shipmonk_estimate,USD
208637,7074526003510,Cattasaurus - shoproxstore - Shopify,direct_to_consumer,fulfilled,2026-01-09,2026-01-12,2026-01-09,NV3,OnTrac,1,1,13.87,2.1,0.0,15.97,shipmonk_estimate,USD
208638,7074540192054,Cattasaurus - shoproxstore - Shopify,direct_to_consumer,fulfilled,2026-01-09,2026-01-12,2026-01-09,NV3,FedEx,1,1,23.76,2.1,0.0,25.86,shipmonk_estimate,USD
208639,7074562900278,Cattasaurus - shoproxstore - Shopify,direct_to_consumer,fulfilled,2026-01-09,2026-01-12,2026-01-09,NV3,FedEx,1,1,23.55,2.1,0.0,25.65,shipmonk_estimate,USD
208640,7074585346358,Cattasaurus - shoproxstore - Shopify,direct_to_consumer,fulfilled,2026-01-09,2026-01-12,2026-01-09,NV3,OnTrac,3,1,13.66,2.4,0.0,16.06,shipmonk_estimate,USD
208641,7074595569974,Cattasaurus - shoproxstore - Shopify,direct_to_consumer,fulfilled,2026-01-09,2026-01-10,2026-01-09,PA2,UPS,1,1,21.47,2.1,0.0,23.57,shipmonk_estimate,USD
208643,7074612511030,Cattasaurus - shoproxstore - Shopify,direct_to_consumer,fulfilled,2026-01-09,2026-01-10,2026-01-09,PA2,OnTrac,2,1,15.49,2.4,0.0,17.89,shipmonk_estimate,USD
208644,7074624143670,Cattasaurus - shoproxstore - Shopify,direct_to_consumer,fulfilled,2026-01-09,2026-01-10,2026-01-09,PA2,UPS,1,1,18.07,1.8,0.0,19.87,shipmonk_estimate,USD
208645,7074632073526,Cattasaurus - shoproxstore - Shopify,direct_to_consumer,fulfilled,2026-01-09,2026-01-10,2026-01-09,PA2,UPS,1,1,15.48,1.8,0.0,17.28,shipmonk_estimate,USD
208646,7074641740086,Cattasaurus - shoproxstore - Shopify,direct_to_consumer,fulfilled,2026-01-09,2026-01-12,2026-01-09,NV3,FedEx,2,1,22.71,2.4,0.0,25.11,shipmonk_estimate,USD
208647,7074660057398,Cattasaurus - shoproxstore - Shopify,direct_to_consumer,fulfilled,2026-01-09,2026-01-10,2026-01-09,PA2,OnTrac,1,1,18.55,2.1,0.0,20.65,shipmonk_estimate,USD
208648,7074671329590,Cattasaurus - shoproxstore - Shopify,direct_to_consumer,fulfilled,2026-01-09,2026-01-10,2026-01-09,PA2,OnTrac,2,1,13.87,2.4,0.0,16.27,shipmonk_estimate,USD
208649,7074674770230,Cattasaurus - shoproxstore - Shopify,direct_to_consumer,fulfilled,2026-01-09,2026-01-10,2026-01-09,PA2,OnTrac,1,1,13.87,2.1,0.0,15.97,shipmonk_estimate,USD
208650,7074683519286,Cattasaurus - shoproxstore - Shopify,direct_to_consumer,fulfilled,2026-01-09,2026-01-11,2026-01-09,PA2,OnTrac,1,1,9.21,1.5,0.0,10.71,shipmonk_estimate,USD
208650_1,2129535e-be03-4f8d-89f9-d2423878c216,Cattasaurus - shoproxstore - Shopify,direct_to_consumer,fulfilled,2026-01-09,2026-01-11,2026-01-09,PA2,OnTrac,1,1,13.02,0.3,0.0,13.32,shipmonk_estimate,USD
208650_2,d4e51905-fd36-41c9-8d3c-a68488877a6c,Cattasaurus - shoproxstore - Shopify,direct_to_consumer,fulfilled,2026-01-09,2026-01-12,2026-01-09,NV3,OnTrac,1,1,10.77,1.5,0.0,12.27,shipmonk_estimate,USD
208651,7074684666166,Cattasaurus - shoproxstore - Shopify,direct_to_consumer,fulfilled,2026-01-09,2026-01-10,2026-01-09,PA2,OnTrac,1,1,15.78,2.1,0.0,17.88,shipmonk_estimate,USD
208652,7074691383606,Cattasaurus - shoproxstore - Shopify,direct_to_consumer,fulfilled,2026-01-09,2026-01-12,2026-01-09,NV3,OnTrac,1,1,13.66,2.1,0.0,15.76,shipmonk_estimate,USD
208653,7074696495414,Cattasaurus - shoproxstore - Shopify,direct_to_consumer,fulfilled,2026-01-09,2026-01-12,2026-01-09,NV3,OnTrac,1,1,15.35,2.1,0.0,17.45,shipmonk_estimate,USD
208654,7074713534774,Cattasaurus - shoproxstore - Shopify,direct_to_consumer,fulfilled,2026-01-09,2026-01-13,2026-01-09,PA2,FedEx,1,1,19.77,2.1,0.0,21.87,shipmonk_estimate,USD
208654_1,22d1ffa1-9034-4e50-958d-04692ddc7eb0,Cattasaurus - shoproxstore - Shopify,direct_to_consumer,fulfilled,2026-01-09,2026-01-13,2026-01-09,PA2,FedEx,1,1,18.86,2.1,0.0,20.96,shipmonk_estimate,USD
208655,7074739749174,Cattasaurus - shoproxstore - Shopify,direct_to_consumer,fulfilled,2026-01-09,2026-01-10,2026-01-09,PA2,UPS,2,1,18.83,2.4,0.0,21.23,shipmonk_estimate,USD
208656,7074741256502,Cattasaurus - shoproxstore - Shopify,direct_to_consumer,fulfilled,2026-01-09,2026-01-14,2026-01-09,NV3,FedEx,1,1,18.86,2.1,0.0,20.96,shipmonk_estimate,USD
208657,7074758754614,Cattasaurus - shoproxstore - Shopify,direct_to_consumer,fulfilled,2026-01-09,2026-01-14,2026-01-09,PA2,FedEx,1,1,16.37,2.7,0.0,19.07,shipmonk_estimate,USD
208658,7074776908086,Cattasaurus - shoproxstore - Shopify,direct_to_consumer,fulfilled,2026-01-09,2026-01-10,2026-01-09,PA2,OnTrac,1,1,18.55,2.4,0.0,20.95,shipmonk_estimate,USD
208660,7074796765494,Cattasaurus - shoproxstore - Shopify,direct_to_consumer,fulfilled,2026-01-09,2026-01-10,2026-01-09,PA2,OnTrac,1,1,21.1,2.1,0.0,23.2,shipmonk_estimate,USD
208662,7074839920950,Cattasaurus - shoproxstore - Shopify,direct_to_consumer,fulfilled,2026-01-09,2026-01-12,2026-01-09,NV3,OnTrac,1,1,25.39,2.1,0.0,27.49,shipmonk_estimate,USD
208663,7074844803382,Cattasaurus - shoproxstore - Shopify,direct_to_consumer,fulfilled,2026-01-09,2026-01-10,2026-01-09,PA2,OnTrac,1,1,13.66,2.1,0.0,15.76,shipmonk_estimate,USD
208664,7074871410998,Cattasaurus - shoproxstore - Shopify,direct_to_consumer,fulfilled,2026-01-09,2026-01-12,2026-01-09,NV3,UPS,1,1,15.9,2.7,0.0,18.6,shipmonk_estimate,USD
208665,7074921742646,Cattasaurus - shoproxstore - Shopify,direct_to_consumer,fulfilled,2026-01-09,2026-01-13,2026-01-09,NV3,UPS,1,1,15.56,2.1,0.0,17.66,shipmonk_estimate,USD
208665_1,a4831314-b29c-404a-9b95-13ae73b94ea9,Cattasaurus - shoproxstore - Shopify,direct_to_consumer,fulfilled,2026-01-09,2026-01-13,2026-01-09,NV3,UPS,1,1,15.9,2.1,0.0,18.0,shipmonk_estimate,USD
208666,7074930819382,Cattasaurus - shoproxstore - Shopify,direct_to_consumer,fulfilled,2026-01-09,2026-01-10,2026-01-09,PA2,FedEx,1,1,16.35,1.8,0.0,18.15,shipmonk_estimate,USD
208667,7074944450870,Cattasaurus - shoproxstore - Shopify,direct_to_consumer,fulfilled,2026-01-09,2026-01-10,2026-01-09,PA2,FedEx,1,1,18.86,2.1,0.0,20.96,shipmonk_estimate,USD
208668,7074954019126,Cattasaurus - shoproxstore - Shopify,direct_to_consumer,fulfilled,2026-01-09,2026-01-10,2026-01-09,PA2,OnTrac,1,1,13.66,2.1,0.0,15.76,shipmonk_estimate,USD
208670,7075023913270,Cattasaurus - shoproxstore - Shopify,direct_to_consumer,fulfilled,2026-01-09,2026-01-10,2026-01-09,PA2,OnTrac,1,1,13.66,2.1,0.0,15.76,shipmonk_estimate,USD
208671,7075024929078,Cattasaurus - shoproxstore - Shopify,direct_to_consumer,fulfilled,2026-01-09,2026-01-10,2026-01-09,PA2,UPS,1,1,18.83,2.1,0.0,20.93,shipmonk_estimate,USD
208672,7075054682422,Cattasaurus - shoproxstore - Shopify,direct_to_consumer,fulfilled,2026-01-09,2026-01-13,2026-01-09,NV3,UPS,2,1,18.07,3.0,0.0,21.07,shipmonk_estimate,USD
208673,7075060908342,Cattasaurus - shoproxstore - Shopify,direct_to_consumer,fulfilled,2026-01-09,2026-01-12,2026-01-09,NV3,UPS,1,1,15.56,2.1,0.0,17.66,shipmonk_estimate,USD
208674,7075062251830,Cattasaurus - shoproxstore - Shopify,direct_to_consumer,fulfilled,2026-01-09,2026-01-12,2026-01-09,NV3,OnTrac,1,1,13.66,2.1,0.0,15.76,shipmonk_estimate,USD
208675,7075073655094,Cattasaurus - shoproxstore - Shopify,direct_to_consumer,fulfilled,2026-01-09,2026-01-12,2026-01-09,NV3,OnTrac,1,1,13.87,2.1,0.0,15.97,shipmonk_estimate,USD
208676,7075092431158,Cattasaurus - shoproxstore - Shopify,direct_to_consumer,fulfilled,2026-01-09,2026-01-12,2026-01-09,NV3,OnTrac,1,1,17.18,2.1,0.0,19.28,shipmonk_estimate,USD
208677,7075099279670,Cattasaurus - shoproxstore - Shopify,direct_to_consumer,fulfilled,2026-01-09,2026-01-12,2026-01-09,NV3,UPS,1,1,24.95,2.1,0.0,27.05,shipmonk_estimate,USD
208678,7075120808246,Cattasaurus - shoproxstore - Shopify,direct_to_consumer,fulfilled,2026-01-09,2026-01-12,2026-01-09,NV3,OnTrac,1,1,13.66,2.7,0.0,16.36,shipmonk_estimate,USD
208679,7075170418998,Cattasaurus - shoproxstore - Shopify,direct_to_consumer,fulfilled,2026-01-09,2026-01-10,2026-01-09,PA2,UPS,1,1,12.21,1.5,0.0,13.71,shipmonk_estimate,USD
208680,7075176055094,Cattasaurus - shoproxstore - Shopify,direct_to_consumer,fulfilled,2026-01-09,2026-01-10,2026-01-09,PA2,FedEx,1,1,16.37,2.1,0.0,18.47,shipmonk_estimate,USD
208681,7075227500854,Cattasaurus - shoproxstore - Shopify,direct_to_consumer,fulfilled,2026-01-09,2026-01-12,2026-01-09,NV3,FedEx,1,1,19.77,2.1,0.0,21.87,shipmonk_estimate,USD
208682,7075285139766,Cattasaurus - shoproxstore - Shopify,direct_to_consumer,fulfilled,2026-01-09,2026-01-10,2026-01-09,PA2,UPS,1,1,18.55,2.1,0.0,20.65,shipmonk_estimate,USD
208683,7075296510262,Cattasaurus - shoproxstore - Shopify,direct_to_consumer,fulfilled,2026-01-09,2026-01-12,2026-01-09,NV3,FedEx,1,1,17.13,2.1,0.0,19.23,shipmonk_estimate,USD
208684,7075305554230,Cattasaurus - shoproxstore - Shopify,direct_to_consumer,fulfilled,2026-01-09,2026-01-12,2026-01-09,NV3,OnTrac,1,1,16.37,1.8,0.0,18.17,shipmonk_estimate,USD
208685,7075310666038,Cattasaurus - shoproxstore - Shopify,direct_to_consumer,fulfilled,2026-01-09,2026-01-12,2026-01-09,NV3,OnTrac,1,1,25.39,2.1,0.0,27.49,shipmonk_estimate,USD
208686,7075316957494,Cattasaurus - shoproxstore - Shopify,direct_to_consumer,fulfilled,2026-01-09,2026-01-10,2026-01-09,PA2,FedEx,1,1,20.56,2.1,0.0,22.66,shipmonk_estimate,USD
208687,7075316924726,Cattasaurus - shoproxstore - Shopify,direct_to_consumer,fulfilled,2026-01-09,2026-01-12,2026-01-09,NV3,OnTrac,1,1,13.66,2.1,0.0,15.76,shipmonk_estimate,USD
208688,7075317580086,Cattasaurus - shoproxstore - Shopify,direct_to_consumer,fulfilled,2026-01-09,2026-01-10,2026-01-09,PA2,FedEx,1,1,18.86,2.1,0.0,20.96,shipmonk_estimate,USD
208689,7075323380022,Cattasaurus - shoproxstore - Shopify,direct_to_consumer,fulfilled,2026-01-09,2026-01-12,2026-01-09,NV3,OnTrac,1,1,19.8,2.1,0.0,21.9,shipmonk_estimate,USD
208690,7075326951734,Cattasaurus - shoproxstore - Shopify,direct_to_consumer,fulfilled,2026-01-09,2026-01-10,2026-01-09,PA2,FedEx,1,1,19.77,2.1,0.0,21.87,shipmonk_estimate,USD
208691,7075358736694,Cattasaurus - shoproxstore - Shopify,direct_to_consumer,fulfilled,2026-01-09,2026-01-12,2026-01-09,NV3,UPS,1,1,25.24,2.1,0.0,27.34,shipmonk_estimate,USD
208692,7075366797622,Cattasaurus - shoproxstore - Shopify,direct_to_consumer,fulfilled,2026-01-09,2026-01-10,2026-01-09,PA2,OnTrac,1,1,12.89,2.1,0.0,14.99,shipmonk_estimate,USD
208693,7075373547830,Cattasaurus - shoproxstore - Shopify,direct_to_consumer,fulfilled,2026-01-09,2026-01-12,2026-01-09,NV3,OnTrac,1,1,13.66,2.1,0.0,15.76,shipmonk_estimate,USD
208694,7075387212086,Cattasaurus - shoproxstore - Shopify,direct_to_consumer,fulfilled,2026-01-09,2026-01-10,2026-01-09,PA2,OnTrac,1,1,5.29,1.5,0.3,7.09,shipmonk_estimate,USD
208695,7075389669686,Cattasaurus - shoproxstore - Shopify,direct_to_consumer,fulfilled,2026-01-09,2026-01-12,2026-01-09,NV3,OnTrac,1,1,18.61,2.1,0.0,20.71,shipmonk_estimate,USD
208696,7075397501238,Cattasaurus - shoproxstore - Shopify,direct_to_consumer,fulfilled,2026-01-09,2026-01-12,2026-01-09,NV3,FedEx,1,1,22.71,2.1,0.0,24.81,shipmonk_estimate,USD
208697,7075432202550,Cattasaurus - shoproxstore - Shopify,direct_to_consumer,fulfilled,2026-01-09,2026-01-10,2026-01-09,PA2,FedEx,1,1,18.86,2.1,0.0,20.96,shipmonk_estimate,USD
208698,7075439444278,Cattasaurus - shoproxstore - Shopify,direct_to_consumer,fulfilled,2026-01-09,2026-01-10,2026-01-09,PA2,OnTrac,1,1,15.35,2.1,0.0,17.45,shipmonk_estimate,USD
208699,7075467952438,Cattasaurus - shoproxstore - Shopify,direct_to_consumer,fulfilled,2026-01-09,2026-01-10,2026-01-09,PA2,FedEx,1,1,13.87,2.1,0.0,15.97,shipmonk_estimate,USD
208700,7075472507190,Cattasaurus - shoproxstore - Shopify,direct_to_consumer,fulfilled,2026-01-09,2026-01-12,2026-01-09,NV3,OnTrac,1,1,18.67,2.1,0.0,20.77,shipmonk_estimate,USD
208701,7075477160246,Cattasaurus - shoproxstore - Shopify,direct_to_consumer,fulfilled,2026-01-09,2026-01-10,2026-01-09,PA2,OnTrac,2,1,12.89,2.1,0.0,14.99,shipmonk_estimate,USD
208704,7075662889270,Cattasaurus - shoproxstore - Shopify,direct_to_consumer,fulfilled,2026-01-09,2026-01-10,2026-01-09,PA2,FedEx,1,1,18.86,2.1,0.0,20.96,shipmonk_estimate,USD
208705,7075673506102,Cattasaurus - shoproxstore - Shopify,direct_to_consumer,fulfilled,2026-01-09,2026-01-12,2026-01-09,NV3,OnTrac,1,1,15.49,2.1,0.0,17.59,shipmonk_estimate,USD
113-1489611-2721019,113-1489611-2721019,Cattasaurus - Amazon USA,direct_to_consumer,fulfilled,2026-01-10,2026-01-12,2026-01-10,NV3,OnTrac,1,1,13.87,2.1,0.0,15.97,shipmonk_estimate,USD
113-3506716-8047437,113-3506716-8047437,Cattasaurus - Amazon USA,direct_to_consumer,fulfilled,2026-01-10,2026-01-10,2026-01-10,PA2,OnTrac,1,1,13.66,2.1,0.0,15.76,shipmonk_estimate,USD
113-5955211-8153800,113-5955211-8153800,Cattasaurus - Amazon USA,direct_to_consumer,fulfilled,2026-01-10,2026-01-10,2026-01-10,PA2,OnTrac,1,1,12.89,2.1,0.0,14.99,shipmonk_estimate,USD
113-6645904-7073006,113-6645904-7073006,Cattasaurus - Amazon USA,direct_to_consumer,fulfilled,2026-01-10,2026-01-11,2026-01-10,PA2,UPS,1,1,18.67,2.1,0.0,20.77,shipmonk_estimate,USD
113-6751562-4418653,113-6751562-4418653,Cattasaurus - Amazon USA,direct_to_consumer,fulfilled,2026-01-10,2026-01-11,2026-01-10,PA2,OnTrac,1,1,19.12,2.1,0.0,21.22,shipmonk_estimate,USD
114-0548016-6741824,114-0548016-6741824,Cattasaurus - Amazon USA,direct_to_consumer,fulfilled,2026-01-10,2026-01-12,2026-01-10,NV3,OnTrac,1,1,13.87,2.1,0.0,15.97,shipmonk_estimate,USD
114-9375189-9174637,114-9375189-9174637,Cattasaurus - Amazon USA,direct_to_consumer,fulfilled,2026-01-10,2026-01-11,2026-01-10,PA2,USPS,1,1,14.8,2.5,0.0,17.3,shipmonk_estimate,USD
202405-01,9d1354c8-7041-4bf8-a6de-b4b70aa57cdf,Cattasaurus - shoproxstore - Shopify,direct_to_consumer,fulfilled,2026-01-10,2026-01-12,2026-01-10,NV3,UPS,1,1,18.55,2.4,0.0,20.95,shipmonk_estimate,USD
204881-01,fec926a9-99b8-4faa-a40c-2e80b43361f8,Cattasaurus - shoproxstore - Shopify,direct_to_consumer,fulfilled,2026-01-10,2026-01-12,2026-01-10,NV3,OnTrac,1,1,18.55,1.8,0.0,20.35,shipmonk_estimate,USD
208706,7075788980534,Cattasaurus - shoproxstore - Shopify,direct_to_consumer,fulfilled,2026-01-10,2026-01-12,2026-01-10,NV3,FedEx,1,1,15.78,2.1,0.0,17.88,shipmonk_estimate,USD
208707,7075794125110,Cattasaurus - shoproxstore - Shopify,direct_to_consumer,fulfilled,2026-01-10,2026-01-12,2026-01-10,NV3,OnTrac,1,1,15.49,1.8,0.0,17.29,shipmonk_estimate,USD
208708,7075800154422,Cattasaurus - shoproxstore - Shopify,direct_to_consumer,fulfilled,2026-01-10,2026-01-10,2026-01-10,PA2,OnTrac,1,1,13.78,1.8,0.0,15.58,shipmonk_estimate,USD
208709,7075906519350,Cattasaurus - shoproxstore - Shopify,direct_to_consumer,fulfilled,2026-01-10,2026-01-10,2026-01-10,PA2,OnTrac,1,1,13.87,2.1,0.0,15.97,shipmonk_estimate,USD
208710,7075953639734,Cattasaurus - shoproxstore - Shopify,direct_to_consumer,fulfilled,2026-01-10,2026-01-12,2026-01-10,NV3,OnTrac,1,1,18.67,2.1,0.0,20.77,shipmonk_estimate,USD
208711,7075967533366,Cattasaurus - shoproxstore - Shopify,direct_to_consumer,fulfilled,2026-01-10,2026-01-15,2026-01-10,PA2,FedEx,1,1,22.71,2.1,0.0,24.81,shipmonk_estimate,USD
208711_1,983f4466-3879-424b-9476-3d078245a4e2,Cattasaurus - shoproxstore - Shopify,direct_to_consumer,fulfilled,2026-01-10,2026-01-15,2026-01-10,PA2,OnTrac,1,1,11.18,1.5,0.0,12.68,shipmonk_estimate,USD
208712,7075982836022,Cattasaurus - shoproxstore - Shopify,direct_to_consumer,fulfilled,2026-01-10,2026-01-10,2026-01-10,PA2,OnTrac,1,1,13.87,2.1,0.0,15.97,shipmonk_estimate,USD
208713,7075996205366,Cattasaurus - shoproxstore - Shopify,direct_to_consumer,fulfilled,2026-01-10,2026-01-10,2026-01-10,PA2,FedEx,2,1,13.87,2.4,0.0,16.27,shipmonk_estimate,USD
208714,7076001841462,Cattasaurus - shoproxstore - Shopify,direct_to_consumer,fulfilled,2026-01-10,2026-01-10,2026-01-10,PA2,OnTrac,2,1,13.66,2.4,0.0,16.06,shipmonk_estimate,USD
208715,7076003021110,Cattasaurus - shoproxstore - Shopify,direct_to_consumer,fulfilled,2026-01-10,2026-01-12,2026-01-10,NV3,UPS,1,1,20.3,2.1,0.0,22.4,shipmonk_estimate,USD
208716,7076003938614,Cattasaurus - shoproxstore - Shopify,direct_to_consumer,fulfilled,2026-01-10,2026-01-10,2026-01-10,PA2,OnTrac,1,1,13.87,2.1,0.0,15.97,shipmonk_estimate,USD
208717,7076007018806,Cattasaurus - shoproxstore - Shopify,direct_to_consumer,fulfilled,2026-01-10,2026-01-10,2026-01-10,PA2,FedEx,1,1,19.77,2.1,0.0,21.87,shipmonk_estimate,USD
208718,7076033986870,Cattasaurus - shoproxstore - Shopify,direct_to_consumer,fulfilled,2026-01-10,2026-01-10,2026-01-10,PA2,OnTrac,1,1,13.66,2.1,0.0,15.76,shipmonk_estimate,USD
208719,7076035854646,Cattasaurus - shoproxstore - Shopify,direct_to_consumer,fulfilled,2026-01-10,2026-01-10,2026-01-10,PA2,UPS,1,1,0.0,2.1,0.0,2.1,shipmonk_estimate,USD
208720,7076064035126,Cattasaurus - shoproxstore - Shopify,direct_to_consumer,fulfilled,2026-01-10,2026-01-15,2026-01-10,PA2,FedEx,1,1,19.41,2.4,0.0,21.81,shipmonk_estimate,USD
208720_1,c9c649af-5c6d-4f30-9f9f-3e20e056ce51,Cattasaurus - shoproxstore - Shopify,direct_to_consumer,fulfilled,2026-01-10,2026-01-15,2026-01-10,PA2,UPS,1,1,10.77,1.5,0.0,12.27,shipmonk_estimate,USD
208721,7076065378614,Cattasaurus - shoproxstore - Shopify,direct_to_consumer,fulfilled,2026-01-10,2026-01-10,2026-01-10,PA2,OnTrac,1,1,15.49,2.1,0.0,17.59,shipmonk_estimate,USD
208722,7076081467702,Cattasaurus - shoproxstore - Shopify,direct_to_consumer,fulfilled,2026-01-10,2026-01-10,2026-01-10,PA2,OnTrac,1,1,21.1,2.1,0.0,23.2,shipmonk_estimate,USD
208723,7076098507062,Cattasaurus - shoproxstore - Shopify,direct_to_consumer,fulfilled,2026-01-10,2026-01-10,2026-01-10,PA2,OnTrac,1,1,21.1,2.4,0.0,23.5,shipmonk_estimate,USD
208724,7076129636662,Cattasaurus - shoproxstore - Shopify,direct_to_consumer,fulfilled,2026-01-10,2026-01-10,2026-01-10,PA2,FedEx,1,1,18.86,2.1,0.0,20.96,shipmonk_estimate,USD
208725,7076134388022,Cattasaurus - shoproxstore - Shopify,direct_to_consumer,fulfilled,2026-01-10,2026-01-10,2026-01-10,PA2,OnTrac,1,1,13.87,2.1,0.0,15.97,shipmonk_estimate,USD
208726,7076150346038,Cattasaurus - shoproxstore - Shopify,direct_to_consumer,fulfilled,2026-01-10,2026-01-10,2026-01-10,PA2,UPS,1,1,15.9,2.1,0.0,18.0,shipmonk_estimate,USD
208727,7076150772022,Cattasaurus - shoproxstore - Shopify,direct_to_consumer,fulfilled,2026-01-10,2026-01-12,2026-01-10,NV3,FedEx,1,1,19.12,2.1,0.0,21.22,shipmonk_estimate,USD
208728,7076157915446,Cattasaurus - shoproxstore - Shopify,direct_to_consumer,fulfilled,2026-01-10,2026-01-10,2026-01-10,PA2,OnTrac,1,1,13.78,2.1,0.0,15.88,shipmonk_estimate,USD
208729,7076164469046,Cattasaurus - shoproxstore - Shopify,direct_to_consumer,fulfilled,2026-01-10,2026-01-15,2026-01-10,PA2,FedEx,1,1,16.37,2.1,0.0,18.47,shipmonk_estimate,USD
208729_1,10e10d1b-9cd9-4045-9fac-fbee3d987f71,Cattasaurus - shoproxstore - Shopify,direct_to_consumer,fulfilled,2026-01-10,2026-01-15,2026-01-10,PA2,FedEx,1,1,16.37,2.1,0.0,18.47,shipmonk_estimate,USD
208730,7076166926646,Cattasaurus - shoproxstore - Shopify,direct_to_consumer,fulfilled,2026-01-10,2026-01-12,2026-01-10,NV3,OnTrac,1,1,13.87,2.1,0.0,15.97,shipmonk_estimate,USD
208731,7076196581686,Cattasaurus - shoproxstore - Shopify,direct_to_consumer,fulfilled,2026-01-10,2026-01-12,2026-01-10,NV3,OnTrac,1,1,16.37,2.7,0.0,19.07,shipmonk_estimate,USD
208732,7076200251702,Cattasaurus - shoproxstore - Shopify,direct_to_consumer,fulfilled,2026-01-10,2026-01-11,2026-01-10,PA2,OnTrac,1,1,15.35,2.1,0.0,17.45,shipmonk_estimate,USD
208733,7076209918262,Cattasaurus - shoproxstore - Shopify,direct_to_consumer,fulfilled,2026-01-10,2026-01-12,2026-01-10,NV3,FedEx,1,1,17.13,2.1,0.0,19.23,shipmonk_estimate,USD
208734,7076220207414,Cattasaurus - shoproxstore - Shopify,direct_to_consumer,fulfilled,2026-01-10,2026-01-11,2026-01-10,PA2,OnTrac,1,1,12.89,2.1,0.0,14.99,shipmonk_estimate,USD
208736,7076227907894,Cattasaurus - shoproxstore - Shopify,direct_to_consumer,fulfilled,2026-01-10,2026-01-12,2026-01-10,NV3,FedEx,1,1,17.13,2.4,0.0,19.53,shipmonk_estimate,USD
208738,7076231905590,Cattasaurus - shoproxstore - Shopify,direct_to_consumer,fulfilled,2026-01-10,2026-01-11,2026-01-10,PA2,FedEx,1,1,21.47,2.1,0.0,23.57,shipmonk_estimate,USD
208739,7076240392502,Cattasaurus - shoproxstore - Shopify,direct_to_consumer,fulfilled,2026-01-10,2026-01-11,2026-01-10,PA2,FedEx,1,1,16.37,2.1,0.0,18.47,shipmonk_estimate,USD
208740,7076270702902,Cattasaurus - shoproxstore - Shopify,direct_to_consumer,fulfilled,2026-01-10,2026-01-11,2026-01-10,PA2,OnTrac,1,1,16.37,2.1,0.0,18.47,shipmonk_estimate,USD
208741,7076273619254,Cattasaurus - shoproxstore - Shopify,direct_to_consumer,fulfilled,2026-01-10,2026-01-11,2026-01-10,PA2,OnTrac,1,1,14.58,2.1,0.0,16.68,shipmonk_estimate,USD
208742,7076280926518,Cattasaurus - shoproxstore - Shopify,direct_to_consumer,fulfilled,2026-01-10,2026-01-11,2026-01-10,PA2,OnTrac,1,1,13.66,2.1,0.0,15.76,shipmonk_estimate,USD
208743,7076280959286,Cattasaurus - shoproxstore - Shopify,direct_to_consumer,fulfilled,2026-01-10,2026-01-11,2026-01-10,PA2,OnTrac,1,1,13.66,1.8,0.0,15.46,shipmonk_estimate,USD
208744,7076281712950,Cattasaurus - shoproxstore - Shopify,direct_to_consumer,fulfilled,2026-01-10,2026-01-14,2026-01-10,NV3,OnTrac,1,1,16.98,2.1,0.0,19.08,shipmonk_estimate,USD
208745,7076287676726,Cattasaurus - shoproxstore - Shopify,direct_to_consumer,fulfilled,2026-01-10,2026-01-12,2026-01-10,NV3,OnTrac,1,1,9.68,1.5,0.0,11.18,shipmonk_estimate,USD
208746,7076288332086,Cattasaurus - shoproxstore - Shopify,direct_to_consumer,fulfilled,2026-01-10,2026-01-11,2026-01-10,PA2,OnTrac,1,1,14.58,2.1,0.0,16.68,shipmonk_estimate,USD
208747,7076288823606,Cattasaurus - shoproxstore - Shopify,direct_to_consumer,fulfilled,2026-01-10,2026-01-12,2026-01-10,NV3,FedEx,1,1,22.71,2.1,0.0,24.81,shipmonk_estimate,USD
208748,7076297146678,Cattasaurus - shoproxstore - Shopify,direct_to_consumer,fulfilled,2026-01-10,2026-01-12,2026-01-10,NV3,FedEx,1,1,31.39,3.3,0.0,34.69,shipmonk_estimate,USD
208751,7076322214198,Cattasaurus - shoproxstore - Shopify,direct_to_consumer,fulfilled,2026-01-10,2026-01-15,2026-01-10,PA2,OnTrac,1,1,13.1,2.5,0.0,15.6,shipmonk_estimate,USD
208751_1,99844a23-ab2f-456b-9aac-d7db6240ce5b,Cattasaurus - shoproxstore - Shopify,direct_to_consumer,fulfilled,2026-01-10,2026-01-15,2026-01-10,PA2,OnTrac,1,1,11.33,0.3,0.0,11.63,shipmonk_estimate,USD
208752,7076339876150,Cattasaurus - shoproxstore - Shopify,direct_to_consumer,fulfilled,2026-01-10,2026-01-12,2026-01-10,NV3,OnTrac,1,1,18.61,2.1,0.0,20.71,shipmonk_estimate,USD
208753,7076342268214,Cattasaurus - shoproxstore - Shopify,direct_to_consumer,fulfilled,2026-01-10,2026-01-12,2026-01-10,NV3,UPS,1,1,21.47,2.1,0.0,23.57,shipmonk_estimate,USD
208754,7076349280566,Cattasaurus - shoproxstore - Shopify,direct_to_consumer,fulfilled,2026-01-10,2026-01-12,2026-01-10,NV3,OnTrac,1,1,18.55,2.1,0.0,20.65,shipmonk_estimate,USD
208755,7076355604790,Cattasaurus - shoproxstore - Shopify,direct_to_consumer,fulfilled,2026-01-10,2026-01-12,2026-01-10,NV3,FedEx,1,1,23.01,2.4,0.0,25.41,shipmonk_estimate,USD
208756,7076356882742,Cattasaurus - shoproxstore - Shopify,direct_to_consumer,fulfilled,2026-01-10,2026-01-15,2026-01-10,PA2,FedEx,1,1,13.87,2.1,0.0,15.97,shipmonk_estimate,USD
208756_1,6e876ce4-f0fa-4c5e-a008-11b10b641a9a,Cattasaurus - shoproxstore - Shopify,direct_to_consumer,fulfilled,2026-01-10,2026-01-15,2026-01-10,PA2,FedEx,1,1,13.87,2.1,0.0,15.97,shipmonk_estimate,USD
208757,7076361994550,Cattasaurus - shoproxstore - Shopify,direct_to_consumer,fulfilled,2026-01-10,2026-01-12,2026-01-10,NV3,UPS,1,1,18.07,2.1,0.0,20.17,shipmonk_estimate,USD
208758,7076365959478,Cattasaurus - shoproxstore - Shopify,direct_to_consumer,fulfilled,2026-01-10,2026-01-12,2026-01-10,NV3,OnTrac,1,1,15.56,2.1,0.0,17.66,shipmonk_estimate,USD
208759,7076382376246,Cattasaurus - shoproxstore - Shopify,direct_to_consumer,fulfilled,2026-01-10,2026-01-12,2026-01-10,PA2,FedEx,1,1,22.71,2.1,0.0,24.81,shipmonk_estimate,USD
208760,7076387389750,Cattasaurus - shoproxstore - Shopify,direct_to_consumer,fulfilled,2026-01-10,2026-01-15,2026-01-10,PA2,FedEx,1,1,16.35,2.4,0.0,18.75,shipmonk_estimate,USD
208760_1,caf318d6-3b38-4be8-a75b-912b8673576e,Cattasaurus - shoproxstore - Shopify,direct_to_consumer,fulfilled,2026-01-10,2026-01-15,2026-01-10,PA2,FedEx,1,1,13.87,2.1,0.0,15.97,shipmonk_estimate,USD
208761,7076397777206,Cattasaurus - shoproxstore - Shopify,direct_to_consumer,fulfilled,2026-01-10,2026-01-12,2026-01-10,PA2,FedEx,2,1,19.77,2.4,0.0,22.17,shipmonk_estimate,USD
208762,7076397941046,Cattasaurus - shoproxstore - Shopify,direct_to_consumer,fulfilled,2026-01-10,2026-01-12,2026-01-10,NV3,UPS,1,1,18.07,2.1,0.0,20.17,shipmonk_estimate,USD
208763,7076407705910,Cattasaurus - shoproxstore - Shopify,direct_to_consumer,fulfilled,2026-01-10,2026-01-12,2026-01-10,NV3,FedEx,1,1,18.61,2.1,0.0,20.71,shipmonk_estimate,USD
208764,7076413309238,Cattasaurus - shoproxstore - Shopify,direct_to_consumer,fulfilled,2026-01-10,2026-01-12,2026-01-10,PA2,FedEx,1,1,16.37,2.1,0.0,18.47,shipmonk_estimate,USD
208765,7076415209782,Cattasaurus - shoproxstore - Shopify,direct_to_consumer,fulfilled,2026-01-10,2026-01-12,2026-01-10,NV3,OnTrac,1,1,13.66,2.1,0.0,15.76,shipmonk_estimate,USD
208766,7076416454966,Cattasaurus - shoproxstore - Shopify,direct_to_consumer,fulfilled,2026-01-10,2026-01-12,2026-01-10,PA2,FedEx,1,1,16.37,2.1,0.0,18.47,shipmonk_estimate,USD
208767,7076433396022,Cattasaurus - shoproxstore - Shopify,direct_to_consumer,fulfilled,2026-01-10,2026-01-12,2026-01-10,NV3,OnTrac,1,1,15.49,2.4,0.0,17.89,shipmonk_estimate,USD
208768,7076442210614,Cattasaurus - shoproxstore - Shopify,direct_to_consumer,fulfilled,2026-01-10,2026-01-15,2026-01-10,PA2,FedEx,2,1,13.87,2.1,0.0,15.97,shipmonk_estimate,USD
208768_1,96562dd4-1def-4ac8-b032-86824e93443d,Cattasaurus - shoproxstore - Shopify,direct_to_consumer,fulfilled,2026-01-10,2026-01-15,2026-01-10,PA2,DHL eCommerce,1,1,10.07,1.5,0.0,11.57,shipmonk_estimate,USD
208768_2,4e40625b-6934-4ccf-84c4-419651885143,Cattasaurus - shoproxstore - Shopify,direct_to_consumer,fulfilled,2026-01-10,2026-01-15,2026-01-10,PA2,UPS,1,1,12.21,1.5,0.0,13.71,shipmonk_estimate,USD
208768_3,36230273-bf5e-4900-96b1-c79b3a13479f,Cattasaurus - shoproxstore - Shopify,direct_to_consumer,fulfilled,2026-01-10,2026-01-15,2026-01-10,PA2,FedEx,1,1,13.75,2.7,0.0,16.45,shipmonk_estimate,USD
208768_4,08e44552-1416-4c75-9836-251c01b6ba03,Cattasaurus - shoproxstore - Shopify,direct_to_consumer,fulfilled,2026-01-10,2026-01-15,2026-01-10,PA2,UPS,1,1,10.07,0.3,0.0,10.37,shipmonk_estimate,USD
208768_5,a3abdc15-c4bf-47c9-971b-5960157b24a4,Cattasaurus - shoproxstore - Shopify,direct_to_consumer,fulfilled,2026-01-10,2026-01-15,2026-01-10,PA2,DHL eCommerce,1,1,8.42,1.5,0.0,9.92,shipmonk_estimate,USD
208769,7076444176694,Cattasaurus - shoproxstore - Shopify,direct_to_consumer,fulfilled,2026-01-10,2026-01-12,2026-01-10,NV3,UPS,1,1,24.95,2.1,0.0,27.05,shipmonk_estimate,USD
208770,7076446601526,Cattasaurus - shoproxstore - Shopify,direct_to_consumer,fulfilled,2026-01-10,2026-01-12,2026-01-10,NV3,UPS,1,1,21.47,2.1,0.0,23.57,shipmonk_estimate,USD
208771,7076450206006,Cattasaurus - shoproxstore - Shopify,direct_to_consumer,fulfilled,2026-01-10,2026-01-12,2026-01-10,PA2,FedEx,1,1,18.86,2.1,0.0,20.96,shipmonk_estimate,USD
208772,7076452696374,Cattasaurus - shoproxstore - Shopify,direct_to_consumer,fulfilled,2026-01-10,2026-01-12,2026-01-10,NV3,FedEx,2,1,17.13,2.1,0.0,19.23,shipmonk_estimate,USD
208773,7076464263478,Cattasaurus - shoproxstore - Shopify,direct_to_consumer,fulfilled,2026-01-10,2026-01-12,2026-01-10,PA2,OnTrac,1,1,15.35,2.1,0.0,17.45,shipmonk_estimate,USD
208774,7076475044150,Cattasaurus - shoproxstore - Shopify,direct_to_consumer,fulfilled,2026-01-10,2026-01-12,2026-01-10,NV3,OnTrac,1,1,24.28,2.1,0.0,26.38,shipmonk_estimate,USD
208775,7076479009078,Cattasaurus - shoproxstore - Shopify,direct_to_consumer,fulfilled,2026-01-10,2026-01-12,2026-01-10,PA2,UPS,1,1,15.35,2.1,0.0,17.45,shipmonk_estimate,USD
208776,7076479795510,Cattasaurus - shoproxstore - Shopify,direct_to_consumer,fulfilled,2026-01-10,2026-01-12,2026-01-10,NV3,OnTrac,1,1,18.07,2.1,0.0,20.17,shipmonk_estimate,USD
208777,7076489986358,Cattasaurus - shoproxstore - Shopify,direct_to_consumer,fulfilled,2026-01-10,2026-01-15,2026-01-10,NV3,OnTrac,1,1,17.16,2.7,0.0,19.86,shipmonk_estimate,USD
208777_1,0cb0e805-fcc6-4cc7-af76-dea67421e46a,Cattasaurus - shoproxstore - Shopify,direct_to_consumer,fulfilled,2026-01-10,2026-01-15,2026-01-10,NV3,OnTrac,1,1,16.98,2.7,0.0,19.68,shipmonk_estimate,USD
208778,7076499095862,Cattasaurus - shoproxstore - Shopify,direct_to_consumer,fulfilled,2026-01-10,2026-01-12,2026-01-10,PA2,FedEx,1,1,18.86,2.1,0.0,20.96,shipmonk_estimate,USD
208779,7076501356854,Cattasaurus - shoproxstore - Shopify,direct_to_consumer,fulfilled,2026-01-10,2026-01-12,2026-01-10,NV3,OnTrac,1,1,15.35,2.1,0.0,17.45,shipmonk_estimate,USD
208780,7076505780534,Cattasaurus - shoproxstore - Shopify,direct_to_consumer,fulfilled,2026-01-10,2026-01-12,2026-01-10,NV3,OnTrac,1,1,18.07,2.1,0.0,20.17,shipmonk_estimate,USD
208781,7076517871926,Cattasaurus - shoproxstore - Shopify,direct_to_consumer,fulfilled,2026-01-10,2026-01-12,2026-01-10,NV3,OnTrac,1,1,18.61,1.8,0.0,20.41,shipmonk_estimate,USD
208782,7076518691126,Cattasaurus - shoproxstore - Shopify,direct_to_consumer,fulfilled,2026-01-10,2026-01-12,2026-01-10,NV3,OnTrac,1,1,16.37,2.1,0.0,18.47,shipmonk_estimate,USD
208783,7076530553142,Cattasaurus - shoproxstore - Shopify,direct_to_consumer,fulfilled,2026-01-10,2026-01-15,2026-01-10,PA2,OnTrac,1,1,12.89,2.1,0.0,14.99,shipmonk_estimate,USD
208783_1,0b5fd9d3-2fcc-4b7d-b62b-661f8fcc1b55,Cattasaurus - shoproxstore - Shopify,direct_to_consumer,fulfilled,2026-01-10,2026-01-15,2026-01-10,PA2,OnTrac,1,1,12.89,2.1,0.0,14.99,shipmonk_estimate,USD
208784,7076530946358,Cattasaurus - shoproxstore - Shopify,direct_to_consumer,fulfilled,2026-01-10,2026-01-12,2026-01-10,PA2,UPS,1,1,16.42,2.1,0.0,18.52,shipmonk_estimate,USD
208785,7076532486454,Cattasaurus - shoproxstore - Shopify,direct_to_consumer,fulfilled,2026-01-10,2026-01-12,2026-01-10,PA2,OnTrac,1,1,16.37,2.1,0.0,18.47,shipmonk_estimate,USD
208786,7076534976822,Cattasaurus - shoproxstore - Shopify,direct_to_consumer,fulfilled,2026-01-10,2026-01-12,2026-01-10,PA2,OnTrac,1,1,16.37,2.1,0.0,18.47,shipmonk_estimate,USD
208787,7076535632182,Cattasaurus - shoproxstore - Shopify,direct_to_consumer,fulfilled,2026-01-10,2026-01-12,2026-01-10,PA2,OnTrac,1,1,14.58,2.1,0.0,16.68,shipmonk_estimate,USD
208788,7076538057014,Cattasaurus - shoproxstore - Shopify,direct_to_consumer,fulfilled,2026-01-10,2026-01-12,2026-01-10,NV3,FedEx,1,1,22.71,2.1,0.0,24.81,shipmonk_estimate,USD
208790,7076574101814,Cattasaurus - shoproxstore - Shopify,direct_to_consumer,fulfilled,2026-01-10,2026-01-12,2026-01-10,PA2,OnTrac,2,1,16.37,2.4,0.0,18.77,shipmonk_estimate,USD
208791,7076583342390,Cattasaurus - shoproxstore - Shopify,direct_to_consumer,fulfilled,2026-01-10,2026-01-12,2026-01-10,NV3,FedEx,1,1,21.89,2.1,0.0,23.99,shipmonk_estimate,USD
208792,7076610572598,Cattasaurus - shoproxstore - Shopify,direct_to_consumer,fulfilled,2026-01-10,2026-01-12,2026-01-10,PA2,OnTrac,2,1,13.87,3.0,0.0,16.87,shipmonk_estimate,USD
208793,7076611686710,Cattasaurus - shoproxstore - Shopify,direct_to_consumer,fulfilled,2026-01-10,2026-01-12,2026-01-10,PA2,FedEx,1,1,13.87,2.1,0.0,15.97,shipmonk_estimate,USD
208794,7076613816630,Cattasaurus - shoproxstore - Shopify,direct_to_consumer,fulfilled,2026-01-10,2026-01-15,2026-01-10,PA2,UPS,1,1,17.59,2.5,0.0,20.09,shipmonk_estimate,USD
208794_1,e13523d0-a9f3-4685-bb91-e5bf557747a6,Cattasaurus - shoproxstore - Shopify,direct_to_consumer,fulfilled,2026-01-10,2026-01-15,2026-01-10,PA2,UPS,1,1,14.91,0.3,0.0,15.21,shipmonk_estimate,USD
208795,7076616503606,Cattasaurus - shoproxstore - Shopify,direct_to_consumer,fulfilled,2026-01-10,2026-01-12,2026-01-10,NV3,FedEx,1,1,17.13,2.1,0.0,19.23,shipmonk_estimate,USD
208796,7076617879862,Cattasaurus - shoproxstore - Shopify,direct_to_consumer,fulfilled,2026-01-10,2026-01-12,2026-01-10,NV3,OnTrac,1,1,13.66,2.1,0.0,15.76,shipmonk_estimate,USD
208797,7076623515958,Cattasaurus - shoproxstore - Shopify,direct_to_consumer,fulfilled,2026-01-10,2026-01-12,2026-01-10,NV3,UPS,1,1,24.95,2.1,0.0,27.05,shipmonk_estimate,USD
208798,7076629905718,Cattasaurus - shoproxstore - Shopify,direct_to_consumer,fulfilled,2026-01-10,2026-01-12,2026-01-10,PA2,FedEx,1,1,19.41,2.4,0.0,21.81,shipmonk_estimate,USD
208799,7076649632054,Cattasaurus - shoproxstore - Shopify,direct_to_consumer,fulfilled,2026-01-10,2026-01-12,2026-01-10,PA2,UPS,1,1,17.47,2.1,0.0,19.57,shipmonk_estimate,USD
208800,7076669980982,Cattasaurus - shoproxstore - Shopify,direct_to_consumer,fulfilled,2026-01-10,2026-01-12,2026-01-10,PA2,OnTrac,1,1,18.55,2.1,0.0,20.65,shipmonk_estimate,USD
208801,7076671390006,Cattasaurus - shoproxstore - Shopify,direct_to_consumer,fulfilled,2026-01-10,2026-01-12,2026-01-10,PA2,OnTrac,1,1,12.89,2.1,0.0,14.99,shipmonk_estimate,USD
208802,7076693213494,Cattasaurus - shoproxstore - Shopify,direct_to_consumer,fulfilled,2026-01-10,2026-01-12,2026-01-10,NV3,FedEx,1,1,17.13,2.1,0.0,19.23,shipmonk_estimate,USD
208803,7076709466422,Cattasaurus - shoproxstore - Shopify,direct_to_consumer,fulfilled,2026-01-10,2026-01-12,2026-01-10,PA2,OnTrac,1,1,12.17,2.1,0.0,14.27,shipmonk_estimate,USD
208804,7076728701238,Cattasaurus - shoproxstore - Shopify,direct_to_consumer,fulfilled,2026-01-10,2026-01-12,2026-01-10,NV3,OnTrac,1,1,13.87,2.1,0.0,15.97,shipmonk_estimate,USD
208805,7076729782582,Cattasaurus - shoproxstore - Shopify,direct_to_consumer,fulfilled,2026-01-10,2026-01-15,2026-01-10,PA2,UPS,1,1,16.42,1.8,0.0,18.22,shipmonk_estimate,USD
208805_1,1866b013-c699-4129-a479-0c21b7ca557b,Cattasaurus - shoproxstore - Shopify,direct_to_consumer,fulfilled,2026-01-10,2026-01-15,2026-01-10,PA2,DHL eCommerce,1,1,8.42,1.5,0.0,9.92,shipmonk_estimate,USD
208805_2,fb179840-2e24-4883-8ddc-9d96b2af0b2e,Cattasaurus - shoproxstore - Shopify,direct_to_consumer,fulfilled,2026-01-10,2026-01-15,2026-01-10,PA2,DHL eCommerce,1,1,11.65,1.5,0.0,13.15,shipmonk_estimate,USD
208805_3,0a80da69-d6ad-4032-900a-b704ba07463f,Cattasaurus - shoproxstore - Shopify,direct_to_consumer,fulfilled,2026-01-10,2026-01-15,2026-01-10,PA2,UPS,1,1,13.9,1.5,0.0,15.4,shipmonk_estimate,USD
208805_4,1521c1d1-6cc1-4371-b8a4-ce8c25c12ab1,Cattasaurus - shoproxstore - Shopify,direct_to_consumer,fulfilled,2026-01-10,2026-01-15,2026-01-10,PA2,UPS,1,1,11.65,1.5,0.0,13.15,shipmonk_estimate,USD
208805_5,729755d2-86d8-4ba0-b7dc-1618cff3fc72,Cattasaurus - shoproxstore - Shopify,direct_to_consumer,fulfilled,2026-01-10,2026-01-15,2026-01-10,PA2,UPS,1,1,15.56,2.7,0.0,18.26,shipmonk_estimate,USD
208806,7076739612982,Cattasaurus - shoproxstore - Shopify,direct_to_consumer,fulfilled,2026-01-10,2026-01-12,2026-01-10,NV3,OnTrac,1,1,13.87,2.1,0.0,15.97,shipmonk_estimate,USD
208807,7076746953014,Cattasaurus - shoproxstore - Shopify,direct_to_consumer,fulfilled,2026-01-10,2026-01-12,2026-01-10,PA2,UPS,1,1,15.9,2.1,0.0,18.0,shipmonk_estimate,USD
208808,7076755767606,Cattasaurus - shoproxstore - Shopify,direct_to_consumer,fulfilled,2026-01-10,2026-01-12,2026-01-10,PA2,OnTrac,1,1,13.66,2.1,0.0,15.76,shipmonk_estimate,USD
208809,7076761633078,Cattasaurus - shoproxstore - Shopify,direct_to_consumer,fulfilled,2026-01-10,2026-01-12,2026-01-10,NV3,OnTrac,1,1,16.37,2.1,0.0,18.47,shipmonk_estimate,USD
208810,7076764746038,Cattasaurus - shoproxstore - Shopify,direct_to_consumer,fulfilled,2026-01-10,2026-01-12,2026-01-10,NV3,FedEx,1,1,23.76,2.1,0.0,25.86,shipmonk_estimate,USD
208811,7076773429558,Cattasaurus - shoproxstore - Shopify,direct_to_consumer,fulfilled,2026-01-10,2026-01-12,2026-01-10,PA2,FedEx,1,1,16.35,2.1,0.0,18.45,shipmonk_estimate,USD
208812,7076782833974,Cattasaurus - shoproxstore - Shopify,direct_to_consumer,fulfilled,2026-01-10,2026-01-14,2026-01-10,NV3,OnTrac,1,1,18.67,2.1,0.0,20.77,shipmonk_estimate,USD
208813,7076783161654,Cattasaurus - shoproxstore - Shopify,direct_to_consumer,fulfilled,2026-01-10,2026-01-12,2026-01-10,PA2,UPS,1,1,21.47,2.1,0.0,23.57,shipmonk_estimate,USD
208814,7076784341302,Cattasaurus - shoproxstore - Shopify,direct_to_consumer,fulfilled,2026-01-10,2026-01-12,2026-01-10,NV3,OnTrac,1,1,16.86,2.4,0.0,19.26,shipmonk_estimate,USD
208815,7076796236086,Cattasaurus - shoproxstore - Shopify,direct_to_consumer,fulfilled,2026-01-10,2026-01-12,2026-01-10,NV3,OnTrac,1,1,13.66,2.1,0.0,15.76,shipmonk_estimate,USD
208816,7076798202166,Cattasaurus - shoproxstore - Shopify,direct_to_consumer,fulfilled,2026-01-10,2026-01-12,2026-01-10,NV3,OnTrac,2,1,18.55,2.4,0.0,20.95,shipmonk_estimate,USD
208817,7076804034870,Cattasaurus - shoproxstore - Shopify,direct_to_consumer,fulfilled,2026-01-10,2026-01-12,2026-01-10,NV3,FedEx,1,1,23.76,2.1,0.0,25.86,shipmonk_estimate,USD
208818,7076807115062,Cattasaurus - shoproxstore - Shopify,direct_to_consumer,fulfilled,2026-01-10,2026-01-12,2026-01-10,NV3,OnTrac,1,1,13.87,2.1,0.0,15.97,shipmonk_estimate,USD
208821,7076839031094,Cattasaurus - shoproxstore - Shopify,direct_to_consumer,fulfilled,2026-01-10,2026-01-15,2026-01-10,PA2,OnTrac,1,1,12.89,2.1,0.0,14.99,shipmonk_estimate,USD
208821_1,b0fc6942-8805-4384-b691-00c4cfd9f72f,Cattasaurus - shoproxstore - Shopify,direct_to_consumer,fulfilled,2026-01-10,2026-01-15,2026-01-10,PA2,OnTrac,1,1,10.66,1.5,0.0,12.16,shipmonk_estimate,USD
208822,7076843454774,Cattasaurus - shoproxstore - Shopify,direct_to_consumer,fulfilled,2026-01-10,2026-01-12,2026-01-10,NV3,OnTrac,1,1,18.55,2.1,0.0,20.65,shipmonk_estimate,USD
208823,7076862787894,Cattasaurus - shoproxstore - Shopify,direct_to_consumer,fulfilled,2026-01-10,2026-01-12,2026-01-10,NV3,UPS,1,1,18.83,2.1,0.0,20.93,shipmonk_estimate,USD
208824,7076876058934,Cattasaurus - shoproxstore - Shopify,direct_to_consumer,fulfilled,2026-01-10,2026-01-12,2026-01-10,PA2,FedEx,1,1,17.13,2.1,0.0,19.23,shipmonk_estimate,USD
208825,7076888707382,Cattasaurus - shoproxstore - Shopify,direct_to_consumer,fulfilled,2026-01-10,2026-01-12,2026-01-10,NV3,FedEx,1,1,21.48,2.1,0.0,23.58,shipmonk_estimate,USD
208826,7076892377398,Cattasaurus - shoproxstore - Shopify,direct_to_consumer,fulfilled,2026-01-10,2026-01-12,2026-01-10,NV3,OnTrac,1,1,16.98,2.1,0.0,19.08,shipmonk_estimate,USD
208827,7076899881270,Cattasaurus - shoproxstore - Shopify,direct_to_consumer,fulfilled,2026-01-10,2026-01-12,2026-01-10,NV3,OnTrac,1,1,13.66,2.1,0.0,15.76,shipmonk_estimate,USD
208828,7076918034742,Cattasaurus - shoproxstore - Shopify,direct_to_consumer,fulfilled,2026-01-10,2026-01-12,2026-01-10,PA2,OnTrac,1,1,13.87,2.1,0.0,15.97,shipmonk_estimate,USD
208829,7076946051382,Cattasaurus - shoproxstore - Shopify,direct_to_consumer,fulfilled,2026-01-10,2026-01-15,2026-01-10,PA2,OnTrac,1,1,13.66,2.7,0.0,16.36,shipmonk_estimate,USD
208829_1,feaba6d1-8f2f-442c-85c7-be2e5f7ebc28,Cattasaurus - shoproxstore - Shopify,direct_to_consumer,fulfilled,2026-01-10,2026-01-15,2026-01-10,PA2,OnTrac,1,1,13.66,2.1,0.0,15.76,shipmonk_estimate,USD
208830,7076947657014,Cattasaurus - shoproxstore - Shopify,direct_to_consumer,fulfilled,2026-01-10,2026-01-12,2026-01-10,PA2,OnTrac,1,1,13.87,2.1,0.0,15.97,shipmonk_estimate,USD
208833,7076990517558,Cattasaurus - shoproxstore - Shopify,direct_to_consumer,fulfilled,2026-01-10,2026-01-12,2026-01-10,NV3,OnTrac,2,1,18.07,2.1,0.0,20.17,shipmonk_estimate,USD
208834,7077002051894,Cattasaurus - shoproxstore - Shopify,direct_to_consumer,fulfilled,2026-01-10,2026-01-12,2026-01-10,PA2,OnTrac,1,1,13.87,2.1,0.0,15.97,shipmonk_estimate,USD
208835,7077011718454,Cattasaurus - shoproxstore - Shopify,direct_to_consumer,fulfilled,2026-01-10,2026-01-12,2026-01-10,NV3,OnTrac,1,1,14.73,2.1,0.0,16.83,shipmonk_estimate,USD
208836,7077011751222,Cattasaurus - shoproxstore - Shopify,direct_to_consumer,fulfilled,2026-01-10,2026-01-12,2026-01-10,NV3,UPS,1,1,18.07,2.1,0.0,20.17,shipmonk_estimate,USD
208837,7077013324086,Cattasaurus - shoproxstore - Shopify,direct_to_consumer,fulfilled,2026-01-10,2026-01-12,2026-01-10,PA2,OnTrac,1,1,21.1,2.1,0.0,23.2,shipmonk_estimate,USD
208838,7077018140982,Cattasaurus - shoproxstore - Shopify,direct_to_consumer,fulfilled,2026-01-10,2026-01-12,2026-01-10,PA2,OnTrac,1,1,13.87,1.8,0.0,15.67,shipmonk_estimate,USD
208839,7077025677622,Cattasaurus - shoproxstore - Shopify,direct_to_consumer,fulfilled,2026-01-10,2026-01-12,2026-01-10,NV3,OnTrac,1,1,11.97,2.1,0.0,14.07,shipmonk_estimate,USD
208840,7077027774774,Cattasaurus - shoproxstore - Shopify,direct_to_consumer,fulfilled,2026-01-10,2026-01-12,2026-01-10,PA2,OnTrac,1,1,13.87,2.1,0.0,15.97,shipmonk_estimate,USD
208841,7077031903542,Cattasaurus - shoproxstore - Shopify,direct_to_consumer,fulfilled,2026-01-10,2026-01-12,2026-01-10,NV3,OnTrac,1,1,13.87,2.1,0.0,15.97,shipmonk_estimate,USD
208842,7077034197302,Cattasaurus - shoproxstore - Shopify,direct_to_consumer,fulfilled,2026-01-10,2026-01-12,2026-01-10,NV3,FedEx,1,1,21.48,2.1,0.0,23.58,shipmonk_estimate,USD
208843,7077040783670,Cattasaurus - shoproxstore - Shopify,direct_to_consumer,fulfilled,2026-01-10,2026-01-12,2026-01-10,NV3,OnTrac,1,1,18.61,2.1,0.0,20.71,shipmonk_estimate,USD
208844,7077048975670,Cattasaurus - shoproxstore - Shopify,direct_to_consumer,fulfilled,2026-01-10,2026-01-12,2026-01-10,NV3,FedEx,1,1,18.86,2.1,0.0,20.96,shipmonk_estimate,USD
208845,7077049794870,Cattasaurus - shoproxstore - Shopify,direct_to_consumer,fulfilled,2026-01-10,2026-01-12,2026-01-10,NV3,OnTrac,1,1,25.39,2.1,0.0,27.49,shipmonk_estimate,USD
208846,7077057069366,Cattasaurus - shoproxstore - Shopify,direct_to_consumer,fulfilled,2026-01-10,2026-01-12,2026-01-10,NV3,FedEx,1,1,14.68,2.1,0.0,16.78,shipmonk_estimate,USD
208847,7077063229750,Cattasaurus - shoproxstore - Shopify,direct_to_consumer,fulfilled,2026-01-10,2026-01-12,2026-01-10,PA2,OnTrac,1,1,16.37,2.1,0.0,18.47,shipmonk_estimate,USD
208848,7077080269110,Cattasaurus - shoproxstore - Shopify,direct_to_consumer,fulfilled,2026-01-10,2026-01-12,2026-01-10,PA2,OnTrac,1,1,13.66,1.8,0.0,15.46,shipmonk_estimate,USD
208849,7077102584118,Cattasaurus - shoproxstore - Shopify,direct_to_consumer,fulfilled,2026-01-10,2026-01-12,2026-01-10,PA2,FedEx,1,1,17.17,2.1,0.0,19.27,shipmonk_estimate,USD
208850,7077104779574,Cattasaurus - shoproxstore - Shopify,direct_to_consumer,fulfilled,2026-01-10,2026-01-15,2026-01-10,PA2,OnTrac,1,1,16.37,2.7,0.0,19.07,shipmonk_estimate,USD
208850_1,8cfafba7-9ac3-4e53-a4e5-c6d14f290b25,Cattasaurus - shoproxstore - Shopify,direct_to_consumer,fulfilled,2026-01-10,2026-01-15,2026-01-10,PA2,OnTrac,1,1,15.33,2.5,0.0,17.83,shipmonk_estimate,USD
208851,7077115593014,Cattasaurus - shoproxstore - Shopify,direct_to_consumer,fulfilled,2026-01-10,2026-01-12,2026-01-10,NV3,OnTrac,1,1,25.39,2.1,0.0,27.49,shipmonk_estimate,USD
208852,7077123555638,Cattasaurus - shoproxstore - Shopify,direct_to_consumer,fulfilled,2026-01-10,2026-01-12,2026-01-10,PA2,FedEx,2,1,16.37,3.0,0.0,19.37,shipmonk_estimate,USD
208853,7077128241462,Cattasaurus - shoproxstore - Shopify,direct_to_consumer,fulfilled,2026-01-10,2026-01-12,2026-01-10,PA2,OnTrac,1,1,14.58,2.7,0.0,17.28,shipmonk_estimate,USD
208854,7077133517110,Cattasaurus - shoproxstore - Shopify,direct_to_consumer,fulfilled,2026-01-10,2026-01-12,2026-01-10,NV3,OnTrac,1,1,18.61,1.8,0.0,20.41,shipmonk_estimate,USD
208855,7077134106934,Cattasaurus - shoproxstore - Shopify,direct_to_consumer,fulfilled,2026-01-10,2026-01-12,2026-01-10,PA2,OnTrac,1,1,18.38,2.7,0.0,21.08,shipmonk_estimate,USD
208856,7077137187126,Cattasaurus - shoproxstore - Shopify,direct_to_consumer,fulfilled,2026-01-10,2026-01-12,2026-01-10,NV3,FedEx,1,1,17.13,2.1,0.0,19.23,shipmonk_estimate,USD
208857,7077138661686,Cattasaurus - shoproxstore - Shopify,direct_to_consumer,fulfilled,2026-01-10,2026-01-12,2026-01-10,PA2,UPS,1,1,18.07,2.1,0.0,20.17,shipmonk_estimate,USD
208858,7077139939638,Cattasaurus - shoproxstore - Shopify,direct_to_consumer,fulfilled,2026-01-10,2026-01-12,2026-01-10,NV3,FedEx,1,1,23.26,2.4,0.0,25.66,shipmonk_estimate,USD
208859,7077141643574,Cattasaurus - shoproxstore - Shopify,direct_to_consumer,fulfilled,2026-01-10,2026-01-12,2026-01-10,NV3,OnTrac,1,1,15.49,2.1,0.0,17.59,shipmonk_estimate,USD
208860,7077141709110,Cattasaurus - shoproxstore - Shopify,direct_to_consumer,fulfilled,2026-01-10,2026-01-12,2026-01-10,NV3,UPS,1,1,23.17,2.1,0.0,25.27,shipmonk_estimate,USD
208861,7077158027574,Cattasaurus - shoproxstore - Shopify,direct_to_consumer,fulfilled,2026-01-10,2026-01-12,2026-01-10,PA2,FedEx,1,1,16.37,2.7,0.0,19.07,shipmonk_estimate,USD
208863,7077168939318,Cattasaurus - shoproxstore - Shopify,direct_to_consumer,fulfilled,2026-01-10,2026-01-12,2026-01-10,NV3,FedEx,1,1,13.87,1.8,0.0,15.67,shipmonk_estimate,USD
208864,7077172347190,Cattasaurus - shoproxstore - Shopify,direct_to_consumer,fulfilled,2026-01-10,2026-01-12,2026-01-10,PA2,FedEx,1,1,18.86,2.1,0.0,20.96,shipmonk_estimate,USD
208865,7077177393462,Cattasaurus - shoproxstore - Shopify,direct_to_consumer,fulfilled,2026-01-10,2026-01-12,2026-01-10,NV3,UPS,1,1,16.42,2.1,0.0,18.52,shipmonk_estimate,USD
208866,7077182308662,Cattasaurus - shoproxstore - Shopify,direct_to_consumer,fulfilled,2026-01-10,2026-01-12,2026-01-10,NV3,FedEx,1,1,14.68,2.1,0.0,16.78,shipmonk_estimate,USD
208867,7077195776310,Cattasaurus - shoproxstore - Shopify,direct_to_consumer,fulfilled,2026-01-10,2026-01-12,2026-01-10,NV3,FedEx,1,1,23.76,2.1,0.0,25.86,shipmonk_estimate,USD
208868,7077220221238,Cattasaurus - shoproxstore - Shopify,direct_to_consumer,fulfilled,2026-01-10,2026-01-12,2026-01-10,PA2,OnTrac,1,1,13.87,2.1,0.0,15.97,shipmonk_estimate,USD
208869,7077249220918,Cattasaurus - shoproxstore - Shopify,direct_to_consumer,fulfilled,2026-01-10,2026-01-12,2026-01-10,NV3,FedEx,1,1,16.35,2.1,0.0,18.45,shipmonk_estimate,USD
208870,7077249286454,Cattasaurus - shoproxstore - Shopify,direct_to_consumer,fulfilled,2026-01-10,2026-01-12,2026-01-10,NV3,FedEx,1,1,23.55,2.1,0.0,25.65,shipmonk_estimate,USD
208871,7077255774518,Cattasaurus - shoproxstore - Shopify,direct_to_consumer,fulfilled,2026-01-10,2026-01-12,2026-01-10,PA2,OnTrac,2,1,13.78,2.4,0.0,16.18,shipmonk_estimate,USD
208872,7077282119990,Cattasaurus - shoproxstore - Shopify,direct_to_consumer,fulfilled,2026-01-10,2026-01-12,2026-01-10,PA2,FedEx,1,1,16.37,2.1,0.0,18.47,shipmonk_estimate,USD
208873,7077305516342,Cattasaurus - shoproxstore - Shopify,direct_to_consumer,fulfilled,2026-01-10,2026-01-12,2026-01-10,NV3,FedEx,1,1,21.89,2.1,0.0,23.99,shipmonk_estimate,USD
208874,7077336940854,Cattasaurus - shoproxstore - Shopify,direct_to_consumer,fulfilled,2026-01-10,2026-01-12,2026-01-10,NV3,OnTrac,1,1,24.71,2.4,0.0,27.11,shipmonk_estimate,USD
208875,7077340610870,Cattasaurus - shoproxstore - Shopify,direct_to_consumer,fulfilled,2026-01-10,2026-01-15,2026-01-10,PA2,FedEx,2,1,19.41,3.3,0.0,22.71,shipmonk_estimate,USD
208875_1,bd99ca10-77a8-4c2e-bd5e-b5cde1fea238,Cattasaurus - shoproxstore - Shopify,direct_to_consumer,fulfilled,2026-01-10,2026-01-15,2026-01-10,PA2,FedEx,1,1,19.77,2.1,0.0,21.87,shipmonk_estimate,USD
208876,7077342675254,Cattasaurus - shoproxstore - Shopify,direct_to_consumer,fulfilled,2026-01-10,2026-01-12,2026-01-10,PA2,DHL eCommerce,1,1,10.77,1.5,0.0,12.27,shipmonk_estimate,USD
208877,7077343494454,Cattasaurus - shoproxstore - Shopify,direct_to_consumer,fulfilled,2026-01-10,2026-01-15,2026-01-10,NV3,OnTrac,1,1,16.98,2.1,0.0,19.08,shipmonk_estimate,USD
208877_1,cadfd0b0-9806-4827-907d-34abb580f2fb,Cattasaurus - shoproxstore - Shopify,direct_to_consumer,fulfilled,2026-01-10,2026-01-15,2026-01-10,NV3,OnTrac,1,1,16.98,2.1,0.0,19.08,shipmonk_estimate,USD
208878,7077358141750,Cattasaurus - shoproxstore - Shopify,direct_to_consumer,fulfilled,2026-01-10,2026-01-12,2026-01-10,NV3,FedEx,1,1,25.46,2.1,0.0,27.56,shipmonk_estimate,USD
208879,7077368463670,Cattasaurus - shoproxstore - Shopify,direct_to_consumer,fulfilled,2026-01-10,2026-01-12,2026-01-10,NV3,OnTrac,1,1,10.77,1.5,0.0,12.27,shipmonk_estimate,USD
208880,7077373247798,Cattasaurus - shoproxstore - Shopify,direct_to_consumer,fulfilled,2026-01-10,2026-01-12,2026-01-10,NV3,OnTrac,1,1,13.87,2.1,0.0,15.97,shipmonk_estimate,USD
208883,7077426561334,Cattasaurus - shoproxstore - Shopify,direct_to_consumer,fulfilled,2026-01-10,2026-01-12,2026-01-10,NV3,OnTrac,1,1,19.8,2.1,0.0,21.9,shipmonk_estimate,USD
208884,7077428494646,Cattasaurus - shoproxstore - Shopify,direct_to_consumer,fulfilled,2026-01-10,2026-01-12,2026-01-10,NV3,UPS,1,1,20.3,2.1,0.0,22.4,shipmonk_estimate,USD
"Merged: 208737, 208735",0feb0a3a-53ea-4487-a882-26cdbf366d83,Cattasaurus - shoproxstore - Shopify,direct_to_consumer,fulfilled,2026-01-10,2026-01-12,2026-01-10,NV3,FedEx,2,1,23.01,2.4,0.0,25.41,shipmonk_estimate,USD
"Merged: 208750, 208749",d42c02b9-51ba-4a91-bd97-93521a0e67d2,Cattasaurus - shoproxstore - Shopify,direct_to_consumer,fulfilled,2026-01-10,2026-01-12,2026-01-10,NV3,UPS,2,1,18.07,2.4,0.0,20.47,shipmonk_estimate,USD
"Merged: 208789, 208990",fb2e7edd-f51f-4c05-b9af-7def70fa1798,Cattasaurus - shoproxstore - Shopify,direct_to_consumer,fulfilled,2026-01-10,2026-01-19,2026-01-10,NV3,UPS,1,1,19.09,2.1,0.0,21.19,shipmonk_estimate,USD
"Merged: 208881, 208882",b64d88f2-cb64-4c59-b218-e3afaea50e5a,Cattasaurus - shoproxstore - Shopify,direct_to_consumer,fulfilled,2026-01-10,2026-01-12,2026-01-10,NV3,OnTrac,2,1,13.78,2.4,0.0,16.18,shipmonk_estimate,USD
WAL129101085696082,a98ff032-0ef7-4e3a-91bc-f11dd3a8f2fa,Cattasaurus - Manual Store,direct_to_consumer,fulfilled,2026-01-10,2026-01-12,2026-01-10,NV3,UPS,1,1,18.07,1.8,0.0,19.87,shipmonk_estimate,USD
WAL129101089035050,33296121-5023-4661-aaa6-84d17ba29747,Cattasaurus - Manual Store,direct_to_consumer,fulfilled,2026-01-10,2026-01-12,2026-01-10,NV3,UPS,1,1,15.56,1.8,0.0,17.36,shipmonk_estimate,USD
111-6128990-3886617,111-6128990-3886617,Cattasaurus - Amazon USA,direct_to_consumer,fulfilled,2026-01-11,2026-01-12,2026-01-11,PA2,OnTrac,1,1,13.66,2.1,0.0,15.76,shipmonk_estimate,USD
111-6326557-1108200,111-6326557-1108200,Cattasaurus - Amazon USA,direct_to_consumer,fulfilled,2026-01-11,2026-01-11,2026-01-11,PA2,UPS,1,1,18.67,2.1,0.0,20.77,shipmonk_estimate,USD
111-6561955-9009037,111-6561955-9009037,Cattasaurus - Amazon USA,direct_to_consumer,fulfilled,2026-01-11,2026-01-12,2026-01-11,NV3,FedEx,1,1,22.71,1.8,0.0,24.51,shipmonk_estimate,USD
112-0085003-6496252,112-0085003-6496252,Cattasaurus - Amazon USA,direct_to_consumer,fulfilled,2026-01-11,2026-01-12,2026-01-11,PA2,UPS,1,1,16.42,2.1,0.0,18.52,shipmonk_estimate,USD
112-0813135-0044202,112-0813135-0044202,Cattasaurus - Amazon USA,direct_to_consumer,fulfilled,2026-01-11,2026-01-12,2026-01-11,NV3,OnTrac,1,1,18.07,2.1,0.0,20.17,shipmonk_estimate,USD
112-1211042-4617812,112-1211042-4617812,Cattasaurus - Amazon USA,direct_to_consumer,fulfilled,2026-01-11,2026-01-12,2026-01-11,PA2,UPS,1,1,13.9,1.5,0.0,15.4,shipmonk_estimate,USD
112-1211042-4617812_1,9aa93b5f-4b82-49fa-9766-6761b4372154,Cattasaurus - Amazon USA,direct_to_consumer,fulfilled,2026-01-11,2026-01-12,2026-01-11,PA2,UPS,1,1,13.9,0.3,0.0,14.2,shipmonk_estimate,USD
112-4010470-2657863,112-4010470-2657863,Cattasaurus - Amazon USA,direct_to_consumer,fulfilled,2026-01-11,2026-01-11,2026-01-11,PA2,OnTrac,1,1,13.02,1.5,0.0,14.52,shipmonk_estimate,USD
113-0301115-9521815,113-0301115-9521815,Cattasaurus - Amazon USA,direct_to_consumer,fulfilled,2026-01-11,2026-01-12,2026-01-11,NV3,FedEx,1,1,23.76,2.1,0.0,25.86,shipmonk_estimate,USD
113-3809488-3823452,113-3809488-3823452,Cattasaurus - Amazon USA,direct_to_consumer,fulfilled,2026-01-11,2026-01-12,2026-01-11,NV3,OnTrac,1,1,13.66,2.1,0.0,15.76,shipmonk_estimate,USD
113-6656772-2220232,113-6656772-2220232,Cattasaurus - Amazon USA,direct_to_consumer,fulfilled,2026-01-11,2026-01-12,2026-01-11,PA2,OnTrac,1,1,9.68,1.5,0.0,11.18,shipmonk_estimate,USD
113-8090106-5768252,113-8090106-5768252,Cattasaurus - Amazon USA,direct_to_consumer,fulfilled,2026-01-11,2026-01-12,2026-01-11,NV3,OnTrac,1,1,13.66,2.1,0.0,15.76,shipmonk_estimate,USD
114-1647087-6445020,114-1647087-6445020,Cattasaurus - Amazon USA,direct_to_consumer,fulfilled,2026-01-11,2026-01-12,2026-01-11,PA2,UPS,1,1,16.4,1.5,0.0,17.9,shipmonk_estimate,USD
114-2931409-7651427,114-2931409-7651427,Cattasaurus - Amazon USA,direct_to_consumer,fulfilled,2026-01-11,2026-01-12,2026-01-11,PA2,UPS,1,1,12.35,1.5,0.0,13.85,shipmonk_estimate,USD
114-6378227-6868201,114-6378227-6868201,Cattasaurus - Amazon USA,direct_to_consumer,fulfilled,2026-01-11,2026-01-11,2026-01-11,PA2,FedEx,1,1,16.69,2.1,0.0,18.79,shipmonk_estimate,USD
114-9145077-3361860,114-9145077-3361860,Cattasaurus - Amazon USA,direct_to_consumer,fulfilled,2026-01-11,2026-01-12,2026-01-11,NV3,FedEx,1,1,16.37,2.1,0.0,18.47,shipmonk_estimate,USD
208885,7077462606134,Cattasaurus - shoproxstore - Shopify,direct_to_consumer,fulfilled,2026-01-11,2026-01-15,2026-01-11,PA2,OnTrac,1,1,15.48,1.8,0.0,17.28,shipmonk_estimate,USD
208885_1,e6160e68-c875-44ff-bef8-e89f47886a45,Cattasaurus - shoproxstore - Shopify,direct_to_consumer,fulfilled,2026-01-11,2026-01-15,2026-01-11,PA2,OnTrac,1,1,14.58,1.8,0.0,16.38,shipmonk_estimate,USD
208886,7077525291318,Cattasaurus - shoproxstore - Shopify,direct_to_consumer,fulfilled,2026-01-11,2026-01-15,2026-01-11,PA2,OnTrac,1,1,9.21,1.5,0.0,10.71,shipmonk_estimate,USD
208886_1,2c1e79e3-e60d-49f9-a175-e494a807e11c,Cattasaurus - shoproxstore - Shopify,direct_to_consumer,fulfilled,2026-01-11,2026-01-15,2026-01-11,PA2,OnTrac,1,1,13.02,0.3,0.0,13.32,shipmonk_estimate,USD
208886_2,1135338c-dedb-4fda-89e1-10ecbe19832e,Cattasaurus - shoproxstore - Shopify,direct_to_consumer,fulfilled,2026-01-11,2026-01-15,2026-01-11,NV3,OnTrac,1,1,9.68,1.5,0.0,11.18,shipmonk_estimate,USD
208887,7077571166518,Cattasaurus - shoproxstore - Shopify,direct_to_consumer,fulfilled,2026-01-11,2026-01-12,2026-01-11,PA2,OnTrac,1,1,13.87,2.1,0.0,15.97,shipmonk_estimate,USD
208888,7077582078262,Cattasaurus - shoproxstore - Shopify,direct_to_consumer,fulfilled,2026-01-11,2026-01-15,2026-01-11,PA2,UPS,2,1,16.42,2.4,0.0,18.82,shipmonk_estimate,USD
208888_1,661116a5-c6b3-4957-bb82-c1b46c09a1ca,Cattasaurus - shoproxstore - Shopify,direct_to_consumer,fulfilled,2026-01-11,2026-01-15,2026-01-11,PA2,UPS,1,1,18.83,2.1,0.0,20.93,shipmonk_estimate,USD
208889,7077585420598,Cattasaurus - shoproxstore - Shopify,direct_to_consumer,fulfilled,2026-01-11,2026-01-12,2026-01-11,PA2,FedEx,1,1,19.77,2.1,0.0,21.87,shipmonk_estimate,USD
208890,7077604950326,Cattasaurus - shoproxstore - Shopify,direct_to_consumer,fulfilled,2026-01-11,2026-01-12,2026-01-11,PA2,FedEx,1,1,18.86,2.1,0.0,20.96,shipmonk_estimate,USD
208891,7077640241462,Cattasaurus - shoproxstore - Shopify,direct_to_consumer,fulfilled,2026-01-11,2026-01-12,2026-01-11,NV3,OnTrac,2,1,18.61,2.1,0.0,20.71,shipmonk_estimate,USD
208892,7077695684918,Cattasaurus - shoproxstore - Shopify,direct_to_consumer,fulfilled,2026-01-11,2026-01-12,2026-01-11,PA2,OnTrac,1,1,13.66,2.1,0.0,15.76,shipmonk_estimate,USD
208893,7077699911990,Cattasaurus - shoproxstore - Shopify,direct_to_consumer,fulfilled,2026-01-11,2026-01-12,2026-01-11,NV3,OnTrac,1,1,23.17,2.1,0.0,25.27,shipmonk_estimate,USD
208894,7077701943606,Cattasaurus - shoproxstore - Shopify,direct_to_consumer,fulfilled,2026-01-11,2026-01-12,2026-01-11,PA2,OnTrac,1,1,13.66,2.1,0.0,15.76,shipmonk_estimate,USD
208895,7077737136438,Cattasaurus - shoproxstore - Shopify,direct_to_consumer,fulfilled,2026-01-11,2026-01-12,2026-01-11,PA2,UPS,1,1,18.83,2.1,0.0,20.93,shipmonk_estimate,USD
208896,7077741560118,Cattasaurus - shoproxstore - Shopify,direct_to_consumer,fulfilled,2026-01-11,2026-01-12,2026-01-11,PA2,OnTrac,1,1,13.87,2.1,0.0,15.97,shipmonk_estimate,USD
208897,7077742739766,Cattasaurus - shoproxstore - Shopify,direct_to_consumer,fulfilled,2026-01-11,2026-01-12,2026-01-11,NV3,OnTrac,1,1,25.39,2.1,0.0,27.49,shipmonk_estimate,USD
208898,7077744050486,Cattasaurus - shoproxstore - Shopify,direct_to_consumer,fulfilled,2026-01-11,2026-01-12,2026-01-11,PA2,OnTrac,1,1,16.37,2.1,0.0,18.47,shipmonk_estimate,USD
208899,7077748703542,Cattasaurus - shoproxstore - Shopify,direct_to_consumer,fulfilled,2026-01-11,2026-01-12,2026-01-11,PA2,OnTrac,1,1,13.78,2.1,0.0,15.88,shipmonk_estimate,USD
208900,7077760893238,Cattasaurus - shoproxstore - Shopify,direct_to_consumer,fulfilled,2026-01-11,2026-01-12,2026-01-11,NV3,OnTrac,1,1,27.08,2.1,0.0,29.18,shipmonk_estimate,USD
208901,7077765120310,Cattasaurus - shoproxstore - Shopify,direct_to_consumer,fulfilled,2026-01-11,2026-01-12,2026-01-11,PA2,FedEx,1,1,15.19,2.1,0.0,17.29,shipmonk_estimate,USD
208902,7077772886326,Cattasaurus - shoproxstore - Shopify,direct_to_consumer,fulfilled,2026-01-11,2026-01-12,2026-01-11,NV3,FedEx,1,1,27.67,3.3,0.0,30.97,shipmonk_estimate,USD
208903,7077784944950,Cattasaurus - shoproxstore - Shopify,direct_to_consumer,fulfilled,2026-01-11,2026-01-12,2026-01-11,NV3,OnTrac,1,1,15.56,2.1,0.0,17.66,shipmonk_estimate,USD
208904,7077785502006,Cattasaurus - shoproxstore - Shopify,direct_to_consumer,fulfilled,2026-01-11,2026-01-12,2026-01-11,NV3,FedEx,1,1,24.71,2.1,0.0,26.81,shipmonk_estimate,USD
208905,7077790220598,Cattasaurus - shoproxstore - Shopify,direct_to_consumer,fulfilled,2026-01-11,2026-01-12,2026-01-11,PA2,FedEx,1,1,16.35,2.1,0.0,18.45,shipmonk_estimate,USD
208906,7077801361718,Cattasaurus - shoproxstore - Shopify,direct_to_consumer,fulfilled,2026-01-11,2026-01-12,2026-01-11,NV3,FedEx,1,1,29.69,2.4,0.0,32.09,shipmonk_estimate,USD
208907,7077802049846,Cattasaurus - shoproxstore - Shopify,direct_to_consumer,fulfilled,2026-01-11,2026-01-12,2026-01-11,PA2,OnTrac,1,1,16.37,2.1,0.0,18.47,shipmonk_estimate,USD
208908,7077812076854,Cattasaurus - shoproxstore - Shopify,direct_to_consumer,fulfilled,2026-01-11,2026-01-12,2026-01-11,NV3,FedEx,1,1,16.37,2.1,0.0,18.47,shipmonk_estimate,USD
208909,7077813027126,Cattasaurus - shoproxstore - Shopify,direct_to_consumer,fulfilled,2026-01-11,2026-01-12,2026-01-11,PA2,OnTrac,2,1,14.21,2.4,0.0,16.61,shipmonk_estimate,USD
208910,7077844648246,Cattasaurus - shoproxstore - Shopify,direct_to_consumer,fulfilled,2026-01-11,2026-01-12,2026-01-11,PA2,OnTrac,1,1,14.58,2.1,0.0,16.68,shipmonk_estimate,USD
208911,7077847597366,Cattasaurus - shoproxstore - Shopify,direct_to_consumer,fulfilled,2026-01-11,2026-01-12,2026-01-11,PA2,OnTrac,1,1,13.78,2.1,0.0,15.88,shipmonk_estimate,USD
208912,7077856543030,Cattasaurus - shoproxstore - Shopify,direct_to_consumer,fulfilled,2026-01-11,2026-01-12,2026-01-11,NV3,OnTrac,1,1,5.93,1.5,0.3,7.73,shipmonk_estimate,USD
208913,7077872402742,Cattasaurus - shoproxstore - Shopify,direct_to_consumer,fulfilled,2026-01-11,2026-01-12,2026-01-11,NV3,FedEx,1,1,18.07,2.1,0.0,20.17,shipmonk_estimate,USD
208914,7077874958646,Cattasaurus - shoproxstore - Shopify,direct_to_consumer,fulfilled,2026-01-11,2026-01-12,2026-01-11,PA2,OnTrac,1,1,16.37,2.1,0.0,18.47,shipmonk_estimate,USD
208915,7077876629814,Cattasaurus - shoproxstore - Shopify,direct_to_consumer,fulfilled,2026-01-11,2026-01-15,2026-01-11,NV3,FedEx,1,1,16.35,2.1,0.0,18.45,shipmonk_estimate,USD
208915_1,dfc8473c-9b0e-47a7-af00-00e5c4db0c5e,Cattasaurus - shoproxstore - Shopify,direct_to_consumer,fulfilled,2026-01-11,2026-01-15,2026-01-11,NV3,FedEx,1,1,16.35,2.1,0.0,18.45,shipmonk_estimate,USD
208916,7077887246646,Cattasaurus - shoproxstore - Shopify,direct_to_consumer,fulfilled,2026-01-11,2026-01-12,2026-01-11,PA2,OnTrac,1,1,13.66,2.1,0.0,15.76,shipmonk_estimate,USD
208917,7077906743606,Cattasaurus - shoproxstore - Shopify,direct_to_consumer,fulfilled,2026-01-11,2026-01-12,2026-01-11,PA2,OnTrac,1,1,15.35,2.1,0.0,17.45,shipmonk_estimate,USD
208918,7077910315318,Cattasaurus - shoproxstore - Shopify,direct_to_consumer,fulfilled,2026-01-11,2026-01-12,2026-01-11,NV3,OnTrac,1,1,18.55,2.1,0.0,20.65,shipmonk_estimate,USD
208919,7077913559350,Cattasaurus - shoproxstore - Shopify,direct_to_consumer,fulfilled,2026-01-11,2026-01-12,2026-01-11,PA2,UPS,1,1,18.55,2.1,0.0,20.65,shipmonk_estimate,USD
208920,7077919949110,Cattasaurus - shoproxstore - Shopify,direct_to_consumer,fulfilled,2026-01-11,2026-01-12,2026-01-11,PA2,FedEx,1,1,18.86,1.8,0.0,20.66,shipmonk_estimate,USD
208921,7077927682358,Cattasaurus - shoproxstore - Shopify,direct_to_consumer,fulfilled,2026-01-11,2026-01-15,2026-01-11,PA2,OnTrac,1,1,15.49,2.1,0.0,17.59,shipmonk_estimate,USD
208921_1,eee88bed-d6cc-4e3b-b5f4-e91f54338bc6,Cattasaurus - shoproxstore - Shopify,direct_to_consumer,fulfilled,2026-01-11,2026-01-15,2026-01-11,PA2,OnTrac,1,1,13.66,2.1,0.0,15.76,shipmonk_estimate,USD
208922,7077936464182,Cattasaurus - shoproxstore - Shopify,direct_to_consumer,fulfilled,2026-01-11,2026-01-12,2026-01-11,NV3,FedEx,1,1,18.86,2.1,0.0,20.96,shipmonk_estimate,USD
208923,7077939642678,Cattasaurus - shoproxstore - Shopify,direct_to_consumer,fulfilled,2026-01-11,2026-01-15,2026-01-11,PA2,FedEx,1,1,19.77,2.1,0.0,21.87,shipmonk_estimate,USD
208923_1,a3e7a2cf-90d3-47e2-b8a3-44141dec4d11,Cattasaurus - shoproxstore - Shopify,direct_to_consumer,fulfilled,2026-01-11,2026-01-15,2026-01-11,PA2,OnTrac,1,1,10.77,1.5,0.0,12.27,shipmonk_estimate,USD
208924,7077941936438,Cattasaurus - shoproxstore - Shopify,direct_to_consumer,fulfilled,2026-01-11,2026-01-12,2026-01-11,NV3,FedEx,1,1,21.89,2.1,0.0,23.99,shipmonk_estimate,USD
208925,7077943705910,Cattasaurus - shoproxstore - Shopify,direct_to_consumer,fulfilled,2026-01-11,2026-01-12,2026-01-11,PA2,FedEx,1,1,16.35,2.1,0.0,18.45,shipmonk_estimate,USD
208926,7077958648118,Cattasaurus - shoproxstore - Shopify,direct_to_consumer,fulfilled,2026-01-11,2026-01-13,2026-01-11,PA2,OnTrac,1,1,13.87,2.1,0.0,15.97,shipmonk_estimate,USD
208927,7077971624246,Cattasaurus - shoproxstore - Shopify,direct_to_consumer,fulfilled,2026-01-11,2026-01-15,2026-01-11,NV3,OnTrac,1,1,6.0,1.5,0.3,7.8,shipmonk_estimate,USD
208927_1,b3907a97-9115-4d64-ace6-2083e6759051,Cattasaurus - shoproxstore - Shopify,direct_to_consumer,fulfilled,2026-01-11,2026-01-15,2026-01-11,PA2,OnTrac,1,1,15.58,0.3,0.0,15.88,shipmonk_estimate,USD
208928,7077986206006,Cattasaurus - shoproxstore - Shopify,direct_to_consumer,fulfilled,2026-01-11,2026-01-12,2026-01-11,PA2,FedEx,1,1,16.37,2.1,0.0,18.47,shipmonk_estimate,USD
208929,7077988663606,Cattasaurus - shoproxstore - Shopify,direct_to_consumer,fulfilled,2026-01-11,2026-01-12,2026-01-11,PA2,OnTrac,2,1,13.87,2.4,0.0,16.27,shipmonk_estimate,USD
208930,7077993382198,Cattasaurus - shoproxstore - Shopify,direct_to_consumer,fulfilled,2026-01-11,2026-01-12,2026-01-11,NV3,UPS,1,1,20.81,2.1,0.0,22.91,shipmonk_estimate,USD
208931,7078003409206,Cattasaurus - shoproxstore - Shopify,direct_to_consumer,fulfilled,2026-01-11,2026-01-12,2026-01-11,NV3,OnTrac,1,1,13.66,1.8,0.0,15.46,shipmonk_estimate,USD
208932,7078008586550,Cattasaurus - shoproxstore - Shopify,direct_to_consumer,fulfilled,2026-01-11,2026-01-12,2026-01-11,PA2,OnTrac,1,1,18.55,1.8,0.0,20.35,shipmonk_estimate,USD
208933,7078008750390,Cattasaurus - shoproxstore - Shopify,direct_to_consumer,fulfilled,2026-01-11,2026-01-12,2026-01-11,PA2,FedEx,1,1,18.86,2.1,0.0,20.96,shipmonk_estimate,USD
208934,7078020317494,Cattasaurus - shoproxstore - Shopify,direct_to_consumer,fulfilled,2026-01-11,2026-01-12,2026-01-11,NV3,FedEx,2,1,18.61,2.4,0.0,21.01,shipmonk_estimate,USD
208935,7078022283574,Cattasaurus - shoproxstore - Shopify,direct_to_consumer,fulfilled,2026-01-11,2026-01-12,2026-01-11,NV3,OnTrac,1,1,13.87,2.1,0.0,15.97,shipmonk_estimate,USD
208936,7078032310582,Cattasaurus - shoproxstore - Shopify,direct_to_consumer,fulfilled,2026-01-11,2026-01-12,2026-01-11,NV3,OnTrac,1,1,15.35,2.1,0.0,17.45,shipmonk_estimate,USD
208937,7078036242742,Cattasaurus - shoproxstore - Shopify,direct_to_consumer,fulfilled,2026-01-11,2026-01-12,2026-01-11,PA2,OnTrac,1,1,13.66,2.1,0.0,15.76,shipmonk_estimate,USD
208938,7078037291318,Cattasaurus - shoproxstore - Shopify,direct_to_consumer,fulfilled,2026-01-11,2026-01-12,2026-01-11,NV3,OnTrac,1,1,13.87,2.1,0.0,15.97,shipmonk_estimate,USD
208939,7078059245878,Cattasaurus - shoproxstore - Shopify,direct_to_consumer,fulfilled,2026-01-11,2026-01-12,2026-01-11,PA2,OnTrac,1,1,13.78,1.8,0.0,15.58,shipmonk_estimate,USD
208940,7078063309110,Cattasaurus - shoproxstore - Shopify,direct_to_consumer,fulfilled,2026-01-11,2026-01-12,2026-01-11,NV3,UPS,1,1,24.95,2.1,0.0,27.05,shipmonk_estimate,USD
208941,7078074843446,Cattasaurus - shoproxstore - Shopify,direct_to_consumer,fulfilled,2026-01-11,2026-01-12,2026-01-11,PA2,OnTrac,1,1,15.49,2.1,0.0,17.59,shipmonk_estimate,USD
208942,7078077661494,Cattasaurus - shoproxstore - Shopify,direct_to_consumer,fulfilled,2026-01-11,2026-01-12,2026-01-11,PA2,OnTrac,1,1,15.35,2.1,0.0,17.45,shipmonk_estimate,USD
208943,7078079004982,Cattasaurus - shoproxstore - Shopify,direct_to_consumer,fulfilled,2026-01-11,2026-01-12,2026-01-11,NV3,OnTrac,1,1,15.49,2.1,0.0,17.59,shipmonk_estimate,USD
208946,7078096044342,Cattasaurus - shoproxstore - Shopify,direct_to_consumer,fulfilled,2026-01-11,2026-01-15,2026-01-11,NV3,OnTrac,1,1,16.37,2.1,0.0,18.47,shipmonk_estimate,USD
208946_1,7ea73e9b-d4b3-44e4-8fac-5f87b4af04ea,Cattasaurus - shoproxstore - Shopify,direct_to_consumer,fulfilled,2026-01-11,2026-01-15,2026-01-11,NV3,OnTrac,1,1,16.37,2.1,0.0,18.47,shipmonk_estimate,USD
208947,7078102368566,Cattasaurus - shoproxstore - Shopify,direct_to_consumer,fulfilled,2026-01-11,2026-01-12,2026-01-11,PA2,FedEx,1,1,19.77,2.1,0.0,21.87,shipmonk_estimate,USD
208948,7078102729014,Cattasaurus - shoproxstore - Shopify,direct_to_consumer,fulfilled,2026-01-11,2026-01-12,2026-01-11,NV3,UPS,1,1,18.07,2.1,0.0,20.17,shipmonk_estimate,USD
208949,7078106366262,Cattasaurus - shoproxstore - Shopify,direct_to_consumer,fulfilled,2026-01-11,2026-01-12,2026-01-11,NV3,FedEx,1,1,22.71,2.1,0.0,24.81,shipmonk_estimate,USD
208950,7078120587574,Cattasaurus - shoproxstore - Shopify,direct_to_consumer,fulfilled,2026-01-11,2026-01-12,2026-01-11,NV3,OnTrac,1,1,13.66,2.1,0.0,15.76,shipmonk_estimate,USD
208951,7078121767222,Cattasaurus - shoproxstore - Shopify,direct_to_consumer,fulfilled,2026-01-11,2026-01-12,2026-01-11,NV3,OnTrac,3,1,13.87,2.7,0.0,16.57,shipmonk_estimate,USD
208952,7078127206710,Cattasaurus - shoproxstore - Shopify,direct_to_consumer,fulfilled,2026-01-11,2026-01-12,2026-01-11,PA2,OnTrac,1,1,15.49,2.1,0.0,17.59,shipmonk_estimate,USD
208953,7078140182838,Cattasaurus - shoproxstore - Shopify,direct_to_consumer,fulfilled,2026-01-11,2026-01-12,2026-01-11,NV3,OnTrac,1,1,20.3,2.1,0.0,22.4,shipmonk_estimate,USD
208954,7078152208694,Cattasaurus - shoproxstore - Shopify,direct_to_consumer,fulfilled,2026-01-11,2026-01-13,2026-01-11,PA2,FedEx,2,1,15.56,2.4,0.0,17.96,shipmonk_estimate,USD
208955,7078164660534,Cattasaurus - shoproxstore - Shopify,direct_to_consumer,fulfilled,2026-01-11,2026-01-13,2026-01-11,PA2,OnTrac,1,1,15.56,2.1,0.0,17.66,shipmonk_estimate,USD
208956,7078165119286,Cattasaurus - shoproxstore - Shopify,direct_to_consumer,fulfilled,2026-01-11,2026-01-12,2026-01-11,NV3,FedEx,3,1,16.86,3.0,0.0,19.86,shipmonk_estimate,USD
208958,7078170198326,Cattasaurus - shoproxstore - Shopify,direct_to_consumer,fulfilled,2026-01-11,2026-01-12,2026-01-11,NV3,OnTrac,1,1,13.66,2.1,0.0,15.76,shipmonk_estimate,USD
208960,7078174458166,Cattasaurus - shoproxstore - Shopify,direct_to_consumer,fulfilled,2026-01-11,2026-01-15,2026-01-11,PA2,OnTrac,1,1,14.58,2.1,0.0,16.68,shipmonk_estimate,USD
208960_1,ba86410c-8b7d-4b48-969b-9946f74c4712,Cattasaurus - shoproxstore - Shopify,direct_to_consumer,fulfilled,2026-01-11,2026-01-15,2026-01-11,PA2,OnTrac,1,1,12.35,1.5,0.0,13.85,shipmonk_estimate,USD
208961,7078185861430,Cattasaurus - shoproxstore - Shopify,direct_to_consumer,fulfilled,2026-01-11,2026-01-13,2026-01-11,PA2,OnTrac,1,1,13.78,2.1,0.0,15.88,shipmonk_estimate,USD
208962,7078188253494,Cattasaurus - shoproxstore - Shopify,direct_to_consumer,fulfilled,2026-01-11,2026-01-12,2026-01-11,NV3,FedEx,1,1,18.86,2.1,0.0,20.96,shipmonk_estimate,USD
208963,7078221447478,Cattasaurus - shoproxstore - Shopify,direct_to_consumer,fulfilled,2026-01-11,2026-01-13,2026-01-11,PA2,UPS,2,1,18.83,2.4,0.0,21.23,shipmonk_estimate,USD
208964,7078227214646,Cattasaurus - shoproxstore - Shopify,direct_to_consumer,fulfilled,2026-01-11,2026-01-13,2026-01-11,PA2,FedEx,1,1,16.35,2.1,0.0,18.45,shipmonk_estimate,USD
208965,7078237733174,Cattasaurus - shoproxstore - Shopify,direct_to_consumer,fulfilled,2026-01-11,2026-01-13,2026-01-11,PA2,OnTrac,1,1,12.89,2.1,0.0,14.99,shipmonk_estimate,USD
208966,7078242058550,Cattasaurus - shoproxstore - Shopify,direct_to_consumer,fulfilled,2026-01-11,2026-01-13,2026-01-11,PA2,UPS,1,1,18.55,2.1,0.0,20.65,shipmonk_estimate,USD
208967,7078254674230,Cattasaurus - shoproxstore - Shopify,direct_to_consumer,fulfilled,2026-01-11,2026-01-15,2026-01-11,NV3,FedEx,1,1,16.42,2.5,0.0,18.92,shipmonk_estimate,USD
208967_1,e6c5645b-2bdf-4037-a138-092f6acfabdd,Cattasaurus - shoproxstore - Shopify,direct_to_consumer,fulfilled,2026-01-11,2026-01-15,2026-01-11,NV3,FedEx,1,1,16.42,2.5,0.0,18.92,shipmonk_estimate,USD
208968,7078259065142,Cattasaurus - shoproxstore - Shopify,direct_to_consumer,fulfilled,2026-01-11,2026-01-13,2026-01-11,PA2,FedEx,1,1,18.86,2.1,0.0,20.96,shipmonk_estimate,USD
208969,7078260474166,Cattasaurus - shoproxstore - Shopify,direct_to_consumer,fulfilled,2026-01-11,2026-01-12,2026-01-11,NV3,FedEx,1,1,23.55,2.1,0.0,25.65,shipmonk_estimate,USD
208970,7078261817654,Cattasaurus - shoproxstore - Shopify,direct_to_consumer,fulfilled,2026-01-11,2026-01-13,2026-01-11,PA2,UPS,1,1,15.9,2.1,0.0,18.0,shipmonk_estimate,USD
208971,7078270173494,Cattasaurus - shoproxstore - Shopify,direct_to_consumer,fulfilled,2026-01-11,2026-01-12,2026-01-11,NV3,OnTrac,1,1,13.87,2.1,0.0,15.97,shipmonk_estimate,USD
208972,7078274498870,Cattasaurus - shoproxstore - Shopify,direct_to_consumer,fulfilled,2026-01-11,2026-01-15,2026-01-11,PA2,FedEx,1,1,17.13,2.1,0.0,19.23,shipmonk_estimate,USD
208972_1,8ca339c9-e48a-4f99-9a98-3beb6839daa6,Cattasaurus - shoproxstore - Shopify,direct_to_consumer,fulfilled,2026-01-11,2026-01-15,2026-01-11,PA2,FedEx,1,1,16.35,2.1,0.0,18.45,shipmonk_estimate,USD
208973,7078278496566,Cattasaurus - shoproxstore - Shopify,direct_to_consumer,fulfilled,2026-01-11,2026-01-13,2026-01-11,PA2,OnTrac,1,1,16.37,2.1,0.0,18.47,shipmonk_estimate,USD
208974,7078278791478,Cattasaurus - shoproxstore - Shopify,direct_to_consumer,fulfilled,2026-01-11,2026-01-13,2026-01-11,PA2,UPS,1,1,18.83,2.1,0.0,20.93,shipmonk_estimate,USD
208975,7078297534774,Cattasaurus - shoproxstore - Shopify,direct_to_consumer,fulfilled,2026-01-11,2026-01-14,2026-01-11,PA2,UPS,1,1,15.67,2.1,0.0,17.77,shipmonk_estimate,USD
208976,7078302220598,Cattasaurus - shoproxstore - Shopify,direct_to_consumer,fulfilled,2026-01-11,2026-01-13,2026-01-11,NV3,OnTrac,1,1,16.98,2.1,0.0,19.08,shipmonk_estimate,USD
208977,7078310641974,Cattasaurus - shoproxstore - Shopify,direct_to_consumer,fulfilled,2026-01-11,2026-01-13,2026-01-11,PA2,OnTrac,1,1,13.66,2.1,0.0,15.76,shipmonk_estimate,USD
208978,7078318276918,Cattasaurus - shoproxstore - Shopify,direct_to_consumer,fulfilled,2026-01-11,2026-01-13,2026-01-11,NV3,UPS,1,1,16.86,2.1,0.0,18.96,shipmonk_estimate,USD
208979,7078320242998,Cattasaurus - shoproxstore - Shopify,direct_to_consumer,fulfilled,2026-01-11,2026-01-13,2026-01-11,PA2,UPS,1,1,21.47,2.1,0.0,23.57,shipmonk_estimate,USD
208980,7078328762678,Cattasaurus - shoproxstore - Shopify,direct_to_consumer,fulfilled,2026-01-11,2026-01-15,2026-01-11,PA2,FedEx,2,1,18.86,2.1,0.0,20.96,shipmonk_estimate,USD
208980_1,abe13428-fd8e-4947-bb83-1a3edb0c2a1f,Cattasaurus - shoproxstore - Shopify,direct_to_consumer,fulfilled,2026-01-11,2026-01-15,2026-01-11,PA2,OnTrac,1,1,8.63,1.5,0.0,10.13,shipmonk_estimate,USD
208981,7078341312822,Cattasaurus - shoproxstore - Shopify,direct_to_consumer,fulfilled,2026-01-11,2026-01-13,2026-01-11,PA2,FedEx,2,1,13.87,2.1,0.0,15.97,shipmonk_estimate,USD
208982,7078341607734,Cattasaurus - shoproxstore - Shopify,direct_to_consumer,fulfilled,2026-01-11,2026-01-13,2026-01-11,PA2,OnTrac,1,1,21.1,1.8,0.0,22.9,shipmonk_estimate,USD
208983,7078352847158,Cattasaurus - shoproxstore - Shopify,direct_to_consumer,fulfilled,2026-01-11,2026-01-13,2026-01-11,PA2,FedEx,1,1,17.13,2.1,0.0,19.23,shipmonk_estimate,USD
208984,7078373392694,Cattasaurus - shoproxstore - Shopify,direct_to_consumer,fulfilled,2026-01-11,2026-01-13,2026-01-11,PA2,OnTrac,1,1,13.87,2.1,0.0,15.97,shipmonk_estimate,USD
208985,7078385647926,Cattasaurus - shoproxstore - Shopify,direct_to_consumer,fulfilled,2026-01-11,2026-01-13,2026-01-11,PA2,UPS,1,1,21.1,2.1,0.0,23.2,shipmonk_estimate,USD
208987,7078393545014,Cattasaurus - shoproxstore - Shopify,direct_to_consumer,fulfilled,2026-01-11,2026-01-13,2026-01-11,PA2,UPS,1,1,18.07,2.1,0.0,20.17,shipmonk_estimate,USD
208988,7078394036534,Cattasaurus - shoproxstore - Shopify,direct_to_consumer,fulfilled,2026-01-11,2026-01-13,2026-01-11,NV3,UPS,1,1,20.3,2.1,0.0,22.4,shipmonk_estimate,USD
208991,7078402883894,Cattasaurus - shoproxstore - Shopify,direct_to_consumer,fulfilled,2026-01-11,2026-01-13,2026-01-11,PA2,OnTrac,1,1,14.21,2.1,0.0,16.31,shipmonk_estimate,USD
208992,7078407504182,Cattasaurus - shoproxstore - Shopify,direct_to_consumer,fulfilled,2026-01-11,2026-01-13,2026-01-11,NV3,OnTrac,1,1,14.21,2.1,0.0,16.31,shipmonk_estimate,USD
208993,7078416154934,Cattasaurus - shoproxstore - Shopify,direct_to_consumer,fulfilled,2026-01-11,2026-01-13,2026-01-11,PA2,FedEx,1,1,15.19,2.1,0.0,17.29,shipmonk_estimate,USD
208994,7078433161526,Cattasaurus - shoproxstore - Shopify,direct_to_consumer,fulfilled,2026-01-11,2026-01-13,2026-01-11,PA2,UPS,1,1,18.07,2.1,0.0,20.17,shipmonk_estimate,USD
208995,7078435389750,Cattasaurus - shoproxstore - Shopify,direct_to_consumer,fulfilled,2026-01-11,2026-01-13,2026-01-11,PA2,UPS,1,1,14.58,2.1,0.0,16.68,shipmonk_estimate,USD
208996,7078443286838,Cattasaurus - shoproxstore - Shopify,direct_to_consumer,fulfilled,2026-01-11,2026-01-14,2026-01-11,NV3,FedEx,1,1,19.77,2.1,0.0,21.87,shipmonk_estimate,USD
208997,7078444597558,Cattasaurus - shoproxstore - Shopify,direct_to_consumer,fulfilled,2026-01-11,2026-01-13,2026-01-11,PA2,OnTrac,1,1,10.68,1.8,0.5,12.98,shipmonk_estimate,USD
208998,7078446367030,Cattasaurus - shoproxstore - Shopify,direct_to_consumer,fulfilled,2026-01-11,2026-01-15,2026-01-11,NV3,OnTrac,1,1,16.86,2.4,0.0,19.26,shipmonk_estimate,USD
208998_1,060c9010-0d3b-4d21-af8d-5790872b2de9,Cattasaurus - shoproxstore - Shopify,direct_to_consumer,fulfilled,2026-01-11,2026-01-15,2026-01-11,NV3,OnTrac,1,1,10.07,1.5,0.0,11.57,shipmonk_estimate,USD
208999,7078447841590,Cattasaurus - shoproxstore - Shopify,direct_to_consumer,fulfilled,2026-01-11,2026-01-13,2026-01-11,NV3,FedEx,1,1,21.89,2.1,0.0,23.99,shipmonk_estimate,USD
209000,7078450757942,Cattasaurus - shoproxstore - Shopify,direct_to_consumer,fulfilled,2026-01-11,2026-01-13,2026-01-11,PA2,OnTrac,1,1,13.78,2.1,0.0,15.88,shipmonk_estimate,USD
209001,7078457311542,Cattasaurus - shoproxstore - Shopify,direct_to_consumer,fulfilled,2026-01-11,2026-01-13,2026-01-11,PA2,OnTrac,1,1,15.49,2.1,0.0,17.59,shipmonk_estimate,USD
209002,7078461604150,Cattasaurus - shoproxstore - Shopify,direct_to_consumer,fulfilled,2026-01-11,2026-01-13,2026-01-11,PA2,OnTrac,1,1,17.18,2.1,0.0,19.28,shipmonk_estimate,USD
209003,7078463078710,Cattasaurus - shoproxstore - Shopify,direct_to_consumer,fulfilled,2026-01-11,2026-01-13,2026-01-11,NV3,FedEx,1,1,17.13,1.8,0.0,18.93,shipmonk_estimate,USD
209004,7078465208630,Cattasaurus - shoproxstore - Shopify,direct_to_consumer,fulfilled,2026-01-11,2026-01-13,2026-01-11,NV3,OnTrac,1,1,18.55,2.1,0.0,20.65,shipmonk_estimate,USD
209005,7078472614198,Cattasaurus - shoproxstore - Shopify,direct_to_consumer,fulfilled,2026-01-11,2026-01-13,2026-01-11,NV3,FedEx,2,1,21.89,2.1,0.0,23.99,shipmonk_estimate,USD
209006,7078476022070,Cattasaurus - shoproxstore - Shopify,direct_to_consumer,fulfilled,2026-01-11,2026-01-13,2026-01-11,NV3,FedEx,1,1,19.77,2.1,0.0,21.87,shipmonk_estimate,USD
209007,7078490931510,Cattasaurus - shoproxstore - Shopify,direct_to_consumer,fulfilled,2026-01-11,2026-01-13,2026-01-11,PA2,OnTrac,1,1,15.35,1.8,0.0,17.15,shipmonk_estimate,USD
209008,7078491980086,Cattasaurus - shoproxstore - Shopify,direct_to_consumer,fulfilled,2026-01-11,2026-01-15,2026-01-11,PA2,OnTrac,1,1,13.78,2.1,0.0,15.88,shipmonk_estimate,USD
209008_1,3dc95971-72a3-42ff-9e22-fa16124423a5,Cattasaurus - shoproxstore - Shopify,direct_to_consumer,fulfilled,2026-01-11,2026-01-15,2026-01-11,PA2,OnTrac,1,1,8.17,1.5,0.0,9.67,shipmonk_estimate,USD
209008_2,783c65c1-b66d-4361-9de6-291b47d647b5,Cattasaurus - shoproxstore - Shopify,direct_to_consumer,fulfilled,2026-01-11,2026-01-15,2026-01-11,PA2,OnTrac,1,1,13.78,2.1,0.0,15.88,shipmonk_estimate,USD
209009,7078517080374,Cattasaurus - shoproxstore - Shopify,direct_to_consumer,fulfilled,2026-01-11,2026-01-12,2026-01-11,PA2,OnTrac,1,1,15.35,2.1,0.0,17.45,shipmonk_estimate,USD
209010,7078518325558,Cattasaurus - shoproxstore - Shopify,direct_to_consumer,fulfilled,2026-01-11,2026-01-13,2026-01-11,PA2,OnTrac,1,1,13.87,2.1,0.0,15.97,shipmonk_estimate,USD
209011,7078524059958,Cattasaurus - shoproxstore - Shopify,direct_to_consumer,fulfilled,2026-01-11,2026-01-13,2026-01-11,PA2,UPS,1,1,18.83,2.1,0.0,20.93,shipmonk_estimate,USD
209012,7078524649782,Cattasaurus - shoproxstore - Shopify,direct_to_consumer,fulfilled,2026-01-11,2026-01-13,2026-01-11,NV3,OnTrac,1,1,13.66,2.1,0.0,15.76,shipmonk_estimate,USD
209013,7078527369526,Cattasaurus - shoproxstore - Shopify,direct_to_consumer,fulfilled,2026-01-11,2026-01-13,2026-01-11,NV3,FedEx,1,1,18.86,2.1,0.0,20.96,shipmonk_estimate,USD
209016,7078538805558,Cattasaurus - shoproxstore - Shopify,direct_to_consumer,fulfilled,2026-01-11,2026-01-13,2026-01-11,NV3,FedEx,1,1,17.13,2.1,0.0,19.23,shipmonk_estimate,USD
209017,7078540116278,Cattasaurus - shoproxstore - Shopify,direct_to_consumer,fulfilled,2026-01-11,2026-01-13,2026-01-11,PA2,OnTrac,1,1,15.48,2.1,0.0,17.58,shipmonk_estimate,USD
209018,7078543884598,Cattasaurus - shoproxstore - Shopify,direct_to_consumer,fulfilled,2026-01-11,2026-01-13,2026-01-11,NV3,UPS,1,1,18.07,2.1,0.0,20.17,shipmonk_estimate,USD
209019,7078554960182,Cattasaurus - shoproxstore - Shopify,direct_to_consumer,fulfilled,2026-01-11,2026-01-13,2026-01-11,PA2,FedEx,1,1,18.86,2.1,0.0,20.96,shipmonk_estimate,USD
209020,7078564430134,Cattasaurus - shoproxstore - Shopify,direct_to_consumer,fulfilled,2026-01-11,2026-01-13,2026-01-11,PA2,FedEx,1,1,19.77,2.1,0.0,21.87,shipmonk_estimate,USD
209021,7078565118262,Cattasaurus - shoproxstore - Shopify,direct_to_consumer,fulfilled,2026-01-11,2026-01-13,2026-01-11,NV3,FedEx,1,1,19.12,2.1,0.0,21.22,shipmonk_estimate,USD
209022,7078568460598,Cattasaurus - shoproxstore - Shopify,direct_to_consumer,fulfilled,2026-01-11,2026-01-13,2026-01-11,NV3,OnTrac,1,1,13.87,2.1,0.0,15.97,shipmonk_estimate,USD
209023,7078582485302,Cattasaurus - shoproxstore - Shopify,direct_to_consumer,fulfilled,2026-01-11,2026-01-13,2026-01-11,PA2,OnTrac,1,1,21.1,2.1,0.0,23.2,shipmonk_estimate,USD
209024,7078586777910,Cattasaurus - shoproxstore - Shopify,direct_to_consumer,fulfilled,2026-01-11,2026-01-13,2026-01-11,PA2,OnTrac,1,1,15.35,2.1,0.0,17.45,shipmonk_estimate,USD
209025,7078594216246,Cattasaurus - shoproxstore - Shopify,direct_to_consumer,fulfilled,2026-01-11,2026-01-13,2026-01-11,NV3,FedEx,1,1,18.61,2.1,0.0,20.71,shipmonk_estimate,USD
209026,7078614040886,Cattasaurus - shoproxstore - Shopify,direct_to_consumer,fulfilled,2026-01-11,2026-01-13,2026-01-11,NV3,UPS,1,1,21.1,2.1,0.0,23.2,shipmonk_estimate,USD
209027,7078636618038,Cattasaurus - shoproxstore - Shopify,direct_to_consumer,fulfilled,2026-01-11,2026-01-13,2026-01-11,PA2,UPS,1,1,14.58,2.1,0.0,16.68,shipmonk_estimate,USD
209028,7078644416822,Cattasaurus - shoproxstore - Shopify,direct_to_consumer,fulfilled,2026-01-11,2026-01-13,2026-01-11,NV3,OnTrac,1,1,13.66,2.7,0.0,16.36,shipmonk_estimate,USD
209029,7078646219062,Cattasaurus - shoproxstore - Shopify,direct_to_consumer,fulfilled,2026-01-11,2026-01-13,2026-01-11,PA2,OnTrac,1,1,20.3,2.1,0.0,22.4,shipmonk_estimate,USD
209030,7078655394102,Cattasaurus - shoproxstore - Shopify,direct_to_consumer,fulfilled,2026-01-11,2026-01-13,2026-01-11,PA2,OnTrac,1,1,13.87,2.1,0.0,15.97,shipmonk_estimate,USD
209031,7078660997430,Cattasaurus - shoproxstore - Shopify,direct_to_consumer,fulfilled,2026-01-11,2026-01-13,2026-01-11,PA2,UPS,1,1,21.1,2.1,0.0,23.2,shipmonk_estimate,USD
209032,7078669549878,Cattasaurus - shoproxstore - Shopify,direct_to_consumer,fulfilled,2026-01-11,2026-01-13,2026-01-11,NV3,OnTrac,1,1,25.39,2.1,0.0,27.49,shipmonk_estimate,USD
209033,7078681674038,Cattasaurus - shoproxstore - Shopify,direct_to_consumer,fulfilled,2026-01-11,2026-01-13,2026-01-11,NV3,OnTrac,1,1,13.87,2.1,0.0,15.97,shipmonk_estimate,USD
209034,7078696747318,Cattasaurus - shoproxstore - Shopify,direct_to_consumer,fulfilled,2026-01-11,2026-01-13,2026-01-11,NV3,OnTrac,1,1,13.87,2.1,0.0,15.97,shipmonk_estimate,USD
209035,7078721487158,Cattasaurus - shoproxstore - Shopify,direct_to_consumer,fulfilled,2026-01-11,2026-01-13,2026-01-11,NV3,UPS,1,1,18.07,2.1,0.0,20.17,shipmonk_estimate,USD
209036,7078723813686,Cattasaurus - shoproxstore - Shopify,direct_to_consumer,fulfilled,2026-01-11,2026-01-13,2026-01-11,NV3,UPS,1,1,18.07,2.1,0.0,20.17,shipmonk_estimate,USD
209037,7078725189942,Cattasaurus - shoproxstore - Shopify,direct_to_consumer,fulfilled,2026-01-11,2026-01-13,2026-01-11,NV3,FedEx,1,1,19.77,2.1,0.0,21.87,shipmonk_estimate,USD
209038,7078736494902,Cattasaurus - shoproxstore - Shopify,direct_to_consumer,fulfilled,2026-01-11,2026-01-13,2026-01-11,NV3,OnTrac,1,1,13.87,2.7,0.0,16.57,shipmonk_estimate,USD
209039,7078748684598,Cattasaurus - shoproxstore - Shopify,direct_to_consumer,fulfilled,2026-01-11,2026-01-13,2026-01-11,PA2,OnTrac,2,1,21.1,2.4,0.0,23.5,shipmonk_estimate,USD
209040,7078783222070,Cattasaurus - shoproxstore - Shopify,direct_to_consumer,fulfilled,2026-01-11,2026-01-13,2026-01-11,NV3,OnTrac,1,1,15.49,2.1,0.0,17.59,shipmonk_estimate,USD
209041,7078788202806,Cattasaurus - shoproxstore - Shopify,direct_to_consumer,fulfilled,2026-01-11,2026-01-15,2026-01-11,NV3,FedEx,1,1,20.69,2.1,0.0,22.79,shipmonk_estimate,USD
209042,7078798721334,Cattasaurus - shoproxstore - Shopify,direct_to_consumer,fulfilled,2026-01-11,2026-01-13,2026-01-11,PA2,OnTrac,1,1,13.66,2.1,0.0,15.76,shipmonk_estimate,USD
209043,7078807109942,Cattasaurus - shoproxstore - Shopify,direct_to_consumer,fulfilled,2026-01-11,2026-01-13,2026-01-11,PA2,UPS,1,1,17.18,2.1,0.0,19.28,shipmonk_estimate,USD
209044,7078814023990,Cattasaurus - shoproxstore - Shopify,direct_to_consumer,fulfilled,2026-01-11,2026-01-13,2026-01-11,NV3,UPS,1,1,20.81,2.1,0.0,22.91,shipmonk_estimate,USD
209045,7078818709814,Cattasaurus - shoproxstore - Shopify,direct_to_consumer,fulfilled,2026-01-11,2026-01-13,2026-01-11,NV3,UPS,1,1,18.55,2.1,0.0,20.65,shipmonk_estimate,USD
209046,7078819889462,Cattasaurus - shoproxstore - Shopify,direct_to_consumer,fulfilled,2026-01-11,2026-01-13,2026-01-11,PA2,OnTrac,1,1,16.37,2.1,0.0,18.47,shipmonk_estimate,USD
209047,7078824509750,Cattasaurus - shoproxstore - Shopify,direct_to_consumer,fulfilled,2026-01-11,2026-01-13,2026-01-11,PA2,OnTrac,2,1,13.78,2.4,0.0,16.18,shipmonk_estimate,USD
209048,7078841450806,Cattasaurus - shoproxstore - Shopify,direct_to_consumer,fulfilled,2026-01-11,2026-01-13,2026-01-11,PA2,OnTrac,1,1,13.66,2.1,0.0,15.76,shipmonk_estimate,USD
209049,7078871138614,Cattasaurus - shoproxstore - Shopify,direct_to_consumer,fulfilled,2026-01-11,2026-01-13,2026-01-11,PA2,UPS,1,1,18.07,2.1,0.0,20.17,shipmonk_estimate,USD
209050,7078874644790,Cattasaurus - shoproxstore - Shopify,direct_to_consumer,fulfilled,2026-01-11,2026-01-15,2026-01-11,NV3,OnTrac,1,1,18.61,2.1,0.0,20.71,shipmonk_estimate,USD
209050_1,d9761689-87ee-4ebd-a0df-b0d8e703a0dd,Cattasaurus - shoproxstore - Shopify,direct_to_consumer,fulfilled,2026-01-11,2026-01-15,2026-01-11,NV3,OnTrac,1,1,11.18,1.5,0.0,12.68,shipmonk_estimate,USD
209051,7078877462838,Cattasaurus - shoproxstore - Shopify,direct_to_consumer,fulfilled,2026-01-11,2026-01-13,2026-01-11,PA2,OnTrac,1,1,12.89,2.1,0.0,14.99,shipmonk_estimate,USD
209052,7078879691062,Cattasaurus - shoproxstore - Shopify,direct_to_consumer,fulfilled,2026-01-11,2026-01-12,2026-01-11,NV3,UPS,1,1,18.61,2.1,0.0,20.71,shipmonk_estimate,USD
209053,7078886670646,Cattasaurus - shoproxstore - Shopify,direct_to_consumer,fulfilled,2026-01-11,2026-01-13,2026-01-11,NV3,OnTrac,1,1,15.49,2.4,0.0,17.89,shipmonk_estimate,USD
209054,7078895485238,Cattasaurus - shoproxstore - Shopify,direct_to_consumer,fulfilled,2026-01-11,2026-01-15,2026-01-11,PA2,OnTrac,1,1,19.12,2.7,0.0,21.82,shipmonk_estimate,USD
209054_1,5860be8d-bac1-4247-a83a-0ab7d63ab032,Cattasaurus - shoproxstore - Shopify,direct_to_consumer,fulfilled,2026-01-11,2026-01-15,2026-01-11,PA2,OnTrac,1,1,19.8,2.7,0.0,22.5,shipmonk_estimate,USD
209056,7078966264118,Cattasaurus - shoproxstore - Shopify,direct_to_consumer,fulfilled,2026-01-11,2026-01-13,2026-01-11,NV3,OnTrac,1,1,15.49,2.1,0.0,17.59,shipmonk_estimate,USD
209057,7079016694070,Cattasaurus - shoproxstore - Shopify,direct_to_consumer,fulfilled,2026-01-11,2026-01-13,2026-01-11,NV3,OnTrac,1,1,18.55,1.8,0.0,20.35,shipmonk_estimate,USD
"Merged: 208945, 208944",c2723a4b-60b7-457b-8fa4-4cb1709e0db2,Cattasaurus - shoproxstore - Shopify,direct_to_consumer,fulfilled,2026-01-11,2026-01-15,2026-01-11,PA2,FedEx,1,1,18.86,2.1,0.0,20.96,shipmonk_estimate,USD
"Merged: 208957, 208959",bfaad08d-0fc4-4c89-9fb1-f6155e8a3a43,Cattasaurus - shoproxstore - Shopify,direct_to_consumer,fulfilled,2026-01-11,2026-01-15,2026-01-11,NV3,OnTrac,3,1,17.18,2.7,0.0,19.88,shipmonk_estimate,USD
"Merged: 208989, 208986",3bb4a056-e958-4da9-9e7b-5b422ca49394,Cattasaurus - shoproxstore - Shopify,direct_to_consumer,fulfilled,2026-01-11,2026-01-16,2026-01-11,PA2,OnTrac,1,1,15.56,2.1,0.0,17.66,shipmonk_estimate,USD
"Merged: 209015, 209014",fa08c4ad-f63e-4996-885f-84c29e0f5d11,Cattasaurus - shoproxstore - Shopify,direct_to_consumer,fulfilled,2026-01-11,2026-01-13,2026-01-11,PA2,FedEx,2,1,16.86,2.4,0.0,19.26,shipmonk_estimate,USD
111-0783499-6646629,111-0783499-6646629,Cattasaurus - Amazon USA,direct_to_consumer,fulfilled,2026-01-12,2026-01-12,2026-01-12,PA2,OnTrac,1,1,13.66,2.1,0.0,15.76,shipmonk_estimate,USD
111-1286796-3249021,111-1286796-3249021,Cattasaurus - Amazon USA,direct_to_consumer,fulfilled,2026-01-12,2026-01-12,2026-01-12,PA2,OnTrac,1,1,16.37,2.1,0.0,18.47,shipmonk_estimate,USD
111-2094162-9607453,111-2094162-9607453,Cattasaurus - Amazon USA,direct_to_consumer,fulfilled,2026-01-12,2026-01-13,2026-01-12,NV3,OnTrac,1,1,13.87,2.1,0.0,15.97,shipmonk_estimate,USD
111-4775181-7577009,111-4775181-7577009,Cattasaurus - Amazon USA,direct_to_consumer,fulfilled,2026-01-12,2026-01-12,2026-01-12,NV3,FedEx,1,1,23.76,2.1,0.0,25.86,shipmonk_estimate,USD
111-5884510-1197807,111-5884510-1197807,Cattasaurus - Amazon USA,direct_to_consumer,fulfilled,2026-01-12,2026-01-13,2026-01-12,PA2,OnTrac,1,1,11.33,1.5,0.0,12.83,shipmonk_estimate,USD
111-6585051-2967415,111-6585051-2967415,Cattasaurus - Amazon USA,direct_to_consumer,fulfilled,2026-01-12,2026-01-13,2026-01-12,PA2,OnTrac,1,1,15.56,1.8,0.0,17.36,shipmonk_estimate,USD
111-6585051-2967415_1,da90f008-ae0d-4f6f-bb1f-84e9979ba0fa,Cattasaurus - Amazon USA,direct_to_consumer,fulfilled,2026-01-12,2026-01-13,2026-01-12,PA2,OnTrac,1,1,11.65,0.3,0.0,11.95,shipmonk_estimate,USD
111-6585051-2967415_2,9b444252-b14a-4699-ae1c-3af608ea15f6,Cattasaurus - Amazon USA,direct_to_consumer,fulfilled,2026-01-12,2026-01-13,2026-01-12,PA2,OnTrac,1,1,8.42,1.5,0.0,9.92,shipmonk_estimate,USD
112-2193755-2879469,112-2193755-2879469,Cattasaurus - Amazon USA,direct_to_consumer,fulfilled,2026-01-12,2026-01-13,2026-01-12,PA2,FedEx,1,1,18.07,2.1,0.0,20.17,shipmonk_estimate,USD
113-2734223-6169849,113-2734223-6169849,Cattasaurus - Amazon USA,direct_to_consumer,fulfilled,2026-01-12,2026-01-12,2026-01-12,NV3,OnTrac,1,1,15.35,2.1,0.0,17.45,shipmonk_estimate,USD
114-2445989-1379438,114-2445989-1379438,Cattasaurus - Amazon USA,direct_to_consumer,fulfilled,2026-01-12,2026-01-13,2026-01-12,PA2,UPS,1,1,15.32,1.5,0.0,16.82,shipmonk_estimate,USD
114-5346836-9341034,114-5346836-9341034,Cattasaurus - Amazon USA,direct_to_consumer,fulfilled,2026-01-12,2026-01-13,2026-01-12,PA2,OnTrac,1,1,12.21,1.5,0.0,13.71,shipmonk_estimate,USD
114-6187959-5316201,114-6187959-5316201,Cattasaurus - Amazon USA,direct_to_consumer,fulfilled,2026-01-12,2026-01-13,2026-01-12,PA2,OnTrac,1,1,12.89,2.1,0.0,14.99,shipmonk_estimate,USD
114-8010982-3388207,114-8010982-3388207,Cattasaurus - Amazon USA,direct_to_consumer,fulfilled,2026-01-12,2026-01-12,2026-01-12,NV3,UPS,1,1,22.48,2.1,0.0,24.58,shipmonk_estimate,USD
209058,7079160316214,Cattasaurus - shoproxstore - Shopify,direct_to_consumer,fulfilled,2026-01-12,2026-01-13,2026-01-12,NV3,FedEx,1,1,19.41,2.4,0.0,21.81,shipmonk_estimate,USD
209059,7079275364662,Cattasaurus - shoproxstore - Shopify,direct_to_consumer,fulfilled,2026-01-12,2026-01-13,2026-01-12,NV3,OnTrac,1,1,13.87,2.1,0.0,15.97,shipmonk_estimate,USD
209060,7079308984630,Cattasaurus - shoproxstore - Shopify,direct_to_consumer,fulfilled,2026-01-12,2026-01-13,2026-01-12,PA2,OnTrac,1,1,15.35,2.1,0.0,17.45,shipmonk_estimate,USD
209061,7079335166262,Cattasaurus - shoproxstore - Shopify,direct_to_consumer,fulfilled,2026-01-12,2026-01-13,2026-01-12,NV3,OnTrac,1,1,24.71,2.1,0.0,26.81,shipmonk_estimate,USD
209062,7079344144694,Cattasaurus - shoproxstore - Shopify,direct_to_consumer,fulfilled,2026-01-12,2026-01-13,2026-01-12,PA2,OnTrac,1,1,16.37,2.7,0.0,19.07,shipmonk_estimate,USD
209063,7079394378038,Cattasaurus - shoproxstore - Shopify,direct_to_consumer,fulfilled,2026-01-12,2026-01-13,2026-01-12,NV3,OnTrac,3,1,25.24,2.7,0.0,27.94,shipmonk_estimate,USD
209064,7079451558198,Cattasaurus - shoproxstore - Shopify,direct_to_consumer,fulfilled,2026-01-12,2026-01-13,2026-01-12,PA2,OnTrac,1,1,15.49,2.1,0.0,17.59,shipmonk_estimate,USD
209065,7079451885878,Cattasaurus - shoproxstore - Shopify,direct_to_consumer,fulfilled,2026-01-12,2026-01-13,2026-01-12,NV3,OnTrac,1,1,19.12,2.1,0.0,21.22,shipmonk_estimate,USD
209066,7079453622582,Cattasaurus - shoproxstore - Shopify,direct_to_consumer,fulfilled,2026-01-12,2026-01-14,2026-01-12,PA2,UPS,1,1,21.47,2.1,0.0,23.57,shipmonk_estimate,USD
209067,7079467024694,Cattasaurus - shoproxstore - Shopify,direct_to_consumer,fulfilled,2026-01-12,2026-01-13,2026-01-12,PA2,OnTrac,1,1,13.66,2.1,0.0,15.76,shipmonk_estimate,USD
209068,7079496581430,Cattasaurus - shoproxstore - Shopify,direct_to_consumer,fulfilled,2026-01-12,2026-01-15,2026-01-12,NV3,OnTrac,1,1,18.67,2.1,0.0,20.77,shipmonk_estimate,USD
209068_1,9edf6f37-5bf4-46be-8a23-897b4f7f5de8,Cattasaurus - shoproxstore - Shopify,direct_to_consumer,fulfilled,2026-01-12,2026-01-15,2026-01-12,NV3,DHL eCommerce,1,1,12.35,1.5,0.0,13.85,shipmonk_estimate,USD
209069,7079499465014,Cattasaurus - shoproxstore - Shopify,direct_to_consumer,fulfilled,2026-01-12,2026-01-13,2026-01-12,PA2,FedEx,1,1,19.77,2.1,0.0,21.87,shipmonk_estimate,USD
209070,7079516078390,Cattasaurus - shoproxstore - Shopify,direct_to_consumer,fulfilled,2026-01-12,2026-01-13,2026-01-12,PA2,FedEx,1,1,16.35,2.1,0.0,18.45,shipmonk_estimate,USD
209071,7079557988662,Cattasaurus - shoproxstore - Shopify,direct_to_consumer,fulfilled,2026-01-12,2026-01-13,2026-01-12,PA2,OnTrac,1,1,12.89,2.1,0.0,14.99,shipmonk_estimate,USD
209072,7079564476726,Cattasaurus - shoproxstore - Shopify,direct_to_consumer,fulfilled,2026-01-12,2026-01-13,2026-01-12,PA2,OnTrac,1,1,13.66,2.1,0.0,15.76,shipmonk_estimate,USD
209073,7079582302518,Cattasaurus - shoproxstore - Shopify,direct_to_consumer,fulfilled,2026-01-12,2026-01-13,2026-01-12,PA2,OnTrac,2,1,14.58,2.4,0.0,16.98,shipmonk_estimate,USD
209074,7079582531894,Cattasaurus - shoproxstore - Shopify,direct_to_consumer,fulfilled,2026-01-12,2026-01-13,2026-01-12,PA2,OnTrac,1,1,13.87,2.1,0.0,15.97,shipmonk_estimate,USD
209075,7079584530742,Cattasaurus - shoproxstore - Shopify,direct_to_consumer,fulfilled,2026-01-12,2026-01-13,2026-01-12,PA2,FedEx,1,1,16.37,2.1,0.0,18.47,shipmonk_estimate,USD
209076,7079591379254,Cattasaurus - shoproxstore - Shopify,direct_to_consumer,fulfilled,2026-01-12,2026-01-13,2026-01-12,PA2,OnTrac,1,1,13.87,2.1,0.0,15.97,shipmonk_estimate,USD
209077,7079601111350,Cattasaurus - shoproxstore - Shopify,direct_to_consumer,fulfilled,2026-01-12,2026-01-13,2026-01-12,NV3,FedEx,1,1,23.55,2.1,0.0,25.65,shipmonk_estimate,USD
209078,7079612743990,Cattasaurus - shoproxstore - Shopify,direct_to_consumer,fulfilled,2026-01-12,2026-01-13,2026-01-12,NV3,OnTrac,1,1,16.37,1.8,0.0,18.17,shipmonk_estimate,USD
209079,7079623393590,Cattasaurus - shoproxstore - Shopify,direct_to_consumer,fulfilled,2026-01-12,2026-01-13,2026-01-12,NV3,FedEx,1,1,23.01,2.4,0.0,25.41,shipmonk_estimate,USD
209080,7079636468022,Cattasaurus - shoproxstore - Shopify,direct_to_consumer,fulfilled,2026-01-12,2026-01-13,2026-01-12,NV3,FedEx,1,1,16.35,2.1,0.0,18.45,shipmonk_estimate,USD
209081,7079639253302,Cattasaurus - shoproxstore - Shopify,direct_to_consumer,fulfilled,2026-01-12,2026-01-13,2026-01-12,NV3,FedEx,1,1,23.55,2.1,0.0,25.65,shipmonk_estimate,USD
209082,7079652262198,Cattasaurus - shoproxstore - Shopify,direct_to_consumer,fulfilled,2026-01-12,2026-01-13,2026-01-12,PA2,UPS,1,1,18.83,2.1,0.0,20.93,shipmonk_estimate,USD
209083,7079669793078,Cattasaurus - shoproxstore - Shopify,direct_to_consumer,fulfilled,2026-01-12,2026-01-13,2026-01-12,PA2,UPS,2,1,21.1,2.4,0.0,23.5,shipmonk_estimate,USD
209084,7079687422262,Cattasaurus - shoproxstore - Shopify,direct_to_consumer,fulfilled,2026-01-12,2026-01-13,2026-01-12,NV3,UPS,1,1,15.9,2.7,0.0,18.6,shipmonk_estimate,USD
209085,7079714423094,Cattasaurus - shoproxstore - Shopify,direct_to_consumer,fulfilled,2026-01-12,2026-01-14,2026-01-12,PA2,UPS,1,1,16.42,2.1,0.0,18.52,shipmonk_estimate,USD
209086,7079740735798,Cattasaurus - shoproxstore - Shopify,direct_to_consumer,fulfilled,2026-01-12,2026-01-13,2026-01-12,NV3,FedEx,1,1,18.61,2.1,0.0,20.71,shipmonk_estimate,USD
209087,7079751418166,Cattasaurus - shoproxstore - Shopify,direct_to_consumer,fulfilled,2026-01-12,2026-01-13,2026-01-12,NV3,OnTrac,1,1,15.56,2.1,0.0,17.66,shipmonk_estimate,USD
209089,7079775306038,Cattasaurus - shoproxstore - Shopify,direct_to_consumer,fulfilled,2026-01-12,2026-01-14,2026-01-12,PA2,OnTrac,1,1,13.87,2.1,0.0,15.97,shipmonk_estimate,USD
209091,7079809319222,Cattasaurus - shoproxstore - Shopify,direct_to_consumer,fulfilled,2026-01-12,2026-01-14,2026-01-12,PA2,OnTrac,1,1,13.87,2.1,0.0,15.97,shipmonk_estimate,USD
209092,7079826227510,Cattasaurus - shoproxstore - Shopify,direct_to_consumer,fulfilled,2026-01-12,2026-01-15,2026-01-12,PA2,UPS,2,1,18.67,2.4,0.0,21.07,shipmonk_estimate,USD
209092_1,31fba483-b679-4977-a3ab-2bb510da7485,Cattasaurus - shoproxstore - Shopify,direct_to_consumer,fulfilled,2026-01-12,2026-01-15,2026-01-12,PA2,UPS,1,1,14.91,1.5,0.0,16.41,shipmonk_estimate,USD
209093,7079855128886,Cattasaurus - shoproxstore - Shopify,direct_to_consumer,fulfilled,2026-01-12,2026-01-15,2026-01-12,PA2,OnTrac,1,1,13.75,2.5,0.0,16.25,shipmonk_estimate,USD
209093_1,911b425e-a4a0-4440-86fe-abcc97072cb9,Cattasaurus - shoproxstore - Shopify,direct_to_consumer,fulfilled,2026-01-12,2026-01-15,2026-01-12,PA2,FedEx,1,1,16.86,2.1,0.0,18.96,shipmonk_estimate,USD
209093_2,d3132ce3-751c-4c13-ae18-12e19750ec05,Cattasaurus - shoproxstore - Shopify,direct_to_consumer,fulfilled,2026-01-12,2026-01-15,2026-01-12,PA2,OnTrac,1,1,13.75,2.5,0.0,16.25,shipmonk_estimate,USD
209094,7079860371766,Cattasaurus - shoproxstore - Shopify,direct_to_consumer,fulfilled,2026-01-12,2026-01-13,2026-01-12,NV3,OnTrac,1,1,19.41,2.4,0.0,21.81,shipmonk_estimate,USD
209095,7079875871030,Cattasaurus - shoproxstore - Shopify,direct_to_consumer,fulfilled,2026-01-12,2026-01-15,2026-01-12,PA2,OnTrac,1,1,12.89,2.1,0.0,14.99,shipmonk_estimate,USD
209095_1,371633d3-3b77-4d9b-bdfd-4a84ff88df9e,Cattasaurus - shoproxstore - Shopify,direct_to_consumer,fulfilled,2026-01-12,2026-01-15,2026-01-12,PA2,OnTrac,1,1,8.17,1.5,0.0,9.67,shipmonk_estimate,USD
209095_2,da17be77-ee5b-4bf7-93dd-e467f1b50f35,Cattasaurus - shoproxstore - Shopify,direct_to_consumer,fulfilled,2026-01-12,2026-01-15,2026-01-12,PA2,OnTrac,1,1,10.66,1.5,0.0,12.16,shipmonk_estimate,USD
209096,7079896580406,Cattasaurus - shoproxstore - Shopify,direct_to_consumer,fulfilled,2026-01-12,2026-01-13,2026-01-12,NV3,OnTrac,2,1,17.18,2.4,0.0,19.58,shipmonk_estimate,USD
209097,7079942947126,Cattasaurus - shoproxstore - Shopify,direct_to_consumer,fulfilled,2026-01-12,2026-01-14,2026-01-12,PA2,OnTrac,1,1,16.37,2.1,0.0,18.47,shipmonk_estimate,USD
209098,7079942979894,Cattasaurus - shoproxstore - Shopify,direct_to_consumer,fulfilled,2026-01-12,2026-01-14,2026-01-12,PA2,UPS,1,1,21.47,2.1,0.0,23.57,shipmonk_estimate,USD
209099,7079948615990,Cattasaurus - shoproxstore - Shopify,direct_to_consumer,fulfilled,2026-01-12,2026-01-14,2026-01-12,PA2,OnTrac,1,1,15.9,2.1,0.0,18.0,shipmonk_estimate,USD
209100,7079951925558,Cattasaurus - shoproxstore - Shopify,direct_to_consumer,fulfilled,2026-01-12,2026-01-14,2026-01-12,PA2,UPS,1,1,14.58,2.1,0.0,16.68,shipmonk_estimate,USD
209101,7079973683510,Cattasaurus - shoproxstore - Shopify,direct_to_consumer,fulfilled,2026-01-12,2026-01-14,2026-01-12,PA2,OnTrac,1,1,18.55,2.1,0.0,20.65,shipmonk_estimate,USD
209102,7079996883254,Cattasaurus - shoproxstore - Shopify,direct_to_consumer,fulfilled,2026-01-12,2026-01-15,2026-01-12,NV3,FedEx,1,1,18.86,2.1,0.0,20.96,shipmonk_estimate,USD
209102_1,5d5e1bb1-8417-4d36-afea-f7b7439fd418,Cattasaurus - shoproxstore - Shopify,direct_to_consumer,fulfilled,2026-01-12,2026-01-15,2026-01-12,NV3,FedEx,1,1,18.86,2.1,0.0,20.96,shipmonk_estimate,USD
209103,7079999308086,Cattasaurus - shoproxstore - Shopify,direct_to_consumer,fulfilled,2026-01-12,2026-01-19,2026-01-12,NV3,OnTrac,1,1,15.16,2.1,0.0,17.26,shipmonk_estimate,USD
209104,7080006025526,Cattasaurus - shoproxstore - Shopify,direct_to_consumer,fulfilled,2026-01-12,2026-01-14,2026-01-12,NV3,OnTrac,1,1,13.87,2.1,0.0,15.97,shipmonk_estimate,USD
209105,7080007172406,Cattasaurus - shoproxstore - Shopify,direct_to_consumer,fulfilled,2026-01-12,2026-01-14,2026-01-12,PA2,OnTrac,1,1,16.37,1.8,0.0,18.17,shipmonk_estimate,USD
209106,7080018641206,Cattasaurus - shoproxstore - Shopify,direct_to_consumer,fulfilled,2026-01-12,2026-01-14,2026-01-12,PA2,UPS,1,1,18.83,2.1,0.0,20.93,shipmonk_estimate,USD
209107,7080060879158,Cattasaurus - shoproxstore - Shopify,direct_to_consumer,fulfilled,2026-01-12,2026-01-14,2026-01-12,NV3,UPS,1,1,21.47,2.1,0.0,23.57,shipmonk_estimate,USD
209108,7080062353718,Cattasaurus - shoproxstore - Shopify,direct_to_consumer,fulfilled,2026-01-12,2026-01-14,2026-01-12,NV3,OnTrac,1,1,15.35,2.1,0.0,17.45,shipmonk_estimate,USD
209109,7080062648630,Cattasaurus - shoproxstore - Shopify,direct_to_consumer,fulfilled,2026-01-12,2026-01-14,2026-01-12,PA2,FedEx,1,1,13.66,2.1,0.0,15.76,shipmonk_estimate,USD
209110,7080107180342,Cattasaurus - shoproxstore - Shopify,direct_to_consumer,fulfilled,2026-01-12,2026-01-14,2026-01-12,PA2,UPS,1,1,18.55,2.1,0.0,20.65,shipmonk_estimate,USD
209111,7080141095222,Cattasaurus - shoproxstore - Shopify,direct_to_consumer,fulfilled,2026-01-12,2026-01-14,2026-01-12,PA2,OnTrac,1,1,16.37,2.1,0.0,18.47,shipmonk_estimate,USD
209112,7080187560246,Cattasaurus - shoproxstore - Shopify,direct_to_consumer,fulfilled,2026-01-12,2026-01-13,2026-01-12,PA2,FedEx,1,1,16.35,2.1,0.0,18.45,shipmonk_estimate,USD
209113,7080191099190,Cattasaurus - shoproxstore - Shopify,direct_to_consumer,fulfilled,2026-01-12,2026-01-14,2026-01-12,NV3,OnTrac,1,1,16.98,2.1,0.0,19.08,shipmonk_estimate,USD
209114,7080212529462,Cattasaurus - shoproxstore - Shopify,direct_to_consumer,fulfilled,2026-01-12,2026-01-14,2026-01-12,PA2,OnTrac,1,1,15.48,2.1,0.0,17.58,shipmonk_estimate,USD
209115,7080259289398,Cattasaurus - shoproxstore - Shopify,direct_to_consumer,fulfilled,2026-01-12,2026-01-14,2026-01-12,NV3,FedEx,1,1,19.77,2.1,0.0,21.87,shipmonk_estimate,USD
209116,7080266858806,Cattasaurus - shoproxstore - Shopify,direct_to_consumer,fulfilled,2026-01-12,2026-01-14,2026-01-12,NV3,UPS,1,1,24.71,2.4,0.0,27.11,shipmonk_estimate,USD
209117,7080271315254,Cattasaurus - shoproxstore - Shopify,direct_to_consumer,fulfilled,2026-01-12,2026-01-14,2026-01-12,NV3,FedEx,1,1,23.01,2.4,0.0,25.41,shipmonk_estimate,USD
209118,7080299692342,Cattasaurus - shoproxstore - Shopify,direct_to_consumer,fulfilled,2026-01-12,2026-01-14,2026-01-12,PA2,OnTrac,1,1,13.87,2.1,0.0,15.97,shipmonk_estimate,USD
209119,7080334885174,Cattasaurus - shoproxstore - Shopify,direct_to_consumer,fulfilled,2026-01-12,2026-01-14,2026-01-12,PA2,FedEx,1,1,18.86,2.1,0.0,20.96,shipmonk_estimate,USD
209120,7080345829686,Cattasaurus - shoproxstore - Shopify,direct_to_consumer,fulfilled,2026-01-12,2026-01-14,2026-01-12,NV3,OnTrac,1,1,20.3,2.1,0.0,22.4,shipmonk_estimate,USD
209121,7080349630774,Cattasaurus - shoproxstore - Shopify,direct_to_consumer,fulfilled,2026-01-12,2026-01-13,2026-01-12,PA2,UPS,1,1,18.55,2.4,0.0,20.95,shipmonk_estimate,USD
209122,7080357855542,Cattasaurus - shoproxstore - Shopify,direct_to_consumer,fulfilled,2026-01-12,2026-01-15,2026-01-12,NV3,FedEx,1,1,16.35,2.1,0.0,18.45,shipmonk_estimate,USD
209122_1,be8e569a-6d7f-4e57-ace0-6daa7cc815ed,Cattasaurus - shoproxstore - Shopify,direct_to_consumer,fulfilled,2026-01-12,2026-01-15,2026-01-12,PA2,UPS,1,1,14.7,1.5,0.0,16.2,shipmonk_estimate,USD
209123,7080371847478,Cattasaurus - shoproxstore - Shopify,direct_to_consumer,fulfilled,2026-01-12,2026-01-14,2026-01-12,PA2,OnTrac,1,1,15.35,2.1,0.0,17.45,shipmonk_estimate,USD
209124,7080384397622,Cattasaurus - shoproxstore - Shopify,direct_to_consumer,fulfilled,2026-01-12,2026-01-14,2026-01-12,NV3,FedEx,1,1,22.71,2.1,0.0,24.81,shipmonk_estimate,USD
209125,7080393769270,Cattasaurus - shoproxstore - Shopify,direct_to_consumer,fulfilled,2026-01-12,2026-01-14,2026-01-12,PA2,OnTrac,2,1,18.55,2.4,0.0,20.95,shipmonk_estimate,USD
209126,7080410874166,Cattasaurus - shoproxstore - Shopify,direct_to_consumer,fulfilled,2026-01-12,2026-01-14,2026-01-12,PA2,OnTrac,1,1,15.49,2.1,0.0,17.59,shipmonk_estimate,USD
209127,7080429453622,Cattasaurus - shoproxstore - Shopify,direct_to_consumer,fulfilled,2026-01-12,2026-01-14,2026-01-12,NV3,FedEx,1,1,16.37,2.1,0.0,18.47,shipmonk_estimate,USD
209128,7080450687286,Cattasaurus - shoproxstore - Shopify,direct_to_consumer,fulfilled,2026-01-12,2026-01-14,2026-01-12,NV3,UPS,1,1,20.3,1.8,0.0,22.1,shipmonk_estimate,USD
209129,7080453669174,Cattasaurus - shoproxstore - Shopify,direct_to_consumer,fulfilled,2026-01-12,2026-01-14,2026-01-12,PA2,UPS,1,1,18.07,2.1,0.0,20.17,shipmonk_estimate,USD
209130,7080485323062,Cattasaurus - shoproxstore - Shopify,direct_to_consumer,fulfilled,2026-01-12,2026-01-14,2026-01-12,NV3,UPS,1,1,18.07,2.1,0.0,20.17,shipmonk_estimate,USD
209131,7080493744438,Cattasaurus - shoproxstore - Shopify,direct_to_consumer,fulfilled,2026-01-12,2026-01-14,2026-01-12,NV3,FedEx,1,1,16.35,2.1,0.0,18.45,shipmonk_estimate,USD
209132,7080500101430,Cattasaurus - shoproxstore - Shopify,direct_to_consumer,fulfilled,2026-01-12,2026-01-14,2026-01-12,NV3,UPS,1,1,24.71,2.4,0.0,27.11,shipmonk_estimate,USD
209133,7080508555574,Cattasaurus - shoproxstore - Shopify,direct_to_consumer,fulfilled,2026-01-12,2026-01-14,2026-01-12,NV3,FedEx,1,1,23.76,2.1,0.0,25.86,shipmonk_estimate,USD
209134,7080509505846,Cattasaurus - shoproxstore - Shopify,direct_to_consumer,fulfilled,2026-01-12,2026-01-14,2026-01-12,PA2,OnTrac,1,1,11.29,1.5,0.0,12.79,shipmonk_estimate,USD
209135,7080518091062,Cattasaurus - shoproxstore - Shopify,direct_to_consumer,fulfilled,2026-01-12,2026-01-14,2026-01-12,PA2,OnTrac,1,1,15.49,2.4,0.0,17.89,shipmonk_estimate,USD
209136,7080571928886,Cattasaurus - shoproxstore - Shopify,direct_to_consumer,fulfilled,2026-01-12,2026-01-14,2026-01-12,NV3,FedEx,1,1,18.61,2.1,0.0,20.71,shipmonk_estimate,USD
209137,7080679571766,Cattasaurus - shoproxstore - Shopify,direct_to_consumer,fulfilled,2026-01-12,2026-01-14,2026-01-12,NV3,OnTrac,1,1,21.1,2.1,0.0,23.2,shipmonk_estimate,USD
209138,7080683798838,Cattasaurus - shoproxstore - Shopify,direct_to_consumer,fulfilled,2026-01-12,2026-01-14,2026-01-12,NV3,UPS,1,1,18.07,2.1,0.0,20.17,shipmonk_estimate,USD
209139,7080724955446,Cattasaurus - shoproxstore - Shopify,direct_to_consumer,fulfilled,2026-01-12,2026-01-14,2026-01-12,NV3,OnTrac,1,1,15.49,2.1,0.0,17.59,shipmonk_estimate,USD
"Merged: 209090, 209088",1577d34d-4636-4f68-a5f2-63c497e64b25,Cattasaurus - shoproxstore - Shopify,direct_to_consumer,fulfilled,2026-01-12,2026-01-13,2026-01-12,NV3,UPS,2,1,19.41,2.4,0.0,21.81,shipmonk_estimate,USD
WAL129101310130830,db75b96c-8473-40d5-85d5-d217afb6e472,Cattasaurus - Manual Store,direct_to_consumer,fulfilled,2026-01-12,2026-01-13,2026-01-12,PA2,OnTrac,1,1,13.87,1.8,0.0,15.67,shipmonk_estimate,USD
111-0605990-6738648,111-0605990-6738648,Cattasaurus - Amazon USA,direct_to_consumer,fulfilled,2026-01-13,2026-01-13,2026-01-13,PA2,UPS,1,1,14.8,2.7,0.0,17.5,shipmonk_estimate,USD
111-2057382-8417828,111-2057382-8417828,Cattasaurus - Amazon USA,direct_to_consumer,fulfilled,2026-01-13,2026-01-14,2026-01-13,NV3,UPS,1,1,16.96,2.1,0.0,19.06,shipmonk_estimate,USD
111-2846766-5476262,111-2846766-5476262,Cattasaurus - Amazon USA,direct_to_consumer,fulfilled,2026-01-13,2026-01-14,2026-01-13,PA2,OnTrac,1,1,13.66,2.1,0.0,15.76,shipmonk_estimate,USD
111-3202818-5601859,111-3202818-5601859,Cattasaurus - Amazon USA,direct_to_consumer,fulfilled,2026-01-13,2026-01-14,2026-01-13,PA2,OnTrac,1,1,12.5,1.5,0.0,14.0,shipmonk_estimate,USD
111-3486708-7397026,111-3486708-7397026,Cattasaurus - Amazon USA,direct_to_consumer,fulfilled,2026-01-13,2026-01-13,2026-01-13,PA2,UPS,1,1,15.44,2.5,0.0,17.94,shipmonk_estimate,USD
111-9199343-1191446,111-9199343-1191446,Cattasaurus - Amazon USA,direct_to_consumer,fulfilled,2026-01-13,2026-01-14,2026-01-13,NV3,UPS,1,1,17.75,2.1,0.0,19.85,shipmonk_estimate,USD
113-0749630-3904212,113-0749630-3904212,Cattasaurus - Amazon USA,direct_to_consumer,fulfilled,2026-01-13,2026-01-13,2026-01-13,NV3,OnTrac,1,1,18.38,2.1,0.0,20.48,shipmonk_estimate,USD
113-1722115-0218622,113-1722115-0218622,Cattasaurus - Amazon USA,direct_to_consumer,fulfilled,2026-01-13,2026-01-14,2026-01-13,PA2,OnTrac,1,1,14.21,2.1,0.0,16.31,shipmonk_estimate,USD
113-3019540-7522629,113-3019540-7522629,Cattasaurus - Amazon USA,direct_to_consumer,fulfilled,2026-01-13,2026-01-14,2026-01-13,PA2,OnTrac,1,1,16.98,2.1,0.0,19.08,shipmonk_estimate,USD
114-2187522-0562634,114-2187522-0562634,Cattasaurus - Amazon USA,direct_to_consumer,fulfilled,2026-01-13,2026-01-14,2026-01-13,PA2,UPS,1,1,18.67,2.1,0.0,20.77,shipmonk_estimate,USD
203109-01,12782a2a-4c11-402c-afc5-bb92c53d26c9,Cattasaurus - shoproxstore - Shopify,direct_to_consumer,fulfilled,2026-01-13,2026-01-14,2026-01-13,NV3,OnTrac,1,1,15.49,1.8,0.0,17.29,shipmonk_estimate,USD
205614-01,6aa7fbde-3231-4b02-a8b5-d5ec04db9465,Cattasaurus - shoproxstore - Shopify,direct_to_consumer,fulfilled,2026-01-13,2026-01-14,2026-01-13,NV3,OnTrac,1,1,13.87,2.1,0.0,15.97,shipmonk_estimate,USD
209140,7080823390518,Cattasaurus - shoproxstore - Shopify,direct_to_consumer,fulfilled,2026-01-13,2026-01-14,2026-01-13,PA2,FedEx,1,1,16.37,2.1,0.0,18.47,shipmonk_estimate,USD
209141,7080826241334,Cattasaurus - shoproxstore - Shopify,direct_to_consumer,fulfilled,2026-01-13,2026-01-14,2026-01-13,PA2,UPS,1,1,21.47,2.1,0.0,23.57,shipmonk_estimate,USD
209142,7080843182390,Cattasaurus - shoproxstore - Shopify,direct_to_consumer,fulfilled,2026-01-13,2026-01-14,2026-01-13,PA2,OnTrac,1,1,21.1,2.1,0.0,23.2,shipmonk_estimate,USD
209143,7080849572150,Cattasaurus - shoproxstore - Shopify,direct_to_consumer,fulfilled,2026-01-13,2026-01-14,2026-01-13,PA2,OnTrac,1,1,16.86,2.1,0.0,18.96,shipmonk_estimate,USD
209144,7080858583350,Cattasaurus - shoproxstore - Shopify,direct_to_consumer,fulfilled,2026-01-13,2026-01-14,2026-01-13,PA2,OnTrac,1,1,13.78,2.1,0.0,15.88,shipmonk_estimate,USD
209145,7080899248438,Cattasaurus - shoproxstore - Shopify,direct_to_consumer,fulfilled,2026-01-13,2026-01-14,2026-01-13,PA2,OnTrac,1,1,16.37,2.7,0.0,19.07,shipmonk_estimate,USD
209146,7080955543862,Cattasaurus - shoproxstore - Shopify,direct_to_consumer,fulfilled,2026-01-13,2026-01-14,2026-01-13,PA2,OnTrac,1,1,13.78,2.1,0.0,15.88,shipmonk_estimate,USD
209147,7080972058934,Cattasaurus - shoproxstore - Shopify,direct_to_consumer,fulfilled,2026-01-13,2026-01-14,2026-01-13,NV3,UPS,1,1,20.3,2.1,0.0,22.4,shipmonk_estimate,USD
209148,7080974385462,Cattasaurus - shoproxstore - Shopify,direct_to_consumer,fulfilled,2026-01-13,2026-01-14,2026-01-13,PA2,FedEx,1,1,12.89,2.1,0.0,14.99,shipmonk_estimate,USD
209149,7081039561014,Cattasaurus - shoproxstore - Shopify,direct_to_consumer,fulfilled,2026-01-13,2026-01-14,2026-01-13,NV3,OnTrac,1,1,13.66,2.1,0.0,15.76,shipmonk_estimate,USD
209150,7081043198262,Cattasaurus - shoproxstore - Shopify,direct_to_consumer,fulfilled,2026-01-13,2026-01-14,2026-01-13,PA2,OnTrac,1,1,13.66,2.1,0.0,15.76,shipmonk_estimate,USD
209151,7081073082678,Cattasaurus - shoproxstore - Shopify,direct_to_consumer,fulfilled,2026-01-13,2026-01-14,2026-01-13,NV3,OnTrac,1,1,14.21,2.1,0.0,16.31,shipmonk_estimate,USD
209152,7081073246518,Cattasaurus - shoproxstore - Shopify,direct_to_consumer,fulfilled,2026-01-13,2026-01-14,2026-01-13,NV3,OnTrac,1,1,21.49,2.1,0.0,23.59,shipmonk_estimate,USD
209153,7081122005302,Cattasaurus - shoproxstore - Shopify,direct_to_consumer,fulfilled,2026-01-13,2026-01-14,2026-01-13,PA2,OnTrac,1,1,21.1,2.1,0.0,23.2,shipmonk_estimate,USD
209154,7081137111350,Cattasaurus - shoproxstore - Shopify,direct_to_consumer,fulfilled,2026-01-13,2026-01-14,2026-01-13,PA2,OnTrac,1,1,13.78,2.1,0.0,15.88,shipmonk_estimate,USD
209155,7081171190070,Cattasaurus - shoproxstore - Shopify,direct_to_consumer,fulfilled,2026-01-13,2026-01-14,2026-01-13,PA2,OnTrac,1,1,13.87,2.1,0.0,15.97,shipmonk_estimate,USD
209156,7081172697398,Cattasaurus - shoproxstore - Shopify,direct_to_consumer,fulfilled,2026-01-13,2026-01-14,2026-01-13,PA2,OnTrac,1,1,13.87,2.1,0.0,15.97,shipmonk_estimate,USD
209157,7081179611446,Cattasaurus - shoproxstore - Shopify,direct_to_consumer,fulfilled,2026-01-13,2026-01-14,2026-01-13,NV3,OnTrac,1,1,19.12,2.1,0.0,21.22,shipmonk_estimate,USD
209158,7081179808054,Cattasaurus - shoproxstore - Shopify,direct_to_consumer,fulfilled,2026-01-13,2026-01-14,2026-01-13,NV3,UPS,1,1,18.07,2.1,0.0,20.17,shipmonk_estimate,USD
209159,7081196585270,Cattasaurus - shoproxstore - Shopify,direct_to_consumer,fulfilled,2026-01-13,2026-01-13,2026-01-13,PA2,FedEx,1,1,18.86,2.1,0.0,20.96,shipmonk_estimate,USD
209160,7081204678966,Cattasaurus - shoproxstore - Shopify,direct_to_consumer,fulfilled,2026-01-13,2026-01-14,2026-01-13,NV3,OnTrac,2,1,23.55,2.4,0.0,25.95,shipmonk_estimate,USD
209161,7081226502454,Cattasaurus - shoproxstore - Shopify,direct_to_consumer,fulfilled,2026-01-13,2026-01-14,2026-01-13,NV3,OnTrac,1,1,15.56,2.1,0.0,17.66,shipmonk_estimate,USD
209162,7081237643574,Cattasaurus - shoproxstore - Shopify,direct_to_consumer,fulfilled,2026-01-13,2026-01-14,2026-01-13,PA2,FedEx,1,1,16.37,2.1,0.0,18.47,shipmonk_estimate,USD
209163,7081258647862,Cattasaurus - shoproxstore - Shopify,direct_to_consumer,fulfilled,2026-01-13,2026-01-14,2026-01-13,NV3,OnTrac,2,1,21.1,2.4,0.0,23.5,shipmonk_estimate,USD
209164,7081270182198,Cattasaurus - shoproxstore - Shopify,direct_to_consumer,fulfilled,2026-01-13,2026-01-14,2026-01-13,PA2,OnTrac,1,1,14.58,2.1,0.0,16.68,shipmonk_estimate,USD
209165,7081288696118,Cattasaurus - shoproxstore - Shopify,direct_to_consumer,fulfilled,2026-01-13,2026-01-15,2026-01-13,NV3,OnTrac,1,1,10.07,1.5,0.0,11.57,shipmonk_estimate,USD
209165_1,8cb4c44c-7175-4017-a40e-5ba4641ec95c,Cattasaurus - shoproxstore - Shopify,direct_to_consumer,fulfilled,2026-01-13,2026-01-15,2026-01-13,PA2,OnTrac,1,1,14.7,0.3,0.0,15.0,shipmonk_estimate,USD
209165_2,dace5afc-8c80-4eee-9c5f-25a33f6e3b08,Cattasaurus - shoproxstore - Shopify,direct_to_consumer,fulfilled,2026-01-13,2026-01-15,2026-01-13,PA2,OnTrac,1,1,10.85,1.5,0.0,12.35,shipmonk_estimate,USD
209166,7081301672246,Cattasaurus - shoproxstore - Shopify,direct_to_consumer,fulfilled,2026-01-13,2026-01-14,2026-01-13,PA2,UPS,1,1,21.1,2.1,0.0,23.2,shipmonk_estimate,USD
209167,7081305637174,Cattasaurus - shoproxstore - Shopify,direct_to_consumer,fulfilled,2026-01-13,2026-01-14,2026-01-13,PA2,OnTrac,1,1,15.49,2.1,0.0,17.59,shipmonk_estimate,USD
209168,7081307898166,Cattasaurus - shoproxstore - Shopify,direct_to_consumer,fulfilled,2026-01-13,2026-01-14,2026-01-13,NV3,FedEx,1,1,22.71,2.1,0.0,24.81,shipmonk_estimate,USD
209169,7081318908214,Cattasaurus - shoproxstore - Shopify,direct_to_consumer,fulfilled,2026-01-13,2026-01-15,2026-01-13,PA2,FedEx,1,1,16.35,2.1,0.0,18.45,shipmonk_estimate,USD
209169_1,d6185a6b-7c97-4376-87f7-57ae6e10ad45,Cattasaurus - shoproxstore - Shopify,direct_to_consumer,fulfilled,2026-01-13,2026-01-15,2026-01-13,PA2,FedEx,1,1,16.35,2.1,0.0,18.45,shipmonk_estimate,USD
209170,7081330901302,Cattasaurus - shoproxstore - Shopify,direct_to_consumer,fulfilled,2026-01-13,2026-01-14,2026-01-13,NV3,FedEx,1,1,19.77,2.1,0.0,21.87,shipmonk_estimate,USD
209171,7081348071734,Cattasaurus - shoproxstore - Shopify,direct_to_consumer,fulfilled,2026-01-13,2026-01-14,2026-01-13,NV3,FedEx,3,1,18.61,2.7,0.0,21.31,shipmonk_estimate,USD
209172,7081348890934,Cattasaurus - shoproxstore - Shopify,direct_to_consumer,fulfilled,2026-01-13,2026-01-14,2026-01-13,NV3,UPS,1,1,25.98,2.1,0.0,28.08,shipmonk_estimate,USD
209173,7081352921398,Cattasaurus - shoproxstore - Shopify,direct_to_consumer,fulfilled,2026-01-13,2026-01-15,2026-01-13,NV3,OnTrac,1,1,18.67,2.1,0.0,20.77,shipmonk_estimate,USD
209173_1,22651042-7790-481a-a9c9-64206bd498af,Cattasaurus - shoproxstore - Shopify,direct_to_consumer,fulfilled,2026-01-13,2026-01-15,2026-01-13,PA2,OnTrac,1,1,17.28,1.5,0.0,18.78,shipmonk_estimate,USD
209174,7081383100726,Cattasaurus - shoproxstore - Shopify,direct_to_consumer,fulfilled,2026-01-13,2026-01-14,2026-01-13,NV3,OnTrac,3,1,13.87,2.7,0.0,16.57,shipmonk_estimate,USD
209175,7081383723318,Cattasaurus - shoproxstore - Shopify,direct_to_consumer,fulfilled,2026-01-13,2026-01-14,2026-01-13,NV3,FedEx,1,1,22.71,2.1,0.0,24.81,shipmonk_estimate,USD
209176,7081390768438,Cattasaurus - shoproxstore - Shopify,direct_to_consumer,fulfilled,2026-01-13,2026-01-14,2026-01-13,PA2,OnTrac,1,1,13.87,2.1,0.0,15.97,shipmonk_estimate,USD
209177,7081408889142,Cattasaurus - shoproxstore - Shopify,direct_to_consumer,fulfilled,2026-01-13,2026-01-14,2026-01-13,PA2,FedEx,1,1,16.35,1.8,0.0,18.15,shipmonk_estimate,USD
209180,7081428058422,Cattasaurus - shoproxstore - Shopify,direct_to_consumer,fulfilled,2026-01-13,2026-01-14,2026-01-13,PA2,FedEx,1,1,18.86,2.1,0.0,20.96,shipmonk_estimate,USD
209181,7081439265078,Cattasaurus - shoproxstore - Shopify,direct_to_consumer,fulfilled,2026-01-13,2026-01-14,2026-01-13,NV3,FedEx,1,1,17.13,2.1,0.0,19.23,shipmonk_estimate,USD
209182,7081459679542,Cattasaurus - shoproxstore - Shopify,direct_to_consumer,fulfilled,2026-01-13,2026-01-14,2026-01-13,NV3,FedEx,1,1,15.19,2.1,0.0,17.29,shipmonk_estimate,USD
209183,7081465381174,Cattasaurus - shoproxstore - Shopify,direct_to_consumer,fulfilled,2026-01-13,2026-01-14,2026-01-13,PA2,UPS,1,1,18.55,2.4,0.0,20.95,shipmonk_estimate,USD
209184,7081467740470,Cattasaurus - shoproxstore - Shopify,direct_to_consumer,fulfilled,2026-01-13,2026-01-15,2026-01-13,NV3,FedEx,1,1,23.76,2.1,0.0,25.86,shipmonk_estimate,USD
209184_1,6d55f423-9a8b-4958-811d-37b3d39cc188,Cattasaurus - shoproxstore - Shopify,direct_to_consumer,fulfilled,2026-01-13,2026-01-15,2026-01-13,NV3,FedEx,1,1,23.76,2.1,0.0,25.86,shipmonk_estimate,USD
209185,7081478390070,Cattasaurus - shoproxstore - Shopify,direct_to_consumer,fulfilled,2026-01-13,2026-01-14,2026-01-13,NV3,OnTrac,1,1,13.66,2.1,0.0,15.76,shipmonk_estimate,USD
209188,7081497002294,Cattasaurus - shoproxstore - Shopify,direct_to_consumer,fulfilled,2026-01-13,2026-01-15,2026-01-13,PA2,OnTrac,1,1,13.87,2.1,0.0,15.97,shipmonk_estimate,USD
209189,7081507651894,Cattasaurus - shoproxstore - Shopify,direct_to_consumer,fulfilled,2026-01-13,2026-01-15,2026-01-13,PA2,FedEx,1,1,16.37,2.1,0.0,18.47,shipmonk_estimate,USD
209190,7081531375926,Cattasaurus - shoproxstore - Shopify,direct_to_consumer,fulfilled,2026-01-13,2026-01-14,2026-01-13,NV3,OnTrac,1,1,16.98,2.1,0.0,19.08,shipmonk_estimate,USD
209191,7081537306934,Cattasaurus - shoproxstore - Shopify,direct_to_consumer,fulfilled,2026-01-13,2026-01-14,2026-01-13,NV3,OnTrac,1,1,18.61,2.1,0.0,20.71,shipmonk_estimate,USD
209192,7081548906806,Cattasaurus - shoproxstore - Shopify,direct_to_consumer,fulfilled,2026-01-13,2026-01-14,2026-01-13,NV3,OnTrac,2,1,13.66,2.4,0.0,16.06,shipmonk_estimate,USD
209193,7081555132726,Cattasaurus - shoproxstore - Shopify,direct_to_consumer,fulfilled,2026-01-13,2026-01-14,2026-01-13,PA2,OnTrac,1,1,15.56,2.1,0.0,17.66,shipmonk_estimate,USD
209194,7081557590326,Cattasaurus - shoproxstore - Shopify,direct_to_consumer,fulfilled,2026-01-13,2026-01-14,2026-01-13,PA2,UPS,1,1,18.83,2.1,0.0,20.93,shipmonk_estimate,USD
209195,7081605497142,Cattasaurus - shoproxstore - Shopify,direct_to_consumer,fulfilled,2026-01-13,2026-01-15,2026-01-13,PA2,FedEx,2,1,16.35,2.4,0.0,18.75,shipmonk_estimate,USD
209196,7081607790902,Cattasaurus - shoproxstore - Shopify,direct_to_consumer,fulfilled,2026-01-13,2026-01-15,2026-01-13,NV3,UPS,1,1,20.81,2.7,0.0,23.51,shipmonk_estimate,USD
209197,7081613525302,Cattasaurus - shoproxstore - Shopify,direct_to_consumer,fulfilled,2026-01-13,2026-01-15,2026-01-13,PA2,OnTrac,1,1,15.48,2.1,0.0,17.58,shipmonk_estimate,USD
209197_1,a7cd9ba5-42da-4a83-964c-a1b5cbba1a57,Cattasaurus - shoproxstore - Shopify,direct_to_consumer,fulfilled,2026-01-13,2026-01-15,2026-01-13,PA2,OnTrac,1,1,10.7,1.5,0.0,12.2,shipmonk_estimate,USD
209198,7081633513782,Cattasaurus - shoproxstore - Shopify,direct_to_consumer,fulfilled,2026-01-13,2026-01-15,2026-01-13,PA2,OnTrac,1,1,16.37,2.1,0.0,18.47,shipmonk_estimate,USD
209199,7081640493366,Cattasaurus - shoproxstore - Shopify,direct_to_consumer,fulfilled,2026-01-13,2026-01-15,2026-01-13,NV3,OnTrac,1,1,15.49,2.1,0.0,17.59,shipmonk_estimate,USD
209200,7081663955254,Cattasaurus - shoproxstore - Shopify,direct_to_consumer,fulfilled,2026-01-13,2026-01-14,2026-01-13,NV3,OnTrac,1,1,17.18,2.1,0.0,19.28,shipmonk_estimate,USD
209201,7081672638774,Cattasaurus - shoproxstore - Shopify,direct_to_consumer,fulfilled,2026-01-13,2026-01-15,2026-01-13,PA2,FedEx,1,1,17.17,2.1,0.0,19.27,shipmonk_estimate,USD
209202,7081672737078,Cattasaurus - shoproxstore - Shopify,direct_to_consumer,fulfilled,2026-01-13,2026-01-15,2026-01-13,PA2,UPS,1,1,21.1,2.1,0.0,23.2,shipmonk_estimate,USD
209202_1,c102e186-1cb1-427a-b084-fdc2cbb87acf,Cattasaurus - shoproxstore - Shopify,direct_to_consumer,fulfilled,2026-01-13,2026-01-15,2026-01-13,PA2,UPS,1,1,21.1,2.1,0.0,23.2,shipmonk_estimate,USD
209203,7081690366262,Cattasaurus - shoproxstore - Shopify,direct_to_consumer,fulfilled,2026-01-13,2026-01-15,2026-01-13,NV3,OnTrac,1,1,13.78,2.1,0.0,15.88,shipmonk_estimate,USD
209204,7081694069046,Cattasaurus - shoproxstore - Shopify,direct_to_consumer,fulfilled,2026-01-13,2026-01-15,2026-01-13,PA2,FedEx,1,1,16.37,2.1,0.0,18.47,shipmonk_estimate,USD
209205,7081701245238,Cattasaurus - shoproxstore - Shopify,direct_to_consumer,fulfilled,2026-01-13,2026-01-15,2026-01-13,PA2,FedEx,1,1,18.86,2.1,0.0,20.96,shipmonk_estimate,USD
209206,7081702195510,Cattasaurus - shoproxstore - Shopify,direct_to_consumer,fulfilled,2026-01-13,2026-01-15,2026-01-13,NV3,OnTrac,1,1,15.49,2.1,0.0,17.59,shipmonk_estimate,USD
209207,7081704227126,Cattasaurus - shoproxstore - Shopify,direct_to_consumer,fulfilled,2026-01-13,2026-01-15,2026-01-13,PA2,UPS,2,1,17.47,2.4,0.0,19.87,shipmonk_estimate,USD
209208,7081709338934,Cattasaurus - shoproxstore - Shopify,direct_to_consumer,fulfilled,2026-01-13,2026-01-15,2026-01-13,NV3,OnTrac,1,1,15.56,2.1,0.0,17.66,shipmonk_estimate,USD
209209,7081718546742,Cattasaurus - shoproxstore - Shopify,direct_to_consumer,fulfilled,2026-01-13,2026-01-15,2026-01-13,PA2,UPS,1,1,21.47,2.1,0.0,23.57,shipmonk_estimate,USD
209210,7081719922998,Cattasaurus - shoproxstore - Shopify,direct_to_consumer,fulfilled,2026-01-13,2026-01-15,2026-01-13,PA2,OnTrac,1,1,18.61,2.1,0.0,20.71,shipmonk_estimate,USD
209211,7081818063158,Cattasaurus - shoproxstore - Shopify,direct_to_consumer,fulfilled,2026-01-13,2026-01-15,2026-01-13,PA2,FedEx,1,1,22.71,2.1,0.0,24.81,shipmonk_estimate,USD
209212,7081826779446,Cattasaurus - shoproxstore - Shopify,direct_to_consumer,fulfilled,2026-01-13,2026-01-15,2026-01-13,NV3,UPS,1,1,24.71,2.4,0.0,27.11,shipmonk_estimate,USD
209213,7081889759542,Cattasaurus - shoproxstore - Shopify,direct_to_consumer,fulfilled,2026-01-13,2026-01-15,2026-01-13,PA2,OnTrac,1,1,12.89,2.1,0.0,14.99,shipmonk_estimate,USD
209214,7081930981686,Cattasaurus - shoproxstore - Shopify,direct_to_consumer,fulfilled,2026-01-13,2026-01-15,2026-01-13,PA2,OnTrac,1,1,15.56,2.1,0.0,17.66,shipmonk_estimate,USD
209215,7082043998518,Cattasaurus - shoproxstore - Shopify,direct_to_consumer,fulfilled,2026-01-13,2026-01-15,2026-01-13,NV3,FedEx,1,1,16.86,2.4,0.0,19.26,shipmonk_estimate,USD
209216,7082058285366,Cattasaurus - shoproxstore - Shopify,direct_to_consumer,fulfilled,2026-01-13,2026-01-15,2026-01-13,PA2,FedEx,1,1,16.37,2.7,0.0,19.07,shipmonk_estimate,USD
209217,7082087776566,Cattasaurus - shoproxstore - Shopify,direct_to_consumer,fulfilled,2026-01-13,2026-01-15,2026-01-13,NV3,FedEx,3,1,14.21,2.7,0.0,16.91,shipmonk_estimate,USD
209218,7082104783158,Cattasaurus - shoproxstore - Shopify,direct_to_consumer,fulfilled,2026-01-13,2026-01-15,2026-01-13,NV3,OnTrac,1,1,13.98,2.1,0.0,16.08,shipmonk_estimate,USD
209219,7082151772470,Cattasaurus - shoproxstore - Shopify,direct_to_consumer,fulfilled,2026-01-13,2026-01-15,2026-01-13,NV3,UPS,1,1,20.81,2.1,0.0,22.91,shipmonk_estimate,USD
209220,7082153836854,Cattasaurus - shoproxstore - Shopify,direct_to_consumer,fulfilled,2026-01-13,2026-01-15,2026-01-13,PA2,FedEx,1,1,18.86,2.1,0.0,20.96,shipmonk_estimate,USD
209221,7082169008438,Cattasaurus - shoproxstore - Shopify,direct_to_consumer,fulfilled,2026-01-13,2026-01-15,2026-01-13,NV3,OnTrac,1,1,15.49,2.1,0.0,17.59,shipmonk_estimate,USD
209222,7082174710070,Cattasaurus - shoproxstore - Shopify,direct_to_consumer,fulfilled,2026-01-13,2026-01-15,2026-01-13,PA2,OnTrac,1,1,15.49,5.3,0.0,20.79,shipmonk_estimate,USD
209223,7082184540470,Cattasaurus - shoproxstore - Shopify,direct_to_consumer,fulfilled,2026-01-13,2026-01-15,2026-01-13,NV3,OnTrac,1,1,17.18,2.4,0.0,19.58,shipmonk_estimate,USD
209224,7082193748278,Cattasaurus - shoproxstore - Shopify,direct_to_consumer,fulfilled,2026-01-13,2026-01-15,2026-01-13,NV3,FedEx,1,1,19.12,2.1,0.0,21.22,shipmonk_estimate,USD
209225,7082237919542,Cattasaurus - shoproxstore - Shopify,direct_to_consumer,fulfilled,2026-01-13,2026-01-15,2026-01-13,NV3,FedEx,1,1,13.5,1.8,0.0,15.3,shipmonk_estimate,USD
209226,7082249322806,Cattasaurus - shoproxstore - Shopify,direct_to_consumer,fulfilled,2026-01-13,2026-01-15,2026-01-13,PA2,UPS,1,1,16.42,2.7,0.0,19.12,shipmonk_estimate,USD
209227,7082268328246,Cattasaurus - shoproxstore - Shopify,direct_to_consumer,fulfilled,2026-01-13,2026-01-15,2026-01-13,PA2,FedEx,1,1,21.02,1.8,0.0,22.82,shipmonk_estimate,USD
209228,7082316661046,Cattasaurus - shoproxstore - Shopify,direct_to_consumer,fulfilled,2026-01-13,2026-01-15,2026-01-13,NV3,FedEx,1,1,23.26,2.4,0.0,25.66,shipmonk_estimate,USD
209229,7082318004534,Cattasaurus - shoproxstore - Shopify,direct_to_consumer,fulfilled,2026-01-13,2026-01-15,2026-01-13,PA2,UPS,1,1,15.9,2.1,0.0,18.0,shipmonk_estimate,USD
209230,7082327834934,Cattasaurus - shoproxstore - Shopify,direct_to_consumer,fulfilled,2026-01-13,2026-01-15,2026-01-13,PA2,OnTrac,1,1,21.1,2.1,0.0,23.2,shipmonk_estimate,USD
209231,7082360275254,Cattasaurus - shoproxstore - Shopify,direct_to_consumer,fulfilled,2026-01-13,2026-01-15,2026-01-13,PA2,OnTrac,1,1,18.07,2.1,0.0,20.17,shipmonk_estimate,USD
209232,7082360504630,Cattasaurus - shoproxstore - Shopify,direct_to_consumer,fulfilled,2026-01-13,2026-01-15,2026-01-13,PA2,OnTrac,1,1,18.55,2.1,0.0,20.65,shipmonk_estimate,USD
209233,7082362765622,Cattasaurus - shoproxstore - Shopify,direct_to_consumer,fulfilled,2026-01-13,2026-01-15,2026-01-13,PA2,OnTrac,1,1,17.18,2.1,0.0,19.28,shipmonk_estimate,USD
209235,7082374201654,Cattasaurus - shoproxstore - Shopify,direct_to_consumer,fulfilled,2026-01-13,2026-01-15,2026-01-13,PA2,FedEx,2,1,18.86,2.1,0.0,20.96,shipmonk_estimate,USD
209236,7082474897718,Cattasaurus - shoproxstore - Shopify,direct_to_consumer,fulfilled,2026-01-13,2026-01-15,2026-01-13,NV3,FedEx,1,1,16.35,2.1,0.0,18.45,shipmonk_estimate,USD
209237,7082476175670,Cattasaurus - shoproxstore - Shopify,direct_to_consumer,fulfilled,2026-01-13,2026-01-15,2026-01-13,NV3,FedEx,1,1,22.71,2.1,0.0,24.81,shipmonk_estimate,USD
209238,7082507436342,Cattasaurus - shoproxstore - Shopify,direct_to_consumer,fulfilled,2026-01-13,2026-01-15,2026-01-13,NV3,FedEx,1,1,18.86,2.1,0.0,20.96,shipmonk_estimate,USD
209239,7082508026166,Cattasaurus - shoproxstore - Shopify,direct_to_consumer,fulfilled,2026-01-13,2026-01-15,2026-01-13,PA2,UPS,1,1,18.07,2.1,0.0,20.17,shipmonk_estimate,USD
209240,7082524999990,Cattasaurus - shoproxstore - Shopify,direct_to_consumer,fulfilled,2026-01-13,2026-01-15,2026-01-13,PA2,OnTrac,2,1,15.49,2.4,0.0,17.89,shipmonk_estimate,USD
209240_1,c7c7f5fc-9007-4966-92a3-f60b12208141,Cattasaurus - shoproxstore - Shopify,direct_to_consumer,fulfilled,2026-01-13,2026-01-15,2026-01-13,PA2,OnTrac,1,1,9.29,4.2,0.5,13.99,shipmonk_estimate,USD
209241,7082542498102,Cattasaurus - shoproxstore - Shopify,direct_to_consumer,fulfilled,2026-01-13,2026-01-15,2026-01-13,PA2,FedEx,1,1,16.35,1.8,0.0,18.15,shipmonk_estimate,USD
209242,7082555834678,Cattasaurus - shoproxstore - Shopify,direct_to_consumer,fulfilled,2026-01-13,2026-01-15,2026-01-13,NV3,FedEx,1,1,23.76,2.1,0.0,25.86,shipmonk_estimate,USD
209243,7082602463542,Cattasaurus - shoproxstore - Shopify,direct_to_consumer,fulfilled,2026-01-13,2026-01-15,2026-01-13,PA2,FedEx,1,1,13.87,2.1,0.0,15.97,shipmonk_estimate,USD
209244,7082612130102,Cattasaurus - shoproxstore - Shopify,direct_to_consumer,fulfilled,2026-01-13,2026-01-15,2026-01-13,NV3,OnTrac,1,1,15.49,2.1,0.0,17.59,shipmonk_estimate,USD
209245,7082623992118,Cattasaurus - shoproxstore - Shopify,direct_to_consumer,fulfilled,2026-01-13,2026-01-15,2026-01-13,PA2,FedEx,1,1,19.77,2.1,0.0,21.87,shipmonk_estimate,USD
209246,7082703847734,Cattasaurus - shoproxstore - Shopify,direct_to_consumer,fulfilled,2026-01-13,2026-01-15,2026-01-13,NV3,OnTrac,1,1,18.55,2.1,0.0,20.65,shipmonk_estimate,USD
209247,7082723967286,Cattasaurus - shoproxstore - Shopify,direct_to_consumer,fulfilled,2026-01-13,2026-01-15,2026-01-13,NV3,OnTrac,1,1,13.87,2.7,0.0,16.57,shipmonk_estimate,USD
209248,7082793795894,Cattasaurus - shoproxstore - Shopify,direct_to_consumer,fulfilled,2026-01-13,2026-01-15,2026-01-13,PA2,FedEx,1,1,16.37,2.7,0.0,19.07,shipmonk_estimate,USD
"Merged: 209179, 209178",d4a6f1f3-1f9f-445c-aee4-faa595f80ef0,Cattasaurus - shoproxstore - Shopify,direct_to_consumer,fulfilled,2026-01-13,2026-01-14,2026-01-13,NV3,OnTrac,2,1,13.78,2.4,0.0,16.18,shipmonk_estimate,USD
"Merged: 209186, 209187",25fd436c-e4b6-4d0d-86a1-d0b4a8e3c6ab,Cattasaurus - shoproxstore - Shopify,direct_to_consumer,fulfilled,2026-01-13,2026-01-14,2026-01-13,PA2,FedEx,3,1,16.37,2.7,0.0,19.07,shipmonk_estimate,USD
WAL129101417089433,c2490d44-3f63-46cc-b397-c37c16449c91,Cattasaurus - Manual Store,direct_to_consumer,fulfilled,2026-01-13,2026-01-14,2026-01-13,PA2,OnTrac,1,1,18.07,1.8,0.0,19.87,shipmonk_estimate,USD
111-1684900-5768225,111-1684900-5768225,Cattasaurus - Amazon USA,direct_to_consumer,fulfilled,2026-01-14,2026-01-15,2026-01-14,PA2,OnTrac,1,1,16.37,2.1,0.0,18.47,shipmonk_estimate,USD
111-7047329-0045034,111-7047329-0045034,Cattasaurus - Amazon USA,direct_to_consumer,fulfilled,2026-01-14,2026-01-15,2026-01-14,NV3,OnTrac,1,1,14.73,2.1,0.0,16.83,shipmonk_estimate,USD
113-0821968-2815464,113-0821968-2815464,Cattasaurus - Amazon USA,direct_to_consumer,fulfilled,2026-01-14,2026-01-14,2026-01-14,PA2,OnTrac,1,1,13.75,2.5,0.0,16.25,shipmonk_estimate,USD
113-3803318-1102614,113-3803318-1102614,Cattasaurus - Amazon USA,direct_to_consumer,fulfilled,2026-01-14,2026-01-15,2026-01-14,NV3,OnTrac,1,1,13.66,2.1,0.0,15.76,shipmonk_estimate,USD
209249,7083144806710,Cattasaurus - shoproxstore - Shopify,direct_to_consumer,fulfilled,2026-01-14,2026-01-16,2026-01-14,PA2,UPS,2,1,15.67,2.4,0.0,18.07,shipmonk_estimate,USD
209250,7083201626422,Cattasaurus - shoproxstore - Shopify,direct_to_consumer,fulfilled,2026-01-14,2026-01-16,2026-01-14,PA2,FedEx,2,1,13.87,2.4,0.0,16.27,shipmonk_estimate,USD
209251,7083243962678,Cattasaurus - shoproxstore - Shopify,direct_to_consumer,fulfilled,2026-01-14,2026-01-16,2026-01-14,PA2,OnTrac,1,1,13.87,2.1,0.0,15.97,shipmonk_estimate,USD
209254,7083256316214,Cattasaurus - shoproxstore - Shopify,direct_to_consumer,fulfilled,2026-01-14,2026-01-15,2026-01-14,PA2,OnTrac,1,1,14.58,2.1,0.0,16.68,shipmonk_estimate,USD
209255,7083344101686,Cattasaurus - shoproxstore - Shopify,direct_to_consumer,fulfilled,2026-01-14,2026-01-18,2026-01-14,PA2,DHL eCommerce,1,1,9.67,1.5,0.0,11.17,shipmonk_estimate,USD
209255_1,b097c601-9693-4333-997f-65d16f683f3c,Cattasaurus - shoproxstore - Shopify,direct_to_consumer,fulfilled,2026-01-14,2026-01-18,2026-01-14,PA2,USPS,1,1,6.04,1.5,0.7,8.24,shipmonk_estimate,USD
209256,7083346067766,Cattasaurus - shoproxstore - Shopify,direct_to_consumer,fulfilled,2026-01-14,2026-01-18,2026-01-14,PA2,UPS,2,1,17.46,2.4,0.0,19.86,shipmonk_estimate,USD
209256_1,85a56e46-ed9e-4038-a804-cef6439b7288,Cattasaurus - shoproxstore - Shopify,direct_to_consumer,fulfilled,2026-01-14,2026-01-18,2026-01-14,PA2,DHL eCommerce,1,1,11.96,1.5,0.0,13.46,shipmonk_estimate,USD
209256_2,5d3dfcda-bb7e-4f8c-9494-2832d2df7f42,Cattasaurus - shoproxstore - Shopify,direct_to_consumer,fulfilled,2026-01-14,2026-01-18,2026-01-14,PA2,UPS,1,1,16.86,2.1,0.0,18.96,shipmonk_estimate,USD
209257,7083354489142,Cattasaurus - shoproxstore - Shopify,direct_to_consumer,fulfilled,2026-01-14,2026-01-15,2026-01-14,NV3,DHL eCommerce,2,1,7.0,1.8,0.3,9.1,shipmonk_estimate,USD
209258,7083358388534,Cattasaurus - shoproxstore - Shopify,direct_to_consumer,fulfilled,2026-01-14,2026-01-16,2026-01-14,PA2,FedEx,2,1,16.37,2.4,0.0,18.77,shipmonk_estimate,USD
209259,7083358617910,Cattasaurus - shoproxstore - Shopify,direct_to_consumer,fulfilled,2026-01-14,2026-01-15,2026-01-14,PA2,FedEx,1,1,16.35,2.1,0.0,18.45,shipmonk_estimate,USD
209260,7083399545142,Cattasaurus - shoproxstore - Shopify,direct_to_consumer,fulfilled,2026-01-14,2026-01-16,2026-01-14,PA2,OnTrac,1,1,15.35,2.1,0.0,17.45,shipmonk_estimate,USD
209261,7083416518966,Cattasaurus - shoproxstore - Shopify,direct_to_consumer,fulfilled,2026-01-14,2026-01-16,2026-01-14,PA2,OnTrac,1,1,12.89,1.8,0.0,14.69,shipmonk_estimate,USD
209262,7083423138102,Cattasaurus - shoproxstore - Shopify,direct_to_consumer,fulfilled,2026-01-14,2026-01-15,2026-01-14,NV3,UPS,1,1,20.3,2.1,0.0,22.4,shipmonk_estimate,USD
209264,7083465048374,Cattasaurus - shoproxstore - Shopify,direct_to_consumer,fulfilled,2026-01-14,2026-01-15,2026-01-14,NV3,OnTrac,1,1,17.18,2.1,0.0,19.28,shipmonk_estimate,USD
209265,7083472814390,Cattasaurus - shoproxstore - Shopify,direct_to_consumer,fulfilled,2026-01-14,2026-01-18,2026-01-14,PA2,UPS,1,1,20.26,2.1,0.0,22.36,shipmonk_estimate,USD
209265_1,8afd6fa1-da3f-4bfe-b631-b4d777f7735d,Cattasaurus - shoproxstore - Shopify,direct_to_consumer,fulfilled,2026-01-14,2026-01-18,2026-01-14,PA2,UPS,1,1,20.26,2.1,0.0,22.36,shipmonk_estimate,USD
209266,7083477303606,Cattasaurus - shoproxstore - Shopify,direct_to_consumer,fulfilled,2026-01-14,2026-01-15,2026-01-14,NV3,UPS,1,1,18.83,2.1,0.0,20.93,shipmonk_estimate,USD
209267,7083487035702,Cattasaurus - shoproxstore - Shopify,direct_to_consumer,fulfilled,2026-01-14,2026-01-16,2026-01-14,PA2,OnTrac,1,1,16.37,2.1,0.0,18.47,shipmonk_estimate,USD
209268,7083542380854,Cattasaurus - shoproxstore - Shopify,direct_to_consumer,fulfilled,2026-01-14,2026-01-16,2026-01-14,PA2,FedEx,1,1,16.35,2.1,0.0,18.45,shipmonk_estimate,USD
209269,7083581505846,Cattasaurus - shoproxstore - Shopify,direct_to_consumer,fulfilled,2026-01-14,2026-01-16,2026-01-14,PA2,UPS,1,1,15.35,2.1,0.0,17.45,shipmonk_estimate,USD
209270,7083596054838,Cattasaurus - shoproxstore - Shopify,direct_to_consumer,fulfilled,2026-01-14,2026-01-16,2026-01-14,PA2,FedEx,1,1,13.66,2.1,0.0,15.76,shipmonk_estimate,USD
209271,7083600118070,Cattasaurus - shoproxstore - Shopify,direct_to_consumer,fulfilled,2026-01-14,2026-01-15,2026-01-14,NV3,OnTrac,1,1,19.41,2.4,0.0,21.81,shipmonk_estimate,USD
209272,7083608637750,Cattasaurus - shoproxstore - Shopify,direct_to_consumer,fulfilled,2026-01-14,2026-01-15,2026-01-14,PA2,OnTrac,1,1,18.61,2.1,0.0,20.71,shipmonk_estimate,USD
209273,7083618697526,Cattasaurus - shoproxstore - Shopify,direct_to_consumer,fulfilled,2026-01-14,2026-01-15,2026-01-14,NV3,FedEx,1,1,18.61,2.1,0.0,20.71,shipmonk_estimate,USD
209274,7083633770806,Cattasaurus - shoproxstore - Shopify,direct_to_consumer,fulfilled,2026-01-14,2026-01-16,2026-01-14,PA2,OnTrac,1,1,12.89,2.1,0.0,14.99,shipmonk_estimate,USD
209276,7083693605174,Cattasaurus - shoproxstore - Shopify,direct_to_consumer,fulfilled,2026-01-14,2026-01-16,2026-01-14,PA2,UPS,1,1,16.42,2.1,0.0,18.52,shipmonk_estimate,USD
209277,7083793350966,Cattasaurus - shoproxstore - Shopify,direct_to_consumer,fulfilled,2026-01-14,2026-01-15,2026-01-14,NV3,UPS,1,1,20.3,2.1,0.0,22.4,shipmonk_estimate,USD
209278,7083805376822,Cattasaurus - shoproxstore - Shopify,direct_to_consumer,fulfilled,2026-01-14,2026-01-16,2026-01-14,PA2,OnTrac,1,1,15.56,2.1,0.0,17.66,shipmonk_estimate,USD
209279,7083897323830,Cattasaurus - shoproxstore - Shopify,direct_to_consumer,fulfilled,2026-01-14,2026-01-16,2026-01-14,NV3,OnTrac,1,1,15.49,2.1,0.0,17.59,shipmonk_estimate,USD
209280,7083908661558,Cattasaurus - shoproxstore - Shopify,direct_to_consumer,fulfilled,2026-01-14,2026-01-16,2026-01-14,PA2,FedEx,1,1,13.87,2.1,0.0,15.97,shipmonk_estimate,USD
209281,7083915903286,Cattasaurus - shoproxstore - Shopify,direct_to_consumer,fulfilled,2026-01-14,2026-01-15,2026-01-14,PA2,OnTrac,1,1,13.66,1.8,0.0,15.46,shipmonk_estimate,USD
209282,7083938971958,Cattasaurus - shoproxstore - Shopify,direct_to_consumer,fulfilled,2026-01-14,2026-01-16,2026-01-14,PA2,UPS,1,1,18.07,2.1,0.0,20.17,shipmonk_estimate,USD
209283,7083961024822,Cattasaurus - shoproxstore - Shopify,direct_to_consumer,fulfilled,2026-01-14,2026-01-16,2026-01-14,PA2,OnTrac,1,1,15.49,2.1,0.0,17.59,shipmonk_estimate,USD
209284,7083984486710,Cattasaurus - shoproxstore - Shopify,direct_to_consumer,fulfilled,2026-01-14,2026-01-15,2026-01-14,NV3,UPS,2,1,18.07,2.4,0.0,20.47,shipmonk_estimate,USD
209286,7083996053814,Cattasaurus - shoproxstore - Shopify,direct_to_consumer,fulfilled,2026-01-14,2026-01-16,2026-01-14,PA2,FedEx,1,1,13.87,2.1,0.0,15.97,shipmonk_estimate,USD
209287,7084022497590,Cattasaurus - shoproxstore - Shopify,direct_to_consumer,fulfilled,2026-01-14,2026-01-16,2026-01-14,PA2,OnTrac,1,1,16.37,2.1,0.0,18.47,shipmonk_estimate,USD
209288,7084023349558,Cattasaurus - shoproxstore - Shopify,direct_to_consumer,fulfilled,2026-01-14,2026-01-16,2026-01-14,NV3,FedEx,1,1,16.35,2.1,0.0,18.45,shipmonk_estimate,USD
209289,7084068045110,Cattasaurus - shoproxstore - Shopify,direct_to_consumer,fulfilled,2026-01-14,2026-01-16,2026-01-14,NV3,OnTrac,1,1,15.49,2.1,0.0,17.59,shipmonk_estimate,USD
209290,7084070109494,Cattasaurus - shoproxstore - Shopify,direct_to_consumer,fulfilled,2026-01-14,2026-01-16,2026-01-14,NV3,FedEx,1,1,16.37,2.1,0.0,18.47,shipmonk_estimate,USD
209291,7084085281078,Cattasaurus - shoproxstore - Shopify,direct_to_consumer,fulfilled,2026-01-14,2026-01-18,2026-01-14,PA2,FedEx,1,1,17.65,2.1,0.0,19.75,shipmonk_estimate,USD
209291_1,7882851d-e491-4b94-921f-3da329aca356,Cattasaurus - shoproxstore - Shopify,direct_to_consumer,fulfilled,2026-01-14,2026-01-18,2026-01-14,PA2,FedEx,1,1,17.65,2.1,0.0,19.75,shipmonk_estimate,USD
209292,7084315738422,Cattasaurus - shoproxstore - Shopify,direct_to_consumer,fulfilled,2026-01-14,2026-01-16,2026-01-14,PA2,OnTrac,1,1,16.37,2.1,0.0,18.47,shipmonk_estimate,USD
209293,7084368036150,Cattasaurus - shoproxstore - Shopify,direct_to_consumer,fulfilled,2026-01-14,2026-01-20,2026-01-14,PA2,FedEx,1,1,27.5,2.1,0.0,29.6,shipmonk_estimate,USD
209294,7084469584182,Cattasaurus - shoproxstore - Shopify,direct_to_consumer,fulfilled,2026-01-14,2026-01-16,2026-01-14,NV3,FedEx,1,1,16.35,2.1,0.0,18.45,shipmonk_estimate,USD
209295,7084484722998,Cattasaurus - shoproxstore - Shopify,direct_to_consumer,fulfilled,2026-01-14,2026-01-16,2026-01-14,PA2,FedEx,1,1,15.19,2.1,0.0,17.29,shipmonk_estimate,USD
209296,7084505071926,Cattasaurus - shoproxstore - Shopify,direct_to_consumer,fulfilled,2026-01-14,2026-01-15,2026-01-14,NV3,UPS,1,1,18.55,2.1,0.0,20.65,shipmonk_estimate,USD
209297,7084522832182,Cattasaurus - shoproxstore - Shopify,direct_to_consumer,fulfilled,2026-01-14,2026-01-16,2026-01-14,PA2,UPS,1,1,15.67,2.1,0.0,17.77,shipmonk_estimate,USD
209298,7084594594102,Cattasaurus - shoproxstore - Shopify,direct_to_consumer,fulfilled,2026-01-14,2026-01-16,2026-01-14,PA2,FedEx,1,1,18.86,2.1,0.0,20.96,shipmonk_estimate,USD
209299,7084633227574,Cattasaurus - shoproxstore - Shopify,direct_to_consumer,fulfilled,2026-01-14,2026-01-16,2026-01-14,NV3,OnTrac,1,1,18.55,2.1,0.0,20.65,shipmonk_estimate,USD
209300,7084643287350,Cattasaurus - shoproxstore - Shopify,direct_to_consumer,fulfilled,2026-01-14,2026-01-16,2026-01-14,NV3,OnTrac,1,1,19.8,2.1,0.0,21.9,shipmonk_estimate,USD
209301,7084662227254,Cattasaurus - shoproxstore - Shopify,direct_to_consumer,fulfilled,2026-01-14,2026-01-16,2026-01-14,NV3,UPS,1,1,18.07,2.1,0.0,20.17,shipmonk_estimate,USD
209302,7084727992630,Cattasaurus - shoproxstore - Shopify,direct_to_consumer,fulfilled,2026-01-14,2026-01-16,2026-01-14,NV3,OnTrac,1,1,18.55,2.1,0.0,20.65,shipmonk_estimate,USD
209303,7084728385846,Cattasaurus - shoproxstore - Shopify,direct_to_consumer,fulfilled,2026-01-14,2026-01-16,2026-01-14,PA2,OnTrac,1,1,18.07,2.1,0.0,20.17,shipmonk_estimate,USD
209304,7084746211638,Cattasaurus - shoproxstore - Shopify,direct_to_consumer,fulfilled,2026-01-14,2026-01-15,2026-01-14,PA2,FedEx,2,1,22.71,2.4,0.0,25.11,shipmonk_estimate,USD
209305,7084799787318,Cattasaurus - shoproxstore - Shopify,direct_to_consumer,fulfilled,2026-01-14,2026-01-16,2026-01-14,PA2,FedEx,1,1,16.37,2.1,0.0,18.47,shipmonk_estimate,USD
209306,7084808241462,Cattasaurus - shoproxstore - Shopify,direct_to_consumer,fulfilled,2026-01-14,2026-01-16,2026-01-14,NV3,OnTrac,2,1,17.18,2.4,0.0,19.58,shipmonk_estimate,USD
209307,7084853199158,Cattasaurus - shoproxstore - Shopify,direct_to_consumer,fulfilled,2026-01-14,2026-01-16,2026-01-14,NV3,OnTrac,1,1,15.49,2.1,0.0,17.59,shipmonk_estimate,USD
209308,7084874006838,Cattasaurus - shoproxstore - Shopify,direct_to_consumer,fulfilled,2026-01-14,2026-01-16,2026-01-14,PA2,FedEx,1,1,13.87,2.1,0.0,15.97,shipmonk_estimate,USD
209309,7084874039606,Cattasaurus - shoproxstore - Shopify,direct_to_consumer,fulfilled,2026-01-14,2026-01-16,2026-01-14,PA2,OnTrac,1,1,13.78,2.1,0.0,15.88,shipmonk_estimate,USD
209310,7084885934390,Cattasaurus - shoproxstore - Shopify,direct_to_consumer,fulfilled,2026-01-14,2026-01-16,2026-01-14,NV3,OnTrac,1,1,21.1,2.1,0.0,23.2,shipmonk_estimate,USD
209311,7084918898998,Cattasaurus - shoproxstore - Shopify,direct_to_consumer,fulfilled,2026-01-14,2026-01-16,2026-01-14,PA2,FedEx,1,1,18.86,2.1,0.0,20.96,shipmonk_estimate,USD
209312,7084923912502,Cattasaurus - shoproxstore - Shopify,direct_to_consumer,fulfilled,2026-01-14,2026-01-16,2026-01-14,NV3,OnTrac,1,1,18.55,2.1,0.0,20.65,shipmonk_estimate,USD
209313,7084982468918,Cattasaurus - shoproxstore - Shopify,direct_to_consumer,fulfilled,2026-01-14,2026-01-16,2026-01-14,PA2,FedEx,1,1,16.35,2.1,0.0,18.45,shipmonk_estimate,USD
209314,7084994462006,Cattasaurus - shoproxstore - Shopify,direct_to_consumer,fulfilled,2026-01-14,2026-01-16,2026-01-14,NV3,UPS,1,1,21.47,2.1,0.0,23.57,shipmonk_estimate,USD
209315,7085012582710,Cattasaurus - shoproxstore - Shopify,direct_to_consumer,fulfilled,2026-01-14,2026-01-16,2026-01-14,NV3,FedEx,2,1,15.16,3.0,0.0,18.16,shipmonk_estimate,USD
209316,7085036273974,Cattasaurus - shoproxstore - Shopify,direct_to_consumer,fulfilled,2026-01-14,2026-01-16,2026-01-14,PA2,FedEx,1,1,16.37,2.1,0.0,18.47,shipmonk_estimate,USD
209317,7085069238582,Cattasaurus - shoproxstore - Shopify,direct_to_consumer,fulfilled,2026-01-14,2026-01-16,2026-01-14,NV3,OnTrac,1,1,12.89,2.1,0.0,14.99,shipmonk_estimate,USD
209318,7085090242870,Cattasaurus - shoproxstore - Shopify,direct_to_consumer,fulfilled,2026-01-14,2026-01-16,2026-01-14,NV3,OnTrac,1,1,13.23,2.5,0.0,15.73,shipmonk_estimate,USD
209319,7085093191990,Cattasaurus - shoproxstore - Shopify,direct_to_consumer,fulfilled,2026-01-14,2026-01-16,2026-01-14,PA2,FedEx,1,1,16.37,2.7,0.0,19.07,shipmonk_estimate,USD
209321,7085142114614,Cattasaurus - shoproxstore - Shopify,direct_to_consumer,fulfilled,2026-01-14,2026-01-15,2026-01-14,NV3,OnTrac,1,1,13.66,2.1,0.0,15.76,shipmonk_estimate,USD
"Merged: 208789, 208990-01",321df9af-9adc-495e-8bdb-eea26430db53,Cattasaurus - shoproxstore - Shopify,direct_to_consumer,fulfilled,2026-01-14,2026-01-16,2026-01-14,NV3,UPS,1,1,24.95,1.8,0.0,26.75,shipmonk_estimate,USD
"Merged: 208945, 208944-01",61f0547b-073f-44a7-8190-622c0e013f17,Cattasaurus - shoproxstore - Shopify,direct_to_consumer,fulfilled,2026-01-14,2026-01-16,2026-01-14,PA2,OnTrac,1,1,10.77,1.5,0.0,12.27,shipmonk_estimate,USD
"Merged: 208957, 208959-01",dc368506-60be-4443-bca2-91b9133ffc76,Cattasaurus - shoproxstore - Shopify,direct_to_consumer,fulfilled,2026-01-14,2026-01-16,2026-01-14,NV3,OnTrac,1,1,11.27,1.5,0.0,12.77,shipmonk_estimate,USD
"Merged: 208989, 208986-01",a3fd87d7-c108-4359-91e2-41e70a2a9486,Cattasaurus - shoproxstore - Shopify,direct_to_consumer,fulfilled,2026-01-14,2026-01-16,2026-01-14,PA2,OnTrac,1,1,11.65,1.5,0.0,13.15,shipmonk_estimate,USD
"Merged: 209253, 209252",57e0e511-1a0c-4604-8517-8ffab2c6aebd,Cattasaurus - shoproxstore - Shopify,direct_to_consumer,fulfilled,2026-01-14,2026-01-18,2026-01-14,PA2,FedEx,1,1,17.65,2.1,0.0,19.75,shipmonk_estimate,USD
112-9364185-8959401,112-9364185-8959401,Cattasaurus - Amazon USA,direct_to_consumer,fulfilled,2026-01-15,2026-01-15,2026-01-15,PA2,UPS,1,1,17.59,2.5,0.0,20.09,shipmonk_estimate,USD
114-1254074-5893011,114-1254074-5893011,Cattasaurus - Amazon USA,direct_to_consumer,fulfilled,2026-01-15,2026-01-16,2026-01-15,NV3,OnTrac,1,1,15.56,2.1,0.0,17.66,shipmonk_estimate,USD
207170-01,3782e598-e2d7-4f6b-a375-35ed5e208d99,Cattasaurus - shoproxstore - Shopify,direct_to_consumer,fulfilled,2026-01-15,2026-01-16,2026-01-15,NV3,FedEx,2,1,66.51,2.1,0.0,68.61,shipmonk_estimate,USD
209322,7085307887926,Cattasaurus - shoproxstore - Shopify,direct_to_consumer,fulfilled,2026-01-15,2026-01-16,2026-01-15,PA2,FedEx,1,1,16.35,2.1,0.0,18.45,shipmonk_estimate,USD
209323,7085339705654,Cattasaurus - shoproxstore - Shopify,direct_to_consumer,fulfilled,2026-01-15,2026-01-16,2026-01-15,PA2,OnTrac,1,1,11.19,2.1,0.0,13.29,shipmonk_estimate,USD
209324,7085397115190,Cattasaurus - shoproxstore - Shopify,direct_to_consumer,fulfilled,2026-01-15,2026-01-16,2026-01-15,NV3,OnTrac,1,1,14.58,2.1,0.0,16.68,shipmonk_estimate,USD
209325,7085473005878,Cattasaurus - shoproxstore - Shopify,direct_to_consumer,fulfilled,2026-01-15,2026-01-18,2026-01-15,PA2,OnTrac,1,1,11.68,2.7,0.0,14.38,shipmonk_estimate,USD
209325_1,426f24cf-ad9c-4c9e-b013-6cfe73c36252,Cattasaurus - shoproxstore - Shopify,direct_to_consumer,fulfilled,2026-01-15,2026-01-18,2026-01-15,PA2,OnTrac,1,1,8.72,1.5,0.0,10.22,shipmonk_estimate,USD
209326,7085484507446,Cattasaurus - shoproxstore - Shopify,direct_to_consumer,fulfilled,2026-01-15,2026-01-16,2026-01-15,PA2,UPS,1,1,15.35,2.1,0.0,17.45,shipmonk_estimate,USD
209327,7085598933302,Cattasaurus - shoproxstore - Shopify,direct_to_consumer,fulfilled,2026-01-15,2026-01-16,2026-01-15,NV3,UPS,1,1,20.3,2.1,0.0,22.4,shipmonk_estimate,USD
209328,7085613023542,Cattasaurus - shoproxstore - Shopify,direct_to_consumer,fulfilled,2026-01-15,2026-01-16,2026-01-15,PA2,OnTrac,1,1,13.78,2.1,0.0,15.88,shipmonk_estimate,USD
209329,7085626589494,Cattasaurus - shoproxstore - Shopify,direct_to_consumer,fulfilled,2026-01-15,2026-01-16,2026-01-15,PA2,UPS,1,1,15.35,2.1,0.0,17.45,shipmonk_estimate,USD
209330,7085643628854,Cattasaurus - shoproxstore - Shopify,direct_to_consumer,fulfilled,2026-01-15,2026-01-18,2026-01-15,PA2,FedEx,2,1,17.65,2.4,0.0,20.05,shipmonk_estimate,USD
209330_1,f37326cc-7d6b-4b58-9bbe-3e262ea33184,Cattasaurus - shoproxstore - Shopify,direct_to_consumer,fulfilled,2026-01-15,2026-01-18,2026-01-15,PA2,DHL eCommerce,1,1,10.37,1.5,0.0,11.87,shipmonk_estimate,USD
209331,7085662601526,Cattasaurus - shoproxstore - Shopify,direct_to_consumer,fulfilled,2026-01-15,2026-01-16,2026-01-15,NV3,OnTrac,1,1,15.49,2.1,0.0,17.59,shipmonk_estimate,USD
209332,7085667877174,Cattasaurus - shoproxstore - Shopify,direct_to_consumer,fulfilled,2026-01-15,2026-01-16,2026-01-15,PA2,OnTrac,1,1,16.37,2.1,0.0,18.47,shipmonk_estimate,USD
209333,7085695467830,Cattasaurus - shoproxstore - Shopify,direct_to_consumer,fulfilled,2026-01-15,2026-01-16,2026-01-15,PA2,FedEx,1,1,13.66,2.1,0.0,15.76,shipmonk_estimate,USD
209334,7085742915894,Cattasaurus - shoproxstore - Shopify,direct_to_consumer,fulfilled,2026-01-15,2026-01-16,2026-01-15,PA2,OnTrac,1,1,15.49,2.1,0.0,17.59,shipmonk_estimate,USD
209335,7085754843446,Cattasaurus - shoproxstore - Shopify,direct_to_consumer,fulfilled,2026-01-15,2026-01-16,2026-01-15,NV3,OnTrac,1,1,13.66,2.1,0.0,15.76,shipmonk_estimate,USD
209336,7085779648822,Cattasaurus - shoproxstore - Shopify,direct_to_consumer,fulfilled,2026-01-15,2026-01-16,2026-01-15,PA2,UPS,1,1,13.9,1.5,0.0,15.4,shipmonk_estimate,USD
209337,7085883425078,Cattasaurus - shoproxstore - Shopify,direct_to_consumer,fulfilled,2026-01-15,2026-01-20,2026-01-15,PA2,OnTrac,4,1,5.79,2.4,0.5,8.69,shipmonk_estimate,USD
209338,7085885817142,Cattasaurus - shoproxstore - Shopify,direct_to_consumer,fulfilled,2026-01-15,2026-01-16,2026-01-15,PA2,OnTrac,1,1,12.89,1.8,0.0,14.69,shipmonk_estimate,USD
209339,7085888831798,Cattasaurus - shoproxstore - Shopify,direct_to_consumer,fulfilled,2026-01-15,2026-01-16,2026-01-15,PA2,FedEx,1,1,21.02,2.1,0.0,23.12,shipmonk_estimate,USD
209340,7085908295990,Cattasaurus - shoproxstore - Shopify,direct_to_consumer,fulfilled,2026-01-15,2026-01-16,2026-01-15,PA2,FedEx,1,1,18.86,2.1,0.0,20.96,shipmonk_estimate,USD
209341,7085931823414,Cattasaurus - shoproxstore - Shopify,direct_to_consumer,fulfilled,2026-01-15,2026-01-16,2026-01-15,PA2,UPS,1,1,21.47,2.1,0.0,23.57,shipmonk_estimate,USD
209342,7085948698934,Cattasaurus - shoproxstore - Shopify,direct_to_consumer,fulfilled,2026-01-15,2026-01-16,2026-01-15,NV3,FedEx,1,1,16.35,2.1,0.0,18.45,shipmonk_estimate,USD
209343,7085958267190,Cattasaurus - shoproxstore - Shopify,direct_to_consumer,fulfilled,2026-01-15,2026-01-16,2026-01-15,PA2,OnTrac,1,1,12.89,2.1,0.0,14.99,shipmonk_estimate,USD
209344,7085975044406,Cattasaurus - shoproxstore - Shopify,direct_to_consumer,fulfilled,2026-01-15,2026-01-16,2026-01-15,PA2,UPS,1,1,16.42,1.8,0.0,18.22,shipmonk_estimate,USD
209345,7085986545974,Cattasaurus - shoproxstore - Shopify,direct_to_consumer,fulfilled,2026-01-15,2026-01-16,2026-01-15,NV3,UPS,1,1,20.3,2.1,0.0,22.4,shipmonk_estimate,USD
209346,7086000439606,Cattasaurus - shoproxstore - Shopify,direct_to_consumer,fulfilled,2026-01-15,2026-01-16,2026-01-15,NV3,FedEx,2,1,19.77,2.4,0.0,22.17,shipmonk_estimate,USD
209347,7086080885046,Cattasaurus - shoproxstore - Shopify,direct_to_consumer,fulfilled,2026-01-15,2026-01-16,2026-01-15,NV3,FedEx,2,1,22.71,2.4,0.0,25.11,shipmonk_estimate,USD
209348,7086081835318,Cattasaurus - shoproxstore - Shopify,direct_to_consumer,fulfilled,2026-01-15,2026-01-16,2026-01-15,PA2,OnTrac,1,1,13.66,2.1,0.0,15.76,shipmonk_estimate,USD
209349,7086127087926,Cattasaurus - shoproxstore - Shopify,direct_to_consumer,fulfilled,2026-01-15,2026-01-16,2026-01-15,PA2,FedEx,1,1,18.86,2.1,0.0,20.96,shipmonk_estimate,USD
209350,7086130168118,Cattasaurus - shoproxstore - Shopify,direct_to_consumer,fulfilled,2026-01-15,2026-01-16,2026-01-15,NV3,OnTrac,1,1,13.87,2.1,0.0,15.97,shipmonk_estimate,USD
209351,7086140752182,Cattasaurus - shoproxstore - Shopify,direct_to_consumer,fulfilled,2026-01-15,2026-01-16,2026-01-15,PA2,FedEx,1,1,18.38,2.1,0.0,20.48,shipmonk_estimate,USD
209352,7086147502390,Cattasaurus - shoproxstore - Shopify,direct_to_consumer,fulfilled,2026-01-15,2026-01-17,2026-01-15,PA2,FedEx,1,1,16.35,2.1,0.0,18.45,shipmonk_estimate,USD
209353,7086147731766,Cattasaurus - shoproxstore - Shopify,direct_to_consumer,fulfilled,2026-01-15,2026-01-16,2026-01-15,NV3,OnTrac,2,1,13.66,2.4,0.0,16.06,shipmonk_estimate,USD
209354,7086148354358,Cattasaurus - shoproxstore - Shopify,direct_to_consumer,fulfilled,2026-01-15,2026-01-16,2026-01-15,NV3,UPS,1,1,18.07,2.1,0.0,20.17,shipmonk_estimate,USD
209355,7086158676278,Cattasaurus - shoproxstore - Shopify,direct_to_consumer,fulfilled,2026-01-15,2026-01-16,2026-01-15,PA2,FedEx,1,1,18.86,2.1,0.0,20.96,shipmonk_estimate,USD
209356,7086164640054,Cattasaurus - shoproxstore - Shopify,direct_to_consumer,fulfilled,2026-01-15,2026-01-17,2026-01-15,PA2,OnTrac,1,1,13.66,2.1,0.0,15.76,shipmonk_estimate,USD
209357,7086187315510,Cattasaurus - shoproxstore - Shopify,direct_to_consumer,fulfilled,2026-01-15,2026-01-16,2026-01-15,PA2,OnTrac,1,1,14.58,1.8,0.0,16.38,shipmonk_estimate,USD
209358,7086220607798,Cattasaurus - shoproxstore - Shopify,direct_to_consumer,fulfilled,2026-01-15,2026-01-16,2026-01-15,PA2,FedEx,1,1,22.71,2.1,0.0,24.81,shipmonk_estimate,USD
209359,7086240989494,Cattasaurus - shoproxstore - Shopify,direct_to_consumer,fulfilled,2026-01-15,2026-01-17,2026-01-15,PA2,OnTrac,1,1,13.66,2.1,0.0,15.76,shipmonk_estimate,USD
209360,7086247739702,Cattasaurus - shoproxstore - Shopify,direct_to_consumer,fulfilled,2026-01-15,2026-01-17,2026-01-15,PA2,FedEx,2,1,13.87,3.0,0.0,16.87,shipmonk_estimate,USD
209361,7086252458294,Cattasaurus - shoproxstore - Shopify,direct_to_consumer,fulfilled,2026-01-15,2026-01-16,2026-01-15,NV3,FedEx,1,1,19.12,2.1,0.0,21.22,shipmonk_estimate,USD
209362,7086282047798,Cattasaurus - shoproxstore - Shopify,direct_to_consumer,fulfilled,2026-01-15,2026-01-16,2026-01-15,NV3,OnTrac,1,1,18.67,2.1,0.0,20.77,shipmonk_estimate,USD
209363,7086283358518,Cattasaurus - shoproxstore - Shopify,direct_to_consumer,fulfilled,2026-01-15,2026-01-16,2026-01-15,NV3,OnTrac,1,1,13.66,2.1,0.0,15.76,shipmonk_estimate,USD
209364,7086290600246,Cattasaurus - shoproxstore - Shopify,direct_to_consumer,fulfilled,2026-01-15,2026-01-16,2026-01-15,NV3,OnTrac,1,1,16.37,2.1,0.0,18.47,shipmonk_estimate,USD
209365,7086297743670,Cattasaurus - shoproxstore - Shopify,direct_to_consumer,fulfilled,2026-01-15,2026-01-16,2026-01-15,NV3,OnTrac,1,1,19.8,2.1,0.0,21.9,shipmonk_estimate,USD
209366,7086306328886,Cattasaurus - shoproxstore - Shopify,direct_to_consumer,fulfilled,2026-01-15,2026-01-17,2026-01-15,PA2,UPS,1,1,21.47,2.1,0.0,23.57,shipmonk_estimate,USD
209367,7086318879030,Cattasaurus - shoproxstore - Shopify,direct_to_consumer,fulfilled,2026-01-15,2026-01-16,2026-01-15,NV3,FedEx,1,1,23.52,2.1,0.0,25.62,shipmonk_estimate,USD
209368,7086319436086,Cattasaurus - shoproxstore - Shopify,direct_to_consumer,fulfilled,2026-01-15,2026-01-17,2026-01-15,PA2,OnTrac,1,1,12.89,2.1,0.0,14.99,shipmonk_estimate,USD
209369,7086328840502,Cattasaurus - shoproxstore - Shopify,direct_to_consumer,fulfilled,2026-01-15,2026-01-17,2026-01-15,PA2,OnTrac,1,1,18.61,2.1,0.0,20.71,shipmonk_estimate,USD
209370,7086358430006,Cattasaurus - shoproxstore - Shopify,direct_to_consumer,fulfilled,2026-01-15,2026-01-17,2026-01-15,PA2,FedEx,1,1,19.77,2.1,0.0,21.87,shipmonk_estimate,USD
209371,7086386643254,Cattasaurus - shoproxstore - Shopify,direct_to_consumer,fulfilled,2026-01-15,2026-01-19,2026-01-15,NV3,FedEx,1,1,17.99,2.1,0.0,20.09,shipmonk_estimate,USD
209374,7086485209398,Cattasaurus - shoproxstore - Shopify,direct_to_consumer,fulfilled,2026-01-15,2026-01-19,2026-01-15,NV3,FedEx,1,1,15.16,2.1,0.0,17.26,shipmonk_estimate,USD
209374_1,43998fd1-dbf6-4cb1-b72b-ad414c204684,Cattasaurus - shoproxstore - Shopify,direct_to_consumer,fulfilled,2026-01-15,2026-01-19,2026-01-15,NV3,FedEx,1,1,15.16,2.1,0.0,17.26,shipmonk_estimate,USD
209375,7086490517814,Cattasaurus - shoproxstore - Shopify,direct_to_consumer,fulfilled,2026-01-15,2026-01-17,2026-01-15,PA2,OnTrac,1,1,16.37,2.1,0.0,18.47,shipmonk_estimate,USD
209376,7086496121142,Cattasaurus - shoproxstore - Shopify,direct_to_consumer,fulfilled,2026-01-15,2026-01-18,2026-01-15,PA2,OnTrac,1,1,9.67,1.5,0.0,11.17,shipmonk_estimate,USD
209376_1,c7936f30-b378-4e9c-9c48-2af844e22527,Cattasaurus - shoproxstore - Shopify,direct_to_consumer,fulfilled,2026-01-15,2026-01-18,2026-01-15,PA2,OnTrac,1,1,9.67,0.3,0.0,9.97,shipmonk_estimate,USD
209376_2,a4cf98a8-8466-4abc-9493-fac550b3a43b,Cattasaurus - shoproxstore - Shopify,direct_to_consumer,fulfilled,2026-01-15,2026-01-18,2026-01-15,PA2,OnTrac,1,1,8.58,1.5,0.0,10.08,shipmonk_estimate,USD
209377,7086507032886,Cattasaurus - shoproxstore - Shopify,direct_to_consumer,fulfilled,2026-01-15,2026-01-17,2026-01-15,PA2,OnTrac,1,1,13.78,2.1,0.0,15.88,shipmonk_estimate,USD
209378,7086590001462,Cattasaurus - shoproxstore - Shopify,direct_to_consumer,fulfilled,2026-01-15,2026-01-19,2026-01-15,NV3,USPS,1,1,4.98,1.5,0.3,6.78,shipmonk_estimate,USD
209379,7086678638902,Cattasaurus - shoproxstore - Shopify,direct_to_consumer,fulfilled,2026-01-15,2026-01-17,2026-01-15,PA2,DHL eCommerce,1,1,6.94,1.8,0.3,9.04,shipmonk_estimate,USD
209380,7086789361974,Cattasaurus - shoproxstore - Shopify,direct_to_consumer,fulfilled,2026-01-15,2026-01-19,2026-01-15,NV3,OnTrac,2,1,12.45,3.0,0.0,15.45,shipmonk_estimate,USD
209380_1,1a833014-82c9-416f-9685-b059fa49da60,Cattasaurus - shoproxstore - Shopify,direct_to_consumer,fulfilled,2026-01-15,2026-01-18,2026-01-15,PA2,OnTrac,1,1,9.41,1.5,0.0,10.91,shipmonk_estimate,USD
209381,7086834516278,Cattasaurus - shoproxstore - Shopify,direct_to_consumer,fulfilled,2026-01-15,2026-01-17,2026-01-15,PA2,OnTrac,1,1,13.87,2.1,0.0,15.97,shipmonk_estimate,USD
209382,7086891434294,Cattasaurus - shoproxstore - Shopify,direct_to_consumer,fulfilled,2026-01-15,2026-01-17,2026-01-15,PA2,OnTrac,1,1,13.87,2.1,0.0,15.97,shipmonk_estimate,USD
209383,7086897135926,Cattasaurus - shoproxstore - Shopify,direct_to_consumer,fulfilled,2026-01-15,2026-01-17,2026-01-15,PA2,UPS,1,1,21.47,2.1,0.0,23.57,shipmonk_estimate,USD
209384,7086898807094,Cattasaurus - shoproxstore - Shopify,direct_to_consumer,fulfilled,2026-01-15,2026-01-19,2026-01-15,NV3,FedEx,1,1,21.5,2.1,0.0,23.6,shipmonk_estimate,USD
209385,7086932099382,Cattasaurus - shoproxstore - Shopify,direct_to_consumer,fulfilled,2026-01-15,2026-01-17,2026-01-15,PA2,UPS,1,1,18.67,2.1,0.0,20.77,shipmonk_estimate,USD
209386,7086968930614,Cattasaurus - shoproxstore - Shopify,direct_to_consumer,fulfilled,2026-01-15,2026-01-16,2026-01-15,PA2,OnTrac,1,1,13.78,2.1,0.0,15.88,shipmonk_estimate,USD
209387,7086984200502,Cattasaurus - shoproxstore - Shopify,direct_to_consumer,fulfilled,2026-01-15,2026-01-19,2026-01-15,NV3,UPS,1,1,15.81,2.5,0.0,18.31,shipmonk_estimate,USD
209387_1,522c6cad-cc75-484a-baca-6526dd6cc956,Cattasaurus - shoproxstore - Shopify,direct_to_consumer,fulfilled,2026-01-15,2026-01-19,2026-01-15,NV3,UPS,1,1,15.81,2.5,0.0,18.31,shipmonk_estimate,USD
209388,7087002976566,Cattasaurus - shoproxstore - Shopify,direct_to_consumer,fulfilled,2026-01-15,2026-01-17,2026-01-15,PA2,OnTrac,1,1,16.37,2.1,0.0,18.47,shipmonk_estimate,USD
209389,7087019458870,Cattasaurus - shoproxstore - Shopify,direct_to_consumer,fulfilled,2026-01-15,2026-01-17,2026-01-15,PA2,FedEx,1,1,16.37,2.1,0.0,18.47,shipmonk_estimate,USD
209390,7087035482422,Cattasaurus - shoproxstore - Shopify,direct_to_consumer,fulfilled,2026-01-15,2026-01-17,2026-01-15,PA2,OnTrac,1,1,14.73,2.7,0.0,17.43,shipmonk_estimate,USD
209391,7087074443574,Cattasaurus - shoproxstore - Shopify,direct_to_consumer,fulfilled,2026-01-15,2026-01-19,2026-01-15,NV3,UPS,1,1,18.23,2.7,0.0,20.93,shipmonk_estimate,USD
209391_1,b04e4246-6ce9-49ea-88a1-162c6ba1235f,Cattasaurus - shoproxstore - Shopify,direct_to_consumer,fulfilled,2026-01-15,2026-01-19,2026-01-15,NV3,UPS,1,1,20.26,2.1,0.0,22.36,shipmonk_estimate,USD
209392,7087146926390,Cattasaurus - shoproxstore - Shopify,direct_to_consumer,fulfilled,2026-01-15,2026-01-19,2026-01-15,NV3,UPS,2,1,20.26,2.4,0.0,22.66,shipmonk_estimate,USD
209392_1,898834d8-91c7-4d99-b9bf-2eb04585aeac,Cattasaurus - shoproxstore - Shopify,direct_to_consumer,fulfilled,2026-01-15,2026-01-19,2026-01-15,PA2,UPS,1,1,23.35,2.5,0.0,25.85,shipmonk_estimate,USD
209393,7087203942710,Cattasaurus - shoproxstore - Shopify,direct_to_consumer,fulfilled,2026-01-15,2026-01-19,2026-01-15,NV3,FedEx,1,1,16.21,1.8,0.0,18.01,shipmonk_estimate,USD
209393_1,4ca3d84d-34ad-4599-8072-4bc5bdbb89aa,Cattasaurus - shoproxstore - Shopify,direct_to_consumer,fulfilled,2026-01-15,2026-01-19,2026-01-15,PA2,OnTrac,1,1,9.2,0.3,0.0,9.5,shipmonk_estimate,USD
209393_2,c4facc33-0daf-4315-a06a-a4048ba86507,Cattasaurus - shoproxstore - Shopify,direct_to_consumer,fulfilled,2026-01-15,2026-01-20,2026-01-15,PA2,OnTrac,1,1,9.0,1.5,0.0,10.5,shipmonk_estimate,USD
209394,7087223537974,Cattasaurus - shoproxstore - Shopify,direct_to_consumer,fulfilled,2026-01-15,2026-01-20,2026-01-15,PA2,UPS,1,1,15.97,2.1,0.0,18.07,shipmonk_estimate,USD
209394_1,1a0a272c-08ff-4039-a59a-4ac7775b9ccf,Cattasaurus - shoproxstore - Shopify,direct_to_consumer,fulfilled,2026-01-15,2026-01-20,2026-01-15,PA2,UPS,1,1,16.26,2.1,0.0,18.36,shipmonk_estimate,USD
209395,7087243460918,Cattasaurus - shoproxstore - Shopify,direct_to_consumer,fulfilled,2026-01-15,2026-01-19,2026-01-15,PA2,OnTrac,1,1,15.16,2.7,0.0,17.86,shipmonk_estimate,USD
209395_1,d0ab0775-e846-43cd-9733-08939692d0a9,Cattasaurus - shoproxstore - Shopify,direct_to_consumer,fulfilled,2026-01-15,2026-01-20,2026-01-15,PA2,OnTrac,1,1,10.37,1.5,0.0,11.87,shipmonk_estimate,USD
209396,7087268430134,Cattasaurus - shoproxstore - Shopify,direct_to_consumer,fulfilled,2026-01-15,2026-01-17,2026-01-15,PA2,OnTrac,1,1,13.87,2.1,0.0,15.97,shipmonk_estimate,USD
209397,7087269413174,Cattasaurus - shoproxstore - Shopify,direct_to_consumer,fulfilled,2026-01-15,2026-01-17,2026-01-15,PA2,FedEx,1,1,15.19,2.1,0.0,17.29,shipmonk_estimate,USD
209398,7087278391606,Cattasaurus - shoproxstore - Shopify,direct_to_consumer,fulfilled,2026-01-15,2026-01-17,2026-01-15,PA2,OnTrac,2,1,15.48,2.4,0.0,17.88,shipmonk_estimate,USD
209399,7087282290998,Cattasaurus - shoproxstore - Shopify,direct_to_consumer,fulfilled,2026-01-15,2026-01-19,2026-01-15,NV3,FedEx,1,1,16.3,2.1,0.0,18.4,shipmonk_estimate,USD
209400,7087317844278,Cattasaurus - shoproxstore - Shopify,direct_to_consumer,fulfilled,2026-01-15,2026-01-17,2026-01-15,PA2,OnTrac,1,1,13.66,2.1,0.0,15.76,shipmonk_estimate,USD
209401,7087340093750,Cattasaurus - shoproxstore - Shopify,direct_to_consumer,fulfilled,2026-01-15,2026-01-17,2026-01-15,PA2,FedEx,1,1,18.86,2.1,0.0,20.96,shipmonk_estimate,USD
209402,7087340454198,Cattasaurus - shoproxstore - Shopify,direct_to_consumer,fulfilled,2026-01-15,2026-01-17,2026-01-15,PA2,OnTrac,1,1,21.1,2.4,0.0,23.5,shipmonk_estimate,USD
209403,7087434432822,Cattasaurus - shoproxstore - Shopify,direct_to_consumer,fulfilled,2026-01-15,2026-01-17,2026-01-15,PA2,OnTrac,1,1,16.37,2.1,0.0,18.47,shipmonk_estimate,USD
209404,7087455371574,Cattasaurus - shoproxstore - Shopify,direct_to_consumer,fulfilled,2026-01-15,2026-01-17,2026-01-15,PA2,UPS,1,1,21.1,1.8,0.0,22.9,shipmonk_estimate,USD
209405,7087478178102,Cattasaurus - shoproxstore - Shopify,direct_to_consumer,fulfilled,2026-01-15,2026-01-17,2026-01-15,PA2,FedEx,1,1,22.71,2.1,0.0,24.81,shipmonk_estimate,USD
209406,7087513993526,Cattasaurus - shoproxstore - Shopify,direct_to_consumer,fulfilled,2026-01-15,2026-01-19,2026-01-15,NV3,FedEx,1,1,17.65,1.8,0.0,19.45,shipmonk_estimate,USD
209407,7087540240694,Cattasaurus - shoproxstore - Shopify,direct_to_consumer,fulfilled,2026-01-15,2026-01-19,2026-01-15,NV3,OnTrac,1,1,18.59,2.7,0.0,21.29,shipmonk_estimate,USD
209407_1,fc3b8d47-2d9a-4798-a7f5-6200982912fe,Cattasaurus - shoproxstore - Shopify,direct_to_consumer,fulfilled,2026-01-15,2026-01-19,2026-01-15,NV3,OnTrac,1,1,15.63,2.5,0.0,18.13,shipmonk_estimate,USD
209407_2,c7bc03ff-f048-48cd-874d-a6ee581671a9,Cattasaurus - shoproxstore - Shopify,direct_to_consumer,fulfilled,2026-01-15,2026-01-19,2026-01-15,NV3,OnTrac,1,1,15.63,2.5,0.0,18.13,shipmonk_estimate,USD
209407_3,f8a16d9d-dfb8-447c-86f5-fa99701ed7c5,Cattasaurus - shoproxstore - Shopify,direct_to_consumer,fulfilled,2026-01-15,2026-01-19,2026-01-15,NV3,OnTrac,1,1,15.63,2.5,0.0,18.13,shipmonk_estimate,USD
209407_4,99e84892-ec95-4e67-b59b-5f5ee194ad65,Cattasaurus - shoproxstore - Shopify,direct_to_consumer,fulfilled,2026-01-15,2026-01-19,2026-01-15,NV3,OnTrac,1,1,16.31,2.5,0.0,18.81,shipmonk_estimate,USD
209408,7087551185206,Cattasaurus - shoproxstore - Shopify,direct_to_consumer,fulfilled,2026-01-15,2026-01-19,2026-01-15,NV3,UPS,1,1,19.89,2.1,0.0,21.99,shipmonk_estimate,USD
209409,7087552790838,Cattasaurus - shoproxstore - Shopify,direct_to_consumer,fulfilled,2026-01-15,2026-01-17,2026-01-15,PA2,FedEx,1,1,18.86,2.1,0.0,20.96,shipmonk_estimate,USD
209410,7087553020214,Cattasaurus - shoproxstore - Shopify,direct_to_consumer,fulfilled,2026-01-15,2026-01-19,2026-01-15,NV3,FedEx,1,1,15.16,2.1,0.0,17.26,shipmonk_estimate,USD
209411,7087561539894,Cattasaurus - shoproxstore - Shopify,direct_to_consumer,fulfilled,2026-01-15,2026-01-16,2026-01-15,PA2,FedEx,1,1,17.13,2.1,0.0,19.23,shipmonk_estimate,USD
209412,7087590048054,Cattasaurus - shoproxstore - Shopify,direct_to_consumer,fulfilled,2026-01-15,2026-01-16,2026-01-15,PA2,OnTrac,1,1,16.98,2.7,0.0,19.68,shipmonk_estimate,USD
209413,7087638642998,Cattasaurus - shoproxstore - Shopify,direct_to_consumer,fulfilled,2026-01-15,2026-01-17,2026-01-15,PA2,UPS,1,1,14.73,2.1,0.0,16.83,shipmonk_estimate,USD
209414,7087680192822,Cattasaurus - shoproxstore - Shopify,direct_to_consumer,fulfilled,2026-01-15,2026-01-19,2026-01-15,NV3,OnTrac,1,1,15.21,2.1,0.0,17.31,shipmonk_estimate,USD
209415,7087680913718,Cattasaurus - shoproxstore - Shopify,direct_to_consumer,fulfilled,2026-01-15,2026-01-19,2026-01-15,NV3,OnTrac,1,1,5.79,1.5,0.3,7.59,shipmonk_estimate,USD
209416,7087684616502,Cattasaurus - shoproxstore - Shopify,direct_to_consumer,fulfilled,2026-01-15,2026-01-19,2026-01-15,NV3,FedEx,1,1,14.57,2.1,0.0,16.67,shipmonk_estimate,USD
209417,7087689564470,Cattasaurus - shoproxstore - Shopify,direct_to_consumer,fulfilled,2026-01-15,2026-01-19,2026-01-15,NV3,OnTrac,1,1,15.16,2.1,0.0,17.26,shipmonk_estimate,USD
209418,7087716139318,Cattasaurus - shoproxstore - Shopify,direct_to_consumer,fulfilled,2026-01-15,2026-01-19,2026-01-15,NV3,OnTrac,1,1,12.66,2.1,0.0,14.76,shipmonk_estimate,USD
209419,7087793144118,Cattasaurus - shoproxstore - Shopify,direct_to_consumer,fulfilled,2026-01-15,2026-01-16,2026-01-15,NV3,FedEx,2,1,16.35,2.1,0.0,18.45,shipmonk_estimate,USD
112-5607853-2259443,112-5607853-2259443,Cattasaurus - Amazon USA,direct_to_consumer,fulfilled,2026-01-16,2026-01-19,2026-01-16,NV3,UPS,1,1,24.25,1.8,0.0,26.05,shipmonk_estimate,USD
113-1725333-7873809,113-1725333-7873809,Cattasaurus - Amazon USA,direct_to_consumer,fulfilled,2026-01-16,2026-01-16,2026-01-16,NV3,OnTrac,1,1,13.1,2.5,0.0,15.6,shipmonk_estimate,USD
113-2100739-1805834,113-2100739-1805834,Cattasaurus - Amazon USA,direct_to_consumer,fulfilled,2026-01-16,2026-01-19,2026-01-16,NV3,OnTrac,1,1,15.16,2.1,0.0,17.26,shipmonk_estimate,USD
113-3619274-8808232,113-3619274-8808232,Cattasaurus - Amazon USA,direct_to_consumer,fulfilled,2026-01-16,2026-01-19,2026-01-16,NV3,UPS,1,1,15.65,1.8,0.0,17.45,shipmonk_estimate,USD
114-8354200-7754643,114-8354200-7754643,Cattasaurus - Amazon USA,direct_to_consumer,fulfilled,2026-01-16,2026-01-19,2026-01-16,NV3,OnTrac,1,1,14.14,2.1,0.0,16.24,shipmonk_estimate,USD
201246-01,30083b50-2f9d-4923-833c-e9ee9732e311,Cattasaurus - shoproxstore - Shopify,direct_to_consumer,fulfilled,2026-01-16,2026-01-17,2026-01-16,PA2,FedEx,2,1,19.41,2.4,0.0,21.81,shipmonk_estimate,USD
207123-01,908827bf-6d54-44a7-ba2c-eedd99ec2eb4,Cattasaurus - shoproxstore - Shopify,direct_to_consumer,fulfilled,2026-01-16,2026-01-17,2026-01-16,PA2,FedEx,1,1,13.41,1.8,0.0,15.21,shipmonk_estimate,USD
209420,7087853076790,Cattasaurus - shoproxstore - Shopify,direct_to_consumer,fulfilled,2026-01-16,2026-01-17,2026-01-16,PA2,OnTrac,1,1,6.0,1.5,0.3,7.8,shipmonk_estimate,USD
209421,7087929164086,Cattasaurus - shoproxstore - Shopify,direct_to_consumer,fulfilled,2026-01-16,2026-01-17,2026-01-16,PA2,OnTrac,1,1,13.87,2.1,0.0,15.97,shipmonk_estimate,USD
209422,7088024944950,Cattasaurus - shoproxstore - Shopify,direct_to_consumer,fulfilled,2026-01-16,2026-01-20,2026-01-16,PA2,OnTrac,1,1,8.29,1.5,0.0,9.79,shipmonk_estimate,USD
209422_1,5de35060-1665-4ffa-80c7-06a0c03ea0de,Cattasaurus - shoproxstore - Shopify,direct_to_consumer,fulfilled,2026-01-16,2026-01-20,2026-01-16,PA2,OnTrac,1,1,12.57,2.1,0.0,14.67,shipmonk_estimate,USD
209423,7088096543030,Cattasaurus - shoproxstore - Shopify,direct_to_consumer,fulfilled,2026-01-16,2026-01-17,2026-01-16,PA2,FedEx,1,1,17.17,2.1,0.0,19.27,shipmonk_estimate,USD
209424,7088109945142,Cattasaurus - shoproxstore - Shopify,direct_to_consumer,fulfilled,2026-01-16,2026-01-17,2026-01-16,PA2,UPS,1,1,15.67,2.1,0.0,17.77,shipmonk_estimate,USD
209425,7088114303286,Cattasaurus - shoproxstore - Shopify,direct_to_consumer,fulfilled,2026-01-16,2026-01-17,2026-01-16,PA2,OnTrac,1,1,12.89,2.1,0.0,14.99,shipmonk_estimate,USD
209426,7088115155254,Cattasaurus - shoproxstore - Shopify,direct_to_consumer,fulfilled,2026-01-16,2026-01-17,2026-01-16,PA2,UPS,1,1,21.1,1.8,0.0,22.9,shipmonk_estimate,USD
209427,7088121938230,Cattasaurus - shoproxstore - Shopify,direct_to_consumer,fulfilled,2026-01-16,2026-01-17,2026-01-16,PA2,UPS,1,1,14.58,2.1,0.0,16.68,shipmonk_estimate,USD
209428,7088128590134,Cattasaurus - shoproxstore - Shopify,direct_to_consumer,fulfilled,2026-01-16,2026-01-19,2026-01-16,NV3,OnTrac,1,1,18.59,2.1,0.0,20.69,shipmonk_estimate,USD
209429,7088202121526,Cattasaurus - shoproxstore - Shopify,direct_to_consumer,fulfilled,2026-01-16,2026-01-19,2026-01-16,NV3,OnTrac,1,1,15.16,2.1,0.0,17.26,shipmonk_estimate,USD
209430,7088206774582,Cattasaurus - shoproxstore - Shopify,direct_to_consumer,fulfilled,2026-01-16,2026-01-17,2026-01-16,PA2,FedEx,1,1,16.35,2.1,0.0,18.45,shipmonk_estimate,USD
209432,7088214278454,Cattasaurus - shoproxstore - Shopify,direct_to_consumer,fulfilled,2026-01-16,2026-01-19,2026-01-16,NV3,UPS,1,1,24.25,2.1,0.0,26.35,shipmonk_estimate,USD
209434,7088229450038,Cattasaurus - shoproxstore - Shopify,direct_to_consumer,fulfilled,2026-01-16,2026-01-17,2026-01-16,PA2,OnTrac,1,1,9.29,1.8,0.5,11.59,shipmonk_estimate,USD
209435,7088239149366,Cattasaurus - shoproxstore - Shopify,direct_to_consumer,fulfilled,2026-01-16,2026-01-17,2026-01-16,PA2,OnTrac,1,1,13.87,2.1,0.0,15.97,shipmonk_estimate,USD
209436,7088252911926,Cattasaurus - shoproxstore - Shopify,direct_to_consumer,fulfilled,2026-01-16,2026-01-17,2026-01-16,PA2,UPS,1,1,12.09,2.1,0.0,14.19,shipmonk_estimate,USD
209437,7088259989814,Cattasaurus - shoproxstore - Shopify,direct_to_consumer,fulfilled,2026-01-16,2026-01-17,2026-01-16,PA2,OnTrac,1,1,13.66,2.1,0.0,15.76,shipmonk_estimate,USD
209438,7088273785142,Cattasaurus - shoproxstore - Shopify,direct_to_consumer,fulfilled,2026-01-16,2026-01-19,2026-01-16,NV3,FedEx,1,1,21.5,2.1,0.0,23.6,shipmonk_estimate,USD
209439,7088280371510,Cattasaurus - shoproxstore - Shopify,direct_to_consumer,fulfilled,2026-01-16,2026-01-19,2026-01-16,NV3,FedEx,1,1,17.91,2.7,0.0,20.61,shipmonk_estimate,USD
209440,7088306290998,Cattasaurus - shoproxstore - Shopify,direct_to_consumer,fulfilled,2026-01-16,2026-01-17,2026-01-16,PA2,FedEx,1,1,17.13,2.4,0.0,19.53,shipmonk_estimate,USD
209441,7088306585910,Cattasaurus - shoproxstore - Shopify,direct_to_consumer,fulfilled,2026-01-16,2026-01-17,2026-01-16,PA2,FedEx,1,1,21.47,2.1,0.0,23.57,shipmonk_estimate,USD
209442,7088324739382,Cattasaurus - shoproxstore - Shopify,direct_to_consumer,fulfilled,2026-01-16,2026-01-17,2026-01-16,PA2,UPS,1,1,18.67,2.1,0.0,20.77,shipmonk_estimate,USD
209443,7088345481526,Cattasaurus - shoproxstore - Shopify,direct_to_consumer,fulfilled,2026-01-16,2026-01-17,2026-01-16,PA2,OnTrac,1,1,15.49,2.1,0.0,17.59,shipmonk_estimate,USD
209444,7088359244086,Cattasaurus - shoproxstore - Shopify,direct_to_consumer,fulfilled,2026-01-16,2026-01-17,2026-01-16,PA2,OnTrac,1,1,13.66,2.1,0.0,15.76,shipmonk_estimate,USD
209445,7088394862902,Cattasaurus - shoproxstore - Shopify,direct_to_consumer,fulfilled,2026-01-16,2026-01-19,2026-01-16,NV3,OnTrac,1,1,15.77,2.1,0.0,17.87,shipmonk_estimate,USD
209446,7088420028726,Cattasaurus - shoproxstore - Shopify,direct_to_consumer,fulfilled,2026-01-16,2026-01-17,2026-01-16,PA2,UPS,1,1,18.83,2.1,0.0,20.93,shipmonk_estimate,USD
209447,7088450797878,Cattasaurus - shoproxstore - Shopify,direct_to_consumer,fulfilled,2026-01-16,2026-01-19,2026-01-16,NV3,OnTrac,1,1,17.34,2.1,0.0,19.44,shipmonk_estimate,USD
209448,7088451420470,Cattasaurus - shoproxstore - Shopify,direct_to_consumer,fulfilled,2026-01-16,2026-01-17,2026-01-16,PA2,OnTrac,1,1,13.78,2.1,0.0,15.88,shipmonk_estimate,USD
209449,7088462856502,Cattasaurus - shoproxstore - Shopify,direct_to_consumer,fulfilled,2026-01-16,2026-01-17,2026-01-16,PA2,OnTrac,1,1,13.87,2.1,0.0,15.97,shipmonk_estimate,USD
209450,7088475210038,Cattasaurus - shoproxstore - Shopify,direct_to_consumer,fulfilled,2026-01-16,2026-01-17,2026-01-16,PA2,OnTrac,1,1,13.87,2.1,0.0,15.97,shipmonk_estimate,USD
209451,7088515907894,Cattasaurus - shoproxstore - Shopify,direct_to_consumer,fulfilled,2026-01-16,2026-01-17,2026-01-16,PA2,FedEx,1,1,13.66,2.1,0.0,15.76,shipmonk_estimate,USD
209452,7088521052470,Cattasaurus - shoproxstore - Shopify,direct_to_consumer,fulfilled,2026-01-16,2026-01-17,2026-01-16,PA2,OnTrac,1,1,12.89,2.1,0.0,14.99,shipmonk_estimate,USD
209453,7088529572150,Cattasaurus - shoproxstore - Shopify,direct_to_consumer,fulfilled,2026-01-16,2026-01-17,2026-01-16,PA2,FedEx,1,1,16.37,2.1,0.0,18.47,shipmonk_estimate,USD
209454,7088556900662,Cattasaurus - shoproxstore - Shopify,direct_to_consumer,fulfilled,2026-01-16,2026-01-19,2026-01-16,NV3,FedEx,1,1,17.62,2.1,0.0,19.72,shipmonk_estimate,USD
209455,7088561029430,Cattasaurus - shoproxstore - Shopify,direct_to_consumer,fulfilled,2026-01-16,2026-01-17,2026-01-16,PA2,FedEx,1,1,18.86,2.1,0.0,20.96,shipmonk_estimate,USD
209456,7088591896886,Cattasaurus - shoproxstore - Shopify,direct_to_consumer,fulfilled,2026-01-16,2026-01-17,2026-01-16,PA2,OnTrac,1,1,15.49,2.1,0.0,17.59,shipmonk_estimate,USD
209457,7088611787062,Cattasaurus - shoproxstore - Shopify,direct_to_consumer,fulfilled,2026-01-16,2026-01-17,2026-01-16,PA2,FedEx,1,1,17.13,2.1,0.0,19.23,shipmonk_estimate,USD
209458,7088714121526,Cattasaurus - shoproxstore - Shopify,direct_to_consumer,fulfilled,2026-01-16,2026-01-20,2026-01-16,PA2,OnTrac,1,1,8.72,1.5,0.0,10.22,shipmonk_estimate,USD
209458_1,17845aad-e756-4a8a-9123-4a71df01fd37,Cattasaurus - shoproxstore - Shopify,direct_to_consumer,fulfilled,2026-01-16,2026-01-20,2026-01-16,PA2,OnTrac,1,1,12.57,2.1,0.0,14.67,shipmonk_estimate,USD
209459,7088752591158,Cattasaurus - shoproxstore - Shopify,direct_to_consumer,fulfilled,2026-01-16,2026-01-17,2026-01-16,PA2,OnTrac,1,1,13.78,2.4,0.0,16.18,shipmonk_estimate,USD
209460,7088808788278,Cattasaurus - shoproxstore - Shopify,direct_to_consumer,fulfilled,2026-01-16,2026-01-17,2026-01-16,PA2,OnTrac,1,1,12.89,2.1,0.0,14.99,shipmonk_estimate,USD
209461,7088835592502,Cattasaurus - shoproxstore - Shopify,direct_to_consumer,fulfilled,2026-01-16,2026-01-17,2026-01-16,PA2,OnTrac,1,1,13.66,2.1,0.0,15.76,shipmonk_estimate,USD
209462,7088851910966,Cattasaurus - shoproxstore - Shopify,direct_to_consumer,fulfilled,2026-01-16,2026-01-17,2026-01-16,PA2,OnTrac,1,1,13.87,2.1,0.0,15.97,shipmonk_estimate,USD
209463,7088864362806,Cattasaurus - shoproxstore - Shopify,direct_to_consumer,fulfilled,2026-01-16,2026-01-17,2026-01-16,PA2,UPS,1,1,18.83,2.1,0.0,20.93,shipmonk_estimate,USD
209464,7088877404470,Cattasaurus - shoproxstore - Shopify,direct_to_consumer,fulfilled,2026-01-16,2026-01-17,2026-01-16,PA2,OnTrac,1,1,13.87,2.1,0.0,15.97,shipmonk_estimate,USD
209465,7088893985078,Cattasaurus - shoproxstore - Shopify,direct_to_consumer,fulfilled,2026-01-16,2026-01-19,2026-01-16,NV3,OnTrac,1,1,12.66,2.7,0.0,15.36,shipmonk_estimate,USD
209466,7088931537206,Cattasaurus - shoproxstore - Shopify,direct_to_consumer,fulfilled,2026-01-16,2026-01-17,2026-01-16,PA2,FedEx,1,1,16.35,2.1,0.0,18.45,shipmonk_estimate,USD
209467,7088941826358,Cattasaurus - shoproxstore - Shopify,direct_to_consumer,fulfilled,2026-01-16,2026-01-17,2026-01-16,PA2,FedEx,1,1,18.86,1.8,0.0,20.66,shipmonk_estimate,USD
209469,7088963617078,Cattasaurus - shoproxstore - Shopify,direct_to_consumer,fulfilled,2026-01-16,2026-01-19,2026-01-16,NV3,OnTrac,1,1,12.66,2.7,0.0,15.36,shipmonk_estimate,USD
209470,7088989045046,Cattasaurus - shoproxstore - Shopify,direct_to_consumer,fulfilled,2026-01-16,2026-01-17,2026-01-16,PA2,OnTrac,1,1,13.87,1.8,0.0,15.67,shipmonk_estimate,USD
209471,7089018929462,Cattasaurus - shoproxstore - Shopify,direct_to_consumer,fulfilled,2026-01-16,2026-01-20,2026-01-16,PA2,FedEx,1,1,18.56,2.1,0.0,20.66,shipmonk_estimate,USD
209471_1,ca423e6f-bf0d-44b8-8150-1618bfd9e248,Cattasaurus - shoproxstore - Shopify,direct_to_consumer,fulfilled,2026-01-16,2026-01-20,2026-01-16,PA2,FedEx,1,1,18.56,2.1,0.0,20.66,shipmonk_estimate,USD
209472,7089035936054,Cattasaurus - shoproxstore - Shopify,direct_to_consumer,fulfilled,2026-01-16,2026-01-19,2026-01-16,NV3,FedEx,1,1,18.56,2.1,0.0,20.66,shipmonk_estimate,USD
209473,7089037869366,Cattasaurus - shoproxstore - Shopify,direct_to_consumer,fulfilled,2026-01-16,2026-01-18,2026-01-16,PA2,UPS,1,1,20.26,2.1,0.0,22.36,shipmonk_estimate,USD
209474,7089043505462,Cattasaurus - shoproxstore - Shopify,direct_to_consumer,fulfilled,2026-01-16,2026-01-19,2026-01-16,NV3,UPS,1,1,16.86,2.1,0.0,18.96,shipmonk_estimate,USD
209475,7089070866742,Cattasaurus - shoproxstore - Shopify,direct_to_consumer,fulfilled,2026-01-16,2026-01-18,2026-01-16,PA2,UPS,1,1,20.26,2.1,0.0,22.36,shipmonk_estimate,USD
209476,7089073357110,Cattasaurus - shoproxstore - Shopify,direct_to_consumer,fulfilled,2026-01-16,2026-01-18,2026-01-16,PA2,OnTrac,1,1,17.4,2.1,0.0,19.5,shipmonk_estimate,USD
209477,7089084629302,Cattasaurus - shoproxstore - Shopify,direct_to_consumer,fulfilled,2026-01-16,2026-01-18,2026-01-16,PA2,UPS,1,1,19.89,2.4,0.0,22.29,shipmonk_estimate,USD
209478,7089087807798,Cattasaurus - shoproxstore - Shopify,direct_to_consumer,fulfilled,2026-01-16,2026-01-18,2026-01-16,PA2,FedEx,1,1,12.66,2.1,0.0,14.76,shipmonk_estimate,USD
209479,7089089544502,Cattasaurus - shoproxstore - Shopify,direct_to_consumer,fulfilled,2026-01-16,2026-01-18,2026-01-16,PA2,OnTrac,1,1,15.16,2.1,0.0,17.26,shipmonk_estimate,USD
209480,7089099145526,Cattasaurus - shoproxstore - Shopify,direct_to_consumer,fulfilled,2026-01-16,2026-01-18,2026-01-16,PA2,UPS,1,1,14.46,2.1,0.0,16.56,shipmonk_estimate,USD
209481,7089099604278,Cattasaurus - shoproxstore - Shopify,direct_to_consumer,fulfilled,2026-01-16,2026-01-18,2026-01-16,PA2,OnTrac,1,1,11.68,2.1,0.0,13.78,shipmonk_estimate,USD
209482,7089109369142,Cattasaurus - shoproxstore - Shopify,direct_to_consumer,fulfilled,2026-01-16,2026-01-19,2026-01-16,NV3,FedEx,1,1,21.5,2.1,0.0,23.6,shipmonk_estimate,USD
209483,7089112252726,Cattasaurus - shoproxstore - Shopify,direct_to_consumer,fulfilled,2026-01-16,2026-01-19,2026-01-16,NV3,FedEx,1,1,22.55,2.1,0.0,24.65,shipmonk_estimate,USD
209484,7089119985974,Cattasaurus - shoproxstore - Shopify,direct_to_consumer,fulfilled,2026-01-16,2026-01-18,2026-01-16,PA2,FedEx,1,1,15.92,2.1,0.0,18.02,shipmonk_estimate,USD
209485,7089160126774,Cattasaurus - shoproxstore - Shopify,direct_to_consumer,fulfilled,2026-01-16,2026-01-18,2026-01-16,PA2,OnTrac,1,1,11.68,2.1,0.0,13.78,shipmonk_estimate,USD
209486,7089164550454,Cattasaurus - shoproxstore - Shopify,direct_to_consumer,fulfilled,2026-01-16,2026-01-18,2026-01-16,PA2,FedEx,1,1,17.65,2.1,0.0,19.75,shipmonk_estimate,USD
209487,7089178181942,Cattasaurus - shoproxstore - Shopify,direct_to_consumer,fulfilled,2026-01-16,2026-01-18,2026-01-16,PA2,OnTrac,1,1,19.89,2.1,0.0,21.99,shipmonk_estimate,USD
209488,7089208983862,Cattasaurus - shoproxstore - Shopify,direct_to_consumer,fulfilled,2026-01-16,2026-01-19,2026-01-16,NV3,OnTrac,1,1,12.66,2.1,0.0,14.76,shipmonk_estimate,USD
209489,7089209770294,Cattasaurus - shoproxstore - Shopify,direct_to_consumer,fulfilled,2026-01-16,2026-01-19,2026-01-16,NV3,OnTrac,1,1,12.66,2.1,0.0,14.76,shipmonk_estimate,USD
209490,7089229889846,Cattasaurus - shoproxstore - Shopify,direct_to_consumer,fulfilled,2026-01-16,2026-01-19,2026-01-16,NV3,OnTrac,1,1,15.16,2.1,0.0,17.26,shipmonk_estimate,USD
209491,7089240342838,Cattasaurus - shoproxstore - Shopify,direct_to_consumer,fulfilled,2026-01-16,2026-01-18,2026-01-16,PA2,OnTrac,1,1,8.7,1.8,0.5,11.0,shipmonk_estimate,USD
209492,7089250206006,Cattasaurus - shoproxstore - Shopify,direct_to_consumer,fulfilled,2026-01-16,2026-01-19,2026-01-16,NV3,OnTrac,1,1,15.77,2.1,0.0,17.87,shipmonk_estimate,USD
209493,7089271144758,Cattasaurus - shoproxstore - Shopify,direct_to_consumer,fulfilled,2026-01-16,2026-01-19,2026-01-16,NV3,FedEx,1,1,17.91,2.1,0.0,20.01,shipmonk_estimate,USD
209494,7089273930038,Cattasaurus - shoproxstore - Shopify,direct_to_consumer,fulfilled,2026-01-16,2026-01-19,2026-01-16,NV3,OnTrac,1,1,12.66,2.1,0.0,14.76,shipmonk_estimate,USD
209495,7089297686838,Cattasaurus - shoproxstore - Shopify,direct_to_consumer,fulfilled,2026-01-16,2026-01-18,2026-01-16,PA2,UPS,1,1,17.62,2.1,0.0,19.72,shipmonk_estimate,USD
209496,7089318101302,Cattasaurus - shoproxstore - Shopify,direct_to_consumer,fulfilled,2026-01-16,2026-01-18,2026-01-16,PA2,UPS,1,1,14.27,2.1,0.0,16.37,shipmonk_estimate,USD
209497,7089336942902,Cattasaurus - shoproxstore - Shopify,direct_to_consumer,fulfilled,2026-01-16,2026-01-18,2026-01-16,PA2,OnTrac,1,1,17.4,2.1,0.0,19.5,shipmonk_estimate,USD
209498,7089344184630,Cattasaurus - shoproxstore - Shopify,direct_to_consumer,fulfilled,2026-01-16,2026-01-18,2026-01-16,PA2,OnTrac,1,1,15.16,2.1,0.0,17.26,shipmonk_estimate,USD
209499,7089350279478,Cattasaurus - shoproxstore - Shopify,direct_to_consumer,fulfilled,2026-01-16,2026-01-19,2026-01-16,NV3,UPS,1,1,14.35,2.1,0.0,16.45,shipmonk_estimate,USD
209500,7089360601398,Cattasaurus - shoproxstore - Shopify,direct_to_consumer,fulfilled,2026-01-16,2026-01-18,2026-01-16,PA2,FedEx,1,1,15.14,2.1,0.0,17.24,shipmonk_estimate,USD
209501,7089368858934,Cattasaurus - shoproxstore - Shopify,direct_to_consumer,fulfilled,2026-01-16,2026-01-19,2026-01-16,NV3,FedEx,1,1,22.55,2.1,0.0,24.65,shipmonk_estimate,USD
209502,7089371644214,Cattasaurus - shoproxstore - Shopify,direct_to_consumer,fulfilled,2026-01-16,2026-01-20,2026-01-16,PA2,OnTrac,1,1,13.52,2.1,0.0,15.62,shipmonk_estimate,USD
209502_1,5ad2c6a0-92fa-4dc9-9948-457edadd7031,Cattasaurus - shoproxstore - Shopify,direct_to_consumer,fulfilled,2026-01-16,2026-01-19,2026-01-16,PA2,OnTrac,1,1,13.52,2.1,0.0,15.62,shipmonk_estimate,USD
209503,7089371906358,Cattasaurus - shoproxstore - Shopify,direct_to_consumer,fulfilled,2026-01-16,2026-01-18,2026-01-16,PA2,FedEx,1,1,15.16,2.1,0.0,17.26,shipmonk_estimate,USD
209504,7089372070198,Cattasaurus - shoproxstore - Shopify,direct_to_consumer,fulfilled,2026-01-16,2026-01-18,2026-01-16,PA2,FedEx,1,1,15.16,2.7,0.0,17.86,shipmonk_estimate,USD
209505,7089393434934,Cattasaurus - shoproxstore - Shopify,direct_to_consumer,fulfilled,2026-01-16,2026-01-18,2026-01-16,PA2,UPS,1,1,14.69,2.1,0.0,16.79,shipmonk_estimate,USD
209506,7089397334326,Cattasaurus - shoproxstore - Shopify,direct_to_consumer,fulfilled,2026-01-16,2026-01-18,2026-01-16,PA2,OnTrac,1,1,14.27,2.1,0.0,16.37,shipmonk_estimate,USD
209507,7089404084534,Cattasaurus - shoproxstore - Shopify,direct_to_consumer,fulfilled,2026-01-16,2026-01-18,2026-01-16,PA2,OnTrac,1,1,12.45,1.8,0.0,14.25,shipmonk_estimate,USD
209508,7089412440374,Cattasaurus - shoproxstore - Shopify,direct_to_consumer,fulfilled,2026-01-16,2026-01-18,2026-01-16,PA2,UPS,1,1,14.46,2.1,0.0,16.56,shipmonk_estimate,USD
209509,7089437671734,Cattasaurus - shoproxstore - Shopify,direct_to_consumer,fulfilled,2026-01-16,2026-01-18,2026-01-16,PA2,UPS,1,1,15.92,2.1,0.0,18.02,shipmonk_estimate,USD
209510,7089456021814,Cattasaurus - shoproxstore - Shopify,direct_to_consumer,fulfilled,2026-01-16,2026-01-22,2026-01-16,NV3,OnTrac,1,1,17.46,2.1,0.0,19.56,shipmonk_estimate,USD
209511,7089462542646,Cattasaurus - shoproxstore - Shopify,direct_to_consumer,fulfilled,2026-01-16,2026-01-18,2026-01-16,PA2,FedEx,1,1,15.16,2.7,0.0,17.86,shipmonk_estimate,USD
209512,7089465065782,Cattasaurus - shoproxstore - Shopify,direct_to_consumer,fulfilled,2026-01-16,2026-01-29,2026-01-16,NV3,OnTrac,1,1,14.69,2.1,0.0,16.79,shipmonk_estimate,USD
209513,7089477615926,Cattasaurus - shoproxstore - Shopify,direct_to_consumer,fulfilled,2026-01-16,2026-01-19,2026-01-16,NV3,FedEx,1,1,17.4,2.1,0.0,19.5,shipmonk_estimate,USD
209514,7089489772854,Cattasaurus - shoproxstore - Shopify,direct_to_consumer,fulfilled,2026-01-16,2026-01-18,2026-01-16,PA2,OnTrac,2,1,15.65,3.3,0.0,18.95,shipmonk_estimate,USD
209515,7089494065462,Cattasaurus - shoproxstore - Shopify,direct_to_consumer,fulfilled,2026-01-16,2026-01-19,2026-01-16,NV3,FedEx,1,1,15.92,2.1,0.0,18.02,shipmonk_estimate,USD
209516,7089497702710,Cattasaurus - shoproxstore - Shopify,direct_to_consumer,fulfilled,2026-01-16,2026-01-18,2026-01-16,PA2,FedEx,2,1,17.65,2.4,0.0,20.05,shipmonk_estimate,USD
209517,7089498095926,Cattasaurus - shoproxstore - Shopify,direct_to_consumer,fulfilled,2026-01-16,2026-01-18,2026-01-16,PA2,UPS,1,1,15.21,2.1,0.0,17.31,shipmonk_estimate,USD
209518,7089525588278,Cattasaurus - shoproxstore - Shopify,direct_to_consumer,fulfilled,2026-01-16,2026-01-18,2026-01-16,PA2,OnTrac,1,1,12.66,1.8,0.0,14.46,shipmonk_estimate,USD
209519,7089536762166,Cattasaurus - shoproxstore - Shopify,direct_to_consumer,fulfilled,2026-01-16,2026-01-18,2026-01-16,PA2,OnTrac,1,1,15.16,2.1,0.0,17.26,shipmonk_estimate,USD
209520,7089569431862,Cattasaurus - shoproxstore - Shopify,direct_to_consumer,fulfilled,2026-01-16,2026-01-18,2026-01-16,PA2,FedEx,1,1,18.56,2.1,0.0,20.66,shipmonk_estimate,USD
209521,7089569628470,Cattasaurus - shoproxstore - Shopify,direct_to_consumer,fulfilled,2026-01-16,2026-01-18,2026-01-16,PA2,OnTrac,1,1,12.66,2.1,0.0,14.76,shipmonk_estimate,USD
209522,7089584767286,Cattasaurus - shoproxstore - Shopify,direct_to_consumer,fulfilled,2026-01-16,2026-01-18,2026-01-16,PA2,OnTrac,1,1,15.16,2.1,0.0,17.26,shipmonk_estimate,USD
209523,7089584865590,Cattasaurus - shoproxstore - Shopify,direct_to_consumer,fulfilled,2026-01-16,2026-01-19,2026-01-16,NV3,FedEx,1,1,17.4,2.1,0.0,19.5,shipmonk_estimate,USD
209524,7089588633910,Cattasaurus - shoproxstore - Shopify,direct_to_consumer,fulfilled,2026-01-16,2026-01-18,2026-01-16,PA2,UPS,1,1,16.26,2.1,0.0,18.36,shipmonk_estimate,USD
209525,7089612816694,Cattasaurus - shoproxstore - Shopify,direct_to_consumer,fulfilled,2026-01-16,2026-01-26,2026-01-16,TO1,FedEx,1,1,24.42,9.11,0.0,33.53,shipmonk_estimate,CAD+USD
209526,7089617928502,Cattasaurus - shoproxstore - Shopify,direct_to_consumer,fulfilled,2026-01-16,2026-01-18,2026-01-16,PA2,OnTrac,1,1,12.45,2.1,0.0,14.55,shipmonk_estimate,USD
209527,7089634214198,Cattasaurus - shoproxstore - Shopify,direct_to_consumer,fulfilled,2026-01-16,2026-01-18,2026-01-16,PA2,UPS,1,1,16.86,2.1,0.0,18.96,shipmonk_estimate,USD
209528,7089641718070,Cattasaurus - shoproxstore - Shopify,direct_to_consumer,fulfilled,2026-01-16,2026-01-18,2026-01-16,PA2,OnTrac,1,1,14.28,2.1,0.0,16.38,shipmonk_estimate,USD
209529,7089642209590,Cattasaurus - shoproxstore - Shopify,direct_to_consumer,fulfilled,2026-01-16,2026-01-26,2026-01-16,TO1,FedEx,1,1,36.08,2.21,0.0,38.29,shipmonk_estimate,CAD+USD
209530,7089662984502,Cattasaurus - shoproxstore - Shopify,direct_to_consumer,fulfilled,2026-01-16,2026-01-21,2026-01-16,TO1,Passport,1,1,26.75,2.21,0.0,28.96,shipmonk_estimate,CAD+USD
209531,7089672421686,Cattasaurus - shoproxstore - Shopify,direct_to_consumer,fulfilled,2026-01-16,2026-01-21,2026-01-16,TO1,Passport,1,1,26.75,2.21,0.0,28.96,shipmonk_estimate,CAD+USD
209532,7089723244854,Cattasaurus - shoproxstore - Shopify,direct_to_consumer,fulfilled,2026-01-16,2026-01-18,2026-01-16,PA2,UPS,1,1,17.46,2.1,0.0,19.56,shipmonk_estimate,USD
209533,7089753719094,Cattasaurus - shoproxstore - Shopify,direct_to_consumer,fulfilled,2026-01-16,2026-01-19,2026-01-16,NV3,OnTrac,1,1,17.91,2.1,0.0,20.01,shipmonk_estimate,USD
209534,7089755029814,Cattasaurus - shoproxstore - Shopify,direct_to_consumer,fulfilled,2026-01-16,2026-01-19,2026-01-16,NV3,DHL eCommerce,2,1,6.11,1.8,0.3,8.21,shipmonk_estimate,USD
209535,7089772167478,Cattasaurus - shoproxstore - Shopify,direct_to_consumer,fulfilled,2026-01-16,2026-01-18,2026-01-16,PA2,DHL eCommerce,3,1,5.81,2.1,0.5,8.41,shipmonk_estimate,USD
209536,7089844060470,Cattasaurus - shoproxstore - Shopify,direct_to_consumer,fulfilled,2026-01-16,2026-01-19,2026-01-16,NV3,OnTrac,1,1,13.52,2.7,0.0,16.22,shipmonk_estimate,USD
209537,7089865785654,Cattasaurus - shoproxstore - Shopify,direct_to_consumer,fulfilled,2026-01-16,2026-01-19,2026-01-16,NV3,UPS,1,1,16.86,2.1,0.0,18.96,shipmonk_estimate,USD
209538,7089901306166,Cattasaurus - shoproxstore - Shopify,direct_to_consumer,fulfilled,2026-01-16,2026-01-19,2026-01-16,NV3,UPS,1,1,19.6,2.7,0.0,22.3,shipmonk_estimate,USD
"Merged: 209431, 209433",898fb84a-068b-46e5-8764-e1c35a95feb1,Cattasaurus - shoproxstore - Shopify,direct_to_consumer,fulfilled,2026-01-16,2026-01-17,2026-01-16,PA2,FedEx,2,1,16.35,2.4,0.0,18.75,shipmonk_estimate,USD
111-0034822-0577877,111-0034822-0577877,Cattasaurus - Amazon USA,direct_to_consumer,fulfilled,2026-01-17,2026-01-18,2026-01-17,PA2,OnTrac,1,1,11.68,2.1,0.0,13.78,shipmonk_estimate,USD
111-2278533-3514634,111-2278533-3514634,Cattasaurus - Amazon USA,direct_to_consumer,fulfilled,2026-01-17,2026-01-17,2026-01-17,PA2,UPS,1,1,11.33,1.5,0.0,12.83,shipmonk_estimate,USD
111-2385369-8181057,111-2385369-8181057,Cattasaurus - Amazon USA,direct_to_consumer,fulfilled,2026-01-17,2026-01-17,2026-01-17,PA2,FedEx,1,1,16.37,2.1,0.0,18.47,shipmonk_estimate,USD
111-3363741-4046665,111-3363741-4046665,Cattasaurus - Amazon USA,direct_to_consumer,fulfilled,2026-01-17,2026-01-18,2026-01-17,PA2,FedEx,1,1,12.66,2.1,0.0,14.76,shipmonk_estimate,USD
111-7324866-7099400,111-7324866-7099400,Cattasaurus - Amazon USA,direct_to_consumer,fulfilled,2026-01-17,2026-01-20,2026-01-17,PA2,FedEx,1,1,15.16,1.8,0.0,16.96,shipmonk_estimate,USD
111-7324866-7099400_1,db47c7e6-8730-4433-8705-03469d134007,Cattasaurus - Amazon USA,direct_to_consumer,fulfilled,2026-01-17,2026-01-20,2026-01-17,PA2,UPS,1,1,10.37,0.3,0.0,10.67,shipmonk_estimate,USD
111-7324866-7099400_2,6d4fd4dc-80be-4689-8c0a-f3aa64d3c29c,Cattasaurus - Amazon USA,direct_to_consumer,fulfilled,2026-01-17,2026-01-20,2026-01-17,PA2,DHL eCommerce,1,1,8.8,1.5,0.0,10.3,shipmonk_estimate,USD
112-4599147-0507427,112-4599147-0507427,Cattasaurus - Amazon USA,direct_to_consumer,fulfilled,2026-01-17,2026-01-19,2026-01-17,NV3,OnTrac,1,1,12.45,2.1,0.0,14.55,shipmonk_estimate,USD
113-1195899-7801800,113-1195899-7801800,Cattasaurus - Amazon USA,direct_to_consumer,fulfilled,2026-01-17,2026-01-18,2026-01-17,PA2,OnTrac,1,1,14.37,1.5,0.0,15.87,shipmonk_estimate,USD
114-2607589-3902611,114-2607589-3902611,Cattasaurus - Amazon USA,direct_to_consumer,fulfilled,2026-01-17,2026-01-17,2026-01-17,PA2,OnTrac,1,1,17.28,1.5,0.0,18.78,shipmonk_estimate,USD
197515-01,3f2af5b7-a064-4513-b98d-6f51f82649ae,Cattasaurus - shoproxstore - Shopify,direct_to_consumer,fulfilled,2026-01-17,2026-01-17,2026-01-17,PA2,OnTrac,3,1,16.37,2.7,0.0,19.07,shipmonk_estimate,USD
206796-01,2b80f991-cef8-4599-9192-da3953392054,Cattasaurus - shoproxstore - Shopify,direct_to_consumer,fulfilled,2026-01-17,2026-01-19,2026-01-17,NV3,OnTrac,1,1,15.16,1.8,0.0,16.96,shipmonk_estimate,USD
208586-01,8e50c3be-627c-43f5-8d47-8c2309df9b00,Cattasaurus - shoproxstore - Shopify,direct_to_consumer,fulfilled,2026-01-17,2026-01-18,2026-01-17,PA2,OnTrac,1,1,8.89,1.8,0.5,11.19,shipmonk_estimate,USD
209373-01,56b54bff-d4f5-4aed-a00e-f19ebfd687dd,Cattasaurus - shoproxstore - Shopify,direct_to_consumer,fulfilled,2026-01-17,2026-01-20,2026-01-17,PA2,FedEx,1,1,17.65,2.1,0.0,19.75,shipmonk_estimate,USD
209539,7089966448950,Cattasaurus - shoproxstore - Shopify,direct_to_consumer,fulfilled,2026-01-17,2026-01-19,2026-01-17,PA2,FedEx,1,1,15.16,1.8,0.0,16.96,shipmonk_estimate,USD
209539_1,74f54a7a-dee9-4061-bb54-a466b0a1ed41,Cattasaurus - shoproxstore - Shopify,direct_to_consumer,fulfilled,2026-01-17,2026-01-19,2026-01-17,PA2,UPS,1,1,10.37,0.3,0.0,10.67,shipmonk_estimate,USD
209539_2,219aebde-f761-4a82-b75c-4515cf70971c,Cattasaurus - shoproxstore - Shopify,direct_to_consumer,fulfilled,2026-01-17,2026-01-19,2026-01-17,PA2,DHL eCommerce,1,1,8.8,1.5,0.0,10.3,shipmonk_estimate,USD
209540,7089976049974,Cattasaurus - shoproxstore - Shopify,direct_to_consumer,fulfilled,2026-01-17,2026-01-21,2026-01-17,NV3,OnTrac,2,1,12.66,2.4,0.0,15.06,shipmonk_estimate,USD
209540_1,023bd8c2-3608-43b7-8706-0e7d3294d51d,Cattasaurus - shoproxstore - Shopify,direct_to_consumer,fulfilled,2026-01-17,2026-01-21,2026-01-17,PA2,OnTrac,1,1,14.37,1.5,0.0,15.87,shipmonk_estimate,USD
209541,7090010325302,Cattasaurus - shoproxstore - Shopify,direct_to_consumer,fulfilled,2026-01-17,2026-01-26,2026-01-17,TO1,FedEx,1,1,36.08,2.21,0.0,38.29,shipmonk_estimate,CAD+USD
209542,7090032181558,Cattasaurus - shoproxstore - Shopify,direct_to_consumer,fulfilled,2026-01-17,2026-01-26,2026-01-17,TO1,FedEx,1,1,17.87,2.21,0.0,20.08,shipmonk_estimate,CAD+USD
209543,7090068128054,Cattasaurus - shoproxstore - Shopify,direct_to_consumer,fulfilled,2026-01-17,2026-01-18,2026-01-17,PA2,FedEx,1,1,13.98,2.1,0.0,16.08,shipmonk_estimate,USD
209544,7090125209910,Cattasaurus - shoproxstore - Shopify,direct_to_consumer,fulfilled,2026-01-17,2026-01-18,2026-01-17,PA2,OnTrac,1,1,14.28,2.1,0.0,16.38,shipmonk_estimate,USD
209545,7090138841398,Cattasaurus - shoproxstore - Shopify,direct_to_consumer,fulfilled,2026-01-17,2026-01-21,2026-01-17,TO1,Passport,1,1,32.42,2.21,0.0,34.63,shipmonk_estimate,CAD+USD
209546,7090145820982,Cattasaurus - shoproxstore - Shopify,direct_to_consumer,fulfilled,2026-01-17,2026-01-18,2026-01-17,PA2,UPS,2,1,20.26,2.4,0.0,22.66,shipmonk_estimate,USD
209547,7090159157558,Cattasaurus - shoproxstore - Shopify,direct_to_consumer,fulfilled,2026-01-17,2026-01-18,2026-01-17,PA2,OnTrac,1,1,11.68,2.1,0.0,13.78,shipmonk_estimate,USD
209548,7090173641014,Cattasaurus - shoproxstore - Shopify,direct_to_consumer,fulfilled,2026-01-17,2026-01-21,2026-01-17,TO1,Passport,1,1,28.15,2.21,0.0,30.36,shipmonk_estimate,CAD+USD
209549,7090186813750,Cattasaurus - shoproxstore - Shopify,direct_to_consumer,fulfilled,2026-01-17,2026-01-19,2026-01-17,NV3,OnTrac,1,1,12.45,2.1,0.0,14.55,shipmonk_estimate,USD
209550,7090189107510,Cattasaurus - shoproxstore - Shopify,direct_to_consumer,fulfilled,2026-01-17,2026-01-26,2026-01-17,TO1,FedEx,1,1,30.73,2.21,0.0,32.94,shipmonk_estimate,CAD+USD
209551,7090189795638,Cattasaurus - shoproxstore - Shopify,direct_to_consumer,fulfilled,2026-01-17,2026-01-26,2026-01-17,TO1,FedEx,1,1,17.87,2.21,0.0,20.08,shipmonk_estimate,CAD+USD
209552,7090191696182,Cattasaurus - shoproxstore - Shopify,direct_to_consumer,fulfilled,2026-01-17,2026-01-26,2026-01-17,TO1,FedEx,1,1,14.97,2.21,0.0,17.18,shipmonk_estimate,CAD+USD
209553,7090194317622,Cattasaurus - shoproxstore - Shopify,direct_to_consumer,fulfilled,2026-01-17,2026-01-18,2026-01-17,PA2,OnTrac,1,1,14.14,2.1,0.0,16.24,shipmonk_estimate,USD
209556,7090198905142,Cattasaurus - shoproxstore - Shopify,direct_to_consumer,fulfilled,2026-01-17,2026-01-21,2026-01-17,TO1,Passport,1,1,32.42,2.21,0.0,34.63,shipmonk_estimate,CAD+USD
209557,7090199036214,Cattasaurus - shoproxstore - Shopify,direct_to_consumer,fulfilled,2026-01-17,2026-01-23,2026-01-17,TO1,FedEx,1,1,29.59,2.21,0.0,31.8,shipmonk_estimate,CAD+USD
209558,7090212208950,Cattasaurus - shoproxstore - Shopify,direct_to_consumer,fulfilled,2026-01-17,2026-01-21,2026-01-17,TO1,Passport,1,1,26.96,2.21,0.0,29.17,shipmonk_estimate,CAD+USD
209559,7090234523958,Cattasaurus - shoproxstore - Shopify,direct_to_consumer,fulfilled,2026-01-17,2026-01-21,2026-01-17,PA2,USPS,1,1,8.89,1.5,0.0,10.39,shipmonk_estimate,USD
209559_1,b9e5b455-bb87-49fa-858e-c9672939060c,Cattasaurus - shoproxstore - Shopify,direct_to_consumer,fulfilled,2026-01-17,2026-01-22,2026-01-17,PA2,UPS,1,1,11.0,0.3,0.0,11.3,shipmonk_estimate,USD
209559_2,f569f473-6fb5-4c02-8670-54bd39bea567,Cattasaurus - shoproxstore - Shopify,direct_to_consumer,fulfilled,2026-01-17,2026-01-21,2026-01-17,PA2,USPS,1,1,6.04,1.5,0.3,7.84,shipmonk_estimate,USD
209560,7090235212086,Cattasaurus - shoproxstore - Shopify,direct_to_consumer,fulfilled,2026-01-17,2026-01-18,2026-01-17,PA2,OnTrac,1,1,12.45,2.1,0.0,14.55,shipmonk_estimate,USD
209561,7090240815414,Cattasaurus - shoproxstore - Shopify,direct_to_consumer,fulfilled,2026-01-17,2026-01-18,2026-01-17,PA2,OnTrac,1,1,19.89,2.1,0.0,21.99,shipmonk_estimate,USD
209562,7090244387126,Cattasaurus - shoproxstore - Shopify,direct_to_consumer,fulfilled,2026-01-17,2026-01-18,2026-01-17,PA2,UPS,1,1,14.14,2.1,0.0,16.24,shipmonk_estimate,USD
209563,7090248548662,Cattasaurus - shoproxstore - Shopify,direct_to_consumer,fulfilled,2026-01-17,2026-01-26,2026-01-17,TO1,FedEx,1,1,14.4,2.21,0.0,16.61,shipmonk_estimate,CAD+USD
209564,7090249924918,Cattasaurus - shoproxstore - Shopify,direct_to_consumer,fulfilled,2026-01-17,2026-01-21,2026-01-17,TO1,Passport,1,1,51.47,2.21,0.0,53.68,shipmonk_estimate,CAD+USD
209565,7090259886390,Cattasaurus - shoproxstore - Shopify,direct_to_consumer,fulfilled,2026-01-17,2026-01-18,2026-01-17,PA2,FedEx,1,1,15.14,2.1,0.0,17.24,shipmonk_estimate,USD
209566,7090265981238,Cattasaurus - shoproxstore - Shopify,direct_to_consumer,fulfilled,2026-01-17,2026-01-18,2026-01-17,PA2,OnTrac,1,1,13.0,2.1,0.0,15.1,shipmonk_estimate,USD
209567,7090271027510,Cattasaurus - shoproxstore - Shopify,direct_to_consumer,fulfilled,2026-01-17,2026-01-21,2026-01-17,TO1,Passport,1,1,26.75,2.21,0.0,28.96,shipmonk_estimate,CAD+USD
209568,7090272469302,Cattasaurus - shoproxstore - Shopify,direct_to_consumer,fulfilled,2026-01-17,2026-01-19,2026-01-17,NV3,FedEx,1,1,21.5,2.1,0.0,23.6,shipmonk_estimate,USD
209569,7090278138166,Cattasaurus - shoproxstore - Shopify,direct_to_consumer,fulfilled,2026-01-17,2026-01-21,2026-01-17,TO1,Passport,1,1,26.75,2.21,0.0,28.96,shipmonk_estimate,CAD+USD
209570,7090278302006,Cattasaurus - shoproxstore - Shopify,direct_to_consumer,fulfilled,2026-01-17,2026-01-21,2026-01-17,TO1,Passport,1,1,29.6,2.21,0.0,31.81,shipmonk_estimate,CAD+USD
209571,7090285412662,Cattasaurus - shoproxstore - Shopify,direct_to_consumer,fulfilled,2026-01-17,2026-01-18,2026-01-17,PA2,FedEx,1,1,17.65,2.1,0.0,19.75,shipmonk_estimate,USD
209572,7090290655542,Cattasaurus - shoproxstore - Shopify,direct_to_consumer,fulfilled,2026-01-17,2026-01-26,2026-01-17,TO1,FedEx,1,1,14.97,2.21,0.0,17.18,shipmonk_estimate,CAD+USD
209573,7090293440822,Cattasaurus - shoproxstore - Shopify,direct_to_consumer,fulfilled,2026-01-17,2026-01-22,2026-01-17,PA2,UPS,1,1,19.89,2.1,0.0,21.99,shipmonk_estimate,USD
209573_1,ced7b782-92ff-462e-96f8-f3ba16bfb04f,Cattasaurus - shoproxstore - Shopify,direct_to_consumer,fulfilled,2026-01-17,2026-01-21,2026-01-17,PA2,DHL eCommerce,1,1,8.8,1.5,0.0,10.3,shipmonk_estimate,USD
209573_2,e8adcad6-d543-4726-bbd0-6f29acffc844,Cattasaurus - shoproxstore - Shopify,direct_to_consumer,fulfilled,2026-01-17,2026-01-22,2026-01-17,PA2,UPS,1,1,11.96,1.5,0.0,13.46,shipmonk_estimate,USD
209574,7090296160566,Cattasaurus - shoproxstore - Shopify,direct_to_consumer,fulfilled,2026-01-17,2026-01-18,2026-01-17,PA2,OnTrac,1,1,15.16,2.1,0.0,17.26,shipmonk_estimate,USD
209575,7090298093878,Cattasaurus - shoproxstore - Shopify,direct_to_consumer,fulfilled,2026-01-17,2026-01-17,2026-01-17,PA2,OnTrac,1,1,15.49,2.1,0.0,17.59,shipmonk_estimate,USD
209576,7090303074614,Cattasaurus - shoproxstore - Shopify,direct_to_consumer,fulfilled,2026-01-17,2026-01-26,2026-01-17,TO1,FedEx,1,1,30.73,2.21,0.0,32.94,shipmonk_estimate,CAD+USD
209577,7090303992118,Cattasaurus - shoproxstore - Shopify,direct_to_consumer,fulfilled,2026-01-17,2026-01-18,2026-01-17,PA2,OnTrac,1,1,13.37,2.1,0.0,15.47,shipmonk_estimate,USD
209578,7090313298230,Cattasaurus - shoproxstore - Shopify,direct_to_consumer,fulfilled,2026-01-17,2026-01-18,2026-01-17,PA2,OnTrac,2,1,15.97,2.4,0.0,18.37,shipmonk_estimate,USD
209579,7090314805558,Cattasaurus - shoproxstore - Shopify,direct_to_consumer,fulfilled,2026-01-17,2026-01-19,2026-01-17,NV3,UPS,2,1,19.09,2.4,0.0,21.49,shipmonk_estimate,USD
209580,7090319819062,Cattasaurus - shoproxstore - Shopify,direct_to_consumer,fulfilled,2026-01-17,2026-01-18,2026-01-17,PA2,FedEx,1,1,15.77,2.1,0.0,17.87,shipmonk_estimate,USD
209581,7090322374966,Cattasaurus - shoproxstore - Shopify,direct_to_consumer,fulfilled,2026-01-17,2026-01-18,2026-01-17,PA2,OnTrac,1,1,18.2,2.4,0.0,20.6,shipmonk_estimate,USD
209582,7090337153334,Cattasaurus - shoproxstore - Shopify,direct_to_consumer,fulfilled,2026-01-17,2026-01-26,2026-01-17,TO1,FedEx,1,1,12.71,2.91,0.0,15.62,shipmonk_estimate,CAD+USD
209583,7090340528438,Cattasaurus - shoproxstore - Shopify,direct_to_consumer,fulfilled,2026-01-17,2026-01-18,2026-01-17,PA2,FedEx,1,1,15.14,2.1,0.0,17.24,shipmonk_estimate,USD
209584,7090344132918,Cattasaurus - shoproxstore - Shopify,direct_to_consumer,fulfilled,2026-01-17,2026-01-21,2026-01-17,TO1,Passport,1,1,36.37,2.21,0.0,38.58,shipmonk_estimate,CAD+USD
209585,7090351243574,Cattasaurus - shoproxstore - Shopify,direct_to_consumer,fulfilled,2026-01-17,2026-01-18,2026-01-17,PA2,OnTrac,1,1,12.57,2.1,0.0,14.67,shipmonk_estimate,USD
209586,7090351800630,Cattasaurus - shoproxstore - Shopify,direct_to_consumer,fulfilled,2026-01-17,2026-01-18,2026-01-17,PA2,FedEx,2,1,15.16,2.4,0.0,17.56,shipmonk_estimate,USD
209587,7090354192694,Cattasaurus - shoproxstore - Shopify,direct_to_consumer,fulfilled,2026-01-17,2026-01-18,2026-01-17,PA2,UPS,1,1,16.86,2.7,0.0,19.56,shipmonk_estimate,USD
209588,7090363728182,Cattasaurus - shoproxstore - Shopify,direct_to_consumer,fulfilled,2026-01-17,2026-01-21,2026-01-17,PA2,UPS,1,1,14.27,2.1,0.0,16.37,shipmonk_estimate,USD
209588_1,7839bf7d-d6ad-438a-9dd3-3217d8b565ca,Cattasaurus - shoproxstore - Shopify,direct_to_consumer,fulfilled,2026-01-17,2026-01-21,2026-01-17,PA2,UPS,1,1,11.14,1.5,0.0,12.64,shipmonk_estimate,USD
209589,7090365006134,Cattasaurus - shoproxstore - Shopify,direct_to_consumer,fulfilled,2026-01-17,2026-01-18,2026-01-17,PA2,OnTrac,1,1,15.16,2.1,0.0,17.26,shipmonk_estimate,USD
209590,7090371363126,Cattasaurus - shoproxstore - Shopify,direct_to_consumer,fulfilled,2026-01-17,2026-01-19,2026-01-17,NV3,OnTrac,1,1,17.4,2.1,0.0,19.5,shipmonk_estimate,USD
209591,7090373787958,Cattasaurus - shoproxstore - Shopify,direct_to_consumer,fulfilled,2026-01-17,2026-01-18,2026-01-17,PA2,FedEx,1,1,12.45,2.1,0.0,14.55,shipmonk_estimate,USD
209592,7090392858934,Cattasaurus - shoproxstore - Shopify,direct_to_consumer,fulfilled,2026-01-17,2026-01-18,2026-01-17,PA2,OnTrac,1,1,19.89,2.4,0.0,22.29,shipmonk_estimate,USD
209593,7090395808054,Cattasaurus - shoproxstore - Shopify,direct_to_consumer,fulfilled,2026-01-17,2026-01-26,2026-01-17,TO1,FedEx,1,1,24.42,2.21,0.0,26.63,shipmonk_estimate,CAD+USD
209594,7090396234038,Cattasaurus - shoproxstore - Shopify,direct_to_consumer,fulfilled,2026-01-17,2026-01-19,2026-01-17,NV3,OnTrac,1,1,12.45,2.1,0.0,14.55,shipmonk_estimate,USD
209595,7090402722102,Cattasaurus - shoproxstore - Shopify,direct_to_consumer,fulfilled,2026-01-17,2026-01-18,2026-01-17,PA2,OnTrac,1,1,15.16,2.1,0.0,17.26,shipmonk_estimate,USD
209596,7090406097206,Cattasaurus - shoproxstore - Shopify,direct_to_consumer,fulfilled,2026-01-17,2026-01-18,2026-01-17,PA2,OnTrac,1,1,12.57,2.1,0.0,14.67,shipmonk_estimate,USD
209597,7090409275702,Cattasaurus - shoproxstore - Shopify,direct_to_consumer,fulfilled,2026-01-17,2026-01-18,2026-01-17,PA2,FedEx,1,1,17.65,2.1,0.0,19.75,shipmonk_estimate,USD
209598,7090409308470,Cattasaurus - shoproxstore - Shopify,direct_to_consumer,fulfilled,2026-01-17,2026-01-21,2026-01-17,TO1,Passport,1,1,32.42,2.21,0.0,34.63,shipmonk_estimate,CAD+USD
209599,7090424021302,Cattasaurus - shoproxstore - Shopify,direct_to_consumer,fulfilled,2026-01-17,2026-01-19,2026-01-17,NV3,FedEx,1,1,17.65,2.1,0.0,19.75,shipmonk_estimate,USD
209600,7090425299254,Cattasaurus - shoproxstore - Shopify,direct_to_consumer,fulfilled,2026-01-17,2026-01-21,2026-01-17,TO1,Passport,1,1,30.23,2.21,0.0,32.44,shipmonk_estimate,CAD+USD
209601,7090425528630,Cattasaurus - shoproxstore - Shopify,direct_to_consumer,fulfilled,2026-01-17,2026-01-21,2026-01-17,TO1,Passport,1,1,28.53,2.21,0.0,30.74,shipmonk_estimate,CAD+USD
209602,7090425921846,Cattasaurus - shoproxstore - Shopify,direct_to_consumer,fulfilled,2026-01-17,2026-01-18,2026-01-17,PA2,UPS,1,1,13.37,2.1,0.0,15.47,shipmonk_estimate,USD
209603,7090435227958,Cattasaurus - shoproxstore - Shopify,direct_to_consumer,fulfilled,2026-01-17,2026-01-21,2026-01-17,TO1,Passport,1,1,29.6,2.21,0.0,31.81,shipmonk_estimate,CAD+USD
209604,7090436342070,Cattasaurus - shoproxstore - Shopify,direct_to_consumer,fulfilled,2026-01-17,2026-01-26,2026-01-17,TO1,FedEx,1,1,30.73,2.21,0.0,32.94,shipmonk_estimate,CAD+USD
209605,7090437226806,Cattasaurus - shoproxstore - Shopify,direct_to_consumer,fulfilled,2026-01-17,2026-01-22,2026-01-17,PA2,FedEx,1,1,13.98,2.1,0.0,16.08,shipmonk_estimate,USD
209605_1,70646cf4-0597-4fba-81ac-3b76a5f95913,Cattasaurus - shoproxstore - Shopify,direct_to_consumer,fulfilled,2026-01-17,2026-01-21,2026-01-17,PA2,FedEx,1,1,13.98,2.1,0.0,16.08,shipmonk_estimate,USD
209606,7090441060662,Cattasaurus - shoproxstore - Shopify,direct_to_consumer,fulfilled,2026-01-17,2026-01-18,2026-01-17,PA2,OnTrac,1,1,12.66,2.1,0.0,14.76,shipmonk_estimate,USD
209607,7090446106934,Cattasaurus - shoproxstore - Shopify,direct_to_consumer,fulfilled,2026-01-17,2026-01-18,2026-01-17,PA2,OnTrac,1,1,8.7,2.1,0.5,11.3,shipmonk_estimate,USD
209608,7090449252662,Cattasaurus - shoproxstore - Shopify,direct_to_consumer,fulfilled,2026-01-17,2026-01-19,2026-01-17,NV3,OnTrac,1,1,17.34,2.1,0.0,19.44,shipmonk_estimate,USD
209609,7090453938486,Cattasaurus - shoproxstore - Shopify,direct_to_consumer,fulfilled,2026-01-17,2026-01-18,2026-01-17,PA2,OnTrac,2,1,12.66,2.4,0.0,15.06,shipmonk_estimate,USD
209610,7090458296630,Cattasaurus - shoproxstore - Shopify,direct_to_consumer,fulfilled,2026-01-17,2026-01-18,2026-01-17,PA2,OnTrac,1,1,14.28,2.1,0.0,16.38,shipmonk_estimate,USD
209611,7090482577718,Cattasaurus - shoproxstore - Shopify,direct_to_consumer,fulfilled,2026-01-17,2026-01-21,2026-01-17,TO1,Passport,1,1,26.75,2.21,0.0,28.96,shipmonk_estimate,CAD+USD
209612,7090499486006,Cattasaurus - shoproxstore - Shopify,direct_to_consumer,fulfilled,2026-01-17,2026-01-26,2026-01-17,TO1,FedEx,1,1,17.87,2.21,0.0,20.08,shipmonk_estimate,CAD+USD
209613,7090500698422,Cattasaurus - shoproxstore - Shopify,direct_to_consumer,fulfilled,2026-01-17,2026-01-18,2026-01-17,PA2,UPS,1,1,16.86,2.1,0.0,18.96,shipmonk_estimate,USD
209614,7090501943606,Cattasaurus - shoproxstore - Shopify,direct_to_consumer,fulfilled,2026-01-17,2026-01-21,2026-01-17,TO1,Passport,1,1,34.72,2.21,0.0,36.93,shipmonk_estimate,CAD+USD
209615,7090506760502,Cattasaurus - shoproxstore - Shopify,direct_to_consumer,fulfilled,2026-01-17,2026-01-26,2026-01-17,TO1,FedEx,1,1,17.87,2.21,0.0,20.08,shipmonk_estimate,CAD+USD
209616,7090506826038,Cattasaurus - shoproxstore - Shopify,direct_to_consumer,fulfilled,2026-01-17,2026-01-18,2026-01-17,PA2,FedEx,1,1,17.65,2.1,0.0,19.75,shipmonk_estimate,USD
209617,7090512724278,Cattasaurus - shoproxstore - Shopify,direct_to_consumer,fulfilled,2026-01-17,2026-01-19,2026-01-17,NV3,OnTrac,1,1,17.4,2.1,0.0,19.5,shipmonk_estimate,USD
209618,7090518065462,Cattasaurus - shoproxstore - Shopify,direct_to_consumer,fulfilled,2026-01-17,2026-01-18,2026-01-17,PA2,OnTrac,1,1,17.91,2.1,0.0,20.01,shipmonk_estimate,USD
209619,7090518982966,Cattasaurus - shoproxstore - Shopify,direct_to_consumer,fulfilled,2026-01-17,2026-01-21,2026-01-17,NV3,OnTrac,1,1,14.35,2.1,0.0,16.45,shipmonk_estimate,USD
209619_1,4cd9608b-db56-4fd6-a7db-8a4a73cb8ee7,Cattasaurus - shoproxstore - Shopify,direct_to_consumer,fulfilled,2026-01-17,2026-01-21,2026-01-17,NV3,OnTrac,1,1,14.35,2.1,0.0,16.45,shipmonk_estimate,USD
209620,7090519834934,Cattasaurus - shoproxstore - Shopify,direct_to_consumer,fulfilled,2026-01-17,2026-01-21,2026-01-17,TO1,Passport,1,1,26.75,2.21,0.0,28.96,shipmonk_estimate,CAD+USD
209621,7090521473334,Cattasaurus - shoproxstore - Shopify,direct_to_consumer,fulfilled,2026-01-17,2026-01-19,2026-01-17,NV3,FedEx,1,1,15.16,2.1,0.0,17.26,shipmonk_estimate,USD
209622,7090522751286,Cattasaurus - shoproxstore - Shopify,direct_to_consumer,fulfilled,2026-01-17,2026-01-19,2026-01-17,NV3,FedEx,1,1,15.16,2.1,0.0,17.26,shipmonk_estimate,USD
209623,7090530582838,Cattasaurus - shoproxstore - Shopify,direct_to_consumer,fulfilled,2026-01-17,2026-01-19,2026-01-17,NV3,UPS,1,1,19.6,2.1,0.0,21.7,shipmonk_estimate,USD
209624,7090534252854,Cattasaurus - shoproxstore - Shopify,direct_to_consumer,fulfilled,2026-01-17,2026-01-18,2026-01-17,PA2,UPS,1,1,19.89,2.1,0.0,21.99,shipmonk_estimate,USD
209625,7090536612150,Cattasaurus - shoproxstore - Shopify,direct_to_consumer,fulfilled,2026-01-17,2026-01-26,2026-01-17,TO1,FedEx,1,1,14.97,2.21,0.0,17.18,shipmonk_estimate,CAD+USD
209626,7090538119478,Cattasaurus - shoproxstore - Shopify,direct_to_consumer,fulfilled,2026-01-17,2026-01-18,2026-01-17,PA2,FedEx,1,1,15.14,2.1,0.0,17.24,shipmonk_estimate,USD
209627,7090547228982,Cattasaurus - shoproxstore - Shopify,direct_to_consumer,fulfilled,2026-01-17,2026-01-18,2026-01-17,PA2,FedEx,1,1,15.16,2.1,0.0,17.26,shipmonk_estimate,USD
209628,7090561122614,Cattasaurus - shoproxstore - Shopify,direct_to_consumer,fulfilled,2026-01-17,2026-01-26,2026-01-17,TO1,FedEx,1,1,22.02,4.73,0.0,26.75,shipmonk_estimate,CAD+USD
209629,7090563285302,Cattasaurus - shoproxstore - Shopify,direct_to_consumer,fulfilled,2026-01-17,2026-01-19,2026-01-17,NV3,UPS,1,1,16.86,2.1,0.0,18.96,shipmonk_estimate,USD
209630,7090567348534,Cattasaurus - shoproxstore - Shopify,direct_to_consumer,fulfilled,2026-01-17,2026-01-19,2026-01-17,NV3,OnTrac,1,1,15.16,2.1,0.0,17.26,shipmonk_estimate,USD
209631,7090569675062,Cattasaurus - shoproxstore - Shopify,direct_to_consumer,fulfilled,2026-01-17,2026-01-19,2026-01-17,PA2,UPS,1,1,14.46,2.1,0.0,16.56,shipmonk_estimate,USD
209632,7090570887478,Cattasaurus - shoproxstore - Shopify,direct_to_consumer,fulfilled,2026-01-17,2026-01-27,2026-01-17,TO1,Passport,1,1,35.77,2.91,0.0,38.68,shipmonk_estimate,CAD+USD
209633,7090581733686,Cattasaurus - shoproxstore - Shopify,direct_to_consumer,fulfilled,2026-01-17,2026-01-19,2026-01-17,PA2,UPS,1,1,16.26,2.1,0.0,18.36,shipmonk_estimate,USD
209634,7090585567542,Cattasaurus - shoproxstore - Shopify,direct_to_consumer,fulfilled,2026-01-17,2026-01-19,2026-01-17,PA2,UPS,1,1,20.26,2.1,0.0,22.36,shipmonk_estimate,USD
209635,7090591826230,Cattasaurus - shoproxstore - Shopify,direct_to_consumer,fulfilled,2026-01-17,2026-01-18,2026-01-17,PA2,FedEx,1,1,15.16,2.1,0.0,17.26,shipmonk_estimate,USD
209636,7090594578742,Cattasaurus - shoproxstore - Shopify,direct_to_consumer,fulfilled,2026-01-17,2026-01-19,2026-01-17,PA2,OnTrac,1,1,19.89,2.1,0.0,21.99,shipmonk_estimate,USD
209637,7090596348214,Cattasaurus - shoproxstore - Shopify,direct_to_consumer,fulfilled,2026-01-17,2026-01-19,2026-01-17,PA2,FedEx,1,1,16.83,2.1,0.0,18.93,shipmonk_estimate,USD
209638,7090596512054,Cattasaurus - shoproxstore - Shopify,direct_to_consumer,fulfilled,2026-01-17,2026-01-18,2026-01-17,PA2,FedEx,1,1,17.65,2.1,0.0,19.75,shipmonk_estimate,USD
209639,7090596643126,Cattasaurus - shoproxstore - Shopify,direct_to_consumer,fulfilled,2026-01-17,2026-01-18,2026-01-17,PA2,OnTrac,1,1,12.45,2.1,0.0,14.55,shipmonk_estimate,USD
209640,7090597364022,Cattasaurus - shoproxstore - Shopify,direct_to_consumer,fulfilled,2026-01-17,2026-01-19,2026-01-17,PA2,OnTrac,1,1,12.66,2.1,0.0,14.76,shipmonk_estimate,USD
209641,7090597822774,Cattasaurus - shoproxstore - Shopify,direct_to_consumer,fulfilled,2026-01-17,2026-01-22,2026-01-17,PA2,OnTrac,1,1,12.57,1.8,0.0,14.37,shipmonk_estimate,USD
209641_1,f783e74c-697c-48a6-8e2a-9f300ce637c4,Cattasaurus - shoproxstore - Shopify,direct_to_consumer,fulfilled,2026-01-17,2026-01-21,2026-01-17,PA2,OnTrac,1,1,9.45,0.3,0.0,9.75,shipmonk_estimate,USD
209641_2,87f763ef-b7d3-45ac-9e78-6bab57634490,Cattasaurus - shoproxstore - Shopify,direct_to_consumer,fulfilled,2026-01-17,2026-01-21,2026-01-17,PA2,OnTrac,1,1,8.72,1.5,0.0,10.22,shipmonk_estimate,USD
209642,7090601427254,Cattasaurus - shoproxstore - Shopify,direct_to_consumer,fulfilled,2026-01-17,2026-01-19,2026-01-17,NV3,OnTrac,2,1,12.77,2.4,0.0,15.17,shipmonk_estimate,USD
209643,7090602705206,Cattasaurus - shoproxstore - Shopify,direct_to_consumer,fulfilled,2026-01-17,2026-01-21,2026-01-17,PA2,FedEx,1,1,15.14,2.1,0.0,17.24,shipmonk_estimate,USD
209643_1,495b7bce-aa56-49ee-816a-e2db242b7418,Cattasaurus - shoproxstore - Shopify,direct_to_consumer,fulfilled,2026-01-17,2026-01-21,2026-01-17,PA2,FedEx,1,1,15.92,1.8,0.0,17.72,shipmonk_estimate,USD
209644,7090603622710,Cattasaurus - shoproxstore - Shopify,direct_to_consumer,fulfilled,2026-01-17,2026-01-19,2026-01-17,PA2,OnTrac,1,1,17.17,2.7,0.0,19.87,shipmonk_estimate,USD
209645,7090605359414,Cattasaurus - shoproxstore - Shopify,direct_to_consumer,fulfilled,2026-01-17,2026-01-19,2026-01-17,PA2,OnTrac,1,1,19.09,2.1,0.0,21.19,shipmonk_estimate,USD
209646,7090606080310,Cattasaurus - shoproxstore - Shopify,direct_to_consumer,fulfilled,2026-01-17,2026-01-19,2026-01-17,PA2,FedEx,1,1,21.5,1.8,0.0,23.3,shipmonk_estimate,USD
209647,7090608013622,Cattasaurus - shoproxstore - Shopify,direct_to_consumer,fulfilled,2026-01-17,2026-01-21,2026-01-17,PA2,UPS,1,1,15.97,2.4,0.0,18.37,shipmonk_estimate,USD
209648,7090609127734,Cattasaurus - shoproxstore - Shopify,direct_to_consumer,fulfilled,2026-01-17,2026-01-21,2026-01-17,PA2,OnTrac,1,1,15.65,2.4,0.0,18.05,shipmonk_estimate,USD
209649,7090617549110,Cattasaurus - shoproxstore - Shopify,direct_to_consumer,fulfilled,2026-01-17,2026-01-26,2026-01-17,TO1,FedEx,1,1,26.04,2.21,0.0,28.25,shipmonk_estimate,CAD+USD
209650,7090622202166,Cattasaurus - shoproxstore - Shopify,direct_to_consumer,fulfilled,2026-01-17,2026-01-19,2026-01-17,NV3,UPS,2,1,19.89,2.7,0.0,22.59,shipmonk_estimate,USD
209651,7090641666358,Cattasaurus - shoproxstore - Shopify,direct_to_consumer,fulfilled,2026-01-17,2026-01-27,2026-01-17,TO1,FedEx,1,1,26.04,2.21,0.0,28.25,shipmonk_estimate,CAD+USD
209652,7090645106998,Cattasaurus - shoproxstore - Shopify,direct_to_consumer,fulfilled,2026-01-17,2026-01-26,2026-01-17,TO1,FedEx,1,1,36.08,2.21,0.0,38.29,shipmonk_estimate,CAD+USD
209653,7090646286646,Cattasaurus - shoproxstore - Shopify,direct_to_consumer,fulfilled,2026-01-17,2026-01-19,2026-01-17,PA2,OnTrac,1,1,14.14,2.1,0.0,16.24,shipmonk_estimate,USD
209654,7090647597366,Cattasaurus - shoproxstore - Shopify,direct_to_consumer,fulfilled,2026-01-17,2026-01-19,2026-01-17,PA2,OnTrac,1,1,17.34,2.4,0.0,19.74,shipmonk_estimate,USD
209655,7090648154422,Cattasaurus - shoproxstore - Shopify,direct_to_consumer,fulfilled,2026-01-17,2026-01-19,2026-01-17,PA2,UPS,1,1,20.26,2.1,0.0,22.36,shipmonk_estimate,USD
209656,7090658312502,Cattasaurus - shoproxstore - Shopify,direct_to_consumer,fulfilled,2026-01-17,2026-01-27,2026-01-17,TO1,Passport,1,1,41.24,2.21,0.0,43.45,shipmonk_estimate,CAD+USD
209657,7090664702262,Cattasaurus - shoproxstore - Shopify,direct_to_consumer,fulfilled,2026-01-17,2026-01-21,2026-01-17,TO1,Passport,1,1,38.13,2.21,0.0,40.34,shipmonk_estimate,CAD+USD
209658,7090666570038,Cattasaurus - shoproxstore - Shopify,direct_to_consumer,fulfilled,2026-01-17,2026-01-19,2026-01-17,PA2,OnTrac,1,1,12.45,2.1,0.0,14.55,shipmonk_estimate,USD
209659,7090672533814,Cattasaurus - shoproxstore - Shopify,direct_to_consumer,fulfilled,2026-01-17,2026-01-19,2026-01-17,NV3,OnTrac,1,1,15.16,2.1,0.0,17.26,shipmonk_estimate,USD
209660,7090673516854,Cattasaurus - shoproxstore - Shopify,direct_to_consumer,fulfilled,2026-01-17,2026-01-21,2026-01-17,TO1,Passport,1,1,26.75,2.21,0.0,28.96,shipmonk_estimate,CAD+USD
209661,7090684592438,Cattasaurus - shoproxstore - Shopify,direct_to_consumer,fulfilled,2026-01-17,2026-01-21,2026-01-17,TO1,Passport,1,1,29.21,2.21,0.0,31.42,shipmonk_estimate,CAD+USD
209662,7090686624054,Cattasaurus - shoproxstore - Shopify,direct_to_consumer,fulfilled,2026-01-17,2026-01-21,2026-01-17,TO1,Passport,1,1,38.13,2.21,0.0,40.34,shipmonk_estimate,CAD+USD
209663,7090688000310,Cattasaurus - shoproxstore - Shopify,direct_to_consumer,fulfilled,2026-01-17,2026-01-27,2026-01-17,TO1,Passport,1,1,41.57,2.21,0.0,43.78,shipmonk_estimate,CAD+USD
209664,7090688164150,Cattasaurus - shoproxstore - Shopify,direct_to_consumer,fulfilled,2026-01-17,2026-01-21,2026-01-17,TO1,Passport,1,1,37.79,2.21,0.0,40.0,shipmonk_estimate,CAD+USD
209665,7090688917814,Cattasaurus - shoproxstore - Shopify,direct_to_consumer,fulfilled,2026-01-17,2026-01-19,2026-01-17,PA2,OnTrac,1,1,12.66,2.1,0.0,14.76,shipmonk_estimate,USD
209666,7090688983350,Cattasaurus - shoproxstore - Shopify,direct_to_consumer,fulfilled,2026-01-17,2026-01-17,2026-01-17,PA2,OnTrac,1,1,16.37,2.1,0.0,18.47,shipmonk_estimate,USD
209667,7090693341494,Cattasaurus - shoproxstore - Shopify,direct_to_consumer,fulfilled,2026-01-17,2026-01-19,2026-01-17,NV3,OnTrac,1,1,15.97,2.1,0.0,18.07,shipmonk_estimate,USD
209668,7090705498422,Cattasaurus - shoproxstore - Shopify,direct_to_consumer,fulfilled,2026-01-17,2026-01-19,2026-01-17,PA2,FedEx,1,1,13.0,2.1,0.0,15.1,shipmonk_estimate,USD
209669,7090707464502,Cattasaurus - shoproxstore - Shopify,direct_to_consumer,fulfilled,2026-01-17,2026-01-19,2026-01-17,PA2,OnTrac,1,1,14.14,2.1,0.0,16.24,shipmonk_estimate,USD
209670,7090707497270,Cattasaurus - shoproxstore - Shopify,direct_to_consumer,fulfilled,2026-01-17,2026-01-21,2026-01-17,TO1,Passport,1,1,38.13,2.21,0.0,40.34,shipmonk_estimate,CAD+USD
209671,7090708283702,Cattasaurus - shoproxstore - Shopify,direct_to_consumer,fulfilled,2026-01-17,2026-01-19,2026-01-17,PA2,FedEx,1,1,17.65,2.1,0.0,19.75,shipmonk_estimate,USD
209672,7090713395510,Cattasaurus - shoproxstore - Shopify,direct_to_consumer,fulfilled,2026-01-17,2026-01-26,2026-01-17,TO1,Passport,1,1,39.68,2.21,0.0,41.89,shipmonk_estimate,CAD+USD
209673,7090715099446,Cattasaurus - shoproxstore - Shopify,direct_to_consumer,fulfilled,2026-01-17,2026-01-26,2026-01-17,TO1,FedEx,1,1,17.33,2.91,0.0,20.24,shipmonk_estimate,CAD+USD
209674,7090728698166,Cattasaurus - shoproxstore - Shopify,direct_to_consumer,fulfilled,2026-01-17,2026-01-27,2026-01-17,TO1,FedEx,1,1,35.06,2.21,0.0,37.27,shipmonk_estimate,CAD+USD
209674_1,984520bb-e093-42bf-bff4-b2f230c272c6,Cattasaurus - shoproxstore - Shopify,direct_to_consumer,fulfilled,2026-01-17,2026-01-27,2026-01-17,TO1,FedEx,1,1,35.07,2.21,0.0,37.28,shipmonk_estimate,CAD+USD
209675,7090737316150,Cattasaurus - shoproxstore - Shopify,direct_to_consumer,fulfilled,2026-01-17,2026-01-26,2026-01-17,TO1,FedEx,1,1,36.08,2.21,0.0,38.29,shipmonk_estimate,CAD+USD
209676,7090739708214,Cattasaurus - shoproxstore - Shopify,direct_to_consumer,fulfilled,2026-01-17,2026-01-21,2026-01-17,PA2,FedEx,1,1,18.2,2.4,0.0,20.6,shipmonk_estimate,USD
209677,7090743869750,Cattasaurus - shoproxstore - Shopify,direct_to_consumer,fulfilled,2026-01-17,2026-01-26,2026-01-17,TO1,FedEx,1,1,15.11,2.91,0.0,18.02,shipmonk_estimate,CAD+USD
209678,7090764382518,Cattasaurus - shoproxstore - Shopify,direct_to_consumer,fulfilled,2026-01-17,2026-01-19,2026-01-17,NV3,FedEx,1,1,20.86,2.1,0.0,22.96,shipmonk_estimate,USD
209679,7090772312374,Cattasaurus - shoproxstore - Shopify,direct_to_consumer,fulfilled,2026-01-17,2026-01-19,2026-01-17,NV3,UPS,1,1,15.16,2.1,0.0,17.26,shipmonk_estimate,USD
209680,7090781389110,Cattasaurus - shoproxstore - Shopify,direct_to_consumer,fulfilled,2026-01-17,2026-01-19,2026-01-17,PA2,FedEx,1,1,17.65,2.1,0.0,19.75,shipmonk_estimate,USD
209681,7090781421878,Cattasaurus - shoproxstore - Shopify,direct_to_consumer,fulfilled,2026-01-17,2026-01-19,2026-01-17,NV3,OnTrac,1,1,12.45,2.1,0.0,14.55,shipmonk_estimate,USD
209682,7090784174390,Cattasaurus - shoproxstore - Shopify,direct_to_consumer,fulfilled,2026-01-17,2026-01-26,2026-01-17,TO1,FedEx,1,1,14.97,2.21,0.0,17.18,shipmonk_estimate,CAD+USD
209683,7090787483958,Cattasaurus - shoproxstore - Shopify,direct_to_consumer,fulfilled,2026-01-17,2026-01-19,2026-01-17,NV3,OnTrac,1,1,15.16,2.1,0.0,17.26,shipmonk_estimate,USD
209684,7090787942710,Cattasaurus - shoproxstore - Shopify,direct_to_consumer,fulfilled,2026-01-17,2026-01-19,2026-01-17,NV3,OnTrac,1,1,20.28,2.1,0.0,22.38,shipmonk_estimate,USD
209685,7090788237622,Cattasaurus - shoproxstore - Shopify,direct_to_consumer,fulfilled,2026-01-17,2026-01-19,2026-01-17,NV3,UPS,1,1,24.25,2.1,0.0,26.35,shipmonk_estimate,USD
209686,7090789515574,Cattasaurus - shoproxstore - Shopify,direct_to_consumer,fulfilled,2026-01-17,2026-01-19,2026-01-17,PA2,UPS,1,1,14.14,2.1,0.0,16.24,shipmonk_estimate,USD
209687,7090794561846,Cattasaurus - shoproxstore - Shopify,direct_to_consumer,fulfilled,2026-01-17,2026-01-19,2026-01-17,NV3,OnTrac,1,1,12.66,2.1,0.0,14.76,shipmonk_estimate,USD
209688,7090796986678,Cattasaurus - shoproxstore - Shopify,direct_to_consumer,fulfilled,2026-01-17,2026-01-19,2026-01-17,PA2,FedEx,1,1,19.89,2.4,0.0,22.29,shipmonk_estimate,USD
209689,7090805997878,Cattasaurus - shoproxstore - Shopify,direct_to_consumer,fulfilled,2026-01-17,2026-01-19,2026-01-17,PA2,FedEx,1,1,12.45,2.1,0.0,14.55,shipmonk_estimate,USD
209690,7090813960502,Cattasaurus - shoproxstore - Shopify,direct_to_consumer,fulfilled,2026-01-17,2026-01-26,2026-01-17,TO1,FedEx,1,1,36.08,2.21,0.0,38.29,shipmonk_estimate,CAD+USD
209691,7090814320950,Cattasaurus - shoproxstore - Shopify,direct_to_consumer,fulfilled,2026-01-17,2026-01-19,2026-01-17,NV3,OnTrac,1,1,20.28,2.1,0.0,22.38,shipmonk_estimate,USD
209692,7090826150198,Cattasaurus - shoproxstore - Shopify,direct_to_consumer,fulfilled,2026-01-17,2026-01-19,2026-01-17,PA2,OnTrac,1,1,12.45,2.1,0.0,14.55,shipmonk_estimate,USD
209693,7090830115126,Cattasaurus - shoproxstore - Shopify,direct_to_consumer,fulfilled,2026-01-17,2026-01-21,2026-01-17,PA2,UPS,1,1,15.65,2.4,0.0,18.05,shipmonk_estimate,USD
209694,7090831819062,Cattasaurus - shoproxstore - Shopify,direct_to_consumer,fulfilled,2026-01-17,2026-01-26,2026-01-17,TO1,FedEx,1,1,34.83,2.21,0.0,37.04,shipmonk_estimate,CAD+USD
209695,7090833981750,Cattasaurus - shoproxstore - Shopify,direct_to_consumer,fulfilled,2026-01-17,2026-01-26,2026-01-17,TO1,FedEx,1,1,17.33,2.21,0.0,19.54,shipmonk_estimate,CAD+USD
209696,7090841551158,Cattasaurus - shoproxstore - Shopify,direct_to_consumer,fulfilled,2026-01-17,2026-01-26,2026-01-17,TO1,FedEx,1,1,12.71,2.21,0.0,14.92,shipmonk_estimate,CAD+USD
209697,7090844434742,Cattasaurus - shoproxstore - Shopify,direct_to_consumer,fulfilled,2026-01-17,2026-01-21,2026-01-17,NV3,OnTrac,1,1,15.77,2.1,0.0,17.87,shipmonk_estimate,USD
209697_1,a0ccce08-dc33-41ab-81de-db7eb817c2fc,Cattasaurus - shoproxstore - Shopify,direct_to_consumer,fulfilled,2026-01-17,2026-01-21,2026-01-17,NV3,OnTrac,1,1,15.16,2.1,0.0,17.26,shipmonk_estimate,USD
209698,7090850627894,Cattasaurus - shoproxstore - Shopify,direct_to_consumer,fulfilled,2026-01-17,2026-01-19,2026-01-17,PA2,OnTrac,1,1,14.27,2.4,0.0,16.67,shipmonk_estimate,USD
209699,7090851152182,Cattasaurus - shoproxstore - Shopify,direct_to_consumer,fulfilled,2026-01-17,2026-01-26,2026-01-17,TO1,FedEx,1,1,14.97,2.21,0.0,17.18,shipmonk_estimate,CAD+USD
209700,7090854428982,Cattasaurus - shoproxstore - Shopify,direct_to_consumer,fulfilled,2026-01-17,2026-01-21,2026-01-17,PA2,FedEx,1,1,18.2,2.4,0.0,20.6,shipmonk_estimate,USD
209701,7090858590518,Cattasaurus - shoproxstore - Shopify,direct_to_consumer,fulfilled,2026-01-17,2026-01-19,2026-01-17,NV3,OnTrac,1,1,14.27,2.1,0.0,16.37,shipmonk_estimate,USD
209702,7090861113654,Cattasaurus - shoproxstore - Shopify,direct_to_consumer,fulfilled,2026-01-17,2026-01-26,2026-01-17,TO1,FedEx,1,1,36.08,2.21,0.0,38.29,shipmonk_estimate,CAD+USD
209703,7090867667254,Cattasaurus - shoproxstore - Shopify,direct_to_consumer,fulfilled,2026-01-17,2026-01-19,2026-01-17,NV3,FedEx,1,1,21.8,2.4,0.0,24.2,shipmonk_estimate,USD
209704,7090871599414,Cattasaurus - shoproxstore - Shopify,direct_to_consumer,fulfilled,2026-01-17,2026-01-19,2026-01-17,PA2,OnTrac,1,1,13.58,2.7,0.0,16.28,shipmonk_estimate,USD
209705,7090873598262,Cattasaurus - shoproxstore - Shopify,direct_to_consumer,fulfilled,2026-01-17,2026-01-22,2026-01-17,PA2,OnTrac,1,1,15.77,2.1,0.0,17.87,shipmonk_estimate,USD
209705_1,75b5ca2f-3a0d-4602-824a-fdb0860adb26,Cattasaurus - shoproxstore - Shopify,direct_to_consumer,fulfilled,2026-01-17,2026-01-21,2026-01-17,PA2,OnTrac,1,1,15.16,2.1,0.0,17.26,shipmonk_estimate,USD
209706,7090879758646,Cattasaurus - shoproxstore - Shopify,direct_to_consumer,fulfilled,2026-01-17,2026-01-27,2026-01-17,TO1,FedEx,1,1,26.04,2.21,0.0,28.25,shipmonk_estimate,CAD+USD
209707,7090886017334,Cattasaurus - shoproxstore - Shopify,direct_to_consumer,fulfilled,2026-01-17,2026-01-23,2026-01-17,TO1,FedEx,1,1,36.08,2.21,0.0,38.29,shipmonk_estimate,CAD+USD
209708,7090889195830,Cattasaurus - shoproxstore - Shopify,direct_to_consumer,fulfilled,2026-01-17,2026-01-23,2026-01-17,TO1,FedEx,1,1,29.91,2.21,0.0,32.12,shipmonk_estimate,CAD+USD
209709,7090889294134,Cattasaurus - shoproxstore - Shopify,direct_to_consumer,fulfilled,2026-01-17,2026-01-21,2026-01-17,TO1,Passport,1,1,26.75,2.21,0.0,28.96,shipmonk_estimate,CAD+USD
209710,7090890015030,Cattasaurus - shoproxstore - Shopify,direct_to_consumer,fulfilled,2026-01-17,2026-01-19,2026-01-17,NV3,UPS,1,1,19.89,2.1,0.0,21.99,shipmonk_estimate,USD
209711,7090898698550,Cattasaurus - shoproxstore - Shopify,direct_to_consumer,fulfilled,2026-01-17,2026-01-21,2026-01-17,TO1,Passport,1,1,26.75,2.21,0.0,28.96,shipmonk_estimate,CAD+USD
209712,7090900795702,Cattasaurus - shoproxstore - Shopify,direct_to_consumer,fulfilled,2026-01-17,2026-01-19,2026-01-17,PA2,OnTrac,1,1,15.16,2.1,0.0,17.26,shipmonk_estimate,USD
209713,7090903941430,Cattasaurus - shoproxstore - Shopify,direct_to_consumer,fulfilled,2026-01-17,2026-01-19,2026-01-17,PA2,OnTrac,1,1,14.14,2.1,0.0,16.24,shipmonk_estimate,USD
209714,7090905645366,Cattasaurus - shoproxstore - Shopify,direct_to_consumer,fulfilled,2026-01-17,2026-01-19,2026-01-17,NV3,OnTrac,1,1,12.45,2.1,0.0,14.55,shipmonk_estimate,USD
209715,7090906497334,Cattasaurus - shoproxstore - Shopify,direct_to_consumer,fulfilled,2026-01-17,2026-01-19,2026-01-17,NV3,OnTrac,1,1,17.17,2.7,0.0,19.87,shipmonk_estimate,USD
209716,7090908791094,Cattasaurus - shoproxstore - Shopify,direct_to_consumer,fulfilled,2026-01-17,2026-01-19,2026-01-17,PA2,DHL eCommerce,1,1,11.96,2.4,0.5,14.86,shipmonk_estimate,USD
209717,7090910331190,Cattasaurus - shoproxstore - Shopify,direct_to_consumer,fulfilled,2026-01-17,2026-01-21,2026-01-17,PA2,UPS,2,1,14.27,3.3,0.0,17.57,shipmonk_estimate,USD
209718,7090912723254,Cattasaurus - shoproxstore - Shopify,direct_to_consumer,fulfilled,2026-01-17,2026-01-19,2026-01-17,NV3,FedEx,1,1,13.98,2.1,0.0,16.08,shipmonk_estimate,USD
209719,7090912919862,Cattasaurus - shoproxstore - Shopify,direct_to_consumer,fulfilled,2026-01-17,2026-01-22,2026-01-17,PA2,FedEx,1,1,17.65,2.1,0.0,19.75,shipmonk_estimate,USD
209719_1,b23bf876-374f-43de-aae8-d2d905e71f4b,Cattasaurus - shoproxstore - Shopify,direct_to_consumer,fulfilled,2026-01-17,2026-01-21,2026-01-17,PA2,FedEx,1,1,15.16,1.8,0.0,16.96,shipmonk_estimate,USD
209719_2,cd93803d-3e33-49fa-8182-b25eee2aff10,Cattasaurus - shoproxstore - Shopify,direct_to_consumer,fulfilled,2026-01-17,2026-01-21,2026-01-17,PA2,DHL eCommerce,1,1,10.37,1.5,0.0,11.87,shipmonk_estimate,USD
209719_3,6ef249b3-e28f-4a7e-8302-f906653b0f15,Cattasaurus - shoproxstore - Shopify,direct_to_consumer,fulfilled,2026-01-17,2026-01-21,2026-01-17,PA2,UPS,1,1,12.0,1.5,0.0,13.5,shipmonk_estimate,USD
209719_4,a7f960fb-4679-4931-8b2e-4df346510bd6,Cattasaurus - shoproxstore - Shopify,direct_to_consumer,fulfilled,2026-01-17,2026-01-21,2026-01-17,PA2,DHL eCommerce,1,1,8.8,1.5,0.0,10.3,shipmonk_estimate,USD
209719_5,7c1442bc-757b-4790-a051-092305c122e5,Cattasaurus - shoproxstore - Shopify,direct_to_consumer,fulfilled,2026-01-17,2026-01-22,2026-01-17,PA2,UPS,1,1,10.37,1.5,0.0,11.87,shipmonk_estimate,USD
209719_6,9be9280c-bb8c-4eda-822d-86af0fcf1b67,Cattasaurus - shoproxstore - Shopify,direct_to_consumer,fulfilled,2026-01-17,2026-01-21,2026-01-17,PA2,FedEx,1,1,13.5,2.5,0.0,16.0,shipmonk_estimate,USD
209720,7090917179702,Cattasaurus - shoproxstore - Shopify,direct_to_consumer,fulfilled,2026-01-17,2026-01-26,2026-01-17,TO1,FedEx,1,1,24.42,2.21,0.0,26.63,shipmonk_estimate,CAD+USD
209721,7090942902582,Cattasaurus - shoproxstore - Shopify,direct_to_consumer,fulfilled,2026-01-17,2026-01-27,2026-01-17,TO1,FedEx,1,1,26.04,2.21,0.0,28.25,shipmonk_estimate,CAD+USD
209722,7090946048310,Cattasaurus - shoproxstore - Shopify,direct_to_consumer,fulfilled,2026-01-17,2026-01-19,2026-01-17,PA2,OnTrac,1,1,17.34,2.4,0.0,19.74,shipmonk_estimate,USD
209723,7090947064118,Cattasaurus - shoproxstore - Shopify,direct_to_consumer,fulfilled,2026-01-17,2026-01-19,2026-01-17,NV3,OnTrac,1,1,14.35,2.7,0.0,17.05,shipmonk_estimate,USD
209724,7090960335158,Cattasaurus - shoproxstore - Shopify,direct_to_consumer,fulfilled,2026-01-17,2026-01-19,2026-01-17,NV3,OnTrac,1,1,20.28,2.1,0.0,22.38,shipmonk_estimate,USD
209725,7090960630070,Cattasaurus - shoproxstore - Shopify,direct_to_consumer,fulfilled,2026-01-17,2026-01-26,2026-01-17,TO1,FedEx,1,1,33.67,2.21,0.0,35.88,shipmonk_estimate,CAD+USD
209726,7090962923830,Cattasaurus - shoproxstore - Shopify,direct_to_consumer,fulfilled,2026-01-17,2026-01-26,2026-01-17,TO1,FedEx,1,1,30.18,2.91,0.0,33.09,shipmonk_estimate,CAD+USD
209727,7090966888758,Cattasaurus - shoproxstore - Shopify,direct_to_consumer,fulfilled,2026-01-17,2026-01-21,2026-01-17,NV3,OnTrac,1,1,13.52,2.1,0.0,15.62,shipmonk_estimate,USD
209727_1,1e62aefa-0cf4-4f6c-8853-14544cf55a9e,Cattasaurus - shoproxstore - Shopify,direct_to_consumer,fulfilled,2026-01-17,2026-01-21,2026-01-17,PA2,OnTrac,1,1,14.37,1.5,0.0,15.87,shipmonk_estimate,USD
209728,7090971803958,Cattasaurus - shoproxstore - Shopify,direct_to_consumer,fulfilled,2026-01-17,2026-01-27,2026-01-17,TO1,Passport,1,1,37.52,2.21,0.0,39.73,shipmonk_estimate,CAD+USD
209728_1,19cc9870-da3e-462b-a247-b61069c9bc3a,Cattasaurus - shoproxstore - Shopify,direct_to_consumer,fulfilled,2026-01-17,2026-01-27,2026-01-17,TO1,Passport,1,1,42.25,2.21,0.0,44.46,shipmonk_estimate,CAD+USD
209729,7090976620854,Cattasaurus - shoproxstore - Shopify,direct_to_consumer,fulfilled,2026-01-17,2026-01-19,2026-01-17,PA2,FedEx,1,1,13.0,2.7,0.0,15.7,shipmonk_estimate,USD
209730,7090979701046,Cattasaurus - shoproxstore - Shopify,direct_to_consumer,fulfilled,2026-01-17,2026-01-19,2026-01-17,NV3,OnTrac,2,1,17.4,2.4,0.0,19.8,shipmonk_estimate,USD
209731,7090990448950,Cattasaurus - shoproxstore - Shopify,direct_to_consumer,fulfilled,2026-01-17,2026-01-19,2026-01-17,NV3,OnTrac,1,1,12.45,2.7,0.0,15.15,shipmonk_estimate,USD
209732,7090992873782,Cattasaurus - shoproxstore - Shopify,direct_to_consumer,fulfilled,2026-01-17,2026-01-21,2026-01-17,TO1,Passport,1,1,29.21,2.21,0.0,31.42,shipmonk_estimate,CAD+USD
209733,7090996576566,Cattasaurus - shoproxstore - Shopify,direct_to_consumer,fulfilled,2026-01-17,2026-01-19,2026-01-17,PA2,FedEx,1,1,18.56,2.1,0.0,20.66,shipmonk_estimate,USD
209734,7091000967478,Cattasaurus - shoproxstore - Shopify,direct_to_consumer,fulfilled,2026-01-17,2026-01-23,2026-01-17,TO1,FedEx,1,1,17.87,2.21,0.0,20.08,shipmonk_estimate,CAD+USD
209735,7091002868022,Cattasaurus - shoproxstore - Shopify,direct_to_consumer,fulfilled,2026-01-17,2026-01-21,2026-01-17,TO1,Passport,1,1,30.23,2.21,0.0,32.44,shipmonk_estimate,CAD+USD
209736,7091003359542,Cattasaurus - shoproxstore - Shopify,direct_to_consumer,fulfilled,2026-01-17,2026-01-19,2026-01-17,PA2,UPS,1,1,20.26,2.1,0.0,22.36,shipmonk_estimate,USD
209737,7091005882678,Cattasaurus - shoproxstore - Shopify,direct_to_consumer,fulfilled,2026-01-17,2026-01-19,2026-01-17,NV3,OnTrac,1,1,12.45,2.1,0.0,14.55,shipmonk_estimate,USD
209738,7091009290550,Cattasaurus - shoproxstore - Shopify,direct_to_consumer,fulfilled,2026-01-17,2026-01-26,2026-01-17,TO1,FedEx,1,1,14.97,2.21,0.0,17.18,shipmonk_estimate,CAD+USD
209739,7091017679158,Cattasaurus - shoproxstore - Shopify,direct_to_consumer,fulfilled,2026-01-17,2026-01-23,2026-01-17,TO1,FedEx,1,1,30.73,2.21,0.0,32.94,shipmonk_estimate,CAD+USD
209740,7091021742390,Cattasaurus - shoproxstore - Shopify,direct_to_consumer,fulfilled,2026-01-17,2026-01-26,2026-01-17,TO1,FedEx,1,1,36.08,6.24,0.0,42.32,shipmonk_estimate,CAD+USD
209741,7091022135606,Cattasaurus - shoproxstore - Shopify,direct_to_consumer,fulfilled,2026-01-17,2026-01-19,2026-01-17,PA2,FedEx,1,1,21.5,2.1,0.0,23.6,shipmonk_estimate,USD
209742,7091035668790,Cattasaurus - shoproxstore - Shopify,direct_to_consumer,fulfilled,2026-01-17,2026-01-19,2026-01-17,NV3,OnTrac,1,1,9.29,1.5,0.0,10.79,shipmonk_estimate,USD
209743,7091042976054,Cattasaurus - shoproxstore - Shopify,direct_to_consumer,fulfilled,2026-01-17,2026-01-19,2026-01-17,NV3,OnTrac,2,1,12.66,2.4,0.0,15.06,shipmonk_estimate,USD
209744,7091045564726,Cattasaurus - shoproxstore - Shopify,direct_to_consumer,fulfilled,2026-01-17,2026-01-19,2026-01-17,NV3,FedEx,1,1,19.35,2.1,0.0,21.45,shipmonk_estimate,USD
209745,7091049431350,Cattasaurus - shoproxstore - Shopify,direct_to_consumer,fulfilled,2026-01-17,2026-01-21,2026-01-17,TO1,Passport,1,1,38.64,2.21,0.0,40.85,shipmonk_estimate,CAD+USD
209746,7091050807606,Cattasaurus - shoproxstore - Shopify,direct_to_consumer,fulfilled,2026-01-17,2026-01-26,2026-01-17,TO1,FedEx,1,1,34.04,2.21,0.0,36.25,shipmonk_estimate,CAD+USD
209747,7091051659574,Cattasaurus - shoproxstore - Shopify,direct_to_consumer,fulfilled,2026-01-17,2026-01-19,2026-01-17,NV3,FedEx,1,1,13.98,2.1,0.0,16.08,shipmonk_estimate,USD
209748,7091052773686,Cattasaurus - shoproxstore - Shopify,direct_to_consumer,fulfilled,2026-01-17,2026-01-19,2026-01-17,PA2,OnTrac,1,1,12.66,2.1,0.0,14.76,shipmonk_estimate,USD
209749,7091055952182,Cattasaurus - shoproxstore - Shopify,direct_to_consumer,fulfilled,2026-01-17,2026-01-26,2026-01-17,TO1,FedEx,1,1,30.16,2.21,0.0,32.37,shipmonk_estimate,CAD+USD
209750,7091074892086,Cattasaurus - shoproxstore - Shopify,direct_to_consumer,fulfilled,2026-01-17,2026-01-26,2026-01-17,TO1,FedEx,1,1,36.08,4.73,0.0,40.81,shipmonk_estimate,CAD+USD
209751,7091075252534,Cattasaurus - shoproxstore - Shopify,direct_to_consumer,fulfilled,2026-01-17,2026-01-27,2026-01-17,TO1,FedEx,1,1,26.04,2.21,0.0,28.25,shipmonk_estimate,CAD+USD
209752,7091077349686,Cattasaurus - shoproxstore - Shopify,direct_to_consumer,fulfilled,2026-01-17,2026-01-19,2026-01-17,PA2,OnTrac,1,1,13.0,2.1,0.0,15.1,shipmonk_estimate,USD
209753,7091083018550,Cattasaurus - shoproxstore - Shopify,direct_to_consumer,fulfilled,2026-01-17,2026-01-19,2026-01-17,NV3,FedEx,1,1,13.98,2.1,0.0,16.08,shipmonk_estimate,USD
209754,7091083739446,Cattasaurus - shoproxstore - Shopify,direct_to_consumer,fulfilled,2026-01-17,2026-01-19,2026-01-17,NV3,FedEx,1,1,14.57,2.1,0.0,16.67,shipmonk_estimate,USD
209756,7091089506614,Cattasaurus - shoproxstore - Shopify,direct_to_consumer,fulfilled,2026-01-17,2026-01-19,2026-01-17,PA2,FedEx,1,1,13.98,2.1,0.0,16.08,shipmonk_estimate,USD
209757,7091089768758,Cattasaurus - shoproxstore - Shopify,direct_to_consumer,fulfilled,2026-01-17,2026-01-19,2026-01-17,NV3,FedEx,1,1,17.65,2.1,0.0,19.75,shipmonk_estimate,USD
209758,7091090620726,Cattasaurus - shoproxstore - Shopify,direct_to_consumer,fulfilled,2026-01-17,2026-01-27,2026-01-17,TO1,FedEx,1,1,26.04,2.21,0.0,28.25,shipmonk_estimate,CAD+USD
209759,7091098059062,Cattasaurus - shoproxstore - Shopify,direct_to_consumer,fulfilled,2026-01-17,2026-01-19,2026-01-17,PA2,OnTrac,1,1,11.68,2.1,0.0,13.78,shipmonk_estimate,USD
209760,7091101663542,Cattasaurus - shoproxstore - Shopify,direct_to_consumer,fulfilled,2026-01-17,2026-01-26,2026-01-17,TO1,FedEx,1,1,30.16,2.21,0.0,32.37,shipmonk_estimate,CAD+USD
209761,7091109986614,Cattasaurus - shoproxstore - Shopify,direct_to_consumer,fulfilled,2026-01-17,2026-01-21,2026-01-17,TO1,Passport,1,1,26.75,2.21,0.0,28.96,shipmonk_estimate,CAD+USD
209762,7091136692534,Cattasaurus - shoproxstore - Shopify,direct_to_consumer,fulfilled,2026-01-17,2026-01-26,2026-01-17,TO1,Passport,1,1,45.86,2.91,0.0,48.77,shipmonk_estimate,CAD+USD
209763,7091141247286,Cattasaurus - shoproxstore - Shopify,direct_to_consumer,fulfilled,2026-01-17,2026-01-18,2026-01-17,PA2,OnTrac,1,1,12.45,2.1,0.0,14.55,shipmonk_estimate,USD
209764,7091151798582,Cattasaurus - shoproxstore - Shopify,direct_to_consumer,fulfilled,2026-01-17,2026-01-21,2026-01-17,TO1,Passport,1,1,34.72,2.21,0.0,36.93,shipmonk_estimate,CAD+USD
209765,7091164152118,Cattasaurus - shoproxstore - Shopify,direct_to_consumer,fulfilled,2026-01-17,2026-01-19,2026-01-17,PA2,OnTrac,1,1,17.34,2.1,0.0,19.44,shipmonk_estimate,USD
209766,7091164741942,Cattasaurus - shoproxstore - Shopify,direct_to_consumer,fulfilled,2026-01-17,2026-01-19,2026-01-17,PA2,FedEx,1,1,17.65,2.1,0.0,19.75,shipmonk_estimate,USD
209767,7091171524918,Cattasaurus - shoproxstore - Shopify,direct_to_consumer,fulfilled,2026-01-17,2026-01-19,2026-01-17,NV3,OnTrac,1,1,17.91,2.1,0.0,20.01,shipmonk_estimate,USD
209768,7091174375734,Cattasaurus - shoproxstore - Shopify,direct_to_consumer,fulfilled,2026-01-17,2026-01-26,2026-01-17,TO1,FedEx,1,1,24.42,2.21,0.0,26.63,shipmonk_estimate,CAD+USD
209769,7091177226550,Cattasaurus - shoproxstore - Shopify,direct_to_consumer,fulfilled,2026-01-17,2026-01-19,2026-01-17,PA2,UPS,1,1,20.26,2.1,0.0,22.36,shipmonk_estimate,USD
209770,7091183092022,Cattasaurus - shoproxstore - Shopify,direct_to_consumer,fulfilled,2026-01-17,2026-01-19,2026-01-17,NV3,UPS,1,1,15.16,2.1,0.0,17.26,shipmonk_estimate,USD
209771,7091192234294,Cattasaurus - shoproxstore - Shopify,direct_to_consumer,fulfilled,2026-01-17,2026-01-19,2026-01-17,PA2,OnTrac,1,1,19.89,2.1,0.0,21.99,shipmonk_estimate,USD
209772,7091205079350,Cattasaurus - shoproxstore - Shopify,direct_to_consumer,fulfilled,2026-01-17,2026-01-19,2026-01-17,NV3,FedEx,1,1,15.14,2.1,0.0,17.24,shipmonk_estimate,USD
209773,7091209929014,Cattasaurus - shoproxstore - Shopify,direct_to_consumer,fulfilled,2026-01-17,2026-01-19,2026-01-17,PA2,OnTrac,1,1,15.16,2.1,0.0,17.26,shipmonk_estimate,USD
209774,7091210617142,Cattasaurus - shoproxstore - Shopify,direct_to_consumer,fulfilled,2026-01-17,2026-01-26,2026-01-17,TO1,FedEx,1,1,14.3,2.91,0.0,17.21,shipmonk_estimate,CAD+USD
209775,7091213369654,Cattasaurus - shoproxstore - Shopify,direct_to_consumer,fulfilled,2026-01-17,2026-01-26,2026-01-17,TO1,FedEx,1,1,31.11,2.21,0.0,33.32,shipmonk_estimate,CAD+USD
209776,7091232670006,Cattasaurus - shoproxstore - Shopify,direct_to_consumer,fulfilled,2026-01-17,2026-01-19,2026-01-17,PA2,OnTrac,1,1,23.74,2.1,0.0,25.84,shipmonk_estimate,USD
209777,7091237355830,Cattasaurus - shoproxstore - Shopify,direct_to_consumer,fulfilled,2026-01-17,2026-01-19,2026-01-17,PA2,FedEx,1,1,13.98,2.1,0.0,16.08,shipmonk_estimate,USD
209778,7091252166966,Cattasaurus - shoproxstore - Shopify,direct_to_consumer,fulfilled,2026-01-17,2026-01-19,2026-01-17,NV3,UPS,1,1,16.86,2.1,0.0,18.96,shipmonk_estimate,USD
209779,7091279102262,Cattasaurus - shoproxstore - Shopify,direct_to_consumer,fulfilled,2026-01-17,2026-01-19,2026-01-17,PA2,OnTrac,1,1,12.57,2.1,0.0,14.67,shipmonk_estimate,USD
209780,7091287195958,Cattasaurus - shoproxstore - Shopify,direct_to_consumer,fulfilled,2026-01-17,2026-01-19,2026-01-17,NV3,FedEx,1,1,21.5,2.1,0.0,23.6,shipmonk_estimate,USD
209781,7091287261494,Cattasaurus - shoproxstore - Shopify,direct_to_consumer,fulfilled,2026-01-17,2026-01-27,2026-01-17,TO1,FedEx,1,1,25.17,2.21,0.0,27.38,shipmonk_estimate,CAD+USD
209781_1,492e1b33-634e-48f7-aba0-7dedab569777,Cattasaurus - shoproxstore - Shopify,direct_to_consumer,fulfilled,2026-01-17,2026-01-27,2026-01-17,TO1,FedEx,1,1,24.1,2.21,0.0,26.31,shipmonk_estimate,CAD+USD
209782,7091289850166,Cattasaurus - shoproxstore - Shopify,direct_to_consumer,fulfilled,2026-01-17,2026-01-19,2026-01-17,PA2,OnTrac,1,1,12.66,2.1,0.0,14.76,shipmonk_estimate,USD
209783,7091297976630,Cattasaurus - shoproxstore - Shopify,direct_to_consumer,fulfilled,2026-01-17,2026-01-22,2026-01-17,PA2,OnTrac,1,1,12.45,2.1,0.0,14.55,shipmonk_estimate,USD
209783_1,f4e2c390-8e12-4240-be4c-e211345b2f61,Cattasaurus - shoproxstore - Shopify,direct_to_consumer,fulfilled,2026-01-17,2026-01-22,2026-01-17,PA2,OnTrac,1,1,9.29,1.5,0.0,10.79,shipmonk_estimate,USD
209783_2,aa652c39-6ebb-42d9-89b8-26a93defe544,Cattasaurus - shoproxstore - Shopify,direct_to_consumer,fulfilled,2026-01-17,2026-01-21,2026-01-17,PA2,OnTrac,1,1,9.29,1.5,0.0,10.79,shipmonk_estimate,USD
209784,7091312656694,Cattasaurus - shoproxstore - Shopify,direct_to_consumer,fulfilled,2026-01-17,2026-01-19,2026-01-17,PA2,FedEx,1,1,15.14,2.1,0.0,17.24,shipmonk_estimate,USD
209785,7091312886070,Cattasaurus - shoproxstore - Shopify,direct_to_consumer,fulfilled,2026-01-17,2026-01-19,2026-01-17,NV3,OnTrac,1,1,15.21,2.1,0.0,17.31,shipmonk_estimate,USD
209786,7091317506358,Cattasaurus - shoproxstore - Shopify,direct_to_consumer,fulfilled,2026-01-17,2026-01-19,2026-01-17,PA2,FedEx,1,1,15.16,2.7,0.0,17.86,shipmonk_estimate,USD
209787,7091317571894,Cattasaurus - shoproxstore - Shopify,direct_to_consumer,fulfilled,2026-01-17,2026-01-19,2026-01-17,NV3,OnTrac,1,1,15.16,2.7,0.0,17.86,shipmonk_estimate,USD
209788,7091327467830,Cattasaurus - shoproxstore - Shopify,direct_to_consumer,fulfilled,2026-01-17,2026-01-19,2026-01-17,PA2,UPS,1,1,14.69,2.1,0.0,16.79,shipmonk_estimate,USD
209789,7091335528758,Cattasaurus - shoproxstore - Shopify,direct_to_consumer,fulfilled,2026-01-17,2026-01-19,2026-01-17,PA2,OnTrac,1,1,13.0,2.1,0.0,15.1,shipmonk_estimate,USD
209790,7091340181814,Cattasaurus - shoproxstore - Shopify,direct_to_consumer,fulfilled,2026-01-17,2026-01-22,2026-01-17,PA2,OnTrac,1,1,17.46,2.1,0.0,19.56,shipmonk_estimate,USD
209790_1,a93168bc-186f-425b-8402-1498e005d9a3,Cattasaurus - shoproxstore - Shopify,direct_to_consumer,fulfilled,2026-01-17,2026-01-21,2026-01-17,PA2,OnTrac,1,1,11.96,1.5,0.0,13.46,shipmonk_estimate,USD
209790_2,dcee29a8-289d-4400-a0cc-1dd64b012784,Cattasaurus - shoproxstore - Shopify,direct_to_consumer,fulfilled,2026-01-17,2026-01-22,2026-01-17,PA2,OnTrac,1,1,16.86,2.1,0.0,18.96,shipmonk_estimate,USD
209791,7091361939766,Cattasaurus - shoproxstore - Shopify,direct_to_consumer,fulfilled,2026-01-17,2026-01-19,2026-01-17,NV3,OnTrac,1,1,17.4,2.1,0.0,19.5,shipmonk_estimate,USD
209792,7091369247030,Cattasaurus - shoproxstore - Shopify,direct_to_consumer,fulfilled,2026-01-17,2026-01-19,2026-01-17,PA2,UPS,1,1,17.34,2.1,0.0,19.44,shipmonk_estimate,USD
209793,7091385565494,Cattasaurus - shoproxstore - Shopify,direct_to_consumer,fulfilled,2026-01-17,2026-01-22,2026-01-17,PA2,OnTrac,1,1,12.45,2.7,0.0,15.15,shipmonk_estimate,USD
209793_1,7f3a47d9-8cf0-4329-872c-c94880e36159,Cattasaurus - shoproxstore - Shopify,direct_to_consumer,fulfilled,2026-01-17,2026-01-22,2026-01-17,PA2,OnTrac,1,1,12.45,2.1,0.0,14.55,shipmonk_estimate,USD
209794,7091396575542,Cattasaurus - shoproxstore - Shopify,direct_to_consumer,fulfilled,2026-01-17,2026-01-19,2026-01-17,PA2,OnTrac,1,1,12.66,2.1,0.0,14.76,shipmonk_estimate,USD
209795,7091414925622,Cattasaurus - shoproxstore - Shopify,direct_to_consumer,fulfilled,2026-01-17,2026-01-19,2026-01-17,PA2,FedEx,1,1,13.98,2.1,0.0,16.08,shipmonk_estimate,USD
209796,7091419119926,Cattasaurus - shoproxstore - Shopify,direct_to_consumer,fulfilled,2026-01-17,2026-01-23,2026-01-17,TO1,FedEx,1,1,25.09,2.21,0.0,27.3,shipmonk_estimate,CAD+USD
209797,7091428294966,Cattasaurus - shoproxstore - Shopify,direct_to_consumer,fulfilled,2026-01-17,2026-01-19,2026-01-17,NV3,OnTrac,3,1,12.45,3.3,0.0,15.75,shipmonk_estimate,USD
209798,7091431047478,Cattasaurus - shoproxstore - Shopify,direct_to_consumer,fulfilled,2026-01-17,2026-01-26,2026-01-17,TO1,FedEx,1,1,24.42,9.11,0.0,33.53,shipmonk_estimate,CAD+USD
209799,7091438059830,Cattasaurus - shoproxstore - Shopify,direct_to_consumer,fulfilled,2026-01-17,2026-01-19,2026-01-17,NV3,FedEx,1,1,19.6,2.1,0.0,21.7,shipmonk_estimate,USD
209800,7091440812342,Cattasaurus - shoproxstore - Shopify,direct_to_consumer,fulfilled,2026-01-17,2026-01-22,2026-01-17,PA2,FedEx,1,1,15.16,2.1,0.0,17.26,shipmonk_estimate,USD
209800_1,d7bf952f-c2e1-41f5-9146-e66f1444861d,Cattasaurus - shoproxstore - Shopify,direct_to_consumer,fulfilled,2026-01-17,2026-01-21,2026-01-17,PA2,UPS,1,1,12.0,1.5,0.0,13.5,shipmonk_estimate,USD
209801,7091452477750,Cattasaurus - shoproxstore - Shopify,direct_to_consumer,fulfilled,2026-01-17,2026-01-18,2026-01-17,PA2,OnTrac,1,1,16.86,2.1,0.0,18.96,shipmonk_estimate,USD
209802,7091455623478,Cattasaurus - shoproxstore - Shopify,direct_to_consumer,fulfilled,2026-01-17,2026-01-19,2026-01-17,PA2,OnTrac,1,1,18.2,2.4,0.0,20.6,shipmonk_estimate,USD
209803,7091461783862,Cattasaurus - shoproxstore - Shopify,direct_to_consumer,fulfilled,2026-01-17,2026-01-19,2026-01-17,PA2,UPS,1,1,16.86,2.1,0.0,18.96,shipmonk_estimate,USD
209804,7091467288886,Cattasaurus - shoproxstore - Shopify,direct_to_consumer,fulfilled,2026-01-17,2026-01-19,2026-01-17,NV3,OnTrac,1,1,17.34,2.1,0.0,19.44,shipmonk_estimate,USD
209805,7091475120438,Cattasaurus - shoproxstore - Shopify,direct_to_consumer,fulfilled,2026-01-17,2026-01-19,2026-01-17,PA2,FedEx,1,1,15.16,2.1,0.0,17.26,shipmonk_estimate,USD
209806,7091475710262,Cattasaurus - shoproxstore - Shopify,direct_to_consumer,fulfilled,2026-01-17,2026-01-19,2026-01-17,PA2,OnTrac,1,1,11.68,2.7,0.0,14.38,shipmonk_estimate,USD
209807,7091480658230,Cattasaurus - shoproxstore - Shopify,direct_to_consumer,fulfilled,2026-01-17,2026-01-19,2026-01-17,PA2,FedEx,1,1,15.65,2.4,0.0,18.05,shipmonk_estimate,USD
209808,7091498254646,Cattasaurus - shoproxstore - Shopify,direct_to_consumer,fulfilled,2026-01-17,2026-01-19,2026-01-17,NV3,OnTrac,1,1,15.77,2.1,0.0,17.87,shipmonk_estimate,USD
209809,7091500286262,Cattasaurus - shoproxstore - Shopify,direct_to_consumer,fulfilled,2026-01-17,2026-01-19,2026-01-17,PA2,OnTrac,1,1,12.45,2.1,0.0,14.55,shipmonk_estimate,USD
209810,7091505660214,Cattasaurus - shoproxstore - Shopify,direct_to_consumer,fulfilled,2026-01-17,2026-01-26,2026-01-17,TO1,FedEx,1,1,15.11,2.21,0.0,17.32,shipmonk_estimate,CAD+USD
209811,7091515851062,Cattasaurus - shoproxstore - Shopify,direct_to_consumer,fulfilled,2026-01-17,2026-01-19,2026-01-17,PA2,FedEx,2,1,15.16,2.4,0.0,17.56,shipmonk_estimate,USD
209812,7091529711926,Cattasaurus - shoproxstore - Shopify,direct_to_consumer,fulfilled,2026-01-17,2026-01-23,2026-01-17,TO1,FedEx,1,1,30.73,2.21,0.0,32.94,shipmonk_estimate,CAD+USD
209813,7091539738934,Cattasaurus - shoproxstore - Shopify,direct_to_consumer,fulfilled,2026-01-17,2026-01-19,2026-01-17,PA2,FedEx,1,1,21.5,2.1,0.0,23.6,shipmonk_estimate,USD
209814,7091546095926,Cattasaurus - shoproxstore - Shopify,direct_to_consumer,fulfilled,2026-01-17,2026-01-19,2026-01-17,PA2,FedEx,1,1,21.5,2.1,0.0,23.6,shipmonk_estimate,USD
209815,7091559530806,Cattasaurus - shoproxstore - Shopify,direct_to_consumer,fulfilled,2026-01-17,2026-01-19,2026-01-17,NV3,OnTrac,1,1,12.45,2.1,0.0,14.55,shipmonk_estimate,USD
209816,7091561136438,Cattasaurus - shoproxstore - Shopify,direct_to_consumer,fulfilled,2026-01-17,2026-01-19,2026-01-17,PA2,FedEx,1,1,15.16,2.1,0.0,17.26,shipmonk_estimate,USD
209817,7091563954486,Cattasaurus - shoproxstore - Shopify,direct_to_consumer,fulfilled,2026-01-17,2026-01-21,2026-01-17,NV3,FedEx,2,1,17.65,2.4,0.0,20.05,shipmonk_estimate,USD
209817_1,4ab46021-980c-44f0-af9c-78b95a37b152,Cattasaurus - shoproxstore - Shopify,direct_to_consumer,fulfilled,2026-01-17,2026-01-21,2026-01-17,PA2,OnTrac,1,1,12.1,1.5,0.0,13.6,shipmonk_estimate,USD
209818,7091578896694,Cattasaurus - shoproxstore - Shopify,direct_to_consumer,fulfilled,2026-01-17,2026-01-19,2026-01-17,PA2,UPS,1,1,16.86,2.7,0.0,19.56,shipmonk_estimate,USD
209819,7091580076342,Cattasaurus - shoproxstore - Shopify,direct_to_consumer,fulfilled,2026-01-17,2026-01-26,2026-01-17,TO1,FedEx,1,1,26.04,2.21,0.0,28.25,shipmonk_estimate,CAD+USD
209820,7091596525878,Cattasaurus - shoproxstore - Shopify,direct_to_consumer,fulfilled,2026-01-17,2026-01-19,2026-01-17,PA2,FedEx,2,1,15.14,2.4,0.0,17.54,shipmonk_estimate,USD
209821,7091599671606,Cattasaurus - shoproxstore - Shopify,direct_to_consumer,fulfilled,2026-01-17,2026-01-19,2026-01-17,NV3,FedEx,1,1,17.4,2.1,0.0,19.5,shipmonk_estimate,USD
209822,7091600097590,Cattasaurus - shoproxstore - Shopify,direct_to_consumer,fulfilled,2026-01-17,2026-01-19,2026-01-17,PA2,OnTrac,1,1,14.35,2.1,0.0,16.45,shipmonk_estimate,USD
209823,7091621527862,Cattasaurus - shoproxstore - Shopify,direct_to_consumer,fulfilled,2026-01-17,2026-01-21,2026-01-17,TO1,Passport,1,1,34.72,2.21,0.0,36.93,shipmonk_estimate,CAD+USD
209824,7091633062198,Cattasaurus - shoproxstore - Shopify,direct_to_consumer,fulfilled,2026-01-17,2026-01-21,2026-01-17,NV3,FedEx,2,1,18.56,2.4,0.0,20.96,shipmonk_estimate,USD
209824_1,dc8b1682-eac4-473f-baf0-6174afb5ecdc,Cattasaurus - shoproxstore - Shopify,direct_to_consumer,fulfilled,2026-01-17,2026-01-21,2026-01-17,PA2,UPS,1,1,14.37,1.5,0.0,15.87,shipmonk_estimate,USD
209825,7091660226870,Cattasaurus - shoproxstore - Shopify,direct_to_consumer,fulfilled,2026-01-17,2026-01-19,2026-01-17,NV3,OnTrac,1,1,19.89,2.1,0.0,21.99,shipmonk_estimate,USD
209826,7091665404214,Cattasaurus - shoproxstore - Shopify,direct_to_consumer,fulfilled,2026-01-17,2026-01-19,2026-01-17,NV3,FedEx,1,1,21.5,2.1,0.0,23.6,shipmonk_estimate,USD
209827,7091686539574,Cattasaurus - shoproxstore - Shopify,direct_to_consumer,fulfilled,2026-01-17,2026-01-27,2026-01-17,TO1,FedEx,1,1,26.04,2.21,0.0,28.25,shipmonk_estimate,CAD+USD
209828,7091687031094,Cattasaurus - shoproxstore - Shopify,direct_to_consumer,fulfilled,2026-01-17,2026-01-26,2026-01-17,TO1,FedEx,1,1,36.08,2.21,0.0,38.29,shipmonk_estimate,CAD+USD
209829,7091697254710,Cattasaurus - shoproxstore - Shopify,direct_to_consumer,fulfilled,2026-01-17,2026-01-27,2026-01-17,TO1,FedEx,1,1,26.04,2.21,0.0,28.25,shipmonk_estimate,CAD+USD
209830,7091706331446,Cattasaurus - shoproxstore - Shopify,direct_to_consumer,fulfilled,2026-01-17,2026-01-19,2026-01-17,NV3,FedEx,1,1,12.28,2.1,0.0,14.38,shipmonk_estimate,USD
209831,7091730317622,Cattasaurus - shoproxstore - Shopify,direct_to_consumer,fulfilled,2026-01-17,2026-01-19,2026-01-17,NV3,OnTrac,1,1,11.68,2.1,0.0,13.78,shipmonk_estimate,USD
209832,7091788349750,Cattasaurus - shoproxstore - Shopify,direct_to_consumer,fulfilled,2026-01-17,2026-01-27,2026-01-17,TO1,FedEx,1,1,31.11,2.91,0.0,34.02,shipmonk_estimate,CAD+USD
"Merged: 209253, 209252-01",0824711d-0430-4212-acdf-88a0dae0ad6d,Cattasaurus - shoproxstore - Shopify,direct_to_consumer,fulfilled,2026-01-17,2026-01-19,2026-01-17,PA2,DHL eCommerce,1,1,10.37,1.5,0.0,11.87,shipmonk_estimate,USD
"Merged: 209555, 209554",34cae1fc-8cea-4377-9eb6-0d5ab3399549,Cattasaurus - shoproxstore - Shopify,direct_to_consumer,fulfilled,2026-01-17,2026-01-18,2026-01-17,PA2,OnTrac,2,1,17.17,3.0,0.0,20.17,shipmonk_estimate,USD
WAL129101624403191,fa4c6858-a34b-4b50-ad92-6b6aff8fb9a9,Cattasaurus - Manual Store,direct_to_consumer,fulfilled,2026-01-17,2026-01-19,2026-01-17,NV3,OnTrac,1,1,17.46,1.8,0.0,19.26,shipmonk_estimate,USD
WAL129101625445117,0a1ff8e1-28fb-4f14-9743-e3fe8d2e16cc,Cattasaurus - Manual Store,direct_to_consumer,fulfilled,2026-01-17,2026-01-19,2026-01-17,NV3,OnTrac,1,1,20.28,1.8,0.0,22.08,shipmonk_estimate,USD
111-1086737-2553031,111-1086737-2553031,Cattasaurus - Amazon USA,direct_to_consumer,fulfilled,2026-01-18,2026-01-18,2026-01-18,PA2,OnTrac,1,1,15.77,2.1,0.0,17.87,shipmonk_estimate,USD
111-5153674-7991452,111-5153674-7991452,Cattasaurus - Amazon USA,direct_to_consumer,fulfilled,2026-01-18,2026-01-19,2026-01-18,PA2,OnTrac,1,1,14.35,2.1,0.0,16.45,shipmonk_estimate,USD
111-6650528-8521818,111-6650528-8521818,Cattasaurus - Amazon USA,direct_to_consumer,fulfilled,2026-01-18,2026-01-18,2026-01-18,PA2,UPS,1,1,12.69,1.5,0.0,14.19,shipmonk_estimate,USD
112-2279638-7197807,112-2279638-7197807,Cattasaurus - Amazon USA,direct_to_consumer,fulfilled,2026-01-18,2026-01-18,2026-01-18,PA2,UPS,1,1,12.0,1.5,0.0,13.5,shipmonk_estimate,USD
112-3455641-3314600,112-3455641-3314600,Cattasaurus - Amazon USA,direct_to_consumer,fulfilled,2026-01-18,2026-01-19,2026-01-18,NV3,OnTrac,1,1,12.45,2.1,0.0,14.55,shipmonk_estimate,USD
112-3727446-3533854,112-3727446-3533854,Cattasaurus - Amazon USA,direct_to_consumer,fulfilled,2026-01-18,2026-01-20,2026-01-18,PA2,OnTrac,1,1,5.79,1.5,0.5,7.79,shipmonk_estimate,USD
112-3727446-3533854_1,84fb6f7a-981f-4c8d-91cd-c8dee03c2704,Cattasaurus - Amazon USA,direct_to_consumer,fulfilled,2026-01-18,2026-01-20,2026-01-18,PA2,OnTrac,1,1,8.72,0.3,0.0,9.02,shipmonk_estimate,USD
112-6365180-8579457,112-6365180-8579457,Cattasaurus - Amazon USA,direct_to_consumer,fulfilled,2026-01-18,2026-01-19,2026-01-18,NV3,UPS,1,1,16.86,2.1,0.0,18.96,shipmonk_estimate,USD
113-2355354-6395459,113-2355354-6395459,Cattasaurus - Amazon USA,direct_to_consumer,fulfilled,2026-01-18,2026-01-19,2026-01-18,PA2,UPS,1,1,13.68,1.5,0.0,15.18,shipmonk_estimate,USD
113-2665949-5069010,113-2665949-5069010,Cattasaurus - Amazon USA,direct_to_consumer,fulfilled,2026-01-18,2026-01-19,2026-01-18,PA2,FedEx,1,1,15.16,2.1,0.0,17.26,shipmonk_estimate,USD
113-5106813-7222624,113-5106813-7222624,Cattasaurus - Amazon USA,direct_to_consumer,fulfilled,2026-01-18,2026-01-19,2026-01-18,NV3,OnTrac,1,1,12.66,2.1,0.0,14.76,shipmonk_estimate,USD
113-7084258-6680217,113-7084258-6680217,Cattasaurus - Amazon USA,direct_to_consumer,fulfilled,2026-01-18,2026-01-19,2026-01-18,PA2,USPS,1,1,6.11,1.5,0.5,8.11,shipmonk_estimate,USD
113-7136097-6409852,113-7136097-6409852,Cattasaurus - Amazon USA,direct_to_consumer,fulfilled,2026-01-18,2026-01-19,2026-01-18,PA2,UPS,1,1,18.23,2.1,0.0,20.33,shipmonk_estimate,USD
114-4032292-8743427,114-4032292-8743427,Cattasaurus - Amazon USA,direct_to_consumer,fulfilled,2026-01-18,2026-01-19,2026-01-18,NV3,OnTrac,1,1,12.66,2.1,0.0,14.76,shipmonk_estimate,USD
114-5644937-2981018,114-5644937-2981018,Cattasaurus - Amazon USA,direct_to_consumer,fulfilled,2026-01-18,2026-01-20,2026-01-18,NV3,OnTrac,1,1,15.77,1.8,0.0,17.57,shipmonk_estimate,USD
114-5644937-2981018_1,4ba1dcbc-6f12-4fc4-a99c-4d85c07bc911,Cattasaurus - Amazon USA,direct_to_consumer,fulfilled,2026-01-18,2026-01-20,2026-01-18,NV3,OnTrac,1,1,10.37,1.5,0.0,11.87,shipmonk_estimate,USD
114-5644937-2981018_2,44328c65-54c2-4575-9131-75365f76e1ae,Cattasaurus - Amazon USA,direct_to_consumer,fulfilled,2026-01-18,2026-01-20,2026-01-18,PA2,OnTrac,1,1,9.41,1.5,0.0,10.91,shipmonk_estimate,USD
114-9259786-1978600,114-9259786-1978600,Cattasaurus - Amazon USA,direct_to_consumer,fulfilled,2026-01-18,2026-01-19,2026-01-18,PA2,OnTrac,1,1,19.4,2.7,0.0,22.1,shipmonk_estimate,USD
114-9381780-0671439,114-9381780-0671439,Cattasaurus - Amazon USA,direct_to_consumer,fulfilled,2026-01-18,2026-01-20,2026-01-18,PA2,DHL eCommerce,1,1,8.29,1.5,0.0,9.79,shipmonk_estimate,USD
114-9381780-0671439_1,823df9ef-a105-40d2-8352-51ec6b90adc6,Cattasaurus - Amazon USA,direct_to_consumer,fulfilled,2026-01-18,2026-01-20,2026-01-18,PA2,OnTrac,1,1,10.31,0.3,0.0,10.61,shipmonk_estimate,USD
114-9381780-0671439_2,60486556-f27b-4bfb-9653-1d400bb86fc0,Cattasaurus - Amazon USA,direct_to_consumer,fulfilled,2026-01-18,2026-01-20,2026-01-18,PA2,OnTrac,1,1,13.37,1.8,0.0,15.17,shipmonk_estimate,USD
209833,7091868107062,Cattasaurus - shoproxstore - Shopify,direct_to_consumer,fulfilled,2026-01-18,2026-01-19,2026-01-18,PA2,FedEx,1,1,15.92,2.1,0.0,18.02,shipmonk_estimate,USD
209834,7091916013878,Cattasaurus - shoproxstore - Shopify,direct_to_consumer,fulfilled,2026-01-18,2026-01-27,2026-01-18,TO1,FedEx,1,1,34.83,2.21,0.0,37.04,shipmonk_estimate,CAD+USD
209835,7091924631862,Cattasaurus - shoproxstore - Shopify,direct_to_consumer,fulfilled,2026-01-18,2026-01-26,2026-01-18,TO1,FedEx,1,1,17.87,2.21,0.0,20.08,shipmonk_estimate,CAD+USD
209836,7092001538358,Cattasaurus - shoproxstore - Shopify,direct_to_consumer,fulfilled,2026-01-18,2026-01-19,2026-01-18,PA2,UPS,1,1,14.27,2.1,0.0,16.37,shipmonk_estimate,USD
209837,7092025491766,Cattasaurus - shoproxstore - Shopify,direct_to_consumer,fulfilled,2026-01-18,2026-01-19,2026-01-18,NV3,UPS,1,1,17.34,2.1,0.0,19.44,shipmonk_estimate,USD
209838,7092034011446,Cattasaurus - shoproxstore - Shopify,direct_to_consumer,fulfilled,2026-01-18,2026-01-26,2026-01-18,TO1,FedEx,1,1,17.87,2.21,0.0,20.08,shipmonk_estimate,CAD+USD
209839,7092051018038,Cattasaurus - shoproxstore - Shopify,direct_to_consumer,fulfilled,2026-01-18,2026-01-19,2026-01-18,PA2,OnTrac,1,1,14.35,2.1,0.0,16.45,shipmonk_estimate,USD
209840,7092067795254,Cattasaurus - shoproxstore - Shopify,direct_to_consumer,fulfilled,2026-01-18,2026-01-19,2026-01-18,PA2,OnTrac,1,1,13.37,2.1,0.0,15.47,shipmonk_estimate,USD
209841,7092095090998,Cattasaurus - shoproxstore - Shopify,direct_to_consumer,fulfilled,2026-01-18,2026-01-27,2026-01-18,TO1,FedEx,1,1,36.08,2.21,0.0,38.29,shipmonk_estimate,CAD+USD
209842,7092103151926,Cattasaurus - shoproxstore - Shopify,direct_to_consumer,fulfilled,2026-01-18,2026-01-27,2026-01-18,TO1,FedEx,1,1,46.5,2.21,0.0,48.71,shipmonk_estimate,CAD+USD
209843,7092106264886,Cattasaurus - shoproxstore - Shopify,direct_to_consumer,fulfilled,2026-01-18,2026-01-19,2026-01-18,PA2,FedEx,1,1,13.98,2.1,0.0,16.08,shipmonk_estimate,USD
209844,7092109181238,Cattasaurus - shoproxstore - Shopify,direct_to_consumer,fulfilled,2026-01-18,2026-01-19,2026-01-18,PA2,FedEx,1,1,12.66,2.1,0.0,14.76,shipmonk_estimate,USD
209845,7092109279542,Cattasaurus - shoproxstore - Shopify,direct_to_consumer,fulfilled,2026-01-18,2026-01-26,2026-01-18,TO1,FedEx,1,1,14.2,2.21,0.0,16.41,shipmonk_estimate,CAD+USD
209846,7092121010486,Cattasaurus - shoproxstore - Shopify,direct_to_consumer,fulfilled,2026-01-18,2026-01-21,2026-01-18,NV3,FedEx,1,1,17.4,2.1,0.0,19.5,shipmonk_estimate,USD
209846_1,37944edc-87f2-4140-b8f5-b4dd0fb5a8d9,Cattasaurus - shoproxstore - Shopify,direct_to_consumer,fulfilled,2026-01-18,2026-01-21,2026-01-18,NV3,DHL eCommerce,1,1,10.78,1.5,0.0,12.28,shipmonk_estimate,USD
209847,7092129497398,Cattasaurus - shoproxstore - Shopify,direct_to_consumer,fulfilled,2026-01-18,2026-01-19,2026-01-18,PA2,UPS,1,1,17.34,1.8,0.0,19.14,shipmonk_estimate,USD
209848,7092131791158,Cattasaurus - shoproxstore - Shopify,direct_to_consumer,fulfilled,2026-01-18,2026-01-19,2026-01-18,PA2,FedEx,1,1,17.65,2.1,0.0,19.75,shipmonk_estimate,USD
209849,7092134805814,Cattasaurus - shoproxstore - Shopify,direct_to_consumer,fulfilled,2026-01-18,2026-01-19,2026-01-18,PA2,OnTrac,1,1,19.89,2.1,0.0,21.99,shipmonk_estimate,USD
209850,7092135985462,Cattasaurus - shoproxstore - Shopify,direct_to_consumer,fulfilled,2026-01-18,2026-01-19,2026-01-18,PA2,OnTrac,2,1,15.16,2.4,0.0,17.56,shipmonk_estimate,USD
209851,7092138737974,Cattasaurus - shoproxstore - Shopify,direct_to_consumer,fulfilled,2026-01-18,2026-01-19,2026-01-18,PA2,OnTrac,1,1,11.68,2.1,0.0,13.78,shipmonk_estimate,USD
209852,7092153745718,Cattasaurus - shoproxstore - Shopify,direct_to_consumer,fulfilled,2026-01-18,2026-01-19,2026-01-18,PA2,OnTrac,1,1,12.66,2.1,0.0,14.76,shipmonk_estimate,USD
209853,7092162887990,Cattasaurus - shoproxstore - Shopify,direct_to_consumer,fulfilled,2026-01-18,2026-01-19,2026-01-18,PA2,FedEx,2,1,12.66,2.4,0.0,15.06,shipmonk_estimate,USD
209854,7092163281206,Cattasaurus - shoproxstore - Shopify,direct_to_consumer,fulfilled,2026-01-18,2026-01-26,2026-01-18,TO1,FedEx,1,1,12.72,2.21,0.0,14.93,shipmonk_estimate,CAD+USD
209855,7092163346742,Cattasaurus - shoproxstore - Shopify,direct_to_consumer,fulfilled,2026-01-18,2026-01-19,2026-01-18,PA2,OnTrac,1,1,15.16,2.1,0.0,17.26,shipmonk_estimate,USD
209856,7092163903798,Cattasaurus - shoproxstore - Shopify,direct_to_consumer,fulfilled,2026-01-18,2026-01-19,2026-01-18,PA2,UPS,1,1,17.34,2.1,0.0,19.44,shipmonk_estimate,USD
209857,7092177273142,Cattasaurus - shoproxstore - Shopify,direct_to_consumer,fulfilled,2026-01-18,2026-01-26,2026-01-18,TO1,FedEx,1,1,12.72,2.21,0.0,14.93,shipmonk_estimate,CAD+USD
209858,7092182057270,Cattasaurus - shoproxstore - Shopify,direct_to_consumer,fulfilled,2026-01-18,2026-01-19,2026-01-18,PA2,OnTrac,2,1,12.45,2.4,0.0,14.85,shipmonk_estimate,USD
209859,7092183564598,Cattasaurus - shoproxstore - Shopify,direct_to_consumer,fulfilled,2026-01-18,2026-01-19,2026-01-18,PA2,OnTrac,1,1,11.68,2.1,0.0,13.78,shipmonk_estimate,USD
209860,7092188250422,Cattasaurus - shoproxstore - Shopify,direct_to_consumer,fulfilled,2026-01-18,2026-01-19,2026-01-18,PA2,UPS,1,1,14.69,2.1,0.0,16.79,shipmonk_estimate,USD
209861,7092194836790,Cattasaurus - shoproxstore - Shopify,direct_to_consumer,fulfilled,2026-01-18,2026-01-19,2026-01-18,PA2,UPS,1,1,19.89,2.4,0.0,22.29,shipmonk_estimate,USD
209862,7092206010678,Cattasaurus - shoproxstore - Shopify,direct_to_consumer,fulfilled,2026-01-18,2026-01-19,2026-01-18,NV3,FedEx,1,1,22.05,2.4,0.0,24.45,shipmonk_estimate,USD
209863,7092214530358,Cattasaurus - shoproxstore - Shopify,direct_to_consumer,fulfilled,2026-01-18,2026-01-19,2026-01-18,PA2,OnTrac,1,1,12.57,2.1,0.0,14.67,shipmonk_estimate,USD
209864,7092216037686,Cattasaurus - shoproxstore - Shopify,direct_to_consumer,fulfilled,2026-01-18,2026-01-23,2026-01-18,TO1,FedEx,1,1,24.42,2.21,0.0,26.63,shipmonk_estimate,CAD+USD
209865,7092229996854,Cattasaurus - shoproxstore - Shopify,direct_to_consumer,fulfilled,2026-01-18,2026-01-28,2026-01-18,TO1,FedEx,1,1,17.86,2.21,0.0,20.07,shipmonk_estimate,CAD+USD
209866,7092235993398,Cattasaurus - shoproxstore - Shopify,direct_to_consumer,fulfilled,2026-01-18,2026-01-19,2026-01-18,NV3,OnTrac,1,1,15.65,2.4,0.0,18.05,shipmonk_estimate,USD
209867,7092238123318,Cattasaurus - shoproxstore - Shopify,direct_to_consumer,fulfilled,2026-01-18,2026-01-19,2026-01-18,PA2,OnTrac,2,1,13.37,2.4,0.0,15.77,shipmonk_estimate,USD
209868,7092239532342,Cattasaurus - shoproxstore - Shopify,direct_to_consumer,fulfilled,2026-01-18,2026-01-19,2026-01-18,PA2,FedEx,1,1,15.14,2.1,0.0,17.24,shipmonk_estimate,USD
209869,7092239892790,Cattasaurus - shoproxstore - Shopify,direct_to_consumer,fulfilled,2026-01-18,2026-01-19,2026-01-18,PA2,UPS,1,1,14.69,2.1,0.0,16.79,shipmonk_estimate,USD
209870,7092241170742,Cattasaurus - shoproxstore - Shopify,direct_to_consumer,fulfilled,2026-01-18,2026-01-21,2026-01-18,TO1,Passport,1,1,38.13,2.21,0.0,40.34,shipmonk_estimate,CAD+USD
209871,7092243661110,Cattasaurus - shoproxstore - Shopify,direct_to_consumer,fulfilled,2026-01-18,2026-01-19,2026-01-18,PA2,FedEx,1,1,15.14,1.8,0.0,16.94,shipmonk_estimate,USD
209872,7092244447542,Cattasaurus - shoproxstore - Shopify,direct_to_consumer,fulfilled,2026-01-18,2026-01-26,2026-01-18,TO1,FedEx,1,1,36.08,2.21,0.0,38.29,shipmonk_estimate,CAD+USD
209873,7092246905142,Cattasaurus - shoproxstore - Shopify,direct_to_consumer,fulfilled,2026-01-18,2026-01-19,2026-01-18,PA2,FedEx,1,1,17.17,2.1,0.0,19.27,shipmonk_estimate,USD
209874,7092255752502,Cattasaurus - shoproxstore - Shopify,direct_to_consumer,fulfilled,2026-01-18,2026-01-21,2026-01-18,TO1,Passport,1,1,26.75,2.21,0.0,28.96,shipmonk_estimate,CAD+USD
209875,7092256244022,Cattasaurus - shoproxstore - Shopify,direct_to_consumer,fulfilled,2026-01-18,2026-01-23,2026-01-18,TO1,FedEx,1,1,18.26,2.21,0.0,20.47,shipmonk_estimate,CAD+USD
209876,7092262371638,Cattasaurus - shoproxstore - Shopify,direct_to_consumer,fulfilled,2026-01-18,2026-01-19,2026-01-18,NV3,FedEx,1,1,17.4,2.1,0.0,19.5,shipmonk_estimate,USD
209877,7092267516214,Cattasaurus - shoproxstore - Shopify,direct_to_consumer,fulfilled,2026-01-18,2026-01-26,2026-01-18,TO1,FedEx,1,1,24.42,2.21,0.0,26.63,shipmonk_estimate,CAD+USD
209878,7092271677750,Cattasaurus - shoproxstore - Shopify,direct_to_consumer,fulfilled,2026-01-18,2026-01-19,2026-01-18,PA2,FedEx,1,1,21.5,2.1,0.0,23.6,shipmonk_estimate,USD
209879,7092277117238,Cattasaurus - shoproxstore - Shopify,direct_to_consumer,fulfilled,2026-01-18,2026-01-26,2026-01-18,TO1,FedEx,1,1,14.97,2.21,0.0,17.18,shipmonk_estimate,CAD+USD
209880,7092278624566,Cattasaurus - shoproxstore - Shopify,direct_to_consumer,fulfilled,2026-01-18,2026-01-20,2026-01-18,PA2,FedEx,1,1,15.14,2.1,0.0,17.24,shipmonk_estimate,USD
209881,7092288717110,Cattasaurus - shoproxstore - Shopify,direct_to_consumer,fulfilled,2026-01-18,2026-01-19,2026-01-18,PA2,FedEx,1,1,15.16,2.1,0.0,17.26,shipmonk_estimate,USD
209882,7092289175862,Cattasaurus - shoproxstore - Shopify,direct_to_consumer,fulfilled,2026-01-18,2026-01-19,2026-01-18,PA2,OnTrac,1,1,12.45,2.1,0.0,14.55,shipmonk_estimate,USD
209883,7092290421046,Cattasaurus - shoproxstore - Shopify,direct_to_consumer,fulfilled,2026-01-18,2026-01-22,2026-01-18,PA2,FedEx,2,1,17.65,2.4,0.0,20.05,shipmonk_estimate,USD
209884,7092295172406,Cattasaurus - shoproxstore - Shopify,direct_to_consumer,fulfilled,2026-01-18,2026-01-20,2026-01-18,PA2,UPS,1,1,19.89,2.4,0.0,22.29,shipmonk_estimate,USD
209885,7092297335094,Cattasaurus - shoproxstore - Shopify,direct_to_consumer,fulfilled,2026-01-18,2026-01-26,2026-01-18,TO1,FedEx,1,1,30.73,4.73,0.0,35.46,shipmonk_estimate,CAD+USD
209886,7092297924918,Cattasaurus - shoproxstore - Shopify,direct_to_consumer,fulfilled,2026-01-18,2026-01-20,2026-01-18,PA2,OnTrac,1,1,15.97,1.8,0.0,17.77,shipmonk_estimate,USD
209887,7092301758774,Cattasaurus - shoproxstore - Shopify,direct_to_consumer,fulfilled,2026-01-18,2026-01-19,2026-01-18,PA2,OnTrac,3,1,19.09,2.7,0.0,21.79,shipmonk_estimate,USD
209888,7092303888694,Cattasaurus - shoproxstore - Shopify,direct_to_consumer,fulfilled,2026-01-18,2026-01-19,2026-01-18,PA2,OnTrac,1,1,13.37,2.1,0.0,15.47,shipmonk_estimate,USD
209889,7092304249142,Cattasaurus - shoproxstore - Shopify,direct_to_consumer,fulfilled,2026-01-18,2026-01-19,2026-01-18,NV3,UPS,2,1,23.74,2.4,0.0,26.14,shipmonk_estimate,USD
209890,7092306542902,Cattasaurus - shoproxstore - Shopify,direct_to_consumer,fulfilled,2026-01-18,2026-01-20,2026-01-18,PA2,FedEx,1,1,13.98,2.1,0.0,16.08,shipmonk_estimate,USD
209891,7092307886390,Cattasaurus - shoproxstore - Shopify,direct_to_consumer,fulfilled,2026-01-18,2026-01-26,2026-01-18,TO1,FedEx,1,1,30.73,4.73,0.0,35.46,shipmonk_estimate,CAD+USD
209892,7092308377910,Cattasaurus - shoproxstore - Shopify,direct_to_consumer,fulfilled,2026-01-18,2026-01-26,2026-01-18,TO1,FedEx,1,1,36.08,2.21,0.0,38.29,shipmonk_estimate,CAD+USD
209893,7092312703286,Cattasaurus - shoproxstore - Shopify,direct_to_consumer,fulfilled,2026-01-18,2026-01-19,2026-01-18,NV3,FedEx,2,1,21.5,2.4,0.0,23.9,shipmonk_estimate,USD
209894,7092315357494,Cattasaurus - shoproxstore - Shopify,direct_to_consumer,fulfilled,2026-01-18,2026-01-23,2026-01-18,TO1,FedEx,1,1,14.2,2.21,0.0,16.41,shipmonk_estimate,CAD+USD
209895,7092318273846,Cattasaurus - shoproxstore - Shopify,direct_to_consumer,fulfilled,2026-01-18,2026-01-19,2026-01-18,PA2,OnTrac,1,1,11.68,2.1,0.0,13.78,shipmonk_estimate,USD
209896,7092322697526,Cattasaurus - shoproxstore - Shopify,direct_to_consumer,fulfilled,2026-01-18,2026-01-19,2026-01-18,NV3,OnTrac,1,1,12.45,2.7,0.0,15.15,shipmonk_estimate,USD
209897,7092322894134,Cattasaurus - shoproxstore - Shopify,direct_to_consumer,fulfilled,2026-01-18,2026-01-19,2026-01-18,PA2,UPS,1,1,14.14,2.7,0.0,16.84,shipmonk_estimate,USD
209898,7092323811638,Cattasaurus - shoproxstore - Shopify,direct_to_consumer,fulfilled,2026-01-18,2026-01-26,2026-01-18,TO1,FedEx,1,1,17.87,2.21,0.0,20.08,shipmonk_estimate,CAD+USD
209899,7092324008246,Cattasaurus - shoproxstore - Shopify,direct_to_consumer,fulfilled,2026-01-18,2026-01-21,2026-01-18,TO1,Passport,1,1,26.75,2.21,0.0,28.96,shipmonk_estimate,CAD+USD
209900,7092335673654,Cattasaurus - shoproxstore - Shopify,direct_to_consumer,fulfilled,2026-01-18,2026-01-19,2026-01-18,PA2,FedEx,1,1,17.65,2.1,0.0,19.75,shipmonk_estimate,USD
209901,7092348780854,Cattasaurus - shoproxstore - Shopify,direct_to_consumer,fulfilled,2026-01-18,2026-01-19,2026-01-18,NV3,FedEx,1,1,13.0,2.7,0.0,15.7,shipmonk_estimate,USD
209902,7092349042998,Cattasaurus - shoproxstore - Shopify,direct_to_consumer,fulfilled,2026-01-18,2026-01-21,2026-01-18,TO1,Passport,1,1,27.78,2.21,0.0,29.99,shipmonk_estimate,CAD+USD
209905,7092355531062,Cattasaurus - shoproxstore - Shopify,direct_to_consumer,fulfilled,2026-01-18,2026-01-27,2026-01-18,TO1,FedEx,1,1,46.5,2.21,0.0,48.71,shipmonk_estimate,CAD+USD
209906,7092356546870,Cattasaurus - shoproxstore - Shopify,direct_to_consumer,fulfilled,2026-01-18,2026-01-19,2026-01-18,NV3,OnTrac,1,1,12.45,2.1,0.0,14.55,shipmonk_estimate,USD
209907,7092358381878,Cattasaurus - shoproxstore - Shopify,direct_to_consumer,fulfilled,2026-01-18,2026-01-26,2026-01-18,TO1,FedEx,1,1,31.11,2.91,0.0,34.02,shipmonk_estimate,CAD+USD
209909,7092361888054,Cattasaurus - shoproxstore - Shopify,direct_to_consumer,fulfilled,2026-01-18,2026-01-21,2026-01-18,NV3,FedEx,1,1,14.57,2.1,0.0,16.67,shipmonk_estimate,USD
209909_1,0f2b0e50-c02d-416e-90ab-5208d3a5e06c,Cattasaurus - shoproxstore - Shopify,direct_to_consumer,fulfilled,2026-01-18,2026-01-21,2026-01-18,PA2,OnTrac,1,1,14.37,1.5,0.0,15.87,shipmonk_estimate,USD
209910,7092362019126,Cattasaurus - shoproxstore - Shopify,direct_to_consumer,fulfilled,2026-01-18,2026-01-21,2026-01-18,TO1,Passport,1,1,26.75,2.21,0.0,28.96,shipmonk_estimate,CAD+USD
209911,7092363624758,Cattasaurus - shoproxstore - Shopify,direct_to_consumer,fulfilled,2026-01-18,2026-01-23,2026-01-18,TO1,FedEx,1,1,36.08,2.21,0.0,38.29,shipmonk_estimate,CAD+USD
209912,7092378206518,Cattasaurus - shoproxstore - Shopify,direct_to_consumer,fulfilled,2026-01-18,2026-01-21,2026-01-18,TO1,Passport,1,1,29.21,2.21,0.0,31.42,shipmonk_estimate,CAD+USD
209912_1,74cd804b-ffab-4551-97bb-a73b93224fed,Cattasaurus - shoproxstore - Shopify,direct_to_consumer,fulfilled,2026-01-18,2026-01-21,2026-01-18,TO1,Passport,1,1,29.21,2.21,0.0,31.42,shipmonk_estimate,CAD+USD
209913,7092379746614,Cattasaurus - shoproxstore - Shopify,direct_to_consumer,fulfilled,2026-01-18,2026-01-27,2026-01-18,TO1,FedEx,1,1,34.83,2.21,0.0,37.04,shipmonk_estimate,CAD+USD
209914,7092379877686,Cattasaurus - shoproxstore - Shopify,direct_to_consumer,fulfilled,2026-01-18,2026-01-19,2026-01-18,NV3,OnTrac,1,1,12.45,2.1,0.0,14.55,shipmonk_estimate,USD
209915,7092390166838,Cattasaurus - shoproxstore - Shopify,direct_to_consumer,fulfilled,2026-01-18,2026-01-21,2026-01-18,TO1,Passport,1,1,38.13,2.21,0.0,40.34,shipmonk_estimate,CAD+USD
209916,7092394230070,Cattasaurus - shoproxstore - Shopify,direct_to_consumer,fulfilled,2026-01-18,2026-01-20,2026-01-18,PA2,OnTrac,1,1,12.57,2.1,0.0,14.67,shipmonk_estimate,USD
209917,7092400357686,Cattasaurus - shoproxstore - Shopify,direct_to_consumer,fulfilled,2026-01-18,2026-01-19,2026-01-18,PA2,OnTrac,1,1,14.14,2.1,0.0,16.24,shipmonk_estimate,USD
209918,7092401242422,Cattasaurus - shoproxstore - Shopify,direct_to_consumer,fulfilled,2026-01-18,2026-01-19,2026-01-18,NV3,OnTrac,1,1,12.45,2.1,0.0,14.55,shipmonk_estimate,USD
209919,7092402487606,Cattasaurus - shoproxstore - Shopify,direct_to_consumer,fulfilled,2026-01-18,2026-01-20,2026-01-18,PA2,UPS,2,1,17.62,2.4,0.0,20.02,shipmonk_estimate,USD
209920,7092402684214,Cattasaurus - shoproxstore - Shopify,direct_to_consumer,fulfilled,2026-01-18,2026-01-19,2026-01-18,NV3,OnTrac,2,1,18.59,2.1,0.0,20.69,shipmonk_estimate,USD
209921,7092403634486,Cattasaurus - shoproxstore - Shopify,direct_to_consumer,fulfilled,2026-01-18,2026-01-19,2026-01-18,NV3,OnTrac,1,1,15.16,2.1,0.0,17.26,shipmonk_estimate,USD
209922,7092403798326,Cattasaurus - shoproxstore - Shopify,direct_to_consumer,fulfilled,2026-01-18,2026-01-21,2026-01-18,TO1,Passport,1,1,28.53,2.21,0.0,30.74,shipmonk_estimate,CAD+USD
209923,7092404322614,Cattasaurus - shoproxstore - Shopify,direct_to_consumer,fulfilled,2026-01-18,2026-01-20,2026-01-18,PA2,UPS,2,1,14.69,2.4,0.0,17.09,shipmonk_estimate,USD
209924,7092409368886,Cattasaurus - shoproxstore - Shopify,direct_to_consumer,fulfilled,2026-01-18,2026-01-20,2026-01-18,PA2,UPS,1,1,14.35,2.1,0.0,16.45,shipmonk_estimate,USD
209925,7092416512310,Cattasaurus - shoproxstore - Shopify,direct_to_consumer,fulfilled,2026-01-18,2026-01-21,2026-01-18,TO1,Passport,1,1,26.75,2.21,0.0,28.96,shipmonk_estimate,CAD+USD
209926,7092419658038,Cattasaurus - shoproxstore - Shopify,direct_to_consumer,fulfilled,2026-01-18,2026-01-21,2026-01-18,NV3,OnTrac,1,1,15.77,2.1,0.0,17.87,shipmonk_estimate,USD
209926_1,6151da59-0090-4f75-b1d9-378760ee9689,Cattasaurus - shoproxstore - Shopify,direct_to_consumer,fulfilled,2026-01-18,2026-01-21,2026-01-18,NV3,OnTrac,1,1,10.37,1.5,0.0,11.87,shipmonk_estimate,USD
209927,7092423819574,Cattasaurus - shoproxstore - Shopify,direct_to_consumer,fulfilled,2026-01-18,2026-01-19,2026-01-18,NV3,OnTrac,1,1,12.66,2.7,0.0,15.36,shipmonk_estimate,USD
209928,7092426768694,Cattasaurus - shoproxstore - Shopify,direct_to_consumer,fulfilled,2026-01-18,2026-01-19,2026-01-18,PA2,OnTrac,2,1,12.45,2.4,0.0,14.85,shipmonk_estimate,USD
209929,7092438434102,Cattasaurus - shoproxstore - Shopify,direct_to_consumer,fulfilled,2026-01-18,2026-01-20,2026-01-18,PA2,OnTrac,1,1,11.68,2.1,0.0,13.78,shipmonk_estimate,USD
209930,7092439974198,Cattasaurus - shoproxstore - Shopify,direct_to_consumer,fulfilled,2026-01-18,2026-01-26,2026-01-18,TO1,FedEx,1,1,34.83,2.91,0.0,37.74,shipmonk_estimate,CAD+USD
209931,7092441252150,Cattasaurus - shoproxstore - Shopify,direct_to_consumer,fulfilled,2026-01-18,2026-01-19,2026-01-18,PA2,UPS,1,1,17.46,2.1,0.0,19.56,shipmonk_estimate,USD
209932,7092441284918,Cattasaurus - shoproxstore - Shopify,direct_to_consumer,fulfilled,2026-01-18,2026-01-20,2026-01-18,PA2,OnTrac,2,1,12.45,2.4,0.0,14.85,shipmonk_estimate,USD
209933,7092444299574,Cattasaurus - shoproxstore - Shopify,direct_to_consumer,fulfilled,2026-01-18,2026-01-21,2026-01-18,TO1,Passport,1,1,38.13,2.21,0.0,40.34,shipmonk_estimate,CAD+USD
209934,7092446429494,Cattasaurus - shoproxstore - Shopify,direct_to_consumer,fulfilled,2026-01-18,2026-01-19,2026-01-18,PA2,OnTrac,1,1,15.16,2.1,0.0,17.26,shipmonk_estimate,USD
209935,7092468678966,Cattasaurus - shoproxstore - Shopify,direct_to_consumer,fulfilled,2026-01-18,2026-01-20,2026-01-18,PA2,FedEx,1,1,18.56,2.1,0.0,20.66,shipmonk_estimate,USD
209936,7092469793078,Cattasaurus - shoproxstore - Shopify,direct_to_consumer,fulfilled,2026-01-18,2026-01-21,2026-01-18,TO1,Passport,1,1,26.75,2.21,0.0,28.96,shipmonk_estimate,CAD+USD
209937,7092472480054,Cattasaurus - shoproxstore - Shopify,direct_to_consumer,fulfilled,2026-01-18,2026-01-20,2026-01-18,PA2,OnTrac,1,1,12.45,2.1,0.0,14.55,shipmonk_estimate,USD
209938,7092474609974,Cattasaurus - shoproxstore - Shopify,direct_to_consumer,fulfilled,2026-01-18,2026-01-22,2026-01-18,PA2,FedEx,1,1,13.98,2.1,0.0,16.08,shipmonk_estimate,USD
209938_1,6a21cccf-b40b-492b-a86d-1eb8df60a819,Cattasaurus - shoproxstore - Shopify,direct_to_consumer,fulfilled,2026-01-18,2026-01-21,2026-01-18,PA2,OnTrac,1,1,9.29,1.5,0.0,10.79,shipmonk_estimate,USD
209939,7092474937654,Cattasaurus - shoproxstore - Shopify,direct_to_consumer,fulfilled,2026-01-18,2026-01-19,2026-01-18,PA2,FedEx,1,1,13.98,2.1,0.0,16.08,shipmonk_estimate,USD
209940,7092489126198,Cattasaurus - shoproxstore - Shopify,direct_to_consumer,fulfilled,2026-01-18,2026-01-19,2026-01-18,PA2,UPS,1,1,10.37,1.5,0.0,11.87,shipmonk_estimate,USD
209941,7092500136246,Cattasaurus - shoproxstore - Shopify,direct_to_consumer,fulfilled,2026-01-18,2026-01-20,2026-01-18,PA2,OnTrac,1,1,11.68,1.8,0.0,13.48,shipmonk_estimate,USD
209942,7092504985910,Cattasaurus - shoproxstore - Shopify,direct_to_consumer,fulfilled,2026-01-18,2026-01-23,2026-01-18,TO1,FedEx,1,1,34.85,2.21,0.0,37.06,shipmonk_estimate,CAD+USD
209943,7092508918070,Cattasaurus - shoproxstore - Shopify,direct_to_consumer,fulfilled,2026-01-18,2026-01-21,2026-01-18,TO1,Passport,1,1,26.75,2.21,0.0,28.96,shipmonk_estimate,CAD+USD
209944,7092522647862,Cattasaurus - shoproxstore - Shopify,direct_to_consumer,fulfilled,2026-01-18,2026-01-27,2026-01-18,TO1,FedEx,1,1,36.47,2.21,0.0,38.68,shipmonk_estimate,CAD+USD
209945,7092527956278,Cattasaurus - shoproxstore - Shopify,direct_to_consumer,fulfilled,2026-01-18,2026-01-27,2026-01-18,TO1,FedEx,1,1,31.11,2.21,0.0,33.32,shipmonk_estimate,CAD+USD
209946,7092532740406,Cattasaurus - shoproxstore - Shopify,direct_to_consumer,fulfilled,2026-01-18,2026-01-26,2026-01-18,TO1,FedEx,1,1,24.42,2.21,0.0,26.63,shipmonk_estimate,CAD+USD
209947,7092533133622,Cattasaurus - shoproxstore - Shopify,direct_to_consumer,fulfilled,2026-01-18,2026-01-20,2026-01-18,PA2,UPS,1,1,17.62,1.8,0.0,19.42,shipmonk_estimate,USD
209948,7092536705334,Cattasaurus - shoproxstore - Shopify,direct_to_consumer,fulfilled,2026-01-18,2026-01-19,2026-01-18,PA2,OnTrac,1,1,11.68,2.1,0.0,13.78,shipmonk_estimate,USD
209949,7092550238518,Cattasaurus - shoproxstore - Shopify,direct_to_consumer,fulfilled,2026-01-18,2026-01-21,2026-01-18,TO1,Passport,1,1,36.37,2.21,0.0,38.58,shipmonk_estimate,CAD+USD
209950,7092552335670,Cattasaurus - shoproxstore - Shopify,direct_to_consumer,fulfilled,2026-01-18,2026-01-26,2026-01-18,TO1,FedEx,1,1,34.83,2.21,0.0,37.04,shipmonk_estimate,CAD+USD
209951,7092553810230,Cattasaurus - shoproxstore - Shopify,direct_to_consumer,fulfilled,2026-01-18,2026-01-20,2026-01-18,PA2,FedEx,1,1,15.14,2.1,0.0,17.24,shipmonk_estimate,USD
209952,7092554268982,Cattasaurus - shoproxstore - Shopify,direct_to_consumer,fulfilled,2026-01-18,2026-01-20,2026-01-18,PA2,FedEx,1,1,17.65,2.1,0.0,19.75,shipmonk_estimate,USD
209953,7092565377334,Cattasaurus - shoproxstore - Shopify,direct_to_consumer,fulfilled,2026-01-18,2026-01-21,2026-01-18,TO1,Passport,1,1,28.53,2.21,0.0,30.74,shipmonk_estimate,CAD+USD
209954,7092567802166,Cattasaurus - shoproxstore - Shopify,direct_to_consumer,fulfilled,2026-01-18,2026-01-20,2026-01-18,PA2,UPS,1,1,17.62,2.1,0.0,19.72,shipmonk_estimate,USD
209955,7092568490294,Cattasaurus - shoproxstore - Shopify,direct_to_consumer,fulfilled,2026-01-18,2026-01-21,2026-01-18,NV3,FedEx,2,1,18.56,2.4,0.0,20.96,shipmonk_estimate,USD
209955_1,696e6aa2-2bbb-4017-a62e-e45f6d910308,Cattasaurus - shoproxstore - Shopify,direct_to_consumer,fulfilled,2026-01-18,2026-01-21,2026-01-18,PA2,UPS,1,1,12.62,1.5,0.0,14.12,shipmonk_estimate,USD
209956,7092569571638,Cattasaurus - shoproxstore - Shopify,direct_to_consumer,fulfilled,2026-01-18,2026-01-27,2026-01-18,TO1,Passport,1,1,46.44,2.21,0.0,48.65,shipmonk_estimate,CAD+USD
209957,7092570292534,Cattasaurus - shoproxstore - Shopify,direct_to_consumer,fulfilled,2026-01-18,2026-01-19,2026-01-18,NV3,OnTrac,1,1,12.66,2.1,0.0,14.76,shipmonk_estimate,USD
209958,7092571210038,Cattasaurus - shoproxstore - Shopify,direct_to_consumer,fulfilled,2026-01-18,2026-01-19,2026-01-18,NV3,FedEx,2,1,18.56,2.4,0.0,20.96,shipmonk_estimate,USD
209959,7092571603254,Cattasaurus - shoproxstore - Shopify,direct_to_consumer,fulfilled,2026-01-18,2026-01-19,2026-01-18,NV3,UPS,1,1,17.62,2.1,0.0,19.72,shipmonk_estimate,USD
209960,7092579008822,Cattasaurus - shoproxstore - Shopify,direct_to_consumer,fulfilled,2026-01-18,2026-01-27,2026-01-18,TO1,FedEx,1,1,26.04,2.21,0.0,28.25,shipmonk_estimate,CAD+USD
209961,7092590608694,Cattasaurus - shoproxstore - Shopify,direct_to_consumer,fulfilled,2026-01-18,2026-01-20,2026-01-18,PA2,FedEx,1,1,21.5,2.1,0.0,23.6,shipmonk_estimate,USD
209962,7092591558966,Cattasaurus - shoproxstore - Shopify,direct_to_consumer,fulfilled,2026-01-18,2026-01-20,2026-01-18,PA2,UPS,1,1,16.26,2.1,0.0,18.36,shipmonk_estimate,USD
209963,7092593033526,Cattasaurus - shoproxstore - Shopify,direct_to_consumer,fulfilled,2026-01-18,2026-01-26,2026-01-18,TO1,FedEx,1,1,31.11,2.21,0.0,33.32,shipmonk_estimate,CAD+USD
209964,7092596244790,Cattasaurus - shoproxstore - Shopify,direct_to_consumer,fulfilled,2026-01-18,2026-01-20,2026-01-18,PA2,FedEx,1,1,16.86,2.1,0.0,18.96,shipmonk_estimate,USD
209965,7092597227830,Cattasaurus - shoproxstore - Shopify,direct_to_consumer,fulfilled,2026-01-18,2026-01-20,2026-01-18,PA2,OnTrac,1,1,12.45,2.1,0.0,14.55,shipmonk_estimate,USD
209967,7092602962230,Cattasaurus - shoproxstore - Shopify,direct_to_consumer,fulfilled,2026-01-18,2026-01-19,2026-01-18,NV3,UPS,1,1,20.26,1.8,0.0,22.06,shipmonk_estimate,USD
209968,7092608827702,Cattasaurus - shoproxstore - Shopify,direct_to_consumer,fulfilled,2026-01-18,2026-01-20,2026-01-18,PA2,OnTrac,1,1,12.66,2.1,0.0,14.76,shipmonk_estimate,USD
209969,7092608991542,Cattasaurus - shoproxstore - Shopify,direct_to_consumer,fulfilled,2026-01-18,2026-01-20,2026-01-18,NV3,FedEx,1,1,13.98,2.1,0.0,16.08,shipmonk_estimate,USD
209970,7092617150774,Cattasaurus - shoproxstore - Shopify,direct_to_consumer,fulfilled,2026-01-18,2026-01-27,2026-01-18,TO1,FedEx,1,1,34.04,2.21,0.0,36.25,shipmonk_estimate,CAD+USD
209971,7092635861302,Cattasaurus - shoproxstore - Shopify,direct_to_consumer,fulfilled,2026-01-18,2026-01-20,2026-01-18,PA2,UPS,1,1,16.86,2.1,0.0,18.96,shipmonk_estimate,USD
209972,7092637368630,Cattasaurus - shoproxstore - Shopify,direct_to_consumer,fulfilled,2026-01-18,2026-01-20,2026-01-18,PA2,UPS,1,1,20.26,2.1,0.0,22.36,shipmonk_estimate,USD
209973,7092649591094,Cattasaurus - shoproxstore - Shopify,direct_to_consumer,fulfilled,2026-01-18,2026-01-20,2026-01-18,PA2,FedEx,2,1,17.17,2.4,0.0,19.57,shipmonk_estimate,USD
209974,7092656013622,Cattasaurus - shoproxstore - Shopify,direct_to_consumer,fulfilled,2026-01-18,2026-01-19,2026-01-18,NV3,OnTrac,1,1,12.45,1.8,0.0,14.25,shipmonk_estimate,USD
209975,7092658045238,Cattasaurus - shoproxstore - Shopify,direct_to_consumer,fulfilled,2026-01-18,2026-01-26,2026-01-18,TO1,FedEx,1,1,14.97,2.21,0.0,17.18,shipmonk_estimate,CAD+USD
209976,7092664041782,Cattasaurus - shoproxstore - Shopify,direct_to_consumer,fulfilled,2026-01-18,2026-01-20,2026-01-18,PA2,UPS,1,1,19.89,2.4,0.0,22.29,shipmonk_estimate,USD
209977,7092669874486,Cattasaurus - shoproxstore - Shopify,direct_to_consumer,fulfilled,2026-01-18,2026-01-20,2026-01-18,PA2,OnTrac,1,1,11.68,2.1,0.0,13.78,shipmonk_estimate,USD
209978,7092686782774,Cattasaurus - shoproxstore - Shopify,direct_to_consumer,fulfilled,2026-01-18,2026-01-20,2026-01-18,PA2,OnTrac,1,1,16.86,2.1,0.0,18.96,shipmonk_estimate,USD
209979,7092688355638,Cattasaurus - shoproxstore - Shopify,direct_to_consumer,fulfilled,2026-01-18,2026-01-21,2026-01-18,TO1,Passport,1,1,38.13,2.21,0.0,40.34,shipmonk_estimate,CAD+USD
209980,7092689568054,Cattasaurus - shoproxstore - Shopify,direct_to_consumer,fulfilled,2026-01-18,2026-01-20,2026-01-18,NV3,UPS,1,1,15.21,2.1,0.0,17.31,shipmonk_estimate,USD
209981,7092691435830,Cattasaurus - shoproxstore - Shopify,direct_to_consumer,fulfilled,2026-01-18,2026-01-26,2026-01-18,TO1,FedEx,1,1,30.73,2.21,0.0,32.94,shipmonk_estimate,CAD+USD
209982,7092693958966,Cattasaurus - shoproxstore - Shopify,direct_to_consumer,fulfilled,2026-01-18,2026-01-20,2026-01-18,PA2,OnTrac,1,1,12.57,2.1,0.0,14.67,shipmonk_estimate,USD
209983,7092695531830,Cattasaurus - shoproxstore - Shopify,direct_to_consumer,fulfilled,2026-01-18,2026-01-20,2026-01-18,NV3,OnTrac,1,1,14.35,2.1,0.0,16.45,shipmonk_estimate,USD
209984,7092698349878,Cattasaurus - shoproxstore - Shopify,direct_to_consumer,fulfilled,2026-01-18,2026-01-21,2026-01-18,TO1,Passport,1,1,26.75,2.21,0.0,28.96,shipmonk_estimate,CAD+USD
209985,7092700053814,Cattasaurus - shoproxstore - Shopify,direct_to_consumer,fulfilled,2026-01-18,2026-01-21,2026-01-18,TO1,Passport,1,1,28.15,2.21,0.0,30.36,shipmonk_estimate,CAD+USD
209986,7092712767798,Cattasaurus - shoproxstore - Shopify,direct_to_consumer,fulfilled,2026-01-18,2026-01-26,2026-01-18,TO1,FedEx,1,1,26.04,2.21,0.0,28.25,shipmonk_estimate,CAD+USD
209987,7092713619766,Cattasaurus - shoproxstore - Shopify,direct_to_consumer,fulfilled,2026-01-18,2026-01-27,2026-01-18,TO1,FedEx,1,1,26.04,2.21,0.0,28.25,shipmonk_estimate,CAD+USD
209988,7092716011830,Cattasaurus - shoproxstore - Shopify,direct_to_consumer,fulfilled,2026-01-18,2026-01-20,2026-01-18,PA2,OnTrac,1,1,12.45,2.1,0.0,14.55,shipmonk_estimate,USD
209989,7092721746230,Cattasaurus - shoproxstore - Shopify,direct_to_consumer,fulfilled,2026-01-18,2026-01-20,2026-01-18,PA2,UPS,1,1,14.27,1.8,0.0,16.07,shipmonk_estimate,USD
209990,7092728135990,Cattasaurus - shoproxstore - Shopify,direct_to_consumer,fulfilled,2026-01-18,2026-01-21,2026-01-18,NV3,FedEx,1,1,15.92,2.1,0.0,18.02,shipmonk_estimate,USD
209990_1,4cbd17bb-bdc9-4995-b678-e947a37533c0,Cattasaurus - shoproxstore - Shopify,direct_to_consumer,fulfilled,2026-01-18,2026-01-21,2026-01-18,PA2,OnTrac,1,1,14.37,1.5,0.0,15.87,shipmonk_estimate,USD
209991,7092730495286,Cattasaurus - shoproxstore - Shopify,direct_to_consumer,fulfilled,2026-01-18,2026-01-21,2026-01-18,TO1,Passport,1,1,38.13,2.21,0.0,40.34,shipmonk_estimate,CAD+USD
209992,7092733968694,Cattasaurus - shoproxstore - Shopify,direct_to_consumer,fulfilled,2026-01-18,2026-01-26,2026-01-18,TO1,FedEx,1,1,20.82,2.21,0.0,23.03,shipmonk_estimate,CAD+USD
209992_1,ebf92e05-4682-4699-a370-08b148816cc2,Cattasaurus - shoproxstore - Shopify,direct_to_consumer,fulfilled,2026-01-18,2026-01-26,2026-01-18,TO1,FedEx,1,1,21.54,2.21,0.0,23.75,shipmonk_estimate,CAD+USD
209993,7092748550454,Cattasaurus - shoproxstore - Shopify,direct_to_consumer,fulfilled,2026-01-18,2026-01-21,2026-01-18,TO1,Passport,1,1,32.45,2.21,0.0,34.66,shipmonk_estimate,CAD+USD
209994,7092754448694,Cattasaurus - shoproxstore - Shopify,direct_to_consumer,fulfilled,2026-01-18,2026-01-20,2026-01-18,NV3,UPS,1,1,19.6,2.1,0.0,21.7,shipmonk_estimate,USD
209995,7092755267894,Cattasaurus - shoproxstore - Shopify,direct_to_consumer,fulfilled,2026-01-18,2026-01-20,2026-01-18,PA2,OnTrac,1,1,17.4,2.1,0.0,19.5,shipmonk_estimate,USD
209996,7092756873526,Cattasaurus - shoproxstore - Shopify,direct_to_consumer,fulfilled,2026-01-18,2026-01-21,2026-01-18,TO1,Passport,1,1,28.53,2.21,0.0,30.74,shipmonk_estimate,CAD+USD
209997,7092757823798,Cattasaurus - shoproxstore - Shopify,direct_to_consumer,fulfilled,2026-01-18,2026-01-21,2026-01-18,TO1,Passport,1,1,26.75,2.21,0.0,28.96,shipmonk_estimate,CAD+USD
209998,7092758741302,Cattasaurus - shoproxstore - Shopify,direct_to_consumer,fulfilled,2026-01-18,2026-01-20,2026-01-18,NV3,OnTrac,1,1,12.45,2.1,0.0,14.55,shipmonk_estimate,USD
210000,7092762050870,Cattasaurus - shoproxstore - Shopify,direct_to_consumer,fulfilled,2026-01-18,2026-01-20,2026-01-18,PA2,OnTrac,1,1,12.45,2.1,0.0,14.55,shipmonk_estimate,USD
210001,7092764049718,Cattasaurus - shoproxstore - Shopify,direct_to_consumer,fulfilled,2026-01-18,2026-01-26,2026-01-18,TO1,FedEx,1,1,19.75,2.21,0.0,21.96,shipmonk_estimate,CAD+USD
210002,7092764180790,Cattasaurus - shoproxstore - Shopify,direct_to_consumer,fulfilled,2026-01-18,2026-01-26,2026-01-18,TO1,FedEx,1,1,12.71,2.21,0.0,14.92,shipmonk_estimate,CAD+USD
210002_1,72eef403-98d7-4234-bc15-137b52cf4f20,Cattasaurus - shoproxstore - Shopify,direct_to_consumer,fulfilled,2026-01-18,2026-01-26,2026-01-18,TO1,FedEx,1,1,12.71,2.21,0.0,14.92,shipmonk_estimate,CAD+USD
210003,7092767719734,Cattasaurus - shoproxstore - Shopify,direct_to_consumer,fulfilled,2026-01-18,2026-01-20,2026-01-18,PA2,UPS,1,1,17.34,2.1,0.0,19.44,shipmonk_estimate,USD
210004,7092768407862,Cattasaurus - shoproxstore - Shopify,direct_to_consumer,fulfilled,2026-01-18,2026-01-20,2026-01-18,PA2,OnTrac,1,1,15.16,2.1,0.0,17.26,shipmonk_estimate,USD
210005,7092770701622,Cattasaurus - shoproxstore - Shopify,direct_to_consumer,fulfilled,2026-01-18,2026-01-20,2026-01-18,NV3,FedEx,1,1,16.87,2.4,0.0,19.27,shipmonk_estimate,USD
210006,7092773912886,Cattasaurus - shoproxstore - Shopify,direct_to_consumer,fulfilled,2026-01-18,2026-01-20,2026-01-18,NV3,OnTrac,1,1,18.59,2.7,0.0,21.29,shipmonk_estimate,USD
210007,7092774764854,Cattasaurus - shoproxstore - Shopify,direct_to_consumer,fulfilled,2026-01-18,2026-01-20,2026-01-18,PA2,OnTrac,1,1,11.68,2.1,0.0,13.78,shipmonk_estimate,USD
210008,7092779680054,Cattasaurus - shoproxstore - Shopify,direct_to_consumer,fulfilled,2026-01-18,2026-01-20,2026-01-18,NV3,OnTrac,1,1,18.2,2.4,0.0,20.6,shipmonk_estimate,USD
210009,7092784038198,Cattasaurus - shoproxstore - Shopify,direct_to_consumer,fulfilled,2026-01-18,2026-01-20,2026-01-18,PA2,OnTrac,1,1,12.66,2.1,0.0,14.76,shipmonk_estimate,USD
210010,7092784562486,Cattasaurus - shoproxstore - Shopify,direct_to_consumer,fulfilled,2026-01-18,2026-01-21,2026-01-18,NV3,FedEx,1,1,23.2,2.1,0.0,25.3,shipmonk_estimate,USD
210010_1,c095667e-f746-4ec4-a9d3-8411a8d2535d,Cattasaurus - shoproxstore - Shopify,direct_to_consumer,fulfilled,2026-01-18,2026-01-21,2026-01-18,PA2,OnTrac,1,1,9.19,1.5,0.0,10.69,shipmonk_estimate,USD
210010_2,4811c3b2-7474-4585-974d-d12afc164de3,Cattasaurus - shoproxstore - Shopify,direct_to_consumer,fulfilled,2026-01-18,2026-01-21,2026-01-18,NV3,FedEx,1,1,23.2,2.1,0.0,25.3,shipmonk_estimate,USD
210011,7092787118390,Cattasaurus - shoproxstore - Shopify,direct_to_consumer,fulfilled,2026-01-18,2026-01-27,2026-01-18,TO1,Passport,1,1,67.43,2.21,0.0,69.64,shipmonk_estimate,CAD+USD
210012,7092788101430,Cattasaurus - shoproxstore - Shopify,direct_to_consumer,fulfilled,2026-01-18,2026-01-20,2026-01-18,PA2,FedEx,1,1,22.55,2.1,0.0,24.65,shipmonk_estimate,USD
210013,7092806353206,Cattasaurus - shoproxstore - Shopify,direct_to_consumer,fulfilled,2026-01-18,2026-01-20,2026-01-18,PA2,OnTrac,1,1,13.52,2.7,0.0,16.22,shipmonk_estimate,USD
210014,7092811235638,Cattasaurus - shoproxstore - Shopify,direct_to_consumer,fulfilled,2026-01-18,2026-01-20,2026-01-18,PA2,FedEx,1,1,14.14,2.1,0.0,16.24,shipmonk_estimate,USD
210015,7092818215222,Cattasaurus - shoproxstore - Shopify,direct_to_consumer,fulfilled,2026-01-18,2026-01-20,2026-01-18,PA2,OnTrac,1,1,12.66,2.1,0.0,14.76,shipmonk_estimate,USD
210016,7092826734902,Cattasaurus - shoproxstore - Shopify,direct_to_consumer,fulfilled,2026-01-18,2026-01-26,2026-01-18,TO1,FedEx,1,1,24.42,2.21,0.0,26.63,shipmonk_estimate,CAD+USD
210017,7092831027510,Cattasaurus - shoproxstore - Shopify,direct_to_consumer,fulfilled,2026-01-18,2026-01-20,2026-01-18,NV3,OnTrac,1,1,15.16,2.1,0.0,17.26,shipmonk_estimate,USD
210018,7092837646646,Cattasaurus - shoproxstore - Shopify,direct_to_consumer,fulfilled,2026-01-18,2026-01-20,2026-01-18,PA2,FedEx,1,1,15.14,2.1,0.0,17.24,shipmonk_estimate,USD
210019,7092843643190,Cattasaurus - shoproxstore - Shopify,direct_to_consumer,fulfilled,2026-01-18,2026-01-20,2026-01-18,PA2,OnTrac,1,1,15.16,2.1,0.0,17.26,shipmonk_estimate,USD
210020,7092844167478,Cattasaurus - shoproxstore - Shopify,direct_to_consumer,fulfilled,2026-01-18,2026-01-20,2026-01-18,NV3,FedEx,1,1,17.65,2.1,0.0,19.75,shipmonk_estimate,USD
210021,7092851638582,Cattasaurus - shoproxstore - Shopify,direct_to_consumer,fulfilled,2026-01-18,2026-01-20,2026-01-18,PA2,FedEx,1,1,17.65,2.4,0.0,20.05,shipmonk_estimate,USD
210022,7092856783158,Cattasaurus - shoproxstore - Shopify,direct_to_consumer,fulfilled,2026-01-18,2026-01-20,2026-01-18,PA2,FedEx,1,1,12.45,2.1,0.0,14.55,shipmonk_estimate,USD
210023,7092861042998,Cattasaurus - shoproxstore - Shopify,direct_to_consumer,fulfilled,2026-01-18,2026-01-20,2026-01-18,PA2,FedEx,1,1,15.65,2.4,0.0,18.05,shipmonk_estimate,USD
210024,7092864254262,Cattasaurus - shoproxstore - Shopify,direct_to_consumer,fulfilled,2026-01-18,2026-01-20,2026-01-18,NV3,UPS,1,1,24.25,2.1,0.0,26.35,shipmonk_estimate,USD
210025,7092869202230,Cattasaurus - shoproxstore - Shopify,direct_to_consumer,fulfilled,2026-01-18,2026-01-20,2026-01-18,NV3,OnTrac,1,1,14.14,2.1,0.0,16.24,shipmonk_estimate,USD
210026,7092881031478,Cattasaurus - shoproxstore - Shopify,direct_to_consumer,fulfilled,2026-01-18,2026-01-26,2026-01-18,TO1,FedEx,1,1,14.2,2.21,0.0,16.41,shipmonk_estimate,CAD+USD
210027,7092886733110,Cattasaurus - shoproxstore - Shopify,direct_to_consumer,fulfilled,2026-01-18,2026-01-20,2026-01-18,NV3,OnTrac,1,1,15.77,2.1,0.0,17.87,shipmonk_estimate,USD
210028,7092901019958,Cattasaurus - shoproxstore - Shopify,direct_to_consumer,fulfilled,2026-01-18,2026-01-20,2026-01-18,PA2,OnTrac,1,1,14.27,2.1,0.0,16.37,shipmonk_estimate,USD
210029,7092914913590,Cattasaurus - shoproxstore - Shopify,direct_to_consumer,fulfilled,2026-01-18,2026-01-20,2026-01-18,NV3,OnTrac,1,1,12.66,2.1,0.0,14.76,shipmonk_estimate,USD
210030,7092928381238,Cattasaurus - shoproxstore - Shopify,direct_to_consumer,fulfilled,2026-01-18,2026-01-27,2026-01-18,TO1,FedEx,1,1,31.11,2.21,0.0,33.32,shipmonk_estimate,CAD+USD
210031,7092928643382,Cattasaurus - shoproxstore - Shopify,direct_to_consumer,fulfilled,2026-01-18,2026-01-20,2026-01-18,NV3,OnTrac,1,1,11.68,2.1,0.0,13.78,shipmonk_estimate,USD
210032,7092928807222,Cattasaurus - shoproxstore - Shopify,direct_to_consumer,fulfilled,2026-01-18,2026-01-20,2026-01-18,PA2,FedEx,1,1,18.56,2.1,0.0,20.66,shipmonk_estimate,USD
210033,7092931297590,Cattasaurus - shoproxstore - Shopify,direct_to_consumer,fulfilled,2026-01-18,2026-01-27,2026-01-18,TO1,Passport,1,1,39.46,2.21,0.0,41.67,shipmonk_estimate,CAD+USD
210034,7092939653430,Cattasaurus - shoproxstore - Shopify,direct_to_consumer,fulfilled,2026-01-18,2026-01-20,2026-01-18,PA2,FedEx,1,1,18.2,2.4,0.0,20.6,shipmonk_estimate,USD
210035,7092939686198,Cattasaurus - shoproxstore - Shopify,direct_to_consumer,fulfilled,2026-01-18,2026-01-22,2026-01-18,PA2,UPS,1,1,17.64,2.1,0.0,19.74,shipmonk_estimate,USD
210035_1,5aa52b04-d7cd-4e42-b8e0-bfeef7c929b3,Cattasaurus - shoproxstore - Shopify,direct_to_consumer,fulfilled,2026-01-18,2026-01-22,2026-01-18,PA2,UPS,1,1,16.86,2.1,0.0,18.96,shipmonk_estimate,USD
210036,7092947222838,Cattasaurus - shoproxstore - Shopify,direct_to_consumer,fulfilled,2026-01-18,2026-01-22,2026-01-18,PA2,UPS,1,1,17.34,2.4,0.0,19.74,shipmonk_estimate,USD
210036_1,2232ff6b-9487-4678-a5fc-98ab990031eb,Cattasaurus - shoproxstore - Shopify,direct_to_consumer,fulfilled,2026-01-18,2026-01-22,2026-01-18,PA2,UPS,1,1,17.34,2.4,0.0,19.74,shipmonk_estimate,USD
210037,7092948173110,Cattasaurus - shoproxstore - Shopify,direct_to_consumer,fulfilled,2026-01-18,2026-01-20,2026-01-18,NV3,OnTrac,1,1,17.34,2.1,0.0,19.44,shipmonk_estimate,USD
210038,7092948271414,Cattasaurus - shoproxstore - Shopify,direct_to_consumer,fulfilled,2026-01-18,2026-01-20,2026-01-18,NV3,OnTrac,2,1,14.35,2.4,0.0,16.75,shipmonk_estimate,USD
210039,7092960526646,Cattasaurus - shoproxstore - Shopify,direct_to_consumer,fulfilled,2026-01-18,2026-01-20,2026-01-18,NV3,FedEx,1,1,15.14,2.1,0.0,17.24,shipmonk_estimate,USD
210040,7092960657718,Cattasaurus - shoproxstore - Shopify,direct_to_consumer,fulfilled,2026-01-18,2026-01-20,2026-01-18,NV3,OnTrac,1,1,15.97,2.1,0.0,18.07,shipmonk_estimate,USD
210041,7092979368246,Cattasaurus - shoproxstore - Shopify,direct_to_consumer,fulfilled,2026-01-18,2026-01-20,2026-01-18,PA2,OnTrac,1,1,15.16,2.1,0.0,17.26,shipmonk_estimate,USD
210042,7092982546742,Cattasaurus - shoproxstore - Shopify,direct_to_consumer,fulfilled,2026-01-18,2026-01-20,2026-01-18,PA2,OnTrac,2,1,14.27,2.4,0.0,16.67,shipmonk_estimate,USD
210043,7092997292342,Cattasaurus - shoproxstore - Shopify,direct_to_consumer,fulfilled,2026-01-18,2026-01-20,2026-01-18,NV3,FedEx,1,1,15.65,2.4,0.0,18.05,shipmonk_estimate,USD
210044,7092998504758,Cattasaurus - shoproxstore - Shopify,direct_to_consumer,fulfilled,2026-01-18,2026-01-21,2026-01-18,TO1,Passport,1,1,26.75,2.21,0.0,28.96,shipmonk_estimate,CAD+USD
210045,7093004861750,Cattasaurus - shoproxstore - Shopify,direct_to_consumer,fulfilled,2026-01-18,2026-01-20,2026-01-18,NV3,FedEx,1,1,13.98,2.1,0.0,16.08,shipmonk_estimate,USD
210046,7093009678646,Cattasaurus - shoproxstore - Shopify,direct_to_consumer,fulfilled,2026-01-18,2026-01-22,2026-01-18,PA2,FedEx,1,1,18.56,2.1,0.0,20.66,shipmonk_estimate,USD
210047,7093021147446,Cattasaurus - shoproxstore - Shopify,direct_to_consumer,fulfilled,2026-01-18,2026-01-20,2026-01-18,NV3,FedEx,1,1,21.5,2.1,0.0,23.6,shipmonk_estimate,USD
210048,7093029372214,Cattasaurus - shoproxstore - Shopify,direct_to_consumer,fulfilled,2026-01-18,2026-01-20,2026-01-18,NV3,OnTrac,1,1,14.14,2.1,0.0,16.24,shipmonk_estimate,USD
210049,7093032124726,Cattasaurus - shoproxstore - Shopify,direct_to_consumer,fulfilled,2026-01-18,2026-01-22,2026-01-18,PA2,OnTrac,1,1,11.68,2.1,0.0,13.78,shipmonk_estimate,USD
210049_1,4c5eb459-b8ca-4eb2-88ad-c50b5f91d207,Cattasaurus - shoproxstore - Shopify,direct_to_consumer,fulfilled,2026-01-18,2026-01-21,2026-01-18,PA2,OnTrac,1,1,9.45,1.5,0.0,10.95,shipmonk_estimate,USD
210050,7093036450102,Cattasaurus - shoproxstore - Shopify,direct_to_consumer,fulfilled,2026-01-18,2026-01-20,2026-01-18,PA2,OnTrac,1,1,12.45,2.1,0.0,14.55,shipmonk_estimate,USD
210051,7093038547254,Cattasaurus - shoproxstore - Shopify,direct_to_consumer,fulfilled,2026-01-18,2026-01-20,2026-01-18,PA2,OnTrac,1,1,11.68,2.1,0.0,13.78,shipmonk_estimate,USD
210052,7093039366454,Cattasaurus - shoproxstore - Shopify,direct_to_consumer,fulfilled,2026-01-18,2026-01-20,2026-01-18,PA2,FedEx,1,1,15.14,2.1,0.0,17.24,shipmonk_estimate,USD
210053,7093043986742,Cattasaurus - shoproxstore - Shopify,direct_to_consumer,fulfilled,2026-01-18,2026-01-26,2026-01-18,TO1,FedEx,1,1,31.39,2.21,0.0,33.6,shipmonk_estimate,CAD+USD
210054,7093044085046,Cattasaurus - shoproxstore - Shopify,direct_to_consumer,fulfilled,2026-01-18,2026-01-21,2026-01-18,TO1,Passport,1,1,37.17,2.21,0.0,39.38,shipmonk_estimate,CAD+USD
210055,7093049655606,Cattasaurus - shoproxstore - Shopify,direct_to_consumer,fulfilled,2026-01-18,2026-01-20,2026-01-18,PA2,OnTrac,1,1,15.16,2.1,0.0,17.26,shipmonk_estimate,USD
210056,7093052080438,Cattasaurus - shoproxstore - Shopify,direct_to_consumer,fulfilled,2026-01-18,2026-01-27,2026-01-18,TO1,FedEx,1,1,30.56,2.21,0.0,32.77,shipmonk_estimate,CAD+USD
210057,7093052506422,Cattasaurus - shoproxstore - Shopify,direct_to_consumer,fulfilled,2026-01-18,2026-01-27,2026-01-18,TO1,FedEx,1,1,26.04,2.21,0.0,28.25,shipmonk_estimate,CAD+USD
210058,7093076197686,Cattasaurus - shoproxstore - Shopify,direct_to_consumer,fulfilled,2026-01-18,2026-01-27,2026-01-18,TO1,FedEx,1,1,45.28,2.21,0.0,47.49,shipmonk_estimate,CAD+USD
210060,7093082652982,Cattasaurus - shoproxstore - Shopify,direct_to_consumer,fulfilled,2026-01-18,2026-01-27,2026-01-18,TO1,FedEx,1,1,34.83,2.21,0.0,37.04,shipmonk_estimate,CAD+USD
210061,7093096350006,Cattasaurus - shoproxstore - Shopify,direct_to_consumer,fulfilled,2026-01-18,2026-01-27,2026-01-18,TO1,FedEx,1,1,31.11,2.21,0.0,33.32,shipmonk_estimate,CAD+USD
210062,7093104836918,Cattasaurus - shoproxstore - Shopify,direct_to_consumer,fulfilled,2026-01-18,2026-01-21,2026-01-18,PA2,FedEx,1,1,15.14,2.1,0.0,17.24,shipmonk_estimate,USD
210063,7093107130678,Cattasaurus - shoproxstore - Shopify,direct_to_consumer,fulfilled,2026-01-18,2026-01-22,2026-01-18,PA2,FedEx,1,1,15.96,2.1,0.0,18.06,shipmonk_estimate,USD
210063_1,453c4191-5f12-4864-b905-22585a7413d8,Cattasaurus - shoproxstore - Shopify,direct_to_consumer,fulfilled,2026-01-18,2026-01-22,2026-01-18,PA2,FedEx,1,1,15.96,2.1,0.0,18.06,shipmonk_estimate,USD
210064,7093107458358,Cattasaurus - shoproxstore - Shopify,direct_to_consumer,fulfilled,2026-01-18,2026-01-21,2026-01-18,PA2,FedEx,1,1,13.98,2.1,0.0,16.08,shipmonk_estimate,USD
210065,7093115912502,Cattasaurus - shoproxstore - Shopify,direct_to_consumer,fulfilled,2026-01-18,2026-02-09,2026-01-18,TO1,FedEx,1,1,41.88,2.21,0.0,44.09,shipmonk_estimate,CAD+USD
210066,7093128233270,Cattasaurus - shoproxstore - Shopify,direct_to_consumer,fulfilled,2026-01-18,2026-01-21,2026-01-18,PA2,FedEx,1,1,17.65,2.1,0.0,19.75,shipmonk_estimate,USD
210067,7093129412918,Cattasaurus - shoproxstore - Shopify,direct_to_consumer,fulfilled,2026-01-18,2026-01-22,2026-01-18,PA2,FedEx,1,1,12.66,2.1,0.0,14.76,shipmonk_estimate,USD
210068,7093132460342,Cattasaurus - shoproxstore - Shopify,direct_to_consumer,fulfilled,2026-01-18,2026-01-21,2026-01-18,PA2,FedEx,1,1,17.65,2.1,0.0,19.75,shipmonk_estimate,USD
210069,7093138653494,Cattasaurus - shoproxstore - Shopify,direct_to_consumer,fulfilled,2026-01-18,2026-01-20,2026-01-18,NV3,UPS,1,1,19.6,2.1,0.0,21.7,shipmonk_estimate,USD
210070,7093152710966,Cattasaurus - shoproxstore - Shopify,direct_to_consumer,fulfilled,2026-01-18,2026-01-22,2026-01-18,PA2,FedEx,1,1,15.14,2.1,0.0,17.24,shipmonk_estimate,USD
210071,7093154414902,Cattasaurus - shoproxstore - Shopify,direct_to_consumer,fulfilled,2026-01-18,2026-01-22,2026-01-18,PA2,OnTrac,2,1,12.45,2.4,0.0,14.85,shipmonk_estimate,USD
210072,7093163983158,Cattasaurus - shoproxstore - Shopify,direct_to_consumer,fulfilled,2026-01-18,2026-01-21,2026-01-18,PA2,FedEx,1,1,17.65,2.1,0.0,19.75,shipmonk_estimate,USD
210073,7093164998966,Cattasaurus - shoproxstore - Shopify,direct_to_consumer,fulfilled,2026-01-18,2026-01-20,2026-01-18,NV3,OnTrac,1,1,15.16,2.1,0.0,17.26,shipmonk_estimate,USD
210074,7093166342454,Cattasaurus - shoproxstore - Shopify,direct_to_consumer,fulfilled,2026-01-18,2026-01-22,2026-01-18,PA2,OnTrac,1,1,12.66,2.1,0.0,14.76,shipmonk_estimate,USD
210075,7093167784246,Cattasaurus - shoproxstore - Shopify,direct_to_consumer,fulfilled,2026-01-18,2026-01-20,2026-01-18,NV3,OnTrac,1,1,17.34,2.1,0.0,19.44,shipmonk_estimate,USD
210076,7093170405686,Cattasaurus - shoproxstore - Shopify,direct_to_consumer,fulfilled,2026-01-18,2026-01-21,2026-01-18,TO1,Passport,1,1,32.42,2.21,0.0,34.63,shipmonk_estimate,CAD+USD
210077,7093170995510,Cattasaurus - shoproxstore - Shopify,direct_to_consumer,fulfilled,2026-01-18,2026-01-27,2026-01-18,TO1,FedEx,1,1,31.11,2.21,0.0,33.32,shipmonk_estimate,CAD+USD
210078,7093182431542,Cattasaurus - shoproxstore - Shopify,direct_to_consumer,fulfilled,2026-01-18,2026-01-20,2026-01-18,NV3,OnTrac,1,1,15.77,2.1,0.0,17.87,shipmonk_estimate,USD
210079,7093183611190,Cattasaurus - shoproxstore - Shopify,direct_to_consumer,fulfilled,2026-01-18,2026-01-22,2026-01-18,PA2,OnTrac,1,1,12.66,2.1,0.0,14.76,shipmonk_estimate,USD
210080,7093186199862,Cattasaurus - shoproxstore - Shopify,direct_to_consumer,fulfilled,2026-01-18,2026-01-22,2026-01-18,PA2,FedEx,1,1,13.47,2.1,0.0,15.57,shipmonk_estimate,USD
210081,7093188755766,Cattasaurus - shoproxstore - Shopify,direct_to_consumer,fulfilled,2026-01-18,2026-01-22,2026-01-18,PA2,FedEx,2,1,12.57,2.4,0.0,14.97,shipmonk_estimate,USD
210082,7093189542198,Cattasaurus - shoproxstore - Shopify,direct_to_consumer,fulfilled,2026-01-18,2026-01-20,2026-01-18,NV3,OnTrac,1,1,15.77,2.1,0.0,17.87,shipmonk_estimate,USD
210083,7093196357942,Cattasaurus - shoproxstore - Shopify,direct_to_consumer,fulfilled,2026-01-18,2026-01-27,2026-01-18,TO1,FedEx,1,1,26.04,2.21,0.0,28.25,shipmonk_estimate,CAD+USD
210084,7093201797430,Cattasaurus - shoproxstore - Shopify,direct_to_consumer,fulfilled,2026-01-18,2026-01-22,2026-01-18,PA2,OnTrac,1,1,11.68,2.1,0.0,13.78,shipmonk_estimate,USD
210087,7093218279734,Cattasaurus - shoproxstore - Shopify,direct_to_consumer,fulfilled,2026-01-18,2026-01-22,2026-01-18,PA2,OnTrac,1,1,12.45,2.1,0.0,14.55,shipmonk_estimate,USD
210088,7093224833334,Cattasaurus - shoproxstore - Shopify,direct_to_consumer,fulfilled,2026-01-18,2026-01-22,2026-01-18,PA2,OnTrac,1,1,15.16,2.1,0.0,17.26,shipmonk_estimate,USD
210089,7093225062710,Cattasaurus - shoproxstore - Shopify,direct_to_consumer,fulfilled,2026-01-18,2026-01-22,2026-01-18,PA2,OnTrac,1,1,13.0,2.1,0.0,15.1,shipmonk_estimate,USD
210090,7093246066998,Cattasaurus - shoproxstore - Shopify,direct_to_consumer,fulfilled,2026-01-18,2026-01-20,2026-01-18,NV3,OnTrac,1,1,15.77,2.1,0.0,17.87,shipmonk_estimate,USD
210091,7093249933622,Cattasaurus - shoproxstore - Shopify,direct_to_consumer,fulfilled,2026-01-18,2026-01-21,2026-01-18,TO1,Passport,1,1,29.21,2.21,0.0,31.42,shipmonk_estimate,CAD+USD
210092,7093256945974,Cattasaurus - shoproxstore - Shopify,direct_to_consumer,fulfilled,2026-01-18,2026-01-22,2026-01-18,PA2,OnTrac,1,1,9.98,2.1,0.0,12.08,shipmonk_estimate,USD
210093,7093264941366,Cattasaurus - shoproxstore - Shopify,direct_to_consumer,fulfilled,2026-01-18,2026-01-22,2026-01-18,NV3,OnTrac,1,1,12.45,2.1,0.0,14.55,shipmonk_estimate,USD
210094,7093265793334,Cattasaurus - shoproxstore - Shopify,direct_to_consumer,fulfilled,2026-01-18,2026-01-22,2026-01-18,PA2,FedEx,1,1,13.0,2.1,0.0,15.1,shipmonk_estimate,USD
210095,7093266317622,Cattasaurus - shoproxstore - Shopify,direct_to_consumer,fulfilled,2026-01-18,2026-01-20,2026-01-18,NV3,OnTrac,1,1,12.77,2.1,0.0,14.87,shipmonk_estimate,USD
210096,7093275492662,Cattasaurus - shoproxstore - Shopify,direct_to_consumer,fulfilled,2026-01-18,2026-01-27,2026-01-18,TO1,FedEx,1,1,35.26,2.21,0.0,37.47,shipmonk_estimate,CAD+USD
210097,7093277524278,Cattasaurus - shoproxstore - Shopify,direct_to_consumer,fulfilled,2026-01-18,2026-01-21,2026-01-18,PA2,OnTrac,1,1,12.57,2.1,0.0,14.67,shipmonk_estimate,USD
210098,7093284274486,Cattasaurus - shoproxstore - Shopify,direct_to_consumer,fulfilled,2026-01-18,2026-01-22,2026-01-18,PA2,OnTrac,1,1,12.57,2.1,0.0,14.67,shipmonk_estimate,USD
210099,7093292695862,Cattasaurus - shoproxstore - Shopify,direct_to_consumer,fulfilled,2026-01-18,2026-01-21,2026-01-18,TO1,Passport,1,1,28.53,2.21,0.0,30.74,shipmonk_estimate,CAD+USD
210100,7093297676598,Cattasaurus - shoproxstore - Shopify,direct_to_consumer,fulfilled,2026-01-18,2026-01-22,2026-01-18,PA2,OnTrac,1,1,12.45,2.1,0.0,14.55,shipmonk_estimate,USD
210101,7093299872054,Cattasaurus - shoproxstore - Shopify,direct_to_consumer,fulfilled,2026-01-18,2026-01-22,2026-01-18,PA2,OnTrac,1,1,11.68,2.1,0.0,13.78,shipmonk_estimate,USD
210102,7093312160054,Cattasaurus - shoproxstore - Shopify,direct_to_consumer,fulfilled,2026-01-18,2026-01-22,2026-01-18,PA2,FedEx,2,1,18.2,3.3,0.0,21.5,shipmonk_estimate,USD
210103,7093321761078,Cattasaurus - shoproxstore - Shopify,direct_to_consumer,fulfilled,2026-01-18,2026-01-20,2026-01-18,NV3,UPS,1,1,19.09,2.1,0.0,21.19,shipmonk_estimate,USD
210104,7093324382518,Cattasaurus - shoproxstore - Shopify,direct_to_consumer,fulfilled,2026-01-18,2026-01-21,2026-01-18,PA2,FedEx,1,1,17.65,2.1,0.0,19.75,shipmonk_estimate,USD
210105,7093327528246,Cattasaurus - shoproxstore - Shopify,direct_to_consumer,fulfilled,2026-01-18,2026-01-22,2026-01-18,PA2,OnTrac,1,1,15.16,2.1,0.0,17.26,shipmonk_estimate,USD
210106,7093344010550,Cattasaurus - shoproxstore - Shopify,direct_to_consumer,fulfilled,2026-01-18,2026-01-22,2026-01-18,PA2,OnTrac,1,1,11.68,2.7,0.0,14.38,shipmonk_estimate,USD
210107,7093346828598,Cattasaurus - shoproxstore - Shopify,direct_to_consumer,fulfilled,2026-01-18,2026-01-21,2026-01-18,PA2,FedEx,1,1,13.98,2.1,0.0,16.08,shipmonk_estimate,USD
210108,7093355086134,Cattasaurus - shoproxstore - Shopify,direct_to_consumer,fulfilled,2026-01-18,2026-01-22,2026-01-18,PA2,UPS,1,1,17.34,2.4,0.0,19.74,shipmonk_estimate,USD
210109,7093393064246,Cattasaurus - shoproxstore - Shopify,direct_to_consumer,fulfilled,2026-01-18,2026-01-22,2026-01-18,PA2,OnTrac,1,1,14.14,2.1,0.0,16.24,shipmonk_estimate,USD
210110,7093395063094,Cattasaurus - shoproxstore - Shopify,direct_to_consumer,fulfilled,2026-01-18,2026-01-20,2026-01-18,NV3,FedEx,1,1,15.14,1.8,0.0,16.94,shipmonk_estimate,USD
210111,7093396144438,Cattasaurus - shoproxstore - Shopify,direct_to_consumer,fulfilled,2026-01-18,2026-01-22,2026-01-18,PA2,OnTrac,1,1,12.45,2.1,0.0,14.55,shipmonk_estimate,USD
210112,7093399617846,Cattasaurus - shoproxstore - Shopify,direct_to_consumer,fulfilled,2026-01-18,2026-01-26,2026-01-18,TO1,FedEx,1,1,19.65,2.21,0.0,21.86,shipmonk_estimate,CAD+USD
210114,7093468889398,Cattasaurus - shoproxstore - Shopify,direct_to_consumer,fulfilled,2026-01-18,2026-01-20,2026-01-18,NV3,OnTrac,1,1,14.14,2.1,0.0,16.24,shipmonk_estimate,USD
210115,7093570240822,Cattasaurus - shoproxstore - Shopify,direct_to_consumer,fulfilled,2026-01-18,2026-01-21,2026-01-18,PA2,FedEx,1,1,15.14,2.1,0.0,17.24,shipmonk_estimate,USD
210116,7093576433974,Cattasaurus - shoproxstore - Shopify,direct_to_consumer,fulfilled,2026-01-18,2026-01-21,2026-01-18,TO1,Passport,1,1,38.13,2.21,0.0,40.34,shipmonk_estimate,CAD+USD
210117,7093589147958,Cattasaurus - shoproxstore - Shopify,direct_to_consumer,fulfilled,2026-01-18,2026-01-22,2026-01-18,PA2,UPS,1,1,15.21,2.1,0.0,17.31,shipmonk_estimate,USD
210118,7093606285622,Cattasaurus - shoproxstore - Shopify,direct_to_consumer,fulfilled,2026-01-18,2026-01-21,2026-01-18,PA2,FedEx,1,1,15.67,2.1,0.0,17.77,shipmonk_estimate,USD
210119,7093652062518,Cattasaurus - shoproxstore - Shopify,direct_to_consumer,fulfilled,2026-01-18,2026-01-21,2026-01-18,PA2,UPS,1,1,17.34,2.1,0.0,19.44,shipmonk_estimate,USD
"Merged: 209903, 209904",cd9a4d1a-be74-4784-b97c-6dd36dc9acad,Cattasaurus - shoproxstore - Shopify,direct_to_consumer,fulfilled,2026-01-18,2026-01-19,2026-01-18,PA2,OnTrac,2,1,15.97,2.4,0.0,18.37,shipmonk_estimate,USD
"Merged: 210085, 210086",e4c764dc-6672-4f0f-88d8-e2ae59b48510,Cattasaurus - shoproxstore - Shopify,direct_to_consumer,fulfilled,2026-01-18,2026-01-22,2026-01-18,PA2,OnTrac,2,1,12.66,2.4,0.0,15.06,shipmonk_estimate,USD
WAL129101833267336,d398b4e8-1cc6-497c-ac44-e44c09d3090d,Cattasaurus - Manual Store,direct_to_consumer,fulfilled,2026-01-18,2026-01-18,2026-01-18,PA2,OnTrac,1,1,12.66,1.8,0.0,14.46,shipmonk_estimate,USD
111-0693885-7704222,111-0693885-7704222,Cattasaurus - Amazon USA,direct_to_consumer,fulfilled,2026-01-19,2026-01-20,2026-01-19,PA2,UPS,1,1,12.0,1.5,0.0,13.5,shipmonk_estimate,USD
111-8226016-7859457,111-8226016-7859457,Cattasaurus - Amazon USA,direct_to_consumer,fulfilled,2026-01-19,2026-01-20,2026-01-19,PA2,OnTrac,1,1,11.68,2.1,0.0,13.78,shipmonk_estimate,USD
111-8733964-4766651,111-8733964-4766651,Cattasaurus - Amazon USA,direct_to_consumer,fulfilled,2026-01-19,2026-01-20,2026-01-19,PA2,OnTrac,1,1,15.77,2.1,0.0,17.87,shipmonk_estimate,USD
111-9640902-2512248,111-9640902-2512248,Cattasaurus - Amazon USA,direct_to_consumer,fulfilled,2026-01-19,2026-01-19,2026-01-19,PA2,OnTrac,1,1,15.16,2.1,0.0,17.26,shipmonk_estimate,USD
112-4420740-0933833,112-4420740-0933833,Cattasaurus - Amazon USA,direct_to_consumer,fulfilled,2026-01-19,2026-01-20,2026-01-19,PA2,OnTrac,1,1,16.31,2.5,0.0,18.81,shipmonk_estimate,USD
112-8536232-7721006,112-8536232-7721006,Cattasaurus - Amazon USA,direct_to_consumer,fulfilled,2026-01-19,2026-01-19,2026-01-19,NV3,FedEx,1,1,13.47,2.1,0.0,15.57,shipmonk_estimate,USD
112-8807276-4586643,112-8807276-4586643,Cattasaurus - Amazon USA,direct_to_consumer,fulfilled,2026-01-19,2026-01-20,2026-01-19,PA2,UPS,1,1,18.23,2.1,0.0,20.33,shipmonk_estimate,USD
113-5303586-5204217,113-5303586-5204217,Cattasaurus - Amazon USA,direct_to_consumer,fulfilled,2026-01-19,2026-01-19,2026-01-19,PA2,UPS,1,1,15.75,2.1,0.0,17.85,shipmonk_estimate,USD
114-1038156-9025866,114-1038156-9025866,Cattasaurus - Amazon USA,direct_to_consumer,fulfilled,2026-01-19,2026-01-20,2026-01-19,PA2,FedEx,1,1,15.16,2.1,0.0,17.26,shipmonk_estimate,USD
114-4409846-5172226,114-4409846-5172226,Cattasaurus - Amazon USA,direct_to_consumer,fulfilled,2026-01-19,2026-01-20,2026-01-19,NV3,OnTrac,1,1,15.16,1.8,0.0,16.96,shipmonk_estimate,USD
114-4409846-5172226_1,433bdfd4-88d2-4867-9c7d-12e9ab997b40,Cattasaurus - Amazon USA,direct_to_consumer,fulfilled,2026-01-19,2026-01-20,2026-01-19,PA2,OnTrac,1,1,12.1,0.3,0.0,12.4,shipmonk_estimate,USD
114-4409846-5172226_2,83445033-ea2f-41e2-a392-98042a62c72d,Cattasaurus - Amazon USA,direct_to_consumer,fulfilled,2026-01-19,2026-01-20,2026-01-19,PA2,OnTrac,1,1,9.19,1.5,0.0,10.69,shipmonk_estimate,USD
114-5581150-6885025,114-5581150-6885025,Cattasaurus - Amazon USA,direct_to_consumer,fulfilled,2026-01-19,2026-01-20,2026-01-19,PA2,FedEx,1,1,17.65,2.1,0.0,19.75,shipmonk_estimate,USD
114-7461606-9205000,114-7461606-9205000,Cattasaurus - Amazon USA,direct_to_consumer,fulfilled,2026-01-19,2026-01-20,2026-01-19,PA2,OnTrac,1,1,11.89,2.5,0.0,14.39,shipmonk_estimate,USD
114-7461606-9205000_1,d8227866-51b9-43ff-a4e1-1d608aac6298,Cattasaurus - Amazon USA,direct_to_consumer,fulfilled,2026-01-19,2026-01-20,2026-01-19,PA2,OnTrac,1,1,12.45,1.8,0.0,14.25,shipmonk_estimate,USD
114-7461606-9205000_2,0b1f3f33-e585-455f-8219-08e6a34adafb,Cattasaurus - Amazon USA,direct_to_consumer,fulfilled,2026-01-19,2026-01-20,2026-01-19,PA2,OnTrac,1,1,9.29,1.5,0.0,10.79,shipmonk_estimate,USD
114-7461606-9205000_3,c7b07c2d-2396-40bd-abbb-5b92556d31de,Cattasaurus - Amazon USA,direct_to_consumer,fulfilled,2026-01-19,2026-01-20,2026-01-19,PA2,OnTrac,1,1,10.12,0.3,0.0,10.42,shipmonk_estimate,USD
114-7461606-9205000_4,14180ca0-ba70-4ce8-aa49-8cda13dccb81,Cattasaurus - Amazon USA,direct_to_consumer,fulfilled,2026-01-19,2026-01-20,2026-01-19,PA2,OnTrac,1,1,9.29,1.5,0.0,10.79,shipmonk_estimate,USD
114-7461606-9205000_5,0bfd5337-9fe1-4fe2-85c0-bfd16ebd54b4,Cattasaurus - Amazon USA,direct_to_consumer,fulfilled,2026-01-19,2026-01-20,2026-01-19,PA2,OnTrac,1,1,8.31,1.5,0.0,9.81,shipmonk_estimate,USD
208560-01,ffc32c82-6581-47ba-bcf6-5294115aefbe,Cattasaurus - shoproxstore - Shopify,direct_to_consumer,fulfilled,2026-01-19,2026-01-19,2026-01-19,PA2,OnTrac,1,1,13.37,2.5,0.0,15.87,shipmonk_estimate,USD
210120,7093890482486,Cattasaurus - shoproxstore - Shopify,direct_to_consumer,fulfilled,2026-01-19,2026-01-26,2026-01-19,TO1,FedEx,1,1,20.86,2.21,0.0,23.07,shipmonk_estimate,CAD+USD
210121,7093920989494,Cattasaurus - shoproxstore - Shopify,direct_to_consumer,fulfilled,2026-01-19,2026-01-26,2026-01-19,TO1,FedEx,1,1,17.33,2.91,0.0,20.24,shipmonk_estimate,CAD+USD
210122,7093960376630,Cattasaurus - shoproxstore - Shopify,direct_to_consumer,fulfilled,2026-01-19,2026-01-20,2026-01-19,PA2,OnTrac,1,1,12.45,2.1,0.0,14.55,shipmonk_estimate,USD
210124,7094010577206,Cattasaurus - shoproxstore - Shopify,direct_to_consumer,fulfilled,2026-01-19,2026-01-23,2026-01-19,TO1,FedEx,1,1,12.72,2.21,0.0,14.93,shipmonk_estimate,CAD+USD
210125,7094014476598,Cattasaurus - shoproxstore - Shopify,direct_to_consumer,fulfilled,2026-01-19,2026-01-26,2026-01-19,TO1,FedEx,1,1,14.97,2.21,0.0,17.18,shipmonk_estimate,CAD+USD
210127,7094053142838,Cattasaurus - shoproxstore - Shopify,direct_to_consumer,fulfilled,2026-01-19,2026-01-20,2026-01-19,NV3,OnTrac,1,1,15.16,2.1,0.0,17.26,shipmonk_estimate,USD
210128,7094065594678,Cattasaurus - shoproxstore - Shopify,direct_to_consumer,fulfilled,2026-01-19,2026-01-21,2026-01-19,TO1,Passport,1,1,29.21,2.21,0.0,31.42,shipmonk_estimate,CAD+USD
210129,7094073622838,Cattasaurus - shoproxstore - Shopify,direct_to_consumer,fulfilled,2026-01-19,2026-01-20,2026-01-19,PA2,OnTrac,1,1,4.98,1.5,0.3,6.78,shipmonk_estimate,USD
210130,7094083551542,Cattasaurus - shoproxstore - Shopify,direct_to_consumer,fulfilled,2026-01-19,2026-01-21,2026-01-19,TO1,Passport,1,1,26.75,2.21,0.0,28.96,shipmonk_estimate,CAD+USD
210131,7094085288246,Cattasaurus - shoproxstore - Shopify,direct_to_consumer,fulfilled,2026-01-19,2026-01-20,2026-01-19,NV3,FedEx,1,1,21.5,2.1,0.0,23.6,shipmonk_estimate,USD
210132,7094111338806,Cattasaurus - shoproxstore - Shopify,direct_to_consumer,fulfilled,2026-01-19,2026-01-20,2026-01-19,PA2,OnTrac,1,1,12.66,2.1,0.0,14.76,shipmonk_estimate,USD
210133,7094118023478,Cattasaurus - shoproxstore - Shopify,direct_to_consumer,fulfilled,2026-01-19,2026-01-22,2026-01-19,PA2,OnTrac,1,1,11.68,2.1,0.0,13.78,shipmonk_estimate,USD
210133_1,97173fc9-df33-467e-949a-12f9de487b43,Cattasaurus - shoproxstore - Shopify,direct_to_consumer,fulfilled,2026-01-19,2026-01-21,2026-01-19,PA2,OnTrac,1,1,9.45,1.5,0.0,10.95,shipmonk_estimate,USD
210134,7094124249398,Cattasaurus - shoproxstore - Shopify,direct_to_consumer,fulfilled,2026-01-19,2026-01-27,2026-01-19,TO1,Passport,1,1,67.43,2.21,0.0,69.64,shipmonk_estimate,CAD+USD
210135,7094131163446,Cattasaurus - shoproxstore - Shopify,direct_to_consumer,fulfilled,2026-01-19,2026-01-20,2026-01-19,PA2,FedEx,1,1,18.56,2.1,0.0,20.66,shipmonk_estimate,USD
210136,7094165274934,Cattasaurus - shoproxstore - Shopify,direct_to_consumer,fulfilled,2026-01-19,2026-01-23,2026-01-19,TO1,FedEx,1,1,14.97,2.21,0.0,17.18,shipmonk_estimate,CAD+USD
210137,7094166290742,Cattasaurus - shoproxstore - Shopify,direct_to_consumer,fulfilled,2026-01-19,2026-01-26,2026-01-19,TO1,FedEx,1,1,36.08,4.73,0.0,40.81,shipmonk_estimate,CAD+USD
210138,7094175531318,Cattasaurus - shoproxstore - Shopify,direct_to_consumer,fulfilled,2026-01-19,2026-01-26,2026-01-19,TO1,FedEx,1,1,34.86,2.21,0.0,37.07,shipmonk_estimate,CAD+USD
210139,7094188900662,Cattasaurus - shoproxstore - Shopify,direct_to_consumer,fulfilled,2026-01-19,2026-01-20,2026-01-19,PA2,OnTrac,1,1,18.2,2.4,0.0,20.6,shipmonk_estimate,USD
210140,7094194241846,Cattasaurus - shoproxstore - Shopify,direct_to_consumer,fulfilled,2026-01-19,2026-01-23,2026-01-19,TO1,FedEx,1,1,27.65,2.21,0.0,29.86,shipmonk_estimate,CAD+USD
210141,7094207283510,Cattasaurus - shoproxstore - Shopify,direct_to_consumer,fulfilled,2026-01-19,2026-01-20,2026-01-19,PA2,OnTrac,1,1,14.28,2.1,0.0,16.38,shipmonk_estimate,USD
210142,7094218850614,Cattasaurus - shoproxstore - Shopify,direct_to_consumer,fulfilled,2026-01-19,2026-01-21,2026-01-19,TO1,Passport,1,1,34.72,2.21,0.0,36.93,shipmonk_estimate,CAD+USD
210143,7094223470902,Cattasaurus - shoproxstore - Shopify,direct_to_consumer,fulfilled,2026-01-19,2026-01-20,2026-01-19,NV3,OnTrac,1,1,15.16,2.1,0.0,17.26,shipmonk_estimate,USD
210144,7094236152118,Cattasaurus - shoproxstore - Shopify,direct_to_consumer,fulfilled,2026-01-19,2026-01-20,2026-01-19,NV3,UPS,1,1,19.09,2.1,0.0,21.19,shipmonk_estimate,USD
210145,7094236905782,Cattasaurus - shoproxstore - Shopify,direct_to_consumer,fulfilled,2026-01-19,2026-01-20,2026-01-19,PA2,UPS,1,1,19.89,2.1,0.0,21.99,shipmonk_estimate,USD
210146,7094243393846,Cattasaurus - shoproxstore - Shopify,direct_to_consumer,fulfilled,2026-01-19,2026-01-26,2026-01-19,TO1,FedEx,1,1,14.97,2.21,0.0,17.18,shipmonk_estimate,CAD+USD
210147,7094244114742,Cattasaurus - shoproxstore - Shopify,direct_to_consumer,fulfilled,2026-01-19,2026-01-21,2026-01-19,PA2,OnTrac,1,1,12.66,2.1,0.0,14.76,shipmonk_estimate,USD
210148,7094244704566,Cattasaurus - shoproxstore - Shopify,direct_to_consumer,fulfilled,2026-01-19,2026-01-21,2026-01-19,PA2,UPS,1,1,14.69,2.1,0.0,16.79,shipmonk_estimate,USD
210149,7094245359926,Cattasaurus - shoproxstore - Shopify,direct_to_consumer,fulfilled,2026-01-19,2026-01-26,2026-01-19,TO1,FedEx,1,1,30.73,2.21,0.0,32.94,shipmonk_estimate,CAD+USD
210150,7094255452470,Cattasaurus - shoproxstore - Shopify,direct_to_consumer,fulfilled,2026-01-19,2026-01-21,2026-01-19,PA2,UPS,1,1,15.21,2.1,0.0,17.31,shipmonk_estimate,USD
210151,7094255878454,Cattasaurus - shoproxstore - Shopify,direct_to_consumer,fulfilled,2026-01-19,2026-01-20,2026-01-19,NV3,OnTrac,1,1,20.28,2.1,0.0,22.38,shipmonk_estimate,USD
210152,7094265151798,Cattasaurus - shoproxstore - Shopify,direct_to_consumer,fulfilled,2026-01-19,2026-01-21,2026-01-19,PA2,OnTrac,1,1,15.16,2.1,0.0,17.26,shipmonk_estimate,USD
210153,7094266986806,Cattasaurus - shoproxstore - Shopify,direct_to_consumer,fulfilled,2026-01-19,2026-01-20,2026-01-19,PA2,USPS,1,1,11.25,1.5,0.0,12.75,shipmonk_estimate,USD
210154,7094279143734,Cattasaurus - shoproxstore - Shopify,direct_to_consumer,fulfilled,2026-01-19,2026-01-23,2026-01-19,TO1,FedEx,1,1,27.65,2.21,0.0,29.86,shipmonk_estimate,CAD+USD
210155,7094287630646,Cattasaurus - shoproxstore - Shopify,direct_to_consumer,fulfilled,2026-01-19,2026-01-20,2026-01-19,PA2,OnTrac,1,1,11.68,2.7,0.0,14.38,shipmonk_estimate,USD
210156,7094295036214,Cattasaurus - shoproxstore - Shopify,direct_to_consumer,fulfilled,2026-01-19,2026-01-21,2026-01-19,PA2,FedEx,1,1,15.16,2.1,0.0,17.26,shipmonk_estimate,USD
210156_1,6f152839-21f8-42f9-93cc-449e190c3949,Cattasaurus - shoproxstore - Shopify,direct_to_consumer,fulfilled,2026-01-19,2026-01-21,2026-01-19,PA2,UPS,1,1,12.0,1.5,0.0,13.5,shipmonk_estimate,USD
210157,7094295003446,Cattasaurus - shoproxstore - Shopify,direct_to_consumer,fulfilled,2026-01-19,2026-01-20,2026-01-19,NV3,OnTrac,1,1,19.6,2.1,0.0,21.7,shipmonk_estimate,USD
210158,7094309355830,Cattasaurus - shoproxstore - Shopify,direct_to_consumer,fulfilled,2026-01-19,2026-01-20,2026-01-19,NV3,FedEx,1,1,14.57,2.1,0.0,16.67,shipmonk_estimate,USD
210159,7094309519670,Cattasaurus - shoproxstore - Shopify,direct_to_consumer,fulfilled,2026-01-19,2026-01-20,2026-01-19,NV3,FedEx,1,1,22.55,2.1,0.0,24.65,shipmonk_estimate,USD
210160,7094311190838,Cattasaurus - shoproxstore - Shopify,direct_to_consumer,fulfilled,2026-01-19,2026-01-21,2026-01-19,PA2,OnTrac,1,1,15.16,2.1,0.0,17.26,shipmonk_estimate,USD
210161,7094315417910,Cattasaurus - shoproxstore - Shopify,direct_to_consumer,fulfilled,2026-01-19,2026-01-22,2026-01-19,PA2,OnTrac,1,1,12.57,2.1,0.0,14.67,shipmonk_estimate,USD
210161_1,374117b1-dfa6-455f-9d60-d8711f1dac5c,Cattasaurus - shoproxstore - Shopify,direct_to_consumer,fulfilled,2026-01-19,2026-01-22,2026-01-19,PA2,OnTrac,1,1,12.57,2.1,0.0,14.67,shipmonk_estimate,USD
210162,7094321250614,Cattasaurus - shoproxstore - Shopify,direct_to_consumer,fulfilled,2026-01-19,2026-01-21,2026-01-19,PA2,OnTrac,2,1,15.16,2.4,0.0,17.56,shipmonk_estimate,USD
210163,7094324298038,Cattasaurus - shoproxstore - Shopify,direct_to_consumer,fulfilled,2026-01-19,2026-01-19,2026-01-19,PA2,FedEx,1,1,12.28,2.1,0.0,14.38,shipmonk_estimate,USD
210166,7094335209782,Cattasaurus - shoproxstore - Shopify,direct_to_consumer,fulfilled,2026-01-19,2026-01-20,2026-01-19,NV3,OnTrac,1,1,18.59,2.1,0.0,20.69,shipmonk_estimate,USD
210167,7094354968886,Cattasaurus - shoproxstore - Shopify,direct_to_consumer,fulfilled,2026-01-19,2026-01-26,2026-01-19,TO1,FedEx,1,1,26.04,2.91,0.0,28.95,shipmonk_estimate,CAD+USD
210168,7094355722550,Cattasaurus - shoproxstore - Shopify,direct_to_consumer,fulfilled,2026-01-19,2026-01-20,2026-01-19,NV3,FedEx,1,1,19.52,2.1,0.0,21.62,shipmonk_estimate,USD
210169,7094363226422,Cattasaurus - shoproxstore - Shopify,direct_to_consumer,fulfilled,2026-01-19,2026-01-20,2026-01-19,NV3,USPS,1,1,14.91,2.1,0.0,17.01,shipmonk_estimate,USD
210170,7094372335926,Cattasaurus - shoproxstore - Shopify,direct_to_consumer,fulfilled,2026-01-19,2026-01-20,2026-01-19,NV3,FedEx,1,1,21.5,2.1,0.0,23.6,shipmonk_estimate,USD
210171,7094372827446,Cattasaurus - shoproxstore - Shopify,direct_to_consumer,fulfilled,2026-01-19,2026-01-21,2026-01-19,PA2,FedEx,1,1,15.16,2.1,0.0,17.26,shipmonk_estimate,USD
210172,7094380888374,Cattasaurus - shoproxstore - Shopify,direct_to_consumer,fulfilled,2026-01-19,2026-01-20,2026-01-19,NV3,UPS,1,1,24.25,2.1,0.0,26.35,shipmonk_estimate,USD
210173,7094395175222,Cattasaurus - shoproxstore - Shopify,direct_to_consumer,fulfilled,2026-01-19,2026-01-26,2026-01-19,TO1,FedEx,1,1,12.71,2.21,0.0,14.92,shipmonk_estimate,CAD+USD
210174,7094403236150,Cattasaurus - shoproxstore - Shopify,direct_to_consumer,fulfilled,2026-01-19,2026-01-27,2026-01-19,TO1,Passport,1,1,45.83,2.21,0.0,48.04,shipmonk_estimate,CAD+USD
210175,7094410248502,Cattasaurus - shoproxstore - Shopify,direct_to_consumer,fulfilled,2026-01-19,2026-01-21,2026-01-19,PA2,FedEx,1,1,15.16,2.1,0.0,17.26,shipmonk_estimate,USD
210176,7094413525302,Cattasaurus - shoproxstore - Shopify,direct_to_consumer,fulfilled,2026-01-19,2026-01-21,2026-01-19,PA2,FedEx,1,1,17.65,2.1,0.0,19.75,shipmonk_estimate,USD
210177,7094417228086,Cattasaurus - shoproxstore - Shopify,direct_to_consumer,fulfilled,2026-01-19,2026-01-23,2026-01-19,TO1,FedEx,1,1,31.13,2.21,0.0,33.34,shipmonk_estimate,CAD+USD
210178,7094418145590,Cattasaurus - shoproxstore - Shopify,direct_to_consumer,fulfilled,2026-01-19,2026-01-27,2026-01-19,TO1,Passport,1,1,60.68,2.21,0.0,62.89,shipmonk_estimate,CAD+USD
210178_1,5828e9dd-67b8-4bf8-be9e-840157b5cee0,Cattasaurus - shoproxstore - Shopify,direct_to_consumer,fulfilled,2026-01-19,2026-01-27,2026-01-19,TO1,Passport,1,1,60.68,2.21,0.0,62.89,shipmonk_estimate,CAD+USD
210179,7094425616694,Cattasaurus - shoproxstore - Shopify,direct_to_consumer,fulfilled,2026-01-19,2026-01-21,2026-01-19,PA2,OnTrac,1,1,12.66,2.1,0.0,14.76,shipmonk_estimate,USD
210180,7094429712694,Cattasaurus - shoproxstore - Shopify,direct_to_consumer,fulfilled,2026-01-19,2026-01-27,2026-01-19,TO1,Passport,1,1,49.9,2.21,0.0,52.11,shipmonk_estimate,CAD+USD
210181,7094447112502,Cattasaurus - shoproxstore - Shopify,direct_to_consumer,fulfilled,2026-01-19,2026-01-20,2026-01-19,NV3,FedEx,1,1,15.92,2.1,0.0,18.02,shipmonk_estimate,USD
210182,7094455566646,Cattasaurus - shoproxstore - Shopify,direct_to_consumer,fulfilled,2026-01-19,2026-01-21,2026-01-19,PA2,OnTrac,1,1,15.16,2.1,0.0,17.26,shipmonk_estimate,USD
210183,7094461104438,Cattasaurus - shoproxstore - Shopify,direct_to_consumer,fulfilled,2026-01-19,2026-01-21,2026-01-19,PA2,FedEx,1,1,18.2,2.4,0.0,20.6,shipmonk_estimate,USD
210184,7094469230902,Cattasaurus - shoproxstore - Shopify,direct_to_consumer,fulfilled,2026-01-19,2026-01-21,2026-01-19,PA2,OnTrac,1,1,18.2,3.3,0.0,21.5,shipmonk_estimate,USD
210186,7094488695094,Cattasaurus - shoproxstore - Shopify,direct_to_consumer,fulfilled,2026-01-19,2026-01-26,2026-01-19,TO1,FedEx,1,1,20.96,2.21,0.0,23.17,shipmonk_estimate,CAD+USD
210187,7094491447606,Cattasaurus - shoproxstore - Shopify,direct_to_consumer,fulfilled,2026-01-19,2026-01-20,2026-01-19,PA2,UPS,1,1,14.27,2.1,0.0,16.37,shipmonk_estimate,USD
210188,7094500426038,Cattasaurus - shoproxstore - Shopify,direct_to_consumer,fulfilled,2026-01-19,2026-01-21,2026-01-19,PA2,OnTrac,1,1,15.65,2.4,0.0,18.05,shipmonk_estimate,USD
210189,7094505177398,Cattasaurus - shoproxstore - Shopify,direct_to_consumer,fulfilled,2026-01-19,2026-01-20,2026-01-19,NV3,FedEx,1,1,21.8,2.4,0.0,24.2,shipmonk_estimate,USD
210190,7094507667766,Cattasaurus - shoproxstore - Shopify,direct_to_consumer,fulfilled,2026-01-19,2026-01-20,2026-01-19,NV3,FedEx,1,1,21.8,2.4,0.0,24.2,shipmonk_estimate,USD
210191,7094508290358,Cattasaurus - shoproxstore - Shopify,direct_to_consumer,fulfilled,2026-01-19,2026-01-20,2026-01-19,PA2,OnTrac,1,1,11.68,2.1,0.0,13.78,shipmonk_estimate,USD
210192,7094514417974,Cattasaurus - shoproxstore - Shopify,direct_to_consumer,fulfilled,2026-01-19,2026-01-20,2026-01-19,NV3,FedEx,1,1,17.17,2.7,0.0,19.87,shipmonk_estimate,USD
210193,7094520054070,Cattasaurus - shoproxstore - Shopify,direct_to_consumer,fulfilled,2026-01-19,2026-01-20,2026-01-19,NV3,OnTrac,1,1,18.59,2.1,0.0,20.69,shipmonk_estimate,USD
210194,7094527000886,Cattasaurus - shoproxstore - Shopify,direct_to_consumer,fulfilled,2026-01-19,2026-01-21,2026-01-19,PA2,OnTrac,2,1,17.62,2.7,0.0,20.32,shipmonk_estimate,USD
210195,7094533620022,Cattasaurus - shoproxstore - Shopify,direct_to_consumer,fulfilled,2026-01-19,2026-01-21,2026-01-19,PA2,OnTrac,1,1,12.66,2.1,0.0,14.76,shipmonk_estimate,USD
210196,7094533783862,Cattasaurus - shoproxstore - Shopify,direct_to_consumer,fulfilled,2026-01-19,2026-01-21,2026-01-19,PA2,FedEx,1,1,17.65,2.1,0.0,19.75,shipmonk_estimate,USD
210197,7094537027894,Cattasaurus - shoproxstore - Shopify,direct_to_consumer,fulfilled,2026-01-19,2026-01-21,2026-01-19,TO1,Passport,1,1,26.96,2.21,0.0,29.17,shipmonk_estimate,CAD+USD
210198,7094542303542,Cattasaurus - shoproxstore - Shopify,direct_to_consumer,fulfilled,2026-01-19,2026-01-20,2026-01-19,PA2,OnTrac,1,1,14.27,2.1,0.0,16.37,shipmonk_estimate,USD
210199,7094544400694,Cattasaurus - shoproxstore - Shopify,direct_to_consumer,fulfilled,2026-01-19,2026-01-21,2026-01-19,PA2,FedEx,1,1,13.98,2.1,0.0,16.08,shipmonk_estimate,USD
210200,7094546137398,Cattasaurus - shoproxstore - Shopify,direct_to_consumer,fulfilled,2026-01-19,2026-01-22,2026-01-19,PA2,UPS,1,1,17.34,2.4,0.0,19.74,shipmonk_estimate,USD
210200_1,833f195c-bd6e-4c87-a08d-b4afc0ee43fc,Cattasaurus - shoproxstore - Shopify,direct_to_consumer,fulfilled,2026-01-19,2026-01-21,2026-01-19,PA2,UPS,1,1,12.69,1.5,0.0,14.19,shipmonk_estimate,USD
210201,7094547382582,Cattasaurus - shoproxstore - Shopify,direct_to_consumer,fulfilled,2026-01-19,2026-01-22,2026-01-19,PA2,FedEx,1,1,13.44,2.1,0.0,15.54,shipmonk_estimate,USD
210201_1,b3a6b530-4b97-4e7c-94b7-10c40d54ea6f,Cattasaurus - shoproxstore - Shopify,direct_to_consumer,fulfilled,2026-01-19,2026-01-21,2026-01-19,PA2,UPS,1,1,9.3,1.5,0.0,10.8,shipmonk_estimate,USD
210202,7094552756534,Cattasaurus - shoproxstore - Shopify,direct_to_consumer,fulfilled,2026-01-19,2026-01-22,2026-01-19,PA2,FedEx,1,1,15.14,2.4,0.0,17.54,shipmonk_estimate,USD
210202_1,ac909177-86ba-4f8c-80b1-48f13d185f93,Cattasaurus - shoproxstore - Shopify,direct_to_consumer,fulfilled,2026-01-19,2026-01-22,2026-01-19,PA2,OnTrac,1,1,12.54,2.5,0.0,15.04,shipmonk_estimate,USD
210203,7094557344054,Cattasaurus - shoproxstore - Shopify,direct_to_consumer,fulfilled,2026-01-19,2026-01-22,2026-01-19,PA2,UPS,2,1,19.89,2.7,0.0,22.59,shipmonk_estimate,USD
210204,7094561046838,Cattasaurus - shoproxstore - Shopify,direct_to_consumer,fulfilled,2026-01-19,2026-01-21,2026-01-19,PA2,OnTrac,1,1,11.68,2.1,0.0,13.78,shipmonk_estimate,USD
210205,7094566060342,Cattasaurus - shoproxstore - Shopify,direct_to_consumer,fulfilled,2026-01-19,2026-01-21,2026-01-19,PA2,UPS,1,1,17.34,2.4,0.0,19.74,shipmonk_estimate,USD
210206,7094566715702,Cattasaurus - shoproxstore - Shopify,direct_to_consumer,fulfilled,2026-01-19,2026-01-21,2026-01-19,PA2,UPS,1,1,15.97,2.1,0.0,18.07,shipmonk_estimate,USD
210207,7094573236534,Cattasaurus - shoproxstore - Shopify,direct_to_consumer,fulfilled,2026-01-19,2026-01-20,2026-01-19,PA2,OnTrac,1,1,14.28,2.4,0.0,16.68,shipmonk_estimate,USD
210208,7094575530294,Cattasaurus - shoproxstore - Shopify,direct_to_consumer,fulfilled,2026-01-19,2026-01-22,2026-01-19,PA2,OnTrac,1,1,18.2,2.4,0.0,20.6,shipmonk_estimate,USD
210208_1,1d6b00b2-7c9b-4d87-ac87-92261413b9cd,Cattasaurus - shoproxstore - Shopify,direct_to_consumer,fulfilled,2026-01-19,2026-01-21,2026-01-19,PA2,OnTrac,1,1,10.37,1.5,0.0,11.87,shipmonk_estimate,USD
210209,7094578774326,Cattasaurus - shoproxstore - Shopify,direct_to_consumer,fulfilled,2026-01-19,2026-01-20,2026-01-19,NV3,FedEx,1,1,15.14,2.1,0.0,17.24,shipmonk_estimate,USD
210210,7094588768566,Cattasaurus - shoproxstore - Shopify,direct_to_consumer,fulfilled,2026-01-19,2026-01-20,2026-01-19,NV3,OnTrac,1,1,19.89,2.4,0.0,22.29,shipmonk_estimate,USD
210211,7094588997942,Cattasaurus - shoproxstore - Shopify,direct_to_consumer,fulfilled,2026-01-19,2026-01-21,2026-01-19,TO1,Passport,1,1,34.72,2.21,0.0,36.93,shipmonk_estimate,CAD+USD
210212,7094596305206,Cattasaurus - shoproxstore - Shopify,direct_to_consumer,fulfilled,2026-01-19,2026-01-21,2026-01-19,PA2,OnTrac,1,1,12.66,1.8,0.0,14.46,shipmonk_estimate,USD
210213,7094603481398,Cattasaurus - shoproxstore - Shopify,direct_to_consumer,fulfilled,2026-01-19,2026-01-19,2026-01-19,NV3,UPS,1,1,15.97,2.4,0.0,18.37,shipmonk_estimate,USD
210214,7094604923190,Cattasaurus - shoproxstore - Shopify,direct_to_consumer,fulfilled,2026-01-19,2026-01-21,2026-01-19,PA2,FedEx,1,1,12.45,2.1,0.0,14.55,shipmonk_estimate,USD
210215,7094619373878,Cattasaurus - shoproxstore - Shopify,direct_to_consumer,fulfilled,2026-01-19,2026-01-26,2026-01-19,TO1,FedEx,1,1,36.08,2.21,0.0,38.29,shipmonk_estimate,CAD+USD
210216,7094619406646,Cattasaurus - shoproxstore - Shopify,direct_to_consumer,fulfilled,2026-01-19,2026-01-21,2026-01-19,PA2,FedEx,1,1,17.65,2.1,0.0,19.75,shipmonk_estimate,USD
210217,7094622322998,Cattasaurus - shoproxstore - Shopify,direct_to_consumer,fulfilled,2026-01-19,2026-01-26,2026-01-19,TO1,FedEx,1,1,14.97,2.21,0.0,17.18,shipmonk_estimate,CAD+USD
210218,7094626648374,Cattasaurus - shoproxstore - Shopify,direct_to_consumer,fulfilled,2026-01-19,2026-01-21,2026-01-19,PA2,OnTrac,1,1,14.14,2.1,0.0,16.24,shipmonk_estimate,USD
210219,7094630482230,Cattasaurus - shoproxstore - Shopify,direct_to_consumer,fulfilled,2026-01-19,2026-01-21,2026-01-19,PA2,FedEx,1,1,17.65,2.1,0.0,19.75,shipmonk_estimate,USD
210220,7094635200822,Cattasaurus - shoproxstore - Shopify,direct_to_consumer,fulfilled,2026-01-19,2026-01-21,2026-01-19,PA2,OnTrac,1,1,14.28,3.3,0.0,17.58,shipmonk_estimate,USD
210221,7094652862774,Cattasaurus - shoproxstore - Shopify,direct_to_consumer,fulfilled,2026-01-19,2026-01-21,2026-01-19,PA2,OnTrac,1,1,16.86,2.1,0.0,18.96,shipmonk_estimate,USD
210222,7094656237878,Cattasaurus - shoproxstore - Shopify,direct_to_consumer,fulfilled,2026-01-19,2026-01-21,2026-01-19,PA2,FedEx,2,1,21.5,2.4,0.0,23.9,shipmonk_estimate,USD
210223,7094656696630,Cattasaurus - shoproxstore - Shopify,direct_to_consumer,fulfilled,2026-01-19,2026-01-27,2026-01-19,TO1,FedEx,1,1,44.92,2.21,0.0,47.13,shipmonk_estimate,CAD+USD
210223_1,a2a4092c-f3fe-4648-83b0-39f8ceaf6bc1,Cattasaurus - shoproxstore - Shopify,direct_to_consumer,fulfilled,2026-01-19,2026-01-27,2026-01-19,TO1,FedEx,1,1,41.55,2.21,0.0,43.76,shipmonk_estimate,CAD+USD
210224,7094660661558,Cattasaurus - shoproxstore - Shopify,direct_to_consumer,fulfilled,2026-01-19,2026-01-21,2026-01-19,PA2,UPS,1,1,15.97,2.4,0.0,18.37,shipmonk_estimate,USD
210225,7094663708982,Cattasaurus - shoproxstore - Shopify,direct_to_consumer,fulfilled,2026-01-19,2026-01-21,2026-01-19,PA2,FedEx,1,1,17.65,2.1,0.0,19.75,shipmonk_estimate,USD
210226,7094666068278,Cattasaurus - shoproxstore - Shopify,direct_to_consumer,fulfilled,2026-01-19,2026-01-21,2026-01-19,PA2,FedEx,1,1,17.65,2.1,0.0,19.75,shipmonk_estimate,USD
210227,7094666395958,Cattasaurus - shoproxstore - Shopify,direct_to_consumer,fulfilled,2026-01-19,2026-01-21,2026-01-19,PA2,OnTrac,1,1,19.89,2.1,0.0,21.99,shipmonk_estimate,USD
210228,7094668984630,Cattasaurus - shoproxstore - Shopify,direct_to_consumer,fulfilled,2026-01-19,2026-01-21,2026-01-19,PA2,OnTrac,1,1,17.4,2.1,0.0,19.5,shipmonk_estimate,USD
210229,7094673506614,Cattasaurus - shoproxstore - Shopify,direct_to_consumer,fulfilled,2026-01-19,2026-01-20,2026-01-19,NV3,OnTrac,1,1,17.34,2.4,0.0,19.74,shipmonk_estimate,USD
210230,7094684057910,Cattasaurus - shoproxstore - Shopify,direct_to_consumer,fulfilled,2026-01-19,2026-01-21,2026-01-19,PA2,FedEx,1,1,15.16,2.1,0.0,17.26,shipmonk_estimate,USD
210231,7094688153910,Cattasaurus - shoproxstore - Shopify,direct_to_consumer,fulfilled,2026-01-19,2026-01-20,2026-01-19,NV3,OnTrac,1,1,23.5,2.4,0.0,25.9,shipmonk_estimate,USD
210232,7094701621558,Cattasaurus - shoproxstore - Shopify,direct_to_consumer,fulfilled,2026-01-19,2026-01-26,2026-01-19,TO1,FedEx,1,1,30.73,2.21,0.0,32.94,shipmonk_estimate,CAD+USD
210233,7094704931126,Cattasaurus - shoproxstore - Shopify,direct_to_consumer,fulfilled,2026-01-19,2026-01-26,2026-01-19,TO1,FedEx,1,1,30.73,2.21,0.0,32.94,shipmonk_estimate,CAD+USD
210234,7094705324342,Cattasaurus - shoproxstore - Shopify,direct_to_consumer,fulfilled,2026-01-19,2026-01-20,2026-01-19,NV3,FedEx,1,1,14.28,2.4,0.0,16.68,shipmonk_estimate,USD
210235,7094718103862,Cattasaurus - shoproxstore - Shopify,direct_to_consumer,fulfilled,2026-01-19,2026-01-21,2026-01-19,PA2,OnTrac,1,1,12.66,2.1,0.0,14.76,shipmonk_estimate,USD
210236,7094723543350,Cattasaurus - shoproxstore - Shopify,direct_to_consumer,fulfilled,2026-01-19,2026-01-20,2026-01-19,NV3,OnTrac,1,1,12.77,2.1,0.0,14.87,shipmonk_estimate,USD
210237,7094737338678,Cattasaurus - shoproxstore - Shopify,direct_to_consumer,fulfilled,2026-01-19,2026-01-20,2026-01-19,NV3,OnTrac,1,1,15.97,2.1,0.0,18.07,shipmonk_estimate,USD
210238,7094745596214,Cattasaurus - shoproxstore - Shopify,direct_to_consumer,fulfilled,2026-01-19,2026-01-26,2026-01-19,TO1,FedEx,1,1,14.2,2.21,0.0,16.41,shipmonk_estimate,CAD+USD
210239,7094746480950,Cattasaurus - shoproxstore - Shopify,direct_to_consumer,fulfilled,2026-01-19,2026-01-21,2026-01-19,PA2,OnTrac,1,1,11.68,2.1,0.0,13.78,shipmonk_estimate,USD
210240,7094755950902,Cattasaurus - shoproxstore - Shopify,direct_to_consumer,fulfilled,2026-01-19,2026-01-20,2026-01-19,NV3,UPS,1,1,19.89,2.4,0.0,22.29,shipmonk_estimate,USD
210241,7094760505654,Cattasaurus - shoproxstore - Shopify,direct_to_consumer,fulfilled,2026-01-19,2026-01-26,2026-01-19,TO1,FedEx,1,1,13.65,2.91,0.0,16.56,shipmonk_estimate,CAD+USD
210242,7094764929334,Cattasaurus - shoproxstore - Shopify,direct_to_consumer,fulfilled,2026-01-19,2026-01-20,2026-01-19,NV3,OnTrac,1,1,12.45,2.1,0.0,14.55,shipmonk_estimate,USD
210243,7094768369974,Cattasaurus - shoproxstore - Shopify,direct_to_consumer,fulfilled,2026-01-19,2026-01-27,2026-01-19,TO1,FedEx,1,1,26.04,2.21,0.0,28.25,shipmonk_estimate,CAD+USD
210244,7094773907766,Cattasaurus - shoproxstore - Shopify,direct_to_consumer,fulfilled,2026-01-19,2026-01-21,2026-01-19,TO1,Passport,1,1,32.42,2.21,0.0,34.63,shipmonk_estimate,CAD+USD
210245,7094792519990,Cattasaurus - shoproxstore - Shopify,direct_to_consumer,fulfilled,2026-01-19,2026-01-21,2026-01-19,PA2,OnTrac,1,1,14.06,2.4,0.0,16.46,shipmonk_estimate,USD
210246,7094794453302,Cattasaurus - shoproxstore - Shopify,direct_to_consumer,fulfilled,2026-01-19,2026-01-20,2026-01-19,NV3,FedEx,1,1,18.56,2.1,0.0,20.66,shipmonk_estimate,USD
210247,7094795501878,Cattasaurus - shoproxstore - Shopify,direct_to_consumer,fulfilled,2026-01-19,2026-01-21,2026-01-19,PA2,FedEx,1,1,18.56,2.1,0.0,20.66,shipmonk_estimate,USD
210248,7094798975286,Cattasaurus - shoproxstore - Shopify,direct_to_consumer,fulfilled,2026-01-19,2026-01-21,2026-01-19,PA2,UPS,1,1,16.86,2.7,0.0,19.56,shipmonk_estimate,USD
210249,7094800286006,Cattasaurus - shoproxstore - Shopify,direct_to_consumer,fulfilled,2026-01-19,2026-01-21,2026-01-19,TO1,Passport,1,1,26.75,2.21,0.0,28.96,shipmonk_estimate,CAD+USD
210250,7094819848502,Cattasaurus - shoproxstore - Shopify,direct_to_consumer,fulfilled,2026-01-19,2026-01-26,2026-01-19,TO1,FedEx,1,1,14.97,2.21,0.0,17.18,shipmonk_estimate,CAD+USD
210251,7094828007734,Cattasaurus - shoproxstore - Shopify,direct_to_consumer,fulfilled,2026-01-19,2026-01-21,2026-01-19,PA2,UPS,1,1,14.69,2.1,0.0,16.79,shipmonk_estimate,USD
210252,7094831939894,Cattasaurus - shoproxstore - Shopify,direct_to_consumer,fulfilled,2026-01-19,2026-01-21,2026-01-19,PA2,OnTrac,1,1,17.17,2.7,0.0,19.87,shipmonk_estimate,USD
210253,7094835347766,Cattasaurus - shoproxstore - Shopify,direct_to_consumer,fulfilled,2026-01-19,2026-01-21,2026-01-19,PA2,FedEx,1,1,15.14,2.1,0.0,17.24,shipmonk_estimate,USD
210254,7094856417590,Cattasaurus - shoproxstore - Shopify,direct_to_consumer,fulfilled,2026-01-19,2026-01-21,2026-01-19,PA2,FedEx,1,1,21.5,2.1,0.0,23.6,shipmonk_estimate,USD
210255,7094859333942,Cattasaurus - shoproxstore - Shopify,direct_to_consumer,fulfilled,2026-01-19,2026-01-21,2026-01-19,PA2,FedEx,1,1,15.14,2.1,0.0,17.24,shipmonk_estimate,USD
210256,7094859497782,Cattasaurus - shoproxstore - Shopify,direct_to_consumer,fulfilled,2026-01-19,2026-01-20,2026-01-19,NV3,OnTrac,1,1,15.77,2.1,0.0,17.87,shipmonk_estimate,USD
210257,7094860316982,Cattasaurus - shoproxstore - Shopify,direct_to_consumer,fulfilled,2026-01-19,2026-01-21,2026-01-19,PA2,UPS,1,1,20.26,2.1,0.0,22.36,shipmonk_estimate,USD
210258,7094861463862,Cattasaurus - shoproxstore - Shopify,direct_to_consumer,fulfilled,2026-01-19,2026-01-26,2026-01-19,TO1,FedEx,1,1,17.87,2.21,0.0,20.08,shipmonk_estimate,CAD+USD
210259,7094869918006,Cattasaurus - shoproxstore - Shopify,direct_to_consumer,fulfilled,2026-01-19,2026-01-27,2026-01-19,TO1,FedEx,1,1,26.04,2.21,0.0,28.25,shipmonk_estimate,CAD+USD
210260,7094881222966,Cattasaurus - shoproxstore - Shopify,direct_to_consumer,fulfilled,2026-01-19,2026-01-20,2026-01-19,NV3,OnTrac,1,1,16.86,2.1,0.0,18.96,shipmonk_estimate,USD
210261,7094882730294,Cattasaurus - shoproxstore - Shopify,direct_to_consumer,fulfilled,2026-01-19,2026-01-20,2026-01-19,NV3,OnTrac,1,1,15.16,2.1,0.0,17.26,shipmonk_estimate,USD
210262,7094887121206,Cattasaurus - shoproxstore - Shopify,direct_to_consumer,fulfilled,2026-01-19,2026-01-20,2026-01-19,NV3,FedEx,1,1,17.4,2.1,0.0,19.5,shipmonk_estimate,USD
210263,7094907470134,Cattasaurus - shoproxstore - Shopify,direct_to_consumer,fulfilled,2026-01-19,2026-01-21,2026-01-19,TO1,Passport,1,1,26.96,2.21,0.0,29.17,shipmonk_estimate,CAD+USD
210264,7094913073462,Cattasaurus - shoproxstore - Shopify,direct_to_consumer,fulfilled,2026-01-19,2026-01-21,2026-01-19,NV3,UPS,1,1,17.62,2.1,0.0,19.72,shipmonk_estimate,USD
210265,7094929948982,Cattasaurus - shoproxstore - Shopify,direct_to_consumer,fulfilled,2026-01-19,2026-01-26,2026-01-19,TO1,FedEx,1,1,14.97,2.21,0.0,17.18,shipmonk_estimate,CAD+USD
210266,7094943842614,Cattasaurus - shoproxstore - Shopify,direct_to_consumer,fulfilled,2026-01-19,2026-01-26,2026-01-19,TO1,FedEx,1,1,14.2,2.21,0.0,16.41,shipmonk_estimate,CAD+USD
210267,7094944366902,Cattasaurus - shoproxstore - Shopify,direct_to_consumer,fulfilled,2026-01-19,2026-01-21,2026-01-19,NV3,UPS,1,1,20.28,2.1,0.0,22.38,shipmonk_estimate,USD
210268,7094949511478,Cattasaurus - shoproxstore - Shopify,direct_to_consumer,fulfilled,2026-01-19,2026-01-21,2026-01-19,NV3,FedEx,1,1,22.55,1.8,0.0,24.35,shipmonk_estimate,USD
210269,7094954000694,Cattasaurus - shoproxstore - Shopify,direct_to_consumer,fulfilled,2026-01-19,2026-01-26,2026-01-19,TO1,FedEx,1,1,30.73,2.21,0.0,32.94,shipmonk_estimate,CAD+USD
210270,7094957015350,Cattasaurus - shoproxstore - Shopify,direct_to_consumer,fulfilled,2026-01-19,2026-01-21,2026-01-19,TO1,Passport,1,1,26.96,2.21,0.0,29.17,shipmonk_estimate,CAD+USD
210271,7094969925942,Cattasaurus - shoproxstore - Shopify,direct_to_consumer,fulfilled,2026-01-19,2026-01-21,2026-01-19,NV3,FedEx,1,1,19.89,3.3,0.0,23.19,shipmonk_estimate,USD
210272,7094987948342,Cattasaurus - shoproxstore - Shopify,direct_to_consumer,fulfilled,2026-01-19,2026-01-27,2026-01-19,TO1,FedEx,1,1,34.83,2.21,0.0,37.04,shipmonk_estimate,CAD+USD
210273,7094998270262,Cattasaurus - shoproxstore - Shopify,direct_to_consumer,fulfilled,2026-01-19,2026-01-21,2026-01-19,NV3,OnTrac,1,1,12.66,2.1,0.0,14.76,shipmonk_estimate,USD
210274,7095001612598,Cattasaurus - shoproxstore - Shopify,direct_to_consumer,fulfilled,2026-01-19,2026-01-21,2026-01-19,PA2,FedEx,1,1,15.16,2.1,0.0,17.26,shipmonk_estimate,USD
210275,7095022223670,Cattasaurus - shoproxstore - Shopify,direct_to_consumer,fulfilled,2026-01-19,2026-01-21,2026-01-19,PA2,OnTrac,1,1,17.4,2.1,0.0,19.5,shipmonk_estimate,USD
210276,7095030350134,Cattasaurus - shoproxstore - Shopify,direct_to_consumer,fulfilled,2026-01-19,2026-01-21,2026-01-19,NV3,FedEx,1,1,21.8,2.4,0.0,24.2,shipmonk_estimate,USD
210277,7095032021302,Cattasaurus - shoproxstore - Shopify,direct_to_consumer,fulfilled,2026-01-19,2026-01-21,2026-01-19,PA2,OnTrac,1,1,15.16,2.1,0.0,17.26,shipmonk_estimate,USD
210278,7095041917238,Cattasaurus - shoproxstore - Shopify,direct_to_consumer,fulfilled,2026-01-19,2026-01-21,2026-01-19,NV3,UPS,1,1,19.89,2.4,0.0,22.29,shipmonk_estimate,USD
210279,7095050240310,Cattasaurus - shoproxstore - Shopify,direct_to_consumer,fulfilled,2026-01-19,2026-01-27,2026-01-19,TO1,FedEx,1,1,26.04,2.21,0.0,28.25,shipmonk_estimate,CAD+USD
210280,7095062102326,Cattasaurus - shoproxstore - Shopify,direct_to_consumer,fulfilled,2026-01-19,2026-01-23,2026-01-19,TO1,FedEx,1,1,24.42,2.21,0.0,26.63,shipmonk_estimate,CAD+USD
210281,7095081468214,Cattasaurus - shoproxstore - Shopify,direct_to_consumer,fulfilled,2026-01-19,2026-01-21,2026-01-19,PA2,FedEx,1,1,12.66,2.1,0.0,14.76,shipmonk_estimate,USD
210282,7095083368758,Cattasaurus - shoproxstore - Shopify,direct_to_consumer,fulfilled,2026-01-19,2026-01-21,2026-01-19,NV3,FedEx,1,1,15.92,2.1,0.0,18.02,shipmonk_estimate,USD
210283,7095098736950,Cattasaurus - shoproxstore - Shopify,direct_to_consumer,fulfilled,2026-01-19,2026-01-26,2026-01-19,TO1,FedEx,1,1,24.42,2.21,0.0,26.63,shipmonk_estimate,CAD+USD
210284,7095105913142,Cattasaurus - shoproxstore - Shopify,direct_to_consumer,fulfilled,2026-01-19,2026-01-21,2026-01-19,PA2,OnTrac,1,1,15.97,2.1,0.0,18.07,shipmonk_estimate,USD
210285,7095117185334,Cattasaurus - shoproxstore - Shopify,direct_to_consumer,fulfilled,2026-01-19,2026-01-21,2026-01-19,PA2,OnTrac,2,1,12.45,2.4,0.0,14.85,shipmonk_estimate,USD
210286,7095126360374,Cattasaurus - shoproxstore - Shopify,direct_to_consumer,fulfilled,2026-01-19,2026-01-21,2026-01-19,NV3,OnTrac,1,1,15.16,2.1,0.0,17.26,shipmonk_estimate,USD
210287,7095135666486,Cattasaurus - shoproxstore - Shopify,direct_to_consumer,fulfilled,2026-01-19,2026-01-21,2026-01-19,PA2,OnTrac,1,1,15.16,2.1,0.0,17.26,shipmonk_estimate,USD
210288,7095138353462,Cattasaurus - shoproxstore - Shopify,direct_to_consumer,fulfilled,2026-01-19,2026-01-21,2026-01-19,PA2,FedEx,1,1,17.65,2.4,0.0,20.05,shipmonk_estimate,USD
210289,7095141630262,Cattasaurus - shoproxstore - Shopify,direct_to_consumer,fulfilled,2026-01-19,2026-01-21,2026-01-19,NV3,FedEx,1,1,17.65,2.1,0.0,19.75,shipmonk_estimate,USD
210290,7095158079798,Cattasaurus - shoproxstore - Shopify,direct_to_consumer,fulfilled,2026-01-19,2026-01-21,2026-01-19,NV3,OnTrac,1,1,12.57,2.1,0.0,14.67,shipmonk_estimate,USD
210291,7095188488502,Cattasaurus - shoproxstore - Shopify,direct_to_consumer,fulfilled,2026-01-19,2026-01-21,2026-01-19,PA2,FedEx,1,1,15.16,2.1,0.0,17.26,shipmonk_estimate,USD
210292,7095189176630,Cattasaurus - shoproxstore - Shopify,direct_to_consumer,fulfilled,2026-01-19,2026-01-21,2026-01-19,NV3,FedEx,1,1,14.57,2.1,0.0,16.67,shipmonk_estimate,USD
210293,7095192977718,Cattasaurus - shoproxstore - Shopify,direct_to_consumer,fulfilled,2026-01-19,2026-01-27,2026-01-19,TO1,Passport,1,1,83.58,2.21,0.0,85.79,shipmonk_estimate,CAD+USD
210294,7095201038646,Cattasaurus - shoproxstore - Shopify,direct_to_consumer,fulfilled,2026-01-19,2026-01-21,2026-01-19,NV3,OnTrac,1,1,15.16,2.1,0.0,17.26,shipmonk_estimate,USD
210295,7095212736822,Cattasaurus - shoproxstore - Shopify,direct_to_consumer,fulfilled,2026-01-19,2026-01-21,2026-01-19,PA2,OnTrac,1,1,12.57,2.4,0.0,14.97,shipmonk_estimate,USD
210296,7095228891446,Cattasaurus - shoproxstore - Shopify,direct_to_consumer,fulfilled,2026-01-19,2026-01-21,2026-01-19,NV3,OnTrac,1,1,15.16,2.1,0.0,17.26,shipmonk_estimate,USD
210297,7095228858678,Cattasaurus - shoproxstore - Shopify,direct_to_consumer,fulfilled,2026-01-19,2026-01-21,2026-01-19,NV3,OnTrac,1,1,17.4,2.1,0.0,19.5,shipmonk_estimate,USD
210298,7095239311670,Cattasaurus - shoproxstore - Shopify,direct_to_consumer,fulfilled,2026-01-19,2026-01-26,2026-01-19,TO1,FedEx,1,1,31.13,2.21,0.0,33.34,shipmonk_estimate,CAD+USD
210299,7095247798582,Cattasaurus - shoproxstore - Shopify,direct_to_consumer,fulfilled,2026-01-19,2026-01-21,2026-01-19,NV3,FedEx,1,1,18.2,2.4,0.0,20.6,shipmonk_estimate,USD
210300,7095254745398,Cattasaurus - shoproxstore - Shopify,direct_to_consumer,fulfilled,2026-01-19,2026-01-21,2026-01-19,NV3,FedEx,1,1,14.57,2.4,0.0,16.97,shipmonk_estimate,USD
210301,7095272210742,Cattasaurus - shoproxstore - Shopify,direct_to_consumer,fulfilled,2026-01-19,2026-01-21,2026-01-19,NV3,OnTrac,1,1,17.91,2.1,0.0,20.01,shipmonk_estimate,USD
210302,7095297704246,Cattasaurus - shoproxstore - Shopify,direct_to_consumer,fulfilled,2026-01-19,2026-01-21,2026-01-19,PA2,UPS,1,1,17.34,2.4,0.0,19.74,shipmonk_estimate,USD
210303,7095307403574,Cattasaurus - shoproxstore - Shopify,direct_to_consumer,fulfilled,2026-01-19,2026-01-21,2026-01-19,NV3,UPS,1,1,17.62,2.1,0.0,19.72,shipmonk_estimate,USD
210304,7095326933302,Cattasaurus - shoproxstore - Shopify,direct_to_consumer,fulfilled,2026-01-19,2026-01-21,2026-01-19,NV3,OnTrac,1,1,12.66,2.1,0.0,14.76,shipmonk_estimate,USD
210305,7095332110646,Cattasaurus - shoproxstore - Shopify,direct_to_consumer,fulfilled,2026-01-19,2026-01-23,2026-01-19,TO1,FedEx,1,1,65.22,2.21,0.0,67.43,shipmonk_estimate,CAD+USD
210306,7095342465334,Cattasaurus - shoproxstore - Shopify,direct_to_consumer,fulfilled,2026-01-19,2026-01-22,2026-01-19,PA2,UPS,1,1,15.97,2.4,0.0,18.37,shipmonk_estimate,USD
210307,7095346463030,Cattasaurus - shoproxstore - Shopify,direct_to_consumer,fulfilled,2026-01-19,2026-01-21,2026-01-19,PA2,OnTrac,1,1,12.66,2.1,0.0,14.76,shipmonk_estimate,USD
210308,7095346987318,Cattasaurus - shoproxstore - Shopify,direct_to_consumer,fulfilled,2026-01-19,2026-01-21,2026-01-19,PA2,FedEx,1,1,18.2,2.4,0.0,20.6,shipmonk_estimate,USD
210309,7095358849334,Cattasaurus - shoproxstore - Shopify,direct_to_consumer,fulfilled,2026-01-19,2026-01-21,2026-01-19,PA2,UPS,1,1,15.21,2.1,0.0,17.31,shipmonk_estimate,USD
210310,7095366943030,Cattasaurus - shoproxstore - Shopify,direct_to_consumer,fulfilled,2026-01-19,2026-01-21,2026-01-19,NV3,OnTrac,1,1,12.45,2.1,0.0,14.55,shipmonk_estimate,USD
210311,7095371235638,Cattasaurus - shoproxstore - Shopify,direct_to_consumer,fulfilled,2026-01-19,2026-01-27,2026-01-19,TO1,FedEx,1,1,45.95,2.21,0.0,48.16,shipmonk_estimate,CAD+USD
210312,7095375036726,Cattasaurus - shoproxstore - Shopify,direct_to_consumer,fulfilled,2026-01-19,2026-01-21,2026-01-19,NV3,OnTrac,1,1,19.89,2.1,0.0,21.99,shipmonk_estimate,USD
210313,7095375135030,Cattasaurus - shoproxstore - Shopify,direct_to_consumer,fulfilled,2026-01-19,2026-01-21,2026-01-19,TO1,Passport,1,1,29.6,2.21,0.0,31.81,shipmonk_estimate,CAD+USD
210314,7095387652406,Cattasaurus - shoproxstore - Shopify,direct_to_consumer,fulfilled,2026-01-19,2026-01-21,2026-01-19,NV3,UPS,1,1,19.6,2.1,0.0,21.7,shipmonk_estimate,USD
210315,7095400431926,Cattasaurus - shoproxstore - Shopify,direct_to_consumer,fulfilled,2026-01-19,2026-01-21,2026-01-19,NV3,OnTrac,1,1,15.16,2.1,0.0,17.26,shipmonk_estimate,USD
210316,7095410655542,Cattasaurus - shoproxstore - Shopify,direct_to_consumer,fulfilled,2026-01-19,2026-01-21,2026-01-19,PA2,OnTrac,1,1,14.14,1.8,0.0,15.94,shipmonk_estimate,USD
210317,7095411343670,Cattasaurus - shoproxstore - Shopify,direct_to_consumer,fulfilled,2026-01-19,2026-01-26,2026-01-19,TO1,FedEx,1,1,14.97,2.21,0.0,17.18,shipmonk_estimate,CAD+USD
210318,7095417307446,Cattasaurus - shoproxstore - Shopify,direct_to_consumer,fulfilled,2026-01-19,2026-01-21,2026-01-19,PA2,UPS,1,1,16.86,2.1,0.0,18.96,shipmonk_estimate,USD
210319,7095420453174,Cattasaurus - shoproxstore - Shopify,direct_to_consumer,fulfilled,2026-01-19,2026-01-21,2026-01-19,PA2,UPS,1,1,19.89,2.1,0.0,21.99,shipmonk_estimate,USD
210320,7095424254262,Cattasaurus - shoproxstore - Shopify,direct_to_consumer,fulfilled,2026-01-19,2026-01-21,2026-01-19,NV3,FedEx,1,1,21.5,2.1,0.0,23.6,shipmonk_estimate,USD
210321,7095428317494,Cattasaurus - shoproxstore - Shopify,direct_to_consumer,fulfilled,2026-01-19,2026-01-21,2026-01-19,PA2,OnTrac,1,1,12.45,2.1,0.0,14.55,shipmonk_estimate,USD
210321_1,c955eb85-9a12-402f-bdd6-ca5f8fa6f6df,Cattasaurus - shoproxstore - Shopify,direct_to_consumer,fulfilled,2026-01-19,2026-01-21,2026-01-19,PA2,OnTrac,1,1,12.45,2.1,0.0,14.55,shipmonk_estimate,USD
210322,7095432315190,Cattasaurus - shoproxstore - Shopify,direct_to_consumer,fulfilled,2026-01-19,2026-01-21,2026-01-19,NV3,FedEx,1,1,15.92,2.4,0.0,18.32,shipmonk_estimate,USD
210323,7095439786294,Cattasaurus - shoproxstore - Shopify,direct_to_consumer,fulfilled,2026-01-19,2026-01-21,2026-01-19,PA2,UPS,1,1,14.46,2.1,0.0,16.56,shipmonk_estimate,USD
210324,7095449518390,Cattasaurus - shoproxstore - Shopify,direct_to_consumer,fulfilled,2026-01-19,2026-01-27,2026-01-19,TO1,FedEx,1,1,26.06,2.21,0.0,28.27,shipmonk_estimate,CAD+USD
210324_1,e860374e-8fb8-4130-975e-7f73fd3a1d73,Cattasaurus - shoproxstore - Shopify,direct_to_consumer,fulfilled,2026-01-19,2026-01-27,2026-01-19,TO1,FedEx,1,1,31.11,2.21,0.0,33.32,shipmonk_estimate,CAD+USD
210325,7095450599734,Cattasaurus - shoproxstore - Shopify,direct_to_consumer,fulfilled,2026-01-19,2026-01-21,2026-01-19,PA2,OnTrac,2,1,15.16,2.4,0.0,17.56,shipmonk_estimate,USD
210326,7095456301366,Cattasaurus - shoproxstore - Shopify,direct_to_consumer,fulfilled,2026-01-19,2026-01-21,2026-01-19,PA2,FedEx,1,1,17.65,1.8,0.0,19.45,shipmonk_estimate,USD
210327,7095473307958,Cattasaurus - shoproxstore - Shopify,direct_to_consumer,fulfilled,2026-01-19,2026-01-23,2026-01-19,TO1,FedEx,1,1,14.2,2.21,0.0,16.41,shipmonk_estimate,CAD+USD
210328,7095473406262,Cattasaurus - shoproxstore - Shopify,direct_to_consumer,fulfilled,2026-01-19,2026-01-21,2026-01-19,NV3,OnTrac,1,1,18.59,2.1,0.0,20.69,shipmonk_estimate,USD
210329,7095480746294,Cattasaurus - shoproxstore - Shopify,direct_to_consumer,fulfilled,2026-01-19,2026-01-21,2026-01-19,PA2,UPS,1,1,15.65,2.1,0.0,17.75,shipmonk_estimate,USD
210330,7095482712374,Cattasaurus - shoproxstore - Shopify,direct_to_consumer,fulfilled,2026-01-19,2026-01-21,2026-01-19,PA2,OnTrac,1,1,15.65,2.4,0.0,18.05,shipmonk_estimate,USD
210331,7095508926774,Cattasaurus - shoproxstore - Shopify,direct_to_consumer,fulfilled,2026-01-19,2026-01-21,2026-01-19,PA2,OnTrac,1,1,17.62,2.4,0.0,20.02,shipmonk_estimate,USD
210332,7095517217078,Cattasaurus - shoproxstore - Shopify,direct_to_consumer,fulfilled,2026-01-19,2026-01-21,2026-01-19,NV3,UPS,2,1,19.6,2.4,0.0,22.0,shipmonk_estimate,USD
210333,7095518757174,Cattasaurus - shoproxstore - Shopify,direct_to_consumer,fulfilled,2026-01-19,2026-01-26,2026-01-19,TO1,FedEx,1,1,14.2,2.21,0.0,16.41,shipmonk_estimate,CAD+USD
210334,7095521247542,Cattasaurus - shoproxstore - Shopify,direct_to_consumer,fulfilled,2026-01-19,2026-01-26,2026-01-19,TO1,FedEx,1,1,20.96,2.21,0.0,23.17,shipmonk_estimate,CAD+USD
210335,7095546609974,Cattasaurus - shoproxstore - Shopify,direct_to_consumer,fulfilled,2026-01-19,2026-01-21,2026-01-19,PA2,OnTrac,1,1,12.66,2.1,0.0,14.76,shipmonk_estimate,USD
210337,7095565287734,Cattasaurus - shoproxstore - Shopify,direct_to_consumer,fulfilled,2026-01-19,2026-01-26,2026-01-19,TO1,FedEx,1,1,30.44,2.21,0.0,32.65,shipmonk_estimate,CAD+USD
210337_1,edcddf15-6d76-417d-beab-def8dc1d8f70,Cattasaurus - shoproxstore - Shopify,direct_to_consumer,fulfilled,2026-01-19,2026-01-26,2026-01-19,TO1,FedEx,1,1,30.08,2.21,0.0,32.29,shipmonk_estimate,CAD+USD
210338,7095566369078,Cattasaurus - shoproxstore - Shopify,direct_to_consumer,fulfilled,2026-01-19,2026-01-21,2026-01-19,PA2,OnTrac,1,1,11.68,2.1,0.0,13.78,shipmonk_estimate,USD
210339,7095568761142,Cattasaurus - shoproxstore - Shopify,direct_to_consumer,fulfilled,2026-01-19,2026-01-21,2026-01-19,PA2,FedEx,1,1,21.8,2.4,0.0,24.2,shipmonk_estimate,USD
210340,7095571120438,Cattasaurus - shoproxstore - Shopify,direct_to_consumer,fulfilled,2026-01-19,2026-01-26,2026-01-19,TO1,FedEx,1,1,24.42,2.21,0.0,26.63,shipmonk_estimate,CAD+USD
210341,7095583768886,Cattasaurus - shoproxstore - Shopify,direct_to_consumer,fulfilled,2026-01-19,2026-01-21,2026-01-19,PA2,FedEx,1,1,15.65,2.4,0.0,18.05,shipmonk_estimate,USD
210342,7095610278198,Cattasaurus - shoproxstore - Shopify,direct_to_consumer,fulfilled,2026-01-19,2026-01-26,2026-01-19,TO1,FedEx,1,1,14.97,2.21,0.0,17.18,shipmonk_estimate,CAD+USD
210343,7095637475638,Cattasaurus - shoproxstore - Shopify,direct_to_consumer,fulfilled,2026-01-19,2026-01-23,2026-01-19,TO1,FedEx,1,1,36.08,2.21,0.0,38.29,shipmonk_estimate,CAD+USD
210344,7095643767094,Cattasaurus - shoproxstore - Shopify,direct_to_consumer,fulfilled,2026-01-19,2026-01-21,2026-01-19,NV3,OnTrac,1,1,12.66,2.1,0.0,14.76,shipmonk_estimate,USD
210345,7095655170358,Cattasaurus - shoproxstore - Shopify,direct_to_consumer,fulfilled,2026-01-19,2026-01-21,2026-01-19,NV3,OnTrac,1,1,17.91,2.1,0.0,20.01,shipmonk_estimate,USD
210345_1,15bfebe7-1cca-44d5-bcbb-13bbc9c57705,Cattasaurus - shoproxstore - Shopify,direct_to_consumer,fulfilled,2026-01-19,2026-01-21,2026-01-19,PA2,OnTrac,1,1,13.49,1.5,0.0,14.99,shipmonk_estimate,USD
210345_2,800a26de-8607-4170-a92e-8f2c52b5d82b,Cattasaurus - shoproxstore - Shopify,direct_to_consumer,fulfilled,2026-01-19,2026-01-21,2026-01-19,NV3,OnTrac,1,1,10.78,1.5,0.0,12.28,shipmonk_estimate,USD
210345_3,e80fedf4-7e74-4486-bf76-fb5e41ccb6a0,Cattasaurus - shoproxstore - Shopify,direct_to_consumer,fulfilled,2026-01-19,2026-01-21,2026-01-19,PA2,OnTrac,1,1,18.67,2.7,0.0,21.37,shipmonk_estimate,USD
210346,7095657136438,Cattasaurus - shoproxstore - Shopify,direct_to_consumer,fulfilled,2026-01-19,2026-01-21,2026-01-19,PA2,FedEx,1,1,13.98,2.1,0.0,16.08,shipmonk_estimate,USD
210347,7095663558966,Cattasaurus - shoproxstore - Shopify,direct_to_consumer,fulfilled,2026-01-19,2026-01-21,2026-01-19,PA2,OnTrac,1,1,12.66,2.1,0.0,14.76,shipmonk_estimate,USD
210348,7095676436790,Cattasaurus - shoproxstore - Shopify,direct_to_consumer,fulfilled,2026-01-19,2026-01-21,2026-01-19,NV3,FedEx,2,1,13.24,3.6,0.0,16.84,shipmonk_estimate,USD
210349,7095704813878,Cattasaurus - shoproxstore - Shopify,direct_to_consumer,fulfilled,2026-01-19,2026-01-21,2026-01-19,NV3,OnTrac,1,1,12.45,2.1,0.0,14.55,shipmonk_estimate,USD
210350,7095713202486,Cattasaurus - shoproxstore - Shopify,direct_to_consumer,fulfilled,2026-01-19,2026-01-21,2026-01-19,NV3,OnTrac,1,1,14.14,2.1,0.0,16.24,shipmonk_estimate,USD
210351,7095724081462,Cattasaurus - shoproxstore - Shopify,direct_to_consumer,fulfilled,2026-01-19,2026-01-27,2026-01-19,TO1,FedEx,1,1,31.11,2.21,0.0,33.32,shipmonk_estimate,CAD+USD
210352,7095727718710,Cattasaurus - shoproxstore - Shopify,direct_to_consumer,fulfilled,2026-01-19,2026-01-21,2026-01-19,PA2,UPS,1,1,20.26,2.1,0.0,22.36,shipmonk_estimate,USD
210353,7095733846326,Cattasaurus - shoproxstore - Shopify,direct_to_consumer,fulfilled,2026-01-19,2026-01-21,2026-01-19,NV3,FedEx,1,1,22.55,2.1,0.0,24.65,shipmonk_estimate,USD
210354,7095764877622,Cattasaurus - shoproxstore - Shopify,direct_to_consumer,fulfilled,2026-01-19,2026-01-21,2026-01-19,NV3,FedEx,1,1,21.8,2.1,0.0,23.9,shipmonk_estimate,USD
210355,7095779885366,Cattasaurus - shoproxstore - Shopify,direct_to_consumer,fulfilled,2026-01-19,2026-01-21,2026-01-19,NV3,OnTrac,1,1,15.16,2.1,0.0,17.26,shipmonk_estimate,USD
210356,7095793090870,Cattasaurus - shoproxstore - Shopify,direct_to_consumer,fulfilled,2026-01-19,2026-01-27,2026-01-19,TO1,FedEx,1,1,31.11,2.21,0.0,33.32,shipmonk_estimate,CAD+USD
210357,7095794204982,Cattasaurus - shoproxstore - Shopify,direct_to_consumer,fulfilled,2026-01-19,2026-01-21,2026-01-19,NV3,UPS,1,1,19.89,2.4,0.0,22.29,shipmonk_estimate,USD
210357_1,b2cbc29d-bce9-469c-8842-734e333f8f20,Cattasaurus - shoproxstore - Shopify,direct_to_consumer,fulfilled,2026-01-19,2026-01-22,2026-01-19,PA2,UPS,1,1,14.2,1.5,0.0,15.7,shipmonk_estimate,USD
210358,7095825072438,Cattasaurus - shoproxstore - Shopify,direct_to_consumer,fulfilled,2026-01-19,2026-01-21,2026-01-19,PA2,FedEx,1,1,22.55,2.1,0.0,24.65,shipmonk_estimate,USD
210359,7095842963766,Cattasaurus - shoproxstore - Shopify,direct_to_consumer,fulfilled,2026-01-19,2026-01-21,2026-01-19,NV3,OnTrac,2,1,12.45,2.4,0.0,14.85,shipmonk_estimate,USD
210360,7095866949942,Cattasaurus - shoproxstore - Shopify,direct_to_consumer,fulfilled,2026-01-19,2026-01-21,2026-01-19,NV3,OnTrac,1,1,12.45,2.1,0.0,14.55,shipmonk_estimate,USD
210361,7095874453814,Cattasaurus - shoproxstore - Shopify,direct_to_consumer,fulfilled,2026-01-19,2026-01-21,2026-01-19,PA2,FedEx,1,1,17.17,2.1,0.0,19.27,shipmonk_estimate,USD
"Merged: 210123, 210126",06726d9f-dbb1-492e-b3e4-0fd8946fb564,Cattasaurus - shoproxstore - Shopify,direct_to_consumer,fulfilled,2026-01-19,2026-01-20,2026-01-19,PA2,OnTrac,2,1,12.45,2.7,0.0,15.15,shipmonk_estimate,USD
"Merged: 210164, 210165",84c665ed-03e6-4998-a1a9-27213348986f,Cattasaurus - shoproxstore - Shopify,direct_to_consumer,fulfilled,2026-01-19,2026-01-20,2026-01-19,PA2,FedEx,2,1,17.65,2.4,0.0,20.05,shipmonk_estimate,USD
WAL129101938486537,a93126c8-4ae0-458e-ba8f-c7a185054743,Cattasaurus - Manual Store,direct_to_consumer,fulfilled,2026-01-19,2026-01-19,2026-01-19,PA2,UPS,1,1,14.69,1.8,0.0,16.49,shipmonk_estimate,USD
111-3992964-3148237,111-3992964-3148237,Cattasaurus - Amazon USA,direct_to_consumer,fulfilled,2026-01-20,2026-01-21,2026-01-20,NV3,FedEx,1,1,16.86,2.1,0.0,18.96,shipmonk_estimate,USD
111-6605754-3319462,111-6605754-3319462,Cattasaurus - Amazon USA,direct_to_consumer,fulfilled,2026-01-20,2026-01-21,2026-01-20,PA2,OnTrac,1,1,16.07,1.5,0.0,17.57,shipmonk_estimate,USD
112-0407243-5792265,112-0407243-5792265,Cattasaurus - Amazon USA,direct_to_consumer,fulfilled,2026-01-20,2026-01-20,2026-01-20,PA2,OnTrac,1,1,12.45,2.1,0.0,14.55,shipmonk_estimate,USD
112-7579784-7742623,112-7579784-7742623,Cattasaurus - Amazon USA,direct_to_consumer,fulfilled,2026-01-20,2026-01-20,2026-01-20,PA2,OnTrac,1,1,14.37,1.5,0.0,15.87,shipmonk_estimate,USD
113-0200521-8254652,113-0200521-8254652,Cattasaurus - Amazon USA,direct_to_consumer,fulfilled,2026-01-20,2026-01-21,2026-01-20,PA2,UPS,1,1,15.75,2.1,0.0,17.85,shipmonk_estimate,USD
113-7084466-3077847,113-7084466-3077847,Cattasaurus - Amazon USA,direct_to_consumer,fulfilled,2026-01-20,2026-01-21,2026-01-20,PA2,OnTrac,1,1,22.34,1.8,0.0,24.14,shipmonk_estimate,USD
113-9542086-5364257,113-9542086-5364257,Cattasaurus - Amazon USA,direct_to_consumer,fulfilled,2026-01-20,2026-01-20,2026-01-20,NV3,OnTrac,1,1,12.66,2.1,0.0,14.76,shipmonk_estimate,USD
114-1581161-4567458,114-1581161-4567458,Cattasaurus - Amazon USA,direct_to_consumer,fulfilled,2026-01-20,2026-01-21,2026-01-20,PA2,FedEx,1,1,15.16,2.1,0.0,17.26,shipmonk_estimate,USD
114-9316887-3398640,114-9316887-3398640,Cattasaurus - Amazon USA,direct_to_consumer,fulfilled,2026-01-20,2026-01-20,2026-01-20,NV3,OnTrac,1,1,17.46,2.1,0.0,19.56,shipmonk_estimate,USD
210362,7096077123894,Cattasaurus - shoproxstore - Shopify,direct_to_consumer,fulfilled,2026-01-20,2026-01-21,2026-01-20,PA2,FedEx,1,1,13.98,2.1,0.0,16.08,shipmonk_estimate,USD
210363,7096135713078,Cattasaurus - shoproxstore - Shopify,direct_to_consumer,fulfilled,2026-01-20,2026-01-21,2026-01-20,NV3,UPS,1,1,16.86,2.1,0.0,18.96,shipmonk_estimate,USD
210364,7096194728246,Cattasaurus - shoproxstore - Shopify,direct_to_consumer,fulfilled,2026-01-20,2026-01-23,2026-01-20,TO1,FedEx,1,1,17.87,2.21,0.0,20.08,shipmonk_estimate,CAD+USD
210365,7096198070582,Cattasaurus - shoproxstore - Shopify,direct_to_consumer,fulfilled,2026-01-20,2026-01-21,2026-01-20,PA2,OnTrac,1,1,12.37,2.4,0.0,14.77,shipmonk_estimate,USD
210366,7096219664694,Cattasaurus - shoproxstore - Shopify,direct_to_consumer,fulfilled,2026-01-20,2026-01-26,2026-01-20,TO1,FedEx,1,1,20.96,2.21,0.0,23.17,shipmonk_estimate,CAD+USD
210367,7096226578742,Cattasaurus - shoproxstore - Shopify,direct_to_consumer,fulfilled,2026-01-20,2026-01-21,2026-01-20,TO1,Passport,1,1,33.51,2.21,0.0,35.72,shipmonk_estimate,CAD+USD
210368,7096303026486,Cattasaurus - shoproxstore - Shopify,direct_to_consumer,fulfilled,2026-01-20,2026-01-21,2026-01-20,PA2,FedEx,1,1,17.17,2.1,0.0,19.27,shipmonk_estimate,USD
210369,7096330322230,Cattasaurus - shoproxstore - Shopify,direct_to_consumer,fulfilled,2026-01-20,2026-01-21,2026-01-20,PA2,OnTrac,1,1,8.89,1.5,0.0,10.39,shipmonk_estimate,USD
210370,7096350540086,Cattasaurus - shoproxstore - Shopify,direct_to_consumer,fulfilled,2026-01-20,2026-01-21,2026-01-20,NV3,FedEx,1,1,22.55,2.1,0.0,24.65,shipmonk_estimate,USD
210371,7096352964918,Cattasaurus - shoproxstore - Shopify,direct_to_consumer,fulfilled,2026-01-20,2026-01-21,2026-01-20,NV3,OnTrac,1,1,9.67,1.5,0.0,11.17,shipmonk_estimate,USD
210371_1,8ad29868-cced-49ec-9b53-01345917d1dd,Cattasaurus - shoproxstore - Shopify,direct_to_consumer,fulfilled,2026-01-20,2026-01-21,2026-01-20,PA2,OnTrac,1,1,19.4,2.5,0.0,21.9,shipmonk_estimate,USD
210372,7096354341174,Cattasaurus - shoproxstore - Shopify,direct_to_consumer,fulfilled,2026-01-20,2026-01-21,2026-01-20,NV3,FedEx,1,1,14.57,2.1,0.0,16.67,shipmonk_estimate,USD
210373,7096358175030,Cattasaurus - shoproxstore - Shopify,direct_to_consumer,fulfilled,2026-01-20,2026-01-21,2026-01-20,TO1,Passport,1,1,22.38,1.86,0.0,24.24,shipmonk_estimate,CAD+USD
210374,7096447631670,Cattasaurus - shoproxstore - Shopify,direct_to_consumer,fulfilled,2026-01-20,2026-01-21,2026-01-20,PA2,FedEx,1,1,17.65,2.1,0.0,19.75,shipmonk_estimate,USD
210375,7096472994102,Cattasaurus - shoproxstore - Shopify,direct_to_consumer,fulfilled,2026-01-20,2026-01-21,2026-01-20,TO1,Passport,1,1,26.75,2.21,0.0,28.96,shipmonk_estimate,CAD+USD
210378,7096502124854,Cattasaurus - shoproxstore - Shopify,direct_to_consumer,fulfilled,2026-01-20,2026-01-26,2026-01-20,TO1,FedEx,1,1,17.32,2.21,0.0,19.53,shipmonk_estimate,CAD+USD
210379,7096517263670,Cattasaurus - shoproxstore - Shopify,direct_to_consumer,fulfilled,2026-01-20,2026-01-21,2026-01-20,PA2,FedEx,1,1,17.17,2.1,0.0,19.27,shipmonk_estimate,USD
210380,7096518574390,Cattasaurus - shoproxstore - Shopify,direct_to_consumer,fulfilled,2026-01-20,2026-01-21,2026-01-20,NV3,FedEx,1,1,21.8,2.4,0.0,24.2,shipmonk_estimate,USD
210381,7096531321142,Cattasaurus - shoproxstore - Shopify,direct_to_consumer,fulfilled,2026-01-20,2026-01-26,2026-01-20,TO1,FedEx,1,1,17.87,2.21,0.0,20.08,shipmonk_estimate,CAD+USD
210382,7096556814646,Cattasaurus - shoproxstore - Shopify,direct_to_consumer,fulfilled,2026-01-20,2026-01-22,2026-01-20,PA2,OnTrac,1,1,12.45,2.1,0.0,14.55,shipmonk_estimate,USD
210383,7096557666614,Cattasaurus - shoproxstore - Shopify,direct_to_consumer,fulfilled,2026-01-20,2026-01-26,2026-01-20,TO1,FedEx,1,1,30.73,2.21,0.0,32.94,shipmonk_estimate,CAD+USD
210384,7096596103478,Cattasaurus - shoproxstore - Shopify,direct_to_consumer,fulfilled,2026-01-20,2026-01-21,2026-01-20,PA2,OnTrac,2,1,14.14,2.4,0.0,16.54,shipmonk_estimate,USD
210384_1,168cb37e-fa82-42c1-8373-a6804e4d82bc,Cattasaurus - shoproxstore - Shopify,direct_to_consumer,fulfilled,2026-01-20,2026-01-22,2026-01-20,PA2,OnTrac,1,1,14.46,1.5,0.0,15.96,shipmonk_estimate,USD
210385,7096599707958,Cattasaurus - shoproxstore - Shopify,direct_to_consumer,fulfilled,2026-01-20,2026-01-22,2026-01-20,PA2,OnTrac,1,1,12.66,2.7,0.0,15.36,shipmonk_estimate,USD
210386,7096601608502,Cattasaurus - shoproxstore - Shopify,direct_to_consumer,fulfilled,2026-01-20,2026-01-21,2026-01-20,NV3,OnTrac,1,1,18.59,2.1,0.0,20.69,shipmonk_estimate,USD
210387,7096603181366,Cattasaurus - shoproxstore - Shopify,direct_to_consumer,fulfilled,2026-01-20,2026-01-22,2026-01-20,PA2,OnTrac,1,1,12.37,3.3,0.0,15.67,shipmonk_estimate,USD
210388,7096624349494,Cattasaurus - shoproxstore - Shopify,direct_to_consumer,fulfilled,2026-01-20,2026-01-22,2026-01-20,PA2,FedEx,1,1,18.56,2.1,0.0,20.66,shipmonk_estimate,USD
210388_1,f3a27b38-0261-4a87-a949-03263e5e2cf8,Cattasaurus - shoproxstore - Shopify,direct_to_consumer,fulfilled,2026-01-20,2026-01-21,2026-01-20,PA2,UPS,1,1,12.0,1.5,0.0,13.5,shipmonk_estimate,USD
210389,7096628183350,Cattasaurus - shoproxstore - Shopify,direct_to_consumer,fulfilled,2026-01-20,2026-01-22,2026-01-20,PA2,OnTrac,1,1,12.37,2.4,0.0,14.77,shipmonk_estimate,USD
210390,7096635785526,Cattasaurus - shoproxstore - Shopify,direct_to_consumer,fulfilled,2026-01-20,2026-01-21,2026-01-20,TO1,Passport,1,1,26.75,2.21,0.0,28.96,shipmonk_estimate,CAD+USD
210391,7096653381942,Cattasaurus - shoproxstore - Shopify,direct_to_consumer,fulfilled,2026-01-20,2026-01-26,2026-01-20,TO1,FedEx,1,1,30.73,2.21,0.0,32.94,shipmonk_estimate,CAD+USD
210392,7096661180726,Cattasaurus - shoproxstore - Shopify,direct_to_consumer,fulfilled,2026-01-20,2026-01-22,2026-01-20,PA2,OnTrac,1,1,14.27,2.1,0.0,16.37,shipmonk_estimate,USD
210393,7096663933238,Cattasaurus - shoproxstore - Shopify,direct_to_consumer,fulfilled,2026-01-20,2026-01-21,2026-01-20,NV3,OnTrac,1,1,15.16,1.8,0.0,16.96,shipmonk_estimate,USD
210393_1,2692812d-87fe-477e-9704-855de1eb7010,Cattasaurus - shoproxstore - Shopify,direct_to_consumer,fulfilled,2026-01-20,2026-01-21,2026-01-20,PA2,OnTrac,1,1,14.37,1.5,0.0,15.87,shipmonk_estimate,USD
210393_2,ca63f6ba-f840-4a96-b1dc-f9dc5034fd16,Cattasaurus - shoproxstore - Shopify,direct_to_consumer,fulfilled,2026-01-20,2026-01-22,2026-01-20,PA2,OnTrac,1,1,12.62,0.3,0.0,12.92,shipmonk_estimate,USD
210393_3,00b7f2dc-7287-4d41-87ee-c6011822a383,Cattasaurus - shoproxstore - Shopify,direct_to_consumer,fulfilled,2026-01-20,2026-01-22,2026-01-20,PA2,OnTrac,1,1,12.62,0.3,0.0,12.92,shipmonk_estimate,USD
210394,7096673567030,Cattasaurus - shoproxstore - Shopify,direct_to_consumer,fulfilled,2026-01-20,2026-01-22,2026-01-20,PA2,OnTrac,1,1,15.16,2.1,0.0,17.26,shipmonk_estimate,USD
210396,7096690573622,Cattasaurus - shoproxstore - Shopify,direct_to_consumer,fulfilled,2026-01-20,2026-01-21,2026-01-20,NV3,FedEx,1,1,15.65,2.1,0.0,17.75,shipmonk_estimate,USD
210397,7096699027766,Cattasaurus - shoproxstore - Shopify,direct_to_consumer,fulfilled,2026-01-20,2026-01-22,2026-01-20,PA2,OnTrac,1,1,12.45,2.1,0.0,14.55,shipmonk_estimate,USD
210398,7096707449142,Cattasaurus - shoproxstore - Shopify,direct_to_consumer,fulfilled,2026-01-20,2026-01-22,2026-01-20,PA2,FedEx,1,1,15.16,2.1,0.0,17.26,shipmonk_estimate,USD
210399,7096727142710,Cattasaurus - shoproxstore - Shopify,direct_to_consumer,fulfilled,2026-01-20,2026-01-26,2026-01-20,TO1,FedEx,1,1,35.52,2.21,0.0,37.73,shipmonk_estimate,CAD+USD
210400,7096738578742,Cattasaurus - shoproxstore - Shopify,direct_to_consumer,fulfilled,2026-01-20,2026-01-22,2026-01-20,PA2,OnTrac,1,1,15.16,2.1,0.0,17.26,shipmonk_estimate,USD
210401,7096740053302,Cattasaurus - shoproxstore - Shopify,direct_to_consumer,fulfilled,2026-01-20,2026-01-27,2026-01-20,TO1,FedEx,1,1,26.04,2.21,0.0,28.25,shipmonk_estimate,CAD+USD
210402,7096740151606,Cattasaurus - shoproxstore - Shopify,direct_to_consumer,fulfilled,2026-01-20,2026-01-21,2026-01-20,TO1,Passport,1,1,28.15,2.21,0.0,30.36,shipmonk_estimate,CAD+USD
210403,7096755388726,Cattasaurus - shoproxstore - Shopify,direct_to_consumer,fulfilled,2026-01-20,2026-01-26,2026-01-20,TO1,FedEx,1,1,14.97,2.21,0.0,17.18,shipmonk_estimate,CAD+USD
210404,7096759615798,Cattasaurus - shoproxstore - Shopify,direct_to_consumer,fulfilled,2026-01-20,2026-01-22,2026-01-20,PA2,OnTrac,2,1,15.16,2.4,0.0,17.56,shipmonk_estimate,USD
210404_1,cd983393-e251-4801-bb15-99c92ee1da2d,Cattasaurus - shoproxstore - Shopify,direct_to_consumer,fulfilled,2026-01-20,2026-01-21,2026-01-20,PA2,OnTrac,1,1,10.37,1.5,0.0,11.87,shipmonk_estimate,USD
210405,7096781013302,Cattasaurus - shoproxstore - Shopify,direct_to_consumer,fulfilled,2026-01-20,2026-01-22,2026-01-20,PA2,OnTrac,1,1,11.68,2.1,0.0,13.78,shipmonk_estimate,USD
210406,7096784585014,Cattasaurus - shoproxstore - Shopify,direct_to_consumer,fulfilled,2026-01-20,2026-01-21,2026-01-20,NV3,OnTrac,1,1,15.21,2.1,0.0,17.31,shipmonk_estimate,USD
210407,7096786354486,Cattasaurus - shoproxstore - Shopify,direct_to_consumer,fulfilled,2026-01-20,2026-01-22,2026-01-20,PA2,USPS,1,1,12.61,2.1,0.0,14.71,shipmonk_estimate,USD
210408,7096788091190,Cattasaurus - shoproxstore - Shopify,direct_to_consumer,fulfilled,2026-01-20,2026-01-22,2026-01-20,PA2,FedEx,1,1,17.65,2.1,0.0,19.75,shipmonk_estimate,USD
210409,7096802214198,Cattasaurus - shoproxstore - Shopify,direct_to_consumer,fulfilled,2026-01-20,2026-01-21,2026-01-20,NV3,OnTrac,1,1,20.28,2.1,0.0,22.38,shipmonk_estimate,USD
210410,7096835866934,Cattasaurus - shoproxstore - Shopify,direct_to_consumer,fulfilled,2026-01-20,2026-01-21,2026-01-20,NV3,OnTrac,1,1,17.34,2.1,0.0,19.44,shipmonk_estimate,USD
210411,7096845566262,Cattasaurus - shoproxstore - Shopify,direct_to_consumer,fulfilled,2026-01-20,2026-01-22,2026-01-20,PA2,FedEx,3,1,15.14,2.7,0.0,17.84,shipmonk_estimate,USD
210412,7096846156086,Cattasaurus - shoproxstore - Shopify,direct_to_consumer,fulfilled,2026-01-20,2026-01-21,2026-01-20,NV3,UPS,1,1,19.89,2.4,0.0,22.29,shipmonk_estimate,USD
210413,7096848515382,Cattasaurus - shoproxstore - Shopify,direct_to_consumer,fulfilled,2026-01-20,2026-01-22,2026-01-20,PA2,OnTrac,1,1,15.16,2.1,0.0,17.26,shipmonk_estimate,USD
210414,7096849498422,Cattasaurus - shoproxstore - Shopify,direct_to_consumer,fulfilled,2026-01-20,2026-01-21,2026-01-20,NV3,OnTrac,1,1,12.66,2.1,0.0,14.76,shipmonk_estimate,USD
210415,7096862441782,Cattasaurus - shoproxstore - Shopify,direct_to_consumer,fulfilled,2026-01-20,2026-01-22,2026-01-20,PA2,UPS,1,1,12.77,2.1,0.0,14.87,shipmonk_estimate,USD
210416,7096894521654,Cattasaurus - shoproxstore - Shopify,direct_to_consumer,fulfilled,2026-01-20,2026-01-22,2026-01-20,PA2,FedEx,1,1,15.16,2.1,0.0,17.26,shipmonk_estimate,USD
210417,7096905400630,Cattasaurus - shoproxstore - Shopify,direct_to_consumer,fulfilled,2026-01-20,2026-01-21,2026-01-20,NV3,OnTrac,1,1,19.89,2.1,0.0,21.99,shipmonk_estimate,USD
210418,7096952324406,Cattasaurus - shoproxstore - Shopify,direct_to_consumer,fulfilled,2026-01-20,2026-01-21,2026-01-20,TO1,Passport,1,1,44.27,2.21,0.0,46.48,shipmonk_estimate,CAD+USD
210419,7096960188726,Cattasaurus - shoproxstore - Shopify,direct_to_consumer,fulfilled,2026-01-20,2026-01-21,2026-01-20,NV3,FedEx,1,1,21.5,2.1,0.0,23.6,shipmonk_estimate,USD
210420,7097022349622,Cattasaurus - shoproxstore - Shopify,direct_to_consumer,fulfilled,2026-01-20,2026-01-22,2026-01-20,NV3,OnTrac,1,1,15.16,2.1,0.0,17.26,shipmonk_estimate,USD
210421,7097030705462,Cattasaurus - shoproxstore - Shopify,direct_to_consumer,fulfilled,2026-01-20,2026-01-22,2026-01-20,NV3,FedEx,1,1,22.55,2.1,0.0,24.65,shipmonk_estimate,USD
210422,7097044861238,Cattasaurus - shoproxstore - Shopify,direct_to_consumer,fulfilled,2026-01-20,2026-01-26,2026-01-20,TO1,FedEx,1,1,24.42,2.21,0.0,26.63,shipmonk_estimate,CAD+USD
210423,7097068618038,Cattasaurus - shoproxstore - Shopify,direct_to_consumer,fulfilled,2026-01-20,2026-01-21,2026-01-20,PA2,FedEx,1,1,11.68,2.5,0.0,14.18,shipmonk_estimate,USD
210423_1,9e6665a2-a654-4852-bd14-cf1a6f2bc8fb,Cattasaurus - shoproxstore - Shopify,direct_to_consumer,fulfilled,2026-01-20,2026-01-22,2026-01-20,PA2,FedEx,1,1,11.68,2.5,0.0,14.18,shipmonk_estimate,USD
210424,7097169609014,Cattasaurus - shoproxstore - Shopify,direct_to_consumer,fulfilled,2026-01-20,2026-01-22,2026-01-20,PA2,FedEx,1,1,15.16,2.1,0.0,17.26,shipmonk_estimate,USD
210425,7097179734326,Cattasaurus - shoproxstore - Shopify,direct_to_consumer,fulfilled,2026-01-20,2026-01-22,2026-01-20,PA2,OnTrac,1,1,14.5,2.7,0.0,17.2,shipmonk_estimate,USD
210426,7097260278070,Cattasaurus - shoproxstore - Shopify,direct_to_consumer,fulfilled,2026-01-20,2026-01-22,2026-01-20,PA2,OnTrac,1,1,15.16,2.1,0.0,17.26,shipmonk_estimate,USD
210427,7097286164790,Cattasaurus - shoproxstore - Shopify,direct_to_consumer,fulfilled,2026-01-20,2026-01-22,2026-01-20,PA2,FedEx,1,1,17.65,2.4,0.0,20.05,shipmonk_estimate,USD
210428,7097297404214,Cattasaurus - shoproxstore - Shopify,direct_to_consumer,fulfilled,2026-01-20,2026-01-22,2026-01-20,PA2,UPS,1,1,17.34,2.4,0.0,19.74,shipmonk_estimate,USD
210429,7097313624374,Cattasaurus - shoproxstore - Shopify,direct_to_consumer,fulfilled,2026-01-20,2026-01-22,2026-01-20,PA2,FedEx,1,1,17.65,2.1,0.0,19.75,shipmonk_estimate,USD
210430,7097313919286,Cattasaurus - shoproxstore - Shopify,direct_to_consumer,fulfilled,2026-01-20,2026-01-21,2026-01-20,TO1,Passport,1,1,33.51,2.21,0.0,35.72,shipmonk_estimate,CAD+USD
210431,7097378177334,Cattasaurus - shoproxstore - Shopify,direct_to_consumer,fulfilled,2026-01-20,2026-01-26,2026-01-20,TO1,FedEx,1,1,26.04,2.21,0.0,28.25,shipmonk_estimate,CAD+USD
210432,7097404817718,Cattasaurus - shoproxstore - Shopify,direct_to_consumer,fulfilled,2026-01-20,2026-01-21,2026-01-20,PA2,UPS,1,1,14.14,2.1,0.0,16.24,shipmonk_estimate,USD
210433,7097417007414,Cattasaurus - shoproxstore - Shopify,direct_to_consumer,fulfilled,2026-01-20,2026-01-22,2026-01-20,PA2,UPS,1,1,14.46,2.1,0.0,16.56,shipmonk_estimate,USD
210434,7097464619318,Cattasaurus - shoproxstore - Shopify,direct_to_consumer,fulfilled,2026-01-20,2026-01-22,2026-01-20,NV3,UPS,1,1,19.89,2.1,0.0,21.99,shipmonk_estimate,USD
210435,7097474285878,Cattasaurus - shoproxstore - Shopify,direct_to_consumer,fulfilled,2026-01-20,2026-01-21,2026-01-20,PA2,UPS,1,1,20.26,2.1,0.0,22.36,shipmonk_estimate,USD
210436,7097477628214,Cattasaurus - shoproxstore - Shopify,direct_to_consumer,fulfilled,2026-01-20,2026-01-21,2026-01-20,PA2,UPS,1,1,17.46,2.1,0.0,19.56,shipmonk_estimate,USD
210437,7097479299382,Cattasaurus - shoproxstore - Shopify,direct_to_consumer,fulfilled,2026-01-20,2026-01-22,2026-01-20,PA2,OnTrac,1,1,14.28,2.1,0.0,16.38,shipmonk_estimate,USD
210438,7097526190390,Cattasaurus - shoproxstore - Shopify,direct_to_consumer,fulfilled,2026-01-20,2026-01-22,2026-01-20,PA2,FedEx,1,1,15.14,2.1,0.0,17.24,shipmonk_estimate,USD
210439,7097531793718,Cattasaurus - shoproxstore - Shopify,direct_to_consumer,fulfilled,2026-01-20,2026-01-26,2026-01-20,TO1,FedEx,1,1,53.04,2.21,0.0,55.25,shipmonk_estimate,CAD+USD
210440,7097628557622,Cattasaurus - shoproxstore - Shopify,direct_to_consumer,fulfilled,2026-01-20,2026-01-22,2026-01-20,PA2,OnTrac,1,1,14.28,2.1,0.0,16.38,shipmonk_estimate,USD
210441,7097704841526,Cattasaurus - shoproxstore - Shopify,direct_to_consumer,fulfilled,2026-01-20,2026-01-22,2026-01-20,PA2,UPS,1,1,15.21,2.1,0.0,17.31,shipmonk_estimate,USD
210442,7097762480438,Cattasaurus - shoproxstore - Shopify,direct_to_consumer,fulfilled,2026-01-20,2026-01-26,2026-01-20,PA2,FedEx,2,1,14.57,2.4,0.0,16.97,shipmonk_estimate,USD
210442_1,77dd9df4-3a61-4aa2-b0cd-51262de2ae50,Cattasaurus - shoproxstore - Shopify,direct_to_consumer,fulfilled,2026-01-20,2026-01-27,2026-01-20,PA2,OnTrac,1,1,12.45,2.1,0.0,14.55,shipmonk_estimate,USD
210443,7097814024502,Cattasaurus - shoproxstore - Shopify,direct_to_consumer,fulfilled,2026-01-20,2026-01-22,2026-01-20,NV3,UPS,1,1,17.34,2.4,0.0,19.74,shipmonk_estimate,USD
210444,7097867501878,Cattasaurus - shoproxstore - Shopify,direct_to_consumer,fulfilled,2026-01-20,2026-01-26,2026-01-20,TO1,FedEx,1,1,26.04,2.21,0.0,28.25,shipmonk_estimate,CAD+USD
210445,7097877102902,Cattasaurus - shoproxstore - Shopify,direct_to_consumer,fulfilled,2026-01-20,2026-01-22,2026-01-20,PA2,FedEx,1,1,13.98,2.1,0.0,16.08,shipmonk_estimate,USD
210446,7097945325878,Cattasaurus - shoproxstore - Shopify,direct_to_consumer,fulfilled,2026-01-20,2026-01-22,2026-01-20,PA2,UPS,1,1,20.26,2.1,0.0,22.36,shipmonk_estimate,USD
210447,7097948471606,Cattasaurus - shoproxstore - Shopify,direct_to_consumer,fulfilled,2026-01-20,2026-01-23,2026-01-20,TO1,FedEx,1,1,14.97,2.21,0.0,17.18,shipmonk_estimate,CAD+USD
210448,7097955287350,Cattasaurus - shoproxstore - Shopify,direct_to_consumer,fulfilled,2026-01-20,2026-01-22,2026-01-20,PA2,OnTrac,1,1,12.45,2.1,0.0,14.55,shipmonk_estimate,USD
210449,7097956794678,Cattasaurus - shoproxstore - Shopify,direct_to_consumer,fulfilled,2026-01-20,2026-01-27,2026-01-20,TO1,FedEx,1,1,34.49,2.21,0.0,36.7,shipmonk_estimate,CAD+USD
210450,7097975832886,Cattasaurus - shoproxstore - Shopify,direct_to_consumer,fulfilled,2026-01-20,2026-01-22,2026-01-20,PA2,FedEx,1,1,21.5,2.1,0.0,23.6,shipmonk_estimate,USD
210451,7097978421558,Cattasaurus - shoproxstore - Shopify,direct_to_consumer,fulfilled,2026-01-20,2026-01-26,2026-01-20,PA2,FedEx,1,1,15.14,1.8,0.0,16.94,shipmonk_estimate,USD
210451_1,30b929db-5cf0-44c5-b94a-3071993461b4,Cattasaurus - shoproxstore - Shopify,direct_to_consumer,fulfilled,2026-01-20,2026-01-27,2026-01-20,PA2,OnTrac,1,1,11.0,1.5,0.0,12.5,shipmonk_estimate,USD
210452,7098014630198,Cattasaurus - shoproxstore - Shopify,direct_to_consumer,fulfilled,2026-01-20,2026-01-22,2026-01-20,NV3,FedEx,1,1,14.57,2.1,0.0,16.67,shipmonk_estimate,USD
210453,7098018070838,Cattasaurus - shoproxstore - Shopify,direct_to_consumer,fulfilled,2026-01-20,2026-01-23,2026-01-20,TO1,FedEx,1,1,36.08,2.21,0.0,38.29,shipmonk_estimate,CAD+USD
210454,7098037371190,Cattasaurus - shoproxstore - Shopify,direct_to_consumer,fulfilled,2026-01-20,2026-01-22,2026-01-20,NV3,OnTrac,2,1,17.34,3.3,0.0,20.64,shipmonk_estimate,USD
210455,7098042810678,Cattasaurus - shoproxstore - Shopify,direct_to_consumer,fulfilled,2026-01-20,2026-01-22,2026-01-20,PA2,FedEx,1,1,17.65,2.1,0.0,19.75,shipmonk_estimate,USD
210456,7098053755190,Cattasaurus - shoproxstore - Shopify,direct_to_consumer,fulfilled,2026-01-20,2026-01-27,2026-01-20,TO1,FedEx,1,1,24.42,2.21,0.0,26.63,shipmonk_estimate,CAD+USD
210457,7098055426358,Cattasaurus - shoproxstore - Shopify,direct_to_consumer,fulfilled,2026-01-20,2026-01-26,2026-01-20,NV3,FedEx,1,1,13.98,2.1,0.0,16.08,shipmonk_estimate,USD
210457_1,ffc10021-2cf2-425a-b351-f902b25ed3e9,Cattasaurus - shoproxstore - Shopify,direct_to_consumer,fulfilled,2026-01-20,2026-01-26,2026-01-20,PA2,OnTrac,1,1,19.4,2.5,0.0,21.9,shipmonk_estimate,USD
210457_2,23d81656-ef34-41d2-a881-83aecc80aa69,Cattasaurus - shoproxstore - Shopify,direct_to_consumer,fulfilled,2026-01-20,2026-01-26,2026-01-20,PA2,OnTrac,1,1,9.41,1.5,0.0,10.91,shipmonk_estimate,USD
210458,7098072990006,Cattasaurus - shoproxstore - Shopify,direct_to_consumer,fulfilled,2026-01-20,2026-01-22,2026-01-20,PA2,OnTrac,1,1,18.2,2.4,0.0,20.6,shipmonk_estimate,USD
210459,7098080166198,Cattasaurus - shoproxstore - Shopify,direct_to_consumer,fulfilled,2026-01-20,2026-01-27,2026-01-20,TO1,FedEx,1,1,17.87,2.21,0.0,20.08,shipmonk_estimate,CAD+USD
210460,7098087735606,Cattasaurus - shoproxstore - Shopify,direct_to_consumer,fulfilled,2026-01-20,2026-01-22,2026-01-20,PA2,OnTrac,1,1,15.97,2.4,0.0,18.37,shipmonk_estimate,USD
210461,7098088227126,Cattasaurus - shoproxstore - Shopify,direct_to_consumer,fulfilled,2026-01-20,2026-01-22,2026-01-20,PA2,FedEx,1,1,13.98,2.1,0.0,16.08,shipmonk_estimate,USD
210462,7098104381750,Cattasaurus - shoproxstore - Shopify,direct_to_consumer,fulfilled,2026-01-20,2026-01-22,2026-01-20,NV3,FedEx,1,1,21.5,2.1,0.0,23.6,shipmonk_estimate,USD
210463,7098110017846,Cattasaurus - shoproxstore - Shopify,direct_to_consumer,fulfilled,2026-01-20,2026-01-22,2026-01-20,NV3,OnTrac,1,1,19.89,2.1,0.0,21.99,shipmonk_estimate,USD
210464,7098143342902,Cattasaurus - shoproxstore - Shopify,direct_to_consumer,fulfilled,2026-01-20,2026-01-22,2026-01-20,NV3,FedEx,1,1,22.55,2.1,0.0,24.65,shipmonk_estimate,USD
210465,7098144981302,Cattasaurus - shoproxstore - Shopify,direct_to_consumer,fulfilled,2026-01-20,2026-01-22,2026-01-20,NV3,FedEx,1,1,15.92,2.1,0.0,18.02,shipmonk_estimate,USD
210466,7098151600438,Cattasaurus - shoproxstore - Shopify,direct_to_consumer,fulfilled,2026-01-20,2026-01-27,2026-01-20,TO1,FedEx,1,1,30.73,2.21,0.0,32.94,shipmonk_estimate,CAD+USD
210467,7098178961718,Cattasaurus - shoproxstore - Shopify,direct_to_consumer,fulfilled,2026-01-20,2026-01-22,2026-01-20,PA2,OnTrac,1,1,14.27,2.1,0.0,16.37,shipmonk_estimate,USD
210468,7098221592886,Cattasaurus - shoproxstore - Shopify,direct_to_consumer,fulfilled,2026-01-20,2026-01-22,2026-01-20,NV3,FedEx,1,1,14.57,2.1,0.0,16.67,shipmonk_estimate,USD
210469,7098243088694,Cattasaurus - shoproxstore - Shopify,direct_to_consumer,fulfilled,2026-01-20,2026-01-22,2026-01-20,PA2,FedEx,1,1,15.14,2.1,0.0,17.24,shipmonk_estimate,USD
210470,7098276839734,Cattasaurus - shoproxstore - Shopify,direct_to_consumer,fulfilled,2026-01-20,2026-01-27,2026-01-20,TO1,FedEx,1,1,36.08,2.21,0.0,38.29,shipmonk_estimate,CAD+USD
"Merged: 210376, 210377",be3848e2-4034-4f51-99b6-077330c783b4,Cattasaurus - shoproxstore - Shopify,direct_to_consumer,fulfilled,2026-01-20,2026-01-22,2026-01-20,PA2,FedEx,2,1,15.16,2.4,0.0,17.56,shipmonk_estimate,USD
113-1515380-7045018,113-1515380-7045018,Cattasaurus - Amazon USA,direct_to_consumer,fulfilled,2026-01-21,2026-01-22,2026-01-21,PA2,UPS,1,1,18.23,2.1,0.0,20.33,shipmonk_estimate,USD
113-4119893-6740258,113-4119893-6740258,Cattasaurus - Amazon USA,direct_to_consumer,fulfilled,2026-01-21,2026-01-22,2026-01-21,NV3,OnTrac,1,1,14.06,2.1,0.0,16.16,shipmonk_estimate,USD
113-4512692-6713063,113-4512692-6713063,Cattasaurus - Amazon USA,direct_to_consumer,fulfilled,2026-01-21,2026-01-21,2026-01-21,NV3,OnTrac,1,1,12.66,2.1,0.0,14.76,shipmonk_estimate,USD
114-1698057-3567464,114-1698057-3567464,Cattasaurus - Amazon USA,direct_to_consumer,fulfilled,2026-01-21,2026-01-21,2026-01-21,PA2,FedEx,1,1,12.66,2.1,0.0,14.76,shipmonk_estimate,USD
114-6211900-7358662,114-6211900-7358662,Cattasaurus - Amazon USA,direct_to_consumer,fulfilled,2026-01-21,2026-01-21,2026-01-21,PA2,OnTrac,1,1,12.66,2.1,0.0,14.76,shipmonk_estimate,USD
114-8996174-3610612,114-8996174-3610612,Cattasaurus - Amazon USA,direct_to_consumer,fulfilled,2026-01-21,2026-01-22,2026-01-21,NV3,OnTrac,1,1,12.45,2.1,0.0,14.55,shipmonk_estimate,USD
205651-01,c75b4c91-10e7-4a41-8de5-b4f72539f0e7,Cattasaurus - shoproxstore - Shopify,direct_to_consumer,fulfilled,2026-01-21,2026-01-21,2026-01-21,NV3,OnTrac,1,1,18.59,1.8,0.0,20.39,shipmonk_estimate,USD
208719-01,4ba67694-f5c1-4d3e-b9c1-94c703dbd18b,Cattasaurus - shoproxstore - Shopify,direct_to_consumer,fulfilled,2026-01-21,2026-01-22,2026-01-21,PA2,UPS,1,1,15.21,2.1,0.0,17.31,shipmonk_estimate,USD
210471,7098576273718,Cattasaurus - shoproxstore - Shopify,direct_to_consumer,fulfilled,2026-01-21,2026-01-22,2026-01-21,PA2,FedEx,1,1,15.16,2.1,0.0,17.26,shipmonk_estimate,USD
210472,7098592887094,Cattasaurus - shoproxstore - Shopify,direct_to_consumer,fulfilled,2026-01-21,2026-01-21,2026-01-21,TO1,Passport,1,1,28.15,2.21,0.0,30.36,shipmonk_estimate,CAD+USD
210473,7098598195510,Cattasaurus - shoproxstore - Shopify,direct_to_consumer,fulfilled,2026-01-21,2026-01-22,2026-01-21,NV3,FedEx,2,1,14.57,2.7,0.0,17.27,shipmonk_estimate,USD
210474,7098609402166,Cattasaurus - shoproxstore - Shopify,direct_to_consumer,fulfilled,2026-01-21,2026-01-22,2026-01-21,PA2,OnTrac,1,1,17.91,2.1,0.0,20.01,shipmonk_estimate,USD
210475,7098670809398,Cattasaurus - shoproxstore - Shopify,direct_to_consumer,fulfilled,2026-01-21,2026-01-27,2026-01-21,TO1,FedEx,1,1,14.97,2.21,0.0,17.18,shipmonk_estimate,CAD+USD
210476,7098699841846,Cattasaurus - shoproxstore - Shopify,direct_to_consumer,fulfilled,2026-01-21,2026-01-22,2026-01-21,PA2,OnTrac,1,1,12.37,2.4,0.0,14.77,shipmonk_estimate,USD
210477,7098704134454,Cattasaurus - shoproxstore - Shopify,direct_to_consumer,fulfilled,2026-01-21,2026-01-22,2026-01-21,PA2,FedEx,1,1,15.92,2.1,0.0,18.02,shipmonk_estimate,USD
210478,7098724811062,Cattasaurus - shoproxstore - Shopify,direct_to_consumer,fulfilled,2026-01-21,2026-01-22,2026-01-21,NV3,FedEx,1,1,17.4,2.1,0.0,19.5,shipmonk_estimate,USD
210479,7098766754102,Cattasaurus - shoproxstore - Shopify,direct_to_consumer,fulfilled,2026-01-21,2026-01-22,2026-01-21,PA2,OnTrac,1,1,12.57,2.1,0.0,14.67,shipmonk_estimate,USD
210480,7098777338166,Cattasaurus - shoproxstore - Shopify,direct_to_consumer,fulfilled,2026-01-21,2026-01-22,2026-01-21,NV3,FedEx,1,1,22.55,2.1,0.0,24.65,shipmonk_estimate,USD
210481,7098839597366,Cattasaurus - shoproxstore - Shopify,direct_to_consumer,fulfilled,2026-01-21,2026-01-22,2026-01-21,NV3,UPS,1,1,16.86,2.1,0.0,18.96,shipmonk_estimate,USD
210482,7098852933942,Cattasaurus - shoproxstore - Shopify,direct_to_consumer,fulfilled,2026-01-21,2026-01-22,2026-01-21,PA2,OnTrac,1,1,14.28,2.4,0.0,16.68,shipmonk_estimate,USD
210483,7098853196086,Cattasaurus - shoproxstore - Shopify,direct_to_consumer,fulfilled,2026-01-21,2026-01-22,2026-01-21,NV3,FedEx,1,1,21.5,2.1,0.0,23.6,shipmonk_estimate,USD
210484,7098882097462,Cattasaurus - shoproxstore - Shopify,direct_to_consumer,fulfilled,2026-01-21,2026-01-22,2026-01-21,PA2,FedEx,1,1,13.98,1.8,0.0,15.78,shipmonk_estimate,USD
210485,7098904707382,Cattasaurus - shoproxstore - Shopify,direct_to_consumer,fulfilled,2026-01-21,2026-01-22,2026-01-21,NV3,OnTrac,1,1,15.97,2.1,0.0,18.07,shipmonk_estimate,USD
210486,7098920075574,Cattasaurus - shoproxstore - Shopify,direct_to_consumer,fulfilled,2026-01-21,2026-01-22,2026-01-21,NV3,FedEx,1,1,15.92,2.1,0.0,18.02,shipmonk_estimate,USD
210487,7098960871734,Cattasaurus - shoproxstore - Shopify,direct_to_consumer,fulfilled,2026-01-21,2026-01-22,2026-01-21,NV3,FedEx,1,1,13.98,2.1,0.0,16.08,shipmonk_estimate,USD
210488,7098965786934,Cattasaurus - shoproxstore - Shopify,direct_to_consumer,fulfilled,2026-01-21,2026-01-22,2026-01-21,PA2,UPS,1,1,15.21,2.1,0.0,17.31,shipmonk_estimate,USD
210489,7098976043318,Cattasaurus - shoproxstore - Shopify,direct_to_consumer,fulfilled,2026-01-21,2026-01-22,2026-01-21,PA2,OnTrac,1,1,19.89,2.1,0.0,21.99,shipmonk_estimate,USD
210490,7098977517878,Cattasaurus - shoproxstore - Shopify,direct_to_consumer,fulfilled,2026-01-21,2026-01-21,2026-01-21,TO1,Passport,1,1,26.75,2.21,0.0,28.96,shipmonk_estimate,CAD+USD
210491,7098981613878,Cattasaurus - shoproxstore - Shopify,direct_to_consumer,fulfilled,2026-01-21,2026-01-22,2026-01-21,NV3,FedEx,1,1,15.14,2.1,0.0,17.24,shipmonk_estimate,USD
210492,7098986103094,Cattasaurus - shoproxstore - Shopify,direct_to_consumer,fulfilled,2026-01-21,2026-01-27,2026-01-21,TO1,FedEx,1,1,12.71,2.21,0.0,14.92,shipmonk_estimate,CAD+USD
210493,7098994557238,Cattasaurus - shoproxstore - Shopify,direct_to_consumer,fulfilled,2026-01-21,2026-01-22,2026-01-21,NV3,FedEx,1,1,15.92,2.1,0.0,18.02,shipmonk_estimate,USD
210494,7098999308598,Cattasaurus - shoproxstore - Shopify,direct_to_consumer,fulfilled,2026-01-21,2026-01-22,2026-01-21,PA2,FedEx,1,1,17.65,2.1,0.0,19.75,shipmonk_estimate,USD
210495,7099002290486,Cattasaurus - shoproxstore - Shopify,direct_to_consumer,fulfilled,2026-01-21,2026-01-22,2026-01-21,PA2,OnTrac,1,1,15.16,2.1,0.0,17.26,shipmonk_estimate,USD
210496,7099030569270,Cattasaurus - shoproxstore - Shopify,direct_to_consumer,fulfilled,2026-01-21,2026-01-22,2026-01-21,PA2,OnTrac,1,1,13.0,2.1,0.0,15.1,shipmonk_estimate,USD
210497,7099035058486,Cattasaurus - shoproxstore - Shopify,direct_to_consumer,fulfilled,2026-01-21,2026-01-22,2026-01-21,NV3,OnTrac,1,1,13.0,2.1,0.0,15.1,shipmonk_estimate,USD
210498,7099051245878,Cattasaurus - shoproxstore - Shopify,direct_to_consumer,fulfilled,2026-01-21,2026-01-22,2026-01-21,NV3,OnTrac,1,1,12.66,2.1,0.0,14.76,shipmonk_estimate,USD
210499,7099067400502,Cattasaurus - shoproxstore - Shopify,direct_to_consumer,fulfilled,2026-01-21,2026-01-22,2026-01-21,PA2,OnTrac,1,1,12.45,2.1,0.0,14.55,shipmonk_estimate,USD
210500,7099074707766,Cattasaurus - shoproxstore - Shopify,direct_to_consumer,fulfilled,2026-01-21,2026-01-27,2026-01-21,TO1,FedEx,1,1,26.04,2.21,0.0,28.25,shipmonk_estimate,CAD+USD
210501,7099089256758,Cattasaurus - shoproxstore - Shopify,direct_to_consumer,fulfilled,2026-01-21,2026-01-22,2026-01-21,PA2,OnTrac,1,1,12.66,2.1,0.0,14.76,shipmonk_estimate,USD
210502,7099117175094,Cattasaurus - shoproxstore - Shopify,direct_to_consumer,fulfilled,2026-01-21,2026-01-26,2026-01-21,PA2,FedEx,1,1,15.16,2.7,0.0,17.86,shipmonk_estimate,USD
210502_1,d9c51067-41e5-4ceb-b8cb-aebd202bf014,Cattasaurus - shoproxstore - Shopify,direct_to_consumer,fulfilled,2026-01-21,2026-01-27,2026-01-21,PA2,FedEx,1,1,18.56,2.1,0.0,20.66,shipmonk_estimate,USD
210503,7099119337782,Cattasaurus - shoproxstore - Shopify,direct_to_consumer,fulfilled,2026-01-21,2026-01-22,2026-01-21,PA2,DHL eCommerce,1,1,10.37,1.5,0.0,11.87,shipmonk_estimate,USD
210504,7099128119606,Cattasaurus - shoproxstore - Shopify,direct_to_consumer,fulfilled,2026-01-21,2026-01-27,2026-01-21,TO1,FedEx,1,1,17.11,2.21,0.0,19.32,shipmonk_estimate,CAD+USD
210505,7099129233718,Cattasaurus - shoproxstore - Shopify,direct_to_consumer,fulfilled,2026-01-21,2026-01-22,2026-01-21,NV3,OnTrac,1,1,18.59,2.1,0.0,20.69,shipmonk_estimate,USD
210506,7099157971254,Cattasaurus - shoproxstore - Shopify,direct_to_consumer,fulfilled,2026-01-21,2026-01-22,2026-01-21,NV3,OnTrac,1,1,12.45,2.1,0.0,14.55,shipmonk_estimate,USD
210507,7099177074998,Cattasaurus - shoproxstore - Shopify,direct_to_consumer,fulfilled,2026-01-21,2026-01-22,2026-01-21,PA2,FedEx,1,1,15.16,2.1,0.0,17.26,shipmonk_estimate,USD
210508,7099178254646,Cattasaurus - shoproxstore - Shopify,direct_to_consumer,fulfilled,2026-01-21,2026-01-27,2026-01-21,TO1,FedEx,1,1,25.48,2.21,0.0,27.69,shipmonk_estimate,CAD+USD
210509,7099192377654,Cattasaurus - shoproxstore - Shopify,direct_to_consumer,fulfilled,2026-01-21,2026-01-22,2026-01-21,PA2,OnTrac,1,1,13.0,2.1,0.0,15.1,shipmonk_estimate,USD
210510,7099198112054,Cattasaurus - shoproxstore - Shopify,direct_to_consumer,fulfilled,2026-01-21,2026-01-26,2026-01-21,PA2,UPS,2,1,15.21,2.4,0.0,17.61,shipmonk_estimate,USD
210510_1,97eb8795-9e42-4ecc-a954-c4702458dfc0,Cattasaurus - shoproxstore - Shopify,direct_to_consumer,fulfilled,2026-01-21,2026-01-27,2026-01-21,PA2,UPS,1,1,15.21,2.1,0.0,17.31,shipmonk_estimate,USD
210511,7099227537718,Cattasaurus - shoproxstore - Shopify,direct_to_consumer,fulfilled,2026-01-21,2026-01-22,2026-01-21,NV3,UPS,1,1,14.69,2.1,0.0,16.79,shipmonk_estimate,USD
210512,7099236090166,Cattasaurus - shoproxstore - Shopify,direct_to_consumer,fulfilled,2026-01-21,2026-01-22,2026-01-21,NV3,UPS,1,1,16.86,2.1,0.0,18.96,shipmonk_estimate,USD
210513,7099238646070,Cattasaurus - shoproxstore - Shopify,direct_to_consumer,fulfilled,2026-01-21,2026-01-27,2026-01-21,TO1,FedEx,1,1,12.71,2.21,0.0,14.92,shipmonk_estimate,CAD+USD
210514,7099274559798,Cattasaurus - shoproxstore - Shopify,direct_to_consumer,fulfilled,2026-01-21,2026-01-22,2026-01-21,PA2,UPS,1,1,16.26,2.1,0.0,18.36,shipmonk_estimate,USD
210515,7099276329270,Cattasaurus - shoproxstore - Shopify,direct_to_consumer,fulfilled,2026-01-21,2026-01-22,2026-01-21,PA2,FedEx,1,1,17.65,2.1,0.0,19.75,shipmonk_estimate,USD
210516,7099312570678,Cattasaurus - shoproxstore - Shopify,direct_to_consumer,fulfilled,2026-01-21,2026-01-29,2026-01-21,NV3,FedEx,1,1,15.96,2.1,0.0,18.06,shipmonk_estimate,USD
210517,7099312865590,Cattasaurus - shoproxstore - Shopify,direct_to_consumer,fulfilled,2026-01-21,2026-01-22,2026-01-21,NV3,FedEx,1,1,21.5,2.1,0.0,23.6,shipmonk_estimate,USD
210518,7099327512886,Cattasaurus - shoproxstore - Shopify,direct_to_consumer,fulfilled,2026-01-21,2026-01-22,2026-01-21,NV3,OnTrac,1,1,18.59,2.1,0.0,20.69,shipmonk_estimate,USD
210519,7099355791670,Cattasaurus - shoproxstore - Shopify,direct_to_consumer,fulfilled,2026-01-21,2026-01-27,2026-01-21,TO1,FedEx,1,1,26.04,2.21,0.0,28.25,shipmonk_estimate,CAD+USD
210520,7099369554230,Cattasaurus - shoproxstore - Shopify,direct_to_consumer,fulfilled,2026-01-21,2026-01-22,2026-01-21,PA2,FedEx,1,1,17.65,2.1,0.0,19.75,shipmonk_estimate,USD
210521,7099375616310,Cattasaurus - shoproxstore - Shopify,direct_to_consumer,fulfilled,2026-01-21,2026-01-26,2026-01-21,NV3,OnTrac,2,1,12.77,2.4,0.0,15.17,shipmonk_estimate,USD
210521_1,defe5fe6-e6b3-4283-a292-3aba037974f0,Cattasaurus - shoproxstore - Shopify,direct_to_consumer,fulfilled,2026-01-21,2026-01-27,2026-01-21,PA2,OnTrac,1,1,14.37,1.5,0.0,15.87,shipmonk_estimate,USD
210522,7099379417398,Cattasaurus - shoproxstore - Shopify,direct_to_consumer,fulfilled,2026-01-21,2026-01-27,2026-01-21,TO1,FedEx,1,1,30.73,2.21,0.0,32.94,shipmonk_estimate,CAD+USD
210523,7099381973302,Cattasaurus - shoproxstore - Shopify,direct_to_consumer,fulfilled,2026-01-21,2026-01-22,2026-01-21,PA2,UPS,1,1,17.46,2.1,0.0,19.56,shipmonk_estimate,USD
210524,7099384234294,Cattasaurus - shoproxstore - Shopify,direct_to_consumer,fulfilled,2026-01-21,2026-01-22,2026-01-21,PA2,FedEx,1,1,13.98,2.1,0.0,16.08,shipmonk_estimate,USD
210525,7099385545014,Cattasaurus - shoproxstore - Shopify,direct_to_consumer,fulfilled,2026-01-21,2026-01-22,2026-01-21,PA2,FedEx,1,1,13.98,1.8,0.0,15.78,shipmonk_estimate,USD
210526,7099388264758,Cattasaurus - shoproxstore - Shopify,direct_to_consumer,fulfilled,2026-01-21,2026-01-22,2026-01-21,PA2,UPS,2,1,17.62,2.4,0.0,20.02,shipmonk_estimate,USD
210527,7099402387766,Cattasaurus - shoproxstore - Shopify,direct_to_consumer,fulfilled,2026-01-21,2026-01-22,2026-01-21,PA2,FedEx,1,1,15.16,2.1,0.0,17.26,shipmonk_estimate,USD
210528,7099410743606,Cattasaurus - shoproxstore - Shopify,direct_to_consumer,fulfilled,2026-01-21,2026-01-22,2026-01-21,PA2,OnTrac,1,1,12.66,1.8,0.0,14.46,shipmonk_estimate,USD
210529,7099413791030,Cattasaurus - shoproxstore - Shopify,direct_to_consumer,fulfilled,2026-01-21,2026-01-22,2026-01-21,PA2,OnTrac,1,1,14.27,2.1,0.0,16.37,shipmonk_estimate,USD
210530,7099448033590,Cattasaurus - shoproxstore - Shopify,direct_to_consumer,fulfilled,2026-01-21,2026-01-22,2026-01-21,NV3,FedEx,1,1,15.14,2.1,0.0,17.24,shipmonk_estimate,USD
210531,7099452588342,Cattasaurus - shoproxstore - Shopify,direct_to_consumer,fulfilled,2026-01-21,2026-01-22,2026-01-21,PA2,OnTrac,1,1,17.34,2.4,0.0,19.74,shipmonk_estimate,USD
210532,7099484471606,Cattasaurus - shoproxstore - Shopify,direct_to_consumer,fulfilled,2026-01-21,2026-01-26,2026-01-21,NV3,FedEx,1,1,15.92,2.1,0.0,18.02,shipmonk_estimate,USD
210532_1,ce41d846-355c-4075-9b72-f0d080140f2b,Cattasaurus - shoproxstore - Shopify,direct_to_consumer,fulfilled,2026-01-21,2026-01-26,2026-01-21,PA2,OnTrac,1,1,14.37,1.5,0.0,15.87,shipmonk_estimate,USD
210533,7099493384502,Cattasaurus - shoproxstore - Shopify,direct_to_consumer,fulfilled,2026-01-21,2026-01-22,2026-01-21,PA2,UPS,1,1,19.89,2.1,0.0,21.99,shipmonk_estimate,USD
210534,7099501216054,Cattasaurus - shoproxstore - Shopify,direct_to_consumer,fulfilled,2026-01-21,2026-01-27,2026-01-21,TO1,FedEx,1,1,13.65,2.21,0.0,15.86,shipmonk_estimate,CAD+USD
210535,7099516092726,Cattasaurus - shoproxstore - Shopify,direct_to_consumer,fulfilled,2026-01-21,2026-01-23,2026-01-21,NV3,OnTrac,1,1,15.97,2.1,0.0,18.07,shipmonk_estimate,USD
210536,7099530805558,Cattasaurus - shoproxstore - Shopify,direct_to_consumer,fulfilled,2026-01-21,2026-01-23,2026-01-21,NV3,OnTrac,1,1,18.59,2.1,0.0,20.69,shipmonk_estimate,USD
210537,7099538604342,Cattasaurus - shoproxstore - Shopify,direct_to_consumer,fulfilled,2026-01-21,2026-01-23,2026-01-21,PA2,OnTrac,1,1,13.37,2.1,0.0,15.47,shipmonk_estimate,USD
210538,7099539063094,Cattasaurus - shoproxstore - Shopify,direct_to_consumer,fulfilled,2026-01-21,2026-01-23,2026-01-21,PA2,FedEx,1,1,12.45,2.1,0.0,14.55,shipmonk_estimate,USD
210539,7099581104438,Cattasaurus - shoproxstore - Shopify,direct_to_consumer,fulfilled,2026-01-21,2026-01-27,2026-01-21,TO1,FedEx,1,1,23.52,2.21,0.0,25.73,shipmonk_estimate,CAD+USD
210540,7099607810358,Cattasaurus - shoproxstore - Shopify,direct_to_consumer,fulfilled,2026-01-21,2026-01-23,2026-01-21,NV3,FedEx,1,1,15.92,2.1,0.0,18.02,shipmonk_estimate,USD
210541,7099609153846,Cattasaurus - shoproxstore - Shopify,direct_to_consumer,fulfilled,2026-01-21,2026-01-23,2026-01-21,PA2,UPS,1,1,12.57,2.1,0.0,14.67,shipmonk_estimate,USD
210542,7099635597622,Cattasaurus - shoproxstore - Shopify,direct_to_consumer,fulfilled,2026-01-21,2026-01-27,2026-01-21,TO1,FedEx,1,1,12.71,2.21,0.0,14.92,shipmonk_estimate,CAD+USD
210543,7099647066422,Cattasaurus - shoproxstore - Shopify,direct_to_consumer,fulfilled,2026-01-21,2026-01-23,2026-01-21,PA2,FedEx,1,1,17.65,2.1,0.0,19.75,shipmonk_estimate,USD
210544,7099669872950,Cattasaurus - shoproxstore - Shopify,direct_to_consumer,fulfilled,2026-01-21,2026-01-27,2026-01-21,TO1,FedEx,1,1,30.73,2.21,0.0,32.94,shipmonk_estimate,CAD+USD
210545,7099698020662,Cattasaurus - shoproxstore - Shopify,direct_to_consumer,fulfilled,2026-01-21,2026-01-23,2026-01-21,NV3,OnTrac,1,1,16.86,2.1,0.0,18.96,shipmonk_estimate,USD
210546,7099702477110,Cattasaurus - shoproxstore - Shopify,direct_to_consumer,fulfilled,2026-01-21,2026-01-23,2026-01-21,PA2,OnTrac,1,1,12.66,2.1,0.0,14.76,shipmonk_estimate,USD
210547,7099705196854,Cattasaurus - shoproxstore - Shopify,direct_to_consumer,fulfilled,2026-01-21,2026-01-23,2026-01-21,PA2,FedEx,1,1,15.14,2.1,0.0,17.24,shipmonk_estimate,USD
210548,7099721482550,Cattasaurus - shoproxstore - Shopify,direct_to_consumer,fulfilled,2026-01-21,2026-01-23,2026-01-21,NV3,OnTrac,1,1,12.45,2.1,0.0,14.55,shipmonk_estimate,USD
210549,7099746648374,Cattasaurus - shoproxstore - Shopify,direct_to_consumer,fulfilled,2026-01-21,2026-01-23,2026-01-21,PA2,FedEx,2,1,15.14,2.4,0.0,17.54,shipmonk_estimate,USD
210550,7099750154550,Cattasaurus - shoproxstore - Shopify,direct_to_consumer,fulfilled,2026-01-21,2026-01-27,2026-01-21,TO1,FedEx,1,1,14.2,2.21,0.0,16.41,shipmonk_estimate,CAD+USD
210551,7099757461814,Cattasaurus - shoproxstore - Shopify,direct_to_consumer,fulfilled,2026-01-21,2026-01-27,2026-01-21,TO1,FedEx,1,1,11.91,2.21,0.0,14.12,shipmonk_estimate,CAD+USD
210552,7099764965686,Cattasaurus - shoproxstore - Shopify,direct_to_consumer,fulfilled,2026-01-21,2026-01-23,2026-01-21,PA2,FedEx,1,1,17.65,2.1,0.0,19.75,shipmonk_estimate,USD
210553,7099764998454,Cattasaurus - shoproxstore - Shopify,direct_to_consumer,fulfilled,2026-01-21,2026-01-23,2026-01-21,PA2,FedEx,1,1,15.16,1.8,0.0,16.96,shipmonk_estimate,USD
210554,7099771584822,Cattasaurus - shoproxstore - Shopify,direct_to_consumer,fulfilled,2026-01-21,2026-01-23,2026-01-21,PA2,FedEx,1,1,17.65,2.4,0.0,20.05,shipmonk_estimate,USD
210555,7099801764150,Cattasaurus - shoproxstore - Shopify,direct_to_consumer,fulfilled,2026-01-21,2026-01-23,2026-01-21,PA2,UPS,1,1,16.86,1.8,0.0,18.66,shipmonk_estimate,USD
210556,7099819458870,Cattasaurus - shoproxstore - Shopify,direct_to_consumer,fulfilled,2026-01-21,2026-01-23,2026-01-21,NV3,FedEx,1,1,17.91,2.1,0.0,20.01,shipmonk_estimate,USD
210557,7099833483574,Cattasaurus - shoproxstore - Shopify,direct_to_consumer,fulfilled,2026-01-21,2026-01-27,2026-01-21,TO1,FedEx,1,1,34.86,2.21,0.0,37.07,shipmonk_estimate,CAD+USD
210558,7099856388406,Cattasaurus - shoproxstore - Shopify,direct_to_consumer,fulfilled,2026-01-21,2026-01-23,2026-01-21,NV3,UPS,1,1,14.35,2.1,0.0,16.45,shipmonk_estimate,USD
210559,7099887321398,Cattasaurus - shoproxstore - Shopify,direct_to_consumer,fulfilled,2026-01-21,2026-01-23,2026-01-21,NV3,OnTrac,1,1,15.65,2.4,0.0,18.05,shipmonk_estimate,USD
210560,7099910521142,Cattasaurus - shoproxstore - Shopify,direct_to_consumer,fulfilled,2026-01-21,2026-01-23,2026-01-21,PA2,FedEx,1,1,15.16,2.1,0.0,17.26,shipmonk_estimate,USD
210561,7099934605622,Cattasaurus - shoproxstore - Shopify,direct_to_consumer,fulfilled,2026-01-21,2026-01-23,2026-01-21,NV3,UPS,1,1,19.09,2.1,0.0,21.19,shipmonk_estimate,USD
210562,7099974811958,Cattasaurus - shoproxstore - Shopify,direct_to_consumer,fulfilled,2026-01-21,2026-01-27,2026-01-21,TO1,FedEx,1,1,11.91,2.21,0.0,14.12,shipmonk_estimate,CAD+USD
210563,7100031992118,Cattasaurus - shoproxstore - Shopify,direct_to_consumer,fulfilled,2026-01-21,2026-01-23,2026-01-21,PA2,OnTrac,1,1,12.57,2.1,0.0,14.67,shipmonk_estimate,USD
210564,7100066595126,Cattasaurus - shoproxstore - Shopify,direct_to_consumer,fulfilled,2026-01-21,2026-01-27,2026-01-21,TO1,FedEx,1,1,31.11,2.21,0.0,33.32,shipmonk_estimate,CAD+USD
210565,7100162998582,Cattasaurus - shoproxstore - Shopify,direct_to_consumer,fulfilled,2026-01-21,2026-01-23,2026-01-21,PA2,UPS,1,1,20.26,2.1,0.0,22.36,shipmonk_estimate,USD
210566,7100223226166,Cattasaurus - shoproxstore - Shopify,direct_to_consumer,fulfilled,2026-01-21,2026-01-23,2026-01-21,NV3,FedEx,1,1,18.56,2.1,0.0,20.66,shipmonk_estimate,USD
WAL129102041516931,37ff0033-97fa-488e-b08c-8487dda03f25,Cattasaurus - Manual Store,direct_to_consumer,fulfilled,2026-01-21,2026-01-21,2026-01-21,NV3,OnTrac,1,1,11.68,1.8,0.0,13.48,shipmonk_estimate,USD
111-4574984-3218601,111-4574984-3218601,Cattasaurus - Amazon USA,direct_to_consumer,fulfilled,2026-01-22,2026-01-23,2026-01-22,PA2,FedEx,1,1,15.16,2.1,0.0,17.26,shipmonk_estimate,USD
111-4903954-1691421,111-4903954-1691421,Cattasaurus - Amazon USA,direct_to_consumer,fulfilled,2026-01-22,2026-01-23,2026-01-22,PA2,OnTrac,1,1,13.58,2.1,0.0,15.68,shipmonk_estimate,USD
111-7970453-8669851,111-7970453-8669851,Cattasaurus - Amazon USA,direct_to_consumer,fulfilled,2026-01-22,2026-01-23,2026-01-22,PA2,FedEx,1,1,15.16,2.1,0.0,17.26,shipmonk_estimate,USD
112-7642376-9585822,112-7642376-9585822,Cattasaurus - Amazon USA,direct_to_consumer,fulfilled,2026-01-22,2026-01-23,2026-01-22,NV3,OnTrac,1,1,13.52,2.1,0.0,15.62,shipmonk_estimate,USD
113-2447999-5905837,113-2447999-5905837,Cattasaurus - Amazon USA,direct_to_consumer,fulfilled,2026-01-22,2026-01-23,2026-01-22,PA2,OnTrac,1,1,18.59,2.1,0.0,20.69,shipmonk_estimate,USD
113-3647678-0484203,113-3647678-0484203,Cattasaurus - Amazon USA,direct_to_consumer,fulfilled,2026-01-22,2026-01-22,2026-01-22,NV3,OnTrac,1,1,12.54,2.5,0.0,15.04,shipmonk_estimate,USD
114-5821274-8851445,114-5821274-8851445,Cattasaurus - Amazon USA,direct_to_consumer,fulfilled,2026-01-22,2026-01-22,2026-01-22,PA2,OnTrac,1,1,12.77,2.1,0.0,14.87,shipmonk_estimate,USD
114-9266000-3503422,114-9266000-3503422,Cattasaurus - Amazon USA,direct_to_consumer,fulfilled,2026-01-22,2026-01-23,2026-01-22,PA2,OnTrac,1,1,14.37,1.5,0.0,15.87,shipmonk_estimate,USD
210567,7100286632246,Cattasaurus - shoproxstore - Shopify,direct_to_consumer,fulfilled,2026-01-22,2026-01-26,2026-01-22,TO1,FedEx,1,1,34.49,2.21,0.0,36.7,shipmonk_estimate,CAD+USD
210568,7100291612982,Cattasaurus - shoproxstore - Shopify,direct_to_consumer,fulfilled,2026-01-22,2026-01-27,2026-01-22,TO1,FedEx,1,1,26.04,2.21,0.0,28.25,shipmonk_estimate,CAD+USD
210569,7100298035510,Cattasaurus - shoproxstore - Shopify,direct_to_consumer,fulfilled,2026-01-22,2026-01-27,2026-01-22,TO1,FedEx,1,1,24.42,2.21,0.0,26.63,shipmonk_estimate,CAD+USD
210570,7100397224246,Cattasaurus - shoproxstore - Shopify,direct_to_consumer,fulfilled,2026-01-22,2026-01-23,2026-01-22,PA2,FedEx,1,1,14.14,1.8,0.0,15.94,shipmonk_estimate,USD
210571,7100522398006,Cattasaurus - shoproxstore - Shopify,direct_to_consumer,fulfilled,2026-01-22,2026-01-23,2026-01-22,NV3,OnTrac,1,1,18.59,2.1,0.0,20.69,shipmonk_estimate,USD
210572,7100542026038,Cattasaurus - shoproxstore - Shopify,direct_to_consumer,fulfilled,2026-01-22,2026-01-23,2026-01-22,PA2,UPS,1,1,17.34,2.4,0.0,19.74,shipmonk_estimate,USD
210573,7100547760438,Cattasaurus - shoproxstore - Shopify,direct_to_consumer,fulfilled,2026-01-22,2026-01-23,2026-01-22,NV3,UPS,1,1,16.86,2.1,0.0,18.96,shipmonk_estimate,USD
210574,7100586361142,Cattasaurus - shoproxstore - Shopify,direct_to_consumer,fulfilled,2026-01-22,2026-01-27,2026-01-22,TO1,Passport,1,1,60.23,2.21,0.0,62.44,shipmonk_estimate,CAD+USD
210575,7100592455990,Cattasaurus - shoproxstore - Shopify,direct_to_consumer,fulfilled,2026-01-22,2026-01-27,2026-01-22,TO1,FedEx,1,1,19.1,2.21,0.0,21.31,shipmonk_estimate,CAD+USD
210576,7100598911286,Cattasaurus - shoproxstore - Shopify,direct_to_consumer,fulfilled,2026-01-22,2026-01-23,2026-01-22,PA2,OnTrac,1,1,15.16,2.1,0.0,17.26,shipmonk_estimate,USD
210577,7100607660342,Cattasaurus - shoproxstore - Shopify,direct_to_consumer,fulfilled,2026-01-22,2026-01-23,2026-01-22,NV3,OnTrac,1,1,15.97,2.1,0.0,18.07,shipmonk_estimate,USD
210580,7100641444150,Cattasaurus - shoproxstore - Shopify,direct_to_consumer,fulfilled,2026-01-22,2026-01-23,2026-01-22,PA2,FedEx,1,1,17.65,2.1,0.0,19.75,shipmonk_estimate,USD
210581,7100642427190,Cattasaurus - shoproxstore - Shopify,direct_to_consumer,fulfilled,2026-01-22,2026-01-23,2026-01-22,PA2,OnTrac,1,1,5.79,2.4,0.3,8.49,shipmonk_estimate,USD
210582,7100668739894,Cattasaurus - shoproxstore - Shopify,direct_to_consumer,fulfilled,2026-01-22,2026-01-27,2026-01-22,TO1,Passport,1,1,47.06,2.21,0.0,49.27,shipmonk_estimate,CAD+USD
210583,7100685320502,Cattasaurus - shoproxstore - Shopify,direct_to_consumer,fulfilled,2026-01-22,2026-01-27,2026-01-22,TO1,Passport,1,1,49.65,2.21,0.0,51.86,shipmonk_estimate,CAD+USD
210584,7100688040246,Cattasaurus - shoproxstore - Shopify,direct_to_consumer,fulfilled,2026-01-22,2026-01-26,2026-01-22,TO1,FedEx,1,1,19.14,2.21,0.0,21.35,shipmonk_estimate,CAD+USD
210585,7100691677494,Cattasaurus - shoproxstore - Shopify,direct_to_consumer,fulfilled,2026-01-22,2026-01-23,2026-01-22,PA2,OnTrac,1,1,14.14,2.1,0.0,16.24,shipmonk_estimate,USD
210586,7100700786998,Cattasaurus - shoproxstore - Shopify,direct_to_consumer,fulfilled,2026-01-22,2026-01-27,2026-01-22,TO1,FedEx,1,1,14.97,2.21,0.0,17.18,shipmonk_estimate,CAD+USD
210587,7100702916918,Cattasaurus - shoproxstore - Shopify,direct_to_consumer,fulfilled,2026-01-22,2026-01-26,2026-01-22,NV3,FedEx,1,1,15.68,2.1,0.0,17.78,shipmonk_estimate,USD
210587_1,54cf2dab-195b-4099-a55a-f4734f03005a,Cattasaurus - shoproxstore - Shopify,direct_to_consumer,fulfilled,2026-01-22,2026-01-27,2026-01-22,PA2,USPS,1,1,12.71,1.5,0.0,14.21,shipmonk_estimate,USD
210588,7100706488630,Cattasaurus - shoproxstore - Shopify,direct_to_consumer,fulfilled,2026-01-22,2026-01-27,2026-01-22,TO1,FedEx,1,1,26.04,2.21,0.0,28.25,shipmonk_estimate,CAD+USD
210589,7100706849078,Cattasaurus - shoproxstore - Shopify,direct_to_consumer,fulfilled,2026-01-22,2026-01-23,2026-01-22,NV3,OnTrac,1,1,12.66,2.7,0.0,15.36,shipmonk_estimate,USD
210590,7100711305526,Cattasaurus - shoproxstore - Shopify,direct_to_consumer,fulfilled,2026-01-22,2026-01-26,2026-01-22,NV3,UPS,1,1,19.09,2.1,0.0,21.19,shipmonk_estimate,USD
210590_1,c6156292-46d9-4545-8e78-cd46f021992c,Cattasaurus - shoproxstore - Shopify,direct_to_consumer,fulfilled,2026-01-22,2026-01-26,2026-01-22,NV3,UPS,1,1,19.6,2.1,0.0,21.7,shipmonk_estimate,USD
210591,7100712223030,Cattasaurus - shoproxstore - Shopify,direct_to_consumer,fulfilled,2026-01-22,2026-01-23,2026-01-22,PA2,FedEx,1,1,17.65,2.1,0.0,19.75,shipmonk_estimate,USD
210592,7100712288566,Cattasaurus - shoproxstore - Shopify,direct_to_consumer,fulfilled,2026-01-22,2026-01-23,2026-01-22,NV3,FedEx,1,1,22.55,2.1,0.0,24.65,shipmonk_estimate,USD
210593,7100732866870,Cattasaurus - shoproxstore - Shopify,direct_to_consumer,fulfilled,2026-01-22,2026-01-27,2026-01-22,TO1,FedEx,1,1,17.87,2.21,0.0,20.08,shipmonk_estimate,CAD+USD
210594,7100745122102,Cattasaurus - shoproxstore - Shopify,direct_to_consumer,fulfilled,2026-01-22,2026-01-26,2026-01-22,NV3,OnTrac,1,1,12.57,2.1,0.0,14.67,shipmonk_estimate,USD
210594_1,b76e6391-8929-47a3-8dee-d14aabd9eb83,Cattasaurus - shoproxstore - Shopify,direct_to_consumer,fulfilled,2026-01-22,2026-01-27,2026-01-22,PA2,OnTrac,1,1,12.62,1.5,0.0,14.12,shipmonk_estimate,USD
210595,7100755837238,Cattasaurus - shoproxstore - Shopify,direct_to_consumer,fulfilled,2026-01-22,2026-01-23,2026-01-22,PA2,OnTrac,1,1,11.68,2.1,0.0,13.78,shipmonk_estimate,USD
210596,7100763930934,Cattasaurus - shoproxstore - Shopify,direct_to_consumer,fulfilled,2026-01-22,2026-01-23,2026-01-22,PA2,UPS,1,1,15.21,2.1,0.0,17.31,shipmonk_estimate,USD
210597,7100773630262,Cattasaurus - shoproxstore - Shopify,direct_to_consumer,fulfilled,2026-01-22,2026-01-27,2026-01-22,TO1,FedEx,1,1,31.11,2.91,0.0,34.02,shipmonk_estimate,CAD+USD
210597_1,d6ea96db-e38f-4947-ae94-7b65600e166d,Cattasaurus - shoproxstore - Shopify,direct_to_consumer,fulfilled,2026-01-22,2026-01-27,2026-01-22,TO1,FedEx,1,1,31.11,2.91,0.0,34.02,shipmonk_estimate,CAD+USD
210598,7100775629110,Cattasaurus - shoproxstore - Shopify,direct_to_consumer,fulfilled,2026-01-22,2026-01-27,2026-01-22,TO1,FedEx,1,1,17.33,2.21,0.0,19.54,shipmonk_estimate,CAD+USD
210599,7100778905910,Cattasaurus - shoproxstore - Shopify,direct_to_consumer,fulfilled,2026-01-22,2026-01-26,2026-01-22,PA2,OnTrac,1,1,12.66,2.1,0.0,14.76,shipmonk_estimate,USD
210599_1,6c7d119e-95b1-4ee4-9604-8ea2d6109cec,Cattasaurus - shoproxstore - Shopify,direct_to_consumer,fulfilled,2026-01-22,2026-01-27,2026-01-22,PA2,OnTrac,1,1,11.0,1.5,0.0,12.5,shipmonk_estimate,USD
210600,7100779102518,Cattasaurus - shoproxstore - Shopify,direct_to_consumer,fulfilled,2026-01-22,2026-01-26,2026-01-22,PA2,OnTrac,2,1,12.45,2.4,0.0,14.85,shipmonk_estimate,USD
210600_1,c3060ec4-b5b8-4e57-868c-95942acdbf42,Cattasaurus - shoproxstore - Shopify,direct_to_consumer,fulfilled,2026-01-22,2026-01-26,2026-01-22,PA2,OnTrac,1,1,9.29,1.5,0.0,10.79,shipmonk_estimate,USD
210601,7100780282166,Cattasaurus - shoproxstore - Shopify,direct_to_consumer,fulfilled,2026-01-22,2026-01-27,2026-01-22,TO1,FedEx,1,1,14.2,2.21,0.0,16.41,shipmonk_estimate,CAD+USD
210602,7100783657270,Cattasaurus - shoproxstore - Shopify,direct_to_consumer,fulfilled,2026-01-22,2026-01-27,2026-01-22,TO1,FedEx,1,1,36.08,2.21,0.0,38.29,shipmonk_estimate,CAD+USD
210603,7100799418678,Cattasaurus - shoproxstore - Shopify,direct_to_consumer,fulfilled,2026-01-22,2026-01-27,2026-01-22,TO1,FedEx,1,1,17.87,2.21,0.0,20.08,shipmonk_estimate,CAD+USD
210604,7100807708982,Cattasaurus - shoproxstore - Shopify,direct_to_consumer,fulfilled,2026-01-22,2026-01-23,2026-01-22,NV3,FedEx,1,1,14.57,2.1,0.0,16.67,shipmonk_estimate,USD
210605,7100830548278,Cattasaurus - shoproxstore - Shopify,direct_to_consumer,fulfilled,2026-01-22,2026-01-23,2026-01-22,NV3,OnTrac,1,1,15.16,2.1,0.0,17.26,shipmonk_estimate,USD
210606,7100844605750,Cattasaurus - shoproxstore - Shopify,direct_to_consumer,fulfilled,2026-01-22,2026-01-23,2026-01-22,PA2,OnTrac,1,1,16.86,2.1,0.0,18.96,shipmonk_estimate,USD
210607,7100866593078,Cattasaurus - shoproxstore - Shopify,direct_to_consumer,fulfilled,2026-01-22,2026-01-23,2026-01-22,PA2,UPS,1,1,17.46,2.1,0.0,19.56,shipmonk_estimate,USD
210608,7100867543350,Cattasaurus - shoproxstore - Shopify,direct_to_consumer,fulfilled,2026-01-22,2026-01-23,2026-01-22,NV3,UPS,1,1,16.86,2.7,0.0,19.56,shipmonk_estimate,USD
210609,7100874359094,Cattasaurus - shoproxstore - Shopify,direct_to_consumer,fulfilled,2026-01-22,2026-01-27,2026-01-22,TO1,FedEx,1,1,20.01,2.21,0.0,22.22,shipmonk_estimate,CAD+USD
210610,7100878618934,Cattasaurus - shoproxstore - Shopify,direct_to_consumer,fulfilled,2026-01-22,2026-01-27,2026-01-22,TO1,FedEx,1,1,38.98,2.21,0.0,41.19,shipmonk_estimate,CAD+USD
210611,7100888514870,Cattasaurus - shoproxstore - Shopify,direct_to_consumer,fulfilled,2026-01-22,2026-01-23,2026-01-22,PA2,UPS,1,1,14.14,2.1,0.0,16.24,shipmonk_estimate,USD
210612,7100908699958,Cattasaurus - shoproxstore - Shopify,direct_to_consumer,fulfilled,2026-01-22,2026-01-23,2026-01-22,PA2,OnTrac,1,1,12.45,2.1,0.0,14.55,shipmonk_estimate,USD
210613,7100909519158,Cattasaurus - shoproxstore - Shopify,direct_to_consumer,fulfilled,2026-01-22,2026-01-23,2026-01-22,PA2,OnTrac,1,1,12.57,1.8,0.0,14.37,shipmonk_estimate,USD
210614,7100916531510,Cattasaurus - shoproxstore - Shopify,direct_to_consumer,fulfilled,2026-01-22,2026-01-23,2026-01-22,NV3,OnTrac,1,1,12.45,2.1,0.0,14.55,shipmonk_estimate,USD
210615,7100957294902,Cattasaurus - shoproxstore - Shopify,direct_to_consumer,fulfilled,2026-01-22,2026-01-24,2026-01-22,PA2,OnTrac,1,1,15.16,2.1,0.0,17.26,shipmonk_estimate,USD
210616,7101013557558,Cattasaurus - shoproxstore - Shopify,direct_to_consumer,fulfilled,2026-01-22,2026-01-23,2026-01-22,NV3,FedEx,1,1,22.55,2.1,0.0,24.65,shipmonk_estimate,USD
210617,7101066248502,Cattasaurus - shoproxstore - Shopify,direct_to_consumer,fulfilled,2026-01-22,2026-01-23,2026-01-22,NV3,FedEx,1,1,21.5,2.1,0.0,23.6,shipmonk_estimate,USD
210618,7101093478710,Cattasaurus - shoproxstore - Shopify,direct_to_consumer,fulfilled,2026-01-22,2026-01-23,2026-01-22,NV3,UPS,1,1,19.09,2.1,0.0,21.19,shipmonk_estimate,USD
210619,7101095182646,Cattasaurus - shoproxstore - Shopify,direct_to_consumer,fulfilled,2026-01-22,2026-01-27,2026-01-22,TO1,FedEx,1,1,17.11,2.21,0.0,19.32,shipmonk_estimate,CAD+USD
210620,7101107831094,Cattasaurus - shoproxstore - Shopify,direct_to_consumer,fulfilled,2026-01-22,2026-01-26,2026-01-22,NV3,FedEx,1,1,14.57,2.1,0.0,16.67,shipmonk_estimate,USD
210621,7101112123702,Cattasaurus - shoproxstore - Shopify,direct_to_consumer,fulfilled,2026-01-22,2026-01-24,2026-01-22,PA2,OnTrac,1,1,11.68,2.1,0.0,13.78,shipmonk_estimate,USD
210622,7101113336118,Cattasaurus - shoproxstore - Shopify,direct_to_consumer,fulfilled,2026-01-22,2026-01-24,2026-01-22,PA2,OnTrac,1,1,14.5,2.7,0.0,17.2,shipmonk_estimate,USD
210623,7101128016182,Cattasaurus - shoproxstore - Shopify,direct_to_consumer,fulfilled,2026-01-22,2026-01-23,2026-01-22,NV3,FedEx,1,1,15.14,2.1,0.0,17.24,shipmonk_estimate,USD
210624,7101130211638,Cattasaurus - shoproxstore - Shopify,direct_to_consumer,fulfilled,2026-01-22,2026-01-26,2026-01-22,NV3,OnTrac,1,1,15.77,2.1,0.0,17.87,shipmonk_estimate,USD
210624_1,626d3fb7-5b85-4bff-a679-6d1953794f5d,Cattasaurus - shoproxstore - Shopify,direct_to_consumer,fulfilled,2026-01-22,2026-01-26,2026-01-22,NV3,OnTrac,1,1,15.95,2.1,0.0,18.05,shipmonk_estimate,USD
210625,7101130866998,Cattasaurus - shoproxstore - Shopify,direct_to_consumer,fulfilled,2026-01-22,2026-01-24,2026-01-22,PA2,OnTrac,1,1,12.45,2.1,0.0,14.55,shipmonk_estimate,USD
210626,7101154722102,Cattasaurus - shoproxstore - Shopify,direct_to_consumer,fulfilled,2026-01-22,2026-01-24,2026-01-22,PA2,FedEx,1,1,17.65,2.1,0.0,19.75,shipmonk_estimate,USD
210628,7101213671734,Cattasaurus - shoproxstore - Shopify,direct_to_consumer,fulfilled,2026-01-22,2026-01-24,2026-01-22,PA2,UPS,1,1,14.35,2.1,0.0,16.45,shipmonk_estimate,USD
210629,7101220356406,Cattasaurus - shoproxstore - Shopify,direct_to_consumer,fulfilled,2026-01-22,2026-01-26,2026-01-22,NV3,OnTrac,1,1,13.52,2.1,0.0,15.62,shipmonk_estimate,USD
210630,7101247684918,Cattasaurus - shoproxstore - Shopify,direct_to_consumer,fulfilled,2026-01-22,2026-01-26,2026-01-22,NV3,OnTrac,1,1,18.59,2.1,0.0,20.69,shipmonk_estimate,USD
210631,7101266854198,Cattasaurus - shoproxstore - Shopify,direct_to_consumer,fulfilled,2026-01-22,2026-01-24,2026-01-22,PA2,OnTrac,1,1,17.34,1.8,0.0,19.14,shipmonk_estimate,USD
210632,7101271245110,Cattasaurus - shoproxstore - Shopify,direct_to_consumer,fulfilled,2026-01-22,2026-01-26,2026-01-22,NV3,OnTrac,1,1,17.34,2.1,0.0,19.44,shipmonk_estimate,USD
210633,7101300441398,Cattasaurus - shoproxstore - Shopify,direct_to_consumer,fulfilled,2026-01-22,2026-01-23,2026-01-22,PA2,OnTrac,1,1,15.16,2.1,0.0,17.26,shipmonk_estimate,USD
210634,7101325214006,Cattasaurus - shoproxstore - Shopify,direct_to_consumer,fulfilled,2026-01-22,2026-01-26,2026-01-22,NV3,OnTrac,1,1,17.46,2.1,0.0,19.56,shipmonk_estimate,USD
210635,7101336322358,Cattasaurus - shoproxstore - Shopify,direct_to_consumer,fulfilled,2026-01-22,2026-01-24,2026-01-22,PA2,UPS,1,1,13.37,2.1,0.0,15.47,shipmonk_estimate,USD
210636,7101348184374,Cattasaurus - shoproxstore - Shopify,direct_to_consumer,fulfilled,2026-01-22,2026-01-24,2026-01-22,PA2,UPS,1,1,15.21,2.1,0.0,17.31,shipmonk_estimate,USD
210637,7101382590774,Cattasaurus - shoproxstore - Shopify,direct_to_consumer,fulfilled,2026-01-22,2026-01-24,2026-01-22,PA2,FedEx,1,1,13.98,1.8,0.0,15.78,shipmonk_estimate,USD
210638,7101386293558,Cattasaurus - shoproxstore - Shopify,direct_to_consumer,fulfilled,2026-01-22,2026-01-24,2026-01-22,PA2,UPS,1,1,12.45,2.7,0.0,15.15,shipmonk_estimate,USD
210639,7101402972470,Cattasaurus - shoproxstore - Shopify,direct_to_consumer,fulfilled,2026-01-22,2026-01-27,2026-01-22,TO1,FedEx,1,1,29.91,2.21,0.0,32.12,shipmonk_estimate,CAD+USD
210640,7101426532662,Cattasaurus - shoproxstore - Shopify,direct_to_consumer,fulfilled,2026-01-22,2026-01-27,2026-01-22,TO1,FedEx,1,1,13.65,2.91,0.0,16.56,shipmonk_estimate,CAD+USD
210641,7101443375414,Cattasaurus - shoproxstore - Shopify,direct_to_consumer,fulfilled,2026-01-22,2026-01-26,2026-01-22,NV3,FedEx,1,1,18.56,2.1,0.0,20.66,shipmonk_estimate,USD
210642,7101457105206,Cattasaurus - shoproxstore - Shopify,direct_to_consumer,fulfilled,2026-01-22,2026-01-24,2026-01-22,PA2,OnTrac,1,1,12.66,2.1,0.0,14.76,shipmonk_estimate,USD
210643,7101461659958,Cattasaurus - shoproxstore - Shopify,direct_to_consumer,fulfilled,2026-01-22,2026-01-26,2026-01-22,NV3,FedEx,1,1,15.92,2.1,0.0,18.02,shipmonk_estimate,USD
210644,7101474603318,Cattasaurus - shoproxstore - Shopify,direct_to_consumer,fulfilled,2026-01-22,2026-01-26,2026-01-22,NV3,UPS,1,1,15.16,2.1,0.0,17.26,shipmonk_estimate,USD
210645,7101501505846,Cattasaurus - shoproxstore - Shopify,direct_to_consumer,fulfilled,2026-01-22,2026-01-24,2026-01-22,PA2,OnTrac,1,1,12.45,2.1,0.0,14.55,shipmonk_estimate,USD
210646,7101603119414,Cattasaurus - shoproxstore - Shopify,direct_to_consumer,fulfilled,2026-01-22,2026-01-24,2026-01-22,PA2,OnTrac,1,1,14.27,2.1,0.0,16.37,shipmonk_estimate,USD
210647,7101618815286,Cattasaurus - shoproxstore - Shopify,direct_to_consumer,fulfilled,2026-01-22,2026-01-24,2026-01-22,PA2,FedEx,1,1,13.98,2.1,0.0,16.08,shipmonk_estimate,USD
210648,7101635494198,Cattasaurus - shoproxstore - Shopify,direct_to_consumer,fulfilled,2026-01-22,2026-01-26,2026-01-22,NV3,OnTrac,1,1,14.46,2.1,0.0,16.56,shipmonk_estimate,USD
210649,7101651157302,Cattasaurus - shoproxstore - Shopify,direct_to_consumer,fulfilled,2026-01-22,2026-01-27,2026-01-22,TO1,Passport,1,1,43.84,2.21,0.0,46.05,shipmonk_estimate,CAD+USD
210650,7101658235190,Cattasaurus - shoproxstore - Shopify,direct_to_consumer,fulfilled,2026-01-22,2026-01-27,2026-01-22,TO1,FedEx,1,1,14.2,2.21,0.0,16.41,shipmonk_estimate,CAD+USD
210651,7101668884790,Cattasaurus - shoproxstore - Shopify,direct_to_consumer,fulfilled,2026-01-22,2026-01-24,2026-01-22,PA2,OnTrac,1,1,6.04,1.5,0.3,7.84,shipmonk_estimate,USD
210652,7101673341238,Cattasaurus - shoproxstore - Shopify,direct_to_consumer,fulfilled,2026-01-22,2026-01-27,2026-01-22,TO1,FedEx,1,1,17.87,2.21,0.0,20.08,shipmonk_estimate,CAD+USD
210653,7101681533238,Cattasaurus - shoproxstore - Shopify,direct_to_consumer,fulfilled,2026-01-22,2026-01-26,2026-01-22,NV3,OnTrac,1,1,13.52,2.1,0.0,15.62,shipmonk_estimate,USD
210654,7101746348342,Cattasaurus - shoproxstore - Shopify,direct_to_consumer,fulfilled,2026-01-22,2026-01-26,2026-01-22,NV3,OnTrac,1,1,15.77,2.1,0.0,17.87,shipmonk_estimate,USD
210655,7101801726262,Cattasaurus - shoproxstore - Shopify,direct_to_consumer,fulfilled,2026-01-22,2026-01-26,2026-01-22,NV3,OnTrac,1,1,12.77,2.1,0.0,14.87,shipmonk_estimate,USD
210656,7101808312630,Cattasaurus - shoproxstore - Shopify,direct_to_consumer,fulfilled,2026-01-22,2026-01-24,2026-01-22,PA2,OnTrac,1,1,16.86,2.1,0.0,18.96,shipmonk_estimate,USD
210657,7101809295670,Cattasaurus - shoproxstore - Shopify,direct_to_consumer,fulfilled,2026-01-22,2026-01-26,2026-01-22,NV3,FedEx,1,1,18.56,2.1,0.0,20.66,shipmonk_estimate,USD
210658,7101815521590,Cattasaurus - shoproxstore - Shopify,direct_to_consumer,fulfilled,2026-01-22,2026-01-26,2026-01-22,NV3,OnTrac,1,1,18.59,2.1,0.0,20.69,shipmonk_estimate,USD
210659,7101861658934,Cattasaurus - shoproxstore - Shopify,direct_to_consumer,fulfilled,2026-01-22,2026-01-27,2026-01-22,TO1,FedEx,1,1,30.73,2.21,0.0,32.94,shipmonk_estimate,CAD+USD
210660,7101862609206,Cattasaurus - shoproxstore - Shopify,direct_to_consumer,fulfilled,2026-01-22,2026-01-27,2026-01-22,TO1,FedEx,1,1,14.97,2.21,0.0,17.18,shipmonk_estimate,CAD+USD
210661,7101866213686,Cattasaurus - shoproxstore - Shopify,direct_to_consumer,fulfilled,2026-01-22,2026-01-24,2026-01-22,PA2,OnTrac,1,1,11.68,2.1,0.0,13.78,shipmonk_estimate,USD
210662,7101872963894,Cattasaurus - shoproxstore - Shopify,direct_to_consumer,fulfilled,2026-01-22,2026-01-26,2026-01-22,NV3,UPS,1,1,17.62,2.1,0.0,19.72,shipmonk_estimate,USD
210663,7101915136310,Cattasaurus - shoproxstore - Shopify,direct_to_consumer,fulfilled,2026-01-22,2026-01-26,2026-01-22,NV3,OnTrac,1,1,13.0,2.1,0.0,15.1,shipmonk_estimate,USD
210664,7101925687606,Cattasaurus - shoproxstore - Shopify,direct_to_consumer,fulfilled,2026-01-22,2026-01-26,2026-01-22,NV3,OnTrac,1,1,17.91,2.1,0.0,20.01,shipmonk_estimate,USD
210665,7101937287478,Cattasaurus - shoproxstore - Shopify,direct_to_consumer,fulfilled,2026-01-22,2026-01-24,2026-01-22,PA2,FedEx,1,1,17.65,2.1,0.0,19.75,shipmonk_estimate,USD
210666,7101977526582,Cattasaurus - shoproxstore - Shopify,direct_to_consumer,fulfilled,2026-01-22,2026-01-26,2026-01-22,NV3,OnTrac,3,1,13.52,2.7,0.0,16.22,shipmonk_estimate,USD
210667,7102012522806,Cattasaurus - shoproxstore - Shopify,direct_to_consumer,fulfilled,2026-01-22,2026-01-26,2026-01-22,NV3,OnTrac,1,1,16.26,2.1,0.0,18.36,shipmonk_estimate,USD
210668,7102020223286,Cattasaurus - shoproxstore - Shopify,direct_to_consumer,fulfilled,2026-01-22,2026-01-26,2026-01-22,NV3,UPS,1,1,23.74,2.1,0.0,25.84,shipmonk_estimate,USD
210669,7102034903350,Cattasaurus - shoproxstore - Shopify,direct_to_consumer,fulfilled,2026-01-22,2026-01-27,2026-01-22,TO1,FedEx,1,1,69.52,2.21,0.0,71.73,shipmonk_estimate,CAD+USD
210670,7102039195958,Cattasaurus - shoproxstore - Shopify,direct_to_consumer,fulfilled,2026-01-22,2026-01-26,2026-01-22,NV3,UPS,2,1,14.35,2.4,0.0,16.75,shipmonk_estimate,USD
210671,7102122492214,Cattasaurus - shoproxstore - Shopify,direct_to_consumer,fulfilled,2026-01-22,2026-01-27,2026-01-22,TO1,FedEx,1,1,21.46,2.91,0.0,24.37,shipmonk_estimate,CAD+USD
"Merged: 210579, 210578",4d261670-0ee9-49aa-bd33-87756be8fa3a,Cattasaurus - shoproxstore - Shopify,direct_to_consumer,fulfilled,2026-01-22,2026-01-23,2026-01-22,PA2,OnTrac,2,1,12.57,2.4,0.0,14.97,shipmonk_estimate,USD
WAL129102250806319,8d1ce8dc-a0ba-47fa-bedf-087a5669547d,Cattasaurus - Manual Store,direct_to_consumer,fulfilled,2026-01-22,2026-01-22,2026-01-22,PA2,OnTrac,1,1,17.64,2.1,0.0,19.74,shipmonk_estimate,USD
112-2722512-0570649,112-2722512-0570649,Cattasaurus - Amazon USA,direct_to_consumer,fulfilled,2026-01-23,2026-01-23,2026-01-23,PA2,OnTrac,1,1,13.52,2.1,0.0,15.62,shipmonk_estimate,USD
112-3224040-3484248,112-3224040-3484248,Cattasaurus - Amazon USA,direct_to_consumer,fulfilled,2026-01-23,2026-01-23,2026-01-23,NV3,UPS,1,1,24.25,1.8,0.0,26.05,shipmonk_estimate,USD
112-4932241-7633848,112-4932241-7633848,Cattasaurus - Amazon USA,direct_to_consumer,fulfilled,2026-01-23,2026-01-26,2026-01-23,NV3,OnTrac,1,1,18.59,2.1,0.0,20.69,shipmonk_estimate,USD
112-7183667-5926652,112-7183667-5926652,Cattasaurus - Amazon USA,direct_to_consumer,fulfilled,2026-01-23,2026-01-24,2026-01-23,PA2,UPS,1,1,16.38,2.5,0.0,18.88,shipmonk_estimate,USD
112-7738749-6929857,112-7738749-6929857,Cattasaurus - Amazon USA,direct_to_consumer,fulfilled,2026-01-23,2026-01-24,2026-01-23,PA2,OnTrac,1,1,13.52,2.1,0.0,15.62,shipmonk_estimate,USD
112-7933812-6525867,112-7933812-6525867,Cattasaurus - Amazon USA,direct_to_consumer,fulfilled,2026-01-23,2026-01-26,2026-01-23,NV3,FedEx,1,1,21.5,2.1,0.0,23.6,shipmonk_estimate,USD
114-1421059-5203414,114-1421059-5203414,Cattasaurus - Amazon USA,direct_to_consumer,fulfilled,2026-01-23,2026-01-26,2026-01-23,NV3,OnTrac,1,1,12.77,2.1,0.0,14.87,shipmonk_estimate,USD
114-1613945-7915462,114-1613945-7915462,Cattasaurus - Amazon USA,direct_to_consumer,fulfilled,2026-01-23,2026-01-24,2026-01-23,PA2,OnTrac,1,1,12.8,2.1,0.0,14.9,shipmonk_estimate,USD
207133-01,0bed2cf1-344b-4e90-b32e-1ac42e584788,Cattasaurus - shoproxstore - Shopify,direct_to_consumer,fulfilled,2026-01-23,2026-01-23,2026-01-23,NV3,DHL eCommerce,1,1,10.78,1.5,0.0,12.28,shipmonk_estimate,USD
208180-01,91037b87-d05d-4e2f-9f45-98b9a09c686e,Cattasaurus - shoproxstore - Shopify,direct_to_consumer,fulfilled,2026-01-23,2026-01-24,2026-01-23,PA2,OnTrac,1,1,11.68,1.8,0.0,13.48,shipmonk_estimate,USD
208580-01,e0f17531-1102-4ba3-9888-80ceb87705d4,Cattasaurus - shoproxstore - Shopify,direct_to_consumer,fulfilled,2026-01-23,2026-01-26,2026-01-23,NV3,FedEx,1,1,15.14,1.8,0.0,16.94,shipmonk_estimate,USD
208946-01,ba56298c-fd00-4c31-ad4d-79cb5886d807,Cattasaurus - shoproxstore - Shopify,direct_to_consumer,fulfilled,2026-01-23,2026-01-23,2026-01-23,NV3,OnTrac,1,1,15.16,2.1,0.0,17.26,shipmonk_estimate,USD
210672,7102424416566,Cattasaurus - shoproxstore - Shopify,direct_to_consumer,fulfilled,2026-01-23,2026-01-24,2026-01-23,PA2,UPS,1,1,15.21,2.1,0.0,17.31,shipmonk_estimate,USD
210673,7102461837622,Cattasaurus - shoproxstore - Shopify,direct_to_consumer,fulfilled,2026-01-23,2026-01-27,2026-01-23,TO1,Passport,1,1,32.83,2.21,0.0,35.04,shipmonk_estimate,CAD+USD
210674,7102497489206,Cattasaurus - shoproxstore - Shopify,direct_to_consumer,fulfilled,2026-01-23,2026-01-24,2026-01-23,PA2,OnTrac,1,1,13.37,2.1,0.0,15.47,shipmonk_estimate,USD
210675,7102502011190,Cattasaurus - shoproxstore - Shopify,direct_to_consumer,fulfilled,2026-01-23,2026-01-27,2026-01-23,TO1,FedEx,1,1,14.2,2.21,0.0,16.41,shipmonk_estimate,CAD+USD
210676,7102507090230,Cattasaurus - shoproxstore - Shopify,direct_to_consumer,fulfilled,2026-01-23,2026-01-24,2026-01-23,PA2,FedEx,1,1,17.65,2.1,0.0,19.75,shipmonk_estimate,USD
210677,7102507876662,Cattasaurus - shoproxstore - Shopify,direct_to_consumer,fulfilled,2026-01-23,2026-01-23,2026-01-23,PA2,OnTrac,1,1,14.14,2.1,0.0,16.24,shipmonk_estimate,USD
210678,7102527930678,Cattasaurus - shoproxstore - Shopify,direct_to_consumer,fulfilled,2026-01-23,2026-01-24,2026-01-23,PA2,FedEx,1,1,13.98,2.1,0.0,16.08,shipmonk_estimate,USD
210679,7102538088758,Cattasaurus - shoproxstore - Shopify,direct_to_consumer,fulfilled,2026-01-23,2026-01-24,2026-01-23,PA2,OnTrac,1,1,17.34,2.4,0.0,19.74,shipmonk_estimate,USD
210680,7102562271542,Cattasaurus - shoproxstore - Shopify,direct_to_consumer,fulfilled,2026-01-23,2026-01-27,2026-01-23,TO1,FedEx,1,1,36.08,2.21,0.0,38.29,shipmonk_estimate,CAD+USD
210681,7102567121206,Cattasaurus - shoproxstore - Shopify,direct_to_consumer,fulfilled,2026-01-23,2026-01-24,2026-01-23,PA2,OnTrac,1,1,14.27,2.4,0.0,16.67,shipmonk_estimate,USD
210682,7102567678262,Cattasaurus - shoproxstore - Shopify,direct_to_consumer,fulfilled,2026-01-23,2026-01-24,2026-01-23,PA2,FedEx,1,1,12.66,2.1,0.0,14.76,shipmonk_estimate,USD
210683,7102571020598,Cattasaurus - shoproxstore - Shopify,direct_to_consumer,fulfilled,2026-01-23,2026-01-24,2026-01-23,PA2,OnTrac,2,1,11.68,2.4,0.0,14.08,shipmonk_estimate,USD
210684,7102585110838,Cattasaurus - shoproxstore - Shopify,direct_to_consumer,fulfilled,2026-01-23,2026-01-24,2026-01-23,PA2,OnTrac,1,1,12.57,2.1,0.0,14.67,shipmonk_estimate,USD
210685,7102611816758,Cattasaurus - shoproxstore - Shopify,direct_to_consumer,fulfilled,2026-01-23,2026-01-27,2026-01-23,TO1,FedEx,1,1,30.73,2.21,0.0,32.94,shipmonk_estimate,CAD+USD
210686,7102619025718,Cattasaurus - shoproxstore - Shopify,direct_to_consumer,fulfilled,2026-01-23,2026-01-26,2026-01-23,NV3,FedEx,1,1,21.5,2.1,0.0,23.6,shipmonk_estimate,USD
210687,7102660116790,Cattasaurus - shoproxstore - Shopify,direct_to_consumer,fulfilled,2026-01-23,2026-01-27,2026-01-23,TO1,FedEx,1,1,11.91,2.21,0.0,14.12,shipmonk_estimate,CAD+USD
210688,7102665785654,Cattasaurus - shoproxstore - Shopify,direct_to_consumer,fulfilled,2026-01-23,2026-01-27,2026-01-23,TO1,FedEx,1,1,30.73,2.21,0.0,32.94,shipmonk_estimate,CAD+USD
210689,7102686396726,Cattasaurus - shoproxstore - Shopify,direct_to_consumer,fulfilled,2026-01-23,2026-01-24,2026-01-23,PA2,FedEx,1,1,15.14,2.1,0.0,17.24,shipmonk_estimate,USD
210690,7102690656566,Cattasaurus - shoproxstore - Shopify,direct_to_consumer,fulfilled,2026-01-23,2026-02-06,2026-01-23,TO1,FedEx,1,1,45.72,2.21,0.0,47.93,shipmonk_estimate,CAD+USD
210691,7102715724086,Cattasaurus - shoproxstore - Shopify,direct_to_consumer,fulfilled,2026-01-23,2026-01-24,2026-01-23,PA2,UPS,1,1,10.88,2.1,0.0,12.98,shipmonk_estimate,USD
210692,7102720016694,Cattasaurus - shoproxstore - Shopify,direct_to_consumer,fulfilled,2026-01-23,2026-01-24,2026-01-23,PA2,OnTrac,1,1,13.52,2.1,0.0,15.62,shipmonk_estimate,USD
210693,7102730895670,Cattasaurus - shoproxstore - Shopify,direct_to_consumer,fulfilled,2026-01-23,2026-01-28,2026-01-23,TO1,FedEx,1,1,17.33,2.21,0.0,19.54,shipmonk_estimate,CAD+USD
210694,7102732370230,Cattasaurus - shoproxstore - Shopify,direct_to_consumer,fulfilled,2026-01-23,2026-01-24,2026-01-23,PA2,OnTrac,1,1,11.68,2.1,0.0,13.78,shipmonk_estimate,USD
210695,7102734762294,Cattasaurus - shoproxstore - Shopify,direct_to_consumer,fulfilled,2026-01-23,2026-01-27,2026-01-23,TO1,FedEx,1,1,12.71,2.21,0.0,14.92,shipmonk_estimate,CAD+USD
210696,7102754423094,Cattasaurus - shoproxstore - Shopify,direct_to_consumer,fulfilled,2026-01-23,2026-01-23,2026-01-23,NV3,OnTrac,1,1,12.77,2.1,0.0,14.87,shipmonk_estimate,USD
210697,7102759567670,Cattasaurus - shoproxstore - Shopify,direct_to_consumer,fulfilled,2026-01-23,2026-01-24,2026-01-23,PA2,OnTrac,1,1,12.66,2.7,0.0,15.36,shipmonk_estimate,USD
210698,7102761992502,Cattasaurus - shoproxstore - Shopify,direct_to_consumer,fulfilled,2026-01-23,2026-01-24,2026-01-23,PA2,FedEx,1,1,17.65,2.1,0.0,19.75,shipmonk_estimate,USD
210699,7102855545142,Cattasaurus - shoproxstore - Shopify,direct_to_consumer,fulfilled,2026-01-23,2026-01-27,2026-01-23,TO1,FedEx,1,1,39.65,2.21,0.0,41.86,shipmonk_estimate,CAD+USD
210700,7102861771062,Cattasaurus - shoproxstore - Shopify,direct_to_consumer,fulfilled,2026-01-23,2026-01-24,2026-01-23,PA2,FedEx,1,1,14.57,2.1,0.0,16.67,shipmonk_estimate,USD
210701,7102867046710,Cattasaurus - shoproxstore - Shopify,direct_to_consumer,fulfilled,2026-01-23,2026-01-24,2026-01-23,PA2,OnTrac,1,1,15.16,2.1,0.0,17.26,shipmonk_estimate,USD
210702,7102870552886,Cattasaurus - shoproxstore - Shopify,direct_to_consumer,fulfilled,2026-01-23,2026-01-24,2026-01-23,PA2,FedEx,1,1,17.65,2.1,0.0,19.75,shipmonk_estimate,USD
210703,7102875238710,Cattasaurus - shoproxstore - Shopify,direct_to_consumer,fulfilled,2026-01-23,2026-01-24,2026-01-23,PA2,OnTrac,1,1,18.59,2.1,0.0,20.69,shipmonk_estimate,USD
210704,7102875533622,Cattasaurus - shoproxstore - Shopify,direct_to_consumer,fulfilled,2026-01-23,2026-01-24,2026-01-23,PA2,UPS,1,1,20.26,2.1,0.0,22.36,shipmonk_estimate,USD
210705,7102889034038,Cattasaurus - shoproxstore - Shopify,direct_to_consumer,fulfilled,2026-01-23,2026-01-24,2026-01-23,PA2,FedEx,1,1,15.16,2.1,0.0,17.26,shipmonk_estimate,USD
210706,7102895620406,Cattasaurus - shoproxstore - Shopify,direct_to_consumer,fulfilled,2026-01-23,2026-01-26,2026-01-23,NV3,OnTrac,1,1,10.37,1.5,0.0,11.87,shipmonk_estimate,USD
210706_1,8ef3c685-f9bb-4e6e-9a36-ce92f294c703,Cattasaurus - shoproxstore - Shopify,direct_to_consumer,fulfilled,2026-01-23,2026-01-27,2026-01-23,PA2,OnTrac,1,1,12.62,0.3,0.0,12.92,shipmonk_estimate,USD
210706_2,96587e80-e8ee-4bf1-b693-84b92093a1fc,Cattasaurus - shoproxstore - Shopify,direct_to_consumer,fulfilled,2026-01-23,2026-01-26,2026-01-23,PA2,OnTrac,1,1,9.41,1.5,0.0,10.91,shipmonk_estimate,USD
210707,7102911578422,Cattasaurus - shoproxstore - Shopify,direct_to_consumer,fulfilled,2026-01-23,2026-01-24,2026-01-23,PA2,FedEx,1,1,17.65,2.1,0.0,19.75,shipmonk_estimate,USD
210709,7102921933110,Cattasaurus - shoproxstore - Shopify,direct_to_consumer,fulfilled,2026-01-23,2026-01-24,2026-01-23,PA2,OnTrac,1,1,15.16,2.1,0.0,17.26,shipmonk_estimate,USD
210710,7102944444726,Cattasaurus - shoproxstore - Shopify,direct_to_consumer,fulfilled,2026-01-23,2026-01-24,2026-01-23,PA2,OnTrac,1,1,12.45,2.1,0.0,14.55,shipmonk_estimate,USD
210711,7102965874998,Cattasaurus - shoproxstore - Shopify,direct_to_consumer,fulfilled,2026-01-23,2026-01-26,2026-01-23,NV3,OnTrac,1,1,18.59,2.1,0.0,20.69,shipmonk_estimate,USD
210712,7102984814902,Cattasaurus - shoproxstore - Shopify,direct_to_consumer,fulfilled,2026-01-23,2026-01-24,2026-01-23,PA2,OnTrac,1,1,12.66,2.1,0.0,14.76,shipmonk_estimate,USD
210713,7103003722038,Cattasaurus - shoproxstore - Shopify,direct_to_consumer,fulfilled,2026-01-23,2026-01-27,2026-01-23,TO1,FedEx,1,1,26.04,2.21,0.0,28.25,shipmonk_estimate,CAD+USD
210714,7103004016950,Cattasaurus - shoproxstore - Shopify,direct_to_consumer,fulfilled,2026-01-23,2026-01-27,2026-01-23,TO1,FedEx,1,1,36.08,2.21,0.0,38.29,shipmonk_estimate,CAD+USD
210716,7103038849334,Cattasaurus - shoproxstore - Shopify,direct_to_consumer,fulfilled,2026-01-23,2026-01-24,2026-01-23,PA2,UPS,1,1,19.89,2.1,0.0,21.99,shipmonk_estimate,USD
210717,7103041634614,Cattasaurus - shoproxstore - Shopify,direct_to_consumer,fulfilled,2026-01-23,2026-01-27,2026-01-23,TO1,FedEx,1,1,30.73,2.21,0.0,32.94,shipmonk_estimate,CAD+USD
210718,7103057330486,Cattasaurus - shoproxstore - Shopify,direct_to_consumer,fulfilled,2026-01-23,2026-01-26,2026-01-23,TO1,FedEx,1,1,17.11,2.21,0.0,19.32,shipmonk_estimate,CAD+USD
210719,7103058215222,Cattasaurus - shoproxstore - Shopify,direct_to_consumer,fulfilled,2026-01-23,2026-01-26,2026-01-23,TO1,FedEx,1,1,26.04,2.21,0.0,28.25,shipmonk_estimate,CAD+USD
210720,7103092359478,Cattasaurus - shoproxstore - Shopify,direct_to_consumer,fulfilled,2026-01-23,2026-01-26,2026-01-23,PA2,OnTrac,1,1,15.77,2.1,0.0,17.87,shipmonk_estimate,USD
210721,7103099765046,Cattasaurus - shoproxstore - Shopify,direct_to_consumer,fulfilled,2026-01-23,2026-01-26,2026-01-23,NV3,OnTrac,1,1,6.04,1.5,0.3,7.84,shipmonk_estimate,USD
210722,7103102222646,Cattasaurus - shoproxstore - Shopify,direct_to_consumer,fulfilled,2026-01-23,2026-01-27,2026-01-23,PA2,FedEx,1,1,12.66,2.1,0.0,14.76,shipmonk_estimate,USD
210723,7103104123190,Cattasaurus - shoproxstore - Shopify,direct_to_consumer,fulfilled,2026-01-23,2026-01-23,2026-01-23,NV3,OnTrac,1,1,15.16,2.1,0.0,17.26,shipmonk_estimate,USD
210724,7103108776246,Cattasaurus - shoproxstore - Shopify,direct_to_consumer,fulfilled,2026-01-23,2026-01-26,2026-01-23,PA2,OnTrac,2,1,12.45,2.4,0.0,14.85,shipmonk_estimate,USD
210724_1,734add0d-eae6-40e7-9e0e-e417ed41da58,Cattasaurus - shoproxstore - Shopify,direct_to_consumer,fulfilled,2026-01-23,2026-02-02,2026-01-23,PA2,OnTrac,1,1,10.09,1.5,0.0,11.59,shipmonk_estimate,USD
210725,7103126864182,Cattasaurus - shoproxstore - Shopify,direct_to_consumer,fulfilled,2026-01-23,2026-01-26,2026-01-23,NV3,OnTrac,1,1,11.68,2.1,0.0,13.78,shipmonk_estimate,USD
210726,7103128109366,Cattasaurus - shoproxstore - Shopify,direct_to_consumer,fulfilled,2026-01-23,2026-01-24,2026-01-23,PA2,FedEx,1,1,21.5,2.1,0.0,23.6,shipmonk_estimate,USD
210727,7103150358838,Cattasaurus - shoproxstore - Shopify,direct_to_consumer,fulfilled,2026-01-23,2026-01-24,2026-01-23,PA2,UPS,1,1,17.46,2.1,0.0,19.56,shipmonk_estimate,USD
210728,7103152783670,Cattasaurus - shoproxstore - Shopify,direct_to_consumer,fulfilled,2026-01-23,2026-01-26,2026-01-23,TO1,FedEx,1,1,56.87,2.21,0.0,59.08,shipmonk_estimate,CAD+USD
210729,7103175754038,Cattasaurus - shoproxstore - Shopify,direct_to_consumer,fulfilled,2026-01-23,2026-01-26,2026-01-23,TO1,FedEx,1,1,30.73,2.21,0.0,32.94,shipmonk_estimate,CAD+USD
210730,7103200821558,Cattasaurus - shoproxstore - Shopify,direct_to_consumer,fulfilled,2026-01-23,2026-01-26,2026-01-23,NV3,FedEx,2,1,21.5,2.4,0.0,23.9,shipmonk_estimate,USD
210731,7103210422582,Cattasaurus - shoproxstore - Shopify,direct_to_consumer,fulfilled,2026-01-23,2026-01-26,2026-01-23,NV3,FedEx,1,1,17.4,2.1,0.0,19.5,shipmonk_estimate,USD
210732,7103227167030,Cattasaurus - shoproxstore - Shopify,direct_to_consumer,fulfilled,2026-01-23,2026-01-24,2026-01-23,PA2,OnTrac,1,1,15.16,2.1,0.0,17.26,shipmonk_estimate,USD
210733,7103233360182,Cattasaurus - shoproxstore - Shopify,direct_to_consumer,fulfilled,2026-01-23,2026-01-24,2026-01-23,PA2,UPS,1,1,19.89,2.4,0.0,22.29,shipmonk_estimate,USD
210734,7103242502454,Cattasaurus - shoproxstore - Shopify,direct_to_consumer,fulfilled,2026-01-23,2026-01-26,2026-01-23,TO1,FedEx,1,1,26.04,2.21,0.0,28.25,shipmonk_estimate,CAD+USD
210735,7103260098870,Cattasaurus - shoproxstore - Shopify,direct_to_consumer,fulfilled,2026-01-23,2026-01-26,2026-01-23,TO1,FedEx,1,1,12.71,2.21,0.0,14.92,shipmonk_estimate,CAD+USD
210736,7103283855670,Cattasaurus - shoproxstore - Shopify,direct_to_consumer,fulfilled,2026-01-23,2026-01-26,2026-01-23,PA2,FedEx,1,1,19.35,2.1,0.0,21.45,shipmonk_estimate,USD
210736_1,0e209fa1-858b-4683-9695-06d12986ffd2,Cattasaurus - shoproxstore - Shopify,direct_to_consumer,fulfilled,2026-01-23,2026-01-26,2026-01-23,PA2,DHL eCommerce,1,1,8.8,1.5,0.0,10.3,shipmonk_estimate,USD
210736_2,93c3c6c4-948f-4192-8858-2b3d1c8b72cb,Cattasaurus - shoproxstore - Shopify,direct_to_consumer,fulfilled,2026-01-23,2026-01-26,2026-01-23,PA2,FedEx,1,1,20.26,2.1,0.0,22.36,shipmonk_estimate,USD
210737,7103284609334,Cattasaurus - shoproxstore - Shopify,direct_to_consumer,fulfilled,2026-01-23,2026-01-26,2026-01-23,TO1,FedEx,1,1,11.91,2.21,0.0,14.12,shipmonk_estimate,CAD+USD
210738,7103285133622,Cattasaurus - shoproxstore - Shopify,direct_to_consumer,fulfilled,2026-01-23,2026-01-26,2026-01-23,TO1,FedEx,1,1,26.04,2.21,0.0,28.25,shipmonk_estimate,CAD+USD
210739,7103301746998,Cattasaurus - shoproxstore - Shopify,direct_to_consumer,fulfilled,2026-01-23,2026-01-24,2026-01-23,PA2,FedEx,1,1,12.66,2.1,0.0,14.76,shipmonk_estimate,USD
210740,7103321538870,Cattasaurus - shoproxstore - Shopify,direct_to_consumer,fulfilled,2026-01-23,2026-01-26,2026-01-23,NV3,FedEx,1,1,16.86,2.1,0.0,18.96,shipmonk_estimate,USD
210741,7103328387382,Cattasaurus - shoproxstore - Shopify,direct_to_consumer,fulfilled,2026-01-23,2026-01-24,2026-01-23,PA2,OnTrac,1,1,11.68,2.7,0.0,14.38,shipmonk_estimate,USD
210742,7103338676534,Cattasaurus - shoproxstore - Shopify,direct_to_consumer,fulfilled,2026-01-23,2026-01-27,2026-01-23,TO1,Passport,1,1,46.17,2.21,0.0,48.38,shipmonk_estimate,CAD+USD
210743,7103354994998,Cattasaurus - shoproxstore - Shopify,direct_to_consumer,fulfilled,2026-01-23,2026-01-26,2026-01-23,NV3,FedEx,1,1,12.87,2.1,0.0,14.97,shipmonk_estimate,USD
210744,7103389466934,Cattasaurus - shoproxstore - Shopify,direct_to_consumer,fulfilled,2026-01-23,2026-01-24,2026-01-23,PA2,OnTrac,1,1,14.35,2.1,0.0,16.45,shipmonk_estimate,USD
210745,7103404966198,Cattasaurus - shoproxstore - Shopify,direct_to_consumer,fulfilled,2026-01-23,2026-01-24,2026-01-23,PA2,OnTrac,1,1,11.68,2.7,0.0,14.38,shipmonk_estimate,USD
210746,7103433015606,Cattasaurus - shoproxstore - Shopify,direct_to_consumer,fulfilled,2026-01-23,2026-01-27,2026-01-23,PA2,UPS,1,1,14.23,2.5,0.0,16.73,shipmonk_estimate,USD
210746_1,a234a9e5-a251-4247-830c-cd81e9cc499f,Cattasaurus - shoproxstore - Shopify,direct_to_consumer,fulfilled,2026-01-23,2026-01-27,2026-01-23,PA2,UPS,1,1,14.23,2.5,0.0,16.73,shipmonk_estimate,USD
210747,7103467913526,Cattasaurus - shoproxstore - Shopify,direct_to_consumer,fulfilled,2026-01-23,2026-01-26,2026-01-23,NV3,FedEx,1,1,14.69,2.1,0.0,16.79,shipmonk_estimate,USD
210748,7103468699958,Cattasaurus - shoproxstore - Shopify,direct_to_consumer,fulfilled,2026-01-23,2026-01-26,2026-01-23,NV3,OnTrac,1,1,17.91,2.1,0.0,20.01,shipmonk_estimate,USD
210749,7103468765494,Cattasaurus - shoproxstore - Shopify,direct_to_consumer,fulfilled,2026-01-23,2026-01-26,2026-01-23,NV3,FedEx,1,1,15.92,2.1,0.0,18.02,shipmonk_estimate,USD
210750,7103469551926,Cattasaurus - shoproxstore - Shopify,direct_to_consumer,fulfilled,2026-01-23,2026-01-26,2026-01-23,NV3,OnTrac,1,1,13.0,2.1,0.0,15.1,shipmonk_estimate,USD
210751,7103491473718,Cattasaurus - shoproxstore - Shopify,direct_to_consumer,fulfilled,2026-01-23,2026-01-27,2026-01-23,TO1,FedEx,1,1,45.95,2.21,0.0,48.16,shipmonk_estimate,CAD+USD
210752,7103499239734,Cattasaurus - shoproxstore - Shopify,direct_to_consumer,fulfilled,2026-01-23,2026-01-26,2026-01-23,NV3,OnTrac,1,1,12.45,1.8,0.0,14.25,shipmonk_estimate,USD
210753,7103501992246,Cattasaurus - shoproxstore - Shopify,direct_to_consumer,fulfilled,2026-01-23,2026-01-24,2026-01-23,PA2,FedEx,1,1,12.66,2.1,0.0,14.76,shipmonk_estimate,USD
210754,7103510380854,Cattasaurus - shoproxstore - Shopify,direct_to_consumer,fulfilled,2026-01-23,2026-01-26,2026-01-23,NV3,FedEx,1,1,18.56,2.1,0.0,20.66,shipmonk_estimate,USD
210755,7103511691574,Cattasaurus - shoproxstore - Shopify,direct_to_consumer,fulfilled,2026-01-23,2026-01-26,2026-01-23,TO1,FedEx,1,1,19.76,2.21,0.0,21.97,shipmonk_estimate,CAD+USD
210756,7103522406710,Cattasaurus - shoproxstore - Shopify,direct_to_consumer,fulfilled,2026-01-23,2026-01-26,2026-01-23,TO1,FedEx,1,1,12.71,2.21,0.0,14.92,shipmonk_estimate,CAD+USD
210757,7103547179318,Cattasaurus - shoproxstore - Shopify,direct_to_consumer,fulfilled,2026-01-23,2026-01-26,2026-01-23,NV3,UPS,2,1,20.26,2.4,0.0,22.66,shipmonk_estimate,USD
210758,7103555666230,Cattasaurus - shoproxstore - Shopify,direct_to_consumer,fulfilled,2026-01-23,2026-01-24,2026-01-23,PA2,FedEx,1,1,13.98,2.1,0.0,16.08,shipmonk_estimate,USD
210759,7103566348598,Cattasaurus - shoproxstore - Shopify,direct_to_consumer,fulfilled,2026-01-23,2026-01-24,2026-01-23,PA2,UPS,1,1,11.68,2.1,0.0,13.78,shipmonk_estimate,USD
210760,7103576015158,Cattasaurus - shoproxstore - Shopify,direct_to_consumer,fulfilled,2026-01-23,2026-01-26,2026-01-23,NV3,FedEx,1,1,15.92,2.1,0.0,18.02,shipmonk_estimate,USD
210761,7103584600374,Cattasaurus - shoproxstore - Shopify,direct_to_consumer,fulfilled,2026-01-23,2026-01-26,2026-01-23,NV3,FedEx,1,1,17.91,2.1,0.0,20.01,shipmonk_estimate,USD
210762,7103595151670,Cattasaurus - shoproxstore - Shopify,direct_to_consumer,fulfilled,2026-01-23,2026-01-26,2026-01-23,NV3,FedEx,1,1,17.62,2.1,0.0,19.72,shipmonk_estimate,USD
210763,7103600492854,Cattasaurus - shoproxstore - Shopify,direct_to_consumer,fulfilled,2026-01-23,2026-01-26,2026-01-23,NV3,OnTrac,2,1,12.45,2.4,0.0,14.85,shipmonk_estimate,USD
210764,7103604425014,Cattasaurus - shoproxstore - Shopify,direct_to_consumer,fulfilled,2026-01-23,2026-01-24,2026-01-23,PA2,OnTrac,2,1,12.57,2.4,0.0,14.97,shipmonk_estimate,USD
210765,7103632015670,Cattasaurus - shoproxstore - Shopify,direct_to_consumer,fulfilled,2026-01-23,2026-01-24,2026-01-23,PA2,UPS,1,1,20.26,2.1,0.0,22.36,shipmonk_estimate,USD
210766,7103634800950,Cattasaurus - shoproxstore - Shopify,direct_to_consumer,fulfilled,2026-01-23,2026-01-24,2026-01-23,PA2,OnTrac,1,1,15.16,2.1,0.0,17.26,shipmonk_estimate,USD
210767,7103662457142,Cattasaurus - shoproxstore - Shopify,direct_to_consumer,fulfilled,2026-01-23,2026-01-24,2026-01-23,PA2,UPS,1,1,15.21,2.1,0.0,17.31,shipmonk_estimate,USD
210768,7103680086326,Cattasaurus - shoproxstore - Shopify,direct_to_consumer,fulfilled,2026-01-23,2026-01-26,2026-01-23,PA2,FedEx,1,1,12.77,2.1,0.0,14.87,shipmonk_estimate,USD
210768_1,f1f11b50-ce54-4d98-9da1-17b46765974e,Cattasaurus - shoproxstore - Shopify,direct_to_consumer,fulfilled,2026-01-23,2026-01-26,2026-01-23,PA2,FedEx,1,1,12.45,2.1,0.0,14.55,shipmonk_estimate,USD
210769,7103687655734,Cattasaurus - shoproxstore - Shopify,direct_to_consumer,fulfilled,2026-01-23,2026-01-24,2026-01-23,PA2,OnTrac,1,1,12.66,2.1,0.0,14.76,shipmonk_estimate,USD
210770,7103698633014,Cattasaurus - shoproxstore - Shopify,direct_to_consumer,fulfilled,2026-01-23,2026-01-27,2026-01-23,TO1,FedEx,1,1,35.52,2.21,0.0,37.73,shipmonk_estimate,CAD+USD
210771,7103709086006,Cattasaurus - shoproxstore - Shopify,direct_to_consumer,fulfilled,2026-01-23,2026-01-26,2026-01-23,NV3,FedEx,1,1,15.65,2.4,0.0,18.05,shipmonk_estimate,USD
210772,7103720653110,Cattasaurus - shoproxstore - Shopify,direct_to_consumer,fulfilled,2026-01-23,2026-01-26,2026-01-23,TO1,FedEx,1,1,30.73,2.21,0.0,32.94,shipmonk_estimate,CAD+USD
210773,7103764070710,Cattasaurus - shoproxstore - Shopify,direct_to_consumer,fulfilled,2026-01-23,2026-01-26,2026-01-23,TO1,FedEx,1,1,14.97,2.21,0.0,17.18,shipmonk_estimate,CAD+USD
210774,7103767609654,Cattasaurus - shoproxstore - Shopify,direct_to_consumer,fulfilled,2026-01-23,2026-01-24,2026-01-23,PA2,FedEx,1,1,17.65,2.1,0.0,19.75,shipmonk_estimate,USD
210775,7103778423094,Cattasaurus - shoproxstore - Shopify,direct_to_consumer,fulfilled,2026-01-23,2026-01-26,2026-01-23,TO1,FedEx,1,1,31.11,2.21,0.0,33.32,shipmonk_estimate,CAD+USD
210776,7103801295158,Cattasaurus - shoproxstore - Shopify,direct_to_consumer,fulfilled,2026-01-23,2026-01-24,2026-01-23,PA2,FedEx,3,1,14.57,2.4,0.0,16.97,shipmonk_estimate,USD
210777,7103802081590,Cattasaurus - shoproxstore - Shopify,direct_to_consumer,fulfilled,2026-01-23,2026-01-24,2026-01-23,PA2,OnTrac,1,1,11.68,2.1,0.0,13.78,shipmonk_estimate,USD
210778,7103810535734,Cattasaurus - shoproxstore - Shopify,direct_to_consumer,fulfilled,2026-01-23,2026-01-27,2026-01-23,PA2,OnTrac,1,1,12.45,2.7,0.0,15.15,shipmonk_estimate,USD
210778_1,008a63d1-65c0-436a-be23-5ecc25a39108,Cattasaurus - shoproxstore - Shopify,direct_to_consumer,fulfilled,2026-01-23,2026-01-26,2026-01-23,PA2,OnTrac,1,1,9.29,1.5,0.0,10.79,shipmonk_estimate,USD
210779,7103819710774,Cattasaurus - shoproxstore - Shopify,direct_to_consumer,fulfilled,2026-01-23,2026-01-26,2026-01-23,NV3,OnTrac,1,1,14.14,2.1,0.0,16.24,shipmonk_estimate,USD
210780,7103826788662,Cattasaurus - shoproxstore - Shopify,direct_to_consumer,fulfilled,2026-01-23,2026-01-26,2026-01-23,TO1,FedEx,1,1,36.08,2.21,0.0,38.29,shipmonk_estimate,CAD+USD
210781,7103930237238,Cattasaurus - shoproxstore - Shopify,direct_to_consumer,fulfilled,2026-01-23,2026-01-24,2026-01-23,PA2,FedEx,1,1,17.65,2.1,0.0,19.75,shipmonk_estimate,USD
210782,7103976898870,Cattasaurus - shoproxstore - Shopify,direct_to_consumer,fulfilled,2026-01-23,2026-01-26,2026-01-23,NV3,OnTrac,1,1,11.68,2.1,0.0,13.78,shipmonk_estimate,USD
210782_1,9105c744-d584-4a3c-b956-5886a910ce16,Cattasaurus - shoproxstore - Shopify,direct_to_consumer,fulfilled,2026-01-23,2026-01-26,2026-01-23,NV3,OnTrac,1,1,11.68,2.1,0.0,13.78,shipmonk_estimate,USD
"Merged: 210708, 210715",86a26210-61d8-4ffa-a654-148033b3f850,Cattasaurus - shoproxstore - Shopify,direct_to_consumer,fulfilled,2026-01-23,2026-01-28,2026-01-23,PA2,FedEx,1,1,17.65,2.1,0.0,19.75,shipmonk_estimate,USD
WAL129102355839003,ef67506c-3c9b-492b-a084-af638aaf5464,Cattasaurus - Manual Store,direct_to_consumer,fulfilled,2026-01-23,2026-01-24,2026-01-23,PA2,OnTrac,1,1,12.66,1.8,0.0,14.46,shipmonk_estimate,USD
111-0342631-0357043,111-0342631-0357043,Cattasaurus - Amazon USA,direct_to_consumer,fulfilled,2026-01-24,2026-01-26,2026-01-24,NV3,FedEx,1,1,15.16,2.1,0.0,17.26,shipmonk_estimate,USD
111-3995658-1492255,111-3995658-1492255,Cattasaurus - Amazon USA,direct_to_consumer,fulfilled,2026-01-24,2026-01-27,2026-01-24,PA2,OnTrac,1,1,14.14,2.1,0.0,16.24,shipmonk_estimate,USD
112-1816390-2267456,112-1816390-2267456,Cattasaurus - Amazon USA,direct_to_consumer,fulfilled,2026-01-24,2026-01-27,2026-01-24,PA2,OnTrac,1,1,16.86,2.1,0.0,18.96,shipmonk_estimate,USD
113-8850441-7731423,113-8850441-7731423,Cattasaurus - Amazon USA,direct_to_consumer,fulfilled,2026-01-24,2026-01-26,2026-01-24,NV3,OnTrac,1,1,15.16,2.1,0.0,17.26,shipmonk_estimate,USD
114-7800890-4911415,114-7800890-4911415,Cattasaurus - Amazon USA,direct_to_consumer,fulfilled,2026-01-24,2026-01-24,2026-01-24,PA2,OnTrac,1,1,13.58,2.1,0.0,15.68,shipmonk_estimate,USD
114-9081584-2821802,114-9081584-2821802,Cattasaurus - Amazon USA,direct_to_consumer,fulfilled,2026-01-24,2026-01-26,2026-01-24,NV3,UPS,1,1,20.72,2.1,0.0,22.82,shipmonk_estimate,USD
210783,7104267321654,Cattasaurus - shoproxstore - Shopify,direct_to_consumer,fulfilled,2026-01-24,2026-01-26,2026-01-24,TO1,FedEx,1,1,14.3,2.21,0.0,16.51,shipmonk_estimate,CAD+USD
210784,7104286785846,Cattasaurus - shoproxstore - Shopify,direct_to_consumer,fulfilled,2026-01-24,2026-01-24,2026-01-24,PA2,FedEx,1,1,12.66,2.1,0.0,14.76,shipmonk_estimate,USD
210785,7104293830966,Cattasaurus - shoproxstore - Shopify,direct_to_consumer,fulfilled,2026-01-24,2026-01-24,2026-01-24,PA2,OnTrac,1,1,12.57,2.1,0.0,14.67,shipmonk_estimate,USD
210786,7104303825206,Cattasaurus - shoproxstore - Shopify,direct_to_consumer,fulfilled,2026-01-24,2026-01-24,2026-01-24,PA2,FedEx,1,1,15.92,2.1,0.0,18.02,shipmonk_estimate,USD
210787,7104308445494,Cattasaurus - shoproxstore - Shopify,direct_to_consumer,fulfilled,2026-01-24,2026-01-27,2026-01-24,TO1,FedEx,1,1,46.5,2.21,0.0,48.71,shipmonk_estimate,CAD+USD
210788,7104322470198,Cattasaurus - shoproxstore - Shopify,direct_to_consumer,fulfilled,2026-01-24,2026-01-26,2026-01-24,TO1,FedEx,1,1,17.87,2.21,0.0,20.08,shipmonk_estimate,CAD+USD
210789,7104331678006,Cattasaurus - shoproxstore - Shopify,direct_to_consumer,fulfilled,2026-01-24,2026-01-26,2026-01-24,NV3,FedEx,2,1,12.66,2.4,0.0,15.06,shipmonk_estimate,USD
210790,7104333644086,Cattasaurus - shoproxstore - Shopify,direct_to_consumer,fulfilled,2026-01-24,2026-01-24,2026-01-24,PA2,OnTrac,1,1,12.45,2.1,0.0,14.55,shipmonk_estimate,USD
210791,7104336331062,Cattasaurus - shoproxstore - Shopify,direct_to_consumer,fulfilled,2026-01-24,2026-01-26,2026-01-24,TO1,FedEx,1,1,23.52,2.21,0.0,25.73,shipmonk_estimate,CAD+USD
210792,7104338592054,Cattasaurus - shoproxstore - Shopify,direct_to_consumer,fulfilled,2026-01-24,2026-01-24,2026-01-24,PA2,OnTrac,1,1,11.68,2.7,0.0,14.38,shipmonk_estimate,USD
210793,7104339509558,Cattasaurus - shoproxstore - Shopify,direct_to_consumer,fulfilled,2026-01-24,2026-01-24,2026-01-24,PA2,FedEx,1,1,19.35,2.1,0.0,21.45,shipmonk_estimate,USD
210794,7104339706166,Cattasaurus - shoproxstore - Shopify,direct_to_consumer,fulfilled,2026-01-24,2026-01-24,2026-01-24,PA2,UPS,1,1,20.26,2.1,0.0,22.36,shipmonk_estimate,USD
210795,7104342327606,Cattasaurus - shoproxstore - Shopify,direct_to_consumer,fulfilled,2026-01-24,2026-01-24,2026-01-24,PA2,OnTrac,1,1,12.45,2.1,0.0,14.55,shipmonk_estimate,USD
210796,7104345506102,Cattasaurus - shoproxstore - Shopify,direct_to_consumer,fulfilled,2026-01-24,2026-01-24,2026-01-24,PA2,OnTrac,1,1,12.8,2.1,0.0,14.9,shipmonk_estimate,USD
210797,7104358613302,Cattasaurus - shoproxstore - Shopify,direct_to_consumer,fulfilled,2026-01-24,2026-01-24,2026-01-24,PA2,OnTrac,1,1,12.57,2.1,0.0,14.67,shipmonk_estimate,USD
210798,7104360120630,Cattasaurus - shoproxstore - Shopify,direct_to_consumer,fulfilled,2026-01-24,2026-01-24,2026-01-24,PA2,OnTrac,1,1,12.45,2.1,0.0,14.55,shipmonk_estimate,USD
210799,7104375259446,Cattasaurus - shoproxstore - Shopify,direct_to_consumer,fulfilled,2026-01-24,2026-01-24,2026-01-24,PA2,FedEx,2,1,14.57,2.4,0.0,16.97,shipmonk_estimate,USD
210800,7104379027766,Cattasaurus - shoproxstore - Shopify,direct_to_consumer,fulfilled,2026-01-24,2026-01-24,2026-01-24,PA2,FedEx,1,1,17.65,2.1,0.0,19.75,shipmonk_estimate,USD
210801,7104381485366,Cattasaurus - shoproxstore - Shopify,direct_to_consumer,fulfilled,2026-01-24,2026-01-26,2026-01-24,TO1,FedEx,1,1,11.91,2.21,0.0,14.12,shipmonk_estimate,CAD+USD
210802,7104383975734,Cattasaurus - shoproxstore - Shopify,direct_to_consumer,fulfilled,2026-01-24,2026-01-27,2026-01-24,PA2,OnTrac,1,1,12.45,2.7,0.0,15.15,shipmonk_estimate,USD
210802_1,8c568258-f25d-4c5a-a16d-057b0f4512ef,Cattasaurus - shoproxstore - Shopify,direct_to_consumer,fulfilled,2026-01-24,2026-01-26,2026-01-24,PA2,OnTrac,1,1,10.12,1.5,0.0,11.62,shipmonk_estimate,USD
210805,7104420151606,Cattasaurus - shoproxstore - Shopify,direct_to_consumer,fulfilled,2026-01-24,2026-01-24,2026-01-24,PA2,OnTrac,1,1,11.68,2.1,0.0,13.78,shipmonk_estimate,USD
210806,7104421265718,Cattasaurus - shoproxstore - Shopify,direct_to_consumer,fulfilled,2026-01-24,2026-01-26,2026-01-24,TO1,FedEx,1,1,14.86,2.21,0.0,17.07,shipmonk_estimate,CAD+USD
210806_1,65a7e857-f028-4b77-8268-5cf275a5beed,Cattasaurus - shoproxstore - Shopify,direct_to_consumer,fulfilled,2026-01-24,2026-01-26,2026-01-24,TO1,FedEx,1,1,14.86,2.21,0.0,17.07,shipmonk_estimate,CAD+USD
210807,7104454197558,Cattasaurus - shoproxstore - Shopify,direct_to_consumer,fulfilled,2026-01-24,2026-01-26,2026-01-24,NV3,OnTrac,1,1,18.59,2.1,0.0,20.69,shipmonk_estimate,USD
210808,7104455082294,Cattasaurus - shoproxstore - Shopify,direct_to_consumer,fulfilled,2026-01-24,2026-01-26,2026-01-24,TO1,FedEx,1,1,26.04,2.21,0.0,28.25,shipmonk_estimate,CAD+USD
210809,7104473530678,Cattasaurus - shoproxstore - Shopify,direct_to_consumer,fulfilled,2026-01-24,2026-01-24,2026-01-24,PA2,FedEx,1,1,12.66,2.1,0.0,14.76,shipmonk_estimate,USD
210810,7104476447030,Cattasaurus - shoproxstore - Shopify,direct_to_consumer,fulfilled,2026-01-24,2026-01-26,2026-01-24,NV3,OnTrac,1,1,14.14,2.1,0.0,16.24,shipmonk_estimate,USD
210811,7104476610870,Cattasaurus - shoproxstore - Shopify,direct_to_consumer,fulfilled,2026-01-24,2026-02-02,2026-01-24,PA2,UPS,1,1,17.42,2.1,0.0,19.52,shipmonk_estimate,USD
210812,7104485851446,Cattasaurus - shoproxstore - Shopify,direct_to_consumer,fulfilled,2026-01-24,2026-01-26,2026-01-24,NV3,FedEx,1,1,20.26,2.1,0.0,22.36,shipmonk_estimate,USD
210813,7104495124790,Cattasaurus - shoproxstore - Shopify,direct_to_consumer,fulfilled,2026-01-24,2026-01-26,2026-01-24,NV3,FedEx,1,1,13.0,2.1,0.0,15.1,shipmonk_estimate,USD
210814,7104505839926,Cattasaurus - shoproxstore - Shopify,direct_to_consumer,fulfilled,2026-01-24,2026-01-24,2026-01-24,PA2,FedEx,1,1,17.65,2.1,0.0,19.75,shipmonk_estimate,USD
210815,7104507609398,Cattasaurus - shoproxstore - Shopify,direct_to_consumer,fulfilled,2026-01-24,2026-01-26,2026-01-24,NV3,UPS,1,1,19.89,2.1,0.0,21.99,shipmonk_estimate,USD
210816,7104509542710,Cattasaurus - shoproxstore - Shopify,direct_to_consumer,fulfilled,2026-01-24,2026-01-27,2026-01-24,TO1,FedEx,1,1,26.04,2.21,0.0,28.25,shipmonk_estimate,CAD+USD
210817,7104516129078,Cattasaurus - shoproxstore - Shopify,direct_to_consumer,fulfilled,2026-01-24,2026-01-24,2026-01-24,PA2,OnTrac,1,1,17.4,2.1,0.0,19.5,shipmonk_estimate,USD
210818,7104522518838,Cattasaurus - shoproxstore - Shopify,direct_to_consumer,fulfilled,2026-01-24,2026-01-24,2026-01-24,PA2,UPS,1,1,14.46,2.1,0.0,16.56,shipmonk_estimate,USD
210819,7104529826102,Cattasaurus - shoproxstore - Shopify,direct_to_consumer,fulfilled,2026-01-24,2026-01-24,2026-01-24,PA2,FedEx,1,1,15.14,2.1,0.0,17.24,shipmonk_estimate,USD
210820,7104535331126,Cattasaurus - shoproxstore - Shopify,direct_to_consumer,fulfilled,2026-01-24,2026-01-24,2026-01-24,PA2,OnTrac,1,1,12.57,2.1,0.0,14.67,shipmonk_estimate,USD
210821,7104555319606,Cattasaurus - shoproxstore - Shopify,direct_to_consumer,fulfilled,2026-01-24,2026-02-02,2026-01-24,TO1,FedEx,1,1,36.96,2.21,0.0,39.17,shipmonk_estimate,CAD+USD
210822,7104556761398,Cattasaurus - shoproxstore - Shopify,direct_to_consumer,fulfilled,2026-01-24,2026-01-26,2026-01-24,NV3,OnTrac,1,1,15.97,2.4,0.0,18.37,shipmonk_estimate,USD
210823,7104564789558,Cattasaurus - shoproxstore - Shopify,direct_to_consumer,fulfilled,2026-01-24,2026-01-24,2026-01-24,PA2,FedEx,1,1,19.35,2.1,0.0,21.45,shipmonk_estimate,USD
210824,7104564986166,Cattasaurus - shoproxstore - Shopify,direct_to_consumer,fulfilled,2026-01-24,2026-01-24,2026-01-24,PA2,OnTrac,2,1,12.57,2.4,0.0,14.97,shipmonk_estimate,USD
210825,7104572490038,Cattasaurus - shoproxstore - Shopify,direct_to_consumer,fulfilled,2026-01-24,2026-01-24,2026-01-24,PA2,OnTrac,1,1,12.37,2.4,0.0,14.77,shipmonk_estimate,USD
210826,7104586383670,Cattasaurus - shoproxstore - Shopify,direct_to_consumer,fulfilled,2026-01-24,2026-01-27,2026-01-24,PA2,OnTrac,1,1,12.66,2.1,0.0,14.76,shipmonk_estimate,USD
210826_1,ec624ecb-2066-46c0-9ca7-81e78dd7bf33,Cattasaurus - shoproxstore - Shopify,direct_to_consumer,fulfilled,2026-01-24,2026-01-28,2026-01-24,PA2,OnTrac,1,1,12.66,2.1,0.0,14.76,shipmonk_estimate,USD
210827,7104586940726,Cattasaurus - shoproxstore - Shopify,direct_to_consumer,fulfilled,2026-01-24,2026-01-24,2026-01-24,PA2,FedEx,1,1,15.65,2.4,0.0,18.05,shipmonk_estimate,USD
210828,7104589037878,Cattasaurus - shoproxstore - Shopify,direct_to_consumer,fulfilled,2026-01-24,2026-01-24,2026-01-24,PA2,FedEx,1,1,15.14,2.1,0.0,17.24,shipmonk_estimate,USD
210829,7104591003958,Cattasaurus - shoproxstore - Shopify,direct_to_consumer,fulfilled,2026-01-24,2026-01-24,2026-01-24,PA2,FedEx,1,1,14.28,2.4,0.0,16.68,shipmonk_estimate,USD
210830,7104592150838,Cattasaurus - shoproxstore - Shopify,direct_to_consumer,fulfilled,2026-01-24,2026-01-26,2026-01-24,NV3,OnTrac,1,1,15.97,2.4,0.0,18.37,shipmonk_estimate,USD
210830_1,b1dec97e-b0e0-4868-acb4-65a18e93c09a,Cattasaurus - shoproxstore - Shopify,direct_to_consumer,fulfilled,2026-01-24,2026-01-27,2026-01-24,PA2,OnTrac,1,1,16.07,1.5,0.0,17.57,shipmonk_estimate,USD
210831,7104594641206,Cattasaurus - shoproxstore - Shopify,direct_to_consumer,fulfilled,2026-01-24,2026-01-24,2026-01-24,PA2,OnTrac,1,1,14.35,2.1,0.0,16.45,shipmonk_estimate,USD
210832,7104595755318,Cattasaurus - shoproxstore - Shopify,direct_to_consumer,fulfilled,2026-01-24,2026-01-24,2026-01-24,PA2,OnTrac,1,1,12.66,2.1,0.0,14.76,shipmonk_estimate,USD
210833,7104598507830,Cattasaurus - shoproxstore - Shopify,direct_to_consumer,fulfilled,2026-01-24,2026-01-26,2026-01-24,TO1,Passport,1,1,38.2,2.21,0.0,40.41,shipmonk_estimate,CAD+USD
210834,7104602079542,Cattasaurus - shoproxstore - Shopify,direct_to_consumer,fulfilled,2026-01-24,2026-01-26,2026-01-24,PA2,OnTrac,1,1,12.66,2.1,0.0,14.76,shipmonk_estimate,USD
210835,7104606044470,Cattasaurus - shoproxstore - Shopify,direct_to_consumer,fulfilled,2026-01-24,2026-01-24,2026-01-24,PA2,FedEx,1,1,15.14,2.1,0.0,17.24,shipmonk_estimate,USD
210836,7104607256886,Cattasaurus - shoproxstore - Shopify,direct_to_consumer,fulfilled,2026-01-24,2026-01-27,2026-01-24,PA2,FedEx,1,1,18.2,2.4,0.0,20.6,shipmonk_estimate,USD
210836_1,bb1438f3-fdd6-43d7-9cdc-bc55f0d4f909,Cattasaurus - shoproxstore - Shopify,direct_to_consumer,fulfilled,2026-01-24,2026-01-26,2026-01-24,PA2,FedEx,1,1,13.5,2.5,0.0,16.0,shipmonk_estimate,USD
210837,7104609714486,Cattasaurus - shoproxstore - Shopify,direct_to_consumer,fulfilled,2026-01-24,2026-01-24,2026-01-24,PA2,OnTrac,1,1,19.89,2.4,0.0,22.29,shipmonk_estimate,USD
210838,7104615973174,Cattasaurus - shoproxstore - Shopify,direct_to_consumer,fulfilled,2026-01-24,2026-01-26,2026-01-24,PA2,UPS,1,1,14.27,2.4,0.0,16.67,shipmonk_estimate,USD
210839,7104618561846,Cattasaurus - shoproxstore - Shopify,direct_to_consumer,fulfilled,2026-01-24,2026-01-26,2026-01-24,NV3,OnTrac,1,1,12.77,2.1,0.0,14.87,shipmonk_estimate,USD
210840,7104618725686,Cattasaurus - shoproxstore - Shopify,direct_to_consumer,fulfilled,2026-01-24,2026-01-26,2026-01-24,NV3,UPS,1,1,23.5,2.4,0.0,25.9,shipmonk_estimate,USD
210841,7104624984374,Cattasaurus - shoproxstore - Shopify,direct_to_consumer,fulfilled,2026-01-24,2026-01-26,2026-01-24,PA2,OnTrac,1,1,12.57,2.1,0.0,14.67,shipmonk_estimate,USD
210842,7104630161718,Cattasaurus - shoproxstore - Shopify,direct_to_consumer,fulfilled,2026-01-24,2026-01-27,2026-01-24,NV3,FedEx,1,1,14.57,2.1,0.0,16.67,shipmonk_estimate,USD
210843,7104637796662,Cattasaurus - shoproxstore - Shopify,direct_to_consumer,fulfilled,2026-01-24,2026-01-26,2026-01-24,PA2,OnTrac,1,1,14.14,2.1,0.0,16.24,shipmonk_estimate,USD
210844,7104641204534,Cattasaurus - shoproxstore - Shopify,direct_to_consumer,fulfilled,2026-01-24,2026-01-26,2026-01-24,PA2,OnTrac,1,1,12.37,2.4,0.0,14.77,shipmonk_estimate,USD
210845,7104646775094,Cattasaurus - shoproxstore - Shopify,direct_to_consumer,fulfilled,2026-01-24,2026-01-26,2026-01-24,PA2,FedEx,1,1,17.65,2.1,0.0,19.75,shipmonk_estimate,USD
210846,7104646840630,Cattasaurus - shoproxstore - Shopify,direct_to_consumer,fulfilled,2026-01-24,2026-01-26,2026-01-24,PA2,FedEx,1,1,18.56,2.1,0.0,20.66,shipmonk_estimate,USD
210847,7104666894646,Cattasaurus - shoproxstore - Shopify,direct_to_consumer,fulfilled,2026-01-24,2026-01-26,2026-01-24,PA2,FedEx,1,1,18.56,2.1,0.0,20.66,shipmonk_estimate,USD
210848,7104666927414,Cattasaurus - shoproxstore - Shopify,direct_to_consumer,fulfilled,2026-01-24,2026-01-26,2026-01-24,TO1,FedEx,1,1,31.13,2.21,0.0,33.34,shipmonk_estimate,CAD+USD
210849,7104676102454,Cattasaurus - shoproxstore - Shopify,direct_to_consumer,fulfilled,2026-01-24,2026-01-26,2026-01-24,PA2,OnTrac,1,1,15.16,2.1,0.0,17.26,shipmonk_estimate,USD
210850,7104677544246,Cattasaurus - shoproxstore - Shopify,direct_to_consumer,fulfilled,2026-01-24,2026-01-26,2026-01-24,PA2,UPS,1,1,13.0,2.1,0.0,15.1,shipmonk_estimate,USD
210851,7104686129462,Cattasaurus - shoproxstore - Shopify,direct_to_consumer,fulfilled,2026-01-24,2026-01-26,2026-01-24,NV3,OnTrac,1,1,16.86,2.1,0.0,18.96,shipmonk_estimate,USD
210852,7104690290998,Cattasaurus - shoproxstore - Shopify,direct_to_consumer,fulfilled,2026-01-24,2026-01-26,2026-01-24,PA2,OnTrac,1,1,12.66,2.1,0.0,14.76,shipmonk_estimate,USD
210853,7104690422070,Cattasaurus - shoproxstore - Shopify,direct_to_consumer,fulfilled,2026-01-24,2026-01-26,2026-01-24,PA2,UPS,2,1,19.89,2.4,0.0,22.29,shipmonk_estimate,USD
210854,7104694255926,Cattasaurus - shoproxstore - Shopify,direct_to_consumer,fulfilled,2026-01-24,2026-01-26,2026-01-24,TO1,FedEx,1,1,30.73,2.21,0.0,32.94,shipmonk_estimate,CAD+USD
210855,7104699302198,Cattasaurus - shoproxstore - Shopify,direct_to_consumer,fulfilled,2026-01-24,2026-01-26,2026-01-24,PA2,OnTrac,1,1,12.45,2.1,0.0,14.55,shipmonk_estimate,USD
210856,7104700678454,Cattasaurus - shoproxstore - Shopify,direct_to_consumer,fulfilled,2026-01-24,2026-01-27,2026-01-24,PA2,UPS,1,1,19.89,2.4,0.0,22.29,shipmonk_estimate,USD
210856_1,825f586c-a296-4f58-b701-4b1c5633cf3e,Cattasaurus - shoproxstore - Shopify,direct_to_consumer,fulfilled,2026-01-24,2026-01-27,2026-01-24,PA2,UPS,1,1,13.7,1.5,0.0,15.2,shipmonk_estimate,USD
210857,7104709493046,Cattasaurus - shoproxstore - Shopify,direct_to_consumer,fulfilled,2026-01-24,2026-01-26,2026-01-24,NV3,OnTrac,1,1,15.16,2.1,0.0,17.26,shipmonk_estimate,USD
210858,7104714834230,Cattasaurus - shoproxstore - Shopify,direct_to_consumer,fulfilled,2026-01-24,2026-01-26,2026-01-24,NV3,UPS,1,1,19.89,2.4,0.0,22.29,shipmonk_estimate,USD
210859,7104715981110,Cattasaurus - shoproxstore - Shopify,direct_to_consumer,fulfilled,2026-01-24,2026-01-26,2026-01-24,PA2,FedEx,1,1,18.2,2.4,0.0,20.6,shipmonk_estimate,USD
210860,7104716046646,Cattasaurus - shoproxstore - Shopify,direct_to_consumer,fulfilled,2026-01-24,2026-01-26,2026-01-24,PA2,OnTrac,1,1,12.66,2.1,0.0,14.76,shipmonk_estimate,USD
210861,7104727056694,Cattasaurus - shoproxstore - Shopify,direct_to_consumer,fulfilled,2026-01-24,2026-01-26,2026-01-24,NV3,OnTrac,1,1,14.28,2.4,0.0,16.68,shipmonk_estimate,USD
210862,7104730825014,Cattasaurus - shoproxstore - Shopify,direct_to_consumer,fulfilled,2026-01-24,2026-01-26,2026-01-24,PA2,UPS,1,1,17.62,2.1,0.0,19.72,shipmonk_estimate,USD
210863,7104741671222,Cattasaurus - shoproxstore - Shopify,direct_to_consumer,fulfilled,2026-01-24,2026-01-26,2026-01-24,PA2,UPS,1,1,19.89,2.1,0.0,21.99,shipmonk_estimate,USD
210864,7104751796534,Cattasaurus - shoproxstore - Shopify,direct_to_consumer,fulfilled,2026-01-24,2026-01-27,2026-01-24,PA2,OnTrac,1,1,18.2,3.3,0.0,21.5,shipmonk_estimate,USD
210864_1,ceddf6bd-5bad-4b6a-8dc3-93796091b70b,Cattasaurus - shoproxstore - Shopify,direct_to_consumer,fulfilled,2026-01-24,2026-01-27,2026-01-24,PA2,FedEx,1,1,18.2,2.4,0.0,20.6,shipmonk_estimate,USD
210865,7104773161270,Cattasaurus - shoproxstore - Shopify,direct_to_consumer,fulfilled,2026-01-24,2026-01-26,2026-01-24,NV3,OnTrac,1,1,15.77,2.1,0.0,17.87,shipmonk_estimate,USD
210866,7104775946550,Cattasaurus - shoproxstore - Shopify,direct_to_consumer,fulfilled,2026-01-24,2026-01-27,2026-01-24,TO1,FedEx,1,1,40.34,2.21,0.0,42.55,shipmonk_estimate,CAD+USD
210867,7104782074166,Cattasaurus - shoproxstore - Shopify,direct_to_consumer,fulfilled,2026-01-24,2026-01-26,2026-01-24,PA2,FedEx,2,1,12.77,2.4,0.0,15.17,shipmonk_estimate,USD
210868,7104782270774,Cattasaurus - shoproxstore - Shopify,direct_to_consumer,fulfilled,2026-01-24,2026-01-26,2026-01-24,PA2,OnTrac,2,1,11.68,2.4,0.0,14.08,shipmonk_estimate,USD
210869,7104786039094,Cattasaurus - shoproxstore - Shopify,direct_to_consumer,fulfilled,2026-01-24,2026-01-27,2026-01-24,PA2,OnTrac,1,1,15.65,3.3,0.0,18.95,shipmonk_estimate,USD
210870,7104791478582,Cattasaurus - shoproxstore - Shopify,direct_to_consumer,fulfilled,2026-01-24,2026-01-26,2026-01-24,PA2,UPS,1,1,19.89,2.4,0.0,22.29,shipmonk_estimate,USD
210870_1,0f94fc44-1714-448d-8d7b-5905f0d17008,Cattasaurus - shoproxstore - Shopify,direct_to_consumer,fulfilled,2026-01-24,2026-01-26,2026-01-24,PA2,DHL eCommerce,1,1,11.96,1.5,0.0,13.46,shipmonk_estimate,USD
210871,7104797311286,Cattasaurus - shoproxstore - Shopify,direct_to_consumer,fulfilled,2026-01-24,2026-01-26,2026-01-24,PA2,OnTrac,1,1,12.45,2.1,0.0,14.55,shipmonk_estimate,USD
210872,7104797278518,Cattasaurus - shoproxstore - Shopify,direct_to_consumer,fulfilled,2026-01-24,2026-01-26,2026-01-24,NV3,FedEx,1,1,17.4,2.1,0.0,19.5,shipmonk_estimate,USD
210873,7104800031030,Cattasaurus - shoproxstore - Shopify,direct_to_consumer,fulfilled,2026-01-24,2026-01-27,2026-01-24,PA2,OnTrac,1,1,18.2,3.3,0.0,21.5,shipmonk_estimate,USD
210873_1,d12e3444-837f-46b7-975b-452d2fae154d,Cattasaurus - shoproxstore - Shopify,direct_to_consumer,fulfilled,2026-01-24,2026-01-26,2026-01-24,PA2,OnTrac,1,1,10.37,1.5,0.0,11.87,shipmonk_estimate,USD
210874,7104804815158,Cattasaurus - shoproxstore - Shopify,direct_to_consumer,fulfilled,2026-01-24,2026-01-26,2026-01-24,NV3,OnTrac,1,1,13.52,2.1,0.0,15.62,shipmonk_estimate,USD
210875,7104809795894,Cattasaurus - shoproxstore - Shopify,direct_to_consumer,fulfilled,2026-01-24,2026-01-26,2026-01-24,PA2,UPS,1,1,17.34,2.1,0.0,19.44,shipmonk_estimate,USD
210876,7104814907702,Cattasaurus - shoproxstore - Shopify,direct_to_consumer,fulfilled,2026-01-24,2026-01-27,2026-01-24,PA2,FedEx,1,1,17.65,1.8,0.0,19.45,shipmonk_estimate,USD
210876_1,989de80e-6984-4235-bb06-e7e16c107e4f,Cattasaurus - shoproxstore - Shopify,direct_to_consumer,fulfilled,2026-01-24,2026-01-27,2026-01-24,PA2,OnTrac,1,1,10.37,1.5,0.0,11.87,shipmonk_estimate,USD
210876_2,be894959-c4b7-4d81-97e2-6c86d339e481,Cattasaurus - shoproxstore - Shopify,direct_to_consumer,fulfilled,2026-01-24,2026-01-27,2026-01-24,PA2,OnTrac,1,1,8.8,1.5,0.0,10.3,shipmonk_estimate,USD
210876_3,adf1d5a7-9589-4901-a854-efc11f1dfe33,Cattasaurus - shoproxstore - Shopify,direct_to_consumer,fulfilled,2026-01-24,2026-01-27,2026-01-24,PA2,OnTrac,1,1,10.37,1.5,0.0,11.87,shipmonk_estimate,USD
210876_4,117778e1-75a0-402a-a36f-4a50057275f5,Cattasaurus - shoproxstore - Shopify,direct_to_consumer,fulfilled,2026-01-24,2026-01-26,2026-01-24,PA2,OnTrac,1,1,15.16,1.8,0.0,16.96,shipmonk_estimate,USD
210878,7104818676022,Cattasaurus - shoproxstore - Shopify,direct_to_consumer,fulfilled,2026-01-24,2026-01-26,2026-01-24,TO1,FedEx,1,1,30.73,2.21,0.0,32.94,shipmonk_estimate,CAD+USD
210879,7104824705334,Cattasaurus - shoproxstore - Shopify,direct_to_consumer,fulfilled,2026-01-24,2026-01-26,2026-01-24,PA2,FedEx,1,1,18.56,2.1,0.0,20.66,shipmonk_estimate,USD
210880,7104831881526,Cattasaurus - shoproxstore - Shopify,direct_to_consumer,fulfilled,2026-01-24,2026-01-26,2026-01-24,PA2,UPS,1,1,14.69,2.1,0.0,16.79,shipmonk_estimate,USD
210881,7104835125558,Cattasaurus - shoproxstore - Shopify,direct_to_consumer,fulfilled,2026-01-24,2026-01-26,2026-01-24,TO1,FedEx,1,1,17.87,2.21,0.0,20.08,shipmonk_estimate,CAD+USD
210882,7104836370742,Cattasaurus - shoproxstore - Shopify,direct_to_consumer,fulfilled,2026-01-24,2026-01-26,2026-01-24,NV3,OnTrac,1,1,17.91,1.8,0.0,19.71,shipmonk_estimate,USD
210883,7104842268982,Cattasaurus - shoproxstore - Shopify,direct_to_consumer,fulfilled,2026-01-24,2026-01-26,2026-01-24,PA2,FedEx,1,1,14.28,2.4,0.0,16.68,shipmonk_estimate,USD
210884,7104847708470,Cattasaurus - shoproxstore - Shopify,direct_to_consumer,fulfilled,2026-01-24,2026-01-26,2026-01-24,NV3,FedEx,1,1,21.5,2.1,0.0,23.6,shipmonk_estimate,USD
210884_1,a012b8c9-6dc9-4710-994d-32422ce1dbd2,Cattasaurus - shoproxstore - Shopify,direct_to_consumer,fulfilled,2026-01-24,2026-01-26,2026-01-24,NV3,FedEx,1,1,22.55,2.1,0.0,24.65,shipmonk_estimate,USD
210885,7104872677686,Cattasaurus - shoproxstore - Shopify,direct_to_consumer,fulfilled,2026-01-24,2026-01-26,2026-01-24,PA2,UPS,1,1,14.46,2.1,0.0,16.56,shipmonk_estimate,USD
210886,7104877920566,Cattasaurus - shoproxstore - Shopify,direct_to_consumer,fulfilled,2026-01-24,2026-01-26,2026-01-24,PA2,UPS,1,1,19.89,2.1,0.0,21.99,shipmonk_estimate,USD
210887,7104882573622,Cattasaurus - shoproxstore - Shopify,direct_to_consumer,fulfilled,2026-01-24,2026-01-26,2026-01-24,PA2,UPS,2,2,51.33,4.2,0.0,55.53,shipmonk_estimate,USD
210888,7104883196214,Cattasaurus - shoproxstore - Shopify,direct_to_consumer,fulfilled,2026-01-24,2026-01-26,2026-01-24,PA2,OnTrac,1,1,11.68,2.1,0.0,13.78,shipmonk_estimate,USD
210889,7104888865078,Cattasaurus - shoproxstore - Shopify,direct_to_consumer,fulfilled,2026-01-24,2026-01-26,2026-01-24,PA2,OnTrac,1,1,14.28,2.1,0.0,16.38,shipmonk_estimate,USD
210890,7104891748662,Cattasaurus - shoproxstore - Shopify,direct_to_consumer,fulfilled,2026-01-24,2026-01-27,2026-01-24,PA2,FedEx,1,1,21.8,3.3,0.0,25.1,shipmonk_estimate,USD
210891,7104892928310,Cattasaurus - shoproxstore - Shopify,direct_to_consumer,fulfilled,2026-01-24,2026-01-26,2026-01-24,NV3,UPS,1,1,17.62,2.1,0.0,19.72,shipmonk_estimate,USD
210892,7104897384758,Cattasaurus - shoproxstore - Shopify,direct_to_consumer,fulfilled,2026-01-24,2026-01-27,2026-01-24,PA2,OnTrac,2,1,15.16,2.4,0.0,17.56,shipmonk_estimate,USD
210892_1,d54bf55c-8c92-4c20-a89c-2642b3fc87f8,Cattasaurus - shoproxstore - Shopify,direct_to_consumer,fulfilled,2026-01-24,2026-01-27,2026-01-24,PA2,OnTrac,1,1,12.0,1.5,0.0,13.5,shipmonk_estimate,USD
210893,7104900038966,Cattasaurus - shoproxstore - Shopify,direct_to_consumer,fulfilled,2026-01-24,2026-01-26,2026-01-24,PA2,FedEx,1,1,18.2,2.4,0.0,20.6,shipmonk_estimate,USD
210894,7104905216310,Cattasaurus - shoproxstore - Shopify,direct_to_consumer,fulfilled,2026-01-24,2026-01-26,2026-01-24,NV3,FedEx,1,1,16.86,2.1,0.0,18.96,shipmonk_estimate,USD
210895,7104917111094,Cattasaurus - shoproxstore - Shopify,direct_to_consumer,fulfilled,2026-01-24,2026-01-26,2026-01-24,NV3,OnTrac,1,1,19.89,1.8,0.0,21.69,shipmonk_estimate,USD
210896,7104926253366,Cattasaurus - shoproxstore - Shopify,direct_to_consumer,fulfilled,2026-01-24,2026-01-26,2026-01-24,TO1,FedEx,1,1,31.11,2.91,0.0,34.02,shipmonk_estimate,CAD+USD
210897,7104933003574,Cattasaurus - shoproxstore - Shopify,direct_to_consumer,fulfilled,2026-01-24,2026-01-28,2026-01-24,PA2,OnTrac,2,1,12.57,3.6,0.0,16.17,shipmonk_estimate,USD
210897_1,d595e788-0469-4d8d-8467-a4afc77c04c7,Cattasaurus - shoproxstore - Shopify,direct_to_consumer,fulfilled,2026-01-24,2026-01-26,2026-01-24,PA2,OnTrac,1,1,9.45,1.5,0.0,10.95,shipmonk_estimate,USD
210898,7104934576438,Cattasaurus - shoproxstore - Shopify,direct_to_consumer,fulfilled,2026-01-24,2026-01-27,2026-01-24,PA2,FedEx,1,1,17.65,2.1,0.0,19.75,shipmonk_estimate,USD
210898_1,b739f508-2a72-4b0a-a333-0bc4e52a1851,Cattasaurus - shoproxstore - Shopify,direct_to_consumer,fulfilled,2026-01-24,2026-01-26,2026-01-24,PA2,OnTrac,1,1,12.0,1.5,0.0,13.5,shipmonk_estimate,USD
210899,7104941359414,Cattasaurus - shoproxstore - Shopify,direct_to_consumer,fulfilled,2026-01-24,2026-01-26,2026-01-24,PA2,UPS,1,1,17.62,2.1,0.0,19.72,shipmonk_estimate,USD
210900,7104950731062,Cattasaurus - shoproxstore - Shopify,direct_to_consumer,fulfilled,2026-01-24,2026-01-26,2026-01-24,PA2,OnTrac,1,1,14.27,2.4,0.0,16.67,shipmonk_estimate,USD
210901,7104952172854,Cattasaurus - shoproxstore - Shopify,direct_to_consumer,fulfilled,2026-01-24,2026-01-26,2026-01-24,NV3,OnTrac,1,1,19.6,2.1,0.0,21.7,shipmonk_estimate,USD
210902,7104954728758,Cattasaurus - shoproxstore - Shopify,direct_to_consumer,fulfilled,2026-01-24,2026-01-26,2026-01-24,TO1,FedEx,1,1,30.73,2.21,0.0,32.94,shipmonk_estimate,CAD+USD
210903,7104977010998,Cattasaurus - shoproxstore - Shopify,direct_to_consumer,fulfilled,2026-01-24,2026-01-26,2026-01-24,NV3,OnTrac,1,1,17.46,2.1,0.0,19.56,shipmonk_estimate,USD
210904,7104978911542,Cattasaurus - shoproxstore - Shopify,direct_to_consumer,fulfilled,2026-01-24,2026-01-26,2026-01-24,NV3,FedEx,1,1,20.86,2.1,0.0,22.96,shipmonk_estimate,USD
210905,7104985202998,Cattasaurus - shoproxstore - Shopify,direct_to_consumer,fulfilled,2026-01-24,2026-01-26,2026-01-24,NV3,OnTrac,1,1,18.2,2.4,0.0,20.6,shipmonk_estimate,USD
210905_1,ee03d47e-2124-4253-9a3f-806978a11e38,Cattasaurus - shoproxstore - Shopify,direct_to_consumer,fulfilled,2026-01-24,2026-01-27,2026-01-24,PA2,OnTrac,1,1,12.1,1.5,0.0,13.6,shipmonk_estimate,USD
210906,7104991854902,Cattasaurus - shoproxstore - Shopify,direct_to_consumer,fulfilled,2026-01-24,2026-01-27,2026-01-24,PA2,OnTrac,1,1,11.68,2.1,0.0,13.78,shipmonk_estimate,USD
210907,7104993558838,Cattasaurus - shoproxstore - Shopify,direct_to_consumer,fulfilled,2026-01-24,2026-01-26,2026-01-24,PA2,UPS,1,1,17.46,2.1,0.0,19.56,shipmonk_estimate,USD
210908,7104993755446,Cattasaurus - shoproxstore - Shopify,direct_to_consumer,fulfilled,2026-01-24,2026-01-26,2026-01-24,PA2,FedEx,1,1,17.65,2.1,0.0,19.75,shipmonk_estimate,USD
210909,7105001292086,Cattasaurus - shoproxstore - Shopify,direct_to_consumer,fulfilled,2026-01-24,2026-01-26,2026-01-24,PA2,UPS,1,1,16.26,2.1,0.0,18.36,shipmonk_estimate,USD
210910,7105011712310,Cattasaurus - shoproxstore - Shopify,direct_to_consumer,fulfilled,2026-01-24,2026-01-26,2026-01-24,PA2,FedEx,1,1,17.65,2.1,0.0,19.75,shipmonk_estimate,USD
210911,7105019052342,Cattasaurus - shoproxstore - Shopify,direct_to_consumer,fulfilled,2026-01-24,2026-01-26,2026-01-24,TO1,FedEx,1,1,31.13,2.21,0.0,33.34,shipmonk_estimate,CAD+USD
210912,7105072234806,Cattasaurus - shoproxstore - Shopify,direct_to_consumer,fulfilled,2026-01-24,2026-01-26,2026-01-24,PA2,FedEx,1,1,17.65,2.1,0.0,19.75,shipmonk_estimate,USD
210913,7105081966902,Cattasaurus - shoproxstore - Shopify,direct_to_consumer,fulfilled,2026-01-24,2026-01-26,2026-01-24,TO1,FedEx,1,1,14.97,2.21,0.0,17.18,shipmonk_estimate,CAD+USD
210914,7105084653878,Cattasaurus - shoproxstore - Shopify,direct_to_consumer,fulfilled,2026-01-24,2026-01-26,2026-01-24,TO1,FedEx,1,1,36.08,2.21,0.0,38.29,shipmonk_estimate,CAD+USD
210915,7105093206326,Cattasaurus - shoproxstore - Shopify,direct_to_consumer,fulfilled,2026-01-24,2026-01-27,2026-01-24,PA2,OnTrac,1,1,14.28,2.4,0.0,16.68,shipmonk_estimate,USD
210916,7105095172406,Cattasaurus - shoproxstore - Shopify,direct_to_consumer,fulfilled,2026-01-24,2026-01-26,2026-01-24,PA2,UPS,1,1,16.86,2.1,0.0,18.96,shipmonk_estimate,USD
210917,7105110573366,Cattasaurus - shoproxstore - Shopify,direct_to_consumer,fulfilled,2026-01-24,2026-01-26,2026-01-24,NV3,UPS,1,1,16.86,2.1,0.0,18.96,shipmonk_estimate,USD
210918,7105116307766,Cattasaurus - shoproxstore - Shopify,direct_to_consumer,fulfilled,2026-01-24,2026-01-26,2026-01-24,NV3,UPS,1,1,20.26,2.1,0.0,22.36,shipmonk_estimate,USD
210919,7105118208310,Cattasaurus - shoproxstore - Shopify,direct_to_consumer,fulfilled,2026-01-24,2026-01-26,2026-01-24,NV3,UPS,1,1,12.66,2.1,0.0,14.76,shipmonk_estimate,USD
210920,7105122959670,Cattasaurus - shoproxstore - Shopify,direct_to_consumer,fulfilled,2026-01-24,2026-01-26,2026-01-24,PA2,FedEx,1,1,15.67,2.1,0.0,17.77,shipmonk_estimate,USD
210921,7105125646646,Cattasaurus - shoproxstore - Shopify,direct_to_consumer,fulfilled,2026-01-24,2026-01-26,2026-01-24,NV3,OnTrac,1,1,15.65,3.3,0.0,18.95,shipmonk_estimate,USD
210922,7105140687158,Cattasaurus - shoproxstore - Shopify,direct_to_consumer,fulfilled,2026-01-24,2026-01-26,2026-01-24,NV3,OnTrac,1,1,15.77,2.1,0.0,17.87,shipmonk_estimate,USD
210923,7105148322102,Cattasaurus - shoproxstore - Shopify,direct_to_consumer,fulfilled,2026-01-24,2026-01-26,2026-01-24,TO1,FedEx,1,1,31.11,2.21,0.0,33.32,shipmonk_estimate,CAD+USD
210924,7105149305142,Cattasaurus - shoproxstore - Shopify,direct_to_consumer,fulfilled,2026-01-24,2026-01-26,2026-01-24,TO1,FedEx,1,1,36.08,2.21,0.0,38.29,shipmonk_estimate,CAD+USD
210925,7105173586230,Cattasaurus - shoproxstore - Shopify,direct_to_consumer,fulfilled,2026-01-24,2026-01-26,2026-01-24,NV3,OnTrac,1,1,17.34,2.1,0.0,19.44,shipmonk_estimate,USD
210926,7105174176054,Cattasaurus - shoproxstore - Shopify,direct_to_consumer,fulfilled,2026-01-24,2026-01-26,2026-01-24,PA2,OnTrac,1,1,12.66,2.1,0.0,14.76,shipmonk_estimate,USD
210927,7105186726198,Cattasaurus - shoproxstore - Shopify,direct_to_consumer,fulfilled,2026-01-24,2026-01-26,2026-01-24,TO1,FedEx,1,1,11.91,2.21,0.0,14.12,shipmonk_estimate,CAD+USD
210928,7105201078582,Cattasaurus - shoproxstore - Shopify,direct_to_consumer,fulfilled,2026-01-24,2026-01-26,2026-01-24,TO1,FedEx,1,1,24.42,2.21,0.0,26.63,shipmonk_estimate,CAD+USD
210929,7105201471798,Cattasaurus - shoproxstore - Shopify,direct_to_consumer,fulfilled,2026-01-24,2026-01-26,2026-01-24,PA2,FedEx,1,1,13.98,2.4,0.0,16.38,shipmonk_estimate,USD
210930,7105201963318,Cattasaurus - shoproxstore - Shopify,direct_to_consumer,fulfilled,2026-01-24,2026-01-28,2026-01-24,PA2,OnTrac,1,1,15.77,2.7,0.0,18.47,shipmonk_estimate,USD
210930_1,5b51a7d4-a447-4e21-a9ea-96e44f6f3410,Cattasaurus - shoproxstore - Shopify,direct_to_consumer,fulfilled,2026-01-24,2026-01-26,2026-01-24,PA2,OnTrac,1,1,15.95,2.7,0.0,18.65,shipmonk_estimate,USD
210931,7105203011894,Cattasaurus - shoproxstore - Shopify,direct_to_consumer,fulfilled,2026-01-24,2026-01-27,2026-01-24,TO1,Passport,1,1,61.2,2.21,0.0,63.41,shipmonk_estimate,CAD+USD
210932,7105203700022,Cattasaurus - shoproxstore - Shopify,direct_to_consumer,fulfilled,2026-01-24,2026-01-27,2026-01-24,PA2,OnTrac,1,1,15.77,2.1,0.0,17.87,shipmonk_estimate,USD
210933,7105206124854,Cattasaurus - shoproxstore - Shopify,direct_to_consumer,fulfilled,2026-01-24,2026-01-26,2026-01-24,NV3,UPS,1,1,23.5,2.4,0.0,25.9,shipmonk_estimate,USD
210934,7105220346166,Cattasaurus - shoproxstore - Shopify,direct_to_consumer,fulfilled,2026-01-24,2026-01-26,2026-01-24,PA2,OnTrac,1,1,12.57,2.1,0.0,14.67,shipmonk_estimate,USD
210935,7105230864694,Cattasaurus - shoproxstore - Shopify,direct_to_consumer,fulfilled,2026-01-24,2026-01-26,2026-01-24,NV3,OnTrac,1,1,18.59,1.8,0.0,20.39,shipmonk_estimate,USD
210936,7105231585590,Cattasaurus - shoproxstore - Shopify,direct_to_consumer,fulfilled,2026-01-24,2026-01-26,2026-01-24,PA2,FedEx,1,1,17.65,2.4,0.0,20.05,shipmonk_estimate,USD
210937,7105232666934,Cattasaurus - shoproxstore - Shopify,direct_to_consumer,fulfilled,2026-01-24,2026-01-26,2026-01-24,NV3,OnTrac,1,1,14.14,2.7,0.0,16.84,shipmonk_estimate,USD
210938,7105238434102,Cattasaurus - shoproxstore - Shopify,direct_to_consumer,fulfilled,2026-01-24,2026-01-27,2026-01-24,PA2,UPS,1,1,14.27,2.4,0.0,16.67,shipmonk_estimate,USD
210939,7105252983094,Cattasaurus - shoproxstore - Shopify,direct_to_consumer,fulfilled,2026-01-24,2026-01-26,2026-01-24,NV3,UPS,1,1,19.09,2.1,0.0,21.19,shipmonk_estimate,USD
210940,7105272119606,Cattasaurus - shoproxstore - Shopify,direct_to_consumer,fulfilled,2026-01-24,2026-01-26,2026-01-24,NV3,FedEx,1,1,21.8,2.4,0.0,24.2,shipmonk_estimate,USD
210941,7105279131958,Cattasaurus - shoproxstore - Shopify,direct_to_consumer,fulfilled,2026-01-24,2026-01-26,2026-01-24,TO1,FedEx,1,1,14.2,2.21,0.0,16.41,shipmonk_estimate,CAD+USD
210942,7105293254966,Cattasaurus - shoproxstore - Shopify,direct_to_consumer,fulfilled,2026-01-24,2026-01-26,2026-01-24,TO1,FedEx,1,1,65.22,2.21,0.0,67.43,shipmonk_estimate,CAD+USD
210943,7105304723766,Cattasaurus - shoproxstore - Shopify,direct_to_consumer,fulfilled,2026-01-24,2026-01-26,2026-01-24,NV3,FedEx,1,1,13.98,2.1,0.0,16.08,shipmonk_estimate,USD
210944,7105307377974,Cattasaurus - shoproxstore - Shopify,direct_to_consumer,fulfilled,2026-01-24,2026-01-27,2026-01-24,PA2,OnTrac,1,1,12.66,2.1,0.0,14.76,shipmonk_estimate,USD
210945,7105314357558,Cattasaurus - shoproxstore - Shopify,direct_to_consumer,fulfilled,2026-01-24,2026-01-26,2026-01-24,PA2,UPS,1,1,20.26,2.1,0.0,22.36,shipmonk_estimate,USD
210945_claimreship,2cbe6682-9252-45a6-a602-1eb29ce3bfbe,Cattasaurus - shoproxstore - Shopify,direct_to_consumer,fulfilled,2026-01-24,2026-02-09,2026-01-24,PA2,UPS,1,1,20.21,2.1,0.0,22.31,shipmonk_estimate,USD
210946,7105321664822,Cattasaurus - shoproxstore - Shopify,direct_to_consumer,fulfilled,2026-01-24,2026-01-26,2026-01-24,PA2,FedEx,1,1,15.14,2.1,0.0,17.24,shipmonk_estimate,USD
210947,7105321697590,Cattasaurus - shoproxstore - Shopify,direct_to_consumer,fulfilled,2026-01-24,2026-01-26,2026-01-24,TO1,FedEx,1,1,12.71,2.21,0.0,14.92,shipmonk_estimate,CAD+USD
210948,7105323761974,Cattasaurus - shoproxstore - Shopify,direct_to_consumer,fulfilled,2026-01-24,2026-01-27,2026-01-24,PA2,OnTrac,1,1,15.16,2.1,0.0,17.26,shipmonk_estimate,USD
210949,7105332478262,Cattasaurus - shoproxstore - Shopify,direct_to_consumer,fulfilled,2026-01-24,2026-01-26,2026-01-24,TO1,FedEx,1,1,17.33,2.21,0.0,19.54,shipmonk_estimate,CAD+USD
210950,7105338671414,Cattasaurus - shoproxstore - Shopify,direct_to_consumer,fulfilled,2026-01-24,2026-02-01,2026-01-24,PA2,FedEx,1,1,14.28,3.3,0.0,17.58,shipmonk_estimate,USD
210950_1,2146b72d-2bc1-489e-bdc4-485a4230459b,Cattasaurus - shoproxstore - Shopify,direct_to_consumer,fulfilled,2026-01-24,2026-02-01,2026-01-24,PA2,FedEx,1,1,14.28,2.4,0.0,16.68,shipmonk_estimate,USD
210951,7105340440886,Cattasaurus - shoproxstore - Shopify,direct_to_consumer,fulfilled,2026-01-24,2026-01-26,2026-01-24,PA2,OnTrac,1,1,11.68,1.8,0.0,13.48,shipmonk_estimate,USD
210952,7105345356086,Cattasaurus - shoproxstore - Shopify,direct_to_consumer,fulfilled,2026-01-24,2026-01-27,2026-01-24,PA2,FedEx,1,1,15.16,2.1,0.0,17.26,shipmonk_estimate,USD
210953,7105355415862,Cattasaurus - shoproxstore - Shopify,direct_to_consumer,fulfilled,2026-01-24,2026-01-26,2026-01-24,PA2,FedEx,1,1,14.57,2.1,0.0,16.67,shipmonk_estimate,USD
210954,7105356366134,Cattasaurus - shoproxstore - Shopify,direct_to_consumer,fulfilled,2026-01-24,2026-01-26,2026-01-24,PA2,USPS,1,1,10.48,1.8,0.5,12.78,shipmonk_estimate,USD
210955,7105420329270,Cattasaurus - shoproxstore - Shopify,direct_to_consumer,fulfilled,2026-01-24,2026-01-27,2026-01-24,PA2,UPS,1,1,16.86,2.1,0.0,18.96,shipmonk_estimate,USD
210956,7105421672758,Cattasaurus - shoproxstore - Shopify,direct_to_consumer,fulfilled,2026-01-24,2026-01-26,2026-01-24,PA2,FedEx,1,1,21.8,2.4,0.0,24.2,shipmonk_estimate,USD
210957,7105422426422,Cattasaurus - shoproxstore - Shopify,direct_to_consumer,fulfilled,2026-01-24,2026-01-26,2026-01-24,PA2,UPS,1,1,20.26,2.1,0.0,22.36,shipmonk_estimate,USD
210958,7105434845494,Cattasaurus - shoproxstore - Shopify,direct_to_consumer,fulfilled,2026-01-24,2026-01-26,2026-01-24,PA2,FedEx,1,1,17.65,2.1,0.0,19.75,shipmonk_estimate,USD
210959,7105438056758,Cattasaurus - shoproxstore - Shopify,direct_to_consumer,fulfilled,2026-01-24,2026-01-26,2026-01-24,PA2,FedEx,1,1,17.65,2.1,0.0,19.75,shipmonk_estimate,USD
210960,7105443103030,Cattasaurus - shoproxstore - Shopify,direct_to_consumer,fulfilled,2026-01-24,2026-01-26,2026-01-24,NV3,FedEx,1,1,14.28,2.4,0.0,16.68,shipmonk_estimate,USD
210961,7105467646262,Cattasaurus - shoproxstore - Shopify,direct_to_consumer,fulfilled,2026-01-24,2026-01-26,2026-01-24,NV3,OnTrac,1,1,20.26,2.4,0.0,22.66,shipmonk_estimate,USD
210962,7105494810934,Cattasaurus - shoproxstore - Shopify,direct_to_consumer,fulfilled,2026-01-24,2026-01-26,2026-01-24,NV3,UPS,1,1,23.74,2.1,0.0,25.84,shipmonk_estimate,USD
210963,7105539440950,Cattasaurus - shoproxstore - Shopify,direct_to_consumer,fulfilled,2026-01-24,2026-01-27,2026-01-24,TO1,FedEx,1,1,40.21,2.21,0.0,42.42,shipmonk_estimate,CAD+USD
210964,7105544192310,Cattasaurus - shoproxstore - Shopify,direct_to_consumer,fulfilled,2026-01-24,2026-01-26,2026-01-24,NV3,FedEx,1,1,18.2,2.4,0.0,20.6,shipmonk_estimate,USD
210965,7105545109814,Cattasaurus - shoproxstore - Shopify,direct_to_consumer,fulfilled,2026-01-24,2026-01-27,2026-01-24,PA2,FedEx,1,1,16.86,2.1,0.0,18.96,shipmonk_estimate,USD
210966,7105572208950,Cattasaurus - shoproxstore - Shopify,direct_to_consumer,fulfilled,2026-01-24,2026-01-26,2026-01-24,TO1,FedEx,1,1,14.2,2.21,0.0,16.41,shipmonk_estimate,CAD+USD
210967,7105575256374,Cattasaurus - shoproxstore - Shopify,direct_to_consumer,fulfilled,2026-01-24,2026-01-26,2026-01-24,NV3,OnTrac,2,1,12.66,2.1,0.0,14.76,shipmonk_estimate,USD
210968,7105583546678,Cattasaurus - shoproxstore - Shopify,direct_to_consumer,fulfilled,2026-01-24,2026-01-26,2026-01-24,NV3,FedEx,1,1,14.57,2.1,0.0,16.67,shipmonk_estimate,USD
210969,7105583907126,Cattasaurus - shoproxstore - Shopify,direct_to_consumer,fulfilled,2026-01-24,2026-01-27,2026-01-24,PA2,UPS,1,1,15.21,2.1,0.0,17.31,shipmonk_estimate,USD
210970,7105595736374,Cattasaurus - shoproxstore - Shopify,direct_to_consumer,fulfilled,2026-01-24,2026-01-26,2026-01-24,NV3,OnTrac,1,1,19.89,2.4,0.0,22.29,shipmonk_estimate,USD
210971,7105628143926,Cattasaurus - shoproxstore - Shopify,direct_to_consumer,fulfilled,2026-01-24,2026-01-28,2026-01-24,PA2,OnTrac,1,1,12.66,2.1,0.0,14.76,shipmonk_estimate,USD
210972,7105668579638,Cattasaurus - shoproxstore - Shopify,direct_to_consumer,fulfilled,2026-01-24,2026-01-26,2026-01-24,PA2,FedEx,1,1,14.28,2.4,0.0,16.68,shipmonk_estimate,USD
"Merged: 210804, 210803",4939d200-39e1-40ee-bd46-7ad940eb903c,Cattasaurus - shoproxstore - Shopify,direct_to_consumer,fulfilled,2026-01-24,2026-01-24,2026-01-24,PA2,FedEx,2,1,17.65,2.4,0.0,20.05,shipmonk_estimate,USD
111-2493392-9543439,111-2493392-9543439,Cattasaurus - Amazon USA,direct_to_consumer,fulfilled,2026-01-25,2026-01-27,2026-01-25,PA2,OnTrac,1,1,15.21,2.1,0.0,17.31,shipmonk_estimate,USD
111-6485214-7876229,111-6485214-7876229,Cattasaurus - Amazon USA,direct_to_consumer,fulfilled,2026-01-25,2026-01-27,2026-01-25,PA2,OnTrac,1,1,15.16,2.1,0.0,17.26,shipmonk_estimate,USD
112-0111694-2410648,112-0111694-2410648,Cattasaurus - Amazon USA,direct_to_consumer,fulfilled,2026-01-25,2026-01-27,2026-01-25,PA2,OnTrac,1,1,17.17,2.1,0.0,19.27,shipmonk_estimate,USD
112-5080532-3669048,112-5080532-3669048,Cattasaurus - Amazon USA,direct_to_consumer,fulfilled,2026-01-25,2026-01-26,2026-01-25,PA2,OnTrac,1,1,12.0,1.5,0.0,13.5,shipmonk_estimate,USD
113-1091954-4640226,113-1091954-4640226,Cattasaurus - Amazon USA,direct_to_consumer,fulfilled,2026-01-25,2026-01-26,2026-01-25,NV3,OnTrac,1,1,13.19,2.1,0.0,15.29,shipmonk_estimate,USD
113-6853119-7501807,113-6853119-7501807,Cattasaurus - Amazon USA,direct_to_consumer,fulfilled,2026-01-25,2026-01-26,2026-01-25,PA2,OnTrac,1,1,12.0,1.5,0.0,13.5,shipmonk_estimate,USD
113-7057174-6988247,113-7057174-6988247,Cattasaurus - Amazon USA,direct_to_consumer,fulfilled,2026-01-25,2026-01-26,2026-01-25,PA2,FedEx,1,1,17.17,2.1,0.0,19.27,shipmonk_estimate,USD
114-2804617-1451464,114-2804617-1451464,Cattasaurus - Amazon USA,direct_to_consumer,fulfilled,2026-01-25,2026-01-26,2026-01-25,PA2,OnTrac,1,1,13.52,2.1,0.0,15.62,shipmonk_estimate,USD
114-3403383-6245842,114-3403383-6245842,Cattasaurus - Amazon USA,direct_to_consumer,fulfilled,2026-01-25,2026-01-26,2026-01-25,NV3,OnTrac,1,1,6.11,1.5,0.3,7.91,shipmonk_estimate,USD
114-3415160-4680235,114-3415160-4680235,Cattasaurus - Amazon USA,direct_to_consumer,fulfilled,2026-01-25,2026-01-27,2026-01-25,PA2,OnTrac,1,1,10.12,1.5,0.0,11.62,shipmonk_estimate,USD
182623-01,5966d813-cb1b-449b-9144-552288874bbb,Cattasaurus - shoproxstore - Shopify,direct_to_consumer,fulfilled,2026-01-25,2026-01-26,2026-01-25,PA2,UPS,1,1,17.62,2.1,0.0,19.72,shipmonk_estimate,USD
195062-01,9ca7fe79-8fa4-47b5-a907-4574bf4a1afb,Cattasaurus - shoproxstore - Shopify,direct_to_consumer,fulfilled,2026-01-25,2026-01-26,2026-01-25,PA2,OnTrac,1,1,12.45,2.1,0.0,14.55,shipmonk_estimate,USD
195598-01,81d8f9f5-ce43-4b00-bbff-6a6452f7f3c4,Cattasaurus - shoproxstore - Shopify,direct_to_consumer,fulfilled,2026-01-25,2026-01-26,2026-01-25,PA2,OnTrac,1,1,13.37,2.1,0.0,15.47,shipmonk_estimate,USD
202786-01,f191aa0d-e943-4eed-b809-832f7bb0d4c8,Cattasaurus - shoproxstore - Shopify,direct_to_consumer,fulfilled,2026-01-25,2026-01-27,2026-01-25,PA2,UPS,1,1,17.46,1.8,0.0,19.26,shipmonk_estimate,USD
205893-01,843d9526-4049-4680-ba69-1fb43bb6da94,Cattasaurus - shoproxstore - Shopify,direct_to_consumer,fulfilled,2026-01-25,2026-01-26,2026-01-25,NV3,UPS,1,1,16.12,2.1,0.0,18.22,shipmonk_estimate,USD
210008-01,dc399913-155e-4391-ba59-cf1bd73e5281,Cattasaurus - shoproxstore - Shopify,direct_to_consumer,fulfilled,2026-01-25,2026-01-26,2026-01-25,NV3,OnTrac,1,1,15.77,1.8,0.0,17.57,shipmonk_estimate,USD
210973,7105730314550,Cattasaurus - shoproxstore - Shopify,direct_to_consumer,fulfilled,2026-01-25,2026-01-26,2026-01-25,NV3,FedEx,1,1,17.65,2.1,0.0,19.75,shipmonk_estimate,USD
210974,7105767735606,Cattasaurus - shoproxstore - Shopify,direct_to_consumer,fulfilled,2026-01-25,2026-01-26,2026-01-25,PA2,OnTrac,1,1,19.89,2.4,0.0,22.29,shipmonk_estimate,USD
210975,7105791721782,Cattasaurus - shoproxstore - Shopify,direct_to_consumer,fulfilled,2026-01-25,2026-01-26,2026-01-25,PA2,FedEx,1,1,15.92,2.1,0.0,18.02,shipmonk_estimate,USD
210976,7105884815670,Cattasaurus - shoproxstore - Shopify,direct_to_consumer,fulfilled,2026-01-25,2026-01-27,2026-01-25,PA2,FedEx,2,1,15.92,2.4,0.0,18.32,shipmonk_estimate,USD
210977,7105906737462,Cattasaurus - shoproxstore - Shopify,direct_to_consumer,fulfilled,2026-01-25,2026-01-26,2026-01-25,TO1,FedEx,1,1,17.04,2.21,0.0,19.25,shipmonk_estimate,CAD+USD
210977_1,8e6a13d3-5ff3-4674-bf2f-fdbba7fd4cbe,Cattasaurus - shoproxstore - Shopify,direct_to_consumer,fulfilled,2026-01-25,2026-01-26,2026-01-25,TO1,FedEx,1,1,17.04,2.21,0.0,19.25,shipmonk_estimate,CAD+USD
210978,7105915355446,Cattasaurus - shoproxstore - Shopify,direct_to_consumer,fulfilled,2026-01-25,2026-01-27,2026-01-25,PA2,OnTrac,1,1,15.16,2.1,0.0,17.26,shipmonk_estimate,USD
210979,7105950318902,Cattasaurus - shoproxstore - Shopify,direct_to_consumer,fulfilled,2026-01-25,2026-01-27,2026-01-25,PA2,OnTrac,1,1,12.57,2.1,0.0,14.67,shipmonk_estimate,USD
210980,7105958969654,Cattasaurus - shoproxstore - Shopify,direct_to_consumer,fulfilled,2026-01-25,2026-01-27,2026-01-25,PA2,OnTrac,1,1,11.68,2.1,0.0,13.78,shipmonk_estimate,USD
210981,7105959690550,Cattasaurus - shoproxstore - Shopify,direct_to_consumer,fulfilled,2026-01-25,2026-01-26,2026-01-25,NV3,FedEx,1,1,21.5,2.1,0.0,23.6,shipmonk_estimate,USD
210982,7105979777334,Cattasaurus - shoproxstore - Shopify,direct_to_consumer,fulfilled,2026-01-25,2026-01-26,2026-01-25,TO1,FedEx,1,1,12.72,2.21,0.0,14.93,shipmonk_estimate,CAD+USD
210983,7105985544502,Cattasaurus - shoproxstore - Shopify,direct_to_consumer,fulfilled,2026-01-25,2026-01-27,2026-01-25,PA2,USPS,1,1,16.65,2.1,0.0,18.75,shipmonk_estimate,USD
210984,7105994424630,Cattasaurus - shoproxstore - Shopify,direct_to_consumer,fulfilled,2026-01-25,2026-01-26,2026-01-25,TO1,FedEx,1,1,21.25,2.21,0.0,23.46,shipmonk_estimate,CAD+USD
210985,7105995243830,Cattasaurus - shoproxstore - Shopify,direct_to_consumer,fulfilled,2026-01-25,2026-01-26,2026-01-25,TO1,FedEx,1,1,19.01,2.91,0.0,21.92,shipmonk_estimate,CAD+USD
210986,7105997963574,Cattasaurus - shoproxstore - Shopify,direct_to_consumer,fulfilled,2026-01-25,2026-02-01,2026-01-25,PA2,OnTrac,1,1,17.34,2.1,0.0,19.44,shipmonk_estimate,USD
210986_1,3a3808c5-ec76-405d-a6f2-c99b6729742d,Cattasaurus - shoproxstore - Shopify,direct_to_consumer,fulfilled,2026-01-25,2026-02-01,2026-01-25,PA2,OnTrac,1,1,17.34,2.1,0.0,19.44,shipmonk_estimate,USD
210987,7106007204150,Cattasaurus - shoproxstore - Shopify,direct_to_consumer,fulfilled,2026-01-25,2026-02-01,2026-01-25,PA2,OnTrac,1,1,17.4,2.1,0.0,19.5,shipmonk_estimate,USD
210987_1,3a47f8b3-7924-4bdb-b8d9-e54192549cff,Cattasaurus - shoproxstore - Shopify,direct_to_consumer,fulfilled,2026-01-25,2026-02-01,2026-01-25,PA2,OnTrac,1,1,17.4,2.1,0.0,19.5,shipmonk_estimate,USD
210988,7106022572342,Cattasaurus - shoproxstore - Shopify,direct_to_consumer,fulfilled,2026-01-25,2026-01-26,2026-01-25,TO1,FedEx,1,1,11.91,2.21,0.0,14.12,shipmonk_estimate,CAD+USD
210989,7106027323702,Cattasaurus - shoproxstore - Shopify,direct_to_consumer,fulfilled,2026-01-25,2026-01-26,2026-01-25,NV3,FedEx,1,1,21.5,2.1,0.0,23.6,shipmonk_estimate,USD
210990,7106032435510,Cattasaurus - shoproxstore - Shopify,direct_to_consumer,fulfilled,2026-01-25,2026-01-27,2026-01-25,PA2,FedEx,1,1,15.16,5.3,0.0,20.46,shipmonk_estimate,USD
210991,7106042364214,Cattasaurus - shoproxstore - Shopify,direct_to_consumer,fulfilled,2026-01-25,2026-02-01,2026-01-25,PA2,OnTrac,1,1,15.16,2.1,0.0,17.26,shipmonk_estimate,USD
210991_1,51d1653c-ea06-45dd-af35-aeef027ae78b,Cattasaurus - shoproxstore - Shopify,direct_to_consumer,fulfilled,2026-01-25,2026-01-31,2026-01-25,PA2,OnTrac,1,1,12.0,1.5,0.0,13.5,shipmonk_estimate,USD
210992,7106044231990,Cattasaurus - shoproxstore - Shopify,direct_to_consumer,fulfilled,2026-01-25,2026-01-26,2026-01-25,TO1,FedEx,1,1,23.23,2.21,0.0,25.44,shipmonk_estimate,CAD+USD
210993,7106050425142,Cattasaurus - shoproxstore - Shopify,direct_to_consumer,fulfilled,2026-01-25,2026-01-27,2026-01-25,PA2,OnTrac,1,1,12.57,2.4,0.0,14.97,shipmonk_estimate,USD
210995,7106058780982,Cattasaurus - shoproxstore - Shopify,direct_to_consumer,fulfilled,2026-01-25,2026-01-28,2026-01-25,PA2,FedEx,3,1,14.14,2.7,0.0,16.84,shipmonk_estimate,USD
210996,7106065203510,Cattasaurus - shoproxstore - Shopify,direct_to_consumer,fulfilled,2026-01-25,2026-01-26,2026-01-25,TO1,FedEx,1,1,17.33,2.21,0.0,19.54,shipmonk_estimate,CAD+USD
210997,7106066055478,Cattasaurus - shoproxstore - Shopify,direct_to_consumer,fulfilled,2026-01-25,2026-01-26,2026-01-25,TO1,FedEx,1,1,24.42,2.21,0.0,26.63,shipmonk_estimate,CAD+USD
210998,7106068513078,Cattasaurus - shoproxstore - Shopify,direct_to_consumer,fulfilled,2026-01-25,2026-01-27,2026-01-25,PA2,FedEx,1,1,12.66,2.7,0.0,15.36,shipmonk_estimate,USD
210999,7106071527734,Cattasaurus - shoproxstore - Shopify,direct_to_consumer,fulfilled,2026-01-25,2026-01-27,2026-01-25,PA2,OnTrac,1,1,5.27,1.8,0.5,7.57,shipmonk_estimate,USD
211000,7106074575158,Cattasaurus - shoproxstore - Shopify,direct_to_consumer,fulfilled,2026-01-25,2026-01-27,2026-01-25,PA2,FedEx,1,1,18.2,2.4,0.0,20.6,shipmonk_estimate,USD
211001,7106086240566,Cattasaurus - shoproxstore - Shopify,direct_to_consumer,fulfilled,2026-01-25,2026-01-27,2026-01-25,PA2,UPS,1,1,15.21,2.1,0.0,17.31,shipmonk_estimate,USD
211002,7106086797622,Cattasaurus - shoproxstore - Shopify,direct_to_consumer,fulfilled,2026-01-25,2026-01-26,2026-01-25,NV3,OnTrac,1,1,18.59,2.1,0.0,20.69,shipmonk_estimate,USD
211003,7106087878966,Cattasaurus - shoproxstore - Shopify,direct_to_consumer,fulfilled,2026-01-25,2026-01-26,2026-01-25,NV3,OnTrac,1,1,18.59,2.7,0.0,21.29,shipmonk_estimate,USD
211004,7106094793014,Cattasaurus - shoproxstore - Shopify,direct_to_consumer,fulfilled,2026-01-25,2026-01-27,2026-01-25,PA2,OnTrac,1,1,12.57,2.1,0.0,14.67,shipmonk_estimate,USD
211005,7106104951094,Cattasaurus - shoproxstore - Shopify,direct_to_consumer,fulfilled,2026-01-25,2026-01-27,2026-01-25,PA2,FedEx,1,1,19.35,2.1,0.0,21.45,shipmonk_estimate,USD
211006,7106106097974,Cattasaurus - shoproxstore - Shopify,direct_to_consumer,fulfilled,2026-01-25,2026-01-27,2026-01-25,PA2,UPS,1,1,14.27,2.1,0.0,16.37,shipmonk_estimate,USD
211007,7106116288822,Cattasaurus - shoproxstore - Shopify,direct_to_consumer,fulfilled,2026-01-25,2026-01-26,2026-01-25,TO1,FedEx,1,1,12.71,2.91,0.0,15.62,shipmonk_estimate,CAD+USD
211008,7106148761910,Cattasaurus - shoproxstore - Shopify,direct_to_consumer,fulfilled,2026-01-25,2026-01-27,2026-01-25,PA2,OnTrac,1,1,14.35,2.1,0.0,16.45,shipmonk_estimate,USD
211009,7106150793526,Cattasaurus - shoproxstore - Shopify,direct_to_consumer,fulfilled,2026-01-25,2026-01-28,2026-01-25,PA2,OnTrac,1,1,15.16,2.1,0.0,17.26,shipmonk_estimate,USD
211010,7106152530230,Cattasaurus - shoproxstore - Shopify,direct_to_consumer,fulfilled,2026-01-25,2026-01-27,2026-01-25,PA2,FedEx,1,1,15.16,2.1,0.0,17.26,shipmonk_estimate,USD
211012,7106159280438,Cattasaurus - shoproxstore - Shopify,direct_to_consumer,fulfilled,2026-01-25,2026-01-26,2026-01-25,TO1,FedEx,1,1,17.33,2.21,0.0,19.54,shipmonk_estimate,CAD+USD
211013,7106172748086,Cattasaurus - shoproxstore - Shopify,direct_to_consumer,fulfilled,2026-01-25,2026-02-01,2026-01-25,PA2,USPS,1,1,14.91,2.1,0.0,17.01,shipmonk_estimate,USD
211014,7106179334454,Cattasaurus - shoproxstore - Shopify,direct_to_consumer,fulfilled,2026-01-25,2026-01-26,2026-01-25,NV3,FedEx,1,1,14.57,2.1,0.0,16.67,shipmonk_estimate,USD
211015,7106189558070,Cattasaurus - shoproxstore - Shopify,direct_to_consumer,fulfilled,2026-01-25,2026-01-27,2026-01-25,TO1,FedEx,1,1,29.59,2.21,0.0,31.8,shipmonk_estimate,CAD+USD
211016,7106192539958,Cattasaurus - shoproxstore - Shopify,direct_to_consumer,fulfilled,2026-01-25,2026-01-27,2026-01-25,PA2,FedEx,1,1,19.09,2.1,0.0,21.19,shipmonk_estimate,USD
211017,7106196504886,Cattasaurus - shoproxstore - Shopify,direct_to_consumer,fulfilled,2026-01-25,2026-01-27,2026-01-25,PA2,FedEx,1,1,14.57,2.1,0.0,16.67,shipmonk_estimate,USD
211018,7106204598582,Cattasaurus - shoproxstore - Shopify,direct_to_consumer,fulfilled,2026-01-25,2026-02-01,2026-01-25,PA2,FedEx,1,1,17.65,2.1,0.0,19.75,shipmonk_estimate,USD
211018_1,eb3a1e3e-3cdd-4155-93df-0500baf624f5,Cattasaurus - shoproxstore - Shopify,direct_to_consumer,fulfilled,2026-01-25,2026-01-31,2026-01-25,PA2,OnTrac,1,1,12.0,1.5,0.0,13.5,shipmonk_estimate,USD
211019,7106210496822,Cattasaurus - shoproxstore - Shopify,direct_to_consumer,fulfilled,2026-01-25,2026-01-27,2026-01-25,PA2,OnTrac,1,1,12.45,2.1,0.0,14.55,shipmonk_estimate,USD
211020,7106219114806,Cattasaurus - shoproxstore - Shopify,direct_to_consumer,fulfilled,2026-01-25,2026-01-27,2026-01-25,PA2,OnTrac,1,1,13.0,2.1,0.0,15.1,shipmonk_estimate,USD
211021,7106222784822,Cattasaurus - shoproxstore - Shopify,direct_to_consumer,fulfilled,2026-01-25,2026-01-27,2026-01-25,PA2,OnTrac,1,1,12.45,2.1,0.0,14.55,shipmonk_estimate,USD
211022,7106225635638,Cattasaurus - shoproxstore - Shopify,direct_to_consumer,fulfilled,2026-01-25,2026-01-27,2026-01-25,PA2,FedEx,1,1,15.92,2.1,0.0,18.02,shipmonk_estimate,USD
211023,7106232222006,Cattasaurus - shoproxstore - Shopify,direct_to_consumer,fulfilled,2026-01-25,2026-02-01,2026-01-25,PA2,OnTrac,2,1,12.45,2.4,0.0,14.85,shipmonk_estimate,USD
211023_1,4cb74d5d-378d-41e3-96de-1364eca8996b,Cattasaurus - shoproxstore - Shopify,direct_to_consumer,fulfilled,2026-01-25,2026-01-31,2026-01-25,PA2,OnTrac,1,1,9.29,1.5,0.0,10.79,shipmonk_estimate,USD
211024,7106239758646,Cattasaurus - shoproxstore - Shopify,direct_to_consumer,fulfilled,2026-01-25,2026-01-26,2026-01-25,NV3,OnTrac,1,1,17.91,2.1,0.0,20.01,shipmonk_estimate,USD
211025,7106239955254,Cattasaurus - shoproxstore - Shopify,direct_to_consumer,fulfilled,2026-01-25,2026-01-26,2026-01-25,NV3,FedEx,1,1,21.8,2.4,0.0,24.2,shipmonk_estimate,USD
211026,7106240741686,Cattasaurus - shoproxstore - Shopify,direct_to_consumer,fulfilled,2026-01-25,2026-02-02,2026-01-25,NV3,OnTrac,1,1,15.94,2.1,0.0,18.04,shipmonk_estimate,USD
211026_1,88d49a20-0b92-4367-8c29-827ebfa4079e,Cattasaurus - shoproxstore - Shopify,direct_to_consumer,fulfilled,2026-01-25,2026-01-31,2026-01-25,PA2,OnTrac,1,1,16.07,1.5,0.0,17.57,shipmonk_estimate,USD
211027,7106249621814,Cattasaurus - shoproxstore - Shopify,direct_to_consumer,fulfilled,2026-01-25,2026-01-31,2026-01-25,PA2,OnTrac,1,1,10.37,1.5,0.0,11.87,shipmonk_estimate,USD
211027_1,7a656dcb-2301-460f-a7d0-5e2a00c2d008,Cattasaurus - shoproxstore - Shopify,direct_to_consumer,fulfilled,2026-01-25,2026-02-01,2026-01-25,PA2,OnTrac,1,1,10.37,0.3,0.0,10.67,shipmonk_estimate,USD
211027_2,e8d56bb5-b188-470c-ace1-2fe119bf0581,Cattasaurus - shoproxstore - Shopify,direct_to_consumer,fulfilled,2026-01-25,2026-01-31,2026-01-25,PA2,OnTrac,1,1,8.8,1.5,0.0,10.3,shipmonk_estimate,USD
211027_3,96968391-8e7d-4128-b7d9-afc275a2dad8,Cattasaurus - shoproxstore - Shopify,direct_to_consumer,fulfilled,2026-01-25,2026-01-31,2026-01-25,PA2,OnTrac,1,1,6.11,1.5,0.5,8.11,shipmonk_estimate,USD
211028,7106256437558,Cattasaurus - shoproxstore - Shopify,direct_to_consumer,fulfilled,2026-01-25,2026-02-02,2026-01-25,TO1,FedEx,1,1,35.32,2.21,0.0,37.53,shipmonk_estimate,CAD+USD
211029,7106256765238,Cattasaurus - shoproxstore - Shopify,direct_to_consumer,fulfilled,2026-01-25,2026-01-26,2026-01-25,NV3,OnTrac,1,1,12.77,2.1,0.0,14.87,shipmonk_estimate,USD
211030,7106258862390,Cattasaurus - shoproxstore - Shopify,direct_to_consumer,fulfilled,2026-01-25,2026-01-26,2026-01-25,NV3,OnTrac,1,1,14.35,2.1,0.0,16.45,shipmonk_estimate,USD
211031,7106259943734,Cattasaurus - shoproxstore - Shopify,direct_to_consumer,fulfilled,2026-01-25,2026-01-26,2026-01-25,NV3,OnTrac,1,1,14.35,2.1,0.0,16.45,shipmonk_estimate,USD
211032,7106262630710,Cattasaurus - shoproxstore - Shopify,direct_to_consumer,fulfilled,2026-01-25,2026-01-26,2026-01-25,NV3,OnTrac,1,1,17.4,2.1,0.0,19.5,shipmonk_estimate,USD
211034,7106268037430,Cattasaurus - shoproxstore - Shopify,direct_to_consumer,fulfilled,2026-01-25,2026-01-26,2026-01-25,NV3,FedEx,1,1,17.91,2.7,0.0,20.61,shipmonk_estimate,USD
211035,7106271281462,Cattasaurus - shoproxstore - Shopify,direct_to_consumer,fulfilled,2026-01-25,2026-01-27,2026-01-25,PA2,FedEx,1,1,17.65,2.1,0.0,19.75,shipmonk_estimate,USD
211036,7106272428342,Cattasaurus - shoproxstore - Shopify,direct_to_consumer,fulfilled,2026-01-25,2026-01-26,2026-01-25,NV3,OnTrac,1,1,13.52,2.1,0.0,15.62,shipmonk_estimate,USD
211037,7106276229430,Cattasaurus - shoproxstore - Shopify,direct_to_consumer,fulfilled,2026-01-25,2026-01-26,2026-01-25,NV3,OnTrac,2,1,15.16,2.4,0.0,17.56,shipmonk_estimate,USD
211038,7106276294966,Cattasaurus - shoproxstore - Shopify,direct_to_consumer,fulfilled,2026-01-25,2026-01-27,2026-01-25,PA2,UPS,1,1,17.34,2.1,0.0,19.44,shipmonk_estimate,USD
211039,7106284716342,Cattasaurus - shoproxstore - Shopify,direct_to_consumer,fulfilled,2026-01-25,2026-01-31,2026-01-25,PA2,DHL eCommerce,1,1,9.19,1.5,0.0,10.69,shipmonk_estimate,USD
211039_1,296013be-ce86-4618-b324-4bc09e4676e3,Cattasaurus - shoproxstore - Shopify,direct_to_consumer,fulfilled,2026-01-25,2026-02-01,2026-01-25,PA2,UPS,1,1,13.68,0.3,0.0,13.98,shipmonk_estimate,USD
211039_2,650d0357-7bfd-4dbc-8caf-fff8410f7b2e,Cattasaurus - shoproxstore - Shopify,direct_to_consumer,fulfilled,2026-01-25,2026-02-01,2026-01-25,PA2,UPS,1,1,13.68,0.3,0.0,13.98,shipmonk_estimate,USD
211039_3,df039173-5672-4297-b784-0fac44e5bcbe,Cattasaurus - shoproxstore - Shopify,direct_to_consumer,fulfilled,2026-01-25,2026-02-02,2026-01-25,NV3,USPS,1,1,6.04,1.5,0.5,8.04,shipmonk_estimate,USD
211040,7106288484662,Cattasaurus - shoproxstore - Shopify,direct_to_consumer,fulfilled,2026-01-25,2026-01-26,2026-01-25,TO1,FedEx,1,1,30.73,2.21,0.0,32.94,shipmonk_estimate,CAD+USD
211041,7106299560246,Cattasaurus - shoproxstore - Shopify,direct_to_consumer,fulfilled,2026-01-25,2026-02-01,2026-01-25,PA2,FedEx,1,1,15.14,2.1,0.0,17.24,shipmonk_estimate,USD
211041_1,ba084d59-3397-4874-8125-84e6c6af54b5,Cattasaurus - shoproxstore - Shopify,direct_to_consumer,fulfilled,2026-01-25,2026-02-01,2026-01-25,PA2,FedEx,1,1,15.14,2.1,0.0,17.24,shipmonk_estimate,USD
211042,7106304835894,Cattasaurus - shoproxstore - Shopify,direct_to_consumer,fulfilled,2026-01-25,2026-01-27,2026-01-25,PA2,OnTrac,1,1,15.97,2.1,0.0,18.07,shipmonk_estimate,USD
211043,7106312405302,Cattasaurus - shoproxstore - Shopify,direct_to_consumer,fulfilled,2026-01-25,2026-01-28,2026-01-25,PA2,FedEx,1,1,15.16,2.1,0.0,17.26,shipmonk_estimate,USD
211044,7106314010934,Cattasaurus - shoproxstore - Shopify,direct_to_consumer,fulfilled,2026-01-25,2026-01-27,2026-01-25,PA2,UPS,1,1,17.62,2.1,0.0,19.72,shipmonk_estimate,USD
211045,7106315387190,Cattasaurus - shoproxstore - Shopify,direct_to_consumer,fulfilled,2026-01-25,2026-01-27,2026-01-25,PA2,OnTrac,1,1,18.2,2.4,0.0,20.6,shipmonk_estimate,USD
211046,7106317549878,Cattasaurus - shoproxstore - Shopify,direct_to_consumer,fulfilled,2026-01-25,2026-01-27,2026-01-25,PA2,FedEx,1,1,14.57,2.1,0.0,16.67,shipmonk_estimate,USD
211047,7106324234550,Cattasaurus - shoproxstore - Shopify,direct_to_consumer,fulfilled,2026-01-25,2026-01-26,2026-01-25,NV3,FedEx,1,1,15.92,2.1,0.0,18.02,shipmonk_estimate,USD
211048,7106331312438,Cattasaurus - shoproxstore - Shopify,direct_to_consumer,fulfilled,2026-01-25,2026-01-27,2026-01-25,PA2,OnTrac,1,1,12.45,2.1,0.0,14.55,shipmonk_estimate,USD
211049,7106373878070,Cattasaurus - shoproxstore - Shopify,direct_to_consumer,fulfilled,2026-01-25,2026-01-26,2026-01-25,TO1,FedEx,1,1,36.08,2.21,0.0,38.29,shipmonk_estimate,CAD+USD
211050,7106374730038,Cattasaurus - shoproxstore - Shopify,direct_to_consumer,fulfilled,2026-01-25,2026-01-28,2026-01-25,PA2,OnTrac,1,1,13.37,2.7,0.0,16.07,shipmonk_estimate,USD
211051,7106375516470,Cattasaurus - shoproxstore - Shopify,direct_to_consumer,fulfilled,2026-01-25,2026-01-26,2026-01-25,NV3,OnTrac,1,1,18.59,2.1,0.0,20.69,shipmonk_estimate,USD
211052,7106378301750,Cattasaurus - shoproxstore - Shopify,direct_to_consumer,fulfilled,2026-01-25,2026-01-27,2026-01-25,PA2,UPS,1,1,17.46,2.1,0.0,19.56,shipmonk_estimate,USD
211053,7106378432822,Cattasaurus - shoproxstore - Shopify,direct_to_consumer,fulfilled,2026-01-25,2026-01-27,2026-01-25,PA2,UPS,1,1,17.46,2.1,0.0,19.56,shipmonk_estimate,USD
211054,7106402615606,Cattasaurus - shoproxstore - Shopify,direct_to_consumer,fulfilled,2026-01-25,2026-02-02,2026-01-25,NV3,FedEx,2,1,14.54,2.4,0.0,16.94,shipmonk_estimate,USD
211054_1,2bc07d10-384a-4944-a4b4-36fbe7918942,Cattasaurus - shoproxstore - Shopify,direct_to_consumer,fulfilled,2026-01-25,2026-02-02,2026-01-25,NV3,OnTrac,1,1,12.43,2.7,0.0,15.13,shipmonk_estimate,USD
211055,7106404647222,Cattasaurus - shoproxstore - Shopify,direct_to_consumer,fulfilled,2026-01-25,2026-01-26,2026-01-25,NV3,OnTrac,1,1,15.21,2.1,0.0,17.31,shipmonk_estimate,USD
211058,7106416574774,Cattasaurus - shoproxstore - Shopify,direct_to_consumer,fulfilled,2026-01-25,2026-01-27,2026-01-25,PA2,OnTrac,1,1,14.28,2.4,0.0,16.68,shipmonk_estimate,USD
211059,7106416836918,Cattasaurus - shoproxstore - Shopify,direct_to_consumer,fulfilled,2026-01-25,2026-01-26,2026-01-25,NV3,FedEx,2,1,17.65,2.4,0.0,20.05,shipmonk_estimate,USD
211060,7106417656118,Cattasaurus - shoproxstore - Shopify,direct_to_consumer,fulfilled,2026-01-25,2026-01-26,2026-01-25,NV3,OnTrac,1,1,13.52,2.1,0.0,15.62,shipmonk_estimate,USD
211061,7106418180406,Cattasaurus - shoproxstore - Shopify,direct_to_consumer,fulfilled,2026-01-25,2026-02-02,2026-01-25,NV3,OnTrac,1,1,12.43,2.7,0.0,15.13,shipmonk_estimate,USD
211061_1,2d10c728-79c7-41a6-ad31-ed2c9b9a56de,Cattasaurus - shoproxstore - Shopify,direct_to_consumer,fulfilled,2026-01-25,2026-02-02,2026-01-25,NV3,FedEx,2,1,13.95,2.4,0.0,16.35,shipmonk_estimate,USD
211061_2,5a8f35ce-55f0-4965-8b75-361fd8c0730e,Cattasaurus - shoproxstore - Shopify,direct_to_consumer,fulfilled,2026-01-25,2026-01-31,2026-01-25,PA2,OnTrac,1,1,9.41,1.5,0.0,10.91,shipmonk_estimate,USD
211061_3,729ab779-07d3-4896-8fa5-4b71934875c8,Cattasaurus - shoproxstore - Shopify,direct_to_consumer,fulfilled,2026-01-25,2026-01-31,2026-01-25,PA2,OnTrac,1,1,12.62,1.5,0.0,14.12,shipmonk_estimate,USD
211062,7106424832310,Cattasaurus - shoproxstore - Shopify,direct_to_consumer,fulfilled,2026-01-25,2026-02-01,2026-01-25,PA2,USPS,1,1,16.12,2.1,0.0,18.22,shipmonk_estimate,USD
211063,7106433515830,Cattasaurus - shoproxstore - Shopify,direct_to_consumer,fulfilled,2026-01-25,2026-01-27,2026-01-25,PA2,OnTrac,1,1,11.68,2.1,0.0,13.78,shipmonk_estimate,USD
211064,7106434007350,Cattasaurus - shoproxstore - Shopify,direct_to_consumer,fulfilled,2026-01-25,2026-01-27,2026-01-25,PA2,OnTrac,1,1,14.35,1.8,0.0,16.15,shipmonk_estimate,USD
211065,7106435219766,Cattasaurus - shoproxstore - Shopify,direct_to_consumer,fulfilled,2026-01-25,2026-01-27,2026-01-25,PA2,FedEx,1,1,22.05,2.4,0.0,24.45,shipmonk_estimate,USD
211066,7106442723638,Cattasaurus - shoproxstore - Shopify,direct_to_consumer,fulfilled,2026-01-25,2026-01-26,2026-01-25,NV3,OnTrac,1,1,15.77,2.7,0.0,18.47,shipmonk_estimate,USD
211067,7106446754102,Cattasaurus - shoproxstore - Shopify,direct_to_consumer,fulfilled,2026-01-25,2026-01-26,2026-01-25,NV3,OnTrac,1,1,18.59,2.7,0.0,21.29,shipmonk_estimate,USD
211068,7106455699766,Cattasaurus - shoproxstore - Shopify,direct_to_consumer,fulfilled,2026-01-25,2026-01-26,2026-01-25,NV3,FedEx,1,1,21.8,2.4,0.0,24.2,shipmonk_estimate,USD
211069,7106457665846,Cattasaurus - shoproxstore - Shopify,direct_to_consumer,fulfilled,2026-01-25,2026-01-27,2026-01-25,PA2,OnTrac,1,1,14.28,2.1,0.0,16.38,shipmonk_estimate,USD
211070,7106463596854,Cattasaurus - shoproxstore - Shopify,direct_to_consumer,fulfilled,2026-01-25,2026-01-26,2026-01-25,NV3,FedEx,2,1,15.92,2.4,0.0,18.32,shipmonk_estimate,USD
211071,7106482962742,Cattasaurus - shoproxstore - Shopify,direct_to_consumer,fulfilled,2026-01-25,2026-01-26,2026-01-25,TO1,FedEx,1,1,14.97,2.21,0.0,17.18,shipmonk_estimate,CAD+USD
211072,7106484830518,Cattasaurus - shoproxstore - Shopify,direct_to_consumer,fulfilled,2026-01-25,2026-01-27,2026-01-25,PA2,UPS,1,1,14.46,2.1,0.0,16.56,shipmonk_estimate,USD
211073,7106494857526,Cattasaurus - shoproxstore - Shopify,direct_to_consumer,fulfilled,2026-01-25,2026-02-02,2026-01-25,NV3,FedEx,1,1,17.62,2.1,0.0,19.72,shipmonk_estimate,USD
211073_1,6ec5c024-b0f3-4d22-a432-c51ad5a90fb1,Cattasaurus - shoproxstore - Shopify,direct_to_consumer,fulfilled,2026-01-25,2026-02-02,2026-01-25,NV3,OnTrac,1,1,15.13,1.8,0.0,16.93,shipmonk_estimate,USD
211073_2,2d73880e-cb5a-44c5-bd84-05a3fb9417d1,Cattasaurus - shoproxstore - Shopify,direct_to_consumer,fulfilled,2026-01-25,2026-02-01,2026-01-25,PA2,OnTrac,1,1,9.19,1.5,0.0,10.69,shipmonk_estimate,USD
211073_3,67457da6-b8cf-4835-9bb8-29c0011fa74c,Cattasaurus - shoproxstore - Shopify,direct_to_consumer,fulfilled,2026-01-25,2026-02-02,2026-01-25,NV3,OnTrac,1,1,10.37,1.5,0.0,11.87,shipmonk_estimate,USD
211074,7106495414582,Cattasaurus - shoproxstore - Shopify,direct_to_consumer,fulfilled,2026-01-25,2026-01-27,2026-01-25,PA2,FedEx,1,1,15.16,2.1,0.0,17.26,shipmonk_estimate,USD
211075,7106500690230,Cattasaurus - shoproxstore - Shopify,direct_to_consumer,fulfilled,2026-01-25,2026-01-27,2026-01-25,PA2,FedEx,1,1,18.2,2.4,0.0,20.6,shipmonk_estimate,USD
211076,7106505834806,Cattasaurus - shoproxstore - Shopify,direct_to_consumer,fulfilled,2026-01-25,2026-01-26,2026-01-25,NV3,FedEx,2,1,21.5,2.4,0.0,23.9,shipmonk_estimate,USD
211077,7106507604278,Cattasaurus - shoproxstore - Shopify,direct_to_consumer,fulfilled,2026-01-25,2026-01-27,2026-01-25,PA2,USPS,1,1,6.4,2.4,0.3,9.1,shipmonk_estimate,USD
211078,7106508325174,Cattasaurus - shoproxstore - Shopify,direct_to_consumer,fulfilled,2026-01-25,2026-01-26,2026-01-25,TO1,FedEx,1,1,17.33,2.21,0.0,19.54,shipmonk_estimate,CAD+USD
211079,7106509472054,Cattasaurus - shoproxstore - Shopify,direct_to_consumer,fulfilled,2026-01-25,2026-01-27,2026-01-25,NV3,FedEx,1,1,15.92,2.1,0.0,18.02,shipmonk_estimate,USD
211080,7106509799734,Cattasaurus - shoproxstore - Shopify,direct_to_consumer,fulfilled,2026-01-25,2026-01-27,2026-01-25,PA2,OnTrac,1,1,12.45,2.1,0.0,14.55,shipmonk_estimate,USD
211081,7106517467446,Cattasaurus - shoproxstore - Shopify,direct_to_consumer,fulfilled,2026-01-25,2026-01-27,2026-01-25,PA2,FedEx,1,1,15.14,2.1,0.0,17.24,shipmonk_estimate,USD
211082,7106522120502,Cattasaurus - shoproxstore - Shopify,direct_to_consumer,fulfilled,2026-01-25,2026-01-27,2026-01-25,NV3,FedEx,1,1,17.91,2.1,0.0,20.01,shipmonk_estimate,USD
211083,7106523038006,Cattasaurus - shoproxstore - Shopify,direct_to_consumer,fulfilled,2026-01-25,2026-02-01,2026-01-25,PA2,FedEx,1,1,17.65,2.1,0.0,19.75,shipmonk_estimate,USD
211083_1,0b6d73fb-6aff-4fa2-b673-9d5b9b2290fe,Cattasaurus - shoproxstore - Shopify,direct_to_consumer,fulfilled,2026-01-25,2026-02-01,2026-01-25,PA2,FedEx,1,1,15.16,2.1,0.0,17.26,shipmonk_estimate,USD
211084,7106530738486,Cattasaurus - shoproxstore - Shopify,direct_to_consumer,fulfilled,2026-01-25,2026-01-27,2026-01-25,TO1,FedEx,1,1,26.04,2.21,0.0,28.25,shipmonk_estimate,CAD+USD
211085,7106531623222,Cattasaurus - shoproxstore - Shopify,direct_to_consumer,fulfilled,2026-01-25,2026-01-27,2026-01-25,NV3,OnTrac,1,1,15.16,2.1,0.0,17.26,shipmonk_estimate,USD
211086,7106531819830,Cattasaurus - shoproxstore - Shopify,direct_to_consumer,fulfilled,2026-01-25,2026-01-27,2026-01-25,PA2,UPS,1,1,17.34,2.1,0.0,19.44,shipmonk_estimate,USD
211087,7106541355318,Cattasaurus - shoproxstore - Shopify,direct_to_consumer,fulfilled,2026-01-25,2026-01-27,2026-01-25,NV3,FedEx,1,1,18.56,2.1,0.0,20.66,shipmonk_estimate,USD
211088,7106543845686,Cattasaurus - shoproxstore - Shopify,direct_to_consumer,fulfilled,2026-01-25,2026-01-27,2026-01-25,NV3,FedEx,1,1,14.57,2.1,0.0,16.67,shipmonk_estimate,USD
211089,7106548662582,Cattasaurus - shoproxstore - Shopify,direct_to_consumer,fulfilled,2026-01-25,2026-01-27,2026-01-25,PA2,UPS,1,1,20.26,2.1,0.0,22.36,shipmonk_estimate,USD
211090,7106564653366,Cattasaurus - shoproxstore - Shopify,direct_to_consumer,fulfilled,2026-01-25,2026-01-31,2026-01-25,PA2,DHL eCommerce,1,1,8.8,1.5,0.0,10.3,shipmonk_estimate,USD
211090_1,5b0c1b12-213f-4639-9150-f7c5d0d9b55c,Cattasaurus - shoproxstore - Shopify,direct_to_consumer,fulfilled,2026-01-25,2026-02-01,2026-01-25,PA2,UPS,1,1,11.96,0.3,0.0,12.26,shipmonk_estimate,USD
211090_2,0f5a1ce1-939b-4f03-8138-e2e3ebc45fd2,Cattasaurus - shoproxstore - Shopify,direct_to_consumer,fulfilled,2026-01-25,2026-01-31,2026-01-25,PA2,DHL eCommerce,1,1,11.96,1.5,0.0,13.46,shipmonk_estimate,USD
211091,7106565833014,Cattasaurus - shoproxstore - Shopify,direct_to_consumer,fulfilled,2026-01-25,2026-01-27,2026-01-25,PA2,UPS,1,1,13.0,2.1,0.0,15.1,shipmonk_estimate,USD
211092,7106572222774,Cattasaurus - shoproxstore - Shopify,direct_to_consumer,fulfilled,2026-01-25,2026-01-27,2026-01-25,PA2,FedEx,1,1,19.89,2.4,0.0,22.29,shipmonk_estimate,USD
211093,7106573959478,Cattasaurus - shoproxstore - Shopify,direct_to_consumer,fulfilled,2026-01-25,2026-01-27,2026-01-25,NV3,OnTrac,1,1,12.66,2.1,0.0,14.76,shipmonk_estimate,USD
211094,7106584838454,Cattasaurus - shoproxstore - Shopify,direct_to_consumer,fulfilled,2026-01-25,2026-01-27,2026-01-25,PA2,FedEx,1,1,13.98,2.1,0.0,16.08,shipmonk_estimate,USD
211095,7106592801078,Cattasaurus - shoproxstore - Shopify,direct_to_consumer,fulfilled,2026-01-25,2026-01-26,2026-01-25,TO1,FedEx,1,1,46.5,2.21,0.0,48.71,shipmonk_estimate,CAD+USD
211096,7106595324214,Cattasaurus - shoproxstore - Shopify,direct_to_consumer,fulfilled,2026-01-25,2026-01-27,2026-01-25,PA2,FedEx,1,1,17.65,2.1,0.0,19.75,shipmonk_estimate,USD
211097,7106597093686,Cattasaurus - shoproxstore - Shopify,direct_to_consumer,fulfilled,2026-01-25,2026-01-27,2026-01-25,NV3,FedEx,1,1,15.92,2.1,0.0,18.02,shipmonk_estimate,USD
211098,7106608628022,Cattasaurus - shoproxstore - Shopify,direct_to_consumer,fulfilled,2026-01-25,2026-01-27,2026-01-25,NV3,FedEx,1,1,15.16,2.1,0.0,17.26,shipmonk_estimate,USD
211099,7106616852790,Cattasaurus - shoproxstore - Shopify,direct_to_consumer,fulfilled,2026-01-25,2026-01-27,2026-01-25,NV3,OnTrac,1,1,12.45,2.1,0.0,14.55,shipmonk_estimate,USD
211100,7106622914870,Cattasaurus - shoproxstore - Shopify,direct_to_consumer,fulfilled,2026-01-25,2026-01-27,2026-01-25,PA2,OnTrac,1,1,11.68,2.1,0.0,13.78,shipmonk_estimate,USD
211101,7106629730614,Cattasaurus - shoproxstore - Shopify,direct_to_consumer,fulfilled,2026-01-25,2026-01-27,2026-01-25,NV3,OnTrac,1,1,13.52,2.1,0.0,15.62,shipmonk_estimate,USD
211102,7106632712502,Cattasaurus - shoproxstore - Shopify,direct_to_consumer,fulfilled,2026-01-25,2026-01-27,2026-01-25,PA2,OnTrac,1,1,15.16,2.1,0.0,17.26,shipmonk_estimate,USD
211103,7106650767670,Cattasaurus - shoproxstore - Shopify,direct_to_consumer,fulfilled,2026-01-25,2026-01-27,2026-01-25,NV3,FedEx,1,1,15.16,2.1,0.0,17.26,shipmonk_estimate,USD
211104,7106651849014,Cattasaurus - shoproxstore - Shopify,direct_to_consumer,fulfilled,2026-01-25,2026-01-26,2026-01-25,TO1,FedEx,1,1,30.73,2.21,0.0,32.94,shipmonk_estimate,CAD+USD
211105,7106652143926,Cattasaurus - shoproxstore - Shopify,direct_to_consumer,fulfilled,2026-01-25,2026-01-27,2026-01-25,PA2,UPS,1,1,14.46,2.1,0.0,16.56,shipmonk_estimate,USD
211106,7106653880630,Cattasaurus - shoproxstore - Shopify,direct_to_consumer,fulfilled,2026-01-25,2026-01-27,2026-01-25,PA2,OnTrac,1,1,12.66,2.1,0.0,14.76,shipmonk_estimate,USD
211107,7106654634294,Cattasaurus - shoproxstore - Shopify,direct_to_consumer,fulfilled,2026-01-25,2026-01-27,2026-01-25,NV3,FedEx,1,1,22.55,2.1,0.0,24.65,shipmonk_estimate,USD
211108,7106655846710,Cattasaurus - shoproxstore - Shopify,direct_to_consumer,fulfilled,2026-01-25,2026-01-27,2026-01-25,PA2,FedEx,1,1,18.56,2.1,0.0,20.66,shipmonk_estimate,USD
211109,7106656960822,Cattasaurus - shoproxstore - Shopify,direct_to_consumer,fulfilled,2026-01-25,2026-01-26,2026-01-25,TO1,FedEx,1,1,31.11,2.21,0.0,33.32,shipmonk_estimate,CAD+USD
211110,7106657157430,Cattasaurus - shoproxstore - Shopify,direct_to_consumer,fulfilled,2026-01-25,2026-01-27,2026-01-25,NV3,OnTrac,2,1,17.34,2.4,0.0,19.74,shipmonk_estimate,USD
211111,7106665709878,Cattasaurus - shoproxstore - Shopify,direct_to_consumer,fulfilled,2026-01-25,2026-01-27,2026-01-25,NV3,OnTrac,1,1,12.77,2.1,0.0,14.87,shipmonk_estimate,USD
211112,7106680717622,Cattasaurus - shoproxstore - Shopify,direct_to_consumer,fulfilled,2026-01-25,2026-01-27,2026-01-25,PA2,OnTrac,1,1,14.28,2.1,0.0,16.38,shipmonk_estimate,USD
211113,7106689106230,Cattasaurus - shoproxstore - Shopify,direct_to_consumer,fulfilled,2026-01-25,2026-01-27,2026-01-25,PA2,OnTrac,1,1,11.68,2.1,0.0,13.78,shipmonk_estimate,USD
211114,7106690646326,Cattasaurus - shoproxstore - Shopify,direct_to_consumer,fulfilled,2026-01-25,2026-01-27,2026-01-25,NV3,OnTrac,1,1,11.68,2.1,0.0,13.78,shipmonk_estimate,USD
211115,7106693038390,Cattasaurus - shoproxstore - Shopify,direct_to_consumer,fulfilled,2026-01-25,2026-01-27,2026-01-25,PA2,OnTrac,1,1,14.06,2.4,0.0,16.46,shipmonk_estimate,USD
211116,7106695528758,Cattasaurus - shoproxstore - Shopify,direct_to_consumer,fulfilled,2026-01-25,2026-01-27,2026-01-25,PA2,OnTrac,1,1,12.57,2.1,0.0,14.67,shipmonk_estimate,USD
211117,7106699755830,Cattasaurus - shoproxstore - Shopify,direct_to_consumer,fulfilled,2026-01-25,2026-01-27,2026-01-25,PA2,OnTrac,1,1,17.91,2.1,0.0,20.01,shipmonk_estimate,USD
211118,7106714403126,Cattasaurus - shoproxstore - Shopify,direct_to_consumer,fulfilled,2026-01-25,2026-01-27,2026-01-25,NV3,OnTrac,1,1,19.89,2.4,0.0,22.29,shipmonk_estimate,USD
211119,7106723512630,Cattasaurus - shoproxstore - Shopify,direct_to_consumer,fulfilled,2026-01-25,2026-01-26,2026-01-25,TO1,FedEx,1,1,12.71,2.21,0.0,14.92,shipmonk_estimate,CAD+USD
211120,7106726068534,Cattasaurus - shoproxstore - Shopify,direct_to_consumer,fulfilled,2026-01-25,2026-01-27,2026-01-25,PA2,FedEx,1,1,16.83,2.1,0.0,18.93,shipmonk_estimate,USD
211121,7106730688822,Cattasaurus - shoproxstore - Shopify,direct_to_consumer,fulfilled,2026-01-25,2026-01-27,2026-01-25,NV3,OnTrac,1,1,15.77,2.1,0.0,17.87,shipmonk_estimate,USD
211122,7106735178038,Cattasaurus - shoproxstore - Shopify,direct_to_consumer,fulfilled,2026-01-25,2026-01-27,2026-01-25,NV3,FedEx,1,1,22.55,2.1,0.0,24.65,shipmonk_estimate,USD
211123,7106738028854,Cattasaurus - shoproxstore - Shopify,direct_to_consumer,fulfilled,2026-01-25,2026-01-26,2026-01-25,TO1,FedEx,1,1,41.16,2.21,0.0,43.37,shipmonk_estimate,CAD+USD
211124,7106738553142,Cattasaurus - shoproxstore - Shopify,direct_to_consumer,fulfilled,2026-01-25,2026-01-26,2026-01-25,TO1,FedEx,1,1,14.97,2.21,0.0,17.18,shipmonk_estimate,CAD+USD
211125,7106748318006,Cattasaurus - shoproxstore - Shopify,direct_to_consumer,fulfilled,2026-01-25,2026-01-27,2026-01-25,PA2,UPS,1,1,20.26,2.1,0.0,22.36,shipmonk_estimate,USD
211126,7106765783350,Cattasaurus - shoproxstore - Shopify,direct_to_consumer,fulfilled,2026-01-25,2026-01-27,2026-01-25,PA2,OnTrac,1,1,12.57,2.1,0.0,14.67,shipmonk_estimate,USD
211127,7106772795702,Cattasaurus - shoproxstore - Shopify,direct_to_consumer,fulfilled,2026-01-25,2026-01-26,2026-01-25,TO1,FedEx,1,1,14.97,2.21,0.0,17.18,shipmonk_estimate,CAD+USD
211128,7106773877046,Cattasaurus - shoproxstore - Shopify,direct_to_consumer,fulfilled,2026-01-25,2026-01-27,2026-01-25,NV3,OnTrac,1,1,13.52,2.1,0.0,15.62,shipmonk_estimate,USD
211129,7106778136886,Cattasaurus - shoproxstore - Shopify,direct_to_consumer,fulfilled,2026-01-25,2026-01-26,2026-01-25,TO1,FedEx,1,1,25.09,2.21,0.0,27.3,shipmonk_estimate,CAD+USD
211130,7106781217078,Cattasaurus - shoproxstore - Shopify,direct_to_consumer,fulfilled,2026-01-25,2026-01-26,2026-01-25,TO1,FedEx,1,1,30.73,2.21,0.0,32.94,shipmonk_estimate,CAD+USD
211131,7106786525494,Cattasaurus - shoproxstore - Shopify,direct_to_consumer,fulfilled,2026-01-25,2026-01-26,2026-01-25,TO1,FedEx,1,1,34.49,2.21,0.0,36.7,shipmonk_estimate,CAD+USD
211132,7106788065590,Cattasaurus - shoproxstore - Shopify,direct_to_consumer,fulfilled,2026-01-25,2026-01-26,2026-01-25,TO1,FedEx,1,1,14.97,2.21,0.0,17.18,shipmonk_estimate,CAD+USD
211133,7106791833910,Cattasaurus - shoproxstore - Shopify,direct_to_consumer,fulfilled,2026-01-25,2026-01-27,2026-01-25,NV3,OnTrac,1,1,14.14,2.1,0.0,16.24,shipmonk_estimate,USD
211134,7106796257590,Cattasaurus - shoproxstore - Shopify,direct_to_consumer,fulfilled,2026-01-25,2026-01-27,2026-01-25,PA2,OnTrac,1,1,12.45,2.1,0.0,14.55,shipmonk_estimate,USD
211135,7106824896822,Cattasaurus - shoproxstore - Shopify,direct_to_consumer,fulfilled,2026-01-25,2026-02-02,2026-01-25,NV3,FedEx,1,1,18.52,2.1,0.0,20.62,shipmonk_estimate,USD
211135_1,33c789a1-725c-4a71-a871-ab7bf4910b80,Cattasaurus - shoproxstore - Shopify,direct_to_consumer,fulfilled,2026-01-25,2026-02-02,2026-01-25,NV3,DHL eCommerce,1,1,10.37,1.5,0.0,11.87,shipmonk_estimate,USD
211136,7106827354422,Cattasaurus - shoproxstore - Shopify,direct_to_consumer,fulfilled,2026-01-25,2026-01-27,2026-01-25,NV3,FedEx,1,1,18.56,1.8,0.0,20.36,shipmonk_estimate,USD
211137,7106846490934,Cattasaurus - shoproxstore - Shopify,direct_to_consumer,fulfilled,2026-01-25,2026-01-26,2026-01-25,TO1,FedEx,1,1,45.28,2.21,0.0,47.49,shipmonk_estimate,CAD+USD
211138,7106850423094,Cattasaurus - shoproxstore - Shopify,direct_to_consumer,fulfilled,2026-01-25,2026-01-27,2026-01-25,PA2,OnTrac,1,1,14.35,2.1,0.0,16.45,shipmonk_estimate,USD
211139,7106876211510,Cattasaurus - shoproxstore - Shopify,direct_to_consumer,fulfilled,2026-01-25,2026-01-27,2026-01-25,PA2,OnTrac,1,1,12.57,2.1,0.0,14.67,shipmonk_estimate,USD
211140,7106879193398,Cattasaurus - shoproxstore - Shopify,direct_to_consumer,fulfilled,2026-01-25,2026-01-27,2026-01-25,NV3,OnTrac,1,1,15.97,2.4,0.0,18.37,shipmonk_estimate,USD
211141,7106882404662,Cattasaurus - shoproxstore - Shopify,direct_to_consumer,fulfilled,2026-01-25,2026-01-27,2026-01-25,PA2,OnTrac,1,1,15.97,2.1,0.0,18.07,shipmonk_estimate,USD
211142,7106889122102,Cattasaurus - shoproxstore - Shopify,direct_to_consumer,fulfilled,2026-01-25,2026-01-27,2026-01-25,PA2,FedEx,1,1,15.16,2.1,0.0,17.26,shipmonk_estimate,USD
211143,7106895774006,Cattasaurus - shoproxstore - Shopify,direct_to_consumer,fulfilled,2026-01-25,2026-01-27,2026-01-25,NV3,OnTrac,1,1,12.45,2.1,0.0,14.55,shipmonk_estimate,USD
211144,7106896986422,Cattasaurus - shoproxstore - Shopify,direct_to_consumer,fulfilled,2026-01-25,2026-01-27,2026-01-25,PA2,FedEx,1,1,13.98,2.1,0.0,16.08,shipmonk_estimate,USD
211145,7106908487990,Cattasaurus - shoproxstore - Shopify,direct_to_consumer,fulfilled,2026-01-25,2026-01-26,2026-01-25,TO1,FedEx,1,1,14.97,2.21,0.0,17.18,shipmonk_estimate,CAD+USD
211146,7106917499190,Cattasaurus - shoproxstore - Shopify,direct_to_consumer,fulfilled,2026-01-25,2026-01-28,2026-01-25,PA2,UPS,1,1,13.52,2.1,0.0,15.62,shipmonk_estimate,USD
211147,7106935882038,Cattasaurus - shoproxstore - Shopify,direct_to_consumer,fulfilled,2026-01-25,2026-01-27,2026-01-25,NV3,OnTrac,2,1,13.52,2.4,0.0,15.92,shipmonk_estimate,USD
211148,7106938634550,Cattasaurus - shoproxstore - Shopify,direct_to_consumer,fulfilled,2026-01-25,2026-01-27,2026-01-25,NV3,FedEx,1,1,13.98,2.1,0.0,16.08,shipmonk_estimate,USD
211149,7106946695478,Cattasaurus - shoproxstore - Shopify,direct_to_consumer,fulfilled,2026-01-25,2026-01-27,2026-01-25,PA2,OnTrac,1,1,12.57,2.1,0.0,14.67,shipmonk_estimate,USD
211150,7106954625334,Cattasaurus - shoproxstore - Shopify,direct_to_consumer,fulfilled,2026-01-25,2026-01-27,2026-01-25,PA2,OnTrac,1,1,12.66,2.1,0.0,14.76,shipmonk_estimate,USD
211151,7106973794614,Cattasaurus - shoproxstore - Shopify,direct_to_consumer,fulfilled,2026-01-25,2026-01-27,2026-01-25,PA2,OnTrac,1,1,12.57,2.1,0.0,14.67,shipmonk_estimate,USD
211152,7106975138102,Cattasaurus - shoproxstore - Shopify,direct_to_consumer,fulfilled,2026-01-25,2026-01-27,2026-01-25,PA2,FedEx,1,1,15.14,2.1,0.0,17.24,shipmonk_estimate,USD
211153,7106999484726,Cattasaurus - shoproxstore - Shopify,direct_to_consumer,fulfilled,2026-01-25,2026-01-27,2026-01-25,PA2,OnTrac,1,1,15.16,2.1,0.0,17.26,shipmonk_estimate,USD
211154,7107001811254,Cattasaurus - shoproxstore - Shopify,direct_to_consumer,fulfilled,2026-01-25,2026-01-27,2026-01-25,NV3,FedEx,1,1,15.92,2.1,0.0,18.02,shipmonk_estimate,USD
211155,7107002892598,Cattasaurus - shoproxstore - Shopify,direct_to_consumer,fulfilled,2026-01-25,2026-01-27,2026-01-25,NV3,FedEx,1,1,21.8,2.4,0.0,24.2,shipmonk_estimate,USD
211156,7107005284662,Cattasaurus - shoproxstore - Shopify,direct_to_consumer,fulfilled,2026-01-25,2026-01-27,2026-01-25,NV3,OnTrac,1,1,12.45,2.1,0.0,14.55,shipmonk_estimate,USD
211157,7107006300470,Cattasaurus - shoproxstore - Shopify,direct_to_consumer,fulfilled,2026-01-25,2026-01-26,2026-01-25,TO1,FedEx,1,1,36.08,2.21,0.0,38.29,shipmonk_estimate,CAD+USD
211158,7107029467446,Cattasaurus - shoproxstore - Shopify,direct_to_consumer,fulfilled,2026-01-25,2026-01-27,2026-01-25,NV3,OnTrac,1,1,14.35,2.7,0.0,17.05,shipmonk_estimate,USD
211159,7107060924726,Cattasaurus - shoproxstore - Shopify,direct_to_consumer,fulfilled,2026-01-25,2026-01-27,2026-01-25,PA2,OnTrac,1,1,14.27,2.4,0.0,16.67,shipmonk_estimate,USD
211160,7107064398134,Cattasaurus - shoproxstore - Shopify,direct_to_consumer,fulfilled,2026-01-25,2026-01-27,2026-01-25,NV3,FedEx,1,1,22.55,2.1,0.0,24.65,shipmonk_estimate,USD
211161,7107091824950,Cattasaurus - shoproxstore - Shopify,direct_to_consumer,fulfilled,2026-01-25,2026-01-27,2026-01-25,NV3,FedEx,1,1,17.65,2.1,0.0,19.75,shipmonk_estimate,USD
211162,7107096052022,Cattasaurus - shoproxstore - Shopify,direct_to_consumer,fulfilled,2026-01-25,2026-01-27,2026-01-25,NV3,OnTrac,1,1,14.35,2.1,0.0,16.45,shipmonk_estimate,USD
211163,7107098870070,Cattasaurus - shoproxstore - Shopify,direct_to_consumer,fulfilled,2026-01-25,2026-01-27,2026-01-25,NV3,OnTrac,1,1,13.52,2.1,0.0,15.62,shipmonk_estimate,USD
211164,7107104178486,Cattasaurus - shoproxstore - Shopify,direct_to_consumer,fulfilled,2026-01-25,2026-02-01,2026-01-25,PA2,UPS,1,1,17.34,2.4,0.0,19.74,shipmonk_estimate,USD
211164_1,dd50cdda-dc69-46e0-8394-9adc2f403bd1,Cattasaurus - shoproxstore - Shopify,direct_to_consumer,fulfilled,2026-01-25,2026-02-01,2026-01-25,PA2,UPS,1,1,14.35,2.7,0.0,17.05,shipmonk_estimate,USD
211165,7107109454134,Cattasaurus - shoproxstore - Shopify,direct_to_consumer,fulfilled,2026-01-25,2026-01-27,2026-01-25,PA2,FedEx,1,1,18.2,2.4,0.0,20.6,shipmonk_estimate,USD
211166,7107121283382,Cattasaurus - shoproxstore - Shopify,direct_to_consumer,fulfilled,2026-01-25,2026-01-26,2026-01-25,TO1,FedEx,1,1,46.52,2.21,0.0,48.73,shipmonk_estimate,CAD+USD
211167,7107135701302,Cattasaurus - shoproxstore - Shopify,direct_to_consumer,fulfilled,2026-01-25,2026-01-27,2026-01-25,NV3,OnTrac,2,1,12.66,2.4,0.0,15.06,shipmonk_estimate,USD
211168,7107144974646,Cattasaurus - shoproxstore - Shopify,direct_to_consumer,fulfilled,2026-01-25,2026-01-27,2026-01-25,NV3,OnTrac,1,1,12.77,2.1,0.0,14.87,shipmonk_estimate,USD
211169,7107147202870,Cattasaurus - shoproxstore - Shopify,direct_to_consumer,fulfilled,2026-01-25,2026-01-27,2026-01-25,NV3,OnTrac,1,1,12.77,2.1,0.0,14.87,shipmonk_estimate,USD
211170,7107172532534,Cattasaurus - shoproxstore - Shopify,direct_to_consumer,fulfilled,2026-01-25,2026-01-27,2026-01-25,PA2,UPS,1,1,16.86,2.7,0.0,19.56,shipmonk_estimate,USD
211171,7107218014518,Cattasaurus - shoproxstore - Shopify,direct_to_consumer,fulfilled,2026-01-25,2026-02-01,2026-01-25,PA2,OnTrac,2,1,16.86,3.0,0.0,19.86,shipmonk_estimate,USD
211172,7107270770998,Cattasaurus - shoproxstore - Shopify,direct_to_consumer,fulfilled,2026-01-25,2026-01-27,2026-01-25,PA2,OnTrac,1,1,10.89,1.8,0.5,13.19,shipmonk_estimate,USD
"Merged: 210994, 211011",85595680-9c42-4611-acba-bdd1384bf51b,Cattasaurus - shoproxstore - Shopify,direct_to_consumer,fulfilled,2026-01-25,2026-01-26,2026-01-25,TO1,FedEx,1,1,14.97,2.21,0.0,17.18,shipmonk_estimate,CAD+USD
"Merged: 211056, 211057",a08d576b-4927-4210-94a4-a1ca27b40406,Cattasaurus - shoproxstore - Shopify,direct_to_consumer,fulfilled,2026-01-25,2026-01-27,2026-01-25,PA2,OnTrac,2,1,14.27,2.4,0.0,16.67,shipmonk_estimate,USD
111-7774484-0165816,111-7774484-0165816,Cattasaurus - Amazon USA,direct_to_consumer,fulfilled,2026-01-26,2026-01-27,2026-01-26,PA2,OnTrac,1,1,14.37,1.5,0.0,15.87,shipmonk_estimate,USD
111-7774484-0165816_1,b98c71d9-4438-43e8-b07f-cc74bb0bbb57,Cattasaurus - Amazon USA,direct_to_consumer,fulfilled,2026-01-26,2026-01-27,2026-01-26,PA2,OnTrac,1,1,12.62,0.3,0.0,12.92,shipmonk_estimate,USD
112-0819675-6815417,112-0819675-6815417,Cattasaurus - Amazon USA,direct_to_consumer,fulfilled,2026-01-26,2026-01-26,2026-01-26,NV3,OnTrac,1,1,12.77,2.1,0.0,14.87,shipmonk_estimate,USD
112-1130524-3234639,112-1130524-3234639,Cattasaurus - Amazon USA,direct_to_consumer,fulfilled,2026-01-26,2026-01-27,2026-01-26,PA2,OnTrac,1,1,11.0,1.5,0.0,12.5,shipmonk_estimate,USD
112-1970450-9417044,112-1970450-9417044,Cattasaurus - Amazon USA,direct_to_consumer,fulfilled,2026-01-26,2026-01-26,2026-01-26,NV3,FedEx,1,1,14.57,2.1,0.0,16.67,shipmonk_estimate,USD
112-3939043-3873036,112-3939043-3873036,Cattasaurus - Amazon USA,direct_to_consumer,fulfilled,2026-01-26,2026-01-27,2026-01-26,PA2,OnTrac,1,1,11.68,2.1,0.0,13.78,shipmonk_estimate,USD
113-0738859-1464269,113-0738859-1464269,Cattasaurus - Amazon USA,direct_to_consumer,fulfilled,2026-01-26,2026-01-27,2026-01-26,NV3,OnTrac,1,1,15.16,2.1,0.0,17.26,shipmonk_estimate,USD
113-1929246-2049810,113-1929246-2049810,Cattasaurus - Amazon USA,direct_to_consumer,fulfilled,2026-01-26,2026-01-26,2026-01-26,NV3,OnTrac,1,1,17.17,2.1,0.0,19.27,shipmonk_estimate,USD
113-5849967-1594632,113-5849967-1594632,Cattasaurus - Amazon USA,direct_to_consumer,fulfilled,2026-01-26,2026-01-27,2026-01-26,NV3,FedEx,1,1,13.37,2.1,0.0,15.47,shipmonk_estimate,USD
113-7338169-6573043,113-7338169-6573043,Cattasaurus - Amazon USA,direct_to_consumer,fulfilled,2026-01-26,2026-01-26,2026-01-26,PA2,FedEx,1,1,15.16,2.1,0.0,17.26,shipmonk_estimate,USD
113-7673926-9657806,113-7673926-9657806,Cattasaurus - Amazon USA,direct_to_consumer,fulfilled,2026-01-26,2026-01-28,2026-01-26,PA2,OnTrac,1,1,15.95,2.1,0.0,18.05,shipmonk_estimate,USD
114-6050326-1804233,114-6050326-1804233,Cattasaurus - Amazon USA,direct_to_consumer,fulfilled,2026-01-26,2026-01-26,2026-01-26,NV3,OnTrac,1,1,12.8,2.1,0.0,14.9,shipmonk_estimate,USD
114-9584882-5931420,114-9584882-5931420,Cattasaurus - Amazon USA,direct_to_consumer,fulfilled,2026-01-26,2026-01-27,2026-01-26,PA2,OnTrac,1,1,9.67,1.5,0.0,11.17,shipmonk_estimate,USD
114-9584882-5931420_1,206cc2b2-0bb6-4061-a849-3145e251a071,Cattasaurus - Amazon USA,direct_to_consumer,fulfilled,2026-01-26,2026-01-27,2026-01-26,PA2,OnTrac,1,1,13.0,1.8,0.0,14.8,shipmonk_estimate,USD
114-9584882-5931420_2,e0645814-9566-40b7-99cc-e8467c4f303a,Cattasaurus - Amazon USA,direct_to_consumer,fulfilled,2026-01-26,2026-01-27,2026-01-26,PA2,OnTrac,1,1,8.58,1.5,0.0,10.08,shipmonk_estimate,USD
208636-01,1180b896-cd04-40b0-9143-81342ca32e74,Cattasaurus - shoproxstore - Shopify,direct_to_consumer,fulfilled,2026-01-26,2026-01-27,2026-01-26,NV3,OnTrac,1,1,23.74,1.8,0.0,25.54,shipmonk_estimate,USD
211173,7107346825526,Cattasaurus - shoproxstore - Shopify,direct_to_consumer,fulfilled,2026-01-26,2026-01-28,2026-01-26,PA2,OnTrac,1,1,12.66,2.1,0.0,14.76,shipmonk_estimate,USD
211174,7107396141366,Cattasaurus - shoproxstore - Shopify,direct_to_consumer,fulfilled,2026-01-26,2026-01-26,2026-01-26,TO1,FedEx,1,1,36.08,2.21,0.0,38.29,shipmonk_estimate,CAD+USD
211175,7107397288246,Cattasaurus - shoproxstore - Shopify,direct_to_consumer,fulfilled,2026-01-26,2026-01-27,2026-01-26,PA2,OnTrac,1,1,12.77,2.1,0.0,14.87,shipmonk_estimate,USD
211178,7107453387062,Cattasaurus - shoproxstore - Shopify,direct_to_consumer,fulfilled,2026-01-26,2026-01-27,2026-01-26,NV3,OnTrac,1,1,15.77,2.1,0.0,17.87,shipmonk_estimate,USD
211179,7107468001590,Cattasaurus - shoproxstore - Shopify,direct_to_consumer,fulfilled,2026-01-26,2026-01-27,2026-01-26,NV3,OnTrac,1,1,15.77,2.1,0.0,17.87,shipmonk_estimate,USD
211180,7107493986614,Cattasaurus - shoproxstore - Shopify,direct_to_consumer,fulfilled,2026-01-26,2026-01-28,2026-01-26,PA2,OnTrac,1,1,12.45,2.1,0.0,14.55,shipmonk_estimate,USD
211181,7107521773878,Cattasaurus - shoproxstore - Shopify,direct_to_consumer,fulfilled,2026-01-26,2026-01-27,2026-01-26,NV3,OnTrac,1,1,20.28,2.1,0.0,22.38,shipmonk_estimate,USD
211182,7107526983990,Cattasaurus - shoproxstore - Shopify,direct_to_consumer,fulfilled,2026-01-26,2026-01-28,2026-01-26,PA2,UPS,1,1,17.62,2.1,0.0,19.72,shipmonk_estimate,USD
211183,7107537699126,Cattasaurus - shoproxstore - Shopify,direct_to_consumer,fulfilled,2026-01-26,2026-01-27,2026-01-26,TO1,FedEx,1,1,17.87,2.21,0.0,20.08,shipmonk_estimate,CAD+USD
211184,7107552575798,Cattasaurus - shoproxstore - Shopify,direct_to_consumer,fulfilled,2026-01-26,2026-01-27,2026-01-26,NV3,UPS,1,1,23.5,2.1,0.0,25.6,shipmonk_estimate,USD
211185,7107556311350,Cattasaurus - shoproxstore - Shopify,direct_to_consumer,fulfilled,2026-01-26,2026-01-28,2026-01-26,PA2,FedEx,1,1,13.98,2.1,0.0,16.08,shipmonk_estimate,USD
211186,7107595370806,Cattasaurus - shoproxstore - Shopify,direct_to_consumer,fulfilled,2026-01-26,2026-01-28,2026-01-26,PA2,FedEx,1,1,17.65,2.1,0.0,19.75,shipmonk_estimate,USD
211187,7107596321078,Cattasaurus - shoproxstore - Shopify,direct_to_consumer,fulfilled,2026-01-26,2026-01-28,2026-01-26,PA2,UPS,1,1,14.14,2.1,0.0,16.24,shipmonk_estimate,USD
211188,7107605135670,Cattasaurus - shoproxstore - Shopify,direct_to_consumer,fulfilled,2026-01-26,2026-01-28,2026-01-26,PA2,OnTrac,1,1,12.66,2.1,0.0,14.76,shipmonk_estimate,USD
211189,7107611918646,Cattasaurus - shoproxstore - Shopify,direct_to_consumer,fulfilled,2026-01-26,2026-01-27,2026-01-26,NV3,FedEx,1,1,22.55,2.1,0.0,24.65,shipmonk_estimate,USD
211190,7107643343158,Cattasaurus - shoproxstore - Shopify,direct_to_consumer,fulfilled,2026-01-26,2026-01-29,2026-01-26,PA2,OnTrac,1,1,15.77,1.8,0.0,17.57,shipmonk_estimate,USD
211191,7107651928374,Cattasaurus - shoproxstore - Shopify,direct_to_consumer,fulfilled,2026-01-26,2026-01-27,2026-01-26,NV3,OnTrac,1,1,12.77,2.1,0.0,14.87,shipmonk_estimate,USD
211192,7107654680886,Cattasaurus - shoproxstore - Shopify,direct_to_consumer,fulfilled,2026-01-26,2026-01-28,2026-01-26,PA2,OnTrac,1,1,12.57,1.8,0.0,14.37,shipmonk_estimate,USD
211193,7107661365558,Cattasaurus - shoproxstore - Shopify,direct_to_consumer,fulfilled,2026-01-26,2026-02-01,2026-01-26,PA2,FedEx,1,1,13.98,2.1,0.0,16.08,shipmonk_estimate,USD
211193_1,02902160-50d9-4cd0-b66c-0d97e45dff9a,Cattasaurus - shoproxstore - Shopify,direct_to_consumer,fulfilled,2026-01-26,2026-01-31,2026-01-26,PA2,OnTrac,1,1,9.29,1.5,0.0,10.79,shipmonk_estimate,USD
211194,7107661758774,Cattasaurus - shoproxstore - Shopify,direct_to_consumer,fulfilled,2026-01-26,2026-01-27,2026-01-26,NV3,UPS,1,1,19.89,2.1,0.0,21.99,shipmonk_estimate,USD
211195,7107680338230,Cattasaurus - shoproxstore - Shopify,direct_to_consumer,fulfilled,2026-01-26,2026-01-28,2026-01-26,PA2,FedEx,1,1,14.57,2.1,0.0,16.67,shipmonk_estimate,USD
211196,7107684892982,Cattasaurus - shoproxstore - Shopify,direct_to_consumer,fulfilled,2026-01-26,2026-01-28,2026-01-26,PA2,FedEx,1,1,13.98,2.1,0.0,16.08,shipmonk_estimate,USD
211197,7107703308598,Cattasaurus - shoproxstore - Shopify,direct_to_consumer,fulfilled,2026-01-26,2026-01-27,2026-01-26,TO1,FedEx,1,1,17.33,2.21,0.0,19.54,shipmonk_estimate,CAD+USD
211198,7107714810166,Cattasaurus - shoproxstore - Shopify,direct_to_consumer,fulfilled,2026-01-26,2026-01-28,2026-01-26,PA2,OnTrac,1,1,13.37,2.1,0.0,15.47,shipmonk_estimate,USD
211199,7107720216886,Cattasaurus - shoproxstore - Shopify,direct_to_consumer,fulfilled,2026-01-26,2026-01-27,2026-01-26,NV3,UPS,1,1,17.62,2.1,0.0,19.72,shipmonk_estimate,USD
211200,7107730866486,Cattasaurus - shoproxstore - Shopify,direct_to_consumer,fulfilled,2026-01-26,2026-01-28,2026-01-26,PA2,FedEx,1,1,15.16,2.1,0.0,17.26,shipmonk_estimate,USD
211201,7107735945526,Cattasaurus - shoproxstore - Shopify,direct_to_consumer,fulfilled,2026-01-26,2026-01-27,2026-01-26,NV3,UPS,1,1,16.86,2.1,0.0,18.96,shipmonk_estimate,USD
211202,7107744006454,Cattasaurus - shoproxstore - Shopify,direct_to_consumer,fulfilled,2026-01-26,2026-01-27,2026-01-26,NV3,FedEx,1,1,22.55,2.1,0.0,24.65,shipmonk_estimate,USD
211203,7107753312566,Cattasaurus - shoproxstore - Shopify,direct_to_consumer,fulfilled,2026-01-26,2026-01-28,2026-01-26,PA2,OnTrac,1,1,17.34,2.1,0.0,19.44,shipmonk_estimate,USD
211204,7107757932854,Cattasaurus - shoproxstore - Shopify,direct_to_consumer,fulfilled,2026-01-26,2026-01-28,2026-01-26,PA2,OnTrac,2,1,12.45,2.4,0.0,14.85,shipmonk_estimate,USD
211205,7107758752054,Cattasaurus - shoproxstore - Shopify,direct_to_consumer,fulfilled,2026-01-26,2026-01-28,2026-01-26,PA2,FedEx,1,1,21.5,2.1,0.0,23.6,shipmonk_estimate,USD
211206,7107776905526,Cattasaurus - shoproxstore - Shopify,direct_to_consumer,fulfilled,2026-01-26,2026-01-28,2026-01-26,PA2,OnTrac,1,1,15.16,1.8,0.0,16.96,shipmonk_estimate,USD
211207,7107788603702,Cattasaurus - shoproxstore - Shopify,direct_to_consumer,fulfilled,2026-01-26,2026-01-28,2026-01-26,PA2,FedEx,1,1,17.65,2.1,0.0,19.75,shipmonk_estimate,USD
211208,7107802726710,Cattasaurus - shoproxstore - Shopify,direct_to_consumer,fulfilled,2026-01-26,2026-01-27,2026-01-26,TO1,FedEx,1,1,14.97,2.21,0.0,17.18,shipmonk_estimate,CAD+USD
211209,7107807543606,Cattasaurus - shoproxstore - Shopify,direct_to_consumer,fulfilled,2026-01-26,2026-02-02,2026-01-26,NV3,FedEx,1,1,22.51,2.1,0.0,24.61,shipmonk_estimate,USD
211210,7107837165878,Cattasaurus - shoproxstore - Shopify,direct_to_consumer,fulfilled,2026-01-26,2026-02-02,2026-01-26,NV3,FedEx,1,1,17.62,2.1,0.0,19.72,shipmonk_estimate,USD
211210_1,47578766-6fab-48b9-a7ea-0c22f6af4f3a,Cattasaurus - shoproxstore - Shopify,direct_to_consumer,fulfilled,2026-01-26,2026-02-04,2026-01-26,PA2,OnTrac,1,1,13.46,1.5,0.0,14.96,shipmonk_estimate,USD
211211,7107854008630,Cattasaurus - shoproxstore - Shopify,direct_to_consumer,fulfilled,2026-01-26,2026-01-28,2026-01-26,PA2,FedEx,1,1,17.65,2.1,0.0,19.75,shipmonk_estimate,USD
211212,7107864297782,Cattasaurus - shoproxstore - Shopify,direct_to_consumer,fulfilled,2026-01-26,2026-01-27,2026-01-26,NV3,OnTrac,1,1,13.52,1.8,0.0,15.32,shipmonk_estimate,USD
211213,7107869737270,Cattasaurus - shoproxstore - Shopify,direct_to_consumer,fulfilled,2026-01-26,2026-02-02,2026-01-26,NV3,OnTrac,1,1,18.55,2.7,0.0,21.25,shipmonk_estimate,USD
211213_1,279a1744-5a36-4a29-852b-e22725f1bc3f,Cattasaurus - shoproxstore - Shopify,direct_to_consumer,fulfilled,2026-01-26,2026-02-02,2026-01-26,NV3,OnTrac,1,1,10.78,1.5,0.0,12.28,shipmonk_estimate,USD
211214,7107874292022,Cattasaurus - shoproxstore - Shopify,direct_to_consumer,fulfilled,2026-01-26,2026-01-28,2026-01-26,PA2,FedEx,1,1,15.14,2.1,0.0,17.24,shipmonk_estimate,USD
211215,7107879338294,Cattasaurus - shoproxstore - Shopify,direct_to_consumer,fulfilled,2026-01-26,2026-01-27,2026-01-26,TO1,FedEx,1,1,14.2,2.21,0.0,16.41,shipmonk_estimate,CAD+USD
211216,7107884613942,Cattasaurus - shoproxstore - Shopify,direct_to_consumer,fulfilled,2026-01-26,2026-01-28,2026-01-26,PA2,UPS,1,1,14.27,2.4,0.0,16.67,shipmonk_estimate,USD
211217,7107885859126,Cattasaurus - shoproxstore - Shopify,direct_to_consumer,fulfilled,2026-01-26,2026-01-27,2026-01-26,NV3,OnTrac,1,1,12.45,2.1,0.0,14.55,shipmonk_estimate,USD
211218,7107887137078,Cattasaurus - shoproxstore - Shopify,direct_to_consumer,fulfilled,2026-01-26,2026-01-27,2026-01-26,NV3,UPS,2,1,14.69,2.4,0.0,17.09,shipmonk_estimate,USD
211219,7107893690678,Cattasaurus - shoproxstore - Shopify,direct_to_consumer,fulfilled,2026-01-26,2026-02-02,2026-01-26,NV3,FedEx,1,1,21.46,2.1,0.0,23.56,shipmonk_estimate,USD
211219_1,2125f193-46a4-49ff-92e2-5566082e7b78,Cattasaurus - shoproxstore - Shopify,direct_to_consumer,fulfilled,2026-01-26,2026-02-02,2026-01-26,NV3,FedEx,1,1,22.51,2.1,0.0,24.61,shipmonk_estimate,USD
211220,7107915940150,Cattasaurus - shoproxstore - Shopify,direct_to_consumer,fulfilled,2026-01-26,2026-01-27,2026-01-26,NV3,OnTrac,1,1,17.34,2.1,0.0,19.44,shipmonk_estimate,USD
211221,7107922592054,Cattasaurus - shoproxstore - Shopify,direct_to_consumer,fulfilled,2026-01-26,2026-02-01,2026-01-26,PA2,OnTrac,1,1,9.67,1.5,0.0,11.17,shipmonk_estimate,USD
211221_1,6dd2e6f9-899c-4324-b092-7030a4dcfc0b,Cattasaurus - shoproxstore - Shopify,direct_to_consumer,fulfilled,2026-01-26,2026-02-01,2026-01-26,PA2,OnTrac,1,1,9.67,1.5,0.0,11.17,shipmonk_estimate,USD
211221_2,44eda1b8-74cc-46de-8793-2286485405d8,Cattasaurus - shoproxstore - Shopify,direct_to_consumer,fulfilled,2026-01-26,2026-02-01,2026-01-26,PA2,OnTrac,1,1,8.58,1.5,0.0,10.08,shipmonk_estimate,USD
211221_3,4d3a2a13-317e-475e-947b-25cc1814639c,Cattasaurus - shoproxstore - Shopify,direct_to_consumer,fulfilled,2026-01-26,2026-02-01,2026-01-26,PA2,FedEx,1,1,15.92,2.1,0.0,18.02,shipmonk_estimate,USD
211221_4,8e2ac78f-be07-4451-9ef3-62c060e3b70d,Cattasaurus - shoproxstore - Shopify,direct_to_consumer,fulfilled,2026-01-26,2026-01-31,2026-01-26,PA2,OnTrac,1,1,9.67,1.5,0.0,11.17,shipmonk_estimate,USD
211222,7107925934390,Cattasaurus - shoproxstore - Shopify,direct_to_consumer,fulfilled,2026-01-26,2026-01-28,2026-01-26,PA2,FedEx,1,1,17.65,2.1,0.0,19.75,shipmonk_estimate,USD
211223,7107927245110,Cattasaurus - shoproxstore - Shopify,direct_to_consumer,fulfilled,2026-01-26,2026-01-27,2026-01-26,NV3,FedEx,1,1,16.12,2.1,0.0,18.22,shipmonk_estimate,USD
211224,7107927933238,Cattasaurus - shoproxstore - Shopify,direct_to_consumer,fulfilled,2026-01-26,2026-01-28,2026-01-26,PA2,OnTrac,1,1,14.14,2.1,0.0,16.24,shipmonk_estimate,USD
211225,7107928981814,Cattasaurus - shoproxstore - Shopify,direct_to_consumer,fulfilled,2026-01-26,2026-01-28,2026-01-26,NV3,OnTrac,1,1,17.34,2.1,0.0,19.44,shipmonk_estimate,USD
211226,7107933897014,Cattasaurus - shoproxstore - Shopify,direct_to_consumer,fulfilled,2026-01-26,2026-02-01,2026-01-26,PA2,OnTrac,3,1,11.68,2.7,0.0,14.38,shipmonk_estimate,USD
211226_1,bef78fa8-5828-4574-a941-054273f68140,Cattasaurus - shoproxstore - Shopify,direct_to_consumer,fulfilled,2026-01-26,2026-01-31,2026-01-26,PA2,OnTrac,1,1,9.45,1.5,0.0,10.95,shipmonk_estimate,USD
211227,7107946643766,Cattasaurus - shoproxstore - Shopify,direct_to_consumer,fulfilled,2026-01-26,2026-01-28,2026-01-26,PA2,OnTrac,1,1,14.46,2.1,0.0,16.56,shipmonk_estimate,USD
211228,7107955425590,Cattasaurus - shoproxstore - Shopify,direct_to_consumer,fulfilled,2026-01-26,2026-01-27,2026-01-26,TO1,FedEx,1,1,16.55,2.21,0.0,18.76,shipmonk_estimate,CAD+USD
211231,7107972268342,Cattasaurus - shoproxstore - Shopify,direct_to_consumer,fulfilled,2026-01-26,2026-01-27,2026-01-26,NV3,FedEx,1,1,15.92,2.1,0.0,18.02,shipmonk_estimate,USD
211232,7107976036662,Cattasaurus - shoproxstore - Shopify,direct_to_consumer,fulfilled,2026-01-26,2026-01-28,2026-01-26,PA2,OnTrac,1,1,15.16,2.1,0.0,17.26,shipmonk_estimate,USD
211233,7107991044406,Cattasaurus - shoproxstore - Shopify,direct_to_consumer,fulfilled,2026-01-26,2026-01-28,2026-01-26,PA2,OnTrac,1,1,23.5,2.1,0.0,25.6,shipmonk_estimate,USD
211234,7108027646262,Cattasaurus - shoproxstore - Shopify,direct_to_consumer,fulfilled,2026-01-26,2026-01-27,2026-01-26,TO1,FedEx,1,1,14.97,2.21,0.0,17.18,shipmonk_estimate,CAD+USD
211235,7108034724150,Cattasaurus - shoproxstore - Shopify,direct_to_consumer,fulfilled,2026-01-26,2026-01-28,2026-01-26,PA2,OnTrac,1,1,12.66,2.1,0.0,14.76,shipmonk_estimate,USD
211236,7108038426934,Cattasaurus - shoproxstore - Shopify,direct_to_consumer,fulfilled,2026-01-26,2026-01-28,2026-01-26,PA2,FedEx,1,1,15.16,2.1,0.0,17.26,shipmonk_estimate,USD
211237,7108050944310,Cattasaurus - shoproxstore - Shopify,direct_to_consumer,fulfilled,2026-01-26,2026-01-27,2026-01-26,NV3,FedEx,1,1,13.98,2.1,0.0,16.08,shipmonk_estimate,USD
211238,7108051632438,Cattasaurus - shoproxstore - Shopify,direct_to_consumer,fulfilled,2026-01-26,2026-01-27,2026-01-26,NV3,OnTrac,1,1,12.66,2.1,0.0,14.76,shipmonk_estimate,USD
211239,7108060741942,Cattasaurus - shoproxstore - Shopify,direct_to_consumer,fulfilled,2026-01-26,2026-01-28,2026-01-26,PA2,FedEx,1,1,17.65,2.1,0.0,19.75,shipmonk_estimate,USD
211240,7108077682998,Cattasaurus - shoproxstore - Shopify,direct_to_consumer,fulfilled,2026-01-26,2026-01-27,2026-01-26,NV3,OnTrac,1,1,18.2,2.4,0.0,20.6,shipmonk_estimate,USD
211241,7108078731574,Cattasaurus - shoproxstore - Shopify,direct_to_consumer,fulfilled,2026-01-26,2026-01-28,2026-01-26,PA2,UPS,1,1,14.14,2.1,0.0,16.24,shipmonk_estimate,USD
211242,7108082762038,Cattasaurus - shoproxstore - Shopify,direct_to_consumer,fulfilled,2026-01-26,2026-01-28,2026-01-26,NV3,OnTrac,1,1,14.35,2.1,0.0,16.45,shipmonk_estimate,USD
211243,7108088987958,Cattasaurus - shoproxstore - Shopify,direct_to_consumer,fulfilled,2026-01-26,2026-01-27,2026-01-26,TO1,FedEx,1,1,18.35,2.21,0.0,20.56,shipmonk_estimate,CAD+USD
211244,7108094361910,Cattasaurus - shoproxstore - Shopify,direct_to_consumer,fulfilled,2026-01-26,2026-02-01,2026-01-26,PA2,OnTrac,1,1,17.4,2.1,0.0,19.5,shipmonk_estimate,USD
211245,7108108386614,Cattasaurus - shoproxstore - Shopify,direct_to_consumer,fulfilled,2026-01-26,2026-01-27,2026-01-26,TO1,FedEx,1,1,34.83,2.21,0.0,37.04,shipmonk_estimate,CAD+USD
211246,7108111761718,Cattasaurus - shoproxstore - Shopify,direct_to_consumer,fulfilled,2026-01-26,2026-01-28,2026-01-26,PA2,FedEx,1,1,12.66,2.1,0.0,14.76,shipmonk_estimate,USD
211247,7108115890486,Cattasaurus - shoproxstore - Shopify,direct_to_consumer,fulfilled,2026-01-26,2026-01-28,2026-01-26,PA2,OnTrac,1,1,13.0,1.8,0.0,14.8,shipmonk_estimate,USD
211248,7108129718582,Cattasaurus - shoproxstore - Shopify,direct_to_consumer,fulfilled,2026-01-26,2026-01-27,2026-01-26,TO1,FedEx,1,1,31.11,2.21,0.0,33.32,shipmonk_estimate,CAD+USD
211249,7108130701622,Cattasaurus - shoproxstore - Shopify,direct_to_consumer,fulfilled,2026-01-26,2026-01-28,2026-01-26,PA2,UPS,1,1,15.97,2.1,0.0,18.07,shipmonk_estimate,USD
211250,7108130832694,Cattasaurus - shoproxstore - Shopify,direct_to_consumer,fulfilled,2026-01-26,2026-01-28,2026-01-26,PA2,FedEx,1,1,13.98,2.1,0.0,16.08,shipmonk_estimate,USD
211251,7108137713974,Cattasaurus - shoproxstore - Shopify,direct_to_consumer,fulfilled,2026-01-26,2026-01-28,2026-01-26,PA2,FedEx,1,1,15.14,2.1,0.0,17.24,shipmonk_estimate,USD
211252,7108139548982,Cattasaurus - shoproxstore - Shopify,direct_to_consumer,fulfilled,2026-01-26,2026-02-02,2026-01-26,NV3,UPS,1,1,18.2,2.1,0.0,20.3,shipmonk_estimate,USD
211252_1,67852b67-3e6c-4a60-a6b7-b8d12389a09a,Cattasaurus - shoproxstore - Shopify,direct_to_consumer,fulfilled,2026-01-26,2026-02-02,2026-01-26,NV3,UPS,1,1,16.82,2.1,0.0,18.92,shipmonk_estimate,USD
211253,7108146331958,Cattasaurus - shoproxstore - Shopify,direct_to_consumer,fulfilled,2026-01-26,2026-01-28,2026-01-26,PA2,OnTrac,1,1,15.16,2.1,0.0,17.26,shipmonk_estimate,USD
211254,7108154556726,Cattasaurus - shoproxstore - Shopify,direct_to_consumer,fulfilled,2026-01-26,2026-01-28,2026-01-26,PA2,FedEx,1,1,13.44,2.1,0.0,15.54,shipmonk_estimate,USD
211255,7108170514742,Cattasaurus - shoproxstore - Shopify,direct_to_consumer,fulfilled,2026-01-26,2026-01-28,2026-01-26,PA2,UPS,2,1,17.62,2.4,0.0,20.02,shipmonk_estimate,USD
211256,7108174315830,Cattasaurus - shoproxstore - Shopify,direct_to_consumer,fulfilled,2026-01-26,2026-01-28,2026-01-26,PA2,OnTrac,1,1,12.45,2.1,0.0,14.55,shipmonk_estimate,USD
211257,7108175528246,Cattasaurus - shoproxstore - Shopify,direct_to_consumer,fulfilled,2026-01-26,2026-01-28,2026-01-26,PA2,OnTrac,1,1,11.68,2.1,0.0,13.78,shipmonk_estimate,USD
211258,7108189258038,Cattasaurus - shoproxstore - Shopify,direct_to_consumer,fulfilled,2026-01-26,2026-01-27,2026-01-26,TO1,FedEx,1,1,11.91,2.21,0.0,14.12,shipmonk_estimate,CAD+USD
211259,7108192862518,Cattasaurus - shoproxstore - Shopify,direct_to_consumer,fulfilled,2026-01-26,2026-01-28,2026-01-26,PA2,OnTrac,1,1,12.57,2.1,0.0,14.67,shipmonk_estimate,USD
211260,7108206690614,Cattasaurus - shoproxstore - Shopify,direct_to_consumer,fulfilled,2026-01-26,2026-01-28,2026-01-26,PA2,OnTrac,1,1,12.66,2.1,0.0,14.76,shipmonk_estimate,USD
211261,7108209017142,Cattasaurus - shoproxstore - Shopify,direct_to_consumer,fulfilled,2026-01-26,2026-02-01,2026-01-26,PA2,UPS,1,1,19.89,2.1,0.0,21.99,shipmonk_estimate,USD
211261_1,dbe9f830-2c5d-43bd-bafe-b5e51bc72a00,Cattasaurus - shoproxstore - Shopify,direct_to_consumer,fulfilled,2026-01-26,2026-02-01,2026-01-26,PA2,DHL eCommerce,1,1,11.96,1.5,0.0,13.46,shipmonk_estimate,USD
211262,7108210655542,Cattasaurus - shoproxstore - Shopify,direct_to_consumer,fulfilled,2026-01-26,2026-02-02,2026-01-26,NV3,OnTrac,1,1,12.43,2.1,0.0,14.53,shipmonk_estimate,USD
211262_1,bc9a20db-8337-47fd-a293-e17e062a07dc,Cattasaurus - shoproxstore - Shopify,direct_to_consumer,fulfilled,2026-01-26,2026-02-04,2026-01-26,PA2,OnTrac,1,1,14.35,1.5,0.0,15.85,shipmonk_estimate,USD
211263,7108212818230,Cattasaurus - shoproxstore - Shopify,direct_to_consumer,fulfilled,2026-01-26,2026-01-27,2026-01-26,TO1,FedEx,1,1,16.76,2.21,0.0,18.97,shipmonk_estimate,CAD+USD
211264,7108213539126,Cattasaurus - shoproxstore - Shopify,direct_to_consumer,fulfilled,2026-01-26,2026-01-28,2026-01-26,PA2,OnTrac,1,1,13.52,2.1,0.0,15.62,shipmonk_estimate,USD
211265,7108224713014,Cattasaurus - shoproxstore - Shopify,direct_to_consumer,fulfilled,2026-01-26,2026-01-28,2026-01-26,NV3,OnTrac,1,1,12.45,2.1,0.0,14.55,shipmonk_estimate,USD
211266,7108248011062,Cattasaurus - shoproxstore - Shopify,direct_to_consumer,fulfilled,2026-01-26,2026-02-02,2026-01-26,TO1,FedEx,1,1,35.32,2.21,0.0,37.53,shipmonk_estimate,CAD+USD
211267,7108254990646,Cattasaurus - shoproxstore - Shopify,direct_to_consumer,fulfilled,2026-01-26,2026-01-28,2026-01-26,NV3,OnTrac,1,1,15.16,2.1,0.0,17.26,shipmonk_estimate,USD
211268,7108267704630,Cattasaurus - shoproxstore - Shopify,direct_to_consumer,fulfilled,2026-01-26,2026-01-28,2026-01-26,PA2,OnTrac,1,1,14.28,2.1,0.0,16.38,shipmonk_estimate,USD
211269,7108268163382,Cattasaurus - shoproxstore - Shopify,direct_to_consumer,fulfilled,2026-01-26,2026-01-28,2026-01-26,NV3,OnTrac,1,1,18.59,2.1,0.0,20.69,shipmonk_estimate,USD
211270,7108278419766,Cattasaurus - shoproxstore - Shopify,direct_to_consumer,fulfilled,2026-01-26,2026-01-28,2026-01-26,NV3,OnTrac,1,1,12.66,2.1,0.0,14.76,shipmonk_estimate,USD
211271,7108289134902,Cattasaurus - shoproxstore - Shopify,direct_to_consumer,fulfilled,2026-01-26,2026-01-28,2026-01-26,NV3,FedEx,1,1,18.56,2.1,0.0,20.66,shipmonk_estimate,USD
211272,7108290478390,Cattasaurus - shoproxstore - Shopify,direct_to_consumer,fulfilled,2026-01-26,2026-01-28,2026-01-26,PA2,UPS,1,1,14.69,2.1,0.0,16.79,shipmonk_estimate,USD
211273,7108329505078,Cattasaurus - shoproxstore - Shopify,direct_to_consumer,fulfilled,2026-01-26,2026-01-28,2026-01-26,PA2,FedEx,1,1,13.98,2.1,0.0,16.08,shipmonk_estimate,USD
211274,7108350935350,Cattasaurus - shoproxstore - Shopify,direct_to_consumer,fulfilled,2026-01-26,2026-01-28,2026-01-26,PA2,OnTrac,1,1,15.16,2.1,0.0,17.26,shipmonk_estimate,USD
211275,7108352672054,Cattasaurus - shoproxstore - Shopify,direct_to_consumer,fulfilled,2026-01-26,2026-01-27,2026-01-26,TO1,FedEx,1,1,33.92,2.21,0.0,36.13,shipmonk_estimate,CAD+USD
211276,7108368204086,Cattasaurus - shoproxstore - Shopify,direct_to_consumer,fulfilled,2026-01-26,2026-01-28,2026-01-26,NV3,UPS,1,1,14.69,2.1,0.0,16.79,shipmonk_estimate,USD
211277,7108369514806,Cattasaurus - shoproxstore - Shopify,direct_to_consumer,fulfilled,2026-01-26,2026-01-28,2026-01-26,NV3,OnTrac,1,1,12.66,2.1,0.0,14.76,shipmonk_estimate,USD
211278,7108381212982,Cattasaurus - shoproxstore - Shopify,direct_to_consumer,fulfilled,2026-01-26,2026-01-28,2026-01-26,NV3,OnTrac,1,1,17.34,2.1,0.0,19.44,shipmonk_estimate,USD
211279,7108382490934,Cattasaurus - shoproxstore - Shopify,direct_to_consumer,fulfilled,2026-01-26,2026-01-28,2026-01-26,PA2,FedEx,1,1,13.98,2.1,0.0,16.08,shipmonk_estimate,USD
211280,7108385046838,Cattasaurus - shoproxstore - Shopify,direct_to_consumer,fulfilled,2026-01-26,2026-01-28,2026-01-26,PA2,FedEx,1,1,12.45,2.1,0.0,14.55,shipmonk_estimate,USD
211281,7108404052278,Cattasaurus - shoproxstore - Shopify,direct_to_consumer,fulfilled,2026-01-26,2026-01-28,2026-01-26,NV3,OnTrac,1,1,15.16,2.1,0.0,17.26,shipmonk_estimate,USD
211282,7108419813686,Cattasaurus - shoproxstore - Shopify,direct_to_consumer,fulfilled,2026-01-26,2026-01-28,2026-01-26,NV3,FedEx,1,1,15.68,2.1,0.0,17.78,shipmonk_estimate,USD
211283,7108423713078,Cattasaurus - shoproxstore - Shopify,direct_to_consumer,fulfilled,2026-01-26,2026-01-28,2026-01-26,PA2,UPS,1,1,15.21,2.1,0.0,17.31,shipmonk_estimate,USD
211284,7108436623670,Cattasaurus - shoproxstore - Shopify,direct_to_consumer,fulfilled,2026-01-26,2026-01-28,2026-01-26,PA2,FedEx,1,1,17.65,2.1,0.0,19.75,shipmonk_estimate,USD
211285,7108437573942,Cattasaurus - shoproxstore - Shopify,direct_to_consumer,fulfilled,2026-01-26,2026-01-28,2026-01-26,PA2,FedEx,1,1,15.14,2.1,0.0,17.24,shipmonk_estimate,USD
211286,7108438032694,Cattasaurus - shoproxstore - Shopify,direct_to_consumer,fulfilled,2026-01-26,2026-02-01,2026-01-26,PA2,OnTrac,2,1,15.16,3.0,0.0,18.16,shipmonk_estimate,USD
211286_1,8edb663f-5adb-4a10-88af-4c2099fae8e3,Cattasaurus - shoproxstore - Shopify,direct_to_consumer,fulfilled,2026-01-26,2026-02-01,2026-01-26,PA2,OnTrac,1,1,13.5,2.7,0.0,16.2,shipmonk_estimate,USD
211287,7108438917430,Cattasaurus - shoproxstore - Shopify,direct_to_consumer,fulfilled,2026-01-26,2026-01-28,2026-01-26,PA2,OnTrac,1,1,15.77,2.1,0.0,17.87,shipmonk_estimate,USD
211288,7108447830326,Cattasaurus - shoproxstore - Shopify,direct_to_consumer,fulfilled,2026-01-26,2026-01-28,2026-01-26,PA2,UPS,1,1,17.62,2.1,0.0,19.72,shipmonk_estimate,USD
211289,7108477255990,Cattasaurus - shoproxstore - Shopify,direct_to_consumer,fulfilled,2026-01-26,2026-01-28,2026-01-26,NV3,FedEx,1,1,21.5,2.1,0.0,23.6,shipmonk_estimate,USD
211290,7108482236726,Cattasaurus - shoproxstore - Shopify,direct_to_consumer,fulfilled,2026-01-26,2026-01-31,2026-01-26,PA2,OnTrac,1,1,10.48,1.5,0.0,11.98,shipmonk_estimate,USD
211290_1,c89c7d85-6112-44f0-a701-da667e9105ec,Cattasaurus - shoproxstore - Shopify,direct_to_consumer,fulfilled,2026-01-26,2026-02-01,2026-01-26,PA2,OnTrac,2,1,6.04,1.8,0.5,8.34,shipmonk_estimate,USD
211290_2,5c5bba25-aff2-4a28-8529-35b91e4dae04,Cattasaurus - shoproxstore - Shopify,direct_to_consumer,fulfilled,2026-01-26,2026-02-01,2026-01-26,PA2,OnTrac,1,1,10.48,1.5,0.0,11.98,shipmonk_estimate,USD
211291,7108487315766,Cattasaurus - shoproxstore - Shopify,direct_to_consumer,fulfilled,2026-01-26,2026-01-28,2026-01-26,PA2,OnTrac,1,1,12.57,2.1,0.0,14.67,shipmonk_estimate,USD
211292,7108490854710,Cattasaurus - shoproxstore - Shopify,direct_to_consumer,fulfilled,2026-01-26,2026-01-28,2026-01-26,PA2,FedEx,1,1,18.56,2.1,0.0,20.66,shipmonk_estimate,USD
211293,7108513104182,Cattasaurus - shoproxstore - Shopify,direct_to_consumer,fulfilled,2026-01-26,2026-02-01,2026-01-26,PA2,OnTrac,1,1,15.16,2.1,0.0,17.26,shipmonk_estimate,USD
211293_1,8589fe3e-ccf2-487f-8ae3-e03cb3f6a148,Cattasaurus - shoproxstore - Shopify,direct_to_consumer,fulfilled,2026-01-26,2026-02-01,2026-01-26,PA2,OnTrac,1,1,15.16,2.1,0.0,17.26,shipmonk_estimate,USD
211294,7108513825078,Cattasaurus - shoproxstore - Shopify,direct_to_consumer,fulfilled,2026-01-26,2026-01-28,2026-01-26,PA2,FedEx,1,1,17.65,2.1,0.0,19.75,shipmonk_estimate,USD
211295,7108520706358,Cattasaurus - shoproxstore - Shopify,direct_to_consumer,fulfilled,2026-01-26,2026-01-27,2026-01-26,TO1,FedEx,1,1,14.97,2.21,0.0,17.18,shipmonk_estimate,CAD+USD
211296,7108520739126,Cattasaurus - shoproxstore - Shopify,direct_to_consumer,fulfilled,2026-01-26,2026-01-28,2026-01-26,NV3,FedEx,1,1,14.28,2.4,0.0,16.68,shipmonk_estimate,USD
211297,7108527653174,Cattasaurus - shoproxstore - Shopify,direct_to_consumer,fulfilled,2026-01-26,2026-01-28,2026-01-26,PA2,FedEx,1,1,15.16,2.1,0.0,17.26,shipmonk_estimate,USD
211298,7108531880246,Cattasaurus - shoproxstore - Shopify,direct_to_consumer,fulfilled,2026-01-26,2026-01-27,2026-01-26,TO1,FedEx,1,1,14.2,2.21,0.0,16.41,shipmonk_estimate,CAD+USD
211299,7108533387574,Cattasaurus - shoproxstore - Shopify,direct_to_consumer,fulfilled,2026-01-26,2026-01-28,2026-01-26,NV3,OnTrac,1,1,12.77,2.1,0.0,14.87,shipmonk_estimate,USD
211300,7108548526390,Cattasaurus - shoproxstore - Shopify,direct_to_consumer,fulfilled,2026-01-26,2026-01-28,2026-01-26,PA2,OnTrac,1,1,14.27,1.8,0.0,16.07,shipmonk_estimate,USD
211301,7108563108150,Cattasaurus - shoproxstore - Shopify,direct_to_consumer,fulfilled,2026-01-26,2026-01-28,2026-01-26,PA2,UPS,1,1,17.46,2.1,0.0,19.56,shipmonk_estimate,USD
211302,7108576674102,Cattasaurus - shoproxstore - Shopify,direct_to_consumer,fulfilled,2026-01-26,2026-01-27,2026-01-26,TO1,FedEx,1,1,12.71,2.21,0.0,14.92,shipmonk_estimate,CAD+USD
211303,7108577329462,Cattasaurus - shoproxstore - Shopify,direct_to_consumer,fulfilled,2026-01-26,2026-01-28,2026-01-26,PA2,FedEx,1,1,12.66,2.1,0.0,14.76,shipmonk_estimate,USD
211304,7108588208438,Cattasaurus - shoproxstore - Shopify,direct_to_consumer,fulfilled,2026-01-26,2026-01-28,2026-01-26,PA2,FedEx,1,1,15.16,2.7,0.0,17.86,shipmonk_estimate,USD
211305,7108655972662,Cattasaurus - shoproxstore - Shopify,direct_to_consumer,fulfilled,2026-01-26,2026-01-28,2026-01-26,NV3,OnTrac,1,1,12.45,2.1,0.0,14.55,shipmonk_estimate,USD
211306,7108670947638,Cattasaurus - shoproxstore - Shopify,direct_to_consumer,fulfilled,2026-01-26,2026-01-27,2026-01-26,TO1,FedEx,1,1,29.91,2.21,0.0,32.12,shipmonk_estimate,CAD+USD
211307,7108675404086,Cattasaurus - shoproxstore - Shopify,direct_to_consumer,fulfilled,2026-01-26,2026-01-27,2026-01-26,TO1,FedEx,1,1,14.3,2.21,0.0,16.51,shipmonk_estimate,CAD+USD
211308,7108679106870,Cattasaurus - shoproxstore - Shopify,direct_to_consumer,fulfilled,2026-01-26,2026-01-28,2026-01-26,NV3,FedEx,1,1,17.65,2.4,0.0,20.05,shipmonk_estimate,USD
211309,7108692640054,Cattasaurus - shoproxstore - Shopify,direct_to_consumer,fulfilled,2026-01-26,2026-01-28,2026-01-26,PA2,FedEx,1,1,12.66,2.1,0.0,14.76,shipmonk_estimate,USD
211310,7108776493366,Cattasaurus - shoproxstore - Shopify,direct_to_consumer,fulfilled,2026-01-26,2026-01-28,2026-01-26,PA2,OnTrac,1,1,14.14,2.1,0.0,16.24,shipmonk_estimate,USD
211311,7108842783030,Cattasaurus - shoproxstore - Shopify,direct_to_consumer,fulfilled,2026-01-26,2026-01-28,2026-01-26,NV3,UPS,1,1,17.62,2.1,0.0,19.72,shipmonk_estimate,USD
211312,7108921360694,Cattasaurus - shoproxstore - Shopify,direct_to_consumer,fulfilled,2026-01-26,2026-01-28,2026-01-26,NV3,FedEx,1,1,21.5,2.1,0.0,23.6,shipmonk_estimate,USD
"Merged: 210708, 210715-01",e9c3c842-3604-471a-9077-10400d69ec07,Cattasaurus - shoproxstore - Shopify,direct_to_consumer,fulfilled,2026-01-26,2026-01-28,2026-01-26,PA2,FedEx,1,1,17.65,2.1,0.0,19.75,shipmonk_estimate,USD
"Merged: 210994, 211011-01",9f976024-6488-4c67-8a5d-4e0d07ae7ff8,Cattasaurus - shoproxstore - Shopify,direct_to_consumer,fulfilled,2026-01-26,2026-01-26,2026-01-26,TO1,FedEx,1,1,14.3,2.21,0.0,16.51,shipmonk_estimate,CAD+USD
"Merged: 211176, 211177",7138e5d5-2ba7-4932-aa4a-5d4dbf63f221,Cattasaurus - shoproxstore - Shopify,direct_to_consumer,fulfilled,2026-01-26,2026-02-01,2026-01-26,PA2,UPS,2,1,19.89,2.4,0.0,22.29,shipmonk_estimate,USD
"Merged: 211230, 211229",75daed02-5038-4d16-80e2-2a5d3260cf26,Cattasaurus - shoproxstore - Shopify,direct_to_consumer,fulfilled,2026-01-26,2026-01-28,2026-01-26,PA2,FedEx,2,1,21.5,2.4,0.0,23.9,shipmonk_estimate,USD
WAL129102563688010,a8a0610c-2a59-4b9b-af55-21cd47b54ceb,Cattasaurus - Manual Store,direct_to_consumer,fulfilled,2026-01-26,2026-01-26,2026-01-26,PA2,OnTrac,1,1,12.66,1.8,0.0,14.46,shipmonk_estimate,USD
111-0926960-1513851,111-0926960-1513851,Cattasaurus - Amazon USA,direct_to_consumer,fulfilled,2026-01-27,2026-01-28,2026-01-27,PA2,OnTrac,1,1,13.58,2.1,0.0,15.68,shipmonk_estimate,USD
111-9217463-8589051,111-9217463-8589051,Cattasaurus - Amazon USA,direct_to_consumer,fulfilled,2026-01-27,2026-01-27,2026-01-27,NV3,FedEx,1,1,15.16,2.1,0.0,17.26,shipmonk_estimate,USD
112-7701421-4727417,112-7701421-4727417,Cattasaurus - Amazon USA,direct_to_consumer,fulfilled,2026-01-27,2026-01-28,2026-01-27,PA2,OnTrac,1,1,15.77,2.1,0.0,17.87,shipmonk_estimate,USD
113-4834726-0032260,113-4834726-0032260,Cattasaurus - Amazon USA,direct_to_consumer,fulfilled,2026-01-27,2026-01-27,2026-01-27,PA2,OnTrac,1,1,12.8,2.1,0.0,14.9,shipmonk_estimate,USD
113-5853512-8719453,113-5853512-8719453,Cattasaurus - Amazon USA,direct_to_consumer,fulfilled,2026-01-27,2026-01-27,2026-01-27,NV3,DHL eCommerce,1,1,6.22,1.5,0.3,8.02,shipmonk_estimate,USD
113-9499320-5755410,113-9499320-5755410,Cattasaurus - Amazon USA,direct_to_consumer,fulfilled,2026-01-27,2026-01-27,2026-01-27,PA2,OnTrac,1,1,11.89,2.5,0.0,14.39,shipmonk_estimate,USD
211313,7109141365046,Cattasaurus - shoproxstore - Shopify,direct_to_consumer,fulfilled,2026-01-27,2026-01-28,2026-01-27,PA2,OnTrac,3,1,15.16,2.7,0.0,17.86,shipmonk_estimate,USD
211314,7109205983542,Cattasaurus - shoproxstore - Shopify,direct_to_consumer,fulfilled,2026-01-27,2026-01-29,2026-01-27,PA2,OnTrac,1,1,17.46,1.8,0.0,19.26,shipmonk_estimate,USD
211314_1,248d0f55-4f8a-4364-ab7e-b304dd29b1f8,Cattasaurus - shoproxstore - Shopify,direct_to_consumer,fulfilled,2026-01-27,2026-01-29,2026-01-27,PA2,OnTrac,1,1,16.86,1.8,0.0,18.66,shipmonk_estimate,USD
211315,7109206147382,Cattasaurus - shoproxstore - Shopify,direct_to_consumer,fulfilled,2026-01-27,2026-01-28,2026-01-27,NV3,FedEx,1,1,18.56,2.1,0.0,20.66,shipmonk_estimate,USD
211316,7109215289654,Cattasaurus - shoproxstore - Shopify,direct_to_consumer,fulfilled,2026-01-27,2026-01-28,2026-01-27,PA2,FedEx,1,1,13.98,2.1,0.0,16.08,shipmonk_estimate,USD
211317,7109216633142,Cattasaurus - shoproxstore - Shopify,direct_to_consumer,fulfilled,2026-01-27,2026-01-27,2026-01-27,TO1,FedEx,1,1,17.33,2.21,0.0,19.54,shipmonk_estimate,CAD+USD
211318,7109218631990,Cattasaurus - shoproxstore - Shopify,direct_to_consumer,fulfilled,2026-01-27,2026-01-28,2026-01-27,PA2,OnTrac,1,1,12.45,2.1,0.0,14.55,shipmonk_estimate,USD
211319,7109232427318,Cattasaurus - shoproxstore - Shopify,direct_to_consumer,fulfilled,2026-01-27,2026-01-27,2026-01-27,TO1,FedEx,1,1,17.87,2.21,0.0,20.08,shipmonk_estimate,CAD+USD
211320,7109250089270,Cattasaurus - shoproxstore - Shopify,direct_to_consumer,fulfilled,2026-01-27,2026-01-27,2026-01-27,TO1,FedEx,1,1,17.87,2.21,0.0,20.08,shipmonk_estimate,CAD+USD
211321,7109269815606,Cattasaurus - shoproxstore - Shopify,direct_to_consumer,fulfilled,2026-01-27,2026-01-28,2026-01-27,NV3,OnTrac,1,1,12.66,2.1,0.0,14.76,shipmonk_estimate,USD
211322,7109272174902,Cattasaurus - shoproxstore - Shopify,direct_to_consumer,fulfilled,2026-01-27,2026-01-28,2026-01-27,PA2,OnTrac,1,1,12.66,2.1,0.0,14.76,shipmonk_estimate,USD
211323,7109281186102,Cattasaurus - shoproxstore - Shopify,direct_to_consumer,fulfilled,2026-01-27,2026-01-28,2026-01-27,PA2,FedEx,1,1,13.98,2.1,0.0,16.08,shipmonk_estimate,USD
211324,7109285118262,Cattasaurus - shoproxstore - Shopify,direct_to_consumer,fulfilled,2026-01-27,2026-01-28,2026-01-27,PA2,FedEx,1,1,17.17,1.8,0.0,18.97,shipmonk_estimate,USD
211325,7109287313718,Cattasaurus - shoproxstore - Shopify,direct_to_consumer,fulfilled,2026-01-27,2026-01-28,2026-01-27,PA2,OnTrac,1,1,12.57,2.1,0.0,14.67,shipmonk_estimate,USD
211326,7109290066230,Cattasaurus - shoproxstore - Shopify,direct_to_consumer,fulfilled,2026-01-27,2026-01-28,2026-01-27,PA2,FedEx,1,1,12.66,2.1,0.0,14.76,shipmonk_estimate,USD
211327,7109295112502,Cattasaurus - shoproxstore - Shopify,direct_to_consumer,fulfilled,2026-01-27,2026-02-02,2026-01-27,TO1,FedEx,1,1,15.15,2.21,0.0,17.36,shipmonk_estimate,CAD+USD
211328,7109303664950,Cattasaurus - shoproxstore - Shopify,direct_to_consumer,fulfilled,2026-01-27,2026-01-28,2026-01-27,NV3,OnTrac,1,1,15.21,2.1,0.0,17.31,shipmonk_estimate,USD
211329,7109306450230,Cattasaurus - shoproxstore - Shopify,direct_to_consumer,fulfilled,2026-01-27,2026-01-28,2026-01-27,PA2,OnTrac,1,1,11.68,2.1,0.0,13.78,shipmonk_estimate,USD
211330,7109312905526,Cattasaurus - shoproxstore - Shopify,direct_to_consumer,fulfilled,2026-01-27,2026-01-28,2026-01-27,TO1,FedEx,1,1,14.2,2.21,0.0,16.41,shipmonk_estimate,CAD+USD
211331,7109326176566,Cattasaurus - shoproxstore - Shopify,direct_to_consumer,fulfilled,2026-01-27,2026-01-28,2026-01-27,PA2,OnTrac,1,1,12.77,2.7,0.0,15.47,shipmonk_estimate,USD
211332,7109329584438,Cattasaurus - shoproxstore - Shopify,direct_to_consumer,fulfilled,2026-01-27,2026-01-28,2026-01-27,TO1,FedEx,1,1,16.87,2.21,0.0,19.08,shipmonk_estimate,CAD+USD
211333,7109344592182,Cattasaurus - shoproxstore - Shopify,direct_to_consumer,fulfilled,2026-01-27,2026-01-28,2026-01-27,PA2,FedEx,1,1,14.57,2.1,0.0,16.67,shipmonk_estimate,USD
211334,7109350457654,Cattasaurus - shoproxstore - Shopify,direct_to_consumer,fulfilled,2026-01-27,2026-01-28,2026-01-27,PA2,FedEx,1,1,15.14,2.1,0.0,17.24,shipmonk_estimate,USD
211335,7109354455350,Cattasaurus - shoproxstore - Shopify,direct_to_consumer,fulfilled,2026-01-27,2026-01-28,2026-01-27,NV3,FedEx,1,1,17.91,2.1,0.0,20.01,shipmonk_estimate,USD
211336,7109370085686,Cattasaurus - shoproxstore - Shopify,direct_to_consumer,fulfilled,2026-01-27,2026-02-01,2026-01-27,PA2,FedEx,1,1,15.92,2.1,0.0,18.02,shipmonk_estimate,USD
211336_1,4c439bb1-583e-4ea3-b6ef-27422d60fef8,Cattasaurus - shoproxstore - Shopify,direct_to_consumer,fulfilled,2026-01-27,2026-01-31,2026-01-27,PA2,OnTrac,1,1,11.0,1.5,0.0,12.5,shipmonk_estimate,USD
211337,7109383618870,Cattasaurus - shoproxstore - Shopify,direct_to_consumer,fulfilled,2026-01-27,2026-01-28,2026-01-27,NV3,OnTrac,1,1,15.16,2.1,0.0,17.26,shipmonk_estimate,USD
211338,7109386699062,Cattasaurus - shoproxstore - Shopify,direct_to_consumer,fulfilled,2026-01-27,2026-01-28,2026-01-27,PA2,OnTrac,1,1,12.66,2.1,0.0,14.76,shipmonk_estimate,USD
211339,7109388861750,Cattasaurus - shoproxstore - Shopify,direct_to_consumer,fulfilled,2026-01-27,2026-01-28,2026-01-27,PA2,OnTrac,1,1,11.68,2.1,0.0,13.78,shipmonk_estimate,USD
211340,7109397807414,Cattasaurus - shoproxstore - Shopify,direct_to_consumer,fulfilled,2026-01-27,2026-01-28,2026-01-27,NV3,OnTrac,1,1,12.45,2.1,0.0,14.55,shipmonk_estimate,USD
211341,7109402001718,Cattasaurus - shoproxstore - Shopify,direct_to_consumer,fulfilled,2026-01-27,2026-01-28,2026-01-27,PA2,OnTrac,1,1,15.16,2.1,0.0,17.26,shipmonk_estimate,USD
211342,7109404131638,Cattasaurus - shoproxstore - Shopify,direct_to_consumer,fulfilled,2026-01-27,2026-01-28,2026-01-27,PA2,UPS,1,1,20.26,2.1,0.0,22.36,shipmonk_estimate,USD
211343,7109410980150,Cattasaurus - shoproxstore - Shopify,direct_to_consumer,fulfilled,2026-01-27,2026-01-28,2026-01-27,PA2,FedEx,1,1,17.17,2.1,0.0,19.27,shipmonk_estimate,USD
211344,7109411733814,Cattasaurus - shoproxstore - Shopify,direct_to_consumer,fulfilled,2026-01-27,2026-01-28,2026-01-27,PA2,FedEx,1,1,15.14,2.1,0.0,17.24,shipmonk_estimate,USD
211345,7109417140534,Cattasaurus - shoproxstore - Shopify,direct_to_consumer,fulfilled,2026-01-27,2026-01-28,2026-01-27,TO1,FedEx,1,1,53.04,2.21,0.0,55.25,shipmonk_estimate,CAD+USD
211346,7109419368758,Cattasaurus - shoproxstore - Shopify,direct_to_consumer,fulfilled,2026-01-27,2026-02-01,2026-01-27,PA2,OnTrac,1,1,14.69,2.1,0.0,16.79,shipmonk_estimate,USD
211346_1,2da6b454-df78-40f5-86e8-2b3f16a9772b,Cattasaurus - shoproxstore - Shopify,direct_to_consumer,fulfilled,2026-01-27,2026-02-06,2026-01-27,PA2,OnTrac,1,1,12.67,1.5,0.0,14.17,shipmonk_estimate,USD
211347,7109458166070,Cattasaurus - shoproxstore - Shopify,direct_to_consumer,fulfilled,2026-01-27,2026-01-28,2026-01-27,NV3,UPS,1,1,19.09,2.1,0.0,21.19,shipmonk_estimate,USD
211348,7109466980662,Cattasaurus - shoproxstore - Shopify,direct_to_consumer,fulfilled,2026-01-27,2026-01-27,2026-01-27,TO1,FedEx,1,1,34.83,2.21,0.0,37.04,shipmonk_estimate,CAD+USD
211349,7109469012278,Cattasaurus - shoproxstore - Shopify,direct_to_consumer,fulfilled,2026-01-27,2026-01-28,2026-01-27,PA2,FedEx,1,1,17.65,1.8,0.0,19.45,shipmonk_estimate,USD
211350,7109482250550,Cattasaurus - shoproxstore - Shopify,direct_to_consumer,fulfilled,2026-01-27,2026-01-27,2026-01-27,TO1,FedEx,1,1,34.83,2.21,0.0,37.04,shipmonk_estimate,CAD+USD
211351,7109484085558,Cattasaurus - shoproxstore - Shopify,direct_to_consumer,fulfilled,2026-01-27,2026-01-28,2026-01-27,PA2,OnTrac,1,1,17.4,2.1,0.0,19.5,shipmonk_estimate,USD
211352,7109497651510,Cattasaurus - shoproxstore - Shopify,direct_to_consumer,fulfilled,2026-01-27,2026-01-28,2026-01-27,PA2,OnTrac,1,1,14.14,2.1,0.0,16.24,shipmonk_estimate,USD
211354,7109502861622,Cattasaurus - shoproxstore - Shopify,direct_to_consumer,fulfilled,2026-01-27,2026-01-28,2026-01-27,NV3,FedEx,1,1,13.0,2.1,0.0,15.1,shipmonk_estimate,USD
211355,7109508071734,Cattasaurus - shoproxstore - Shopify,direct_to_consumer,fulfilled,2026-01-27,2026-01-28,2026-01-27,PA2,OnTrac,1,1,12.45,2.1,0.0,14.55,shipmonk_estimate,USD
211357,7109523964214,Cattasaurus - shoproxstore - Shopify,direct_to_consumer,fulfilled,2026-01-27,2026-01-28,2026-01-27,PA2,FedEx,2,1,15.14,2.7,0.0,17.84,shipmonk_estimate,USD
211358,7109547655478,Cattasaurus - shoproxstore - Shopify,direct_to_consumer,fulfilled,2026-01-27,2026-02-01,2026-01-27,PA2,UPS,1,1,17.62,2.1,0.0,19.72,shipmonk_estimate,USD
211358_1,7fde0179-76ba-4ae2-9f0c-2ec3b03e1613,Cattasaurus - shoproxstore - Shopify,direct_to_consumer,fulfilled,2026-01-27,2026-02-01,2026-01-27,PA2,USPS,1,1,11.25,1.5,0.0,12.75,shipmonk_estimate,USD
211359,7109555192118,Cattasaurus - shoproxstore - Shopify,direct_to_consumer,fulfilled,2026-01-27,2026-01-28,2026-01-27,NV3,FedEx,1,1,21.5,2.1,0.0,23.6,shipmonk_estimate,USD
211360,7109563253046,Cattasaurus - shoproxstore - Shopify,direct_to_consumer,fulfilled,2026-01-27,2026-01-28,2026-01-27,NV3,FedEx,1,1,18.56,2.1,0.0,20.66,shipmonk_estimate,USD
211361,7109568758070,Cattasaurus - shoproxstore - Shopify,direct_to_consumer,fulfilled,2026-01-27,2026-01-28,2026-01-27,PA2,FedEx,1,1,19.35,2.1,0.0,21.45,shipmonk_estimate,USD
211362,7109579833654,Cattasaurus - shoproxstore - Shopify,direct_to_consumer,fulfilled,2026-01-27,2026-01-28,2026-01-27,NV3,UPS,1,1,19.6,2.1,0.0,21.7,shipmonk_estimate,USD
211363,7109583372598,Cattasaurus - shoproxstore - Shopify,direct_to_consumer,fulfilled,2026-01-27,2026-01-28,2026-01-27,PA2,FedEx,1,1,18.86,2.1,0.0,20.96,shipmonk_estimate,USD
211364,7109598019894,Cattasaurus - shoproxstore - Shopify,direct_to_consumer,fulfilled,2026-01-27,2026-01-29,2026-01-27,TO1,FedEx,1,1,20.05,2.21,0.0,22.26,shipmonk_estimate,CAD+USD
211365,7109604344118,Cattasaurus - shoproxstore - Shopify,direct_to_consumer,fulfilled,2026-01-27,2026-01-29,2026-01-27,TO1,FedEx,1,1,29.96,2.21,0.0,32.17,shipmonk_estimate,CAD+USD
211366,7109608735030,Cattasaurus - shoproxstore - Shopify,direct_to_consumer,fulfilled,2026-01-27,2026-01-28,2026-01-27,NV3,OnTrac,1,1,13.52,2.1,0.0,15.62,shipmonk_estimate,USD
211367,7109611159862,Cattasaurus - shoproxstore - Shopify,direct_to_consumer,fulfilled,2026-01-27,2026-01-29,2026-01-27,TO1,FedEx,1,1,13.69,2.21,0.0,15.9,shipmonk_estimate,CAD+USD
211368,7109618893110,Cattasaurus - shoproxstore - Shopify,direct_to_consumer,fulfilled,2026-01-27,2026-01-29,2026-01-27,PA2,FedEx,1,1,13.98,2.1,0.0,16.08,shipmonk_estimate,USD
211369,7109619777846,Cattasaurus - shoproxstore - Shopify,direct_to_consumer,fulfilled,2026-01-27,2026-01-29,2026-01-27,PA2,FedEx,1,1,21.5,2.1,0.0,23.6,shipmonk_estimate,USD
211370,7109621973302,Cattasaurus - shoproxstore - Shopify,direct_to_consumer,fulfilled,2026-01-27,2026-01-29,2026-01-27,PA2,FedEx,1,1,13.98,2.1,0.0,16.08,shipmonk_estimate,USD
211371,7109624693046,Cattasaurus - shoproxstore - Shopify,direct_to_consumer,fulfilled,2026-01-27,2026-01-29,2026-01-27,PA2,FedEx,1,1,17.65,2.1,0.0,19.75,shipmonk_estimate,USD
211372,7109634130230,Cattasaurus - shoproxstore - Shopify,direct_to_consumer,fulfilled,2026-01-27,2026-01-29,2026-01-27,PA2,OnTrac,1,1,11.68,2.1,0.0,13.78,shipmonk_estimate,USD
211373,7109637636406,Cattasaurus - shoproxstore - Shopify,direct_to_consumer,fulfilled,2026-01-27,2026-01-28,2026-01-27,TO1,FedEx,1,1,36.08,2.21,0.0,38.29,shipmonk_estimate,CAD+USD
211374,7109640421686,Cattasaurus - shoproxstore - Shopify,direct_to_consumer,fulfilled,2026-01-27,2026-01-29,2026-01-27,PA2,OnTrac,1,1,14.27,2.1,0.0,16.37,shipmonk_estimate,USD
211375,7109643764022,Cattasaurus - shoproxstore - Shopify,direct_to_consumer,fulfilled,2026-01-27,2026-01-29,2026-01-27,TO1,Passport,1,1,29.12,2.21,0.0,31.33,shipmonk_estimate,CAD+USD
211376,7109646221622,Cattasaurus - shoproxstore - Shopify,direct_to_consumer,fulfilled,2026-01-27,2026-01-29,2026-01-27,PA2,OnTrac,1,1,12.45,2.1,0.0,14.55,shipmonk_estimate,USD
211377,7109657657654,Cattasaurus - shoproxstore - Shopify,direct_to_consumer,fulfilled,2026-01-27,2026-01-29,2026-01-27,TO1,FedEx,1,1,23.58,2.21,0.0,25.79,shipmonk_estimate,CAD+USD
211378,7109665456438,Cattasaurus - shoproxstore - Shopify,direct_to_consumer,fulfilled,2026-01-27,2026-01-28,2026-01-27,NV3,FedEx,1,1,18.56,2.1,0.0,20.66,shipmonk_estimate,USD
211379,7109676859702,Cattasaurus - shoproxstore - Shopify,direct_to_consumer,fulfilled,2026-01-27,2026-01-29,2026-01-27,PA2,FedEx,2,1,13.98,2.4,0.0,16.38,shipmonk_estimate,USD
211380,7109677646134,Cattasaurus - shoproxstore - Shopify,direct_to_consumer,fulfilled,2026-01-27,2026-01-28,2026-01-27,NV3,UPS,1,1,23.74,2.1,0.0,25.84,shipmonk_estimate,USD
211381,7109696487734,Cattasaurus - shoproxstore - Shopify,direct_to_consumer,fulfilled,2026-01-27,2026-01-29,2026-01-27,TO1,Passport,1,1,24.62,2.91,0.0,27.53,shipmonk_estimate,CAD+USD
211382,7109696979254,Cattasaurus - shoproxstore - Shopify,direct_to_consumer,fulfilled,2026-01-27,2026-01-29,2026-01-27,PA2,OnTrac,1,1,11.68,2.1,0.0,13.78,shipmonk_estimate,USD
211383,7109705924918,Cattasaurus - shoproxstore - Shopify,direct_to_consumer,fulfilled,2026-01-27,2026-01-28,2026-01-27,NV3,OnTrac,1,1,14.35,2.1,0.0,16.45,shipmonk_estimate,USD
211384,7109707399478,Cattasaurus - shoproxstore - Shopify,direct_to_consumer,fulfilled,2026-01-27,2026-01-29,2026-01-27,PA2,OnTrac,1,1,16.86,2.1,0.0,18.96,shipmonk_estimate,USD
211385,7109707825462,Cattasaurus - shoproxstore - Shopify,direct_to_consumer,fulfilled,2026-01-27,2026-01-28,2026-01-27,NV3,OnTrac,1,1,23.5,2.1,0.0,25.6,shipmonk_estimate,USD
211386,7109726077238,Cattasaurus - shoproxstore - Shopify,direct_to_consumer,fulfilled,2026-01-27,2026-01-29,2026-01-27,PA2,UPS,1,1,14.14,2.1,0.0,16.24,shipmonk_estimate,USD
211387,7109747278134,Cattasaurus - shoproxstore - Shopify,direct_to_consumer,fulfilled,2026-01-27,2026-01-29,2026-01-27,PA2,FedEx,1,1,12.66,2.1,0.0,14.76,shipmonk_estimate,USD
211388,7109748687158,Cattasaurus - shoproxstore - Shopify,direct_to_consumer,fulfilled,2026-01-27,2026-01-29,2026-01-27,PA2,UPS,1,1,17.62,2.1,0.0,19.72,shipmonk_estimate,USD
211389,7109752553782,Cattasaurus - shoproxstore - Shopify,direct_to_consumer,fulfilled,2026-01-27,2026-01-29,2026-01-27,PA2,FedEx,1,1,15.65,2.4,0.0,18.05,shipmonk_estimate,USD
211390,7109760549174,Cattasaurus - shoproxstore - Shopify,direct_to_consumer,fulfilled,2026-01-27,2026-02-01,2026-01-27,PA2,OnTrac,1,1,12.45,2.1,0.0,14.55,shipmonk_estimate,USD
211390_1,43e693fe-adf1-4b69-b1f6-926848421039,Cattasaurus - shoproxstore - Shopify,direct_to_consumer,fulfilled,2026-01-27,2026-02-01,2026-01-27,PA2,OnTrac,1,1,9.29,1.5,0.0,10.79,shipmonk_estimate,USD
211391,7109761892662,Cattasaurus - shoproxstore - Shopify,direct_to_consumer,fulfilled,2026-01-27,2026-01-29,2026-01-27,PA2,OnTrac,1,1,12.77,2.1,0.0,14.87,shipmonk_estimate,USD
211392,7109761990966,Cattasaurus - shoproxstore - Shopify,direct_to_consumer,fulfilled,2026-01-27,2026-01-29,2026-01-27,PA2,OnTrac,1,1,11.68,2.1,0.0,13.78,shipmonk_estimate,USD
211393,7109765923126,Cattasaurus - shoproxstore - Shopify,direct_to_consumer,fulfilled,2026-01-27,2026-01-29,2026-01-27,TO1,Passport,1,1,30.21,2.21,0.0,32.42,shipmonk_estimate,CAD+USD
211394,7109774016822,Cattasaurus - shoproxstore - Shopify,direct_to_consumer,fulfilled,2026-01-27,2026-01-29,2026-01-27,PA2,FedEx,1,1,17.17,1.8,0.0,18.97,shipmonk_estimate,USD
211395,7109782929718,Cattasaurus - shoproxstore - Shopify,direct_to_consumer,fulfilled,2026-01-27,2026-01-28,2026-01-27,NV3,OnTrac,1,1,12.45,2.1,0.0,14.55,shipmonk_estimate,USD
211396,7109836308790,Cattasaurus - shoproxstore - Shopify,direct_to_consumer,fulfilled,2026-01-27,2026-01-29,2026-01-27,PA2,OnTrac,1,1,12.57,2.1,0.0,14.67,shipmonk_estimate,USD
211397,7109842075958,Cattasaurus - shoproxstore - Shopify,direct_to_consumer,fulfilled,2026-01-27,2026-01-29,2026-01-27,NV3,OnTrac,1,1,8.89,1.5,0.5,10.89,shipmonk_estimate,USD
211398,7109852234038,Cattasaurus - shoproxstore - Shopify,direct_to_consumer,fulfilled,2026-01-27,2026-01-29,2026-01-27,PA2,FedEx,1,1,15.14,2.1,0.0,17.24,shipmonk_estimate,USD
211399,7109856592182,Cattasaurus - shoproxstore - Shopify,direct_to_consumer,fulfilled,2026-01-27,2026-01-29,2026-01-27,NV3,FedEx,1,1,15.92,2.1,0.0,18.02,shipmonk_estimate,USD
211400,7109858754870,Cattasaurus - shoproxstore - Shopify,direct_to_consumer,fulfilled,2026-01-27,2026-01-29,2026-01-27,NV3,FedEx,1,1,17.65,2.1,0.0,19.75,shipmonk_estimate,USD
211401,7109860884790,Cattasaurus - shoproxstore - Shopify,direct_to_consumer,fulfilled,2026-01-27,2026-01-29,2026-01-27,PA2,OnTrac,1,1,11.68,2.1,0.0,13.78,shipmonk_estimate,USD
211402,7109870420278,Cattasaurus - shoproxstore - Shopify,direct_to_consumer,fulfilled,2026-01-27,2026-01-29,2026-01-27,PA2,OnTrac,1,1,15.16,2.1,0.0,17.26,shipmonk_estimate,USD
211403,7109871927606,Cattasaurus - shoproxstore - Shopify,direct_to_consumer,fulfilled,2026-01-27,2026-01-28,2026-01-27,TO1,FedEx,1,1,36.08,2.21,0.0,38.29,shipmonk_estimate,CAD+USD
211404,7109875007798,Cattasaurus - shoproxstore - Shopify,direct_to_consumer,fulfilled,2026-01-27,2026-01-29,2026-01-27,PA2,FedEx,2,1,17.65,2.4,0.0,20.05,shipmonk_estimate,USD
211405,7109924684086,Cattasaurus - shoproxstore - Shopify,direct_to_consumer,fulfilled,2026-01-27,2026-01-29,2026-01-27,NV3,FedEx,1,1,17.65,2.1,0.0,19.75,shipmonk_estimate,USD
211406,7109924847926,Cattasaurus - shoproxstore - Shopify,direct_to_consumer,fulfilled,2026-01-27,2026-01-29,2026-01-27,PA2,UPS,1,1,20.26,2.1,0.0,22.36,shipmonk_estimate,USD
211407,7109926322486,Cattasaurus - shoproxstore - Shopify,direct_to_consumer,fulfilled,2026-01-27,2026-01-29,2026-01-27,PA2,UPS,1,1,14.35,2.1,0.0,16.45,shipmonk_estimate,USD
211408,7109929369910,Cattasaurus - shoproxstore - Shopify,direct_to_consumer,fulfilled,2026-01-27,2026-01-29,2026-01-27,NV3,OnTrac,1,1,12.66,2.1,0.0,14.76,shipmonk_estimate,USD
211409,7109952373046,Cattasaurus - shoproxstore - Shopify,direct_to_consumer,fulfilled,2026-01-27,2026-01-29,2026-01-27,PA2,OnTrac,1,1,13.37,2.7,0.0,16.07,shipmonk_estimate,USD
211410,7109964398902,Cattasaurus - shoproxstore - Shopify,direct_to_consumer,fulfilled,2026-01-27,2026-02-01,2026-01-27,PA2,DHL eCommerce,1,1,8.8,1.5,0.0,10.3,shipmonk_estimate,USD
211410_1,4ce3caa8-c423-4806-9b2b-76b6f653e7c3,Cattasaurus - shoproxstore - Shopify,direct_to_consumer,fulfilled,2026-01-27,2026-02-01,2026-01-27,PA2,UPS,1,1,11.96,0.3,0.0,12.26,shipmonk_estimate,USD
211410_2,a497adb8-33f8-42de-bc73-af4c3d914701,Cattasaurus - shoproxstore - Shopify,direct_to_consumer,fulfilled,2026-01-27,2026-02-01,2026-01-27,PA2,DHL eCommerce,1,1,11.96,1.5,0.0,13.46,shipmonk_estimate,USD
211411,7109965152566,Cattasaurus - shoproxstore - Shopify,direct_to_consumer,fulfilled,2026-01-27,2026-01-29,2026-01-27,NV3,UPS,1,1,20.26,2.1,0.0,22.36,shipmonk_estimate,USD
211412,7109973344566,Cattasaurus - shoproxstore - Shopify,direct_to_consumer,fulfilled,2026-01-27,2026-01-29,2026-01-27,TO1,FedEx,1,1,15.0,2.21,0.0,17.21,shipmonk_estimate,CAD+USD
211413,7109987107126,Cattasaurus - shoproxstore - Shopify,direct_to_consumer,fulfilled,2026-01-27,2026-01-29,2026-01-27,NV3,OnTrac,1,1,14.23,2.5,0.0,16.73,shipmonk_estimate,USD
211414,7109997429046,Cattasaurus - shoproxstore - Shopify,direct_to_consumer,fulfilled,2026-01-27,2026-01-29,2026-01-27,PA2,OnTrac,1,1,12.45,2.1,0.0,14.55,shipmonk_estimate,USD
211415,7109998608694,Cattasaurus - shoproxstore - Shopify,direct_to_consumer,fulfilled,2026-01-27,2026-01-29,2026-01-27,PA2,OnTrac,1,1,14.27,2.1,0.0,16.37,shipmonk_estimate,USD
211416_1,8e5537c2-fa1b-4f11-a914-15d3d08c2115,Cattasaurus - shoproxstore - Shopify,direct_to_consumer,fulfilled,2026-01-27,2026-04-03,2026-01-27,NV3,DHL eCommerce,1,1,5.33,1.5,0.3,7.13,shipmonk_estimate,USD
211418,7110062801206,Cattasaurus - shoproxstore - Shopify,direct_to_consumer,fulfilled,2026-01-27,2026-01-28,2026-01-27,TO1,FedEx,1,1,29.59,2.21,0.0,31.8,shipmonk_estimate,CAD+USD
211420,7110108709174,Cattasaurus - shoproxstore - Shopify,direct_to_consumer,fulfilled,2026-01-27,2026-01-29,2026-01-27,PA2,OnTrac,1,1,15.16,2.1,0.0,17.26,shipmonk_estimate,USD
211421,7110142525750,Cattasaurus - shoproxstore - Shopify,direct_to_consumer,fulfilled,2026-01-27,2026-01-29,2026-01-27,TO1,Passport,1,1,45.18,2.21,0.0,47.39,shipmonk_estimate,CAD+USD
211422,7110148981046,Cattasaurus - shoproxstore - Shopify,direct_to_consumer,fulfilled,2026-01-27,2026-02-02,2026-01-27,NV3,FedEx,1,1,13.95,2.1,0.0,16.05,shipmonk_estimate,USD
211422_1,fb8684d7-70ca-4ebb-84bb-6bdbfa311659,Cattasaurus - shoproxstore - Shopify,direct_to_consumer,fulfilled,2026-01-27,2026-02-04,2026-01-27,PA2,OnTrac,1,1,14.35,1.5,0.0,15.85,shipmonk_estimate,USD
211423,7110155010358,Cattasaurus - shoproxstore - Shopify,direct_to_consumer,fulfilled,2026-01-27,2026-01-29,2026-01-27,PA2,FedEx,1,1,18.56,2.1,0.0,20.66,shipmonk_estimate,USD
211424,7110162940214,Cattasaurus - shoproxstore - Shopify,direct_to_consumer,fulfilled,2026-01-27,2026-01-28,2026-01-27,TO1,FedEx,1,1,34.85,2.21,0.0,37.06,shipmonk_estimate,CAD+USD
211425,7110173720886,Cattasaurus - shoproxstore - Shopify,direct_to_consumer,fulfilled,2026-01-27,2026-01-29,2026-01-27,PA2,OnTrac,1,1,12.45,2.1,0.0,14.55,shipmonk_estimate,USD
211426,7110202032438,Cattasaurus - shoproxstore - Shopify,direct_to_consumer,fulfilled,2026-01-27,2026-01-29,2026-01-27,TO1,FedEx,1,1,23.58,2.21,0.0,25.79,shipmonk_estimate,CAD+USD
211427,7110229885238,Cattasaurus - shoproxstore - Shopify,direct_to_consumer,fulfilled,2026-01-27,2026-02-02,2026-01-27,PA2,UPS,1,1,16.23,2.1,0.0,18.33,shipmonk_estimate,USD
211427_1,2e3e4ae1-a3d7-49d4-bce4-6f85c9054e00,Cattasaurus - shoproxstore - Shopify,direct_to_consumer,fulfilled,2026-01-27,2026-02-02,2026-01-27,PA2,UPS,1,1,16.23,2.1,0.0,18.33,shipmonk_estimate,USD
211428,7110230016310,Cattasaurus - shoproxstore - Shopify,direct_to_consumer,fulfilled,2026-01-27,2026-01-29,2026-01-27,PA2,OnTrac,1,1,15.77,2.1,0.0,17.87,shipmonk_estimate,USD
211429,7110249906486,Cattasaurus - shoproxstore - Shopify,direct_to_consumer,fulfilled,2026-01-27,2026-01-29,2026-01-27,PA2,OnTrac,1,1,12.57,2.1,0.0,14.67,shipmonk_estimate,USD
211430,7110268420406,Cattasaurus - shoproxstore - Shopify,direct_to_consumer,fulfilled,2026-01-27,2026-01-29,2026-01-27,PA2,UPS,1,1,19.89,2.1,0.0,21.99,shipmonk_estimate,USD
211431,7110269010230,Cattasaurus - shoproxstore - Shopify,direct_to_consumer,fulfilled,2026-01-27,2026-01-29,2026-01-27,TO1,FedEx,1,1,14.22,2.21,0.0,16.43,shipmonk_estimate,CAD+USD
211432,7110273696054,Cattasaurus - shoproxstore - Shopify,direct_to_consumer,fulfilled,2026-01-27,2026-01-29,2026-01-27,TO1,FedEx,1,1,14.22,2.21,0.0,16.43,shipmonk_estimate,CAD+USD
211433,7110276022582,Cattasaurus - shoproxstore - Shopify,direct_to_consumer,fulfilled,2026-01-27,2026-01-29,2026-01-27,NV3,FedEx,1,1,15.92,2.1,0.0,18.02,shipmonk_estimate,USD
211434,7110288048438,Cattasaurus - shoproxstore - Shopify,direct_to_consumer,fulfilled,2026-01-27,2026-01-29,2026-01-27,PA2,OnTrac,1,1,13.0,2.1,0.0,15.1,shipmonk_estimate,USD
211435,7110298599734,Cattasaurus - shoproxstore - Shopify,direct_to_consumer,fulfilled,2026-01-27,2026-01-28,2026-01-27,TO1,FedEx,1,1,29.36,2.21,0.0,31.57,shipmonk_estimate,CAD+USD
211436,7110311870774,Cattasaurus - shoproxstore - Shopify,direct_to_consumer,fulfilled,2026-01-27,2026-01-29,2026-01-27,PA2,OnTrac,1,1,9.67,1.5,0.0,11.17,shipmonk_estimate,USD
211437,7110315016502,Cattasaurus - shoproxstore - Shopify,direct_to_consumer,fulfilled,2026-01-27,2026-01-29,2026-01-27,PA2,FedEx,1,1,18.56,1.8,0.0,20.36,shipmonk_estimate,USD
211438,7110327796022,Cattasaurus - shoproxstore - Shopify,direct_to_consumer,fulfilled,2026-01-27,2026-01-29,2026-01-27,PA2,UPS,1,1,17.34,2.1,0.0,19.44,shipmonk_estimate,USD
211439,7110358204726,Cattasaurus - shoproxstore - Shopify,direct_to_consumer,fulfilled,2026-01-27,2026-01-29,2026-01-27,PA2,UPS,1,1,16.86,2.1,0.0,18.96,shipmonk_estimate,USD
211440,7110364037430,Cattasaurus - shoproxstore - Shopify,direct_to_consumer,fulfilled,2026-01-27,2026-01-29,2026-01-27,NV3,FedEx,1,1,17.65,2.1,0.0,19.75,shipmonk_estimate,USD
211441,7110384812342,Cattasaurus - shoproxstore - Shopify,direct_to_consumer,fulfilled,2026-01-27,2026-01-29,2026-01-27,PA2,UPS,1,1,17.62,2.1,0.0,19.72,shipmonk_estimate,USD
211442,7110398869814,Cattasaurus - shoproxstore - Shopify,direct_to_consumer,fulfilled,2026-01-27,2026-01-29,2026-01-27,PA2,FedEx,1,1,15.16,2.7,0.0,17.86,shipmonk_estimate,USD
211443,7110437273910,Cattasaurus - shoproxstore - Shopify,direct_to_consumer,fulfilled,2026-01-27,2026-01-29,2026-01-27,NV3,FedEx,1,1,17.4,2.1,0.0,19.5,shipmonk_estimate,USD
211444,7110438453558,Cattasaurus - shoproxstore - Shopify,direct_to_consumer,fulfilled,2026-01-27,2026-01-29,2026-01-27,PA2,OnTrac,1,1,12.57,2.1,0.0,14.67,shipmonk_estimate,USD
211445,7110438814006,Cattasaurus - shoproxstore - Shopify,direct_to_consumer,fulfilled,2026-01-27,2026-01-29,2026-01-27,PA2,FedEx,1,1,17.65,2.1,0.0,19.75,shipmonk_estimate,USD
211446,7110445334838,Cattasaurus - shoproxstore - Shopify,direct_to_consumer,fulfilled,2026-01-27,2026-01-29,2026-01-27,PA2,OnTrac,1,1,12.57,2.1,0.0,14.67,shipmonk_estimate,USD
211447,7110460178742,Cattasaurus - shoproxstore - Shopify,direct_to_consumer,fulfilled,2026-01-27,2026-01-29,2026-01-27,NV3,OnTrac,1,1,12.45,2.1,0.0,14.55,shipmonk_estimate,USD
211448,7110472040758,Cattasaurus - shoproxstore - Shopify,direct_to_consumer,fulfilled,2026-01-27,2026-01-29,2026-01-27,NV3,UPS,1,1,20.26,2.1,0.0,22.36,shipmonk_estimate,USD
211449,7110478725430,Cattasaurus - shoproxstore - Shopify,direct_to_consumer,fulfilled,2026-01-27,2026-01-28,2026-01-27,TO1,FedEx,1,1,12.74,2.21,0.0,14.95,shipmonk_estimate,CAD+USD
211449_1,14e09ddb-8e00-4c1f-a382-853b104119cd,Cattasaurus - shoproxstore - Shopify,direct_to_consumer,fulfilled,2026-01-27,2026-01-28,2026-01-27,TO1,FedEx,1,1,12.74,2.21,0.0,14.95,shipmonk_estimate,CAD+USD
211450,7110605078838,Cattasaurus - shoproxstore - Shopify,direct_to_consumer,fulfilled,2026-01-27,2026-01-28,2026-01-27,TO1,FedEx,1,1,30.73,2.21,0.0,32.94,shipmonk_estimate,CAD+USD
211451,7110650790198,Cattasaurus - shoproxstore - Shopify,direct_to_consumer,fulfilled,2026-01-27,2026-01-29,2026-01-27,TO1,Passport,1,1,35.43,2.21,0.0,37.64,shipmonk_estimate,CAD+USD
"Merged: 211353, 211356",709e6177-0f92-423f-9b4c-9a8b5426178a,Cattasaurus - shoproxstore - Shopify,direct_to_consumer,fulfilled,2026-01-27,2026-01-28,2026-01-27,PA2,OnTrac,2,1,12.57,3.0,0.0,15.57,shipmonk_estimate,USD
"Merged: 211417, 211419",307d2798-69c2-4b67-887d-87f56b0e4438,Cattasaurus - shoproxstore - Shopify,direct_to_consumer,fulfilled,2026-01-27,2026-02-01,2026-01-27,PA2,FedEx,1,1,15.14,2.1,0.0,17.24,shipmonk_estimate,USD
111-0067660-6334613,111-0067660-6334613,Cattasaurus - Amazon USA,direct_to_consumer,fulfilled,2026-01-28,2026-01-28,2026-01-28,PA2,OnTrac,1,1,11.68,2.1,0.0,13.78,shipmonk_estimate,USD
111-1128842-8855410,111-1128842-8855410,Cattasaurus - Amazon USA,direct_to_consumer,fulfilled,2026-01-28,2026-01-29,2026-01-28,PA2,OnTrac,1,1,12.66,2.1,0.0,14.76,shipmonk_estimate,USD
111-4929839-1683458,111-4929839-1683458,Cattasaurus - Amazon USA,direct_to_consumer,fulfilled,2026-01-28,2026-01-29,2026-01-28,PA2,OnTrac,1,1,11.68,2.1,0.0,13.78,shipmonk_estimate,USD
111-5098969-3935427,111-5098969-3935427,Cattasaurus - Amazon USA,direct_to_consumer,fulfilled,2026-01-28,2026-01-29,2026-01-28,PA2,OnTrac,1,1,11.68,2.1,0.0,13.78,shipmonk_estimate,USD
111-6427608-7906618,111-6427608-7906618,Cattasaurus - Amazon USA,direct_to_consumer,fulfilled,2026-01-28,2026-01-29,2026-01-28,NV3,OnTrac,1,1,17.91,2.1,0.0,20.01,shipmonk_estimate,USD
111-7072920-9168260,111-7072920-9168260,Cattasaurus - Amazon USA,direct_to_consumer,fulfilled,2026-01-28,2026-01-29,2026-01-28,PA2,UPS,1,1,10.37,1.5,0.0,11.87,shipmonk_estimate,USD
111-7072920-9168260_1,091f44d4-2ad3-4fc0-a217-aa579fb6e132,Cattasaurus - Amazon USA,direct_to_consumer,fulfilled,2026-01-28,2026-01-29,2026-01-28,PA2,UPS,1,1,12.0,0.3,0.0,12.3,shipmonk_estimate,USD
111-9897303-6813054,111-9897303-6813054,Cattasaurus - Amazon USA,direct_to_consumer,fulfilled,2026-01-28,2026-01-29,2026-01-28,PA2,OnTrac,1,1,17.46,2.1,0.0,19.56,shipmonk_estimate,USD
112-3152794-6453014,112-3152794-6453014,Cattasaurus - Amazon USA,direct_to_consumer,fulfilled,2026-01-28,2026-01-29,2026-01-28,PA2,OnTrac,1,1,15.77,2.1,0.0,17.87,shipmonk_estimate,USD
112-5594174-6576215,112-5594174-6576215,Cattasaurus - Amazon USA,direct_to_consumer,fulfilled,2026-01-28,2026-01-29,2026-01-28,PA2,OnTrac,1,1,9.0,1.5,0.0,10.5,shipmonk_estimate,USD
112-5594174-6576215_1,0073a0e1-bbf2-4b77-b046-90296be7f91f,Cattasaurus - Amazon USA,direct_to_consumer,fulfilled,2026-01-28,2026-01-29,2026-01-28,PA2,OnTrac,1,1,10.78,0.3,0.0,11.08,shipmonk_estimate,USD
112-5594174-6576215_2,2fde2dbc-23f0-4d8d-8f43-0939ce0f3c21,Cattasaurus - Amazon USA,direct_to_consumer,fulfilled,2026-01-28,2026-01-29,2026-01-28,PA2,OnTrac,1,1,17.91,1.8,0.0,19.71,shipmonk_estimate,USD
112-8100739-7552250,112-8100739-7552250,Cattasaurus - Amazon USA,direct_to_consumer,fulfilled,2026-01-28,2026-01-29,2026-01-28,PA2,OnTrac,1,1,17.17,2.1,0.0,19.27,shipmonk_estimate,USD
112-9674533-0332207,112-9674533-0332207,Cattasaurus - Amazon USA,direct_to_consumer,fulfilled,2026-01-28,2026-01-29,2026-01-28,NV3,OnTrac,1,1,14.35,2.1,0.0,16.45,shipmonk_estimate,USD
113-5432415-3965016,113-5432415-3965016,Cattasaurus - Amazon USA,direct_to_consumer,fulfilled,2026-01-28,2026-01-28,2026-01-28,NV3,OnTrac,1,1,15.16,2.1,0.0,17.26,shipmonk_estimate,USD
113-6098141-7309861,113-6098141-7309861,Cattasaurus - Amazon USA,direct_to_consumer,fulfilled,2026-01-28,2026-01-29,2026-01-28,PA2,OnTrac,1,1,13.52,2.1,0.0,15.62,shipmonk_estimate,USD
114-5707677-5154616,114-5707677-5154616,Cattasaurus - Amazon USA,direct_to_consumer,fulfilled,2026-01-28,2026-01-28,2026-01-28,NV3,FedEx,1,1,21.5,1.8,0.0,23.3,shipmonk_estimate,USD
114-6177524-8806631,114-6177524-8806631,Cattasaurus - Amazon USA,direct_to_consumer,fulfilled,2026-01-28,2026-01-29,2026-01-28,PA2,OnTrac,1,1,12.45,2.1,0.0,14.55,shipmonk_estimate,USD
114-7412548-5164253,114-7412548-5164253,Cattasaurus - Amazon USA,direct_to_consumer,fulfilled,2026-01-28,2026-01-28,2026-01-28,NV3,OnTrac,1,1,15.95,2.1,0.0,18.05,shipmonk_estimate,USD
211452,7110901727542,Cattasaurus - shoproxstore - Shopify,direct_to_consumer,fulfilled,2026-01-28,2026-01-29,2026-01-28,PA2,OnTrac,1,1,12.45,1.8,0.0,14.25,shipmonk_estimate,USD
211453,7110944293174,Cattasaurus - shoproxstore - Shopify,direct_to_consumer,fulfilled,2026-01-28,2026-01-29,2026-01-28,PA2,OnTrac,1,1,12.57,2.1,0.0,14.67,shipmonk_estimate,USD
211454,7110958022966,Cattasaurus - shoproxstore - Shopify,direct_to_consumer,fulfilled,2026-01-28,2026-01-29,2026-01-28,PA2,OnTrac,1,1,15.16,2.1,0.0,17.26,shipmonk_estimate,USD
211455,7110958580022,Cattasaurus - shoproxstore - Shopify,direct_to_consumer,fulfilled,2026-01-28,2026-01-29,2026-01-28,NV3,FedEx,1,1,21.5,2.1,0.0,23.6,shipmonk_estimate,USD
211456,7110963724598,Cattasaurus - shoproxstore - Shopify,direct_to_consumer,fulfilled,2026-01-28,2026-01-29,2026-01-28,TO1,FedEx,1,1,15.0,2.21,0.0,17.21,shipmonk_estimate,CAD+USD
211457,7110966804790,Cattasaurus - shoproxstore - Shopify,direct_to_consumer,fulfilled,2026-01-28,2026-01-29,2026-01-28,PA2,UPS,1,1,20.26,2.1,0.0,22.36,shipmonk_estimate,USD
211458,7110973587766,Cattasaurus - shoproxstore - Shopify,direct_to_consumer,fulfilled,2026-01-28,2026-01-29,2026-01-28,PA2,OnTrac,3,1,14.69,2.4,0.0,17.09,shipmonk_estimate,USD
211459,7110995640630,Cattasaurus - shoproxstore - Shopify,direct_to_consumer,fulfilled,2026-01-28,2026-01-29,2026-01-28,TO1,Passport,1,1,38.91,2.21,0.0,41.12,shipmonk_estimate,CAD+USD
211460,7111001899318,Cattasaurus - shoproxstore - Shopify,direct_to_consumer,fulfilled,2026-01-28,2026-01-29,2026-01-28,PA2,FedEx,1,1,13.98,2.1,0.0,16.08,shipmonk_estimate,USD
211461,7111007994166,Cattasaurus - shoproxstore - Shopify,direct_to_consumer,fulfilled,2026-01-28,2026-01-29,2026-01-28,NV3,FedEx,1,1,22.55,2.1,0.0,24.65,shipmonk_estimate,USD
211462,7111021625654,Cattasaurus - shoproxstore - Shopify,direct_to_consumer,fulfilled,2026-01-28,2026-01-29,2026-01-28,PA2,OnTrac,1,1,14.28,3.3,0.0,17.58,shipmonk_estimate,USD
211463,7111024476470,Cattasaurus - shoproxstore - Shopify,direct_to_consumer,fulfilled,2026-01-28,2026-01-29,2026-01-28,PA2,OnTrac,1,1,11.68,2.1,0.0,13.78,shipmonk_estimate,USD
211464,7111027720502,Cattasaurus - shoproxstore - Shopify,direct_to_consumer,fulfilled,2026-01-28,2026-01-29,2026-01-28,PA2,UPS,1,1,16.86,2.1,0.0,18.96,shipmonk_estimate,USD
211465,7111062421814,Cattasaurus - shoproxstore - Shopify,direct_to_consumer,fulfilled,2026-01-28,2026-01-29,2026-01-28,PA2,OnTrac,1,1,12.57,2.1,0.0,14.67,shipmonk_estimate,USD
211466,7111065633078,Cattasaurus - shoproxstore - Shopify,direct_to_consumer,fulfilled,2026-01-28,2026-01-29,2026-01-28,PA2,FedEx,1,1,18.56,2.1,0.0,20.66,shipmonk_estimate,USD
211467,7111083065654,Cattasaurus - shoproxstore - Shopify,direct_to_consumer,fulfilled,2026-01-28,2026-01-29,2026-01-28,PA2,FedEx,1,1,15.14,2.1,0.0,17.24,shipmonk_estimate,USD
211468,7111101514038,Cattasaurus - shoproxstore - Shopify,direct_to_consumer,fulfilled,2026-01-28,2026-01-29,2026-01-28,PA2,UPS,1,1,16.86,2.1,0.0,18.96,shipmonk_estimate,USD
211469,7111102366006,Cattasaurus - shoproxstore - Shopify,direct_to_consumer,fulfilled,2026-01-28,2026-02-02,2026-01-28,PA2,OnTrac,1,1,14.12,1.8,0.0,15.92,shipmonk_estimate,USD
211469_1,93e5ae1d-8e3b-4ba2-abe7-cc1f617a823a,Cattasaurus - shoproxstore - Shopify,direct_to_consumer,fulfilled,2026-01-28,2026-02-02,2026-01-28,PA2,OnTrac,1,1,13.56,2.7,0.0,16.26,shipmonk_estimate,USD
211469_2,f6488b33-3a90-4479-a7ce-00ccab626107,Cattasaurus - shoproxstore - Shopify,direct_to_consumer,fulfilled,2026-01-28,2026-02-02,2026-01-28,PA2,DHL eCommerce,1,1,10.87,1.5,0.0,12.37,shipmonk_estimate,USD
211470,7111111737654,Cattasaurus - shoproxstore - Shopify,direct_to_consumer,fulfilled,2026-01-28,2026-01-29,2026-01-28,PA2,OnTrac,2,1,15.77,2.4,0.0,18.17,shipmonk_estimate,USD
211471,7111118782774,Cattasaurus - shoproxstore - Shopify,direct_to_consumer,fulfilled,2026-01-28,2026-01-29,2026-01-28,PA2,FedEx,1,1,17.65,2.1,0.0,19.75,shipmonk_estimate,USD
211472,7111120486710,Cattasaurus - shoproxstore - Shopify,direct_to_consumer,fulfilled,2026-01-28,2026-01-29,2026-01-28,PA2,UPS,1,1,17.62,2.1,0.0,19.72,shipmonk_estimate,USD
211473,7111124222262,Cattasaurus - shoproxstore - Shopify,direct_to_consumer,fulfilled,2026-01-28,2026-01-29,2026-01-28,NV3,OnTrac,1,1,15.77,2.1,0.0,17.87,shipmonk_estimate,USD
211476,7111138181430,Cattasaurus - shoproxstore - Shopify,direct_to_consumer,fulfilled,2026-01-28,2026-01-29,2026-01-28,PA2,UPS,1,1,19.89,2.4,0.0,22.29,shipmonk_estimate,USD
211477,7111145718070,Cattasaurus - shoproxstore - Shopify,direct_to_consumer,fulfilled,2026-01-28,2026-01-29,2026-01-28,NV3,OnTrac,1,1,12.66,2.1,0.0,14.76,shipmonk_estimate,USD
211478,7111159578934,Cattasaurus - shoproxstore - Shopify,direct_to_consumer,fulfilled,2026-01-28,2026-02-02,2026-01-28,TO1,FedEx,1,1,18.07,2.21,0.0,20.28,shipmonk_estimate,CAD+USD
211478_1,3a4238cb-20f2-499d-a5f8-6e5c37d95f62,Cattasaurus - shoproxstore - Shopify,direct_to_consumer,fulfilled,2026-01-28,2026-02-02,2026-01-28,TO1,FedEx,1,1,18.07,2.21,0.0,20.28,shipmonk_estimate,CAD+USD
211479,7111180288310,Cattasaurus - shoproxstore - Shopify,direct_to_consumer,fulfilled,2026-01-28,2026-01-29,2026-01-28,PA2,OnTrac,1,1,15.77,2.1,0.0,17.87,shipmonk_estimate,USD
211480,7111184843062,Cattasaurus - shoproxstore - Shopify,direct_to_consumer,fulfilled,2026-01-28,2026-01-29,2026-01-28,PA2,UPS,1,1,16.26,2.1,0.0,18.36,shipmonk_estimate,USD
211481,7111195754806,Cattasaurus - shoproxstore - Shopify,direct_to_consumer,fulfilled,2026-01-28,2026-02-02,2026-01-28,NV3,OnTrac,2,1,14.32,2.1,0.0,16.42,shipmonk_estimate,USD
211482,7111196082486,Cattasaurus - shoproxstore - Shopify,direct_to_consumer,fulfilled,2026-01-28,2026-01-29,2026-01-28,NV3,OnTrac,1,1,12.45,1.8,0.0,14.25,shipmonk_estimate,USD
211483,7111206109494,Cattasaurus - shoproxstore - Shopify,direct_to_consumer,fulfilled,2026-01-28,2026-01-29,2026-01-28,PA2,FedEx,1,1,15.14,2.1,0.0,17.24,shipmonk_estimate,USD
211484,7111212204342,Cattasaurus - shoproxstore - Shopify,direct_to_consumer,fulfilled,2026-01-28,2026-01-29,2026-01-28,PA2,UPS,1,1,17.34,2.4,0.0,19.74,shipmonk_estimate,USD
211485,7111226491190,Cattasaurus - shoproxstore - Shopify,direct_to_consumer,fulfilled,2026-01-28,2026-01-29,2026-01-28,NV3,UPS,2,1,20.26,2.4,0.0,22.66,shipmonk_estimate,USD
211486,7111246709046,Cattasaurus - shoproxstore - Shopify,direct_to_consumer,fulfilled,2026-01-28,2026-02-02,2026-01-28,NV3,OnTrac,1,1,20.24,2.1,0.0,22.34,shipmonk_estimate,USD
211486_1,5bf099df-71e8-4f79-807a-75c758ac86a3,Cattasaurus - shoproxstore - Shopify,direct_to_consumer,fulfilled,2026-01-28,2026-02-02,2026-01-28,NV3,OnTrac,1,1,20.24,2.1,0.0,22.34,shipmonk_estimate,USD
211487,7111259291958,Cattasaurus - shoproxstore - Shopify,direct_to_consumer,fulfilled,2026-01-28,2026-01-29,2026-01-28,PA2,FedEx,1,1,17.65,2.1,0.0,19.75,shipmonk_estimate,USD
211488,7111266271542,Cattasaurus - shoproxstore - Shopify,direct_to_consumer,fulfilled,2026-01-28,2026-01-29,2026-01-28,TO1,FedEx,1,1,29.96,2.21,0.0,32.17,shipmonk_estimate,CAD+USD
211489,7111268532534,Cattasaurus - shoproxstore - Shopify,direct_to_consumer,fulfilled,2026-01-28,2026-02-02,2026-01-28,PA2,UPS,2,1,16.82,2.4,0.0,19.22,shipmonk_estimate,USD
211489_1,073cb5fb-8691-4f54-91a6-24e391cef2dc,Cattasaurus - shoproxstore - Shopify,direct_to_consumer,fulfilled,2026-01-28,2026-02-02,2026-01-28,PA2,UPS,1,1,11.96,1.5,0.0,13.46,shipmonk_estimate,USD
211489_2,45252bc1-0b1f-4693-88f1-fce1ae3d30d9,Cattasaurus - shoproxstore - Shopify,direct_to_consumer,fulfilled,2026-01-28,2026-02-02,2026-01-28,PA2,UPS,1,1,11.96,1.5,0.0,13.46,shipmonk_estimate,USD
211490,7111272890678,Cattasaurus - shoproxstore - Shopify,direct_to_consumer,fulfilled,2026-01-28,2026-01-29,2026-01-28,NV3,FedEx,1,1,14.57,2.1,0.0,16.67,shipmonk_estimate,USD
211491,7111273644342,Cattasaurus - shoproxstore - Shopify,direct_to_consumer,fulfilled,2026-01-28,2026-02-02,2026-01-28,PA2,USPS,1,1,6.04,1.5,0.5,8.04,shipmonk_estimate,USD
211491_1,5fc4813a-cb43-4b90-b10b-cdcbe70ead2d,Cattasaurus - shoproxstore - Shopify,direct_to_consumer,fulfilled,2026-01-28,2026-02-02,2026-01-28,PA2,UPS,1,1,10.98,0.3,0.0,11.28,shipmonk_estimate,USD
211491_2,a04d39b9-797b-4b8f-bc59-11654120d5c7,Cattasaurus - shoproxstore - Shopify,direct_to_consumer,fulfilled,2026-01-28,2026-02-02,2026-01-28,PA2,USPS,1,1,9.67,1.5,0.0,11.17,shipmonk_estimate,USD
211494,7111299858742,Cattasaurus - shoproxstore - Shopify,direct_to_consumer,fulfilled,2026-01-28,2026-01-29,2026-01-28,PA2,FedEx,1,1,15.16,2.1,0.0,17.26,shipmonk_estimate,USD
211495,7111300874550,Cattasaurus - shoproxstore - Shopify,direct_to_consumer,fulfilled,2026-01-28,2026-01-29,2026-01-28,PA2,OnTrac,1,1,13.37,2.1,0.0,15.47,shipmonk_estimate,USD
211496,7111305036086,Cattasaurus - shoproxstore - Shopify,direct_to_consumer,fulfilled,2026-01-28,2026-01-29,2026-01-28,PA2,FedEx,1,1,17.65,2.1,0.0,19.75,shipmonk_estimate,USD
211497,7111305822518,Cattasaurus - shoproxstore - Shopify,direct_to_consumer,fulfilled,2026-01-28,2026-01-29,2026-01-28,PA2,OnTrac,1,1,14.27,2.1,0.0,16.37,shipmonk_estimate,USD
211498,7111311819062,Cattasaurus - shoproxstore - Shopify,direct_to_consumer,fulfilled,2026-01-28,2026-01-29,2026-01-28,PA2,UPS,1,1,24.25,2.1,0.0,26.35,shipmonk_estimate,USD
211499,7111315030326,Cattasaurus - shoproxstore - Shopify,direct_to_consumer,fulfilled,2026-01-28,2026-01-29,2026-01-28,PA2,UPS,1,1,19.89,2.1,0.0,21.99,shipmonk_estimate,USD
211500,7111322894646,Cattasaurus - shoproxstore - Shopify,direct_to_consumer,fulfilled,2026-01-28,2026-01-29,2026-01-28,NV3,UPS,1,1,16.86,2.1,0.0,18.96,shipmonk_estimate,USD
211501,7111330627894,Cattasaurus - shoproxstore - Shopify,direct_to_consumer,fulfilled,2026-01-28,2026-01-29,2026-01-28,PA2,FedEx,1,1,13.98,2.1,0.0,16.08,shipmonk_estimate,USD
211502,7111340785974,Cattasaurus - shoproxstore - Shopify,direct_to_consumer,fulfilled,2026-01-28,2026-01-29,2026-01-28,NV3,OnTrac,1,1,15.77,2.1,0.0,17.87,shipmonk_estimate,USD
211503,7111344718134,Cattasaurus - shoproxstore - Shopify,direct_to_consumer,fulfilled,2026-01-28,2026-01-29,2026-01-28,PA2,FedEx,1,1,15.16,2.1,0.0,17.26,shipmonk_estimate,USD
211504,7111349403958,Cattasaurus - shoproxstore - Shopify,direct_to_consumer,fulfilled,2026-01-28,2026-01-29,2026-01-28,NV3,FedEx,1,1,17.65,2.1,0.0,19.75,shipmonk_estimate,USD
211505,7111354712374,Cattasaurus - shoproxstore - Shopify,direct_to_consumer,fulfilled,2026-01-28,2026-01-29,2026-01-28,PA2,OnTrac,1,1,15.16,2.1,0.0,17.26,shipmonk_estimate,USD
211506,7111354876214,Cattasaurus - shoproxstore - Shopify,direct_to_consumer,fulfilled,2026-01-28,2026-02-02,2026-01-28,TO1,FedEx,1,1,31.13,2.21,0.0,33.34,shipmonk_estimate,CAD+USD
211507,7111359791414,Cattasaurus - shoproxstore - Shopify,direct_to_consumer,fulfilled,2026-01-28,2026-01-30,2026-01-28,PA2,OnTrac,1,1,15.16,2.1,0.0,17.26,shipmonk_estimate,USD
211508,7111367655734,Cattasaurus - shoproxstore - Shopify,direct_to_consumer,fulfilled,2026-01-28,2026-01-30,2026-01-28,TO1,FedEx,1,1,15.09,2.21,0.0,17.3,shipmonk_estimate,CAD+USD
211509,7111373947190,Cattasaurus - shoproxstore - Shopify,direct_to_consumer,fulfilled,2026-01-28,2026-01-29,2026-01-28,PA2,OnTrac,1,1,12.66,2.1,0.0,14.76,shipmonk_estimate,USD
211510,7111377584438,Cattasaurus - shoproxstore - Shopify,direct_to_consumer,fulfilled,2026-01-28,2026-01-29,2026-01-28,PA2,UPS,1,1,13.37,2.7,0.0,16.07,shipmonk_estimate,USD
211511,7111382499638,Cattasaurus - shoproxstore - Shopify,direct_to_consumer,fulfilled,2026-01-28,2026-01-29,2026-01-28,PA2,OnTrac,3,1,11.68,2.7,0.0,14.38,shipmonk_estimate,USD
211512,7111395967286,Cattasaurus - shoproxstore - Shopify,direct_to_consumer,fulfilled,2026-01-28,2026-01-29,2026-01-28,NV3,FedEx,1,1,24.25,2.1,0.0,26.35,shipmonk_estimate,USD
211513,7111447052598,Cattasaurus - shoproxstore - Shopify,direct_to_consumer,fulfilled,2026-01-28,2026-02-02,2026-01-28,PA2,UPS,1,1,17.3,2.1,0.0,19.4,shipmonk_estimate,USD
211514,7111450394934,Cattasaurus - shoproxstore - Shopify,direct_to_consumer,fulfilled,2026-01-28,2026-01-29,2026-01-28,PA2,USPS,1,1,11.25,1.5,0.0,12.75,shipmonk_estimate,USD
211515,7111454753078,Cattasaurus - shoproxstore - Shopify,direct_to_consumer,fulfilled,2026-01-28,2026-01-29,2026-01-28,PA2,FedEx,1,1,17.65,2.1,0.0,19.75,shipmonk_estimate,USD
211516,7111463862582,Cattasaurus - shoproxstore - Shopify,direct_to_consumer,fulfilled,2026-01-28,2026-02-02,2026-01-28,PA2,OnTrac,1,1,14.32,2.1,0.0,16.42,shipmonk_estimate,USD
211516_1,136dc632-2c90-45c1-a7d9-a5e1b87858b1,Cattasaurus - shoproxstore - Shopify,direct_to_consumer,fulfilled,2026-01-28,2026-02-02,2026-01-28,PA2,OnTrac,1,1,11.25,1.5,0.0,12.75,shipmonk_estimate,USD
211517,7111463993654,Cattasaurus - shoproxstore - Shopify,direct_to_consumer,fulfilled,2026-01-28,2026-01-29,2026-01-28,PA2,OnTrac,1,1,12.66,2.1,0.0,14.76,shipmonk_estimate,USD
211520,7111471923510,Cattasaurus - shoproxstore - Shopify,direct_to_consumer,fulfilled,2026-01-28,2026-01-29,2026-01-28,PA2,UPS,1,1,19.89,2.1,0.0,21.99,shipmonk_estimate,USD
211521,7111498596662,Cattasaurus - shoproxstore - Shopify,direct_to_consumer,fulfilled,2026-01-28,2026-01-29,2026-01-28,NV3,OnTrac,1,1,15.16,2.1,0.0,17.26,shipmonk_estimate,USD
211522,7111515930934,Cattasaurus - shoproxstore - Shopify,direct_to_consumer,fulfilled,2026-01-28,2026-01-30,2026-01-28,PA2,FedEx,1,1,15.14,5.3,0.0,20.44,shipmonk_estimate,USD
211523,7111516160310,Cattasaurus - shoproxstore - Shopify,direct_to_consumer,fulfilled,2026-01-28,2026-02-02,2026-01-28,TO1,FedEx,1,1,34.72,2.21,0.0,36.93,shipmonk_estimate,CAD+USD
211524,7111519240502,Cattasaurus - shoproxstore - Shopify,direct_to_consumer,fulfilled,2026-01-28,2026-02-02,2026-01-28,NV3,OnTrac,1,1,15.94,2.1,0.0,18.04,shipmonk_estimate,USD
211524_1,1d3c04cf-0b11-4453-85bf-a6d1a7d6dbee,Cattasaurus - shoproxstore - Shopify,direct_to_consumer,fulfilled,2026-01-28,2026-02-02,2026-01-28,NV3,OnTrac,1,1,15.94,2.1,0.0,18.04,shipmonk_estimate,USD
211525,7111539818806,Cattasaurus - shoproxstore - Shopify,direct_to_consumer,fulfilled,2026-01-28,2026-01-30,2026-01-28,PA2,FedEx,1,1,15.16,2.1,0.0,17.26,shipmonk_estimate,USD
211526,7111547158838,Cattasaurus - shoproxstore - Shopify,direct_to_consumer,fulfilled,2026-01-28,2026-01-30,2026-01-28,PA2,FedEx,1,1,21.5,2.1,0.0,23.6,shipmonk_estimate,USD
211527,7111560855862,Cattasaurus - shoproxstore - Shopify,direct_to_consumer,fulfilled,2026-01-28,2026-01-30,2026-01-28,PA2,OnTrac,1,1,12.45,2.1,0.0,14.55,shipmonk_estimate,USD
211528,7111569080630,Cattasaurus - shoproxstore - Shopify,direct_to_consumer,fulfilled,2026-01-28,2026-01-29,2026-01-28,NV3,UPS,1,1,16.86,2.1,0.0,18.96,shipmonk_estimate,USD
211529,7111576420662,Cattasaurus - shoproxstore - Shopify,direct_to_consumer,fulfilled,2026-01-28,2026-01-29,2026-01-28,NV3,OnTrac,1,1,14.35,2.1,0.0,16.45,shipmonk_estimate,USD
211530,7111581335862,Cattasaurus - shoproxstore - Shopify,direct_to_consumer,fulfilled,2026-01-28,2026-01-30,2026-01-28,PA2,OnTrac,1,1,12.57,2.1,0.0,14.67,shipmonk_estimate,USD
211531,7111588938038,Cattasaurus - shoproxstore - Shopify,direct_to_consumer,fulfilled,2026-01-28,2026-01-30,2026-01-28,PA2,FedEx,1,1,15.14,2.1,0.0,17.24,shipmonk_estimate,USD
211532,7111602307382,Cattasaurus - shoproxstore - Shopify,direct_to_consumer,fulfilled,2026-01-28,2026-01-30,2026-01-28,TO1,FedEx,1,1,23.72,2.21,0.0,25.93,shipmonk_estimate,CAD+USD
211533,7111618462006,Cattasaurus - shoproxstore - Shopify,direct_to_consumer,fulfilled,2026-01-28,2026-01-30,2026-01-28,PA2,OnTrac,1,1,15.97,2.1,0.0,18.07,shipmonk_estimate,USD
211534,7111627800886,Cattasaurus - shoproxstore - Shopify,direct_to_consumer,fulfilled,2026-01-28,2026-01-30,2026-01-28,PA2,FedEx,1,1,15.16,2.7,0.0,17.86,shipmonk_estimate,USD
211535,7111636386102,Cattasaurus - shoproxstore - Shopify,direct_to_consumer,fulfilled,2026-01-28,2026-01-30,2026-01-28,PA2,OnTrac,1,1,6.11,1.5,0.3,7.91,shipmonk_estimate,USD
211536,7111645036854,Cattasaurus - shoproxstore - Shopify,direct_to_consumer,fulfilled,2026-01-28,2026-01-30,2026-01-28,NV3,FedEx,1,1,15.92,2.1,0.0,18.02,shipmonk_estimate,USD
211537,7111659192630,Cattasaurus - shoproxstore - Shopify,direct_to_consumer,fulfilled,2026-01-28,2026-01-30,2026-01-28,PA2,FedEx,1,1,13.98,5.3,0.0,19.28,shipmonk_estimate,USD
211538,7111659290934,Cattasaurus - shoproxstore - Shopify,direct_to_consumer,fulfilled,2026-01-28,2026-01-30,2026-01-28,PA2,FedEx,1,1,13.98,2.1,0.0,16.08,shipmonk_estimate,USD
211539,7111665451318,Cattasaurus - shoproxstore - Shopify,direct_to_consumer,fulfilled,2026-01-28,2026-01-30,2026-01-28,PA2,FedEx,1,1,15.14,2.1,0.0,17.24,shipmonk_estimate,USD
211542,7111673643318,Cattasaurus - shoproxstore - Shopify,direct_to_consumer,fulfilled,2026-01-28,2026-01-30,2026-01-28,PA2,OnTrac,1,1,17.4,2.1,0.0,19.5,shipmonk_estimate,USD
211543,7111717880118,Cattasaurus - shoproxstore - Shopify,direct_to_consumer,fulfilled,2026-01-28,2026-01-30,2026-01-28,TO1,FedEx,1,1,15.09,2.21,0.0,17.3,shipmonk_estimate,CAD+USD
211544,7111740555574,Cattasaurus - shoproxstore - Shopify,direct_to_consumer,fulfilled,2026-01-28,2026-01-30,2026-01-28,PA2,UPS,1,1,14.27,2.1,0.0,16.37,shipmonk_estimate,USD
211546,7111784399158,Cattasaurus - shoproxstore - Shopify,direct_to_consumer,fulfilled,2026-01-28,2026-01-30,2026-01-28,TO1,FedEx,1,1,12.84,2.21,0.0,15.05,shipmonk_estimate,CAD+USD
211547,7111785972022,Cattasaurus - shoproxstore - Shopify,direct_to_consumer,fulfilled,2026-01-28,2026-01-30,2026-01-28,PA2,FedEx,2,1,17.65,2.4,0.0,20.05,shipmonk_estimate,USD
211548,7111801307446,Cattasaurus - shoproxstore - Shopify,direct_to_consumer,fulfilled,2026-01-28,2026-02-02,2026-01-28,PA2,UPS,1,1,17.58,2.1,0.0,19.68,shipmonk_estimate,USD
211549,7111801536822,Cattasaurus - shoproxstore - Shopify,direct_to_consumer,fulfilled,2026-01-28,2026-01-30,2026-01-28,PA2,FedEx,1,1,15.14,2.1,0.0,17.24,shipmonk_estimate,USD
211550,7111801766198,Cattasaurus - shoproxstore - Shopify,direct_to_consumer,fulfilled,2026-01-28,2026-01-30,2026-01-28,NV3,OnTrac,1,1,15.16,2.1,0.0,17.26,shipmonk_estimate,USD
211551,7111844135222,Cattasaurus - shoproxstore - Shopify,direct_to_consumer,fulfilled,2026-01-28,2026-01-30,2026-01-28,PA2,FedEx,1,1,14.14,2.1,0.0,16.24,shipmonk_estimate,USD
211552,7111847051574,Cattasaurus - shoproxstore - Shopify,direct_to_consumer,fulfilled,2026-01-28,2026-01-30,2026-01-28,PA2,OnTrac,1,1,15.97,2.1,0.0,18.07,shipmonk_estimate,USD
211553,7111859110198,Cattasaurus - shoproxstore - Shopify,direct_to_consumer,fulfilled,2026-01-28,2026-01-30,2026-01-28,PA2,OnTrac,1,1,12.45,2.1,0.0,14.55,shipmonk_estimate,USD
211554,7111861272886,Cattasaurus - shoproxstore - Shopify,direct_to_consumer,fulfilled,2026-01-28,2026-01-30,2026-01-28,NV3,OnTrac,1,1,15.16,2.1,0.0,17.26,shipmonk_estimate,USD
211555,7111884439862,Cattasaurus - shoproxstore - Shopify,direct_to_consumer,fulfilled,2026-01-28,2026-01-30,2026-01-28,NV3,OnTrac,1,1,9.29,1.5,0.0,10.79,shipmonk_estimate,USD
211556,7111890370870,Cattasaurus - shoproxstore - Shopify,direct_to_consumer,fulfilled,2026-01-28,2026-01-30,2026-01-28,PA2,OnTrac,1,1,14.35,2.1,0.0,16.45,shipmonk_estimate,USD
211557,7111892599094,Cattasaurus - shoproxstore - Shopify,direct_to_consumer,fulfilled,2026-01-28,2026-01-30,2026-01-28,PA2,OnTrac,1,1,15.16,2.1,0.0,17.26,shipmonk_estimate,USD
211558,7111906132278,Cattasaurus - shoproxstore - Shopify,direct_to_consumer,fulfilled,2026-01-28,2026-01-30,2026-01-28,PA2,FedEx,1,1,15.92,2.1,0.0,18.02,shipmonk_estimate,USD
211559,7111916749110,Cattasaurus - shoproxstore - Shopify,direct_to_consumer,fulfilled,2026-01-28,2026-01-30,2026-01-28,PA2,OnTrac,1,1,17.34,2.1,0.0,19.44,shipmonk_estimate,USD
211560,7111943881014,Cattasaurus - shoproxstore - Shopify,direct_to_consumer,fulfilled,2026-01-28,2026-01-30,2026-01-28,PA2,OnTrac,2,1,14.06,3.6,0.0,17.66,shipmonk_estimate,USD
211561,7111951122742,Cattasaurus - shoproxstore - Shopify,direct_to_consumer,fulfilled,2026-01-28,2026-01-30,2026-01-28,TO1,FedEx,1,1,24.64,2.21,0.0,26.85,shipmonk_estimate,CAD+USD
211562,7111958167862,Cattasaurus - shoproxstore - Shopify,direct_to_consumer,fulfilled,2026-01-28,2026-01-30,2026-01-28,TO1,FedEx,1,1,24.64,2.21,0.0,26.85,shipmonk_estimate,CAD+USD
211563,7111985234230,Cattasaurus - shoproxstore - Shopify,direct_to_consumer,fulfilled,2026-01-28,2026-01-30,2026-01-28,PA2,OnTrac,1,1,15.16,2.1,0.0,17.26,shipmonk_estimate,USD
211564,7111992312118,Cattasaurus - shoproxstore - Shopify,direct_to_consumer,fulfilled,2026-01-28,2026-01-30,2026-01-28,PA2,OnTrac,1,1,14.27,2.1,0.0,16.37,shipmonk_estimate,USD
211565,7111992869174,Cattasaurus - shoproxstore - Shopify,direct_to_consumer,fulfilled,2026-01-28,2026-01-30,2026-01-28,NV3,FedEx,1,1,17.65,2.1,0.0,19.75,shipmonk_estimate,USD
211566,7112020623670,Cattasaurus - shoproxstore - Shopify,direct_to_consumer,fulfilled,2026-01-28,2026-01-30,2026-01-28,NV3,OnTrac,1,1,12.66,2.1,0.0,14.76,shipmonk_estimate,USD
211567,7112061681974,Cattasaurus - shoproxstore - Shopify,direct_to_consumer,fulfilled,2026-01-28,2026-02-02,2026-01-28,TO1,FedEx,1,1,31.13,2.21,0.0,33.34,shipmonk_estimate,CAD+USD
211568,7112069251382,Cattasaurus - shoproxstore - Shopify,direct_to_consumer,fulfilled,2026-01-28,2026-01-30,2026-01-28,NV3,OnTrac,1,1,12.66,2.1,0.0,14.76,shipmonk_estimate,USD
211569,7112078524726,Cattasaurus - shoproxstore - Shopify,direct_to_consumer,fulfilled,2026-01-28,2026-01-30,2026-01-28,NV3,OnTrac,1,1,12.45,2.1,0.0,14.55,shipmonk_estimate,USD
211570_1,465eff8d-a294-43ce-ae2f-3e238a4825c3,Cattasaurus - shoproxstore - Shopify,direct_to_consumer,fulfilled,2026-01-28,2026-04-02,2026-01-28,NV3,OnTrac,1,1,11.96,1.5,0.0,13.46,shipmonk_estimate,USD
211571,7112086061366,Cattasaurus - shoproxstore - Shopify,direct_to_consumer,fulfilled,2026-01-28,2026-01-30,2026-01-28,NV3,UPS,1,1,14.35,2.1,0.0,16.45,shipmonk_estimate,USD
211572,7112086847798,Cattasaurus - shoproxstore - Shopify,direct_to_consumer,fulfilled,2026-01-28,2026-01-30,2026-01-28,TO1,FedEx,1,1,12.0,2.21,0.0,14.21,shipmonk_estimate,CAD+USD
211573,7112096219446,Cattasaurus - shoproxstore - Shopify,direct_to_consumer,fulfilled,2026-01-28,2026-01-30,2026-01-28,PA2,FedEx,1,1,18.2,2.4,0.0,20.6,shipmonk_estimate,USD
211574,7112115028278,Cattasaurus - shoproxstore - Shopify,direct_to_consumer,fulfilled,2026-01-28,2026-02-02,2026-01-28,TO1,FedEx,1,1,36.54,2.21,0.0,38.75,shipmonk_estimate,CAD+USD
211575,7112116732214,Cattasaurus - shoproxstore - Shopify,direct_to_consumer,fulfilled,2026-01-28,2026-02-02,2026-01-28,PA2,FedEx,1,1,15.11,2.1,0.0,17.21,shipmonk_estimate,USD
211576,7112123220278,Cattasaurus - shoproxstore - Shopify,direct_to_consumer,fulfilled,2026-01-28,2026-01-30,2026-01-28,NV3,OnTrac,1,1,18.59,2.1,0.0,20.69,shipmonk_estimate,USD
211577,7112123777334,Cattasaurus - shoproxstore - Shopify,direct_to_consumer,fulfilled,2026-01-28,2026-01-30,2026-01-28,NV3,OnTrac,2,1,15.16,2.4,0.0,17.56,shipmonk_estimate,USD
211578,7112142586166,Cattasaurus - shoproxstore - Shopify,direct_to_consumer,fulfilled,2026-01-28,2026-01-30,2026-01-28,PA2,UPS,1,1,17.62,2.1,0.0,19.72,shipmonk_estimate,USD
211579,7112168931638,Cattasaurus - shoproxstore - Shopify,direct_to_consumer,fulfilled,2026-01-28,2026-01-30,2026-01-28,TO1,FedEx,1,1,12.0,2.21,0.0,14.21,shipmonk_estimate,CAD+USD
211580,7112172142902,Cattasaurus - shoproxstore - Shopify,direct_to_consumer,fulfilled,2026-01-28,2026-01-30,2026-01-28,NV3,FedEx,1,1,18.59,2.7,0.0,21.29,shipmonk_estimate,USD
211581,7112178172214,Cattasaurus - shoproxstore - Shopify,direct_to_consumer,fulfilled,2026-01-28,2026-01-30,2026-01-28,NV3,FedEx,1,1,17.65,2.1,0.0,19.75,shipmonk_estimate,USD
211582,7112200716598,Cattasaurus - shoproxstore - Shopify,direct_to_consumer,fulfilled,2026-01-28,2026-01-30,2026-01-28,NV3,FedEx,1,1,17.65,2.1,0.0,19.75,shipmonk_estimate,USD
211583,7112204747062,Cattasaurus - shoproxstore - Shopify,direct_to_consumer,fulfilled,2026-01-28,2026-01-30,2026-01-28,NV3,FedEx,1,1,22.55,2.1,0.0,24.65,shipmonk_estimate,USD
211584,7112227651894,Cattasaurus - shoproxstore - Shopify,direct_to_consumer,fulfilled,2026-01-28,2026-01-30,2026-01-28,TO1,FedEx,1,1,12.0,2.21,0.0,14.21,shipmonk_estimate,CAD+USD
211585,7112232698166,Cattasaurus - shoproxstore - Shopify,direct_to_consumer,fulfilled,2026-01-28,2026-01-30,2026-01-28,NV3,OnTrac,1,1,12.45,2.1,0.0,14.55,shipmonk_estimate,USD
211586,7112233976118,Cattasaurus - shoproxstore - Shopify,direct_to_consumer,fulfilled,2026-01-28,2026-01-29,2026-01-28,NV3,OnTrac,1,1,11.68,2.7,0.0,14.38,shipmonk_estimate,USD
211587,7112238170422,Cattasaurus - shoproxstore - Shopify,direct_to_consumer,fulfilled,2026-01-28,2026-01-30,2026-01-28,PA2,FedEx,1,1,18.2,2.4,0.0,20.6,shipmonk_estimate,USD
211588,7112248983862,Cattasaurus - shoproxstore - Shopify,direct_to_consumer,fulfilled,2026-01-28,2026-01-30,2026-01-28,NV3,OnTrac,1,1,12.45,2.1,0.0,14.55,shipmonk_estimate,USD
211589,7112268120374,Cattasaurus - shoproxstore - Shopify,direct_to_consumer,fulfilled,2026-01-28,2026-01-30,2026-01-28,PA2,OnTrac,1,1,15.16,2.1,0.0,17.26,shipmonk_estimate,USD
211590,7112333132086,Cattasaurus - shoproxstore - Shopify,direct_to_consumer,fulfilled,2026-01-28,2026-01-30,2026-01-28,NV3,OnTrac,1,1,12.66,2.1,0.0,14.76,shipmonk_estimate,USD
211591,7112347189558,Cattasaurus - shoproxstore - Shopify,direct_to_consumer,fulfilled,2026-01-28,2026-01-30,2026-01-28,NV3,OnTrac,1,1,14.69,2.1,0.0,16.79,shipmonk_estimate,USD
211592,7112353579318,Cattasaurus - shoproxstore - Shopify,direct_to_consumer,fulfilled,2026-01-28,2026-01-30,2026-01-28,NV3,FedEx,2,1,17.65,2.4,0.0,20.05,shipmonk_estimate,USD
211593,7112447131958,Cattasaurus - shoproxstore - Shopify,direct_to_consumer,fulfilled,2026-01-28,2026-02-02,2026-01-28,PA2,UPS,1,1,17.58,2.1,0.0,19.68,shipmonk_estimate,USD
211593_1,9f8ac302-a64a-4db7-a404-8028a7e942b1,Cattasaurus - shoproxstore - Shopify,direct_to_consumer,fulfilled,2026-01-28,2026-02-02,2026-01-28,PA2,UPS,1,1,17.3,2.1,0.0,19.4,shipmonk_estimate,USD
211594,7112457650486,Cattasaurus - shoproxstore - Shopify,direct_to_consumer,fulfilled,2026-01-28,2026-01-30,2026-01-28,NV3,OnTrac,1,1,13.0,2.1,0.0,15.1,shipmonk_estimate,USD
"Merged: 211475, 211474",e33a4543-2dd2-433e-b6fc-c1f4cad38524,Cattasaurus - shoproxstore - Shopify,direct_to_consumer,fulfilled,2026-01-28,2026-02-02,2026-01-28,NV3,OnTrac,2,1,16.82,2.4,0.0,19.22,shipmonk_estimate,USD
"Merged: 211492, 211493",b85958f5-5cb5-45e5-8974-19898c5a3b12,Cattasaurus - shoproxstore - Shopify,direct_to_consumer,fulfilled,2026-01-28,2026-02-02,2026-01-28,PA2,USPS,1,1,10.48,1.5,0.0,11.98,shipmonk_estimate,USD
"Merged: 211518, 211519",d67a69eb-f3be-4401-8ed7-06c3a7bc8f45,Cattasaurus - shoproxstore - Shopify,direct_to_consumer,fulfilled,2026-01-28,2026-01-29,2026-01-28,PA2,OnTrac,2,1,14.35,2.1,0.0,16.45,shipmonk_estimate,USD
"Merged: 211540, 211541",eb64ff9e-8f7d-4cff-8884-5448bdf0118b,Cattasaurus - shoproxstore - Shopify,direct_to_consumer,fulfilled,2026-01-28,2026-01-30,2026-01-28,NV3,FedEx,2,1,22.05,2.4,0.0,24.45,shipmonk_estimate,USD
WAL129102771100621,6b5758c8-95e6-4992-8f06-493cb931d268,Cattasaurus - Manual Store,direct_to_consumer,fulfilled,2026-01-28,2026-01-28,2026-01-28,NV3,FedEx,1,1,17.4,1.8,0.0,19.2,shipmonk_estimate,USD
WAL129102871803173,1b2a524e-a665-4a11-824d-784586c10888,Cattasaurus - Manual Store,direct_to_consumer,fulfilled,2026-01-28,2026-01-28,2026-01-28,PA2,OnTrac,1,1,17.4,1.8,0.0,19.2,shipmonk_estimate,USD
WAL129102871959396,076ae508-d859-4aa2-b318-56ad23cb6848,Cattasaurus - Manual Store,direct_to_consumer,fulfilled,2026-01-28,2026-01-28,2026-01-28,NV3,UPS,1,1,16.86,1.8,0.0,18.66,shipmonk_estimate,USD
WAL129102873614842,a3814a1d-0560-4efa-9c89-ccde5f007072,Cattasaurus - Manual Store,direct_to_consumer,fulfilled,2026-01-28,2026-01-28,2026-01-28,PA2,OnTrac,1,1,12.45,1.8,0.0,14.25,shipmonk_estimate,USD
WAL129102975450266,feb59560-20ae-49f1-a0fd-8f8c4ae2b85d,Cattasaurus - Manual Store,direct_to_consumer,fulfilled,2026-01-28,2026-01-28,2026-01-28,PA2,FedEx,1,1,12.66,1.8,0.0,14.46,shipmonk_estimate,USD
WAL129102975538840,65059e60-a831-4942-af58-3ff2b713c6ae,Cattasaurus - Manual Store,direct_to_consumer,fulfilled,2026-01-28,2026-01-28,2026-01-28,PA2,OnTrac,1,1,9.98,2.5,0.0,12.48,shipmonk_estimate,USD
111-1808721-0084236,111-1808721-0084236,Cattasaurus - Amazon USA,direct_to_consumer,fulfilled,2026-01-29,2026-01-29,2026-01-29,PA2,OnTrac,1,1,12.45,2.1,0.0,14.55,shipmonk_estimate,USD
111-4471985-2624231,111-4471985-2624231,Cattasaurus - Amazon USA,direct_to_consumer,fulfilled,2026-01-29,2026-01-30,2026-01-29,PA2,OnTrac,1,1,15.77,2.1,0.0,17.87,shipmonk_estimate,USD
111-5930039-1669017,111-5930039-1669017,Cattasaurus - Amazon USA,direct_to_consumer,fulfilled,2026-01-29,2026-01-30,2026-01-29,NV3,UPS,1,1,21.27,2.1,0.0,23.37,shipmonk_estimate,USD
111-6108359-8165014,111-6108359-8165014,Cattasaurus - Amazon USA,direct_to_consumer,fulfilled,2026-01-29,2026-01-30,2026-01-29,PA2,OnTrac,1,1,11.68,2.1,0.0,13.78,shipmonk_estimate,USD
111-7073629-0378641,111-7073629-0378641,Cattasaurus - Amazon USA,direct_to_consumer,fulfilled,2026-01-29,2026-01-30,2026-01-29,PA2,OnTrac,1,1,12.8,2.1,0.0,14.9,shipmonk_estimate,USD
112-1180795-8243441,112-1180795-8243441,Cattasaurus - Amazon USA,direct_to_consumer,fulfilled,2026-01-29,2026-01-30,2026-01-29,PA2,UPS,1,1,17.64,2.1,0.0,19.74,shipmonk_estimate,USD
112-2253041-0643404,112-2253041-0643404,Cattasaurus - Amazon USA,direct_to_consumer,fulfilled,2026-01-29,2026-01-30,2026-01-29,PA2,FedEx,1,1,13.98,1.8,0.0,15.78,shipmonk_estimate,USD
112-4897399-4408245,112-4897399-4408245,Cattasaurus - Amazon USA,direct_to_consumer,fulfilled,2026-01-29,2026-01-29,2026-01-29,NV3,OnTrac,1,1,14.06,2.1,0.0,16.16,shipmonk_estimate,USD
112-8039612-9881832,112-8039612-9881832,Cattasaurus - Amazon USA,direct_to_consumer,fulfilled,2026-01-29,2026-01-30,2026-01-29,PA2,OnTrac,1,1,14.35,2.1,0.0,16.45,shipmonk_estimate,USD
113-2699467-8585832,113-2699467-8585832,Cattasaurus - Amazon USA,direct_to_consumer,fulfilled,2026-01-29,2026-01-29,2026-01-29,NV3,FedEx,1,1,17.17,2.1,0.0,19.27,shipmonk_estimate,USD
113-5327609-2409846,113-5327609-2409846,Cattasaurus - Amazon USA,direct_to_consumer,fulfilled,2026-01-29,2026-01-29,2026-01-29,PA2,OnTrac,1,1,15.95,2.1,0.0,18.05,shipmonk_estimate,USD
113-7452106-0195438,113-7452106-0195438,Cattasaurus - Amazon USA,direct_to_consumer,fulfilled,2026-01-29,2026-01-29,2026-01-29,NV3,OnTrac,1,1,17.46,2.1,0.0,19.56,shipmonk_estimate,USD
113-7869112-4013002,113-7869112-4013002,Cattasaurus - Amazon USA,direct_to_consumer,fulfilled,2026-01-29,2026-01-29,2026-01-29,NV3,OnTrac,1,1,12.66,2.1,0.0,14.76,shipmonk_estimate,USD
113-8086600-2397023,113-8086600-2397023,Cattasaurus - Amazon USA,direct_to_consumer,fulfilled,2026-01-29,2026-01-30,2026-01-29,PA2,OnTrac,1,1,12.66,2.1,0.0,14.76,shipmonk_estimate,USD
113-8968628-7103440,113-8968628-7103440,Cattasaurus - Amazon USA,direct_to_consumer,fulfilled,2026-01-29,2026-01-30,2026-01-29,PA2,OnTrac,1,1,12.45,2.1,0.0,14.55,shipmonk_estimate,USD
114-0569249-3967458,114-0569249-3967458,Cattasaurus - Amazon USA,direct_to_consumer,fulfilled,2026-01-29,2026-01-29,2026-01-29,NV3,OnTrac,1,1,12.45,2.1,0.0,14.55,shipmonk_estimate,USD
114-1714030-1988253,114-1714030-1988253,Cattasaurus - Amazon USA,direct_to_consumer,fulfilled,2026-01-29,2026-01-30,2026-01-29,PA2,OnTrac,1,1,14.37,1.5,0.0,15.87,shipmonk_estimate,USD
114-2509467-1709812,114-2509467-1709812,Cattasaurus - Amazon USA,direct_to_consumer,fulfilled,2026-01-29,2026-01-29,2026-01-29,PA2,UPS,1,1,18.23,2.1,0.0,20.33,shipmonk_estimate,USD
114-9373315-5637860,114-9373315-5637860,Cattasaurus - Amazon USA,direct_to_consumer,fulfilled,2026-01-29,2026-01-30,2026-01-29,PA2,UPS,1,1,17.64,2.1,0.0,19.74,shipmonk_estimate,USD
211595,7112593506614,Cattasaurus - shoproxstore - Shopify,direct_to_consumer,fulfilled,2026-01-29,2026-01-30,2026-01-29,PA2,OnTrac,1,1,12.66,2.1,0.0,14.76,shipmonk_estimate,USD
211596,7112624537910,Cattasaurus - shoproxstore - Shopify,direct_to_consumer,fulfilled,2026-01-29,2026-01-30,2026-01-29,PA2,FedEx,3,1,17.65,2.7,0.0,20.35,shipmonk_estimate,USD
211597,7112651997494,Cattasaurus - shoproxstore - Shopify,direct_to_consumer,fulfilled,2026-01-29,2026-02-02,2026-01-29,PA2,UPS,1,1,13.49,2.1,0.0,15.59,shipmonk_estimate,USD
211597_1,c9113569-5c30-4681-b078-1d8f03e97743,Cattasaurus - shoproxstore - Shopify,direct_to_consumer,fulfilled,2026-01-29,2026-02-02,2026-01-29,PA2,UPS,1,1,10.98,1.5,0.0,12.48,shipmonk_estimate,USD
211598,7112700461366,Cattasaurus - shoproxstore - Shopify,direct_to_consumer,fulfilled,2026-01-29,2026-02-02,2026-01-29,NV3,FedEx,1,1,18.52,2.1,0.0,20.62,shipmonk_estimate,USD
211598_1,4e3066a7-7c27-40b1-8d8d-965d3c645400,Cattasaurus - shoproxstore - Shopify,direct_to_consumer,fulfilled,2026-01-29,2026-02-02,2026-01-29,NV3,OnTrac,1,1,10.37,1.5,0.0,11.87,shipmonk_estimate,USD
211599,7112721367350,Cattasaurus - shoproxstore - Shopify,direct_to_consumer,fulfilled,2026-01-29,2026-01-30,2026-01-29,PA2,FedEx,1,1,17.65,2.1,0.0,19.75,shipmonk_estimate,USD
211600,7112743125302,Cattasaurus - shoproxstore - Shopify,direct_to_consumer,fulfilled,2026-01-29,2026-01-30,2026-01-29,TO1,FedEx,1,1,17.27,2.21,0.0,19.48,shipmonk_estimate,CAD+USD
211601,7112760459574,Cattasaurus - shoproxstore - Shopify,direct_to_consumer,fulfilled,2026-01-29,2026-01-30,2026-01-29,TO1,FedEx,1,1,12.84,2.21,0.0,15.05,shipmonk_estimate,CAD+USD
211602,7112760820022,Cattasaurus - shoproxstore - Shopify,direct_to_consumer,fulfilled,2026-01-29,2026-01-30,2026-01-29,PA2,FedEx,1,1,18.56,2.1,0.0,20.66,shipmonk_estimate,USD
211603,7112760852790,Cattasaurus - shoproxstore - Shopify,direct_to_consumer,fulfilled,2026-01-29,2026-01-30,2026-01-29,TO1,FedEx,1,1,12.0,2.21,0.0,14.21,shipmonk_estimate,CAD+USD
211604,7112761278774,Cattasaurus - shoproxstore - Shopify,direct_to_consumer,fulfilled,2026-01-29,2026-01-30,2026-01-29,NV3,OnTrac,1,1,15.16,2.1,0.0,17.26,shipmonk_estimate,USD
211605,7112762229046,Cattasaurus - shoproxstore - Shopify,direct_to_consumer,fulfilled,2026-01-29,2026-01-30,2026-01-29,PA2,FedEx,1,1,17.65,2.1,0.0,19.75,shipmonk_estimate,USD
211606,7112795816246,Cattasaurus - shoproxstore - Shopify,direct_to_consumer,fulfilled,2026-01-29,2026-01-30,2026-01-29,PA2,OnTrac,1,1,13.37,2.1,0.0,15.47,shipmonk_estimate,USD
211607,7112811446582,Cattasaurus - shoproxstore - Shopify,direct_to_consumer,fulfilled,2026-01-29,2026-01-30,2026-01-29,NV3,FedEx,1,1,15.14,2.1,0.0,17.24,shipmonk_estimate,USD
211608,7112817279286,Cattasaurus - shoproxstore - Shopify,direct_to_consumer,fulfilled,2026-01-29,2026-02-02,2026-01-29,PA2,OnTrac,1,1,13.34,2.1,0.0,15.44,shipmonk_estimate,USD
211608_1,b0bd4598-96d6-437b-980e-279effe1af64,Cattasaurus - shoproxstore - Shopify,direct_to_consumer,fulfilled,2026-01-29,2026-02-02,2026-01-29,PA2,OnTrac,1,1,13.34,2.7,0.0,16.04,shipmonk_estimate,USD
211609,7112821539126,Cattasaurus - shoproxstore - Shopify,direct_to_consumer,fulfilled,2026-01-29,2026-01-30,2026-01-29,NV3,UPS,2,1,18.86,2.1,0.0,20.96,shipmonk_estimate,USD
211610,7112830845238,Cattasaurus - shoproxstore - Shopify,direct_to_consumer,fulfilled,2026-01-29,2026-01-30,2026-01-29,NV3,OnTrac,1,1,13.0,2.1,0.0,15.1,shipmonk_estimate,USD
211611,7112833204534,Cattasaurus - shoproxstore - Shopify,direct_to_consumer,fulfilled,2026-01-29,2026-02-02,2026-01-29,PA2,OnTrac,1,1,11.65,2.1,0.0,13.75,shipmonk_estimate,USD
211611_1,1d5fc1bd-074a-4ea8-b494-02ca277a9713,Cattasaurus - shoproxstore - Shopify,direct_to_consumer,fulfilled,2026-01-29,2026-02-02,2026-01-29,PA2,OnTrac,1,1,8.72,1.5,0.0,10.22,shipmonk_estimate,USD
211612,7112842182966,Cattasaurus - shoproxstore - Shopify,direct_to_consumer,fulfilled,2026-01-29,2026-01-30,2026-01-29,PA2,UPS,2,1,14.35,2.4,0.0,16.75,shipmonk_estimate,USD
211613,7112842510646,Cattasaurus - shoproxstore - Shopify,direct_to_consumer,fulfilled,2026-01-29,2026-01-30,2026-01-29,PA2,OnTrac,1,1,12.66,2.1,0.0,14.76,shipmonk_estimate,USD
211614,7112844968246,Cattasaurus - shoproxstore - Shopify,direct_to_consumer,fulfilled,2026-01-29,2026-01-30,2026-01-29,TO1,FedEx,1,1,15.09,2.21,0.0,17.3,shipmonk_estimate,CAD+USD
211615,7112853520694,Cattasaurus - shoproxstore - Shopify,direct_to_consumer,fulfilled,2026-01-29,2026-01-30,2026-01-29,NV3,FedEx,1,1,21.5,2.1,0.0,23.6,shipmonk_estimate,USD
211616,7112865579318,Cattasaurus - shoproxstore - Shopify,direct_to_consumer,fulfilled,2026-01-29,2026-01-30,2026-01-29,PA2,OnTrac,1,1,15.16,2.1,0.0,17.26,shipmonk_estimate,USD
211617,7112884289846,Cattasaurus - shoproxstore - Shopify,direct_to_consumer,fulfilled,2026-01-29,2026-01-30,2026-01-29,PA2,OnTrac,1,1,15.16,2.1,0.0,17.26,shipmonk_estimate,USD
211618,7112902508854,Cattasaurus - shoproxstore - Shopify,direct_to_consumer,fulfilled,2026-01-29,2026-01-30,2026-01-29,PA2,UPS,1,1,15.21,2.1,0.0,17.31,shipmonk_estimate,USD
211619,7112928985398,Cattasaurus - shoproxstore - Shopify,direct_to_consumer,fulfilled,2026-01-29,2026-02-02,2026-01-29,PA2,FedEx,1,1,17.62,2.1,0.0,19.72,shipmonk_estimate,USD
211620,7112955461942,Cattasaurus - shoproxstore - Shopify,direct_to_consumer,fulfilled,2026-01-29,2026-01-30,2026-01-29,NV3,OnTrac,1,1,17.91,2.1,0.0,20.01,shipmonk_estimate,USD
211621,7112960016694,Cattasaurus - shoproxstore - Shopify,direct_to_consumer,fulfilled,2026-01-29,2026-01-30,2026-01-29,NV3,FedEx,1,1,17.4,2.1,0.0,19.5,shipmonk_estimate,USD
211622,7112967782710,Cattasaurus - shoproxstore - Shopify,direct_to_consumer,fulfilled,2026-01-29,2026-02-02,2026-01-29,TO1,FedEx,1,1,12.9,2.21,0.0,15.11,shipmonk_estimate,CAD+USD
211623,7112985280822,Cattasaurus - shoproxstore - Shopify,direct_to_consumer,fulfilled,2026-01-29,2026-01-30,2026-01-29,PA2,OnTrac,1,1,14.35,2.1,0.0,16.45,shipmonk_estimate,USD
211624,7112991736118,Cattasaurus - shoproxstore - Shopify,direct_to_consumer,fulfilled,2026-01-29,2026-01-30,2026-01-29,TO1,FedEx,1,1,16.91,2.21,0.0,19.12,shipmonk_estimate,CAD+USD
211625,7113018540342,Cattasaurus - shoproxstore - Shopify,direct_to_consumer,fulfilled,2026-01-29,2026-02-02,2026-01-29,PA2,FedEx,1,1,15.16,2.1,0.0,17.26,shipmonk_estimate,USD
211625_1,7fa81789-bc7a-4e42-b9dd-b99eaac96d9c,Cattasaurus - shoproxstore - Shopify,direct_to_consumer,fulfilled,2026-01-29,2026-02-02,2026-01-29,PA2,UPS,1,1,11.98,1.5,0.0,13.48,shipmonk_estimate,USD
211626,7113048457526,Cattasaurus - shoproxstore - Shopify,direct_to_consumer,fulfilled,2026-01-29,2026-01-30,2026-01-29,PA2,OnTrac,1,1,11.68,2.1,0.0,13.78,shipmonk_estimate,USD
211627,7113052291382,Cattasaurus - shoproxstore - Shopify,direct_to_consumer,fulfilled,2026-01-29,2026-02-02,2026-01-29,TO1,FedEx,1,1,25.81,2.91,0.0,28.72,shipmonk_estimate,CAD+USD
211628,7113065070902,Cattasaurus - shoproxstore - Shopify,direct_to_consumer,fulfilled,2026-01-29,2026-01-30,2026-01-29,PA2,FedEx,1,1,15.14,2.1,0.0,17.24,shipmonk_estimate,USD
211629,7113075458358,Cattasaurus - shoproxstore - Shopify,direct_to_consumer,fulfilled,2026-01-29,2026-01-30,2026-01-29,PA2,FedEx,1,1,15.14,2.1,0.0,17.24,shipmonk_estimate,USD
211630,7113081225526,Cattasaurus - shoproxstore - Shopify,direct_to_consumer,fulfilled,2026-01-29,2026-01-30,2026-01-29,PA2,OnTrac,1,1,11.68,2.1,0.0,13.78,shipmonk_estimate,USD
211631,7113097642294,Cattasaurus - shoproxstore - Shopify,direct_to_consumer,fulfilled,2026-01-29,2026-01-30,2026-01-29,TO1,FedEx,1,1,24.64,2.21,0.0,26.85,shipmonk_estimate,CAD+USD
211632,7113121300790,Cattasaurus - shoproxstore - Shopify,direct_to_consumer,fulfilled,2026-01-29,2026-01-30,2026-01-29,NV3,FedEx,1,1,14.57,2.1,0.0,16.67,shipmonk_estimate,USD
211633,7113123365174,Cattasaurus - shoproxstore - Shopify,direct_to_consumer,fulfilled,2026-01-29,2026-01-30,2026-01-29,PA2,OnTrac,1,1,12.57,2.1,0.0,14.67,shipmonk_estimate,USD
211634,7113129427254,Cattasaurus - shoproxstore - Shopify,direct_to_consumer,fulfilled,2026-01-29,2026-01-30,2026-01-29,NV3,FedEx,1,1,17.91,2.1,0.0,20.01,shipmonk_estimate,USD
211635,7113133752630,Cattasaurus - shoproxstore - Shopify,direct_to_consumer,fulfilled,2026-01-29,2026-01-30,2026-01-29,NV3,OnTrac,1,1,12.45,2.7,0.0,15.15,shipmonk_estimate,USD
211636,7113145090358,Cattasaurus - shoproxstore - Shopify,direct_to_consumer,fulfilled,2026-01-29,2026-02-02,2026-01-29,TO1,FedEx,1,1,17.56,2.91,0.0,20.47,shipmonk_estimate,CAD+USD
211637,7113145876790,Cattasaurus - shoproxstore - Shopify,direct_to_consumer,fulfilled,2026-01-29,2026-01-30,2026-01-29,NV3,OnTrac,1,1,12.66,2.1,0.0,14.76,shipmonk_estimate,USD
211638,7113155412278,Cattasaurus - shoproxstore - Shopify,direct_to_consumer,fulfilled,2026-01-29,2026-01-30,2026-01-29,NV3,FedEx,1,1,21.5,2.1,0.0,23.6,shipmonk_estimate,USD
211639,7113156428086,Cattasaurus - shoproxstore - Shopify,direct_to_consumer,fulfilled,2026-01-29,2026-01-30,2026-01-29,NV3,OnTrac,1,1,12.66,2.1,0.0,14.76,shipmonk_estimate,USD
211640,7113157247286,Cattasaurus - shoproxstore - Shopify,direct_to_consumer,fulfilled,2026-01-29,2026-01-30,2026-01-29,NV3,OnTrac,1,1,18.59,2.1,0.0,20.69,shipmonk_estimate,USD
211641,7113177235766,Cattasaurus - shoproxstore - Shopify,direct_to_consumer,fulfilled,2026-01-29,2026-01-31,2026-01-29,PA2,UPS,1,1,15.97,2.4,0.0,18.37,shipmonk_estimate,USD
211642,7113192177974,Cattasaurus - shoproxstore - Shopify,direct_to_consumer,fulfilled,2026-01-29,2026-02-02,2026-01-29,PA2,UPS,1,1,17.3,2.1,0.0,19.4,shipmonk_estimate,USD
211642_1,d3ae867d-55bd-41f9-ba55-e9e17daa9a78,Cattasaurus - shoproxstore - Shopify,direct_to_consumer,fulfilled,2026-01-29,2026-02-02,2026-01-29,PA2,UPS,1,1,12.67,1.5,0.0,14.17,shipmonk_estimate,USD
211643,7113209708854,Cattasaurus - shoproxstore - Shopify,direct_to_consumer,fulfilled,2026-01-29,2026-01-31,2026-01-29,PA2,OnTrac,1,1,12.66,1.8,0.0,14.46,shipmonk_estimate,USD
211644,7113217474870,Cattasaurus - shoproxstore - Shopify,direct_to_consumer,fulfilled,2026-01-29,2026-01-31,2026-01-29,PA2,FedEx,1,1,15.92,2.1,0.0,18.02,shipmonk_estimate,USD
211645,7113229500726,Cattasaurus - shoproxstore - Shopify,direct_to_consumer,fulfilled,2026-01-29,2026-02-02,2026-01-29,TO1,FedEx,1,1,36.54,2.21,0.0,38.75,shipmonk_estimate,CAD+USD
211646,7113238937910,Cattasaurus - shoproxstore - Shopify,direct_to_consumer,fulfilled,2026-01-29,2026-02-02,2026-01-29,TO1,FedEx,1,1,31.13,2.21,0.0,33.34,shipmonk_estimate,CAD+USD
211647,7113253814582,Cattasaurus - shoproxstore - Shopify,direct_to_consumer,fulfilled,2026-01-29,2026-01-31,2026-01-29,PA2,FedEx,1,1,17.65,2.1,0.0,19.75,shipmonk_estimate,USD
211648,7113260007734,Cattasaurus - shoproxstore - Shopify,direct_to_consumer,fulfilled,2026-01-29,2026-01-30,2026-01-29,NV3,OnTrac,1,1,12.66,2.1,0.0,14.76,shipmonk_estimate,USD
211649,7113264824630,Cattasaurus - shoproxstore - Shopify,direct_to_consumer,fulfilled,2026-01-29,2026-02-02,2026-01-29,TO1,FedEx,1,1,24.74,2.21,0.0,26.95,shipmonk_estimate,CAD+USD
211650,7113268756790,Cattasaurus - shoproxstore - Shopify,direct_to_consumer,fulfilled,2026-01-29,2026-01-30,2026-01-29,NV3,OnTrac,1,1,15.16,2.1,0.0,17.26,shipmonk_estimate,USD
211651,7113280258358,Cattasaurus - shoproxstore - Shopify,direct_to_consumer,fulfilled,2026-01-29,2026-01-31,2026-01-29,PA2,OnTrac,1,1,12.57,2.1,0.0,14.67,shipmonk_estimate,USD
211652,7113343762742,Cattasaurus - shoproxstore - Shopify,direct_to_consumer,fulfilled,2026-01-29,2026-01-31,2026-01-29,PA2,FedEx,1,1,12.45,2.1,0.0,14.55,shipmonk_estimate,USD
211653,7113350807862,Cattasaurus - shoproxstore - Shopify,direct_to_consumer,fulfilled,2026-01-29,2026-01-31,2026-01-29,PA2,OnTrac,1,1,15.16,2.1,0.0,17.26,shipmonk_estimate,USD
211655,7113362178358,Cattasaurus - shoproxstore - Shopify,direct_to_consumer,fulfilled,2026-01-29,2026-01-31,2026-01-29,PA2,UPS,1,1,16.86,2.7,0.0,19.56,shipmonk_estimate,USD
211656,7113374695734,Cattasaurus - shoproxstore - Shopify,direct_to_consumer,fulfilled,2026-01-29,2026-01-31,2026-01-29,PA2,OnTrac,1,1,17.17,2.1,0.0,19.27,shipmonk_estimate,USD
211657,7113376760118,Cattasaurus - shoproxstore - Shopify,direct_to_consumer,fulfilled,2026-01-29,2026-01-31,2026-01-29,PA2,OnTrac,1,1,11.68,2.1,0.0,13.78,shipmonk_estimate,USD
211658,7113381151030,Cattasaurus - shoproxstore - Shopify,direct_to_consumer,fulfilled,2026-01-29,2026-01-30,2026-01-29,TO1,FedEx,1,1,30.16,2.21,0.0,32.37,shipmonk_estimate,CAD+USD
211659,7113392750902,Cattasaurus - shoproxstore - Shopify,direct_to_consumer,fulfilled,2026-01-29,2026-01-31,2026-01-29,PA2,OnTrac,1,1,11.68,2.1,0.0,13.78,shipmonk_estimate,USD
211660,7113397993782,Cattasaurus - shoproxstore - Shopify,direct_to_consumer,fulfilled,2026-01-29,2026-01-31,2026-01-29,PA2,OnTrac,1,1,12.45,2.1,0.0,14.55,shipmonk_estimate,USD
211661,7113420636470,Cattasaurus - shoproxstore - Shopify,direct_to_consumer,fulfilled,2026-01-29,2026-01-31,2026-01-29,PA2,OnTrac,1,1,15.16,2.7,0.0,17.86,shipmonk_estimate,USD
211662,7113426108726,Cattasaurus - shoproxstore - Shopify,direct_to_consumer,fulfilled,2026-01-29,2026-01-30,2026-01-29,NV3,UPS,1,1,22.55,2.1,0.0,24.65,shipmonk_estimate,USD
211663,7113433481526,Cattasaurus - shoproxstore - Shopify,direct_to_consumer,fulfilled,2026-01-29,2026-02-02,2026-01-29,NV3,OnTrac,1,1,12.43,2.1,0.0,14.53,shipmonk_estimate,USD
211664,7113440985398,Cattasaurus - shoproxstore - Shopify,direct_to_consumer,fulfilled,2026-01-29,2026-02-02,2026-01-29,TO1,FedEx,1,1,15.15,2.21,0.0,17.36,shipmonk_estimate,CAD+USD
211665,7113442918710,Cattasaurus - shoproxstore - Shopify,direct_to_consumer,fulfilled,2026-01-29,2026-02-02,2026-01-29,NV3,OnTrac,1,1,17.87,2.1,0.0,19.97,shipmonk_estimate,USD
211666,7113448161590,Cattasaurus - shoproxstore - Shopify,direct_to_consumer,fulfilled,2026-01-29,2026-01-31,2026-01-29,PA2,OnTrac,1,1,11.68,2.1,0.0,13.78,shipmonk_estimate,USD
211667,7113453011254,Cattasaurus - shoproxstore - Shopify,direct_to_consumer,fulfilled,2026-01-29,2026-02-02,2026-01-29,NV3,UPS,1,1,12.63,2.7,0.0,15.33,shipmonk_estimate,USD
211668,7113473360182,Cattasaurus - shoproxstore - Shopify,direct_to_consumer,fulfilled,2026-01-29,2026-01-31,2026-01-29,PA2,OnTrac,1,1,11.68,2.1,0.0,13.78,shipmonk_estimate,USD
211669,7113478177078,Cattasaurus - shoproxstore - Shopify,direct_to_consumer,fulfilled,2026-01-29,2026-02-02,2026-01-29,NV3,OnTrac,1,1,15.73,2.1,0.0,17.83,shipmonk_estimate,USD
211670,7113483616566,Cattasaurus - shoproxstore - Shopify,direct_to_consumer,fulfilled,2026-01-29,2026-02-02,2026-01-29,TO1,FedEx,1,1,22.29,2.21,0.0,24.5,shipmonk_estimate,CAD+USD
211671,7113492988214,Cattasaurus - shoproxstore - Shopify,direct_to_consumer,fulfilled,2026-01-29,2026-01-31,2026-01-29,PA2,FedEx,1,1,17.17,2.1,0.0,19.27,shipmonk_estimate,USD
211672,7113565569334,Cattasaurus - shoproxstore - Shopify,direct_to_consumer,fulfilled,2026-01-29,2026-01-31,2026-01-29,PA2,FedEx,1,1,17.17,2.1,0.0,19.27,shipmonk_estimate,USD
211673,7113566650678,Cattasaurus - shoproxstore - Shopify,direct_to_consumer,fulfilled,2026-01-29,2026-01-31,2026-01-29,PA2,OnTrac,1,1,12.57,2.1,0.0,14.67,shipmonk_estimate,USD
211674,7113573990710,Cattasaurus - shoproxstore - Shopify,direct_to_consumer,fulfilled,2026-01-29,2026-02-02,2026-01-29,NV3,OnTrac,1,1,12.63,2.7,0.0,15.33,shipmonk_estimate,USD
211675,7113599516982,Cattasaurus - shoproxstore - Shopify,direct_to_consumer,fulfilled,2026-01-29,2026-02-02,2026-01-29,PA2,FedEx,1,1,13.42,2.1,0.0,15.52,shipmonk_estimate,USD
211675_1,6132b1b6-3841-4f87-ac78-31f928aca7db,Cattasaurus - shoproxstore - Shopify,direct_to_consumer,fulfilled,2026-01-29,2026-02-03,2026-01-29,PA2,UPS,1,1,11.8,2.1,0.0,13.9,shipmonk_estimate,USD
211676,7113698869558,Cattasaurus - shoproxstore - Shopify,direct_to_consumer,fulfilled,2026-01-29,2026-01-31,2026-01-29,PA2,FedEx,1,1,17.65,1.8,0.0,19.45,shipmonk_estimate,USD
211677,7113711321398,Cattasaurus - shoproxstore - Shopify,direct_to_consumer,fulfilled,2026-01-29,2026-02-02,2026-01-29,NV3,UPS,1,1,16.86,2.1,0.0,18.96,shipmonk_estimate,USD
211678,7113740058934,Cattasaurus - shoproxstore - Shopify,direct_to_consumer,fulfilled,2026-01-29,2026-02-02,2026-01-29,TO1,FedEx,1,1,36.54,2.21,0.0,38.75,shipmonk_estimate,CAD+USD
211679,7113745662262,Cattasaurus - shoproxstore - Shopify,direct_to_consumer,fulfilled,2026-01-29,2026-01-31,2026-01-29,PA2,FedEx,1,1,15.14,2.1,0.0,17.24,shipmonk_estimate,USD
211680,7113746514230,Cattasaurus - shoproxstore - Shopify,direct_to_consumer,fulfilled,2026-01-29,2026-02-02,2026-01-29,NV3,OnTrac,1,1,17.3,2.1,0.0,19.4,shipmonk_estimate,USD
211681,7113783968054,Cattasaurus - shoproxstore - Shopify,direct_to_consumer,fulfilled,2026-01-29,2026-02-02,2026-01-29,NV3,FedEx,1,1,14.54,2.1,0.0,16.64,shipmonk_estimate,USD
211682,7113789374774,Cattasaurus - shoproxstore - Shopify,direct_to_consumer,fulfilled,2026-01-29,2026-02-02,2026-01-29,TO1,FedEx,1,1,14.47,2.21,0.0,16.68,shipmonk_estimate,CAD+USD
211683,7113793306934,Cattasaurus - shoproxstore - Shopify,direct_to_consumer,fulfilled,2026-01-29,2026-02-02,2026-01-29,NV3,FedEx,1,1,21.46,2.1,0.0,23.56,shipmonk_estimate,USD
211684,7113793405238,Cattasaurus - shoproxstore - Shopify,direct_to_consumer,fulfilled,2026-01-29,2026-01-31,2026-01-29,PA2,OnTrac,1,1,14.14,2.1,0.0,16.24,shipmonk_estimate,USD
211685,7113794257206,Cattasaurus - shoproxstore - Shopify,direct_to_consumer,fulfilled,2026-01-29,2026-02-02,2026-01-29,NV3,OnTrac,1,1,11.65,2.1,0.0,13.75,shipmonk_estimate,USD
211686,7113801040182,Cattasaurus - shoproxstore - Shopify,direct_to_consumer,fulfilled,2026-01-29,2026-02-02,2026-01-29,TO1,FedEx,1,1,31.51,2.21,0.0,33.72,shipmonk_estimate,CAD+USD
211687,7113813164342,Cattasaurus - shoproxstore - Shopify,direct_to_consumer,fulfilled,2026-01-29,2026-02-02,2026-01-29,NV3,UPS,1,1,19.56,2.1,0.0,21.66,shipmonk_estimate,USD
211688,7113836986678,Cattasaurus - shoproxstore - Shopify,direct_to_consumer,fulfilled,2026-01-29,2026-01-31,2026-01-29,PA2,OnTrac,1,1,14.14,2.7,0.0,16.84,shipmonk_estimate,USD
211689,7113854878006,Cattasaurus - shoproxstore - Shopify,direct_to_consumer,fulfilled,2026-01-29,2026-02-02,2026-01-29,NV3,OnTrac,2,1,12.63,2.7,0.0,15.33,shipmonk_estimate,USD
211690,7113855697206,Cattasaurus - shoproxstore - Shopify,direct_to_consumer,fulfilled,2026-01-29,2026-02-02,2026-01-29,NV3,FedEx,1,1,12.97,2.1,0.0,15.07,shipmonk_estimate,USD
211691,7113857630518,Cattasaurus - shoproxstore - Shopify,direct_to_consumer,fulfilled,2026-01-29,2026-01-31,2026-01-29,PA2,OnTrac,1,1,15.97,2.1,0.0,18.07,shipmonk_estimate,USD
211692,7113859465526,Cattasaurus - shoproxstore - Shopify,direct_to_consumer,fulfilled,2026-01-29,2026-01-31,2026-01-29,PA2,OnTrac,1,1,11.68,2.1,0.0,13.78,shipmonk_estimate,USD
211693,7113876111670,Cattasaurus - shoproxstore - Shopify,direct_to_consumer,fulfilled,2026-01-29,2026-01-31,2026-01-29,PA2,FedEx,2,1,15.16,2.4,0.0,17.56,shipmonk_estimate,USD
211694,7113881452854,Cattasaurus - shoproxstore - Shopify,direct_to_consumer,fulfilled,2026-01-29,2026-01-31,2026-01-29,PA2,OnTrac,1,1,12.45,2.1,0.0,14.55,shipmonk_estimate,USD
211695,7113895739702,Cattasaurus - shoproxstore - Shopify,direct_to_consumer,fulfilled,2026-01-29,2026-01-31,2026-01-29,PA2,FedEx,1,1,15.92,2.1,0.0,18.02,shipmonk_estimate,USD
211696,7113928606006,Cattasaurus - shoproxstore - Shopify,direct_to_consumer,fulfilled,2026-01-29,2026-02-02,2026-01-29,NV3,FedEx,1,1,16.23,2.1,0.0,18.33,shipmonk_estimate,USD
211697,7113942008118,Cattasaurus - shoproxstore - Shopify,direct_to_consumer,fulfilled,2026-01-29,2026-01-31,2026-01-29,PA2,OnTrac,1,1,23.5,2.1,0.0,25.6,shipmonk_estimate,USD
211700,7113969893686,Cattasaurus - shoproxstore - Shopify,direct_to_consumer,fulfilled,2026-01-29,2026-01-31,2026-01-29,PA2,UPS,1,1,14.35,2.1,0.0,16.45,shipmonk_estimate,USD
211701,7113986834742,Cattasaurus - shoproxstore - Shopify,direct_to_consumer,fulfilled,2026-01-29,2026-01-31,2026-01-29,PA2,FedEx,1,1,17.65,2.1,0.0,19.75,shipmonk_estimate,USD
211702,7113999909174,Cattasaurus - shoproxstore - Shopify,direct_to_consumer,fulfilled,2026-01-29,2026-01-31,2026-01-29,PA2,UPS,1,1,18.2,2.1,0.0,20.3,shipmonk_estimate,USD
211703,7114013475126,Cattasaurus - shoproxstore - Shopify,direct_to_consumer,fulfilled,2026-01-29,2026-01-31,2026-01-29,PA2,OnTrac,1,1,11.68,2.1,0.0,13.78,shipmonk_estimate,USD
211704,7114015965494,Cattasaurus - shoproxstore - Shopify,direct_to_consumer,fulfilled,2026-01-29,2026-02-02,2026-01-29,NV3,OnTrac,1,1,18.98,2.1,0.0,21.08,shipmonk_estimate,USD
211705,7114019373366,Cattasaurus - shoproxstore - Shopify,direct_to_consumer,fulfilled,2026-01-29,2026-01-31,2026-01-29,PA2,FedEx,2,1,17.65,2.4,0.0,20.05,shipmonk_estimate,USD
211706,7114021110070,Cattasaurus - shoproxstore - Shopify,direct_to_consumer,fulfilled,2026-01-29,2026-02-02,2026-01-29,NV3,UPS,1,1,19.56,2.1,0.0,21.66,shipmonk_estimate,USD
211707,7114025173302,Cattasaurus - shoproxstore - Shopify,direct_to_consumer,fulfilled,2026-01-29,2026-01-31,2026-01-29,PA2,FedEx,2,1,14.28,2.4,0.0,16.68,shipmonk_estimate,USD
211708,7114045686070,Cattasaurus - shoproxstore - Shopify,direct_to_consumer,fulfilled,2026-01-29,2026-01-31,2026-01-29,PA2,FedEx,1,1,17.17,2.1,0.0,19.27,shipmonk_estimate,USD
211709,7114063479094,Cattasaurus - shoproxstore - Shopify,direct_to_consumer,fulfilled,2026-01-29,2026-02-02,2026-01-29,NV3,OnTrac,1,1,12.43,2.1,0.0,14.53,shipmonk_estimate,USD
211710,7114072916278,Cattasaurus - shoproxstore - Shopify,direct_to_consumer,fulfilled,2026-01-29,2026-02-02,2026-01-29,NV3,OnTrac,1,1,15.73,2.1,0.0,17.83,shipmonk_estimate,USD
211711,7114082418998,Cattasaurus - shoproxstore - Shopify,direct_to_consumer,fulfilled,2026-01-29,2026-02-02,2026-01-29,NV3,OnTrac,1,1,15.13,2.1,0.0,17.23,shipmonk_estimate,USD
211712,7114099949878,Cattasaurus - shoproxstore - Shopify,direct_to_consumer,fulfilled,2026-01-29,2026-02-02,2026-01-29,TO1,FedEx,1,1,12.06,2.21,0.0,14.27,shipmonk_estimate,CAD+USD
211713,7114109649206,Cattasaurus - shoproxstore - Shopify,direct_to_consumer,fulfilled,2026-01-29,2026-02-02,2026-01-29,NV3,OnTrac,1,1,12.43,2.1,0.0,14.53,shipmonk_estimate,USD
211714,7114119872822,Cattasaurus - shoproxstore - Shopify,direct_to_consumer,fulfilled,2026-01-29,2026-01-31,2026-01-29,PA2,UPS,1,1,14.35,2.1,0.0,16.45,shipmonk_estimate,USD
211715,7114127606070,Cattasaurus - shoproxstore - Shopify,direct_to_consumer,fulfilled,2026-01-29,2026-01-31,2026-01-29,PA2,OnTrac,1,1,12.45,2.1,0.0,14.55,shipmonk_estimate,USD
211716,7114165387574,Cattasaurus - shoproxstore - Shopify,direct_to_consumer,fulfilled,2026-01-29,2026-01-31,2026-01-29,PA2,OnTrac,2,1,11.68,2.4,0.0,14.08,shipmonk_estimate,USD
211717,7114200154422,Cattasaurus - shoproxstore - Shopify,direct_to_consumer,fulfilled,2026-01-29,2026-01-31,2026-01-29,PA2,OnTrac,1,1,12.66,2.1,0.0,14.76,shipmonk_estimate,USD
211718,7114207461686,Cattasaurus - shoproxstore - Shopify,direct_to_consumer,fulfilled,2026-01-29,2026-02-02,2026-01-29,NV3,FedEx,1,1,18.52,2.1,0.0,20.62,shipmonk_estimate,USD
211719,7114233315638,Cattasaurus - shoproxstore - Shopify,direct_to_consumer,fulfilled,2026-01-29,2026-01-31,2026-01-29,PA2,UPS,1,1,16.86,2.1,0.0,18.96,shipmonk_estimate,USD
211720,7114238886198,Cattasaurus - shoproxstore - Shopify,direct_to_consumer,fulfilled,2026-01-29,2026-01-30,2026-01-29,NV3,FedEx,1,1,14.57,2.1,0.0,16.67,shipmonk_estimate,USD
211721,7114248651062,Cattasaurus - shoproxstore - Shopify,direct_to_consumer,fulfilled,2026-01-29,2026-01-31,2026-01-29,PA2,OnTrac,2,1,12.45,2.1,0.0,14.55,shipmonk_estimate,USD
211722,7114345152822,Cattasaurus - shoproxstore - Shopify,direct_to_consumer,fulfilled,2026-01-29,2026-01-31,2026-01-29,PA2,FedEx,1,1,14.57,2.1,0.0,16.67,shipmonk_estimate,USD
211723,7114354196790,Cattasaurus - shoproxstore - Shopify,direct_to_consumer,fulfilled,2026-01-29,2026-02-02,2026-01-29,NV3,OnTrac,1,1,20.24,2.1,0.0,22.34,shipmonk_estimate,USD
211724,7114368909622,Cattasaurus - shoproxstore - Shopify,direct_to_consumer,fulfilled,2026-01-29,2026-01-31,2026-01-29,PA2,FedEx,1,1,17.65,2.1,0.0,19.75,shipmonk_estimate,USD
211725,7114376085814,Cattasaurus - shoproxstore - Shopify,direct_to_consumer,fulfilled,2026-01-29,2026-01-31,2026-01-29,PA2,OnTrac,2,1,12.66,3.0,0.0,15.66,shipmonk_estimate,USD
211726,7114397614390,Cattasaurus - shoproxstore - Shopify,direct_to_consumer,fulfilled,2026-01-29,2026-02-02,2026-01-29,NV3,FedEx,2,1,14.54,2.4,0.0,16.94,shipmonk_estimate,USD
211727,7114420388150,Cattasaurus - shoproxstore - Shopify,direct_to_consumer,fulfilled,2026-01-29,2026-01-31,2026-01-29,PA2,FedEx,1,1,14.28,2.4,0.0,16.68,shipmonk_estimate,USD
211728,7114511483190,Cattasaurus - shoproxstore - Shopify,direct_to_consumer,fulfilled,2026-01-29,2026-01-31,2026-01-29,PA2,FedEx,1,1,14.57,2.1,0.0,16.67,shipmonk_estimate,USD
211729,7114520297782,Cattasaurus - shoproxstore - Shopify,direct_to_consumer,fulfilled,2026-01-29,2026-02-02,2026-01-29,NV3,FedEx,1,1,21.46,2.1,0.0,23.56,shipmonk_estimate,USD
"Merged: 211698, 211699",b597c825-21fe-461d-9ac3-7ad5da7c7613,Cattasaurus - shoproxstore - Shopify,direct_to_consumer,fulfilled,2026-01-29,2026-02-02,2026-01-29,NV3,FedEx,2,1,18.2,2.4,0.0,20.6,shipmonk_estimate,USD
111-8181739-6759431,111-8181739-6759431,Cattasaurus - Amazon USA,direct_to_consumer,fulfilled,2026-01-30,2026-01-30,2026-01-30,PA2,OnTrac,1,1,15.16,2.1,0.0,17.26,shipmonk_estimate,USD
112-8011899-7973023,112-8011899-7973023,Cattasaurus - Amazon USA,direct_to_consumer,fulfilled,2026-01-30,2026-01-30,2026-01-30,NV3,OnTrac,1,1,17.64,2.1,0.0,19.74,shipmonk_estimate,USD
113-7749255-5548265,113-7749255-5548265,Cattasaurus - Amazon USA,direct_to_consumer,fulfilled,2026-01-30,2026-01-30,2026-01-30,PA2,OnTrac,1,1,14.35,2.1,0.0,16.45,shipmonk_estimate,USD
114-0457106-9890631,114-0457106-9890631,Cattasaurus - Amazon USA,direct_to_consumer,fulfilled,2026-01-30,2026-01-31,2026-01-30,PA2,UPS,1,1,17.64,2.1,0.0,19.74,shipmonk_estimate,USD
114-2751408-2016245,114-2751408-2016245,Cattasaurus - Amazon USA,direct_to_consumer,fulfilled,2026-01-30,2026-02-02,2026-01-30,NV3,FedEx,1,1,17.62,2.1,0.0,19.72,shipmonk_estimate,USD
114-3633888-9835468,114-3633888-9835468,Cattasaurus - Amazon USA,direct_to_consumer,fulfilled,2026-01-30,2026-01-31,2026-01-30,PA2,OnTrac,1,1,11.68,2.1,0.0,13.78,shipmonk_estimate,USD
114-3860053-9061833,114-3860053-9061833,Cattasaurus - Amazon USA,direct_to_consumer,fulfilled,2026-01-30,2026-01-31,2026-01-30,PA2,FedEx,1,1,12.66,2.1,0.0,14.76,shipmonk_estimate,USD
114-5208029-0198610,114-5208029-0198610,Cattasaurus - Amazon USA,direct_to_consumer,fulfilled,2026-01-30,2026-01-31,2026-01-30,PA2,OnTrac,1,1,12.66,2.1,0.0,14.76,shipmonk_estimate,USD
208252-01,be3bcb64-f5e6-4cb5-87f4-c4c65749451e,Cattasaurus - shoproxstore - Shopify,direct_to_consumer,fulfilled,2026-01-30,2026-02-02,2026-01-30,NV3,UPS,1,1,24.2,1.8,0.0,26.0,shipmonk_estimate,USD
211730,7114634690870,Cattasaurus - shoproxstore - Shopify,direct_to_consumer,fulfilled,2026-01-30,2026-01-31,2026-01-30,PA2,OnTrac,1,1,11.68,2.1,0.0,13.78,shipmonk_estimate,USD
211731,7114717692214,Cattasaurus - shoproxstore - Shopify,direct_to_consumer,fulfilled,2026-01-30,2026-02-02,2026-01-30,NV3,FedEx,2,1,15.16,2.4,0.0,17.56,shipmonk_estimate,USD
211732,7114744529206,Cattasaurus - shoproxstore - Shopify,direct_to_consumer,fulfilled,2026-01-30,2026-02-02,2026-01-30,NV3,UPS,1,1,16.86,2.1,0.0,18.96,shipmonk_estimate,USD
211733,7114776576310,Cattasaurus - shoproxstore - Shopify,direct_to_consumer,fulfilled,2026-01-30,2026-01-31,2026-01-30,PA2,OnTrac,1,1,17.4,2.1,0.0,19.5,shipmonk_estimate,USD
211734,7114819666230,Cattasaurus - shoproxstore - Shopify,direct_to_consumer,fulfilled,2026-01-30,2026-01-31,2026-01-30,PA2,UPS,1,1,15.21,2.1,0.0,17.31,shipmonk_estimate,USD
211735,7114835034422,Cattasaurus - shoproxstore - Shopify,direct_to_consumer,fulfilled,2026-01-30,2026-01-31,2026-01-30,PA2,FedEx,1,1,18.56,2.1,0.0,20.66,shipmonk_estimate,USD
211736,7114845225270,Cattasaurus - shoproxstore - Shopify,direct_to_consumer,fulfilled,2026-01-30,2026-02-02,2026-01-30,TO1,FedEx,1,1,23.54,2.21,0.0,25.75,shipmonk_estimate,CAD+USD
211737,7114855514422,Cattasaurus - shoproxstore - Shopify,direct_to_consumer,fulfilled,2026-01-30,2026-01-31,2026-01-30,PA2,OnTrac,1,1,12.57,2.1,0.0,14.67,shipmonk_estimate,USD
211738,7114866458934,Cattasaurus - shoproxstore - Shopify,direct_to_consumer,fulfilled,2026-01-30,2026-01-31,2026-01-30,PA2,UPS,1,1,14.14,2.1,0.0,16.24,shipmonk_estimate,USD
211739,7114908008758,Cattasaurus - shoproxstore - Shopify,direct_to_consumer,fulfilled,2026-01-30,2026-01-31,2026-01-30,PA2,FedEx,1,1,17.65,2.1,0.0,19.75,shipmonk_estimate,USD
211740,7114914988342,Cattasaurus - shoproxstore - Shopify,direct_to_consumer,fulfilled,2026-01-30,2026-02-02,2026-01-30,NV3,FedEx,1,1,22.51,2.1,0.0,24.61,shipmonk_estimate,USD
211741,7114915905846,Cattasaurus - shoproxstore - Shopify,direct_to_consumer,fulfilled,2026-01-30,2026-02-02,2026-01-30,TO1,FedEx,1,1,18.1,2.21,0.0,20.31,shipmonk_estimate,CAD+USD
211742,7114925572406,Cattasaurus - shoproxstore - Shopify,direct_to_consumer,fulfilled,2026-01-30,2026-01-31,2026-01-30,PA2,UPS,1,1,16.86,2.1,0.0,18.96,shipmonk_estimate,USD
211743,7114935304502,Cattasaurus - shoproxstore - Shopify,direct_to_consumer,fulfilled,2026-01-30,2026-02-03,2026-01-30,PA2,OnTrac,1,1,15.13,2.7,0.0,17.83,shipmonk_estimate,USD
211743_1,9c511974-47c7-4d40-b100-4ad70eefd2ee,Cattasaurus - shoproxstore - Shopify,direct_to_consumer,fulfilled,2026-01-30,2026-02-03,2026-01-30,PA2,OnTrac,1,1,14.09,2.5,0.0,16.59,shipmonk_estimate,USD
211744,7114940973366,Cattasaurus - shoproxstore - Shopify,direct_to_consumer,fulfilled,2026-01-30,2026-02-02,2026-01-30,NV3,OnTrac,1,1,17.87,2.1,0.0,19.97,shipmonk_estimate,USD
211745,7114942644534,Cattasaurus - shoproxstore - Shopify,direct_to_consumer,fulfilled,2026-01-30,2026-02-03,2026-01-30,NV3,UPS,1,1,20.21,2.1,0.0,22.31,shipmonk_estimate,USD
211745_1,11ebcbb7-350d-4399-8b80-67fa58df0b8e,Cattasaurus - shoproxstore - Shopify,direct_to_consumer,fulfilled,2026-01-30,2026-02-03,2026-01-30,PA2,UPS,1,1,15.15,1.5,0.0,16.65,shipmonk_estimate,USD
211745_2,c210f487-df07-4712-9c0a-ec047cf0d38e,Cattasaurus - shoproxstore - Shopify,direct_to_consumer,fulfilled,2026-01-30,2026-02-03,2026-01-30,NV3,DHL eCommerce,1,1,11.96,1.5,0.0,13.46,shipmonk_estimate,USD
211746,7114960109878,Cattasaurus - shoproxstore - Shopify,direct_to_consumer,fulfilled,2026-01-30,2026-01-31,2026-01-30,PA2,OnTrac,2,1,12.66,2.4,0.0,15.06,shipmonk_estimate,USD
211747,7114961289526,Cattasaurus - shoproxstore - Shopify,direct_to_consumer,fulfilled,2026-01-30,2026-02-03,2026-01-30,TO1,FedEx,1,1,42.08,2.21,0.0,44.29,shipmonk_estimate,CAD+USD
211748,7114964271414,Cattasaurus - shoproxstore - Shopify,direct_to_consumer,fulfilled,2026-01-30,2026-02-03,2026-01-30,NV3,OnTrac,2,1,12.43,2.7,0.0,15.13,shipmonk_estimate,USD
211748_1,b10f4302-0d3f-4f7a-b3a9-8bbec61fe7ee,Cattasaurus - shoproxstore - Shopify,direct_to_consumer,fulfilled,2026-01-30,2026-02-03,2026-01-30,NV3,OnTrac,1,1,12.43,2.1,0.0,14.53,shipmonk_estimate,USD
211749,7114976297270,Cattasaurus - shoproxstore - Shopify,direct_to_consumer,fulfilled,2026-01-30,2026-02-02,2026-01-30,NV3,UPS,1,1,20.21,2.1,0.0,22.31,shipmonk_estimate,USD
211750,7114992877878,Cattasaurus - shoproxstore - Shopify,direct_to_consumer,fulfilled,2026-01-30,2026-01-31,2026-01-30,PA2,OnTrac,1,1,15.77,2.1,0.0,17.87,shipmonk_estimate,USD
211751,7114993008950,Cattasaurus - shoproxstore - Shopify,direct_to_consumer,fulfilled,2026-01-30,2026-02-02,2026-01-30,NV3,FedEx,1,1,17.62,2.1,0.0,19.72,shipmonk_estimate,USD
211752,7115004117302,Cattasaurus - shoproxstore - Shopify,direct_to_consumer,fulfilled,2026-01-30,2026-01-31,2026-01-30,PA2,FedEx,1,1,15.92,2.1,0.0,18.02,shipmonk_estimate,USD
211753,7115039637814,Cattasaurus - shoproxstore - Shopify,direct_to_consumer,fulfilled,2026-01-30,2026-01-31,2026-01-30,PA2,FedEx,1,1,15.92,2.1,0.0,18.02,shipmonk_estimate,USD
211754,7115057103158,Cattasaurus - shoproxstore - Shopify,direct_to_consumer,fulfilled,2026-01-30,2026-01-31,2026-01-30,PA2,OnTrac,1,1,15.16,2.1,0.0,17.26,shipmonk_estimate,USD
211755,7115077812534,Cattasaurus - shoproxstore - Shopify,direct_to_consumer,fulfilled,2026-01-30,2026-01-31,2026-01-30,PA2,OnTrac,1,1,19.89,2.1,0.0,21.99,shipmonk_estimate,USD
211756,7115110875446,Cattasaurus - shoproxstore - Shopify,direct_to_consumer,fulfilled,2026-01-30,2026-02-03,2026-01-30,PA2,UPS,1,1,17.58,2.1,0.0,19.68,shipmonk_estimate,USD
211756_1,3699b3fe-f716-43da-8ff3-a8b215829b4e,Cattasaurus - shoproxstore - Shopify,direct_to_consumer,fulfilled,2026-01-30,2026-02-03,2026-01-30,PA2,DHL eCommerce,1,1,8.58,1.5,0.0,10.08,shipmonk_estimate,USD
211756_2,e5b31af3-d00d-41e8-978b-855dce8ba774,Cattasaurus - shoproxstore - Shopify,direct_to_consumer,fulfilled,2026-01-30,2026-02-03,2026-01-30,PA2,UPS,1,1,11.25,1.5,0.0,12.75,shipmonk_estimate,USD
211756_3,cf4a24ab-1779-4a07-aa40-d993e7989103,Cattasaurus - shoproxstore - Shopify,direct_to_consumer,fulfilled,2026-01-30,2026-02-03,2026-01-30,PA2,UPS,1,1,12.67,1.5,0.0,14.17,shipmonk_estimate,USD
211756_4,5cd235a0-7066-4fac-aa13-553990d8b6d8,Cattasaurus - shoproxstore - Shopify,direct_to_consumer,fulfilled,2026-01-30,2026-02-03,2026-01-30,PA2,USPS,1,1,11.25,1.5,0.0,12.75,shipmonk_estimate,USD
211756_5,fac17fe6-d19b-4cb6-85ee-ea08db0d1664,Cattasaurus - shoproxstore - Shopify,direct_to_consumer,fulfilled,2026-01-30,2026-02-03,2026-01-30,PA2,UPS,1,1,14.2,2.7,0.0,16.9,shipmonk_estimate,USD
211756_6,8d9fca36-4e77-4e7e-8c03-db559d779146,Cattasaurus - shoproxstore - Shopify,direct_to_consumer,fulfilled,2026-01-30,2026-02-03,2026-01-30,PA2,UPS,1,1,14.66,1.8,0.0,16.46,shipmonk_estimate,USD
211757,7115161633078,Cattasaurus - shoproxstore - Shopify,direct_to_consumer,fulfilled,2026-01-30,2026-02-03,2026-01-30,PA2,UPS,2,1,17.42,2.4,0.0,19.82,shipmonk_estimate,USD
211757_1,5c55b2ec-da21-4b0e-b3fd-4543d7731ceb,Cattasaurus - shoproxstore - Shopify,direct_to_consumer,fulfilled,2026-01-30,2026-02-03,2026-01-30,PA2,DHL eCommerce,1,1,11.96,1.5,0.0,13.46,shipmonk_estimate,USD
211758,7115162190134,Cattasaurus - shoproxstore - Shopify,direct_to_consumer,fulfilled,2026-01-30,2026-01-31,2026-01-30,PA2,OnTrac,1,1,8.72,1.5,0.0,10.22,shipmonk_estimate,USD
211759,7115166449974,Cattasaurus - shoproxstore - Shopify,direct_to_consumer,fulfilled,2026-01-30,2026-01-31,2026-01-30,PA2,UPS,1,1,17.46,1.8,0.0,19.26,shipmonk_estimate,USD
211760,7115183194422,Cattasaurus - shoproxstore - Shopify,direct_to_consumer,fulfilled,2026-01-30,2026-01-31,2026-01-30,PA2,UPS,1,1,17.62,2.1,0.0,19.72,shipmonk_estimate,USD
211761,7115184603446,Cattasaurus - shoproxstore - Shopify,direct_to_consumer,fulfilled,2026-01-30,2026-01-31,2026-01-30,PA2,OnTrac,1,1,15.16,2.1,0.0,17.26,shipmonk_estimate,USD
211762,7115214815542,Cattasaurus - shoproxstore - Shopify,direct_to_consumer,fulfilled,2026-01-30,2026-01-31,2026-01-30,PA2,FedEx,1,1,17.65,2.1,0.0,19.75,shipmonk_estimate,USD
211763,7115223695670,Cattasaurus - shoproxstore - Shopify,direct_to_consumer,fulfilled,2026-01-30,2026-01-31,2026-01-30,PA2,OnTrac,1,1,12.66,1.8,0.0,14.46,shipmonk_estimate,USD
211764,7115243684150,Cattasaurus - shoproxstore - Shopify,direct_to_consumer,fulfilled,2026-01-30,2026-02-02,2026-01-30,NV3,UPS,1,1,23.69,2.1,0.0,25.79,shipmonk_estimate,USD
211765,7115272094006,Cattasaurus - shoproxstore - Shopify,direct_to_consumer,fulfilled,2026-01-30,2026-02-03,2026-01-30,PA2,FedEx,2,1,17.13,2.4,0.0,19.53,shipmonk_estimate,USD
211765_1,efb5c163-79e0-4a39-9d54-0b604dec50f2,Cattasaurus - shoproxstore - Shopify,direct_to_consumer,fulfilled,2026-01-30,2026-02-03,2026-01-30,PA2,FedEx,1,1,17.13,2.1,0.0,19.23,shipmonk_estimate,USD
211766,7115286610230,Cattasaurus - shoproxstore - Shopify,direct_to_consumer,fulfilled,2026-01-30,2026-02-02,2026-01-30,TO1,FedEx,1,1,14.31,2.21,0.0,16.52,shipmonk_estimate,CAD+USD
211767,7115309318454,Cattasaurus - shoproxstore - Shopify,direct_to_consumer,fulfilled,2026-01-30,2026-02-02,2026-01-30,TO1,FedEx,1,1,15.17,2.21,0.0,17.38,shipmonk_estimate,CAD+USD
211768,7115322884406,Cattasaurus - shoproxstore - Shopify,direct_to_consumer,fulfilled,2026-01-30,2026-02-01,2026-01-30,PA2,OnTrac,1,1,12.45,2.1,0.0,14.55,shipmonk_estimate,USD
211769,7115386159414,Cattasaurus - shoproxstore - Shopify,direct_to_consumer,fulfilled,2026-01-30,2026-01-31,2026-01-30,PA2,UPS,1,1,17.62,2.1,0.0,19.72,shipmonk_estimate,USD
211770,7115456741686,Cattasaurus - shoproxstore - Shopify,direct_to_consumer,fulfilled,2026-01-30,2026-02-02,2026-01-30,NV3,OnTrac,2,1,17.3,2.7,0.0,20.0,shipmonk_estimate,USD
211771,7115480039734,Cattasaurus - shoproxstore - Shopify,direct_to_consumer,fulfilled,2026-01-30,2026-02-02,2026-01-30,NV3,OnTrac,1,1,12.43,2.1,0.0,14.53,shipmonk_estimate,USD
211772,7115505664310,Cattasaurus - shoproxstore - Shopify,direct_to_consumer,fulfilled,2026-01-30,2026-02-03,2026-01-30,NV3,UPS,2,1,19.85,2.7,0.0,22.55,shipmonk_estimate,USD
211772_1,9cc89460-b2a3-4ed4-a6d5-e29716bfa696,Cattasaurus - shoproxstore - Shopify,direct_to_consumer,fulfilled,2026-01-30,2026-02-03,2026-01-30,NV3,UPS,1,1,19.85,2.4,0.0,22.25,shipmonk_estimate,USD
211773,7115515396406,Cattasaurus - shoproxstore - Shopify,direct_to_consumer,fulfilled,2026-01-30,2026-01-31,2026-01-30,PA2,FedEx,1,1,12.45,2.1,0.0,14.55,shipmonk_estimate,USD
211774,7115535515958,Cattasaurus - shoproxstore - Shopify,direct_to_consumer,fulfilled,2026-01-30,2026-02-02,2026-01-30,TO1,FedEx,1,1,15.17,2.21,0.0,17.38,shipmonk_estimate,CAD+USD
211775,7115536531766,Cattasaurus - shoproxstore - Shopify,direct_to_consumer,fulfilled,2026-01-30,2026-02-02,2026-01-30,TO1,FedEx,1,1,15.15,2.21,0.0,17.36,shipmonk_estimate,CAD+USD
211776,7115539415350,Cattasaurus - shoproxstore - Shopify,direct_to_consumer,fulfilled,2026-01-30,2026-02-02,2026-01-30,NV3,OnTrac,1,1,23.69,5.3,0.0,28.99,shipmonk_estimate,USD
211777,7115559829814,Cattasaurus - shoproxstore - Shopify,direct_to_consumer,fulfilled,2026-01-30,2026-01-31,2026-01-30,PA2,FedEx,1,1,17.65,2.1,0.0,19.75,shipmonk_estimate,USD
211778,7115575853366,Cattasaurus - shoproxstore - Shopify,direct_to_consumer,fulfilled,2026-01-30,2026-02-03,2026-01-30,NV3,OnTrac,1,1,15.91,2.1,0.0,18.01,shipmonk_estimate,USD
211778_1,62157911-3e49-42c2-9d4a-a1f3ff389b5b,Cattasaurus - shoproxstore - Shopify,direct_to_consumer,fulfilled,2026-01-30,2026-02-03,2026-01-30,NV3,OnTrac,1,1,15.91,2.1,0.0,18.01,shipmonk_estimate,USD
211779,7115605147958,Cattasaurus - shoproxstore - Shopify,direct_to_consumer,fulfilled,2026-01-30,2026-02-03,2026-01-30,NV3,FedEx,1,1,22.51,2.1,0.0,24.61,shipmonk_estimate,USD
211779_1,1008c7e2-8f4e-42d8-bcf6-6ad307a14ea0,Cattasaurus - shoproxstore - Shopify,direct_to_consumer,fulfilled,2026-01-30,2026-02-03,2026-01-30,NV3,FedEx,1,1,22.51,2.1,0.0,24.61,shipmonk_estimate,USD
211780,7115628183862,Cattasaurus - shoproxstore - Shopify,direct_to_consumer,fulfilled,2026-01-30,2026-02-02,2026-01-30,TO1,FedEx,1,1,15.15,2.21,0.0,17.36,shipmonk_estimate,CAD+USD
211781,7115646501174,Cattasaurus - shoproxstore - Shopify,direct_to_consumer,fulfilled,2026-01-30,2026-01-31,2026-01-30,PA2,OnTrac,1,1,15.97,2.1,0.0,18.07,shipmonk_estimate,USD
211782,7115662098742,Cattasaurus - shoproxstore - Shopify,direct_to_consumer,fulfilled,2026-01-30,2026-01-31,2026-01-30,PA2,OnTrac,1,1,15.16,2.1,0.0,17.26,shipmonk_estimate,USD
211783,7115666358582,Cattasaurus - shoproxstore - Shopify,direct_to_consumer,fulfilled,2026-01-30,2026-01-31,2026-01-30,PA2,OnTrac,1,1,12.66,2.1,0.0,14.76,shipmonk_estimate,USD
211784,7115676778806,Cattasaurus - shoproxstore - Shopify,direct_to_consumer,fulfilled,2026-01-30,2026-02-02,2026-01-30,TO1,FedEx,1,1,26.39,2.21,0.0,28.6,shipmonk_estimate,CAD+USD
211785,7115682447670,Cattasaurus - shoproxstore - Shopify,direct_to_consumer,fulfilled,2026-01-30,2026-01-31,2026-01-30,PA2,UPS,1,1,17.46,2.1,0.0,19.56,shipmonk_estimate,USD
211786,7115702337846,Cattasaurus - shoproxstore - Shopify,direct_to_consumer,fulfilled,2026-01-30,2026-01-31,2026-01-30,PA2,OnTrac,1,1,12.66,2.1,0.0,14.76,shipmonk_estimate,USD
211787,7115703910710,Cattasaurus - shoproxstore - Shopify,direct_to_consumer,fulfilled,2026-01-30,2026-01-31,2026-01-30,PA2,UPS,1,1,14.46,2.1,0.0,16.56,shipmonk_estimate,USD
211788,7115715182902,Cattasaurus - shoproxstore - Shopify,direct_to_consumer,fulfilled,2026-01-30,2026-02-02,2026-01-30,NV3,OnTrac,1,1,13.49,2.1,0.0,15.59,shipmonk_estimate,USD
211789,7115717673270,Cattasaurus - shoproxstore - Shopify,direct_to_consumer,fulfilled,2026-01-30,2026-01-31,2026-01-30,PA2,OnTrac,1,1,15.77,2.1,0.0,17.87,shipmonk_estimate,USD
211790,7115790844214,Cattasaurus - shoproxstore - Shopify,direct_to_consumer,fulfilled,2026-01-30,2026-02-02,2026-01-30,TO1,FedEx,1,1,31.13,2.21,0.0,33.34,shipmonk_estimate,CAD+USD
211791,7115837440310,Cattasaurus - shoproxstore - Shopify,direct_to_consumer,fulfilled,2026-01-30,2026-01-31,2026-01-30,PA2,UPS,1,1,14.46,2.1,0.0,16.56,shipmonk_estimate,USD
211792,7115844813110,Cattasaurus - shoproxstore - Shopify,direct_to_consumer,fulfilled,2026-01-30,2026-02-02,2026-01-30,TO1,FedEx,1,1,25.81,2.21,0.0,28.02,shipmonk_estimate,CAD+USD
211793,7115848417590,Cattasaurus - shoproxstore - Shopify,direct_to_consumer,fulfilled,2026-01-30,2026-01-30,2026-01-30,NV3,OnTrac,1,1,13.0,1.8,0.0,14.8,shipmonk_estimate,USD
211794,7115884069174,Cattasaurus - shoproxstore - Shopify,direct_to_consumer,fulfilled,2026-01-30,2026-02-02,2026-01-30,NV3,OnTrac,1,1,15.91,2.7,0.0,18.61,shipmonk_estimate,USD
211795,7115898487094,Cattasaurus - shoproxstore - Shopify,direct_to_consumer,fulfilled,2026-01-30,2026-01-31,2026-01-30,PA2,OnTrac,2,1,12.45,2.4,0.0,14.85,shipmonk_estimate,USD
211796,7115913593142,Cattasaurus - shoproxstore - Shopify,direct_to_consumer,fulfilled,2026-01-30,2026-01-31,2026-01-30,PA2,UPS,1,1,16.86,2.1,0.0,18.96,shipmonk_estimate,USD
211797,7115923980598,Cattasaurus - shoproxstore - Shopify,direct_to_consumer,fulfilled,2026-01-30,2026-02-02,2026-01-30,NV3,OnTrac,1,1,15.13,2.1,0.0,17.23,shipmonk_estimate,USD
211798,7115954061622,Cattasaurus - shoproxstore - Shopify,direct_to_consumer,fulfilled,2026-01-30,2026-01-31,2026-01-30,PA2,OnTrac,1,1,13.37,2.1,0.0,15.47,shipmonk_estimate,USD
211799,7115962253622,Cattasaurus - shoproxstore - Shopify,direct_to_consumer,fulfilled,2026-01-30,2026-02-02,2026-01-30,NV3,OnTrac,1,1,15.13,2.1,0.0,17.23,shipmonk_estimate,USD
211800,7115990270262,Cattasaurus - shoproxstore - Shopify,direct_to_consumer,fulfilled,2026-01-30,2026-01-31,2026-01-30,PA2,UPS,1,1,15.16,2.7,0.0,17.86,shipmonk_estimate,USD
211801,7116003442998,Cattasaurus - shoproxstore - Shopify,direct_to_consumer,fulfilled,2026-01-30,2026-02-03,2026-01-30,NV3,FedEx,1,1,15.11,2.1,0.0,17.21,shipmonk_estimate,USD
211801_1,0c9bcdb7-c2e9-46f1-9471-3f0e51cac9da,Cattasaurus - shoproxstore - Shopify,direct_to_consumer,fulfilled,2026-01-30,2026-02-03,2026-01-30,NV3,FedEx,1,1,15.89,2.1,0.0,17.99,shipmonk_estimate,USD
211802,7116055183670,Cattasaurus - shoproxstore - Shopify,direct_to_consumer,fulfilled,2026-01-30,2026-01-31,2026-01-30,PA2,OnTrac,1,1,13.37,2.1,0.0,15.47,shipmonk_estimate,USD
211803,7116062064950,Cattasaurus - shoproxstore - Shopify,direct_to_consumer,fulfilled,2026-01-30,2026-01-31,2026-01-30,PA2,OnTrac,1,1,15.97,2.1,0.0,18.07,shipmonk_estimate,USD
211804,7116070093110,Cattasaurus - shoproxstore - Shopify,direct_to_consumer,fulfilled,2026-01-30,2026-01-31,2026-01-30,PA2,UPS,1,1,14.69,2.1,0.0,16.79,shipmonk_estimate,USD
211805,7116071928118,Cattasaurus - shoproxstore - Shopify,direct_to_consumer,fulfilled,2026-01-30,2026-01-31,2026-01-30,PA2,FedEx,1,1,12.66,2.1,0.0,14.76,shipmonk_estimate,USD
211806,7116090769718,Cattasaurus - shoproxstore - Shopify,direct_to_consumer,fulfilled,2026-01-30,2026-02-02,2026-01-30,NV3,FedEx,1,1,15.11,2.1,0.0,17.21,shipmonk_estimate,USD
211807,7116146082102,Cattasaurus - shoproxstore - Shopify,direct_to_consumer,fulfilled,2026-01-30,2026-01-31,2026-01-30,PA2,OnTrac,1,1,11.68,2.1,0.0,13.78,shipmonk_estimate,USD
211808,7116165611830,Cattasaurus - shoproxstore - Shopify,direct_to_consumer,fulfilled,2026-01-30,2026-02-02,2026-01-30,TO1,FedEx,1,1,12.06,2.21,0.0,14.27,shipmonk_estimate,CAD+USD
211809,7116165579062,Cattasaurus - shoproxstore - Shopify,direct_to_consumer,fulfilled,2026-01-30,2026-02-02,2026-01-30,NV3,OnTrac,1,1,12.74,2.1,0.0,14.84,shipmonk_estimate,USD
211810,7116182159670,Cattasaurus - shoproxstore - Shopify,direct_to_consumer,fulfilled,2026-01-30,2026-01-31,2026-01-30,PA2,FedEx,1,1,15.92,2.1,0.0,18.02,shipmonk_estimate,USD
211811,7116182454582,Cattasaurus - shoproxstore - Shopify,direct_to_consumer,fulfilled,2026-01-30,2026-02-02,2026-01-30,TO1,FedEx,1,1,19.32,2.21,0.0,21.53,shipmonk_estimate,CAD+USD
211812,7116183863606,Cattasaurus - shoproxstore - Shopify,direct_to_consumer,fulfilled,2026-01-30,2026-01-31,2026-01-30,PA2,UPS,1,1,17.46,2.1,0.0,19.56,shipmonk_estimate,USD
211813,7116220432694,Cattasaurus - shoproxstore - Shopify,direct_to_consumer,fulfilled,2026-01-30,2026-02-02,2026-01-30,NV3,FedEx,1,1,14.54,5.3,0.0,19.84,shipmonk_estimate,USD
211814,7116242452790,Cattasaurus - shoproxstore - Shopify,direct_to_consumer,fulfilled,2026-01-30,2026-01-31,2026-01-30,PA2,OnTrac,1,1,15.16,2.1,0.0,17.26,shipmonk_estimate,USD
211815,7116268437814,Cattasaurus - shoproxstore - Shopify,direct_to_consumer,fulfilled,2026-01-30,2026-01-31,2026-01-30,PA2,UPS,1,1,17.46,2.1,0.0,19.56,shipmonk_estimate,USD
211816,7116269420854,Cattasaurus - shoproxstore - Shopify,direct_to_consumer,fulfilled,2026-01-30,2026-01-31,2026-01-30,PA2,UPS,2,1,16.26,2.7,0.0,18.96,shipmonk_estimate,USD
211817,7116274467126,Cattasaurus - shoproxstore - Shopify,direct_to_consumer,fulfilled,2026-01-30,2026-02-02,2026-01-30,NV3,USPS,1,1,14.88,2.1,0.0,16.98,shipmonk_estimate,USD
211818,7116298027318,Cattasaurus - shoproxstore - Shopify,direct_to_consumer,fulfilled,2026-01-30,2026-01-31,2026-01-30,PA2,OnTrac,1,1,16.86,2.1,0.0,18.96,shipmonk_estimate,USD
211819,7116306317622,Cattasaurus - shoproxstore - Shopify,direct_to_consumer,fulfilled,2026-01-30,2026-02-02,2026-01-30,NV3,OnTrac,1,1,12.43,2.1,0.0,14.53,shipmonk_estimate,USD
211820,7116310217014,Cattasaurus - shoproxstore - Shopify,direct_to_consumer,fulfilled,2026-01-30,2026-01-31,2026-01-30,PA2,OnTrac,1,1,13.0,2.1,0.0,15.1,shipmonk_estimate,USD
211821,7116319850806,Cattasaurus - shoproxstore - Shopify,direct_to_consumer,fulfilled,2026-01-30,2026-02-02,2026-01-30,NV3,UPS,1,1,24.2,2.1,0.0,26.3,shipmonk_estimate,USD
211822,7116340101430,Cattasaurus - shoproxstore - Shopify,direct_to_consumer,fulfilled,2026-01-30,2026-01-31,2026-01-30,PA2,OnTrac,2,1,15.16,2.4,0.0,17.56,shipmonk_estimate,USD
211823,7116346884406,Cattasaurus - shoproxstore - Shopify,direct_to_consumer,fulfilled,2026-01-30,2026-02-02,2026-01-30,TO1,FedEx,1,1,31.13,2.21,0.0,33.34,shipmonk_estimate,CAD+USD
211824,7116363890998,Cattasaurus - shoproxstore - Shopify,direct_to_consumer,fulfilled,2026-01-30,2026-02-02,2026-01-30,NV3,OnTrac,1,1,17.3,2.1,0.0,19.4,shipmonk_estimate,USD
211825,7116371525942,Cattasaurus - shoproxstore - Shopify,direct_to_consumer,fulfilled,2026-01-30,2026-02-02,2026-01-30,NV3,OnTrac,1,1,12.43,2.1,0.0,14.53,shipmonk_estimate,USD
211826,7116382503222,Cattasaurus - shoproxstore - Shopify,direct_to_consumer,fulfilled,2026-01-30,2026-01-31,2026-01-30,PA2,OnTrac,1,1,16.86,2.1,0.0,18.96,shipmonk_estimate,USD
211827,7116391088438,Cattasaurus - shoproxstore - Shopify,direct_to_consumer,fulfilled,2026-01-30,2026-02-03,2026-01-30,PA2,OnTrac,1,1,12.43,2.1,0.0,14.53,shipmonk_estimate,USD
211827_1,2c1efb8f-fd3d-4bf8-ba56-6d24058008c0,Cattasaurus - shoproxstore - Shopify,direct_to_consumer,fulfilled,2026-01-30,2026-02-03,2026-01-30,PA2,OnTrac,1,1,12.43,2.1,0.0,14.53,shipmonk_estimate,USD
211828,7116398952758,Cattasaurus - shoproxstore - Shopify,direct_to_consumer,fulfilled,2026-01-30,2026-02-02,2026-01-30,NV3,OnTrac,1,1,12.43,2.1,0.0,14.53,shipmonk_estimate,USD
211829,7116406489398,Cattasaurus - shoproxstore - Shopify,direct_to_consumer,fulfilled,2026-01-30,2026-01-31,2026-01-30,PA2,OnTrac,3,1,12.45,2.7,0.0,15.15,shipmonk_estimate,USD
211830,7116407013686,Cattasaurus - shoproxstore - Shopify,direct_to_consumer,fulfilled,2026-01-30,2026-01-31,2026-01-30,PA2,UPS,1,1,14.69,2.1,0.0,16.79,shipmonk_estimate,USD
211831,7116410650934,Cattasaurus - shoproxstore - Shopify,direct_to_consumer,fulfilled,2026-01-30,2026-02-02,2026-01-30,NV3,OnTrac,1,1,12.43,2.1,0.0,14.53,shipmonk_estimate,USD
211832,7116414845238,Cattasaurus - shoproxstore - Shopify,direct_to_consumer,fulfilled,2026-01-30,2026-02-02,2026-01-30,NV3,UPS,1,1,24.2,2.1,0.0,26.3,shipmonk_estimate,USD
211833,7116427690294,Cattasaurus - shoproxstore - Shopify,direct_to_consumer,fulfilled,2026-01-30,2026-01-31,2026-01-30,PA2,FedEx,1,1,15.16,2.1,0.0,17.26,shipmonk_estimate,USD
211834,7116429001014,Cattasaurus - shoproxstore - Shopify,direct_to_consumer,fulfilled,2026-01-30,2026-02-01,2026-01-30,PA2,OnTrac,1,1,14.28,2.4,0.0,16.68,shipmonk_estimate,USD
211835,7116432343350,Cattasaurus - shoproxstore - Shopify,direct_to_consumer,fulfilled,2026-01-30,2026-02-02,2026-01-30,TO1,FedEx,1,1,15.17,2.21,0.0,17.38,shipmonk_estimate,CAD+USD
211836,7116435456310,Cattasaurus - shoproxstore - Shopify,direct_to_consumer,fulfilled,2026-01-30,2026-01-31,2026-01-30,PA2,OnTrac,1,1,14.27,1.8,0.0,16.07,shipmonk_estimate,USD
211837,7116437651766,Cattasaurus - shoproxstore - Shopify,direct_to_consumer,fulfilled,2026-01-30,2026-02-02,2026-01-30,TO1,FedEx,1,1,23.54,2.21,0.0,25.75,shipmonk_estimate,CAD+USD
211838,7116438667574,Cattasaurus - shoproxstore - Shopify,direct_to_consumer,fulfilled,2026-01-30,2026-01-31,2026-01-30,PA2,UPS,1,1,14.69,2.1,0.0,16.79,shipmonk_estimate,USD
211839,7116461048118,Cattasaurus - shoproxstore - Shopify,direct_to_consumer,fulfilled,2026-01-30,2026-02-02,2026-01-30,TO1,FedEx,1,1,18.1,2.21,0.0,20.31,shipmonk_estimate,CAD+USD
211840,7116472058166,Cattasaurus - shoproxstore - Shopify,direct_to_consumer,fulfilled,2026-01-30,2026-01-31,2026-01-30,PA2,FedEx,1,1,17.65,2.1,0.0,19.75,shipmonk_estimate,USD
211841,7116477432118,Cattasaurus - shoproxstore - Shopify,direct_to_consumer,fulfilled,2026-01-30,2026-02-02,2026-01-30,TO1,FedEx,1,1,20.01,2.21,0.0,22.22,shipmonk_estimate,CAD+USD
211842,7116520194358,Cattasaurus - shoproxstore - Shopify,direct_to_consumer,fulfilled,2026-01-30,2026-01-31,2026-01-30,PA2,OnTrac,1,1,12.57,2.1,0.0,14.67,shipmonk_estimate,USD
211843,7116564496694,Cattasaurus - shoproxstore - Shopify,direct_to_consumer,fulfilled,2026-01-30,2026-01-31,2026-01-30,PA2,UPS,1,1,13.37,2.1,0.0,15.47,shipmonk_estimate,USD
211845,7116578193718,Cattasaurus - shoproxstore - Shopify,direct_to_consumer,fulfilled,2026-01-30,2026-01-31,2026-01-30,PA2,FedEx,1,1,15.14,2.1,0.0,17.24,shipmonk_estimate,USD
211846,7116612600118,Cattasaurus - shoproxstore - Shopify,direct_to_consumer,fulfilled,2026-01-30,2026-02-02,2026-01-30,NV3,FedEx,2,1,17.17,2.4,0.0,19.57,shipmonk_estimate,USD
211847,7116618137910,Cattasaurus - shoproxstore - Shopify,direct_to_consumer,fulfilled,2026-01-30,2026-02-02,2026-01-30,NV3,OnTrac,1,1,17.3,1.8,0.0,19.1,shipmonk_estimate,USD
211848,7116621676854,Cattasaurus - shoproxstore - Shopify,direct_to_consumer,fulfilled,2026-01-30,2026-02-02,2026-01-30,NV3,OnTrac,1,1,14.12,2.7,0.0,16.82,shipmonk_estimate,USD
211849,7116625903926,Cattasaurus - shoproxstore - Shopify,direct_to_consumer,fulfilled,2026-01-30,2026-01-31,2026-01-30,PA2,UPS,1,1,19.89,2.1,0.0,21.99,shipmonk_estimate,USD
211850,7116645499190,Cattasaurus - shoproxstore - Shopify,direct_to_consumer,fulfilled,2026-01-30,2026-01-31,2026-01-30,PA2,OnTrac,1,1,12.66,2.1,0.0,14.76,shipmonk_estimate,USD
211851,7116661686582,Cattasaurus - shoproxstore - Shopify,direct_to_consumer,fulfilled,2026-01-30,2026-01-31,2026-01-30,PA2,UPS,1,1,16.86,2.7,0.0,19.56,shipmonk_estimate,USD
211852,7116676268342,Cattasaurus - shoproxstore - Shopify,direct_to_consumer,fulfilled,2026-01-30,2026-01-31,2026-01-30,PA2,FedEx,1,1,15.92,2.1,0.0,18.02,shipmonk_estimate,USD
211853,7116687016246,Cattasaurus - shoproxstore - Shopify,direct_to_consumer,fulfilled,2026-01-30,2026-01-31,2026-01-30,PA2,OnTrac,1,1,14.69,2.1,0.0,16.79,shipmonk_estimate,USD
211854,7116701204790,Cattasaurus - shoproxstore - Shopify,direct_to_consumer,fulfilled,2026-01-30,2026-02-02,2026-01-30,NV3,FedEx,1,1,15.89,2.1,0.0,17.99,shipmonk_estimate,USD
211855,7116725584182,Cattasaurus - shoproxstore - Shopify,direct_to_consumer,fulfilled,2026-01-30,2026-02-02,2026-01-30,NV3,FedEx,1,1,21.46,2.1,0.0,23.56,shipmonk_estimate,USD
211856,7116736201014,Cattasaurus - shoproxstore - Shopify,direct_to_consumer,fulfilled,2026-01-30,2026-01-31,2026-01-30,PA2,OnTrac,1,1,15.16,2.1,0.0,17.26,shipmonk_estimate,USD
211857,7116756484406,Cattasaurus - shoproxstore - Shopify,direct_to_consumer,fulfilled,2026-01-30,2026-01-31,2026-01-30,PA2,OnTrac,1,1,12.66,2.1,0.0,14.76,shipmonk_estimate,USD
211858,7116768280886,Cattasaurus - shoproxstore - Shopify,direct_to_consumer,fulfilled,2026-01-30,2026-01-31,2026-01-30,PA2,UPS,1,1,13.37,2.1,0.0,15.47,shipmonk_estimate,USD
211859,7116770705718,Cattasaurus - shoproxstore - Shopify,direct_to_consumer,fulfilled,2026-01-30,2026-02-02,2026-01-30,TO1,FedEx,1,1,31.13,2.21,0.0,33.34,shipmonk_estimate,CAD+USD
211860,7116779880758,Cattasaurus - shoproxstore - Shopify,direct_to_consumer,fulfilled,2026-01-30,2026-02-01,2026-01-30,PA2,OnTrac,1,1,15.16,2.1,0.0,17.26,shipmonk_estimate,USD
211861,7116786794806,Cattasaurus - shoproxstore - Shopify,direct_to_consumer,fulfilled,2026-01-30,2026-02-02,2026-01-30,NV3,FedEx,1,1,17.62,2.1,0.0,19.72,shipmonk_estimate,USD
211862,7116841779510,Cattasaurus - shoproxstore - Shopify,direct_to_consumer,fulfilled,2026-01-30,2026-01-31,2026-01-30,PA2,FedEx,2,1,17.65,2.4,0.0,20.05,shipmonk_estimate,USD
211863,7116886245686,Cattasaurus - shoproxstore - Shopify,direct_to_consumer,fulfilled,2026-01-30,2026-01-31,2026-01-30,PA2,UPS,1,1,16.86,2.1,0.0,18.96,shipmonk_estimate,USD
211866,7116899123510,Cattasaurus - shoproxstore - Shopify,direct_to_consumer,fulfilled,2026-01-30,2026-01-31,2026-01-30,PA2,FedEx,1,1,15.16,2.1,0.0,17.26,shipmonk_estimate,USD
211867,7116899483958,Cattasaurus - shoproxstore - Shopify,direct_to_consumer,fulfilled,2026-01-30,2026-02-02,2026-01-30,NV3,FedEx,1,1,18.52,2.1,0.0,20.62,shipmonk_estimate,USD
211868,7116913312054,Cattasaurus - shoproxstore - Shopify,direct_to_consumer,fulfilled,2026-01-30,2026-02-02,2026-01-30,NV3,FedEx,1,1,14.54,2.1,0.0,16.64,shipmonk_estimate,USD
211869,7116985073974,Cattasaurus - shoproxstore - Shopify,direct_to_consumer,fulfilled,2026-01-30,2026-02-02,2026-01-30,NV3,OnTrac,1,1,12.43,2.4,0.0,14.83,shipmonk_estimate,USD
211870,7116995821878,Cattasaurus - shoproxstore - Shopify,direct_to_consumer,fulfilled,2026-01-30,2026-02-02,2026-01-30,NV3,FedEx,1,1,13.95,2.1,0.0,16.05,shipmonk_estimate,USD
211871,7117001261366,Cattasaurus - shoproxstore - Shopify,direct_to_consumer,fulfilled,2026-01-30,2026-01-31,2026-01-30,PA2,FedEx,1,1,17.65,2.1,0.0,19.75,shipmonk_estimate,USD
211872,7117033013558,Cattasaurus - shoproxstore - Shopify,direct_to_consumer,fulfilled,2026-01-30,2026-02-02,2026-01-30,NV3,FedEx,2,1,15.89,2.4,0.0,18.29,shipmonk_estimate,USD
211873,7117048217910,Cattasaurus - shoproxstore - Shopify,direct_to_consumer,fulfilled,2026-01-30,2026-02-02,2026-01-30,TO1,FedEx,1,1,34.93,2.21,0.0,37.14,shipmonk_estimate,CAD+USD
211874,7117065781558,Cattasaurus - shoproxstore - Shopify,direct_to_consumer,fulfilled,2026-01-30,2026-01-31,2026-01-30,PA2,OnTrac,1,1,12.57,2.1,0.0,14.67,shipmonk_estimate,USD
211875,7117068763446,Cattasaurus - shoproxstore - Shopify,direct_to_consumer,fulfilled,2026-01-30,2026-02-02,2026-01-30,NV3,UPS,1,1,20.21,2.1,0.0,22.31,shipmonk_estimate,USD
211876,7117080756534,Cattasaurus - shoproxstore - Shopify,direct_to_consumer,fulfilled,2026-01-30,2026-01-31,2026-01-30,PA2,OnTrac,1,1,17.34,2.1,0.0,19.44,shipmonk_estimate,USD
211877,7117111263542,Cattasaurus - shoproxstore - Shopify,direct_to_consumer,fulfilled,2026-01-30,2026-01-31,2026-01-30,PA2,OnTrac,1,1,13.37,2.7,0.0,16.07,shipmonk_estimate,USD
211878,7117113753910,Cattasaurus - shoproxstore - Shopify,direct_to_consumer,fulfilled,2026-01-30,2026-02-02,2026-01-30,NV3,FedEx,1,1,15.11,1.8,0.0,16.91,shipmonk_estimate,USD
"Merged: 211864, 211865",9c4b6209-5229-4c36-9471-7d3abc010713,Cattasaurus - shoproxstore - Shopify,direct_to_consumer,fulfilled,2026-01-30,2026-02-03,2026-01-30,PA2,OnTrac,2,1,17.3,2.4,0.0,19.7,shipmonk_estimate,USD
WAL129103082126972,cc9bf168-e142-4ea7-a070-956003e88b22,Cattasaurus - Manual Store,direct_to_consumer,fulfilled,2026-01-30,2026-01-30,2026-01-30,PA2,FedEx,1,1,12.66,1.8,0.0,14.46,shipmonk_estimate,USD
111-0791793-1566620,111-0791793-1566620,Cattasaurus - Amazon USA,direct_to_consumer,fulfilled,2026-01-31,2026-01-31,2026-01-31,PA2,UPS,1,1,14.69,2.1,0.0,16.79,shipmonk_estimate,USD
111-2277297-8866651,111-2277297-8866651,Cattasaurus - Amazon USA,direct_to_consumer,fulfilled,2026-01-31,2026-02-02,2026-01-31,NV3,OnTrac,1,1,12.63,2.1,0.0,14.73,shipmonk_estimate,USD
111-5056311-2810632,111-5056311-2810632,Cattasaurus - Amazon USA,direct_to_consumer,fulfilled,2026-01-31,2026-02-01,2026-01-31,PA2,OnTrac,1,1,12.66,2.1,0.0,14.76,shipmonk_estimate,USD
111-9730724-3028219,111-9730724-3028219,Cattasaurus - Amazon USA,direct_to_consumer,fulfilled,2026-01-31,2026-02-02,2026-01-31,NV3,FedEx,1,1,15.16,2.1,0.0,17.26,shipmonk_estimate,USD
111-9924050-9983415,111-9924050-9983415,Cattasaurus - Amazon USA,direct_to_consumer,fulfilled,2026-01-31,2026-02-02,2026-01-31,NV3,UPS,1,1,18.98,2.1,0.0,21.08,shipmonk_estimate,USD
112-4348283-8331401,112-4348283-8331401,Cattasaurus - Amazon USA,direct_to_consumer,fulfilled,2026-01-31,2026-01-31,2026-01-31,PA2,OnTrac,1,1,6.11,1.5,0.3,7.91,shipmonk_estimate,USD
112-4367805-1073022,112-4367805-1073022,Cattasaurus - Amazon USA,direct_to_consumer,fulfilled,2026-01-31,2026-02-01,2026-01-31,PA2,FedEx,1,1,14.14,2.1,0.0,16.24,shipmonk_estimate,USD
113-1667588-6778650,113-1667588-6778650,Cattasaurus - Amazon USA,direct_to_consumer,fulfilled,2026-01-31,2026-02-02,2026-01-31,NV3,OnTrac,1,1,17.13,2.1,0.0,19.23,shipmonk_estimate,USD
113-1997322-2013824,113-1997322-2013824,Cattasaurus - Amazon USA,direct_to_consumer,fulfilled,2026-01-31,2026-02-01,2026-01-31,PA2,OnTrac,1,1,14.14,2.1,0.0,16.24,shipmonk_estimate,USD
113-2834171-3873060,113-2834171-3873060,Cattasaurus - Amazon USA,direct_to_consumer,fulfilled,2026-01-31,2026-02-01,2026-01-31,PA2,OnTrac,1,1,8.72,1.5,0.0,10.22,shipmonk_estimate,USD
113-4307360-1062613,113-4307360-1062613,Cattasaurus - Amazon USA,direct_to_consumer,fulfilled,2026-01-31,2026-02-02,2026-01-31,NV3,OnTrac,1,1,12.43,2.1,0.0,14.53,shipmonk_estimate,USD
113-5543314-4114630,113-5543314-4114630,Cattasaurus - Amazon USA,direct_to_consumer,fulfilled,2026-01-31,2026-02-01,2026-01-31,PA2,OnTrac,1,1,12.66,2.1,0.0,14.76,shipmonk_estimate,USD
113-8611768-1258634,113-8611768-1258634,Cattasaurus - Amazon USA,direct_to_consumer,fulfilled,2026-01-31,2026-02-01,2026-01-31,PA2,OnTrac,1,1,15.16,2.1,0.0,17.26,shipmonk_estimate,USD
114-0728392-2738648,114-0728392-2738648,Cattasaurus - Amazon USA,direct_to_consumer,fulfilled,2026-01-31,2026-01-31,2026-01-31,PA2,OnTrac,1,1,18.86,2.1,0.0,20.96,shipmonk_estimate,USD
114-0789244-9336214,114-0789244-9336214,Cattasaurus - Amazon USA,direct_to_consumer,fulfilled,2026-01-31,2026-01-31,2026-01-31,PA2,OnTrac,1,1,12.45,2.1,0.0,14.55,shipmonk_estimate,USD
114-4190069-0183462,114-4190069-0183462,Cattasaurus - Amazon USA,direct_to_consumer,fulfilled,2026-01-31,2026-02-01,2026-01-31,PA2,UPS,1,1,10.37,1.5,0.0,11.87,shipmonk_estimate,USD
114-7692579-1481017,114-7692579-1481017,Cattasaurus - Amazon USA,direct_to_consumer,fulfilled,2026-01-31,2026-01-31,2026-01-31,PA2,UPS,1,1,16.86,2.1,0.0,18.96,shipmonk_estimate,USD
114-9258924-8330657,114-9258924-8330657,Cattasaurus - Amazon USA,direct_to_consumer,fulfilled,2026-01-31,2026-02-02,2026-01-31,NV3,UPS,1,1,18.2,2.1,0.0,20.3,shipmonk_estimate,USD
209041-01,6c30cfc0-da5d-4f8e-93d7-2743683fd3c6,Cattasaurus - shoproxstore - Shopify,direct_to_consumer,fulfilled,2026-01-31,2026-02-02,2026-01-31,NV3,FedEx,1,1,20.62,2.1,0.0,22.72,shipmonk_estimate,USD
211879,7117228704054,Cattasaurus - shoproxstore - Shopify,direct_to_consumer,fulfilled,2026-01-31,2026-02-02,2026-01-31,NV3,OnTrac,1,1,12.63,2.1,0.0,14.73,shipmonk_estimate,USD
211880,7117257703734,Cattasaurus - shoproxstore - Shopify,direct_to_consumer,fulfilled,2026-01-31,2026-02-02,2026-01-31,TO1,FedEx,1,1,22.29,2.21,0.0,24.5,shipmonk_estimate,CAD+USD
211881,7117358399798,Cattasaurus - shoproxstore - Shopify,direct_to_consumer,fulfilled,2026-01-31,2026-02-02,2026-01-31,NV3,FedEx,1,1,15.11,2.1,0.0,17.21,shipmonk_estimate,USD
211882,7117363085622,Cattasaurus - shoproxstore - Shopify,direct_to_consumer,fulfilled,2026-01-31,2026-02-02,2026-01-31,TO1,FedEx,1,1,15.17,2.21,0.0,17.38,shipmonk_estimate,CAD+USD
211883,7117388874038,Cattasaurus - shoproxstore - Shopify,direct_to_consumer,fulfilled,2026-01-31,2026-02-03,2026-01-31,PA2,DHL eCommerce,1,1,10.37,1.5,0.0,11.87,shipmonk_estimate,USD
211883_1,f9e17660-4cd3-4ffe-9a3f-8f2f35450eb7,Cattasaurus - shoproxstore - Shopify,direct_to_consumer,fulfilled,2026-01-31,2026-02-03,2026-01-31,PA2,UPS,1,1,10.37,1.5,0.0,11.87,shipmonk_estimate,USD
211883_2,62e90e42-798c-4e31-a0f3-08e42a97d29e,Cattasaurus - shoproxstore - Shopify,direct_to_consumer,fulfilled,2026-01-31,2026-02-03,2026-01-31,PA2,FedEx,1,1,15.13,1.8,0.0,16.93,shipmonk_estimate,USD
211883_3,df7dbe7d-3a9e-44d3-951f-5cfcc85c59be,Cattasaurus - shoproxstore - Shopify,direct_to_consumer,fulfilled,2026-01-31,2026-02-03,2026-01-31,PA2,UPS,1,1,11.98,0.3,0.0,12.28,shipmonk_estimate,USD
211883_4,db3deabe-2fa7-4040-85a0-7dd171d0cc85,Cattasaurus - shoproxstore - Shopify,direct_to_consumer,fulfilled,2026-01-31,2026-02-03,2026-01-31,PA2,FedEx,1,1,13.48,2.5,0.0,15.98,shipmonk_estimate,USD
211883_5,da5de490-7938-4c64-9c65-8aded1f9aee4,Cattasaurus - shoproxstore - Shopify,direct_to_consumer,fulfilled,2026-01-31,2026-02-03,2026-01-31,PA2,DHL eCommerce,1,1,8.8,1.5,0.0,10.3,shipmonk_estimate,USD
211884,7117399359798,Cattasaurus - shoproxstore - Shopify,direct_to_consumer,fulfilled,2026-01-31,2026-01-31,2026-01-31,PA2,OnTrac,1,1,15.16,2.1,0.0,17.26,shipmonk_estimate,USD
211885,7117403226422,Cattasaurus - shoproxstore - Shopify,direct_to_consumer,fulfilled,2026-01-31,2026-02-02,2026-01-31,NV3,UPS,1,1,16.86,2.1,0.0,18.96,shipmonk_estimate,USD
211888,7117453426998,Cattasaurus - shoproxstore - Shopify,direct_to_consumer,fulfilled,2026-01-31,2026-01-31,2026-01-31,PA2,OnTrac,1,1,12.66,2.1,0.0,14.76,shipmonk_estimate,USD
211889,7117460767030,Cattasaurus - shoproxstore - Shopify,direct_to_consumer,fulfilled,2026-01-31,2026-01-31,2026-01-31,PA2,OnTrac,1,1,14.14,2.1,0.0,16.24,shipmonk_estimate,USD
211890,7117465125174,Cattasaurus - shoproxstore - Shopify,direct_to_consumer,fulfilled,2026-01-31,2026-01-31,2026-01-31,PA2,FedEx,1,1,17.17,2.1,0.0,19.27,shipmonk_estimate,USD
211891,7117500612918,Cattasaurus - shoproxstore - Shopify,direct_to_consumer,fulfilled,2026-01-31,2026-01-31,2026-01-31,PA2,FedEx,1,1,15.14,2.1,0.0,17.24,shipmonk_estimate,USD
211892,7117517783350,Cattasaurus - shoproxstore - Shopify,direct_to_consumer,fulfilled,2026-01-31,2026-02-02,2026-01-31,TO1,FedEx,1,1,17.56,2.21,0.0,19.77,shipmonk_estimate,CAD+USD
211893,7117518799158,Cattasaurus - shoproxstore - Shopify,direct_to_consumer,fulfilled,2026-01-31,2026-02-02,2026-01-31,TO1,FedEx,1,1,17.56,2.21,0.0,19.77,shipmonk_estimate,CAD+USD
211894,7117534691638,Cattasaurus - shoproxstore - Shopify,direct_to_consumer,fulfilled,2026-01-31,2026-01-31,2026-01-31,PA2,OnTrac,1,1,15.97,2.1,0.0,18.07,shipmonk_estimate,USD
211895,7117547602230,Cattasaurus - shoproxstore - Shopify,direct_to_consumer,fulfilled,2026-01-31,2026-02-02,2026-01-31,NV3,OnTrac,1,1,20.67,2.1,0.0,22.77,shipmonk_estimate,USD
211896,7117553795382,Cattasaurus - shoproxstore - Shopify,direct_to_consumer,fulfilled,2026-01-31,2026-02-03,2026-01-31,PA2,OnTrac,1,1,12.55,2.1,0.0,14.65,shipmonk_estimate,USD
211896_1,816bd2ad-aeac-4e39-83cf-8767121eaee4,Cattasaurus - shoproxstore - Shopify,direct_to_consumer,fulfilled,2026-01-31,2026-02-03,2026-01-31,PA2,OnTrac,1,1,9.43,1.5,0.0,10.93,shipmonk_estimate,USD
211897,7117555958070,Cattasaurus - shoproxstore - Shopify,direct_to_consumer,fulfilled,2026-01-31,2026-02-02,2026-01-31,TO1,FedEx,1,1,15.15,2.21,0.0,17.36,shipmonk_estimate,CAD+USD
211898,7117561790774,Cattasaurus - shoproxstore - Shopify,direct_to_consumer,fulfilled,2026-01-31,2026-01-31,2026-01-31,PA2,OnTrac,1,1,14.14,2.1,0.0,16.24,shipmonk_estimate,USD
211899,7117563658550,Cattasaurus - shoproxstore - Shopify,direct_to_consumer,fulfilled,2026-01-31,2026-01-31,2026-01-31,PA2,OnTrac,1,1,12.45,2.1,0.0,14.55,shipmonk_estimate,USD
211900,7117564412214,Cattasaurus - shoproxstore - Shopify,direct_to_consumer,fulfilled,2026-01-31,2026-02-02,2026-01-31,TO1,FedEx,1,1,12.06,2.91,0.0,14.97,shipmonk_estimate,CAD+USD
211901,7117568409910,Cattasaurus - shoproxstore - Shopify,direct_to_consumer,fulfilled,2026-01-31,2026-01-31,2026-01-31,PA2,FedEx,1,1,13.98,2.1,0.0,16.08,shipmonk_estimate,USD
211902,7117582565686,Cattasaurus - shoproxstore - Shopify,direct_to_consumer,fulfilled,2026-01-31,2026-02-01,2026-01-31,PA2,UPS,1,1,17.46,2.1,0.0,19.56,shipmonk_estimate,USD
211903,7117596066102,Cattasaurus - shoproxstore - Shopify,direct_to_consumer,fulfilled,2026-01-31,2026-02-02,2026-01-31,TO1,FedEx,1,1,17.34,2.21,0.0,19.55,shipmonk_estimate,CAD+USD
211904,7117600457014,Cattasaurus - shoproxstore - Shopify,direct_to_consumer,fulfilled,2026-01-31,2026-02-01,2026-01-31,PA2,FedEx,1,1,12.45,2.1,0.0,14.55,shipmonk_estimate,USD
211905,7117622640950,Cattasaurus - shoproxstore - Shopify,direct_to_consumer,fulfilled,2026-01-31,2026-02-01,2026-01-31,PA2,FedEx,1,1,17.65,2.1,0.0,19.75,shipmonk_estimate,USD
211906,7117632864566,Cattasaurus - shoproxstore - Shopify,direct_to_consumer,fulfilled,2026-01-31,2026-02-03,2026-01-31,PA2,FedEx,1,1,16.82,2.1,0.0,18.92,shipmonk_estimate,USD
211906_1,ff8388bf-9309-4e34-9257-538de9a78884,Cattasaurus - shoproxstore - Shopify,direct_to_consumer,fulfilled,2026-01-31,2026-02-03,2026-01-31,PA2,DHL eCommerce,1,1,8.8,1.5,0.0,10.3,shipmonk_estimate,USD
211907,7117650592054,Cattasaurus - shoproxstore - Shopify,direct_to_consumer,fulfilled,2026-01-31,2026-02-01,2026-01-31,PA2,OnTrac,1,1,15.97,2.1,0.0,18.07,shipmonk_estimate,USD
211908,7117654229302,Cattasaurus - shoproxstore - Shopify,direct_to_consumer,fulfilled,2026-01-31,2026-02-01,2026-01-31,PA2,FedEx,1,1,17.65,1.8,0.0,19.45,shipmonk_estimate,USD
211911,7117680705846,Cattasaurus - shoproxstore - Shopify,direct_to_consumer,fulfilled,2026-01-31,2026-02-03,2026-01-31,PA2,USPS,1,1,9.67,1.5,0.0,11.17,shipmonk_estimate,USD
211911_1,c0c38e59-8fb2-41b2-8775-181a78240374,Cattasaurus - shoproxstore - Shopify,direct_to_consumer,fulfilled,2026-01-31,2026-02-03,2026-01-31,PA2,USPS,1,1,6.04,1.5,0.5,8.04,shipmonk_estimate,USD
211911_2,55dfa20e-cdd5-4cfa-b229-c86e089612e5,Cattasaurus - shoproxstore - Shopify,direct_to_consumer,fulfilled,2026-01-31,2026-02-03,2026-01-31,PA2,USPS,1,1,9.67,1.5,0.0,11.17,shipmonk_estimate,USD
211912,7117728547126,Cattasaurus - shoproxstore - Shopify,direct_to_consumer,fulfilled,2026-01-31,2026-02-01,2026-01-31,PA2,FedEx,1,1,12.45,2.7,0.0,15.15,shipmonk_estimate,USD
211913,7117731496246,Cattasaurus - shoproxstore - Shopify,direct_to_consumer,fulfilled,2026-01-31,2026-02-04,2026-01-31,PA2,OnTrac,1,1,15.13,2.1,0.0,17.23,shipmonk_estimate,USD
211913_1,6c5401e9-90e1-491b-a2c2-c8387e2404d2,Cattasaurus - shoproxstore - Shopify,direct_to_consumer,fulfilled,2026-01-31,2026-02-04,2026-01-31,PA2,OnTrac,1,1,15.13,2.1,0.0,17.23,shipmonk_estimate,USD
211913_2,ef48b80c-8faa-4f58-9cae-df9bc74194e5,Cattasaurus - shoproxstore - Shopify,direct_to_consumer,fulfilled,2026-01-31,2026-02-06,2026-01-31,PA2,OnTrac,1,1,11.98,1.5,0.0,13.48,shipmonk_estimate,USD
211914,7117731987766,Cattasaurus - shoproxstore - Shopify,direct_to_consumer,fulfilled,2026-01-31,2026-02-01,2026-01-31,PA2,OnTrac,1,1,12.45,2.1,0.0,14.55,shipmonk_estimate,USD
211915,7117733626166,Cattasaurus - shoproxstore - Shopify,direct_to_consumer,fulfilled,2026-01-31,2026-02-01,2026-01-31,PA2,UPS,2,1,15.21,2.4,0.0,17.61,shipmonk_estimate,USD
211916,7117761839414,Cattasaurus - shoproxstore - Shopify,direct_to_consumer,fulfilled,2026-01-31,2026-02-01,2026-01-31,PA2,OnTrac,1,1,13.0,2.1,0.0,15.1,shipmonk_estimate,USD
211917,7117766066486,Cattasaurus - shoproxstore - Shopify,direct_to_consumer,fulfilled,2026-01-31,2026-02-03,2026-01-31,NV3,OnTrac,1,1,18.55,2.1,0.0,20.65,shipmonk_estimate,USD
211917_1,48805af9-503b-4be3-b274-f05e2bf4b176,Cattasaurus - shoproxstore - Shopify,direct_to_consumer,fulfilled,2026-01-31,2026-02-03,2026-01-31,NV3,OnTrac,1,1,18.55,2.1,0.0,20.65,shipmonk_estimate,USD
211918,7117770850614,Cattasaurus - shoproxstore - Shopify,direct_to_consumer,fulfilled,2026-01-31,2026-02-02,2026-01-31,NV3,OnTrac,1,1,14.32,2.1,0.0,16.42,shipmonk_estimate,USD
211919,7117773013302,Cattasaurus - shoproxstore - Shopify,direct_to_consumer,fulfilled,2026-01-31,2026-02-01,2026-01-31,PA2,FedEx,1,1,15.14,2.1,0.0,17.24,shipmonk_estimate,USD
211920,7117799489846,Cattasaurus - shoproxstore - Shopify,direct_to_consumer,fulfilled,2026-01-31,2026-02-01,2026-01-31,PA2,UPS,1,1,17.34,2.1,0.0,19.44,shipmonk_estimate,USD
211921,7117804503350,Cattasaurus - shoproxstore - Shopify,direct_to_consumer,fulfilled,2026-01-31,2026-02-01,2026-01-31,PA2,OnTrac,1,1,14.27,2.1,0.0,16.37,shipmonk_estimate,USD
211922,7117813743926,Cattasaurus - shoproxstore - Shopify,direct_to_consumer,fulfilled,2026-01-31,2026-02-02,2026-01-31,NV3,FedEx,1,1,15.16,2.1,0.0,17.26,shipmonk_estimate,USD
211924,7117819674934,Cattasaurus - shoproxstore - Shopify,direct_to_consumer,fulfilled,2026-01-31,2026-02-02,2026-01-31,NV3,FedEx,1,1,13.95,2.1,0.0,16.05,shipmonk_estimate,USD
211925,7117825671478,Cattasaurus - shoproxstore - Shopify,direct_to_consumer,fulfilled,2026-01-31,2026-02-01,2026-01-31,PA2,OnTrac,1,1,15.16,2.1,0.0,17.26,shipmonk_estimate,USD
211926,7117835764022,Cattasaurus - shoproxstore - Shopify,direct_to_consumer,fulfilled,2026-01-31,2026-02-02,2026-01-31,NV3,OnTrac,1,1,19.85,1.8,0.0,21.65,shipmonk_estimate,USD
211927,7117854867766,Cattasaurus - shoproxstore - Shopify,direct_to_consumer,fulfilled,2026-01-31,2026-02-01,2026-01-31,PA2,FedEx,1,1,21.5,2.1,0.0,23.6,shipmonk_estimate,USD
211928,7117861617974,Cattasaurus - shoproxstore - Shopify,direct_to_consumer,fulfilled,2026-01-31,2026-02-02,2026-01-31,NV3,OnTrac,1,1,18.55,2.7,0.0,21.25,shipmonk_estimate,USD
211929,7117861749046,Cattasaurus - shoproxstore - Shopify,direct_to_consumer,fulfilled,2026-01-31,2026-02-01,2026-01-31,PA2,FedEx,1,1,15.16,2.1,0.0,17.26,shipmonk_estimate,USD
211930,7117869351222,Cattasaurus - shoproxstore - Shopify,direct_to_consumer,fulfilled,2026-01-31,2026-02-03,2026-01-31,PA2,UPS,1,1,17.58,2.1,0.0,19.68,shipmonk_estimate,USD
211930_1,3ec55e2a-8933-4387-9284-0ab2f88f830b,Cattasaurus - shoproxstore - Shopify,direct_to_consumer,fulfilled,2026-01-31,2026-02-03,2026-01-31,PA2,UPS,1,1,17.3,2.1,0.0,19.4,shipmonk_estimate,USD
211931,7117871350070,Cattasaurus - shoproxstore - Shopify,direct_to_consumer,fulfilled,2026-01-31,2026-02-01,2026-01-31,PA2,OnTrac,1,1,11.68,2.1,0.0,13.78,shipmonk_estimate,USD
211932,7117879279926,Cattasaurus - shoproxstore - Shopify,direct_to_consumer,fulfilled,2026-01-31,2026-02-01,2026-01-31,PA2,UPS,1,1,19.89,2.1,0.0,21.99,shipmonk_estimate,USD
211933,7117888389430,Cattasaurus - shoproxstore - Shopify,direct_to_consumer,fulfilled,2026-01-31,2026-02-02,2026-01-31,NV3,FedEx,1,1,23.15,2.1,0.0,25.25,shipmonk_estimate,USD
211934,7117891404086,Cattasaurus - shoproxstore - Shopify,direct_to_consumer,fulfilled,2026-01-31,2026-02-01,2026-01-31,PA2,UPS,1,1,17.62,2.1,0.0,19.72,shipmonk_estimate,USD
211935,7117892747574,Cattasaurus - shoproxstore - Shopify,direct_to_consumer,fulfilled,2026-01-31,2026-02-02,2026-01-31,TO1,FedEx,1,1,25.42,2.21,0.0,27.63,shipmonk_estimate,CAD+USD
211936,7117898449206,Cattasaurus - shoproxstore - Shopify,direct_to_consumer,fulfilled,2026-01-31,2026-02-02,2026-01-31,NV3,FedEx,3,1,17.17,2.7,0.0,19.87,shipmonk_estimate,USD
211937,7117901431094,Cattasaurus - shoproxstore - Shopify,direct_to_consumer,fulfilled,2026-01-31,2026-02-01,2026-01-31,PA2,OnTrac,1,1,14.14,2.1,0.0,16.24,shipmonk_estimate,USD
211938,7117912211766,Cattasaurus - shoproxstore - Shopify,direct_to_consumer,fulfilled,2026-01-31,2026-02-02,2026-01-31,NV3,FedEx,1,1,15.16,2.1,0.0,17.26,shipmonk_estimate,USD
211939,7117916307766,Cattasaurus - shoproxstore - Shopify,direct_to_consumer,fulfilled,2026-01-31,2026-02-01,2026-01-31,PA2,FedEx,1,1,16.83,2.1,0.0,18.93,shipmonk_estimate,USD
211940,7117916635446,Cattasaurus - shoproxstore - Shopify,direct_to_consumer,fulfilled,2026-01-31,2026-02-02,2026-01-31,NV3,FedEx,1,1,13.95,2.1,0.0,16.05,shipmonk_estimate,USD
211941,7117917028662,Cattasaurus - shoproxstore - Shopify,direct_to_consumer,fulfilled,2026-01-31,2026-02-02,2026-01-31,TO1,FedEx,1,1,17.34,2.21,0.0,19.55,shipmonk_estimate,CAD+USD
211942,7117918241078,Cattasaurus - shoproxstore - Shopify,direct_to_consumer,fulfilled,2026-01-31,2026-02-02,2026-01-31,NV3,OnTrac,2,1,15.91,2.4,0.0,18.31,shipmonk_estimate,USD
211944,7117930856758,Cattasaurus - shoproxstore - Shopify,direct_to_consumer,fulfilled,2026-01-31,2026-02-01,2026-01-31,PA2,OnTrac,1,1,12.45,2.1,0.0,14.55,shipmonk_estimate,USD
211946,7117934526774,Cattasaurus - shoproxstore - Shopify,direct_to_consumer,fulfilled,2026-01-31,2026-02-01,2026-01-31,PA2,OnTrac,1,1,13.0,2.1,0.0,15.1,shipmonk_estimate,USD
211947,7117936197942,Cattasaurus - shoproxstore - Shopify,direct_to_consumer,fulfilled,2026-01-31,2026-02-01,2026-01-31,PA2,UPS,1,1,16.86,2.1,0.0,18.96,shipmonk_estimate,USD
211948,7117936361782,Cattasaurus - shoproxstore - Shopify,direct_to_consumer,fulfilled,2026-01-31,2026-02-01,2026-01-31,PA2,FedEx,1,1,13.98,2.1,0.0,16.08,shipmonk_estimate,USD
211949,7117939900726,Cattasaurus - shoproxstore - Shopify,direct_to_consumer,fulfilled,2026-01-31,2026-02-02,2026-01-31,PA2,FedEx,1,1,15.16,2.1,0.0,17.26,shipmonk_estimate,USD
211950,7117940588854,Cattasaurus - shoproxstore - Shopify,direct_to_consumer,fulfilled,2026-01-31,2026-02-01,2026-01-31,PA2,FedEx,1,1,13.52,2.1,0.0,15.62,shipmonk_estimate,USD
211951,7117942358326,Cattasaurus - shoproxstore - Shopify,direct_to_consumer,fulfilled,2026-01-31,2026-02-01,2026-01-31,PA2,FedEx,1,1,17.65,2.1,0.0,19.75,shipmonk_estimate,USD
211952,7117955989814,Cattasaurus - shoproxstore - Shopify,direct_to_consumer,fulfilled,2026-01-31,2026-02-02,2026-01-31,NV3,UPS,1,1,19.89,2.1,0.0,21.99,shipmonk_estimate,USD
211953,7117959561526,Cattasaurus - shoproxstore - Shopify,direct_to_consumer,fulfilled,2026-01-31,2026-02-02,2026-01-31,NV3,OnTrac,2,1,13.49,2.4,0.0,15.89,shipmonk_estimate,USD
211954,7117961724214,Cattasaurus - shoproxstore - Shopify,direct_to_consumer,fulfilled,2026-01-31,2026-02-02,2026-01-31,PA2,UPS,2,1,17.58,2.4,0.0,19.98,shipmonk_estimate,USD
211955,7117965721910,Cattasaurus - shoproxstore - Shopify,direct_to_consumer,fulfilled,2026-01-31,2026-02-01,2026-01-31,PA2,OnTrac,1,1,17.4,2.1,0.0,19.5,shipmonk_estimate,USD
211956,7117985317174,Cattasaurus - shoproxstore - Shopify,direct_to_consumer,fulfilled,2026-01-31,2026-02-02,2026-01-31,NV3,OnTrac,1,1,14.12,2.1,0.0,16.22,shipmonk_estimate,USD
211957,7117987414326,Cattasaurus - shoproxstore - Shopify,direct_to_consumer,fulfilled,2026-01-31,2026-02-02,2026-01-31,PA2,FedEx,1,1,15.11,2.1,0.0,17.21,shipmonk_estimate,USD
211958,7117997244726,Cattasaurus - shoproxstore - Shopify,direct_to_consumer,fulfilled,2026-01-31,2026-02-02,2026-01-31,NV3,FedEx,1,1,13.95,1.8,0.0,15.75,shipmonk_estimate,USD
211959,7118005895478,Cattasaurus - shoproxstore - Shopify,direct_to_consumer,fulfilled,2026-01-31,2026-02-02,2026-01-31,NV3,FedEx,1,1,21.46,2.1,0.0,23.56,shipmonk_estimate,USD
211960,7118008025398,Cattasaurus - shoproxstore - Shopify,direct_to_consumer,fulfilled,2026-01-31,2026-02-02,2026-01-31,PA2,FedEx,1,1,15.11,2.1,0.0,17.21,shipmonk_estimate,USD
211961,7118012547382,Cattasaurus - shoproxstore - Shopify,direct_to_consumer,fulfilled,2026-01-31,2026-02-02,2026-01-31,NV3,OnTrac,1,1,17.61,2.1,0.0,19.71,shipmonk_estimate,USD
211962,7118013727030,Cattasaurus - shoproxstore - Shopify,direct_to_consumer,fulfilled,2026-01-31,2026-02-04,2026-01-31,PA2,OnTrac,1,1,12.43,2.1,0.0,14.53,shipmonk_estimate,USD
211962_1,cb02d187-72eb-4463-aec4-a7c0989ca029,Cattasaurus - shoproxstore - Shopify,direct_to_consumer,fulfilled,2026-01-31,2026-02-04,2026-01-31,PA2,OnTrac,1,1,12.43,2.1,0.0,14.53,shipmonk_estimate,USD
211963,7118019985718,Cattasaurus - shoproxstore - Shopify,direct_to_consumer,fulfilled,2026-01-31,2026-02-02,2026-01-31,NV3,OnTrac,1,1,15.13,2.1,0.0,17.23,shipmonk_estimate,USD
211964,7118023622966,Cattasaurus - shoproxstore - Shopify,direct_to_consumer,fulfilled,2026-01-31,2026-02-02,2026-01-31,PA2,OnTrac,1,1,19.85,2.1,0.0,21.95,shipmonk_estimate,USD
211965,7118024278326,Cattasaurus - shoproxstore - Shopify,direct_to_consumer,fulfilled,2026-01-31,2026-02-01,2026-01-31,PA2,OnTrac,1,1,15.16,2.1,0.0,17.26,shipmonk_estimate,USD
211966,7118028702006,Cattasaurus - shoproxstore - Shopify,direct_to_consumer,fulfilled,2026-01-31,2026-02-02,2026-01-31,PA2,FedEx,1,1,15.11,2.1,0.0,17.21,shipmonk_estimate,USD
211967,7118034108726,Cattasaurus - shoproxstore - Shopify,direct_to_consumer,fulfilled,2026-01-31,2026-02-04,2026-01-31,NV3,FedEx,1,1,20.21,2.1,0.0,22.31,shipmonk_estimate,USD
211967_1,490de973-22b5-4dfa-a666-cc22f9d3bc11,Cattasaurus - shoproxstore - Shopify,direct_to_consumer,fulfilled,2026-01-31,2026-02-04,2026-01-31,PA2,OnTrac,1,1,16.04,1.5,0.0,17.54,shipmonk_estimate,USD
211968,7118043775286,Cattasaurus - shoproxstore - Shopify,direct_to_consumer,fulfilled,2026-01-31,2026-02-01,2026-01-31,PA2,FedEx,1,1,13.47,2.1,0.0,15.57,shipmonk_estimate,USD
211969,7118056784182,Cattasaurus - shoproxstore - Shopify,direct_to_consumer,fulfilled,2026-01-31,2026-02-02,2026-01-31,TO1,FedEx,1,1,24.09,2.21,0.0,26.3,shipmonk_estimate,CAD+USD
211970,7118057799990,Cattasaurus - shoproxstore - Shopify,direct_to_consumer,fulfilled,2026-01-31,2026-02-02,2026-01-31,NV3,FedEx,1,1,19.09,2.1,0.0,21.19,shipmonk_estimate,USD
211971,7118059209014,Cattasaurus - shoproxstore - Shopify,direct_to_consumer,fulfilled,2026-01-31,2026-02-02,2026-01-31,PA2,UPS,1,1,17.3,2.1,0.0,19.4,shipmonk_estimate,USD
211972,7118064943414,Cattasaurus - shoproxstore - Shopify,direct_to_consumer,fulfilled,2026-01-31,2026-02-02,2026-01-31,TO1,FedEx,1,1,35.3,2.21,0.0,37.51,shipmonk_estimate,CAD+USD
211973,7118068056374,Cattasaurus - shoproxstore - Shopify,direct_to_consumer,fulfilled,2026-01-31,2026-02-02,2026-01-31,NV3,OnTrac,1,1,12.43,2.1,0.0,14.53,shipmonk_estimate,USD
211974,7118071562550,Cattasaurus - shoproxstore - Shopify,direct_to_consumer,fulfilled,2026-01-31,2026-02-03,2026-01-31,TO1,FedEx,1,1,36.43,2.21,0.0,38.64,shipmonk_estimate,CAD+USD
211975,7118075101494,Cattasaurus - shoproxstore - Shopify,direct_to_consumer,fulfilled,2026-01-31,2026-02-02,2026-01-31,NV3,OnTrac,1,1,17.87,2.1,0.0,19.97,shipmonk_estimate,USD
211976,7118078968118,Cattasaurus - shoproxstore - Shopify,direct_to_consumer,fulfilled,2026-01-31,2026-02-02,2026-01-31,NV3,OnTrac,1,1,15.13,2.1,0.0,17.23,shipmonk_estimate,USD
211977,7118093812022,Cattasaurus - shoproxstore - Shopify,direct_to_consumer,fulfilled,2026-01-31,2026-02-04,2026-01-31,NV3,OnTrac,1,1,12.63,2.1,0.0,14.73,shipmonk_estimate,USD
211977_1,be24a79d-030f-4aa5-9ae5-a5e6b8cd69ca,Cattasaurus - shoproxstore - Shopify,direct_to_consumer,fulfilled,2026-01-31,2026-02-04,2026-01-31,PA2,OnTrac,1,1,13.46,1.5,0.0,14.96,shipmonk_estimate,USD
211978,7118094106934,Cattasaurus - shoproxstore - Shopify,direct_to_consumer,fulfilled,2026-01-31,2026-02-02,2026-01-31,NV3,OnTrac,1,1,18.55,2.1,0.0,20.65,shipmonk_estimate,USD
211979,7118111998262,Cattasaurus - shoproxstore - Shopify,direct_to_consumer,fulfilled,2026-01-31,2026-02-04,2026-01-31,NV3,OnTrac,1,1,14.03,2.1,0.0,16.13,shipmonk_estimate,USD
211979_1,fb138676-f53f-4074-89ce-5fc4e6080004,Cattasaurus - shoproxstore - Shopify,direct_to_consumer,fulfilled,2026-01-31,2026-02-04,2026-01-31,NV3,OnTrac,1,1,14.03,2.1,0.0,16.13,shipmonk_estimate,USD
211980,7118114488630,Cattasaurus - shoproxstore - Shopify,direct_to_consumer,fulfilled,2026-01-31,2026-02-02,2026-01-31,PA2,OnTrac,1,1,14.25,2.4,0.0,16.65,shipmonk_estimate,USD
211981,7118114947382,Cattasaurus - shoproxstore - Shopify,direct_to_consumer,fulfilled,2026-01-31,2026-02-02,2026-01-31,PA2,FedEx,1,1,15.11,2.1,0.0,17.21,shipmonk_estimate,USD
211982,7118136541494,Cattasaurus - shoproxstore - Shopify,direct_to_consumer,fulfilled,2026-01-31,2026-02-02,2026-01-31,PA2,FedEx,1,2,28.56,4.2,0.0,32.76,shipmonk_estimate,USD
211983,7118137196854,Cattasaurus - shoproxstore - Shopify,direct_to_consumer,fulfilled,2026-01-31,2026-02-02,2026-01-31,NV3,FedEx,1,1,17.62,2.1,0.0,19.72,shipmonk_estimate,USD
211984,7118144504118,Cattasaurus - shoproxstore - Shopify,direct_to_consumer,fulfilled,2026-01-31,2026-02-02,2026-01-31,PA2,OnTrac,2,1,15.13,2.4,0.0,17.53,shipmonk_estimate,USD
211985,7118144930102,Cattasaurus - shoproxstore - Shopify,direct_to_consumer,fulfilled,2026-01-31,2026-02-02,2026-01-31,PA2,UPS,2,1,17.58,2.4,0.0,19.98,shipmonk_estimate,USD
211986,7118148469046,Cattasaurus - shoproxstore - Shopify,direct_to_consumer,fulfilled,2026-01-31,2026-02-02,2026-01-31,PA2,UPS,1,1,16.23,2.1,0.0,18.33,shipmonk_estimate,USD
211987,7118159610166,Cattasaurus - shoproxstore - Shopify,direct_to_consumer,fulfilled,2026-01-31,2026-02-04,2026-01-31,NV3,OnTrac,2,1,11.65,2.4,0.0,14.05,shipmonk_estimate,USD
211987_1,06729566-d3e2-48bb-b789-c02a30ad7720,Cattasaurus - shoproxstore - Shopify,direct_to_consumer,fulfilled,2026-01-31,2026-02-04,2026-01-31,PA2,OnTrac,1,1,19.36,2.5,0.0,21.86,shipmonk_estimate,USD
211987_2,bc48d207-7aad-4dd6-ad5f-77e706ef9d86,Cattasaurus - shoproxstore - Shopify,direct_to_consumer,fulfilled,2026-01-31,2026-02-04,2026-01-31,PA2,OnTrac,1,1,9.41,1.5,0.0,10.91,shipmonk_estimate,USD
211987_3,d3f53fa8-dfbf-4731-b529-027ae332d1e4,Cattasaurus - shoproxstore - Shopify,direct_to_consumer,fulfilled,2026-01-31,2026-02-04,2026-01-31,NV3,OnTrac,1,1,11.65,2.1,0.0,13.75,shipmonk_estimate,USD
211988,7118172782902,Cattasaurus - shoproxstore - Shopify,direct_to_consumer,fulfilled,2026-01-31,2026-02-02,2026-01-31,NV3,FedEx,1,1,17.62,2.1,0.0,19.72,shipmonk_estimate,USD
211989,7118177370422,Cattasaurus - shoproxstore - Shopify,direct_to_consumer,fulfilled,2026-01-31,2026-02-02,2026-01-31,PA2,OnTrac,1,1,12.63,2.1,0.0,14.73,shipmonk_estimate,USD
211990,7118183137590,Cattasaurus - shoproxstore - Shopify,direct_to_consumer,fulfilled,2026-01-31,2026-02-02,2026-01-31,PA2,FedEx,2,1,13.95,2.4,0.0,16.35,shipmonk_estimate,USD
211991,7118185201974,Cattasaurus - shoproxstore - Shopify,direct_to_consumer,fulfilled,2026-01-31,2026-02-02,2026-01-31,PA2,OnTrac,1,1,15.13,2.1,0.0,17.23,shipmonk_estimate,USD
211992,7118201192758,Cattasaurus - shoproxstore - Shopify,direct_to_consumer,fulfilled,2026-01-31,2026-02-02,2026-01-31,NV3,FedEx,1,1,14.54,2.1,0.0,16.64,shipmonk_estimate,USD
211993,7118217478454,Cattasaurus - shoproxstore - Shopify,direct_to_consumer,fulfilled,2026-01-31,2026-02-02,2026-01-31,TO1,FedEx,1,1,17.56,2.21,0.0,19.77,shipmonk_estimate,CAD+USD
211994,7118218920246,Cattasaurus - shoproxstore - Shopify,direct_to_consumer,fulfilled,2026-01-31,2026-02-02,2026-01-31,PA2,OnTrac,1,1,12.43,2.1,0.0,14.53,shipmonk_estimate,USD
211995,7118230290742,Cattasaurus - shoproxstore - Shopify,direct_to_consumer,fulfilled,2026-01-31,2026-02-04,2026-01-31,PA2,UPS,1,1,17.42,2.1,0.0,19.52,shipmonk_estimate,USD
211995_1,227a1d5e-4620-40c6-b36a-2431d47ff219,Cattasaurus - shoproxstore - Shopify,direct_to_consumer,fulfilled,2026-01-31,2026-02-04,2026-01-31,PA2,UPS,1,1,17.42,2.1,0.0,19.52,shipmonk_estimate,USD
211995_2,c45ab0a2-1961-41a6-bee0-197bb73f6083,Cattasaurus - shoproxstore - Shopify,direct_to_consumer,fulfilled,2026-01-31,2026-02-04,2026-01-31,PA2,UPS,1,1,16.82,2.7,0.0,19.52,shipmonk_estimate,USD
211995_3,05513646-2697-4d11-997e-9feb34d90204,Cattasaurus - shoproxstore - Shopify,direct_to_consumer,fulfilled,2026-01-31,2026-02-04,2026-01-31,PA2,UPS,1,1,16.82,2.7,0.0,19.52,shipmonk_estimate,USD
211996,7118234321206,Cattasaurus - shoproxstore - Shopify,direct_to_consumer,fulfilled,2026-01-31,2026-02-02,2026-01-31,NV3,OnTrac,1,1,15.13,1.8,0.0,16.93,shipmonk_estimate,USD
211997,7118240481590,Cattasaurus - shoproxstore - Shopify,direct_to_consumer,fulfilled,2026-01-31,2026-02-02,2026-01-31,NV3,FedEx,1,1,13.95,2.1,0.0,16.05,shipmonk_estimate,USD
211998,7118247592246,Cattasaurus - shoproxstore - Shopify,direct_to_consumer,fulfilled,2026-01-31,2026-02-02,2026-01-31,PA2,UPS,1,1,19.85,2.1,0.0,21.95,shipmonk_estimate,USD
211999,7118251229494,Cattasaurus - shoproxstore - Shopify,direct_to_consumer,fulfilled,2026-01-31,2026-02-02,2026-01-31,PA2,FedEx,1,1,17.62,2.1,0.0,19.72,shipmonk_estimate,USD
212000,7118255915318,Cattasaurus - shoproxstore - Shopify,direct_to_consumer,fulfilled,2026-01-31,2026-02-02,2026-01-31,PA2,FedEx,1,1,15.16,2.1,0.0,17.26,shipmonk_estimate,USD
212001,7118258340150,Cattasaurus - shoproxstore - Shopify,direct_to_consumer,fulfilled,2026-01-31,2026-02-03,2026-01-31,TO1,FedEx,1,1,61.84,2.21,0.0,64.05,shipmonk_estimate,CAD+USD
212002,7118259388726,Cattasaurus - shoproxstore - Shopify,direct_to_consumer,fulfilled,2026-01-31,2026-02-04,2026-01-31,PA2,OnTrac,2,1,13.34,2.4,0.0,15.74,shipmonk_estimate,USD
212002_1,6287943a-ee56-427b-b660-730b2353b78c,Cattasaurus - shoproxstore - Shopify,direct_to_consumer,fulfilled,2026-01-31,2026-02-04,2026-01-31,PA2,DHL eCommerce,1,1,8.29,1.5,0.0,9.79,shipmonk_estimate,USD
212003,7118264566070,Cattasaurus - shoproxstore - Shopify,direct_to_consumer,fulfilled,2026-01-31,2026-02-02,2026-01-31,PA2,FedEx,3,1,21.46,2.7,0.0,24.16,shipmonk_estimate,USD
212004,7118270398774,Cattasaurus - shoproxstore - Shopify,direct_to_consumer,fulfilled,2026-01-31,2026-02-02,2026-01-31,PA2,OnTrac,2,1,15.94,2.4,0.0,18.34,shipmonk_estimate,USD
212005,7118288388406,Cattasaurus - shoproxstore - Shopify,direct_to_consumer,fulfilled,2026-01-31,2026-02-03,2026-01-31,TO1,FedEx,1,1,30.94,2.21,0.0,33.15,shipmonk_estimate,CAD+USD
212006,7118300676406,Cattasaurus - shoproxstore - Shopify,direct_to_consumer,fulfilled,2026-01-31,2026-02-02,2026-01-31,PA2,OnTrac,2,1,15.94,2.4,0.0,18.34,shipmonk_estimate,USD
212007,7118311227702,Cattasaurus - shoproxstore - Shopify,direct_to_consumer,fulfilled,2026-01-31,2026-02-02,2026-01-31,TO1,FedEx,1,1,18.1,2.21,0.0,20.31,shipmonk_estimate,CAD+USD
212008,7118313062710,Cattasaurus - shoproxstore - Shopify,direct_to_consumer,fulfilled,2026-01-31,2026-02-02,2026-01-31,PA2,OnTrac,1,1,12.43,2.1,0.0,14.53,shipmonk_estimate,USD
212009,7118319386934,Cattasaurus - shoproxstore - Shopify,direct_to_consumer,fulfilled,2026-01-31,2026-02-04,2026-01-31,PA2,OnTrac,1,1,14.12,2.1,0.0,16.22,shipmonk_estimate,USD
212009_1,ee386a1b-efac-40bf-b263-78c52c9f444e,Cattasaurus - shoproxstore - Shopify,direct_to_consumer,fulfilled,2026-01-31,2026-02-04,2026-01-31,PA2,OnTrac,1,1,10.87,1.5,0.0,12.37,shipmonk_estimate,USD
212009_2,8532df64-9be1-40d8-b365-72f34a424f3f,Cattasaurus - shoproxstore - Shopify,direct_to_consumer,fulfilled,2026-01-31,2026-02-04,2026-01-31,PA2,OnTrac,1,1,14.12,2.1,0.0,16.22,shipmonk_estimate,USD
212010,7118321484086,Cattasaurus - shoproxstore - Shopify,direct_to_consumer,fulfilled,2026-01-31,2026-02-02,2026-01-31,TO1,FedEx,1,1,15.17,1.86,0.0,17.03,shipmonk_estimate,CAD+USD
212011,7118334066998,Cattasaurus - shoproxstore - Shopify,direct_to_consumer,fulfilled,2026-01-31,2026-02-02,2026-01-31,PA2,OnTrac,1,1,12.43,2.1,0.0,14.53,shipmonk_estimate,USD
212012,7118344061238,Cattasaurus - shoproxstore - Shopify,direct_to_consumer,fulfilled,2026-01-31,2026-02-02,2026-01-31,PA2,OnTrac,1,1,19.89,2.1,0.0,21.99,shipmonk_estimate,USD
212013,7118358905142,Cattasaurus - shoproxstore - Shopify,direct_to_consumer,fulfilled,2026-01-31,2026-02-04,2026-01-31,PA2,FedEx,1,1,15.61,2.4,0.0,18.01,shipmonk_estimate,USD
212013_1,97c873a1-1a16-42a6-96c1-7b6e7b6881c6,Cattasaurus - shoproxstore - Shopify,direct_to_consumer,fulfilled,2026-01-31,2026-02-04,2026-01-31,PA2,FedEx,1,1,15.61,2.4,0.0,18.01,shipmonk_estimate,USD
212014,7118359200054,Cattasaurus - shoproxstore - Shopify,direct_to_consumer,fulfilled,2026-01-31,2026-02-02,2026-01-31,PA2,OnTrac,1,1,13.34,2.1,0.0,15.44,shipmonk_estimate,USD
212015,7118362411318,Cattasaurus - shoproxstore - Shopify,direct_to_consumer,fulfilled,2026-01-31,2026-02-02,2026-01-31,PA2,OnTrac,1,1,23.69,2.1,0.0,25.79,shipmonk_estimate,USD
212016,7118365753654,Cattasaurus - shoproxstore - Shopify,direct_to_consumer,fulfilled,2026-01-31,2026-02-02,2026-01-31,PA2,OnTrac,1,1,11.65,2.1,0.0,13.75,shipmonk_estimate,USD
212017,7118366015798,Cattasaurus - shoproxstore - Shopify,direct_to_consumer,fulfilled,2026-01-31,2026-02-02,2026-01-31,NV3,OnTrac,1,1,15.13,2.1,0.0,17.23,shipmonk_estimate,USD
212018,7118368276790,Cattasaurus - shoproxstore - Shopify,direct_to_consumer,fulfilled,2026-01-31,2026-02-04,2026-01-31,PA2,OnTrac,1,1,12.55,2.1,0.0,14.65,shipmonk_estimate,USD
212018_1,734661ec-132e-4408-9f6a-df4a8c217a56,Cattasaurus - shoproxstore - Shopify,direct_to_consumer,fulfilled,2026-01-31,2026-02-04,2026-01-31,PA2,OnTrac,1,1,12.55,2.1,0.0,14.65,shipmonk_estimate,USD
212019,7118369521974,Cattasaurus - shoproxstore - Shopify,direct_to_consumer,fulfilled,2026-01-31,2026-02-02,2026-01-31,NV3,OnTrac,1,1,17.42,2.1,0.0,19.52,shipmonk_estimate,USD
212020,7118370996534,Cattasaurus - shoproxstore - Shopify,direct_to_consumer,fulfilled,2026-01-31,2026-02-03,2026-01-31,TO1,FedEx,1,1,31.51,2.21,0.0,33.72,shipmonk_estimate,CAD+USD
212021,7118374404406,Cattasaurus - shoproxstore - Shopify,direct_to_consumer,fulfilled,2026-01-31,2026-02-02,2026-01-31,PA2,FedEx,1,1,13.95,2.1,0.0,16.05,shipmonk_estimate,USD
212022,7118375387446,Cattasaurus - shoproxstore - Shopify,direct_to_consumer,fulfilled,2026-01-31,2026-02-04,2026-01-31,NV3,OnTrac,1,1,17.42,2.7,0.0,20.12,shipmonk_estimate,USD
212022_1,61db1f42-d4c0-4b48-a27f-f8b538891eda,Cattasaurus - shoproxstore - Shopify,direct_to_consumer,fulfilled,2026-01-31,2026-02-04,2026-01-31,PA2,OnTrac,1,1,14.2,1.5,0.0,15.7,shipmonk_estimate,USD
212023,7118376862006,Cattasaurus - shoproxstore - Shopify,direct_to_consumer,fulfilled,2026-01-31,2026-02-02,2026-01-31,TO1,FedEx,1,1,12.9,2.21,0.0,15.11,shipmonk_estimate,CAD+USD
212024,7118381449526,Cattasaurus - shoproxstore - Shopify,direct_to_consumer,fulfilled,2026-01-31,2026-02-04,2026-01-31,PA2,OnTrac,2,1,15.13,2.4,0.0,17.53,shipmonk_estimate,USD
212024_1,f257494a-b6d8-48d1-a823-218860812005,Cattasaurus - shoproxstore - Shopify,direct_to_consumer,fulfilled,2026-01-31,2026-02-04,2026-01-31,PA2,OnTrac,1,1,11.98,1.5,0.0,13.48,shipmonk_estimate,USD
212024_2,c708171c-53d6-40e5-9d0b-02820030258d,Cattasaurus - shoproxstore - Shopify,direct_to_consumer,fulfilled,2026-01-31,2026-02-04,2026-01-31,PA2,OnTrac,1,1,11.98,1.5,0.0,13.48,shipmonk_estimate,USD
212025,7118386364726,Cattasaurus - shoproxstore - Shopify,direct_to_consumer,fulfilled,2026-01-31,2026-02-02,2026-01-31,TO1,FedEx,1,1,14.39,2.21,0.0,16.6,shipmonk_estimate,CAD+USD
212026,7118395048246,Cattasaurus - shoproxstore - Shopify,direct_to_consumer,fulfilled,2026-01-31,2026-02-02,2026-01-31,PA2,UPS,1,1,20.21,2.1,0.0,22.31,shipmonk_estimate,USD
212027,7118398718262,Cattasaurus - shoproxstore - Shopify,direct_to_consumer,fulfilled,2026-01-31,2026-02-02,2026-01-31,PA2,FedEx,2,1,17.87,2.4,0.0,20.27,shipmonk_estimate,USD
212028,7118399570230,Cattasaurus - shoproxstore - Shopify,direct_to_consumer,fulfilled,2026-01-31,2026-02-02,2026-01-31,PA2,FedEx,1,1,13.95,2.1,0.0,16.05,shipmonk_estimate,USD
212029,7118400749878,Cattasaurus - shoproxstore - Shopify,direct_to_consumer,fulfilled,2026-01-31,2026-02-02,2026-01-31,NV3,OnTrac,1,1,17.42,2.1,0.0,19.52,shipmonk_estimate,USD
212030,7118407663926,Cattasaurus - shoproxstore - Shopify,direct_to_consumer,fulfilled,2026-01-31,2026-02-04,2026-01-31,PA2,OnTrac,1,1,17.3,2.1,0.0,19.4,shipmonk_estimate,USD
212030_1,a0f0a575-15a4-4c7f-92f6-c5ab47d3c366,Cattasaurus - shoproxstore - Shopify,direct_to_consumer,fulfilled,2026-01-31,2026-02-04,2026-01-31,PA2,OnTrac,1,1,11.25,1.5,0.0,12.75,shipmonk_estimate,USD
212031,7118414807350,Cattasaurus - shoproxstore - Shopify,direct_to_consumer,fulfilled,2026-01-31,2026-02-02,2026-01-31,PA2,FedEx,2,1,17.62,2.4,0.0,20.02,shipmonk_estimate,USD
212032,7118418542902,Cattasaurus - shoproxstore - Shopify,direct_to_consumer,fulfilled,2026-01-31,2026-02-02,2026-01-31,PA2,FedEx,1,1,22.51,2.1,0.0,24.61,shipmonk_estimate,USD
212033,7118419427638,Cattasaurus - shoproxstore - Shopify,direct_to_consumer,fulfilled,2026-01-31,2026-02-02,2026-01-31,PA2,FedEx,1,1,15.11,2.1,0.0,17.21,shipmonk_estimate,USD
212034,7118421164342,Cattasaurus - shoproxstore - Shopify,direct_to_consumer,fulfilled,2026-01-31,2026-02-02,2026-01-31,PA2,OnTrac,1,1,19.85,2.1,0.0,21.95,shipmonk_estimate,USD
212035,7118425162038,Cattasaurus - shoproxstore - Shopify,direct_to_consumer,fulfilled,2026-01-31,2026-02-02,2026-01-31,PA2,UPS,1,1,15.18,2.1,0.0,17.28,shipmonk_estimate,USD
212036,7118434959670,Cattasaurus - shoproxstore - Shopify,direct_to_consumer,fulfilled,2026-01-31,2026-02-02,2026-01-31,NV3,UPS,1,1,24.2,2.1,0.0,26.3,shipmonk_estimate,USD
212037,7118437482806,Cattasaurus - shoproxstore - Shopify,direct_to_consumer,fulfilled,2026-01-31,2026-02-02,2026-01-31,PA2,OnTrac,1,1,11.65,2.1,0.0,13.75,shipmonk_estimate,USD
212038,7118438826294,Cattasaurus - shoproxstore - Shopify,direct_to_consumer,fulfilled,2026-01-31,2026-02-02,2026-01-31,NV3,OnTrac,1,1,14.32,2.1,0.0,16.42,shipmonk_estimate,USD
212039,7118445969718,Cattasaurus - shoproxstore - Shopify,direct_to_consumer,fulfilled,2026-01-31,2026-02-02,2026-01-31,NV3,FedEx,1,1,22.51,2.1,0.0,24.61,shipmonk_estimate,USD
212040,7118450491702,Cattasaurus - shoproxstore - Shopify,direct_to_consumer,fulfilled,2026-01-31,2026-02-02,2026-01-31,NV3,UPS,1,1,19.89,2.1,0.0,21.99,shipmonk_estimate,USD
212041,7118460682550,Cattasaurus - shoproxstore - Shopify,direct_to_consumer,fulfilled,2026-01-31,2026-02-02,2026-01-31,NV3,FedEx,1,1,21.46,2.1,0.0,23.56,shipmonk_estimate,USD
212042,7118462615862,Cattasaurus - shoproxstore - Shopify,direct_to_consumer,fulfilled,2026-01-31,2026-02-02,2026-01-31,PA2,OnTrac,1,1,12.43,2.7,0.0,15.13,shipmonk_estimate,USD
212043,7118465040694,Cattasaurus - shoproxstore - Shopify,direct_to_consumer,fulfilled,2026-01-31,2026-02-02,2026-01-31,PA2,OnTrac,1,1,12.43,2.1,0.0,14.53,shipmonk_estimate,USD
212044,7118473494838,Cattasaurus - shoproxstore - Shopify,direct_to_consumer,fulfilled,2026-01-31,2026-02-02,2026-01-31,PA2,OnTrac,1,1,12.43,2.1,0.0,14.53,shipmonk_estimate,USD
212045,7118480539958,Cattasaurus - shoproxstore - Shopify,direct_to_consumer,fulfilled,2026-01-31,2026-02-02,2026-01-31,PA2,FedEx,1,1,17.62,2.1,0.0,19.72,shipmonk_estimate,USD
212046,7118500626742,Cattasaurus - shoproxstore - Shopify,direct_to_consumer,fulfilled,2026-01-31,2026-02-04,2026-01-31,NV3,OnTrac,1,1,11.65,2.1,0.0,13.75,shipmonk_estimate,USD
212046_1,1141a834-91c2-45cd-be45-39bb611c16ce,Cattasaurus - shoproxstore - Shopify,direct_to_consumer,fulfilled,2026-01-31,2026-02-04,2026-01-31,NV3,OnTrac,1,1,11.65,2.1,0.0,13.75,shipmonk_estimate,USD
212047,7118506885430,Cattasaurus - shoproxstore - Shopify,direct_to_consumer,fulfilled,2026-01-31,2026-02-02,2026-01-31,PA2,OnTrac,1,1,11.65,2.1,0.0,13.75,shipmonk_estimate,USD
212048,7118533787958,Cattasaurus - shoproxstore - Shopify,direct_to_consumer,fulfilled,2026-01-31,2026-02-02,2026-01-31,PA2,OnTrac,1,1,12.55,1.8,0.0,14.35,shipmonk_estimate,USD
212049,7118541390134,Cattasaurus - shoproxstore - Shopify,direct_to_consumer,fulfilled,2026-01-31,2026-02-02,2026-01-31,TO1,FedEx,1,1,26.39,2.21,0.0,28.6,shipmonk_estimate,CAD+USD
212050,7118544863542,Cattasaurus - shoproxstore - Shopify,direct_to_consumer,fulfilled,2026-01-31,2026-02-02,2026-01-31,PA2,OnTrac,2,1,17.13,3.0,0.0,20.13,shipmonk_estimate,USD
212051,7118572355894,Cattasaurus - shoproxstore - Shopify,direct_to_consumer,fulfilled,2026-01-31,2026-02-02,2026-01-31,TO1,FedEx,1,1,14.47,2.21,0.0,16.68,shipmonk_estimate,CAD+USD
212052,7118575436086,Cattasaurus - shoproxstore - Shopify,direct_to_consumer,fulfilled,2026-01-31,2026-02-02,2026-01-31,PA2,OnTrac,1,1,12.63,2.1,0.0,14.73,shipmonk_estimate,USD
212053,7118607876406,Cattasaurus - shoproxstore - Shopify,direct_to_consumer,fulfilled,2026-01-31,2026-02-02,2026-01-31,NV3,FedEx,1,1,14.54,2.1,0.0,16.64,shipmonk_estimate,USD
212054,7118622687542,Cattasaurus - shoproxstore - Shopify,direct_to_consumer,fulfilled,2026-01-31,2026-02-02,2026-01-31,PA2,OnTrac,1,1,12.43,2.1,0.0,14.53,shipmonk_estimate,USD
212055,7118633828662,Cattasaurus - shoproxstore - Shopify,direct_to_consumer,fulfilled,2026-01-31,2026-02-03,2026-01-31,TO1,FedEx,1,1,31.51,2.21,0.0,33.72,shipmonk_estimate,CAD+USD
212056,7118639825206,Cattasaurus - shoproxstore - Shopify,direct_to_consumer,fulfilled,2026-01-31,2026-02-02,2026-01-31,NV3,FedEx,1,1,17.62,2.1,0.0,19.72,shipmonk_estimate,USD
212057,7118641332534,Cattasaurus - shoproxstore - Shopify,direct_to_consumer,fulfilled,2026-01-31,2026-02-02,2026-01-31,NV3,FedEx,1,1,17.87,2.1,0.0,19.97,shipmonk_estimate,USD
212058,7118650736950,Cattasaurus - shoproxstore - Shopify,direct_to_consumer,fulfilled,2026-01-31,2026-02-02,2026-01-31,PA2,UPS,1,1,14.12,2.1,0.0,16.22,shipmonk_estimate,USD
212059,7118651556150,Cattasaurus - shoproxstore - Shopify,direct_to_consumer,fulfilled,2026-01-31,2026-02-03,2026-01-31,TO1,FedEx,1,1,31.03,2.21,0.0,33.24,shipmonk_estimate,CAD+USD
212060,7118653456694,Cattasaurus - shoproxstore - Shopify,direct_to_consumer,fulfilled,2026-01-31,2026-02-02,2026-01-31,PA2,OnTrac,1,1,12.55,2.1,0.0,14.65,shipmonk_estimate,USD
212061,7118665810230,Cattasaurus - shoproxstore - Shopify,direct_to_consumer,fulfilled,2026-01-31,2026-02-02,2026-01-31,PA2,FedEx,1,1,17.62,2.1,0.0,19.72,shipmonk_estimate,USD
212062,7118681473334,Cattasaurus - shoproxstore - Shopify,direct_to_consumer,fulfilled,2026-01-31,2026-02-02,2026-01-31,NV3,UPS,1,1,19.56,2.1,0.0,21.66,shipmonk_estimate,USD
212063,7118682784054,Cattasaurus - shoproxstore - Shopify,direct_to_consumer,fulfilled,2026-01-31,2026-02-02,2026-01-31,TO1,FedEx,1,1,14.39,2.21,0.0,16.6,shipmonk_estimate,CAD+USD
212064,7118690222390,Cattasaurus - shoproxstore - Shopify,direct_to_consumer,fulfilled,2026-01-31,2026-02-02,2026-01-31,PA2,FedEx,1,1,13.95,2.1,0.0,16.05,shipmonk_estimate,USD
212065,7118693990710,Cattasaurus - shoproxstore - Shopify,direct_to_consumer,fulfilled,2026-01-31,2026-02-02,2026-01-31,PA2,FedEx,1,1,21.46,2.1,0.0,23.56,shipmonk_estimate,USD
212066,7118702313782,Cattasaurus - shoproxstore - Shopify,direct_to_consumer,fulfilled,2026-01-31,2026-02-02,2026-01-31,TO1,FedEx,1,1,16.8,2.21,0.0,19.01,shipmonk_estimate,CAD+USD
212067,7118702477622,Cattasaurus - shoproxstore - Shopify,direct_to_consumer,fulfilled,2026-01-31,2026-02-02,2026-01-31,TO1,FedEx,1,1,13.83,2.21,0.0,16.04,shipmonk_estimate,CAD+USD
212068,7118740062518,Cattasaurus - shoproxstore - Shopify,direct_to_consumer,fulfilled,2026-01-31,2026-02-02,2026-01-31,NV3,UPS,2,1,24.2,2.4,0.0,26.6,shipmonk_estimate,USD
212069,7118741733686,Cattasaurus - shoproxstore - Shopify,direct_to_consumer,fulfilled,2026-01-31,2026-02-02,2026-01-31,PA2,FedEx,1,1,17.62,2.1,0.0,19.72,shipmonk_estimate,USD
212070,7118743601462,Cattasaurus - shoproxstore - Shopify,direct_to_consumer,fulfilled,2026-01-31,2026-02-04,2026-01-31,TO1,FedEx,1,1,40.62,2.21,0.0,42.83,shipmonk_estimate,CAD+USD
212071,7118743699766,Cattasaurus - shoproxstore - Shopify,direct_to_consumer,fulfilled,2026-01-31,2026-02-02,2026-01-31,PA2,FedEx,1,1,13.95,2.1,0.0,16.05,shipmonk_estimate,USD
212072,7118755561782,Cattasaurus - shoproxstore - Shopify,direct_to_consumer,fulfilled,2026-01-31,2026-02-02,2026-01-31,TO1,FedEx,1,1,17.56,2.91,0.0,20.47,shipmonk_estimate,CAD+USD
212073,7118770340150,Cattasaurus - shoproxstore - Shopify,direct_to_consumer,fulfilled,2026-01-31,2026-02-03,2026-01-31,TO1,FedEx,1,1,31.51,2.21,0.0,33.72,shipmonk_estimate,CAD+USD
212074,7118791180598,Cattasaurus - shoproxstore - Shopify,direct_to_consumer,fulfilled,2026-01-31,2026-02-02,2026-01-31,NV3,OnTrac,1,1,12.43,2.1,0.0,14.53,shipmonk_estimate,USD
212075,7118806384950,Cattasaurus - shoproxstore - Shopify,direct_to_consumer,fulfilled,2026-01-31,2026-02-02,2026-01-31,TO1,FedEx,1,1,14.47,2.21,0.0,16.68,shipmonk_estimate,CAD+USD
212076,7118813724982,Cattasaurus - shoproxstore - Shopify,direct_to_consumer,fulfilled,2026-01-31,2026-02-02,2026-01-31,TO1,FedEx,1,1,15.17,2.21,0.0,17.38,shipmonk_estimate,CAD+USD
212077,7118825586998,Cattasaurus - shoproxstore - Shopify,direct_to_consumer,fulfilled,2026-01-31,2026-02-02,2026-01-31,NV3,FedEx,1,1,15.11,2.1,0.0,17.21,shipmonk_estimate,USD
212078,7118825849142,Cattasaurus - shoproxstore - Shopify,direct_to_consumer,fulfilled,2026-01-31,2026-02-03,2026-01-31,PA2,FedEx,1,1,17.62,2.1,0.0,19.72,shipmonk_estimate,USD
212079,7118826373430,Cattasaurus - shoproxstore - Shopify,direct_to_consumer,fulfilled,2026-01-31,2026-02-03,2026-01-31,PA2,OnTrac,1,1,11.65,2.1,0.0,13.75,shipmonk_estimate,USD
212082,7118839742774,Cattasaurus - shoproxstore - Shopify,direct_to_consumer,fulfilled,2026-01-31,2026-02-02,2026-01-31,NV3,FedEx,1,1,21.46,2.1,0.0,23.56,shipmonk_estimate,USD
212083,7118843412790,Cattasaurus - shoproxstore - Shopify,direct_to_consumer,fulfilled,2026-01-31,2026-02-02,2026-01-31,PA2,OnTrac,1,1,11.65,2.1,0.0,13.75,shipmonk_estimate,USD
212084,7118845608246,Cattasaurus - shoproxstore - Shopify,direct_to_consumer,fulfilled,2026-01-31,2026-02-02,2026-01-31,PA2,OnTrac,1,1,12.43,2.1,0.0,14.53,shipmonk_estimate,USD
212085,7118877360438,Cattasaurus - shoproxstore - Shopify,direct_to_consumer,fulfilled,2026-01-31,2026-02-03,2026-01-31,PA2,OnTrac,1,1,12.55,2.1,0.0,14.65,shipmonk_estimate,USD
212086,7118877655350,Cattasaurus - shoproxstore - Shopify,direct_to_consumer,fulfilled,2026-01-31,2026-02-02,2026-01-31,NV3,OnTrac,1,1,20.24,2.1,0.0,22.34,shipmonk_estimate,USD
212087,7118878376246,Cattasaurus - shoproxstore - Shopify,direct_to_consumer,fulfilled,2026-01-31,2026-02-02,2026-01-31,NV3,FedEx,1,1,17.62,2.1,0.0,19.72,shipmonk_estimate,USD
212089,7118890205494,Cattasaurus - shoproxstore - Shopify,direct_to_consumer,fulfilled,2026-01-31,2026-02-02,2026-01-31,PA2,OnTrac,1,1,12.43,2.1,0.0,14.53,shipmonk_estimate,USD
212091,7118893875510,Cattasaurus - shoproxstore - Shopify,direct_to_consumer,fulfilled,2026-01-31,2026-02-03,2026-01-31,PA2,OnTrac,2,1,15.13,2.4,0.0,17.53,shipmonk_estimate,USD
212092,7118901281078,Cattasaurus - shoproxstore - Shopify,direct_to_consumer,fulfilled,2026-01-31,2026-02-02,2026-01-31,TO1,FedEx,1,1,12.06,2.21,0.0,14.27,shipmonk_estimate,CAD+USD
212093,7118906229046,Cattasaurus - shoproxstore - Shopify,direct_to_consumer,fulfilled,2026-01-31,2026-02-04,2026-01-31,PA2,OnTrac,1,1,17.36,2.1,0.0,19.46,shipmonk_estimate,USD
212093_1,7c76f49f-7cef-471d-b741-527514fe2559,Cattasaurus - shoproxstore - Shopify,direct_to_consumer,fulfilled,2026-01-31,2026-02-04,2026-01-31,PA2,OnTrac,1,1,12.39,1.5,0.0,13.89,shipmonk_estimate,USD
212095,7118910849334,Cattasaurus - shoproxstore - Shopify,direct_to_consumer,fulfilled,2026-01-31,2026-02-03,2026-01-31,TO1,FedEx,1,1,36.43,2.21,0.0,38.64,shipmonk_estimate,CAD+USD
212096,7118913012022,Cattasaurus - shoproxstore - Shopify,direct_to_consumer,fulfilled,2026-01-31,2026-02-04,2026-01-31,PA2,OnTrac,1,1,12.63,2.1,0.0,14.73,shipmonk_estimate,USD
212096_1,c14b5dd3-5551-46ce-a1b7-1c21410c597c,Cattasaurus - shoproxstore - Shopify,direct_to_consumer,fulfilled,2026-01-31,2026-02-04,2026-01-31,PA2,OnTrac,1,1,12.63,2.1,0.0,14.73,shipmonk_estimate,USD
212097,7118922580278,Cattasaurus - shoproxstore - Shopify,direct_to_consumer,fulfilled,2026-01-31,2026-02-02,2026-01-31,NV3,OnTrac,1,1,12.97,2.1,0.0,15.07,shipmonk_estimate,USD
212098,7118947615030,Cattasaurus - shoproxstore - Shopify,direct_to_consumer,fulfilled,2026-01-31,2026-02-02,2026-01-31,NV3,UPS,2,1,20.21,2.4,0.0,22.61,shipmonk_estimate,USD
212099,7118951547190,Cattasaurus - shoproxstore - Shopify,direct_to_consumer,fulfilled,2026-01-31,2026-02-02,2026-01-31,NV3,OnTrac,1,1,12.63,2.1,0.0,14.73,shipmonk_estimate,USD
212100,7118955315510,Cattasaurus - shoproxstore - Shopify,direct_to_consumer,fulfilled,2026-01-31,2026-02-02,2026-01-31,NV3,FedEx,1,1,14.14,2.1,0.0,16.24,shipmonk_estimate,USD
212101,7118962721078,Cattasaurus - shoproxstore - Shopify,direct_to_consumer,fulfilled,2026-01-31,2026-02-02,2026-01-31,NV3,OnTrac,1,1,15.13,2.1,0.0,17.23,shipmonk_estimate,USD
212102,7118970552630,Cattasaurus - shoproxstore - Shopify,direct_to_consumer,fulfilled,2026-01-31,2026-02-03,2026-01-31,PA2,FedEx,1,1,17.62,2.1,0.0,19.72,shipmonk_estimate,USD
212103,7118970913078,Cattasaurus - shoproxstore - Shopify,direct_to_consumer,fulfilled,2026-01-31,2026-02-02,2026-01-31,TO1,FedEx,1,1,17.53,2.21,0.0,19.74,shipmonk_estimate,CAD+USD
212104,7118985953590,Cattasaurus - shoproxstore - Shopify,direct_to_consumer,fulfilled,2026-01-31,2026-02-03,2026-01-31,PA2,UPS,2,1,14.66,2.4,0.0,17.06,shipmonk_estimate,USD
212105,7118986805558,Cattasaurus - shoproxstore - Shopify,direct_to_consumer,fulfilled,2026-01-31,2026-02-02,2026-01-31,TO1,FedEx,1,1,26.39,2.21,0.0,28.6,shipmonk_estimate,CAD+USD
212106,7118988509494,Cattasaurus - shoproxstore - Shopify,direct_to_consumer,fulfilled,2026-01-31,2026-02-02,2026-01-31,NV3,FedEx,1,1,14.54,2.1,0.0,16.64,shipmonk_estimate,USD
212107,7118989623606,Cattasaurus - shoproxstore - Shopify,direct_to_consumer,fulfilled,2026-01-31,2026-02-02,2026-01-31,NV3,OnTrac,1,1,15.61,2.1,0.0,17.71,shipmonk_estimate,USD
212108,7118997651766,Cattasaurus - shoproxstore - Shopify,direct_to_consumer,fulfilled,2026-01-31,2026-02-02,2026-01-31,PA2,UPS,1,1,16.82,2.1,0.0,18.92,shipmonk_estimate,USD
212109,7119006236982,Cattasaurus - shoproxstore - Shopify,direct_to_consumer,fulfilled,2026-01-31,2026-02-02,2026-01-31,TO1,FedEx,1,1,12.9,2.21,0.0,15.11,shipmonk_estimate,CAD+USD
212110,7119022489910,Cattasaurus - shoproxstore - Shopify,direct_to_consumer,fulfilled,2026-01-31,2026-02-02,2026-01-31,NV3,OnTrac,1,1,18.55,2.1,0.0,20.65,shipmonk_estimate,USD
212111,7119051817270,Cattasaurus - shoproxstore - Shopify,direct_to_consumer,fulfilled,2026-01-31,2026-02-02,2026-01-31,PA2,FedEx,1,1,17.62,2.1,0.0,19.72,shipmonk_estimate,USD
212112,7119077769526,Cattasaurus - shoproxstore - Shopify,direct_to_consumer,fulfilled,2026-01-31,2026-02-02,2026-01-31,NV3,FedEx,1,1,12.66,2.1,0.0,14.76,shipmonk_estimate,USD
212113,7119087993142,Cattasaurus - shoproxstore - Shopify,direct_to_consumer,fulfilled,2026-01-31,2026-02-02,2026-01-31,NV3,OnTrac,2,1,13.49,2.4,0.0,15.89,shipmonk_estimate,USD
212114,7119141994806,Cattasaurus - shoproxstore - Shopify,direct_to_consumer,fulfilled,2026-01-31,2026-02-03,2026-01-31,PA2,OnTrac,1,1,14.25,2.4,0.0,16.65,shipmonk_estimate,USD
212115,7119145140534,Cattasaurus - shoproxstore - Shopify,direct_to_consumer,fulfilled,2026-01-31,2026-02-04,2026-01-31,TO1,FedEx,1,1,35.2,2.21,0.0,37.41,shipmonk_estimate,CAD+USD
212116,7119148876086,Cattasaurus - shoproxstore - Shopify,direct_to_consumer,fulfilled,2026-01-31,2026-02-02,2026-01-31,NV3,UPS,2,1,20.21,2.4,0.0,22.61,shipmonk_estimate,USD
212117,7119157100854,Cattasaurus - shoproxstore - Shopify,direct_to_consumer,fulfilled,2026-01-31,2026-02-02,2026-01-31,PA2,OnTrac,1,1,15.13,2.1,0.0,17.23,shipmonk_estimate,USD
212118,7119343386934,Cattasaurus - shoproxstore - Shopify,direct_to_consumer,fulfilled,2026-01-31,2026-02-02,2026-01-31,NV3,OnTrac,1,1,15.13,1.8,0.0,16.93,shipmonk_estimate,USD
"Merged: 211176, 211177-01",3f59f0d2-8d60-4a1d-aec8-92f2d96530bc,Cattasaurus - shoproxstore - Shopify,direct_to_consumer,fulfilled,2026-01-31,2026-02-02,2026-01-31,PA2,DHL eCommerce,1,1,11.96,1.5,0.0,13.46,shipmonk_estimate,USD
"Merged: 211417, 211419-01",c22b776c-beeb-4571-82ca-d0996908ff93,Cattasaurus - shoproxstore - Shopify,direct_to_consumer,fulfilled,2026-01-31,2026-02-02,2026-01-31,PA2,OnTrac,1,1,9.67,1.5,0.0,11.17,shipmonk_estimate,USD
"Merged: 211886, 211887",6ca84f61-d08d-4ab6-9126-864898b62f96,Cattasaurus - shoproxstore - Shopify,direct_to_consumer,fulfilled,2026-01-31,2026-02-02,2026-01-31,NV3,UPS,2,1,23.5,2.4,0.0,25.9,shipmonk_estimate,USD
"Merged: 211909, 211910",ac081fec-e122-48b4-8422-8db86f5862c4,Cattasaurus - shoproxstore - Shopify,direct_to_consumer,fulfilled,2026-01-31,2026-02-01,2026-01-31,PA2,UPS,2,1,18.56,3.3,0.0,21.86,shipmonk_estimate,USD
"Merged: 211943, 211945",2c38ccf7-15ad-4b52-9ea6-24506f411c94,Cattasaurus - shoproxstore - Shopify,direct_to_consumer,fulfilled,2026-01-31,2026-02-04,2026-01-31,PA2,UPS,1,1,20.21,2.1,0.0,22.31,shipmonk_estimate,USD
"Merged: 212080, 212081",62609e05-152c-4ae7-9614-e30fa3b2e762,Cattasaurus - shoproxstore - Shopify,direct_to_consumer,fulfilled,2026-01-31,2026-02-04,2026-01-31,NV3,OnTrac,1,1,13.55,2.1,0.0,15.65,shipmonk_estimate,USD
"Merged: 212088, 212090",7e32ad8d-436e-424e-aaa5-48bdf6c1017d,Cattasaurus - shoproxstore - Shopify,direct_to_consumer,fulfilled,2026-01-31,2026-02-02,2026-01-31,NV3,FedEx,2,1,21.8,2.4,0.0,24.2,shipmonk_estimate,USD
